date_month,geo_level,region_code,region_name,segment,make,model_series,average_inventory,inventory_share,weighted_avg_msrp,msrp_index,inventory_share_mom_pp,inventory_share_yoy_pp,msrp_index_mom_delta,msrp_index_yoy_delta
2026-08-01,Region,CE,Central,Entry Luxury EV SUV,genesis,gv60,1.0,1.0,,,0.33333333333333337,0.2222222222222222,,
2026-08-01,Region,CE,Central,Mid Luxury Car,audi,a6_s6,547.0,0.4159695817490494,74225.25137614679,96.45888352865207,-0.02553152200370995,0.017802575639069784,0.12213129062351413,-4.636315537669944
2026-08-01,Region,CE,Central,Mid Luxury Car,bmw,5_series,361.0,0.27452471482889734,76529.7728531856,99.45370758948914,0.010359887750163,0.03114385943174866,-0.2695628420286056,1.6619922483239407
2026-08-01,Region,CE,Central,Mid Luxury Car,mercedes_benz,e_class,221.0,0.16806083650190115,84371.5814479638,109.64447269804324,0.012063779842592826,0.054007883345078334,-0.4500401955880591,10.420859425785238
2026-08-01,Region,CE,Central,Mid Luxury Car,genesis,g80,121.0,0.09201520912547528,75880.42148760331,98.6098477630743,0.011073340104136062,-0.016946094336846504,-0.14660570779369664,6.191051793404881
2026-08-01,Region,CE,Central,Mid Luxury Car,mercedes_benz,cle_class,65.0,0.049429657794676805,78890.47307692308,102.52153833045358,-0.006493815347339386,0.0198980895665709,-1.7016849584308034,9.982822230637765
2026-08-01,Region,CE,Central,Mid Luxury SUV,lexus,rx,3052.0,0.1498723237085052,65560.78925950194,88.62111021528501,0.0058575054635410795,0.024562973796028592,1.4451656330870293,2.003911347008909
2026-08-01,Region,CE,Central,Mid Luxury SUV,bmw,x5,2812.0,0.13808681987821647,87526.65291607397,118.31323634845022,-0.04464066333549041,0.03655968762735633,1.9531129815812136,-2.352123328407302
2026-08-01,Region,CE,Central,Mid Luxury SUV,lincoln,nautilus,2615.0,0.12841288548418778,67567.11931166348,91.33314584952774,0.019359863951425568,-0.01434078144404305,1.655581001085622,-0.597317469030969
2026-08-01,Region,CE,Central,Mid Luxury SUV,mercedes_benz,gle_class,1936.0,0.09506973089766255,82787.92316795865,111.9077080436287,-0.009213668037276093,0.04448724764782854,1.1210001515515842,-14.739820446496807
2026-08-01,Region,CE,Central,Mid Luxury SUV,acura,mdx,1906.0,0.09359654291887645,66592.0303030303,90.01507949493043,0.00491860821176833,0.0701161300499201,1.7498433795916526,-0.26568266816224195
2026-08-01,Region,CE,Central,Mid Luxury SUV,lincoln,aviator,1360.0,0.06678452170496955,75025.06406480118,101.41434455705445,0.012559006539421977,-0.0032341901921753707,1.8085939306956789,-7.1776054268359815
2026-08-01,Region,CE,Central,Mid Luxury SUV,cadillac,xt5,1299.0,0.06378903948143783,59059.43879907621,79.83297782381784,0.01067489268819865,-0.03520293251107741,1.4091985662188335,0.2483509383437763
2026-08-01,Region,CE,Central,Mid Luxury SUV,volvo,xc90,1059.0,0.05200353565114909,77091.9565627951,104.20824484313616,-0.004722558352092399,0.010656279056714367,1.3396467382793844,1.7668448380102006
2026-08-01,Region,CE,Central,Mid Luxury SUV,lexus,tx,997.0,0.04895894716165783,70547.21128385156,95.36145396024331,0.0044579052538087915,0.0035675063455776687,1.104908485990407,-1.7708515273392322
2026-08-01,Region,CE,Central,Mid Luxury SUV,genesis,gv80,870.0,0.0427224513847967,79134.29296424452,106.96895168290786,0.0009998304077186784,-0.03526390703857506,1.0371969023347702,-3.9988752463875983
2026-08-01,Region,CE,Central,Mid Luxury SUV,land_rover,defender,597.0,0.029316440777843254,93442.47731092437,126.30989001342002,-0.0009220403520479245,0.0024558142310936934,-0.5940476992683301,1.0139034125103734
2026-08-01,Region,CE,Central,Mid Luxury SUV,infiniti,qx60,551.0,0.027057552543704576,67272.20508166969,90.93449862798673,0.002422220290868273,0.001464506126127467,1.5774093908181186,-1.3104283281488875
2026-08-01,Region,CE,Central,Mid Luxury SUV,audi,q7,527.0,0.025879002160675704,77140.61523809524,104.27401869783512,-0.0032018035813942206,0.0028814769599755166,0.5362760998460772,-4.493711017079704
2026-08-01,Region,CE,Central,Mid Luxury SUV,jaguar,f_pace,151.0,0.007415046159890002,67257.27814569537,90.91432129862419,0.001348827127706626,-0.017574390672366894,0.655193805790347,-5.535726066480493
2026-08-01,Region,CE,Central,Mid Luxury SUV,land_rover,range_rover_velar,148.0,0.007267727362011393,73101.72108843537,98.81448583333409,-0.0008823073682502416,-0.005709878722373227,1.2339301795354913,-4.844867490037046
2026-08-01,Region,CE,Central,Mid Luxury SUV,lexus,gx,147.0,0.007218621096051856,83294.2925170068,112.59218750762685,-0.0005609575101069766,-0.007026565117505215,1.883214452374645,-2.786439176298316
2026-08-01,Region,CE,Central,Mid Luxury SUV,bmw,x6,145.0,0.007120408564132783,100315.6,135.6005616211214,0.002026636857719261,0.0025933366742311717,-1.594774856968428,-4.224714855427067
2026-08-01,Region,CE,Central,Mid Luxury SUV,land_rover,discovery,97.0,0.0047633077980750345,74876.42268041238,101.21342012253716,0.00013260624679001503,-0.002962894894023716,1.2841025129249175,-5.454940004857619
2026-08-01,Region,CE,Central,Mid Luxury SUV,ineos,grenadier,88.0,0.004321351404439206,88169.43181818182,119.18210599707946,0.00020002702379553865,-0.0020165492414230502,1.7021492811847736,-5.0199505589208115
2026-08-01,Region,CE,Central,Mid Luxury SUV,cadillac,xt6,7.0,0.00034374386171675506,59403.857142857145,80.2985417126777,-0.0008139315261044998,-0.07601286868129042,0.8597003650724417,-6.063763452767532
2026-08-01,Region,CE,Central,Near Luxury Car,audi,a5_s5,810.0,0.19722425127830534,63262.502469135805,106.12492732755857,-0.02819265498966475,0.060677052893651134,0.7858263818888958,2.874481958499871
2026-08-01,Region,CE,Central,Near Luxury Car,lexus,es,800.0,0.19478938397857318,56640.246075,95.01587455312881,0.09243170715281125,-0.03236861703101793,0.22328982357309712,2.0518976155135817
2026-08-01,Region,CE,Central,Near Luxury Car,cadillac,ct5,676.0,0.16459702946189433,60982.66568047337,102.30042617644561,0.013360686736189897,0.037640946675422865,-0.9730522291173429,-8.630298167606881
2026-08-01,Region,CE,Central,Near Luxury Car,bmw,3_series,606.0,0.14755295836376917,58657.66336633663,98.40015837176075,-0.004833470618404501,0.07410520470400137,1.0900493219851342,-1.9388758697132573
2026-08-01,Region,CE,Central,Near Luxury Car,mercedes_benz,c_class,432.0,0.10518626734842951,59147.1712962963,99.22132401437153,-0.01873552678613058,0.007760724693204879,-0.10947842666128338,-6.15648446549902
2026-08-01,Region,CE,Central,Near Luxury Car,genesis,g70,271.0,0.06598490382274166,55171.9335793358,92.55273207828705,-0.009633267540110554,-0.02311151212879796,0.5745485628335274,-1.6718096730336072
2026-08-01,Region,CE,Central,Near Luxury Car,lexus,is,245.0,0.059654248843438035,55857.2612244898,93.70239172972146,-0.02516461257116806,0.040976813204871655,1.6802374687365926,-1.4167834205905763
2026-08-01,Region,CE,Central,Near Luxury Car,bmw,4_series,178.0,0.04334063793523253,69037.97454545455,115.81347157508813,-0.007550678913531124,0.0006854133012093103,0.3095523884822171,-5.194654924354367
2026-08-01,Region,CE,Central,Near Luxury Car,volvo,s60_v60,58.0,0.014122230338446555,56696.53571428572,95.11030227326849,-0.00887949479093815,-0.023737436496485298,0.5516446794303533,-4.276797591038132
2026-08-01,Region,CE,Central,Near Luxury Car,alfa_romeo,giulia,31.0,0.00754808862916971,56317.12903225807,94.47383509308669,-0.0028026876790534063,-0.012138938124994853,0.5969129896506189,-6.699087693259926
2026-08-01,Region,CE,Central,Near Luxury EV SUV,lexus,rz,62.0,0.7654320987654321,55856.29290322581,83.98585065247482,-0.030022446689113358,0.7208976858099665,-0.49963108453057714,15.239889298016308
2026-08-01,Region,CE,Central,Near Luxury EV SUV,porsche,macan_ev,14.0,0.1728395061728395,116114.0,174.58969358308897,-0.008978675645342327,-0.0417353926125856,-2.0922743950874008,30.42809930473973
2026-08-01,Region,CE,Central,Near Luxury EV SUV,genesis,gv70_ev,4.0,0.04938271604938271,70940.25,106.66617729307171,0.038019079685746346,-0.19758084670365372,-8.285630605926926,13.336936671998927
2026-08-01,Region,CE,Central,Near Luxury EV SUV,mercedes_benz,eqb,1.0,0.012345679012345678,64210.0,96.54653379411738,0.0009820426487093144,-0.036237316939071326,-0.9703850220366945,10.284153849472219
2026-08-01,Region,CE,Central,Near Luxury SUV,mercedes_benz,glc_class,1317.0,0.17439088983050846,61730.77191343963,98.63002450264379,-0.012387437792889588,0.062464030154653086,-0.06347731234967569,-8.753863513184925
2026-08-01,Region,CE,Central,Near Luxury SUV,bmw,x3,1281.0,0.1696239406779661,60624.53395784544,96.86253847769979,0.020404298500577456,0.011291761705809283,0.16371287138679236,2.095378385087372
2026-08-01,Region,CE,Central,Near Luxury SUV,audi,q5_sq5,1198.0,0.1586334745762712,64903.00083542189,103.69843700754214,0.03225357354848285,0.02911415057017616,0.060201522398770635,5.9895841485140835
2026-08-01,Region,CE,Central,Near Luxury SUV,genesis,gv70,891.0,0.11798199152542373,62050.299663299666,99.14054832765218,-0.004845060879093463,-0.08592436669593657,-0.9450823800689534,-1.2067797211418139
2026-08-01,Region,CE,Central,Near Luxury SUV,volvo,xc60,857.0,0.11347987288135593,63826.357894736844,101.97823626601786,-0.01569155206471691,-0.00024779022987830857,-0.606057550487634,5.380967452023327
2026-08-01,Region,CE,Central,Near Luxury SUV,lexus,nx,848.0,0.11228813559322035,56253.785412735844,89.87919738642792,0.00443380238677446,0.07031556321477458,-0.3164660055969364,2.9755398924124705
2026-08-01,Region,CE,Central,Near Luxury SUV,acura,rdx,415.0,0.054952330508474576,52927.37254901961,84.56443827869654,-0.024859876064295378,0.010624861329917988,-0.36332868549446573,3.279571743316737
2026-08-01,Region,CE,Central,Near Luxury SUV,porsche,macan,397.0,0.05256885593220339,87096.50581395348,139.1579958625895,-0.007956458114237418,-0.01170597437670367,-3.0403474637423358,0.7473092609211562
2026-08-01,Region,CE,Central,Near Luxury SUV,land_rover,discovery_sport,99.0,0.013109110169491525,54883.47422680412,87.68978971088146,0.0020699019471847116,-0.00018913058407545036,-0.3853327694369426,0.6751741375708491
2026-08-01,Region,CE,Central,Near Luxury SUV,land_rover,range_rover_evoque,90.0,0.011917372881355932,59114.555555555555,94.44997822290262,0.0016394893640357955,-0.005952138131249691,-0.7877172228785554,0.13441252968904394
2026-08-01,Region,CE,Central,Near Luxury SUV,alfa_romeo,stelvio,69.0,0.009136652542372881,60585.30434782609,96.79985956931252,0.0015234054925061134,-0.008732858470232741,-1.1329021758253077,-4.575283581784788
2026-08-01,Region,CE,Central,Near Luxury SUV,maserati,grecale,61.0,0.008077330508474576,96725.29508196721,154.54234457552417,0.00033719600777669476,-0.003558630150896528,2.1994306141240543,5.48319450038187
2026-08-01,Region,CE,Central,Near Luxury SUV,bmw,ix3,28.0,0.003707627118644068,73621.07142857143,117.62768962443535,0.003580739667812955,,0.33323076048854716,
2026-08-01,Region,CE,Central,Near Luxury SUV,cadillac,xt4,1.0,0.00013241525423728814,46465.0,74.23921565311895,-0.00012135964742493745,-0.023693599429236878,-6.4409747991676625,-5.907611637063098
2026-08-01,Region,CE,Central,Premium Luxury Car,audi,a8_s8,207.0,0.36252189141856395,116554.83333333333,86.57160623590451,0.08281439598894785,0.08334208069301191,1.8907695989345683,-3.476812813564038
2026-08-01,Region,CE,Central,Premium Luxury Car,bmw,7_series,170.0,0.29772329246935203,120589.70352941177,89.56852351370556,0.021672104169534856,-0.0618981586347489,0.8793632513768159,-3.517745643776081
2026-08-01,Region,CE,Central,Premium Luxury Car,porsche,panamera,71.0,0.1243432574430823,139810.38805970148,103.84477002492515,-0.01094010635947712,0.012355875739612276,-0.03433014809293411,-2.678658700702698
2026-08-01,Region,CE,Central,Premium Luxury Car,mercedes_benz,s_class,51.0,0.0893169877408056,167217.33333333334,124.20139708621826,-0.08435760092464231,-0.07945272834752248,7.840659985159391,-2.3646259569925263
2026-08-01,Region,CE,Central,Premium Luxury Car,genesis,g90,49.0,0.08581436077057793,106116.83673469388,78.81873914677371,-0.0074214710392941086,0.024300165186981713,1.7670459642816212,1.4808969399073675
2026-08-01,Region,CE,Central,Premium Luxury Car,bentley,bentley_all,19.0,0.03327495621716287,318302.4210526316,236.4204990152289,-0.0014599615159267068,0.02065665968719442,9.654867667789432,-12.667959235207434
2026-08-01,Region,CE,Central,Premium Luxury Car,rolls_royce,rolls_royce_all,4.0,0.0070052539404553416,519850.0,386.12083441471714,-0.00030736031914246464,0.005427966874209285,8.454599043199948,
2026-08-01,Region,EA,Eastern,Entry Luxury EV SUV,genesis,gv60,21.0,0.6,63899.28571428572,101.80524822959765,0.054545454545454564,-0.38095238095238093,0.5586524228416607,1.3269405850526113
2026-08-01,Region,EA,Eastern,Entry Luxury EV SUV,volvo,ex40,14.0,0.4,61066.57142857143,97.29212765560355,-0.05454545454545451,,-1.2119573762892628,
2026-08-01,Region,EA,Eastern,Mid Luxury Car,bmw,5_series,1237.0,0.3724781692261367,74222.91655618431,97.72942216984781,0.0020852359334166404,0.07959279373206557,-0.08948023128124305,4.513920058700336
2026-08-01,Region,EA,Eastern,Mid Luxury Car,audi,a6_s6,1127.0,0.33935561577838,73412.71772039181,96.66263218451023,-0.03560630929015485,-0.049972447462726666,-0.1640234818372477,-7.654766021791033
2026-08-01,Region,EA,Eastern,Mid Luxury Car,mercedes_benz,e_class,463.0,0.13941583860283047,86061.06039045555,113.31672337231555,0.0014322869732233956,0.041787380104806746,1.0088122372464738,11.935545465045507
2026-08-01,Region,EA,Eastern,Mid Luxury Car,genesis,g80,298.0,0.08973200843119543,73887.71621621621,97.2880633947393,0.025461524118067194,0.019771534122895035,-0.37799584975996936,1.839260340190478
2026-08-01,Region,EA,Eastern,Mid Luxury Car,mercedes_benz,cle_class,187.0,0.05630834086118639,78705.42604278075,103.63154892963802,0.007877028037549472,0.017573162995573745,-0.845290777065415,12.954229875135567
2026-08-01,Region,EA,Eastern,Mid Luxury Car,maserati,ghibli,4.0,0.0012044564890093346,125426.75,165.14958412962852,0.0002906581338463738,-0.007886452601899756,17.26548498708675,19.395963747514855
2026-08-01,Region,EA,Eastern,Mid Luxury Car,audi,a7_s7,3.0,0.0009033423667570009,147452.0,194.15026283533606,-0.0012288537952899075,-0.0366460647478675,-1.672398283651205,54.2773582839115
2026-08-01,Region,EA,Eastern,Mid Luxury Car,volvo,s90_v90,2.0,0.0006022282445046673,75242.5,99.07190917307173,-6.970658937306543e-06,-0.049200143296997303,-0.22787155982778984,12.270279602607573
2026-08-01,Region,EA,Eastern,Mid Luxury SUV,bmw,x5,7017.0,0.20960659557308003,86148.31110161038,115.10770059498718,-0.034609342730261866,0.0672785532450377,1.5797699336688993,-0.8767950301785561
2026-08-01,Region,EA,Eastern,Mid Luxury SUV,lexus,rx,4432.0,0.13238940167876453,64276.02618682313,85.88288595723948,0.0060194923295560365,-0.027073357783994917,0.5320003354497373,0.7256331062266099
2026-08-01,Region,EA,Eastern,Mid Luxury SUV,acura,mdx,4054.0,0.12109806732980853,65642.02961500494,87.70808150213436,0.014400732733678104,0.06285630908805029,0.8084545263992737,-0.7190070076311486
2026-08-01,Region,EA,Eastern,Mid Luxury SUV,volvo,xc90,3363.0,0.10045703019983869,75362.9170383586,100.6967168536178,0.0016882573680161994,-0.0008860711432626539,0.6800408821289636,0.35099055523802747
2026-08-01,Region,EA,Eastern,Mid Luxury SUV,mercedes_benz,gle_class,3049.0,0.09107745616393345,81019.41059402692,108.25468239348051,-0.013184484033604088,0.022986288072765357,0.8643510997084007,-15.732520597503367
2026-08-01,Region,EA,Eastern,Mid Luxury SUV,infiniti,qx60,2373.0,0.0708844878573349,64351.40581542352,85.98360500336982,-0.0015549655319223171,0.0097937267665738,1.1882557260234563,-1.1312246976527547
2026-08-01,Region,EA,Eastern,Mid Luxury SUV,genesis,gv80,1389.0,0.04149117304417958,78338.89416846652,104.6730906221755,0.010101645240093535,5.8531611538147066e-05,-0.15480703841036814,-2.3854978856583955
2026-08-01,Region,EA,Eastern,Mid Luxury SUV,lexus,tx,1353.0,0.04041580786808854,69706.95740576497,93.13946471900513,0.0025589549388502705,-0.010947643495362827,0.44105183809681137,-1.0510794722106596
2026-08-01,Region,EA,Eastern,Mid Luxury SUV,audi,q7,1288.0,0.03847417630014637,75309.56211180124,100.62542627539406,-0.002413389658451927,-0.004138766312796242,0.47862422170845775,-5.483283586233952
2026-08-01,Region,EA,Eastern,Mid Luxury SUV,land_rover,defender,1179.0,0.03521820951698181,94925.72897196261,126.83571215200895,0.0003108898038171534,-0.0019002276014553066,1.7773336713651702,2.421266199869038
2026-08-01,Region,EA,Eastern,Mid Luxury SUV,lincoln,nautilus,1095.0,0.0327090241061027,66975.70045662101,89.49007562327202,0.0064879444145859895,-0.020038228641150048,0.8920297089856319,1.037088884164021
2026-08-01,Region,EA,Eastern,Mid Luxury SUV,cadillac,xt5,839.0,0.025061982853899694,59688.971394517284,79.75385890036812,0.0059035469183023465,-0.011812254020337181,0.7056911940549071,1.612779875979598
2026-08-01,Region,EA,Eastern,Mid Luxury SUV,lincoln,aviator,595.0,0.017773396660393702,71479.29579831933,95.50758772030834,0.004838746410089278,-0.025246546359549316,1.4064325342107367,-5.335267294547563
2026-08-01,Region,EA,Eastern,Mid Luxury SUV,land_rover,range_rover_velar,349.0,0.010425067957104878,72222.9312320917,96.5012016840404,-0.0014001248449516772,-0.012448354916317995,0.8236995984245397,-4.180503216287335
2026-08-01,Region,EA,Eastern,Mid Luxury SUV,lexus,gx,329.0,0.009827642859276519,81469.51063829787,108.8560868838439,-0.001077512058867169,-0.011458478426844766,0.5829629105952847,0.4827196759653276
2026-08-01,Region,EA,Eastern,Mid Luxury SUV,bmw,x6,309.0,0.009230217761448159,101740.44660194175,135.94124732223187,0.0023028736943395134,0.002758911290141687,1.3424145336893218,-2.0108460237447616
2026-08-01,Region,EA,Eastern,Mid Luxury SUV,land_rover,discovery,214.0,0.00639244854676345,73810.58878504673,98.62256202083638,8.748304818409665e-05,-0.0060210638667489635,0.8762363701028164,-3.9183347515539566
2026-08-01,Region,EA,Eastern,Mid Luxury SUV,jaguar,f_pace,125.0,0.0037339068614272485,71118.488,95.02549172225339,-0.0001356642385592216,-0.009982006854486466,1.0753315768077698,0.35095332573780524
2026-08-01,Region,EA,Eastern,Mid Luxury SUV,ineos,grenadier,122.0,0.0036442930967529948,86289.16393442624,115.29590214531822,-0.00022527800323347532,0.00030688975934965723,0.7994650568754338,-7.28523031240195
2026-08-01,Region,EA,Eastern,Mid Luxury SUV,cadillac,xt6,3.0,8.961376467425397e-05,62150.666666666664,83.04307117533016,-9.980579966074807e-05,-0.024086210411149923,-2.6796057341542507,-1.6674478577001537
2026-08-01,Region,EA,Eastern,Near Luxury Car,bmw,3_series,2269.0,0.2557195987828243,57943.12472454826,98.42303671460135,0.03744733476923537,0.10699055605702656,0.17489977110410848,0.007734598413009053
2026-08-01,Region,EA,Eastern,Near Luxury Car,audi,a5_s5,1887.0,0.21266764341260003,61531.293213149525,104.51795204011466,-0.01700961938769116,-0.01015550423477693,0.07192959369128005,0.8179587358716702
2026-08-01,Region,EA,Eastern,Near Luxury Car,lexus,es,1098.0,0.1237461963259326,57183.77950819672,97.13320185562004,0.03226354648366131,-0.004539363436100938,0.4766488954476955,5.691317511268821
2026-08-01,Region,EA,Eastern,Near Luxury Car,mercedes_benz,c_class,1087.0,0.1225064803335963,58422.11786372007,99.23666144655814,-0.017144089916343044,0.02915872479005925,0.2701300459987408,-5.125731082217001
2026-08-01,Region,EA,Eastern,Near Luxury Car,lexus,is,661.0,0.07449566099402682,55464.71104387292,94.21316709078154,-0.02281081801592222,0.03631285947969475,0.4293760558541351,-4.526351610371037
2026-08-01,Region,EA,Eastern,Near Luxury Car,cadillac,ct5,629.0,0.07088921447086667,60404.825119236884,102.60451690709327,0.012650922794089192,0.018320258278330163,-1.2587558118302837,-7.582793025364822
2026-08-01,Region,EA,Eastern,Near Luxury Car,genesis,g70,563.0,0.06345091851684886,54534.342245989305,92.63282908195778,-0.006313701720957493,-0.01659234811376227,-0.7458012189955951,-2.4472526747816232
2026-08-01,Region,EA,Eastern,Near Luxury Car,bmw,4_series,440.0,0.04958863969345204,66928.40604545454,113.68556660995428,-0.005859067173813182,0.004807677010920948,0.043356290967679456,-7.533648992284839
2026-08-01,Region,EA,Eastern,Near Luxury Car,volvo,s60_v60,206.0,0.02321649949284346,57618.65048543689,97.87188003983076,-0.01245445415918275,-0.0349771186791414,-0.05177300235412474,-2.2482498565987754
2026-08-01,Region,EA,Eastern,Near Luxury Car,alfa_romeo,giulia,32.0,0.0036064465231601486,55034.5,93.48240433735012,-0.0007614253525981625,-0.009589875813237905,-0.16674233000688332,-11.86536761293516
2026-08-01,Region,EA,Eastern,Near Luxury Car,acura,tlx,1.0,0.00011270145384875464,46595.0,79.14694655350422,-8.628320477865111e-06,-0.11757253380845518,0.3116868968817812,-12.118612936228374
2026-08-01,Region,EA,Eastern,Near Luxury EV SUV,lexus,rz,74.0,0.6548672566371682,56693.24013513513,83.07208532337178,-0.11694482389974459,0.23327342630297793,-0.6133546241791947,1.797136675601692
2026-08-01,Region,EA,Eastern,Near Luxury EV SUV,genesis,gv70_ev,20.0,0.17699115044247787,68451.0,100.30062312395593,0.13672269406663895,0.1191505334758969,-12.089283085517152,-3.9134162706561
2026-08-01,Region,EA,Eastern,Near Luxury EV SUV,porsche,macan_ev,18.0,0.1592920353982301,118814.05882352941,174.09715177114074,-0.015204608897071925,-0.05021953272516322,1.4326207364342736,25.77062728554634
2026-08-01,Region,EA,Eastern,Near Luxury EV SUV,audi,q4_e_tron_sportback,1.0,0.008849557522123894,59375.0,87.00164348197812,-0.004573261269822415,-0.26364401574265756,-5.6092029715914435,-4.719959604055802
2026-08-01,Region,EA,Eastern,Near Luxury SUV,bmw,x3,3723.0,0.21794871794871795,60087.644641418214,96.26068336383872,0.02065357077290253,0.020579554057790383,0.5930571166742311,1.0493960194167755
2026-08-01,Region,EA,Eastern,Near Luxury SUV,audi,q5_sq5,2799.0,0.16385669125395153,64072.108369098714,102.64381260037025,0.049298218700252236,0.0012077893175206633,-0.11887692193010935,3.35675985655611
2026-08-01,Region,EA,Eastern,Near Luxury SUV,mercedes_benz,glc_class,2720.0,0.15923194005385785,60838.690625,97.46386248741209,-0.023402450217763937,0.05145798871868029,0.7943341624554705,-9.86151830473473
2026-08-01,Region,EA,Eastern,Near Luxury SUV,volvo,xc60,2268.0,0.1327713382507903,63341.90251433613,101.47401945911486,-0.03224741388013366,-0.01971553579651958,-0.15117255293969833,2.4178330069189684
2026-08-01,Region,EA,Eastern,Near Luxury SUV,genesis,gv70,1511.0,0.08845568434609531,62217.88063660477,99.67333123590325,0.013560809928547857,0.00597389131272999,0.5275482210356017,1.0275045479774434
2026-08-01,Region,EA,Eastern,Near Luxury SUV,lexus,nx,1349.0,0.07897201732818171,56003.4862342476,89.71784279176181,0.005327284972232171,0.009079847735227381,-0.3631556238277085,-0.29814852098847666
2026-08-01,Region,EA,Eastern,Near Luxury SUV,porsche,macan,1009.0,0.05906802482144948,85202.5383828045,136.4948587685044,-0.01599732351358859,-0.0007750283033740937,-0.5190519866018235,-5.061084560928862
2026-08-01,Region,EA,Eastern,Near Luxury SUV,acura,rdx,951.0,0.055672637864418686,52329.77497371188,83.83254043832527,-0.021267923563016253,-0.01026763199387748,0.16152049152775305,-2.0937562765907387
2026-08-01,Region,EA,Eastern,Near Luxury SUV,land_rover,range_rover_evoque,292.0,0.017094017094017096,58098.647260273974,93.0743004017438,0.0018081891590244828,0.0008347724714235193,-0.03103091901738253,-0.9235082049182068
2026-08-01,Region,EA,Eastern,Near Luxury SUV,land_rover,discovery_sport,172.0,0.010069078562229248,54999.87209302326,88.11004831680124,0.000977136296062638,-0.0007704178528331364,-0.04267255019513527,-2.842126347149474
2026-08-01,Region,EA,Eastern,Near Luxury SUV,maserati,grecale,169.0,0.00989345509893455,92435.75147928995,148.08249945136149,0.001085636028585647,0.003852694075957076,1.4321252874246682,-5.290961372066249
2026-08-01,Region,EA,Eastern,Near Luxury SUV,alfa_romeo,stelvio,96.0,0.005619950825430277,60726.78125,97.28458315342243,-0.0005171102042321844,-0.009736002429241431,0.902332875666275,-2.380236938532903
2026-08-01,Region,EA,Eastern,Near Luxury SUV,bmw,ix3,22.0,0.0012879053974944386,73383.13636363637,117.56012231633173,,,,
2026-08-01,Region,EA,Eastern,Near Luxury SUV,infiniti,qx55,1.0,5.854115443156539e-05,52985.0,84.88221394714688,1.716515268024078e-06,-0.010047031024194302,0.1541937402632243,-4.361298802366804
2026-08-01,Region,EA,Eastern,Premium Luxury Car,bmw,7_series,492.0,0.3901665344964314,119568.60756097561,91.44267881194143,0.06873796306785995,0.011881610568353962,3.1473161201217437,-2.0563987683601397
2026-08-01,Region,EA,Eastern,Premium Luxury Car,audi,a8_s8,369.0,0.29262490087232357,114228.00847457627,87.35834014744778,0.04424827749570018,0.010467224523775853,1.7848110968669317,-2.0573929279850347
2026-08-01,Region,EA,Eastern,Premium Luxury Car,porsche,panamera,150.0,0.11895321173671689,144695.44966442953,110.65897478538731,-0.039326009042503884,0.020751275360506652,2.9348305915230952,5.94436209572018
2026-08-01,Region,EA,Eastern,Premium Luxury Car,mercedes_benz,s_class,137.0,0.10864393338620143,160255.40875912408,122.55879005334968,-0.07073918349691546,-0.07047086606054823,6.194241767144362,0.8348606015717621
2026-08-01,Region,EA,Eastern,Premium Luxury Car,genesis,g90,71.0,0.056304520222045996,105826.8309859155,80.93335795179954,0.001109715027240804,0.021034810678477532,3.0996742897714,1.5486299252920617
2026-08-01,Region,EA,Eastern,Premium Luxury Car,bentley,bentley_all,37.0,0.029341792228390166,309231.3333333333,236.49135060946656,-0.0015023636157656776,0.016202096516080344,10.179078282778931,-17.504961641154722
2026-08-01,Region,EA,Eastern,Premium Luxury Car,rolls_royce,rolls_royce_all,5.0,0.003965107057890563,461732.4,353.1198398269811,-0.0017167111239276191,,17.865036541373854,
2026-08-01,Region,MA,Mid-Atlantic,Entry Luxury EV SUV,volvo,ex40,21.0,0.5675675675675675,59606.71428571428,99.99262918853,-0.12334152334152337,0.506961506961507,0.4760795514428935,1.41361745398423
2026-08-01,Region,MA,Mid-Atlantic,Entry Luxury EV SUV,genesis,gv60,16.0,0.43243243243243246,59616.875,100.00967419005437,0.12334152334152337,-0.29484029484029484,-1.0709795623391472,-1.839991685210009
2026-08-01,Region,MA,Mid-Atlantic,Mid Luxury Car,bmw,5_series,391.0,0.3296795952782462,74134.23195876289,96.46168042426882,0.0006787829305613946,0.0466386596057316,-0.6181798138494798,-2.9475414721968747
2026-08-01,Region,MA,Mid-Atlantic,Mid Luxury Car,audi,a6_s6,324.0,0.27318718381112983,74369.90062111801,96.76832682220761,-0.03306789336190025,-0.0952338688204491,0.057530598981855974,-4.459888416534227
2026-08-01,Region,MA,Mid-Atlantic,Mid Luxury Car,mercedes_benz,e_class,263.0,0.22175379426644182,84320.41520912547,109.71569719193522,0.017854525379358138,0.11181227379860556,-1.3193475448261864,7.022734599012182
2026-08-01,Region,MA,Mid-Atlantic,Mid Luxury Car,genesis,g80,105.0,0.08853288364249579,75763.45544554456,98.581586858439,0.010547505900822346,-0.0062039584627673755,0.8209917694686197,3.689257485823717
2026-08-01,Region,MA,Mid-Atlantic,Mid Luxury Car,mercedes_benz,cle_class,89.0,0.07504215851602024,78895.24348314607,102.65659416420978,0.007617300676865085,0.043463211147599184,0.3646966353266947,11.32970939877363
2026-08-01,Region,MA,Mid-Atlantic,Mid Luxury Car,jaguar,xf,12.0,0.01011804384485666,57666.333333333336,75.03404662414994,-0.0036918667968980096,-0.020291312880289538,0.06684571021773422,-1.5290995341211726
2026-08-01,Region,MA,Mid-Atlantic,Mid Luxury Car,maserati,ghibli,2.0,0.0016863406408094434,101697.5,132.32634217352967,6.16452711912469e-05,-0.0053312032188396795,-13.065894039586965,-15.21923096130675
2026-08-01,Region,MA,Mid-Atlantic,Mid Luxury SUV,bmw,x5,3135.0,0.18952904902968382,86640.13397129187,114.9439033403536,-0.04999223628645369,0.05774177139160985,1.7836225400813674,-2.1225029372719604
2026-08-01,Region,MA,Mid-Atlantic,Mid Luxury SUV,lexus,rx,3006.0,0.18173024605525664,65175.11306054556,86.4666471812043,0.013961515523533613,-0.03024702878874075,1.1206604133005982,3.400836799194579
2026-08-01,Region,MA,Mid-Atlantic,Mid Luxury SUV,acura,mdx,1983.0,0.11988392479293876,66387.16759212519,88.07465807102227,0.014577623902179704,0.08300211423132937,1.495379013685337,-0.0705492460264594
2026-08-01,Region,MA,Mid-Atlantic,Mid Luxury SUV,volvo,xc90,1472.0,0.08899099208028535,76981.15964673914,102.1295162862405,-0.004566032893756941,-0.0006057295365536203,1.716640356215251,0.5248366045636743
2026-08-01,Region,MA,Mid-Atlantic,Mid Luxury SUV,mercedes_benz,gle_class,1464.0,0.08850734538419684,82587.39958333335,109.56721371164195,-0.011880653960029616,0.021728915655222267,1.0218132720555104,-15.212360499325058
2026-08-01,Region,MA,Mid-Atlantic,Mid Luxury SUV,lexus,tx,995.0,0.0601535578260081,69500.34776884422,92.20485807085686,0.006161536404072472,-0.011840481477335484,1.0700315428797467,-0.7672675798275037
2026-08-01,Region,MA,Mid-Atlantic,Mid Luxury SUV,lincoln,nautilus,913.0,0.055196179191100904,68584.3964950712,90.98968203347992,0.013335968250612354,-0.0004059443070829477,1.4858316693555764,1.3657278816141059
2026-08-01,Region,MA,Mid-Atlantic,Mid Luxury SUV,genesis,gv80,808.0,0.04884831630493924,81768.106870229,108.48027284364048,0.00414642002645408,-0.0007931105368228844,1.4597906331687653,0.3315084149175078
2026-08-01,Region,MA,Mid-Atlantic,Mid Luxury SUV,lincoln,aviator,564.0,0.03409709207423977,75250.6560283688,99.83368834227633,0.008248685057462898,-0.020294264915608422,1.8159647865102073,-5.23374863245364
2026-08-01,Region,MA,Mid-Atlantic,Mid Luxury SUV,land_rover,defender,454.0,0.02744695000302279,96895.31057268723,128.5492612037155,0.0011613606265541317,-0.007944686394481166,-0.7318253279169653,4.776382223628886
2026-08-01,Region,MA,Mid-Atlantic,Mid Luxury SUV,audi,q7,423.0,0.025572819055679825,78076.29314420804,103.58241014856486,-0.0006034747308658883,-0.012612893899521811,0.31196148229051346,-3.2026064360141504
2026-08-01,Region,MA,Mid-Atlantic,Mid Luxury SUV,infiniti,qx60,355.0,0.021461822138927514,66765.82253521126,88.57701275565208,0.0008596034384520772,-0.004057410421377972,1.4517437251960388,-1.8788691754288465
2026-08-01,Region,MA,Mid-Atlantic,Mid Luxury SUV,cadillac,xt5,311.0,0.018801765310440723,59390.92604501608,78.79287057513568,0.0033364393363437776,-0.01174680505372059,1.5002302817969877,1.0232495178481997
2026-08-01,Region,MA,Mid-Atlantic,Mid Luxury SUV,lexus,gx,173.0,0.01045885980291397,82784.93641618497,109.82928226556385,-0.001345063908764264,-0.012452567970207011,1.1095362218706413,0.12159014694667292
2026-08-01,Region,MA,Mid-Atlantic,Mid Luxury SUV,bmw,x6,135.0,0.008161537996493561,97152.19259259259,128.89006194711763,0.002314223935615918,0.004156694930460218,-1.5164669457854245,-8.771846997628415
2026-08-01,Region,MA,Mid-Atlantic,Mid Luxury SUV,land_rover,range_rover_velar,133.0,0.008040626322471435,73561.68421052632,97.59295988912095,0.000444582822826646,-0.009003240679484418,1.9084085186680397,-2.8628022838299927
2026-08-01,Region,MA,Mid-Atlantic,Mid Luxury SUV,land_rover,discovery,81.0,0.004896922797896137,76589.71604938271,101.61019512461064,0.0006343947909012194,-0.005720568121355051,1.8817459190264145,-3.5615073779288906
2026-08-01,Region,MA,Mid-Atlantic,Mid Luxury SUV,ineos,grenadier,68.0,0.0041109969167523125,87809.30882352941,116.49502653284651,-9.688329528113188e-05,-0.002222243280695764,1.8024423368002829,-8.137475777620523
2026-08-01,Region,MA,Mid-Atlantic,Mid Luxury SUV,jaguar,f_pace,65.0,0.003929629405719122,69061.46153846153,91.62259562353383,-0.0004421941911987425,-0.016094585924447593,0.987563287841553,-2.7421474421790606
2026-08-01,Region,MA,Mid-Atlantic,Mid Luxury SUV,cadillac,xt6,3.0,0.00018136751103319025,53234.666666666664,70.62547227497134,-0.0002558148486585962,-0.02058793490118624,-11.025300507028518,-16.31153333535741
2026-08-01,Region,MA,Mid-Atlantic,Near Luxury Car,lexus,es,890.0,0.2153920619554695,57207.75406741573,97.70702138738558,0.026722234154121866,-0.04466303446326325,0.6256195351893155,4.311720277242898
2026-08-01,Region,MA,Mid-Atlantic,Near Luxury Car,bmw,3_series,676.0,0.16360116166505323,57835.40532544379,98.77900779712469,0.0013850398781802553,0.07186562447497058,-0.14666298241351683,-2.6671376416161934
2026-08-01,Region,MA,Mid-Atlantic,Near Luxury Car,audi,a5_s5,627.0,0.15174249757986447,62149.45405103668,106.14711476040458,0.0005071594216413677,-0.023188631896719547,-0.4615035773745291,0.5526321821483293
2026-08-01,Region,MA,Mid-Atlantic,Near Luxury Car,mercedes_benz,c_class,533.0,0.12899322362052276,58838.1894934334,100.49169615110604,-0.0037744329804255683,0.042491846210054446,-0.24211082524375627,-6.307048193482714
2026-08-01,Region,MA,Mid-Atlantic,Near Luxury Car,lexus,is,488.0,0.1181026137463698,55228.20081967213,94.32607671182947,-0.015912859176016036,0.059700409889620484,0.5993546340406084,-0.3142761574057431
2026-08-01,Region,MA,Mid-Atlantic,Near Luxury Car,cadillac,ct5,378.0,0.0914811229428848,59570.380952380954,101.74223023875342,0.005880923292273368,0.025089938369882048,-1.733841695989085,-8.215981265729667
2026-08-01,Region,MA,Mid-Atlantic,Near Luxury Car,genesis,g70,246.0,0.05953533397870281,55348.718614718615,94.53191305290119,-0.0031050453574589104,0.007744700369887385,-0.054096829190370954,1.1885645036708752
2026-08-01,Region,MA,Mid-Atlantic,Near Luxury Car,bmw,4_series,177.0,0.04283639883833495,67361.50380681817,115.04894747979671,-0.0030832417905644754,0.0017895668824120803,0.9406047734321845,-4.196184732829977
2026-08-01,Region,MA,Mid-Atlantic,Near Luxury Car,volvo,s60_v60,100.0,0.02420135527589545,55805.2,95.31155275737328,-0.008241869081479145,-0.020977708084986096,-0.8396105943890859,-5.660329347401685
2026-08-01,Region,MA,Mid-Atlantic,Near Luxury Car,alfa_romeo,giulia,16.0,0.003872216844143272,56879.8125,97.14691910293755,-0.00012079538445667823,-0.007422548996077114,3.840836808003232,-15.892271653570717
2026-08-01,Region,MA,Mid-Atlantic,Near Luxury Car,acura,tlx,1.0,0.0002420135527589545,52195.0,89.14557238700154,-0.0002571129758160393,-0.10967534181914187,4.2316689732005415,-2.0263205979086223
2026-08-01,Region,MA,Mid-Atlantic,Near Luxury EV SUV,lexus,rz,71.0,0.7553191489361702,55772.89887323944,88.88346669135603,-0.01695807878660205,0.5525219461389674,0.2682889150503769,10.441074874657076
2026-08-01,Region,MA,Mid-Atlantic,Near Luxury EV SUV,porsche,macan_ev,13.0,0.13829787234042554,119155.71428571429,189.89461146479348,-0.03001895934274279,-0.043520309477756286,0.9857114562311722,40.69223089276315
2026-08-01,Region,MA,Mid-Atlantic,Near Luxury EV SUV,genesis,gv70_ev,8.0,0.0851063829787234,74444.125,118.63919642841975,0.0455024225826838,-0.06873977086743045,-0.3694893682167759,18.093146060468783
2026-08-01,Region,MA,Mid-Atlantic,Near Luxury EV SUV,audi,q4_e_tron_sportback,2.0,0.02127659574468085,66167.5,105.44900661640477,0.0014746155466610483,-0.3458562713881863,-0.4516384758716896,15.728249128765654
2026-08-01,Region,MA,Mid-Atlantic,Near Luxury SUV,bmw,x3,1407.0,0.18815191227600964,60371.05828002843,96.53783087589368,0.02353399312761273,-0.009585338652730646,-0.20542158791484155,0.6025438634384557
2026-08-01,Region,MA,Mid-Atlantic,Near Luxury SUV,volvo,xc60,1254.0,0.1676918962289382,64578.27990430622,103.26549246065495,-0.02480588605467604,-0.006742416503246862,-0.16569947033831056,3.3615389714189803
2026-08-01,Region,MA,Mid-Atlantic,Near Luxury SUV,mercedes_benz,glc_class,1216.0,0.16261032361594008,61521.80345394737,98.3779583499848,-0.009357741268105041,0.05082376502087084,-0.09338710027877539,-9.219885266250458
2026-08-01,Region,MA,Mid-Atlantic,Near Luxury SUV,audi,q5_sq5,866.0,0.11580636533832575,65479.99307159353,104.70739915770795,0.03799620186094646,-0.016412479646476685,-0.22076296098400405,5.8637315793657905
2026-08-01,Region,MA,Mid-Atlantic,Near Luxury SUV,lexus,nx,820.0,0.10965498796469644,57205.288731707325,91.47552893925561,0.00371150805087056,0.03468031724534487,0.719725182289622,4.900837448516086
2026-08-01,Region,MA,Mid-Atlantic,Near Luxury SUV,genesis,gv70,759.0,0.10149772666488366,62671.04884667571,100.21568756194415,-0.0039388466464837235,0.013182968137359169,0.20835886760080768,2.4996298287290415
2026-08-01,Region,MA,Mid-Atlantic,Near Luxury SUV,acura,rdx,517.0,0.06913613265579031,52268.91102514507,83.5818923234256,-0.025401948702719376,0.0037865885828419904,0.00977177079171554,0.01734468675344658
2026-08-01,Region,MA,Mid-Atlantic,Near Luxury SUV,porsche,macan,400.0,0.053490238031559244,87073.19814241485,139.23654670927635,-0.007845460865918898,-0.008482068621598476,0.40909710797004095,-2.117135691011299
2026-08-01,Region,MA,Mid-Atlantic,Near Luxury SUV,land_rover,range_rover_evoque,88.0,0.011767852366943032,58457.579545454544,93.47803547515574,0.0031504401251485833,-0.0020788210541984736,-0.33482567199507685,0.46203284332695205
2026-08-01,Region,MA,Mid-Atlantic,Near Luxury SUV,land_rover,discovery_sport,67.0,0.008959614870286172,55415.86567164179,88.61410782689492,0.0019896490864818386,0.000685383191799175,-0.2579398547269136,-2.3682066506382142
2026-08-01,Region,MA,Mid-Atlantic,Near Luxury SUV,maserati,grecale,53.0,0.007087456539181599,94581.7924528302,151.24334977528073,0.0002442174059918891,-0.0030442557201902348,-0.8421386881072692,-1.5030304685939768
2026-08-01,Region,MA,Mid-Atlantic,Near Luxury SUV,alfa_romeo,stelvio,26.0,0.0034768654720513507,59993.88461538462,95.9347020177025,0.00018197255607112,-0.0032776093675298715,-0.0894270590042936,-5.880970819456579
2026-08-01,Region,MA,Mid-Atlantic,Near Luxury SUV,bmw,ix3,4.0,0.0005349023803155924,71474.25,114.29266365476232,,,,
2026-08-01,Region,MA,Mid-Atlantic,Near Luxury SUV,jaguar,e_pace,1.0,0.0001337255950788981,54668.0,87.41821476515733,6.9989444642738275e-06,-0.0018926168567954687,-0.15778822846120022,-0.9242691502783629
2026-08-01,Region,MA,Mid-Atlantic,Premium Luxury Car,bmw,7_series,128.0,0.2962962962962963,121579.5,91.64139926125931,-0.01070144636736059,-0.08339465293107678,0.8844024620019866,-2.0382314867823936
2026-08-01,Region,MA,Mid-Atlantic,Premium Luxury Car,audi,a8_s8,117.0,0.2708333333333333,115261.19444444444,86.87893221647545,0.0541290443942814,0.03904525386313465,-0.6689074883858552,-4.242587488805427
2026-08-01,Region,MA,Mid-Atlantic,Premium Luxury Car,genesis,g90,69.0,0.1597222222222222,106097.984375,79.97209847814992,0.02428204163531475,0.0957045621780721,1.7254835131612083,0.7945730223644745
2026-08-01,Region,MA,Mid-Atlantic,Premium Luxury Car,porsche,panamera,52.0,0.12037037037037036,138127.73333333334,104.11474598474872,-0.02184181924588245,-0.031947510424331624,1.3853018494136506,-0.24668272275805236
2026-08-01,Region,MA,Mid-Atlantic,Premium Luxury Car,mercedes_benz,s_class,50.0,0.11574074074074074,167607.8,126.33555261455507,-0.044530139620433076,-0.016709590385087084,7.744421855637256,0.4790776350132546
2026-08-01,Region,MA,Mid-Atlantic,Premium Luxury Car,bentley,bentley_all,14.0,0.032407407407407406,327846.0,247.1162176370755,-0.0014526377393194595,0.010332352219769435,4.420972584171324,-14.889192386336305
2026-08-01,Region,MA,Mid-Atlantic,Premium Luxury Car,rolls_royce,rolls_royce_all,2.0,0.004629629629629629,407550.0,307.19366561736337,0.00011495694339938144,0.0024221241108658325,-1.0874661810009911,-26.214492540005892
2026-08-01,Region,MS,Mountain States,Entry Luxury EV SUV,genesis,gv60,18.0,1.0,60077.0,100.0,0.16666666666666663,0.75,-1.2866728336351656,-8.37007772248765
2026-08-01,Region,MS,Mountain States,Mid Luxury Car,audi,a6_s6,477.0,0.5224534501642936,75145.49893842888,95.98657732866393,-0.019213216502373065,0.0462629739738174,0.3007049714421015,-7.4563922082293885
2026-08-01,Region,MS,Mountain States,Mid Luxury Car,mercedes_benz,e_class,175.0,0.19167579408543264,86667.93477011494,110.70468012386809,-0.0020178996082610423,0.05834246075209931,-0.5149422108517001,13.955728209591356
2026-08-01,Region,MS,Mountain States,Mid Luxury Car,bmw,5_series,144.0,0.15772179627601315,78417.59722222222,100.16616917889118,0.02258666114087801,-0.03683602685323856,-0.34796427522670115,4.556004072069854
2026-08-01,Region,MS,Mountain States,Mid Luxury Car,mercedes_benz,cle_class,76.0,0.0832420591456736,80681.44866666668,103.05788398287194,-0.009100283196668738,0.03834409996200014,-0.5852780708054013,13.249369933852535
2026-08-01,Region,MS,Mountain States,Mid Luxury Car,genesis,g80,37.0,0.040525739320920046,75276.05405405405,96.15334099220519,0.013498712293893017,-0.003011675645066346,1.4447051734269394,9.101537346775586
2026-08-01,Region,MS,Mountain States,Mid Luxury Car,jaguar,xf,3.0,0.0032858707557502738,58254.0,74.41033933762974,-0.004597012127132608,-0.0089590272034334,0.289466921288863,2.334215922448138
2026-08-01,Region,MS,Mountain States,Mid Luxury Car,volvo,s90_v90,1.0,0.001095290251916758,73225.0,93.53344144604556,-3.08358742093682e-05,-0.03427885940794719,-0.1216676560831047,9.922045424422038
2026-08-01,Region,MS,Mountain States,Mid Luxury SUV,bmw,x5,3102.0,0.2458197955463983,89316.04480980014,112.96416557328936,-0.032615876968221574,0.09114353655359253,1.2526702000732683,-0.7963468217671448
2026-08-01,Region,MS,Mountain States,Mid Luxury SUV,lexus,rx,1708.0,0.13535145415643077,66316.8587002342,83.87550772615157,-0.004414627714914271,-0.010157944776036154,1.1783673097925487,0.9355901311453181
2026-08-01,Region,MS,Mountain States,Mid Luxury SUV,mercedes_benz,gle_class,1298.0,0.10286076551232269,85106.93124413145,107.64060917576286,-0.006203561973057423,0.0172260474802967,0.1421323143786708,-12.815274586464142
2026-08-01,Region,MS,Mountain States,Mid Luxury SUV,acura,mdx,1073.0,0.08503050954909264,67860.9492003763,85.8284255394027,0.007325831186519541,0.04731874347807848,1.1578784597064384,1.4085159894145391
2026-08-01,Region,MS,Mountain States,Mid Luxury SUV,volvo,xc90,931.0,0.073777636896743,78905.26852846402,99.79693836236963,-0.004438737372262844,-0.01440987760778241,0.9742924531987285,4.8503599348126585
2026-08-01,Region,MS,Mountain States,Mid Luxury SUV,lincoln,nautilus,821.0,0.06506062287027498,70984.68574908648,89.77923072168853,0.023540155034017664,-0.0002677595850510833,1.0027813326728818,-0.6171292904831773
2026-08-01,Region,MS,Mountain States,Mid Luxury SUV,land_rover,defender,577.0,0.04572470084792773,95965.3726169844,121.37402932130234,0.0025229464619628134,-0.007187807854787516,-0.5511495535596396,3.6417100504343836
2026-08-01,Region,MS,Mountain States,Mid Luxury SUV,lexus,tx,560.0,0.044377525952928126,71833.08185714285,90.85225582738265,0.0029301575318754977,0.0008639497171425634,0.5003468790969094,-0.5523532314165465
2026-08-01,Region,MS,Mountain States,Mid Luxury SUV,lincoln,aviator,513.0,0.04065298359616452,77925.34509803922,98.5575615753726,0.011267018683883814,-0.014000068155982155,0.942511540247537,-7.392917400645771
2026-08-01,Region,MS,Mountain States,Mid Luxury SUV,genesis,gv80,419.0,0.03320389888263729,81977.61633663367,103.68274865815567,-0.000494931526719436,-0.013674727248715692,0.24269113284019284,-2.121966569535033
2026-08-01,Region,MS,Mountain States,Mid Luxury SUV,audi,q7,414.0,0.03280767097234329,79623.036407767,100.70474893250218,-0.005350223764498813,-0.019060511900713104,1.0455582422682426,-2.9404720661581365
2026-08-01,Region,MS,Mountain States,Mid Luxury SUV,cadillac,xt5,302.0,0.023932165781757667,60412.35761589404,76.40767773502905,0.00499941724374597,-0.014243745102438202,1.4059181843163202,-1.7972807097849284
2026-08-01,Region,MS,Mountain States,Mid Luxury SUV,infiniti,qx60,258.0,0.02044536017117046,67306.54263565892,85.12722929739468,0.0034131964284804008,-0.004270351130755742,0.3874591055229075,-1.204824956264659
2026-08-01,Region,MS,Mountain States,Mid Luxury SUV,ineos,grenadier,196.0,0.015532134083524843,88135.29081632652,111.47078451388266,-0.0009152343375277879,0.00044742765511917963,0.8345405074046823,-6.773734193380363
2026-08-01,Region,MS,Mountain States,Mid Luxury SUV,land_rover,range_rover_velar,126.0,0.009984943339408829,74794.57142857143,94.59785606083275,0.0002627211171866064,-0.011249681863654526,1.2153716178979437,-3.986613912101049
2026-08-01,Region,MS,Mountain States,Mid Luxury SUV,bmw,x6,93.0,0.007369839131468421,102363.82795698925,129.4665973473587,0.0008639911782520465,0.0008718117469244434,2.6209289310410924,-5.892318870627918
2026-08-01,Region,MS,Mountain States,Mid Luxury SUV,lexus,gx,91.0,0.00721134796735082,83546.13186813187,105.66655849413485,-0.0036804648981462558,-0.004392272362191997,1.514888552600027,-1.571909861728173
2026-08-01,Region,MS,Mountain States,Mid Luxury SUV,land_rover,discovery,69.0,0.005467945162057215,76464.20289855072,96.70955420222224,0.0007895825889577997,-0.003814951101577039,1.1870614180524797,-4.822925344754822
2026-08-01,Region,MS,Mountain States,Mid Luxury SUV,jaguar,f_pace,65.0,0.005150962833822014,71909.7076923077,90.94916980906629,0.000472600260722599,-0.014807264132991632,1.2657447799352468,-0.461033353077994
2026-08-01,Region,MS,Mountain States,Mid Luxury SUV,cadillac,xt6,3.0,0.00023773674617640067,54530.0,68.96785411657162,-0.0002739591602563479,-0.02633455380847665,-4.836986024210418,-19.9261691977336
2026-08-01,Region,MS,Mountain States,Near Luxury Car,audi,a5_s5,574.0,0.23409461663947798,64008.275132275136,106.46742271031471,-0.0029487138617964592,0.02630240884727017,-0.5934043982794464,3.903665669283086
2026-08-01,Region,MS,Mountain States,Near Luxury Car,lexus,es,512.0,0.20880913539967375,56321.0037109375,93.68088887210183,0.026990953581491922,0.0579599845505229,-0.19517097186071908,2.5913967415904153
2026-08-01,Region,MS,Mountain States,Near Luxury Car,mercedes_benz,c_class,358.0,0.14600326264274063,59891.40056022409,99.61966709743314,-0.004803874145704573,-0.0033473867079087116,0.5557343740370726,-2.347981016134213
2026-08-01,Region,MS,Mountain States,Near Luxury Car,bmw,3_series,324.0,0.13213703099510604,59146.891975308645,98.38129737011515,-0.003801796532506535,0.038730437588512634,-0.2149991182115656,0.3720341892093728
2026-08-01,Region,MS,Mountain States,Near Luxury Car,cadillac,ct5,223.0,0.09094616639477977,61947.58744394619,103.0398017232803,0.018728664270735593,0.0020350774836908614,-0.48924730185046883,-8.796919328871084
2026-08-01,Region,MS,Mountain States,Near Luxury Car,lexus,is,159.0,0.06484502446982056,56027.408805031446,93.19254118755482,-0.02096636040698488,0.04936050898530507,0.9189969223680947,-1.8608207744009064
2026-08-01,Region,MS,Mountain States,Near Luxury Car,volvo,s60_v60,106.0,0.0432300163132137,57375.20754716981,95.43438660693435,-0.010295897025783748,-0.055671082587885196,-0.033103671475757324,-3.065849626200901
2026-08-01,Region,MS,Mountain States,Near Luxury Car,bmw,4_series,101.0,0.04119086460032626,70708.93217821782,117.61288296014898,0.0012588340140900697,0.001730325139786798,-1.228636207573274,-4.04922528795575
2026-08-01,Region,MS,Mountain States,Near Luxury Car,genesis,g70,86.0,0.03507340946166395,55996.14117647059,93.14053253991891,-0.002734576944453296,-0.009881635493381002,0.3116939058105146,-1.3634634181639171
2026-08-01,Region,MS,Mountain States,Near Luxury Car,alfa_romeo,giulia,8.0,0.0032626427406199023,55189.875,91.79943903833758,-0.0009854456196179908,-0.010223870745893584,0.18519415096172054,-19.124236605947175
2026-08-01,Region,MS,Mountain States,Near Luxury Car,acura,tlx,1.0,0.0004078303425774878,52195.0,86.81794841184238,-0.0004417873294700908,-0.09499676506201792,0.4223642712517375,-3.954478247020262
2026-08-01,Region,MS,Mountain States,Near Luxury EV SUV,lexus,rz,72.0,0.8470588235294118,55329.82666666667,92.6641345530865,-0.0862745098039216,0.7691018342820999,-2.5682405472563374,16.570068573805074
2026-08-01,Region,MS,Mountain States,Near Luxury EV SUV,genesis,gv70_ev,8.0,0.09411764705882353,72379.42857142857,121.21811167825278,0.08459383753501401,-0.12900063251106894,6.297421372110691,18.642658689182937
2026-08-01,Region,MS,Mountain States,Near Luxury EV SUV,porsche,macan_ev,4.0,0.047058823529411764,115388.25,193.24752973221885,-0.0005602240896358524,-0.02014547754585705,4.682914794340974,41.28041230077375
2026-08-01,Region,MS,Mountain States,Near Luxury EV SUV,audi,q4_e_tron_sportback,1.0,0.011764705882352941,63690.0,106.66541150112788,0.0022408963585434163,-0.5500632511068944,-2.8180636697423864,10.055391344545185
2026-08-01,Region,MS,Mountain States,Near Luxury SUV,audi,q5_sq5,1458.0,0.23580786026200873,65732.94036061026,101.81226231649046,0.03964852047467338,-0.01517842566697869,-0.02907929615413707,4.076943176133128
2026-08-01,Region,MS,Mountain States,Near Luxury SUV,mercedes_benz,glc_class,1001.0,0.1618955199741226,62140.903920570265,96.24863844271509,-0.009823254823528554,0.009725690930350306,-0.2994408206499344,-10.459348146055717
2026-08-01,Region,MS,Mountain States,Near Luxury SUV,bmw,x3,985.0,0.15930777939511565,62074.21725888325,96.14534898304018,0.020917047765215635,0.0069500863648695455,-0.5910142372745497,-0.03541048782632572
2026-08-01,Region,MS,Mountain States,Near Luxury SUV,volvo,xc60,834.0,0.1348859776807375,65378.282973621106,101.26294152361963,-0.025088629524467998,-0.009957155890556874,-0.3582370070006391,6.238467838529985
2026-08-01,Region,MS,Mountain States,Near Luxury SUV,lexus,nx,581.0,0.09396732977519004,56582.15982788296,87.6388256363788,-0.013475933198941054,0.053952300656272136,-1.1772539530649482,-1.4547822665166592
2026-08-01,Region,MS,Mountain States,Near Luxury SUV,genesis,gv70,419.0,0.06776645641274462,64566.0193236715,100.00484475592393,-0.006507468361100804,-0.013015057770986355,-0.5040169434614086,-0.1515596277522917
2026-08-01,Region,MS,Mountain States,Near Luxury SUV,porsche,macan,418.0,0.06760472262655669,88489.33766233767,137.0591306103986,-0.008732366724339996,0.005985335063152589,0.11132089111734444,3.0079052394197845
2026-08-01,Region,MS,Mountain States,Near Luxury SUV,acura,rdx,245.0,0.039624777616043994,53911.37142857143,83.50210198441982,-0.015604551061943625,0.0031791642401281586,-0.2630581035809598,0.22311517127189973
2026-08-01,Region,MS,Mountain States,Near Luxury SUV,bmw,ix3,115.0,0.018599385411612487,74456.28695652174,115.32365625426742,0.017329745671888632,,4.087534493982517,
2026-08-01,Region,MS,Mountain States,Near Luxury SUV,land_rover,discovery_sport,59.0,0.009542293385088146,55769.42372881356,86.37999710294353,0.000972225141952136,-0.0007902258709704679,-0.13970225183003038,-4.702483471125447
2026-08-01,Region,MS,Mountain States,Near Luxury SUV,land_rover,range_rover_evoque,55.0,0.008895358240336406,59435.63636363636,92.05851080455007,0.0008014048995968401,-0.009515312434095306,-0.21999013923637278,-1.7774671924213408
2026-08-01,Region,MS,Mountain States,Near Luxury SUV,alfa_romeo,stelvio,8.0,0.0012938702895034773,58272.5,90.25695523872972,-0.0002931793851513394,-0.007911465047712379,-0.07070837304311794,-17.599356755827472
2026-08-01,Region,MS,Mountain States,Near Luxury SUV,maserati,grecale,5.0,0.0008086689309396733,106430.0,164.84701610636245,-0.00014356087385321672,-0.0016335628932196353,3.64217970321792,19.683291961665475
2026-08-01,Region,MS,Mountain States,Premium Luxury Car,audi,a8_s8,90.0,0.36885245901639346,115441.0,85.68965123718608,0.11482020095187734,0.060028929604628745,2.65404111844515,-1.9769842220707687
2026-08-01,Region,MS,Mountain States,Premium Luxury Car,bmw,7_series,58.0,0.23770491803278687,125126.0,92.87864190975603,0.007866208355367527,-0.03067743490838959,3.5050885902013675,2.352388209374169
2026-08-01,Region,MS,Mountain States,Premium Luxury Car,porsche,panamera,47.0,0.19262295081967212,142082.7380952381,105.46530499740479,-0.025118984664198846,0.038211186113789763,0.7845679972448494,9.583228501146081
2026-08-01,Region,MS,Mountain States,Premium Luxury Car,mercedes_benz,s_class,35.0,0.14344262295081966,168203.08571428573,124.85394055730339,-0.07026705446853518,-0.06979267116682739,6.351321410053885,4.3250541956228545
2026-08-01,Region,MS,Mountain States,Premium Luxury Car,genesis,g90,10.0,0.040983606557377046,106151.2,78.79400998266462,-0.011435748281332633,0.01892478302796528,1.0265785473081053,6.348912051801207
2026-08-01,Region,MS,Mountain States,Premium Luxury Car,bentley,bentley_all,3.0,0.012295081967213115,314254.3333333333,233.26499443965102,-0.019962982548915917,-0.013440212150433943,-17.433502926951462,-1.751827986166802
2026-08-01,Region,MS,Mountain States,Premium Luxury Car,rolls_royce,rolls_royce_all,1.0,0.004098360655737705,460850.0,342.0801601914156,,,,
2026-08-01,Region,SC,South Central,Entry Luxury EV SUV,genesis,gv60,3.0,0.6,55816.0,97.77939723493263,-0.06666666666666665,-0.11428571428571432,-2.7481626903679484,-3.615930115635919
2026-08-01,Region,SC,South Central,Entry Luxury EV SUV,volvo,ex40,2.0,0.4,58985.0,103.33090414760106,0.06666666666666671,0.3761904761904762,4.386023998202219,7.551038150100652
2026-08-01,Region,SC,South Central,Mid Luxury Car,audi,a6_s6,581.0,0.2883374689826303,74068.3171577123,96.5815955782297,-0.008998401616798823,-0.008267271568298595,-0.04580843571247328,-10.089378046379665
2026-08-01,Region,SC,South Central,Mid Luxury Car,mercedes_benz,e_class,580.0,0.2878411910669975,80498.02076655053,104.9656261255207,0.0033502300774637117,0.10206284385367273,-0.01575925336318562,8.615604377668433
2026-08-01,Region,SC,South Central,Mid Luxury Car,bmw,5_series,484.0,0.2401985111662531,74747.32881002087,97.46699477876146,0.003757026865587071,-0.029500399788263215,0.7048861601025038,1.7725331629290224
2026-08-01,Region,SC,South Central,Mid Luxury Car,mercedes_benz,cle_class,214.0,0.10620347394540942,77106.68238317757,100.54348066871994,-0.011303662115484961,0.04278258989672268,-2.267438183691425,9.863939682651136
2026-08-01,Region,SC,South Central,Mid Luxury Car,genesis,g80,150.0,0.07444168734491315,77364.04697986577,100.87907197614182,0.014023038439109146,-0.02677548113682933,0.6004773898659153,8.325394164605413
2026-08-01,Region,SC,South Central,Mid Luxury Car,jaguar,xf,4.0,0.0019851116625310174,57641.5,75.16180001320384,-0.0008693126952235022,-0.017233338049192238,-0.2315565014784795,-1.1574326261778936
2026-08-01,Region,SC,South Central,Mid Luxury Car,audi,a7_s7,2.0,0.0009925558312655087,148596.5,193.76283434091835,4.1081045347335474e-05,-0.03808495858257178,0.19640050000862175,41.1346602042299
2026-08-01,Region,SC,South Central,Mid Luxury SUV,bmw,x5,4440.0,0.18070082617720076,86829.2205882353,115.54216715718515,-0.03974974083703167,0.04088664081576862,1.835090821735406,-1.2043128664104898
2026-08-01,Region,SC,South Central,Mid Luxury SUV,lexus,rx,3310.0,0.1347116519474177,65027.68045921448,86.53122848001928,0.002890356567251756,-0.004536025369600211,1.2974436210844829,1.8605656980356713
2026-08-01,Region,SC,South Central,Mid Luxury SUV,mercedes_benz,gle_class,3011.0,0.12254283504944853,82640.14998328318,109.96784214549422,-0.01327419821031249,0.052465789955408196,1.2018296431966746,-14.289496275642406
2026-08-01,Region,SC,South Central,Mid Luxury SUV,acura,mdx,2166.0,0.08815270033779658,65722.20676866018,87.45542282838949,0.017294948606310173,0.0567681546772482,1.4619266627972394,2.438366969760679
2026-08-01,Region,SC,South Central,Mid Luxury SUV,lincoln,nautilus,1987.0,0.08086768955272476,66222.25467407782,88.12082807195783,0.01274987236724641,-0.01934758350415265,1.7187761713161507,-1.0238707451704414
2026-08-01,Region,SC,South Central,Mid Luxury SUV,volvo,xc90,1258.0,0.05119856741687355,76510.10333863275,101.81069332739796,-0.004703708250985497,-0.0012034266914427855,1.1255198620645643,1.1263442264855001
2026-08-01,Region,SC,South Central,Mid Luxury SUV,lincoln,aviator,1253.0,0.05099507549550283,71488.61433172303,95.1286833049224,0.009781893365964814,-0.022197763842815778,1.7462482533238841,-6.995289180897629
2026-08-01,Region,SC,South Central,Mid Luxury SUV,infiniti,qx60,1150.0,0.04680314191526597,65040.88782608695,86.54880329850258,0.006427162008119304,-0.014266425272588104,1.6777664892503594,-0.7122151298088397
2026-08-01,Region,SC,South Central,Mid Luxury SUV,audi,q7,1010.0,0.04110536811688576,73531.2693069307,97.84680954158563,0.004687071442861866,0.009210965216364574,-1.229020720315404,-9.560991536373507
2026-08-01,Region,SC,South Central,Mid Luxury SUV,lexus,tx,1006.0,0.040942574579789184,70794.46595427436,94.20499186423325,-0.0037716350252035846,-0.00953329217751877,1.4498853961500515,0.15494536359277333
2026-08-01,Region,SC,South Central,Mid Luxury SUV,genesis,gv80,993.0,0.04041349558422531,81577.11416921508,108.55327846645812,0.0025491223442527036,-0.00473719555558888,0.44458002068188307,-2.2473004433065
2026-08-01,Region,SC,South Central,Mid Luxury SUV,cadillac,xt5,917.0,0.03732041837939034,60028.05997818975,79.87831853302711,0.002995127261344828,-0.012249035506854848,1.0173943563970766,3.496225388013144
2026-08-01,Region,SC,South Central,Mid Luxury SUV,land_rover,defender,879.0,0.035773879776972856,94118.82138794084,125.24231496920923,0.0017530258307060162,-0.0025220640254291354,0.4168261993098952,-1.9142005725957745
2026-08-01,Region,SC,South Central,Mid Luxury SUV,lexus,gx,319.0,0.012982784583452037,85187.55172413793,113.35762631912094,-0.004141806329098385,-0.011093807304152766,1.9117914050593896,0.250874547629536
2026-08-01,Region,SC,South Central,Mid Luxury SUV,bmw,x6,244.0,0.009930405762891214,101215.8024691358,134.68614699763947,0.0012920010136713341,0.0036988172743346757,0.8895749385111458,-7.298850583877282
2026-08-01,Region,SC,South Central,Mid Luxury SUV,land_rover,range_rover_velar,198.0,0.008058280086280574,71441.04545454546,95.06538420905241,0.0009801158424263996,-0.004404896890832502,0.7716350109899821,-6.509966065178489
2026-08-01,Region,SC,South Central,Mid Luxury SUV,ineos,grenadier,188.0,0.007651296243539132,86377.05405405405,114.94047684001636,0.0011820063432423054,0.002099517408279671,1.4067993048525693,-12.118684709605006
2026-08-01,Region,SC,South Central,Mid Luxury SUV,land_rover,discovery,147.0,0.005982662488299214,74140.01360544217,98.65685522687565,0.00069306662864475,-0.0024016565690313995,1.1500060956150264,-5.899836780063822
2026-08-01,Region,SC,South Central,Mid Luxury SUV,jaguar,f_pace,84.0,0.0034186642790281227,69371.27380952382,92.31117428103315,0.0003742925612413811,-0.010744036831327644,0.378506263118922,-1.598271668925662
2026-08-01,Region,SC,South Central,Mid Luxury SUV,cadillac,xt6,11.0,0.00044768222701558745,60286.181818181816,80.22179687570068,-8.973530652423814e-06,-0.045892675806068484,1.1704972676767085,-3.608676335073554
2026-08-01,Region,SC,South Central,Near Luxury Car,cadillac,ct5,1226.0,0.19739172436000643,59017.85236541599,100.30674583726183,0.02208947910957465,0.08642494016998974,-1.0681105177416015,-9.74711249121846
2026-08-01,Region,SC,South Central,Near Luxury Car,lexus,es,1084.0,0.17452906134277893,57984.667822878226,98.5507453194922,0.05570350003017098,-0.06892983641190653,0.012292627200395145,5.8412978036286916
2026-08-01,Region,SC,South Central,Near Luxury Car,mercedes_benz,c_class,979.0,0.15762357108356143,57812.742105263154,98.25854035830642,-0.011115634443208872,-0.0027030201207436377,0.11934555757663645,-3.4545841380042788
2026-08-01,Region,SC,South Central,Near Luxury Car,audi,a5_s5,943.0,0.15182740299468683,62566.83244962884,106.33859262634033,-0.0017131842246568552,0.0028201660305005316,0.24947155584561642,0.9500238129729439
2026-08-01,Region,SC,South Central,Near Luxury Car,bmw,3_series,810.0,0.13041378199967799,56668.438356164384,96.31368162961542,-0.02830815236992479,0.048023728186354545,-0.14773497812711867,-3.608715935484369
2026-08-01,Region,SC,South Central,Near Luxury Car,lexus,is,420.0,0.06762196103687007,54715.36666666667,92.99424085519648,-0.01527959336727501,0.03180826647387137,0.4033185418046088,-0.669619876174238
2026-08-01,Region,SC,South Central,Near Luxury Car,bmw,4_series,397.0,0.06391885364675576,66791.92626943006,113.51956236575656,-0.009656275886923,0.008806587920275895,0.0878868228307681,-5.590060931519318
2026-08-01,Region,SC,South Central,Near Luxury Car,genesis,g70,241.0,0.03880212526163259,53648.53164556962,91.18104798181129,-0.006275594945621299,-0.009815429015598807,0.38166988128307366,-1.1611276842828318
2026-08-01,Region,SC,South Central,Near Luxury Car,volvo,s60_v60,100.0,0.016100466913540494,57538.56,97.79254043381793,-0.003934075400794566,-0.006167115198168541,0.2487199036748109,-0.9667752977471622
2026-08-01,Region,SC,South Central,Near Luxury Car,alfa_romeo,giulia,7.0,0.0011270326839478344,52868.57142857143,89.85542754470677,-0.0009455061761557925,-0.005182115581036393,0.43168668490288553,-6.565343321328115
2026-08-01,Region,SC,South Central,Near Luxury Car,acura,tlx,4.0,0.0006440186765416197,49695.0,84.46162533192665,-0.000564962325185496,-0.08248828787383879,0.9937743963952954,-5.598655786709642
2026-08-01,Region,SC,South Central,Near Luxury EV SUV,lexus,rz,81.0,0.9310344827586207,53252.13604938271,94.8007906134252,,0.9099374363451186,,25.567359197158012
2026-08-01,Region,SC,South Central,Near Luxury EV SUV,porsche,macan_ev,6.0,0.06896551724137931,115313.5,205.2839900781394,,-0.1631019933071439,,60.88345887740499
2026-08-01,Region,SC,South Central,Near Luxury SUV,mercedes_benz,glc_class,2518.0,0.23992377322534542,60126.06323870452,96.6788689869923,-0.009446738758241258,0.09383323824592155,0.1075943402135664,-9.163319090424551
2026-08-01,Region,SC,South Central,Near Luxury SUV,bmw,x3,1941.0,0.184945212005717,60962.0706185567,98.02311545175768,0.020625525350862955,-0.004998203632143067,0.6383926378342295,3.227909949354384
2026-08-01,Region,SC,South Central,Near Luxury SUV,audi,q5_sq5,1549.0,0.14759409242496427,65191.53522947641,104.82382437861469,0.026825650757520456,0.004075573906445751,-0.35895382417724875,6.195725118468346
2026-08-01,Region,SC,South Central,Near Luxury SUV,lexus,nx,1216.0,0.1158646974749881,56579.695592105265,90.97653634425625,0.007126471232332121,0.059794738627251466,-0.08471423477217854,4.5287262382316555
2026-08-01,Region,SC,South Central,Near Luxury SUV,genesis,gv70,927.0,0.08832777513101477,62379.8722943723,100.3028499808841,-0.01043190033294121,0.0008792154602328683,0.28234666088143,0.16985434165404456
2026-08-01,Region,SC,South Central,Near Luxury SUV,volvo,xc60,872.0,0.0830871843735112,62017.32224770642,99.71989266462538,-0.016325293477836372,-0.028924132498916774,-0.8855396231849824,3.805579793125176
2026-08-01,Region,SC,South Central,Near Luxury SUV,porsche,macan,611.0,0.05821819914244879,88745.41935483871,142.6969654896535,-0.00911370424279788,-0.026915545713518285,-0.8346651332190618,2.0233419981104532
2026-08-01,Region,SC,South Central,Near Luxury SUV,acura,rdx,485.0,0.04621248213434969,52314.42355371901,84.11825136132093,-0.013938594989589506,-0.004456242145485699,-0.3335538497999977,3.8540780609404095
2026-08-01,Region,SC,South Central,Near Luxury SUV,land_rover,discovery_sport,139.0,0.013244402096236303,54508.78417266187,87.64664306637484,0.002613048930144723,0.0006415214378000886,-0.07187199578798698,-2.4924228037009755
2026-08-01,Region,SC,South Central,Near Luxury SUV,land_rover,range_rover_evoque,126.0,0.012005717008099095,58260.24603174603,93.67875410188708,0.0031462560363561126,0.00017444128793448616,0.21861585162770325,-1.7463817462284936
2026-08-01,Region,SC,South Central,Near Luxury SUV,maserati,grecale,51.0,0.004859456884230586,96176.27450980392,154.6453059146049,-0.0004562196988152035,-0.0038853990828476032,1.854483309540484,13.002391599090885
2026-08-01,Region,SC,South Central,Near Luxury SUV,bmw,ix3,36.0,0.003430204859456884,74762.05555555556,120.21260972231798,0.0030571749238045482,,3.783803866683712,
2026-08-01,Region,SC,South Central,Near Luxury SUV,alfa_romeo,stelvio,23.0,0.002191519771319676,57401.391304347824,92.29777056169848,-0.001632037069116769,-0.0030811139735362914,-0.7630328527192773,-0.2460139687532319
2026-08-01,Region,SC,South Central,Near Luxury SUV,cadillac,xt4,1.0,9.528346831824679e-05,48165.0,77.44624334162236,2.0259844051627674e-06,-0.023310066325920437,-0.09729262503357461,1.5050394094914878
2026-08-01,Region,SC,South Central,Premium Luxury Car,bmw,7_series,257.0,0.32205513784461154,122370.54861111111,91.48822626743319,-0.042120425619208146,-0.035982440443488695,-1.1752431747003271,-4.824045357936484
2026-08-01,Region,SC,South Central,Premium Luxury Car,audi,a8_s8,219.0,0.2744360902255639,115407.42028985507,86.28236369171861,0.08938270944264579,0.07715007769946788,-0.9877890241812537,-3.390924152485667
2026-08-01,Region,SC,South Central,Premium Luxury Car,mercedes_benz,s_class,120.0,0.15037593984962405,165958.29166666666,124.07584922421482,-0.047726076757730634,-0.054216962029290355,2.026419644365504,6.944510786161857
2026-08-01,Region,SC,South Central,Premium Luxury Car,porsche,panamera,90.0,0.11278195488721804,138751.8219178082,103.73540220839068,-0.00821448639392075,4.709058659173315e-05,0.46015154610132925,-3.284519614773046
2026-08-01,Region,SC,South Central,Premium Luxury Car,genesis,g90,88.0,0.11027568922305764,105709.79310344828,79.03210028800746,-0.0036033143356612174,0.015286127636418803,0.21779632142319372,-1.1412141987053275
2026-08-01,Region,SC,South Central,Premium Luxury Car,bentley,bentley_all,19.0,0.023809523809523808,325748.1176470588,243.5399516610369,0.008388408744280628,0.016502634456705436,3.354995593452685,-23.027271027866874
2026-08-01,Region,SC,South Central,Premium Luxury Car,rolls_royce,rolls_royce_all,5.0,0.006265664160401002,456577.0,341.35190500169944,0.003893184919594359,0.005221822824284092,0.529050435247143,-48.223048148707676
2026-08-01,Region,SO,Southern,Entry Luxury EV SUV,genesis,gv60,29.0,0.9666666666666667,57824.642857142855,100.0,-0.00303030303030305,0.12051282051282053,0.23275574730787696,-0.8619442471725023
2026-08-01,Region,SO,Southern,Entry Luxury EV SUV,volvo,ec40,1.0,0.03333333333333333,,,,-0.043589743589743594,,
2026-08-01,Region,SO,Southern,Mid Luxury Car,audi,a6_s6,869.0,0.2688737623762376,74622.55235903338,98.5026120994004,-0.031222731673295978,-0.1036664880709896,-0.6116689978739487,-7.651479346957203
2026-08-01,Region,SO,Southern,Mid Luxury Car,mercedes_benz,e_class,865.0,0.2676361386138614,80540.5054861111,106.31437708023736,0.019003137648920893,0.10708157689650896,-0.7656432231243855,10.399813813260238
2026-08-01,Region,SO,Southern,Mid Luxury Car,bmw,5_series,815.0,0.2521658415841584,72286.46625766871,95.41895205563257,0.0012813127967669646,0.037496789705804195,-0.22120928814557317,1.9694360577172318
2026-08-01,Region,SO,Southern,Mid Luxury Car,genesis,g80,403.0,0.12469059405940594,73934.09452736318,97.59383998432286,0.0024647979834972883,-0.008135881790325733,1.303018657573702,5.899091308699639
2026-08-01,Region,SO,Southern,Mid Luxury Car,mercedes_benz,cle_class,270.0,0.08353960396039604,77900.74755555556,102.82986679146069,0.008274245324178614,0.03255570413928692,1.8751573718090953,13.12208706397945
2026-08-01,Region,SO,Southern,Mid Luxury Car,jaguar,xf,9.0,0.0027846534653465345,57623.11111111111,76.06315761526375,0.0005331256428955855,-0.01778779733966241,0.569921193012533,1.0865513192058671
2026-08-01,Region,SO,Southern,Mid Luxury Car,volvo,s90_v90,1.0,0.0003094059405940594,74095.0,97.8062370258976,-1.2240891184647567e-05,-0.008187910696257461,-0.29368122090473037,11.729631132350406
2026-08-01,Region,SO,Southern,Mid Luxury SUV,bmw,x5,5964.0,0.19346676614655983,86793.95841716969,115.35987455486503,-0.030651689051119924,0.07561037978773755,1.5985555654070538,-0.97957847514121
2026-08-01,Region,SO,Southern,Mid Luxury SUV,lexus,rx,3470.0,0.1125636617251111,64061.60654755041,85.1457754650191,-0.0007014886336127596,-0.02257719826217973,1.1623384757656368,3.2828481967967633
2026-08-01,Region,SO,Southern,Mid Luxury SUV,mercedes_benz,gle_class,3275.0,0.10623803808349823,82914.04494351144,110.20299106012163,-0.01664396466417388,0.04163308150650183,1.0015617469351668,-18.054133577783574
2026-08-01,Region,SO,Southern,Mid Luxury SUV,acura,mdx,2708.0,0.08784507087942388,64716.11526946108,86.01569827337605,0.009139529740666438,0.05115792832488035,1.0486366190206269,0.1794013242400183
2026-08-01,Region,SO,Southern,Mid Luxury SUV,lincoln,nautilus,2623.0,0.08508774775359262,66629.28250095311,88.55853346435335,0.01633488559514354,-0.017009265591037756,1.1923184480677378,-0.6660377101605945
2026-08-01,Region,SO,Southern,Mid Luxury SUV,genesis,gv80,2154.0,0.06987381191812372,79056.44609665427,105.07576645633627,0.012142167894310565,-0.01777710949683073,0.14179147799050895,-5.5074849134117585
2026-08-01,Region,SO,Southern,Mid Luxury SUV,volvo,xc90,1978.0,0.06416453109287314,75836.57381193124,100.796159100914,-0.005290513938419797,0.0065919829039301145,0.9310457442441589,0.4087341007333407
2026-08-01,Region,SO,Southern,Mid Luxury SUV,infiniti,qx60,1417.0,0.04596619846238687,63693.53775582216,84.6565666489256,-0.0014464102996341946,0.005381576560247493,0.8980559168646352,-1.1992683838242186
2026-08-01,Region,SO,Southern,Mid Luxury SUV,lincoln,aviator,1415.0,0.045901320271190836,71195.45184135977,94.62753563814266,0.008868806151209156,-0.028404970768843053,1.887233017806679,-7.925475629627911
2026-08-01,Region,SO,Southern,Mid Luxury SUV,audi,q7,1286.0,0.04171667693904694,75898.26905132193,100.87815968259659,0.004012509636345064,0.0045211675130778645,-0.7077017246025292,-7.6029667402617065
2026-08-01,Region,SO,Southern,Mid Luxury SUV,cadillac,xt5,1099.0,0.035650566062218184,59099.796178343946,78.55091757173682,0.006311533853395102,-0.015991035293426804,0.7881404191480215,1.6845122643064627
2026-08-01,Region,SO,Southern,Mid Luxury SUV,land_rover,defender,1055.0,0.03422324585590554,96035.14881516587,127.64255625865944,-0.0015575509690066852,-0.003904269501010367,-0.0009693814915010535,2.362488849929335
2026-08-01,Region,SO,Southern,Mid Luxury SUV,lexus,tx,960.0,0.03114153177409414,69700.12382291666,92.6400602911046,-0.002929602403893953,-0.008807631538763305,1.2221352156419414,-0.4481978932628863
2026-08-01,Region,SO,Southern,Mid Luxury SUV,land_rover,range_rover_velar,308.0,0.009991241444188536,72444.72727272728,96.28797675265372,0.0008323344070949625,-0.005175036886673569,0.7364723227917267,-6.179487408428244
2026-08-01,Region,SO,Southern,Mid Luxury SUV,bmw,x6,265.0,0.008596360333473902,100146.49433962264,133.1070414901478,0.0012997643939226889,0.0046141531739737965,-0.1586031112528019,-7.05206956049085
2026-08-01,Region,SO,Southern,Mid Luxury SUV,lexus,gx,254.0,0.008239530281895741,83157.96062992126,110.5271850881317,-0.0005835501638377337,-0.006121833835875917,0.43853521054859357,-1.9915194591518883
2026-08-01,Region,SO,Southern,Mid Luxury SUV,jaguar,f_pace,225.0,0.007298796509553313,69709.91111111111,92.65306880412709,0.00018537871074397142,-0.016297899105782422,0.6482532352430184,-4.556818504146364
2026-08-01,Region,SO,Southern,Mid Luxury SUV,land_rover,discovery,187.0,0.006066110876828754,73509.2780748663,97.70289605385412,0.0006012963446962553,-0.004524865611203442,0.4175187134674161,-6.195759635539346
2026-08-01,Region,SO,Southern,Mid Luxury SUV,ineos,grenadier,172.0,0.0055795244428585335,88820.97674418605,118.05403189241954,0.0003284177415915513,-0.0033592597130406403,1.6446155250949204,-8.989542905966672
2026-08-01,Region,SO,Southern,Mid Luxury SUV,cadillac,xt6,12.0,0.0003892691471761767,59502.583333333336,79.08627137422792,-0.0002518543454203734,-0.039559894165681266,-1.4560365106992492,-4.66102534665842
2026-08-01,Region,SO,Southern,Near Luxury Car,lexus,es,1466.0,0.15619007031749413,57283.501077762616,99.49419202906947,0.08302515134704608,-0.03473958091450205,0.42176457783099863,6.396997324210119
2026-08-01,Region,SO,Southern,Near Luxury Car,mercedes_benz,c_class,1441.0,0.15352652887278925,57419.17557251908,99.72984145657954,-0.023904357685838012,-0.008597027846648897,0.06821081223488079,-4.609173134148435
2026-08-01,Region,SO,Southern,Near Luxury Car,audi,a5_s5,1433.0,0.1526741956104837,62284.6071179344,108.18048032075616,-0.015700446906198845,-0.01373456525131847,0.17363115724060663,-0.03958991286461355
2026-08-01,Region,SO,Southern,Near Luxury Car,bmw,3_series,1326.0,0.14127423822714683,56168.539969834084,97.55764568518252,-0.0068430163009751965,0.05509402158627073,0.464116567410656,-2.0105542159076037
2026-08-01,Region,SO,Southern,Near Luxury Car,lexus,is,1306.0,0.1391434050713829,54258.321592649314,94.23983810601453,-0.016123515805642835,0.07415114224552884,0.5110678798855446,3.170649701629955
2026-08-01,Region,SO,Southern,Near Luxury Car,cadillac,ct5,949.0,0.10110803324099724,58287.33403582719,101.237722840135,0.006970759647098285,0.03254476696317317,-1.4160323024382535,-4.12843807307425
2026-08-01,Region,SO,Southern,Near Luxury Car,genesis,g70,938.0,0.09993607500532709,52460.65991471215,91.11752726916151,-0.012432847778276343,-0.016597670977294032,-0.26524014502356863,-1.964967336232121
2026-08-01,Region,SO,Southern,Near Luxury Car,bmw,4_series,420.0,0.04474749627104198,68325.97890476193,118.6735785666481,-0.010066612403886524,0.000348020018214934,0.54144161130111,-2.6389693254704554
2026-08-01,Region,SO,Southern,Near Luxury Car,volvo,s60_v60,74.0,0.007884082676326443,56287.62162162162,97.76447544431342,-0.004032027905179753,-0.011399335964311575,-0.1273219422220251,0.4074983980117821
2026-08-01,Region,SO,Southern,Near Luxury Car,alfa_romeo,giulia,33.0,0.003515874707010441,51454.42424242424,89.36982324755837,-0.0008930862081468517,-0.010887172549268572,0.5327076090480602,-8.688536754484929
2026-08-01,Region,SO,Southern,Near Luxury EV SUV,lexus,rz,71.0,0.6068376068376068,52521.61098591549,76.8738890485519,-0.0854700854700855,0.5496947496947496,-1.7284705462739112,6.233301277530373
2026-08-01,Region,SO,Southern,Near Luxury EV SUV,porsche,macan_ev,27.0,0.23076923076923078,115786.75,169.47267240487648,-0.019230769230769218,0.03076923076923077,-0.8708993855792926,25.095975080098242
2026-08-01,Region,SO,Southern,Near Luxury EV SUV,genesis,gv70_ev,17.0,0.1452991452991453,67714.41176470589,99.1110150521447,0.10683760683760685,-0.08766788766788766,-1.0561985116697485,-0.08750815099548959
2026-08-01,Region,SO,Southern,Near Luxury EV SUV,tesla,model_y,1.0,0.008547008547008548,,,-0.001068376068376068,0.00634920634920635,,
2026-08-01,Region,SO,Southern,Near Luxury EV SUV,mercedes_benz,eqb,1.0,0.008547008547008548,61300.0,89.72248394932,-0.001068376068376068,-0.1277167277167277,-2.6801915779380607,3.7397697166967703
2026-08-01,Region,SO,Southern,Near Luxury SUV,mercedes_benz,glc_class,3057.0,0.20665179476779558,60544.113411841674,96.3343177927044,-0.0065241737592431626,0.10765631896072557,0.41289939399132436,-11.229329105922034
2026-08-01,Region,SO,Southern,Near Luxury SUV,genesis,gv70,2480.0,0.16764686000135198,62137.6655909641,98.86988654401443,0.018483694034825332,0.009376788687802395,0.5738831328274046,-0.9790445986485281
2026-08-01,Region,SO,Southern,Near Luxury SUV,bmw,x3,2259.0,0.1527073615899412,60682.2408145197,96.55409818679409,0.003744235631416154,-0.018291794916461684,0.41244488604829144,0.15128898453549766
2026-08-01,Region,SO,Southern,Near Luxury SUV,audi,q5_sq5,2042.0,0.1380382613398229,65014.25822287678,103.44695561227874,0.02741613691493791,-0.007656087253076427,0.055384019909524795,3.664048512744074
2026-08-01,Region,SO,Southern,Near Luxury SUV,volvo,xc60,1597.0,0.1079564658960319,61603.900438321856,98.02059007333142,-0.020069139224992302,-0.014120061977597423,0.046969867028067824,1.0991827787776742
2026-08-01,Region,SO,Southern,Near Luxury SUV,porsche,macan,1115.0,0.07537348746028527,89530.38009049774,142.45560140703475,-0.00904339591639007,0.010347799246191267,-1.653976312073695,-4.620596692520593
2026-08-01,Region,SO,Southern,Near Luxury SUV,lexus,nx,1079.0,0.07293990400865275,56184.5547265987,89.39763826841559,-0.0038087790612945788,0.009217796808284676,0.71469578006365,6.230987984824338
2026-08-01,Region,SO,Southern,Near Luxury SUV,acura,rdx,636.0,0.04299330764550801,53218.187004754356,84.67772423049227,-0.015685094701628086,-0.011373688750473891,0.03602335502039011,1.4944172399085858
2026-08-01,Region,SO,Southern,Near Luxury SUV,land_rover,range_rover_evoque,187.0,0.012641114040424525,57275.63636363636,91.13370473692898,0.002772473645678909,-0.00016465238853030986,-0.31502647336351686,-2.7333128518445875
2026-08-01,Region,SO,Southern,Near Luxury SUV,land_rover,discovery_sport,147.0,0.009937132427499494,53829.63265306123,85.65062144671344,0.0014020920860978794,0.0031125024144636835,-0.12533432041685444,-2.8686678355380906
2026-08-01,Region,SO,Southern,Near Luxury SUV,maserati,grecale,106.0,0.007165551274251335,94791.41509433962,150.82665830122187,0.0006975910155329248,-0.002112878294033306,-0.5760229609037992,-1.92373876200935
2026-08-01,Region,SO,Southern,Near Luxury SUV,alfa_romeo,stelvio,64.0,0.004326370580680051,58361.40625,92.86131945268508,-0.0007413096220271571,-0.00702245236234579,-0.5040423015365292,-4.363745271044706
2026-08-01,Region,SO,Southern,Near Luxury SUV,bmw,ix3,19.0,0.0012843912661393902,76563.8947368421,121.82407423912353,,,,
2026-08-01,Region,SO,Southern,Near Luxury SUV,infiniti,qx55,3.0,0.00020279862096937742,58211.666666666664,92.6230624233211,2.758612967777098e-06,-0.012066199155274775,-0.1309330468070442,3.5614422358025877
2026-08-01,Region,SO,Southern,Near Luxury SUV,infiniti,qx50,1.0,6.75995403231258e-05,54252.0,86.32266812362957,,-0.03436227546926203,,3.6122555090985458
2026-08-01,Region,SO,Southern,Near Luxury SUV,cadillac,xt4,1.0,6.75995403231258e-05,41990.0,66.81207761024858,9.195376559256903e-07,-0.018949347012855312,-0.09444633610834785,-8.917862763965886
2026-08-01,Region,SO,Southern,Premium Luxury Car,audi,a8_s8,417.0,0.33765182186234816,116609.48529411765,87.95139208605323,0.0741050238327915,0.08633256064862782,0.6546413131267315,0.3615585154731207
2026-08-01,Region,SO,Southern,Premium Luxury Car,bmw,7_series,278.0,0.2251012145748988,121799.29856115108,91.86575034216744,-0.02284624026910778,-0.10273519703459988,1.4838717330492415,0.5918054945914832
2026-08-01,Region,SO,Southern,Premium Luxury Car,genesis,g90,194.0,0.15708502024291499,105050.40721649484,79.23308751936983,-0.0005504477373805827,0.062098212855052196,1.607606357267855,3.2142443578252795
2026-08-01,Region,SO,Southern,Premium Luxury Car,porsche,panamera,191.0,0.15465587044534412,145357.27528089887,109.63408918704502,-0.01036876009652779,0.026027902107613243,4.6450177019277135,9.244984598391753
2026-08-01,Region,SO,Southern,Premium Luxury Car,mercedes_benz,s_class,113.0,0.09149797570850203,164726.16964285713,124.24285980296223,-0.03658084202548813,-0.06747300054479612,4.648753429622587,3.9635026265808477
2026-08-01,Region,SO,Southern,Premium Luxury Car,bentley,bentley_all,35.0,0.02834008097165992,319334.14285714284,240.85418380891434,-0.002858605399440245,-0.003981818764487836,5.129765349744133,-5.555145461206081
2026-08-01,Region,SO,Southern,Premium Luxury Car,rolls_royce,rolls_royce_all,7.0,0.005668016194331984,482221.28571428574,363.7099783531702,-0.0009001283048469975,0.004348754980611668,-5.13408686936333,-28.23186487521241
2026-08-01,Region,WE,Western,Entry Luxury EV SUV,genesis,gv60,74.0,0.9487179487179487,58210.75675675676,99.8654591965221,0.09736659736659736,0.5139353400222966,0.3077781774329509,-4.165064849131483
2026-08-01,Region,WE,Western,Entry Luxury EV SUV,volvo,ex40,4.0,0.05128205128205128,59740.0,102.48900486434127,-0.09736659736659738,-0.5052396878483835,-0.04427657178459299,5.730499382274829
2026-08-01,Region,WE,Western,Mid Luxury Car,audi,a6_s6,1568.0,0.337712685763515,74098.49935732648,97.15540418899809,-0.04601351550575067,-0.141196926862023,0.5372313618136388,-5.29071782738265
2026-08-01,Region,WE,Western,Mid Luxury Car,bmw,5_series,1229.0,0.26469954770622445,73448.58340113914,96.30325673716152,0.050057661940131976,0.058099834650270354,-0.30648038556276447,2.9564078326390586
2026-08-01,Region,WE,Western,Mid Luxury Car,mercedes_benz,e_class,1182.0,0.25457678225285374,80830.29587986464,105.98190429005068,0.002310236468628879,0.13750361152114643,0.44045405834889095,12.230383178899004
2026-08-01,Region,WE,Western,Mid Luxury Car,mercedes_benz,cle_class,492.0,0.1059659702778376,78467.44727642277,102.88381845705996,-0.010534483031319236,0.0307866302491432,-0.8554223919613975,13.973313912467546
2026-08-01,Region,WE,Western,Mid Luxury Car,genesis,g80,156.0,0.033598966185655825,74632.32051282052,97.85533213054194,0.0054937984612677924,0.0017481770895295679,1.7999229925568159,7.324174356834945
2026-08-01,Region,WE,Western,Mid Luxury Car,maserati,ghibli,12.0,0.0025845358604350637,112437.25,147.4238556029452,-0.0001353190806347459,-0.0037282331496079775,0.7204082103991709,1.1772431201536904
2026-08-01,Region,WE,Western,Mid Luxury Car,audi,a7_s7,3.0,0.0006461339651087659,145241.0,190.43500451698492,-0.001167102662271107,-0.057029619263011755,-4.223859619811634,50.10329518974498
2026-08-01,Region,WE,Western,Mid Luxury Car,jaguar,xf,1.0,0.00021537798836958864,56603.0,74.21590708322648,-1.1276590052895492e-05,-0.012123215985805447,0.3626668735959413,1.9428874527252589
2026-08-01,Region,WE,Western,Mid Luxury SUV,bmw,x5,7673.0,0.2648602002071108,87502.6462921934,111.86414050753777,-0.02446768784810177,0.08338975808093099,1.131489539460631,-2.827622189008167
2026-08-01,Region,WE,Western,Mid Luxury SUV,lexus,rx,5544.0,0.19137038315498792,64803.23943362196,82.84502227669242,0.007370636423737725,-0.018565036616497416,0.9422559200837952,1.9983540617664914
2026-08-01,Region,WE,Western,Mid Luxury SUV,mercedes_benz,gle_class,3607.0,0.12450811183983432,86502.3715192681,110.58538057871212,-0.01108564508548307,0.04303766971365448,1.0467092426567035,-18.27323878341474
2026-08-01,Region,WE,Western,Mid Luxury SUV,acura,mdx,1846.0,0.0637210907835692,65649.9815418024,83.92750471781596,0.0056275712977047684,0.00902660494154238,0.6514058476895741,-0.2128973358958035
2026-08-01,Region,WE,Western,Mid Luxury SUV,lexus,tx,1765.0,0.060925094925785295,70197.03889518415,89.74050220106933,0.004984359813238991,0.008615109828914953,-0.4629172518636011,-0.559490911780486
2026-08-01,Region,WE,Western,Mid Luxury SUV,land_rover,defender,1497.0,0.051674145667932346,93960.11497326203,120.11942437003886,0.0029515699247468566,0.0019970468105056163,-0.29387166141791,-2.907283326335147
2026-08-01,Region,WE,Western,Mid Luxury SUV,volvo,xc90,1410.0,0.04867103900586814,79646.77943262411,101.82113230807295,0.001563051542671251,-0.012829209379626151,0.03287969135901392,2.787289428274491
2026-08-01,Region,WE,Western,Mid Luxury SUV,genesis,gv80,1060.0,0.036589575422851225,78635.53867924528,100.52835337490586,0.002651562949365298,-0.01373332571972205,-0.661067852222402,-6.564968099599369
2026-08-01,Region,WE,Western,Mid Luxury SUV,audi,q7,933.0,0.03220573006558509,76376.20578778135,97.64000264800254,-0.0021755027200545743,-0.007088855130639456,0.27046626781162786,-6.817038022286951
2026-08-01,Region,WE,Western,Mid Luxury SUV,lincoln,nautilus,598.0,0.0206420434932689,70177.61872909698,89.71567529262819,0.005794163036118807,-0.0036997349468701965,1.3412338734522535,1.0967064900390682
2026-08-01,Region,WE,Western,Mid Luxury SUV,infiniti,qx60,580.0,0.02002071108042803,64974.25172413793,83.06364586929685,0.0015637509385975287,-0.009090068850024034,0.5034770335374645,-2.6709714007663905
2026-08-01,Region,WE,Western,Mid Luxury SUV,land_rover,range_rover_velar,477.0,0.01646530894028305,71348.55765199162,91.2126137481697,0.0012691839521550233,-0.015179003031897773,0.3798318243142802,-5.649261604189022
2026-08-01,Region,WE,Western,Mid Luxury SUV,bmw,x6,455.0,0.01570590265792199,102733.21978021978,131.3350375017349,0.0018077800125298974,0.006167899677296057,2.4828082672429446,-3.282649631550157
2026-08-01,Region,WE,Western,Mid Luxury SUV,cadillac,xt5,396.0,0.013669313082499137,58940.92171717172,75.35058455942621,0.0024305123100294493,-0.00853635010677061,0.7352130395676966,1.569074693916022
2026-08-01,Region,WE,Western,Mid Luxury SUV,lincoln,aviator,353.0,0.012185018985157059,77440.6402266289,99.00078484915667,0.0018010002432695734,-0.012305790751554316,-0.34103009870517553,-6.300910605339766
2026-08-01,Region,WE,Western,Mid Luxury SUV,lexus,gx,276.0,0.009527096996893337,82233.34057971014,105.12781446969328,-0.0030413647120375517,-0.004382490683186146,0.6702742796458949,-1.1620684692762495
2026-08-01,Region,WE,Western,Mid Luxury SUV,land_rover,discovery,204.0,0.007041767345529858,74406.54411764706,95.12197011805526,0.0011532689126302472,-0.004234934095106008,0.19111071421146164,-6.351479093415776
2026-08-01,Region,WE,Western,Mid Luxury SUV,jaguar,f_pace,191.0,0.00659302726958923,69254.86387434555,88.53601749826574,-0.0004984977248705166,-0.023213232044866805,0.48474234105076164,-3.473188601616826
2026-08-01,Region,WE,Western,Mid Luxury SUV,ineos,grenadier,98.0,0.003382809803244736,82823.8469387755,105.88272291098207,0.0002486090244433305,-0.0026281191585038983,3.639909015959873,-17.74378681598678
2026-08-01,Region,WE,Western,Mid Luxury SUV,cadillac,xt6,7.0,0.00024162927166033828,55336.142857142855,70.74220405913447,5.167770930873794e-05,-0.016747938537579603,2.0362818300158665,-10.8673306107967
2026-08-01,Region,WE,Western,Near Luxury Car,mercedes_benz,c_class,2766.0,0.23269117523344832,56345.983369486625,98.41781552057898,-0.009971612479395014,0.055429561541516764,-0.7051261814390273,-6.579893441958546
2026-08-01,Region,WE,Western,Near Luxury Car,lexus,es,2560.0,0.21536131908807943,54149.38762500001,94.58108853799084,0.01599450125630053,-0.126748893437781,-0.1765959222255873,1.9733461945446464
2026-08-01,Region,WE,Western,Near Luxury Car,bmw,3_series,2362.0,0.19870446706486078,56814.591447925486,99.23631899957275,0.014054856386329084,0.09639113247768756,-0.04721483127381987,-0.02425933706965111
2026-08-01,Region,WE,Western,Near Luxury Car,audi,a5_s5,1735.0,0.14595776899133509,61925.49971181556,108.16338702782427,-0.0012143025411368857,-0.010051258655834366,-0.11520088027378961,1.1657108797007965
2026-08-01,Region,WE,Western,Near Luxury Car,lexus,is,746.0,0.06275763439051064,52722.43301608579,92.08867032007734,-0.023919870529485937,0.033605857072474155,0.2835542720606554,-1.3234044369660154
2026-08-01,Region,WE,Western,Near Luxury Car,bmw,4_series,626.0,0.05266257255825692,69330.343952,121.09720326118773,-0.0005589556354625991,0.009687210511990223,2.80290648430676,-0.07199964156089322
2026-08-01,Region,WE,Western,Near Luxury Car,cadillac,ct5,524.0,0.04408177000084126,60055.53435114504,104.89717540295081,0.009684576538019317,0.007783105340318404,-1.6673836385632228,-2.7513106317272644
2026-08-01,Region,WE,Western,Near Luxury Car,genesis,g70,437.0,0.036762850172457305,52268.30434782609,91.29545758648622,-0.0020837314994858816,-0.0003821564102020891,-0.7004424214751452,-2.3659279640758797
2026-08-01,Region,WE,Western,Near Luxury Car,volvo,s60_v60,114.0,0.009590308740641037,57112.38596491228,99.75646762567195,-0.001875422413632942,-0.008464985598271885,-0.602446836667454,-7.772670935610265
2026-08-01,Region,WE,Western,Near Luxury Car,alfa_romeo,giulia,17.0,0.0014301337595692774,52897.35294117647,92.39419763345404,0.0001466563915535333,-0.005528677600220078,-3.257258057634516,-16.31060675609217
2026-08-01,Region,WE,Western,Near Luxury EV SUV,lexus,rz,321.0,0.7008733624454149,50709.76024922118,79.59313916577928,-0.1480750123155794,0.656208350038467,-6.0924311656659995,7.592948500936004
2026-08-01,Region,WE,Western,Near Luxury EV SUV,porsche,macan_ev,79.0,0.17248908296943233,122278.93939393939,191.9268518011813,0.03290973306503461,0.0608265519520626,-6.709939234871683,38.61494380720012
2026-08-01,Region,WE,Western,Near Luxury EV SUV,genesis,gv70_ev,55.0,0.12008733624454149,69388.6,108.91111433332826,0.11626324446633882,-0.036240207179776135,-3.5702977013857407,4.483441231322388
2026-08-01,Region,WE,Western,Near Luxury EV SUV,audi,q4_e_tron_sportback,2.0,0.004366812227074236,61816.0,97.02529585016875,0.0005427204488715589,-0.38438422168525,-6.801753323831619,3.703200815139965
2026-08-01,Region,WE,Western,Near Luxury EV SUV,mercedes_benz,eqb,1.0,0.002183406113537118,63245.0,99.26822887349428,-0.001640685664665559,-0.2964104731255034,-5.849383183244072,8.702070160445786
2026-08-01,Region,WE,Western,Near Luxury SUV,bmw,x3,3077.0,0.18980938868669422,60406.15404614885,94.96027267992591,0.009805781399975039,0.027409452093209247,0.051342656406418996,3.002486898796235
2026-08-01,Region,WE,Western,Near Luxury SUV,audi,q5_sq5,2786.0,0.17185861452100426,64648.77658045977,101.62980162276132,0.036404998216068296,-0.033261461566813755,0.0828191287575919,5.414661555172415
2026-08-01,Region,WE,Western,Near Luxury SUV,mercedes_benz,glc_class,2685.0,0.16562827709579914,61209.78067411546,96.22359766608972,-0.020928567730750497,-0.02134168406771042,0.30545345824224057,-7.369737037580265
2026-08-01,Region,WE,Western,Near Luxury SUV,lexus,nx,2477.0,0.15279748319042624,55616.37967873119,87.43060476466987,-0.0032777888591138393,0.1077788575266393,-0.12477542321020962,2.0011472645917507
2026-08-01,Region,WE,Western,Near Luxury SUV,porsche,macan,1662.0,0.10252297822466226,86905.35749385749,136.61780948110675,-0.013812018468658246,-0.004634032158154569,0.0997379083651424,0.5558031244090387
2026-08-01,Region,WE,Western,Near Luxury SUV,genesis,gv70,1478.0,0.0911726605391401,61451.282814614344,96.6032462213849,-0.005021651972132668,0.0070005118508623815,0.8900003692824896,1.3843491849363403
2026-08-01,Region,WE,Western,Near Luxury SUV,volvo,xc60,925.0,0.05706002097341312,67635.03459459459,106.32428813316241,-0.007750897081056918,-0.021167766931794146,-0.19413242822838583,8.24651695761142
2026-08-01,Region,WE,Western,Near Luxury SUV,acura,rdx,435.0,0.026833631484794274,52951.35680751174,83.24110946331534,-0.006714135003512107,-0.015173184715570314,-0.18003142249268933,2.5215282786075193
2026-08-01,Region,WE,Western,Near Luxury SUV,land_rover,discovery_sport,231.0,0.014249583616063167,54084.81385281385,85.02293768582796,0.0019848087708758885,0.003549734206536339,-0.27649272830836935,-1.975682447458368
2026-08-01,Region,WE,Western,Near Luxury SUV,land_rover,range_rover_evoque,226.0,0.013941151070260933,57567.982300884956,90.4985821932775,0.0022775906782691088,-0.002623800978562083,-0.5960266498154567,0.6401560040680181
2026-08-01,Region,WE,Western,Near Luxury SUV,bmw,ix3,102.0,0.006292023934365554,72113.93137254902,113.36524722178211,0.006051538153087372,,2.1084058141747875,
2026-08-01,Region,WE,Western,Near Luxury SUV,maserati,grecale,75.0,0.004626488187033496,91370.2,143.63667483598937,0.0009590800225412217,-0.001317872596036964,1.4676709416185645,1.1504275376910869
2026-08-01,Region,WE,Western,Near Luxury SUV,alfa_romeo,stelvio,43.0,0.002652519893899204,60989.023255813954,95.87656043173752,-0.00011306659079988795,-0.0022614850201057098,-1.7617903972559361,-4.778332560266918
2026-08-01,Region,WE,Western,Near Luxury SUV,jaguar,e_pace,5.0,0.00030843254580223303,56594.2,88.96776742310895,7.825319204505642e-06,-0.0010389558983604048,-0.23030502327735292,2.819394173143195
2026-08-01,Region,WE,Western,Near Luxury SUV,infiniti,qx50,4.0,0.00024674603664178645,50423.75,79.26763630550462,0.00012650314600269548,-0.013544170980081682,1.286188922803234,2.849156852162025
2026-08-01,Region,WE,Western,Premium Luxury Car,bmw,7_series,642.0,0.37282229965156793,116774.12105919003,86.26545541722203,0.006914470667670092,-0.016393386622941875,1.3742428465478014,-3.221772204114785
2026-08-01,Region,WE,Western,Premium Luxury Car,audi,a8_s8,417.0,0.2421602787456446,115510.68613138686,85.33210829845655,0.060594481966077696,0.03039557286329167,-0.01634375523447318,-4.147424731172009
2026-08-01,Region,WE,Western,Premium Luxury Car,mercedes_benz,s_class,276.0,0.1602787456445993,189822.09420289856,140.2287532214755,-0.06348582959138072,-0.09805458768873407,11.424172050659763,16.612925945149556
2026-08-01,Region,WE,Western,Premium Luxury Car,porsche,panamera,252.0,0.14634146341463414,142369.867219917,105.17400021525589,-0.0057962378624341615,0.04487087517934002,-1.5188763625664023,6.512127039871132
2026-08-01,Region,WE,Western,Premium Luxury Car,genesis,g90,99.0,0.05749128919860627,105463.77777777778,77.91007748548327,-0.0024753959762965627,0.03641285782605725,1.6515287354481814,-1.0003771874724663
2026-08-01,Region,WE,Western,Premium Luxury Car,bentley,bentley_all,31.0,0.018002322880371662,313586.724137931,231.65836167451454,0.004676392841504366,0.013100362096057937,2.244212280644689,-21.39198832602611
2026-08-01,Region,WE,Western,Premium Luxury Car,rolls_royce,rolls_royce_all,3.0,0.0017421602787456446,520850.0,384.77157478483997,-0.0004788280610655716,-0.00021862403497984557,12.292305778503987,-6.3406785387676905
2026-08-01,Region,WE,Western,Premium Luxury Car,maserati,quattroporte,2.0,0.0011614401858304297,142477.0,105.2531432478058,5.094601592482164e-05,-0.002269932363189178,2.0917858135989746,8.69206301701196
2026-08-01,National,NTL,National,Entry Luxury EV SUV,genesis,gv60,162.0,0.7941176470588235,59184.31012658228,99.68643969330027,0.13454317897371715,0.11510530137981112,0.05351401135459355,-3.4400767741547185
2026-08-01,National,NTL,National,Entry Luxury EV SUV,volvo,ex40,41.0,0.20098039215686275,60087.87804878049,101.20835435264775,-0.13944513975803086,-0.043464052287581684,0.5017362903931399,7.623138621833874
2026-08-01,National,NTL,National,Entry Luxury EV SUV,volvo,ec40,1.0,0.004901960784313725,,,,-0.07164124909222949,,
2026-08-01,National,NTL,National,Mid Luxury Car,audi,a6_s6,5493.0,0.330406015037594,74156.61065348709,97.11304091421704,-0.03214281308740602,-0.07382525111227684,0.07400204067060656,-6.849543843388162
2026-08-01,National,NTL,National,Mid Luxury Car,bmw,5_series,4661.0,0.2803609022556391,74034.59301096067,96.9532506513328,0.01644488663063909,0.03924333119620757,-0.1322602597801108,2.5441000501740376
2026-08-01,National,NTL,National,Mid Luxury Car,mercedes_benz,e_class,3749.0,0.22550375939849623,82083.7198662744,107.49412055808128,0.007486181273496234,0.09565879815818615,-0.10513351777694879,10.706054694657212
2026-08-01,National,NTL,National,Mid Luxury Car,mercedes_benz,cle_class,1393.0,0.08378947368421052,78346.69301005744,102.60023397417145,-0.0013545692845394752,0.030333401332789334,-0.6661251332001683,12.496570219883097
2026-08-01,National,NTL,National,Mid Luxury Car,genesis,g80,1270.0,0.07639097744360902,74786.85340729002,97.93838594814727,0.010961289943609023,-0.0013706504633677202,0.853688970342759,5.999152652097905
2026-08-01,National,NTL,National,Mid Luxury Car,jaguar,xf,29.0,0.001744360902255639,57673.620689655174,75.52746324770368,-0.000758080503994361,-0.016262745040896816,0.09654031336140179,1.1526683637151223
2026-08-01,National,NTL,National,Mid Luxury Car,maserati,ghibli,18.0,0.0010827067669172932,114130.5,149.46152228896213,4.5109110667293246e-05,-0.004811996075459967,2.4260557128110634,2.4900121935337154
2026-08-01,National,NTL,National,Mid Luxury Car,audi,a7_s7,8.0,0.000481203007518797,146909.0,192.38716011889144,-0.0006784649612312031,-0.04360794427930291,-1.9050457737079114,49.21918997513214
2026-08-01,National,NTL,National,Mid Luxury Car,volvo,s90_v90,4.0,0.0002406015037593985,74451.25,97.49889084264147,-3.53912124060151e-06,-0.02519544500786851,0.009248725234769495,10.831007585222054
2026-08-01,National,NTL,National,Mid Luxury SUV,bmw,x5,34143.0,0.2039983509491005,87100.6349383114,114.8910102127056,-0.03578216122595981,0.06591057536840159,1.6223570351121452,-1.6443016843752645
2026-08-01,National,NTL,National,Mid Luxury SUV,lexus,rx,24522.0,0.14651458752815635,64878.5995375581,85.57880028469208,0.004377451800109289,-0.012643265752556476,1.075623341538133,2.0531699156745873
2026-08-01,National,NTL,National,Mid Luxury SUV,mercedes_benz,gle_class,17640.0,0.10539586183821377,83393.17078990738,110.00064056569666,-0.012247625015150032,0.036737602416984524,1.052997393928507,-16.055739890952296
2026-08-01,National,NTL,National,Mid Luxury SUV,acura,mdx,15736.0,0.09401980056043831,65855.17682770961,86.86696484854123,0.010536038574448875,0.05248680472030178,1.0813939936403187,0.17077681920673626
2026-08-01,National,NTL,National,Mid Luxury SUV,volvo,xc90,11471.0,0.06853718430533731,76751.75276784936,101.24020814933672,-0.0026141883216161954,-0.0005395229206819341,0.9003380240637142,1.0863409943811035
2026-08-01,National,NTL,National,Mid Luxury SUV,lincoln,nautilus,10652.0,0.06364380500570596,67522.64712514092,89.06645911293147,0.013028013585383462,-0.01422030612090322,1.354042847233785,-0.24992496354676064
2026-08-01,National,NTL,National,Mid Luxury SUV,genesis,gv80,7693.0,0.04596430641277656,79633.60871841865,105.04155060433607,0.005677029088584869,-0.012503518232978655,0.14931264274834177,-3.8124093861440826
2026-08-01,National,NTL,National,Mid Luxury SUV,lexus,tx,7636.0,0.04562374155309526,70201.35937139865,92.59984272442483,0.001610249897055202,-0.00400745003856532,0.6749694001669155,-0.7892296217761157
2026-08-01,National,NTL,National,Mid Luxury SUV,infiniti,qx60,6684.0,0.03993571091420753,64867.69239976062,85.56441310966208,0.0012051631330991588,-0.001367548876240375,1.1960577834110921,-1.6029903088166293
2026-08-01,National,NTL,National,Mid Luxury SUV,land_rover,defender,6238.0,0.03727094025775383,94866.06866677363,125.13408738929247,0.0007264382179964987,-0.0018580319195695832,0.2387467402300274,0.738722223737895
2026-08-01,National,NTL,National,Mid Luxury SUV,lincoln,aviator,6053.0,0.03616559816931451,73458.88249917136,96.89671292756546,0.007747003531750955,-0.01971769591744367,1.4168967387960265,-6.614525404059691
2026-08-01,National,NTL,National,Mid Luxury SUV,audi,q7,5881.0,0.03513792876817093,75967.20401565425,100.20534085170274,-0.00029146913079621667,-0.0019234189619548522,-0.1152293460698246,-6.487167159252209
2026-08-01,National,NTL,National,Mid Luxury SUV,cadillac,xt5,5163.0,0.030848006500606446,59432.380398992835,78.39490754828782,0.005371741105820938,-0.016280703121231605,0.9284220336435851,1.1653206061622114
2026-08-01,National,NTL,National,Mid Luxury SUV,land_rover,range_rover_velar,1739.0,0.010390215631329577,72296.39873417722,95.36332646935377,0.0001721078857720524,-0.00895684169601968,0.8978624600213863,-5.09422946515744
2026-08-01,National,NTL,National,Mid Luxury SUV,bmw,x6,1646.0,0.009834557176060082,101213.87112462005,133.50722310212853,0.001736251361509629,0.0038532150252383653,1.1053781344583058,-4.952422625973185
2026-08-01,National,NTL,National,Mid Luxury SUV,lexus,gx,1589.0,0.00949399231637878,83049.44933920704,109.54725116468128,-0.0019441056030135434,-0.008138249497223235,1.040136238761022,-0.8751038395936916
2026-08-01,National,NTL,National,Mid Luxury SUV,land_rover,discovery,999.0,0.00596884727757231,74436.46446446446,98.18620271874543,0.0005644564170100104,-0.004303636087076235,0.8924083002840604,-5.287559227232563
2026-08-01,National,NTL,National,Mid Luxury SUV,ineos,grenadier,932.0,0.005568534196894287,87185.31173594132,115.00270403477897,0.0001862246064466451,-0.0011184258208282076,1.537905357339639,-9.425105853888397
2026-08-01,National,NTL,National,Mid Luxury SUV,jaguar,f_pace,906.0,0.005413188822302816,69479.45033112583,91.64760099877758,0.00014128558242845844,-0.015468177122609762,0.7014700500279787,-2.9681714026355053
2026-08-01,National,NTL,National,Mid Luxury SUV,cadillac,xt6,46.0,0.0002748418165849112,58480.54347826087,77.13937702938749,-0.0001999054908802142,-0.03594140544504343,-1.6188915428370763,-7.292288506725058
2026-08-01,National,NTL,National,Near Luxury Car,lexus,es,8410.0,0.17875361333106615,56279.03288941739,96.5345703387052,0.04391857351309117,-0.04975573645974818,0.6832736876016412,4.19637635818026
2026-08-01,National,NTL,National,Near Luxury Car,bmw,3_series,8373.0,0.17796718245196394,57310.557733683956,98.30392923708274,0.00461109599007542,0.07529284179135326,0.1996826238930538,-1.061076882542764
2026-08-01,National,NTL,National,Near Luxury Car,audi,a5_s5,8009.0,0.17023040299268832,62272.98496312961,106.81590529347488,-0.008677446836663216,-0.003405267210487589,-0.023028422239875113,1.215025149342722
2026-08-01,National,NTL,National,Near Luxury Car,mercedes_benz,c_class,7596.0,0.1614521339908179,57535.5069398546,98.68978119385649,-0.015362428011457402,0.023389586317286243,-0.1127530274784192,-5.260088023459502
2026-08-01,National,NTL,National,Near Luxury Car,cadillac,ct5,4605.0,0.09787876211528651,59650.48859934854,102.3175771116481,0.013100605118699482,0.029275105410943303,-1.3699217644511208,-7.234296979066329
2026-08-01,National,NTL,National,Near Luxury Car,lexus,is,4025.0,0.08555092671314403,54504.26833043478,93.4903436461395,-0.01984156475443276,0.04581720505722558,0.556765575438817,-0.29740826518768415
2026-08-01,National,NTL,National,Near Luxury Car,genesis,g70,2782.0,0.0591311001530352,53570.52028985507,91.88869981407358,-0.0053967724294448904,-0.01037401969533408,-0.3580012716308971,-1.8657863040593838
2026-08-01,National,NTL,National,Near Luxury Car,bmw,4_series,2339.0,0.049715184492433256,68161.13108864028,116.91575291229506,-0.005347386611093477,0.004919400566214545,0.9112098827958306,-3.836473400641637
2026-08-01,National,NTL,National,Near Luxury Car,volvo,s60_v60,758.0,0.016111205577282774,57059.1164021164,97.87263573998304,-0.006186860406790038,-0.019115200358505315,-0.27388672714975826,-3.4048700277438826
2026-08-01,National,NTL,National,Near Luxury Car,alfa_romeo,giulia,144.0,0.0030607039619112396,54346.26388888889,93.21932102735694,-0.000625302864027327,-0.008427172514523589,0.13652948579013469,-10.802913044911648
2026-08-01,National,NTL,National,Near Luxury Car,acura,tlx,7.0,0.00014878422037068525,49966.42857142857,85.70665602907795,-0.0001925127079569598,-0.08521284118702131,1.3654834373059543,-5.931392331574244
2026-08-01,National,NTL,National,Near Luxury EV SUV,lexus,rz,752.0,0.7265700483091787,53088.16982712767,83.07903384829343,-0.10439229478705558,0.5839919233091787,-3.3995563618250486,4.662175540530043
2026-08-01,National,NTL,National,Near Luxury EV SUV,porsche,macan_ev,161.0,0.15555555555555556,119522.29629629629,187.0434963563521,0.01162250116225011,-0.004600694444444442,-2.5818819038581466,37.5818852692212
2026-08-01,National,NTL,National,Near Luxury EV SUV,genesis,gv70_ev,112.0,0.10821256038647344,69572.14414414414,108.87522657253423,0.09314979888019728,-0.04524726104209799,-8.3638891342692,7.255798881530424
2026-08-01,National,NTL,National,Near Luxury EV SUV,audi,q4_e_tron_sportback,6.0,0.005797101449275362,63172.0,98.8594774194413,-6.063913649869638e-05,-0.3820377199792961,-4.559542015187773,7.7982779823246915
2026-08-01,National,NTL,National,Near Luxury EV SUV,mercedes_benz,eqb,3.0,0.002898550724637681,62918.333333333336,98.46250796928302,-0.0004487296100903521,-0.1527934135610766,-3.3418611799098557,9.207937341914175
2026-08-01,National,NTL,National,Near Luxury EV SUV,tesla,model_y,1.0,0.000966183574879227,,,0.0001293634911972187,0.0006871657177363699,,
2026-08-01,National,NTL,National,Near Luxury SUV,bmw,x3,14673.0,0.18388600646665162,60569.032647219195,96.28696764066832,0.01553284153931328,0.006083647644051754,0.25424561350314434,1.4714307670780897
2026-08-01,National,NTL,National,Near Luxury SUV,mercedes_benz,glc_class,14514.0,0.18189337544176254,60949.05689528942,96.89109454970665,-0.014378447439345438,0.052962603006371595,0.26010132743721215,-9.686786639197095
2026-08-01,National,NTL,National,Near Luxury SUV,audi,q5_sq5,12698.0,0.15913477203799783,64850.7872760281,103.09369958553343,0.03637801791725269,-0.006629259508740465,-0.06525718399757352,4.6302148953978985
2026-08-01,National,NTL,National,Near Luxury SUV,volvo,xc60,8607.0,0.10786525302654335,63772.340887959086,101.37928665978953,-0.020304550933273297,-0.01820677581947236,-0.25213997023327295,3.8893360303304405
2026-08-01,National,NTL,National,Near Luxury SUV,genesis,gv70,8465.0,0.10608567060179963,62214.867394140674,98.90336136684404,0.002676912189627581,-0.004414106732242407,0.31128990291816194,0.10708215830575796
2026-08-01,National,NTL,National,Near Luxury SUV,lexus,nx,8370.0,0.1048951048951049,56180.46056034483,89.3104273188375,0.00038910665068862815,0.04695885918681167,-0.03419430351807762,2.6625098952061848
2026-08-01,National,NTL,National,Near Luxury SUV,porsche,macan,5612.0,0.07033110258916711,87370.30978689819,138.89312448169778,-0.011181625392886918,-0.002660234986790716,-0.5481616009478216,-1.6507054735020574
2026-08-01,National,NTL,National,Near Luxury SUV,acura,rdx,3684.0,0.0461688848785623,52716.939377389404,83.80444616823199,-0.01673953217010639,-0.007012365211222359,-0.09563333405526464,0.7915662067638181
2026-08-01,National,NTL,National,Near Luxury SUV,land_rover,range_rover_evoque,1064.0,0.013334335914981076,58045.15131578947,92.27473780197009,0.002288788270389249,-0.0019649702291628084,-0.3343294542875981,-1.0271228914644013
2026-08-01,National,NTL,National,Near Luxury SUV,land_rover,discovery_sport,914.0,0.011454495325463068,54572.59100877193,86.75438709966416,0.0016768692647978964,0.0011974957133328006,-0.1845802744598899,-2.6225333105889774
2026-08-01,National,NTL,National,Near Luxury SUV,maserati,grecale,520.0,0.006516780710329097,93985.60576923077,149.4095016194057,0.000530727847752291,-0.0010682274062042089,0.6164383616615225,0.461466319128391
2026-08-01,National,NTL,National,Near Luxury SUV,alfa_romeo,stelvio,329.0,0.004123117026342833,59921.179331306994,95.2570711979025,-0.000351183178475269,-0.006521752319019251,-0.12476840427439129,-4.0722665689904005
2026-08-01,National,NTL,National,Near Luxury SUV,bmw,ix3,326.0,0.004085520214552473,73699.25766871165,117.16016796273392,0.0038782638017952308,,3.2194500895208336,
2026-08-01,National,NTL,National,Near Luxury SUV,jaguar,e_pace,6.0,7.519362358072035e-05,56273.166666666664,89.45780279223318,-3.4530359643701765e-05,-0.0017635962228515964,1.2283052493646238,1.0380757765593387
2026-08-01,National,NTL,National,Near Luxury SUV,infiniti,qx50,5.0,6.266135298393363e-05,51189.4,81.37610732621661,-0.00027870215038093516,-0.019991640409668523,-0.4381053374469701,-0.06407299801307431
2026-08-01,National,NTL,National,Near Luxury SUV,infiniti,qx55,4.0,5.01290823871469e-05,56905.0,90.46223216912792,-2.3020239762467848e-05,-0.010393622623521403,1.9541486744339664,1.825685038973873
2026-08-01,National,NTL,National,Near Luxury SUV,cadillac,xt4,3.0,3.759681179036018e-05,45540.0,72.3952210347436,-1.1169402976049652e-05,-0.014026272404281812,-3.5711882287258305,-4.843254277120664
2026-08-01,National,NTL,National,Premium Luxury Car,bmw,7_series,2025.0,0.3233274788440045,119709.92945049504,89.73480847246297,0.006208085287466247,-0.03929036512375067,1.3581769900352185,-2.2677465231715104
2026-08-01,National,NTL,National,Premium Luxury Car,audi,a8_s8,1836.0,0.2931502474852307,115584.2439862543,86.64218619250109,0.06857665304429578,0.05049414692504489,0.662046192755227,-2.6063088795130085
2026-08-01,National,NTL,National,Premium Luxury Car,porsche,panamera,853.0,0.1361967108414498,142671.3924528302,106.94676820061709,-0.015887938558423853,0.022246717672984154,1.2020548040565728,4.664635437989759
2026-08-01,National,NTL,National,Premium Luxury Car,mercedes_benz,s_class,782.0,0.12486029059556124,173502.94110115236,130.0581602594583,-0.05928373972661184,-0.07298094454585154,7.762350549944429,8.072386197522704
2026-08-01,National,NTL,National,Premium Luxury Car,genesis,g90,580.0,0.09260737665655437,105544.70034843206,79.1165237046331,-0.0002542784287267452,0.037545209693854546,1.7168812147126573,1.1840025924282003
2026-08-01,National,NTL,National,Premium Luxury Car,bentley,bentley_all,158.0,0.025227526744371707,317453.8843537415,237.96408236213026,0.0007486890943401228,0.01019815114661245,5.120305053773592,-14.265147576820851
2026-08-01,National,NTL,National,Premium Luxury Car,rolls_royce,rolls_royce_all,27.0,0.004311033051253393,479901.76923076925,359.73534981764305,4.69774606027297e-05,0.003081356865982181,2.744346102360282,-21.66385915497125
2026-08-01,National,NTL,National,Premium Luxury Car,maserati,quattroporte,2.0,0.0003193357815743254,142477.0,106.80105121955059,-0.00015444817294241496,-0.002549908650725169,2.090614511668363,5.513153191898269
