date_month,segment,make,model,make_model,model_family,region_name,region_code,visits,hvas,mvas
2021-01-01,Brand,genesis,Total,genesis_Total,Total,CE,CE,,,
2021-01-01,Unassigned,genesis,Unassigned,Unassigned,Unassigned,CE,CE,,,
2021-01-01,Unassigned,genesis,Unassigned,unassigned,Unassigned,CE,CE,,,
2021-01-01,Near Luxury Car,genesis,g70,genesis_g70,g70,CE,CE,,,
2021-01-01,Mid Luxury Car,genesis,g80,genesis_g80,g80,CE,CE,,,
2021-01-01,Mid Luxury EV Car,genesis,g80_ev,genesis_electrified_g80,g80_ev,CE,CE,,,
2021-01-01,Premium Luxury Car,genesis,g90,genesis_g90,g90,CE,CE,,,
2021-01-01,Entry Luxury EV SUV,genesis,gv60,genesis_gv60,gv60,CE,CE,,,
2021-01-01,Near Luxury SUV,genesis,gv70,genesis_gv70,gv70,CE,CE,,,
2021-01-01,Near Luxury EV SUV,genesis,gv70_ev,genesis_electrified_gv70,gv70_ev,CE,CE,,,
2021-01-01,Mid Luxury SUV,genesis,gv80,genesis_gv80,gv80,CE,CE,,,
2021-01-01,Mid Luxury SUV,genesis,gv80_coupe,genesis_gv80_coupe,gv80,CE,CE,,,
2021-01-01,Make Only,genesis,make_only,genesis_make_only,make_only,CE,CE,,,
2021-01-01,Brand,genesis,Total,genesis_Total,Total,EA,EA,,,
2021-01-01,Unassigned,genesis,Unassigned,Unassigned,Unassigned,EA,EA,,,
2021-01-01,Unassigned,genesis,Unassigned,unassigned,Unassigned,EA,EA,,,
2021-01-01,Near Luxury Car,genesis,g70,genesis_g70,g70,EA,EA,,,
2021-01-01,Mid Luxury Car,genesis,g80,genesis_g80,g80,EA,EA,,,
2021-01-01,Mid Luxury EV Car,genesis,g80_ev,genesis_electrified_g80,g80_ev,EA,EA,,,
2021-01-01,Premium Luxury Car,genesis,g90,genesis_g90,g90,EA,EA,,,
2021-01-01,Entry Luxury EV SUV,genesis,gv60,genesis_gv60,gv60,EA,EA,,,
2021-01-01,Near Luxury SUV,genesis,gv70,genesis_gv70,gv70,EA,EA,,,
2021-01-01,Near Luxury EV SUV,genesis,gv70_ev,genesis_electrified_gv70,gv70_ev,EA,EA,,,
2021-01-01,Mid Luxury SUV,genesis,gv80,genesis_gv80,gv80,EA,EA,,,
2021-01-01,Mid Luxury SUV,genesis,gv80_coupe,genesis_gv80_coupe,gv80,EA,EA,,,
2021-01-01,Make Only,genesis,make_only,genesis_make_only,make_only,EA,EA,,,
2021-01-01,Brand,genesis,Total,genesis_Total,Total,MA,MA,,,
2021-01-01,Unassigned,genesis,Unassigned,unassigned,Unassigned,MA,MA,,,
2021-01-01,Unassigned,genesis,Unassigned,Unassigned,Unassigned,MA,MA,,,
2021-01-01,Near Luxury Car,genesis,g70,genesis_g70,g70,MA,MA,,,
2021-01-01,Mid Luxury Car,genesis,g80,genesis_g80,g80,MA,MA,,,
2021-01-01,Mid Luxury EV Car,genesis,g80_ev,genesis_electrified_g80,g80_ev,MA,MA,,,
2021-01-01,Premium Luxury Car,genesis,g90,genesis_g90,g90,MA,MA,,,
2021-01-01,Entry Luxury EV SUV,genesis,gv60,genesis_gv60,gv60,MA,MA,,,
2021-01-01,Near Luxury SUV,genesis,gv70,genesis_gv70,gv70,MA,MA,,,
2021-01-01,Near Luxury EV SUV,genesis,gv70_ev,genesis_electrified_gv70,gv70_ev,MA,MA,,,
2021-01-01,Mid Luxury SUV,genesis,gv80,genesis_gv80,gv80,MA,MA,,,
2021-01-01,Mid Luxury SUV,genesis,gv80_coupe,genesis_gv80_coupe,gv80,MA,MA,,,
2021-01-01,Make Only,genesis,make_only,genesis_make_only,make_only,MA,MA,,,
2021-01-01,Brand,genesis,Total,genesis_Total,Total,MS,MS,,,
2021-01-01,Unassigned,genesis,Unassigned,unassigned,Unassigned,MS,MS,,,
2021-01-01,Unassigned,genesis,Unassigned,Unassigned,Unassigned,MS,MS,,,
2021-01-01,Near Luxury Car,genesis,g70,genesis_g70,g70,MS,MS,,,
2021-01-01,Mid Luxury Car,genesis,g80,genesis_g80,g80,MS,MS,,,
2021-01-01,Mid Luxury EV Car,genesis,g80_ev,genesis_electrified_g80,g80_ev,MS,MS,,,
2021-01-01,Premium Luxury Car,genesis,g90,genesis_g90,g90,MS,MS,,,
2021-01-01,Entry Luxury EV SUV,genesis,gv60,genesis_gv60,gv60,MS,MS,,,
2021-01-01,Near Luxury SUV,genesis,gv70,genesis_gv70,gv70,MS,MS,,,
2021-01-01,Near Luxury EV SUV,genesis,gv70_ev,genesis_electrified_gv70,gv70_ev,MS,MS,,,
2021-01-01,Mid Luxury SUV,genesis,gv80,genesis_gv80,gv80,MS,MS,,,
2021-01-01,Mid Luxury SUV,genesis,gv80_coupe,genesis_gv80_coupe,gv80,MS,MS,,,
2021-01-01,Make Only,genesis,make_only,genesis_make_only,make_only,MS,MS,,,
2021-01-01,Brand,genesis,Total,genesis_Total,Total,NH,NH,,,
2021-01-01,Unassigned,genesis,Unassigned,Unassigned,Unassigned,NH,NH,,,
2021-01-01,Unassigned,genesis,Unassigned,unassigned,Unassigned,NH,NH,,,
2021-01-01,Near Luxury Car,genesis,g70,genesis_g70,g70,NH,NH,,,
2021-01-01,Mid Luxury Car,genesis,g80,genesis_g80,g80,NH,NH,,,
2021-01-01,Mid Luxury EV Car,genesis,g80_ev,genesis_electrified_g80,g80_ev,NH,NH,,,
2021-01-01,Premium Luxury Car,genesis,g90,genesis_g90,g90,NH,NH,,,
2021-01-01,Entry Luxury EV SUV,genesis,gv60,genesis_gv60,gv60,NH,NH,,,
2021-01-01,Near Luxury SUV,genesis,gv70,genesis_gv70,gv70,NH,NH,,,
2021-01-01,Near Luxury EV SUV,genesis,gv70_ev,genesis_electrified_gv70,gv70_ev,NH,NH,,,
2021-01-01,Mid Luxury SUV,genesis,gv80,genesis_gv80,gv80,NH,NH,,,
2021-01-01,Mid Luxury SUV,genesis,gv80_coupe,genesis_gv80_coupe,gv80,NH,NH,,,
2021-01-01,Make Only,genesis,make_only,genesis_make_only,make_only,NH,NH,,,
2021-01-01,Brand,genesis,Total,genesis_Total,Total,SC,SC,,,
2021-01-01,Unassigned,genesis,Unassigned,Unassigned,Unassigned,SC,SC,,,
2021-01-01,Unassigned,genesis,Unassigned,unassigned,Unassigned,SC,SC,,,
2021-01-01,Near Luxury Car,genesis,g70,genesis_g70,g70,SC,SC,,,
2021-01-01,Mid Luxury Car,genesis,g80,genesis_g80,g80,SC,SC,,,
2021-01-01,Mid Luxury EV Car,genesis,g80_ev,genesis_electrified_g80,g80_ev,SC,SC,,,
2021-01-01,Premium Luxury Car,genesis,g90,genesis_g90,g90,SC,SC,,,
2021-01-01,Entry Luxury EV SUV,genesis,gv60,genesis_gv60,gv60,SC,SC,,,
2021-01-01,Near Luxury SUV,genesis,gv70,genesis_gv70,gv70,SC,SC,,,
2021-01-01,Near Luxury EV SUV,genesis,gv70_ev,genesis_electrified_gv70,gv70_ev,SC,SC,,,
2021-01-01,Mid Luxury SUV,genesis,gv80,genesis_gv80,gv80,SC,SC,,,
2021-01-01,Mid Luxury SUV,genesis,gv80_coupe,genesis_gv80_coupe,gv80,SC,SC,,,
2021-01-01,Make Only,genesis,make_only,genesis_make_only,make_only,SC,SC,,,
2021-01-01,Brand,genesis,Total,genesis_Total,Total,SO,SO,,,
2021-01-01,Unassigned,genesis,Unassigned,Unassigned,Unassigned,SO,SO,,,
2021-01-01,Unassigned,genesis,Unassigned,unassigned,Unassigned,SO,SO,,,
2021-01-01,Near Luxury Car,genesis,g70,genesis_g70,g70,SO,SO,,,
2021-01-01,Mid Luxury Car,genesis,g80,genesis_g80,g80,SO,SO,,,
2021-01-01,Mid Luxury EV Car,genesis,g80_ev,genesis_electrified_g80,g80_ev,SO,SO,,,
2021-01-01,Premium Luxury Car,genesis,g90,genesis_g90,g90,SO,SO,,,
2021-01-01,Entry Luxury EV SUV,genesis,gv60,genesis_gv60,gv60,SO,SO,,,
2021-01-01,Near Luxury SUV,genesis,gv70,genesis_gv70,gv70,SO,SO,,,
2021-01-01,Near Luxury EV SUV,genesis,gv70_ev,genesis_electrified_gv70,gv70_ev,SO,SO,,,
2021-01-01,Mid Luxury SUV,genesis,gv80,genesis_gv80,gv80,SO,SO,,,
2021-01-01,Mid Luxury SUV,genesis,gv80_coupe,genesis_gv80_coupe,gv80,SO,SO,,,
2021-01-01,Make Only,genesis,make_only,genesis_make_only,make_only,SO,SO,,,
2021-01-01,Brand,genesis,Total,genesis_Total,Total,National,US,,,
2021-01-01,Unassigned,genesis,Unassigned,Unassigned,Unassigned,National,US,,,
2021-01-01,Unassigned,genesis,Unassigned,unassigned,Unassigned,National,US,,,
2021-01-01,Near Luxury Car,genesis,g70,genesis_g70,g70,National,US,,,
2021-01-01,Mid Luxury Car,genesis,g80,genesis_g80,g80,National,US,,,
2021-01-01,Mid Luxury EV Car,genesis,g80_ev,genesis_electrified_g80,g80_ev,National,US,,,
2021-01-01,Premium Luxury Car,genesis,g90,genesis_g90,g90,National,US,,,
2021-01-01,Entry Luxury EV SUV,genesis,gv60,genesis_gv60,gv60,National,US,,,
2021-01-01,Near Luxury SUV,genesis,gv70,genesis_gv70,gv70,National,US,,,
2021-01-01,Near Luxury EV SUV,genesis,gv70_ev,genesis_electrified_gv70,gv70_ev,National,US,,,
2021-01-01,Mid Luxury SUV,genesis,gv80,genesis_gv80,gv80,National,US,,,
2021-01-01,Mid Luxury SUV,genesis,gv80_coupe,genesis_gv80_coupe,gv80,National,US,,,
2021-01-01,Make Only,genesis,make_only,genesis_make_only,make_only,National,US,,,
2021-01-01,Brand,genesis,Total,genesis_Total,Total,WE,WE,,,
2021-01-01,Unassigned,genesis,Unassigned,Unassigned,Unassigned,WE,WE,,,
2021-01-01,Unassigned,genesis,Unassigned,unassigned,Unassigned,WE,WE,,,
2021-01-01,Near Luxury Car,genesis,g70,genesis_g70,g70,WE,WE,,,
2021-01-01,Mid Luxury Car,genesis,g80,genesis_g80,g80,WE,WE,,,
2021-01-01,Mid Luxury EV Car,genesis,g80_ev,genesis_electrified_g80,g80_ev,WE,WE,,,
2021-01-01,Premium Luxury Car,genesis,g90,genesis_g90,g90,WE,WE,,,
2021-01-01,Entry Luxury EV SUV,genesis,gv60,genesis_gv60,gv60,WE,WE,,,
2021-01-01,Near Luxury SUV,genesis,gv70,genesis_gv70,gv70,WE,WE,,,
2021-01-01,Near Luxury EV SUV,genesis,gv70_ev,genesis_electrified_gv70,gv70_ev,WE,WE,,,
2021-01-01,Mid Luxury SUV,genesis,gv80,genesis_gv80,gv80,WE,WE,,,
2021-01-01,Mid Luxury SUV,genesis,gv80_coupe,genesis_gv80_coupe,gv80,WE,WE,,,
2021-01-01,Make Only,genesis,make_only,genesis_make_only,make_only,WE,WE,,,
2021-02-01,Brand,genesis,Total,genesis_Total,Total,CE,CE,,,
2021-02-01,Unassigned,genesis,Unassigned,unassigned,Unassigned,CE,CE,,,
2021-02-01,Unassigned,genesis,Unassigned,Unassigned,Unassigned,CE,CE,,,
2021-02-01,Near Luxury Car,genesis,g70,genesis_g70,g70,CE,CE,,,
2021-02-01,Mid Luxury Car,genesis,g80,genesis_g80,g80,CE,CE,,,
2021-02-01,Mid Luxury EV Car,genesis,g80_ev,genesis_electrified_g80,g80_ev,CE,CE,,,
2021-02-01,Premium Luxury Car,genesis,g90,genesis_g90,g90,CE,CE,,,
2021-02-01,Entry Luxury EV SUV,genesis,gv60,genesis_gv60,gv60,CE,CE,,,
2021-02-01,Near Luxury SUV,genesis,gv70,genesis_gv70,gv70,CE,CE,,,
2021-02-01,Near Luxury EV SUV,genesis,gv70_ev,genesis_electrified_gv70,gv70_ev,CE,CE,,,
2021-02-01,Mid Luxury SUV,genesis,gv80,genesis_gv80,gv80,CE,CE,,,
2021-02-01,Mid Luxury SUV,genesis,gv80_coupe,genesis_gv80_coupe,gv80,CE,CE,,,
2021-02-01,Make Only,genesis,make_only,genesis_make_only,make_only,CE,CE,,,
2021-02-01,Brand,genesis,Total,genesis_Total,Total,EA,EA,,,
2021-02-01,Unassigned,genesis,Unassigned,Unassigned,Unassigned,EA,EA,,,
2021-02-01,Unassigned,genesis,Unassigned,unassigned,Unassigned,EA,EA,,,
2021-02-01,Near Luxury Car,genesis,g70,genesis_g70,g70,EA,EA,,,
2021-02-01,Mid Luxury Car,genesis,g80,genesis_g80,g80,EA,EA,,,
2021-02-01,Mid Luxury EV Car,genesis,g80_ev,genesis_electrified_g80,g80_ev,EA,EA,,,
2021-02-01,Premium Luxury Car,genesis,g90,genesis_g90,g90,EA,EA,,,
2021-02-01,Entry Luxury EV SUV,genesis,gv60,genesis_gv60,gv60,EA,EA,,,
2021-02-01,Near Luxury SUV,genesis,gv70,genesis_gv70,gv70,EA,EA,,,
2021-02-01,Near Luxury EV SUV,genesis,gv70_ev,genesis_electrified_gv70,gv70_ev,EA,EA,,,
2021-02-01,Mid Luxury SUV,genesis,gv80,genesis_gv80,gv80,EA,EA,,,
2021-02-01,Mid Luxury SUV,genesis,gv80_coupe,genesis_gv80_coupe,gv80,EA,EA,,,
2021-02-01,Make Only,genesis,make_only,genesis_make_only,make_only,EA,EA,,,
2021-02-01,Brand,genesis,Total,genesis_Total,Total,MA,MA,,,
2021-02-01,Unassigned,genesis,Unassigned,unassigned,Unassigned,MA,MA,,,
2021-02-01,Unassigned,genesis,Unassigned,Unassigned,Unassigned,MA,MA,,,
2021-02-01,Near Luxury Car,genesis,g70,genesis_g70,g70,MA,MA,,,
2021-02-01,Mid Luxury Car,genesis,g80,genesis_g80,g80,MA,MA,,,
2021-02-01,Mid Luxury EV Car,genesis,g80_ev,genesis_electrified_g80,g80_ev,MA,MA,,,
2021-02-01,Premium Luxury Car,genesis,g90,genesis_g90,g90,MA,MA,,,
2021-02-01,Entry Luxury EV SUV,genesis,gv60,genesis_gv60,gv60,MA,MA,,,
2021-02-01,Near Luxury SUV,genesis,gv70,genesis_gv70,gv70,MA,MA,,,
2021-02-01,Near Luxury EV SUV,genesis,gv70_ev,genesis_electrified_gv70,gv70_ev,MA,MA,,,
2021-02-01,Mid Luxury SUV,genesis,gv80,genesis_gv80,gv80,MA,MA,,,
2021-02-01,Mid Luxury SUV,genesis,gv80_coupe,genesis_gv80_coupe,gv80,MA,MA,,,
2021-02-01,Make Only,genesis,make_only,genesis_make_only,make_only,MA,MA,,,
2021-02-01,Brand,genesis,Total,genesis_Total,Total,MS,MS,,,
2021-02-01,Unassigned,genesis,Unassigned,unassigned,Unassigned,MS,MS,,,
2021-02-01,Unassigned,genesis,Unassigned,Unassigned,Unassigned,MS,MS,,,
2021-02-01,Near Luxury Car,genesis,g70,genesis_g70,g70,MS,MS,,,
2021-02-01,Mid Luxury Car,genesis,g80,genesis_g80,g80,MS,MS,,,
2021-02-01,Mid Luxury EV Car,genesis,g80_ev,genesis_electrified_g80,g80_ev,MS,MS,,,
2021-02-01,Premium Luxury Car,genesis,g90,genesis_g90,g90,MS,MS,,,
2021-02-01,Entry Luxury EV SUV,genesis,gv60,genesis_gv60,gv60,MS,MS,,,
2021-02-01,Near Luxury SUV,genesis,gv70,genesis_gv70,gv70,MS,MS,,,
2021-02-01,Near Luxury EV SUV,genesis,gv70_ev,genesis_electrified_gv70,gv70_ev,MS,MS,,,
2021-02-01,Mid Luxury SUV,genesis,gv80,genesis_gv80,gv80,MS,MS,,,
2021-02-01,Mid Luxury SUV,genesis,gv80_coupe,genesis_gv80_coupe,gv80,MS,MS,,,
2021-02-01,Make Only,genesis,make_only,genesis_make_only,make_only,MS,MS,,,
2021-02-01,Brand,genesis,Total,genesis_Total,Total,NH,NH,,,
2021-02-01,Unassigned,genesis,Unassigned,Unassigned,Unassigned,NH,NH,,,
2021-02-01,Unassigned,genesis,Unassigned,unassigned,Unassigned,NH,NH,,,
2021-02-01,Near Luxury Car,genesis,g70,genesis_g70,g70,NH,NH,,,
2021-02-01,Mid Luxury Car,genesis,g80,genesis_g80,g80,NH,NH,,,
2021-02-01,Mid Luxury EV Car,genesis,g80_ev,genesis_electrified_g80,g80_ev,NH,NH,,,
2021-02-01,Premium Luxury Car,genesis,g90,genesis_g90,g90,NH,NH,,,
2021-02-01,Entry Luxury EV SUV,genesis,gv60,genesis_gv60,gv60,NH,NH,,,
2021-02-01,Near Luxury SUV,genesis,gv70,genesis_gv70,gv70,NH,NH,,,
2021-02-01,Near Luxury EV SUV,genesis,gv70_ev,genesis_electrified_gv70,gv70_ev,NH,NH,,,
2021-02-01,Mid Luxury SUV,genesis,gv80,genesis_gv80,gv80,NH,NH,,,
2021-02-01,Mid Luxury SUV,genesis,gv80_coupe,genesis_gv80_coupe,gv80,NH,NH,,,
2021-02-01,Make Only,genesis,make_only,genesis_make_only,make_only,NH,NH,,,
2021-02-01,Brand,genesis,Total,genesis_Total,Total,SC,SC,,,
2021-02-01,Unassigned,genesis,Unassigned,unassigned,Unassigned,SC,SC,,,
2021-02-01,Unassigned,genesis,Unassigned,Unassigned,Unassigned,SC,SC,,,
2021-02-01,Near Luxury Car,genesis,g70,genesis_g70,g70,SC,SC,,,
2021-02-01,Mid Luxury Car,genesis,g80,genesis_g80,g80,SC,SC,,,
2021-02-01,Mid Luxury EV Car,genesis,g80_ev,genesis_electrified_g80,g80_ev,SC,SC,,,
2021-02-01,Premium Luxury Car,genesis,g90,genesis_g90,g90,SC,SC,,,
2021-02-01,Entry Luxury EV SUV,genesis,gv60,genesis_gv60,gv60,SC,SC,,,
2021-02-01,Near Luxury SUV,genesis,gv70,genesis_gv70,gv70,SC,SC,,,
2021-02-01,Near Luxury EV SUV,genesis,gv70_ev,genesis_electrified_gv70,gv70_ev,SC,SC,,,
2021-02-01,Mid Luxury SUV,genesis,gv80,genesis_gv80,gv80,SC,SC,,,
2021-02-01,Mid Luxury SUV,genesis,gv80_coupe,genesis_gv80_coupe,gv80,SC,SC,,,
2021-02-01,Make Only,genesis,make_only,genesis_make_only,make_only,SC,SC,,,
2021-02-01,Brand,genesis,Total,genesis_Total,Total,SO,SO,,,
2021-02-01,Unassigned,genesis,Unassigned,Unassigned,Unassigned,SO,SO,,,
2021-02-01,Unassigned,genesis,Unassigned,unassigned,Unassigned,SO,SO,,,
2021-02-01,Near Luxury Car,genesis,g70,genesis_g70,g70,SO,SO,,,
2021-02-01,Mid Luxury Car,genesis,g80,genesis_g80,g80,SO,SO,,,
2021-02-01,Mid Luxury EV Car,genesis,g80_ev,genesis_electrified_g80,g80_ev,SO,SO,,,
2021-02-01,Premium Luxury Car,genesis,g90,genesis_g90,g90,SO,SO,,,
2021-02-01,Entry Luxury EV SUV,genesis,gv60,genesis_gv60,gv60,SO,SO,,,
2021-02-01,Near Luxury SUV,genesis,gv70,genesis_gv70,gv70,SO,SO,,,
2021-02-01,Near Luxury EV SUV,genesis,gv70_ev,genesis_electrified_gv70,gv70_ev,SO,SO,,,
2021-02-01,Mid Luxury SUV,genesis,gv80,genesis_gv80,gv80,SO,SO,,,
2021-02-01,Mid Luxury SUV,genesis,gv80_coupe,genesis_gv80_coupe,gv80,SO,SO,,,
2021-02-01,Make Only,genesis,make_only,genesis_make_only,make_only,SO,SO,,,
2021-02-01,Brand,genesis,Total,genesis_Total,Total,National,US,,,
2021-02-01,Unassigned,genesis,Unassigned,unassigned,Unassigned,National,US,,,
2021-02-01,Unassigned,genesis,Unassigned,Unassigned,Unassigned,National,US,,,
2021-02-01,Near Luxury Car,genesis,g70,genesis_g70,g70,National,US,,,
2021-02-01,Mid Luxury Car,genesis,g80,genesis_g80,g80,National,US,,,
2021-02-01,Mid Luxury EV Car,genesis,g80_ev,genesis_electrified_g80,g80_ev,National,US,,,
2021-02-01,Premium Luxury Car,genesis,g90,genesis_g90,g90,National,US,,,
2021-02-01,Entry Luxury EV SUV,genesis,gv60,genesis_gv60,gv60,National,US,,,
2021-02-01,Near Luxury SUV,genesis,gv70,genesis_gv70,gv70,National,US,,,
2021-02-01,Near Luxury EV SUV,genesis,gv70_ev,genesis_electrified_gv70,gv70_ev,National,US,,,
2021-02-01,Mid Luxury SUV,genesis,gv80,genesis_gv80,gv80,National,US,,,
2021-02-01,Mid Luxury SUV,genesis,gv80_coupe,genesis_gv80_coupe,gv80,National,US,,,
2021-02-01,Make Only,genesis,make_only,genesis_make_only,make_only,National,US,,,
2021-02-01,Brand,genesis,Total,genesis_Total,Total,WE,WE,,,
2021-02-01,Unassigned,genesis,Unassigned,unassigned,Unassigned,WE,WE,,,
2021-02-01,Unassigned,genesis,Unassigned,Unassigned,Unassigned,WE,WE,,,
2021-02-01,Near Luxury Car,genesis,g70,genesis_g70,g70,WE,WE,,,
2021-02-01,Mid Luxury Car,genesis,g80,genesis_g80,g80,WE,WE,,,
2021-02-01,Mid Luxury EV Car,genesis,g80_ev,genesis_electrified_g80,g80_ev,WE,WE,,,
2021-02-01,Premium Luxury Car,genesis,g90,genesis_g90,g90,WE,WE,,,
2021-02-01,Entry Luxury EV SUV,genesis,gv60,genesis_gv60,gv60,WE,WE,,,
2021-02-01,Near Luxury SUV,genesis,gv70,genesis_gv70,gv70,WE,WE,,,
2021-02-01,Near Luxury EV SUV,genesis,gv70_ev,genesis_electrified_gv70,gv70_ev,WE,WE,,,
2021-02-01,Mid Luxury SUV,genesis,gv80,genesis_gv80,gv80,WE,WE,,,
2021-02-01,Mid Luxury SUV,genesis,gv80_coupe,genesis_gv80_coupe,gv80,WE,WE,,,
2021-02-01,Make Only,genesis,make_only,genesis_make_only,make_only,WE,WE,,,
2021-03-01,Brand,genesis,Total,genesis_Total,Total,CE,CE,,,
2021-03-01,Unassigned,genesis,Unassigned,Unassigned,Unassigned,CE,CE,,,
2021-03-01,Unassigned,genesis,Unassigned,unassigned,Unassigned,CE,CE,,,
2021-03-01,Near Luxury Car,genesis,g70,genesis_g70,g70,CE,CE,,,
2021-03-01,Mid Luxury Car,genesis,g80,genesis_g80,g80,CE,CE,,,
2021-03-01,Mid Luxury EV Car,genesis,g80_ev,genesis_electrified_g80,g80_ev,CE,CE,,,
2021-03-01,Premium Luxury Car,genesis,g90,genesis_g90,g90,CE,CE,,,
2021-03-01,Entry Luxury EV SUV,genesis,gv60,genesis_gv60,gv60,CE,CE,,,
2021-03-01,Near Luxury SUV,genesis,gv70,genesis_gv70,gv70,CE,CE,,,
2021-03-01,Near Luxury EV SUV,genesis,gv70_ev,genesis_electrified_gv70,gv70_ev,CE,CE,,,
2021-03-01,Mid Luxury SUV,genesis,gv80,genesis_gv80,gv80,CE,CE,,,
2021-03-01,Mid Luxury SUV,genesis,gv80_coupe,genesis_gv80_coupe,gv80,CE,CE,,,
2021-03-01,Make Only,genesis,make_only,genesis_make_only,make_only,CE,CE,,,
2021-03-01,Brand,genesis,Total,genesis_Total,Total,EA,EA,,,
2021-03-01,Unassigned,genesis,Unassigned,Unassigned,Unassigned,EA,EA,,,
2021-03-01,Unassigned,genesis,Unassigned,unassigned,Unassigned,EA,EA,,,
2021-03-01,Near Luxury Car,genesis,g70,genesis_g70,g70,EA,EA,,,
2021-03-01,Mid Luxury Car,genesis,g80,genesis_g80,g80,EA,EA,,,
2021-03-01,Mid Luxury EV Car,genesis,g80_ev,genesis_electrified_g80,g80_ev,EA,EA,,,
2021-03-01,Premium Luxury Car,genesis,g90,genesis_g90,g90,EA,EA,,,
2021-03-01,Entry Luxury EV SUV,genesis,gv60,genesis_gv60,gv60,EA,EA,,,
2021-03-01,Near Luxury SUV,genesis,gv70,genesis_gv70,gv70,EA,EA,,,
2021-03-01,Near Luxury EV SUV,genesis,gv70_ev,genesis_electrified_gv70,gv70_ev,EA,EA,,,
2021-03-01,Mid Luxury SUV,genesis,gv80,genesis_gv80,gv80,EA,EA,,,
2021-03-01,Mid Luxury SUV,genesis,gv80_coupe,genesis_gv80_coupe,gv80,EA,EA,,,
2021-03-01,Make Only,genesis,make_only,genesis_make_only,make_only,EA,EA,,,
2021-03-01,Brand,genesis,Total,genesis_Total,Total,MA,MA,,,
2021-03-01,Unassigned,genesis,Unassigned,Unassigned,Unassigned,MA,MA,,,
2021-03-01,Unassigned,genesis,Unassigned,unassigned,Unassigned,MA,MA,,,
2021-03-01,Near Luxury Car,genesis,g70,genesis_g70,g70,MA,MA,,,
2021-03-01,Mid Luxury Car,genesis,g80,genesis_g80,g80,MA,MA,,,
2021-03-01,Mid Luxury EV Car,genesis,g80_ev,genesis_electrified_g80,g80_ev,MA,MA,,,
2021-03-01,Premium Luxury Car,genesis,g90,genesis_g90,g90,MA,MA,,,
2021-03-01,Entry Luxury EV SUV,genesis,gv60,genesis_gv60,gv60,MA,MA,,,
2021-03-01,Near Luxury SUV,genesis,gv70,genesis_gv70,gv70,MA,MA,,,
2021-03-01,Near Luxury EV SUV,genesis,gv70_ev,genesis_electrified_gv70,gv70_ev,MA,MA,,,
2021-03-01,Mid Luxury SUV,genesis,gv80,genesis_gv80,gv80,MA,MA,,,
2021-03-01,Mid Luxury SUV,genesis,gv80_coupe,genesis_gv80_coupe,gv80,MA,MA,,,
2021-03-01,Make Only,genesis,make_only,genesis_make_only,make_only,MA,MA,,,
2021-03-01,Brand,genesis,Total,genesis_Total,Total,MS,MS,,,
2021-03-01,Unassigned,genesis,Unassigned,Unassigned,Unassigned,MS,MS,,,
2021-03-01,Unassigned,genesis,Unassigned,unassigned,Unassigned,MS,MS,,,
2021-03-01,Near Luxury Car,genesis,g70,genesis_g70,g70,MS,MS,,,
2021-03-01,Mid Luxury Car,genesis,g80,genesis_g80,g80,MS,MS,,,
2021-03-01,Mid Luxury EV Car,genesis,g80_ev,genesis_electrified_g80,g80_ev,MS,MS,,,
2021-03-01,Premium Luxury Car,genesis,g90,genesis_g90,g90,MS,MS,,,
2021-03-01,Entry Luxury EV SUV,genesis,gv60,genesis_gv60,gv60,MS,MS,,,
2021-03-01,Near Luxury SUV,genesis,gv70,genesis_gv70,gv70,MS,MS,,,
2021-03-01,Near Luxury EV SUV,genesis,gv70_ev,genesis_electrified_gv70,gv70_ev,MS,MS,,,
2021-03-01,Mid Luxury SUV,genesis,gv80,genesis_gv80,gv80,MS,MS,,,
2021-03-01,Mid Luxury SUV,genesis,gv80_coupe,genesis_gv80_coupe,gv80,MS,MS,,,
2021-03-01,Make Only,genesis,make_only,genesis_make_only,make_only,MS,MS,,,
2021-03-01,Brand,genesis,Total,genesis_Total,Total,NH,NH,,,
2021-03-01,Unassigned,genesis,Unassigned,unassigned,Unassigned,NH,NH,,,
2021-03-01,Unassigned,genesis,Unassigned,Unassigned,Unassigned,NH,NH,,,
2021-03-01,Near Luxury Car,genesis,g70,genesis_g70,g70,NH,NH,,,
2021-03-01,Mid Luxury Car,genesis,g80,genesis_g80,g80,NH,NH,,,
2021-03-01,Mid Luxury EV Car,genesis,g80_ev,genesis_electrified_g80,g80_ev,NH,NH,,,
2021-03-01,Premium Luxury Car,genesis,g90,genesis_g90,g90,NH,NH,,,
2021-03-01,Entry Luxury EV SUV,genesis,gv60,genesis_gv60,gv60,NH,NH,,,
2021-03-01,Near Luxury SUV,genesis,gv70,genesis_gv70,gv70,NH,NH,,,
2021-03-01,Near Luxury EV SUV,genesis,gv70_ev,genesis_electrified_gv70,gv70_ev,NH,NH,,,
2021-03-01,Mid Luxury SUV,genesis,gv80,genesis_gv80,gv80,NH,NH,,,
2021-03-01,Mid Luxury SUV,genesis,gv80_coupe,genesis_gv80_coupe,gv80,NH,NH,,,
2021-03-01,Make Only,genesis,make_only,genesis_make_only,make_only,NH,NH,,,
2021-03-01,Brand,genesis,Total,genesis_Total,Total,SC,SC,,,
2021-03-01,Unassigned,genesis,Unassigned,Unassigned,Unassigned,SC,SC,,,
2021-03-01,Unassigned,genesis,Unassigned,unassigned,Unassigned,SC,SC,,,
2021-03-01,Near Luxury Car,genesis,g70,genesis_g70,g70,SC,SC,,,
2021-03-01,Mid Luxury Car,genesis,g80,genesis_g80,g80,SC,SC,,,
2021-03-01,Mid Luxury EV Car,genesis,g80_ev,genesis_electrified_g80,g80_ev,SC,SC,,,
2021-03-01,Premium Luxury Car,genesis,g90,genesis_g90,g90,SC,SC,,,
2021-03-01,Entry Luxury EV SUV,genesis,gv60,genesis_gv60,gv60,SC,SC,,,
2021-03-01,Near Luxury SUV,genesis,gv70,genesis_gv70,gv70,SC,SC,,,
2021-03-01,Near Luxury EV SUV,genesis,gv70_ev,genesis_electrified_gv70,gv70_ev,SC,SC,,,
2021-03-01,Mid Luxury SUV,genesis,gv80,genesis_gv80,gv80,SC,SC,,,
2021-03-01,Mid Luxury SUV,genesis,gv80_coupe,genesis_gv80_coupe,gv80,SC,SC,,,
2021-03-01,Make Only,genesis,make_only,genesis_make_only,make_only,SC,SC,,,
2021-03-01,Brand,genesis,Total,genesis_Total,Total,SO,SO,,,
2021-03-01,Unassigned,genesis,Unassigned,Unassigned,Unassigned,SO,SO,,,
2021-03-01,Unassigned,genesis,Unassigned,unassigned,Unassigned,SO,SO,,,
2021-03-01,Near Luxury Car,genesis,g70,genesis_g70,g70,SO,SO,,,
2021-03-01,Mid Luxury Car,genesis,g80,genesis_g80,g80,SO,SO,,,
2021-03-01,Mid Luxury EV Car,genesis,g80_ev,genesis_electrified_g80,g80_ev,SO,SO,,,
2021-03-01,Premium Luxury Car,genesis,g90,genesis_g90,g90,SO,SO,,,
2021-03-01,Entry Luxury EV SUV,genesis,gv60,genesis_gv60,gv60,SO,SO,,,
2021-03-01,Near Luxury SUV,genesis,gv70,genesis_gv70,gv70,SO,SO,,,
2021-03-01,Near Luxury EV SUV,genesis,gv70_ev,genesis_electrified_gv70,gv70_ev,SO,SO,,,
2021-03-01,Mid Luxury SUV,genesis,gv80,genesis_gv80,gv80,SO,SO,,,
2021-03-01,Mid Luxury SUV,genesis,gv80_coupe,genesis_gv80_coupe,gv80,SO,SO,,,
2021-03-01,Make Only,genesis,make_only,genesis_make_only,make_only,SO,SO,,,
2021-03-01,Brand,genesis,Total,genesis_Total,Total,National,US,,,
2021-03-01,Unassigned,genesis,Unassigned,Unassigned,Unassigned,National,US,,,
2021-03-01,Unassigned,genesis,Unassigned,unassigned,Unassigned,National,US,,,
2021-03-01,Near Luxury Car,genesis,g70,genesis_g70,g70,National,US,,,
2021-03-01,Mid Luxury Car,genesis,g80,genesis_g80,g80,National,US,,,
2021-03-01,Mid Luxury EV Car,genesis,g80_ev,genesis_electrified_g80,g80_ev,National,US,,,
2021-03-01,Premium Luxury Car,genesis,g90,genesis_g90,g90,National,US,,,
2021-03-01,Entry Luxury EV SUV,genesis,gv60,genesis_gv60,gv60,National,US,,,
2021-03-01,Near Luxury SUV,genesis,gv70,genesis_gv70,gv70,National,US,,,
2021-03-01,Near Luxury EV SUV,genesis,gv70_ev,genesis_electrified_gv70,gv70_ev,National,US,,,
2021-03-01,Mid Luxury SUV,genesis,gv80,genesis_gv80,gv80,National,US,,,
2021-03-01,Mid Luxury SUV,genesis,gv80_coupe,genesis_gv80_coupe,gv80,National,US,,,
2021-03-01,Make Only,genesis,make_only,genesis_make_only,make_only,National,US,,,
2021-03-01,Brand,genesis,Total,genesis_Total,Total,WE,WE,,,
2021-03-01,Unassigned,genesis,Unassigned,Unassigned,Unassigned,WE,WE,,,
2021-03-01,Unassigned,genesis,Unassigned,unassigned,Unassigned,WE,WE,,,
2021-03-01,Near Luxury Car,genesis,g70,genesis_g70,g70,WE,WE,,,
2021-03-01,Mid Luxury Car,genesis,g80,genesis_g80,g80,WE,WE,,,
2021-03-01,Mid Luxury EV Car,genesis,g80_ev,genesis_electrified_g80,g80_ev,WE,WE,,,
2021-03-01,Premium Luxury Car,genesis,g90,genesis_g90,g90,WE,WE,,,
2021-03-01,Entry Luxury EV SUV,genesis,gv60,genesis_gv60,gv60,WE,WE,,,
2021-03-01,Near Luxury SUV,genesis,gv70,genesis_gv70,gv70,WE,WE,,,
2021-03-01,Near Luxury EV SUV,genesis,gv70_ev,genesis_electrified_gv70,gv70_ev,WE,WE,,,
2021-03-01,Mid Luxury SUV,genesis,gv80,genesis_gv80,gv80,WE,WE,,,
2021-03-01,Mid Luxury SUV,genesis,gv80_coupe,genesis_gv80_coupe,gv80,WE,WE,,,
2021-03-01,Make Only,genesis,make_only,genesis_make_only,make_only,WE,WE,,,
2021-04-01,Brand,genesis,Total,genesis_Total,Total,CE,CE,,,
2021-04-01,Unassigned,genesis,Unassigned,Unassigned,Unassigned,CE,CE,,,
2021-04-01,Unassigned,genesis,Unassigned,unassigned,Unassigned,CE,CE,,,
2021-04-01,Near Luxury Car,genesis,g70,genesis_g70,g70,CE,CE,,,
2021-04-01,Mid Luxury Car,genesis,g80,genesis_g80,g80,CE,CE,,,
2021-04-01,Mid Luxury EV Car,genesis,g80_ev,genesis_electrified_g80,g80_ev,CE,CE,,,
2021-04-01,Premium Luxury Car,genesis,g90,genesis_g90,g90,CE,CE,,,
2021-04-01,Entry Luxury EV SUV,genesis,gv60,genesis_gv60,gv60,CE,CE,,,
2021-04-01,Near Luxury SUV,genesis,gv70,genesis_gv70,gv70,CE,CE,,,
2021-04-01,Near Luxury EV SUV,genesis,gv70_ev,genesis_electrified_gv70,gv70_ev,CE,CE,,,
2021-04-01,Mid Luxury SUV,genesis,gv80,genesis_gv80,gv80,CE,CE,,,
2021-04-01,Mid Luxury SUV,genesis,gv80_coupe,genesis_gv80_coupe,gv80,CE,CE,,,
2021-04-01,Make Only,genesis,make_only,genesis_make_only,make_only,CE,CE,,,
2021-04-01,Brand,genesis,Total,genesis_Total,Total,EA,EA,,,
2021-04-01,Unassigned,genesis,Unassigned,unassigned,Unassigned,EA,EA,,,
2021-04-01,Unassigned,genesis,Unassigned,Unassigned,Unassigned,EA,EA,,,
2021-04-01,Near Luxury Car,genesis,g70,genesis_g70,g70,EA,EA,,,
2021-04-01,Mid Luxury Car,genesis,g80,genesis_g80,g80,EA,EA,,,
2021-04-01,Mid Luxury EV Car,genesis,g80_ev,genesis_electrified_g80,g80_ev,EA,EA,,,
2021-04-01,Premium Luxury Car,genesis,g90,genesis_g90,g90,EA,EA,,,
2021-04-01,Entry Luxury EV SUV,genesis,gv60,genesis_gv60,gv60,EA,EA,,,
2021-04-01,Near Luxury SUV,genesis,gv70,genesis_gv70,gv70,EA,EA,,,
2021-04-01,Near Luxury EV SUV,genesis,gv70_ev,genesis_electrified_gv70,gv70_ev,EA,EA,,,
2021-04-01,Mid Luxury SUV,genesis,gv80,genesis_gv80,gv80,EA,EA,,,
2021-04-01,Mid Luxury SUV,genesis,gv80_coupe,genesis_gv80_coupe,gv80,EA,EA,,,
2021-04-01,Make Only,genesis,make_only,genesis_make_only,make_only,EA,EA,,,
2021-04-01,Brand,genesis,Total,genesis_Total,Total,MA,MA,,,
2021-04-01,Unassigned,genesis,Unassigned,Unassigned,Unassigned,MA,MA,,,
2021-04-01,Unassigned,genesis,Unassigned,unassigned,Unassigned,MA,MA,,,
2021-04-01,Near Luxury Car,genesis,g70,genesis_g70,g70,MA,MA,,,
2021-04-01,Mid Luxury Car,genesis,g80,genesis_g80,g80,MA,MA,,,
2021-04-01,Mid Luxury EV Car,genesis,g80_ev,genesis_electrified_g80,g80_ev,MA,MA,,,
2021-04-01,Premium Luxury Car,genesis,g90,genesis_g90,g90,MA,MA,,,
2021-04-01,Entry Luxury EV SUV,genesis,gv60,genesis_gv60,gv60,MA,MA,,,
2021-04-01,Near Luxury SUV,genesis,gv70,genesis_gv70,gv70,MA,MA,,,
2021-04-01,Near Luxury EV SUV,genesis,gv70_ev,genesis_electrified_gv70,gv70_ev,MA,MA,,,
2021-04-01,Mid Luxury SUV,genesis,gv80,genesis_gv80,gv80,MA,MA,,,
2021-04-01,Mid Luxury SUV,genesis,gv80_coupe,genesis_gv80_coupe,gv80,MA,MA,,,
2021-04-01,Make Only,genesis,make_only,genesis_make_only,make_only,MA,MA,,,
2021-04-01,Brand,genesis,Total,genesis_Total,Total,MS,MS,,,
2021-04-01,Unassigned,genesis,Unassigned,Unassigned,Unassigned,MS,MS,,,
2021-04-01,Unassigned,genesis,Unassigned,unassigned,Unassigned,MS,MS,,,
2021-04-01,Near Luxury Car,genesis,g70,genesis_g70,g70,MS,MS,,,
2021-04-01,Mid Luxury Car,genesis,g80,genesis_g80,g80,MS,MS,,,
2021-04-01,Mid Luxury EV Car,genesis,g80_ev,genesis_electrified_g80,g80_ev,MS,MS,,,
2021-04-01,Premium Luxury Car,genesis,g90,genesis_g90,g90,MS,MS,,,
2021-04-01,Entry Luxury EV SUV,genesis,gv60,genesis_gv60,gv60,MS,MS,,,
2021-04-01,Near Luxury SUV,genesis,gv70,genesis_gv70,gv70,MS,MS,,,
2021-04-01,Near Luxury EV SUV,genesis,gv70_ev,genesis_electrified_gv70,gv70_ev,MS,MS,,,
2021-04-01,Mid Luxury SUV,genesis,gv80,genesis_gv80,gv80,MS,MS,,,
2021-04-01,Mid Luxury SUV,genesis,gv80_coupe,genesis_gv80_coupe,gv80,MS,MS,,,
2021-04-01,Make Only,genesis,make_only,genesis_make_only,make_only,MS,MS,,,
2021-04-01,Brand,genesis,Total,genesis_Total,Total,NH,NH,,,
2021-04-01,Unassigned,genesis,Unassigned,Unassigned,Unassigned,NH,NH,,,
2021-04-01,Unassigned,genesis,Unassigned,unassigned,Unassigned,NH,NH,,,
2021-04-01,Near Luxury Car,genesis,g70,genesis_g70,g70,NH,NH,,,
2021-04-01,Mid Luxury Car,genesis,g80,genesis_g80,g80,NH,NH,,,
2021-04-01,Mid Luxury EV Car,genesis,g80_ev,genesis_electrified_g80,g80_ev,NH,NH,,,
2021-04-01,Premium Luxury Car,genesis,g90,genesis_g90,g90,NH,NH,,,
2021-04-01,Entry Luxury EV SUV,genesis,gv60,genesis_gv60,gv60,NH,NH,,,
2021-04-01,Near Luxury SUV,genesis,gv70,genesis_gv70,gv70,NH,NH,,,
2021-04-01,Near Luxury EV SUV,genesis,gv70_ev,genesis_electrified_gv70,gv70_ev,NH,NH,,,
2021-04-01,Mid Luxury SUV,genesis,gv80,genesis_gv80,gv80,NH,NH,,,
2021-04-01,Mid Luxury SUV,genesis,gv80_coupe,genesis_gv80_coupe,gv80,NH,NH,,,
2021-04-01,Make Only,genesis,make_only,genesis_make_only,make_only,NH,NH,,,
2021-04-01,Brand,genesis,Total,genesis_Total,Total,SC,SC,,,
2021-04-01,Unassigned,genesis,Unassigned,Unassigned,Unassigned,SC,SC,,,
2021-04-01,Unassigned,genesis,Unassigned,unassigned,Unassigned,SC,SC,,,
2021-04-01,Near Luxury Car,genesis,g70,genesis_g70,g70,SC,SC,,,
2021-04-01,Mid Luxury Car,genesis,g80,genesis_g80,g80,SC,SC,,,
2021-04-01,Mid Luxury EV Car,genesis,g80_ev,genesis_electrified_g80,g80_ev,SC,SC,,,
2021-04-01,Premium Luxury Car,genesis,g90,genesis_g90,g90,SC,SC,,,
2021-04-01,Entry Luxury EV SUV,genesis,gv60,genesis_gv60,gv60,SC,SC,,,
2021-04-01,Near Luxury SUV,genesis,gv70,genesis_gv70,gv70,SC,SC,,,
2021-04-01,Near Luxury EV SUV,genesis,gv70_ev,genesis_electrified_gv70,gv70_ev,SC,SC,,,
2021-04-01,Mid Luxury SUV,genesis,gv80,genesis_gv80,gv80,SC,SC,,,
2021-04-01,Mid Luxury SUV,genesis,gv80_coupe,genesis_gv80_coupe,gv80,SC,SC,,,
2021-04-01,Make Only,genesis,make_only,genesis_make_only,make_only,SC,SC,,,
2021-04-01,Brand,genesis,Total,genesis_Total,Total,SO,SO,,,
2021-04-01,Unassigned,genesis,Unassigned,unassigned,Unassigned,SO,SO,,,
2021-04-01,Unassigned,genesis,Unassigned,Unassigned,Unassigned,SO,SO,,,
2021-04-01,Near Luxury Car,genesis,g70,genesis_g70,g70,SO,SO,,,
2021-04-01,Mid Luxury Car,genesis,g80,genesis_g80,g80,SO,SO,,,
2021-04-01,Mid Luxury EV Car,genesis,g80_ev,genesis_electrified_g80,g80_ev,SO,SO,,,
2021-04-01,Premium Luxury Car,genesis,g90,genesis_g90,g90,SO,SO,,,
2021-04-01,Entry Luxury EV SUV,genesis,gv60,genesis_gv60,gv60,SO,SO,,,
2021-04-01,Near Luxury SUV,genesis,gv70,genesis_gv70,gv70,SO,SO,,,
2021-04-01,Near Luxury EV SUV,genesis,gv70_ev,genesis_electrified_gv70,gv70_ev,SO,SO,,,
2021-04-01,Mid Luxury SUV,genesis,gv80,genesis_gv80,gv80,SO,SO,,,
2021-04-01,Mid Luxury SUV,genesis,gv80_coupe,genesis_gv80_coupe,gv80,SO,SO,,,
2021-04-01,Make Only,genesis,make_only,genesis_make_only,make_only,SO,SO,,,
2021-04-01,Brand,genesis,Total,genesis_Total,Total,National,US,,,
2021-04-01,Unassigned,genesis,Unassigned,unassigned,Unassigned,National,US,,,
2021-04-01,Unassigned,genesis,Unassigned,Unassigned,Unassigned,National,US,,,
2021-04-01,Near Luxury Car,genesis,g70,genesis_g70,g70,National,US,,,
2021-04-01,Mid Luxury Car,genesis,g80,genesis_g80,g80,National,US,,,
2021-04-01,Mid Luxury EV Car,genesis,g80_ev,genesis_electrified_g80,g80_ev,National,US,,,
2021-04-01,Premium Luxury Car,genesis,g90,genesis_g90,g90,National,US,,,
2021-04-01,Entry Luxury EV SUV,genesis,gv60,genesis_gv60,gv60,National,US,,,
2021-04-01,Near Luxury SUV,genesis,gv70,genesis_gv70,gv70,National,US,,,
2021-04-01,Near Luxury EV SUV,genesis,gv70_ev,genesis_electrified_gv70,gv70_ev,National,US,,,
2021-04-01,Mid Luxury SUV,genesis,gv80,genesis_gv80,gv80,National,US,,,
2021-04-01,Mid Luxury SUV,genesis,gv80_coupe,genesis_gv80_coupe,gv80,National,US,,,
2021-04-01,Make Only,genesis,make_only,genesis_make_only,make_only,National,US,,,
2021-04-01,Brand,genesis,Total,genesis_Total,Total,WE,WE,,,
2021-04-01,Unassigned,genesis,Unassigned,unassigned,Unassigned,WE,WE,,,
2021-04-01,Unassigned,genesis,Unassigned,Unassigned,Unassigned,WE,WE,,,
2021-04-01,Near Luxury Car,genesis,g70,genesis_g70,g70,WE,WE,,,
2021-04-01,Mid Luxury Car,genesis,g80,genesis_g80,g80,WE,WE,,,
2021-04-01,Mid Luxury EV Car,genesis,g80_ev,genesis_electrified_g80,g80_ev,WE,WE,,,
2021-04-01,Premium Luxury Car,genesis,g90,genesis_g90,g90,WE,WE,,,
2021-04-01,Entry Luxury EV SUV,genesis,gv60,genesis_gv60,gv60,WE,WE,,,
2021-04-01,Near Luxury SUV,genesis,gv70,genesis_gv70,gv70,WE,WE,,,
2021-04-01,Near Luxury EV SUV,genesis,gv70_ev,genesis_electrified_gv70,gv70_ev,WE,WE,,,
2021-04-01,Mid Luxury SUV,genesis,gv80,genesis_gv80,gv80,WE,WE,,,
2021-04-01,Mid Luxury SUV,genesis,gv80_coupe,genesis_gv80_coupe,gv80,WE,WE,,,
2021-04-01,Make Only,genesis,make_only,genesis_make_only,make_only,WE,WE,,,
2021-05-01,Brand,genesis,Total,genesis_Total,Total,CE,CE,,,
2021-05-01,Unassigned,genesis,Unassigned,unassigned,Unassigned,CE,CE,,,
2021-05-01,Unassigned,genesis,Unassigned,Unassigned,Unassigned,CE,CE,,,
2021-05-01,Near Luxury Car,genesis,g70,genesis_g70,g70,CE,CE,,,
2021-05-01,Mid Luxury Car,genesis,g80,genesis_g80,g80,CE,CE,,,
2021-05-01,Mid Luxury EV Car,genesis,g80_ev,genesis_electrified_g80,g80_ev,CE,CE,,,
2021-05-01,Premium Luxury Car,genesis,g90,genesis_g90,g90,CE,CE,,,
2021-05-01,Entry Luxury EV SUV,genesis,gv60,genesis_gv60,gv60,CE,CE,,,
2021-05-01,Near Luxury SUV,genesis,gv70,genesis_gv70,gv70,CE,CE,,,
2021-05-01,Near Luxury EV SUV,genesis,gv70_ev,genesis_electrified_gv70,gv70_ev,CE,CE,,,
2021-05-01,Mid Luxury SUV,genesis,gv80,genesis_gv80,gv80,CE,CE,,,
2021-05-01,Mid Luxury SUV,genesis,gv80_coupe,genesis_gv80_coupe,gv80,CE,CE,,,
2021-05-01,Make Only,genesis,make_only,genesis_make_only,make_only,CE,CE,,,
2021-05-01,Brand,genesis,Total,genesis_Total,Total,EA,EA,,,
2021-05-01,Unassigned,genesis,Unassigned,unassigned,Unassigned,EA,EA,,,
2021-05-01,Unassigned,genesis,Unassigned,Unassigned,Unassigned,EA,EA,,,
2021-05-01,Near Luxury Car,genesis,g70,genesis_g70,g70,EA,EA,,,
2021-05-01,Mid Luxury Car,genesis,g80,genesis_g80,g80,EA,EA,,,
2021-05-01,Mid Luxury EV Car,genesis,g80_ev,genesis_electrified_g80,g80_ev,EA,EA,,,
2021-05-01,Premium Luxury Car,genesis,g90,genesis_g90,g90,EA,EA,,,
2021-05-01,Entry Luxury EV SUV,genesis,gv60,genesis_gv60,gv60,EA,EA,,,
2021-05-01,Near Luxury SUV,genesis,gv70,genesis_gv70,gv70,EA,EA,,,
2021-05-01,Near Luxury EV SUV,genesis,gv70_ev,genesis_electrified_gv70,gv70_ev,EA,EA,,,
2021-05-01,Mid Luxury SUV,genesis,gv80,genesis_gv80,gv80,EA,EA,,,
2021-05-01,Mid Luxury SUV,genesis,gv80_coupe,genesis_gv80_coupe,gv80,EA,EA,,,
2021-05-01,Make Only,genesis,make_only,genesis_make_only,make_only,EA,EA,,,
2021-05-01,Brand,genesis,Total,genesis_Total,Total,MA,MA,,,
2021-05-01,Unassigned,genesis,Unassigned,unassigned,Unassigned,MA,MA,,,
2021-05-01,Unassigned,genesis,Unassigned,Unassigned,Unassigned,MA,MA,,,
2021-05-01,Near Luxury Car,genesis,g70,genesis_g70,g70,MA,MA,,,
2021-05-01,Mid Luxury Car,genesis,g80,genesis_g80,g80,MA,MA,,,
2021-05-01,Mid Luxury EV Car,genesis,g80_ev,genesis_electrified_g80,g80_ev,MA,MA,,,
2021-05-01,Premium Luxury Car,genesis,g90,genesis_g90,g90,MA,MA,,,
2021-05-01,Entry Luxury EV SUV,genesis,gv60,genesis_gv60,gv60,MA,MA,,,
2021-05-01,Near Luxury SUV,genesis,gv70,genesis_gv70,gv70,MA,MA,,,
2021-05-01,Near Luxury EV SUV,genesis,gv70_ev,genesis_electrified_gv70,gv70_ev,MA,MA,,,
2021-05-01,Mid Luxury SUV,genesis,gv80,genesis_gv80,gv80,MA,MA,,,
2021-05-01,Mid Luxury SUV,genesis,gv80_coupe,genesis_gv80_coupe,gv80,MA,MA,,,
2021-05-01,Make Only,genesis,make_only,genesis_make_only,make_only,MA,MA,,,
2021-05-01,Brand,genesis,Total,genesis_Total,Total,MS,MS,,,
2021-05-01,Unassigned,genesis,Unassigned,Unassigned,Unassigned,MS,MS,,,
2021-05-01,Unassigned,genesis,Unassigned,unassigned,Unassigned,MS,MS,,,
2021-05-01,Near Luxury Car,genesis,g70,genesis_g70,g70,MS,MS,,,
2021-05-01,Mid Luxury Car,genesis,g80,genesis_g80,g80,MS,MS,,,
2021-05-01,Mid Luxury EV Car,genesis,g80_ev,genesis_electrified_g80,g80_ev,MS,MS,,,
2021-05-01,Premium Luxury Car,genesis,g90,genesis_g90,g90,MS,MS,,,
2021-05-01,Entry Luxury EV SUV,genesis,gv60,genesis_gv60,gv60,MS,MS,,,
2021-05-01,Near Luxury SUV,genesis,gv70,genesis_gv70,gv70,MS,MS,,,
2021-05-01,Near Luxury EV SUV,genesis,gv70_ev,genesis_electrified_gv70,gv70_ev,MS,MS,,,
2021-05-01,Mid Luxury SUV,genesis,gv80,genesis_gv80,gv80,MS,MS,,,
2021-05-01,Mid Luxury SUV,genesis,gv80_coupe,genesis_gv80_coupe,gv80,MS,MS,,,
2021-05-01,Make Only,genesis,make_only,genesis_make_only,make_only,MS,MS,,,
2021-05-01,Brand,genesis,Total,genesis_Total,Total,NH,NH,,,
2021-05-01,Unassigned,genesis,Unassigned,unassigned,Unassigned,NH,NH,,,
2021-05-01,Unassigned,genesis,Unassigned,Unassigned,Unassigned,NH,NH,,,
2021-05-01,Near Luxury Car,genesis,g70,genesis_g70,g70,NH,NH,,,
2021-05-01,Mid Luxury Car,genesis,g80,genesis_g80,g80,NH,NH,,,
2021-05-01,Mid Luxury EV Car,genesis,g80_ev,genesis_electrified_g80,g80_ev,NH,NH,,,
2021-05-01,Premium Luxury Car,genesis,g90,genesis_g90,g90,NH,NH,,,
2021-05-01,Entry Luxury EV SUV,genesis,gv60,genesis_gv60,gv60,NH,NH,,,
2021-05-01,Near Luxury SUV,genesis,gv70,genesis_gv70,gv70,NH,NH,,,
2021-05-01,Near Luxury EV SUV,genesis,gv70_ev,genesis_electrified_gv70,gv70_ev,NH,NH,,,
2021-05-01,Mid Luxury SUV,genesis,gv80,genesis_gv80,gv80,NH,NH,,,
2021-05-01,Mid Luxury SUV,genesis,gv80_coupe,genesis_gv80_coupe,gv80,NH,NH,,,
2021-05-01,Make Only,genesis,make_only,genesis_make_only,make_only,NH,NH,,,
2021-05-01,Brand,genesis,Total,genesis_Total,Total,SC,SC,,,
2021-05-01,Unassigned,genesis,Unassigned,unassigned,Unassigned,SC,SC,,,
2021-05-01,Unassigned,genesis,Unassigned,Unassigned,Unassigned,SC,SC,,,
2021-05-01,Near Luxury Car,genesis,g70,genesis_g70,g70,SC,SC,,,
2021-05-01,Mid Luxury Car,genesis,g80,genesis_g80,g80,SC,SC,,,
2021-05-01,Mid Luxury EV Car,genesis,g80_ev,genesis_electrified_g80,g80_ev,SC,SC,,,
2021-05-01,Premium Luxury Car,genesis,g90,genesis_g90,g90,SC,SC,,,
2021-05-01,Entry Luxury EV SUV,genesis,gv60,genesis_gv60,gv60,SC,SC,,,
2021-05-01,Near Luxury SUV,genesis,gv70,genesis_gv70,gv70,SC,SC,,,
2021-05-01,Near Luxury EV SUV,genesis,gv70_ev,genesis_electrified_gv70,gv70_ev,SC,SC,,,
2021-05-01,Mid Luxury SUV,genesis,gv80,genesis_gv80,gv80,SC,SC,,,
2021-05-01,Mid Luxury SUV,genesis,gv80_coupe,genesis_gv80_coupe,gv80,SC,SC,,,
2021-05-01,Make Only,genesis,make_only,genesis_make_only,make_only,SC,SC,,,
2021-05-01,Brand,genesis,Total,genesis_Total,Total,SO,SO,,,
2021-05-01,Unassigned,genesis,Unassigned,Unassigned,Unassigned,SO,SO,,,
2021-05-01,Unassigned,genesis,Unassigned,unassigned,Unassigned,SO,SO,,,
2021-05-01,Near Luxury Car,genesis,g70,genesis_g70,g70,SO,SO,,,
2021-05-01,Mid Luxury Car,genesis,g80,genesis_g80,g80,SO,SO,,,
2021-05-01,Mid Luxury EV Car,genesis,g80_ev,genesis_electrified_g80,g80_ev,SO,SO,,,
2021-05-01,Premium Luxury Car,genesis,g90,genesis_g90,g90,SO,SO,,,
2021-05-01,Entry Luxury EV SUV,genesis,gv60,genesis_gv60,gv60,SO,SO,,,
2021-05-01,Near Luxury SUV,genesis,gv70,genesis_gv70,gv70,SO,SO,,,
2021-05-01,Near Luxury EV SUV,genesis,gv70_ev,genesis_electrified_gv70,gv70_ev,SO,SO,,,
2021-05-01,Mid Luxury SUV,genesis,gv80,genesis_gv80,gv80,SO,SO,,,
2021-05-01,Mid Luxury SUV,genesis,gv80_coupe,genesis_gv80_coupe,gv80,SO,SO,,,
2021-05-01,Make Only,genesis,make_only,genesis_make_only,make_only,SO,SO,,,
2021-05-01,Brand,genesis,Total,genesis_Total,Total,National,US,,,
2021-05-01,Unassigned,genesis,Unassigned,unassigned,Unassigned,National,US,,,
2021-05-01,Unassigned,genesis,Unassigned,Unassigned,Unassigned,National,US,,,
2021-05-01,Near Luxury Car,genesis,g70,genesis_g70,g70,National,US,,,
2021-05-01,Mid Luxury Car,genesis,g80,genesis_g80,g80,National,US,,,
2021-05-01,Mid Luxury EV Car,genesis,g80_ev,genesis_electrified_g80,g80_ev,National,US,,,
2021-05-01,Premium Luxury Car,genesis,g90,genesis_g90,g90,National,US,,,
2021-05-01,Entry Luxury EV SUV,genesis,gv60,genesis_gv60,gv60,National,US,,,
2021-05-01,Near Luxury SUV,genesis,gv70,genesis_gv70,gv70,National,US,,,
2021-05-01,Near Luxury EV SUV,genesis,gv70_ev,genesis_electrified_gv70,gv70_ev,National,US,,,
2021-05-01,Mid Luxury SUV,genesis,gv80,genesis_gv80,gv80,National,US,,,
2021-05-01,Mid Luxury SUV,genesis,gv80_coupe,genesis_gv80_coupe,gv80,National,US,,,
2021-05-01,Make Only,genesis,make_only,genesis_make_only,make_only,National,US,,,
2021-05-01,Brand,genesis,Total,genesis_Total,Total,WE,WE,,,
2021-05-01,Unassigned,genesis,Unassigned,Unassigned,Unassigned,WE,WE,,,
2021-05-01,Unassigned,genesis,Unassigned,unassigned,Unassigned,WE,WE,,,
2021-05-01,Near Luxury Car,genesis,g70,genesis_g70,g70,WE,WE,,,
2021-05-01,Mid Luxury Car,genesis,g80,genesis_g80,g80,WE,WE,,,
2021-05-01,Mid Luxury EV Car,genesis,g80_ev,genesis_electrified_g80,g80_ev,WE,WE,,,
2021-05-01,Premium Luxury Car,genesis,g90,genesis_g90,g90,WE,WE,,,
2021-05-01,Entry Luxury EV SUV,genesis,gv60,genesis_gv60,gv60,WE,WE,,,
2021-05-01,Near Luxury SUV,genesis,gv70,genesis_gv70,gv70,WE,WE,,,
2021-05-01,Near Luxury EV SUV,genesis,gv70_ev,genesis_electrified_gv70,gv70_ev,WE,WE,,,
2021-05-01,Mid Luxury SUV,genesis,gv80,genesis_gv80,gv80,WE,WE,,,
2021-05-01,Mid Luxury SUV,genesis,gv80_coupe,genesis_gv80_coupe,gv80,WE,WE,,,
2021-05-01,Make Only,genesis,make_only,genesis_make_only,make_only,WE,WE,,,
2021-06-01,Brand,genesis,Total,genesis_Total,Total,CE,CE,,,
2021-06-01,Unassigned,genesis,Unassigned,unassigned,Unassigned,CE,CE,,,
2021-06-01,Unassigned,genesis,Unassigned,Unassigned,Unassigned,CE,CE,,,
2021-06-01,Near Luxury Car,genesis,g70,genesis_g70,g70,CE,CE,,,
2021-06-01,Mid Luxury Car,genesis,g80,genesis_g80,g80,CE,CE,,,
2021-06-01,Mid Luxury EV Car,genesis,g80_ev,genesis_electrified_g80,g80_ev,CE,CE,,,
2021-06-01,Premium Luxury Car,genesis,g90,genesis_g90,g90,CE,CE,,,
2021-06-01,Entry Luxury EV SUV,genesis,gv60,genesis_gv60,gv60,CE,CE,,,
2021-06-01,Near Luxury SUV,genesis,gv70,genesis_gv70,gv70,CE,CE,,,
2021-06-01,Near Luxury EV SUV,genesis,gv70_ev,genesis_electrified_gv70,gv70_ev,CE,CE,,,
2021-06-01,Mid Luxury SUV,genesis,gv80,genesis_gv80,gv80,CE,CE,,,
2021-06-01,Mid Luxury SUV,genesis,gv80_coupe,genesis_gv80_coupe,gv80,CE,CE,,,
2021-06-01,Make Only,genesis,make_only,genesis_make_only,make_only,CE,CE,,,
2021-06-01,Brand,genesis,Total,genesis_Total,Total,EA,EA,,,
2021-06-01,Unassigned,genesis,Unassigned,unassigned,Unassigned,EA,EA,,,
2021-06-01,Unassigned,genesis,Unassigned,Unassigned,Unassigned,EA,EA,,,
2021-06-01,Near Luxury Car,genesis,g70,genesis_g70,g70,EA,EA,,,
2021-06-01,Mid Luxury Car,genesis,g80,genesis_g80,g80,EA,EA,,,
2021-06-01,Mid Luxury EV Car,genesis,g80_ev,genesis_electrified_g80,g80_ev,EA,EA,,,
2021-06-01,Premium Luxury Car,genesis,g90,genesis_g90,g90,EA,EA,,,
2021-06-01,Entry Luxury EV SUV,genesis,gv60,genesis_gv60,gv60,EA,EA,,,
2021-06-01,Near Luxury SUV,genesis,gv70,genesis_gv70,gv70,EA,EA,,,
2021-06-01,Near Luxury EV SUV,genesis,gv70_ev,genesis_electrified_gv70,gv70_ev,EA,EA,,,
2021-06-01,Mid Luxury SUV,genesis,gv80,genesis_gv80,gv80,EA,EA,,,
2021-06-01,Mid Luxury SUV,genesis,gv80_coupe,genesis_gv80_coupe,gv80,EA,EA,,,
2021-06-01,Make Only,genesis,make_only,genesis_make_only,make_only,EA,EA,,,
2021-06-01,Brand,genesis,Total,genesis_Total,Total,MA,MA,,,
2021-06-01,Unassigned,genesis,Unassigned,Unassigned,Unassigned,MA,MA,,,
2021-06-01,Unassigned,genesis,Unassigned,unassigned,Unassigned,MA,MA,,,
2021-06-01,Near Luxury Car,genesis,g70,genesis_g70,g70,MA,MA,,,
2021-06-01,Mid Luxury Car,genesis,g80,genesis_g80,g80,MA,MA,,,
2021-06-01,Mid Luxury EV Car,genesis,g80_ev,genesis_electrified_g80,g80_ev,MA,MA,,,
2021-06-01,Premium Luxury Car,genesis,g90,genesis_g90,g90,MA,MA,,,
2021-06-01,Entry Luxury EV SUV,genesis,gv60,genesis_gv60,gv60,MA,MA,,,
2021-06-01,Near Luxury SUV,genesis,gv70,genesis_gv70,gv70,MA,MA,,,
2021-06-01,Near Luxury EV SUV,genesis,gv70_ev,genesis_electrified_gv70,gv70_ev,MA,MA,,,
2021-06-01,Mid Luxury SUV,genesis,gv80,genesis_gv80,gv80,MA,MA,,,
2021-06-01,Mid Luxury SUV,genesis,gv80_coupe,genesis_gv80_coupe,gv80,MA,MA,,,
2021-06-01,Make Only,genesis,make_only,genesis_make_only,make_only,MA,MA,,,
2021-06-01,Brand,genesis,Total,genesis_Total,Total,MS,MS,,,
2021-06-01,Unassigned,genesis,Unassigned,unassigned,Unassigned,MS,MS,,,
2021-06-01,Unassigned,genesis,Unassigned,Unassigned,Unassigned,MS,MS,,,
2021-06-01,Near Luxury Car,genesis,g70,genesis_g70,g70,MS,MS,,,
2021-06-01,Mid Luxury Car,genesis,g80,genesis_g80,g80,MS,MS,,,
2021-06-01,Mid Luxury EV Car,genesis,g80_ev,genesis_electrified_g80,g80_ev,MS,MS,,,
2021-06-01,Premium Luxury Car,genesis,g90,genesis_g90,g90,MS,MS,,,
2021-06-01,Entry Luxury EV SUV,genesis,gv60,genesis_gv60,gv60,MS,MS,,,
2021-06-01,Near Luxury SUV,genesis,gv70,genesis_gv70,gv70,MS,MS,,,
2021-06-01,Near Luxury EV SUV,genesis,gv70_ev,genesis_electrified_gv70,gv70_ev,MS,MS,,,
2021-06-01,Mid Luxury SUV,genesis,gv80,genesis_gv80,gv80,MS,MS,,,
2021-06-01,Mid Luxury SUV,genesis,gv80_coupe,genesis_gv80_coupe,gv80,MS,MS,,,
2021-06-01,Make Only,genesis,make_only,genesis_make_only,make_only,MS,MS,,,
2021-06-01,Brand,genesis,Total,genesis_Total,Total,NH,NH,,,
2021-06-01,Unassigned,genesis,Unassigned,unassigned,Unassigned,NH,NH,,,
2021-06-01,Unassigned,genesis,Unassigned,Unassigned,Unassigned,NH,NH,,,
2021-06-01,Near Luxury Car,genesis,g70,genesis_g70,g70,NH,NH,,,
2021-06-01,Mid Luxury Car,genesis,g80,genesis_g80,g80,NH,NH,,,
2021-06-01,Mid Luxury EV Car,genesis,g80_ev,genesis_electrified_g80,g80_ev,NH,NH,,,
2021-06-01,Premium Luxury Car,genesis,g90,genesis_g90,g90,NH,NH,,,
2021-06-01,Entry Luxury EV SUV,genesis,gv60,genesis_gv60,gv60,NH,NH,,,
2021-06-01,Near Luxury SUV,genesis,gv70,genesis_gv70,gv70,NH,NH,,,
2021-06-01,Near Luxury EV SUV,genesis,gv70_ev,genesis_electrified_gv70,gv70_ev,NH,NH,,,
2021-06-01,Mid Luxury SUV,genesis,gv80,genesis_gv80,gv80,NH,NH,,,
2021-06-01,Mid Luxury SUV,genesis,gv80_coupe,genesis_gv80_coupe,gv80,NH,NH,,,
2021-06-01,Make Only,genesis,make_only,genesis_make_only,make_only,NH,NH,,,
2021-06-01,Brand,genesis,Total,genesis_Total,Total,SC,SC,,,
2021-06-01,Unassigned,genesis,Unassigned,unassigned,Unassigned,SC,SC,,,
2021-06-01,Unassigned,genesis,Unassigned,Unassigned,Unassigned,SC,SC,,,
2021-06-01,Near Luxury Car,genesis,g70,genesis_g70,g70,SC,SC,,,
2021-06-01,Mid Luxury Car,genesis,g80,genesis_g80,g80,SC,SC,,,
2021-06-01,Mid Luxury EV Car,genesis,g80_ev,genesis_electrified_g80,g80_ev,SC,SC,,,
2021-06-01,Premium Luxury Car,genesis,g90,genesis_g90,g90,SC,SC,,,
2021-06-01,Entry Luxury EV SUV,genesis,gv60,genesis_gv60,gv60,SC,SC,,,
2021-06-01,Near Luxury SUV,genesis,gv70,genesis_gv70,gv70,SC,SC,,,
2021-06-01,Near Luxury EV SUV,genesis,gv70_ev,genesis_electrified_gv70,gv70_ev,SC,SC,,,
2021-06-01,Mid Luxury SUV,genesis,gv80,genesis_gv80,gv80,SC,SC,,,
2021-06-01,Mid Luxury SUV,genesis,gv80_coupe,genesis_gv80_coupe,gv80,SC,SC,,,
2021-06-01,Make Only,genesis,make_only,genesis_make_only,make_only,SC,SC,,,
2021-06-01,Brand,genesis,Total,genesis_Total,Total,SO,SO,,,
2021-06-01,Unassigned,genesis,Unassigned,unassigned,Unassigned,SO,SO,,,
2021-06-01,Unassigned,genesis,Unassigned,Unassigned,Unassigned,SO,SO,,,
2021-06-01,Near Luxury Car,genesis,g70,genesis_g70,g70,SO,SO,,,
2021-06-01,Mid Luxury Car,genesis,g80,genesis_g80,g80,SO,SO,,,
2021-06-01,Mid Luxury EV Car,genesis,g80_ev,genesis_electrified_g80,g80_ev,SO,SO,,,
2021-06-01,Premium Luxury Car,genesis,g90,genesis_g90,g90,SO,SO,,,
2021-06-01,Entry Luxury EV SUV,genesis,gv60,genesis_gv60,gv60,SO,SO,,,
2021-06-01,Near Luxury SUV,genesis,gv70,genesis_gv70,gv70,SO,SO,,,
2021-06-01,Near Luxury EV SUV,genesis,gv70_ev,genesis_electrified_gv70,gv70_ev,SO,SO,,,
2021-06-01,Mid Luxury SUV,genesis,gv80,genesis_gv80,gv80,SO,SO,,,
2021-06-01,Mid Luxury SUV,genesis,gv80_coupe,genesis_gv80_coupe,gv80,SO,SO,,,
2021-06-01,Make Only,genesis,make_only,genesis_make_only,make_only,SO,SO,,,
2021-06-01,Brand,genesis,Total,genesis_Total,Total,National,US,,,
2021-06-01,Unassigned,genesis,Unassigned,Unassigned,Unassigned,National,US,,,
2021-06-01,Unassigned,genesis,Unassigned,unassigned,Unassigned,National,US,,,
2021-06-01,Near Luxury Car,genesis,g70,genesis_g70,g70,National,US,,,
2021-06-01,Mid Luxury Car,genesis,g80,genesis_g80,g80,National,US,,,
2021-06-01,Mid Luxury EV Car,genesis,g80_ev,genesis_electrified_g80,g80_ev,National,US,,,
2021-06-01,Premium Luxury Car,genesis,g90,genesis_g90,g90,National,US,,,
2021-06-01,Entry Luxury EV SUV,genesis,gv60,genesis_gv60,gv60,National,US,,,
2021-06-01,Near Luxury SUV,genesis,gv70,genesis_gv70,gv70,National,US,,,
2021-06-01,Near Luxury EV SUV,genesis,gv70_ev,genesis_electrified_gv70,gv70_ev,National,US,,,
2021-06-01,Mid Luxury SUV,genesis,gv80,genesis_gv80,gv80,National,US,,,
2021-06-01,Mid Luxury SUV,genesis,gv80_coupe,genesis_gv80_coupe,gv80,National,US,,,
2021-06-01,Make Only,genesis,make_only,genesis_make_only,make_only,National,US,,,
2021-06-01,Brand,genesis,Total,genesis_Total,Total,WE,WE,,,
2021-06-01,Unassigned,genesis,Unassigned,unassigned,Unassigned,WE,WE,,,
2021-06-01,Unassigned,genesis,Unassigned,Unassigned,Unassigned,WE,WE,,,
2021-06-01,Near Luxury Car,genesis,g70,genesis_g70,g70,WE,WE,,,
2021-06-01,Mid Luxury Car,genesis,g80,genesis_g80,g80,WE,WE,,,
2021-06-01,Mid Luxury EV Car,genesis,g80_ev,genesis_electrified_g80,g80_ev,WE,WE,,,
2021-06-01,Premium Luxury Car,genesis,g90,genesis_g90,g90,WE,WE,,,
2021-06-01,Entry Luxury EV SUV,genesis,gv60,genesis_gv60,gv60,WE,WE,,,
2021-06-01,Near Luxury SUV,genesis,gv70,genesis_gv70,gv70,WE,WE,,,
2021-06-01,Near Luxury EV SUV,genesis,gv70_ev,genesis_electrified_gv70,gv70_ev,WE,WE,,,
2021-06-01,Mid Luxury SUV,genesis,gv80,genesis_gv80,gv80,WE,WE,,,
2021-06-01,Mid Luxury SUV,genesis,gv80_coupe,genesis_gv80_coupe,gv80,WE,WE,,,
2021-06-01,Make Only,genesis,make_only,genesis_make_only,make_only,WE,WE,,,
2021-07-01,Brand,genesis,Total,genesis_Total,Total,CE,CE,,,
2021-07-01,Unassigned,genesis,Unassigned,Unassigned,Unassigned,CE,CE,,,
2021-07-01,Unassigned,genesis,Unassigned,unassigned,Unassigned,CE,CE,,,
2021-07-01,Near Luxury Car,genesis,g70,genesis_g70,g70,CE,CE,,,
2021-07-01,Mid Luxury Car,genesis,g80,genesis_g80,g80,CE,CE,,,
2021-07-01,Mid Luxury EV Car,genesis,g80_ev,genesis_electrified_g80,g80_ev,CE,CE,,,
2021-07-01,Premium Luxury Car,genesis,g90,genesis_g90,g90,CE,CE,,,
2021-07-01,Entry Luxury EV SUV,genesis,gv60,genesis_gv60,gv60,CE,CE,,,
2021-07-01,Near Luxury SUV,genesis,gv70,genesis_gv70,gv70,CE,CE,,,
2021-07-01,Near Luxury EV SUV,genesis,gv70_ev,genesis_electrified_gv70,gv70_ev,CE,CE,,,
2021-07-01,Mid Luxury SUV,genesis,gv80,genesis_gv80,gv80,CE,CE,,,
2021-07-01,Mid Luxury SUV,genesis,gv80_coupe,genesis_gv80_coupe,gv80,CE,CE,,,
2021-07-01,Make Only,genesis,make_only,genesis_make_only,make_only,CE,CE,,,
2021-07-01,Brand,genesis,Total,genesis_Total,Total,EA,EA,,,
2021-07-01,Unassigned,genesis,Unassigned,Unassigned,Unassigned,EA,EA,,,
2021-07-01,Unassigned,genesis,Unassigned,unassigned,Unassigned,EA,EA,,,
2021-07-01,Near Luxury Car,genesis,g70,genesis_g70,g70,EA,EA,,,
2021-07-01,Mid Luxury Car,genesis,g80,genesis_g80,g80,EA,EA,,,
2021-07-01,Mid Luxury EV Car,genesis,g80_ev,genesis_electrified_g80,g80_ev,EA,EA,,,
2021-07-01,Premium Luxury Car,genesis,g90,genesis_g90,g90,EA,EA,,,
2021-07-01,Entry Luxury EV SUV,genesis,gv60,genesis_gv60,gv60,EA,EA,,,
2021-07-01,Near Luxury SUV,genesis,gv70,genesis_gv70,gv70,EA,EA,,,
2021-07-01,Near Luxury EV SUV,genesis,gv70_ev,genesis_electrified_gv70,gv70_ev,EA,EA,,,
2021-07-01,Mid Luxury SUV,genesis,gv80,genesis_gv80,gv80,EA,EA,,,
2021-07-01,Mid Luxury SUV,genesis,gv80_coupe,genesis_gv80_coupe,gv80,EA,EA,,,
2021-07-01,Make Only,genesis,make_only,genesis_make_only,make_only,EA,EA,,,
2021-07-01,Brand,genesis,Total,genesis_Total,Total,MA,MA,,,
2021-07-01,Unassigned,genesis,Unassigned,unassigned,Unassigned,MA,MA,,,
2021-07-01,Unassigned,genesis,Unassigned,Unassigned,Unassigned,MA,MA,,,
2021-07-01,Near Luxury Car,genesis,g70,genesis_g70,g70,MA,MA,,,
2021-07-01,Mid Luxury Car,genesis,g80,genesis_g80,g80,MA,MA,,,
2021-07-01,Mid Luxury EV Car,genesis,g80_ev,genesis_electrified_g80,g80_ev,MA,MA,,,
2021-07-01,Premium Luxury Car,genesis,g90,genesis_g90,g90,MA,MA,,,
2021-07-01,Entry Luxury EV SUV,genesis,gv60,genesis_gv60,gv60,MA,MA,,,
2021-07-01,Near Luxury SUV,genesis,gv70,genesis_gv70,gv70,MA,MA,,,
2021-07-01,Near Luxury EV SUV,genesis,gv70_ev,genesis_electrified_gv70,gv70_ev,MA,MA,,,
2021-07-01,Mid Luxury SUV,genesis,gv80,genesis_gv80,gv80,MA,MA,,,
2021-07-01,Mid Luxury SUV,genesis,gv80_coupe,genesis_gv80_coupe,gv80,MA,MA,,,
2021-07-01,Make Only,genesis,make_only,genesis_make_only,make_only,MA,MA,,,
2021-07-01,Brand,genesis,Total,genesis_Total,Total,MS,MS,,,
2021-07-01,Unassigned,genesis,Unassigned,unassigned,Unassigned,MS,MS,,,
2021-07-01,Unassigned,genesis,Unassigned,Unassigned,Unassigned,MS,MS,,,
2021-07-01,Near Luxury Car,genesis,g70,genesis_g70,g70,MS,MS,,,
2021-07-01,Mid Luxury Car,genesis,g80,genesis_g80,g80,MS,MS,,,
2021-07-01,Mid Luxury EV Car,genesis,g80_ev,genesis_electrified_g80,g80_ev,MS,MS,,,
2021-07-01,Premium Luxury Car,genesis,g90,genesis_g90,g90,MS,MS,,,
2021-07-01,Entry Luxury EV SUV,genesis,gv60,genesis_gv60,gv60,MS,MS,,,
2021-07-01,Near Luxury SUV,genesis,gv70,genesis_gv70,gv70,MS,MS,,,
2021-07-01,Near Luxury EV SUV,genesis,gv70_ev,genesis_electrified_gv70,gv70_ev,MS,MS,,,
2021-07-01,Mid Luxury SUV,genesis,gv80,genesis_gv80,gv80,MS,MS,,,
2021-07-01,Mid Luxury SUV,genesis,gv80_coupe,genesis_gv80_coupe,gv80,MS,MS,,,
2021-07-01,Make Only,genesis,make_only,genesis_make_only,make_only,MS,MS,,,
2021-07-01,Brand,genesis,Total,genesis_Total,Total,NH,NH,,,
2021-07-01,Unassigned,genesis,Unassigned,unassigned,Unassigned,NH,NH,,,
2021-07-01,Unassigned,genesis,Unassigned,Unassigned,Unassigned,NH,NH,,,
2021-07-01,Near Luxury Car,genesis,g70,genesis_g70,g70,NH,NH,,,
2021-07-01,Mid Luxury Car,genesis,g80,genesis_g80,g80,NH,NH,,,
2021-07-01,Mid Luxury EV Car,genesis,g80_ev,genesis_electrified_g80,g80_ev,NH,NH,,,
2021-07-01,Premium Luxury Car,genesis,g90,genesis_g90,g90,NH,NH,,,
2021-07-01,Entry Luxury EV SUV,genesis,gv60,genesis_gv60,gv60,NH,NH,,,
2021-07-01,Near Luxury SUV,genesis,gv70,genesis_gv70,gv70,NH,NH,,,
2021-07-01,Near Luxury EV SUV,genesis,gv70_ev,genesis_electrified_gv70,gv70_ev,NH,NH,,,
2021-07-01,Mid Luxury SUV,genesis,gv80,genesis_gv80,gv80,NH,NH,,,
2021-07-01,Mid Luxury SUV,genesis,gv80_coupe,genesis_gv80_coupe,gv80,NH,NH,,,
2021-07-01,Make Only,genesis,make_only,genesis_make_only,make_only,NH,NH,,,
2021-07-01,Brand,genesis,Total,genesis_Total,Total,SC,SC,,,
2021-07-01,Unassigned,genesis,Unassigned,unassigned,Unassigned,SC,SC,,,
2021-07-01,Unassigned,genesis,Unassigned,Unassigned,Unassigned,SC,SC,,,
2021-07-01,Near Luxury Car,genesis,g70,genesis_g70,g70,SC,SC,,,
2021-07-01,Mid Luxury Car,genesis,g80,genesis_g80,g80,SC,SC,,,
2021-07-01,Mid Luxury EV Car,genesis,g80_ev,genesis_electrified_g80,g80_ev,SC,SC,,,
2021-07-01,Premium Luxury Car,genesis,g90,genesis_g90,g90,SC,SC,,,
2021-07-01,Entry Luxury EV SUV,genesis,gv60,genesis_gv60,gv60,SC,SC,,,
2021-07-01,Near Luxury SUV,genesis,gv70,genesis_gv70,gv70,SC,SC,,,
2021-07-01,Near Luxury EV SUV,genesis,gv70_ev,genesis_electrified_gv70,gv70_ev,SC,SC,,,
2021-07-01,Mid Luxury SUV,genesis,gv80,genesis_gv80,gv80,SC,SC,,,
2021-07-01,Mid Luxury SUV,genesis,gv80_coupe,genesis_gv80_coupe,gv80,SC,SC,,,
2021-07-01,Make Only,genesis,make_only,genesis_make_only,make_only,SC,SC,,,
2021-07-01,Brand,genesis,Total,genesis_Total,Total,SO,SO,,,
2021-07-01,Unassigned,genesis,Unassigned,Unassigned,Unassigned,SO,SO,,,
2021-07-01,Unassigned,genesis,Unassigned,unassigned,Unassigned,SO,SO,,,
2021-07-01,Near Luxury Car,genesis,g70,genesis_g70,g70,SO,SO,,,
2021-07-01,Mid Luxury Car,genesis,g80,genesis_g80,g80,SO,SO,,,
2021-07-01,Mid Luxury EV Car,genesis,g80_ev,genesis_electrified_g80,g80_ev,SO,SO,,,
2021-07-01,Premium Luxury Car,genesis,g90,genesis_g90,g90,SO,SO,,,
2021-07-01,Entry Luxury EV SUV,genesis,gv60,genesis_gv60,gv60,SO,SO,,,
2021-07-01,Near Luxury SUV,genesis,gv70,genesis_gv70,gv70,SO,SO,,,
2021-07-01,Near Luxury EV SUV,genesis,gv70_ev,genesis_electrified_gv70,gv70_ev,SO,SO,,,
2021-07-01,Mid Luxury SUV,genesis,gv80,genesis_gv80,gv80,SO,SO,,,
2021-07-01,Mid Luxury SUV,genesis,gv80_coupe,genesis_gv80_coupe,gv80,SO,SO,,,
2021-07-01,Make Only,genesis,make_only,genesis_make_only,make_only,SO,SO,,,
2021-07-01,Brand,genesis,Total,genesis_Total,Total,National,US,,,
2021-07-01,Unassigned,genesis,Unassigned,unassigned,Unassigned,National,US,,,
2021-07-01,Unassigned,genesis,Unassigned,Unassigned,Unassigned,National,US,,,
2021-07-01,Near Luxury Car,genesis,g70,genesis_g70,g70,National,US,,,
2021-07-01,Mid Luxury Car,genesis,g80,genesis_g80,g80,National,US,,,
2021-07-01,Mid Luxury EV Car,genesis,g80_ev,genesis_electrified_g80,g80_ev,National,US,,,
2021-07-01,Premium Luxury Car,genesis,g90,genesis_g90,g90,National,US,,,
2021-07-01,Entry Luxury EV SUV,genesis,gv60,genesis_gv60,gv60,National,US,,,
2021-07-01,Near Luxury SUV,genesis,gv70,genesis_gv70,gv70,National,US,,,
2021-07-01,Near Luxury EV SUV,genesis,gv70_ev,genesis_electrified_gv70,gv70_ev,National,US,,,
2021-07-01,Mid Luxury SUV,genesis,gv80,genesis_gv80,gv80,National,US,,,
2021-07-01,Mid Luxury SUV,genesis,gv80_coupe,genesis_gv80_coupe,gv80,National,US,,,
2021-07-01,Make Only,genesis,make_only,genesis_make_only,make_only,National,US,,,
2021-07-01,Brand,genesis,Total,genesis_Total,Total,WE,WE,,,
2021-07-01,Unassigned,genesis,Unassigned,Unassigned,Unassigned,WE,WE,,,
2021-07-01,Unassigned,genesis,Unassigned,unassigned,Unassigned,WE,WE,,,
2021-07-01,Near Luxury Car,genesis,g70,genesis_g70,g70,WE,WE,,,
2021-07-01,Mid Luxury Car,genesis,g80,genesis_g80,g80,WE,WE,,,
2021-07-01,Mid Luxury EV Car,genesis,g80_ev,genesis_electrified_g80,g80_ev,WE,WE,,,
2021-07-01,Premium Luxury Car,genesis,g90,genesis_g90,g90,WE,WE,,,
2021-07-01,Entry Luxury EV SUV,genesis,gv60,genesis_gv60,gv60,WE,WE,,,
2021-07-01,Near Luxury SUV,genesis,gv70,genesis_gv70,gv70,WE,WE,,,
2021-07-01,Near Luxury EV SUV,genesis,gv70_ev,genesis_electrified_gv70,gv70_ev,WE,WE,,,
2021-07-01,Mid Luxury SUV,genesis,gv80,genesis_gv80,gv80,WE,WE,,,
2021-07-01,Mid Luxury SUV,genesis,gv80_coupe,genesis_gv80_coupe,gv80,WE,WE,,,
2021-07-01,Make Only,genesis,make_only,genesis_make_only,make_only,WE,WE,,,
2021-08-01,Brand,genesis,Total,genesis_Total,Total,CE,CE,,,
2021-08-01,Unassigned,genesis,Unassigned,Unassigned,Unassigned,CE,CE,,,
2021-08-01,Unassigned,genesis,Unassigned,unassigned,Unassigned,CE,CE,,,
2021-08-01,Near Luxury Car,genesis,g70,genesis_g70,g70,CE,CE,,,
2021-08-01,Mid Luxury Car,genesis,g80,genesis_g80,g80,CE,CE,,,
2021-08-01,Mid Luxury EV Car,genesis,g80_ev,genesis_electrified_g80,g80_ev,CE,CE,,,
2021-08-01,Premium Luxury Car,genesis,g90,genesis_g90,g90,CE,CE,,,
2021-08-01,Entry Luxury EV SUV,genesis,gv60,genesis_gv60,gv60,CE,CE,,,
2021-08-01,Near Luxury SUV,genesis,gv70,genesis_gv70,gv70,CE,CE,,,
2021-08-01,Near Luxury EV SUV,genesis,gv70_ev,genesis_electrified_gv70,gv70_ev,CE,CE,,,
2021-08-01,Mid Luxury SUV,genesis,gv80,genesis_gv80,gv80,CE,CE,,,
2021-08-01,Mid Luxury SUV,genesis,gv80_coupe,genesis_gv80_coupe,gv80,CE,CE,,,
2021-08-01,Make Only,genesis,make_only,genesis_make_only,make_only,CE,CE,,,
2021-08-01,Brand,genesis,Total,genesis_Total,Total,EA,EA,,,
2021-08-01,Unassigned,genesis,Unassigned,unassigned,Unassigned,EA,EA,,,
2021-08-01,Unassigned,genesis,Unassigned,Unassigned,Unassigned,EA,EA,,,
2021-08-01,Near Luxury Car,genesis,g70,genesis_g70,g70,EA,EA,,,
2021-08-01,Mid Luxury Car,genesis,g80,genesis_g80,g80,EA,EA,,,
2021-08-01,Mid Luxury EV Car,genesis,g80_ev,genesis_electrified_g80,g80_ev,EA,EA,,,
2021-08-01,Premium Luxury Car,genesis,g90,genesis_g90,g90,EA,EA,,,
2021-08-01,Entry Luxury EV SUV,genesis,gv60,genesis_gv60,gv60,EA,EA,,,
2021-08-01,Near Luxury SUV,genesis,gv70,genesis_gv70,gv70,EA,EA,,,
2021-08-01,Near Luxury EV SUV,genesis,gv70_ev,genesis_electrified_gv70,gv70_ev,EA,EA,,,
2021-08-01,Mid Luxury SUV,genesis,gv80,genesis_gv80,gv80,EA,EA,,,
2021-08-01,Mid Luxury SUV,genesis,gv80_coupe,genesis_gv80_coupe,gv80,EA,EA,,,
2021-08-01,Make Only,genesis,make_only,genesis_make_only,make_only,EA,EA,,,
2021-08-01,Brand,genesis,Total,genesis_Total,Total,MA,MA,,,
2021-08-01,Unassigned,genesis,Unassigned,Unassigned,Unassigned,MA,MA,,,
2021-08-01,Unassigned,genesis,Unassigned,unassigned,Unassigned,MA,MA,,,
2021-08-01,Near Luxury Car,genesis,g70,genesis_g70,g70,MA,MA,,,
2021-08-01,Mid Luxury Car,genesis,g80,genesis_g80,g80,MA,MA,,,
2021-08-01,Mid Luxury EV Car,genesis,g80_ev,genesis_electrified_g80,g80_ev,MA,MA,,,
2021-08-01,Premium Luxury Car,genesis,g90,genesis_g90,g90,MA,MA,,,
2021-08-01,Entry Luxury EV SUV,genesis,gv60,genesis_gv60,gv60,MA,MA,,,
2021-08-01,Near Luxury SUV,genesis,gv70,genesis_gv70,gv70,MA,MA,,,
2021-08-01,Near Luxury EV SUV,genesis,gv70_ev,genesis_electrified_gv70,gv70_ev,MA,MA,,,
2021-08-01,Mid Luxury SUV,genesis,gv80,genesis_gv80,gv80,MA,MA,,,
2021-08-01,Mid Luxury SUV,genesis,gv80_coupe,genesis_gv80_coupe,gv80,MA,MA,,,
2021-08-01,Make Only,genesis,make_only,genesis_make_only,make_only,MA,MA,,,
2021-08-01,Brand,genesis,Total,genesis_Total,Total,MS,MS,,,
2021-08-01,Unassigned,genesis,Unassigned,unassigned,Unassigned,MS,MS,,,
2021-08-01,Unassigned,genesis,Unassigned,Unassigned,Unassigned,MS,MS,,,
2021-08-01,Near Luxury Car,genesis,g70,genesis_g70,g70,MS,MS,,,
2021-08-01,Mid Luxury Car,genesis,g80,genesis_g80,g80,MS,MS,,,
2021-08-01,Mid Luxury EV Car,genesis,g80_ev,genesis_electrified_g80,g80_ev,MS,MS,,,
2021-08-01,Premium Luxury Car,genesis,g90,genesis_g90,g90,MS,MS,,,
2021-08-01,Entry Luxury EV SUV,genesis,gv60,genesis_gv60,gv60,MS,MS,,,
2021-08-01,Near Luxury SUV,genesis,gv70,genesis_gv70,gv70,MS,MS,,,
2021-08-01,Near Luxury EV SUV,genesis,gv70_ev,genesis_electrified_gv70,gv70_ev,MS,MS,,,
2021-08-01,Mid Luxury SUV,genesis,gv80,genesis_gv80,gv80,MS,MS,,,
2021-08-01,Mid Luxury SUV,genesis,gv80_coupe,genesis_gv80_coupe,gv80,MS,MS,,,
2021-08-01,Make Only,genesis,make_only,genesis_make_only,make_only,MS,MS,,,
2021-08-01,Brand,genesis,Total,genesis_Total,Total,NH,NH,,,
2021-08-01,Unassigned,genesis,Unassigned,Unassigned,Unassigned,NH,NH,,,
2021-08-01,Unassigned,genesis,Unassigned,unassigned,Unassigned,NH,NH,,,
2021-08-01,Near Luxury Car,genesis,g70,genesis_g70,g70,NH,NH,,,
2021-08-01,Mid Luxury Car,genesis,g80,genesis_g80,g80,NH,NH,,,
2021-08-01,Mid Luxury EV Car,genesis,g80_ev,genesis_electrified_g80,g80_ev,NH,NH,,,
2021-08-01,Premium Luxury Car,genesis,g90,genesis_g90,g90,NH,NH,,,
2021-08-01,Entry Luxury EV SUV,genesis,gv60,genesis_gv60,gv60,NH,NH,,,
2021-08-01,Near Luxury SUV,genesis,gv70,genesis_gv70,gv70,NH,NH,,,
2021-08-01,Near Luxury EV SUV,genesis,gv70_ev,genesis_electrified_gv70,gv70_ev,NH,NH,,,
2021-08-01,Mid Luxury SUV,genesis,gv80,genesis_gv80,gv80,NH,NH,,,
2021-08-01,Mid Luxury SUV,genesis,gv80_coupe,genesis_gv80_coupe,gv80,NH,NH,,,
2021-08-01,Make Only,genesis,make_only,genesis_make_only,make_only,NH,NH,,,
2021-08-01,Brand,genesis,Total,genesis_Total,Total,SC,SC,,,
2021-08-01,Unassigned,genesis,Unassigned,Unassigned,Unassigned,SC,SC,,,
2021-08-01,Unassigned,genesis,Unassigned,unassigned,Unassigned,SC,SC,,,
2021-08-01,Near Luxury Car,genesis,g70,genesis_g70,g70,SC,SC,,,
2021-08-01,Mid Luxury Car,genesis,g80,genesis_g80,g80,SC,SC,,,
2021-08-01,Mid Luxury EV Car,genesis,g80_ev,genesis_electrified_g80,g80_ev,SC,SC,,,
2021-08-01,Premium Luxury Car,genesis,g90,genesis_g90,g90,SC,SC,,,
2021-08-01,Entry Luxury EV SUV,genesis,gv60,genesis_gv60,gv60,SC,SC,,,
2021-08-01,Near Luxury SUV,genesis,gv70,genesis_gv70,gv70,SC,SC,,,
2021-08-01,Near Luxury EV SUV,genesis,gv70_ev,genesis_electrified_gv70,gv70_ev,SC,SC,,,
2021-08-01,Mid Luxury SUV,genesis,gv80,genesis_gv80,gv80,SC,SC,,,
2021-08-01,Mid Luxury SUV,genesis,gv80_coupe,genesis_gv80_coupe,gv80,SC,SC,,,
2021-08-01,Make Only,genesis,make_only,genesis_make_only,make_only,SC,SC,,,
2021-08-01,Brand,genesis,Total,genesis_Total,Total,SO,SO,,,
2021-08-01,Unassigned,genesis,Unassigned,unassigned,Unassigned,SO,SO,,,
2021-08-01,Unassigned,genesis,Unassigned,Unassigned,Unassigned,SO,SO,,,
2021-08-01,Near Luxury Car,genesis,g70,genesis_g70,g70,SO,SO,,,
2021-08-01,Mid Luxury Car,genesis,g80,genesis_g80,g80,SO,SO,,,
2021-08-01,Mid Luxury EV Car,genesis,g80_ev,genesis_electrified_g80,g80_ev,SO,SO,,,
2021-08-01,Premium Luxury Car,genesis,g90,genesis_g90,g90,SO,SO,,,
2021-08-01,Entry Luxury EV SUV,genesis,gv60,genesis_gv60,gv60,SO,SO,,,
2021-08-01,Near Luxury SUV,genesis,gv70,genesis_gv70,gv70,SO,SO,,,
2021-08-01,Near Luxury EV SUV,genesis,gv70_ev,genesis_electrified_gv70,gv70_ev,SO,SO,,,
2021-08-01,Mid Luxury SUV,genesis,gv80,genesis_gv80,gv80,SO,SO,,,
2021-08-01,Mid Luxury SUV,genesis,gv80_coupe,genesis_gv80_coupe,gv80,SO,SO,,,
2021-08-01,Make Only,genesis,make_only,genesis_make_only,make_only,SO,SO,,,
2021-08-01,Brand,genesis,Total,genesis_Total,Total,National,US,,,
2021-08-01,Unassigned,genesis,Unassigned,Unassigned,Unassigned,National,US,,,
2021-08-01,Unassigned,genesis,Unassigned,unassigned,Unassigned,National,US,,,
2021-08-01,Near Luxury Car,genesis,g70,genesis_g70,g70,National,US,,,
2021-08-01,Mid Luxury Car,genesis,g80,genesis_g80,g80,National,US,,,
2021-08-01,Mid Luxury EV Car,genesis,g80_ev,genesis_electrified_g80,g80_ev,National,US,,,
2021-08-01,Premium Luxury Car,genesis,g90,genesis_g90,g90,National,US,,,
2021-08-01,Entry Luxury EV SUV,genesis,gv60,genesis_gv60,gv60,National,US,,,
2021-08-01,Near Luxury SUV,genesis,gv70,genesis_gv70,gv70,National,US,,,
2021-08-01,Near Luxury EV SUV,genesis,gv70_ev,genesis_electrified_gv70,gv70_ev,National,US,,,
2021-08-01,Mid Luxury SUV,genesis,gv80,genesis_gv80,gv80,National,US,,,
2021-08-01,Mid Luxury SUV,genesis,gv80_coupe,genesis_gv80_coupe,gv80,National,US,,,
2021-08-01,Make Only,genesis,make_only,genesis_make_only,make_only,National,US,,,
2021-08-01,Brand,genesis,Total,genesis_Total,Total,WE,WE,,,
2021-08-01,Unassigned,genesis,Unassigned,unassigned,Unassigned,WE,WE,,,
2021-08-01,Unassigned,genesis,Unassigned,Unassigned,Unassigned,WE,WE,,,
2021-08-01,Near Luxury Car,genesis,g70,genesis_g70,g70,WE,WE,,,
2021-08-01,Mid Luxury Car,genesis,g80,genesis_g80,g80,WE,WE,,,
2021-08-01,Mid Luxury EV Car,genesis,g80_ev,genesis_electrified_g80,g80_ev,WE,WE,,,
2021-08-01,Premium Luxury Car,genesis,g90,genesis_g90,g90,WE,WE,,,
2021-08-01,Entry Luxury EV SUV,genesis,gv60,genesis_gv60,gv60,WE,WE,,,
2021-08-01,Near Luxury SUV,genesis,gv70,genesis_gv70,gv70,WE,WE,,,
2021-08-01,Near Luxury EV SUV,genesis,gv70_ev,genesis_electrified_gv70,gv70_ev,WE,WE,,,
2021-08-01,Mid Luxury SUV,genesis,gv80,genesis_gv80,gv80,WE,WE,,,
2021-08-01,Mid Luxury SUV,genesis,gv80_coupe,genesis_gv80_coupe,gv80,WE,WE,,,
2021-08-01,Make Only,genesis,make_only,genesis_make_only,make_only,WE,WE,,,
2021-09-01,Brand,genesis,Total,genesis_Total,Total,CE,CE,,,
2021-09-01,Unassigned,genesis,Unassigned,unassigned,Unassigned,CE,CE,,,
2021-09-01,Unassigned,genesis,Unassigned,Unassigned,Unassigned,CE,CE,,,
2021-09-01,Near Luxury Car,genesis,g70,genesis_g70,g70,CE,CE,,,
2021-09-01,Mid Luxury Car,genesis,g80,genesis_g80,g80,CE,CE,,,
2021-09-01,Mid Luxury EV Car,genesis,g80_ev,genesis_electrified_g80,g80_ev,CE,CE,,,
2021-09-01,Premium Luxury Car,genesis,g90,genesis_g90,g90,CE,CE,,,
2021-09-01,Entry Luxury EV SUV,genesis,gv60,genesis_gv60,gv60,CE,CE,,,
2021-09-01,Near Luxury SUV,genesis,gv70,genesis_gv70,gv70,CE,CE,,,
2021-09-01,Near Luxury EV SUV,genesis,gv70_ev,genesis_electrified_gv70,gv70_ev,CE,CE,,,
2021-09-01,Mid Luxury SUV,genesis,gv80,genesis_gv80,gv80,CE,CE,,,
2021-09-01,Mid Luxury SUV,genesis,gv80_coupe,genesis_gv80_coupe,gv80,CE,CE,,,
2021-09-01,Make Only,genesis,make_only,genesis_make_only,make_only,CE,CE,,,
2021-09-01,Brand,genesis,Total,genesis_Total,Total,EA,EA,,,
2021-09-01,Unassigned,genesis,Unassigned,unassigned,Unassigned,EA,EA,,,
2021-09-01,Unassigned,genesis,Unassigned,Unassigned,Unassigned,EA,EA,,,
2021-09-01,Near Luxury Car,genesis,g70,genesis_g70,g70,EA,EA,,,
2021-09-01,Mid Luxury Car,genesis,g80,genesis_g80,g80,EA,EA,,,
2021-09-01,Mid Luxury EV Car,genesis,g80_ev,genesis_electrified_g80,g80_ev,EA,EA,,,
2021-09-01,Premium Luxury Car,genesis,g90,genesis_g90,g90,EA,EA,,,
2021-09-01,Entry Luxury EV SUV,genesis,gv60,genesis_gv60,gv60,EA,EA,,,
2021-09-01,Near Luxury SUV,genesis,gv70,genesis_gv70,gv70,EA,EA,,,
2021-09-01,Near Luxury EV SUV,genesis,gv70_ev,genesis_electrified_gv70,gv70_ev,EA,EA,,,
2021-09-01,Mid Luxury SUV,genesis,gv80,genesis_gv80,gv80,EA,EA,,,
2021-09-01,Mid Luxury SUV,genesis,gv80_coupe,genesis_gv80_coupe,gv80,EA,EA,,,
2021-09-01,Make Only,genesis,make_only,genesis_make_only,make_only,EA,EA,,,
2021-09-01,Brand,genesis,Total,genesis_Total,Total,MA,MA,,,
2021-09-01,Unassigned,genesis,Unassigned,Unassigned,Unassigned,MA,MA,,,
2021-09-01,Unassigned,genesis,Unassigned,unassigned,Unassigned,MA,MA,,,
2021-09-01,Near Luxury Car,genesis,g70,genesis_g70,g70,MA,MA,,,
2021-09-01,Mid Luxury Car,genesis,g80,genesis_g80,g80,MA,MA,,,
2021-09-01,Mid Luxury EV Car,genesis,g80_ev,genesis_electrified_g80,g80_ev,MA,MA,,,
2021-09-01,Premium Luxury Car,genesis,g90,genesis_g90,g90,MA,MA,,,
2021-09-01,Entry Luxury EV SUV,genesis,gv60,genesis_gv60,gv60,MA,MA,,,
2021-09-01,Near Luxury SUV,genesis,gv70,genesis_gv70,gv70,MA,MA,,,
2021-09-01,Near Luxury EV SUV,genesis,gv70_ev,genesis_electrified_gv70,gv70_ev,MA,MA,,,
2021-09-01,Mid Luxury SUV,genesis,gv80,genesis_gv80,gv80,MA,MA,,,
2021-09-01,Mid Luxury SUV,genesis,gv80_coupe,genesis_gv80_coupe,gv80,MA,MA,,,
2021-09-01,Make Only,genesis,make_only,genesis_make_only,make_only,MA,MA,,,
2021-09-01,Brand,genesis,Total,genesis_Total,Total,MS,MS,,,
2021-09-01,Unassigned,genesis,Unassigned,unassigned,Unassigned,MS,MS,,,
2021-09-01,Unassigned,genesis,Unassigned,Unassigned,Unassigned,MS,MS,,,
2021-09-01,Near Luxury Car,genesis,g70,genesis_g70,g70,MS,MS,,,
2021-09-01,Mid Luxury Car,genesis,g80,genesis_g80,g80,MS,MS,,,
2021-09-01,Mid Luxury EV Car,genesis,g80_ev,genesis_electrified_g80,g80_ev,MS,MS,,,
2021-09-01,Premium Luxury Car,genesis,g90,genesis_g90,g90,MS,MS,,,
2021-09-01,Entry Luxury EV SUV,genesis,gv60,genesis_gv60,gv60,MS,MS,,,
2021-09-01,Near Luxury SUV,genesis,gv70,genesis_gv70,gv70,MS,MS,,,
2021-09-01,Near Luxury EV SUV,genesis,gv70_ev,genesis_electrified_gv70,gv70_ev,MS,MS,,,
2021-09-01,Mid Luxury SUV,genesis,gv80,genesis_gv80,gv80,MS,MS,,,
2021-09-01,Mid Luxury SUV,genesis,gv80_coupe,genesis_gv80_coupe,gv80,MS,MS,,,
2021-09-01,Make Only,genesis,make_only,genesis_make_only,make_only,MS,MS,,,
2021-09-01,Brand,genesis,Total,genesis_Total,Total,NH,NH,,,
2021-09-01,Unassigned,genesis,Unassigned,Unassigned,Unassigned,NH,NH,,,
2021-09-01,Unassigned,genesis,Unassigned,unassigned,Unassigned,NH,NH,,,
2021-09-01,Near Luxury Car,genesis,g70,genesis_g70,g70,NH,NH,,,
2021-09-01,Mid Luxury Car,genesis,g80,genesis_g80,g80,NH,NH,,,
2021-09-01,Mid Luxury EV Car,genesis,g80_ev,genesis_electrified_g80,g80_ev,NH,NH,,,
2021-09-01,Premium Luxury Car,genesis,g90,genesis_g90,g90,NH,NH,,,
2021-09-01,Entry Luxury EV SUV,genesis,gv60,genesis_gv60,gv60,NH,NH,,,
2021-09-01,Near Luxury SUV,genesis,gv70,genesis_gv70,gv70,NH,NH,,,
2021-09-01,Near Luxury EV SUV,genesis,gv70_ev,genesis_electrified_gv70,gv70_ev,NH,NH,,,
2021-09-01,Mid Luxury SUV,genesis,gv80,genesis_gv80,gv80,NH,NH,,,
2021-09-01,Mid Luxury SUV,genesis,gv80_coupe,genesis_gv80_coupe,gv80,NH,NH,,,
2021-09-01,Make Only,genesis,make_only,genesis_make_only,make_only,NH,NH,,,
2021-09-01,Brand,genesis,Total,genesis_Total,Total,SC,SC,,,
2021-09-01,Unassigned,genesis,Unassigned,unassigned,Unassigned,SC,SC,,,
2021-09-01,Unassigned,genesis,Unassigned,Unassigned,Unassigned,SC,SC,,,
2021-09-01,Near Luxury Car,genesis,g70,genesis_g70,g70,SC,SC,,,
2021-09-01,Mid Luxury Car,genesis,g80,genesis_g80,g80,SC,SC,,,
2021-09-01,Mid Luxury EV Car,genesis,g80_ev,genesis_electrified_g80,g80_ev,SC,SC,,,
2021-09-01,Premium Luxury Car,genesis,g90,genesis_g90,g90,SC,SC,,,
2021-09-01,Entry Luxury EV SUV,genesis,gv60,genesis_gv60,gv60,SC,SC,,,
2021-09-01,Near Luxury SUV,genesis,gv70,genesis_gv70,gv70,SC,SC,,,
2021-09-01,Near Luxury EV SUV,genesis,gv70_ev,genesis_electrified_gv70,gv70_ev,SC,SC,,,
2021-09-01,Mid Luxury SUV,genesis,gv80,genesis_gv80,gv80,SC,SC,,,
2021-09-01,Mid Luxury SUV,genesis,gv80_coupe,genesis_gv80_coupe,gv80,SC,SC,,,
2021-09-01,Make Only,genesis,make_only,genesis_make_only,make_only,SC,SC,,,
2021-09-01,Brand,genesis,Total,genesis_Total,Total,SO,SO,,,
2021-09-01,Unassigned,genesis,Unassigned,Unassigned,Unassigned,SO,SO,,,
2021-09-01,Unassigned,genesis,Unassigned,unassigned,Unassigned,SO,SO,,,
2021-09-01,Near Luxury Car,genesis,g70,genesis_g70,g70,SO,SO,,,
2021-09-01,Mid Luxury Car,genesis,g80,genesis_g80,g80,SO,SO,,,
2021-09-01,Mid Luxury EV Car,genesis,g80_ev,genesis_electrified_g80,g80_ev,SO,SO,,,
2021-09-01,Premium Luxury Car,genesis,g90,genesis_g90,g90,SO,SO,,,
2021-09-01,Entry Luxury EV SUV,genesis,gv60,genesis_gv60,gv60,SO,SO,,,
2021-09-01,Near Luxury SUV,genesis,gv70,genesis_gv70,gv70,SO,SO,,,
2021-09-01,Near Luxury EV SUV,genesis,gv70_ev,genesis_electrified_gv70,gv70_ev,SO,SO,,,
2021-09-01,Mid Luxury SUV,genesis,gv80,genesis_gv80,gv80,SO,SO,,,
2021-09-01,Mid Luxury SUV,genesis,gv80_coupe,genesis_gv80_coupe,gv80,SO,SO,,,
2021-09-01,Make Only,genesis,make_only,genesis_make_only,make_only,SO,SO,,,
2021-09-01,Brand,genesis,Total,genesis_Total,Total,National,US,,,
2021-09-01,Unassigned,genesis,Unassigned,unassigned,Unassigned,National,US,,,
2021-09-01,Unassigned,genesis,Unassigned,Unassigned,Unassigned,National,US,,,
2021-09-01,Near Luxury Car,genesis,g70,genesis_g70,g70,National,US,,,
2021-09-01,Mid Luxury Car,genesis,g80,genesis_g80,g80,National,US,,,
2021-09-01,Mid Luxury EV Car,genesis,g80_ev,genesis_electrified_g80,g80_ev,National,US,,,
2021-09-01,Premium Luxury Car,genesis,g90,genesis_g90,g90,National,US,,,
2021-09-01,Entry Luxury EV SUV,genesis,gv60,genesis_gv60,gv60,National,US,,,
2021-09-01,Near Luxury SUV,genesis,gv70,genesis_gv70,gv70,National,US,,,
2021-09-01,Near Luxury EV SUV,genesis,gv70_ev,genesis_electrified_gv70,gv70_ev,National,US,,,
2021-09-01,Mid Luxury SUV,genesis,gv80,genesis_gv80,gv80,National,US,,,
2021-09-01,Mid Luxury SUV,genesis,gv80_coupe,genesis_gv80_coupe,gv80,National,US,,,
2021-09-01,Make Only,genesis,make_only,genesis_make_only,make_only,National,US,,,
2021-09-01,Brand,genesis,Total,genesis_Total,Total,WE,WE,,,
2021-09-01,Unassigned,genesis,Unassigned,unassigned,Unassigned,WE,WE,,,
2021-09-01,Unassigned,genesis,Unassigned,Unassigned,Unassigned,WE,WE,,,
2021-09-01,Near Luxury Car,genesis,g70,genesis_g70,g70,WE,WE,,,
2021-09-01,Mid Luxury Car,genesis,g80,genesis_g80,g80,WE,WE,,,
2021-09-01,Mid Luxury EV Car,genesis,g80_ev,genesis_electrified_g80,g80_ev,WE,WE,,,
2021-09-01,Premium Luxury Car,genesis,g90,genesis_g90,g90,WE,WE,,,
2021-09-01,Entry Luxury EV SUV,genesis,gv60,genesis_gv60,gv60,WE,WE,,,
2021-09-01,Near Luxury SUV,genesis,gv70,genesis_gv70,gv70,WE,WE,,,
2021-09-01,Near Luxury EV SUV,genesis,gv70_ev,genesis_electrified_gv70,gv70_ev,WE,WE,,,
2021-09-01,Mid Luxury SUV,genesis,gv80,genesis_gv80,gv80,WE,WE,,,
2021-09-01,Mid Luxury SUV,genesis,gv80_coupe,genesis_gv80_coupe,gv80,WE,WE,,,
2021-09-01,Make Only,genesis,make_only,genesis_make_only,make_only,WE,WE,,,
2021-10-01,Brand,genesis,Total,genesis_Total,Total,CE,CE,,,
2021-10-01,Unassigned,genesis,Unassigned,unassigned,Unassigned,CE,CE,,,
2021-10-01,Unassigned,genesis,Unassigned,Unassigned,Unassigned,CE,CE,,,
2021-10-01,Near Luxury Car,genesis,g70,genesis_g70,g70,CE,CE,,,
2021-10-01,Mid Luxury Car,genesis,g80,genesis_g80,g80,CE,CE,,,
2021-10-01,Mid Luxury EV Car,genesis,g80_ev,genesis_electrified_g80,g80_ev,CE,CE,,,
2021-10-01,Premium Luxury Car,genesis,g90,genesis_g90,g90,CE,CE,,,
2021-10-01,Entry Luxury EV SUV,genesis,gv60,genesis_gv60,gv60,CE,CE,,,
2021-10-01,Near Luxury SUV,genesis,gv70,genesis_gv70,gv70,CE,CE,,,
2021-10-01,Near Luxury EV SUV,genesis,gv70_ev,genesis_electrified_gv70,gv70_ev,CE,CE,,,
2021-10-01,Mid Luxury SUV,genesis,gv80,genesis_gv80,gv80,CE,CE,,,
2021-10-01,Mid Luxury SUV,genesis,gv80_coupe,genesis_gv80_coupe,gv80,CE,CE,,,
2021-10-01,Make Only,genesis,make_only,genesis_make_only,make_only,CE,CE,,,
2021-10-01,Brand,genesis,Total,genesis_Total,Total,EA,EA,,,
2021-10-01,Unassigned,genesis,Unassigned,unassigned,Unassigned,EA,EA,,,
2021-10-01,Unassigned,genesis,Unassigned,Unassigned,Unassigned,EA,EA,,,
2021-10-01,Near Luxury Car,genesis,g70,genesis_g70,g70,EA,EA,,,
2021-10-01,Mid Luxury Car,genesis,g80,genesis_g80,g80,EA,EA,,,
2021-10-01,Mid Luxury EV Car,genesis,g80_ev,genesis_electrified_g80,g80_ev,EA,EA,,,
2021-10-01,Premium Luxury Car,genesis,g90,genesis_g90,g90,EA,EA,,,
2021-10-01,Entry Luxury EV SUV,genesis,gv60,genesis_gv60,gv60,EA,EA,,,
2021-10-01,Near Luxury SUV,genesis,gv70,genesis_gv70,gv70,EA,EA,,,
2021-10-01,Near Luxury EV SUV,genesis,gv70_ev,genesis_electrified_gv70,gv70_ev,EA,EA,,,
2021-10-01,Mid Luxury SUV,genesis,gv80,genesis_gv80,gv80,EA,EA,,,
2021-10-01,Mid Luxury SUV,genesis,gv80_coupe,genesis_gv80_coupe,gv80,EA,EA,,,
2021-10-01,Make Only,genesis,make_only,genesis_make_only,make_only,EA,EA,,,
2021-10-01,Brand,genesis,Total,genesis_Total,Total,MA,MA,,,
2021-10-01,Unassigned,genesis,Unassigned,Unassigned,Unassigned,MA,MA,,,
2021-10-01,Unassigned,genesis,Unassigned,unassigned,Unassigned,MA,MA,,,
2021-10-01,Near Luxury Car,genesis,g70,genesis_g70,g70,MA,MA,,,
2021-10-01,Mid Luxury Car,genesis,g80,genesis_g80,g80,MA,MA,,,
2021-10-01,Mid Luxury EV Car,genesis,g80_ev,genesis_electrified_g80,g80_ev,MA,MA,,,
2021-10-01,Premium Luxury Car,genesis,g90,genesis_g90,g90,MA,MA,,,
2021-10-01,Entry Luxury EV SUV,genesis,gv60,genesis_gv60,gv60,MA,MA,,,
2021-10-01,Near Luxury SUV,genesis,gv70,genesis_gv70,gv70,MA,MA,,,
2021-10-01,Near Luxury EV SUV,genesis,gv70_ev,genesis_electrified_gv70,gv70_ev,MA,MA,,,
2021-10-01,Mid Luxury SUV,genesis,gv80,genesis_gv80,gv80,MA,MA,,,
2021-10-01,Mid Luxury SUV,genesis,gv80_coupe,genesis_gv80_coupe,gv80,MA,MA,,,
2021-10-01,Make Only,genesis,make_only,genesis_make_only,make_only,MA,MA,,,
2021-10-01,Brand,genesis,Total,genesis_Total,Total,MS,MS,,,
2021-10-01,Unassigned,genesis,Unassigned,unassigned,Unassigned,MS,MS,,,
2021-10-01,Unassigned,genesis,Unassigned,Unassigned,Unassigned,MS,MS,,,
2021-10-01,Near Luxury Car,genesis,g70,genesis_g70,g70,MS,MS,,,
2021-10-01,Mid Luxury Car,genesis,g80,genesis_g80,g80,MS,MS,,,
2021-10-01,Mid Luxury EV Car,genesis,g80_ev,genesis_electrified_g80,g80_ev,MS,MS,,,
2021-10-01,Premium Luxury Car,genesis,g90,genesis_g90,g90,MS,MS,,,
2021-10-01,Entry Luxury EV SUV,genesis,gv60,genesis_gv60,gv60,MS,MS,,,
2021-10-01,Near Luxury SUV,genesis,gv70,genesis_gv70,gv70,MS,MS,,,
2021-10-01,Near Luxury EV SUV,genesis,gv70_ev,genesis_electrified_gv70,gv70_ev,MS,MS,,,
2021-10-01,Mid Luxury SUV,genesis,gv80,genesis_gv80,gv80,MS,MS,,,
2021-10-01,Mid Luxury SUV,genesis,gv80_coupe,genesis_gv80_coupe,gv80,MS,MS,,,
2021-10-01,Make Only,genesis,make_only,genesis_make_only,make_only,MS,MS,,,
2021-10-01,Brand,genesis,Total,genesis_Total,Total,NH,NH,,,
2021-10-01,Unassigned,genesis,Unassigned,unassigned,Unassigned,NH,NH,,,
2021-10-01,Unassigned,genesis,Unassigned,Unassigned,Unassigned,NH,NH,,,
2021-10-01,Near Luxury Car,genesis,g70,genesis_g70,g70,NH,NH,,,
2021-10-01,Mid Luxury Car,genesis,g80,genesis_g80,g80,NH,NH,,,
2021-10-01,Mid Luxury EV Car,genesis,g80_ev,genesis_electrified_g80,g80_ev,NH,NH,,,
2021-10-01,Premium Luxury Car,genesis,g90,genesis_g90,g90,NH,NH,,,
2021-10-01,Entry Luxury EV SUV,genesis,gv60,genesis_gv60,gv60,NH,NH,,,
2021-10-01,Near Luxury SUV,genesis,gv70,genesis_gv70,gv70,NH,NH,,,
2021-10-01,Near Luxury EV SUV,genesis,gv70_ev,genesis_electrified_gv70,gv70_ev,NH,NH,,,
2021-10-01,Mid Luxury SUV,genesis,gv80,genesis_gv80,gv80,NH,NH,,,
2021-10-01,Mid Luxury SUV,genesis,gv80_coupe,genesis_gv80_coupe,gv80,NH,NH,,,
2021-10-01,Make Only,genesis,make_only,genesis_make_only,make_only,NH,NH,,,
2021-10-01,Brand,genesis,Total,genesis_Total,Total,SC,SC,,,
2021-10-01,Unassigned,genesis,Unassigned,Unassigned,Unassigned,SC,SC,,,
2021-10-01,Unassigned,genesis,Unassigned,unassigned,Unassigned,SC,SC,,,
2021-10-01,Near Luxury Car,genesis,g70,genesis_g70,g70,SC,SC,,,
2021-10-01,Mid Luxury Car,genesis,g80,genesis_g80,g80,SC,SC,,,
2021-10-01,Mid Luxury EV Car,genesis,g80_ev,genesis_electrified_g80,g80_ev,SC,SC,,,
2021-10-01,Premium Luxury Car,genesis,g90,genesis_g90,g90,SC,SC,,,
2021-10-01,Entry Luxury EV SUV,genesis,gv60,genesis_gv60,gv60,SC,SC,,,
2021-10-01,Near Luxury SUV,genesis,gv70,genesis_gv70,gv70,SC,SC,,,
2021-10-01,Near Luxury EV SUV,genesis,gv70_ev,genesis_electrified_gv70,gv70_ev,SC,SC,,,
2021-10-01,Mid Luxury SUV,genesis,gv80,genesis_gv80,gv80,SC,SC,,,
2021-10-01,Mid Luxury SUV,genesis,gv80_coupe,genesis_gv80_coupe,gv80,SC,SC,,,
2021-10-01,Make Only,genesis,make_only,genesis_make_only,make_only,SC,SC,,,
2021-10-01,Brand,genesis,Total,genesis_Total,Total,SO,SO,,,
2021-10-01,Unassigned,genesis,Unassigned,Unassigned,Unassigned,SO,SO,,,
2021-10-01,Unassigned,genesis,Unassigned,unassigned,Unassigned,SO,SO,,,
2021-10-01,Near Luxury Car,genesis,g70,genesis_g70,g70,SO,SO,,,
2021-10-01,Mid Luxury Car,genesis,g80,genesis_g80,g80,SO,SO,,,
2021-10-01,Mid Luxury EV Car,genesis,g80_ev,genesis_electrified_g80,g80_ev,SO,SO,,,
2021-10-01,Premium Luxury Car,genesis,g90,genesis_g90,g90,SO,SO,,,
2021-10-01,Entry Luxury EV SUV,genesis,gv60,genesis_gv60,gv60,SO,SO,,,
2021-10-01,Near Luxury SUV,genesis,gv70,genesis_gv70,gv70,SO,SO,,,
2021-10-01,Near Luxury EV SUV,genesis,gv70_ev,genesis_electrified_gv70,gv70_ev,SO,SO,,,
2021-10-01,Mid Luxury SUV,genesis,gv80,genesis_gv80,gv80,SO,SO,,,
2021-10-01,Mid Luxury SUV,genesis,gv80_coupe,genesis_gv80_coupe,gv80,SO,SO,,,
2021-10-01,Make Only,genesis,make_only,genesis_make_only,make_only,SO,SO,,,
2021-10-01,Brand,genesis,Total,genesis_Total,Total,National,US,,,
2021-10-01,Unassigned,genesis,Unassigned,Unassigned,Unassigned,National,US,,,
2021-10-01,Unassigned,genesis,Unassigned,unassigned,Unassigned,National,US,,,
2021-10-01,Near Luxury Car,genesis,g70,genesis_g70,g70,National,US,,,
2021-10-01,Mid Luxury Car,genesis,g80,genesis_g80,g80,National,US,,,
2021-10-01,Mid Luxury EV Car,genesis,g80_ev,genesis_electrified_g80,g80_ev,National,US,,,
2021-10-01,Premium Luxury Car,genesis,g90,genesis_g90,g90,National,US,,,
2021-10-01,Entry Luxury EV SUV,genesis,gv60,genesis_gv60,gv60,National,US,,,
2021-10-01,Near Luxury SUV,genesis,gv70,genesis_gv70,gv70,National,US,,,
2021-10-01,Near Luxury EV SUV,genesis,gv70_ev,genesis_electrified_gv70,gv70_ev,National,US,,,
2021-10-01,Mid Luxury SUV,genesis,gv80,genesis_gv80,gv80,National,US,,,
2021-10-01,Mid Luxury SUV,genesis,gv80_coupe,genesis_gv80_coupe,gv80,National,US,,,
2021-10-01,Make Only,genesis,make_only,genesis_make_only,make_only,National,US,,,
2021-10-01,Brand,genesis,Total,genesis_Total,Total,WE,WE,,,
2021-10-01,Unassigned,genesis,Unassigned,Unassigned,Unassigned,WE,WE,,,
2021-10-01,Unassigned,genesis,Unassigned,unassigned,Unassigned,WE,WE,,,
2021-10-01,Near Luxury Car,genesis,g70,genesis_g70,g70,WE,WE,,,
2021-10-01,Mid Luxury Car,genesis,g80,genesis_g80,g80,WE,WE,,,
2021-10-01,Mid Luxury EV Car,genesis,g80_ev,genesis_electrified_g80,g80_ev,WE,WE,,,
2021-10-01,Premium Luxury Car,genesis,g90,genesis_g90,g90,WE,WE,,,
2021-10-01,Entry Luxury EV SUV,genesis,gv60,genesis_gv60,gv60,WE,WE,,,
2021-10-01,Near Luxury SUV,genesis,gv70,genesis_gv70,gv70,WE,WE,,,
2021-10-01,Near Luxury EV SUV,genesis,gv70_ev,genesis_electrified_gv70,gv70_ev,WE,WE,,,
2021-10-01,Mid Luxury SUV,genesis,gv80,genesis_gv80,gv80,WE,WE,,,
2021-10-01,Mid Luxury SUV,genesis,gv80_coupe,genesis_gv80_coupe,gv80,WE,WE,,,
2021-10-01,Make Only,genesis,make_only,genesis_make_only,make_only,WE,WE,,,
2021-11-01,Brand,genesis,Total,genesis_Total,Total,CE,CE,,,
2021-11-01,Unassigned,genesis,Unassigned,Unassigned,Unassigned,CE,CE,,,
2021-11-01,Unassigned,genesis,Unassigned,unassigned,Unassigned,CE,CE,,,
2021-11-01,Near Luxury Car,genesis,g70,genesis_g70,g70,CE,CE,,,
2021-11-01,Mid Luxury Car,genesis,g80,genesis_g80,g80,CE,CE,,,
2021-11-01,Mid Luxury EV Car,genesis,g80_ev,genesis_electrified_g80,g80_ev,CE,CE,,,
2021-11-01,Premium Luxury Car,genesis,g90,genesis_g90,g90,CE,CE,,,
2021-11-01,Entry Luxury EV SUV,genesis,gv60,genesis_gv60,gv60,CE,CE,,,
2021-11-01,Near Luxury SUV,genesis,gv70,genesis_gv70,gv70,CE,CE,,,
2021-11-01,Near Luxury EV SUV,genesis,gv70_ev,genesis_electrified_gv70,gv70_ev,CE,CE,,,
2021-11-01,Mid Luxury SUV,genesis,gv80,genesis_gv80,gv80,CE,CE,,,
2021-11-01,Mid Luxury SUV,genesis,gv80_coupe,genesis_gv80_coupe,gv80,CE,CE,,,
2021-11-01,Make Only,genesis,make_only,genesis_make_only,make_only,CE,CE,,,
2021-11-01,Brand,genesis,Total,genesis_Total,Total,EA,EA,,,
2021-11-01,Unassigned,genesis,Unassigned,unassigned,Unassigned,EA,EA,,,
2021-11-01,Unassigned,genesis,Unassigned,Unassigned,Unassigned,EA,EA,,,
2021-11-01,Near Luxury Car,genesis,g70,genesis_g70,g70,EA,EA,,,
2021-11-01,Mid Luxury Car,genesis,g80,genesis_g80,g80,EA,EA,,,
2021-11-01,Mid Luxury EV Car,genesis,g80_ev,genesis_electrified_g80,g80_ev,EA,EA,,,
2021-11-01,Premium Luxury Car,genesis,g90,genesis_g90,g90,EA,EA,,,
2021-11-01,Entry Luxury EV SUV,genesis,gv60,genesis_gv60,gv60,EA,EA,,,
2021-11-01,Near Luxury SUV,genesis,gv70,genesis_gv70,gv70,EA,EA,,,
2021-11-01,Near Luxury EV SUV,genesis,gv70_ev,genesis_electrified_gv70,gv70_ev,EA,EA,,,
2021-11-01,Mid Luxury SUV,genesis,gv80,genesis_gv80,gv80,EA,EA,,,
2021-11-01,Mid Luxury SUV,genesis,gv80_coupe,genesis_gv80_coupe,gv80,EA,EA,,,
2021-11-01,Make Only,genesis,make_only,genesis_make_only,make_only,EA,EA,,,
2021-11-01,Brand,genesis,Total,genesis_Total,Total,MA,MA,,,
2021-11-01,Unassigned,genesis,Unassigned,Unassigned,Unassigned,MA,MA,,,
2021-11-01,Unassigned,genesis,Unassigned,unassigned,Unassigned,MA,MA,,,
2021-11-01,Near Luxury Car,genesis,g70,genesis_g70,g70,MA,MA,,,
2021-11-01,Mid Luxury Car,genesis,g80,genesis_g80,g80,MA,MA,,,
2021-11-01,Mid Luxury EV Car,genesis,g80_ev,genesis_electrified_g80,g80_ev,MA,MA,,,
2021-11-01,Premium Luxury Car,genesis,g90,genesis_g90,g90,MA,MA,,,
2021-11-01,Entry Luxury EV SUV,genesis,gv60,genesis_gv60,gv60,MA,MA,,,
2021-11-01,Near Luxury SUV,genesis,gv70,genesis_gv70,gv70,MA,MA,,,
2021-11-01,Near Luxury EV SUV,genesis,gv70_ev,genesis_electrified_gv70,gv70_ev,MA,MA,,,
2021-11-01,Mid Luxury SUV,genesis,gv80,genesis_gv80,gv80,MA,MA,,,
2021-11-01,Mid Luxury SUV,genesis,gv80_coupe,genesis_gv80_coupe,gv80,MA,MA,,,
2021-11-01,Make Only,genesis,make_only,genesis_make_only,make_only,MA,MA,,,
2021-11-01,Brand,genesis,Total,genesis_Total,Total,MS,MS,,,
2021-11-01,Unassigned,genesis,Unassigned,Unassigned,Unassigned,MS,MS,,,
2021-11-01,Unassigned,genesis,Unassigned,unassigned,Unassigned,MS,MS,,,
2021-11-01,Near Luxury Car,genesis,g70,genesis_g70,g70,MS,MS,,,
2021-11-01,Mid Luxury Car,genesis,g80,genesis_g80,g80,MS,MS,,,
2021-11-01,Mid Luxury EV Car,genesis,g80_ev,genesis_electrified_g80,g80_ev,MS,MS,,,
2021-11-01,Premium Luxury Car,genesis,g90,genesis_g90,g90,MS,MS,,,
2021-11-01,Entry Luxury EV SUV,genesis,gv60,genesis_gv60,gv60,MS,MS,,,
2021-11-01,Near Luxury SUV,genesis,gv70,genesis_gv70,gv70,MS,MS,,,
2021-11-01,Near Luxury EV SUV,genesis,gv70_ev,genesis_electrified_gv70,gv70_ev,MS,MS,,,
2021-11-01,Mid Luxury SUV,genesis,gv80,genesis_gv80,gv80,MS,MS,,,
2021-11-01,Mid Luxury SUV,genesis,gv80_coupe,genesis_gv80_coupe,gv80,MS,MS,,,
2021-11-01,Make Only,genesis,make_only,genesis_make_only,make_only,MS,MS,,,
2021-11-01,Brand,genesis,Total,genesis_Total,Total,NH,NH,,,
2021-11-01,Unassigned,genesis,Unassigned,unassigned,Unassigned,NH,NH,,,
2021-11-01,Unassigned,genesis,Unassigned,Unassigned,Unassigned,NH,NH,,,
2021-11-01,Near Luxury Car,genesis,g70,genesis_g70,g70,NH,NH,,,
2021-11-01,Mid Luxury Car,genesis,g80,genesis_g80,g80,NH,NH,,,
2021-11-01,Mid Luxury EV Car,genesis,g80_ev,genesis_electrified_g80,g80_ev,NH,NH,,,
2021-11-01,Premium Luxury Car,genesis,g90,genesis_g90,g90,NH,NH,,,
2021-11-01,Entry Luxury EV SUV,genesis,gv60,genesis_gv60,gv60,NH,NH,,,
2021-11-01,Near Luxury SUV,genesis,gv70,genesis_gv70,gv70,NH,NH,,,
2021-11-01,Near Luxury EV SUV,genesis,gv70_ev,genesis_electrified_gv70,gv70_ev,NH,NH,,,
2021-11-01,Mid Luxury SUV,genesis,gv80,genesis_gv80,gv80,NH,NH,,,
2021-11-01,Mid Luxury SUV,genesis,gv80_coupe,genesis_gv80_coupe,gv80,NH,NH,,,
2021-11-01,Make Only,genesis,make_only,genesis_make_only,make_only,NH,NH,,,
2021-11-01,Brand,genesis,Total,genesis_Total,Total,SC,SC,,,
2021-11-01,Unassigned,genesis,Unassigned,unassigned,Unassigned,SC,SC,,,
2021-11-01,Unassigned,genesis,Unassigned,Unassigned,Unassigned,SC,SC,,,
2021-11-01,Near Luxury Car,genesis,g70,genesis_g70,g70,SC,SC,,,
2021-11-01,Mid Luxury Car,genesis,g80,genesis_g80,g80,SC,SC,,,
2021-11-01,Mid Luxury EV Car,genesis,g80_ev,genesis_electrified_g80,g80_ev,SC,SC,,,
2021-11-01,Premium Luxury Car,genesis,g90,genesis_g90,g90,SC,SC,,,
2021-11-01,Entry Luxury EV SUV,genesis,gv60,genesis_gv60,gv60,SC,SC,,,
2021-11-01,Near Luxury SUV,genesis,gv70,genesis_gv70,gv70,SC,SC,,,
2021-11-01,Near Luxury EV SUV,genesis,gv70_ev,genesis_electrified_gv70,gv70_ev,SC,SC,,,
2021-11-01,Mid Luxury SUV,genesis,gv80,genesis_gv80,gv80,SC,SC,,,
2021-11-01,Mid Luxury SUV,genesis,gv80_coupe,genesis_gv80_coupe,gv80,SC,SC,,,
2021-11-01,Make Only,genesis,make_only,genesis_make_only,make_only,SC,SC,,,
2021-11-01,Brand,genesis,Total,genesis_Total,Total,SO,SO,,,
2021-11-01,Unassigned,genesis,Unassigned,unassigned,Unassigned,SO,SO,,,
2021-11-01,Unassigned,genesis,Unassigned,Unassigned,Unassigned,SO,SO,,,
2021-11-01,Near Luxury Car,genesis,g70,genesis_g70,g70,SO,SO,,,
2021-11-01,Mid Luxury Car,genesis,g80,genesis_g80,g80,SO,SO,,,
2021-11-01,Mid Luxury EV Car,genesis,g80_ev,genesis_electrified_g80,g80_ev,SO,SO,,,
2021-11-01,Premium Luxury Car,genesis,g90,genesis_g90,g90,SO,SO,,,
2021-11-01,Entry Luxury EV SUV,genesis,gv60,genesis_gv60,gv60,SO,SO,,,
2021-11-01,Near Luxury SUV,genesis,gv70,genesis_gv70,gv70,SO,SO,,,
2021-11-01,Near Luxury EV SUV,genesis,gv70_ev,genesis_electrified_gv70,gv70_ev,SO,SO,,,
2021-11-01,Mid Luxury SUV,genesis,gv80,genesis_gv80,gv80,SO,SO,,,
2021-11-01,Mid Luxury SUV,genesis,gv80_coupe,genesis_gv80_coupe,gv80,SO,SO,,,
2021-11-01,Make Only,genesis,make_only,genesis_make_only,make_only,SO,SO,,,
2021-11-01,Brand,genesis,Total,genesis_Total,Total,National,US,,,
2021-11-01,Unassigned,genesis,Unassigned,unassigned,Unassigned,National,US,,,
2021-11-01,Unassigned,genesis,Unassigned,Unassigned,Unassigned,National,US,,,
2021-11-01,Near Luxury Car,genesis,g70,genesis_g70,g70,National,US,,,
2021-11-01,Mid Luxury Car,genesis,g80,genesis_g80,g80,National,US,,,
2021-11-01,Mid Luxury EV Car,genesis,g80_ev,genesis_electrified_g80,g80_ev,National,US,,,
2021-11-01,Premium Luxury Car,genesis,g90,genesis_g90,g90,National,US,,,
2021-11-01,Entry Luxury EV SUV,genesis,gv60,genesis_gv60,gv60,National,US,,,
2021-11-01,Near Luxury SUV,genesis,gv70,genesis_gv70,gv70,National,US,,,
2021-11-01,Near Luxury EV SUV,genesis,gv70_ev,genesis_electrified_gv70,gv70_ev,National,US,,,
2021-11-01,Mid Luxury SUV,genesis,gv80,genesis_gv80,gv80,National,US,,,
2021-11-01,Mid Luxury SUV,genesis,gv80_coupe,genesis_gv80_coupe,gv80,National,US,,,
2021-11-01,Make Only,genesis,make_only,genesis_make_only,make_only,National,US,,,
2021-11-01,Brand,genesis,Total,genesis_Total,Total,WE,WE,,,
2021-11-01,Unassigned,genesis,Unassigned,unassigned,Unassigned,WE,WE,,,
2021-11-01,Unassigned,genesis,Unassigned,Unassigned,Unassigned,WE,WE,,,
2021-11-01,Near Luxury Car,genesis,g70,genesis_g70,g70,WE,WE,,,
2021-11-01,Mid Luxury Car,genesis,g80,genesis_g80,g80,WE,WE,,,
2021-11-01,Mid Luxury EV Car,genesis,g80_ev,genesis_electrified_g80,g80_ev,WE,WE,,,
2021-11-01,Premium Luxury Car,genesis,g90,genesis_g90,g90,WE,WE,,,
2021-11-01,Entry Luxury EV SUV,genesis,gv60,genesis_gv60,gv60,WE,WE,,,
2021-11-01,Near Luxury SUV,genesis,gv70,genesis_gv70,gv70,WE,WE,,,
2021-11-01,Near Luxury EV SUV,genesis,gv70_ev,genesis_electrified_gv70,gv70_ev,WE,WE,,,
2021-11-01,Mid Luxury SUV,genesis,gv80,genesis_gv80,gv80,WE,WE,,,
2021-11-01,Mid Luxury SUV,genesis,gv80_coupe,genesis_gv80_coupe,gv80,WE,WE,,,
2021-11-01,Make Only,genesis,make_only,genesis_make_only,make_only,WE,WE,,,
2021-12-01,Brand,genesis,Total,genesis_Total,Total,CE,CE,,,
2021-12-01,Unassigned,genesis,Unassigned,Unassigned,Unassigned,CE,CE,,,
2021-12-01,Unassigned,genesis,Unassigned,unassigned,Unassigned,CE,CE,,,
2021-12-01,Near Luxury Car,genesis,g70,genesis_g70,g70,CE,CE,,,
2021-12-01,Mid Luxury Car,genesis,g80,genesis_g80,g80,CE,CE,,,
2021-12-01,Mid Luxury EV Car,genesis,g80_ev,genesis_electrified_g80,g80_ev,CE,CE,,,
2021-12-01,Premium Luxury Car,genesis,g90,genesis_g90,g90,CE,CE,,,
2021-12-01,Entry Luxury EV SUV,genesis,gv60,genesis_gv60,gv60,CE,CE,,,
2021-12-01,Near Luxury SUV,genesis,gv70,genesis_gv70,gv70,CE,CE,,,
2021-12-01,Near Luxury EV SUV,genesis,gv70_ev,genesis_electrified_gv70,gv70_ev,CE,CE,,,
2021-12-01,Mid Luxury SUV,genesis,gv80,genesis_gv80,gv80,CE,CE,,,
2021-12-01,Mid Luxury SUV,genesis,gv80_coupe,genesis_gv80_coupe,gv80,CE,CE,,,
2021-12-01,Make Only,genesis,make_only,genesis_make_only,make_only,CE,CE,,,
2021-12-01,Brand,genesis,Total,genesis_Total,Total,EA,EA,,,
2021-12-01,Unassigned,genesis,Unassigned,Unassigned,Unassigned,EA,EA,,,
2021-12-01,Unassigned,genesis,Unassigned,unassigned,Unassigned,EA,EA,,,
2021-12-01,Near Luxury Car,genesis,g70,genesis_g70,g70,EA,EA,,,
2021-12-01,Mid Luxury Car,genesis,g80,genesis_g80,g80,EA,EA,,,
2021-12-01,Mid Luxury EV Car,genesis,g80_ev,genesis_electrified_g80,g80_ev,EA,EA,,,
2021-12-01,Premium Luxury Car,genesis,g90,genesis_g90,g90,EA,EA,,,
2021-12-01,Entry Luxury EV SUV,genesis,gv60,genesis_gv60,gv60,EA,EA,,,
2021-12-01,Near Luxury SUV,genesis,gv70,genesis_gv70,gv70,EA,EA,,,
2021-12-01,Near Luxury EV SUV,genesis,gv70_ev,genesis_electrified_gv70,gv70_ev,EA,EA,,,
2021-12-01,Mid Luxury SUV,genesis,gv80,genesis_gv80,gv80,EA,EA,,,
2021-12-01,Mid Luxury SUV,genesis,gv80_coupe,genesis_gv80_coupe,gv80,EA,EA,,,
2021-12-01,Make Only,genesis,make_only,genesis_make_only,make_only,EA,EA,,,
2021-12-01,Brand,genesis,Total,genesis_Total,Total,MA,MA,,,
2021-12-01,Unassigned,genesis,Unassigned,unassigned,Unassigned,MA,MA,,,
2021-12-01,Unassigned,genesis,Unassigned,Unassigned,Unassigned,MA,MA,,,
2021-12-01,Near Luxury Car,genesis,g70,genesis_g70,g70,MA,MA,,,
2021-12-01,Mid Luxury Car,genesis,g80,genesis_g80,g80,MA,MA,,,
2021-12-01,Mid Luxury EV Car,genesis,g80_ev,genesis_electrified_g80,g80_ev,MA,MA,,,
2021-12-01,Premium Luxury Car,genesis,g90,genesis_g90,g90,MA,MA,,,
2021-12-01,Entry Luxury EV SUV,genesis,gv60,genesis_gv60,gv60,MA,MA,,,
2021-12-01,Near Luxury SUV,genesis,gv70,genesis_gv70,gv70,MA,MA,,,
2021-12-01,Near Luxury EV SUV,genesis,gv70_ev,genesis_electrified_gv70,gv70_ev,MA,MA,,,
2021-12-01,Mid Luxury SUV,genesis,gv80,genesis_gv80,gv80,MA,MA,,,
2021-12-01,Mid Luxury SUV,genesis,gv80_coupe,genesis_gv80_coupe,gv80,MA,MA,,,
2021-12-01,Make Only,genesis,make_only,genesis_make_only,make_only,MA,MA,,,
2021-12-01,Brand,genesis,Total,genesis_Total,Total,MS,MS,,,
2021-12-01,Unassigned,genesis,Unassigned,unassigned,Unassigned,MS,MS,,,
2021-12-01,Unassigned,genesis,Unassigned,Unassigned,Unassigned,MS,MS,,,
2021-12-01,Near Luxury Car,genesis,g70,genesis_g70,g70,MS,MS,,,
2021-12-01,Mid Luxury Car,genesis,g80,genesis_g80,g80,MS,MS,,,
2021-12-01,Mid Luxury EV Car,genesis,g80_ev,genesis_electrified_g80,g80_ev,MS,MS,,,
2021-12-01,Premium Luxury Car,genesis,g90,genesis_g90,g90,MS,MS,,,
2021-12-01,Entry Luxury EV SUV,genesis,gv60,genesis_gv60,gv60,MS,MS,,,
2021-12-01,Near Luxury SUV,genesis,gv70,genesis_gv70,gv70,MS,MS,,,
2021-12-01,Near Luxury EV SUV,genesis,gv70_ev,genesis_electrified_gv70,gv70_ev,MS,MS,,,
2021-12-01,Mid Luxury SUV,genesis,gv80,genesis_gv80,gv80,MS,MS,,,
2021-12-01,Mid Luxury SUV,genesis,gv80_coupe,genesis_gv80_coupe,gv80,MS,MS,,,
2021-12-01,Make Only,genesis,make_only,genesis_make_only,make_only,MS,MS,,,
2021-12-01,Brand,genesis,Total,genesis_Total,Total,NH,NH,,,
2021-12-01,Unassigned,genesis,Unassigned,Unassigned,Unassigned,NH,NH,,,
2021-12-01,Unassigned,genesis,Unassigned,unassigned,Unassigned,NH,NH,,,
2021-12-01,Near Luxury Car,genesis,g70,genesis_g70,g70,NH,NH,,,
2021-12-01,Mid Luxury Car,genesis,g80,genesis_g80,g80,NH,NH,,,
2021-12-01,Mid Luxury EV Car,genesis,g80_ev,genesis_electrified_g80,g80_ev,NH,NH,,,
2021-12-01,Premium Luxury Car,genesis,g90,genesis_g90,g90,NH,NH,,,
2021-12-01,Entry Luxury EV SUV,genesis,gv60,genesis_gv60,gv60,NH,NH,,,
2021-12-01,Near Luxury SUV,genesis,gv70,genesis_gv70,gv70,NH,NH,,,
2021-12-01,Near Luxury EV SUV,genesis,gv70_ev,genesis_electrified_gv70,gv70_ev,NH,NH,,,
2021-12-01,Mid Luxury SUV,genesis,gv80,genesis_gv80,gv80,NH,NH,,,
2021-12-01,Mid Luxury SUV,genesis,gv80_coupe,genesis_gv80_coupe,gv80,NH,NH,,,
2021-12-01,Make Only,genesis,make_only,genesis_make_only,make_only,NH,NH,,,
2021-12-01,Brand,genesis,Total,genesis_Total,Total,SC,SC,,,
2021-12-01,Unassigned,genesis,Unassigned,Unassigned,Unassigned,SC,SC,,,
2021-12-01,Unassigned,genesis,Unassigned,unassigned,Unassigned,SC,SC,,,
2021-12-01,Near Luxury Car,genesis,g70,genesis_g70,g70,SC,SC,,,
2021-12-01,Mid Luxury Car,genesis,g80,genesis_g80,g80,SC,SC,,,
2021-12-01,Mid Luxury EV Car,genesis,g80_ev,genesis_electrified_g80,g80_ev,SC,SC,,,
2021-12-01,Premium Luxury Car,genesis,g90,genesis_g90,g90,SC,SC,,,
2021-12-01,Entry Luxury EV SUV,genesis,gv60,genesis_gv60,gv60,SC,SC,,,
2021-12-01,Near Luxury SUV,genesis,gv70,genesis_gv70,gv70,SC,SC,,,
2021-12-01,Near Luxury EV SUV,genesis,gv70_ev,genesis_electrified_gv70,gv70_ev,SC,SC,,,
2021-12-01,Mid Luxury SUV,genesis,gv80,genesis_gv80,gv80,SC,SC,,,
2021-12-01,Mid Luxury SUV,genesis,gv80_coupe,genesis_gv80_coupe,gv80,SC,SC,,,
2021-12-01,Make Only,genesis,make_only,genesis_make_only,make_only,SC,SC,,,
2021-12-01,Brand,genesis,Total,genesis_Total,Total,SO,SO,,,
2021-12-01,Unassigned,genesis,Unassigned,unassigned,Unassigned,SO,SO,,,
2021-12-01,Unassigned,genesis,Unassigned,Unassigned,Unassigned,SO,SO,,,
2021-12-01,Near Luxury Car,genesis,g70,genesis_g70,g70,SO,SO,,,
2021-12-01,Mid Luxury Car,genesis,g80,genesis_g80,g80,SO,SO,,,
2021-12-01,Mid Luxury EV Car,genesis,g80_ev,genesis_electrified_g80,g80_ev,SO,SO,,,
2021-12-01,Premium Luxury Car,genesis,g90,genesis_g90,g90,SO,SO,,,
2021-12-01,Entry Luxury EV SUV,genesis,gv60,genesis_gv60,gv60,SO,SO,,,
2021-12-01,Near Luxury SUV,genesis,gv70,genesis_gv70,gv70,SO,SO,,,
2021-12-01,Near Luxury EV SUV,genesis,gv70_ev,genesis_electrified_gv70,gv70_ev,SO,SO,,,
2021-12-01,Mid Luxury SUV,genesis,gv80,genesis_gv80,gv80,SO,SO,,,
2021-12-01,Mid Luxury SUV,genesis,gv80_coupe,genesis_gv80_coupe,gv80,SO,SO,,,
2021-12-01,Make Only,genesis,make_only,genesis_make_only,make_only,SO,SO,,,
2021-12-01,Brand,genesis,Total,genesis_Total,Total,National,US,,,
2021-12-01,Unassigned,genesis,Unassigned,Unassigned,Unassigned,National,US,,,
2021-12-01,Unassigned,genesis,Unassigned,unassigned,Unassigned,National,US,,,
2021-12-01,Near Luxury Car,genesis,g70,genesis_g70,g70,National,US,,,
2021-12-01,Mid Luxury Car,genesis,g80,genesis_g80,g80,National,US,,,
2021-12-01,Mid Luxury EV Car,genesis,g80_ev,genesis_electrified_g80,g80_ev,National,US,,,
2021-12-01,Premium Luxury Car,genesis,g90,genesis_g90,g90,National,US,,,
2021-12-01,Entry Luxury EV SUV,genesis,gv60,genesis_gv60,gv60,National,US,,,
2021-12-01,Near Luxury SUV,genesis,gv70,genesis_gv70,gv70,National,US,,,
2021-12-01,Near Luxury EV SUV,genesis,gv70_ev,genesis_electrified_gv70,gv70_ev,National,US,,,
2021-12-01,Mid Luxury SUV,genesis,gv80,genesis_gv80,gv80,National,US,,,
2021-12-01,Mid Luxury SUV,genesis,gv80_coupe,genesis_gv80_coupe,gv80,National,US,,,
2021-12-01,Make Only,genesis,make_only,genesis_make_only,make_only,National,US,,,
2021-12-01,Brand,genesis,Total,genesis_Total,Total,WE,WE,,,
2021-12-01,Unassigned,genesis,Unassigned,unassigned,Unassigned,WE,WE,,,
2021-12-01,Unassigned,genesis,Unassigned,Unassigned,Unassigned,WE,WE,,,
2021-12-01,Near Luxury Car,genesis,g70,genesis_g70,g70,WE,WE,,,
2021-12-01,Mid Luxury Car,genesis,g80,genesis_g80,g80,WE,WE,,,
2021-12-01,Mid Luxury EV Car,genesis,g80_ev,genesis_electrified_g80,g80_ev,WE,WE,,,
2021-12-01,Premium Luxury Car,genesis,g90,genesis_g90,g90,WE,WE,,,
2021-12-01,Entry Luxury EV SUV,genesis,gv60,genesis_gv60,gv60,WE,WE,,,
2021-12-01,Near Luxury SUV,genesis,gv70,genesis_gv70,gv70,WE,WE,,,
2021-12-01,Near Luxury EV SUV,genesis,gv70_ev,genesis_electrified_gv70,gv70_ev,WE,WE,,,
2021-12-01,Mid Luxury SUV,genesis,gv80,genesis_gv80,gv80,WE,WE,,,
2021-12-01,Mid Luxury SUV,genesis,gv80_coupe,genesis_gv80_coupe,gv80,WE,WE,,,
2021-12-01,Make Only,genesis,make_only,genesis_make_only,make_only,WE,WE,,,
2022-01-01,Brand,genesis,Total,genesis_Total,Total,CE,CE,,,
2022-01-01,Unassigned,genesis,Unassigned,unassigned,Unassigned,CE,CE,,,
2022-01-01,Unassigned,genesis,Unassigned,Unassigned,Unassigned,CE,CE,,,
2022-01-01,Near Luxury Car,genesis,g70,genesis_g70,g70,CE,CE,,,
2022-01-01,Mid Luxury Car,genesis,g80,genesis_g80,g80,CE,CE,,,
2022-01-01,Mid Luxury EV Car,genesis,g80_ev,genesis_electrified_g80,g80_ev,CE,CE,,,
2022-01-01,Premium Luxury Car,genesis,g90,genesis_g90,g90,CE,CE,,,
2022-01-01,Entry Luxury EV SUV,genesis,gv60,genesis_gv60,gv60,CE,CE,,,
2022-01-01,Near Luxury SUV,genesis,gv70,genesis_gv70,gv70,CE,CE,,,
2022-01-01,Near Luxury EV SUV,genesis,gv70_ev,genesis_electrified_gv70,gv70_ev,CE,CE,,,
2022-01-01,Mid Luxury SUV,genesis,gv80,genesis_gv80,gv80,CE,CE,,,
2022-01-01,Mid Luxury SUV,genesis,gv80_coupe,genesis_gv80_coupe,gv80,CE,CE,,,
2022-01-01,Make Only,genesis,make_only,genesis_make_only,make_only,CE,CE,,,
2022-01-01,Brand,genesis,Total,genesis_Total,Total,EA,EA,,,
2022-01-01,Unassigned,genesis,Unassigned,unassigned,Unassigned,EA,EA,,,
2022-01-01,Unassigned,genesis,Unassigned,Unassigned,Unassigned,EA,EA,,,
2022-01-01,Near Luxury Car,genesis,g70,genesis_g70,g70,EA,EA,,,
2022-01-01,Mid Luxury Car,genesis,g80,genesis_g80,g80,EA,EA,,,
2022-01-01,Mid Luxury EV Car,genesis,g80_ev,genesis_electrified_g80,g80_ev,EA,EA,,,
2022-01-01,Premium Luxury Car,genesis,g90,genesis_g90,g90,EA,EA,,,
2022-01-01,Entry Luxury EV SUV,genesis,gv60,genesis_gv60,gv60,EA,EA,,,
2022-01-01,Near Luxury SUV,genesis,gv70,genesis_gv70,gv70,EA,EA,,,
2022-01-01,Near Luxury EV SUV,genesis,gv70_ev,genesis_electrified_gv70,gv70_ev,EA,EA,,,
2022-01-01,Mid Luxury SUV,genesis,gv80,genesis_gv80,gv80,EA,EA,,,
2022-01-01,Mid Luxury SUV,genesis,gv80_coupe,genesis_gv80_coupe,gv80,EA,EA,,,
2022-01-01,Make Only,genesis,make_only,genesis_make_only,make_only,EA,EA,,,
2022-01-01,Brand,genesis,Total,genesis_Total,Total,MA,MA,,,
2022-01-01,Unassigned,genesis,Unassigned,unassigned,Unassigned,MA,MA,,,
2022-01-01,Unassigned,genesis,Unassigned,Unassigned,Unassigned,MA,MA,,,
2022-01-01,Near Luxury Car,genesis,g70,genesis_g70,g70,MA,MA,,,
2022-01-01,Mid Luxury Car,genesis,g80,genesis_g80,g80,MA,MA,,,
2022-01-01,Mid Luxury EV Car,genesis,g80_ev,genesis_electrified_g80,g80_ev,MA,MA,,,
2022-01-01,Premium Luxury Car,genesis,g90,genesis_g90,g90,MA,MA,,,
2022-01-01,Entry Luxury EV SUV,genesis,gv60,genesis_gv60,gv60,MA,MA,,,
2022-01-01,Near Luxury SUV,genesis,gv70,genesis_gv70,gv70,MA,MA,,,
2022-01-01,Near Luxury EV SUV,genesis,gv70_ev,genesis_electrified_gv70,gv70_ev,MA,MA,,,
2022-01-01,Mid Luxury SUV,genesis,gv80,genesis_gv80,gv80,MA,MA,,,
2022-01-01,Mid Luxury SUV,genesis,gv80_coupe,genesis_gv80_coupe,gv80,MA,MA,,,
2022-01-01,Make Only,genesis,make_only,genesis_make_only,make_only,MA,MA,,,
2022-01-01,Brand,genesis,Total,genesis_Total,Total,MS,MS,,,
2022-01-01,Unassigned,genesis,Unassigned,Unassigned,Unassigned,MS,MS,,,
2022-01-01,Unassigned,genesis,Unassigned,unassigned,Unassigned,MS,MS,,,
2022-01-01,Near Luxury Car,genesis,g70,genesis_g70,g70,MS,MS,,,
2022-01-01,Mid Luxury Car,genesis,g80,genesis_g80,g80,MS,MS,,,
2022-01-01,Mid Luxury EV Car,genesis,g80_ev,genesis_electrified_g80,g80_ev,MS,MS,,,
2022-01-01,Premium Luxury Car,genesis,g90,genesis_g90,g90,MS,MS,,,
2022-01-01,Entry Luxury EV SUV,genesis,gv60,genesis_gv60,gv60,MS,MS,,,
2022-01-01,Near Luxury SUV,genesis,gv70,genesis_gv70,gv70,MS,MS,,,
2022-01-01,Near Luxury EV SUV,genesis,gv70_ev,genesis_electrified_gv70,gv70_ev,MS,MS,,,
2022-01-01,Mid Luxury SUV,genesis,gv80,genesis_gv80,gv80,MS,MS,,,
2022-01-01,Mid Luxury SUV,genesis,gv80_coupe,genesis_gv80_coupe,gv80,MS,MS,,,
2022-01-01,Make Only,genesis,make_only,genesis_make_only,make_only,MS,MS,,,
2022-01-01,Brand,genesis,Total,genesis_Total,Total,NH,NH,,,
2022-01-01,Unassigned,genesis,Unassigned,Unassigned,Unassigned,NH,NH,,,
2022-01-01,Unassigned,genesis,Unassigned,unassigned,Unassigned,NH,NH,,,
2022-01-01,Near Luxury Car,genesis,g70,genesis_g70,g70,NH,NH,,,
2022-01-01,Mid Luxury Car,genesis,g80,genesis_g80,g80,NH,NH,,,
2022-01-01,Mid Luxury EV Car,genesis,g80_ev,genesis_electrified_g80,g80_ev,NH,NH,,,
2022-01-01,Premium Luxury Car,genesis,g90,genesis_g90,g90,NH,NH,,,
2022-01-01,Entry Luxury EV SUV,genesis,gv60,genesis_gv60,gv60,NH,NH,,,
2022-01-01,Near Luxury SUV,genesis,gv70,genesis_gv70,gv70,NH,NH,,,
2022-01-01,Near Luxury EV SUV,genesis,gv70_ev,genesis_electrified_gv70,gv70_ev,NH,NH,,,
2022-01-01,Mid Luxury SUV,genesis,gv80,genesis_gv80,gv80,NH,NH,,,
2022-01-01,Mid Luxury SUV,genesis,gv80_coupe,genesis_gv80_coupe,gv80,NH,NH,,,
2022-01-01,Make Only,genesis,make_only,genesis_make_only,make_only,NH,NH,,,
2022-01-01,Brand,genesis,Total,genesis_Total,Total,SC,SC,,,
2022-01-01,Unassigned,genesis,Unassigned,unassigned,Unassigned,SC,SC,,,
2022-01-01,Unassigned,genesis,Unassigned,Unassigned,Unassigned,SC,SC,,,
2022-01-01,Near Luxury Car,genesis,g70,genesis_g70,g70,SC,SC,,,
2022-01-01,Mid Luxury Car,genesis,g80,genesis_g80,g80,SC,SC,,,
2022-01-01,Mid Luxury EV Car,genesis,g80_ev,genesis_electrified_g80,g80_ev,SC,SC,,,
2022-01-01,Premium Luxury Car,genesis,g90,genesis_g90,g90,SC,SC,,,
2022-01-01,Entry Luxury EV SUV,genesis,gv60,genesis_gv60,gv60,SC,SC,,,
2022-01-01,Near Luxury SUV,genesis,gv70,genesis_gv70,gv70,SC,SC,,,
2022-01-01,Near Luxury EV SUV,genesis,gv70_ev,genesis_electrified_gv70,gv70_ev,SC,SC,,,
2022-01-01,Mid Luxury SUV,genesis,gv80,genesis_gv80,gv80,SC,SC,,,
2022-01-01,Mid Luxury SUV,genesis,gv80_coupe,genesis_gv80_coupe,gv80,SC,SC,,,
2022-01-01,Make Only,genesis,make_only,genesis_make_only,make_only,SC,SC,,,
2022-01-01,Brand,genesis,Total,genesis_Total,Total,SO,SO,,,
2022-01-01,Unassigned,genesis,Unassigned,unassigned,Unassigned,SO,SO,,,
2022-01-01,Unassigned,genesis,Unassigned,Unassigned,Unassigned,SO,SO,,,
2022-01-01,Near Luxury Car,genesis,g70,genesis_g70,g70,SO,SO,,,
2022-01-01,Mid Luxury Car,genesis,g80,genesis_g80,g80,SO,SO,,,
2022-01-01,Mid Luxury EV Car,genesis,g80_ev,genesis_electrified_g80,g80_ev,SO,SO,,,
2022-01-01,Premium Luxury Car,genesis,g90,genesis_g90,g90,SO,SO,,,
2022-01-01,Entry Luxury EV SUV,genesis,gv60,genesis_gv60,gv60,SO,SO,,,
2022-01-01,Near Luxury SUV,genesis,gv70,genesis_gv70,gv70,SO,SO,,,
2022-01-01,Near Luxury EV SUV,genesis,gv70_ev,genesis_electrified_gv70,gv70_ev,SO,SO,,,
2022-01-01,Mid Luxury SUV,genesis,gv80,genesis_gv80,gv80,SO,SO,,,
2022-01-01,Mid Luxury SUV,genesis,gv80_coupe,genesis_gv80_coupe,gv80,SO,SO,,,
2022-01-01,Make Only,genesis,make_only,genesis_make_only,make_only,SO,SO,,,
2022-01-01,Brand,genesis,Total,genesis_Total,Total,National,US,,,
2022-01-01,Unassigned,genesis,Unassigned,unassigned,Unassigned,National,US,,,
2022-01-01,Unassigned,genesis,Unassigned,Unassigned,Unassigned,National,US,,,
2022-01-01,Near Luxury Car,genesis,g70,genesis_g70,g70,National,US,,,
2022-01-01,Mid Luxury Car,genesis,g80,genesis_g80,g80,National,US,,,
2022-01-01,Mid Luxury EV Car,genesis,g80_ev,genesis_electrified_g80,g80_ev,National,US,,,
2022-01-01,Premium Luxury Car,genesis,g90,genesis_g90,g90,National,US,,,
2022-01-01,Entry Luxury EV SUV,genesis,gv60,genesis_gv60,gv60,National,US,,,
2022-01-01,Near Luxury SUV,genesis,gv70,genesis_gv70,gv70,National,US,,,
2022-01-01,Near Luxury EV SUV,genesis,gv70_ev,genesis_electrified_gv70,gv70_ev,National,US,,,
2022-01-01,Mid Luxury SUV,genesis,gv80,genesis_gv80,gv80,National,US,,,
2022-01-01,Mid Luxury SUV,genesis,gv80_coupe,genesis_gv80_coupe,gv80,National,US,,,
2022-01-01,Make Only,genesis,make_only,genesis_make_only,make_only,National,US,,,
2022-01-01,Brand,genesis,Total,genesis_Total,Total,WE,WE,,,
2022-01-01,Unassigned,genesis,Unassigned,Unassigned,Unassigned,WE,WE,,,
2022-01-01,Unassigned,genesis,Unassigned,unassigned,Unassigned,WE,WE,,,
2022-01-01,Near Luxury Car,genesis,g70,genesis_g70,g70,WE,WE,,,
2022-01-01,Mid Luxury Car,genesis,g80,genesis_g80,g80,WE,WE,,,
2022-01-01,Mid Luxury EV Car,genesis,g80_ev,genesis_electrified_g80,g80_ev,WE,WE,,,
2022-01-01,Premium Luxury Car,genesis,g90,genesis_g90,g90,WE,WE,,,
2022-01-01,Entry Luxury EV SUV,genesis,gv60,genesis_gv60,gv60,WE,WE,,,
2022-01-01,Near Luxury SUV,genesis,gv70,genesis_gv70,gv70,WE,WE,,,
2022-01-01,Near Luxury EV SUV,genesis,gv70_ev,genesis_electrified_gv70,gv70_ev,WE,WE,,,
2022-01-01,Mid Luxury SUV,genesis,gv80,genesis_gv80,gv80,WE,WE,,,
2022-01-01,Mid Luxury SUV,genesis,gv80_coupe,genesis_gv80_coupe,gv80,WE,WE,,,
2022-01-01,Make Only,genesis,make_only,genesis_make_only,make_only,WE,WE,,,
2022-02-01,Brand,genesis,Total,genesis_Total,Total,CE,CE,,,
2022-02-01,Unassigned,genesis,Unassigned,Unassigned,Unassigned,CE,CE,,,
2022-02-01,Unassigned,genesis,Unassigned,unassigned,Unassigned,CE,CE,,,
2022-02-01,Near Luxury Car,genesis,g70,genesis_g70,g70,CE,CE,,,
2022-02-01,Mid Luxury Car,genesis,g80,genesis_g80,g80,CE,CE,,,
2022-02-01,Mid Luxury EV Car,genesis,g80_ev,genesis_electrified_g80,g80_ev,CE,CE,,,
2022-02-01,Premium Luxury Car,genesis,g90,genesis_g90,g90,CE,CE,,,
2022-02-01,Entry Luxury EV SUV,genesis,gv60,genesis_gv60,gv60,CE,CE,,,
2022-02-01,Near Luxury SUV,genesis,gv70,genesis_gv70,gv70,CE,CE,,,
2022-02-01,Near Luxury EV SUV,genesis,gv70_ev,genesis_electrified_gv70,gv70_ev,CE,CE,,,
2022-02-01,Mid Luxury SUV,genesis,gv80,genesis_gv80,gv80,CE,CE,,,
2022-02-01,Mid Luxury SUV,genesis,gv80_coupe,genesis_gv80_coupe,gv80,CE,CE,,,
2022-02-01,Make Only,genesis,make_only,genesis_make_only,make_only,CE,CE,,,
2022-02-01,Brand,genesis,Total,genesis_Total,Total,EA,EA,,,
2022-02-01,Unassigned,genesis,Unassigned,unassigned,Unassigned,EA,EA,,,
2022-02-01,Unassigned,genesis,Unassigned,Unassigned,Unassigned,EA,EA,,,
2022-02-01,Near Luxury Car,genesis,g70,genesis_g70,g70,EA,EA,,,
2022-02-01,Mid Luxury Car,genesis,g80,genesis_g80,g80,EA,EA,,,
2022-02-01,Mid Luxury EV Car,genesis,g80_ev,genesis_electrified_g80,g80_ev,EA,EA,,,
2022-02-01,Premium Luxury Car,genesis,g90,genesis_g90,g90,EA,EA,,,
2022-02-01,Entry Luxury EV SUV,genesis,gv60,genesis_gv60,gv60,EA,EA,,,
2022-02-01,Near Luxury SUV,genesis,gv70,genesis_gv70,gv70,EA,EA,,,
2022-02-01,Near Luxury EV SUV,genesis,gv70_ev,genesis_electrified_gv70,gv70_ev,EA,EA,,,
2022-02-01,Mid Luxury SUV,genesis,gv80,genesis_gv80,gv80,EA,EA,,,
2022-02-01,Mid Luxury SUV,genesis,gv80_coupe,genesis_gv80_coupe,gv80,EA,EA,,,
2022-02-01,Make Only,genesis,make_only,genesis_make_only,make_only,EA,EA,,,
2022-02-01,Brand,genesis,Total,genesis_Total,Total,MA,MA,,,
2022-02-01,Unassigned,genesis,Unassigned,unassigned,Unassigned,MA,MA,,,
2022-02-01,Unassigned,genesis,Unassigned,Unassigned,Unassigned,MA,MA,,,
2022-02-01,Near Luxury Car,genesis,g70,genesis_g70,g70,MA,MA,,,
2022-02-01,Mid Luxury Car,genesis,g80,genesis_g80,g80,MA,MA,,,
2022-02-01,Mid Luxury EV Car,genesis,g80_ev,genesis_electrified_g80,g80_ev,MA,MA,,,
2022-02-01,Premium Luxury Car,genesis,g90,genesis_g90,g90,MA,MA,,,
2022-02-01,Entry Luxury EV SUV,genesis,gv60,genesis_gv60,gv60,MA,MA,,,
2022-02-01,Near Luxury SUV,genesis,gv70,genesis_gv70,gv70,MA,MA,,,
2022-02-01,Near Luxury EV SUV,genesis,gv70_ev,genesis_electrified_gv70,gv70_ev,MA,MA,,,
2022-02-01,Mid Luxury SUV,genesis,gv80,genesis_gv80,gv80,MA,MA,,,
2022-02-01,Mid Luxury SUV,genesis,gv80_coupe,genesis_gv80_coupe,gv80,MA,MA,,,
2022-02-01,Make Only,genesis,make_only,genesis_make_only,make_only,MA,MA,,,
2022-02-01,Brand,genesis,Total,genesis_Total,Total,MS,MS,,,
2022-02-01,Unassigned,genesis,Unassigned,unassigned,Unassigned,MS,MS,,,
2022-02-01,Unassigned,genesis,Unassigned,Unassigned,Unassigned,MS,MS,,,
2022-02-01,Near Luxury Car,genesis,g70,genesis_g70,g70,MS,MS,,,
2022-02-01,Mid Luxury Car,genesis,g80,genesis_g80,g80,MS,MS,,,
2022-02-01,Mid Luxury EV Car,genesis,g80_ev,genesis_electrified_g80,g80_ev,MS,MS,,,
2022-02-01,Premium Luxury Car,genesis,g90,genesis_g90,g90,MS,MS,,,
2022-02-01,Entry Luxury EV SUV,genesis,gv60,genesis_gv60,gv60,MS,MS,,,
2022-02-01,Near Luxury SUV,genesis,gv70,genesis_gv70,gv70,MS,MS,,,
2022-02-01,Near Luxury EV SUV,genesis,gv70_ev,genesis_electrified_gv70,gv70_ev,MS,MS,,,
2022-02-01,Mid Luxury SUV,genesis,gv80,genesis_gv80,gv80,MS,MS,,,
2022-02-01,Mid Luxury SUV,genesis,gv80_coupe,genesis_gv80_coupe,gv80,MS,MS,,,
2022-02-01,Make Only,genesis,make_only,genesis_make_only,make_only,MS,MS,,,
2022-02-01,Brand,genesis,Total,genesis_Total,Total,NH,NH,,,
2022-02-01,Unassigned,genesis,Unassigned,Unassigned,Unassigned,NH,NH,,,
2022-02-01,Unassigned,genesis,Unassigned,unassigned,Unassigned,NH,NH,,,
2022-02-01,Near Luxury Car,genesis,g70,genesis_g70,g70,NH,NH,,,
2022-02-01,Mid Luxury Car,genesis,g80,genesis_g80,g80,NH,NH,,,
2022-02-01,Mid Luxury EV Car,genesis,g80_ev,genesis_electrified_g80,g80_ev,NH,NH,,,
2022-02-01,Premium Luxury Car,genesis,g90,genesis_g90,g90,NH,NH,,,
2022-02-01,Entry Luxury EV SUV,genesis,gv60,genesis_gv60,gv60,NH,NH,,,
2022-02-01,Near Luxury SUV,genesis,gv70,genesis_gv70,gv70,NH,NH,,,
2022-02-01,Near Luxury EV SUV,genesis,gv70_ev,genesis_electrified_gv70,gv70_ev,NH,NH,,,
2022-02-01,Mid Luxury SUV,genesis,gv80,genesis_gv80,gv80,NH,NH,,,
2022-02-01,Mid Luxury SUV,genesis,gv80_coupe,genesis_gv80_coupe,gv80,NH,NH,,,
2022-02-01,Make Only,genesis,make_only,genesis_make_only,make_only,NH,NH,,,
2022-02-01,Brand,genesis,Total,genesis_Total,Total,SC,SC,,,
2022-02-01,Unassigned,genesis,Unassigned,Unassigned,Unassigned,SC,SC,,,
2022-02-01,Unassigned,genesis,Unassigned,unassigned,Unassigned,SC,SC,,,
2022-02-01,Near Luxury Car,genesis,g70,genesis_g70,g70,SC,SC,,,
2022-02-01,Mid Luxury Car,genesis,g80,genesis_g80,g80,SC,SC,,,
2022-02-01,Mid Luxury EV Car,genesis,g80_ev,genesis_electrified_g80,g80_ev,SC,SC,,,
2022-02-01,Premium Luxury Car,genesis,g90,genesis_g90,g90,SC,SC,,,
2022-02-01,Entry Luxury EV SUV,genesis,gv60,genesis_gv60,gv60,SC,SC,,,
2022-02-01,Near Luxury SUV,genesis,gv70,genesis_gv70,gv70,SC,SC,,,
2022-02-01,Near Luxury EV SUV,genesis,gv70_ev,genesis_electrified_gv70,gv70_ev,SC,SC,,,
2022-02-01,Mid Luxury SUV,genesis,gv80,genesis_gv80,gv80,SC,SC,,,
2022-02-01,Mid Luxury SUV,genesis,gv80_coupe,genesis_gv80_coupe,gv80,SC,SC,,,
2022-02-01,Make Only,genesis,make_only,genesis_make_only,make_only,SC,SC,,,
2022-02-01,Brand,genesis,Total,genesis_Total,Total,SO,SO,,,
2022-02-01,Unassigned,genesis,Unassigned,unassigned,Unassigned,SO,SO,,,
2022-02-01,Unassigned,genesis,Unassigned,Unassigned,Unassigned,SO,SO,,,
2022-02-01,Near Luxury Car,genesis,g70,genesis_g70,g70,SO,SO,,,
2022-02-01,Mid Luxury Car,genesis,g80,genesis_g80,g80,SO,SO,,,
2022-02-01,Mid Luxury EV Car,genesis,g80_ev,genesis_electrified_g80,g80_ev,SO,SO,,,
2022-02-01,Premium Luxury Car,genesis,g90,genesis_g90,g90,SO,SO,,,
2022-02-01,Entry Luxury EV SUV,genesis,gv60,genesis_gv60,gv60,SO,SO,,,
2022-02-01,Near Luxury SUV,genesis,gv70,genesis_gv70,gv70,SO,SO,,,
2022-02-01,Near Luxury EV SUV,genesis,gv70_ev,genesis_electrified_gv70,gv70_ev,SO,SO,,,
2022-02-01,Mid Luxury SUV,genesis,gv80,genesis_gv80,gv80,SO,SO,,,
2022-02-01,Mid Luxury SUV,genesis,gv80_coupe,genesis_gv80_coupe,gv80,SO,SO,,,
2022-02-01,Make Only,genesis,make_only,genesis_make_only,make_only,SO,SO,,,
2022-02-01,Brand,genesis,Total,genesis_Total,Total,National,US,,,
2022-02-01,Unassigned,genesis,Unassigned,unassigned,Unassigned,National,US,,,
2022-02-01,Unassigned,genesis,Unassigned,Unassigned,Unassigned,National,US,,,
2022-02-01,Near Luxury Car,genesis,g70,genesis_g70,g70,National,US,,,
2022-02-01,Mid Luxury Car,genesis,g80,genesis_g80,g80,National,US,,,
2022-02-01,Mid Luxury EV Car,genesis,g80_ev,genesis_electrified_g80,g80_ev,National,US,,,
2022-02-01,Premium Luxury Car,genesis,g90,genesis_g90,g90,National,US,,,
2022-02-01,Entry Luxury EV SUV,genesis,gv60,genesis_gv60,gv60,National,US,,,
2022-02-01,Near Luxury SUV,genesis,gv70,genesis_gv70,gv70,National,US,,,
2022-02-01,Near Luxury EV SUV,genesis,gv70_ev,genesis_electrified_gv70,gv70_ev,National,US,,,
2022-02-01,Mid Luxury SUV,genesis,gv80,genesis_gv80,gv80,National,US,,,
2022-02-01,Mid Luxury SUV,genesis,gv80_coupe,genesis_gv80_coupe,gv80,National,US,,,
2022-02-01,Make Only,genesis,make_only,genesis_make_only,make_only,National,US,,,
2022-02-01,Brand,genesis,Total,genesis_Total,Total,WE,WE,,,
2022-02-01,Unassigned,genesis,Unassigned,unassigned,Unassigned,WE,WE,,,
2022-02-01,Unassigned,genesis,Unassigned,Unassigned,Unassigned,WE,WE,,,
2022-02-01,Near Luxury Car,genesis,g70,genesis_g70,g70,WE,WE,,,
2022-02-01,Mid Luxury Car,genesis,g80,genesis_g80,g80,WE,WE,,,
2022-02-01,Mid Luxury EV Car,genesis,g80_ev,genesis_electrified_g80,g80_ev,WE,WE,,,
2022-02-01,Premium Luxury Car,genesis,g90,genesis_g90,g90,WE,WE,,,
2022-02-01,Entry Luxury EV SUV,genesis,gv60,genesis_gv60,gv60,WE,WE,,,
2022-02-01,Near Luxury SUV,genesis,gv70,genesis_gv70,gv70,WE,WE,,,
2022-02-01,Near Luxury EV SUV,genesis,gv70_ev,genesis_electrified_gv70,gv70_ev,WE,WE,,,
2022-02-01,Mid Luxury SUV,genesis,gv80,genesis_gv80,gv80,WE,WE,,,
2022-02-01,Mid Luxury SUV,genesis,gv80_coupe,genesis_gv80_coupe,gv80,WE,WE,,,
2022-02-01,Make Only,genesis,make_only,genesis_make_only,make_only,WE,WE,,,
2022-03-01,Brand,genesis,Total,genesis_Total,Total,CE,CE,,,
2022-03-01,Unassigned,genesis,Unassigned,unassigned,Unassigned,CE,CE,,,
2022-03-01,Unassigned,genesis,Unassigned,Unassigned,Unassigned,CE,CE,,,
2022-03-01,Near Luxury Car,genesis,g70,genesis_g70,g70,CE,CE,,,
2022-03-01,Mid Luxury Car,genesis,g80,genesis_g80,g80,CE,CE,,,
2022-03-01,Mid Luxury EV Car,genesis,g80_ev,genesis_electrified_g80,g80_ev,CE,CE,,,
2022-03-01,Premium Luxury Car,genesis,g90,genesis_g90,g90,CE,CE,,,
2022-03-01,Entry Luxury EV SUV,genesis,gv60,genesis_gv60,gv60,CE,CE,,,
2022-03-01,Near Luxury SUV,genesis,gv70,genesis_gv70,gv70,CE,CE,,,
2022-03-01,Near Luxury EV SUV,genesis,gv70_ev,genesis_electrified_gv70,gv70_ev,CE,CE,,,
2022-03-01,Mid Luxury SUV,genesis,gv80,genesis_gv80,gv80,CE,CE,,,
2022-03-01,Mid Luxury SUV,genesis,gv80_coupe,genesis_gv80_coupe,gv80,CE,CE,,,
2022-03-01,Make Only,genesis,make_only,genesis_make_only,make_only,CE,CE,,,
2022-03-01,Brand,genesis,Total,genesis_Total,Total,EA,EA,,,
2022-03-01,Unassigned,genesis,Unassigned,unassigned,Unassigned,EA,EA,,,
2022-03-01,Unassigned,genesis,Unassigned,Unassigned,Unassigned,EA,EA,,,
2022-03-01,Near Luxury Car,genesis,g70,genesis_g70,g70,EA,EA,,,
2022-03-01,Mid Luxury Car,genesis,g80,genesis_g80,g80,EA,EA,,,
2022-03-01,Mid Luxury EV Car,genesis,g80_ev,genesis_electrified_g80,g80_ev,EA,EA,,,
2022-03-01,Premium Luxury Car,genesis,g90,genesis_g90,g90,EA,EA,,,
2022-03-01,Entry Luxury EV SUV,genesis,gv60,genesis_gv60,gv60,EA,EA,,,
2022-03-01,Near Luxury SUV,genesis,gv70,genesis_gv70,gv70,EA,EA,,,
2022-03-01,Near Luxury EV SUV,genesis,gv70_ev,genesis_electrified_gv70,gv70_ev,EA,EA,,,
2022-03-01,Mid Luxury SUV,genesis,gv80,genesis_gv80,gv80,EA,EA,,,
2022-03-01,Mid Luxury SUV,genesis,gv80_coupe,genesis_gv80_coupe,gv80,EA,EA,,,
2022-03-01,Make Only,genesis,make_only,genesis_make_only,make_only,EA,EA,,,
2022-03-01,Brand,genesis,Total,genesis_Total,Total,MA,MA,,,
2022-03-01,Unassigned,genesis,Unassigned,Unassigned,Unassigned,MA,MA,,,
2022-03-01,Unassigned,genesis,Unassigned,unassigned,Unassigned,MA,MA,,,
2022-03-01,Near Luxury Car,genesis,g70,genesis_g70,g70,MA,MA,,,
2022-03-01,Mid Luxury Car,genesis,g80,genesis_g80,g80,MA,MA,,,
2022-03-01,Mid Luxury EV Car,genesis,g80_ev,genesis_electrified_g80,g80_ev,MA,MA,,,
2022-03-01,Premium Luxury Car,genesis,g90,genesis_g90,g90,MA,MA,,,
2022-03-01,Entry Luxury EV SUV,genesis,gv60,genesis_gv60,gv60,MA,MA,,,
2022-03-01,Near Luxury SUV,genesis,gv70,genesis_gv70,gv70,MA,MA,,,
2022-03-01,Near Luxury EV SUV,genesis,gv70_ev,genesis_electrified_gv70,gv70_ev,MA,MA,,,
2022-03-01,Mid Luxury SUV,genesis,gv80,genesis_gv80,gv80,MA,MA,,,
2022-03-01,Mid Luxury SUV,genesis,gv80_coupe,genesis_gv80_coupe,gv80,MA,MA,,,
2022-03-01,Make Only,genesis,make_only,genesis_make_only,make_only,MA,MA,,,
2022-03-01,Brand,genesis,Total,genesis_Total,Total,MS,MS,,,
2022-03-01,Unassigned,genesis,Unassigned,Unassigned,Unassigned,MS,MS,,,
2022-03-01,Unassigned,genesis,Unassigned,unassigned,Unassigned,MS,MS,,,
2022-03-01,Near Luxury Car,genesis,g70,genesis_g70,g70,MS,MS,,,
2022-03-01,Mid Luxury Car,genesis,g80,genesis_g80,g80,MS,MS,,,
2022-03-01,Mid Luxury EV Car,genesis,g80_ev,genesis_electrified_g80,g80_ev,MS,MS,,,
2022-03-01,Premium Luxury Car,genesis,g90,genesis_g90,g90,MS,MS,,,
2022-03-01,Entry Luxury EV SUV,genesis,gv60,genesis_gv60,gv60,MS,MS,,,
2022-03-01,Near Luxury SUV,genesis,gv70,genesis_gv70,gv70,MS,MS,,,
2022-03-01,Near Luxury EV SUV,genesis,gv70_ev,genesis_electrified_gv70,gv70_ev,MS,MS,,,
2022-03-01,Mid Luxury SUV,genesis,gv80,genesis_gv80,gv80,MS,MS,,,
2022-03-01,Mid Luxury SUV,genesis,gv80_coupe,genesis_gv80_coupe,gv80,MS,MS,,,
2022-03-01,Make Only,genesis,make_only,genesis_make_only,make_only,MS,MS,,,
2022-03-01,Brand,genesis,Total,genesis_Total,Total,NH,NH,,,
2022-03-01,Unassigned,genesis,Unassigned,Unassigned,Unassigned,NH,NH,,,
2022-03-01,Unassigned,genesis,Unassigned,unassigned,Unassigned,NH,NH,,,
2022-03-01,Near Luxury Car,genesis,g70,genesis_g70,g70,NH,NH,,,
2022-03-01,Mid Luxury Car,genesis,g80,genesis_g80,g80,NH,NH,,,
2022-03-01,Mid Luxury EV Car,genesis,g80_ev,genesis_electrified_g80,g80_ev,NH,NH,,,
2022-03-01,Premium Luxury Car,genesis,g90,genesis_g90,g90,NH,NH,,,
2022-03-01,Entry Luxury EV SUV,genesis,gv60,genesis_gv60,gv60,NH,NH,,,
2022-03-01,Near Luxury SUV,genesis,gv70,genesis_gv70,gv70,NH,NH,,,
2022-03-01,Near Luxury EV SUV,genesis,gv70_ev,genesis_electrified_gv70,gv70_ev,NH,NH,,,
2022-03-01,Mid Luxury SUV,genesis,gv80,genesis_gv80,gv80,NH,NH,,,
2022-03-01,Mid Luxury SUV,genesis,gv80_coupe,genesis_gv80_coupe,gv80,NH,NH,,,
2022-03-01,Make Only,genesis,make_only,genesis_make_only,make_only,NH,NH,,,
2022-03-01,Brand,genesis,Total,genesis_Total,Total,SC,SC,,,
2022-03-01,Unassigned,genesis,Unassigned,unassigned,Unassigned,SC,SC,,,
2022-03-01,Unassigned,genesis,Unassigned,Unassigned,Unassigned,SC,SC,,,
2022-03-01,Near Luxury Car,genesis,g70,genesis_g70,g70,SC,SC,,,
2022-03-01,Mid Luxury Car,genesis,g80,genesis_g80,g80,SC,SC,,,
2022-03-01,Mid Luxury EV Car,genesis,g80_ev,genesis_electrified_g80,g80_ev,SC,SC,,,
2022-03-01,Premium Luxury Car,genesis,g90,genesis_g90,g90,SC,SC,,,
2022-03-01,Entry Luxury EV SUV,genesis,gv60,genesis_gv60,gv60,SC,SC,,,
2022-03-01,Near Luxury SUV,genesis,gv70,genesis_gv70,gv70,SC,SC,,,
2022-03-01,Near Luxury EV SUV,genesis,gv70_ev,genesis_electrified_gv70,gv70_ev,SC,SC,,,
2022-03-01,Mid Luxury SUV,genesis,gv80,genesis_gv80,gv80,SC,SC,,,
2022-03-01,Mid Luxury SUV,genesis,gv80_coupe,genesis_gv80_coupe,gv80,SC,SC,,,
2022-03-01,Make Only,genesis,make_only,genesis_make_only,make_only,SC,SC,,,
2022-03-01,Brand,genesis,Total,genesis_Total,Total,SO,SO,,,
2022-03-01,Unassigned,genesis,Unassigned,Unassigned,Unassigned,SO,SO,,,
2022-03-01,Unassigned,genesis,Unassigned,unassigned,Unassigned,SO,SO,,,
2022-03-01,Near Luxury Car,genesis,g70,genesis_g70,g70,SO,SO,,,
2022-03-01,Mid Luxury Car,genesis,g80,genesis_g80,g80,SO,SO,,,
2022-03-01,Mid Luxury EV Car,genesis,g80_ev,genesis_electrified_g80,g80_ev,SO,SO,,,
2022-03-01,Premium Luxury Car,genesis,g90,genesis_g90,g90,SO,SO,,,
2022-03-01,Entry Luxury EV SUV,genesis,gv60,genesis_gv60,gv60,SO,SO,,,
2022-03-01,Near Luxury SUV,genesis,gv70,genesis_gv70,gv70,SO,SO,,,
2022-03-01,Near Luxury EV SUV,genesis,gv70_ev,genesis_electrified_gv70,gv70_ev,SO,SO,,,
2022-03-01,Mid Luxury SUV,genesis,gv80,genesis_gv80,gv80,SO,SO,,,
2022-03-01,Mid Luxury SUV,genesis,gv80_coupe,genesis_gv80_coupe,gv80,SO,SO,,,
2022-03-01,Make Only,genesis,make_only,genesis_make_only,make_only,SO,SO,,,
2022-03-01,Brand,genesis,Total,genesis_Total,Total,National,US,,,
2022-03-01,Unassigned,genesis,Unassigned,unassigned,Unassigned,National,US,,,
2022-03-01,Unassigned,genesis,Unassigned,Unassigned,Unassigned,National,US,,,
2022-03-01,Near Luxury Car,genesis,g70,genesis_g70,g70,National,US,,,
2022-03-01,Mid Luxury Car,genesis,g80,genesis_g80,g80,National,US,,,
2022-03-01,Mid Luxury EV Car,genesis,g80_ev,genesis_electrified_g80,g80_ev,National,US,,,
2022-03-01,Premium Luxury Car,genesis,g90,genesis_g90,g90,National,US,,,
2022-03-01,Entry Luxury EV SUV,genesis,gv60,genesis_gv60,gv60,National,US,,,
2022-03-01,Near Luxury SUV,genesis,gv70,genesis_gv70,gv70,National,US,,,
2022-03-01,Near Luxury EV SUV,genesis,gv70_ev,genesis_electrified_gv70,gv70_ev,National,US,,,
2022-03-01,Mid Luxury SUV,genesis,gv80,genesis_gv80,gv80,National,US,,,
2022-03-01,Mid Luxury SUV,genesis,gv80_coupe,genesis_gv80_coupe,gv80,National,US,,,
2022-03-01,Make Only,genesis,make_only,genesis_make_only,make_only,National,US,,,
2022-03-01,Brand,genesis,Total,genesis_Total,Total,WE,WE,,,
2022-03-01,Unassigned,genesis,Unassigned,unassigned,Unassigned,WE,WE,,,
2022-03-01,Unassigned,genesis,Unassigned,Unassigned,Unassigned,WE,WE,,,
2022-03-01,Near Luxury Car,genesis,g70,genesis_g70,g70,WE,WE,,,
2022-03-01,Mid Luxury Car,genesis,g80,genesis_g80,g80,WE,WE,,,
2022-03-01,Mid Luxury EV Car,genesis,g80_ev,genesis_electrified_g80,g80_ev,WE,WE,,,
2022-03-01,Premium Luxury Car,genesis,g90,genesis_g90,g90,WE,WE,,,
2022-03-01,Entry Luxury EV SUV,genesis,gv60,genesis_gv60,gv60,WE,WE,,,
2022-03-01,Near Luxury SUV,genesis,gv70,genesis_gv70,gv70,WE,WE,,,
2022-03-01,Near Luxury EV SUV,genesis,gv70_ev,genesis_electrified_gv70,gv70_ev,WE,WE,,,
2022-03-01,Mid Luxury SUV,genesis,gv80,genesis_gv80,gv80,WE,WE,,,
2022-03-01,Mid Luxury SUV,genesis,gv80_coupe,genesis_gv80_coupe,gv80,WE,WE,,,
2022-03-01,Make Only,genesis,make_only,genesis_make_only,make_only,WE,WE,,,
2022-04-01,Brand,genesis,Total,genesis_Total,Total,CE,CE,,,
2022-04-01,Unassigned,genesis,Unassigned,Unassigned,Unassigned,CE,CE,,,
2022-04-01,Unassigned,genesis,Unassigned,unassigned,Unassigned,CE,CE,,,
2022-04-01,Near Luxury Car,genesis,g70,genesis_g70,g70,CE,CE,,,
2022-04-01,Mid Luxury Car,genesis,g80,genesis_g80,g80,CE,CE,,,
2022-04-01,Mid Luxury EV Car,genesis,g80_ev,genesis_electrified_g80,g80_ev,CE,CE,,,
2022-04-01,Premium Luxury Car,genesis,g90,genesis_g90,g90,CE,CE,,,
2022-04-01,Entry Luxury EV SUV,genesis,gv60,genesis_gv60,gv60,CE,CE,,,
2022-04-01,Near Luxury SUV,genesis,gv70,genesis_gv70,gv70,CE,CE,,,
2022-04-01,Near Luxury EV SUV,genesis,gv70_ev,genesis_electrified_gv70,gv70_ev,CE,CE,,,
2022-04-01,Mid Luxury SUV,genesis,gv80,genesis_gv80,gv80,CE,CE,,,
2022-04-01,Mid Luxury SUV,genesis,gv80_coupe,genesis_gv80_coupe,gv80,CE,CE,,,
2022-04-01,Make Only,genesis,make_only,genesis_make_only,make_only,CE,CE,,,
2022-04-01,Brand,genesis,Total,genesis_Total,Total,EA,EA,,,
2022-04-01,Unassigned,genesis,Unassigned,Unassigned,Unassigned,EA,EA,,,
2022-04-01,Unassigned,genesis,Unassigned,unassigned,Unassigned,EA,EA,,,
2022-04-01,Near Luxury Car,genesis,g70,genesis_g70,g70,EA,EA,,,
2022-04-01,Mid Luxury Car,genesis,g80,genesis_g80,g80,EA,EA,,,
2022-04-01,Mid Luxury EV Car,genesis,g80_ev,genesis_electrified_g80,g80_ev,EA,EA,,,
2022-04-01,Premium Luxury Car,genesis,g90,genesis_g90,g90,EA,EA,,,
2022-04-01,Entry Luxury EV SUV,genesis,gv60,genesis_gv60,gv60,EA,EA,,,
2022-04-01,Near Luxury SUV,genesis,gv70,genesis_gv70,gv70,EA,EA,,,
2022-04-01,Near Luxury EV SUV,genesis,gv70_ev,genesis_electrified_gv70,gv70_ev,EA,EA,,,
2022-04-01,Mid Luxury SUV,genesis,gv80,genesis_gv80,gv80,EA,EA,,,
2022-04-01,Mid Luxury SUV,genesis,gv80_coupe,genesis_gv80_coupe,gv80,EA,EA,,,
2022-04-01,Make Only,genesis,make_only,genesis_make_only,make_only,EA,EA,,,
2022-04-01,Brand,genesis,Total,genesis_Total,Total,MA,MA,,,
2022-04-01,Unassigned,genesis,Unassigned,unassigned,Unassigned,MA,MA,,,
2022-04-01,Unassigned,genesis,Unassigned,Unassigned,Unassigned,MA,MA,,,
2022-04-01,Near Luxury Car,genesis,g70,genesis_g70,g70,MA,MA,,,
2022-04-01,Mid Luxury Car,genesis,g80,genesis_g80,g80,MA,MA,,,
2022-04-01,Mid Luxury EV Car,genesis,g80_ev,genesis_electrified_g80,g80_ev,MA,MA,,,
2022-04-01,Premium Luxury Car,genesis,g90,genesis_g90,g90,MA,MA,,,
2022-04-01,Entry Luxury EV SUV,genesis,gv60,genesis_gv60,gv60,MA,MA,,,
2022-04-01,Near Luxury SUV,genesis,gv70,genesis_gv70,gv70,MA,MA,,,
2022-04-01,Near Luxury EV SUV,genesis,gv70_ev,genesis_electrified_gv70,gv70_ev,MA,MA,,,
2022-04-01,Mid Luxury SUV,genesis,gv80,genesis_gv80,gv80,MA,MA,,,
2022-04-01,Mid Luxury SUV,genesis,gv80_coupe,genesis_gv80_coupe,gv80,MA,MA,,,
2022-04-01,Make Only,genesis,make_only,genesis_make_only,make_only,MA,MA,,,
2022-04-01,Brand,genesis,Total,genesis_Total,Total,MS,MS,,,
2022-04-01,Unassigned,genesis,Unassigned,unassigned,Unassigned,MS,MS,,,
2022-04-01,Unassigned,genesis,Unassigned,Unassigned,Unassigned,MS,MS,,,
2022-04-01,Near Luxury Car,genesis,g70,genesis_g70,g70,MS,MS,,,
2022-04-01,Mid Luxury Car,genesis,g80,genesis_g80,g80,MS,MS,,,
2022-04-01,Mid Luxury EV Car,genesis,g80_ev,genesis_electrified_g80,g80_ev,MS,MS,,,
2022-04-01,Premium Luxury Car,genesis,g90,genesis_g90,g90,MS,MS,,,
2022-04-01,Entry Luxury EV SUV,genesis,gv60,genesis_gv60,gv60,MS,MS,,,
2022-04-01,Near Luxury SUV,genesis,gv70,genesis_gv70,gv70,MS,MS,,,
2022-04-01,Near Luxury EV SUV,genesis,gv70_ev,genesis_electrified_gv70,gv70_ev,MS,MS,,,
2022-04-01,Mid Luxury SUV,genesis,gv80,genesis_gv80,gv80,MS,MS,,,
2022-04-01,Mid Luxury SUV,genesis,gv80_coupe,genesis_gv80_coupe,gv80,MS,MS,,,
2022-04-01,Make Only,genesis,make_only,genesis_make_only,make_only,MS,MS,,,
2022-04-01,Brand,genesis,Total,genesis_Total,Total,NH,NH,,,
2022-04-01,Unassigned,genesis,Unassigned,unassigned,Unassigned,NH,NH,,,
2022-04-01,Unassigned,genesis,Unassigned,Unassigned,Unassigned,NH,NH,,,
2022-04-01,Near Luxury Car,genesis,g70,genesis_g70,g70,NH,NH,,,
2022-04-01,Mid Luxury Car,genesis,g80,genesis_g80,g80,NH,NH,,,
2022-04-01,Mid Luxury EV Car,genesis,g80_ev,genesis_electrified_g80,g80_ev,NH,NH,,,
2022-04-01,Premium Luxury Car,genesis,g90,genesis_g90,g90,NH,NH,,,
2022-04-01,Entry Luxury EV SUV,genesis,gv60,genesis_gv60,gv60,NH,NH,,,
2022-04-01,Near Luxury SUV,genesis,gv70,genesis_gv70,gv70,NH,NH,,,
2022-04-01,Near Luxury EV SUV,genesis,gv70_ev,genesis_electrified_gv70,gv70_ev,NH,NH,,,
2022-04-01,Mid Luxury SUV,genesis,gv80,genesis_gv80,gv80,NH,NH,,,
2022-04-01,Mid Luxury SUV,genesis,gv80_coupe,genesis_gv80_coupe,gv80,NH,NH,,,
2022-04-01,Make Only,genesis,make_only,genesis_make_only,make_only,NH,NH,,,
2022-04-01,Brand,genesis,Total,genesis_Total,Total,SC,SC,,,
2022-04-01,Unassigned,genesis,Unassigned,Unassigned,Unassigned,SC,SC,,,
2022-04-01,Unassigned,genesis,Unassigned,unassigned,Unassigned,SC,SC,,,
2022-04-01,Near Luxury Car,genesis,g70,genesis_g70,g70,SC,SC,,,
2022-04-01,Mid Luxury Car,genesis,g80,genesis_g80,g80,SC,SC,,,
2022-04-01,Mid Luxury EV Car,genesis,g80_ev,genesis_electrified_g80,g80_ev,SC,SC,,,
2022-04-01,Premium Luxury Car,genesis,g90,genesis_g90,g90,SC,SC,,,
2022-04-01,Entry Luxury EV SUV,genesis,gv60,genesis_gv60,gv60,SC,SC,,,
2022-04-01,Near Luxury SUV,genesis,gv70,genesis_gv70,gv70,SC,SC,,,
2022-04-01,Near Luxury EV SUV,genesis,gv70_ev,genesis_electrified_gv70,gv70_ev,SC,SC,,,
2022-04-01,Mid Luxury SUV,genesis,gv80,genesis_gv80,gv80,SC,SC,,,
2022-04-01,Mid Luxury SUV,genesis,gv80_coupe,genesis_gv80_coupe,gv80,SC,SC,,,
2022-04-01,Make Only,genesis,make_only,genesis_make_only,make_only,SC,SC,,,
2022-04-01,Brand,genesis,Total,genesis_Total,Total,SO,SO,,,
2022-04-01,Unassigned,genesis,Unassigned,Unassigned,Unassigned,SO,SO,,,
2022-04-01,Unassigned,genesis,Unassigned,unassigned,Unassigned,SO,SO,,,
2022-04-01,Near Luxury Car,genesis,g70,genesis_g70,g70,SO,SO,,,
2022-04-01,Mid Luxury Car,genesis,g80,genesis_g80,g80,SO,SO,,,
2022-04-01,Mid Luxury EV Car,genesis,g80_ev,genesis_electrified_g80,g80_ev,SO,SO,,,
2022-04-01,Premium Luxury Car,genesis,g90,genesis_g90,g90,SO,SO,,,
2022-04-01,Entry Luxury EV SUV,genesis,gv60,genesis_gv60,gv60,SO,SO,,,
2022-04-01,Near Luxury SUV,genesis,gv70,genesis_gv70,gv70,SO,SO,,,
2022-04-01,Near Luxury EV SUV,genesis,gv70_ev,genesis_electrified_gv70,gv70_ev,SO,SO,,,
2022-04-01,Mid Luxury SUV,genesis,gv80,genesis_gv80,gv80,SO,SO,,,
2022-04-01,Mid Luxury SUV,genesis,gv80_coupe,genesis_gv80_coupe,gv80,SO,SO,,,
2022-04-01,Make Only,genesis,make_only,genesis_make_only,make_only,SO,SO,,,
2022-04-01,Brand,genesis,Total,genesis_Total,Total,National,US,,,
2022-04-01,Unassigned,genesis,Unassigned,unassigned,Unassigned,National,US,,,
2022-04-01,Unassigned,genesis,Unassigned,Unassigned,Unassigned,National,US,,,
2022-04-01,Near Luxury Car,genesis,g70,genesis_g70,g70,National,US,,,
2022-04-01,Mid Luxury Car,genesis,g80,genesis_g80,g80,National,US,,,
2022-04-01,Mid Luxury EV Car,genesis,g80_ev,genesis_electrified_g80,g80_ev,National,US,,,
2022-04-01,Premium Luxury Car,genesis,g90,genesis_g90,g90,National,US,,,
2022-04-01,Entry Luxury EV SUV,genesis,gv60,genesis_gv60,gv60,National,US,,,
2022-04-01,Near Luxury SUV,genesis,gv70,genesis_gv70,gv70,National,US,,,
2022-04-01,Near Luxury EV SUV,genesis,gv70_ev,genesis_electrified_gv70,gv70_ev,National,US,,,
2022-04-01,Mid Luxury SUV,genesis,gv80,genesis_gv80,gv80,National,US,,,
2022-04-01,Mid Luxury SUV,genesis,gv80_coupe,genesis_gv80_coupe,gv80,National,US,,,
2022-04-01,Make Only,genesis,make_only,genesis_make_only,make_only,National,US,,,
2022-04-01,Brand,genesis,Total,genesis_Total,Total,WE,WE,,,
2022-04-01,Unassigned,genesis,Unassigned,Unassigned,Unassigned,WE,WE,,,
2022-04-01,Unassigned,genesis,Unassigned,unassigned,Unassigned,WE,WE,,,
2022-04-01,Near Luxury Car,genesis,g70,genesis_g70,g70,WE,WE,,,
2022-04-01,Mid Luxury Car,genesis,g80,genesis_g80,g80,WE,WE,,,
2022-04-01,Mid Luxury EV Car,genesis,g80_ev,genesis_electrified_g80,g80_ev,WE,WE,,,
2022-04-01,Premium Luxury Car,genesis,g90,genesis_g90,g90,WE,WE,,,
2022-04-01,Entry Luxury EV SUV,genesis,gv60,genesis_gv60,gv60,WE,WE,,,
2022-04-01,Near Luxury SUV,genesis,gv70,genesis_gv70,gv70,WE,WE,,,
2022-04-01,Near Luxury EV SUV,genesis,gv70_ev,genesis_electrified_gv70,gv70_ev,WE,WE,,,
2022-04-01,Mid Luxury SUV,genesis,gv80,genesis_gv80,gv80,WE,WE,,,
2022-04-01,Mid Luxury SUV,genesis,gv80_coupe,genesis_gv80_coupe,gv80,WE,WE,,,
2022-04-01,Make Only,genesis,make_only,genesis_make_only,make_only,WE,WE,,,
2022-05-01,Brand,genesis,Total,genesis_Total,Total,CE,CE,,,
2022-05-01,Unassigned,genesis,Unassigned,unassigned,Unassigned,CE,CE,,,
2022-05-01,Unassigned,genesis,Unassigned,Unassigned,Unassigned,CE,CE,,,
2022-05-01,Near Luxury Car,genesis,g70,genesis_g70,g70,CE,CE,,,
2022-05-01,Mid Luxury Car,genesis,g80,genesis_g80,g80,CE,CE,,,
2022-05-01,Mid Luxury EV Car,genesis,g80_ev,genesis_electrified_g80,g80_ev,CE,CE,,,
2022-05-01,Premium Luxury Car,genesis,g90,genesis_g90,g90,CE,CE,,,
2022-05-01,Entry Luxury EV SUV,genesis,gv60,genesis_gv60,gv60,CE,CE,,,
2022-05-01,Near Luxury SUV,genesis,gv70,genesis_gv70,gv70,CE,CE,,,
2022-05-01,Near Luxury EV SUV,genesis,gv70_ev,genesis_electrified_gv70,gv70_ev,CE,CE,,,
2022-05-01,Mid Luxury SUV,genesis,gv80,genesis_gv80,gv80,CE,CE,,,
2022-05-01,Mid Luxury SUV,genesis,gv80_coupe,genesis_gv80_coupe,gv80,CE,CE,,,
2022-05-01,Make Only,genesis,make_only,genesis_make_only,make_only,CE,CE,,,
2022-05-01,Brand,genesis,Total,genesis_Total,Total,EA,EA,,,
2022-05-01,Unassigned,genesis,Unassigned,unassigned,Unassigned,EA,EA,,,
2022-05-01,Unassigned,genesis,Unassigned,Unassigned,Unassigned,EA,EA,,,
2022-05-01,Near Luxury Car,genesis,g70,genesis_g70,g70,EA,EA,,,
2022-05-01,Mid Luxury Car,genesis,g80,genesis_g80,g80,EA,EA,,,
2022-05-01,Mid Luxury EV Car,genesis,g80_ev,genesis_electrified_g80,g80_ev,EA,EA,,,
2022-05-01,Premium Luxury Car,genesis,g90,genesis_g90,g90,EA,EA,,,
2022-05-01,Entry Luxury EV SUV,genesis,gv60,genesis_gv60,gv60,EA,EA,,,
2022-05-01,Near Luxury SUV,genesis,gv70,genesis_gv70,gv70,EA,EA,,,
2022-05-01,Near Luxury EV SUV,genesis,gv70_ev,genesis_electrified_gv70,gv70_ev,EA,EA,,,
2022-05-01,Mid Luxury SUV,genesis,gv80,genesis_gv80,gv80,EA,EA,,,
2022-05-01,Mid Luxury SUV,genesis,gv80_coupe,genesis_gv80_coupe,gv80,EA,EA,,,
2022-05-01,Make Only,genesis,make_only,genesis_make_only,make_only,EA,EA,,,
2022-05-01,Brand,genesis,Total,genesis_Total,Total,MA,MA,,,
2022-05-01,Unassigned,genesis,Unassigned,unassigned,Unassigned,MA,MA,,,
2022-05-01,Unassigned,genesis,Unassigned,Unassigned,Unassigned,MA,MA,,,
2022-05-01,Near Luxury Car,genesis,g70,genesis_g70,g70,MA,MA,,,
2022-05-01,Mid Luxury Car,genesis,g80,genesis_g80,g80,MA,MA,,,
2022-05-01,Mid Luxury EV Car,genesis,g80_ev,genesis_electrified_g80,g80_ev,MA,MA,,,
2022-05-01,Premium Luxury Car,genesis,g90,genesis_g90,g90,MA,MA,,,
2022-05-01,Entry Luxury EV SUV,genesis,gv60,genesis_gv60,gv60,MA,MA,,,
2022-05-01,Near Luxury SUV,genesis,gv70,genesis_gv70,gv70,MA,MA,,,
2022-05-01,Near Luxury EV SUV,genesis,gv70_ev,genesis_electrified_gv70,gv70_ev,MA,MA,,,
2022-05-01,Mid Luxury SUV,genesis,gv80,genesis_gv80,gv80,MA,MA,,,
2022-05-01,Mid Luxury SUV,genesis,gv80_coupe,genesis_gv80_coupe,gv80,MA,MA,,,
2022-05-01,Make Only,genesis,make_only,genesis_make_only,make_only,MA,MA,,,
2022-05-01,Brand,genesis,Total,genesis_Total,Total,MS,MS,,,
2022-05-01,Unassigned,genesis,Unassigned,unassigned,Unassigned,MS,MS,,,
2022-05-01,Unassigned,genesis,Unassigned,Unassigned,Unassigned,MS,MS,,,
2022-05-01,Near Luxury Car,genesis,g70,genesis_g70,g70,MS,MS,,,
2022-05-01,Mid Luxury Car,genesis,g80,genesis_g80,g80,MS,MS,,,
2022-05-01,Mid Luxury EV Car,genesis,g80_ev,genesis_electrified_g80,g80_ev,MS,MS,,,
2022-05-01,Premium Luxury Car,genesis,g90,genesis_g90,g90,MS,MS,,,
2022-05-01,Entry Luxury EV SUV,genesis,gv60,genesis_gv60,gv60,MS,MS,,,
2022-05-01,Near Luxury SUV,genesis,gv70,genesis_gv70,gv70,MS,MS,,,
2022-05-01,Near Luxury EV SUV,genesis,gv70_ev,genesis_electrified_gv70,gv70_ev,MS,MS,,,
2022-05-01,Mid Luxury SUV,genesis,gv80,genesis_gv80,gv80,MS,MS,,,
2022-05-01,Mid Luxury SUV,genesis,gv80_coupe,genesis_gv80_coupe,gv80,MS,MS,,,
2022-05-01,Make Only,genesis,make_only,genesis_make_only,make_only,MS,MS,,,
2022-05-01,Brand,genesis,Total,genesis_Total,Total,NH,NH,,,
2022-05-01,Unassigned,genesis,Unassigned,unassigned,Unassigned,NH,NH,,,
2022-05-01,Unassigned,genesis,Unassigned,Unassigned,Unassigned,NH,NH,,,
2022-05-01,Near Luxury Car,genesis,g70,genesis_g70,g70,NH,NH,,,
2022-05-01,Mid Luxury Car,genesis,g80,genesis_g80,g80,NH,NH,,,
2022-05-01,Mid Luxury EV Car,genesis,g80_ev,genesis_electrified_g80,g80_ev,NH,NH,,,
2022-05-01,Premium Luxury Car,genesis,g90,genesis_g90,g90,NH,NH,,,
2022-05-01,Entry Luxury EV SUV,genesis,gv60,genesis_gv60,gv60,NH,NH,,,
2022-05-01,Near Luxury SUV,genesis,gv70,genesis_gv70,gv70,NH,NH,,,
2022-05-01,Near Luxury EV SUV,genesis,gv70_ev,genesis_electrified_gv70,gv70_ev,NH,NH,,,
2022-05-01,Mid Luxury SUV,genesis,gv80,genesis_gv80,gv80,NH,NH,,,
2022-05-01,Mid Luxury SUV,genesis,gv80_coupe,genesis_gv80_coupe,gv80,NH,NH,,,
2022-05-01,Make Only,genesis,make_only,genesis_make_only,make_only,NH,NH,,,
2022-05-01,Brand,genesis,Total,genesis_Total,Total,SC,SC,,,
2022-05-01,Unassigned,genesis,Unassigned,Unassigned,Unassigned,SC,SC,,,
2022-05-01,Unassigned,genesis,Unassigned,unassigned,Unassigned,SC,SC,,,
2022-05-01,Near Luxury Car,genesis,g70,genesis_g70,g70,SC,SC,,,
2022-05-01,Mid Luxury Car,genesis,g80,genesis_g80,g80,SC,SC,,,
2022-05-01,Mid Luxury EV Car,genesis,g80_ev,genesis_electrified_g80,g80_ev,SC,SC,,,
2022-05-01,Premium Luxury Car,genesis,g90,genesis_g90,g90,SC,SC,,,
2022-05-01,Entry Luxury EV SUV,genesis,gv60,genesis_gv60,gv60,SC,SC,,,
2022-05-01,Near Luxury SUV,genesis,gv70,genesis_gv70,gv70,SC,SC,,,
2022-05-01,Near Luxury EV SUV,genesis,gv70_ev,genesis_electrified_gv70,gv70_ev,SC,SC,,,
2022-05-01,Mid Luxury SUV,genesis,gv80,genesis_gv80,gv80,SC,SC,,,
2022-05-01,Mid Luxury SUV,genesis,gv80_coupe,genesis_gv80_coupe,gv80,SC,SC,,,
2022-05-01,Make Only,genesis,make_only,genesis_make_only,make_only,SC,SC,,,
2022-05-01,Brand,genesis,Total,genesis_Total,Total,SO,SO,,,
2022-05-01,Unassigned,genesis,Unassigned,Unassigned,Unassigned,SO,SO,,,
2022-05-01,Unassigned,genesis,Unassigned,unassigned,Unassigned,SO,SO,,,
2022-05-01,Near Luxury Car,genesis,g70,genesis_g70,g70,SO,SO,,,
2022-05-01,Mid Luxury Car,genesis,g80,genesis_g80,g80,SO,SO,,,
2022-05-01,Mid Luxury EV Car,genesis,g80_ev,genesis_electrified_g80,g80_ev,SO,SO,,,
2022-05-01,Premium Luxury Car,genesis,g90,genesis_g90,g90,SO,SO,,,
2022-05-01,Entry Luxury EV SUV,genesis,gv60,genesis_gv60,gv60,SO,SO,,,
2022-05-01,Near Luxury SUV,genesis,gv70,genesis_gv70,gv70,SO,SO,,,
2022-05-01,Near Luxury EV SUV,genesis,gv70_ev,genesis_electrified_gv70,gv70_ev,SO,SO,,,
2022-05-01,Mid Luxury SUV,genesis,gv80,genesis_gv80,gv80,SO,SO,,,
2022-05-01,Mid Luxury SUV,genesis,gv80_coupe,genesis_gv80_coupe,gv80,SO,SO,,,
2022-05-01,Make Only,genesis,make_only,genesis_make_only,make_only,SO,SO,,,
2022-05-01,Brand,genesis,Total,genesis_Total,Total,National,US,,,
2022-05-01,Unassigned,genesis,Unassigned,Unassigned,Unassigned,National,US,,,
2022-05-01,Unassigned,genesis,Unassigned,unassigned,Unassigned,National,US,,,
2022-05-01,Near Luxury Car,genesis,g70,genesis_g70,g70,National,US,,,
2022-05-01,Mid Luxury Car,genesis,g80,genesis_g80,g80,National,US,,,
2022-05-01,Mid Luxury EV Car,genesis,g80_ev,genesis_electrified_g80,g80_ev,National,US,,,
2022-05-01,Premium Luxury Car,genesis,g90,genesis_g90,g90,National,US,,,
2022-05-01,Entry Luxury EV SUV,genesis,gv60,genesis_gv60,gv60,National,US,,,
2022-05-01,Near Luxury SUV,genesis,gv70,genesis_gv70,gv70,National,US,,,
2022-05-01,Near Luxury EV SUV,genesis,gv70_ev,genesis_electrified_gv70,gv70_ev,National,US,,,
2022-05-01,Mid Luxury SUV,genesis,gv80,genesis_gv80,gv80,National,US,,,
2022-05-01,Mid Luxury SUV,genesis,gv80_coupe,genesis_gv80_coupe,gv80,National,US,,,
2022-05-01,Make Only,genesis,make_only,genesis_make_only,make_only,National,US,,,
2022-05-01,Brand,genesis,Total,genesis_Total,Total,WE,WE,,,
2022-05-01,Unassigned,genesis,Unassigned,Unassigned,Unassigned,WE,WE,,,
2022-05-01,Unassigned,genesis,Unassigned,unassigned,Unassigned,WE,WE,,,
2022-05-01,Near Luxury Car,genesis,g70,genesis_g70,g70,WE,WE,,,
2022-05-01,Mid Luxury Car,genesis,g80,genesis_g80,g80,WE,WE,,,
2022-05-01,Mid Luxury EV Car,genesis,g80_ev,genesis_electrified_g80,g80_ev,WE,WE,,,
2022-05-01,Premium Luxury Car,genesis,g90,genesis_g90,g90,WE,WE,,,
2022-05-01,Entry Luxury EV SUV,genesis,gv60,genesis_gv60,gv60,WE,WE,,,
2022-05-01,Near Luxury SUV,genesis,gv70,genesis_gv70,gv70,WE,WE,,,
2022-05-01,Near Luxury EV SUV,genesis,gv70_ev,genesis_electrified_gv70,gv70_ev,WE,WE,,,
2022-05-01,Mid Luxury SUV,genesis,gv80,genesis_gv80,gv80,WE,WE,,,
2022-05-01,Mid Luxury SUV,genesis,gv80_coupe,genesis_gv80_coupe,gv80,WE,WE,,,
2022-05-01,Make Only,genesis,make_only,genesis_make_only,make_only,WE,WE,,,
2022-06-01,Brand,genesis,Total,genesis_Total,Total,CE,CE,,,
2022-06-01,Unassigned,genesis,Unassigned,unassigned,Unassigned,CE,CE,,,
2022-06-01,Unassigned,genesis,Unassigned,Unassigned,Unassigned,CE,CE,,,
2022-06-01,Near Luxury Car,genesis,g70,genesis_g70,g70,CE,CE,,,
2022-06-01,Mid Luxury Car,genesis,g80,genesis_g80,g80,CE,CE,,,
2022-06-01,Mid Luxury EV Car,genesis,g80_ev,genesis_electrified_g80,g80_ev,CE,CE,,,
2022-06-01,Premium Luxury Car,genesis,g90,genesis_g90,g90,CE,CE,,,
2022-06-01,Entry Luxury EV SUV,genesis,gv60,genesis_gv60,gv60,CE,CE,,,
2022-06-01,Near Luxury SUV,genesis,gv70,genesis_gv70,gv70,CE,CE,,,
2022-06-01,Near Luxury EV SUV,genesis,gv70_ev,genesis_electrified_gv70,gv70_ev,CE,CE,,,
2022-06-01,Mid Luxury SUV,genesis,gv80,genesis_gv80,gv80,CE,CE,,,
2022-06-01,Mid Luxury SUV,genesis,gv80_coupe,genesis_gv80_coupe,gv80,CE,CE,,,
2022-06-01,Make Only,genesis,make_only,genesis_make_only,make_only,CE,CE,,,
2022-06-01,Brand,genesis,Total,genesis_Total,Total,EA,EA,,,
2022-06-01,Unassigned,genesis,Unassigned,Unassigned,Unassigned,EA,EA,,,
2022-06-01,Unassigned,genesis,Unassigned,unassigned,Unassigned,EA,EA,,,
2022-06-01,Near Luxury Car,genesis,g70,genesis_g70,g70,EA,EA,,,
2022-06-01,Mid Luxury Car,genesis,g80,genesis_g80,g80,EA,EA,,,
2022-06-01,Mid Luxury EV Car,genesis,g80_ev,genesis_electrified_g80,g80_ev,EA,EA,,,
2022-06-01,Premium Luxury Car,genesis,g90,genesis_g90,g90,EA,EA,,,
2022-06-01,Entry Luxury EV SUV,genesis,gv60,genesis_gv60,gv60,EA,EA,,,
2022-06-01,Near Luxury SUV,genesis,gv70,genesis_gv70,gv70,EA,EA,,,
2022-06-01,Near Luxury EV SUV,genesis,gv70_ev,genesis_electrified_gv70,gv70_ev,EA,EA,,,
2022-06-01,Mid Luxury SUV,genesis,gv80,genesis_gv80,gv80,EA,EA,,,
2022-06-01,Mid Luxury SUV,genesis,gv80_coupe,genesis_gv80_coupe,gv80,EA,EA,,,
2022-06-01,Make Only,genesis,make_only,genesis_make_only,make_only,EA,EA,,,
2022-06-01,Brand,genesis,Total,genesis_Total,Total,MA,MA,,,
2022-06-01,Unassigned,genesis,Unassigned,Unassigned,Unassigned,MA,MA,,,
2022-06-01,Unassigned,genesis,Unassigned,unassigned,Unassigned,MA,MA,,,
2022-06-01,Near Luxury Car,genesis,g70,genesis_g70,g70,MA,MA,,,
2022-06-01,Mid Luxury Car,genesis,g80,genesis_g80,g80,MA,MA,,,
2022-06-01,Mid Luxury EV Car,genesis,g80_ev,genesis_electrified_g80,g80_ev,MA,MA,,,
2022-06-01,Premium Luxury Car,genesis,g90,genesis_g90,g90,MA,MA,,,
2022-06-01,Entry Luxury EV SUV,genesis,gv60,genesis_gv60,gv60,MA,MA,,,
2022-06-01,Near Luxury SUV,genesis,gv70,genesis_gv70,gv70,MA,MA,,,
2022-06-01,Near Luxury EV SUV,genesis,gv70_ev,genesis_electrified_gv70,gv70_ev,MA,MA,,,
2022-06-01,Mid Luxury SUV,genesis,gv80,genesis_gv80,gv80,MA,MA,,,
2022-06-01,Mid Luxury SUV,genesis,gv80_coupe,genesis_gv80_coupe,gv80,MA,MA,,,
2022-06-01,Make Only,genesis,make_only,genesis_make_only,make_only,MA,MA,,,
2022-06-01,Brand,genesis,Total,genesis_Total,Total,MS,MS,,,
2022-06-01,Unassigned,genesis,Unassigned,Unassigned,Unassigned,MS,MS,,,
2022-06-01,Unassigned,genesis,Unassigned,unassigned,Unassigned,MS,MS,,,
2022-06-01,Near Luxury Car,genesis,g70,genesis_g70,g70,MS,MS,,,
2022-06-01,Mid Luxury Car,genesis,g80,genesis_g80,g80,MS,MS,,,
2022-06-01,Mid Luxury EV Car,genesis,g80_ev,genesis_electrified_g80,g80_ev,MS,MS,,,
2022-06-01,Premium Luxury Car,genesis,g90,genesis_g90,g90,MS,MS,,,
2022-06-01,Entry Luxury EV SUV,genesis,gv60,genesis_gv60,gv60,MS,MS,,,
2022-06-01,Near Luxury SUV,genesis,gv70,genesis_gv70,gv70,MS,MS,,,
2022-06-01,Near Luxury EV SUV,genesis,gv70_ev,genesis_electrified_gv70,gv70_ev,MS,MS,,,
2022-06-01,Mid Luxury SUV,genesis,gv80,genesis_gv80,gv80,MS,MS,,,
2022-06-01,Mid Luxury SUV,genesis,gv80_coupe,genesis_gv80_coupe,gv80,MS,MS,,,
2022-06-01,Make Only,genesis,make_only,genesis_make_only,make_only,MS,MS,,,
2022-06-01,Brand,genesis,Total,genesis_Total,Total,NH,NH,,,
2022-06-01,Unassigned,genesis,Unassigned,Unassigned,Unassigned,NH,NH,,,
2022-06-01,Unassigned,genesis,Unassigned,unassigned,Unassigned,NH,NH,,,
2022-06-01,Near Luxury Car,genesis,g70,genesis_g70,g70,NH,NH,,,
2022-06-01,Mid Luxury Car,genesis,g80,genesis_g80,g80,NH,NH,,,
2022-06-01,Mid Luxury EV Car,genesis,g80_ev,genesis_electrified_g80,g80_ev,NH,NH,,,
2022-06-01,Premium Luxury Car,genesis,g90,genesis_g90,g90,NH,NH,,,
2022-06-01,Entry Luxury EV SUV,genesis,gv60,genesis_gv60,gv60,NH,NH,,,
2022-06-01,Near Luxury SUV,genesis,gv70,genesis_gv70,gv70,NH,NH,,,
2022-06-01,Near Luxury EV SUV,genesis,gv70_ev,genesis_electrified_gv70,gv70_ev,NH,NH,,,
2022-06-01,Mid Luxury SUV,genesis,gv80,genesis_gv80,gv80,NH,NH,,,
2022-06-01,Mid Luxury SUV,genesis,gv80_coupe,genesis_gv80_coupe,gv80,NH,NH,,,
2022-06-01,Make Only,genesis,make_only,genesis_make_only,make_only,NH,NH,,,
2022-06-01,Brand,genesis,Total,genesis_Total,Total,SC,SC,,,
2022-06-01,Unassigned,genesis,Unassigned,Unassigned,Unassigned,SC,SC,,,
2022-06-01,Unassigned,genesis,Unassigned,unassigned,Unassigned,SC,SC,,,
2022-06-01,Near Luxury Car,genesis,g70,genesis_g70,g70,SC,SC,,,
2022-06-01,Mid Luxury Car,genesis,g80,genesis_g80,g80,SC,SC,,,
2022-06-01,Mid Luxury EV Car,genesis,g80_ev,genesis_electrified_g80,g80_ev,SC,SC,,,
2022-06-01,Premium Luxury Car,genesis,g90,genesis_g90,g90,SC,SC,,,
2022-06-01,Entry Luxury EV SUV,genesis,gv60,genesis_gv60,gv60,SC,SC,,,
2022-06-01,Near Luxury SUV,genesis,gv70,genesis_gv70,gv70,SC,SC,,,
2022-06-01,Near Luxury EV SUV,genesis,gv70_ev,genesis_electrified_gv70,gv70_ev,SC,SC,,,
2022-06-01,Mid Luxury SUV,genesis,gv80,genesis_gv80,gv80,SC,SC,,,
2022-06-01,Mid Luxury SUV,genesis,gv80_coupe,genesis_gv80_coupe,gv80,SC,SC,,,
2022-06-01,Make Only,genesis,make_only,genesis_make_only,make_only,SC,SC,,,
2022-06-01,Brand,genesis,Total,genesis_Total,Total,SO,SO,,,
2022-06-01,Unassigned,genesis,Unassigned,Unassigned,Unassigned,SO,SO,,,
2022-06-01,Unassigned,genesis,Unassigned,unassigned,Unassigned,SO,SO,,,
2022-06-01,Near Luxury Car,genesis,g70,genesis_g70,g70,SO,SO,,,
2022-06-01,Mid Luxury Car,genesis,g80,genesis_g80,g80,SO,SO,,,
2022-06-01,Mid Luxury EV Car,genesis,g80_ev,genesis_electrified_g80,g80_ev,SO,SO,,,
2022-06-01,Premium Luxury Car,genesis,g90,genesis_g90,g90,SO,SO,,,
2022-06-01,Entry Luxury EV SUV,genesis,gv60,genesis_gv60,gv60,SO,SO,,,
2022-06-01,Near Luxury SUV,genesis,gv70,genesis_gv70,gv70,SO,SO,,,
2022-06-01,Near Luxury EV SUV,genesis,gv70_ev,genesis_electrified_gv70,gv70_ev,SO,SO,,,
2022-06-01,Mid Luxury SUV,genesis,gv80,genesis_gv80,gv80,SO,SO,,,
2022-06-01,Mid Luxury SUV,genesis,gv80_coupe,genesis_gv80_coupe,gv80,SO,SO,,,
2022-06-01,Make Only,genesis,make_only,genesis_make_only,make_only,SO,SO,,,
2022-06-01,Brand,genesis,Total,genesis_Total,Total,National,US,,,
2022-06-01,Unassigned,genesis,Unassigned,unassigned,Unassigned,National,US,,,
2022-06-01,Unassigned,genesis,Unassigned,Unassigned,Unassigned,National,US,,,
2022-06-01,Near Luxury Car,genesis,g70,genesis_g70,g70,National,US,,,
2022-06-01,Mid Luxury Car,genesis,g80,genesis_g80,g80,National,US,,,
2022-06-01,Mid Luxury EV Car,genesis,g80_ev,genesis_electrified_g80,g80_ev,National,US,,,
2022-06-01,Premium Luxury Car,genesis,g90,genesis_g90,g90,National,US,,,
2022-06-01,Entry Luxury EV SUV,genesis,gv60,genesis_gv60,gv60,National,US,,,
2022-06-01,Near Luxury SUV,genesis,gv70,genesis_gv70,gv70,National,US,,,
2022-06-01,Near Luxury EV SUV,genesis,gv70_ev,genesis_electrified_gv70,gv70_ev,National,US,,,
2022-06-01,Mid Luxury SUV,genesis,gv80,genesis_gv80,gv80,National,US,,,
2022-06-01,Mid Luxury SUV,genesis,gv80_coupe,genesis_gv80_coupe,gv80,National,US,,,
2022-06-01,Make Only,genesis,make_only,genesis_make_only,make_only,National,US,,,
2022-06-01,Brand,genesis,Total,genesis_Total,Total,WE,WE,,,
2022-06-01,Unassigned,genesis,Unassigned,Unassigned,Unassigned,WE,WE,,,
2022-06-01,Unassigned,genesis,Unassigned,unassigned,Unassigned,WE,WE,,,
2022-06-01,Near Luxury Car,genesis,g70,genesis_g70,g70,WE,WE,,,
2022-06-01,Mid Luxury Car,genesis,g80,genesis_g80,g80,WE,WE,,,
2022-06-01,Mid Luxury EV Car,genesis,g80_ev,genesis_electrified_g80,g80_ev,WE,WE,,,
2022-06-01,Premium Luxury Car,genesis,g90,genesis_g90,g90,WE,WE,,,
2022-06-01,Entry Luxury EV SUV,genesis,gv60,genesis_gv60,gv60,WE,WE,,,
2022-06-01,Near Luxury SUV,genesis,gv70,genesis_gv70,gv70,WE,WE,,,
2022-06-01,Near Luxury EV SUV,genesis,gv70_ev,genesis_electrified_gv70,gv70_ev,WE,WE,,,
2022-06-01,Mid Luxury SUV,genesis,gv80,genesis_gv80,gv80,WE,WE,,,
2022-06-01,Mid Luxury SUV,genesis,gv80_coupe,genesis_gv80_coupe,gv80,WE,WE,,,
2022-06-01,Make Only,genesis,make_only,genesis_make_only,make_only,WE,WE,,,
2022-07-01,Brand,genesis,Total,genesis_Total,Total,CE,CE,,,
2022-07-01,Unassigned,genesis,Unassigned,unassigned,Unassigned,CE,CE,,,
2022-07-01,Unassigned,genesis,Unassigned,Unassigned,Unassigned,CE,CE,,,
2022-07-01,Near Luxury Car,genesis,g70,genesis_g70,g70,CE,CE,,,
2022-07-01,Mid Luxury Car,genesis,g80,genesis_g80,g80,CE,CE,,,
2022-07-01,Mid Luxury EV Car,genesis,g80_ev,genesis_electrified_g80,g80_ev,CE,CE,,,
2022-07-01,Premium Luxury Car,genesis,g90,genesis_g90,g90,CE,CE,,,
2022-07-01,Entry Luxury EV SUV,genesis,gv60,genesis_gv60,gv60,CE,CE,,,
2022-07-01,Near Luxury SUV,genesis,gv70,genesis_gv70,gv70,CE,CE,,,
2022-07-01,Near Luxury EV SUV,genesis,gv70_ev,genesis_electrified_gv70,gv70_ev,CE,CE,,,
2022-07-01,Mid Luxury SUV,genesis,gv80,genesis_gv80,gv80,CE,CE,,,
2022-07-01,Mid Luxury SUV,genesis,gv80_coupe,genesis_gv80_coupe,gv80,CE,CE,,,
2022-07-01,Make Only,genesis,make_only,genesis_make_only,make_only,CE,CE,,,
2022-07-01,Brand,genesis,Total,genesis_Total,Total,EA,EA,,,
2022-07-01,Unassigned,genesis,Unassigned,Unassigned,Unassigned,EA,EA,,,
2022-07-01,Unassigned,genesis,Unassigned,unassigned,Unassigned,EA,EA,,,
2022-07-01,Near Luxury Car,genesis,g70,genesis_g70,g70,EA,EA,,,
2022-07-01,Mid Luxury Car,genesis,g80,genesis_g80,g80,EA,EA,,,
2022-07-01,Mid Luxury EV Car,genesis,g80_ev,genesis_electrified_g80,g80_ev,EA,EA,,,
2022-07-01,Premium Luxury Car,genesis,g90,genesis_g90,g90,EA,EA,,,
2022-07-01,Entry Luxury EV SUV,genesis,gv60,genesis_gv60,gv60,EA,EA,,,
2022-07-01,Near Luxury SUV,genesis,gv70,genesis_gv70,gv70,EA,EA,,,
2022-07-01,Near Luxury EV SUV,genesis,gv70_ev,genesis_electrified_gv70,gv70_ev,EA,EA,,,
2022-07-01,Mid Luxury SUV,genesis,gv80,genesis_gv80,gv80,EA,EA,,,
2022-07-01,Mid Luxury SUV,genesis,gv80_coupe,genesis_gv80_coupe,gv80,EA,EA,,,
2022-07-01,Make Only,genesis,make_only,genesis_make_only,make_only,EA,EA,,,
2022-07-01,Brand,genesis,Total,genesis_Total,Total,MA,MA,,,
2022-07-01,Unassigned,genesis,Unassigned,unassigned,Unassigned,MA,MA,,,
2022-07-01,Unassigned,genesis,Unassigned,Unassigned,Unassigned,MA,MA,,,
2022-07-01,Near Luxury Car,genesis,g70,genesis_g70,g70,MA,MA,,,
2022-07-01,Mid Luxury Car,genesis,g80,genesis_g80,g80,MA,MA,,,
2022-07-01,Mid Luxury EV Car,genesis,g80_ev,genesis_electrified_g80,g80_ev,MA,MA,,,
2022-07-01,Premium Luxury Car,genesis,g90,genesis_g90,g90,MA,MA,,,
2022-07-01,Entry Luxury EV SUV,genesis,gv60,genesis_gv60,gv60,MA,MA,,,
2022-07-01,Near Luxury SUV,genesis,gv70,genesis_gv70,gv70,MA,MA,,,
2022-07-01,Near Luxury EV SUV,genesis,gv70_ev,genesis_electrified_gv70,gv70_ev,MA,MA,,,
2022-07-01,Mid Luxury SUV,genesis,gv80,genesis_gv80,gv80,MA,MA,,,
2022-07-01,Mid Luxury SUV,genesis,gv80_coupe,genesis_gv80_coupe,gv80,MA,MA,,,
2022-07-01,Make Only,genesis,make_only,genesis_make_only,make_only,MA,MA,,,
2022-07-01,Brand,genesis,Total,genesis_Total,Total,MS,MS,,,
2022-07-01,Unassigned,genesis,Unassigned,unassigned,Unassigned,MS,MS,,,
2022-07-01,Unassigned,genesis,Unassigned,Unassigned,Unassigned,MS,MS,,,
2022-07-01,Near Luxury Car,genesis,g70,genesis_g70,g70,MS,MS,,,
2022-07-01,Mid Luxury Car,genesis,g80,genesis_g80,g80,MS,MS,,,
2022-07-01,Mid Luxury EV Car,genesis,g80_ev,genesis_electrified_g80,g80_ev,MS,MS,,,
2022-07-01,Premium Luxury Car,genesis,g90,genesis_g90,g90,MS,MS,,,
2022-07-01,Entry Luxury EV SUV,genesis,gv60,genesis_gv60,gv60,MS,MS,,,
2022-07-01,Near Luxury SUV,genesis,gv70,genesis_gv70,gv70,MS,MS,,,
2022-07-01,Near Luxury EV SUV,genesis,gv70_ev,genesis_electrified_gv70,gv70_ev,MS,MS,,,
2022-07-01,Mid Luxury SUV,genesis,gv80,genesis_gv80,gv80,MS,MS,,,
2022-07-01,Mid Luxury SUV,genesis,gv80_coupe,genesis_gv80_coupe,gv80,MS,MS,,,
2022-07-01,Make Only,genesis,make_only,genesis_make_only,make_only,MS,MS,,,
2022-07-01,Brand,genesis,Total,genesis_Total,Total,NH,NH,,,
2022-07-01,Unassigned,genesis,Unassigned,Unassigned,Unassigned,NH,NH,,,
2022-07-01,Unassigned,genesis,Unassigned,unassigned,Unassigned,NH,NH,,,
2022-07-01,Near Luxury Car,genesis,g70,genesis_g70,g70,NH,NH,,,
2022-07-01,Mid Luxury Car,genesis,g80,genesis_g80,g80,NH,NH,,,
2022-07-01,Mid Luxury EV Car,genesis,g80_ev,genesis_electrified_g80,g80_ev,NH,NH,,,
2022-07-01,Premium Luxury Car,genesis,g90,genesis_g90,g90,NH,NH,,,
2022-07-01,Entry Luxury EV SUV,genesis,gv60,genesis_gv60,gv60,NH,NH,,,
2022-07-01,Near Luxury SUV,genesis,gv70,genesis_gv70,gv70,NH,NH,,,
2022-07-01,Near Luxury EV SUV,genesis,gv70_ev,genesis_electrified_gv70,gv70_ev,NH,NH,,,
2022-07-01,Mid Luxury SUV,genesis,gv80,genesis_gv80,gv80,NH,NH,,,
2022-07-01,Mid Luxury SUV,genesis,gv80_coupe,genesis_gv80_coupe,gv80,NH,NH,,,
2022-07-01,Make Only,genesis,make_only,genesis_make_only,make_only,NH,NH,,,
2022-07-01,Brand,genesis,Total,genesis_Total,Total,SC,SC,,,
2022-07-01,Unassigned,genesis,Unassigned,unassigned,Unassigned,SC,SC,,,
2022-07-01,Unassigned,genesis,Unassigned,Unassigned,Unassigned,SC,SC,,,
2022-07-01,Near Luxury Car,genesis,g70,genesis_g70,g70,SC,SC,,,
2022-07-01,Mid Luxury Car,genesis,g80,genesis_g80,g80,SC,SC,,,
2022-07-01,Mid Luxury EV Car,genesis,g80_ev,genesis_electrified_g80,g80_ev,SC,SC,,,
2022-07-01,Premium Luxury Car,genesis,g90,genesis_g90,g90,SC,SC,,,
2022-07-01,Entry Luxury EV SUV,genesis,gv60,genesis_gv60,gv60,SC,SC,,,
2022-07-01,Near Luxury SUV,genesis,gv70,genesis_gv70,gv70,SC,SC,,,
2022-07-01,Near Luxury EV SUV,genesis,gv70_ev,genesis_electrified_gv70,gv70_ev,SC,SC,,,
2022-07-01,Mid Luxury SUV,genesis,gv80,genesis_gv80,gv80,SC,SC,,,
2022-07-01,Mid Luxury SUV,genesis,gv80_coupe,genesis_gv80_coupe,gv80,SC,SC,,,
2022-07-01,Make Only,genesis,make_only,genesis_make_only,make_only,SC,SC,,,
2022-07-01,Brand,genesis,Total,genesis_Total,Total,SO,SO,,,
2022-07-01,Unassigned,genesis,Unassigned,Unassigned,Unassigned,SO,SO,,,
2022-07-01,Unassigned,genesis,Unassigned,unassigned,Unassigned,SO,SO,,,
2022-07-01,Near Luxury Car,genesis,g70,genesis_g70,g70,SO,SO,,,
2022-07-01,Mid Luxury Car,genesis,g80,genesis_g80,g80,SO,SO,,,
2022-07-01,Mid Luxury EV Car,genesis,g80_ev,genesis_electrified_g80,g80_ev,SO,SO,,,
2022-07-01,Premium Luxury Car,genesis,g90,genesis_g90,g90,SO,SO,,,
2022-07-01,Entry Luxury EV SUV,genesis,gv60,genesis_gv60,gv60,SO,SO,,,
2022-07-01,Near Luxury SUV,genesis,gv70,genesis_gv70,gv70,SO,SO,,,
2022-07-01,Near Luxury EV SUV,genesis,gv70_ev,genesis_electrified_gv70,gv70_ev,SO,SO,,,
2022-07-01,Mid Luxury SUV,genesis,gv80,genesis_gv80,gv80,SO,SO,,,
2022-07-01,Mid Luxury SUV,genesis,gv80_coupe,genesis_gv80_coupe,gv80,SO,SO,,,
2022-07-01,Make Only,genesis,make_only,genesis_make_only,make_only,SO,SO,,,
2022-07-01,Brand,genesis,Total,genesis_Total,Total,National,US,,,
2022-07-01,Unassigned,genesis,Unassigned,Unassigned,Unassigned,National,US,,,
2022-07-01,Unassigned,genesis,Unassigned,unassigned,Unassigned,National,US,,,
2022-07-01,Near Luxury Car,genesis,g70,genesis_g70,g70,National,US,,,
2022-07-01,Mid Luxury Car,genesis,g80,genesis_g80,g80,National,US,,,
2022-07-01,Mid Luxury EV Car,genesis,g80_ev,genesis_electrified_g80,g80_ev,National,US,,,
2022-07-01,Premium Luxury Car,genesis,g90,genesis_g90,g90,National,US,,,
2022-07-01,Entry Luxury EV SUV,genesis,gv60,genesis_gv60,gv60,National,US,,,
2022-07-01,Near Luxury SUV,genesis,gv70,genesis_gv70,gv70,National,US,,,
2022-07-01,Near Luxury EV SUV,genesis,gv70_ev,genesis_electrified_gv70,gv70_ev,National,US,,,
2022-07-01,Mid Luxury SUV,genesis,gv80,genesis_gv80,gv80,National,US,,,
2022-07-01,Mid Luxury SUV,genesis,gv80_coupe,genesis_gv80_coupe,gv80,National,US,,,
2022-07-01,Make Only,genesis,make_only,genesis_make_only,make_only,National,US,,,
2022-07-01,Brand,genesis,Total,genesis_Total,Total,WE,WE,,,
2022-07-01,Unassigned,genesis,Unassigned,Unassigned,Unassigned,WE,WE,,,
2022-07-01,Unassigned,genesis,Unassigned,unassigned,Unassigned,WE,WE,,,
2022-07-01,Near Luxury Car,genesis,g70,genesis_g70,g70,WE,WE,,,
2022-07-01,Mid Luxury Car,genesis,g80,genesis_g80,g80,WE,WE,,,
2022-07-01,Mid Luxury EV Car,genesis,g80_ev,genesis_electrified_g80,g80_ev,WE,WE,,,
2022-07-01,Premium Luxury Car,genesis,g90,genesis_g90,g90,WE,WE,,,
2022-07-01,Entry Luxury EV SUV,genesis,gv60,genesis_gv60,gv60,WE,WE,,,
2022-07-01,Near Luxury SUV,genesis,gv70,genesis_gv70,gv70,WE,WE,,,
2022-07-01,Near Luxury EV SUV,genesis,gv70_ev,genesis_electrified_gv70,gv70_ev,WE,WE,,,
2022-07-01,Mid Luxury SUV,genesis,gv80,genesis_gv80,gv80,WE,WE,,,
2022-07-01,Mid Luxury SUV,genesis,gv80_coupe,genesis_gv80_coupe,gv80,WE,WE,,,
2022-07-01,Make Only,genesis,make_only,genesis_make_only,make_only,WE,WE,,,
2022-08-01,Brand,genesis,Total,genesis_Total,Total,CE,CE,,,
2022-08-01,Unassigned,genesis,Unassigned,unassigned,Unassigned,CE,CE,,,
2022-08-01,Unassigned,genesis,Unassigned,Unassigned,Unassigned,CE,CE,,,
2022-08-01,Near Luxury Car,genesis,g70,genesis_g70,g70,CE,CE,,,
2022-08-01,Mid Luxury Car,genesis,g80,genesis_g80,g80,CE,CE,,,
2022-08-01,Mid Luxury EV Car,genesis,g80_ev,genesis_electrified_g80,g80_ev,CE,CE,,,
2022-08-01,Premium Luxury Car,genesis,g90,genesis_g90,g90,CE,CE,,,
2022-08-01,Entry Luxury EV SUV,genesis,gv60,genesis_gv60,gv60,CE,CE,,,
2022-08-01,Near Luxury SUV,genesis,gv70,genesis_gv70,gv70,CE,CE,,,
2022-08-01,Near Luxury EV SUV,genesis,gv70_ev,genesis_electrified_gv70,gv70_ev,CE,CE,,,
2022-08-01,Mid Luxury SUV,genesis,gv80,genesis_gv80,gv80,CE,CE,,,
2022-08-01,Mid Luxury SUV,genesis,gv80_coupe,genesis_gv80_coupe,gv80,CE,CE,,,
2022-08-01,Make Only,genesis,make_only,genesis_make_only,make_only,CE,CE,,,
2022-08-01,Brand,genesis,Total,genesis_Total,Total,EA,EA,,,
2022-08-01,Unassigned,genesis,Unassigned,Unassigned,Unassigned,EA,EA,,,
2022-08-01,Unassigned,genesis,Unassigned,unassigned,Unassigned,EA,EA,,,
2022-08-01,Near Luxury Car,genesis,g70,genesis_g70,g70,EA,EA,,,
2022-08-01,Mid Luxury Car,genesis,g80,genesis_g80,g80,EA,EA,,,
2022-08-01,Mid Luxury EV Car,genesis,g80_ev,genesis_electrified_g80,g80_ev,EA,EA,,,
2022-08-01,Premium Luxury Car,genesis,g90,genesis_g90,g90,EA,EA,,,
2022-08-01,Entry Luxury EV SUV,genesis,gv60,genesis_gv60,gv60,EA,EA,,,
2022-08-01,Near Luxury SUV,genesis,gv70,genesis_gv70,gv70,EA,EA,,,
2022-08-01,Near Luxury EV SUV,genesis,gv70_ev,genesis_electrified_gv70,gv70_ev,EA,EA,,,
2022-08-01,Mid Luxury SUV,genesis,gv80,genesis_gv80,gv80,EA,EA,,,
2022-08-01,Mid Luxury SUV,genesis,gv80_coupe,genesis_gv80_coupe,gv80,EA,EA,,,
2022-08-01,Make Only,genesis,make_only,genesis_make_only,make_only,EA,EA,,,
2022-08-01,Brand,genesis,Total,genesis_Total,Total,MA,MA,,,
2022-08-01,Unassigned,genesis,Unassigned,Unassigned,Unassigned,MA,MA,,,
2022-08-01,Unassigned,genesis,Unassigned,unassigned,Unassigned,MA,MA,,,
2022-08-01,Near Luxury Car,genesis,g70,genesis_g70,g70,MA,MA,,,
2022-08-01,Mid Luxury Car,genesis,g80,genesis_g80,g80,MA,MA,,,
2022-08-01,Mid Luxury EV Car,genesis,g80_ev,genesis_electrified_g80,g80_ev,MA,MA,,,
2022-08-01,Premium Luxury Car,genesis,g90,genesis_g90,g90,MA,MA,,,
2022-08-01,Entry Luxury EV SUV,genesis,gv60,genesis_gv60,gv60,MA,MA,,,
2022-08-01,Near Luxury SUV,genesis,gv70,genesis_gv70,gv70,MA,MA,,,
2022-08-01,Near Luxury EV SUV,genesis,gv70_ev,genesis_electrified_gv70,gv70_ev,MA,MA,,,
2022-08-01,Mid Luxury SUV,genesis,gv80,genesis_gv80,gv80,MA,MA,,,
2022-08-01,Mid Luxury SUV,genesis,gv80_coupe,genesis_gv80_coupe,gv80,MA,MA,,,
2022-08-01,Make Only,genesis,make_only,genesis_make_only,make_only,MA,MA,,,
2022-08-01,Brand,genesis,Total,genesis_Total,Total,MS,MS,,,
2022-08-01,Unassigned,genesis,Unassigned,Unassigned,Unassigned,MS,MS,,,
2022-08-01,Unassigned,genesis,Unassigned,unassigned,Unassigned,MS,MS,,,
2022-08-01,Near Luxury Car,genesis,g70,genesis_g70,g70,MS,MS,,,
2022-08-01,Mid Luxury Car,genesis,g80,genesis_g80,g80,MS,MS,,,
2022-08-01,Mid Luxury EV Car,genesis,g80_ev,genesis_electrified_g80,g80_ev,MS,MS,,,
2022-08-01,Premium Luxury Car,genesis,g90,genesis_g90,g90,MS,MS,,,
2022-08-01,Entry Luxury EV SUV,genesis,gv60,genesis_gv60,gv60,MS,MS,,,
2022-08-01,Near Luxury SUV,genesis,gv70,genesis_gv70,gv70,MS,MS,,,
2022-08-01,Near Luxury EV SUV,genesis,gv70_ev,genesis_electrified_gv70,gv70_ev,MS,MS,,,
2022-08-01,Mid Luxury SUV,genesis,gv80,genesis_gv80,gv80,MS,MS,,,
2022-08-01,Mid Luxury SUV,genesis,gv80_coupe,genesis_gv80_coupe,gv80,MS,MS,,,
2022-08-01,Make Only,genesis,make_only,genesis_make_only,make_only,MS,MS,,,
2022-08-01,Brand,genesis,Total,genesis_Total,Total,NH,NH,,,
2022-08-01,Unassigned,genesis,Unassigned,Unassigned,Unassigned,NH,NH,,,
2022-08-01,Unassigned,genesis,Unassigned,unassigned,Unassigned,NH,NH,,,
2022-08-01,Near Luxury Car,genesis,g70,genesis_g70,g70,NH,NH,,,
2022-08-01,Mid Luxury Car,genesis,g80,genesis_g80,g80,NH,NH,,,
2022-08-01,Mid Luxury EV Car,genesis,g80_ev,genesis_electrified_g80,g80_ev,NH,NH,,,
2022-08-01,Premium Luxury Car,genesis,g90,genesis_g90,g90,NH,NH,,,
2022-08-01,Entry Luxury EV SUV,genesis,gv60,genesis_gv60,gv60,NH,NH,,,
2022-08-01,Near Luxury SUV,genesis,gv70,genesis_gv70,gv70,NH,NH,,,
2022-08-01,Near Luxury EV SUV,genesis,gv70_ev,genesis_electrified_gv70,gv70_ev,NH,NH,,,
2022-08-01,Mid Luxury SUV,genesis,gv80,genesis_gv80,gv80,NH,NH,,,
2022-08-01,Mid Luxury SUV,genesis,gv80_coupe,genesis_gv80_coupe,gv80,NH,NH,,,
2022-08-01,Make Only,genesis,make_only,genesis_make_only,make_only,NH,NH,,,
2022-08-01,Brand,genesis,Total,genesis_Total,Total,SC,SC,,,
2022-08-01,Unassigned,genesis,Unassigned,Unassigned,Unassigned,SC,SC,,,
2022-08-01,Unassigned,genesis,Unassigned,unassigned,Unassigned,SC,SC,,,
2022-08-01,Near Luxury Car,genesis,g70,genesis_g70,g70,SC,SC,,,
2022-08-01,Mid Luxury Car,genesis,g80,genesis_g80,g80,SC,SC,,,
2022-08-01,Mid Luxury EV Car,genesis,g80_ev,genesis_electrified_g80,g80_ev,SC,SC,,,
2022-08-01,Premium Luxury Car,genesis,g90,genesis_g90,g90,SC,SC,,,
2022-08-01,Entry Luxury EV SUV,genesis,gv60,genesis_gv60,gv60,SC,SC,,,
2022-08-01,Near Luxury SUV,genesis,gv70,genesis_gv70,gv70,SC,SC,,,
2022-08-01,Near Luxury EV SUV,genesis,gv70_ev,genesis_electrified_gv70,gv70_ev,SC,SC,,,
2022-08-01,Mid Luxury SUV,genesis,gv80,genesis_gv80,gv80,SC,SC,,,
2022-08-01,Mid Luxury SUV,genesis,gv80_coupe,genesis_gv80_coupe,gv80,SC,SC,,,
2022-08-01,Make Only,genesis,make_only,genesis_make_only,make_only,SC,SC,,,
2022-08-01,Brand,genesis,Total,genesis_Total,Total,SO,SO,,,
2022-08-01,Unassigned,genesis,Unassigned,Unassigned,Unassigned,SO,SO,,,
2022-08-01,Unassigned,genesis,Unassigned,unassigned,Unassigned,SO,SO,,,
2022-08-01,Near Luxury Car,genesis,g70,genesis_g70,g70,SO,SO,,,
2022-08-01,Mid Luxury Car,genesis,g80,genesis_g80,g80,SO,SO,,,
2022-08-01,Mid Luxury EV Car,genesis,g80_ev,genesis_electrified_g80,g80_ev,SO,SO,,,
2022-08-01,Premium Luxury Car,genesis,g90,genesis_g90,g90,SO,SO,,,
2022-08-01,Entry Luxury EV SUV,genesis,gv60,genesis_gv60,gv60,SO,SO,,,
2022-08-01,Near Luxury SUV,genesis,gv70,genesis_gv70,gv70,SO,SO,,,
2022-08-01,Near Luxury EV SUV,genesis,gv70_ev,genesis_electrified_gv70,gv70_ev,SO,SO,,,
2022-08-01,Mid Luxury SUV,genesis,gv80,genesis_gv80,gv80,SO,SO,,,
2022-08-01,Mid Luxury SUV,genesis,gv80_coupe,genesis_gv80_coupe,gv80,SO,SO,,,
2022-08-01,Make Only,genesis,make_only,genesis_make_only,make_only,SO,SO,,,
2022-08-01,Brand,genesis,Total,genesis_Total,Total,National,US,,,
2022-08-01,Unassigned,genesis,Unassigned,Unassigned,Unassigned,National,US,,,
2022-08-01,Unassigned,genesis,Unassigned,unassigned,Unassigned,National,US,,,
2022-08-01,Near Luxury Car,genesis,g70,genesis_g70,g70,National,US,,,
2022-08-01,Mid Luxury Car,genesis,g80,genesis_g80,g80,National,US,,,
2022-08-01,Mid Luxury EV Car,genesis,g80_ev,genesis_electrified_g80,g80_ev,National,US,,,
2022-08-01,Premium Luxury Car,genesis,g90,genesis_g90,g90,National,US,,,
2022-08-01,Entry Luxury EV SUV,genesis,gv60,genesis_gv60,gv60,National,US,,,
2022-08-01,Near Luxury SUV,genesis,gv70,genesis_gv70,gv70,National,US,,,
2022-08-01,Near Luxury EV SUV,genesis,gv70_ev,genesis_electrified_gv70,gv70_ev,National,US,,,
2022-08-01,Mid Luxury SUV,genesis,gv80,genesis_gv80,gv80,National,US,,,
2022-08-01,Mid Luxury SUV,genesis,gv80_coupe,genesis_gv80_coupe,gv80,National,US,,,
2022-08-01,Make Only,genesis,make_only,genesis_make_only,make_only,National,US,,,
2022-08-01,Brand,genesis,Total,genesis_Total,Total,WE,WE,,,
2022-08-01,Unassigned,genesis,Unassigned,Unassigned,Unassigned,WE,WE,,,
2022-08-01,Unassigned,genesis,Unassigned,unassigned,Unassigned,WE,WE,,,
2022-08-01,Near Luxury Car,genesis,g70,genesis_g70,g70,WE,WE,,,
2022-08-01,Mid Luxury Car,genesis,g80,genesis_g80,g80,WE,WE,,,
2022-08-01,Mid Luxury EV Car,genesis,g80_ev,genesis_electrified_g80,g80_ev,WE,WE,,,
2022-08-01,Premium Luxury Car,genesis,g90,genesis_g90,g90,WE,WE,,,
2022-08-01,Entry Luxury EV SUV,genesis,gv60,genesis_gv60,gv60,WE,WE,,,
2022-08-01,Near Luxury SUV,genesis,gv70,genesis_gv70,gv70,WE,WE,,,
2022-08-01,Near Luxury EV SUV,genesis,gv70_ev,genesis_electrified_gv70,gv70_ev,WE,WE,,,
2022-08-01,Mid Luxury SUV,genesis,gv80,genesis_gv80,gv80,WE,WE,,,
2022-08-01,Mid Luxury SUV,genesis,gv80_coupe,genesis_gv80_coupe,gv80,WE,WE,,,
2022-08-01,Make Only,genesis,make_only,genesis_make_only,make_only,WE,WE,,,
2022-09-01,Brand,genesis,Total,genesis_Total,Total,CE,CE,,,
2022-09-01,Unassigned,genesis,Unassigned,unassigned,Unassigned,CE,CE,,,
2022-09-01,Unassigned,genesis,Unassigned,Unassigned,Unassigned,CE,CE,,,
2022-09-01,Near Luxury Car,genesis,g70,genesis_g70,g70,CE,CE,,,
2022-09-01,Mid Luxury Car,genesis,g80,genesis_g80,g80,CE,CE,,,
2022-09-01,Mid Luxury EV Car,genesis,g80_ev,genesis_electrified_g80,g80_ev,CE,CE,,,
2022-09-01,Premium Luxury Car,genesis,g90,genesis_g90,g90,CE,CE,,,
2022-09-01,Entry Luxury EV SUV,genesis,gv60,genesis_gv60,gv60,CE,CE,,,
2022-09-01,Near Luxury SUV,genesis,gv70,genesis_gv70,gv70,CE,CE,,,
2022-09-01,Near Luxury EV SUV,genesis,gv70_ev,genesis_electrified_gv70,gv70_ev,CE,CE,,,
2022-09-01,Mid Luxury SUV,genesis,gv80,genesis_gv80,gv80,CE,CE,,,
2022-09-01,Mid Luxury SUV,genesis,gv80_coupe,genesis_gv80_coupe,gv80,CE,CE,,,
2022-09-01,Make Only,genesis,make_only,genesis_make_only,make_only,CE,CE,,,
2022-09-01,Brand,genesis,Total,genesis_Total,Total,EA,EA,,,
2022-09-01,Unassigned,genesis,Unassigned,unassigned,Unassigned,EA,EA,,,
2022-09-01,Unassigned,genesis,Unassigned,Unassigned,Unassigned,EA,EA,,,
2022-09-01,Near Luxury Car,genesis,g70,genesis_g70,g70,EA,EA,,,
2022-09-01,Mid Luxury Car,genesis,g80,genesis_g80,g80,EA,EA,,,
2022-09-01,Mid Luxury EV Car,genesis,g80_ev,genesis_electrified_g80,g80_ev,EA,EA,,,
2022-09-01,Premium Luxury Car,genesis,g90,genesis_g90,g90,EA,EA,,,
2022-09-01,Entry Luxury EV SUV,genesis,gv60,genesis_gv60,gv60,EA,EA,,,
2022-09-01,Near Luxury SUV,genesis,gv70,genesis_gv70,gv70,EA,EA,,,
2022-09-01,Near Luxury EV SUV,genesis,gv70_ev,genesis_electrified_gv70,gv70_ev,EA,EA,,,
2022-09-01,Mid Luxury SUV,genesis,gv80,genesis_gv80,gv80,EA,EA,,,
2022-09-01,Mid Luxury SUV,genesis,gv80_coupe,genesis_gv80_coupe,gv80,EA,EA,,,
2022-09-01,Make Only,genesis,make_only,genesis_make_only,make_only,EA,EA,,,
2022-09-01,Brand,genesis,Total,genesis_Total,Total,MA,MA,,,
2022-09-01,Unassigned,genesis,Unassigned,unassigned,Unassigned,MA,MA,,,
2022-09-01,Unassigned,genesis,Unassigned,Unassigned,Unassigned,MA,MA,,,
2022-09-01,Near Luxury Car,genesis,g70,genesis_g70,g70,MA,MA,,,
2022-09-01,Mid Luxury Car,genesis,g80,genesis_g80,g80,MA,MA,,,
2022-09-01,Mid Luxury EV Car,genesis,g80_ev,genesis_electrified_g80,g80_ev,MA,MA,,,
2022-09-01,Premium Luxury Car,genesis,g90,genesis_g90,g90,MA,MA,,,
2022-09-01,Entry Luxury EV SUV,genesis,gv60,genesis_gv60,gv60,MA,MA,,,
2022-09-01,Near Luxury SUV,genesis,gv70,genesis_gv70,gv70,MA,MA,,,
2022-09-01,Near Luxury EV SUV,genesis,gv70_ev,genesis_electrified_gv70,gv70_ev,MA,MA,,,
2022-09-01,Mid Luxury SUV,genesis,gv80,genesis_gv80,gv80,MA,MA,,,
2022-09-01,Mid Luxury SUV,genesis,gv80_coupe,genesis_gv80_coupe,gv80,MA,MA,,,
2022-09-01,Make Only,genesis,make_only,genesis_make_only,make_only,MA,MA,,,
2022-09-01,Brand,genesis,Total,genesis_Total,Total,MS,MS,,,
2022-09-01,Unassigned,genesis,Unassigned,unassigned,Unassigned,MS,MS,,,
2022-09-01,Unassigned,genesis,Unassigned,Unassigned,Unassigned,MS,MS,,,
2022-09-01,Near Luxury Car,genesis,g70,genesis_g70,g70,MS,MS,,,
2022-09-01,Mid Luxury Car,genesis,g80,genesis_g80,g80,MS,MS,,,
2022-09-01,Mid Luxury EV Car,genesis,g80_ev,genesis_electrified_g80,g80_ev,MS,MS,,,
2022-09-01,Premium Luxury Car,genesis,g90,genesis_g90,g90,MS,MS,,,
2022-09-01,Entry Luxury EV SUV,genesis,gv60,genesis_gv60,gv60,MS,MS,,,
2022-09-01,Near Luxury SUV,genesis,gv70,genesis_gv70,gv70,MS,MS,,,
2022-09-01,Near Luxury EV SUV,genesis,gv70_ev,genesis_electrified_gv70,gv70_ev,MS,MS,,,
2022-09-01,Mid Luxury SUV,genesis,gv80,genesis_gv80,gv80,MS,MS,,,
2022-09-01,Mid Luxury SUV,genesis,gv80_coupe,genesis_gv80_coupe,gv80,MS,MS,,,
2022-09-01,Make Only,genesis,make_only,genesis_make_only,make_only,MS,MS,,,
2022-09-01,Brand,genesis,Total,genesis_Total,Total,NH,NH,,,
2022-09-01,Unassigned,genesis,Unassigned,Unassigned,Unassigned,NH,NH,,,
2022-09-01,Unassigned,genesis,Unassigned,unassigned,Unassigned,NH,NH,,,
2022-09-01,Near Luxury Car,genesis,g70,genesis_g70,g70,NH,NH,,,
2022-09-01,Mid Luxury Car,genesis,g80,genesis_g80,g80,NH,NH,,,
2022-09-01,Mid Luxury EV Car,genesis,g80_ev,genesis_electrified_g80,g80_ev,NH,NH,,,
2022-09-01,Premium Luxury Car,genesis,g90,genesis_g90,g90,NH,NH,,,
2022-09-01,Entry Luxury EV SUV,genesis,gv60,genesis_gv60,gv60,NH,NH,,,
2022-09-01,Near Luxury SUV,genesis,gv70,genesis_gv70,gv70,NH,NH,,,
2022-09-01,Near Luxury EV SUV,genesis,gv70_ev,genesis_electrified_gv70,gv70_ev,NH,NH,,,
2022-09-01,Mid Luxury SUV,genesis,gv80,genesis_gv80,gv80,NH,NH,,,
2022-09-01,Mid Luxury SUV,genesis,gv80_coupe,genesis_gv80_coupe,gv80,NH,NH,,,
2022-09-01,Make Only,genesis,make_only,genesis_make_only,make_only,NH,NH,,,
2022-09-01,Brand,genesis,Total,genesis_Total,Total,SC,SC,,,
2022-09-01,Unassigned,genesis,Unassigned,unassigned,Unassigned,SC,SC,,,
2022-09-01,Unassigned,genesis,Unassigned,Unassigned,Unassigned,SC,SC,,,
2022-09-01,Near Luxury Car,genesis,g70,genesis_g70,g70,SC,SC,,,
2022-09-01,Mid Luxury Car,genesis,g80,genesis_g80,g80,SC,SC,,,
2022-09-01,Mid Luxury EV Car,genesis,g80_ev,genesis_electrified_g80,g80_ev,SC,SC,,,
2022-09-01,Premium Luxury Car,genesis,g90,genesis_g90,g90,SC,SC,,,
2022-09-01,Entry Luxury EV SUV,genesis,gv60,genesis_gv60,gv60,SC,SC,,,
2022-09-01,Near Luxury SUV,genesis,gv70,genesis_gv70,gv70,SC,SC,,,
2022-09-01,Near Luxury EV SUV,genesis,gv70_ev,genesis_electrified_gv70,gv70_ev,SC,SC,,,
2022-09-01,Mid Luxury SUV,genesis,gv80,genesis_gv80,gv80,SC,SC,,,
2022-09-01,Mid Luxury SUV,genesis,gv80_coupe,genesis_gv80_coupe,gv80,SC,SC,,,
2022-09-01,Make Only,genesis,make_only,genesis_make_only,make_only,SC,SC,,,
2022-09-01,Brand,genesis,Total,genesis_Total,Total,SO,SO,,,
2022-09-01,Unassigned,genesis,Unassigned,unassigned,Unassigned,SO,SO,,,
2022-09-01,Unassigned,genesis,Unassigned,Unassigned,Unassigned,SO,SO,,,
2022-09-01,Near Luxury Car,genesis,g70,genesis_g70,g70,SO,SO,,,
2022-09-01,Mid Luxury Car,genesis,g80,genesis_g80,g80,SO,SO,,,
2022-09-01,Mid Luxury EV Car,genesis,g80_ev,genesis_electrified_g80,g80_ev,SO,SO,,,
2022-09-01,Premium Luxury Car,genesis,g90,genesis_g90,g90,SO,SO,,,
2022-09-01,Entry Luxury EV SUV,genesis,gv60,genesis_gv60,gv60,SO,SO,,,
2022-09-01,Near Luxury SUV,genesis,gv70,genesis_gv70,gv70,SO,SO,,,
2022-09-01,Near Luxury EV SUV,genesis,gv70_ev,genesis_electrified_gv70,gv70_ev,SO,SO,,,
2022-09-01,Mid Luxury SUV,genesis,gv80,genesis_gv80,gv80,SO,SO,,,
2022-09-01,Mid Luxury SUV,genesis,gv80_coupe,genesis_gv80_coupe,gv80,SO,SO,,,
2022-09-01,Make Only,genesis,make_only,genesis_make_only,make_only,SO,SO,,,
2022-09-01,Brand,genesis,Total,genesis_Total,Total,National,US,,,
2022-09-01,Unassigned,genesis,Unassigned,Unassigned,Unassigned,National,US,,,
2022-09-01,Unassigned,genesis,Unassigned,unassigned,Unassigned,National,US,,,
2022-09-01,Near Luxury Car,genesis,g70,genesis_g70,g70,National,US,,,
2022-09-01,Mid Luxury Car,genesis,g80,genesis_g80,g80,National,US,,,
2022-09-01,Mid Luxury EV Car,genesis,g80_ev,genesis_electrified_g80,g80_ev,National,US,,,
2022-09-01,Premium Luxury Car,genesis,g90,genesis_g90,g90,National,US,,,
2022-09-01,Entry Luxury EV SUV,genesis,gv60,genesis_gv60,gv60,National,US,,,
2022-09-01,Near Luxury SUV,genesis,gv70,genesis_gv70,gv70,National,US,,,
2022-09-01,Near Luxury EV SUV,genesis,gv70_ev,genesis_electrified_gv70,gv70_ev,National,US,,,
2022-09-01,Mid Luxury SUV,genesis,gv80,genesis_gv80,gv80,National,US,,,
2022-09-01,Mid Luxury SUV,genesis,gv80_coupe,genesis_gv80_coupe,gv80,National,US,,,
2022-09-01,Make Only,genesis,make_only,genesis_make_only,make_only,National,US,,,
2022-09-01,Brand,genesis,Total,genesis_Total,Total,WE,WE,,,
2022-09-01,Unassigned,genesis,Unassigned,unassigned,Unassigned,WE,WE,,,
2022-09-01,Unassigned,genesis,Unassigned,Unassigned,Unassigned,WE,WE,,,
2022-09-01,Near Luxury Car,genesis,g70,genesis_g70,g70,WE,WE,,,
2022-09-01,Mid Luxury Car,genesis,g80,genesis_g80,g80,WE,WE,,,
2022-09-01,Mid Luxury EV Car,genesis,g80_ev,genesis_electrified_g80,g80_ev,WE,WE,,,
2022-09-01,Premium Luxury Car,genesis,g90,genesis_g90,g90,WE,WE,,,
2022-09-01,Entry Luxury EV SUV,genesis,gv60,genesis_gv60,gv60,WE,WE,,,
2022-09-01,Near Luxury SUV,genesis,gv70,genesis_gv70,gv70,WE,WE,,,
2022-09-01,Near Luxury EV SUV,genesis,gv70_ev,genesis_electrified_gv70,gv70_ev,WE,WE,,,
2022-09-01,Mid Luxury SUV,genesis,gv80,genesis_gv80,gv80,WE,WE,,,
2022-09-01,Mid Luxury SUV,genesis,gv80_coupe,genesis_gv80_coupe,gv80,WE,WE,,,
2022-09-01,Make Only,genesis,make_only,genesis_make_only,make_only,WE,WE,,,
2022-10-01,Brand,genesis,Total,genesis_Total,Total,CE,CE,,,
2022-10-01,Unassigned,genesis,Unassigned,unassigned,Unassigned,CE,CE,,,
2022-10-01,Unassigned,genesis,Unassigned,Unassigned,Unassigned,CE,CE,,,
2022-10-01,Near Luxury Car,genesis,g70,genesis_g70,g70,CE,CE,,,
2022-10-01,Mid Luxury Car,genesis,g80,genesis_g80,g80,CE,CE,,,
2022-10-01,Mid Luxury EV Car,genesis,g80_ev,genesis_electrified_g80,g80_ev,CE,CE,,,
2022-10-01,Premium Luxury Car,genesis,g90,genesis_g90,g90,CE,CE,,,
2022-10-01,Entry Luxury EV SUV,genesis,gv60,genesis_gv60,gv60,CE,CE,,,
2022-10-01,Near Luxury SUV,genesis,gv70,genesis_gv70,gv70,CE,CE,,,
2022-10-01,Near Luxury EV SUV,genesis,gv70_ev,genesis_electrified_gv70,gv70_ev,CE,CE,,,
2022-10-01,Mid Luxury SUV,genesis,gv80,genesis_gv80,gv80,CE,CE,,,
2022-10-01,Mid Luxury SUV,genesis,gv80_coupe,genesis_gv80_coupe,gv80,CE,CE,,,
2022-10-01,Make Only,genesis,make_only,genesis_make_only,make_only,CE,CE,,,
2022-10-01,Brand,genesis,Total,genesis_Total,Total,EA,EA,,,
2022-10-01,Unassigned,genesis,Unassigned,Unassigned,Unassigned,EA,EA,,,
2022-10-01,Unassigned,genesis,Unassigned,unassigned,Unassigned,EA,EA,,,
2022-10-01,Near Luxury Car,genesis,g70,genesis_g70,g70,EA,EA,,,
2022-10-01,Mid Luxury Car,genesis,g80,genesis_g80,g80,EA,EA,,,
2022-10-01,Mid Luxury EV Car,genesis,g80_ev,genesis_electrified_g80,g80_ev,EA,EA,,,
2022-10-01,Premium Luxury Car,genesis,g90,genesis_g90,g90,EA,EA,,,
2022-10-01,Entry Luxury EV SUV,genesis,gv60,genesis_gv60,gv60,EA,EA,,,
2022-10-01,Near Luxury SUV,genesis,gv70,genesis_gv70,gv70,EA,EA,,,
2022-10-01,Near Luxury EV SUV,genesis,gv70_ev,genesis_electrified_gv70,gv70_ev,EA,EA,,,
2022-10-01,Mid Luxury SUV,genesis,gv80,genesis_gv80,gv80,EA,EA,,,
2022-10-01,Mid Luxury SUV,genesis,gv80_coupe,genesis_gv80_coupe,gv80,EA,EA,,,
2022-10-01,Make Only,genesis,make_only,genesis_make_only,make_only,EA,EA,,,
2022-10-01,Brand,genesis,Total,genesis_Total,Total,MA,MA,,,
2022-10-01,Unassigned,genesis,Unassigned,unassigned,Unassigned,MA,MA,,,
2022-10-01,Unassigned,genesis,Unassigned,Unassigned,Unassigned,MA,MA,,,
2022-10-01,Near Luxury Car,genesis,g70,genesis_g70,g70,MA,MA,,,
2022-10-01,Mid Luxury Car,genesis,g80,genesis_g80,g80,MA,MA,,,
2022-10-01,Mid Luxury EV Car,genesis,g80_ev,genesis_electrified_g80,g80_ev,MA,MA,,,
2022-10-01,Premium Luxury Car,genesis,g90,genesis_g90,g90,MA,MA,,,
2022-10-01,Entry Luxury EV SUV,genesis,gv60,genesis_gv60,gv60,MA,MA,,,
2022-10-01,Near Luxury SUV,genesis,gv70,genesis_gv70,gv70,MA,MA,,,
2022-10-01,Near Luxury EV SUV,genesis,gv70_ev,genesis_electrified_gv70,gv70_ev,MA,MA,,,
2022-10-01,Mid Luxury SUV,genesis,gv80,genesis_gv80,gv80,MA,MA,,,
2022-10-01,Mid Luxury SUV,genesis,gv80_coupe,genesis_gv80_coupe,gv80,MA,MA,,,
2022-10-01,Make Only,genesis,make_only,genesis_make_only,make_only,MA,MA,,,
2022-10-01,Brand,genesis,Total,genesis_Total,Total,MS,MS,,,
2022-10-01,Unassigned,genesis,Unassigned,Unassigned,Unassigned,MS,MS,,,
2022-10-01,Unassigned,genesis,Unassigned,unassigned,Unassigned,MS,MS,,,
2022-10-01,Near Luxury Car,genesis,g70,genesis_g70,g70,MS,MS,,,
2022-10-01,Mid Luxury Car,genesis,g80,genesis_g80,g80,MS,MS,,,
2022-10-01,Mid Luxury EV Car,genesis,g80_ev,genesis_electrified_g80,g80_ev,MS,MS,,,
2022-10-01,Premium Luxury Car,genesis,g90,genesis_g90,g90,MS,MS,,,
2022-10-01,Entry Luxury EV SUV,genesis,gv60,genesis_gv60,gv60,MS,MS,,,
2022-10-01,Near Luxury SUV,genesis,gv70,genesis_gv70,gv70,MS,MS,,,
2022-10-01,Near Luxury EV SUV,genesis,gv70_ev,genesis_electrified_gv70,gv70_ev,MS,MS,,,
2022-10-01,Mid Luxury SUV,genesis,gv80,genesis_gv80,gv80,MS,MS,,,
2022-10-01,Mid Luxury SUV,genesis,gv80_coupe,genesis_gv80_coupe,gv80,MS,MS,,,
2022-10-01,Make Only,genesis,make_only,genesis_make_only,make_only,MS,MS,,,
2022-10-01,Brand,genesis,Total,genesis_Total,Total,NH,NH,,,
2022-10-01,Unassigned,genesis,Unassigned,Unassigned,Unassigned,NH,NH,,,
2022-10-01,Unassigned,genesis,Unassigned,unassigned,Unassigned,NH,NH,,,
2022-10-01,Near Luxury Car,genesis,g70,genesis_g70,g70,NH,NH,,,
2022-10-01,Mid Luxury Car,genesis,g80,genesis_g80,g80,NH,NH,,,
2022-10-01,Mid Luxury EV Car,genesis,g80_ev,genesis_electrified_g80,g80_ev,NH,NH,,,
2022-10-01,Premium Luxury Car,genesis,g90,genesis_g90,g90,NH,NH,,,
2022-10-01,Entry Luxury EV SUV,genesis,gv60,genesis_gv60,gv60,NH,NH,,,
2022-10-01,Near Luxury SUV,genesis,gv70,genesis_gv70,gv70,NH,NH,,,
2022-10-01,Near Luxury EV SUV,genesis,gv70_ev,genesis_electrified_gv70,gv70_ev,NH,NH,,,
2022-10-01,Mid Luxury SUV,genesis,gv80,genesis_gv80,gv80,NH,NH,,,
2022-10-01,Mid Luxury SUV,genesis,gv80_coupe,genesis_gv80_coupe,gv80,NH,NH,,,
2022-10-01,Make Only,genesis,make_only,genesis_make_only,make_only,NH,NH,,,
2022-10-01,Brand,genesis,Total,genesis_Total,Total,SC,SC,,,
2022-10-01,Unassigned,genesis,Unassigned,Unassigned,Unassigned,SC,SC,,,
2022-10-01,Unassigned,genesis,Unassigned,unassigned,Unassigned,SC,SC,,,
2022-10-01,Near Luxury Car,genesis,g70,genesis_g70,g70,SC,SC,,,
2022-10-01,Mid Luxury Car,genesis,g80,genesis_g80,g80,SC,SC,,,
2022-10-01,Mid Luxury EV Car,genesis,g80_ev,genesis_electrified_g80,g80_ev,SC,SC,,,
2022-10-01,Premium Luxury Car,genesis,g90,genesis_g90,g90,SC,SC,,,
2022-10-01,Entry Luxury EV SUV,genesis,gv60,genesis_gv60,gv60,SC,SC,,,
2022-10-01,Near Luxury SUV,genesis,gv70,genesis_gv70,gv70,SC,SC,,,
2022-10-01,Near Luxury EV SUV,genesis,gv70_ev,genesis_electrified_gv70,gv70_ev,SC,SC,,,
2022-10-01,Mid Luxury SUV,genesis,gv80,genesis_gv80,gv80,SC,SC,,,
2022-10-01,Mid Luxury SUV,genesis,gv80_coupe,genesis_gv80_coupe,gv80,SC,SC,,,
2022-10-01,Make Only,genesis,make_only,genesis_make_only,make_only,SC,SC,,,
2022-10-01,Brand,genesis,Total,genesis_Total,Total,SO,SO,,,
2022-10-01,Unassigned,genesis,Unassigned,unassigned,Unassigned,SO,SO,,,
2022-10-01,Unassigned,genesis,Unassigned,Unassigned,Unassigned,SO,SO,,,
2022-10-01,Near Luxury Car,genesis,g70,genesis_g70,g70,SO,SO,,,
2022-10-01,Mid Luxury Car,genesis,g80,genesis_g80,g80,SO,SO,,,
2022-10-01,Mid Luxury EV Car,genesis,g80_ev,genesis_electrified_g80,g80_ev,SO,SO,,,
2022-10-01,Premium Luxury Car,genesis,g90,genesis_g90,g90,SO,SO,,,
2022-10-01,Entry Luxury EV SUV,genesis,gv60,genesis_gv60,gv60,SO,SO,,,
2022-10-01,Near Luxury SUV,genesis,gv70,genesis_gv70,gv70,SO,SO,,,
2022-10-01,Near Luxury EV SUV,genesis,gv70_ev,genesis_electrified_gv70,gv70_ev,SO,SO,,,
2022-10-01,Mid Luxury SUV,genesis,gv80,genesis_gv80,gv80,SO,SO,,,
2022-10-01,Mid Luxury SUV,genesis,gv80_coupe,genesis_gv80_coupe,gv80,SO,SO,,,
2022-10-01,Make Only,genesis,make_only,genesis_make_only,make_only,SO,SO,,,
2022-10-01,Brand,genesis,Total,genesis_Total,Total,National,US,,,
2022-10-01,Unassigned,genesis,Unassigned,unassigned,Unassigned,National,US,,,
2022-10-01,Unassigned,genesis,Unassigned,Unassigned,Unassigned,National,US,,,
2022-10-01,Near Luxury Car,genesis,g70,genesis_g70,g70,National,US,,,
2022-10-01,Mid Luxury Car,genesis,g80,genesis_g80,g80,National,US,,,
2022-10-01,Mid Luxury EV Car,genesis,g80_ev,genesis_electrified_g80,g80_ev,National,US,,,
2022-10-01,Premium Luxury Car,genesis,g90,genesis_g90,g90,National,US,,,
2022-10-01,Entry Luxury EV SUV,genesis,gv60,genesis_gv60,gv60,National,US,,,
2022-10-01,Near Luxury SUV,genesis,gv70,genesis_gv70,gv70,National,US,,,
2022-10-01,Near Luxury EV SUV,genesis,gv70_ev,genesis_electrified_gv70,gv70_ev,National,US,,,
2022-10-01,Mid Luxury SUV,genesis,gv80,genesis_gv80,gv80,National,US,,,
2022-10-01,Mid Luxury SUV,genesis,gv80_coupe,genesis_gv80_coupe,gv80,National,US,,,
2022-10-01,Make Only,genesis,make_only,genesis_make_only,make_only,National,US,,,
2022-10-01,Brand,genesis,Total,genesis_Total,Total,WE,WE,,,
2022-10-01,Unassigned,genesis,Unassigned,Unassigned,Unassigned,WE,WE,,,
2022-10-01,Unassigned,genesis,Unassigned,unassigned,Unassigned,WE,WE,,,
2022-10-01,Near Luxury Car,genesis,g70,genesis_g70,g70,WE,WE,,,
2022-10-01,Mid Luxury Car,genesis,g80,genesis_g80,g80,WE,WE,,,
2022-10-01,Mid Luxury EV Car,genesis,g80_ev,genesis_electrified_g80,g80_ev,WE,WE,,,
2022-10-01,Premium Luxury Car,genesis,g90,genesis_g90,g90,WE,WE,,,
2022-10-01,Entry Luxury EV SUV,genesis,gv60,genesis_gv60,gv60,WE,WE,,,
2022-10-01,Near Luxury SUV,genesis,gv70,genesis_gv70,gv70,WE,WE,,,
2022-10-01,Near Luxury EV SUV,genesis,gv70_ev,genesis_electrified_gv70,gv70_ev,WE,WE,,,
2022-10-01,Mid Luxury SUV,genesis,gv80,genesis_gv80,gv80,WE,WE,,,
2022-10-01,Mid Luxury SUV,genesis,gv80_coupe,genesis_gv80_coupe,gv80,WE,WE,,,
2022-10-01,Make Only,genesis,make_only,genesis_make_only,make_only,WE,WE,,,
2022-11-01,Brand,genesis,Total,genesis_Total,Total,CE,CE,,,
2022-11-01,Unassigned,genesis,Unassigned,Unassigned,Unassigned,CE,CE,,,
2022-11-01,Unassigned,genesis,Unassigned,unassigned,Unassigned,CE,CE,,,
2022-11-01,Near Luxury Car,genesis,g70,genesis_g70,g70,CE,CE,,,
2022-11-01,Mid Luxury Car,genesis,g80,genesis_g80,g80,CE,CE,,,
2022-11-01,Mid Luxury EV Car,genesis,g80_ev,genesis_electrified_g80,g80_ev,CE,CE,,,
2022-11-01,Premium Luxury Car,genesis,g90,genesis_g90,g90,CE,CE,,,
2022-11-01,Entry Luxury EV SUV,genesis,gv60,genesis_gv60,gv60,CE,CE,,,
2022-11-01,Near Luxury SUV,genesis,gv70,genesis_gv70,gv70,CE,CE,,,
2022-11-01,Near Luxury EV SUV,genesis,gv70_ev,genesis_electrified_gv70,gv70_ev,CE,CE,,,
2022-11-01,Mid Luxury SUV,genesis,gv80,genesis_gv80,gv80,CE,CE,,,
2022-11-01,Mid Luxury SUV,genesis,gv80_coupe,genesis_gv80_coupe,gv80,CE,CE,,,
2022-11-01,Make Only,genesis,make_only,genesis_make_only,make_only,CE,CE,,,
2022-11-01,Brand,genesis,Total,genesis_Total,Total,EA,EA,,,
2022-11-01,Unassigned,genesis,Unassigned,Unassigned,Unassigned,EA,EA,,,
2022-11-01,Unassigned,genesis,Unassigned,unassigned,Unassigned,EA,EA,,,
2022-11-01,Near Luxury Car,genesis,g70,genesis_g70,g70,EA,EA,,,
2022-11-01,Mid Luxury Car,genesis,g80,genesis_g80,g80,EA,EA,,,
2022-11-01,Mid Luxury EV Car,genesis,g80_ev,genesis_electrified_g80,g80_ev,EA,EA,,,
2022-11-01,Premium Luxury Car,genesis,g90,genesis_g90,g90,EA,EA,,,
2022-11-01,Entry Luxury EV SUV,genesis,gv60,genesis_gv60,gv60,EA,EA,,,
2022-11-01,Near Luxury SUV,genesis,gv70,genesis_gv70,gv70,EA,EA,,,
2022-11-01,Near Luxury EV SUV,genesis,gv70_ev,genesis_electrified_gv70,gv70_ev,EA,EA,,,
2022-11-01,Mid Luxury SUV,genesis,gv80,genesis_gv80,gv80,EA,EA,,,
2022-11-01,Mid Luxury SUV,genesis,gv80_coupe,genesis_gv80_coupe,gv80,EA,EA,,,
2022-11-01,Make Only,genesis,make_only,genesis_make_only,make_only,EA,EA,,,
2022-11-01,Brand,genesis,Total,genesis_Total,Total,MA,MA,,,
2022-11-01,Unassigned,genesis,Unassigned,Unassigned,Unassigned,MA,MA,,,
2022-11-01,Unassigned,genesis,Unassigned,unassigned,Unassigned,MA,MA,,,
2022-11-01,Near Luxury Car,genesis,g70,genesis_g70,g70,MA,MA,,,
2022-11-01,Mid Luxury Car,genesis,g80,genesis_g80,g80,MA,MA,,,
2022-11-01,Mid Luxury EV Car,genesis,g80_ev,genesis_electrified_g80,g80_ev,MA,MA,,,
2022-11-01,Premium Luxury Car,genesis,g90,genesis_g90,g90,MA,MA,,,
2022-11-01,Entry Luxury EV SUV,genesis,gv60,genesis_gv60,gv60,MA,MA,,,
2022-11-01,Near Luxury SUV,genesis,gv70,genesis_gv70,gv70,MA,MA,,,
2022-11-01,Near Luxury EV SUV,genesis,gv70_ev,genesis_electrified_gv70,gv70_ev,MA,MA,,,
2022-11-01,Mid Luxury SUV,genesis,gv80,genesis_gv80,gv80,MA,MA,,,
2022-11-01,Mid Luxury SUV,genesis,gv80_coupe,genesis_gv80_coupe,gv80,MA,MA,,,
2022-11-01,Make Only,genesis,make_only,genesis_make_only,make_only,MA,MA,,,
2022-11-01,Brand,genesis,Total,genesis_Total,Total,MS,MS,,,
2022-11-01,Unassigned,genesis,Unassigned,unassigned,Unassigned,MS,MS,,,
2022-11-01,Unassigned,genesis,Unassigned,Unassigned,Unassigned,MS,MS,,,
2022-11-01,Near Luxury Car,genesis,g70,genesis_g70,g70,MS,MS,,,
2022-11-01,Mid Luxury Car,genesis,g80,genesis_g80,g80,MS,MS,,,
2022-11-01,Mid Luxury EV Car,genesis,g80_ev,genesis_electrified_g80,g80_ev,MS,MS,,,
2022-11-01,Premium Luxury Car,genesis,g90,genesis_g90,g90,MS,MS,,,
2022-11-01,Entry Luxury EV SUV,genesis,gv60,genesis_gv60,gv60,MS,MS,,,
2022-11-01,Near Luxury SUV,genesis,gv70,genesis_gv70,gv70,MS,MS,,,
2022-11-01,Near Luxury EV SUV,genesis,gv70_ev,genesis_electrified_gv70,gv70_ev,MS,MS,,,
2022-11-01,Mid Luxury SUV,genesis,gv80,genesis_gv80,gv80,MS,MS,,,
2022-11-01,Mid Luxury SUV,genesis,gv80_coupe,genesis_gv80_coupe,gv80,MS,MS,,,
2022-11-01,Make Only,genesis,make_only,genesis_make_only,make_only,MS,MS,,,
2022-11-01,Brand,genesis,Total,genesis_Total,Total,NH,NH,,,
2022-11-01,Unassigned,genesis,Unassigned,Unassigned,Unassigned,NH,NH,,,
2022-11-01,Unassigned,genesis,Unassigned,unassigned,Unassigned,NH,NH,,,
2022-11-01,Near Luxury Car,genesis,g70,genesis_g70,g70,NH,NH,,,
2022-11-01,Mid Luxury Car,genesis,g80,genesis_g80,g80,NH,NH,,,
2022-11-01,Mid Luxury EV Car,genesis,g80_ev,genesis_electrified_g80,g80_ev,NH,NH,,,
2022-11-01,Premium Luxury Car,genesis,g90,genesis_g90,g90,NH,NH,,,
2022-11-01,Entry Luxury EV SUV,genesis,gv60,genesis_gv60,gv60,NH,NH,,,
2022-11-01,Near Luxury SUV,genesis,gv70,genesis_gv70,gv70,NH,NH,,,
2022-11-01,Near Luxury EV SUV,genesis,gv70_ev,genesis_electrified_gv70,gv70_ev,NH,NH,,,
2022-11-01,Mid Luxury SUV,genesis,gv80,genesis_gv80,gv80,NH,NH,,,
2022-11-01,Mid Luxury SUV,genesis,gv80_coupe,genesis_gv80_coupe,gv80,NH,NH,,,
2022-11-01,Make Only,genesis,make_only,genesis_make_only,make_only,NH,NH,,,
2022-11-01,Brand,genesis,Total,genesis_Total,Total,SC,SC,,,
2022-11-01,Unassigned,genesis,Unassigned,unassigned,Unassigned,SC,SC,,,
2022-11-01,Unassigned,genesis,Unassigned,Unassigned,Unassigned,SC,SC,,,
2022-11-01,Near Luxury Car,genesis,g70,genesis_g70,g70,SC,SC,,,
2022-11-01,Mid Luxury Car,genesis,g80,genesis_g80,g80,SC,SC,,,
2022-11-01,Mid Luxury EV Car,genesis,g80_ev,genesis_electrified_g80,g80_ev,SC,SC,,,
2022-11-01,Premium Luxury Car,genesis,g90,genesis_g90,g90,SC,SC,,,
2022-11-01,Entry Luxury EV SUV,genesis,gv60,genesis_gv60,gv60,SC,SC,,,
2022-11-01,Near Luxury SUV,genesis,gv70,genesis_gv70,gv70,SC,SC,,,
2022-11-01,Near Luxury EV SUV,genesis,gv70_ev,genesis_electrified_gv70,gv70_ev,SC,SC,,,
2022-11-01,Mid Luxury SUV,genesis,gv80,genesis_gv80,gv80,SC,SC,,,
2022-11-01,Mid Luxury SUV,genesis,gv80_coupe,genesis_gv80_coupe,gv80,SC,SC,,,
2022-11-01,Make Only,genesis,make_only,genesis_make_only,make_only,SC,SC,,,
2022-11-01,Brand,genesis,Total,genesis_Total,Total,SO,SO,,,
2022-11-01,Unassigned,genesis,Unassigned,unassigned,Unassigned,SO,SO,,,
2022-11-01,Unassigned,genesis,Unassigned,Unassigned,Unassigned,SO,SO,,,
2022-11-01,Near Luxury Car,genesis,g70,genesis_g70,g70,SO,SO,,,
2022-11-01,Mid Luxury Car,genesis,g80,genesis_g80,g80,SO,SO,,,
2022-11-01,Mid Luxury EV Car,genesis,g80_ev,genesis_electrified_g80,g80_ev,SO,SO,,,
2022-11-01,Premium Luxury Car,genesis,g90,genesis_g90,g90,SO,SO,,,
2022-11-01,Entry Luxury EV SUV,genesis,gv60,genesis_gv60,gv60,SO,SO,,,
2022-11-01,Near Luxury SUV,genesis,gv70,genesis_gv70,gv70,SO,SO,,,
2022-11-01,Near Luxury EV SUV,genesis,gv70_ev,genesis_electrified_gv70,gv70_ev,SO,SO,,,
2022-11-01,Mid Luxury SUV,genesis,gv80,genesis_gv80,gv80,SO,SO,,,
2022-11-01,Mid Luxury SUV,genesis,gv80_coupe,genesis_gv80_coupe,gv80,SO,SO,,,
2022-11-01,Make Only,genesis,make_only,genesis_make_only,make_only,SO,SO,,,
2022-11-01,Brand,genesis,Total,genesis_Total,Total,National,US,,,
2022-11-01,Unassigned,genesis,Unassigned,Unassigned,Unassigned,National,US,,,
2022-11-01,Unassigned,genesis,Unassigned,unassigned,Unassigned,National,US,,,
2022-11-01,Near Luxury Car,genesis,g70,genesis_g70,g70,National,US,,,
2022-11-01,Mid Luxury Car,genesis,g80,genesis_g80,g80,National,US,,,
2022-11-01,Mid Luxury EV Car,genesis,g80_ev,genesis_electrified_g80,g80_ev,National,US,,,
2022-11-01,Premium Luxury Car,genesis,g90,genesis_g90,g90,National,US,,,
2022-11-01,Entry Luxury EV SUV,genesis,gv60,genesis_gv60,gv60,National,US,,,
2022-11-01,Near Luxury SUV,genesis,gv70,genesis_gv70,gv70,National,US,,,
2022-11-01,Near Luxury EV SUV,genesis,gv70_ev,genesis_electrified_gv70,gv70_ev,National,US,,,
2022-11-01,Mid Luxury SUV,genesis,gv80,genesis_gv80,gv80,National,US,,,
2022-11-01,Mid Luxury SUV,genesis,gv80_coupe,genesis_gv80_coupe,gv80,National,US,,,
2022-11-01,Make Only,genesis,make_only,genesis_make_only,make_only,National,US,,,
2022-11-01,Brand,genesis,Total,genesis_Total,Total,WE,WE,,,
2022-11-01,Unassigned,genesis,Unassigned,unassigned,Unassigned,WE,WE,,,
2022-11-01,Unassigned,genesis,Unassigned,Unassigned,Unassigned,WE,WE,,,
2022-11-01,Near Luxury Car,genesis,g70,genesis_g70,g70,WE,WE,,,
2022-11-01,Mid Luxury Car,genesis,g80,genesis_g80,g80,WE,WE,,,
2022-11-01,Mid Luxury EV Car,genesis,g80_ev,genesis_electrified_g80,g80_ev,WE,WE,,,
2022-11-01,Premium Luxury Car,genesis,g90,genesis_g90,g90,WE,WE,,,
2022-11-01,Entry Luxury EV SUV,genesis,gv60,genesis_gv60,gv60,WE,WE,,,
2022-11-01,Near Luxury SUV,genesis,gv70,genesis_gv70,gv70,WE,WE,,,
2022-11-01,Near Luxury EV SUV,genesis,gv70_ev,genesis_electrified_gv70,gv70_ev,WE,WE,,,
2022-11-01,Mid Luxury SUV,genesis,gv80,genesis_gv80,gv80,WE,WE,,,
2022-11-01,Mid Luxury SUV,genesis,gv80_coupe,genesis_gv80_coupe,gv80,WE,WE,,,
2022-11-01,Make Only,genesis,make_only,genesis_make_only,make_only,WE,WE,,,
2022-12-01,Brand,genesis,Total,genesis_Total,Total,CE,CE,,,
2022-12-01,Unassigned,genesis,Unassigned,Unassigned,Unassigned,CE,CE,,,
2022-12-01,Unassigned,genesis,Unassigned,unassigned,Unassigned,CE,CE,,,
2022-12-01,Near Luxury Car,genesis,g70,genesis_g70,g70,CE,CE,,,
2022-12-01,Mid Luxury Car,genesis,g80,genesis_g80,g80,CE,CE,,,
2022-12-01,Mid Luxury EV Car,genesis,g80_ev,genesis_electrified_g80,g80_ev,CE,CE,,,
2022-12-01,Premium Luxury Car,genesis,g90,genesis_g90,g90,CE,CE,,,
2022-12-01,Entry Luxury EV SUV,genesis,gv60,genesis_gv60,gv60,CE,CE,,,
2022-12-01,Near Luxury SUV,genesis,gv70,genesis_gv70,gv70,CE,CE,,,
2022-12-01,Near Luxury EV SUV,genesis,gv70_ev,genesis_electrified_gv70,gv70_ev,CE,CE,,,
2022-12-01,Mid Luxury SUV,genesis,gv80,genesis_gv80,gv80,CE,CE,,,
2022-12-01,Mid Luxury SUV,genesis,gv80_coupe,genesis_gv80_coupe,gv80,CE,CE,,,
2022-12-01,Make Only,genesis,make_only,genesis_make_only,make_only,CE,CE,,,
2022-12-01,Brand,genesis,Total,genesis_Total,Total,EA,EA,,,
2022-12-01,Unassigned,genesis,Unassigned,unassigned,Unassigned,EA,EA,,,
2022-12-01,Unassigned,genesis,Unassigned,Unassigned,Unassigned,EA,EA,,,
2022-12-01,Near Luxury Car,genesis,g70,genesis_g70,g70,EA,EA,,,
2022-12-01,Mid Luxury Car,genesis,g80,genesis_g80,g80,EA,EA,,,
2022-12-01,Mid Luxury EV Car,genesis,g80_ev,genesis_electrified_g80,g80_ev,EA,EA,,,
2022-12-01,Premium Luxury Car,genesis,g90,genesis_g90,g90,EA,EA,,,
2022-12-01,Entry Luxury EV SUV,genesis,gv60,genesis_gv60,gv60,EA,EA,,,
2022-12-01,Near Luxury SUV,genesis,gv70,genesis_gv70,gv70,EA,EA,,,
2022-12-01,Near Luxury EV SUV,genesis,gv70_ev,genesis_electrified_gv70,gv70_ev,EA,EA,,,
2022-12-01,Mid Luxury SUV,genesis,gv80,genesis_gv80,gv80,EA,EA,,,
2022-12-01,Mid Luxury SUV,genesis,gv80_coupe,genesis_gv80_coupe,gv80,EA,EA,,,
2022-12-01,Make Only,genesis,make_only,genesis_make_only,make_only,EA,EA,,,
2022-12-01,Brand,genesis,Total,genesis_Total,Total,MA,MA,,,
2022-12-01,Unassigned,genesis,Unassigned,Unassigned,Unassigned,MA,MA,,,
2022-12-01,Unassigned,genesis,Unassigned,unassigned,Unassigned,MA,MA,,,
2022-12-01,Near Luxury Car,genesis,g70,genesis_g70,g70,MA,MA,,,
2022-12-01,Mid Luxury Car,genesis,g80,genesis_g80,g80,MA,MA,,,
2022-12-01,Mid Luxury EV Car,genesis,g80_ev,genesis_electrified_g80,g80_ev,MA,MA,,,
2022-12-01,Premium Luxury Car,genesis,g90,genesis_g90,g90,MA,MA,,,
2022-12-01,Entry Luxury EV SUV,genesis,gv60,genesis_gv60,gv60,MA,MA,,,
2022-12-01,Near Luxury SUV,genesis,gv70,genesis_gv70,gv70,MA,MA,,,
2022-12-01,Near Luxury EV SUV,genesis,gv70_ev,genesis_electrified_gv70,gv70_ev,MA,MA,,,
2022-12-01,Mid Luxury SUV,genesis,gv80,genesis_gv80,gv80,MA,MA,,,
2022-12-01,Mid Luxury SUV,genesis,gv80_coupe,genesis_gv80_coupe,gv80,MA,MA,,,
2022-12-01,Make Only,genesis,make_only,genesis_make_only,make_only,MA,MA,,,
2022-12-01,Brand,genesis,Total,genesis_Total,Total,MS,MS,,,
2022-12-01,Unassigned,genesis,Unassigned,unassigned,Unassigned,MS,MS,,,
2022-12-01,Unassigned,genesis,Unassigned,Unassigned,Unassigned,MS,MS,,,
2022-12-01,Near Luxury Car,genesis,g70,genesis_g70,g70,MS,MS,,,
2022-12-01,Mid Luxury Car,genesis,g80,genesis_g80,g80,MS,MS,,,
2022-12-01,Mid Luxury EV Car,genesis,g80_ev,genesis_electrified_g80,g80_ev,MS,MS,,,
2022-12-01,Premium Luxury Car,genesis,g90,genesis_g90,g90,MS,MS,,,
2022-12-01,Entry Luxury EV SUV,genesis,gv60,genesis_gv60,gv60,MS,MS,,,
2022-12-01,Near Luxury SUV,genesis,gv70,genesis_gv70,gv70,MS,MS,,,
2022-12-01,Near Luxury EV SUV,genesis,gv70_ev,genesis_electrified_gv70,gv70_ev,MS,MS,,,
2022-12-01,Mid Luxury SUV,genesis,gv80,genesis_gv80,gv80,MS,MS,,,
2022-12-01,Mid Luxury SUV,genesis,gv80_coupe,genesis_gv80_coupe,gv80,MS,MS,,,
2022-12-01,Make Only,genesis,make_only,genesis_make_only,make_only,MS,MS,,,
2022-12-01,Brand,genesis,Total,genesis_Total,Total,NH,NH,,,
2022-12-01,Unassigned,genesis,Unassigned,Unassigned,Unassigned,NH,NH,,,
2022-12-01,Unassigned,genesis,Unassigned,unassigned,Unassigned,NH,NH,,,
2022-12-01,Near Luxury Car,genesis,g70,genesis_g70,g70,NH,NH,,,
2022-12-01,Mid Luxury Car,genesis,g80,genesis_g80,g80,NH,NH,,,
2022-12-01,Mid Luxury EV Car,genesis,g80_ev,genesis_electrified_g80,g80_ev,NH,NH,,,
2022-12-01,Premium Luxury Car,genesis,g90,genesis_g90,g90,NH,NH,,,
2022-12-01,Entry Luxury EV SUV,genesis,gv60,genesis_gv60,gv60,NH,NH,,,
2022-12-01,Near Luxury SUV,genesis,gv70,genesis_gv70,gv70,NH,NH,,,
2022-12-01,Near Luxury EV SUV,genesis,gv70_ev,genesis_electrified_gv70,gv70_ev,NH,NH,,,
2022-12-01,Mid Luxury SUV,genesis,gv80,genesis_gv80,gv80,NH,NH,,,
2022-12-01,Mid Luxury SUV,genesis,gv80_coupe,genesis_gv80_coupe,gv80,NH,NH,,,
2022-12-01,Make Only,genesis,make_only,genesis_make_only,make_only,NH,NH,,,
2022-12-01,Brand,genesis,Total,genesis_Total,Total,SC,SC,,,
2022-12-01,Unassigned,genesis,Unassigned,unassigned,Unassigned,SC,SC,,,
2022-12-01,Unassigned,genesis,Unassigned,Unassigned,Unassigned,SC,SC,,,
2022-12-01,Near Luxury Car,genesis,g70,genesis_g70,g70,SC,SC,,,
2022-12-01,Mid Luxury Car,genesis,g80,genesis_g80,g80,SC,SC,,,
2022-12-01,Mid Luxury EV Car,genesis,g80_ev,genesis_electrified_g80,g80_ev,SC,SC,,,
2022-12-01,Premium Luxury Car,genesis,g90,genesis_g90,g90,SC,SC,,,
2022-12-01,Entry Luxury EV SUV,genesis,gv60,genesis_gv60,gv60,SC,SC,,,
2022-12-01,Near Luxury SUV,genesis,gv70,genesis_gv70,gv70,SC,SC,,,
2022-12-01,Near Luxury EV SUV,genesis,gv70_ev,genesis_electrified_gv70,gv70_ev,SC,SC,,,
2022-12-01,Mid Luxury SUV,genesis,gv80,genesis_gv80,gv80,SC,SC,,,
2022-12-01,Mid Luxury SUV,genesis,gv80_coupe,genesis_gv80_coupe,gv80,SC,SC,,,
2022-12-01,Make Only,genesis,make_only,genesis_make_only,make_only,SC,SC,,,
2022-12-01,Brand,genesis,Total,genesis_Total,Total,SO,SO,,,
2022-12-01,Unassigned,genesis,Unassigned,unassigned,Unassigned,SO,SO,,,
2022-12-01,Unassigned,genesis,Unassigned,Unassigned,Unassigned,SO,SO,,,
2022-12-01,Near Luxury Car,genesis,g70,genesis_g70,g70,SO,SO,,,
2022-12-01,Mid Luxury Car,genesis,g80,genesis_g80,g80,SO,SO,,,
2022-12-01,Mid Luxury EV Car,genesis,g80_ev,genesis_electrified_g80,g80_ev,SO,SO,,,
2022-12-01,Premium Luxury Car,genesis,g90,genesis_g90,g90,SO,SO,,,
2022-12-01,Entry Luxury EV SUV,genesis,gv60,genesis_gv60,gv60,SO,SO,,,
2022-12-01,Near Luxury SUV,genesis,gv70,genesis_gv70,gv70,SO,SO,,,
2022-12-01,Near Luxury EV SUV,genesis,gv70_ev,genesis_electrified_gv70,gv70_ev,SO,SO,,,
2022-12-01,Mid Luxury SUV,genesis,gv80,genesis_gv80,gv80,SO,SO,,,
2022-12-01,Mid Luxury SUV,genesis,gv80_coupe,genesis_gv80_coupe,gv80,SO,SO,,,
2022-12-01,Make Only,genesis,make_only,genesis_make_only,make_only,SO,SO,,,
2022-12-01,Brand,genesis,Total,genesis_Total,Total,National,US,,,
2022-12-01,Unassigned,genesis,Unassigned,unassigned,Unassigned,National,US,,,
2022-12-01,Unassigned,genesis,Unassigned,Unassigned,Unassigned,National,US,,,
2022-12-01,Near Luxury Car,genesis,g70,genesis_g70,g70,National,US,,,
2022-12-01,Mid Luxury Car,genesis,g80,genesis_g80,g80,National,US,,,
2022-12-01,Mid Luxury EV Car,genesis,g80_ev,genesis_electrified_g80,g80_ev,National,US,,,
2022-12-01,Premium Luxury Car,genesis,g90,genesis_g90,g90,National,US,,,
2022-12-01,Entry Luxury EV SUV,genesis,gv60,genesis_gv60,gv60,National,US,,,
2022-12-01,Near Luxury SUV,genesis,gv70,genesis_gv70,gv70,National,US,,,
2022-12-01,Near Luxury EV SUV,genesis,gv70_ev,genesis_electrified_gv70,gv70_ev,National,US,,,
2022-12-01,Mid Luxury SUV,genesis,gv80,genesis_gv80,gv80,National,US,,,
2022-12-01,Mid Luxury SUV,genesis,gv80_coupe,genesis_gv80_coupe,gv80,National,US,,,
2022-12-01,Make Only,genesis,make_only,genesis_make_only,make_only,National,US,,,
2022-12-01,Brand,genesis,Total,genesis_Total,Total,WE,WE,,,
2022-12-01,Unassigned,genesis,Unassigned,unassigned,Unassigned,WE,WE,,,
2022-12-01,Unassigned,genesis,Unassigned,Unassigned,Unassigned,WE,WE,,,
2022-12-01,Near Luxury Car,genesis,g70,genesis_g70,g70,WE,WE,,,
2022-12-01,Mid Luxury Car,genesis,g80,genesis_g80,g80,WE,WE,,,
2022-12-01,Mid Luxury EV Car,genesis,g80_ev,genesis_electrified_g80,g80_ev,WE,WE,,,
2022-12-01,Premium Luxury Car,genesis,g90,genesis_g90,g90,WE,WE,,,
2022-12-01,Entry Luxury EV SUV,genesis,gv60,genesis_gv60,gv60,WE,WE,,,
2022-12-01,Near Luxury SUV,genesis,gv70,genesis_gv70,gv70,WE,WE,,,
2022-12-01,Near Luxury EV SUV,genesis,gv70_ev,genesis_electrified_gv70,gv70_ev,WE,WE,,,
2022-12-01,Mid Luxury SUV,genesis,gv80,genesis_gv80,gv80,WE,WE,,,
2022-12-01,Mid Luxury SUV,genesis,gv80_coupe,genesis_gv80_coupe,gv80,WE,WE,,,
2022-12-01,Make Only,genesis,make_only,genesis_make_only,make_only,WE,WE,,,
2023-01-01,Brand,genesis,Total,genesis_Total,Total,CE,CE,258525.0,7094.0,0
2023-01-01,Unassigned,genesis,Unassigned,Unassigned,Unassigned,CE,CE,0.0,0.0,
2023-01-01,Unassigned,genesis,Unassigned,unassigned,Unassigned,CE,CE,,,
2023-01-01,Near Luxury Car,genesis,g70,genesis_g70,g70,CE,CE,27364.0,970.0,0
2023-01-01,Mid Luxury Car,genesis,g80,genesis_g80,g80,CE,CE,15388.0,413.0,0
2023-01-01,Mid Luxury EV Car,genesis,g80_ev,genesis_electrified_g80,g80_ev,CE,CE,4075.0,27.0,0
2023-01-01,Premium Luxury Car,genesis,g90,genesis_g90,g90,CE,CE,25826.0,363.0,0
2023-01-01,Entry Luxury EV SUV,genesis,gv60,genesis_gv60,gv60,CE,CE,9680.0,53.0,0
2023-01-01,Near Luxury SUV,genesis,gv70,genesis_gv70,gv70,CE,CE,53335.0,3193.0,0
2023-01-01,Near Luxury EV SUV,genesis,gv70_ev,genesis_electrified_gv70,gv70_ev,CE,CE,6919.0,7.0,0
2023-01-01,Mid Luxury SUV,genesis,gv80,genesis_gv80,gv80,CE,CE,90821.0,2068.0,0
2023-01-01,Mid Luxury SUV,genesis,gv80_coupe,genesis_gv80_coupe,gv80,CE,CE,0.0,0.0,
2023-01-01,Make Only,genesis,make_only,genesis_make_only,make_only,CE,CE,0.0,0.0,
2023-01-01,Brand,genesis,Total,genesis_Total,Total,EA,EA,384095.0,12667.0,0
2023-01-01,Unassigned,genesis,Unassigned,unassigned,Unassigned,EA,EA,,,
2023-01-01,Unassigned,genesis,Unassigned,Unassigned,Unassigned,EA,EA,0.0,0.0,
2023-01-01,Near Luxury Car,genesis,g70,genesis_g70,g70,EA,EA,46653.0,1692.0,0
2023-01-01,Mid Luxury Car,genesis,g80,genesis_g80,g80,EA,EA,22746.0,643.0,0
2023-01-01,Mid Luxury EV Car,genesis,g80_ev,genesis_electrified_g80,g80_ev,EA,EA,11031.0,577.0,0
2023-01-01,Premium Luxury Car,genesis,g90,genesis_g90,g90,EA,EA,31843.0,459.0,0
2023-01-01,Entry Luxury EV SUV,genesis,gv60,genesis_gv60,gv60,EA,EA,19458.0,687.0,0
2023-01-01,Near Luxury SUV,genesis,gv70,genesis_gv70,gv70,EA,EA,85521.0,5750.0,0
2023-01-01,Near Luxury EV SUV,genesis,gv70_ev,genesis_electrified_gv70,gv70_ev,EA,EA,13139.0,12.0,0
2023-01-01,Mid Luxury SUV,genesis,gv80,genesis_gv80,gv80,EA,EA,117199.0,2847.0,0
2023-01-01,Mid Luxury SUV,genesis,gv80_coupe,genesis_gv80_coupe,gv80,EA,EA,0.0,0.0,
2023-01-01,Make Only,genesis,make_only,genesis_make_only,make_only,EA,EA,0.0,0.0,
2023-01-01,Brand,genesis,Total,genesis_Total,Total,MA,MA,191837.0,5026.0,0
2023-01-01,Unassigned,genesis,Unassigned,Unassigned,Unassigned,MA,MA,0.0,0.0,
2023-01-01,Unassigned,genesis,Unassigned,unassigned,Unassigned,MA,MA,,,
2023-01-01,Near Luxury Car,genesis,g70,genesis_g70,g70,MA,MA,20911.0,663.0,0
2023-01-01,Mid Luxury Car,genesis,g80,genesis_g80,g80,MA,MA,11487.0,325.0,0
2023-01-01,Mid Luxury EV Car,genesis,g80_ev,genesis_electrified_g80,g80_ev,MA,MA,3594.0,177.0,0
2023-01-01,Premium Luxury Car,genesis,g90,genesis_g90,g90,MA,MA,17915.0,277.0,0
2023-01-01,Entry Luxury EV SUV,genesis,gv60,genesis_gv60,gv60,MA,MA,7518.0,71.0,0
2023-01-01,Near Luxury SUV,genesis,gv70,genesis_gv70,gv70,MA,MA,40273.0,2222.0,0
2023-01-01,Near Luxury EV SUV,genesis,gv70_ev,genesis_electrified_gv70,gv70_ev,MA,MA,5394.0,6.0,0
2023-01-01,Mid Luxury SUV,genesis,gv80,genesis_gv80,gv80,MA,MA,65870.0,1285.0,0
2023-01-01,Mid Luxury SUV,genesis,gv80_coupe,genesis_gv80_coupe,gv80,MA,MA,0.0,0.0,
2023-01-01,Make Only,genesis,make_only,genesis_make_only,make_only,MA,MA,0.0,0.0,
2023-01-01,Brand,genesis,Total,genesis_Total,Total,MS,MS,128391.0,3296.0,0
2023-01-01,Unassigned,genesis,Unassigned,unassigned,Unassigned,MS,MS,,,
2023-01-01,Unassigned,genesis,Unassigned,Unassigned,Unassigned,MS,MS,0.0,0.0,
2023-01-01,Near Luxury Car,genesis,g70,genesis_g70,g70,MS,MS,12173.0,443.0,0
2023-01-01,Mid Luxury Car,genesis,g80,genesis_g80,g80,MS,MS,6703.0,180.0,0
2023-01-01,Mid Luxury EV Car,genesis,g80_ev,genesis_electrified_g80,g80_ev,MS,MS,4110.0,86.0,0
2023-01-01,Premium Luxury Car,genesis,g90,genesis_g90,g90,MS,MS,13037.0,158.0,0
2023-01-01,Entry Luxury EV SUV,genesis,gv60,genesis_gv60,gv60,MS,MS,7046.0,301.0,0
2023-01-01,Near Luxury SUV,genesis,gv70,genesis_gv70,gv70,MS,MS,24458.0,1261.0,0
2023-01-01,Near Luxury EV SUV,genesis,gv70_ev,genesis_electrified_gv70,gv70_ev,MS,MS,3827.0,4.0,0
2023-01-01,Mid Luxury SUV,genesis,gv80,genesis_gv80,gv80,MS,MS,45159.0,863.0,0
2023-01-01,Mid Luxury SUV,genesis,gv80_coupe,genesis_gv80_coupe,gv80,MS,MS,0.0,0.0,
2023-01-01,Make Only,genesis,make_only,genesis_make_only,make_only,MS,MS,0.0,0.0,
2023-01-01,Brand,genesis,Total,genesis_Total,Total,NH,NH,0.0,0.0,
2023-01-01,Unassigned,genesis,Unassigned,Unassigned,Unassigned,NH,NH,0.0,0.0,
2023-01-01,Unassigned,genesis,Unassigned,unassigned,Unassigned,NH,NH,,,
2023-01-01,Near Luxury Car,genesis,g70,genesis_g70,g70,NH,NH,0.0,0.0,
2023-01-01,Mid Luxury Car,genesis,g80,genesis_g80,g80,NH,NH,0.0,0.0,
2023-01-01,Mid Luxury EV Car,genesis,g80_ev,genesis_electrified_g80,g80_ev,NH,NH,0.0,0.0,
2023-01-01,Premium Luxury Car,genesis,g90,genesis_g90,g90,NH,NH,0.0,0.0,
2023-01-01,Entry Luxury EV SUV,genesis,gv60,genesis_gv60,gv60,NH,NH,0.0,0.0,
2023-01-01,Near Luxury SUV,genesis,gv70,genesis_gv70,gv70,NH,NH,0.0,0.0,
2023-01-01,Near Luxury EV SUV,genesis,gv70_ev,genesis_electrified_gv70,gv70_ev,NH,NH,0.0,0.0,
2023-01-01,Mid Luxury SUV,genesis,gv80,genesis_gv80,gv80,NH,NH,0.0,0.0,
2023-01-01,Mid Luxury SUV,genesis,gv80_coupe,genesis_gv80_coupe,gv80,NH,NH,0.0,0.0,
2023-01-01,Make Only,genesis,make_only,genesis_make_only,make_only,NH,NH,0.0,0.0,
2023-01-01,Brand,genesis,Total,genesis_Total,Total,SC,SC,206574.0,5430.0,0
2023-01-01,Unassigned,genesis,Unassigned,Unassigned,Unassigned,SC,SC,0.0,0.0,
2023-01-01,Unassigned,genesis,Unassigned,unassigned,Unassigned,SC,SC,,,
2023-01-01,Near Luxury Car,genesis,g70,genesis_g70,g70,SC,SC,23114.0,735.0,0
2023-01-01,Mid Luxury Car,genesis,g80,genesis_g80,g80,SC,SC,12251.0,361.0,0
2023-01-01,Mid Luxury EV Car,genesis,g80_ev,genesis_electrified_g80,g80_ev,SC,SC,2461.0,14.0,0
2023-01-01,Premium Luxury Car,genesis,g90,genesis_g90,g90,SC,SC,20365.0,283.0,0
2023-01-01,Entry Luxury EV SUV,genesis,gv60,genesis_gv60,gv60,SC,SC,6142.0,42.0,0
2023-01-01,Near Luxury SUV,genesis,gv70,genesis_gv70,gv70,SC,SC,41673.0,2341.0,0
2023-01-01,Near Luxury EV SUV,genesis,gv70_ev,genesis_electrified_gv70,gv70_ev,SC,SC,4727.0,3.0,0
2023-01-01,Mid Luxury SUV,genesis,gv80,genesis_gv80,gv80,SC,SC,89090.0,1651.0,0
2023-01-01,Mid Luxury SUV,genesis,gv80_coupe,genesis_gv80_coupe,gv80,SC,SC,0.0,0.0,
2023-01-01,Make Only,genesis,make_only,genesis_make_only,make_only,SC,SC,0.0,0.0,
2023-01-01,Brand,genesis,Total,genesis_Total,Total,SO,SO,242724.0,7471.0,0
2023-01-01,Unassigned,genesis,Unassigned,unassigned,Unassigned,SO,SO,,,
2023-01-01,Unassigned,genesis,Unassigned,Unassigned,Unassigned,SO,SO,0.0,0.0,
2023-01-01,Near Luxury Car,genesis,g70,genesis_g70,g70,SO,SO,26814.0,1119.0,0
2023-01-01,Mid Luxury Car,genesis,g80,genesis_g80,g80,SO,SO,15675.0,497.0,0
2023-01-01,Mid Luxury EV Car,genesis,g80_ev,genesis_electrified_g80,g80_ev,SO,SO,3213.0,34.0,0
2023-01-01,Premium Luxury Car,genesis,g90,genesis_g90,g90,SO,SO,24363.0,421.0,0
2023-01-01,Entry Luxury EV SUV,genesis,gv60,genesis_gv60,gv60,SO,SO,8259.0,42.0,0
2023-01-01,Near Luxury SUV,genesis,gv70,genesis_gv70,gv70,SO,SO,53588.0,3435.0,0
2023-01-01,Near Luxury EV SUV,genesis,gv70_ev,genesis_electrified_gv70,gv70_ev,SO,SO,6197.0,6.0,0
2023-01-01,Mid Luxury SUV,genesis,gv80,genesis_gv80,gv80,SO,SO,92907.0,1917.0,0
2023-01-01,Mid Luxury SUV,genesis,gv80_coupe,genesis_gv80_coupe,gv80,SO,SO,0.0,0.0,
2023-01-01,Make Only,genesis,make_only,genesis_make_only,make_only,SO,SO,0.0,0.0,
2023-01-01,Brand,genesis,Total,genesis_Total,Total,National,US,1787166.0,51392.0,0
2023-01-01,Unassigned,genesis,Unassigned,unassigned,Unassigned,National,US,,,
2023-01-01,Unassigned,genesis,Unassigned,Unassigned,Unassigned,National,US,0.0,0.0,
2023-01-01,Near Luxury Car,genesis,g70,genesis_g70,g70,National,US,197134.0,7082.0,0
2023-01-01,Mid Luxury Car,genesis,g80,genesis_g80,g80,National,US,106614.0,2999.0,0
2023-01-01,Mid Luxury EV Car,genesis,g80_ev,genesis_electrified_g80,g80_ev,National,US,45468.0,1741.0,0
2023-01-01,Premium Luxury Car,genesis,g90,genesis_g90,g90,National,US,163002.0,2353.0,0
2023-01-01,Entry Luxury EV SUV,genesis,gv60,genesis_gv60,gv60,National,US,85621.0,2339.0,0
2023-01-01,Near Luxury SUV,genesis,gv70,genesis_gv70,gv70,National,US,369159.0,21978.0,0
2023-01-01,Near Luxury EV SUV,genesis,gv70_ev,genesis_electrified_gv70,gv70_ev,National,US,55956.0,49.0,0
2023-01-01,Mid Luxury SUV,genesis,gv80,genesis_gv80,gv80,National,US,629306.0,12851.0,0
2023-01-01,Mid Luxury SUV,genesis,gv80_coupe,genesis_gv80_coupe,gv80,National,US,0.0,0.0,
2023-01-01,Make Only,genesis,make_only,genesis_make_only,make_only,National,US,0.0,0.0,
2023-01-01,Brand,genesis,Total,genesis_Total,Total,WE,WE,289950.0,9041.0,0
2023-01-01,Unassigned,genesis,Unassigned,Unassigned,Unassigned,WE,WE,0.0,0.0,
2023-01-01,Unassigned,genesis,Unassigned,unassigned,Unassigned,WE,WE,,,
2023-01-01,Near Luxury Car,genesis,g70,genesis_g70,g70,WE,WE,30597.0,1300.0,0
2023-01-01,Mid Luxury Car,genesis,g80,genesis_g80,g80,WE,WE,16247.0,500.0,0
2023-01-01,Mid Luxury EV Car,genesis,g80_ev,genesis_electrified_g80,g80_ev,WE,WE,14806.0,757.0,0
2023-01-01,Premium Luxury Car,genesis,g90,genesis_g90,g90,WE,WE,20353.0,302.0,0
2023-01-01,Entry Luxury EV SUV,genesis,gv60,genesis_gv60,gv60,WE,WE,23168.0,1067.0,0
2023-01-01,Near Luxury SUV,genesis,gv70,genesis_gv70,gv70,WE,WE,55424.0,3231.0,0
2023-01-01,Near Luxury EV SUV,genesis,gv70_ev,genesis_electrified_gv70,gv70_ev,WE,WE,13108.0,9.0,0
2023-01-01,Mid Luxury SUV,genesis,gv80,genesis_gv80,gv80,WE,WE,100165.0,1875.0,0
2023-01-01,Mid Luxury SUV,genesis,gv80_coupe,genesis_gv80_coupe,gv80,WE,WE,0.0,0.0,
2023-01-01,Make Only,genesis,make_only,genesis_make_only,make_only,WE,WE,0.0,0.0,
2023-02-01,Brand,genesis,Total,genesis_Total,Total,CE,CE,287117.0,1270.0,0
2023-02-01,Unassigned,genesis,Unassigned,Unassigned,Unassigned,CE,CE,0.0,0.0,
2023-02-01,Unassigned,genesis,Unassigned,unassigned,Unassigned,CE,CE,,,
2023-02-01,Near Luxury Car,genesis,g70,genesis_g70,g70,CE,CE,24954.0,163.0,0
2023-02-01,Mid Luxury Car,genesis,g80,genesis_g80,g80,CE,CE,16864.0,85.0,0
2023-02-01,Mid Luxury EV Car,genesis,g80_ev,genesis_electrified_g80,g80_ev,CE,CE,4734.0,144.0,0
2023-02-01,Premium Luxury Car,genesis,g90,genesis_g90,g90,CE,CE,25003.0,42.0,0
2023-02-01,Entry Luxury EV SUV,genesis,gv60,genesis_gv60,gv60,CE,CE,9162.0,13.0,0
2023-02-01,Near Luxury SUV,genesis,gv70,genesis_gv70,gv70,CE,CE,49223.0,499.0,0
2023-02-01,Near Luxury EV SUV,genesis,gv70_ev,genesis_electrified_gv70,gv70_ev,CE,CE,8066.0,0.0,0
2023-02-01,Mid Luxury SUV,genesis,gv80,genesis_gv80,gv80,CE,CE,124292.0,324.0,0
2023-02-01,Mid Luxury SUV,genesis,gv80_coupe,genesis_gv80_coupe,gv80,CE,CE,0.0,0.0,
2023-02-01,Make Only,genesis,make_only,genesis_make_only,make_only,CE,CE,0.0,0.0,
2023-02-01,Brand,genesis,Total,genesis_Total,Total,EA,EA,420008.0,2396.0,0
2023-02-01,Unassigned,genesis,Unassigned,Unassigned,Unassigned,EA,EA,0.0,0.0,
2023-02-01,Unassigned,genesis,Unassigned,unassigned,Unassigned,EA,EA,,,
2023-02-01,Near Luxury Car,genesis,g70,genesis_g70,g70,EA,EA,44260.0,239.0,0
2023-02-01,Mid Luxury Car,genesis,g80,genesis_g80,g80,EA,EA,25076.0,113.0,0
2023-02-01,Mid Luxury EV Car,genesis,g80_ev,genesis_electrified_g80,g80_ev,EA,EA,11021.0,563.0,0
2023-02-01,Premium Luxury Car,genesis,g90,genesis_g90,g90,EA,EA,33299.0,64.0,0
2023-02-01,Entry Luxury EV SUV,genesis,gv60,genesis_gv60,gv60,EA,EA,16636.0,82.0,0
2023-02-01,Near Luxury SUV,genesis,gv70,genesis_gv70,gv70,EA,EA,81008.0,851.0,0
2023-02-01,Near Luxury EV SUV,genesis,gv70_ev,genesis_electrified_gv70,gv70_ev,EA,EA,18804.0,0.0,0
2023-02-01,Mid Luxury SUV,genesis,gv80,genesis_gv80,gv80,EA,EA,152625.0,484.0,0
2023-02-01,Mid Luxury SUV,genesis,gv80_coupe,genesis_gv80_coupe,gv80,EA,EA,0.0,0.0,
2023-02-01,Make Only,genesis,make_only,genesis_make_only,make_only,EA,EA,0.0,0.0,
2023-02-01,Brand,genesis,Total,genesis_Total,Total,MA,MA,206317.0,895.0,0
2023-02-01,Unassigned,genesis,Unassigned,Unassigned,Unassigned,MA,MA,0.0,0.0,
2023-02-01,Unassigned,genesis,Unassigned,unassigned,Unassigned,MA,MA,,,
2023-02-01,Near Luxury Car,genesis,g70,genesis_g70,g70,MA,MA,21663.0,119.0,0
2023-02-01,Mid Luxury Car,genesis,g80,genesis_g80,g80,MA,MA,12630.0,57.0,0
2023-02-01,Mid Luxury EV Car,genesis,g80_ev,genesis_electrified_g80,g80_ev,MA,MA,4162.0,176.0,0
2023-02-01,Premium Luxury Car,genesis,g90,genesis_g90,g90,MA,MA,18173.0,24.0,0
2023-02-01,Entry Luxury EV SUV,genesis,gv60,genesis_gv60,gv60,MA,MA,6126.0,14.0,0
2023-02-01,Near Luxury SUV,genesis,gv70,genesis_gv70,gv70,MA,MA,37481.0,311.0,0
2023-02-01,Near Luxury EV SUV,genesis,gv70_ev,genesis_electrified_gv70,gv70_ev,MA,MA,6931.0,0.0,0
2023-02-01,Mid Luxury SUV,genesis,gv80,genesis_gv80,gv80,MA,MA,90503.0,194.0,0
2023-02-01,Mid Luxury SUV,genesis,gv80_coupe,genesis_gv80_coupe,gv80,MA,MA,0.0,0.0,
2023-02-01,Make Only,genesis,make_only,genesis_make_only,make_only,MA,MA,0.0,0.0,
2023-02-01,Brand,genesis,Total,genesis_Total,Total,MS,MS,146247.0,575.0,0
2023-02-01,Unassigned,genesis,Unassigned,Unassigned,Unassigned,MS,MS,0.0,0.0,
2023-02-01,Unassigned,genesis,Unassigned,unassigned,Unassigned,MS,MS,,,
2023-02-01,Near Luxury Car,genesis,g70,genesis_g70,g70,MS,MS,11354.0,79.0,0
2023-02-01,Mid Luxury Car,genesis,g80,genesis_g80,g80,MS,MS,7699.0,26.0,0
2023-02-01,Mid Luxury EV Car,genesis,g80_ev,genesis_electrified_g80,g80_ev,MS,MS,3770.0,156.0,0
2023-02-01,Premium Luxury Car,genesis,g90,genesis_g90,g90,MS,MS,13247.0,15.0,0
2023-02-01,Entry Luxury EV SUV,genesis,gv60,genesis_gv60,gv60,MS,MS,6522.0,29.0,0
2023-02-01,Near Luxury SUV,genesis,gv70,genesis_gv70,gv70,MS,MS,23207.0,154.0,0
2023-02-01,Near Luxury EV SUV,genesis,gv70_ev,genesis_electrified_gv70,gv70_ev,MS,MS,6238.0,0.0,0
2023-02-01,Mid Luxury SUV,genesis,gv80,genesis_gv80,gv80,MS,MS,62940.0,116.0,0
2023-02-01,Mid Luxury SUV,genesis,gv80_coupe,genesis_gv80_coupe,gv80,MS,MS,0.0,0.0,
2023-02-01,Make Only,genesis,make_only,genesis_make_only,make_only,MS,MS,0.0,0.0,
2023-02-01,Brand,genesis,Total,genesis_Total,Total,NH,NH,0.0,0.0,
2023-02-01,Unassigned,genesis,Unassigned,unassigned,Unassigned,NH,NH,,,
2023-02-01,Unassigned,genesis,Unassigned,Unassigned,Unassigned,NH,NH,0.0,0.0,
2023-02-01,Near Luxury Car,genesis,g70,genesis_g70,g70,NH,NH,0.0,0.0,
2023-02-01,Mid Luxury Car,genesis,g80,genesis_g80,g80,NH,NH,0.0,0.0,
2023-02-01,Mid Luxury EV Car,genesis,g80_ev,genesis_electrified_g80,g80_ev,NH,NH,0.0,0.0,
2023-02-01,Premium Luxury Car,genesis,g90,genesis_g90,g90,NH,NH,0.0,0.0,
2023-02-01,Entry Luxury EV SUV,genesis,gv60,genesis_gv60,gv60,NH,NH,0.0,0.0,
2023-02-01,Near Luxury SUV,genesis,gv70,genesis_gv70,gv70,NH,NH,0.0,0.0,
2023-02-01,Near Luxury EV SUV,genesis,gv70_ev,genesis_electrified_gv70,gv70_ev,NH,NH,0.0,0.0,
2023-02-01,Mid Luxury SUV,genesis,gv80,genesis_gv80,gv80,NH,NH,0.0,0.0,
2023-02-01,Mid Luxury SUV,genesis,gv80_coupe,genesis_gv80_coupe,gv80,NH,NH,0.0,0.0,
2023-02-01,Make Only,genesis,make_only,genesis_make_only,make_only,NH,NH,0.0,0.0,
2023-02-01,Brand,genesis,Total,genesis_Total,Total,SC,SC,223218.0,965.0,0
2023-02-01,Unassigned,genesis,Unassigned,Unassigned,Unassigned,SC,SC,0.0,0.0,
2023-02-01,Unassigned,genesis,Unassigned,unassigned,Unassigned,SC,SC,,,
2023-02-01,Near Luxury Car,genesis,g70,genesis_g70,g70,SC,SC,20055.0,135.0,0
2023-02-01,Mid Luxury Car,genesis,g80,genesis_g80,g80,SC,SC,13256.0,63.0,0
2023-02-01,Mid Luxury EV Car,genesis,g80_ev,genesis_electrified_g80,g80_ev,SC,SC,2671.0,84.0,0
2023-02-01,Premium Luxury Car,genesis,g90,genesis_g90,g90,SC,SC,19553.0,43.0,0
2023-02-01,Entry Luxury EV SUV,genesis,gv60,genesis_gv60,gv60,SC,SC,5305.0,13.0,0
2023-02-01,Near Luxury SUV,genesis,gv70,genesis_gv70,gv70,SC,SC,37311.0,334.0,0
2023-02-01,Near Luxury EV SUV,genesis,gv70_ev,genesis_electrified_gv70,gv70_ev,SC,SC,4720.0,0.0,0
2023-02-01,Mid Luxury SUV,genesis,gv80,genesis_gv80,gv80,SC,SC,116176.0,293.0,0
2023-02-01,Mid Luxury SUV,genesis,gv80_coupe,genesis_gv80_coupe,gv80,SC,SC,0.0,0.0,
2023-02-01,Make Only,genesis,make_only,genesis_make_only,make_only,SC,SC,0.0,0.0,
2023-02-01,Brand,genesis,Total,genesis_Total,Total,SO,SO,274792.0,1152.0,0
2023-02-01,Unassigned,genesis,Unassigned,unassigned,Unassigned,SO,SO,,,
2023-02-01,Unassigned,genesis,Unassigned,Unassigned,Unassigned,SO,SO,0.0,0.0,
2023-02-01,Near Luxury Car,genesis,g70,genesis_g70,g70,SO,SO,24810.0,145.0,0
2023-02-01,Mid Luxury Car,genesis,g80,genesis_g80,g80,SO,SO,17326.0,71.0,0
2023-02-01,Mid Luxury EV Car,genesis,g80_ev,genesis_electrified_g80,g80_ev,SO,SO,4414.0,150.0,0
2023-02-01,Premium Luxury Car,genesis,g90,genesis_g90,g90,SO,SO,25481.0,57.0,0
2023-02-01,Entry Luxury EV SUV,genesis,gv60,genesis_gv60,gv60,SO,SO,7164.0,8.0,0
2023-02-01,Near Luxury SUV,genesis,gv70,genesis_gv70,gv70,SO,SO,49890.0,416.0,0
2023-02-01,Near Luxury EV SUV,genesis,gv70_ev,genesis_electrified_gv70,gv70_ev,SO,SO,7645.0,0.0,0
2023-02-01,Mid Luxury SUV,genesis,gv80,genesis_gv80,gv80,SO,SO,129396.0,305.0,0
2023-02-01,Mid Luxury SUV,genesis,gv80_coupe,genesis_gv80_coupe,gv80,SO,SO,0.0,0.0,
2023-02-01,Make Only,genesis,make_only,genesis_make_only,make_only,SO,SO,0.0,0.0,
2023-02-01,Brand,genesis,Total,genesis_Total,Total,National,US,1965106.0,9509.0,0
2023-02-01,Unassigned,genesis,Unassigned,unassigned,Unassigned,National,US,,,
2023-02-01,Unassigned,genesis,Unassigned,Unassigned,Unassigned,National,US,0.0,0.0,
2023-02-01,Near Luxury Car,genesis,g70,genesis_g70,g70,National,US,186976.0,1089.0,0
2023-02-01,Mid Luxury Car,genesis,g80,genesis_g80,g80,National,US,116653.0,510.0,0
2023-02-01,Mid Luxury EV Car,genesis,g80_ev,genesis_electrified_g80,g80_ev,National,US,45073.0,2078.0,0
2023-02-01,Premium Luxury Car,genesis,g90,genesis_g90,g90,National,US,166849.0,317.0,0
2023-02-01,Entry Luxury EV SUV,genesis,gv60,genesis_gv60,gv60,National,US,74330.0,271.0,0
2023-02-01,Near Luxury SUV,genesis,gv70,genesis_gv70,gv70,National,US,343171.0,3142.0,0
2023-02-01,Near Luxury EV SUV,genesis,gv70_ev,genesis_electrified_gv70,gv70_ev,National,US,77156.0,1.0,0
2023-02-01,Mid Luxury SUV,genesis,gv80,genesis_gv80,gv80,National,US,825041.0,2101.0,0
2023-02-01,Mid Luxury SUV,genesis,gv80_coupe,genesis_gv80_coupe,gv80,National,US,0.0,0.0,
2023-02-01,Make Only,genesis,make_only,genesis_make_only,make_only,National,US,0.0,0.0,
2023-02-01,Brand,genesis,Total,genesis_Total,Total,WE,WE,324156.0,1997.0,0
2023-02-01,Unassigned,genesis,Unassigned,Unassigned,Unassigned,WE,WE,0.0,0.0,
2023-02-01,Unassigned,genesis,Unassigned,unassigned,Unassigned,WE,WE,,,
2023-02-01,Near Luxury Car,genesis,g70,genesis_g70,g70,WE,WE,31450.0,189.0,0
2023-02-01,Mid Luxury Car,genesis,g80,genesis_g80,g80,WE,WE,18219.0,87.0,0
2023-02-01,Mid Luxury EV Car,genesis,g80_ev,genesis_electrified_g80,g80_ev,WE,WE,12223.0,741.0,0
2023-02-01,Premium Luxury Car,genesis,g90,genesis_g90,g90,WE,WE,23414.0,63.0,0
2023-02-01,Entry Luxury EV SUV,genesis,gv60,genesis_gv60,gv60,WE,WE,19472.0,97.0,0
2023-02-01,Near Luxury SUV,genesis,gv70,genesis_gv70,gv70,WE,WE,53053.0,495.0,0
2023-02-01,Near Luxury EV SUV,genesis,gv70_ev,genesis_electrified_gv70,gv70_ev,WE,WE,21515.0,1.0,0
2023-02-01,Mid Luxury SUV,genesis,gv80,genesis_gv80,gv80,WE,WE,121958.0,324.0,0
2023-02-01,Mid Luxury SUV,genesis,gv80_coupe,genesis_gv80_coupe,gv80,WE,WE,0.0,0.0,
2023-02-01,Make Only,genesis,make_only,genesis_make_only,make_only,WE,WE,0.0,0.0,
2023-03-01,Brand,genesis,Total,genesis_Total,Total,CE,CE,284759.0,1337.0,0
2023-03-01,Unassigned,genesis,Unassigned,unassigned,Unassigned,CE,CE,,,
2023-03-01,Unassigned,genesis,Unassigned,Unassigned,Unassigned,CE,CE,0.0,0.0,
2023-03-01,Near Luxury Car,genesis,g70,genesis_g70,g70,CE,CE,31029.0,187.0,0
2023-03-01,Mid Luxury Car,genesis,g80,genesis_g80,g80,CE,CE,22837.0,93.0,0
2023-03-01,Mid Luxury EV Car,genesis,g80_ev,genesis_electrified_g80,g80_ev,CE,CE,4756.0,150.0,0
2023-03-01,Premium Luxury Car,genesis,g90,genesis_g90,g90,CE,CE,17852.0,40.0,0
2023-03-01,Entry Luxury EV SUV,genesis,gv60,genesis_gv60,gv60,CE,CE,7744.0,27.0,0
2023-03-01,Near Luxury SUV,genesis,gv70,genesis_gv70,gv70,CE,CE,81207.0,518.0,0
2023-03-01,Near Luxury EV SUV,genesis,gv70_ev,genesis_electrified_gv70,gv70_ev,CE,CE,13840.0,17.0,0
2023-03-01,Mid Luxury SUV,genesis,gv80,genesis_gv80,gv80,CE,CE,87356.0,305.0,0
2023-03-01,Mid Luxury SUV,genesis,gv80_coupe,genesis_gv80_coupe,gv80,CE,CE,0.0,0.0,
2023-03-01,Make Only,genesis,make_only,genesis_make_only,make_only,CE,CE,0.0,0.0,
2023-03-01,Brand,genesis,Total,genesis_Total,Total,EA,EA,400836.0,2499.0,0
2023-03-01,Unassigned,genesis,Unassigned,Unassigned,Unassigned,EA,EA,0.0,0.0,
2023-03-01,Unassigned,genesis,Unassigned,unassigned,Unassigned,EA,EA,,,
2023-03-01,Near Luxury Car,genesis,g70,genesis_g70,g70,EA,EA,55070.0,273.0,0
2023-03-01,Mid Luxury Car,genesis,g80,genesis_g80,g80,EA,EA,30001.0,136.0,0
2023-03-01,Mid Luxury EV Car,genesis,g80_ev,genesis_electrified_g80,g80_ev,EA,EA,8912.0,511.0,0
2023-03-01,Premium Luxury Car,genesis,g90,genesis_g90,g90,EA,EA,25340.0,72.0,0
2023-03-01,Entry Luxury EV SUV,genesis,gv60,genesis_gv60,gv60,EA,EA,15106.0,82.0,0
2023-03-01,Near Luxury SUV,genesis,gv70,genesis_gv70,gv70,EA,EA,108975.0,915.0,0
2023-03-01,Near Luxury EV SUV,genesis,gv70_ev,genesis_electrified_gv70,gv70_ev,EA,EA,23458.0,38.0,0
2023-03-01,Mid Luxury SUV,genesis,gv80,genesis_gv80,gv80,EA,EA,107371.0,472.0,0
2023-03-01,Mid Luxury SUV,genesis,gv80_coupe,genesis_gv80_coupe,gv80,EA,EA,0.0,0.0,
2023-03-01,Make Only,genesis,make_only,genesis_make_only,make_only,EA,EA,0.0,0.0,
2023-03-01,Brand,genesis,Total,genesis_Total,Total,MA,MA,195093.0,930.0,0
2023-03-01,Unassigned,genesis,Unassigned,unassigned,Unassigned,MA,MA,,,
2023-03-01,Unassigned,genesis,Unassigned,Unassigned,Unassigned,MA,MA,0.0,0.0,
2023-03-01,Near Luxury Car,genesis,g70,genesis_g70,g70,MA,MA,23993.0,109.0,0
2023-03-01,Mid Luxury Car,genesis,g80,genesis_g80,g80,MA,MA,17415.0,62.0,0
2023-03-01,Mid Luxury EV Car,genesis,g80_ev,genesis_electrified_g80,g80_ev,MA,MA,4224.0,230.0,0
2023-03-01,Premium Luxury Car,genesis,g90,genesis_g90,g90,MA,MA,13030.0,42.0,0
2023-03-01,Entry Luxury EV SUV,genesis,gv60,genesis_gv60,gv60,MA,MA,5839.0,29.0,0
2023-03-01,Near Luxury SUV,genesis,gv70,genesis_gv70,gv70,MA,MA,56204.0,274.0,0
2023-03-01,Near Luxury EV SUV,genesis,gv70_ev,genesis_electrified_gv70,gv70_ev,MA,MA,9993.0,9.0,0
2023-03-01,Mid Luxury SUV,genesis,gv80,genesis_gv80,gv80,MA,MA,59589.0,175.0,0
2023-03-01,Mid Luxury SUV,genesis,gv80_coupe,genesis_gv80_coupe,gv80,MA,MA,0.0,0.0,
2023-03-01,Make Only,genesis,make_only,genesis_make_only,make_only,MA,MA,0.0,0.0,
2023-03-01,Brand,genesis,Total,genesis_Total,Total,MS,MS,159337.0,600.0,0
2023-03-01,Unassigned,genesis,Unassigned,Unassigned,Unassigned,MS,MS,0.0,0.0,
2023-03-01,Unassigned,genesis,Unassigned,unassigned,Unassigned,MS,MS,,,
2023-03-01,Near Luxury Car,genesis,g70,genesis_g70,g70,MS,MS,18345.0,76.0,0
2023-03-01,Mid Luxury Car,genesis,g80,genesis_g80,g80,MS,MS,12486.0,37.0,0
2023-03-01,Mid Luxury EV Car,genesis,g80_ev,genesis_electrified_g80,g80_ev,MS,MS,3977.0,152.0,0
2023-03-01,Premium Luxury Car,genesis,g90,genesis_g90,g90,MS,MS,9221.0,15.0,0
2023-03-01,Entry Luxury EV SUV,genesis,gv60,genesis_gv60,gv60,MS,MS,6332.0,25.0,0
2023-03-01,Near Luxury SUV,genesis,gv70,genesis_gv70,gv70,MS,MS,45392.0,165.0,0
2023-03-01,Near Luxury EV SUV,genesis,gv70_ev,genesis_electrified_gv70,gv70_ev,MS,MS,7574.0,10.0,0
2023-03-01,Mid Luxury SUV,genesis,gv80,genesis_gv80,gv80,MS,MS,46606.0,120.0,0
2023-03-01,Mid Luxury SUV,genesis,gv80_coupe,genesis_gv80_coupe,gv80,MS,MS,0.0,0.0,
2023-03-01,Make Only,genesis,make_only,genesis_make_only,make_only,MS,MS,0.0,0.0,
2023-03-01,Brand,genesis,Total,genesis_Total,Total,NH,NH,0.0,0.0,
2023-03-01,Unassigned,genesis,Unassigned,Unassigned,Unassigned,NH,NH,0.0,0.0,
2023-03-01,Unassigned,genesis,Unassigned,unassigned,Unassigned,NH,NH,,,
2023-03-01,Near Luxury Car,genesis,g70,genesis_g70,g70,NH,NH,0.0,0.0,
2023-03-01,Mid Luxury Car,genesis,g80,genesis_g80,g80,NH,NH,0.0,0.0,
2023-03-01,Mid Luxury EV Car,genesis,g80_ev,genesis_electrified_g80,g80_ev,NH,NH,0.0,0.0,
2023-03-01,Premium Luxury Car,genesis,g90,genesis_g90,g90,NH,NH,0.0,0.0,
2023-03-01,Entry Luxury EV SUV,genesis,gv60,genesis_gv60,gv60,NH,NH,0.0,0.0,
2023-03-01,Near Luxury SUV,genesis,gv70,genesis_gv70,gv70,NH,NH,0.0,0.0,
2023-03-01,Near Luxury EV SUV,genesis,gv70_ev,genesis_electrified_gv70,gv70_ev,NH,NH,0.0,0.0,
2023-03-01,Mid Luxury SUV,genesis,gv80,genesis_gv80,gv80,NH,NH,0.0,0.0,
2023-03-01,Mid Luxury SUV,genesis,gv80_coupe,genesis_gv80_coupe,gv80,NH,NH,0.0,0.0,
2023-03-01,Make Only,genesis,make_only,genesis_make_only,make_only,NH,NH,0.0,0.0,
2023-03-01,Brand,genesis,Total,genesis_Total,Total,SC,SC,225722.0,938.0,0
2023-03-01,Unassigned,genesis,Unassigned,unassigned,Unassigned,SC,SC,,,
2023-03-01,Unassigned,genesis,Unassigned,Unassigned,Unassigned,SC,SC,0.0,0.0,
2023-03-01,Near Luxury Car,genesis,g70,genesis_g70,g70,SC,SC,26442.0,142.0,0
2023-03-01,Mid Luxury Car,genesis,g80,genesis_g80,g80,SC,SC,19139.0,74.0,0
2023-03-01,Mid Luxury EV Car,genesis,g80_ev,genesis_electrified_g80,g80_ev,SC,SC,4257.0,92.0,0
2023-03-01,Premium Luxury Car,genesis,g90,genesis_g90,g90,SC,SC,13932.0,28.0,0
2023-03-01,Entry Luxury EV SUV,genesis,gv60,genesis_gv60,gv60,SC,SC,6201.0,20.0,0
2023-03-01,Near Luxury SUV,genesis,gv70,genesis_gv70,gv70,SC,SC,67092.0,338.0,0
2023-03-01,Near Luxury EV SUV,genesis,gv70_ev,genesis_electrified_gv70,gv70_ev,SC,SC,9055.0,10.0,0
2023-03-01,Mid Luxury SUV,genesis,gv80,genesis_gv80,gv80,SC,SC,79798.0,234.0,0
2023-03-01,Mid Luxury SUV,genesis,gv80_coupe,genesis_gv80_coupe,gv80,SC,SC,0.0,0.0,
2023-03-01,Make Only,genesis,make_only,genesis_make_only,make_only,SC,SC,0.0,0.0,
2023-03-01,Brand,genesis,Total,genesis_Total,Total,SO,SO,263190.0,1223.0,0
2023-03-01,Unassigned,genesis,Unassigned,Unassigned,Unassigned,SO,SO,0.0,0.0,
2023-03-01,Unassigned,genesis,Unassigned,unassigned,Unassigned,SO,SO,,,
2023-03-01,Near Luxury Car,genesis,g70,genesis_g70,g70,SO,SO,30594.0,181.0,0
2023-03-01,Mid Luxury Car,genesis,g80,genesis_g80,g80,SO,SO,23707.0,105.0,0
2023-03-01,Mid Luxury EV Car,genesis,g80_ev,genesis_electrified_g80,g80_ev,SO,SO,4791.0,168.0,0
2023-03-01,Premium Luxury Car,genesis,g90,genesis_g90,g90,SO,SO,17915.0,49.0,0
2023-03-01,Entry Luxury EV SUV,genesis,gv60,genesis_gv60,gv60,SO,SO,7376.0,17.0,0
2023-03-01,Near Luxury SUV,genesis,gv70,genesis_gv70,gv70,SO,SO,80181.0,433.0,0
2023-03-01,Near Luxury EV SUV,genesis,gv70_ev,genesis_electrified_gv70,gv70_ev,SO,SO,11865.0,14.0,0
2023-03-01,Mid Luxury SUV,genesis,gv80,genesis_gv80,gv80,SO,SO,83499.0,256.0,0
2023-03-01,Mid Luxury SUV,genesis,gv80_coupe,genesis_gv80_coupe,gv80,SO,SO,0.0,0.0,
2023-03-01,Make Only,genesis,make_only,genesis_make_only,make_only,SO,SO,0.0,0.0,
2023-03-01,Brand,genesis,Total,genesis_Total,Total,National,US,1894044.0,9729.0,0
2023-03-01,Unassigned,genesis,Unassigned,unassigned,Unassigned,National,US,,,
2023-03-01,Unassigned,genesis,Unassigned,Unassigned,Unassigned,National,US,0.0,0.0,
2023-03-01,Near Luxury Car,genesis,g70,genesis_g70,g70,National,US,228532.0,1227.0,0
2023-03-01,Mid Luxury Car,genesis,g80,genesis_g80,g80,National,US,152373.0,635.0,0
2023-03-01,Mid Luxury EV Car,genesis,g80_ev,genesis_electrified_g80,g80_ev,National,US,42988.0,2010.0,0
2023-03-01,Premium Luxury Car,genesis,g90,genesis_g90,g90,National,US,123823.0,305.0,0
2023-03-01,Entry Luxury EV SUV,genesis,gv60,genesis_gv60,gv60,National,US,69789.0,309.0,0
2023-03-01,Near Luxury SUV,genesis,gv70,genesis_gv70,gv70,National,US,521168.0,3216.0,0
2023-03-01,Near Luxury EV SUV,genesis,gv70_ev,genesis_electrified_gv70,gv70_ev,National,US,104914.0,143.0,0
2023-03-01,Mid Luxury SUV,genesis,gv80,genesis_gv80,gv80,National,US,575322.0,1884.0,0
2023-03-01,Mid Luxury SUV,genesis,gv80_coupe,genesis_gv80_coupe,gv80,National,US,0.0,0.0,
2023-03-01,Make Only,genesis,make_only,genesis_make_only,make_only,National,US,0.0,0.0,
2023-03-01,Brand,genesis,Total,genesis_Total,Total,WE,WE,282282.0,1970.0,0
2023-03-01,Unassigned,genesis,Unassigned,unassigned,Unassigned,WE,WE,,,
2023-03-01,Unassigned,genesis,Unassigned,Unassigned,Unassigned,WE,WE,0.0,0.0,
2023-03-01,Near Luxury Car,genesis,g70,genesis_g70,g70,WE,WE,33852.0,234.0,0
2023-03-01,Mid Luxury Car,genesis,g80,genesis_g80,g80,WE,WE,21172.0,112.0,0
2023-03-01,Mid Luxury EV Car,genesis,g80_ev,genesis_electrified_g80,g80_ev,WE,WE,10132.0,644.0,0
2023-03-01,Premium Luxury Car,genesis,g90,genesis_g90,g90,WE,WE,17237.0,49.0,0
2023-03-01,Entry Luxury EV SUV,genesis,gv60,genesis_gv60,gv60,WE,WE,17773.0,104.0,0
2023-03-01,Near Luxury SUV,genesis,gv70,genesis_gv70,gv70,WE,WE,67795.0,500.0,0
2023-03-01,Near Luxury EV SUV,genesis,gv70_ev,genesis_electrified_gv70,gv70_ev,WE,WE,24779.0,42.0,0
2023-03-01,Mid Luxury SUV,genesis,gv80,genesis_gv80,gv80,WE,WE,84557.0,285.0,0
2023-03-01,Mid Luxury SUV,genesis,gv80_coupe,genesis_gv80_coupe,gv80,WE,WE,0.0,0.0,
2023-03-01,Make Only,genesis,make_only,genesis_make_only,make_only,WE,WE,0.0,0.0,
2023-04-01,Brand,genesis,Total,genesis_Total,Total,CE,CE,346844.0,1425.0,0
2023-04-01,Unassigned,genesis,Unassigned,Unassigned,Unassigned,CE,CE,0.0,0.0,
2023-04-01,Unassigned,genesis,Unassigned,unassigned,Unassigned,CE,CE,,,
2023-04-01,Near Luxury Car,genesis,g70,genesis_g70,g70,CE,CE,33125.0,147.0,0
2023-04-01,Mid Luxury Car,genesis,g80,genesis_g80,g80,CE,CE,18724.0,93.0,0
2023-04-01,Mid Luxury EV Car,genesis,g80_ev,genesis_electrified_g80,g80_ev,CE,CE,6035.0,209.0,0
2023-04-01,Premium Luxury Car,genesis,g90,genesis_g90,g90,CE,CE,18567.0,49.0,0
2023-04-01,Entry Luxury EV SUV,genesis,gv60,genesis_gv60,gv60,CE,CE,9749.0,30.0,0
2023-04-01,Near Luxury SUV,genesis,gv70,genesis_gv70,gv70,CE,CE,140991.0,516.0,0
2023-04-01,Near Luxury EV SUV,genesis,gv70_ev,genesis_electrified_gv70,gv70_ev,CE,CE,33158.0,60.0,0
2023-04-01,Mid Luxury SUV,genesis,gv80,genesis_gv80,gv80,CE,CE,60549.0,321.0,0
2023-04-01,Mid Luxury SUV,genesis,gv80_coupe,genesis_gv80_coupe,gv80,CE,CE,0.0,0.0,
2023-04-01,Make Only,genesis,make_only,genesis_make_only,make_only,CE,CE,0.0,0.0,
2023-04-01,Brand,genesis,Total,genesis_Total,Total,EA,EA,469790.0,2907.0,0
2023-04-01,Unassigned,genesis,Unassigned,unassigned,Unassigned,EA,EA,,,
2023-04-01,Unassigned,genesis,Unassigned,Unassigned,Unassigned,EA,EA,0.0,0.0,
2023-04-01,Near Luxury Car,genesis,g70,genesis_g70,g70,EA,EA,55067.0,252.0,0
2023-04-01,Mid Luxury Car,genesis,g80,genesis_g80,g80,EA,EA,25961.0,155.0,0
2023-04-01,Mid Luxury EV Car,genesis,g80_ev,genesis_electrified_g80,g80_ev,EA,EA,9952.0,597.0,0
2023-04-01,Premium Luxury Car,genesis,g90,genesis_g90,g90,EA,EA,26936.0,93.0,0
2023-04-01,Entry Luxury EV SUV,genesis,gv60,genesis_gv60,gv60,EA,EA,19012.0,104.0,0
2023-04-01,Near Luxury SUV,genesis,gv70,genesis_gv70,gv70,EA,EA,157137.0,1016.0,0
2023-04-01,Near Luxury EV SUV,genesis,gv70_ev,genesis_electrified_gv70,gv70_ev,EA,EA,50091.0,139.0,0
2023-04-01,Mid Luxury SUV,genesis,gv80,genesis_gv80,gv80,EA,EA,87738.0,551.0,0
2023-04-01,Mid Luxury SUV,genesis,gv80_coupe,genesis_gv80_coupe,gv80,EA,EA,0.0,0.0,
2023-04-01,Make Only,genesis,make_only,genesis_make_only,make_only,EA,EA,0.0,0.0,
2023-04-01,Brand,genesis,Total,genesis_Total,Total,MA,MA,231304.0,1009.0,0
2023-04-01,Unassigned,genesis,Unassigned,Unassigned,Unassigned,MA,MA,0.0,0.0,
2023-04-01,Unassigned,genesis,Unassigned,unassigned,Unassigned,MA,MA,,,
2023-04-01,Near Luxury Car,genesis,g70,genesis_g70,g70,MA,MA,22830.0,74.0,0
2023-04-01,Mid Luxury Car,genesis,g80,genesis_g80,g80,MA,MA,12879.0,59.0,0
2023-04-01,Mid Luxury EV Car,genesis,g80_ev,genesis_electrified_g80,g80_ev,MA,MA,4769.0,281.0,0
2023-04-01,Premium Luxury Car,genesis,g90,genesis_g90,g90,MA,MA,13282.0,26.0,0
2023-04-01,Entry Luxury EV SUV,genesis,gv60,genesis_gv60,gv60,MA,MA,7411.0,53.0,0
2023-04-01,Near Luxury SUV,genesis,gv70,genesis_gv70,gv70,MA,MA,95916.0,279.0,0
2023-04-01,Near Luxury EV SUV,genesis,gv70_ev,genesis_electrified_gv70,gv70_ev,MA,MA,27610.0,63.0,0
2023-04-01,Mid Luxury SUV,genesis,gv80,genesis_gv80,gv80,MA,MA,34620.0,174.0,0
2023-04-01,Mid Luxury SUV,genesis,gv80_coupe,genesis_gv80_coupe,gv80,MA,MA,0.0,0.0,
2023-04-01,Make Only,genesis,make_only,genesis_make_only,make_only,MA,MA,0.0,0.0,
2023-04-01,Brand,genesis,Total,genesis_Total,Total,MS,MS,173741.0,624.0,0
2023-04-01,Unassigned,genesis,Unassigned,unassigned,Unassigned,MS,MS,,,
2023-04-01,Unassigned,genesis,Unassigned,Unassigned,Unassigned,MS,MS,0.0,0.0,
2023-04-01,Near Luxury Car,genesis,g70,genesis_g70,g70,MS,MS,13083.0,71.0,0
2023-04-01,Mid Luxury Car,genesis,g80,genesis_g80,g80,MS,MS,8391.0,27.0,0
2023-04-01,Mid Luxury EV Car,genesis,g80_ev,genesis_electrified_g80,g80_ev,MS,MS,3415.0,149.0,0
2023-04-01,Premium Luxury Car,genesis,g90,genesis_g90,g90,MS,MS,8171.0,17.0,0
2023-04-01,Entry Luxury EV SUV,genesis,gv60,genesis_gv60,gv60,MS,MS,5976.0,28.0,0
2023-04-01,Near Luxury SUV,genesis,gv70,genesis_gv70,gv70,MS,MS,82089.0,176.0,0
2023-04-01,Near Luxury EV SUV,genesis,gv70_ev,genesis_electrified_gv70,gv70_ev,MS,MS,18142.0,35.0,0
2023-04-01,Mid Luxury SUV,genesis,gv80,genesis_gv80,gv80,MS,MS,22665.0,121.0,0
2023-04-01,Mid Luxury SUV,genesis,gv80_coupe,genesis_gv80_coupe,gv80,MS,MS,0.0,0.0,
2023-04-01,Make Only,genesis,make_only,genesis_make_only,make_only,MS,MS,0.0,0.0,
2023-04-01,Brand,genesis,Total,genesis_Total,Total,NH,NH,0.0,0.0,
2023-04-01,Unassigned,genesis,Unassigned,Unassigned,Unassigned,NH,NH,0.0,0.0,
2023-04-01,Unassigned,genesis,Unassigned,unassigned,Unassigned,NH,NH,,,
2023-04-01,Near Luxury Car,genesis,g70,genesis_g70,g70,NH,NH,0.0,0.0,
2023-04-01,Mid Luxury Car,genesis,g80,genesis_g80,g80,NH,NH,0.0,0.0,
2023-04-01,Mid Luxury EV Car,genesis,g80_ev,genesis_electrified_g80,g80_ev,NH,NH,0.0,0.0,
2023-04-01,Premium Luxury Car,genesis,g90,genesis_g90,g90,NH,NH,0.0,0.0,
2023-04-01,Entry Luxury EV SUV,genesis,gv60,genesis_gv60,gv60,NH,NH,0.0,0.0,
2023-04-01,Near Luxury SUV,genesis,gv70,genesis_gv70,gv70,NH,NH,0.0,0.0,
2023-04-01,Near Luxury EV SUV,genesis,gv70_ev,genesis_electrified_gv70,gv70_ev,NH,NH,0.0,0.0,
2023-04-01,Mid Luxury SUV,genesis,gv80,genesis_gv80,gv80,NH,NH,0.0,0.0,
2023-04-01,Mid Luxury SUV,genesis,gv80_coupe,genesis_gv80_coupe,gv80,NH,NH,0.0,0.0,
2023-04-01,Make Only,genesis,make_only,genesis_make_only,make_only,NH,NH,0.0,0.0,
2023-04-01,Brand,genesis,Total,genesis_Total,Total,SC,SC,272325.0,944.0,0
2023-04-01,Unassigned,genesis,Unassigned,unassigned,Unassigned,SC,SC,,,
2023-04-01,Unassigned,genesis,Unassigned,Unassigned,Unassigned,SC,SC,0.0,0.0,
2023-04-01,Near Luxury Car,genesis,g70,genesis_g70,g70,SC,SC,24550.0,94.0,0
2023-04-01,Mid Luxury Car,genesis,g80,genesis_g80,g80,SC,SC,14349.0,63.0,0
2023-04-01,Mid Luxury EV Car,genesis,g80_ev,genesis_electrified_g80,g80_ev,SC,SC,3914.0,158.0,0
2023-04-01,Premium Luxury Car,genesis,g90,genesis_g90,g90,SC,SC,14165.0,30.0,0
2023-04-01,Entry Luxury EV SUV,genesis,gv60,genesis_gv60,gv60,SC,SC,6739.0,37.0,0
2023-04-01,Near Luxury SUV,genesis,gv70,genesis_gv70,gv70,SC,SC,129729.0,315.0,0
2023-04-01,Near Luxury EV SUV,genesis,gv70_ev,genesis_electrified_gv70,gv70_ev,SC,SC,29874.0,49.0,0
2023-04-01,Mid Luxury SUV,genesis,gv80,genesis_gv80,gv80,SC,SC,41661.0,198.0,0
2023-04-01,Mid Luxury SUV,genesis,gv80_coupe,genesis_gv80_coupe,gv80,SC,SC,0.0,0.0,
2023-04-01,Make Only,genesis,make_only,genesis_make_only,make_only,SC,SC,0.0,0.0,
2023-04-01,Brand,genesis,Total,genesis_Total,Total,SO,SO,310322.0,1326.0,0
2023-04-01,Unassigned,genesis,Unassigned,Unassigned,Unassigned,SO,SO,0.0,0.0,
2023-04-01,Unassigned,genesis,Unassigned,unassigned,Unassigned,SO,SO,,,
2023-04-01,Near Luxury Car,genesis,g70,genesis_g70,g70,SO,SO,26866.0,139.0,0
2023-04-01,Mid Luxury Car,genesis,g80,genesis_g80,g80,SO,SO,18722.0,101.0,0
2023-04-01,Mid Luxury EV Car,genesis,g80_ev,genesis_electrified_g80,g80_ev,SO,SO,4014.0,228.0,0
2023-04-01,Premium Luxury Car,genesis,g90,genesis_g90,g90,SO,SO,19721.0,50.0,0
2023-04-01,Entry Luxury EV SUV,genesis,gv60,genesis_gv60,gv60,SO,SO,6618.0,36.0,0
2023-04-01,Near Luxury SUV,genesis,gv70,genesis_gv70,gv70,SO,SO,144702.0,408.0,0
2023-04-01,Near Luxury EV SUV,genesis,gv70_ev,genesis_electrified_gv70,gv70_ev,SO,SO,32048.0,52.0,0
2023-04-01,Mid Luxury SUV,genesis,gv80,genesis_gv80,gv80,SO,SO,47587.0,312.0,0
2023-04-01,Mid Luxury SUV,genesis,gv80_coupe,genesis_gv80_coupe,gv80,SO,SO,0.0,0.0,
2023-04-01,Make Only,genesis,make_only,genesis_make_only,make_only,SO,SO,0.0,0.0,
2023-04-01,Brand,genesis,Total,genesis_Total,Total,National,US,2204784.0,10680.0,0
2023-04-01,Unassigned,genesis,Unassigned,unassigned,Unassigned,National,US,,,
2023-04-01,Unassigned,genesis,Unassigned,Unassigned,Unassigned,National,US,0.0,0.0,
2023-04-01,Near Luxury Car,genesis,g70,genesis_g70,g70,National,US,216100.0,984.0,0
2023-04-01,Mid Luxury Car,genesis,g80,genesis_g80,g80,National,US,121541.0,623.0,0
2023-04-01,Mid Luxury EV Car,genesis,g80_ev,genesis_electrified_g80,g80_ev,National,US,44857.0,2371.0,0
2023-04-01,Premium Luxury Car,genesis,g90,genesis_g90,g90,National,US,126277.0,329.0,0
2023-04-01,Entry Luxury EV SUV,genesis,gv60,genesis_gv60,gv60,National,US,79143.0,439.0,0
2023-04-01,Near Luxury SUV,genesis,gv70,genesis_gv70,gv70,National,US,869014.0,3336.0,0
2023-04-01,Near Luxury EV SUV,genesis,gv70_ev,genesis_electrified_gv70,gv70_ev,National,US,245431.0,584.0,0
2023-04-01,Mid Luxury SUV,genesis,gv80,genesis_gv80,gv80,National,US,376003.0,2014.0,0
2023-04-01,Mid Luxury SUV,genesis,gv80_coupe,genesis_gv80_coupe,gv80,National,US,0.0,0.0,
2023-04-01,Make Only,genesis,make_only,genesis_make_only,make_only,National,US,0.0,0.0,
2023-04-01,Brand,genesis,Total,genesis_Total,Total,WE,WE,309698.0,2166.0,0
2023-04-01,Unassigned,genesis,Unassigned,unassigned,Unassigned,WE,WE,,,
2023-04-01,Unassigned,genesis,Unassigned,Unassigned,Unassigned,WE,WE,0.0,0.0,
2023-04-01,Near Luxury Car,genesis,g70,genesis_g70,g70,WE,WE,31578.0,183.0,0
2023-04-01,Mid Luxury Car,genesis,g80,genesis_g80,g80,WE,WE,17273.0,114.0,0
2023-04-01,Mid Luxury EV Car,genesis,g80_ev,genesis_electrified_g80,g80_ev,WE,WE,10549.0,671.0,0
2023-04-01,Premium Luxury Car,genesis,g90,genesis_g90,g90,WE,WE,17268.0,53.0,0
2023-04-01,Entry Luxury EV SUV,genesis,gv60,genesis_gv60,gv60,WE,WE,19715.0,134.0,0
2023-04-01,Near Luxury SUV,genesis,gv70,genesis_gv70,gv70,WE,WE,101211.0,555.0,0
2023-04-01,Near Luxury EV SUV,genesis,gv70_ev,genesis_electrified_gv70,gv70_ev,WE,WE,47079.0,162.0,0
2023-04-01,Mid Luxury SUV,genesis,gv80,genesis_gv80,gv80,WE,WE,51808.0,294.0,0
2023-04-01,Mid Luxury SUV,genesis,gv80_coupe,genesis_gv80_coupe,gv80,WE,WE,0.0,0.0,
2023-04-01,Make Only,genesis,make_only,genesis_make_only,make_only,WE,WE,0.0,0.0,
2023-05-01,Brand,genesis,Total,genesis_Total,Total,CE,CE,311525.0,1710.0,0
2023-05-01,Unassigned,genesis,Unassigned,unassigned,Unassigned,CE,CE,,,
2023-05-01,Unassigned,genesis,Unassigned,Unassigned,Unassigned,CE,CE,0.0,0.0,
2023-05-01,Near Luxury Car,genesis,g70,genesis_g70,g70,CE,CE,29625.0,198.0,0
2023-05-01,Mid Luxury Car,genesis,g80,genesis_g80,g80,CE,CE,19160.0,107.0,0
2023-05-01,Mid Luxury EV Car,genesis,g80_ev,genesis_electrified_g80,g80_ev,CE,CE,4329.0,162.0,0
2023-05-01,Premium Luxury Car,genesis,g90,genesis_g90,g90,CE,CE,19829.0,60.0,0
2023-05-01,Entry Luxury EV SUV,genesis,gv60,genesis_gv60,gv60,CE,CE,8444.0,55.0,0
2023-05-01,Near Luxury SUV,genesis,gv70,genesis_gv70,gv70,CE,CE,119474.0,600.0,0
2023-05-01,Near Luxury EV SUV,genesis,gv70_ev,genesis_electrified_gv70,gv70_ev,CE,CE,26660.0,116.0,0
2023-05-01,Mid Luxury SUV,genesis,gv80,genesis_gv80,gv80,CE,CE,59088.0,412.0,0
2023-05-01,Mid Luxury SUV,genesis,gv80_coupe,genesis_gv80_coupe,gv80,CE,CE,0.0,0.0,
2023-05-01,Make Only,genesis,make_only,genesis_make_only,make_only,CE,CE,0.0,0.0,
2023-05-01,Brand,genesis,Total,genesis_Total,Total,EA,EA,460810.0,3497.0,0
2023-05-01,Unassigned,genesis,Unassigned,unassigned,Unassigned,EA,EA,,,
2023-05-01,Unassigned,genesis,Unassigned,Unassigned,Unassigned,EA,EA,0.0,0.0,
2023-05-01,Near Luxury Car,genesis,g70,genesis_g70,g70,EA,EA,63710.0,406.0,0
2023-05-01,Mid Luxury Car,genesis,g80,genesis_g80,g80,EA,EA,26802.0,177.0,0
2023-05-01,Mid Luxury EV Car,genesis,g80_ev,genesis_electrified_g80,g80_ev,EA,EA,8177.0,452.0,0
2023-05-01,Premium Luxury Car,genesis,g90,genesis_g90,g90,EA,EA,27430.0,110.0,0
2023-05-01,Entry Luxury EV SUV,genesis,gv60,genesis_gv60,gv60,EA,EA,18254.0,178.0,0
2023-05-01,Near Luxury SUV,genesis,gv70,genesis_gv70,gv70,EA,EA,137036.0,1238.0,0
2023-05-01,Near Luxury EV SUV,genesis,gv70_ev,genesis_electrified_gv70,gv70_ev,EA,EA,45693.0,319.0,0
2023-05-01,Mid Luxury SUV,genesis,gv80,genesis_gv80,gv80,EA,EA,91984.0,617.0,0
2023-05-01,Mid Luxury SUV,genesis,gv80_coupe,genesis_gv80_coupe,gv80,EA,EA,0.0,0.0,
2023-05-01,Make Only,genesis,make_only,genesis_make_only,make_only,EA,EA,0.0,0.0,
2023-05-01,Brand,genesis,Total,genesis_Total,Total,MA,MA,214926.0,1285.0,0
2023-05-01,Unassigned,genesis,Unassigned,Unassigned,Unassigned,MA,MA,0.0,0.0,
2023-05-01,Unassigned,genesis,Unassigned,unassigned,Unassigned,MA,MA,,,
2023-05-01,Near Luxury Car,genesis,g70,genesis_g70,g70,MA,MA,22128.0,130.0,0
2023-05-01,Mid Luxury Car,genesis,g80,genesis_g80,g80,MA,MA,14065.0,65.0,0
2023-05-01,Mid Luxury EV Car,genesis,g80_ev,genesis_electrified_g80,g80_ev,MA,MA,3559.0,212.0,0
2023-05-01,Premium Luxury Car,genesis,g90,genesis_g90,g90,MA,MA,14627.0,53.0,0
2023-05-01,Entry Luxury EV SUV,genesis,gv60,genesis_gv60,gv60,MA,MA,7244.0,77.0,0
2023-05-01,Near Luxury SUV,genesis,gv70,genesis_gv70,gv70,MA,MA,82262.0,389.0,0
2023-05-01,Near Luxury EV SUV,genesis,gv70_ev,genesis_electrified_gv70,gv70_ev,MA,MA,24658.0,146.0,0
2023-05-01,Mid Luxury SUV,genesis,gv80,genesis_gv80,gv80,MA,MA,37979.0,213.0,0
2023-05-01,Mid Luxury SUV,genesis,gv80_coupe,genesis_gv80_coupe,gv80,MA,MA,0.0,0.0,
2023-05-01,Make Only,genesis,make_only,genesis_make_only,make_only,MA,MA,0.0,0.0,
2023-05-01,Brand,genesis,Total,genesis_Total,Total,MS,MS,167603.0,748.0,0
2023-05-01,Unassigned,genesis,Unassigned,unassigned,Unassigned,MS,MS,,,
2023-05-01,Unassigned,genesis,Unassigned,Unassigned,Unassigned,MS,MS,0.0,0.0,
2023-05-01,Near Luxury Car,genesis,g70,genesis_g70,g70,MS,MS,13935.0,92.0,0
2023-05-01,Mid Luxury Car,genesis,g80,genesis_g80,g80,MS,MS,8941.0,41.0,0
2023-05-01,Mid Luxury EV Car,genesis,g80_ev,genesis_electrified_g80,g80_ev,MS,MS,2604.0,102.0,0
2023-05-01,Premium Luxury Car,genesis,g90,genesis_g90,g90,MS,MS,9487.0,13.0,0
2023-05-01,Entry Luxury EV SUV,genesis,gv60,genesis_gv60,gv60,MS,MS,5356.0,57.0,0
2023-05-01,Near Luxury SUV,genesis,gv70,genesis_gv70,gv70,MS,MS,72492.0,210.0,0
2023-05-01,Near Luxury EV SUV,genesis,gv70_ev,genesis_electrified_gv70,gv70_ev,MS,MS,16683.0,83.0,0
2023-05-01,Mid Luxury SUV,genesis,gv80,genesis_gv80,gv80,MS,MS,24169.0,150.0,0
2023-05-01,Mid Luxury SUV,genesis,gv80_coupe,genesis_gv80_coupe,gv80,MS,MS,0.0,0.0,
2023-05-01,Make Only,genesis,make_only,genesis_make_only,make_only,MS,MS,0.0,0.0,
2023-05-01,Brand,genesis,Total,genesis_Total,Total,NH,NH,0.0,0.0,
2023-05-01,Unassigned,genesis,Unassigned,unassigned,Unassigned,NH,NH,,,
2023-05-01,Unassigned,genesis,Unassigned,Unassigned,Unassigned,NH,NH,0.0,0.0,
2023-05-01,Near Luxury Car,genesis,g70,genesis_g70,g70,NH,NH,0.0,0.0,
2023-05-01,Mid Luxury Car,genesis,g80,genesis_g80,g80,NH,NH,0.0,0.0,
2023-05-01,Mid Luxury EV Car,genesis,g80_ev,genesis_electrified_g80,g80_ev,NH,NH,0.0,0.0,
2023-05-01,Premium Luxury Car,genesis,g90,genesis_g90,g90,NH,NH,0.0,0.0,
2023-05-01,Entry Luxury EV SUV,genesis,gv60,genesis_gv60,gv60,NH,NH,0.0,0.0,
2023-05-01,Near Luxury SUV,genesis,gv70,genesis_gv70,gv70,NH,NH,0.0,0.0,
2023-05-01,Near Luxury EV SUV,genesis,gv70_ev,genesis_electrified_gv70,gv70_ev,NH,NH,0.0,0.0,
2023-05-01,Mid Luxury SUV,genesis,gv80,genesis_gv80,gv80,NH,NH,0.0,0.0,
2023-05-01,Mid Luxury SUV,genesis,gv80_coupe,genesis_gv80_coupe,gv80,NH,NH,0.0,0.0,
2023-05-01,Make Only,genesis,make_only,genesis_make_only,make_only,NH,NH,0.0,0.0,
2023-05-01,Brand,genesis,Total,genesis_Total,Total,SC,SC,257156.0,1435.0,0
2023-05-01,Unassigned,genesis,Unassigned,unassigned,Unassigned,SC,SC,,,
2023-05-01,Unassigned,genesis,Unassigned,Unassigned,Unassigned,SC,SC,0.0,0.0,
2023-05-01,Near Luxury Car,genesis,g70,genesis_g70,g70,SC,SC,24859.0,171.0,0
2023-05-01,Mid Luxury Car,genesis,g80,genesis_g80,g80,SC,SC,15665.0,100.0,0
2023-05-01,Mid Luxury EV Car,genesis,g80_ev,genesis_electrified_g80,g80_ev,SC,SC,3257.0,174.0,0
2023-05-01,Premium Luxury Car,genesis,g90,genesis_g90,g90,SC,SC,16107.0,49.0,0
2023-05-01,Entry Luxury EV SUV,genesis,gv60,genesis_gv60,gv60,SC,SC,6158.0,53.0,0
2023-05-01,Near Luxury SUV,genesis,gv70,genesis_gv70,gv70,SC,SC,112478.0,475.0,0
2023-05-01,Near Luxury EV SUV,genesis,gv70_ev,genesis_electrified_gv70,gv70_ev,SC,SC,25758.0,105.0,0
2023-05-01,Mid Luxury SUV,genesis,gv80,genesis_gv80,gv80,SC,SC,44971.0,308.0,0
2023-05-01,Mid Luxury SUV,genesis,gv80_coupe,genesis_gv80_coupe,gv80,SC,SC,0.0,0.0,
2023-05-01,Make Only,genesis,make_only,genesis_make_only,make_only,SC,SC,0.0,0.0,
2023-05-01,Brand,genesis,Total,genesis_Total,Total,SO,SO,290842.0,1760.0,0
2023-05-01,Unassigned,genesis,Unassigned,unassigned,Unassigned,SO,SO,,,
2023-05-01,Unassigned,genesis,Unassigned,Unassigned,Unassigned,SO,SO,0.0,0.0,
2023-05-01,Near Luxury Car,genesis,g70,genesis_g70,g70,SO,SO,27120.0,219.0,0
2023-05-01,Mid Luxury Car,genesis,g80,genesis_g80,g80,SO,SO,19358.0,133.0,0
2023-05-01,Mid Luxury EV Car,genesis,g80_ev,genesis_electrified_g80,g80_ev,SO,SO,4286.0,191.0,0
2023-05-01,Premium Luxury Car,genesis,g90,genesis_g90,g90,SO,SO,20699.0,85.0,0
2023-05-01,Entry Luxury EV SUV,genesis,gv60,genesis_gv60,gv60,SO,SO,8770.0,63.0,0
2023-05-01,Near Luxury SUV,genesis,gv70,genesis_gv70,gv70,SO,SO,119571.0,575.0,0
2023-05-01,Near Luxury EV SUV,genesis,gv70_ev,genesis_electrified_gv70,gv70_ev,SO,SO,29985.0,125.0,0
2023-05-01,Mid Luxury SUV,genesis,gv80,genesis_gv80,gv80,SO,SO,49061.0,369.0,0
2023-05-01,Mid Luxury SUV,genesis,gv80_coupe,genesis_gv80_coupe,gv80,SO,SO,0.0,0.0,
2023-05-01,Make Only,genesis,make_only,genesis_make_only,make_only,SO,SO,0.0,0.0,
2023-05-01,Brand,genesis,Total,genesis_Total,Total,National,US,2088196.0,13171.0,0
2023-05-01,Unassigned,genesis,Unassigned,Unassigned,Unassigned,National,US,0.0,0.0,
2023-05-01,Unassigned,genesis,Unassigned,unassigned,Unassigned,National,US,,,
2023-05-01,Near Luxury Car,genesis,g70,genesis_g70,g70,National,US,225522.0,1518.0,0
2023-05-01,Mid Luxury Car,genesis,g80,genesis_g80,g80,National,US,126743.0,772.0,0
2023-05-01,Mid Luxury EV Car,genesis,g80_ev,genesis_electrified_g80,g80_ev,National,US,36429.0,1805.0,0
2023-05-01,Premium Luxury Car,genesis,g90,genesis_g90,g90,National,US,133969.0,466.0,0
2023-05-01,Entry Luxury EV SUV,genesis,gv60,genesis_gv60,gv60,National,US,76850.0,713.0,0
2023-05-01,Near Luxury SUV,genesis,gv70,genesis_gv70,gv70,National,US,749744.0,4194.0,0
2023-05-01,Near Luxury EV SUV,genesis,gv70_ev,genesis_electrified_gv70,gv70_ev,National,US,220678.0,1276.0,0
2023-05-01,Mid Luxury SUV,genesis,gv80,genesis_gv80,gv80,National,US,380423.0,2427.0,0
2023-05-01,Mid Luxury SUV,genesis,gv80_coupe,genesis_gv80_coupe,gv80,National,US,0.0,0.0,
2023-05-01,Make Only,genesis,make_only,genesis_make_only,make_only,National,US,0.0,0.0,
2023-05-01,Brand,genesis,Total,genesis_Total,Total,WE,WE,307699.0,2418.0,0
2023-05-01,Unassigned,genesis,Unassigned,unassigned,Unassigned,WE,WE,,,
2023-05-01,Unassigned,genesis,Unassigned,Unassigned,Unassigned,WE,WE,0.0,0.0,
2023-05-01,Near Luxury Car,genesis,g70,genesis_g70,g70,WE,WE,35114.0,272.0,0
2023-05-01,Mid Luxury Car,genesis,g80,genesis_g80,g80,WE,WE,18167.0,126.0,0
2023-05-01,Mid Luxury EV Car,genesis,g80_ev,genesis_electrified_g80,g80_ev,WE,WE,8701.0,466.0,0
2023-05-01,Premium Luxury Car,genesis,g90,genesis_g90,g90,WE,WE,18482.0,79.0,0
2023-05-01,Entry Luxury EV SUV,genesis,gv60,genesis_gv60,gv60,WE,WE,19171.0,203.0,0
2023-05-01,Near Luxury SUV,genesis,gv70,genesis_gv70,gv70,WE,WE,91093.0,628.0,0
2023-05-01,Near Luxury EV SUV,genesis,gv70_ev,genesis_electrified_gv70,gv70_ev,WE,WE,44494.0,337.0,0
2023-05-01,Mid Luxury SUV,genesis,gv80,genesis_gv80,gv80,WE,WE,53945.0,307.0,0
2023-05-01,Mid Luxury SUV,genesis,gv80_coupe,genesis_gv80_coupe,gv80,WE,WE,0.0,0.0,
2023-05-01,Make Only,genesis,make_only,genesis_make_only,make_only,WE,WE,0.0,0.0,
2023-06-01,Brand,genesis,Total,genesis_Total,Total,CE,CE,306323.0,2923.0,0
2023-06-01,Unassigned,genesis,Unassigned,unassigned,Unassigned,CE,CE,,,
2023-06-01,Unassigned,genesis,Unassigned,Unassigned,Unassigned,CE,CE,0.0,0.0,
2023-06-01,Near Luxury Car,genesis,g70,genesis_g70,g70,CE,CE,31848.0,430.0,0
2023-06-01,Mid Luxury Car,genesis,g80,genesis_g80,g80,CE,CE,19766.0,150.0,0
2023-06-01,Mid Luxury EV Car,genesis,g80_ev,genesis_electrified_g80,g80_ev,CE,CE,4239.0,202.0,0
2023-06-01,Premium Luxury Car,genesis,g90,genesis_g90,g90,CE,CE,19355.0,94.0,0
2023-06-01,Entry Luxury EV SUV,genesis,gv60,genesis_gv60,gv60,CE,CE,8474.0,87.0,0
2023-06-01,Near Luxury SUV,genesis,gv70,genesis_gv70,gv70,CE,CE,107947.0,1115.0,0
2023-06-01,Near Luxury EV SUV,genesis,gv70_ev,genesis_electrified_gv70,gv70_ev,CE,CE,20726.0,237.0,0
2023-06-01,Mid Luxury SUV,genesis,gv80,genesis_gv80,gv80,CE,CE,73294.0,608.0,0
2023-06-01,Mid Luxury SUV,genesis,gv80_coupe,genesis_gv80_coupe,gv80,CE,CE,0.0,0.0,
2023-06-01,Make Only,genesis,make_only,genesis_make_only,make_only,CE,CE,0.0,0.0,
2023-06-01,Brand,genesis,Total,genesis_Total,Total,EA,EA,458411.0,5652.0,0
2023-06-01,Unassigned,genesis,Unassigned,Unassigned,Unassigned,EA,EA,0.0,0.0,
2023-06-01,Unassigned,genesis,Unassigned,unassigned,Unassigned,EA,EA,,,
2023-06-01,Near Luxury Car,genesis,g70,genesis_g70,g70,EA,EA,68824.0,736.0,0
2023-06-01,Mid Luxury Car,genesis,g80,genesis_g80,g80,EA,EA,27601.0,274.0,0
2023-06-01,Mid Luxury EV Car,genesis,g80_ev,genesis_electrified_g80,g80_ev,EA,EA,7450.0,417.0,0
2023-06-01,Premium Luxury Car,genesis,g90,genesis_g90,g90,EA,EA,26680.0,172.0,0
2023-06-01,Entry Luxury EV SUV,genesis,gv60,genesis_gv60,gv60,EA,EA,17475.0,242.0,0
2023-06-01,Near Luxury SUV,genesis,gv70,genesis_gv70,gv70,EA,EA,131462.0,2249.0,0
2023-06-01,Near Luxury EV SUV,genesis,gv70_ev,genesis_electrified_gv70,gv70_ev,EA,EA,33471.0,525.0,0
2023-06-01,Mid Luxury SUV,genesis,gv80,genesis_gv80,gv80,EA,EA,109178.0,1037.0,0
2023-06-01,Mid Luxury SUV,genesis,gv80_coupe,genesis_gv80_coupe,gv80,EA,EA,0.0,0.0,
2023-06-01,Make Only,genesis,make_only,genesis_make_only,make_only,EA,EA,0.0,0.0,
2023-06-01,Brand,genesis,Total,genesis_Total,Total,MA,MA,210308.0,1418.0,0
2023-06-01,Unassigned,genesis,Unassigned,unassigned,Unassigned,MA,MA,,,
2023-06-01,Unassigned,genesis,Unassigned,Unassigned,Unassigned,MA,MA,0.0,0.0,
2023-06-01,Near Luxury Car,genesis,g70,genesis_g70,g70,MA,MA,24327.0,133.0,0
2023-06-01,Mid Luxury Car,genesis,g80,genesis_g80,g80,MA,MA,13875.0,98.0,0
2023-06-01,Mid Luxury EV Car,genesis,g80_ev,genesis_electrified_g80,g80_ev,MA,MA,3200.0,173.0,0
2023-06-01,Premium Luxury Car,genesis,g90,genesis_g90,g90,MA,MA,13431.0,43.0,0
2023-06-01,Entry Luxury EV SUV,genesis,gv60,genesis_gv60,gv60,MA,MA,6613.0,66.0,0
2023-06-01,Near Luxury SUV,genesis,gv70,genesis_gv70,gv70,MA,MA,75562.0,512.0,0
2023-06-01,Near Luxury EV SUV,genesis,gv70_ev,genesis_electrified_gv70,gv70_ev,MA,MA,17317.0,132.0,0
2023-06-01,Mid Luxury SUV,genesis,gv80,genesis_gv80,gv80,MA,MA,48254.0,261.0,0
2023-06-01,Mid Luxury SUV,genesis,gv80_coupe,genesis_gv80_coupe,gv80,MA,MA,0.0,0.0,
2023-06-01,Make Only,genesis,make_only,genesis_make_only,make_only,MA,MA,0.0,0.0,
2023-06-01,Brand,genesis,Total,genesis_Total,Total,MS,MS,154312.0,998.0,0
2023-06-01,Unassigned,genesis,Unassigned,Unassigned,Unassigned,MS,MS,0.0,0.0,
2023-06-01,Unassigned,genesis,Unassigned,unassigned,Unassigned,MS,MS,,,
2023-06-01,Near Luxury Car,genesis,g70,genesis_g70,g70,MS,MS,13865.0,142.0,0
2023-06-01,Mid Luxury Car,genesis,g80,genesis_g80,g80,MS,MS,9042.0,76.0,0
2023-06-01,Mid Luxury EV Car,genesis,g80_ev,genesis_electrified_g80,g80_ev,MS,MS,2582.0,92.0,0
2023-06-01,Premium Luxury Car,genesis,g90,genesis_g90,g90,MS,MS,9306.0,30.0,0
2023-06-01,Entry Luxury EV SUV,genesis,gv60,genesis_gv60,gv60,MS,MS,5137.0,50.0,0
2023-06-01,Near Luxury SUV,genesis,gv70,genesis_gv70,gv70,MS,MS,63170.0,323.0,0
2023-06-01,Near Luxury EV SUV,genesis,gv70_ev,genesis_electrified_gv70,gv70_ev,MS,MS,13605.0,99.0,0
2023-06-01,Mid Luxury SUV,genesis,gv80,genesis_gv80,gv80,MS,MS,28582.0,186.0,0
2023-06-01,Mid Luxury SUV,genesis,gv80_coupe,genesis_gv80_coupe,gv80,MS,MS,0.0,0.0,
2023-06-01,Make Only,genesis,make_only,genesis_make_only,make_only,MS,MS,0.0,0.0,
2023-06-01,Brand,genesis,Total,genesis_Total,Total,NH,NH,0.0,0.0,
2023-06-01,Unassigned,genesis,Unassigned,Unassigned,Unassigned,NH,NH,0.0,0.0,
2023-06-01,Unassigned,genesis,Unassigned,unassigned,Unassigned,NH,NH,,,
2023-06-01,Near Luxury Car,genesis,g70,genesis_g70,g70,NH,NH,0.0,0.0,
2023-06-01,Mid Luxury Car,genesis,g80,genesis_g80,g80,NH,NH,0.0,0.0,
2023-06-01,Mid Luxury EV Car,genesis,g80_ev,genesis_electrified_g80,g80_ev,NH,NH,0.0,0.0,
2023-06-01,Premium Luxury Car,genesis,g90,genesis_g90,g90,NH,NH,0.0,0.0,
2023-06-01,Entry Luxury EV SUV,genesis,gv60,genesis_gv60,gv60,NH,NH,0.0,0.0,
2023-06-01,Near Luxury SUV,genesis,gv70,genesis_gv70,gv70,NH,NH,0.0,0.0,
2023-06-01,Near Luxury EV SUV,genesis,gv70_ev,genesis_electrified_gv70,gv70_ev,NH,NH,0.0,0.0,
2023-06-01,Mid Luxury SUV,genesis,gv80,genesis_gv80,gv80,NH,NH,0.0,0.0,
2023-06-01,Mid Luxury SUV,genesis,gv80_coupe,genesis_gv80_coupe,gv80,NH,NH,0.0,0.0,
2023-06-01,Make Only,genesis,make_only,genesis_make_only,make_only,NH,NH,0.0,0.0,
2023-06-01,Brand,genesis,Total,genesis_Total,Total,SC,SC,238461.0,1763.0,0
2023-06-01,Unassigned,genesis,Unassigned,Unassigned,Unassigned,SC,SC,0.0,0.0,
2023-06-01,Unassigned,genesis,Unassigned,unassigned,Unassigned,SC,SC,,,
2023-06-01,Near Luxury Car,genesis,g70,genesis_g70,g70,SC,SC,24710.0,218.0,0
2023-06-01,Mid Luxury Car,genesis,g80,genesis_g80,g80,SC,SC,15171.0,107.0,0
2023-06-01,Mid Luxury EV Car,genesis,g80_ev,genesis_electrified_g80,g80_ev,SC,SC,2932.0,171.0,0
2023-06-01,Premium Luxury Car,genesis,g90,genesis_g90,g90,SC,SC,14915.0,61.0,0
2023-06-01,Entry Luxury EV SUV,genesis,gv60,genesis_gv60,gv60,SC,SC,5693.0,64.0,0
2023-06-01,Near Luxury SUV,genesis,gv70,genesis_gv70,gv70,SC,SC,96483.0,678.0,0
2023-06-01,Near Luxury EV SUV,genesis,gv70_ev,genesis_electrified_gv70,gv70_ev,SC,SC,19134.0,124.0,0
2023-06-01,Mid Luxury SUV,genesis,gv80,genesis_gv80,gv80,SC,SC,53916.0,340.0,0
2023-06-01,Mid Luxury SUV,genesis,gv80_coupe,genesis_gv80_coupe,gv80,SC,SC,0.0,0.0,
2023-06-01,Make Only,genesis,make_only,genesis_make_only,make_only,SC,SC,0.0,0.0,
2023-06-01,Brand,genesis,Total,genesis_Total,Total,SO,SO,278687.0,2314.0,0
2023-06-01,Unassigned,genesis,Unassigned,Unassigned,Unassigned,SO,SO,0.0,0.0,
2023-06-01,Unassigned,genesis,Unassigned,unassigned,Unassigned,SO,SO,,,
2023-06-01,Near Luxury Car,genesis,g70,genesis_g70,g70,SO,SO,30247.0,324.0,0
2023-06-01,Mid Luxury Car,genesis,g80,genesis_g80,g80,SO,SO,18962.0,145.0,0
2023-06-01,Mid Luxury EV Car,genesis,g80_ev,genesis_electrified_g80,g80_ev,SO,SO,3834.0,222.0,0
2023-06-01,Premium Luxury Car,genesis,g90,genesis_g90,g90,SO,SO,18960.0,80.0,0
2023-06-01,Entry Luxury EV SUV,genesis,gv60,genesis_gv60,gv60,SO,SO,8116.0,103.0,0
2023-06-01,Near Luxury SUV,genesis,gv70,genesis_gv70,gv70,SO,SO,106824.0,821.0,0
2023-06-01,Near Luxury EV SUV,genesis,gv70_ev,genesis_electrified_gv70,gv70_ev,SO,SO,22639.0,197.0,0
2023-06-01,Mid Luxury SUV,genesis,gv80,genesis_gv80,gv80,SO,SO,61600.0,422.0,0
2023-06-01,Mid Luxury SUV,genesis,gv80_coupe,genesis_gv80_coupe,gv80,SO,SO,0.0,0.0,
2023-06-01,Make Only,genesis,make_only,genesis_make_only,make_only,SO,SO,0.0,0.0,
2023-06-01,Brand,genesis,Total,genesis_Total,Total,National,US,2004464.0,18061.0,0
2023-06-01,Unassigned,genesis,Unassigned,Unassigned,Unassigned,National,US,0.0,0.0,
2023-06-01,Unassigned,genesis,Unassigned,unassigned,Unassigned,National,US,,,
2023-06-01,Near Luxury Car,genesis,g70,genesis_g70,g70,National,US,236234.0,2362.0,0
2023-06-01,Mid Luxury Car,genesis,g80,genesis_g80,g80,National,US,127344.0,1005.0,0
2023-06-01,Mid Luxury EV Car,genesis,g80_ev,genesis_electrified_g80,g80_ev,National,US,33504.0,1729.0,0
2023-06-01,Premium Luxury Car,genesis,g90,genesis_g90,g90,National,US,127847.0,579.0,0
2023-06-01,Entry Luxury EV SUV,genesis,gv60,genesis_gv60,gv60,National,US,72595.0,821.0,0
2023-06-01,Near Luxury SUV,genesis,gv70,genesis_gv70,gv70,National,US,676458.0,6587.0,0
2023-06-01,Near Luxury EV SUV,genesis,gv70_ev,genesis_electrified_gv70,gv70_ev,National,US,165559.0,1711.0,0
2023-06-01,Mid Luxury SUV,genesis,gv80,genesis_gv80,gv80,National,US,454297.0,3267.0,0
2023-06-01,Mid Luxury SUV,genesis,gv80_coupe,genesis_gv80_coupe,gv80,National,US,0.0,0.0,
2023-06-01,Make Only,genesis,make_only,genesis_make_only,make_only,National,US,0.0,0.0,
2023-06-01,Brand,genesis,Total,genesis_Total,Total,WE,WE,285243.0,2558.0,0
2023-06-01,Unassigned,genesis,Unassigned,Unassigned,Unassigned,WE,WE,0.0,0.0,
2023-06-01,Unassigned,genesis,Unassigned,unassigned,Unassigned,WE,WE,,,
2023-06-01,Near Luxury Car,genesis,g70,genesis_g70,g70,WE,WE,33208.0,329.0,0
2023-06-01,Mid Luxury Car,genesis,g80,genesis_g80,g80,WE,WE,18156.0,135.0,0
2023-06-01,Mid Luxury EV Car,genesis,g80_ev,genesis_electrified_g80,g80_ev,WE,WE,7604.0,401.0,0
2023-06-01,Premium Luxury Car,genesis,g90,genesis_g90,g90,WE,WE,17645.0,75.0,0
2023-06-01,Entry Luxury EV SUV,genesis,gv60,genesis_gv60,gv60,WE,WE,17548.0,180.0,0
2023-06-01,Near Luxury SUV,genesis,gv70,genesis_gv70,gv70,WE,WE,81215.0,746.0,0
2023-06-01,Near Luxury EV SUV,genesis,gv70_ev,genesis_electrified_gv70,gv70_ev,WE,WE,33395.0,345.0,0
2023-06-01,Mid Luxury SUV,genesis,gv80,genesis_gv80,gv80,WE,WE,63892.0,347.0,0
2023-06-01,Mid Luxury SUV,genesis,gv80_coupe,genesis_gv80_coupe,gv80,WE,WE,0.0,0.0,
2023-06-01,Make Only,genesis,make_only,genesis_make_only,make_only,WE,WE,0.0,0.0,
2023-07-01,Brand,genesis,Total,genesis_Total,Total,CE,CE,406396.0,8250.0,0
2023-07-01,Unassigned,genesis,Unassigned,Unassigned,Unassigned,CE,CE,0.0,0.0,
2023-07-01,Unassigned,genesis,Unassigned,unassigned,Unassigned,CE,CE,,,
2023-07-01,Near Luxury Car,genesis,g70,genesis_g70,g70,CE,CE,34192.0,1329.0,0
2023-07-01,Mid Luxury Car,genesis,g80,genesis_g80,g80,CE,CE,21056.0,442.0,0
2023-07-01,Mid Luxury EV Car,genesis,g80_ev,genesis_electrified_g80,g80_ev,CE,CE,5055.0,170.0,0
2023-07-01,Premium Luxury Car,genesis,g90,genesis_g90,g90,CE,CE,19262.0,607.0,0
2023-07-01,Entry Luxury EV SUV,genesis,gv60,genesis_gv60,gv60,CE,CE,54509.0,227.0,0
2023-07-01,Near Luxury SUV,genesis,gv70,genesis_gv70,gv70,CE,CE,127771.0,3118.0,0
2023-07-01,Near Luxury EV SUV,genesis,gv70_ev,genesis_electrified_gv70,gv70_ev,CE,CE,20469.0,346.0,0
2023-07-01,Mid Luxury SUV,genesis,gv80,genesis_gv80,gv80,CE,CE,99919.0,2011.0,0
2023-07-01,Mid Luxury SUV,genesis,gv80_coupe,genesis_gv80_coupe,gv80,CE,CE,0.0,0.0,
2023-07-01,Make Only,genesis,make_only,genesis_make_only,make_only,CE,CE,0.0,0.0,
2023-07-01,Brand,genesis,Total,genesis_Total,Total,EA,EA,548081.0,12175.0,0
2023-07-01,Unassigned,genesis,Unassigned,Unassigned,Unassigned,EA,EA,0.0,0.0,
2023-07-01,Unassigned,genesis,Unassigned,unassigned,Unassigned,EA,EA,,,
2023-07-01,Near Luxury Car,genesis,g70,genesis_g70,g70,EA,EA,72639.0,1880.0,0
2023-07-01,Mid Luxury Car,genesis,g80,genesis_g80,g80,EA,EA,29550.0,814.0,0
2023-07-01,Mid Luxury EV Car,genesis,g80_ev,genesis_electrified_g80,g80_ev,EA,EA,9114.0,292.0,0
2023-07-01,Premium Luxury Car,genesis,g90,genesis_g90,g90,EA,EA,27252.0,848.0,0
2023-07-01,Entry Luxury EV SUV,genesis,gv60,genesis_gv60,gv60,EA,EA,52409.0,582.0,0
2023-07-01,Near Luxury SUV,genesis,gv70,genesis_gv70,gv70,EA,EA,148293.0,4389.0,0
2023-07-01,Near Luxury EV SUV,genesis,gv70_ev,genesis_electrified_gv70,gv70_ev,EA,EA,32101.0,659.0,0
2023-07-01,Mid Luxury SUV,genesis,gv80,genesis_gv80,gv80,EA,EA,136277.0,2711.0,0
2023-07-01,Mid Luxury SUV,genesis,gv80_coupe,genesis_gv80_coupe,gv80,EA,EA,0.0,0.0,
2023-07-01,Make Only,genesis,make_only,genesis_make_only,make_only,EA,EA,0.0,0.0,
2023-07-01,Brand,genesis,Total,genesis_Total,Total,MA,MA,261253.0,4936.0,0
2023-07-01,Unassigned,genesis,Unassigned,Unassigned,Unassigned,MA,MA,0.0,0.0,
2023-07-01,Unassigned,genesis,Unassigned,unassigned,Unassigned,MA,MA,,,
2023-07-01,Near Luxury Car,genesis,g70,genesis_g70,g70,MA,MA,21973.0,745.0,0
2023-07-01,Mid Luxury Car,genesis,g80,genesis_g80,g80,MA,MA,14783.0,326.0,0
2023-07-01,Mid Luxury EV Car,genesis,g80_ev,genesis_electrified_g80,g80_ev,MA,MA,3800.0,123.0,0
2023-07-01,Premium Luxury Car,genesis,g90,genesis_g90,g90,MA,MA,13839.0,414.0,0
2023-07-01,Entry Luxury EV SUV,genesis,gv60,genesis_gv60,gv60,MA,MA,36437.0,214.0,0
2023-07-01,Near Luxury SUV,genesis,gv70,genesis_gv70,gv70,MA,MA,84728.0,1745.0,0
2023-07-01,Near Luxury EV SUV,genesis,gv70_ev,genesis_electrified_gv70,gv70_ev,MA,MA,16597.0,280.0,0
2023-07-01,Mid Luxury SUV,genesis,gv80,genesis_gv80,gv80,MA,MA,60282.0,1089.0,0
2023-07-01,Mid Luxury SUV,genesis,gv80_coupe,genesis_gv80_coupe,gv80,MA,MA,0.0,0.0,
2023-07-01,Make Only,genesis,make_only,genesis_make_only,make_only,MA,MA,0.0,0.0,
2023-07-01,Brand,genesis,Total,genesis_Total,Total,MS,MS,210630.0,3361.0,0
2023-07-01,Unassigned,genesis,Unassigned,unassigned,Unassigned,MS,MS,,,
2023-07-01,Unassigned,genesis,Unassigned,Unassigned,Unassigned,MS,MS,0.0,0.0,
2023-07-01,Near Luxury Car,genesis,g70,genesis_g70,g70,MS,MS,13539.0,500.0,0
2023-07-01,Mid Luxury Car,genesis,g80,genesis_g80,g80,MS,MS,9592.0,209.0,0
2023-07-01,Mid Luxury EV Car,genesis,g80_ev,genesis_electrified_g80,g80_ev,MS,MS,2816.0,91.0,0
2023-07-01,Premium Luxury Car,genesis,g90,genesis_g90,g90,MS,MS,8774.0,286.0,0
2023-07-01,Entry Luxury EV SUV,genesis,gv60,genesis_gv60,gv60,MS,MS,39576.0,192.0,0
2023-07-01,Near Luxury SUV,genesis,gv70,genesis_gv70,gv70,MS,MS,73220.0,1072.0,0
2023-07-01,Near Luxury EV SUV,genesis,gv70_ev,genesis_electrified_gv70,gv70_ev,MS,MS,12293.0,245.0,0
2023-07-01,Mid Luxury SUV,genesis,gv80,genesis_gv80,gv80,MS,MS,40578.0,766.0,0
2023-07-01,Mid Luxury SUV,genesis,gv80_coupe,genesis_gv80_coupe,gv80,MS,MS,0.0,0.0,
2023-07-01,Make Only,genesis,make_only,genesis_make_only,make_only,MS,MS,0.0,0.0,
2023-07-01,Brand,genesis,Total,genesis_Total,Total,NH,NH,0.0,0.0,
2023-07-01,Unassigned,genesis,Unassigned,unassigned,Unassigned,NH,NH,,,
2023-07-01,Unassigned,genesis,Unassigned,Unassigned,Unassigned,NH,NH,0.0,0.0,
2023-07-01,Near Luxury Car,genesis,g70,genesis_g70,g70,NH,NH,0.0,0.0,
2023-07-01,Mid Luxury Car,genesis,g80,genesis_g80,g80,NH,NH,0.0,0.0,
2023-07-01,Mid Luxury EV Car,genesis,g80_ev,genesis_electrified_g80,g80_ev,NH,NH,0.0,0.0,
2023-07-01,Premium Luxury Car,genesis,g90,genesis_g90,g90,NH,NH,0.0,0.0,
2023-07-01,Entry Luxury EV SUV,genesis,gv60,genesis_gv60,gv60,NH,NH,0.0,0.0,
2023-07-01,Near Luxury SUV,genesis,gv70,genesis_gv70,gv70,NH,NH,0.0,0.0,
2023-07-01,Near Luxury EV SUV,genesis,gv70_ev,genesis_electrified_gv70,gv70_ev,NH,NH,0.0,0.0,
2023-07-01,Mid Luxury SUV,genesis,gv80,genesis_gv80,gv80,NH,NH,0.0,0.0,
2023-07-01,Mid Luxury SUV,genesis,gv80_coupe,genesis_gv80_coupe,gv80,NH,NH,0.0,0.0,
2023-07-01,Make Only,genesis,make_only,genesis_make_only,make_only,NH,NH,0.0,0.0,
2023-07-01,Brand,genesis,Total,genesis_Total,Total,SC,SC,326776.0,6449.0,0
2023-07-01,Unassigned,genesis,Unassigned,unassigned,Unassigned,SC,SC,,,
2023-07-01,Unassigned,genesis,Unassigned,Unassigned,Unassigned,SC,SC,0.0,0.0,
2023-07-01,Near Luxury Car,genesis,g70,genesis_g70,g70,SC,SC,25614.0,1006.0,0
2023-07-01,Mid Luxury Car,genesis,g80,genesis_g80,g80,SC,SC,16612.0,453.0,0
2023-07-01,Mid Luxury EV Car,genesis,g80_ev,genesis_electrified_g80,g80_ev,SC,SC,3674.0,174.0,0
2023-07-01,Premium Luxury Car,genesis,g90,genesis_g90,g90,SC,SC,15824.0,593.0,0
2023-07-01,Entry Luxury EV SUV,genesis,gv60,genesis_gv60,gv60,SC,SC,46834.0,229.0,0
2023-07-01,Near Luxury SUV,genesis,gv70,genesis_gv70,gv70,SC,SC,117369.0,2073.0,0
2023-07-01,Near Luxury EV SUV,genesis,gv70_ev,genesis_electrified_gv70,gv70_ev,SC,SC,17312.0,281.0,0
2023-07-01,Mid Luxury SUV,genesis,gv80,genesis_gv80,gv80,SC,SC,77190.0,1640.0,0
2023-07-01,Mid Luxury SUV,genesis,gv80_coupe,genesis_gv80_coupe,gv80,SC,SC,0.0,0.0,
2023-07-01,Make Only,genesis,make_only,genesis_make_only,make_only,SC,SC,0.0,0.0,
2023-07-01,Brand,genesis,Total,genesis_Total,Total,SO,SO,359490.0,6776.0,0
2023-07-01,Unassigned,genesis,Unassigned,unassigned,Unassigned,SO,SO,,,
2023-07-01,Unassigned,genesis,Unassigned,Unassigned,Unassigned,SO,SO,0.0,0.0,
2023-07-01,Near Luxury Car,genesis,g70,genesis_g70,g70,SO,SO,32063.0,1180.0,0
2023-07-01,Mid Luxury Car,genesis,g80,genesis_g80,g80,SO,SO,20276.0,518.0,0
2023-07-01,Mid Luxury EV Car,genesis,g80_ev,genesis_electrified_g80,g80_ev,SO,SO,4485.0,170.0,0
2023-07-01,Premium Luxury Car,genesis,g90,genesis_g90,g90,SO,SO,19187.0,511.0,0
2023-07-01,Entry Luxury EV SUV,genesis,gv60,genesis_gv60,gv60,SO,SO,49255.0,277.0,0
2023-07-01,Near Luxury SUV,genesis,gv70,genesis_gv70,gv70,SO,SO,124288.0,2189.0,0
2023-07-01,Near Luxury EV SUV,genesis,gv70_ev,genesis_electrified_gv70,gv70_ev,SO,SO,21301.0,326.0,0
2023-07-01,Mid Luxury SUV,genesis,gv80,genesis_gv80,gv80,SO,SO,81467.0,1605.0,0
2023-07-01,Mid Luxury SUV,genesis,gv80_coupe,genesis_gv80_coupe,gv80,SO,SO,0.0,0.0,
2023-07-01,Make Only,genesis,make_only,genesis_make_only,make_only,SO,SO,0.0,0.0,
2023-07-01,Brand,genesis,Total,genesis_Total,Total,National,US,2555274.0,53321.0,0
2023-07-01,Unassigned,genesis,Unassigned,unassigned,Unassigned,National,US,,,
2023-07-01,Unassigned,genesis,Unassigned,Unassigned,Unassigned,National,US,0.0,0.0,
2023-07-01,Near Luxury Car,genesis,g70,genesis_g70,g70,National,US,253437.0,8353.0,0
2023-07-01,Mid Luxury Car,genesis,g80,genesis_g80,g80,National,US,137673.0,3549.0,0
2023-07-01,Mid Luxury EV Car,genesis,g80_ev,genesis_electrified_g80,g80_ev,National,US,39730.0,1373.0,0
2023-07-01,Premium Luxury Car,genesis,g90,genesis_g90,g90,National,US,130606.0,4135.0,0
2023-07-01,Entry Luxury EV SUV,genesis,gv60,genesis_gv60,gv60,National,US,329157.0,2496.0,0
2023-07-01,Near Luxury SUV,genesis,gv70,genesis_gv70,gv70,National,US,790321.0,18107.0,0
2023-07-01,Near Luxury EV SUV,genesis,gv70_ev,genesis_electrified_gv70,gv70_ev,National,US,154683.0,3182.0,0
2023-07-01,Mid Luxury SUV,genesis,gv80,genesis_gv80,gv80,National,US,604185.0,12126.0,0
2023-07-01,Mid Luxury SUV,genesis,gv80_coupe,genesis_gv80_coupe,gv80,National,US,0.0,0.0,
2023-07-01,Make Only,genesis,make_only,genesis_make_only,make_only,National,US,0.0,0.0,
2023-07-01,Brand,genesis,Total,genesis_Total,Total,WE,WE,359578.0,9850.0,0
2023-07-01,Unassigned,genesis,Unassigned,unassigned,Unassigned,WE,WE,,,
2023-07-01,Unassigned,genesis,Unassigned,Unassigned,Unassigned,WE,WE,0.0,0.0,
2023-07-01,Near Luxury Car,genesis,g70,genesis_g70,g70,WE,WE,42424.0,1506.0,0
2023-07-01,Mid Luxury Car,genesis,g80,genesis_g80,g80,WE,WE,20234.0,686.0,0
2023-07-01,Mid Luxury EV Car,genesis,g80_ev,genesis_electrified_g80,g80_ev,WE,WE,8869.0,309.0,0
2023-07-01,Premium Luxury Car,genesis,g90,genesis_g90,g90,WE,WE,17626.0,713.0,0
2023-07-01,Entry Luxury EV SUV,genesis,gv60,genesis_gv60,gv60,WE,WE,44613.0,698.0,0
2023-07-01,Near Luxury SUV,genesis,gv70,genesis_gv70,gv70,WE,WE,97845.0,3017.0,0
2023-07-01,Near Luxury EV SUV,genesis,gv70_ev,genesis_electrified_gv70,gv70_ev,WE,WE,29968.0,941.0,0
2023-07-01,Mid Luxury SUV,genesis,gv80,genesis_gv80,gv80,WE,WE,89739.0,1980.0,0
2023-07-01,Mid Luxury SUV,genesis,gv80_coupe,genesis_gv80_coupe,gv80,WE,WE,0.0,0.0,
2023-07-01,Make Only,genesis,make_only,genesis_make_only,make_only,WE,WE,0.0,0.0,
2023-08-01,Brand,genesis,Total,genesis_Total,Total,CE,CE,376353.0,8024.0,23505
2023-08-01,Unassigned,genesis,Unassigned,Unassigned,Unassigned,CE,CE,0.0,0.0,
2023-08-01,Unassigned,genesis,Unassigned,unassigned,Unassigned,CE,CE,,,
2023-08-01,Near Luxury Car,genesis,g70,genesis_g70,g70,CE,CE,31165.0,1580.0,2699
2023-08-01,Mid Luxury Car,genesis,g80,genesis_g80,g80,CE,CE,21345.0,439.0,1287
2023-08-01,Mid Luxury EV Car,genesis,g80_ev,genesis_electrified_g80,g80_ev,CE,CE,5308.0,159.0,264
2023-08-01,Premium Luxury Car,genesis,g90,genesis_g90,g90,CE,CE,19412.0,887.0,1169
2023-08-01,Entry Luxury EV SUV,genesis,gv60,genesis_gv60,gv60,CE,CE,46323.0,191.0,737
2023-08-01,Near Luxury SUV,genesis,gv70,genesis_gv70,gv70,CE,CE,110023.0,2676.0,5731
2023-08-01,Near Luxury EV SUV,genesis,gv70_ev,genesis_electrified_gv70,gv70_ev,CE,CE,23451.0,330.0,852
2023-08-01,Mid Luxury SUV,genesis,gv80,genesis_gv80,gv80,CE,CE,76645.0,1762.0,4452
2023-08-01,Mid Luxury SUV,genesis,gv80_coupe,genesis_gv80_coupe,gv80,CE,CE,0.0,0.0,
2023-08-01,Make Only,genesis,make_only,genesis_make_only,make_only,CE,CE,0.0,0.0,
2023-08-01,Brand,genesis,Total,genesis_Total,Total,EA,EA,545624.0,11714.0,38839
2023-08-01,Unassigned,genesis,Unassigned,unassigned,Unassigned,EA,EA,,,
2023-08-01,Unassigned,genesis,Unassigned,Unassigned,Unassigned,EA,EA,0.0,0.0,
2023-08-01,Near Luxury Car,genesis,g70,genesis_g70,g70,EA,EA,65013.0,2342.0,4647
2023-08-01,Mid Luxury Car,genesis,g80,genesis_g80,g80,EA,EA,30666.0,808.0,2093
2023-08-01,Mid Luxury EV Car,genesis,g80_ev,genesis_electrified_g80,g80_ev,EA,EA,9158.0,225.0,496
2023-08-01,Premium Luxury Car,genesis,g90,genesis_g90,g90,EA,EA,28822.0,1310.0,1801
2023-08-01,Entry Luxury EV SUV,genesis,gv60,genesis_gv60,gv60,EA,EA,49370.0,413.0,1671
2023-08-01,Near Luxury SUV,genesis,gv70,genesis_gv70,gv70,EA,EA,134135.0,3775.0,9852
2023-08-01,Near Luxury EV SUV,genesis,gv70_ev,genesis_electrified_gv70,gv70_ev,EA,EA,37794.0,617.0,1649
2023-08-01,Mid Luxury SUV,genesis,gv80,genesis_gv80,gv80,EA,EA,105764.0,2224.0,6460
2023-08-01,Mid Luxury SUV,genesis,gv80_coupe,genesis_gv80_coupe,gv80,EA,EA,0.0,0.0,
2023-08-01,Make Only,genesis,make_only,genesis_make_only,make_only,EA,EA,0.0,0.0,
2023-08-01,Brand,genesis,Total,genesis_Total,Total,MA,MA,235756.0,4106.0,13345
2023-08-01,Unassigned,genesis,Unassigned,Unassigned,Unassigned,MA,MA,0.0,0.0,
2023-08-01,Unassigned,genesis,Unassigned,unassigned,Unassigned,MA,MA,,,
2023-08-01,Near Luxury Car,genesis,g70,genesis_g70,g70,MA,MA,19024.0,811.0,1477
2023-08-01,Mid Luxury Car,genesis,g80,genesis_g80,g80,MA,MA,14635.0,274.0,816
2023-08-01,Mid Luxury EV Car,genesis,g80_ev,genesis_electrified_g80,g80_ev,MA,MA,4139.0,80.0,175
2023-08-01,Premium Luxury Car,genesis,g90,genesis_g90,g90,MA,MA,13670.0,416.0,686
2023-08-01,Entry Luxury EV SUV,genesis,gv60,genesis_gv60,gv60,MA,MA,30577.0,129.0,488
2023-08-01,Near Luxury SUV,genesis,gv70,genesis_gv70,gv70,MA,MA,71574.0,1274.0,3282
2023-08-01,Near Luxury EV SUV,genesis,gv70_ev,genesis_electrified_gv70,gv70_ev,MA,MA,18395.0,277.0,668
2023-08-01,Mid Luxury SUV,genesis,gv80,genesis_gv80,gv80,MA,MA,42651.0,845.0,2315
2023-08-01,Mid Luxury SUV,genesis,gv80_coupe,genesis_gv80_coupe,gv80,MA,MA,0.0,0.0,
2023-08-01,Make Only,genesis,make_only,genesis_make_only,make_only,MA,MA,0.0,0.0,
2023-08-01,Brand,genesis,Total,genesis_Total,Total,MS,MS,192564.0,3322.0,9399
2023-08-01,Unassigned,genesis,Unassigned,Unassigned,Unassigned,MS,MS,0.0,0.0,
2023-08-01,Unassigned,genesis,Unassigned,unassigned,Unassigned,MS,MS,,,
2023-08-01,Near Luxury Car,genesis,g70,genesis_g70,g70,MS,MS,12466.0,604.0,1014
2023-08-01,Mid Luxury Car,genesis,g80,genesis_g80,g80,MS,MS,9523.0,199.0,581
2023-08-01,Mid Luxury EV Car,genesis,g80_ev,genesis_electrified_g80,g80_ev,MS,MS,2955.0,68.0,153
2023-08-01,Premium Luxury Car,genesis,g90,genesis_g90,g90,MS,MS,8953.0,405.0,522
2023-08-01,Entry Luxury EV SUV,genesis,gv60,genesis_gv60,gv60,MS,MS,32734.0,155.0,502
2023-08-01,Near Luxury SUV,genesis,gv70,genesis_gv70,gv70,MS,MS,62775.0,940.0,2252
2023-08-01,Near Luxury EV SUV,genesis,gv70_ev,genesis_electrified_gv70,gv70_ev,MS,MS,14217.0,249.0,524
2023-08-01,Mid Luxury SUV,genesis,gv80,genesis_gv80,gv80,MS,MS,31144.0,702.0,1666
2023-08-01,Mid Luxury SUV,genesis,gv80_coupe,genesis_gv80_coupe,gv80,MS,MS,0.0,0.0,
2023-08-01,Make Only,genesis,make_only,genesis_make_only,make_only,MS,MS,0.0,0.0,
2023-08-01,Brand,genesis,Total,genesis_Total,Total,NH,NH,0.0,0.0,
2023-08-01,Unassigned,genesis,Unassigned,unassigned,Unassigned,NH,NH,,,
2023-08-01,Unassigned,genesis,Unassigned,Unassigned,Unassigned,NH,NH,0.0,0.0,
2023-08-01,Near Luxury Car,genesis,g70,genesis_g70,g70,NH,NH,0.0,0.0,
2023-08-01,Mid Luxury Car,genesis,g80,genesis_g80,g80,NH,NH,0.0,0.0,
2023-08-01,Mid Luxury EV Car,genesis,g80_ev,genesis_electrified_g80,g80_ev,NH,NH,0.0,0.0,
2023-08-01,Premium Luxury Car,genesis,g90,genesis_g90,g90,NH,NH,0.0,0.0,
2023-08-01,Entry Luxury EV SUV,genesis,gv60,genesis_gv60,gv60,NH,NH,0.0,0.0,
2023-08-01,Near Luxury SUV,genesis,gv70,genesis_gv70,gv70,NH,NH,0.0,0.0,
2023-08-01,Near Luxury EV SUV,genesis,gv70_ev,genesis_electrified_gv70,gv70_ev,NH,NH,0.0,0.0,
2023-08-01,Mid Luxury SUV,genesis,gv80,genesis_gv80,gv80,NH,NH,0.0,0.0,
2023-08-01,Mid Luxury SUV,genesis,gv80_coupe,genesis_gv80_coupe,gv80,NH,NH,0.0,0.0,
2023-08-01,Make Only,genesis,make_only,genesis_make_only,make_only,NH,NH,0.0,0.0,
2023-08-01,Brand,genesis,Total,genesis_Total,Total,SC,SC,302730.0,6519.0,16015
2023-08-01,Unassigned,genesis,Unassigned,Unassigned,Unassigned,SC,SC,0.0,0.0,
2023-08-01,Unassigned,genesis,Unassigned,unassigned,Unassigned,SC,SC,,,
2023-08-01,Near Luxury Car,genesis,g70,genesis_g70,g70,SC,SC,24798.0,1169.0,1749
2023-08-01,Mid Luxury Car,genesis,g80,genesis_g80,g80,SC,SC,17043.0,443.0,925
2023-08-01,Mid Luxury EV Car,genesis,g80_ev,genesis_electrified_g80,g80_ev,SC,SC,4082.0,132.0,223
2023-08-01,Premium Luxury Car,genesis,g90,genesis_g90,g90,SC,SC,16019.0,793.0,852
2023-08-01,Entry Luxury EV SUV,genesis,gv60,genesis_gv60,gv60,SC,SC,41341.0,153.0,439
2023-08-01,Near Luxury SUV,genesis,gv70,genesis_gv70,gv70,SC,SC,99818.0,1991.0,3945
2023-08-01,Near Luxury EV SUV,genesis,gv70_ev,genesis_electrified_gv70,gv70_ev,SC,SC,19040.0,263.0,577
2023-08-01,Mid Luxury SUV,genesis,gv80,genesis_gv80,gv80,SC,SC,57315.0,1575.0,3148
2023-08-01,Mid Luxury SUV,genesis,gv80_coupe,genesis_gv80_coupe,gv80,SC,SC,0.0,0.0,
2023-08-01,Make Only,genesis,make_only,genesis_make_only,make_only,SC,SC,0.0,0.0,
2023-08-01,Brand,genesis,Total,genesis_Total,Total,SO,SO,341904.0,6117.0,18443
2023-08-01,Unassigned,genesis,Unassigned,unassigned,Unassigned,SO,SO,,,
2023-08-01,Unassigned,genesis,Unassigned,Unassigned,Unassigned,SO,SO,0.0,0.0,
2023-08-01,Near Luxury Car,genesis,g70,genesis_g70,g70,SO,SO,28779.0,1220.0,2231
2023-08-01,Mid Luxury Car,genesis,g80,genesis_g80,g80,SO,SO,21140.0,505.0,1260
2023-08-01,Mid Luxury EV Car,genesis,g80_ev,genesis_electrified_g80,g80_ev,SO,SO,5270.0,124.0,191
2023-08-01,Premium Luxury Car,genesis,g90,genesis_g90,g90,SO,SO,20428.0,650.0,1039
2023-08-01,Entry Luxury EV SUV,genesis,gv60,genesis_gv60,gv60,SO,SO,41789.0,164.0,500
2023-08-01,Near Luxury SUV,genesis,gv70,genesis_gv70,gv70,SO,SO,111786.0,1897.0,4670
2023-08-01,Near Luxury EV SUV,genesis,gv70_ev,genesis_electrified_gv70,gv70_ev,SO,SO,22754.0,247.0,713
2023-08-01,Mid Luxury SUV,genesis,gv80,genesis_gv80,gv80,SO,SO,62305.0,1317.0,3481
2023-08-01,Mid Luxury SUV,genesis,gv80_coupe,genesis_gv80_coupe,gv80,SO,SO,0.0,0.0,
2023-08-01,Make Only,genesis,make_only,genesis_make_only,make_only,SO,SO,0.0,0.0,
2023-08-01,Brand,genesis,Total,genesis_Total,Total,National,US,2463274.0,51734.0,147499
2023-08-01,Unassigned,genesis,Unassigned,unassigned,Unassigned,National,US,,,
2023-08-01,Unassigned,genesis,Unassigned,Unassigned,Unassigned,National,US,0.0,0.0,
2023-08-01,Near Luxury Car,genesis,g70,genesis_g70,g70,National,US,232767.0,9908.0,17278
2023-08-01,Mid Luxury Car,genesis,g80,genesis_g80,g80,National,US,140989.0,3445.0,8504
2023-08-01,Mid Luxury EV Car,genesis,g80_ev,genesis_electrified_g80,g80_ev,National,US,42569.0,1118.0,2088
2023-08-01,Premium Luxury Car,genesis,g90,genesis_g90,g90,National,US,140044.0,5683.0,7995
2023-08-01,Entry Luxury EV SUV,genesis,gv60,genesis_gv60,gv60,National,US,290036.0,1862.0,6143
2023-08-01,Near Luxury SUV,genesis,gv70,genesis_gv70,gv70,National,US,692850.0,16004.0,35661
2023-08-01,Near Luxury EV SUV,genesis,gv70_ev,genesis_electrified_gv70,gv70_ev,National,US,177118.0,3092.0,7006
2023-08-01,Mid Luxury SUV,genesis,gv80,genesis_gv80,gv80,National,US,466449.0,10628.0,26014
2023-08-01,Mid Luxury SUV,genesis,gv80_coupe,genesis_gv80_coupe,gv80,National,US,0.0,0.0,
2023-08-01,Make Only,genesis,make_only,genesis_make_only,make_only,National,US,0.0,0.0,
2023-08-01,Brand,genesis,Total,genesis_Total,Total,WE,WE,373763.0,10337.0,22442
2023-08-01,Unassigned,genesis,Unassigned,unassigned,Unassigned,WE,WE,,,
2023-08-01,Unassigned,genesis,Unassigned,Unassigned,Unassigned,WE,WE,0.0,0.0,
2023-08-01,Near Luxury Car,genesis,g70,genesis_g70,g70,WE,WE,40807.0,1892.0,2765
2023-08-01,Mid Luxury Car,genesis,g80,genesis_g80,g80,WE,WE,20958.0,672.0,1237
2023-08-01,Mid Luxury EV Car,genesis,g80_ev,genesis_electrified_g80,g80_ev,WE,WE,9684.0,300.0,475
2023-08-01,Premium Luxury Car,genesis,g90,genesis_g90,g90,WE,WE,18943.0,993.0,1110
2023-08-01,Entry Luxury EV SUV,genesis,gv60,genesis_gv60,gv60,WE,WE,42171.0,588.0,1543
2023-08-01,Near Luxury SUV,genesis,gv70,genesis_gv70,gv70,WE,WE,85967.0,2986.0,4887
2023-08-01,Near Luxury EV SUV,genesis,gv70_ev,genesis_electrified_gv70,gv70_ev,WE,WE,35686.0,997.0,1766
2023-08-01,Mid Luxury SUV,genesis,gv80,genesis_gv80,gv80,WE,WE,72174.0,1908.0,3587
2023-08-01,Mid Luxury SUV,genesis,gv80_coupe,genesis_gv80_coupe,gv80,WE,WE,0.0,0.0,
2023-08-01,Make Only,genesis,make_only,genesis_make_only,make_only,WE,WE,0.0,0.0,
2023-09-01,Brand,genesis,Total,genesis_Total,Total,CE,CE,332264.0,7884.0,73553
2023-09-01,Unassigned,genesis,Unassigned,Unassigned,Unassigned,CE,CE,0.0,0.0,
2023-09-01,Unassigned,genesis,Unassigned,unassigned,Unassigned,CE,CE,,,
2023-09-01,Near Luxury Car,genesis,g70,genesis_g70,g70,CE,CE,27396.0,1326.0,7333
2023-09-01,Mid Luxury Car,genesis,g80,genesis_g80,g80,CE,CE,20337.0,844.0,4465
2023-09-01,Mid Luxury EV Car,genesis,g80_ev,genesis_electrified_g80,g80_ev,CE,CE,6235.0,211.0,764
2023-09-01,Premium Luxury Car,genesis,g90,genesis_g90,g90,CE,CE,17991.0,992.0,2798
2023-09-01,Entry Luxury EV SUV,genesis,gv60,genesis_gv60,gv60,CE,CE,40484.0,227.0,2743
2023-09-01,Near Luxury SUV,genesis,gv70,genesis_gv70,gv70,CE,CE,90981.0,2220.0,15790
2023-09-01,Near Luxury EV SUV,genesis,gv70_ev,genesis_electrified_gv70,gv70_ev,CE,CE,21917.0,355.0,2664
2023-09-01,Mid Luxury SUV,genesis,gv80,genesis_gv80,gv80,CE,CE,65950.0,1709.0,13551
2023-09-01,Mid Luxury SUV,genesis,gv80_coupe,genesis_gv80_coupe,gv80,CE,CE,140.0,0.0,1
2023-09-01,Make Only,genesis,make_only,genesis_make_only,make_only,CE,CE,0.0,0.0,
2023-09-01,Brand,genesis,Total,genesis_Total,Total,EA,EA,453904.0,12481.0,124680
2023-09-01,Unassigned,genesis,Unassigned,unassigned,Unassigned,EA,EA,,,
2023-09-01,Unassigned,genesis,Unassigned,Unassigned,Unassigned,EA,EA,0.0,0.0,
2023-09-01,Near Luxury Car,genesis,g70,genesis_g70,g70,EA,EA,49605.0,2265.0,13119
2023-09-01,Mid Luxury Car,genesis,g80,genesis_g80,g80,EA,EA,28176.0,1302.0,6952
2023-09-01,Mid Luxury EV Car,genesis,g80_ev,genesis_electrified_g80,g80_ev,EA,EA,9313.0,299.0,1525
2023-09-01,Premium Luxury Car,genesis,g90,genesis_g90,g90,EA,EA,21010.0,1418.0,4260
2023-09-01,Entry Luxury EV SUV,genesis,gv60,genesis_gv60,gv60,EA,EA,48848.0,515.0,5993
2023-09-01,Near Luxury SUV,genesis,gv70,genesis_gv70,gv70,EA,EA,109911.0,3706.0,28008
2023-09-01,Near Luxury EV SUV,genesis,gv70_ev,genesis_electrified_gv70,gv70_ev,EA,EA,32464.0,719.0,5401
2023-09-01,Mid Luxury SUV,genesis,gv80,genesis_gv80,gv80,EA,EA,86702.0,2257.0,20669
2023-09-01,Mid Luxury SUV,genesis,gv80_coupe,genesis_gv80_coupe,gv80,EA,EA,227.0,0.0,3
2023-09-01,Make Only,genesis,make_only,genesis_make_only,make_only,EA,EA,0.0,0.0,
2023-09-01,Brand,genesis,Total,genesis_Total,Total,MA,MA,220598.0,4582.0,41824
2023-09-01,Unassigned,genesis,Unassigned,unassigned,Unassigned,MA,MA,,,
2023-09-01,Unassigned,genesis,Unassigned,Unassigned,Unassigned,MA,MA,0.0,0.0,
2023-09-01,Near Luxury Car,genesis,g70,genesis_g70,g70,MA,MA,20191.0,762.0,4431
2023-09-01,Mid Luxury Car,genesis,g80,genesis_g80,g80,MA,MA,13541.0,618.0,2614
2023-09-01,Mid Luxury EV Car,genesis,g80_ev,genesis_electrified_g80,g80_ev,MA,MA,4656.0,121.0,568
2023-09-01,Premium Luxury Car,genesis,g90,genesis_g90,g90,MA,MA,12066.0,541.0,1840
2023-09-01,Entry Luxury EV SUV,genesis,gv60,genesis_gv60,gv60,MA,MA,28533.0,184.0,1894
2023-09-01,Near Luxury SUV,genesis,gv70,genesis_gv70,gv70,MA,MA,59282.0,1222.0,8927
2023-09-01,Near Luxury EV SUV,genesis,gv70_ev,genesis_electrified_gv70,gv70_ev,MA,MA,15362.0,264.0,1890
2023-09-01,Mid Luxury SUV,genesis,gv80,genesis_gv80,gv80,MA,MA,40598.0,870.0,7148
2023-09-01,Mid Luxury SUV,genesis,gv80_coupe,genesis_gv80_coupe,gv80,MA,MA,98.0,0.0,0
2023-09-01,Make Only,genesis,make_only,genesis_make_only,make_only,MA,MA,0.0,0.0,
2023-09-01,Brand,genesis,Total,genesis_Total,Total,MS,MS,175032.0,3321.0,30455
2023-09-01,Unassigned,genesis,Unassigned,unassigned,Unassigned,MS,MS,,,
2023-09-01,Unassigned,genesis,Unassigned,Unassigned,Unassigned,MS,MS,0.0,0.0,
2023-09-01,Near Luxury Car,genesis,g70,genesis_g70,g70,MS,MS,11515.0,510.0,2970
2023-09-01,Mid Luxury Car,genesis,g80,genesis_g80,g80,MS,MS,9041.0,327.0,1620
2023-09-01,Mid Luxury EV Car,genesis,g80_ev,genesis_electrified_g80,g80_ev,MS,MS,3777.0,110.0,557
2023-09-01,Premium Luxury Car,genesis,g90,genesis_g90,g90,MS,MS,9330.0,396.0,1240
2023-09-01,Entry Luxury EV SUV,genesis,gv60,genesis_gv60,gv60,MS,MS,27019.0,181.0,1968
2023-09-01,Near Luxury SUV,genesis,gv70,genesis_gv70,gv70,MS,MS,50205.0,830.0,6102
2023-09-01,Near Luxury EV SUV,genesis,gv70_ev,genesis_electrified_gv70,gv70_ev,MS,MS,12359.0,305.0,1836
2023-09-01,Mid Luxury SUV,genesis,gv80,genesis_gv80,gv80,MS,MS,28492.0,661.0,5180
2023-09-01,Mid Luxury SUV,genesis,gv80_coupe,genesis_gv80_coupe,gv80,MS,MS,59.0,0.0,1
2023-09-01,Make Only,genesis,make_only,genesis_make_only,make_only,MS,MS,0.0,0.0,
2023-09-01,Brand,genesis,Total,genesis_Total,Total,NH,NH,0.0,0.0,
2023-09-01,Unassigned,genesis,Unassigned,Unassigned,Unassigned,NH,NH,0.0,0.0,
2023-09-01,Unassigned,genesis,Unassigned,unassigned,Unassigned,NH,NH,,,
2023-09-01,Near Luxury Car,genesis,g70,genesis_g70,g70,NH,NH,0.0,0.0,
2023-09-01,Mid Luxury Car,genesis,g80,genesis_g80,g80,NH,NH,0.0,0.0,
2023-09-01,Mid Luxury EV Car,genesis,g80_ev,genesis_electrified_g80,g80_ev,NH,NH,0.0,0.0,
2023-09-01,Premium Luxury Car,genesis,g90,genesis_g90,g90,NH,NH,0.0,0.0,
2023-09-01,Entry Luxury EV SUV,genesis,gv60,genesis_gv60,gv60,NH,NH,0.0,0.0,
2023-09-01,Near Luxury SUV,genesis,gv70,genesis_gv70,gv70,NH,NH,0.0,0.0,
2023-09-01,Near Luxury EV SUV,genesis,gv70_ev,genesis_electrified_gv70,gv70_ev,NH,NH,0.0,0.0,
2023-09-01,Mid Luxury SUV,genesis,gv80,genesis_gv80,gv80,NH,NH,0.0,0.0,
2023-09-01,Mid Luxury SUV,genesis,gv80_coupe,genesis_gv80_coupe,gv80,NH,NH,0.0,0.0,
2023-09-01,Make Only,genesis,make_only,genesis_make_only,make_only,NH,NH,0.0,0.0,
2023-09-01,Brand,genesis,Total,genesis_Total,Total,SC,SC,269098.0,5932.0,49176
2023-09-01,Unassigned,genesis,Unassigned,unassigned,Unassigned,SC,SC,,,
2023-09-01,Unassigned,genesis,Unassigned,Unassigned,Unassigned,SC,SC,0.0,0.0,
2023-09-01,Near Luxury Car,genesis,g70,genesis_g70,g70,SC,SC,22298.0,978.0,4831
2023-09-01,Mid Luxury Car,genesis,g80,genesis_g80,g80,SC,SC,15641.0,704.0,3104
2023-09-01,Mid Luxury EV Car,genesis,g80_ev,genesis_electrified_g80,g80_ev,SC,SC,4865.0,168.0,545
2023-09-01,Premium Luxury Car,genesis,g90,genesis_g90,g90,SC,SC,15122.0,719.0,2120
2023-09-01,Entry Luxury EV SUV,genesis,gv60,genesis_gv60,gv60,SC,SC,36375.0,176.0,1797
2023-09-01,Near Luxury SUV,genesis,gv70,genesis_gv70,gv70,SC,SC,81530.0,1629.0,10690
2023-09-01,Near Luxury EV SUV,genesis,gv70_ev,genesis_electrified_gv70,gv70_ev,SC,SC,16287.0,240.0,1642
2023-09-01,Mid Luxury SUV,genesis,gv80,genesis_gv80,gv80,SC,SC,48700.0,1317.0,9335
2023-09-01,Mid Luxury SUV,genesis,gv80_coupe,genesis_gv80_coupe,gv80,SC,SC,113.0,0.0,0
2023-09-01,Make Only,genesis,make_only,genesis_make_only,make_only,SC,SC,0.0,0.0,
2023-09-01,Brand,genesis,Total,genesis_Total,Total,SO,SO,309934.0,6604.0,60860
2023-09-01,Unassigned,genesis,Unassigned,unassigned,Unassigned,SO,SO,,,
2023-09-01,Unassigned,genesis,Unassigned,Unassigned,Unassigned,SO,SO,0.0,0.0,
2023-09-01,Near Luxury Car,genesis,g70,genesis_g70,g70,SO,SO,26337.0,1124.0,6388
2023-09-01,Mid Luxury Car,genesis,g80,genesis_g80,g80,SO,SO,19939.0,774.0,4098
2023-09-01,Mid Luxury EV Car,genesis,g80_ev,genesis_electrified_g80,g80_ev,SO,SO,6057.0,163.0,712
2023-09-01,Premium Luxury Car,genesis,g90,genesis_g90,g90,SO,SO,16945.0,828.0,2541
2023-09-01,Entry Luxury EV SUV,genesis,gv60,genesis_gv60,gv60,SO,SO,40314.0,253.0,2554
2023-09-01,Near Luxury SUV,genesis,gv70,genesis_gv70,gv70,SO,SO,94894.0,1774.0,13263
2023-09-01,Near Luxury EV SUV,genesis,gv70_ev,genesis_electrified_gv70,gv70_ev,SO,SO,19479.0,323.0,2232
2023-09-01,Mid Luxury SUV,genesis,gv80,genesis_gv80,gv80,SO,SO,53967.0,1363.0,10809
2023-09-01,Mid Luxury SUV,genesis,gv80_coupe,genesis_gv80_coupe,gv80,SO,SO,122.0,2.0,1
2023-09-01,Make Only,genesis,make_only,genesis_make_only,make_only,SO,SO,0.0,0.0,
2023-09-01,Brand,genesis,Total,genesis_Total,Total,National,US,2237557.0,51341.0,470865
2023-09-01,Unassigned,genesis,Unassigned,unassigned,Unassigned,National,US,,,
2023-09-01,Unassigned,genesis,Unassigned,Unassigned,Unassigned,National,US,0.0,0.0,
2023-09-01,Near Luxury Car,genesis,g70,genesis_g70,g70,National,US,203993.0,8827.0,48748
2023-09-01,Mid Luxury Car,genesis,g80,genesis_g80,g80,National,US,133074.0,5660.0,27951
2023-09-01,Mid Luxury EV Car,genesis,g80_ev,genesis_electrified_g80,g80_ev,National,US,65579.0,1416.0,6710
2023-09-01,Premium Luxury Car,genesis,g90,genesis_g90,g90,National,US,117635.0,6133.0,19019
2023-09-01,Entry Luxury EV SUV,genesis,gv60,genesis_gv60,gv60,National,US,291058.0,2262.0,23210
2023-09-01,Near Luxury SUV,genesis,gv70,genesis_gv70,gv70,National,US,573873.0,13984.0,100105
2023-09-01,Near Luxury EV SUV,genesis,gv70_ev,genesis_electrified_gv70,gv70_ev,National,US,152505.0,3173.0,22272
2023-09-01,Mid Luxury SUV,genesis,gv80,genesis_gv80,gv80,National,US,415087.0,9880.0,81439
2023-09-01,Mid Luxury SUV,genesis,gv80_coupe,genesis_gv80_coupe,gv80,National,US,968.0,3.0,13
2023-09-01,Make Only,genesis,make_only,genesis_make_only,make_only,National,US,0.0,0.0,
2023-09-01,Brand,genesis,Total,genesis_Total,Total,WE,WE,334840.0,9124.0,74154
2023-09-01,Unassigned,genesis,Unassigned,Unassigned,Unassigned,WE,WE,0.0,0.0,
2023-09-01,Unassigned,genesis,Unassigned,unassigned,Unassigned,WE,WE,,,
2023-09-01,Near Luxury Car,genesis,g70,genesis_g70,g70,WE,WE,36949.0,1653.0,7906
2023-09-01,Mid Luxury Car,genesis,g80,genesis_g80,g80,WE,WE,19666.0,932.0,3953
2023-09-01,Mid Luxury EV Car,genesis,g80_ev,genesis_electrified_g80,g80_ev,WE,WE,10168.0,293.0,1676
2023-09-01,Premium Luxury Car,genesis,g90,genesis_g90,g90,WE,WE,17053.0,996.0,2756
2023-09-01,Entry Luxury EV SUV,genesis,gv60,genesis_gv60,gv60,WE,WE,42959.0,631.0,5500
2023-09-01,Near Luxury SUV,genesis,gv70,genesis_gv70,gv70,WE,WE,73428.0,2279.0,14312
2023-09-01,Near Luxury EV SUV,genesis,gv70_ev,genesis_electrified_gv70,gv70_ev,WE,WE,29749.0,874.0,5807
2023-09-01,Mid Luxury SUV,genesis,gv80,genesis_gv80,gv80,WE,WE,67947.0,1465.0,11661
2023-09-01,Mid Luxury SUV,genesis,gv80_coupe,genesis_gv80_coupe,gv80,WE,WE,170.0,1.0,3
2023-09-01,Make Only,genesis,make_only,genesis_make_only,make_only,WE,WE,0.0,0.0,
2023-10-01,Brand,genesis,Total,genesis_Total,Total,CE,CE,421822.0,8865.0,70891
2023-10-01,Unassigned,genesis,Unassigned,unassigned,Unassigned,CE,CE,,,
2023-10-01,Unassigned,genesis,Unassigned,Unassigned,Unassigned,CE,CE,0.0,0.0,
2023-10-01,Near Luxury Car,genesis,g70,genesis_g70,g70,CE,CE,30743.0,1490.0,6734
2023-10-01,Mid Luxury Car,genesis,g80,genesis_g80,g80,CE,CE,22476.0,1097.0,3971
2023-10-01,Mid Luxury EV Car,genesis,g80_ev,genesis_electrified_g80,g80_ev,CE,CE,6774.0,225.0,764
2023-10-01,Premium Luxury Car,genesis,g90,genesis_g90,g90,CE,CE,103598.0,1177.0,3602
2023-10-01,Entry Luxury EV SUV,genesis,gv60,genesis_gv60,gv60,CE,CE,52092.0,240.0,2908
2023-10-01,Near Luxury SUV,genesis,gv70,genesis_gv70,gv70,CE,CE,87300.0,2290.0,14361
2023-10-01,Near Luxury EV SUV,genesis,gv70_ev,genesis_electrified_gv70,gv70_ev,CE,CE,26486.0,457.0,2849
2023-10-01,Mid Luxury SUV,genesis,gv80,genesis_gv80,gv80,CE,CE,70262.0,1888.0,12901
2023-10-01,Mid Luxury SUV,genesis,gv80_coupe,genesis_gv80_coupe,gv80,CE,CE,351.0,1.0,4
2023-10-01,Make Only,genesis,make_only,genesis_make_only,make_only,CE,CE,0.0,0.0,
2023-10-01,Brand,genesis,Total,genesis_Total,Total,EA,EA,525298.0,12994.0,115718
2023-10-01,Unassigned,genesis,Unassigned,Unassigned,Unassigned,EA,EA,0.0,0.0,
2023-10-01,Unassigned,genesis,Unassigned,unassigned,Unassigned,EA,EA,,,
2023-10-01,Near Luxury Car,genesis,g70,genesis_g70,g70,EA,EA,55487.0,2232.0,11546
2023-10-01,Mid Luxury Car,genesis,g80,genesis_g80,g80,EA,EA,32375.0,1450.0,6208
2023-10-01,Mid Luxury EV Car,genesis,g80_ev,genesis_electrified_g80,g80_ev,EA,EA,9522.0,360.0,1334
2023-10-01,Premium Luxury Car,genesis,g90,genesis_g90,g90,EA,EA,82433.0,1504.0,4504
2023-10-01,Entry Luxury EV SUV,genesis,gv60,genesis_gv60,gv60,EA,EA,58182.0,472.0,5891
2023-10-01,Near Luxury SUV,genesis,gv70,genesis_gv70,gv70,EA,EA,107100.0,3755.0,25513
2023-10-01,Near Luxury EV SUV,genesis,gv70_ev,genesis_electrified_gv70,gv70_ev,EA,EA,36621.0,760.0,5284
2023-10-01,Mid Luxury SUV,genesis,gv80,genesis_gv80,gv80,EA,EA,98637.0,2460.0,19530
2023-10-01,Mid Luxury SUV,genesis,gv80_coupe,genesis_gv80_coupe,gv80,EA,EA,549.0,1.0,12
2023-10-01,Make Only,genesis,make_only,genesis_make_only,make_only,EA,EA,0.0,0.0,
2023-10-01,Brand,genesis,Total,genesis_Total,Total,MA,MA,277473.0,4643.0,39724
2023-10-01,Unassigned,genesis,Unassigned,Unassigned,Unassigned,MA,MA,0.0,0.0,
2023-10-01,Unassigned,genesis,Unassigned,unassigned,Unassigned,MA,MA,,,
2023-10-01,Near Luxury Car,genesis,g70,genesis_g70,g70,MA,MA,21436.0,768.0,3676
2023-10-01,Mid Luxury Car,genesis,g80,genesis_g80,g80,MA,MA,17061.0,584.0,2373
2023-10-01,Mid Luxury EV Car,genesis,g80_ev,genesis_electrified_g80,g80_ev,MA,MA,4962.0,157.0,528
2023-10-01,Premium Luxury Car,genesis,g90,genesis_g90,g90,MA,MA,66568.0,612.0,2295
2023-10-01,Entry Luxury EV SUV,genesis,gv60,genesis_gv60,gv60,MA,MA,35085.0,185.0,2147
2023-10-01,Near Luxury SUV,genesis,gv70,genesis_gv70,gv70,MA,MA,58683.0,1163.0,7983
2023-10-01,Near Luxury EV SUV,genesis,gv70_ev,genesis_electrified_gv70,gv70_ev,MA,MA,18759.0,241.0,1721
2023-10-01,Mid Luxury SUV,genesis,gv80,genesis_gv80,gv80,MA,MA,43554.0,932.0,6795
2023-10-01,Mid Luxury SUV,genesis,gv80_coupe,genesis_gv80_coupe,gv80,MA,MA,211.0,1.0,4
2023-10-01,Make Only,genesis,make_only,genesis_make_only,make_only,MA,MA,0.0,0.0,
2023-10-01,Brand,genesis,Total,genesis_Total,Total,MS,MS,252220.0,3331.0,28759
2023-10-01,Unassigned,genesis,Unassigned,unassigned,Unassigned,MS,MS,,,
2023-10-01,Unassigned,genesis,Unassigned,Unassigned,Unassigned,MS,MS,0.0,0.0,
2023-10-01,Near Luxury Car,genesis,g70,genesis_g70,g70,MS,MS,14883.0,473.0,2579
2023-10-01,Mid Luxury Car,genesis,g80,genesis_g80,g80,MS,MS,10776.0,412.0,1553
2023-10-01,Mid Luxury EV Car,genesis,g80_ev,genesis_electrified_g80,g80_ev,MS,MS,4197.0,109.0,531
2023-10-01,Premium Luxury Car,genesis,g90,genesis_g90,g90,MS,MS,76358.0,419.0,1680
2023-10-01,Entry Luxury EV SUV,genesis,gv60,genesis_gv60,gv60,MS,MS,38766.0,162.0,2048
2023-10-01,Near Luxury SUV,genesis,gv70,genesis_gv70,gv70,MS,MS,47128.0,787.0,5336
2023-10-01,Near Luxury EV SUV,genesis,gv70_ev,genesis_electrified_gv70,gv70_ev,MS,MS,17493.0,311.0,1766
2023-10-01,Mid Luxury SUV,genesis,gv80,genesis_gv80,gv80,MS,MS,32569.0,657.0,4880
2023-10-01,Mid Luxury SUV,genesis,gv80_coupe,genesis_gv80_coupe,gv80,MS,MS,134.0,1.0,6
2023-10-01,Make Only,genesis,make_only,genesis_make_only,make_only,MS,MS,0.0,0.0,
2023-10-01,Brand,genesis,Total,genesis_Total,Total,NH,NH,0.0,0.0,
2023-10-01,Unassigned,genesis,Unassigned,Unassigned,Unassigned,NH,NH,0.0,0.0,
2023-10-01,Unassigned,genesis,Unassigned,unassigned,Unassigned,NH,NH,,,
2023-10-01,Near Luxury Car,genesis,g70,genesis_g70,g70,NH,NH,0.0,0.0,
2023-10-01,Mid Luxury Car,genesis,g80,genesis_g80,g80,NH,NH,0.0,0.0,
2023-10-01,Mid Luxury EV Car,genesis,g80_ev,genesis_electrified_g80,g80_ev,NH,NH,0.0,0.0,
2023-10-01,Premium Luxury Car,genesis,g90,genesis_g90,g90,NH,NH,0.0,0.0,
2023-10-01,Entry Luxury EV SUV,genesis,gv60,genesis_gv60,gv60,NH,NH,0.0,0.0,
2023-10-01,Near Luxury SUV,genesis,gv70,genesis_gv70,gv70,NH,NH,0.0,0.0,
2023-10-01,Near Luxury EV SUV,genesis,gv70_ev,genesis_electrified_gv70,gv70_ev,NH,NH,0.0,0.0,
2023-10-01,Mid Luxury SUV,genesis,gv80,genesis_gv80,gv80,NH,NH,0.0,0.0,
2023-10-01,Mid Luxury SUV,genesis,gv80_coupe,genesis_gv80_coupe,gv80,NH,NH,0.0,0.0,
2023-10-01,Make Only,genesis,make_only,genesis_make_only,make_only,NH,NH,0.0,0.0,
2023-10-01,Brand,genesis,Total,genesis_Total,Total,SC,SC,372379.0,6212.0,47915
2023-10-01,Unassigned,genesis,Unassigned,Unassigned,Unassigned,SC,SC,0.0,0.0,
2023-10-01,Unassigned,genesis,Unassigned,unassigned,Unassigned,SC,SC,,,
2023-10-01,Near Luxury Car,genesis,g70,genesis_g70,g70,SC,SC,28310.0,1075.0,4529
2023-10-01,Mid Luxury Car,genesis,g80,genesis_g80,g80,SC,SC,17868.0,801.0,2802
2023-10-01,Mid Luxury EV Car,genesis,g80_ev,genesis_electrified_g80,g80_ev,SC,SC,5517.0,233.0,596
2023-10-01,Premium Luxury Car,genesis,g90,genesis_g90,g90,SC,SC,105978.0,811.0,2758
2023-10-01,Entry Luxury EV SUV,genesis,gv60,genesis_gv60,gv60,SC,SC,47755.0,172.0,1919
2023-10-01,Near Luxury SUV,genesis,gv70,genesis_gv70,gv70,SC,SC,80545.0,1537.0,9682
2023-10-01,Near Luxury EV SUV,genesis,gv70_ev,genesis_electrified_gv70,gv70_ev,SC,SC,20931.0,276.0,1619
2023-10-01,Mid Luxury SUV,genesis,gv80,genesis_gv80,gv80,SC,SC,56289.0,1306.0,8896
2023-10-01,Mid Luxury SUV,genesis,gv80_coupe,genesis_gv80_coupe,gv80,SC,SC,266.0,1.0,6
2023-10-01,Make Only,genesis,make_only,genesis_make_only,make_only,SC,SC,0.0,0.0,
2023-10-01,Brand,genesis,Total,genesis_Total,Total,SO,SO,430487.0,7547.0,62902
2023-10-01,Unassigned,genesis,Unassigned,unassigned,Unassigned,SO,SO,,,
2023-10-01,Unassigned,genesis,Unassigned,Unassigned,Unassigned,SO,SO,0.0,0.0,
2023-10-01,Near Luxury Car,genesis,g70,genesis_g70,g70,SO,SO,34810.0,1226.0,5645
2023-10-01,Mid Luxury Car,genesis,g80,genesis_g80,g80,SO,SO,28401.0,970.0,3932
2023-10-01,Mid Luxury EV Car,genesis,g80_ev,genesis_electrified_g80,g80_ev,SO,SO,7180.0,229.0,716
2023-10-01,Premium Luxury Car,genesis,g90,genesis_g90,g90,SO,SO,102582.0,985.0,3267
2023-10-01,Entry Luxury EV SUV,genesis,gv60,genesis_gv60,gv60,SO,SO,51660.0,290.0,2947
2023-10-01,Near Luxury SUV,genesis,gv70,genesis_gv70,gv70,SO,SO,97952.0,1920.0,13319
2023-10-01,Near Luxury EV SUV,genesis,gv70_ev,genesis_electrified_gv70,gv70_ev,SO,SO,25954.0,418.0,2448
2023-10-01,Mid Luxury SUV,genesis,gv80,genesis_gv80,gv80,SO,SO,67310.0,1508.0,11055
2023-10-01,Mid Luxury SUV,genesis,gv80_coupe,genesis_gv80_coupe,gv80,SO,SO,303.0,1.0,0
2023-10-01,Make Only,genesis,make_only,genesis_make_only,make_only,SO,SO,0.0,0.0,
2023-10-01,Brand,genesis,Total,genesis_Total,Total,National,US,2755915.0,53438.0,446957
2023-10-01,Unassigned,genesis,Unassigned,Unassigned,Unassigned,National,US,0.0,0.0,
2023-10-01,Unassigned,genesis,Unassigned,unassigned,Unassigned,National,US,,,
2023-10-01,Near Luxury Car,genesis,g70,genesis_g70,g70,National,US,237754.0,8811.0,42437
2023-10-01,Mid Luxury Car,genesis,g80,genesis_g80,g80,National,US,159046.0,6466.0,25467
2023-10-01,Mid Luxury EV Car,genesis,g80_ev,genesis_electrified_g80,g80_ev,National,US,50403.0,1746.0,6373
2023-10-01,Premium Luxury Car,genesis,g90,genesis_g90,g90,National,US,616423.0,6744.0,22122
2023-10-01,Entry Luxury EV SUV,genesis,gv60,genesis_gv60,gv60,National,US,341798.0,2199.0,25118
2023-10-01,Near Luxury SUV,genesis,gv70,genesis_gv70,gv70,National,US,564762.0,13633.0,90663
2023-10-01,Near Luxury EV SUV,genesis,gv70_ev,genesis_electrified_gv70,gv70_ev,National,US,184827.0,3453.0,21917
2023-10-01,Mid Luxury SUV,genesis,gv80,genesis_gv80,gv80,National,US,461546.0,10379.0,76888
2023-10-01,Mid Luxury SUV,genesis,gv80_coupe,genesis_gv80_coupe,gv80,National,US,2342.0,7.0,43
2023-10-01,Make Only,genesis,make_only,genesis_make_only,make_only,National,US,0.0,0.0,
2023-10-01,Brand,genesis,Total,genesis_Total,Total,WE,WE,395680.0,9013.0,71335
2023-10-01,Unassigned,genesis,Unassigned,unassigned,Unassigned,WE,WE,,,
2023-10-01,Unassigned,genesis,Unassigned,Unassigned,Unassigned,WE,WE,0.0,0.0,
2023-10-01,Near Luxury Car,genesis,g70,genesis_g70,g70,WE,WE,43906.0,1467.0,6730
2023-10-01,Mid Luxury Car,genesis,g80,genesis_g80,g80,WE,WE,21494.0,1034.0,3689
2023-10-01,Mid Luxury EV Car,genesis,g80_ev,genesis_electrified_g80,g80_ev,WE,WE,10304.0,402.0,1692
2023-10-01,Premium Luxury Car,genesis,g90,genesis_g90,g90,WE,WE,69878.0,1066.0,2980
2023-10-01,Entry Luxury EV SUV,genesis,gv60,genesis_gv60,gv60,WE,WE,51377.0,648.0,6747
2023-10-01,Near Luxury SUV,genesis,gv70,genesis_gv70,gv70,WE,WE,75046.0,1974.0,12740
2023-10-01,Near Luxury EV SUV,genesis,gv70_ev,genesis_electrified_gv70,gv70_ev,WE,WE,34668.0,917.0,5816
2023-10-01,Mid Luxury SUV,genesis,gv80,genesis_gv80,gv80,WE,WE,73218.0,1504.0,10798
2023-10-01,Mid Luxury SUV,genesis,gv80_coupe,genesis_gv80_coupe,gv80,WE,WE,437.0,1.0,9
2023-10-01,Make Only,genesis,make_only,genesis_make_only,make_only,WE,WE,0.0,0.0,
2023-11-01,Brand,genesis,Total,genesis_Total,Total,CE,CE,298032.0,16882.0,66996
2023-11-01,Unassigned,genesis,Unassigned,unassigned,Unassigned,CE,CE,,,
2023-11-01,Unassigned,genesis,Unassigned,Unassigned,Unassigned,CE,CE,0.0,0.0,
2023-11-01,Near Luxury Car,genesis,g70,genesis_g70,g70,CE,CE,21632.0,1991.0,6242
2023-11-01,Mid Luxury Car,genesis,g80,genesis_g80,g80,CE,CE,11145.0,1267.0,2820
2023-11-01,Mid Luxury EV Car,genesis,g80_ev,genesis_electrified_g80,g80_ev,CE,CE,3858.0,259.0,649
2023-11-01,Premium Luxury Car,genesis,g90,genesis_g90,g90,CE,CE,9773.0,1152.0,2086
2023-11-01,Entry Luxury EV SUV,genesis,gv60,genesis_gv60,gv60,CE,CE,18879.0,457.0,2326
2023-11-01,Near Luxury SUV,genesis,gv70,genesis_gv70,gv70,CE,CE,91990.0,3706.0,14965
2023-11-01,Near Luxury EV SUV,genesis,gv70_ev,genesis_electrified_gv70,gv70_ev,CE,CE,12716.0,605.0,2088
2023-11-01,Mid Luxury SUV,genesis,gv80,genesis_gv80,gv80,CE,CE,96173.0,3089.0,13925
2023-11-01,Mid Luxury SUV,genesis,gv80_coupe,genesis_gv80_coupe,gv80,CE,CE,2247.0,6.0,12
2023-11-01,Make Only,genesis,make_only,genesis_make_only,make_only,CE,CE,0.0,0.0,
2023-11-01,Brand,genesis,Total,genesis_Total,Total,EA,EA,432271.0,26529.0,112342
2023-11-01,Unassigned,genesis,Unassigned,Unassigned,Unassigned,EA,EA,0.0,0.0,
2023-11-01,Unassigned,genesis,Unassigned,unassigned,Unassigned,EA,EA,,,
2023-11-01,Near Luxury Car,genesis,g70,genesis_g70,g70,EA,EA,43616.0,2871.0,11006
2023-11-01,Mid Luxury Car,genesis,g80,genesis_g80,g80,EA,EA,17048.0,1862.0,4987
2023-11-01,Mid Luxury EV Car,genesis,g80_ev,genesis_electrified_g80,g80_ev,EA,EA,6339.0,371.0,1204
2023-11-01,Premium Luxury Car,genesis,g90,genesis_g90,g90,EA,EA,13808.0,1805.0,3351
2023-11-01,Entry Luxury EV SUV,genesis,gv60,genesis_gv60,gv60,EA,EA,28017.0,940.0,4689
2023-11-01,Near Luxury SUV,genesis,gv70,genesis_gv70,gv70,EA,EA,123152.0,6346.0,27726
2023-11-01,Near Luxury EV SUV,genesis,gv70_ev,genesis_electrified_gv70,gv70_ev,EA,EA,21282.0,1011.0,4232
2023-11-01,Mid Luxury SUV,genesis,gv80,genesis_gv80,gv80,EA,EA,129337.0,4415.0,20992
2023-11-01,Mid Luxury SUV,genesis,gv80_coupe,genesis_gv80_coupe,gv80,EA,EA,3858.0,13.0,30
2023-11-01,Make Only,genesis,make_only,genesis_make_only,make_only,EA,EA,0.0,0.0,
2023-11-01,Brand,genesis,Total,genesis_Total,Total,MA,MA,209201.0,10741.0,43299
2023-11-01,Unassigned,genesis,Unassigned,unassigned,Unassigned,MA,MA,,,
2023-11-01,Unassigned,genesis,Unassigned,Unassigned,Unassigned,MA,MA,0.0,0.0,
2023-11-01,Near Luxury Car,genesis,g70,genesis_g70,g70,MA,MA,14246.0,1069.0,3719
2023-11-01,Mid Luxury Car,genesis,g80,genesis_g80,g80,MA,MA,6985.0,800.0,1804
2023-11-01,Mid Luxury EV Car,genesis,g80_ev,genesis_electrified_g80,g80_ev,MA,MA,2646.0,197.0,413
2023-11-01,Premium Luxury Car,genesis,g90,genesis_g90,g90,MA,MA,6311.0,760.0,1365
2023-11-01,Entry Luxury EV SUV,genesis,gv60,genesis_gv60,gv60,MA,MA,13462.0,329.0,1733
2023-11-01,Near Luxury SUV,genesis,gv70,genesis_gv70,gv70,MA,MA,66756.0,2429.0,10143
2023-11-01,Near Luxury EV SUV,genesis,gv70_ev,genesis_electrified_gv70,gv70_ev,MA,MA,9145.0,480.0,1643
2023-11-01,Mid Luxury SUV,genesis,gv80,genesis_gv80,gv80,MA,MA,66916.0,1813.0,8682
2023-11-01,Mid Luxury SUV,genesis,gv80_coupe,genesis_gv80_coupe,gv80,MA,MA,1454.0,6.0,6
2023-11-01,Make Only,genesis,make_only,genesis_make_only,make_only,MA,MA,0.0,0.0,
2023-11-01,Brand,genesis,Total,genesis_Total,Total,MS,MS,154005.0,6780.0,29164
2023-11-01,Unassigned,genesis,Unassigned,unassigned,Unassigned,MS,MS,,,
2023-11-01,Unassigned,genesis,Unassigned,Unassigned,Unassigned,MS,MS,0.0,0.0,
2023-11-01,Near Luxury Car,genesis,g70,genesis_g70,g70,MS,MS,9192.0,729.0,2600
2023-11-01,Mid Luxury Car,genesis,g80,genesis_g80,g80,MS,MS,4718.0,482.0,1192
2023-11-01,Mid Luxury EV Car,genesis,g80_ev,genesis_electrified_g80,g80_ev,MS,MS,2372.0,122.0,389
2023-11-01,Premium Luxury Car,genesis,g90,genesis_g90,g90,MS,MS,4341.0,505.0,1060
2023-11-01,Entry Luxury EV SUV,genesis,gv60,genesis_gv60,gv60,MS,MS,13356.0,296.0,1532
2023-11-01,Near Luxury SUV,genesis,gv70,genesis_gv70,gv70,MS,MS,46560.0,1436.0,6426
2023-11-01,Near Luxury EV SUV,genesis,gv70_ev,genesis_electrified_gv70,gv70_ev,MS,MS,7828.0,445.0,1443
2023-11-01,Mid Luxury SUV,genesis,gv80,genesis_gv80,gv80,MS,MS,45145.0,1297.0,5869
2023-11-01,Mid Luxury SUV,genesis,gv80_coupe,genesis_gv80_coupe,gv80,MS,MS,912.0,2.0,7
2023-11-01,Make Only,genesis,make_only,genesis_make_only,make_only,MS,MS,0.0,0.0,
2023-11-01,Brand,genesis,Total,genesis_Total,Total,NH,NH,0.0,0.0,
2023-11-01,Unassigned,genesis,Unassigned,unassigned,Unassigned,NH,NH,,,
2023-11-01,Unassigned,genesis,Unassigned,Unassigned,Unassigned,NH,NH,0.0,0.0,
2023-11-01,Near Luxury Car,genesis,g70,genesis_g70,g70,NH,NH,0.0,0.0,
2023-11-01,Mid Luxury Car,genesis,g80,genesis_g80,g80,NH,NH,0.0,0.0,
2023-11-01,Mid Luxury EV Car,genesis,g80_ev,genesis_electrified_g80,g80_ev,NH,NH,0.0,0.0,
2023-11-01,Premium Luxury Car,genesis,g90,genesis_g90,g90,NH,NH,0.0,0.0,
2023-11-01,Entry Luxury EV SUV,genesis,gv60,genesis_gv60,gv60,NH,NH,0.0,0.0,
2023-11-01,Near Luxury SUV,genesis,gv70,genesis_gv70,gv70,NH,NH,0.0,0.0,
2023-11-01,Near Luxury EV SUV,genesis,gv70_ev,genesis_electrified_gv70,gv70_ev,NH,NH,0.0,0.0,
2023-11-01,Mid Luxury SUV,genesis,gv80,genesis_gv80,gv80,NH,NH,0.0,0.0,
2023-11-01,Mid Luxury SUV,genesis,gv80_coupe,genesis_gv80_coupe,gv80,NH,NH,0.0,0.0,
2023-11-01,Make Only,genesis,make_only,genesis_make_only,make_only,NH,NH,0.0,0.0,
2023-11-01,Brand,genesis,Total,genesis_Total,Total,SC,SC,260605.0,12391.0,49521
2023-11-01,Unassigned,genesis,Unassigned,unassigned,Unassigned,SC,SC,,,
2023-11-01,Unassigned,genesis,Unassigned,Unassigned,Unassigned,SC,SC,0.0,0.0,
2023-11-01,Near Luxury Car,genesis,g70,genesis_g70,g70,SC,SC,18607.0,1346.0,4351
2023-11-01,Mid Luxury Car,genesis,g80,genesis_g80,g80,SC,SC,8005.0,917.0,2007
2023-11-01,Mid Luxury EV Car,genesis,g80_ev,genesis_electrified_g80,g80_ev,SC,SC,2715.0,223.0,390
2023-11-01,Premium Luxury Car,genesis,g90,genesis_g90,g90,SC,SC,7475.0,897.0,1585
2023-11-01,Entry Luxury EV SUV,genesis,gv60,genesis_gv60,gv60,SC,SC,15931.0,359.0,1647
2023-11-01,Near Luxury SUV,genesis,gv70,genesis_gv70,gv70,SC,SC,86177.0,2744.0,11311
2023-11-01,Near Luxury EV SUV,genesis,gv70_ev,genesis_electrified_gv70,gv70_ev,SC,SC,9192.0,435.0,1399
2023-11-01,Mid Luxury SUV,genesis,gv80,genesis_gv80,gv80,SC,SC,86145.0,2540.0,10739
2023-11-01,Mid Luxury SUV,genesis,gv80_coupe,genesis_gv80_coupe,gv80,SC,SC,1555.0,6.0,12
2023-11-01,Make Only,genesis,make_only,genesis_make_only,make_only,SC,SC,0.0,0.0,
2023-11-01,Brand,genesis,Total,genesis_Total,Total,SO,SO,353902.0,18257.0,74006
2023-11-01,Unassigned,genesis,Unassigned,unassigned,Unassigned,SO,SO,,,
2023-11-01,Unassigned,genesis,Unassigned,Unassigned,Unassigned,SO,SO,0.0,0.0,
2023-11-01,Near Luxury Car,genesis,g70,genesis_g70,g70,SO,SO,26620.0,2062.0,6428
2023-11-01,Mid Luxury Car,genesis,g80,genesis_g80,g80,SO,SO,12369.0,1364.0,3192
2023-11-01,Mid Luxury EV Car,genesis,g80_ev,genesis_electrified_g80,g80_ev,SO,SO,4277.0,281.0,679
2023-11-01,Premium Luxury Car,genesis,g90,genesis_g90,g90,SO,SO,11025.0,1381.0,2427
2023-11-01,Entry Luxury EV SUV,genesis,gv60,genesis_gv60,gv60,SO,SO,20852.0,561.0,2805
2023-11-01,Near Luxury SUV,genesis,gv70,genesis_gv70,gv70,SO,SO,115616.0,4190.0,17727
2023-11-01,Near Luxury EV SUV,genesis,gv70_ev,genesis_electrified_gv70,gv70_ev,SO,SO,14165.0,768.0,2334
2023-11-01,Mid Luxury SUV,genesis,gv80,genesis_gv80,gv80,SO,SO,113926.0,3187.0,15045
2023-11-01,Mid Luxury SUV,genesis,gv80_coupe,genesis_gv80_coupe,gv80,SO,SO,2721.0,7.0,11
2023-11-01,Make Only,genesis,make_only,genesis_make_only,make_only,SO,SO,0.0,0.0,
2023-11-01,Brand,genesis,Total,genesis_Total,Total,National,US,2101457.0,109806.0,456080
2023-11-01,Unassigned,genesis,Unassigned,unassigned,Unassigned,National,US,,,
2023-11-01,Unassigned,genesis,Unassigned,Unassigned,Unassigned,National,US,0.0,0.0,
2023-11-01,Near Luxury Car,genesis,g70,genesis_g70,g70,National,US,171845.0,12142.0,42048
2023-11-01,Mid Luxury Car,genesis,g80,genesis_g80,g80,National,US,80029.0,7966.0,19744
2023-11-01,Mid Luxury EV Car,genesis,g80_ev,genesis_electrified_g80,g80_ev,National,US,31102.0,1912.0,5167
2023-11-01,Premium Luxury Car,genesis,g90,genesis_g90,g90,National,US,70261.0,7964.0,15284
2023-11-01,Entry Luxury EV SUV,genesis,gv60,genesis_gv60,gv60,National,US,139596.0,4106.0,20623
2023-11-01,Near Luxury SUV,genesis,gv70,genesis_gv70,gv70,National,US,629113.0,24505.0,104941
2023-11-01,Near Luxury EV SUV,genesis,gv70_ev,genesis_electrified_gv70,gv70_ev,National,US,99908.0,5109.0,18179
2023-11-01,Mid Luxury SUV,genesis,gv80,genesis_gv80,gv80,National,US,649773.0,19495.0,89737
2023-11-01,Mid Luxury SUV,genesis,gv80_coupe,genesis_gv80_coupe,gv80,National,US,16883.0,51.0,102
2023-11-01,Make Only,genesis,make_only,genesis_make_only,make_only,National,US,0.0,0.0,
2023-11-01,Brand,genesis,Total,genesis_Total,Total,WE,WE,325603.0,17210.0,72243
2023-11-01,Unassigned,genesis,Unassigned,Unassigned,Unassigned,WE,WE,0.0,0.0,
2023-11-01,Unassigned,genesis,Unassigned,unassigned,Unassigned,WE,WE,,,
2023-11-01,Near Luxury Car,genesis,g70,genesis_g70,g70,WE,WE,30915.0,1946.0,6815
2023-11-01,Mid Luxury Car,genesis,g80,genesis_g80,g80,WE,WE,11372.0,1130.0,2965
2023-11-01,Mid Luxury EV Car,genesis,g80_ev,genesis_electrified_g80,g80_ev,WE,WE,7142.0,417.0,1280
2023-11-01,Premium Luxury Car,genesis,g90,genesis_g90,g90,WE,WE,10061.0,1235.0,2401
2023-11-01,Entry Luxury EV SUV,genesis,gv60,genesis_gv60,gv60,WE,WE,25467.0,1104.0,5446
2023-11-01,Near Luxury SUV,genesis,gv70,genesis_gv70,gv70,WE,WE,88051.0,3393.0,15114
2023-11-01,Near Luxury EV SUV,genesis,gv70_ev,genesis_electrified_gv70,gv70_ev,WE,WE,22257.0,1282.0,4690
2023-11-01,Mid Luxury SUV,genesis,gv80,genesis_gv80,gv80,WE,WE,95379.0,2974.0,12786
2023-11-01,Mid Luxury SUV,genesis,gv80_coupe,genesis_gv80_coupe,gv80,WE,WE,3527.0,9.0,20
2023-11-01,Make Only,genesis,make_only,genesis_make_only,make_only,WE,WE,0.0,0.0,
2023-12-01,Brand,genesis,Total,genesis_Total,Total,CE,CE,424967.0,20271.0,87694
2023-12-01,Unassigned,genesis,Unassigned,unassigned,Unassigned,CE,CE,,,
2023-12-01,Unassigned,genesis,Unassigned,Unassigned,Unassigned,CE,CE,0.0,0.0,
2023-12-01,Near Luxury Car,genesis,g70,genesis_g70,g70,CE,CE,63002.0,2668.0,9465
2023-12-01,Mid Luxury Car,genesis,g80,genesis_g80,g80,CE,CE,19496.0,1528.0,3680
2023-12-01,Mid Luxury EV Car,genesis,g80_ev,genesis_electrified_g80,g80_ev,CE,CE,6854.0,352.0,828
2023-12-01,Premium Luxury Car,genesis,g90,genesis_g90,g90,CE,CE,14592.0,1506.0,2613
2023-12-01,Entry Luxury EV SUV,genesis,gv60,genesis_gv60,gv60,CE,CE,19874.0,456.0,2948
2023-12-01,Near Luxury SUV,genesis,gv70,genesis_gv70,gv70,CE,CE,126310.0,4810.0,18280
2023-12-01,Near Luxury EV SUV,genesis,gv70_ev,genesis_electrified_gv70,gv70_ev,CE,CE,18797.0,781.0,2505
2023-12-01,Mid Luxury SUV,genesis,gv80,genesis_gv80,gv80,CE,CE,161734.0,4132.0,18478
2023-12-01,Mid Luxury SUV,genesis,gv80_coupe,genesis_gv80_coupe,gv80,CE,CE,2504.0,18.0,28
2023-12-01,Make Only,genesis,make_only,genesis_make_only,make_only,CE,CE,0.0,0.0,
2023-12-01,Brand,genesis,Total,genesis_Total,Total,EA,EA,620118.0,31392.0,144458
2023-12-01,Unassigned,genesis,Unassigned,Unassigned,Unassigned,EA,EA,0.0,0.0,
2023-12-01,Unassigned,genesis,Unassigned,unassigned,Unassigned,EA,EA,,,
2023-12-01,Near Luxury Car,genesis,g70,genesis_g70,g70,EA,EA,94214.0,4078.0,16284
2023-12-01,Mid Luxury Car,genesis,g80,genesis_g80,g80,EA,EA,28085.0,2245.0,5969
2023-12-01,Mid Luxury EV Car,genesis,g80_ev,genesis_electrified_g80,g80_ev,EA,EA,10591.0,557.0,1628
2023-12-01,Premium Luxury Car,genesis,g90,genesis_g90,g90,EA,EA,20655.0,2532.0,4154
2023-12-01,Entry Luxury EV SUV,genesis,gv60,genesis_gv60,gv60,EA,EA,35194.0,1124.0,6093
2023-12-01,Near Luxury SUV,genesis,gv70,genesis_gv70,gv70,EA,EA,174532.0,7730.0,32951
2023-12-01,Near Luxury EV SUV,genesis,gv70_ev,genesis_electrified_gv70,gv70_ev,EA,EA,30103.0,1217.0,4747
2023-12-01,Mid Luxury SUV,genesis,gv80,genesis_gv80,gv80,EA,EA,207441.0,5557.0,27257
2023-12-01,Mid Luxury SUV,genesis,gv80_coupe,genesis_gv80_coupe,gv80,EA,EA,3942.0,23.0,64
2023-12-01,Make Only,genesis,make_only,genesis_make_only,make_only,EA,EA,0.0,0.0,
2023-12-01,Brand,genesis,Total,genesis_Total,Total,MA,MA,303119.0,12664.0,56734
2023-12-01,Unassigned,genesis,Unassigned,unassigned,Unassigned,MA,MA,,,
2023-12-01,Unassigned,genesis,Unassigned,Unassigned,Unassigned,MA,MA,0.0,0.0,
2023-12-01,Near Luxury Car,genesis,g70,genesis_g70,g70,MA,MA,46317.0,1646.0,5885
2023-12-01,Mid Luxury Car,genesis,g80,genesis_g80,g80,MA,MA,13058.0,881.0,2313
2023-12-01,Mid Luxury EV Car,genesis,g80_ev,genesis_electrified_g80,g80_ev,MA,MA,5144.0,225.0,602
2023-12-01,Premium Luxury Car,genesis,g90,genesis_g90,g90,MA,MA,10095.0,1085.0,1835
2023-12-01,Entry Luxury EV SUV,genesis,gv60,genesis_gv60,gv60,MA,MA,15313.0,351.0,2236
2023-12-01,Near Luxury SUV,genesis,gv70,genesis_gv70,gv70,MA,MA,89081.0,2965.0,11628
2023-12-01,Near Luxury EV SUV,genesis,gv70_ev,genesis_electrified_gv70,gv70_ev,MA,MA,13809.0,537.0,1797
2023-12-01,Mid Luxury SUV,genesis,gv80,genesis_gv80,gv80,MA,MA,111483.0,2364.0,11037
2023-12-01,Mid Luxury SUV,genesis,gv80_coupe,genesis_gv80_coupe,gv80,MA,MA,1591.0,10.0,16
2023-12-01,Make Only,genesis,make_only,genesis_make_only,make_only,MA,MA,0.0,0.0,
2023-12-01,Brand,genesis,Total,genesis_Total,Total,MS,MS,220312.0,9490.0,40998
2023-12-01,Unassigned,genesis,Unassigned,Unassigned,Unassigned,MS,MS,0.0,0.0,
2023-12-01,Unassigned,genesis,Unassigned,unassigned,Unassigned,MS,MS,,,
2023-12-01,Near Luxury Car,genesis,g70,genesis_g70,g70,MS,MS,32424.0,1100.0,4215
2023-12-01,Mid Luxury Car,genesis,g80,genesis_g80,g80,MS,MS,9013.0,572.0,1575
2023-12-01,Mid Luxury EV Car,genesis,g80_ev,genesis_electrified_g80,g80_ev,MS,MS,3996.0,211.0,500
2023-12-01,Premium Luxury Car,genesis,g90,genesis_g90,g90,MS,MS,7024.0,721.0,1352
2023-12-01,Entry Luxury EV SUV,genesis,gv60,genesis_gv60,gv60,MS,MS,13023.0,339.0,2081
2023-12-01,Near Luxury SUV,genesis,gv70,genesis_gv70,gv70,MS,MS,64078.0,1916.0,8026
2023-12-01,Near Luxury EV SUV,genesis,gv70_ev,genesis_electrified_gv70,gv70_ev,MS,MS,11982.0,518.0,1790
2023-12-01,Mid Luxury SUV,genesis,gv80,genesis_gv80,gv80,MS,MS,84106.0,1735.0,8586
2023-12-01,Mid Luxury SUV,genesis,gv80_coupe,genesis_gv80_coupe,gv80,MS,MS,955.0,5.0,17
2023-12-01,Make Only,genesis,make_only,genesis_make_only,make_only,MS,MS,0.0,0.0,
2023-12-01,Brand,genesis,Total,genesis_Total,Total,NH,NH,0.0,0.0,
2023-12-01,Unassigned,genesis,Unassigned,unassigned,Unassigned,NH,NH,,,
2023-12-01,Unassigned,genesis,Unassigned,Unassigned,Unassigned,NH,NH,0.0,0.0,
2023-12-01,Near Luxury Car,genesis,g70,genesis_g70,g70,NH,NH,0.0,0.0,
2023-12-01,Mid Luxury Car,genesis,g80,genesis_g80,g80,NH,NH,0.0,0.0,
2023-12-01,Mid Luxury EV Car,genesis,g80_ev,genesis_electrified_g80,g80_ev,NH,NH,0.0,0.0,
2023-12-01,Premium Luxury Car,genesis,g90,genesis_g90,g90,NH,NH,0.0,0.0,
2023-12-01,Entry Luxury EV SUV,genesis,gv60,genesis_gv60,gv60,NH,NH,0.0,0.0,
2023-12-01,Near Luxury SUV,genesis,gv70,genesis_gv70,gv70,NH,NH,0.0,0.0,
2023-12-01,Near Luxury EV SUV,genesis,gv70_ev,genesis_electrified_gv70,gv70_ev,NH,NH,0.0,0.0,
2023-12-01,Mid Luxury SUV,genesis,gv80,genesis_gv80,gv80,NH,NH,0.0,0.0,
2023-12-01,Mid Luxury SUV,genesis,gv80_coupe,genesis_gv80_coupe,gv80,NH,NH,0.0,0.0,
2023-12-01,Make Only,genesis,make_only,genesis_make_only,make_only,NH,NH,0.0,0.0,
2023-12-01,Brand,genesis,Total,genesis_Total,Total,SC,SC,382363.0,14281.0,66123
2023-12-01,Unassigned,genesis,Unassigned,unassigned,Unassigned,SC,SC,,,
2023-12-01,Unassigned,genesis,Unassigned,Unassigned,Unassigned,SC,SC,0.0,0.0,
2023-12-01,Near Luxury Car,genesis,g70,genesis_g70,g70,SC,SC,59198.0,1840.0,6890
2023-12-01,Mid Luxury Car,genesis,g80,genesis_g80,g80,SC,SC,15607.0,1147.0,2625
2023-12-01,Mid Luxury EV Car,genesis,g80_ev,genesis_electrified_g80,g80_ev,SC,SC,5882.0,341.0,609
2023-12-01,Premium Luxury Car,genesis,g90,genesis_g90,g90,SC,SC,11751.0,1213.0,1954
2023-12-01,Entry Luxury EV SUV,genesis,gv60,genesis_gv60,gv60,SC,SC,17315.0,382.0,2125
2023-12-01,Near Luxury SUV,genesis,gv70,genesis_gv70,gv70,SC,SC,110184.0,3380.0,12997
2023-12-01,Near Luxury EV SUV,genesis,gv70_ev,genesis_electrified_gv70,gv70_ev,SC,SC,14957.0,508.0,1671
2023-12-01,Mid Luxury SUV,genesis,gv80,genesis_gv80,gv80,SC,SC,151783.0,2975.0,14466
2023-12-01,Mid Luxury SUV,genesis,gv80_coupe,genesis_gv80_coupe,gv80,SC,SC,1709.0,11.0,33
2023-12-01,Make Only,genesis,make_only,genesis_make_only,make_only,SC,SC,0.0,0.0,
2023-12-01,Brand,genesis,Total,genesis_Total,Total,SO,SO,492427.0,21697.0,95477
2023-12-01,Unassigned,genesis,Unassigned,unassigned,Unassigned,SO,SO,,,
2023-12-01,Unassigned,genesis,Unassigned,Unassigned,Unassigned,SO,SO,0.0,0.0,
2023-12-01,Near Luxury Car,genesis,g70,genesis_g70,g70,SO,SO,74838.0,2755.0,10349
2023-12-01,Mid Luxury Car,genesis,g80,genesis_g80,g80,SO,SO,21291.0,1723.0,4016
2023-12-01,Mid Luxury EV Car,genesis,g80_ev,genesis_electrified_g80,g80_ev,SO,SO,7823.0,430.0,903
2023-12-01,Premium Luxury Car,genesis,g90,genesis_g90,g90,SO,SO,16332.0,1941.0,2965
2023-12-01,Entry Luxury EV SUV,genesis,gv60,genesis_gv60,gv60,SO,SO,24392.0,652.0,3659
2023-12-01,Near Luxury SUV,genesis,gv70,genesis_gv70,gv70,SO,SO,145526.0,5007.0,20146
2023-12-01,Near Luxury EV SUV,genesis,gv70_ev,genesis_electrified_gv70,gv70_ev,SO,SO,21316.0,816.0,2719
2023-12-01,Mid Luxury SUV,genesis,gv80,genesis_gv80,gv80,SO,SO,190307.0,4055.0,19484
2023-12-01,Mid Luxury SUV,genesis,gv80_coupe,genesis_gv80_coupe,gv80,SO,SO,2689.0,17.0,29
2023-12-01,Make Only,genesis,make_only,genesis_make_only,make_only,SO,SO,0.0,0.0,
2023-12-01,Brand,genesis,Total,genesis_Total,Total,National,US,3006061.0,132466.0,599929
2023-12-01,Unassigned,genesis,Unassigned,Unassigned,Unassigned,National,US,0.0,0.0,
2023-12-01,Unassigned,genesis,Unassigned,unassigned,Unassigned,National,US,,,
2023-12-01,Near Luxury Car,genesis,g70,genesis_g70,g70,National,US,459136.0,17190.0,65101
2023-12-01,Mid Luxury Car,genesis,g80,genesis_g80,g80,National,US,141505.0,9782.0,25029
2023-12-01,Mid Luxury EV Car,genesis,g80_ev,genesis_electrified_g80,g80_ev,National,US,54034.0,2770.0,6935
2023-12-01,Premium Luxury Car,genesis,g90,genesis_g90,g90,National,US,104438.0,10922.0,18948
2023-12-01,Entry Luxury EV SUV,genesis,gv60,genesis_gv60,gv60,National,US,164631.0,4767.0,26192
2023-12-01,Near Luxury SUV,genesis,gv70,genesis_gv70,gv70,National,US,856127.0,30511.0,124828
2023-12-01,Near Luxury EV SUV,genesis,gv70_ev,genesis_electrified_gv70,gv70_ev,National,US,145897.0,6044.0,20989
2023-12-01,Mid Luxury SUV,genesis,gv80,genesis_gv80,gv80,National,US,1090975.0,24944.0,118819
2023-12-01,Mid Luxury SUV,genesis,gv80_coupe,genesis_gv80_coupe,gv80,National,US,16883.0,103.0,235
2023-12-01,Make Only,genesis,make_only,genesis_make_only,make_only,National,US,0.0,0.0,
2023-12-01,Brand,genesis,Total,genesis_Total,Total,WE,WE,454890.0,21419.0,98348
2023-12-01,Unassigned,genesis,Unassigned,Unassigned,Unassigned,WE,WE,0.0,0.0,
2023-12-01,Unassigned,genesis,Unassigned,unassigned,Unassigned,WE,WE,,,
2023-12-01,Near Luxury Car,genesis,g70,genesis_g70,g70,WE,WE,70426.0,2883.0,10678
2023-12-01,Mid Luxury Car,genesis,g80,genesis_g80,g80,WE,WE,20114.0,1515.0,3876
2023-12-01,Mid Luxury EV Car,genesis,g80_ev,genesis_electrified_g80,g80_ev,WE,WE,11203.0,599.0,1659
2023-12-01,Premium Luxury Car,genesis,g90,genesis_g90,g90,WE,WE,14905.0,1700.0,2884
2023-12-01,Entry Luxury EV SUV,genesis,gv60,genesis_gv60,gv60,WE,WE,34592.0,1401.0,6601
2023-12-01,Near Luxury SUV,genesis,gv70,genesis_gv70,gv70,WE,WE,130091.0,4361.0,19136
2023-12-01,Near Luxury EV SUV,genesis,gv70_ev,genesis_electrified_gv70,gv70_ev,WE,WE,30857.0,1564.0,5415
2023-12-01,Mid Luxury SUV,genesis,gv80,genesis_gv80,gv80,WE,WE,159747.0,3914.0,17652
2023-12-01,Mid Luxury SUV,genesis,gv80_coupe,genesis_gv80_coupe,gv80,WE,WE,2701.0,15.0,41
2023-12-01,Make Only,genesis,make_only,genesis_make_only,make_only,WE,WE,0.0,0.0,
2024-01-01,Brand,genesis,Total,genesis_Total,Total,CE,CE,444956.0,16931.0,73314
2024-01-01,Unassigned,genesis,Unassigned,Unassigned,Unassigned,CE,CE,0.0,0.0,
2024-01-01,Unassigned,genesis,Unassigned,unassigned,Unassigned,CE,CE,,,
2024-01-01,Near Luxury Car,genesis,g70,genesis_g70,g70,CE,CE,60474.0,2418.0,8249
2024-01-01,Mid Luxury Car,genesis,g80,genesis_g80,g80,CE,CE,20830.0,1363.0,3062
2024-01-01,Mid Luxury EV Car,genesis,g80_ev,genesis_electrified_g80,g80_ev,CE,CE,15151.0,203.0,630
2024-01-01,Premium Luxury Car,genesis,g90,genesis_g90,g90,CE,CE,12542.0,1237.0,2029
2024-01-01,Entry Luxury EV SUV,genesis,gv60,genesis_gv60,gv60,CE,CE,39745.0,444.0,2634
2024-01-01,Near Luxury SUV,genesis,gv70,genesis_gv70,gv70,CE,CE,139590.0,3851.0,15058
2024-01-01,Near Luxury EV SUV,genesis,gv70_ev,genesis_electrified_gv70,gv70_ev,CE,CE,18990.0,486.0,1813
2024-01-01,Mid Luxury SUV,genesis,gv80,genesis_gv80,gv80,CE,CE,137712.0,3348.0,14587
2024-01-01,Mid Luxury SUV,genesis,gv80_coupe,genesis_gv80_coupe,gv80,CE,CE,2159.0,11.0,21
2024-01-01,Make Only,genesis,make_only,genesis_make_only,make_only,CE,CE,0.0,0.0,
2024-01-01,Brand,genesis,Total,genesis_Total,Total,EA,EA,605947.0,27285.0,128136
2024-01-01,Unassigned,genesis,Unassigned,Unassigned,Unassigned,EA,EA,0.0,0.0,
2024-01-01,Unassigned,genesis,Unassigned,unassigned,Unassigned,EA,EA,,,
2024-01-01,Near Luxury Car,genesis,g70,genesis_g70,g70,EA,EA,78955.0,4118.0,14696
2024-01-01,Mid Luxury Car,genesis,g80,genesis_g80,g80,EA,EA,28189.0,2200.0,5391
2024-01-01,Mid Luxury EV Car,genesis,g80_ev,genesis_electrified_g80,g80_ev,EA,EA,16103.0,401.0,1151
2024-01-01,Premium Luxury Car,genesis,g90,genesis_g90,g90,EA,EA,17386.0,1978.0,3363
2024-01-01,Entry Luxury EV SUV,genesis,gv60,genesis_gv60,gv60,EA,EA,50269.0,844.0,5129
2024-01-01,Near Luxury SUV,genesis,gv70,genesis_gv70,gv70,EA,EA,193425.0,5978.0,28421
2024-01-01,Near Luxury EV SUV,genesis,gv70_ev,genesis_electrified_gv70,gv70_ev,EA,EA,27348.0,983.0,3844
2024-01-01,Mid Luxury SUV,genesis,gv80,genesis_gv80,gv80,EA,EA,186206.0,4773.0,23944
2024-01-01,Mid Luxury SUV,genesis,gv80_coupe,genesis_gv80_coupe,gv80,EA,EA,3951.0,20.0,44
2024-01-01,Make Only,genesis,make_only,genesis_make_only,make_only,EA,EA,0.0,0.0,
2024-01-01,Brand,genesis,Total,genesis_Total,Total,MA,MA,324995.0,10770.0,47194
2024-01-01,Unassigned,genesis,Unassigned,unassigned,Unassigned,MA,MA,,,
2024-01-01,Unassigned,genesis,Unassigned,Unassigned,Unassigned,MA,MA,0.0,0.0,
2024-01-01,Near Luxury Car,genesis,g70,genesis_g70,g70,MA,MA,44291.0,1566.0,5248
2024-01-01,Mid Luxury Car,genesis,g80,genesis_g80,g80,MA,MA,14792.0,848.0,1988
2024-01-01,Mid Luxury EV Car,genesis,g80_ev,genesis_electrified_g80,g80_ev,MA,MA,10490.0,146.0,461
2024-01-01,Premium Luxury Car,genesis,g90,genesis_g90,g90,MA,MA,8497.0,812.0,1359
2024-01-01,Entry Luxury EV SUV,genesis,gv60,genesis_gv60,gv60,MA,MA,29966.0,379.0,1975
2024-01-01,Near Luxury SUV,genesis,gv70,genesis_gv70,gv70,MA,MA,104005.0,2196.0,9611
2024-01-01,Near Luxury EV SUV,genesis,gv70_ev,genesis_electrified_gv70,gv70_ev,MA,MA,14214.0,437.0,1523
2024-01-01,Mid Luxury SUV,genesis,gv80,genesis_gv80,gv80,MA,MA,98742.0,2011.0,8924
2024-01-01,Mid Luxury SUV,genesis,gv80_coupe,genesis_gv80_coupe,gv80,MA,MA,1693.0,11.0,13
2024-01-01,Make Only,genesis,make_only,genesis_make_only,make_only,MA,MA,0.0,0.0,
2024-01-01,Brand,genesis,Total,genesis_Total,Total,MS,MS,256798.0,8047.0,33283
2024-01-01,Unassigned,genesis,Unassigned,unassigned,Unassigned,MS,MS,,,
2024-01-01,Unassigned,genesis,Unassigned,Unassigned,Unassigned,MS,MS,0.0,0.0,
2024-01-01,Near Luxury Car,genesis,g70,genesis_g70,g70,MS,MS,32812.0,958.0,3728
2024-01-01,Mid Luxury Car,genesis,g80,genesis_g80,g80,MS,MS,10755.0,600.0,1278
2024-01-01,Mid Luxury EV Car,genesis,g80_ev,genesis_electrified_g80,g80_ev,MS,MS,10033.0,164.0,410
2024-01-01,Premium Luxury Car,genesis,g90,genesis_g90,g90,MS,MS,6593.0,521.0,944
2024-01-01,Entry Luxury EV SUV,genesis,gv60,genesis_gv60,gv60,MS,MS,28004.0,345.0,1901
2024-01-01,Near Luxury SUV,genesis,gv70,genesis_gv70,gv70,MS,MS,81880.0,1482.0,6503
2024-01-01,Near Luxury EV SUV,genesis,gv70_ev,genesis_electrified_gv70,gv70_ev,MS,MS,12931.0,370.0,1349
2024-01-01,Mid Luxury SUV,genesis,gv80,genesis_gv80,gv80,MS,MS,77272.0,1458.0,6317
2024-01-01,Mid Luxury SUV,genesis,gv80_coupe,genesis_gv80_coupe,gv80,MS,MS,1080.0,5.0,6
2024-01-01,Make Only,genesis,make_only,genesis_make_only,make_only,MS,MS,0.0,0.0,
2024-01-01,Brand,genesis,Total,genesis_Total,Total,NH,NH,0.0,0.0,
2024-01-01,Unassigned,genesis,Unassigned,unassigned,Unassigned,NH,NH,,,
2024-01-01,Unassigned,genesis,Unassigned,Unassigned,Unassigned,NH,NH,0.0,0.0,
2024-01-01,Near Luxury Car,genesis,g70,genesis_g70,g70,NH,NH,0.0,0.0,
2024-01-01,Mid Luxury Car,genesis,g80,genesis_g80,g80,NH,NH,0.0,0.0,
2024-01-01,Mid Luxury EV Car,genesis,g80_ev,genesis_electrified_g80,g80_ev,NH,NH,0.0,0.0,
2024-01-01,Premium Luxury Car,genesis,g90,genesis_g90,g90,NH,NH,0.0,0.0,
2024-01-01,Entry Luxury EV SUV,genesis,gv60,genesis_gv60,gv60,NH,NH,0.0,0.0,
2024-01-01,Near Luxury SUV,genesis,gv70,genesis_gv70,gv70,NH,NH,0.0,0.0,
2024-01-01,Near Luxury EV SUV,genesis,gv70_ev,genesis_electrified_gv70,gv70_ev,NH,NH,0.0,0.0,
2024-01-01,Mid Luxury SUV,genesis,gv80,genesis_gv80,gv80,NH,NH,0.0,0.0,
2024-01-01,Mid Luxury SUV,genesis,gv80_coupe,genesis_gv80_coupe,gv80,NH,NH,0.0,0.0,
2024-01-01,Make Only,genesis,make_only,genesis_make_only,make_only,NH,NH,0.0,0.0,
2024-01-01,Brand,genesis,Total,genesis_Total,Total,SC,SC,439616.0,12993.0,56639
2024-01-01,Unassigned,genesis,Unassigned,Unassigned,Unassigned,SC,SC,0.0,0.0,
2024-01-01,Unassigned,genesis,Unassigned,unassigned,Unassigned,SC,SC,,,
2024-01-01,Near Luxury Car,genesis,g70,genesis_g70,g70,SC,SC,60269.0,1735.0,6088
2024-01-01,Mid Luxury Car,genesis,g80,genesis_g80,g80,SC,SC,19146.0,1040.0,2366
2024-01-01,Mid Luxury EV Car,genesis,g80_ev,genesis_electrified_g80,g80_ev,SC,SC,15495.0,231.0,458
2024-01-01,Premium Luxury Car,genesis,g90,genesis_g90,g90,SC,SC,11082.0,989.0,1710
2024-01-01,Entry Luxury EV SUV,genesis,gv60,genesis_gv60,gv60,SC,SC,39190.0,366.0,1828
2024-01-01,Near Luxury SUV,genesis,gv70,genesis_gv70,gv70,SC,SC,140269.0,2760.0,10884
2024-01-01,Near Luxury EV SUV,genesis,gv70_ev,genesis_electrified_gv70,gv70_ev,SC,SC,16608.0,420.0,1215
2024-01-01,Mid Luxury SUV,genesis,gv80,genesis_gv80,gv80,SC,SC,141029.0,2793.0,11744
2024-01-01,Mid Luxury SUV,genesis,gv80_coupe,genesis_gv80_coupe,gv80,SC,SC,1731.0,33.0,31
2024-01-01,Make Only,genesis,make_only,genesis_make_only,make_only,SC,SC,0.0,0.0,
2024-01-01,Brand,genesis,Total,genesis_Total,Total,SO,SO,523377.0,19327.0,82457
2024-01-01,Unassigned,genesis,Unassigned,Unassigned,Unassigned,SO,SO,0.0,0.0,
2024-01-01,Unassigned,genesis,Unassigned,unassigned,Unassigned,SO,SO,,,
2024-01-01,Near Luxury Car,genesis,g70,genesis_g70,g70,SO,SO,70032.0,2727.0,9118
2024-01-01,Mid Luxury Car,genesis,g80,genesis_g80,g80,SO,SO,25244.0,1507.0,3449
2024-01-01,Mid Luxury EV Car,genesis,g80_ev,genesis_electrified_g80,g80_ev,SO,SO,18494.0,272.0,742
2024-01-01,Premium Luxury Car,genesis,g90,genesis_g90,g90,SO,SO,14391.0,1424.0,2332
2024-01-01,Entry Luxury EV SUV,genesis,gv60,genesis_gv60,gv60,SO,SO,44307.0,622.0,3203
2024-01-01,Near Luxury SUV,genesis,gv70,genesis_gv70,gv70,SO,SO,168097.0,4224.0,17188
2024-01-01,Near Luxury EV SUV,genesis,gv70_ev,genesis_electrified_gv70,gv70_ev,SO,SO,20985.0,667.0,2184
2024-01-01,Mid Luxury SUV,genesis,gv80,genesis_gv80,gv80,SO,SO,164464.0,3589.0,15831
2024-01-01,Mid Luxury SUV,genesis,gv80_coupe,genesis_gv80_coupe,gv80,SO,SO,2424.0,18.0,24
2024-01-01,Make Only,genesis,make_only,genesis_make_only,make_only,SO,SO,0.0,0.0,
2024-01-01,Brand,genesis,Total,genesis_Total,Total,National,US,3188240.0,116523.0,519878
2024-01-01,Unassigned,genesis,Unassigned,Unassigned,Unassigned,National,US,0.0,0.0,
2024-01-01,Unassigned,genesis,Unassigned,unassigned,Unassigned,National,US,,,
2024-01-01,Near Luxury Car,genesis,g70,genesis_g70,g70,National,US,425526.0,16486.0,58265
2024-01-01,Mid Luxury Car,genesis,g80,genesis_g80,g80,National,US,152601.0,9149.0,21932
2024-01-01,Mid Luxury EV Car,genesis,g80_ev,genesis_electrified_g80,g80_ev,National,US,106481.0,1908.0,5390
2024-01-01,Premium Luxury Car,genesis,g90,genesis_g90,g90,National,US,91269.0,8512.0,15164
2024-01-01,Entry Luxury EV SUV,genesis,gv60,genesis_gv60,gv60,National,US,287219.0,4265.0,23219
2024-01-01,Near Luxury SUV,genesis,gv70,genesis_gv70,gv70,National,US,1002252.0,24834.0,106478
2024-01-01,Near Luxury EV SUV,genesis,gv70_ev,genesis_electrified_gv70,gv70_ev,National,US,142998.0,4658.0,16749
2024-01-01,Mid Luxury SUV,genesis,gv80,genesis_gv80,gv80,National,US,982509.0,21579.0,98640
2024-01-01,Mid Luxury SUV,genesis,gv80_coupe,genesis_gv80_coupe,gv80,National,US,16415.0,116.0,180
2024-01-01,Make Only,genesis,make_only,genesis_make_only,make_only,National,US,0.0,0.0,
2024-01-01,Brand,genesis,Total,genesis_Total,Total,WE,WE,502184.0,19946.0,88921
2024-01-01,Unassigned,genesis,Unassigned,Unassigned,Unassigned,WE,WE,0.0,0.0,
2024-01-01,Unassigned,genesis,Unassigned,unassigned,Unassigned,WE,WE,,,
2024-01-01,Near Luxury Car,genesis,g70,genesis_g70,g70,WE,WE,67617.0,2764.0,9823
2024-01-01,Mid Luxury Car,genesis,g80,genesis_g80,g80,WE,WE,23160.0,1443.0,3552
2024-01-01,Mid Luxury EV Car,genesis,g80_ev,genesis_electrified_g80,g80_ev,WE,WE,18434.0,440.0,1363
2024-01-01,Premium Luxury Car,genesis,g90,genesis_g90,g90,WE,WE,13101.0,1344.0,2404
2024-01-01,Entry Luxury EV SUV,genesis,gv60,genesis_gv60,gv60,WE,WE,50432.0,1220.0,6119
2024-01-01,Near Luxury SUV,genesis,gv70,genesis_gv70,gv70,WE,WE,158504.0,4124.0,17071
2024-01-01,Near Luxury EV SUV,genesis,gv70_ev,genesis_electrified_gv70,gv70_ev,WE,WE,28312.0,1246.0,4476
2024-01-01,Mid Luxury SUV,genesis,gv80,genesis_gv80,gv80,WE,WE,152408.0,3426.0,15259
2024-01-01,Mid Luxury SUV,genesis,gv80_coupe,genesis_gv80_coupe,gv80,WE,WE,2297.0,15.0,40
2024-01-01,Make Only,genesis,make_only,genesis_make_only,make_only,WE,WE,0.0,0.0,
2024-02-01,Brand,genesis,Total,genesis_Total,Total,CE,CE,692326.0,18910.0,76164
2024-02-01,Unassigned,genesis,Unassigned,unassigned,Unassigned,CE,CE,,,
2024-02-01,Unassigned,genesis,Unassigned,Unassigned,Unassigned,CE,CE,0.0,0.0,
2024-02-01,Near Luxury Car,genesis,g70,genesis_g70,g70,CE,CE,86457.0,2084.0,8709
2024-02-01,Mid Luxury Car,genesis,g80,genesis_g80,g80,CE,CE,11088.0,983.0,2664
2024-02-01,Mid Luxury EV Car,genesis,g80_ev,genesis_electrified_g80,g80_ev,CE,CE,4755.0,47.0,533
2024-02-01,Premium Luxury Car,genesis,g90,genesis_g90,g90,CE,CE,8306.0,514.0,1910
2024-02-01,Entry Luxury EV SUV,genesis,gv60,genesis_gv60,gv60,CE,CE,31103.0,273.0,2046
2024-02-01,Near Luxury SUV,genesis,gv70,genesis_gv70,gv70,CE,CE,184906.0,6063.0,15197
2024-02-01,Near Luxury EV SUV,genesis,gv70_ev,genesis_electrified_gv70,gv70_ev,CE,CE,35166.0,506.0,1700
2024-02-01,Mid Luxury SUV,genesis,gv80,genesis_gv80,gv80,CE,CE,319584.0,3639.0,15418
2024-02-01,Mid Luxury SUV,genesis,gv80_coupe,genesis_gv80_coupe,gv80,CE,CE,2174.0,15.0,17
2024-02-01,Make Only,genesis,make_only,genesis_make_only,make_only,CE,CE,0.0,0.0,
2024-02-01,Brand,genesis,Total,genesis_Total,Total,EA,EA,871062.0,29013.0,125048
2024-02-01,Unassigned,genesis,Unassigned,unassigned,Unassigned,EA,EA,,,
2024-02-01,Unassigned,genesis,Unassigned,Unassigned,Unassigned,EA,EA,0.0,0.0,
2024-02-01,Near Luxury Car,genesis,g70,genesis_g70,g70,EA,EA,110432.0,3340.0,14761
2024-02-01,Mid Luxury Car,genesis,g80,genesis_g80,g80,EA,EA,16296.0,1529.0,4182
2024-02-01,Mid Luxury EV Car,genesis,g80_ev,genesis_electrified_g80,g80_ev,EA,EA,6982.0,86.0,863
2024-02-01,Premium Luxury Car,genesis,g90,genesis_g90,g90,EA,EA,11582.0,894.0,2893
2024-02-01,Entry Luxury EV SUV,genesis,gv60,genesis_gv60,gv60,EA,EA,42798.0,704.0,3982
2024-02-01,Near Luxury SUV,genesis,gv70,genesis_gv70,gv70,EA,EA,231512.0,9695.0,27423
2024-02-01,Near Luxury EV SUV,genesis,gv70_ev,genesis_electrified_gv70,gv70_ev,EA,EA,41709.0,779.0,3066
2024-02-01,Mid Luxury SUV,genesis,gv80,genesis_gv80,gv80,EA,EA,382389.0,4777.0,22587
2024-02-01,Mid Luxury SUV,genesis,gv80_coupe,genesis_gv80_coupe,gv80,EA,EA,3197.0,7.0,18
2024-02-01,Make Only,genesis,make_only,genesis_make_only,make_only,EA,EA,0.0,0.0,
2024-02-01,Brand,genesis,Total,genesis_Total,Total,MA,MA,517104.0,12166.0,49948
2024-02-01,Unassigned,genesis,Unassigned,Unassigned,Unassigned,MA,MA,0.0,0.0,
2024-02-01,Unassigned,genesis,Unassigned,unassigned,Unassigned,MA,MA,,,
2024-02-01,Near Luxury Car,genesis,g70,genesis_g70,g70,MA,MA,65006.0,1351.0,5596
2024-02-01,Mid Luxury Car,genesis,g80,genesis_g80,g80,MA,MA,7020.0,596.0,1647
2024-02-01,Mid Luxury EV Car,genesis,g80_ev,genesis_electrified_g80,g80_ev,MA,MA,3577.0,41.0,411
2024-02-01,Premium Luxury Car,genesis,g90,genesis_g90,g90,MA,MA,5449.0,365.0,1214
2024-02-01,Entry Luxury EV SUV,genesis,gv60,genesis_gv60,gv60,MA,MA,24159.0,285.0,1664
2024-02-01,Near Luxury SUV,genesis,gv70,genesis_gv70,gv70,MA,MA,141129.0,3805.0,9802
2024-02-01,Near Luxury EV SUV,genesis,gv70_ev,genesis_electrified_gv70,gv70_ev,MA,MA,26930.0,375.0,1324
2024-02-01,Mid Luxury SUV,genesis,gv80,genesis_gv80,gv80,MA,MA,235489.0,2015.0,9553
2024-02-01,Mid Luxury SUV,genesis,gv80_coupe,genesis_gv80_coupe,gv80,MA,MA,1427.0,11.0,6
2024-02-01,Make Only,genesis,make_only,genesis_make_only,make_only,MA,MA,0.0,0.0,
2024-02-01,Brand,genesis,Total,genesis_Total,Total,MS,MS,367633.0,8304.0,33511
2024-02-01,Unassigned,genesis,Unassigned,Unassigned,Unassigned,MS,MS,0.0,0.0,
2024-02-01,Unassigned,genesis,Unassigned,unassigned,Unassigned,MS,MS,,,
2024-02-01,Near Luxury Car,genesis,g70,genesis_g70,g70,MS,MS,44394.0,807.0,3608
2024-02-01,Mid Luxury Car,genesis,g80,genesis_g80,g80,MS,MS,4590.0,331.0,1041
2024-02-01,Mid Luxury EV Car,genesis,g80_ev,genesis_electrified_g80,g80_ev,MS,MS,2784.0,26.0,353
2024-02-01,Premium Luxury Car,genesis,g90,genesis_g90,g90,MS,MS,3692.0,228.0,883
2024-02-01,Entry Luxury EV SUV,genesis,gv60,genesis_gv60,gv60,MS,MS,19990.0,204.0,1483
2024-02-01,Near Luxury SUV,genesis,gv70,genesis_gv70,gv70,MS,MS,106724.0,2388.0,6290
2024-02-01,Near Luxury EV SUV,genesis,gv70_ev,genesis_electrified_gv70,gv70_ev,MS,MS,18080.0,373.0,1284
2024-02-01,Mid Luxury SUV,genesis,gv80,genesis_gv80,gv80,MS,MS,165996.0,1444.0,6805
2024-02-01,Mid Luxury SUV,genesis,gv80_coupe,genesis_gv80_coupe,gv80,MS,MS,863.0,3.0,5
2024-02-01,Make Only,genesis,make_only,genesis_make_only,make_only,MS,MS,0.0,0.0,
2024-02-01,Brand,genesis,Total,genesis_Total,Total,NH,NH,0.0,0.0,
2024-02-01,Unassigned,genesis,Unassigned,unassigned,Unassigned,NH,NH,,,
2024-02-01,Unassigned,genesis,Unassigned,Unassigned,Unassigned,NH,NH,0.0,0.0,
2024-02-01,Near Luxury Car,genesis,g70,genesis_g70,g70,NH,NH,0.0,0.0,
2024-02-01,Mid Luxury Car,genesis,g80,genesis_g80,g80,NH,NH,0.0,0.0,
2024-02-01,Mid Luxury EV Car,genesis,g80_ev,genesis_electrified_g80,g80_ev,NH,NH,0.0,0.0,
2024-02-01,Premium Luxury Car,genesis,g90,genesis_g90,g90,NH,NH,0.0,0.0,
2024-02-01,Entry Luxury EV SUV,genesis,gv60,genesis_gv60,gv60,NH,NH,0.0,0.0,
2024-02-01,Near Luxury SUV,genesis,gv70,genesis_gv70,gv70,NH,NH,0.0,0.0,
2024-02-01,Near Luxury EV SUV,genesis,gv70_ev,genesis_electrified_gv70,gv70_ev,NH,NH,0.0,0.0,
2024-02-01,Mid Luxury SUV,genesis,gv80,genesis_gv80,gv80,NH,NH,0.0,0.0,
2024-02-01,Mid Luxury SUV,genesis,gv80_coupe,genesis_gv80_coupe,gv80,NH,NH,0.0,0.0,
2024-02-01,Make Only,genesis,make_only,genesis_make_only,make_only,NH,NH,0.0,0.0,
2024-02-01,Brand,genesis,Total,genesis_Total,Total,SC,SC,665997.0,13907.0,54993
2024-02-01,Unassigned,genesis,Unassigned,Unassigned,Unassigned,SC,SC,0.0,0.0,
2024-02-01,Unassigned,genesis,Unassigned,unassigned,Unassigned,SC,SC,,,
2024-02-01,Near Luxury Car,genesis,g70,genesis_g70,g70,SC,SC,83458.0,1564.0,6093
2024-02-01,Mid Luxury Car,genesis,g80,genesis_g80,g80,SC,SC,7967.0,686.0,1760
2024-02-01,Mid Luxury EV Car,genesis,g80_ev,genesis_electrified_g80,g80_ev,SC,SC,3634.0,34.0,342
2024-02-01,Premium Luxury Car,genesis,g90,genesis_g90,g90,SC,SC,6595.0,471.0,1459
2024-02-01,Entry Luxury EV SUV,genesis,gv60,genesis_gv60,gv60,SC,SC,29468.0,257.0,1468
2024-02-01,Near Luxury SUV,genesis,gv70,genesis_gv70,gv70,SC,SC,188532.0,4344.0,10614
2024-02-01,Near Luxury EV SUV,genesis,gv70_ev,genesis_electrified_gv70,gv70_ev,SC,SC,31460.0,392.0,1110
2024-02-01,Mid Luxury SUV,genesis,gv80,genesis_gv80,gv80,SC,SC,309674.0,2729.0,11400
2024-02-01,Mid Luxury SUV,genesis,gv80_coupe,genesis_gv80_coupe,gv80,SC,SC,1485.0,10.0,7
2024-02-01,Make Only,genesis,make_only,genesis_make_only,make_only,SC,SC,0.0,0.0,
2024-02-01,Brand,genesis,Total,genesis_Total,Total,SO,SO,832653.0,21548.0,88327
2024-02-01,Unassigned,genesis,Unassigned,Unassigned,Unassigned,SO,SO,0.0,0.0,
2024-02-01,Unassigned,genesis,Unassigned,unassigned,Unassigned,SO,SO,,,
2024-02-01,Near Luxury Car,genesis,g70,genesis_g70,g70,SO,SO,104382.0,2442.0,9595
2024-02-01,Mid Luxury Car,genesis,g80,genesis_g80,g80,SO,SO,12460.0,1168.0,3055
2024-02-01,Mid Luxury EV Car,genesis,g80_ev,genesis_electrified_g80,g80_ev,SO,SO,5864.0,74.0,674
2024-02-01,Premium Luxury Car,genesis,g90,genesis_g90,g90,SO,SO,9573.0,635.0,2172
2024-02-01,Entry Luxury EV SUV,genesis,gv60,genesis_gv60,gv60,SO,SO,36783.0,556.0,2737
2024-02-01,Near Luxury SUV,genesis,gv70,genesis_gv70,gv70,SO,SO,228927.0,6921.0,17525
2024-02-01,Near Luxury EV SUV,genesis,gv70_ev,genesis_electrified_gv70,gv70_ev,SO,SO,41242.0,617.0,2087
2024-02-01,Mid Luxury SUV,genesis,gv80,genesis_gv80,gv80,SO,SO,382691.0,3797.0,17591
2024-02-01,Mid Luxury SUV,genesis,gv80_coupe,genesis_gv80_coupe,gv80,SO,SO,2587.0,12.0,12
2024-02-01,Make Only,genesis,make_only,genesis_make_only,make_only,SO,SO,0.0,0.0,
2024-02-01,Brand,genesis,Total,genesis_Total,Total,National,US,4833467.0,124919.0,525534
2024-02-01,Unassigned,genesis,Unassigned,unassigned,Unassigned,National,US,,,
2024-02-01,Unassigned,genesis,Unassigned,Unassigned,Unassigned,National,US,0.0,0.0,
2024-02-01,Near Luxury Car,genesis,g70,genesis_g70,g70,National,US,599754.0,14047.0,59231
2024-02-01,Mid Luxury Car,genesis,g80,genesis_g80,g80,National,US,80396.0,6423.0,17862
2024-02-01,Mid Luxury EV Car,genesis,g80_ev,genesis_electrified_g80,g80_ev,National,US,37110.0,403.0,4374
2024-02-01,Premium Luxury Car,genesis,g90,genesis_g90,g90,National,US,61615.0,3839.0,13675
2024-02-01,Entry Luxury EV SUV,genesis,gv60,genesis_gv60,gv60,National,US,232858.0,3176.0,18704
2024-02-01,Near Luxury SUV,genesis,gv70,genesis_gv70,gv70,National,US,1302983.0,40004.0,105014
2024-02-01,Near Luxury EV SUV,genesis,gv70_ev,genesis_electrified_gv70,gv70_ev,National,US,241166.0,4107.0,14710
2024-02-01,Mid Luxury SUV,genesis,gv80,genesis_gv80,gv80,National,US,2200396.0,21980.0,100588
2024-02-01,Mid Luxury SUV,genesis,gv80_coupe,genesis_gv80_coupe,gv80,National,US,15362.0,78.0,86
2024-02-01,Make Only,genesis,make_only,genesis_make_only,make_only,National,US,0.0,0.0,
2024-02-01,Brand,genesis,Total,genesis_Total,Total,WE,WE,771611.0,20125.0,87786
2024-02-01,Unassigned,genesis,Unassigned,Unassigned,Unassigned,WE,WE,0.0,0.0,
2024-02-01,Unassigned,genesis,Unassigned,unassigned,Unassigned,WE,WE,,,
2024-02-01,Near Luxury Car,genesis,g70,genesis_g70,g70,WE,WE,93285.0,2289.0,9641
2024-02-01,Mid Luxury Car,genesis,g80,genesis_g80,g80,WE,WE,12168.0,1038.0,2735
2024-02-01,Mid Luxury EV Car,genesis,g80_ev,genesis_electrified_g80,g80_ev,WE,WE,7761.0,90.0,1071
2024-02-01,Premium Luxury Car,genesis,g90,genesis_g90,g90,WE,WE,9075.0,647.0,2129
2024-02-01,Entry Luxury EV SUV,genesis,gv60,genesis_gv60,gv60,WE,WE,43626.0,866.0,4890
2024-02-01,Near Luxury SUV,genesis,gv70,genesis_gv70,gv70,WE,WE,199529.0,6390.0,16371
2024-02-01,Near Luxury EV SUV,genesis,gv70_ev,genesis_electrified_gv70,gv70_ev,WE,WE,41135.0,1024.0,3827
2024-02-01,Mid Luxury SUV,genesis,gv80,genesis_gv80,gv80,WE,WE,361070.0,3424.0,15356
2024-02-01,Mid Luxury SUV,genesis,gv80_coupe,genesis_gv80_coupe,gv80,WE,WE,2563.0,19.0,18
2024-02-01,Make Only,genesis,make_only,genesis_make_only,make_only,WE,WE,0.0,0.0,
2024-03-01,Brand,genesis,Total,genesis_Total,Total,CE,CE,491441.0,18749.0,72180
2024-03-01,Unassigned,genesis,Unassigned,unassigned,Unassigned,CE,CE,,,
2024-03-01,Unassigned,genesis,Unassigned,Unassigned,Unassigned,CE,CE,0.0,0.0,
2024-03-01,Near Luxury Car,genesis,g70,genesis_g70,g70,CE,CE,99073.0,1855.0,8904
2024-03-01,Mid Luxury Car,genesis,g80,genesis_g80,g80,CE,CE,11736.0,468.0,2823
2024-03-01,Mid Luxury EV Car,genesis,g80_ev,genesis_electrified_g80,g80_ev,CE,CE,5028.0,83.0,587
2024-03-01,Premium Luxury Car,genesis,g90,genesis_g90,g90,CE,CE,9285.0,293.0,1957
2024-03-01,Entry Luxury EV SUV,genesis,gv60,genesis_gv60,gv60,CE,CE,27761.0,433.0,2309
2024-03-01,Near Luxury SUV,genesis,gv70,genesis_gv70,gv70,CE,CE,112186.0,5471.0,15139
2024-03-01,Near Luxury EV SUV,genesis,gv70_ev,genesis_electrified_gv70,gv70_ev,CE,CE,18690.0,402.0,1606
2024-03-01,Mid Luxury SUV,genesis,gv80,genesis_gv80,gv80,CE,CE,165034.0,3197.0,15947
2024-03-01,Mid Luxury SUV,genesis,gv80_coupe,genesis_gv80_coupe,gv80,CE,CE,2637.0,17.0,21
2024-03-01,Make Only,genesis,make_only,genesis_make_only,make_only,CE,CE,0.0,0.0,
2024-03-01,Brand,genesis,Total,genesis_Total,Total,EA,EA,642300.0,27041.0,113841
2024-03-01,Unassigned,genesis,Unassigned,unassigned,Unassigned,EA,EA,,,
2024-03-01,Unassigned,genesis,Unassigned,Unassigned,Unassigned,EA,EA,0.0,0.0,
2024-03-01,Near Luxury Car,genesis,g70,genesis_g70,g70,EA,EA,124902.0,2602.0,13989
2024-03-01,Mid Luxury Car,genesis,g80,genesis_g80,g80,EA,EA,17154.0,815.0,4710
2024-03-01,Mid Luxury EV Car,genesis,g80_ev,genesis_electrified_g80,g80_ev,EA,EA,6927.0,123.0,873
2024-03-01,Premium Luxury Car,genesis,g90,genesis_g90,g90,EA,EA,12350.0,424.0,2684
2024-03-01,Entry Luxury EV SUV,genesis,gv60,genesis_gv60,gv60,EA,EA,35142.0,663.0,4007
2024-03-01,Near Luxury SUV,genesis,gv70,genesis_gv70,gv70,EA,EA,148599.0,8213.0,26493
2024-03-01,Near Luxury EV SUV,genesis,gv70_ev,genesis_electrified_gv70,gv70_ev,EA,EA,24764.0,629.0,3160
2024-03-01,Mid Luxury SUV,genesis,gv80,genesis_gv80,gv80,EA,EA,202936.0,4284.0,23371
2024-03-01,Mid Luxury SUV,genesis,gv80_coupe,genesis_gv80_coupe,gv80,EA,EA,4738.0,40.0,50
2024-03-01,Make Only,genesis,make_only,genesis_make_only,make_only,EA,EA,0.0,0.0,
2024-03-01,Brand,genesis,Total,genesis_Total,Total,MA,MA,358020.0,12108.0,46694
2024-03-01,Unassigned,genesis,Unassigned,Unassigned,Unassigned,MA,MA,0.0,0.0,
2024-03-01,Unassigned,genesis,Unassigned,unassigned,Unassigned,MA,MA,,,
2024-03-01,Near Luxury Car,genesis,g70,genesis_g70,g70,MA,MA,73081.0,1111.0,5597
2024-03-01,Mid Luxury Car,genesis,g80,genesis_g80,g80,MA,MA,7363.0,363.0,1899
2024-03-01,Mid Luxury EV Car,genesis,g80_ev,genesis_electrified_g80,g80_ev,MA,MA,3696.0,85.0,408
2024-03-01,Premium Luxury Car,genesis,g90,genesis_g90,g90,MA,MA,5965.0,194.0,1278
2024-03-01,Entry Luxury EV SUV,genesis,gv60,genesis_gv60,gv60,MA,MA,19872.0,339.0,1766
2024-03-01,Near Luxury SUV,genesis,gv70,genesis_gv70,gv70,MA,MA,80075.0,3481.0,9720
2024-03-01,Near Luxury EV SUV,genesis,gv70_ev,genesis_electrified_gv70,gv70_ev,MA,MA,13599.0,311.0,1306
2024-03-01,Mid Luxury SUV,genesis,gv80,genesis_gv80,gv80,MA,MA,119109.0,2014.0,10104
2024-03-01,Mid Luxury SUV,genesis,gv80_coupe,genesis_gv80_coupe,gv80,MA,MA,1767.0,12.0,18
2024-03-01,Make Only,genesis,make_only,genesis_make_only,make_only,MA,MA,0.0,0.0,
2024-03-01,Brand,genesis,Total,genesis_Total,Total,MS,MS,257872.0,7839.0,30994
2024-03-01,Unassigned,genesis,Unassigned,Unassigned,Unassigned,MS,MS,0.0,0.0,
2024-03-01,Unassigned,genesis,Unassigned,unassigned,Unassigned,MS,MS,,,
2024-03-01,Near Luxury Car,genesis,g70,genesis_g70,g70,MS,MS,54659.0,660.0,3485
2024-03-01,Mid Luxury Car,genesis,g80,genesis_g80,g80,MS,MS,4878.0,161.0,1159
2024-03-01,Mid Luxury EV Car,genesis,g80_ev,genesis_electrified_g80,g80_ev,MS,MS,2916.0,34.0,360
2024-03-01,Premium Luxury Car,genesis,g90,genesis_g90,g90,MS,MS,4137.0,121.0,826
2024-03-01,Entry Luxury EV SUV,genesis,gv60,genesis_gv60,gv60,MS,MS,18653.0,281.0,1658
2024-03-01,Near Luxury SUV,genesis,gv70,genesis_gv70,gv70,MS,MS,58697.0,2058.0,6413
2024-03-01,Near Luxury EV SUV,genesis,gv70_ev,genesis_electrified_gv70,gv70_ev,MS,MS,11940.0,302.0,1266
2024-03-01,Mid Luxury SUV,genesis,gv80,genesis_gv80,gv80,MS,MS,86206.0,1266.0,6734
2024-03-01,Mid Luxury SUV,genesis,gv80_coupe,genesis_gv80_coupe,gv80,MS,MS,1161.0,11.0,8
2024-03-01,Make Only,genesis,make_only,genesis_make_only,make_only,MS,MS,0.0,0.0,
2024-03-01,Brand,genesis,Total,genesis_Total,Total,NH,NH,0.0,0.0,
2024-03-01,Unassigned,genesis,Unassigned,unassigned,Unassigned,NH,NH,,,
2024-03-01,Unassigned,genesis,Unassigned,Unassigned,Unassigned,NH,NH,0.0,0.0,
2024-03-01,Near Luxury Car,genesis,g70,genesis_g70,g70,NH,NH,0.0,0.0,
2024-03-01,Mid Luxury Car,genesis,g80,genesis_g80,g80,NH,NH,0.0,0.0,
2024-03-01,Mid Luxury EV Car,genesis,g80_ev,genesis_electrified_g80,g80_ev,NH,NH,0.0,0.0,
2024-03-01,Premium Luxury Car,genesis,g90,genesis_g90,g90,NH,NH,0.0,0.0,
2024-03-01,Entry Luxury EV SUV,genesis,gv60,genesis_gv60,gv60,NH,NH,0.0,0.0,
2024-03-01,Near Luxury SUV,genesis,gv70,genesis_gv70,gv70,NH,NH,0.0,0.0,
2024-03-01,Near Luxury EV SUV,genesis,gv70_ev,genesis_electrified_gv70,gv70_ev,NH,NH,0.0,0.0,
2024-03-01,Mid Luxury SUV,genesis,gv80,genesis_gv80,gv80,NH,NH,0.0,0.0,
2024-03-01,Mid Luxury SUV,genesis,gv80_coupe,genesis_gv80_coupe,gv80,NH,NH,0.0,0.0,
2024-03-01,Make Only,genesis,make_only,genesis_make_only,make_only,NH,NH,0.0,0.0,
2024-03-01,Brand,genesis,Total,genesis_Total,Total,SC,SC,439291.0,13386.0,53604
2024-03-01,Unassigned,genesis,Unassigned,unassigned,Unassigned,SC,SC,,,
2024-03-01,Unassigned,genesis,Unassigned,Unassigned,Unassigned,SC,SC,0.0,0.0,
2024-03-01,Near Luxury Car,genesis,g70,genesis_g70,g70,SC,SC,94224.0,1220.0,6142
2024-03-01,Mid Luxury Car,genesis,g80,genesis_g80,g80,SC,SC,8384.0,406.0,1955
2024-03-01,Mid Luxury EV Car,genesis,g80_ev,genesis_electrified_g80,g80_ev,SC,SC,3911.0,71.0,408
2024-03-01,Premium Luxury Car,genesis,g90,genesis_g90,g90,SC,SC,7085.0,276.0,1543
2024-03-01,Entry Luxury EV SUV,genesis,gv60,genesis_gv60,gv60,SC,SC,23713.0,266.0,1531
2024-03-01,Near Luxury SUV,genesis,gv70,genesis_gv70,gv70,SC,SC,100283.0,3814.0,10989
2024-03-01,Near Luxury EV SUV,genesis,gv70_ev,genesis_electrified_gv70,gv70_ev,SC,SC,15235.0,286.0,1193
2024-03-01,Mid Luxury SUV,genesis,gv80,genesis_gv80,gv80,SC,SC,155784.0,2414.0,12930
2024-03-01,Mid Luxury SUV,genesis,gv80_coupe,genesis_gv80_coupe,gv80,SC,SC,1894.0,49.0,25
2024-03-01,Make Only,genesis,make_only,genesis_make_only,make_only,SC,SC,0.0,0.0,
2024-03-01,Brand,genesis,Total,genesis_Total,Total,SO,SO,599534.0,22512.0,86165
2024-03-01,Unassigned,genesis,Unassigned,unassigned,Unassigned,SO,SO,,,
2024-03-01,Unassigned,genesis,Unassigned,Unassigned,Unassigned,SO,SO,0.0,0.0,
2024-03-01,Near Luxury Car,genesis,g70,genesis_g70,g70,SO,SO,119144.0,1975.0,9983
2024-03-01,Mid Luxury Car,genesis,g80,genesis_g80,g80,SO,SO,13254.0,711.0,3444
2024-03-01,Mid Luxury EV Car,genesis,g80_ev,genesis_electrified_g80,g80_ev,SO,SO,6098.0,157.0,739
2024-03-01,Premium Luxury Car,genesis,g90,genesis_g90,g90,SO,SO,10233.0,481.0,2314
2024-03-01,Entry Luxury EV SUV,genesis,gv60,genesis_gv60,gv60,SO,SO,30889.0,505.0,2878
2024-03-01,Near Luxury SUV,genesis,gv70,genesis_gv70,gv70,SO,SO,136791.0,6490.0,18445
2024-03-01,Near Luxury EV SUV,genesis,gv70_ev,genesis_electrified_gv70,gv70_ev,SO,SO,22145.0,517.0,2160
2024-03-01,Mid Luxury SUV,genesis,gv80,genesis_gv80,gv80,SO,SO,210145.0,3844.0,19616
2024-03-01,Mid Luxury SUV,genesis,gv80_coupe,genesis_gv80_coupe,gv80,SO,SO,3171.0,20.0,20
2024-03-01,Make Only,genesis,make_only,genesis_make_only,make_only,SO,SO,0.0,0.0,
2024-03-01,Brand,genesis,Total,genesis_Total,Total,National,US,3391890.0,121724.0,498732
2024-03-01,Unassigned,genesis,Unassigned,unassigned,Unassigned,National,US,,,
2024-03-01,Unassigned,genesis,Unassigned,Unassigned,Unassigned,National,US,0.0,0.0,
2024-03-01,Near Luxury Car,genesis,g70,genesis_g70,g70,National,US,689959.0,11563.0,59210
2024-03-01,Mid Luxury Car,genesis,g80,genesis_g80,g80,National,US,86496.0,3590.0,20126
2024-03-01,Mid Luxury EV Car,genesis,g80_ev,genesis_electrified_g80,g80_ev,National,US,38205.0,741.0,4627
2024-03-01,Premium Luxury Car,genesis,g90,genesis_g90,g90,National,US,67378.0,2161.0,13685
2024-03-01,Entry Luxury EV SUV,genesis,gv60,genesis_gv60,gv60,National,US,196712.0,3447.0,20259
2024-03-01,Near Luxury SUV,genesis,gv70,genesis_gv70,gv70,National,US,769931.0,35476.0,105960
2024-03-01,Near Luxury EV SUV,genesis,gv70_ev,genesis_electrified_gv70,gv70_ev,National,US,136503.0,3302.0,14924
2024-03-01,Mid Luxury SUV,genesis,gv80,genesis_gv80,gv80,National,US,1127510.0,20185.0,106971
2024-03-01,Mid Luxury SUV,genesis,gv80_coupe,genesis_gv80_coupe,gv80,National,US,19530.0,179.0,182
2024-03-01,Make Only,genesis,make_only,genesis_make_only,make_only,National,US,0.0,0.0,
2024-03-01,Brand,genesis,Total,genesis_Total,Total,WE,WE,511887.0,19213.0,85807
2024-03-01,Unassigned,genesis,Unassigned,unassigned,Unassigned,WE,WE,,,
2024-03-01,Unassigned,genesis,Unassigned,Unassigned,Unassigned,WE,WE,0.0,0.0,
2024-03-01,Near Luxury Car,genesis,g70,genesis_g70,g70,WE,WE,112444.0,1986.0,9875
2024-03-01,Mid Luxury Car,genesis,g80,genesis_g80,g80,WE,WE,12961.0,592.0,3237
2024-03-01,Mid Luxury EV Car,genesis,g80_ev,genesis_electrified_g80,g80_ev,WE,WE,7759.0,170.0,1136
2024-03-01,Premium Luxury Car,genesis,g90,genesis_g90,g90,WE,WE,10008.0,332.0,2163
2024-03-01,Entry Luxury EV SUV,genesis,gv60,genesis_gv60,gv60,WE,WE,36192.0,921.0,5568
2024-03-01,Near Luxury SUV,genesis,gv70,genesis_gv70,gv70,WE,WE,118993.0,5618.0,17175
2024-03-01,Near Luxury EV SUV,genesis,gv70_ev,genesis_electrified_gv70,gv70_ev,WE,WE,26653.0,825.0,3948
2024-03-01,Mid Luxury SUV,genesis,gv80,genesis_gv80,gv80,WE,WE,164111.0,3010.0,16402
2024-03-01,Mid Luxury SUV,genesis,gv80_coupe,genesis_gv80_coupe,gv80,WE,WE,3032.0,27.0,38
2024-03-01,Make Only,genesis,make_only,genesis_make_only,make_only,WE,WE,0.0,0.0,
2024-04-01,Brand,genesis,Total,genesis_Total,Total,CE,CE,488177.0,21381.0,70047
2024-04-01,Unassigned,genesis,Unassigned,unassigned,Unassigned,CE,CE,,,
2024-04-01,Unassigned,genesis,Unassigned,Unassigned,Unassigned,CE,CE,0.0,0.0,
2024-04-01,Near Luxury Car,genesis,g70,genesis_g70,g70,CE,CE,89141.0,2046.0,9363
2024-04-01,Mid Luxury Car,genesis,g80,genesis_g80,g80,CE,CE,12387.0,657.0,2869
2024-04-01,Mid Luxury EV Car,genesis,g80_ev,genesis_electrified_g80,g80_ev,CE,CE,4019.0,86.0,465
2024-04-01,Premium Luxury Car,genesis,g90,genesis_g90,g90,CE,CE,8614.0,323.0,1762
2024-04-01,Entry Luxury EV SUV,genesis,gv60,genesis_gv60,gv60,CE,CE,25685.0,645.0,2710
2024-04-01,Near Luxury SUV,genesis,gv70,genesis_gv70,gv70,CE,CE,142242.0,6093.0,17668
2024-04-01,Near Luxury EV SUV,genesis,gv70_ev,genesis_electrified_gv70,gv70_ev,CE,CE,18122.0,695.0,2648
2024-04-01,Mid Luxury SUV,genesis,gv80,genesis_gv80,gv80,CE,CE,170796.0,4148.0,15474
2024-04-01,Mid Luxury SUV,genesis,gv80_coupe,genesis_gv80_coupe,gv80,CE,CE,2999.0,31.0,31
2024-04-01,Make Only,genesis,make_only,genesis_make_only,make_only,CE,CE,0.0,0.0,
2024-04-01,Brand,genesis,Total,genesis_Total,Total,EA,EA,724147.0,31679.0,113219
2024-04-01,Unassigned,genesis,Unassigned,unassigned,Unassigned,EA,EA,,,
2024-04-01,Unassigned,genesis,Unassigned,Unassigned,Unassigned,EA,EA,0.0,0.0,
2024-04-01,Near Luxury Car,genesis,g70,genesis_g70,g70,EA,EA,113257.0,3017.0,14568
2024-04-01,Mid Luxury Car,genesis,g80,genesis_g80,g80,EA,EA,17873.0,1019.0,4766
2024-04-01,Mid Luxury EV Car,genesis,g80_ev,genesis_electrified_g80,g80_ev,EA,EA,5681.0,142.0,734
2024-04-01,Premium Luxury Car,genesis,g90,genesis_g90,g90,EA,EA,11916.0,468.0,2726
2024-04-01,Entry Luxury EV SUV,genesis,gv60,genesis_gv60,gv60,EA,EA,37131.0,1021.0,4882
2024-04-01,Near Luxury SUV,genesis,gv70,genesis_gv70,gv70,EA,EA,202434.0,9523.0,30492
2024-04-01,Near Luxury EV SUV,genesis,gv70_ev,genesis_electrified_gv70,gv70_ev,EA,EA,28979.0,1159.0,4730
2024-04-01,Mid Luxury SUV,genesis,gv80,genesis_gv80,gv80,EA,EA,231249.0,5335.0,23068
2024-04-01,Mid Luxury SUV,genesis,gv80_coupe,genesis_gv80_coupe,gv80,EA,EA,4878.0,55.0,35
2024-04-01,Make Only,genesis,make_only,genesis_make_only,make_only,EA,EA,0.0,0.0,
2024-04-01,Brand,genesis,Total,genesis_Total,Total,MA,MA,365931.0,13665.0,48096
2024-04-01,Unassigned,genesis,Unassigned,unassigned,Unassigned,MA,MA,,,
2024-04-01,Unassigned,genesis,Unassigned,Unassigned,Unassigned,MA,MA,0.0,0.0,
2024-04-01,Near Luxury Car,genesis,g70,genesis_g70,g70,MA,MA,66364.0,1449.0,6523
2024-04-01,Mid Luxury Car,genesis,g80,genesis_g80,g80,MA,MA,8416.0,466.0,2000
2024-04-01,Mid Luxury EV Car,genesis,g80_ev,genesis_electrified_g80,g80_ev,MA,MA,3105.0,88.0,417
2024-04-01,Premium Luxury Car,genesis,g90,genesis_g90,g90,MA,MA,5832.0,223.0,1247
2024-04-01,Entry Luxury EV SUV,genesis,gv60,genesis_gv60,gv60,MA,MA,19178.0,518.0,2108
2024-04-01,Near Luxury SUV,genesis,gv70,genesis_gv70,gv70,MA,MA,106811.0,3895.0,11709
2024-04-01,Near Luxury EV SUV,genesis,gv70_ev,genesis_electrified_gv70,gv70_ev,MA,MA,14402.0,434.0,1821
2024-04-01,Mid Luxury SUV,genesis,gv80,genesis_gv80,gv80,MA,MA,128503.0,2629.0,10572
2024-04-01,Mid Luxury SUV,genesis,gv80_coupe,genesis_gv80_coupe,gv80,MA,MA,2062.0,19.0,25
2024-04-01,Make Only,genesis,make_only,genesis_make_only,make_only,MA,MA,0.0,0.0,
2024-04-01,Brand,genesis,Total,genesis_Total,Total,MS,MS,255543.0,8925.0,32060
2024-04-01,Unassigned,genesis,Unassigned,unassigned,Unassigned,MS,MS,,,
2024-04-01,Unassigned,genesis,Unassigned,Unassigned,Unassigned,MS,MS,0.0,0.0,
2024-04-01,Near Luxury Car,genesis,g70,genesis_g70,g70,MS,MS,47278.0,834.0,4449
2024-04-01,Mid Luxury Car,genesis,g80,genesis_g80,g80,MS,MS,5416.0,271.0,1275
2024-04-01,Mid Luxury EV Car,genesis,g80_ev,genesis_electrified_g80,g80_ev,MS,MS,2298.0,73.0,293
2024-04-01,Premium Luxury Car,genesis,g90,genesis_g90,g90,MS,MS,3704.0,158.0,799
2024-04-01,Entry Luxury EV SUV,genesis,gv60,genesis_gv60,gv60,MS,MS,16514.0,389.0,1760
2024-04-01,Near Luxury SUV,genesis,gv70,genesis_gv70,gv70,MS,MS,75838.0,2420.0,7405
2024-04-01,Near Luxury EV SUV,genesis,gv70_ev,genesis_electrified_gv70,gv70_ev,MS,MS,12187.0,476.0,1845
2024-04-01,Mid Luxury SUV,genesis,gv80,genesis_gv80,gv80,MS,MS,86283.0,1739.0,6981
2024-04-01,Mid Luxury SUV,genesis,gv80_coupe,genesis_gv80_coupe,gv80,MS,MS,1171.0,11.0,15
2024-04-01,Make Only,genesis,make_only,genesis_make_only,make_only,MS,MS,0.0,0.0,
2024-04-01,Brand,genesis,Total,genesis_Total,Total,NH,NH,0.0,0.0,
2024-04-01,Unassigned,genesis,Unassigned,Unassigned,Unassigned,NH,NH,0.0,0.0,
2024-04-01,Unassigned,genesis,Unassigned,unassigned,Unassigned,NH,NH,,,
2024-04-01,Near Luxury Car,genesis,g70,genesis_g70,g70,NH,NH,0.0,0.0,
2024-04-01,Mid Luxury Car,genesis,g80,genesis_g80,g80,NH,NH,0.0,0.0,
2024-04-01,Mid Luxury EV Car,genesis,g80_ev,genesis_electrified_g80,g80_ev,NH,NH,0.0,0.0,
2024-04-01,Premium Luxury Car,genesis,g90,genesis_g90,g90,NH,NH,0.0,0.0,
2024-04-01,Entry Luxury EV SUV,genesis,gv60,genesis_gv60,gv60,NH,NH,0.0,0.0,
2024-04-01,Near Luxury SUV,genesis,gv70,genesis_gv70,gv70,NH,NH,0.0,0.0,
2024-04-01,Near Luxury EV SUV,genesis,gv70_ev,genesis_electrified_gv70,gv70_ev,NH,NH,0.0,0.0,
2024-04-01,Mid Luxury SUV,genesis,gv80,genesis_gv80,gv80,NH,NH,0.0,0.0,
2024-04-01,Mid Luxury SUV,genesis,gv80_coupe,genesis_gv80_coupe,gv80,NH,NH,0.0,0.0,
2024-04-01,Make Only,genesis,make_only,genesis_make_only,make_only,NH,NH,0.0,0.0,
2024-04-01,Brand,genesis,Total,genesis_Total,Total,SC,SC,443304.0,15617.0,53395
2024-04-01,Unassigned,genesis,Unassigned,Unassigned,Unassigned,SC,SC,0.0,0.0,
2024-04-01,Unassigned,genesis,Unassigned,unassigned,Unassigned,SC,SC,,,
2024-04-01,Near Luxury Car,genesis,g70,genesis_g70,g70,SC,SC,84882.0,1539.0,7034
2024-04-01,Mid Luxury Car,genesis,g80,genesis_g80,g80,SC,SC,9337.0,451.0,2169
2024-04-01,Mid Luxury EV Car,genesis,g80_ev,genesis_electrified_g80,g80_ev,SC,SC,3440.0,74.0,393
2024-04-01,Premium Luxury Car,genesis,g90,genesis_g90,g90,SC,SC,7001.0,273.0,1467
2024-04-01,Entry Luxury EV SUV,genesis,gv60,genesis_gv60,gv60,SC,SC,22245.0,450.0,1699
2024-04-01,Near Luxury SUV,genesis,gv70,genesis_gv70,gv70,SC,SC,128284.0,4145.0,12938
2024-04-01,Near Luxury EV SUV,genesis,gv70_ev,genesis_electrified_gv70,gv70_ev,SC,SC,15234.0,441.0,1705
2024-04-01,Mid Luxury SUV,genesis,gv80,genesis_gv80,gv80,SC,SC,163930.0,3101.0,13150
2024-04-01,Mid Luxury SUV,genesis,gv80_coupe,genesis_gv80_coupe,gv80,SC,SC,2126.0,33.0,17
2024-04-01,Make Only,genesis,make_only,genesis_make_only,make_only,SC,SC,0.0,0.0,
2024-04-01,Brand,genesis,Total,genesis_Total,Total,SO,SO,617838.0,24973.0,87027
2024-04-01,Unassigned,genesis,Unassigned,Unassigned,Unassigned,SO,SO,0.0,0.0,
2024-04-01,Unassigned,genesis,Unassigned,unassigned,Unassigned,SO,SO,,,
2024-04-01,Near Luxury Car,genesis,g70,genesis_g70,g70,SO,SO,107959.0,2426.0,10820
2024-04-01,Mid Luxury Car,genesis,g80,genesis_g80,g80,SO,SO,14687.0,792.0,3662
2024-04-01,Mid Luxury EV Car,genesis,g80_ev,genesis_electrified_g80,g80_ev,SO,SO,5122.0,149.0,584
2024-04-01,Premium Luxury Car,genesis,g90,genesis_g90,g90,SO,SO,10373.0,545.0,2298
2024-04-01,Entry Luxury EV SUV,genesis,gv60,genesis_gv60,gv60,SO,SO,29072.0,861.0,3442
2024-04-01,Near Luxury SUV,genesis,gv70,genesis_gv70,gv70,SO,SO,180855.0,7377.0,21865
2024-04-01,Near Luxury EV SUV,genesis,gv70_ev,genesis_electrified_gv70,gv70_ev,SO,SO,23615.0,902.0,3500
2024-04-01,Mid Luxury SUV,genesis,gv80,genesis_gv80,gv80,SO,SO,226068.0,4581.0,19931
2024-04-01,Mid Luxury SUV,genesis,gv80_coupe,genesis_gv80_coupe,gv80,SO,SO,3927.0,28.0,34
2024-04-01,Make Only,genesis,make_only,genesis_make_only,make_only,SO,SO,0.0,0.0,
2024-04-01,Brand,genesis,Total,genesis_Total,Total,National,US,3526157.0,136814.0,492298
2024-04-01,Unassigned,genesis,Unassigned,Unassigned,Unassigned,National,US,0.0,0.0,
2024-04-01,Unassigned,genesis,Unassigned,unassigned,Unassigned,National,US,,,
2024-04-01,Near Luxury Car,genesis,g70,genesis_g70,g70,National,US,621370.0,13568.0,64074
2024-04-01,Mid Luxury Car,genesis,g80,genesis_g80,g80,National,US,91700.0,4287.0,20555
2024-04-01,Mid Luxury EV Car,genesis,g80_ev,genesis_electrified_g80,g80_ev,National,US,32487.0,851.0,4047
2024-04-01,Premium Luxury Car,genesis,g90,genesis_g90,g90,National,US,64101.0,2412.0,13287
2024-04-01,Entry Luxury EV SUV,genesis,gv60,genesis_gv60,gv60,National,US,190650.0,5297.0,23200
2024-04-01,Near Luxury SUV,genesis,gv70,genesis_gv70,gv70,National,US,1002479.0,39511.0,121657
2024-04-01,Near Luxury EV SUV,genesis,gv70_ev,genesis_electrified_gv70,gv70_ev,National,US,147830.0,5431.0,22061
2024-04-01,Mid Luxury SUV,genesis,gv80,genesis_gv80,gv80,National,US,1212485.0,25117.0,106084
2024-04-01,Mid Luxury SUV,genesis,gv80_coupe,genesis_gv80_coupe,gv80,National,US,21393.0,199.0,189
2024-04-01,Make Only,genesis,make_only,genesis_make_only,make_only,National,US,0.0,0.0,
2024-04-01,Brand,genesis,Total,genesis_Total,Total,WE,WE,533936.0,19543.0,78642
2024-04-01,Unassigned,genesis,Unassigned,Unassigned,Unassigned,WE,WE,0.0,0.0,
2024-04-01,Unassigned,genesis,Unassigned,unassigned,Unassigned,WE,WE,,,
2024-04-01,Near Luxury Car,genesis,g70,genesis_g70,g70,WE,WE,101727.0,2089.0,10083
2024-04-01,Mid Luxury Car,genesis,g80,genesis_g80,g80,WE,WE,12303.0,575.0,2986
2024-04-01,Mid Luxury EV Car,genesis,g80_ev,genesis_electrified_g80,g80_ev,WE,WE,6757.0,208.0,1014
2024-04-01,Premium Luxury Car,genesis,g90,genesis_g90,g90,WE,WE,8823.0,358.0,2055
2024-04-01,Entry Luxury EV SUV,genesis,gv60,genesis_gv60,gv60,WE,WE,36422.0,1330.0,6042
2024-04-01,Near Luxury SUV,genesis,gv70,genesis_gv70,gv70,WE,WE,149270.0,5615.0,17787
2024-04-01,Near Luxury EV SUV,genesis,gv70_ev,genesis_electrified_gv70,gv70_ev,WE,WE,31543.0,1283.0,5478
2024-04-01,Mid Luxury SUV,genesis,gv80,genesis_gv80,gv80,WE,WE,180607.0,3338.0,14921
2024-04-01,Mid Luxury SUV,genesis,gv80_coupe,genesis_gv80_coupe,gv80,WE,WE,3113.0,19.0,27
2024-04-01,Make Only,genesis,make_only,genesis_make_only,make_only,WE,WE,0.0,0.0,
2024-05-01,Brand,genesis,Total,genesis_Total,Total,CE,CE,385285.0,22743.0,75952
2024-05-01,Unassigned,genesis,Unassigned,Unassigned,Unassigned,CE,CE,0.0,0.0,
2024-05-01,Unassigned,genesis,Unassigned,unassigned,Unassigned,CE,CE,,,
2024-05-01,Near Luxury Car,genesis,g70,genesis_g70,g70,CE,CE,76317.0,2075.0,10355
2024-05-01,Mid Luxury Car,genesis,g80,genesis_g80,g80,CE,CE,9550.0,730.0,3128
2024-05-01,Mid Luxury EV Car,genesis,g80_ev,genesis_electrified_g80,g80_ev,CE,CE,3330.0,117.0,402
2024-05-01,Premium Luxury Car,genesis,g90,genesis_g90,g90,CE,CE,7172.0,354.0,1999
2024-05-01,Entry Luxury EV SUV,genesis,gv60,genesis_gv60,gv60,CE,CE,18001.0,653.0,2822
2024-05-01,Near Luxury SUV,genesis,gv70,genesis_gv70,gv70,CE,CE,103972.0,5898.0,22750
2024-05-01,Near Luxury EV SUV,genesis,gv70_ev,genesis_electrified_gv70,gv70_ev,CE,CE,15248.0,1178.0,3796
2024-05-01,Mid Luxury SUV,genesis,gv80,genesis_gv80,gv80,CE,CE,139166.0,5205.0,22937
2024-05-01,Mid Luxury SUV,genesis,gv80_coupe,genesis_gv80_coupe,gv80,CE,CE,4138.0,32.0,29
2024-05-01,Make Only,genesis,make_only,genesis_make_only,make_only,CE,CE,0.0,0.0,
2024-05-01,Brand,genesis,Total,genesis_Total,Total,EA,EA,665529.0,33907.0,122785
2024-05-01,Unassigned,genesis,Unassigned,unassigned,Unassigned,EA,EA,,,
2024-05-01,Unassigned,genesis,Unassigned,Unassigned,Unassigned,EA,EA,0.0,0.0,
2024-05-01,Near Luxury Car,genesis,g70,genesis_g70,g70,EA,EA,104709.0,3163.0,17301
2024-05-01,Mid Luxury Car,genesis,g80,genesis_g80,g80,EA,EA,13920.0,1010.0,4641
2024-05-01,Mid Luxury EV Car,genesis,g80_ev,genesis_electrified_g80,g80_ev,EA,EA,4750.0,175.0,691
2024-05-01,Premium Luxury Car,genesis,g90,genesis_g90,g90,EA,EA,9690.0,461.0,2653
2024-05-01,Entry Luxury EV SUV,genesis,gv60,genesis_gv60,gv60,EA,EA,27553.0,1264.0,5844
2024-05-01,Near Luxury SUV,genesis,gv70,genesis_gv70,gv70,EA,EA,152632.0,8914.0,38490
2024-05-01,Near Luxury EV SUV,genesis,gv70_ev,genesis_electrified_gv70,gv70_ev,EA,EA,28469.0,2281.0,7345
2024-05-01,Mid Luxury SUV,genesis,gv80,genesis_gv80,gv80,EA,EA,195400.0,6940.0,34853
2024-05-01,Mid Luxury SUV,genesis,gv80_coupe,genesis_gv80_coupe,gv80,EA,EA,7054.0,40.0,46
2024-05-01,Make Only,genesis,make_only,genesis_make_only,make_only,EA,EA,0.0,0.0,
2024-05-01,Brand,genesis,Total,genesis_Total,Total,MA,MA,298320.0,15515.0,54685
2024-05-01,Unassigned,genesis,Unassigned,Unassigned,Unassigned,MA,MA,0.0,0.0,
2024-05-01,Unassigned,genesis,Unassigned,unassigned,Unassigned,MA,MA,,,
2024-05-01,Near Luxury Car,genesis,g70,genesis_g70,g70,MA,MA,60933.0,1433.0,7589
2024-05-01,Mid Luxury Car,genesis,g80,genesis_g80,g80,MA,MA,6703.0,423.0,2183
2024-05-01,Mid Luxury EV Car,genesis,g80_ev,genesis_electrified_g80,g80_ev,MA,MA,2534.0,87.0,312
2024-05-01,Premium Luxury Car,genesis,g90,genesis_g90,g90,MA,MA,5014.0,273.0,1348
2024-05-01,Entry Luxury EV SUV,genesis,gv60,genesis_gv60,gv60,MA,MA,13727.0,602.0,2334
2024-05-01,Near Luxury SUV,genesis,gv70,genesis_gv70,gv70,MA,MA,80335.0,3917.0,16987
2024-05-01,Near Luxury EV SUV,genesis,gv70_ev,genesis_electrified_gv70,gv70_ev,MA,MA,12365.0,832.0,2892
2024-05-01,Mid Luxury SUV,genesis,gv80,genesis_gv80,gv80,MA,MA,106109.0,3506.0,15683
2024-05-01,Mid Luxury SUV,genesis,gv80_coupe,genesis_gv80_coupe,gv80,MA,MA,3287.0,25.0,21
2024-05-01,Make Only,genesis,make_only,genesis_make_only,make_only,MA,MA,0.0,0.0,
2024-05-01,Brand,genesis,Total,genesis_Total,Total,MS,MS,191813.0,8987.0,32661
2024-05-01,Unassigned,genesis,Unassigned,unassigned,Unassigned,MS,MS,,,
2024-05-01,Unassigned,genesis,Unassigned,Unassigned,Unassigned,MS,MS,0.0,0.0,
2024-05-01,Near Luxury Car,genesis,g70,genesis_g70,g70,MS,MS,37454.0,808.0,4705
2024-05-01,Mid Luxury Car,genesis,g80,genesis_g80,g80,MS,MS,3764.0,275.0,1106
2024-05-01,Mid Luxury EV Car,genesis,g80_ev,genesis_electrified_g80,g80_ev,MS,MS,1811.0,88.0,248
2024-05-01,Premium Luxury Car,genesis,g90,genesis_g90,g90,MS,MS,3087.0,167.0,848
2024-05-01,Entry Luxury EV SUV,genesis,gv60,genesis_gv60,gv60,MS,MS,12246.0,412.0,1982
2024-05-01,Near Luxury SUV,genesis,gv70,genesis_gv70,gv70,MS,MS,54188.0,2167.0,9329
2024-05-01,Near Luxury EV SUV,genesis,gv70_ev,genesis_electrified_gv70,gv70_ev,MS,MS,10042.0,675.0,2386
2024-05-01,Mid Luxury SUV,genesis,gv80,genesis_gv80,gv80,MS,MS,66203.0,1812.0,9408
2024-05-01,Mid Luxury SUV,genesis,gv80_coupe,genesis_gv80_coupe,gv80,MS,MS,1539.0,17.0,15
2024-05-01,Make Only,genesis,make_only,genesis_make_only,make_only,MS,MS,0.0,0.0,
2024-05-01,Brand,genesis,Total,genesis_Total,Total,NH,NH,0.0,0.0,
2024-05-01,Unassigned,genesis,Unassigned,Unassigned,Unassigned,NH,NH,0.0,0.0,
2024-05-01,Unassigned,genesis,Unassigned,unassigned,Unassigned,NH,NH,,,
2024-05-01,Near Luxury Car,genesis,g70,genesis_g70,g70,NH,NH,0.0,0.0,
2024-05-01,Mid Luxury Car,genesis,g80,genesis_g80,g80,NH,NH,0.0,0.0,
2024-05-01,Mid Luxury EV Car,genesis,g80_ev,genesis_electrified_g80,g80_ev,NH,NH,0.0,0.0,
2024-05-01,Premium Luxury Car,genesis,g90,genesis_g90,g90,NH,NH,0.0,0.0,
2024-05-01,Entry Luxury EV SUV,genesis,gv60,genesis_gv60,gv60,NH,NH,0.0,0.0,
2024-05-01,Near Luxury SUV,genesis,gv70,genesis_gv70,gv70,NH,NH,0.0,0.0,
2024-05-01,Near Luxury EV SUV,genesis,gv70_ev,genesis_electrified_gv70,gv70_ev,NH,NH,0.0,0.0,
2024-05-01,Mid Luxury SUV,genesis,gv80,genesis_gv80,gv80,NH,NH,0.0,0.0,
2024-05-01,Mid Luxury SUV,genesis,gv80_coupe,genesis_gv80_coupe,gv80,NH,NH,0.0,0.0,
2024-05-01,Make Only,genesis,make_only,genesis_make_only,make_only,NH,NH,0.0,0.0,
2024-05-01,Brand,genesis,Total,genesis_Total,Total,SC,SC,349803.0,16995.0,59759
2024-05-01,Unassigned,genesis,Unassigned,unassigned,Unassigned,SC,SC,,,
2024-05-01,Unassigned,genesis,Unassigned,Unassigned,Unassigned,SC,SC,0.0,0.0,
2024-05-01,Near Luxury Car,genesis,g70,genesis_g70,g70,SC,SC,74970.0,1595.0,8377
2024-05-01,Mid Luxury Car,genesis,g80,genesis_g80,g80,SC,SC,7038.0,471.0,2115
2024-05-01,Mid Luxury EV Car,genesis,g80_ev,genesis_electrified_g80,g80_ev,SC,SC,2521.0,87.0,307
2024-05-01,Premium Luxury Car,genesis,g90,genesis_g90,g90,SC,SC,5618.0,270.0,1492
2024-05-01,Entry Luxury EV SUV,genesis,gv60,genesis_gv60,gv60,SC,SC,15741.0,541.0,2180
2024-05-01,Near Luxury SUV,genesis,gv70,genesis_gv70,gv70,SC,SC,94896.0,4368.0,16921
2024-05-01,Near Luxury EV SUV,genesis,gv70_ev,genesis_electrified_gv70,gv70_ev,SC,SC,12058.0,809.0,2551
2024-05-01,Mid Luxury SUV,genesis,gv80,genesis_gv80,gv80,SC,SC,129408.0,4099.0,19748
2024-05-01,Mid Luxury SUV,genesis,gv80_coupe,genesis_gv80_coupe,gv80,SC,SC,2774.0,7.0,11
2024-05-01,Make Only,genesis,make_only,genesis_make_only,make_only,SC,SC,0.0,0.0,
2024-05-01,Brand,genesis,Total,genesis_Total,Total,SO,SO,490216.0,25923.0,91403
2024-05-01,Unassigned,genesis,Unassigned,unassigned,Unassigned,SO,SO,,,
2024-05-01,Unassigned,genesis,Unassigned,Unassigned,Unassigned,SO,SO,0.0,0.0,
2024-05-01,Near Luxury Car,genesis,g70,genesis_g70,g70,SO,SO,100703.0,2410.0,12208
2024-05-01,Mid Luxury Car,genesis,g80,genesis_g80,g80,SO,SO,10265.0,744.0,3626
2024-05-01,Mid Luxury EV Car,genesis,g80_ev,genesis_electrified_g80,g80_ev,SO,SO,3886.0,152.0,443
2024-05-01,Premium Luxury Car,genesis,g90,genesis_g90,g90,SO,SO,7847.0,434.0,2202
2024-05-01,Entry Luxury EV SUV,genesis,gv60,genesis_gv60,gv60,SO,SO,20886.0,1034.0,3744
2024-05-01,Near Luxury SUV,genesis,gv70,genesis_gv70,gv70,SO,SO,132274.0,6779.0,28024
2024-05-01,Near Luxury EV SUV,genesis,gv70_ev,genesis_electrified_gv70,gv70_ev,SO,SO,20021.0,1419.0,4587
2024-05-01,Mid Luxury SUV,genesis,gv80,genesis_gv80,gv80,SO,SO,179000.0,5841.0,27650
2024-05-01,Mid Luxury SUV,genesis,gv80_coupe,genesis_gv80_coupe,gv80,SO,SO,5115.0,42.0,29
2024-05-01,Make Only,genesis,make_only,genesis_make_only,make_only,SO,SO,0.0,0.0,
2024-05-01,Brand,genesis,Total,genesis_Total,Total,National,US,2959605.0,152056.0,547791
2024-05-01,Unassigned,genesis,Unassigned,unassigned,Unassigned,National,US,,,
2024-05-01,Unassigned,genesis,Unassigned,Unassigned,Unassigned,National,US,0.0,0.0,
2024-05-01,Near Luxury Car,genesis,g70,genesis_g70,g70,National,US,563731.0,14226.0,74830
2024-05-01,Mid Luxury Car,genesis,g80,genesis_g80,g80,National,US,71524.0,4396.0,20915
2024-05-01,Mid Luxury EV Car,genesis,g80_ev,genesis_electrified_g80,g80_ev,National,US,27438.0,988.0,3452
2024-05-01,Premium Luxury Car,genesis,g90,genesis_g90,g90,National,US,55131.0,2525.0,13749
2024-05-01,Entry Luxury EV SUV,genesis,gv60,genesis_gv60,gv60,National,US,142376.0,6433.0,27740
2024-05-01,Near Luxury SUV,genesis,gv70,genesis_gv70,gv70,National,US,758572.0,39072.0,162581
2024-05-01,Near Luxury EV SUV,genesis,gv70_ev,genesis_electrified_gv70,gv70_ev,National,US,135188.0,9897.0,33114
2024-05-01,Mid Luxury SUV,genesis,gv80,genesis_gv80,gv80,National,US,1007502.0,33261.0,159496
2024-05-01,Mid Luxury SUV,genesis,gv80_coupe,genesis_gv80_coupe,gv80,National,US,31265.0,193.0,192
2024-05-01,Make Only,genesis,make_only,genesis_make_only,make_only,National,US,0.0,0.0,
2024-05-01,Brand,genesis,Total,genesis_Total,Total,WE,WE,452236.0,23110.0,88564
2024-05-01,Unassigned,genesis,Unassigned,unassigned,Unassigned,WE,WE,,,
2024-05-01,Unassigned,genesis,Unassigned,Unassigned,Unassigned,WE,WE,0.0,0.0,
2024-05-01,Near Luxury Car,genesis,g70,genesis_g70,g70,WE,WE,94751.0,2225.0,11932
2024-05-01,Mid Luxury Car,genesis,g80,genesis_g80,g80,WE,WE,9952.0,584.0,2987
2024-05-01,Mid Luxury EV Car,genesis,g80_ev,genesis_electrified_g80,g80_ev,WE,WE,5764.0,242.0,836
2024-05-01,Premium Luxury Car,genesis,g90,genesis_g90,g90,WE,WE,7679.0,447.0,2140
2024-05-01,Entry Luxury EV SUV,genesis,gv60,genesis_gv60,gv60,WE,WE,28290.0,1745.0,7812
2024-05-01,Near Luxury SUV,genesis,gv70,genesis_gv70,gv70,WE,WE,116362.0,5603.0,24468
2024-05-01,Near Luxury EV SUV,genesis,gv70_ev,genesis_electrified_gv70,gv70_ev,WE,WE,30801.0,2418.0,8540
2024-05-01,Mid Luxury SUV,genesis,gv80,genesis_gv80,gv80,WE,WE,153210.0,4512.0,22223
2024-05-01,Mid Luxury SUV,genesis,gv80_coupe,genesis_gv80_coupe,gv80,WE,WE,4571.0,25.0,37
2024-05-01,Make Only,genesis,make_only,genesis_make_only,make_only,WE,WE,0.0,0.0,
2024-06-01,Brand,genesis,Total,genesis_Total,Total,CE,CE,480575.0,22621.0,81689
2024-06-01,Unassigned,genesis,Unassigned,Unassigned,Unassigned,CE,CE,0.0,0.0,
2024-06-01,Unassigned,genesis,Unassigned,unassigned,Unassigned,CE,CE,,,
2024-06-01,Near Luxury Car,genesis,g70,genesis_g70,g70,CE,CE,82470.0,2015.0,10903
2024-06-01,Mid Luxury Car,genesis,g80,genesis_g80,g80,CE,CE,9016.0,664.0,2672
2024-06-01,Mid Luxury EV Car,genesis,g80_ev,genesis_electrified_g80,g80_ev,CE,CE,2539.0,129.0,388
2024-06-01,Premium Luxury Car,genesis,g90,genesis_g90,g90,CE,CE,6447.0,380.0,1579
2024-06-01,Entry Luxury EV SUV,genesis,gv60,genesis_gv60,gv60,CE,CE,19247.0,727.0,2513
2024-06-01,Near Luxury SUV,genesis,gv70,genesis_gv70,gv70,CE,CE,128900.0,6063.0,22647
2024-06-01,Near Luxury EV SUV,genesis,gv70_ev,genesis_electrified_gv70,gv70_ev,CE,CE,15999.0,1077.0,2911
2024-06-01,Mid Luxury SUV,genesis,gv80,genesis_gv80,gv80,CE,CE,197217.0,5136.0,24286
2024-06-01,Mid Luxury SUV,genesis,gv80_coupe,genesis_gv80_coupe,gv80,CE,CE,3315.0,27.0,36
2024-06-01,Make Only,genesis,make_only,genesis_make_only,make_only,CE,CE,0.0,0.0,
2024-06-01,Brand,genesis,Total,genesis_Total,Total,EA,EA,684622.0,33591.0,129295
2024-06-01,Unassigned,genesis,Unassigned,unassigned,Unassigned,EA,EA,,,
2024-06-01,Unassigned,genesis,Unassigned,Unassigned,Unassigned,EA,EA,0.0,0.0,
2024-06-01,Near Luxury Car,genesis,g70,genesis_g70,g70,EA,EA,117729.0,3090.0,17582
2024-06-01,Mid Luxury Car,genesis,g80,genesis_g80,g80,EA,EA,14065.0,957.0,4312
2024-06-01,Mid Luxury EV Car,genesis,g80_ev,genesis_electrified_g80,g80_ev,EA,EA,3824.0,174.0,577
2024-06-01,Premium Luxury Car,genesis,g90,genesis_g90,g90,EA,EA,9076.0,532.0,2405
2024-06-01,Entry Luxury EV SUV,genesis,gv60,genesis_gv60,gv60,EA,EA,28868.0,1252.0,5104
2024-06-01,Near Luxury SUV,genesis,gv70,genesis_gv70,gv70,EA,EA,166076.0,9701.0,37735
2024-06-01,Near Luxury EV SUV,genesis,gv70_ev,genesis_electrified_gv70,gv70_ev,EA,EA,27558.0,1895.0,5944
2024-06-01,Mid Luxury SUV,genesis,gv80,genesis_gv80,gv80,EA,EA,253835.0,6615.0,34490
2024-06-01,Mid Luxury SUV,genesis,gv80_coupe,genesis_gv80_coupe,gv80,EA,EA,5094.0,28.0,46
2024-06-01,Make Only,genesis,make_only,genesis_make_only,make_only,EA,EA,0.0,0.0,
2024-06-01,Brand,genesis,Total,genesis_Total,Total,MA,MA,394282.0,14562.0,58219
2024-06-01,Unassigned,genesis,Unassigned,Unassigned,Unassigned,MA,MA,0.0,0.0,
2024-06-01,Unassigned,genesis,Unassigned,unassigned,Unassigned,MA,MA,,,
2024-06-01,Near Luxury Car,genesis,g70,genesis_g70,g70,MA,MA,69945.0,1403.0,7817
2024-06-01,Mid Luxury Car,genesis,g80,genesis_g80,g80,MA,MA,6580.0,472.0,1824
2024-06-01,Mid Luxury EV Car,genesis,g80_ev,genesis_electrified_g80,g80_ev,MA,MA,2034.0,81.0,299
2024-06-01,Premium Luxury Car,genesis,g90,genesis_g90,g90,MA,MA,4882.0,234.0,1146
2024-06-01,Entry Luxury EV SUV,genesis,gv60,genesis_gv60,gv60,MA,MA,15201.0,569.0,2281
2024-06-01,Near Luxury SUV,genesis,gv70,genesis_gv70,gv70,MA,MA,103165.0,3726.0,15689
2024-06-01,Near Luxury EV SUV,genesis,gv70_ev,genesis_electrified_gv70,gv70_ev,MA,MA,13543.0,755.0,2483
2024-06-01,Mid Luxury SUV,genesis,gv80,genesis_gv80,gv80,MA,MA,163374.0,3147.0,17484
2024-06-01,Mid Luxury SUV,genesis,gv80_coupe,genesis_gv80_coupe,gv80,MA,MA,2253.0,22.0,18
2024-06-01,Make Only,genesis,make_only,genesis_make_only,make_only,MA,MA,0.0,0.0,
2024-06-01,Brand,genesis,Total,genesis_Total,Total,MS,MS,210972.0,8875.0,33523
2024-06-01,Unassigned,genesis,Unassigned,Unassigned,Unassigned,MS,MS,0.0,0.0,
2024-06-01,Unassigned,genesis,Unassigned,unassigned,Unassigned,MS,MS,,,
2024-06-01,Near Luxury Car,genesis,g70,genesis_g70,g70,MS,MS,33190.0,814.0,4367
2024-06-01,Mid Luxury Car,genesis,g80,genesis_g80,g80,MS,MS,3518.0,216.0,964
2024-06-01,Mid Luxury EV Car,genesis,g80_ev,genesis_electrified_g80,g80_ev,MS,MS,1555.0,62.0,268
2024-06-01,Premium Luxury Car,genesis,g90,genesis_g90,g90,MS,MS,2750.0,174.0,673
2024-06-01,Entry Luxury EV SUV,genesis,gv60,genesis_gv60,gv60,MS,MS,12450.0,410.0,1887
2024-06-01,Near Luxury SUV,genesis,gv70,genesis_gv70,gv70,MS,MS,59702.0,2384.0,9038
2024-06-01,Near Luxury EV SUV,genesis,gv70_ev,genesis_electrified_gv70,gv70_ev,MS,MS,9921.0,506.0,1929
2024-06-01,Mid Luxury SUV,genesis,gv80,genesis_gv80,gv80,MS,MS,80817.0,1880.0,9033
2024-06-01,Mid Luxury SUV,genesis,gv80_coupe,genesis_gv80_coupe,gv80,MS,MS,1240.0,6.0,15
2024-06-01,Make Only,genesis,make_only,genesis_make_only,make_only,MS,MS,0.0,0.0,
2024-06-01,Brand,genesis,Total,genesis_Total,Total,NH,NH,0.0,0.0,
2024-06-01,Unassigned,genesis,Unassigned,unassigned,Unassigned,NH,NH,,,
2024-06-01,Unassigned,genesis,Unassigned,Unassigned,Unassigned,NH,NH,0.0,0.0,
2024-06-01,Near Luxury Car,genesis,g70,genesis_g70,g70,NH,NH,0.0,0.0,
2024-06-01,Mid Luxury Car,genesis,g80,genesis_g80,g80,NH,NH,0.0,0.0,
2024-06-01,Mid Luxury EV Car,genesis,g80_ev,genesis_electrified_g80,g80_ev,NH,NH,0.0,0.0,
2024-06-01,Premium Luxury Car,genesis,g90,genesis_g90,g90,NH,NH,0.0,0.0,
2024-06-01,Entry Luxury EV SUV,genesis,gv60,genesis_gv60,gv60,NH,NH,0.0,0.0,
2024-06-01,Near Luxury SUV,genesis,gv70,genesis_gv70,gv70,NH,NH,0.0,0.0,
2024-06-01,Near Luxury EV SUV,genesis,gv70_ev,genesis_electrified_gv70,gv70_ev,NH,NH,0.0,0.0,
2024-06-01,Mid Luxury SUV,genesis,gv80,genesis_gv80,gv80,NH,NH,0.0,0.0,
2024-06-01,Mid Luxury SUV,genesis,gv80_coupe,genesis_gv80_coupe,gv80,NH,NH,0.0,0.0,
2024-06-01,Make Only,genesis,make_only,genesis_make_only,make_only,NH,NH,0.0,0.0,
2024-06-01,Brand,genesis,Total,genesis_Total,Total,SC,SC,446315.0,16974.0,66088
2024-06-01,Unassigned,genesis,Unassigned,unassigned,Unassigned,SC,SC,,,
2024-06-01,Unassigned,genesis,Unassigned,Unassigned,Unassigned,SC,SC,0.0,0.0,
2024-06-01,Near Luxury Car,genesis,g70,genesis_g70,g70,SC,SC,76081.0,1627.0,8457
2024-06-01,Mid Luxury Car,genesis,g80,genesis_g80,g80,SC,SC,7300.0,519.0,2055
2024-06-01,Mid Luxury EV Car,genesis,g80_ev,genesis_electrified_g80,g80_ev,SC,SC,2040.0,67.0,284
2024-06-01,Premium Luxury Car,genesis,g90,genesis_g90,g90,SC,SC,5653.0,338.0,1377
2024-06-01,Entry Luxury EV SUV,genesis,gv60,genesis_gv60,gv60,SC,SC,17522.0,557.0,2193
2024-06-01,Near Luxury SUV,genesis,gv70,genesis_gv70,gv70,SC,SC,117647.0,4639.0,17176
2024-06-01,Near Luxury EV SUV,genesis,gv70_ev,genesis_electrified_gv70,gv70_ev,SC,SC,13356.0,697.0,2027
2024-06-01,Mid Luxury SUV,genesis,gv80,genesis_gv80,gv80,SC,SC,191924.0,3992.0,20858
2024-06-01,Mid Luxury SUV,genesis,gv80_coupe,genesis_gv80_coupe,gv80,SC,SC,2582.0,35.0,25
2024-06-01,Make Only,genesis,make_only,genesis_make_only,make_only,SC,SC,0.0,0.0,
2024-06-01,Brand,genesis,Total,genesis_Total,Total,SO,SO,584669.0,21908.0,87344
2024-06-01,Unassigned,genesis,Unassigned,unassigned,Unassigned,SO,SO,,,
2024-06-01,Unassigned,genesis,Unassigned,Unassigned,Unassigned,SO,SO,0.0,0.0,
2024-06-01,Near Luxury Car,genesis,g70,genesis_g70,g70,SO,SO,102685.0,2019.0,11433
2024-06-01,Mid Luxury Car,genesis,g80,genesis_g80,g80,SO,SO,8791.0,600.0,2820
2024-06-01,Mid Luxury EV Car,genesis,g80_ev,genesis_electrified_g80,g80_ev,SO,SO,2485.0,122.0,382
2024-06-01,Premium Luxury Car,genesis,g90,genesis_g90,g90,SO,SO,6770.0,386.0,1632
2024-06-01,Entry Luxury EV SUV,genesis,gv60,genesis_gv60,gv60,SO,SO,21016.0,802.0,2928
2024-06-01,Near Luxury SUV,genesis,gv70,genesis_gv70,gv70,SO,SO,152606.0,6062.0,23455
2024-06-01,Near Luxury EV SUV,genesis,gv70_ev,genesis_electrified_gv70,gv70_ev,SO,SO,19002.0,1138.0,3462
2024-06-01,Mid Luxury SUV,genesis,gv80,genesis_gv80,gv80,SO,SO,249242.0,4807.0,27027
2024-06-01,Mid Luxury SUV,genesis,gv80_coupe,genesis_gv80_coupe,gv80,SO,SO,3842.0,57.0,29
2024-06-01,Make Only,genesis,make_only,genesis_make_only,make_only,SO,SO,0.0,0.0,
2024-06-01,Brand,genesis,Total,genesis_Total,Total,National,US,3424787.0,148756.0,578347
2024-06-01,Unassigned,genesis,Unassigned,unassigned,Unassigned,National,US,,,
2024-06-01,Unassigned,genesis,Unassigned,Unassigned,Unassigned,National,US,0.0,0.0,
2024-06-01,Near Luxury Car,genesis,g70,genesis_g70,g70,National,US,573322.0,13854.0,75431
2024-06-01,Mid Luxury Car,genesis,g80,genesis_g80,g80,National,US,69156.0,4233.0,18883
2024-06-01,Mid Luxury EV Car,genesis,g80_ev,genesis_electrified_g80,g80_ev,National,US,21366.0,919.0,3242
2024-06-01,Premium Luxury Car,genesis,g90,genesis_g90,g90,National,US,51797.0,2589.0,11844
2024-06-01,Entry Luxury EV SUV,genesis,gv60,genesis_gv60,gv60,National,US,149678.0,6491.0,25102
2024-06-01,Near Luxury SUV,genesis,gv70,genesis_gv70,gv70,National,US,880227.0,40164.0,155820
2024-06-01,Near Luxury EV SUV,genesis,gv70_ev,genesis_electrified_gv70,gv70_ev,National,US,135888.0,8661.0,26897
2024-06-01,Mid Luxury SUV,genesis,gv80,genesis_gv80,gv80,National,US,1368001.0,31362.0,165224
2024-06-01,Mid Luxury SUV,genesis,gv80_coupe,genesis_gv80_coupe,gv80,National,US,24466.0,199.0,219
2024-06-01,Make Only,genesis,make_only,genesis_make_only,make_only,National,US,0.0,0.0,
2024-06-01,Brand,genesis,Total,genesis_Total,Total,WE,WE,468520.0,22088.0,87820
2024-06-01,Unassigned,genesis,Unassigned,unassigned,Unassigned,WE,WE,,,
2024-06-01,Unassigned,genesis,Unassigned,Unassigned,Unassigned,WE,WE,0.0,0.0,
2024-06-01,Near Luxury Car,genesis,g70,genesis_g70,g70,WE,WE,73799.0,2162.0,10983
2024-06-01,Mid Luxury Car,genesis,g80,genesis_g80,g80,WE,WE,9632.0,536.0,2688
2024-06-01,Mid Luxury EV Car,genesis,g80_ev,genesis_electrified_g80,g80_ev,WE,WE,4401.0,227.0,778
2024-06-01,Premium Luxury Car,genesis,g90,genesis_g90,g90,WE,WE,7094.0,374.0,1734
2024-06-01,Entry Luxury EV SUV,genesis,gv60,genesis_gv60,gv60,WE,WE,27807.0,1796.0,6787
2024-06-01,Near Luxury SUV,genesis,gv70,genesis_gv70,gv70,WE,WE,122518.0,5330.0,21995
2024-06-01,Near Luxury EV SUV,genesis,gv70_ev,genesis_electrified_gv70,gv70_ev,WE,WE,28811.0,2117.0,6503
2024-06-01,Mid Luxury SUV,genesis,gv80,genesis_gv80,gv80,WE,WE,180759.0,3976.0,22175
2024-06-01,Mid Luxury SUV,genesis,gv80_coupe,genesis_gv80_coupe,gv80,WE,WE,3680.0,15.0,40
2024-06-01,Make Only,genesis,make_only,genesis_make_only,make_only,WE,WE,0.0,0.0,
2024-07-01,Brand,genesis,Total,genesis_Total,Total,CE,CE,474234.0,21681.0,91992
2024-07-01,Unassigned,genesis,Unassigned,Unassigned,Unassigned,CE,CE,0.0,0.0,
2024-07-01,Unassigned,genesis,Unassigned,unassigned,Unassigned,CE,CE,,,
2024-07-01,Near Luxury Car,genesis,g70,genesis_g70,g70,CE,CE,72182.0,2195.0,9572
2024-07-01,Mid Luxury Car,genesis,g80,genesis_g80,g80,CE,CE,10351.0,644.0,2483
2024-07-01,Mid Luxury EV Car,genesis,g80_ev,genesis_electrified_g80,g80_ev,CE,CE,4635.0,135.0,586
2024-07-01,Premium Luxury Car,genesis,g90,genesis_g90,g90,CE,CE,10070.0,358.0,2131
2024-07-01,Entry Luxury EV SUV,genesis,gv60,genesis_gv60,gv60,CE,CE,21326.0,840.0,3085
2024-07-01,Near Luxury SUV,genesis,gv70,genesis_gv70,gv70,CE,CE,111847.0,4690.0,18431
2024-07-01,Near Luxury EV SUV,genesis,gv70_ev,genesis_electrified_gv70,gv70_ev,CE,CE,17488.0,1005.0,3041
2024-07-01,Mid Luxury SUV,genesis,gv80,genesis_gv80,gv80,CE,CE,197578.0,4636.0,22670
2024-07-01,Mid Luxury SUV,genesis,gv80_coupe,genesis_gv80_coupe,gv80,CE,CE,31330.0,184.0,1807
2024-07-01,Make Only,genesis,make_only,genesis_make_only,make_only,CE,CE,0.0,0.0,
2024-07-01,Brand,genesis,Total,genesis_Total,Total,EA,EA,760453.0,33047.0,153683
2024-07-01,Unassigned,genesis,Unassigned,unassigned,Unassigned,EA,EA,,,
2024-07-01,Unassigned,genesis,Unassigned,Unassigned,Unassigned,EA,EA,0.0,0.0,
2024-07-01,Near Luxury Car,genesis,g70,genesis_g70,g70,EA,EA,110226.0,3513.0,16552
2024-07-01,Mid Luxury Car,genesis,g80,genesis_g80,g80,EA,EA,16103.0,1039.0,4200
2024-07-01,Mid Luxury EV Car,genesis,g80_ev,genesis_electrified_g80,g80_ev,EA,EA,7396.0,234.0,956
2024-07-01,Premium Luxury Car,genesis,g90,genesis_g90,g90,EA,EA,14047.0,567.0,3311
2024-07-01,Entry Luxury EV SUV,genesis,gv60,genesis_gv60,gv60,EA,EA,44264.0,1532.0,6118
2024-07-01,Near Luxury SUV,genesis,gv70,genesis_gv70,gv70,EA,EA,161787.0,7375.0,31734
2024-07-01,Near Luxury EV SUV,genesis,gv70_ev,genesis_electrified_gv70,gv70_ev,EA,EA,29088.0,1645.0,5813
2024-07-01,Mid Luxury SUV,genesis,gv80,genesis_gv80,gv80,EA,EA,265167.0,5889.0,34107
2024-07-01,Mid Luxury SUV,genesis,gv80_coupe,genesis_gv80_coupe,gv80,EA,EA,40852.0,248.0,3144
2024-07-01,Make Only,genesis,make_only,genesis_make_only,make_only,EA,EA,0.0,0.0,
2024-07-01,Brand,genesis,Total,genesis_Total,Total,MA,MA,383035.0,14899.0,71182
2024-07-01,Unassigned,genesis,Unassigned,Unassigned,Unassigned,MA,MA,0.0,0.0,
2024-07-01,Unassigned,genesis,Unassigned,unassigned,Unassigned,MA,MA,,,
2024-07-01,Near Luxury Car,genesis,g70,genesis_g70,g70,MA,MA,57088.0,1425.0,7710
2024-07-01,Mid Luxury Car,genesis,g80,genesis_g80,g80,MA,MA,7605.0,390.0,1823
2024-07-01,Mid Luxury EV Car,genesis,g80_ev,genesis_electrified_g80,g80_ev,MA,MA,3977.0,85.0,463
2024-07-01,Premium Luxury Car,genesis,g90,genesis_g90,g90,MA,MA,7794.0,281.0,1639
2024-07-01,Entry Luxury EV SUV,genesis,gv60,genesis_gv60,gv60,MA,MA,17336.0,750.0,2826
2024-07-01,Near Luxury SUV,genesis,gv70,genesis_gv70,gv70,MA,MA,89105.0,3170.0,13486
2024-07-01,Near Luxury EV SUV,genesis,gv70_ev,genesis_electrified_gv70,gv70_ev,MA,MA,14602.0,664.0,2653
2024-07-01,Mid Luxury SUV,genesis,gv80,genesis_gv80,gv80,MA,MA,160612.0,3040.0,17658
2024-07-01,Mid Luxury SUV,genesis,gv80_coupe,genesis_gv80_coupe,gv80,MA,MA,24389.0,155.0,1306
2024-07-01,Make Only,genesis,make_only,genesis_make_only,make_only,MA,MA,0.0,0.0,
2024-07-01,Brand,genesis,Total,genesis_Total,Total,MS,MS,220929.0,8821.0,40597
2024-07-01,Unassigned,genesis,Unassigned,unassigned,Unassigned,MS,MS,,,
2024-07-01,Unassigned,genesis,Unassigned,Unassigned,Unassigned,MS,MS,0.0,0.0,
2024-07-01,Near Luxury Car,genesis,g70,genesis_g70,g70,MS,MS,30923.0,805.0,4397
2024-07-01,Mid Luxury Car,genesis,g80,genesis_g80,g80,MS,MS,4772.0,265.0,1169
2024-07-01,Mid Luxury EV Car,genesis,g80_ev,genesis_electrified_g80,g80_ev,MS,MS,3074.0,86.0,351
2024-07-01,Premium Luxury Car,genesis,g90,genesis_g90,g90,MS,MS,4186.0,147.0,847
2024-07-01,Entry Luxury EV SUV,genesis,gv60,genesis_gv60,gv60,MS,MS,13470.0,537.0,2219
2024-07-01,Near Luxury SUV,genesis,gv70,genesis_gv70,gv70,MS,MS,54666.0,1726.0,7812
2024-07-01,Near Luxury EV SUV,genesis,gv70_ev,genesis_electrified_gv70,gv70_ev,MS,MS,11343.0,464.0,2072
2024-07-01,Mid Luxury SUV,genesis,gv80,genesis_gv80,gv80,MS,MS,87062.0,1858.0,9813
2024-07-01,Mid Luxury SUV,genesis,gv80_coupe,genesis_gv80_coupe,gv80,MS,MS,15153.0,46.0,735
2024-07-01,Make Only,genesis,make_only,genesis_make_only,make_only,MS,MS,0.0,0.0,
2024-07-01,Brand,genesis,Total,genesis_Total,Total,NH,NH,0.0,0.0,
2024-07-01,Unassigned,genesis,Unassigned,unassigned,Unassigned,NH,NH,,,
2024-07-01,Unassigned,genesis,Unassigned,Unassigned,Unassigned,NH,NH,0.0,0.0,
2024-07-01,Near Luxury Car,genesis,g70,genesis_g70,g70,NH,NH,0.0,0.0,
2024-07-01,Mid Luxury Car,genesis,g80,genesis_g80,g80,NH,NH,0.0,0.0,
2024-07-01,Mid Luxury EV Car,genesis,g80_ev,genesis_electrified_g80,g80_ev,NH,NH,0.0,0.0,
2024-07-01,Premium Luxury Car,genesis,g90,genesis_g90,g90,NH,NH,0.0,0.0,
2024-07-01,Entry Luxury EV SUV,genesis,gv60,genesis_gv60,gv60,NH,NH,0.0,0.0,
2024-07-01,Near Luxury SUV,genesis,gv70,genesis_gv70,gv70,NH,NH,0.0,0.0,
2024-07-01,Near Luxury EV SUV,genesis,gv70_ev,genesis_electrified_gv70,gv70_ev,NH,NH,0.0,0.0,
2024-07-01,Mid Luxury SUV,genesis,gv80,genesis_gv80,gv80,NH,NH,0.0,0.0,
2024-07-01,Mid Luxury SUV,genesis,gv80_coupe,genesis_gv80_coupe,gv80,NH,NH,0.0,0.0,
2024-07-01,Make Only,genesis,make_only,genesis_make_only,make_only,NH,NH,0.0,0.0,
2024-07-01,Brand,genesis,Total,genesis_Total,Total,SC,SC,446373.0,16170.0,79791
2024-07-01,Unassigned,genesis,Unassigned,Unassigned,Unassigned,SC,SC,0.0,0.0,
2024-07-01,Unassigned,genesis,Unassigned,unassigned,Unassigned,SC,SC,,,
2024-07-01,Near Luxury Car,genesis,g70,genesis_g70,g70,SC,SC,71456.0,1639.0,8600
2024-07-01,Mid Luxury Car,genesis,g80,genesis_g80,g80,SC,SC,8693.0,525.0,2147
2024-07-01,Mid Luxury EV Car,genesis,g80_ev,genesis_electrified_g80,g80_ev,SC,SC,3974.0,92.0,482
2024-07-01,Premium Luxury Car,genesis,g90,genesis_g90,g90,SC,SC,8888.0,319.0,1843
2024-07-01,Entry Luxury EV SUV,genesis,gv60,genesis_gv60,gv60,SC,SC,18525.0,648.0,2540
2024-07-01,Near Luxury SUV,genesis,gv70,genesis_gv70,gv70,SC,SC,102195.0,3328.0,14551
2024-07-01,Near Luxury EV SUV,genesis,gv70_ev,genesis_electrified_gv70,gv70_ev,SC,SC,14441.0,698.0,2203
2024-07-01,Mid Luxury SUV,genesis,gv80,genesis_gv80,gv80,SC,SC,190922.0,3909.0,21173
2024-07-01,Mid Luxury SUV,genesis,gv80_coupe,genesis_gv80_coupe,gv80,SC,SC,31571.0,156.0,1405
2024-07-01,Make Only,genesis,make_only,genesis_make_only,make_only,SC,SC,0.0,0.0,
2024-07-01,Brand,genesis,Total,genesis_Total,Total,SO,SO,579948.0,23244.0,103895
2024-07-01,Unassigned,genesis,Unassigned,unassigned,Unassigned,SO,SO,,,
2024-07-01,Unassigned,genesis,Unassigned,Unassigned,Unassigned,SO,SO,0.0,0.0,
2024-07-01,Near Luxury Car,genesis,g70,genesis_g70,g70,SO,SO,97331.0,2339.0,11443
2024-07-01,Mid Luxury Car,genesis,g80,genesis_g80,g80,SO,SO,10687.0,579.0,2652
2024-07-01,Mid Luxury EV Car,genesis,g80_ev,genesis_electrified_g80,g80_ev,SO,SO,5183.0,131.0,758
2024-07-01,Premium Luxury Car,genesis,g90,genesis_g90,g90,SO,SO,11384.0,505.0,2355
2024-07-01,Entry Luxury EV SUV,genesis,gv60,genesis_gv60,gv60,SO,SO,23923.0,1007.0,3722
2024-07-01,Near Luxury SUV,genesis,gv70,genesis_gv70,gv70,SO,SO,132315.0,4757.0,19791
2024-07-01,Near Luxury EV SUV,genesis,gv70_ev,genesis_electrified_gv70,gv70_ev,SO,SO,19577.0,1003.0,3222
2024-07-01,Mid Luxury SUV,genesis,gv80,genesis_gv80,gv80,SO,SO,244780.0,4750.0,26223
2024-07-01,Mid Luxury SUV,genesis,gv80_coupe,genesis_gv80_coupe,gv80,SO,SO,39365.0,299.0,1945
2024-07-01,Make Only,genesis,make_only,genesis_make_only,make_only,SO,SO,0.0,0.0,
2024-07-01,Brand,genesis,Total,genesis_Total,Total,National,US,3555934.0,146514.0,682582
2024-07-01,Unassigned,genesis,Unassigned,unassigned,Unassigned,National,US,,,
2024-07-01,Unassigned,genesis,Unassigned,Unassigned,Unassigned,National,US,0.0,0.0,
2024-07-01,Near Luxury Car,genesis,g70,genesis_g70,g70,National,US,545100.0,15355.0,73976
2024-07-01,Mid Luxury Car,genesis,g80,genesis_g80,g80,National,US,81452.0,4296.0,18738
2024-07-01,Mid Luxury EV Car,genesis,g80_ev,genesis_electrified_g80,g80_ev,National,US,39708.0,1093.0,5191
2024-07-01,Premium Luxury Car,genesis,g90,genesis_g90,g90,National,US,84628.0,2726.0,16911
2024-07-01,Entry Luxury EV SUV,genesis,gv60,genesis_gv60,gv60,National,US,186373.0,7518.0,29151
2024-07-01,Near Luxury SUV,genesis,gv70,genesis_gv70,gv70,National,US,797880.0,30832.0,130311
2024-07-01,Near Luxury EV SUV,genesis,gv70_ev,genesis_electrified_gv70,gv70_ev,National,US,145507.0,7276.0,26641
2024-07-01,Mid Luxury SUV,genesis,gv80,genesis_gv80,gv80,National,US,1384945.0,29428.0,160682
2024-07-01,Mid Luxury SUV,genesis,gv80_coupe,genesis_gv80_coupe,gv80,National,US,225688.0,1348.0,13430
2024-07-01,Make Only,genesis,make_only,genesis_make_only,make_only,National,US,0.0,0.0,
2024-07-01,Brand,genesis,Total,genesis_Total,Total,WE,WE,491069.0,20774.0,99661
2024-07-01,Unassigned,genesis,Unassigned,unassigned,Unassigned,WE,WE,,,
2024-07-01,Unassigned,genesis,Unassigned,Unassigned,Unassigned,WE,WE,0.0,0.0,
2024-07-01,Near Luxury Car,genesis,g70,genesis_g70,g70,WE,WE,82696.0,2361.0,11321
2024-07-01,Mid Luxury Car,genesis,g80,genesis_g80,g80,WE,WE,11745.0,551.0,2587
2024-07-01,Mid Luxury EV Car,genesis,g80_ev,genesis_electrified_g80,g80_ev,WE,WE,7785.0,242.0,1135
2024-07-01,Premium Luxury Car,genesis,g90,genesis_g90,g90,WE,WE,10424.0,366.0,2300
2024-07-01,Entry Luxury EV SUV,genesis,gv60,genesis_gv60,gv60,WE,WE,36449.0,1788.0,6901
2024-07-01,Near Luxury SUV,genesis,gv70,genesis_gv70,gv70,WE,WE,110483.0,3979.0,17462
2024-07-01,Near Luxury EV SUV,genesis,gv70_ev,genesis_electrified_gv70,gv70_ev,WE,WE,29424.0,1417.0,6010
2024-07-01,Mid Luxury SUV,genesis,gv80,genesis_gv80,gv80,WE,WE,180914.0,3746.0,20644
2024-07-01,Mid Luxury SUV,genesis,gv80_coupe,genesis_gv80_coupe,gv80,WE,WE,32125.0,173.0,1959
2024-07-01,Make Only,genesis,make_only,genesis_make_only,make_only,WE,WE,0.0,0.0,
2024-08-01,Brand,genesis,Total,genesis_Total,Total,CE,CE,468992.0,21646.0,81484
2024-08-01,Unassigned,genesis,Unassigned,Unassigned,Unassigned,CE,CE,0.0,0.0,
2024-08-01,Unassigned,genesis,Unassigned,unassigned,Unassigned,CE,CE,,,
2024-08-01,Near Luxury Car,genesis,g70,genesis_g70,g70,CE,CE,77888.0,2204.0,11113
2024-08-01,Mid Luxury Car,genesis,g80,genesis_g80,g80,CE,CE,13333.0,745.0,3760
2024-08-01,Mid Luxury EV Car,genesis,g80_ev,genesis_electrified_g80,g80_ev,CE,CE,6472.0,136.0,880
2024-08-01,Premium Luxury Car,genesis,g90,genesis_g90,g90,CE,CE,9981.0,315.0,2293
2024-08-01,Entry Luxury EV SUV,genesis,gv60,genesis_gv60,gv60,CE,CE,20329.0,550.0,3069
2024-08-01,Near Luxury SUV,genesis,gv70,genesis_gv70,gv70,CE,CE,126501.0,5196.0,21188
2024-08-01,Near Luxury EV SUV,genesis,gv70_ev,genesis_electrified_gv70,gv70_ev,CE,CE,15091.0,546.0,2289
2024-08-01,Mid Luxury SUV,genesis,gv80,genesis_gv80,gv80,CE,CE,164107.0,4315.0,21077
2024-08-01,Mid Luxury SUV,genesis,gv80_coupe,genesis_gv80_coupe,gv80,CE,CE,40567.0,402.0,4043
2024-08-01,Make Only,genesis,make_only,genesis_make_only,make_only,CE,CE,0.0,0.0,
2024-08-01,Brand,genesis,Total,genesis_Total,Total,EA,EA,733803.0,30858.0,131689
2024-08-01,Unassigned,genesis,Unassigned,Unassigned,Unassigned,EA,EA,0.0,0.0,
2024-08-01,Unassigned,genesis,Unassigned,unassigned,Unassigned,EA,EA,,,
2024-08-01,Near Luxury Car,genesis,g70,genesis_g70,g70,EA,EA,117409.0,3754.0,19722
2024-08-01,Mid Luxury Car,genesis,g80,genesis_g80,g80,EA,EA,20494.0,1253.0,6045
2024-08-01,Mid Luxury EV Car,genesis,g80_ev,genesis_electrified_g80,g80_ev,EA,EA,9986.0,301.0,1586
2024-08-01,Premium Luxury Car,genesis,g90,genesis_g90,g90,EA,EA,14234.0,502.0,3395
2024-08-01,Entry Luxury EV SUV,genesis,gv60,genesis_gv60,gv60,EA,EA,40916.0,888.0,6293
2024-08-01,Near Luxury SUV,genesis,gv70,genesis_gv70,gv70,EA,EA,186554.0,7548.0,35740
2024-08-01,Near Luxury EV SUV,genesis,gv70_ev,genesis_electrified_gv70,gv70_ev,EA,EA,25249.0,828.0,3973
2024-08-01,Mid Luxury SUV,genesis,gv80,genesis_gv80,gv80,EA,EA,224761.0,5309.0,30871
2024-08-01,Mid Luxury SUV,genesis,gv80_coupe,genesis_gv80_coupe,gv80,EA,EA,53420.0,487.0,5988
2024-08-01,Make Only,genesis,make_only,genesis_make_only,make_only,EA,EA,0.0,0.0,
2024-08-01,Brand,genesis,Total,genesis_Total,Total,MA,MA,383204.0,14840.0,62442
2024-08-01,Unassigned,genesis,Unassigned,Unassigned,Unassigned,MA,MA,0.0,0.0,
2024-08-01,Unassigned,genesis,Unassigned,unassigned,Unassigned,MA,MA,,,
2024-08-01,Near Luxury Car,genesis,g70,genesis_g70,g70,MA,MA,60548.0,1721.0,9110
2024-08-01,Mid Luxury Car,genesis,g80,genesis_g80,g80,MA,MA,10199.0,591.0,2574
2024-08-01,Mid Luxury EV Car,genesis,g80_ev,genesis_electrified_g80,g80_ev,MA,MA,5794.0,103.0,853
2024-08-01,Premium Luxury Car,genesis,g90,genesis_g90,g90,MA,MA,7635.0,257.0,1799
2024-08-01,Entry Luxury EV SUV,genesis,gv60,genesis_gv60,gv60,MA,MA,18103.0,563.0,3176
2024-08-01,Near Luxury SUV,genesis,gv70,genesis_gv70,gv70,MA,MA,104996.0,3513.0,16733
2024-08-01,Near Luxury EV SUV,genesis,gv70_ev,genesis_electrified_gv70,gv70_ev,MA,MA,13089.0,423.0,1965
2024-08-01,Mid Luxury SUV,genesis,gv80,genesis_gv80,gv80,MA,MA,130790.0,2782.0,15195
2024-08-01,Mid Luxury SUV,genesis,gv80_coupe,genesis_gv80_coupe,gv80,MA,MA,30448.0,215.0,2781
2024-08-01,Make Only,genesis,make_only,genesis_make_only,make_only,MA,MA,0.0,0.0,
2024-08-01,Brand,genesis,Total,genesis_Total,Total,MS,MS,240781.0,8172.0,35904
2024-08-01,Unassigned,genesis,Unassigned,Unassigned,Unassigned,MS,MS,0.0,0.0,
2024-08-01,Unassigned,genesis,Unassigned,unassigned,Unassigned,MS,MS,,,
2024-08-01,Near Luxury Car,genesis,g70,genesis_g70,g70,MS,MS,41721.0,768.0,4627
2024-08-01,Mid Luxury Car,genesis,g80,genesis_g80,g80,MS,MS,5988.0,235.0,1524
2024-08-01,Mid Luxury EV Car,genesis,g80_ev,genesis_electrified_g80,g80_ev,MS,MS,3935.0,124.0,583
2024-08-01,Premium Luxury Car,genesis,g90,genesis_g90,g90,MS,MS,4244.0,110.0,948
2024-08-01,Entry Luxury EV SUV,genesis,gv60,genesis_gv60,gv60,MS,MS,13610.0,390.0,2313
2024-08-01,Near Luxury SUV,genesis,gv70,genesis_gv70,gv70,MS,MS,65235.0,1849.0,8807
2024-08-01,Near Luxury EV SUV,genesis,gv70_ev,genesis_electrified_gv70,gv70_ev,MS,MS,9402.0,306.0,1451
2024-08-01,Mid Luxury SUV,genesis,gv80,genesis_gv80,gv80,MS,MS,81424.0,1650.0,9274
2024-08-01,Mid Luxury SUV,genesis,gv80_coupe,genesis_gv80_coupe,gv80,MS,MS,19399.0,121.0,1637
2024-08-01,Make Only,genesis,make_only,genesis_make_only,make_only,MS,MS,0.0,0.0,
2024-08-01,Brand,genesis,Total,genesis_Total,Total,NH,NH,0.0,0.0,
2024-08-01,Unassigned,genesis,Unassigned,unassigned,Unassigned,NH,NH,,,
2024-08-01,Unassigned,genesis,Unassigned,Unassigned,Unassigned,NH,NH,0.0,0.0,
2024-08-01,Near Luxury Car,genesis,g70,genesis_g70,g70,NH,NH,0.0,0.0,
2024-08-01,Mid Luxury Car,genesis,g80,genesis_g80,g80,NH,NH,0.0,0.0,
2024-08-01,Mid Luxury EV Car,genesis,g80_ev,genesis_electrified_g80,g80_ev,NH,NH,0.0,0.0,
2024-08-01,Premium Luxury Car,genesis,g90,genesis_g90,g90,NH,NH,0.0,0.0,
2024-08-01,Entry Luxury EV SUV,genesis,gv60,genesis_gv60,gv60,NH,NH,0.0,0.0,
2024-08-01,Near Luxury SUV,genesis,gv70,genesis_gv70,gv70,NH,NH,0.0,0.0,
2024-08-01,Near Luxury EV SUV,genesis,gv70_ev,genesis_electrified_gv70,gv70_ev,NH,NH,0.0,0.0,
2024-08-01,Mid Luxury SUV,genesis,gv80,genesis_gv80,gv80,NH,NH,0.0,0.0,
2024-08-01,Mid Luxury SUV,genesis,gv80_coupe,genesis_gv80_coupe,gv80,NH,NH,0.0,0.0,
2024-08-01,Make Only,genesis,make_only,genesis_make_only,make_only,NH,NH,0.0,0.0,
2024-08-01,Brand,genesis,Total,genesis_Total,Total,SC,SC,452702.0,16004.0,71017
2024-08-01,Unassigned,genesis,Unassigned,Unassigned,Unassigned,SC,SC,0.0,0.0,
2024-08-01,Unassigned,genesis,Unassigned,unassigned,Unassigned,SC,SC,,,
2024-08-01,Near Luxury Car,genesis,g70,genesis_g70,g70,SC,SC,75017.0,1855.0,9674
2024-08-01,Mid Luxury Car,genesis,g80,genesis_g80,g80,SC,SC,11348.0,560.0,3181
2024-08-01,Mid Luxury EV Car,genesis,g80_ev,genesis_electrified_g80,g80_ev,SC,SC,5478.0,115.0,694
2024-08-01,Premium Luxury Car,genesis,g90,genesis_g90,g90,SC,SC,8569.0,311.0,1962
2024-08-01,Entry Luxury EV SUV,genesis,gv60,genesis_gv60,gv60,SC,SC,17072.0,482.0,2742
2024-08-01,Near Luxury SUV,genesis,gv70,genesis_gv70,gv70,SC,SC,124731.0,3755.0,18165
2024-08-01,Near Luxury EV SUV,genesis,gv70_ev,genesis_electrified_gv70,gv70_ev,SC,SC,12764.0,370.0,1741
2024-08-01,Mid Luxury SUV,genesis,gv80,genesis_gv80,gv80,SC,SC,164454.0,3456.0,19735
2024-08-01,Mid Luxury SUV,genesis,gv80_coupe,genesis_gv80_coupe,gv80,SC,SC,39807.0,259.0,3388
2024-08-01,Make Only,genesis,make_only,genesis_make_only,make_only,SC,SC,0.0,0.0,
2024-08-01,Brand,genesis,Total,genesis_Total,Total,SO,SO,557598.0,21635.0,91332
2024-08-01,Unassigned,genesis,Unassigned,unassigned,Unassigned,SO,SO,,,
2024-08-01,Unassigned,genesis,Unassigned,Unassigned,Unassigned,SO,SO,0.0,0.0,
2024-08-01,Near Luxury Car,genesis,g70,genesis_g70,g70,SO,SO,90372.0,2506.0,12751
2024-08-01,Mid Luxury Car,genesis,g80,genesis_g80,g80,SO,SO,13787.0,665.0,3876
2024-08-01,Mid Luxury EV Car,genesis,g80_ev,genesis_electrified_g80,g80_ev,SO,SO,7132.0,161.0,935
2024-08-01,Premium Luxury Car,genesis,g90,genesis_g90,g90,SO,SO,10769.0,422.0,2528
2024-08-01,Entry Luxury EV SUV,genesis,gv60,genesis_gv60,gv60,SO,SO,23228.0,749.0,3629
2024-08-01,Near Luxury SUV,genesis,gv70,genesis_gv70,gv70,SO,SO,157285.0,5033.0,24381
2024-08-01,Near Luxury EV SUV,genesis,gv70_ev,genesis_electrified_gv70,gv70_ev,SO,SO,17367.0,574.0,2442
2024-08-01,Mid Luxury SUV,genesis,gv80,genesis_gv80,gv80,SO,SO,200961.0,4264.0,23562
2024-08-01,Mid Luxury SUV,genesis,gv80_coupe,genesis_gv80_coupe,gv80,SO,SO,48796.0,437.0,4696
2024-08-01,Make Only,genesis,make_only,genesis_make_only,make_only,SO,SO,0.0,0.0,
2024-08-01,Brand,genesis,Total,genesis_Total,Total,National,US,3558419.0,142354.0,607327
2024-08-01,Unassigned,genesis,Unassigned,Unassigned,Unassigned,National,US,0.0,0.0,
2024-08-01,Unassigned,genesis,Unassigned,unassigned,Unassigned,National,US,,,
2024-08-01,Near Luxury Car,genesis,g70,genesis_g70,g70,National,US,572595.0,16537.0,84763
2024-08-01,Mid Luxury Car,genesis,g80,genesis_g80,g80,National,US,102907.0,4951.0,27359
2024-08-01,Mid Luxury EV Car,genesis,g80_ev,genesis_electrified_g80,g80_ev,National,US,52467.0,1327.0,7970
2024-08-01,Premium Luxury Car,genesis,g90,genesis_g90,g90,National,US,81975.0,2551.0,17996
2024-08-01,Entry Luxury EV SUV,genesis,gv60,genesis_gv60,gv60,National,US,177435.0,5474.0,30332
2024-08-01,Near Luxury SUV,genesis,gv70,genesis_gv70,gv70,National,US,932466.0,33398.0,156123
2024-08-01,Near Luxury EV SUV,genesis,gv70_ev,genesis_electrified_gv70,gv70_ev,National,US,126299.0,4427.0,19819
2024-08-01,Mid Luxury SUV,genesis,gv80,genesis_gv80,gv80,National,US,1202720.0,27035.0,149034
2024-08-01,Mid Luxury SUV,genesis,gv80_coupe,genesis_gv80_coupe,gv80,National,US,292779.0,2377.0,29076
2024-08-01,Make Only,genesis,make_only,genesis_make_only,make_only,National,US,0.0,0.0,
2024-08-01,Brand,genesis,Total,genesis_Total,Total,WE,WE,498890.0,20447.0,89953
2024-08-01,Unassigned,genesis,Unassigned,Unassigned,Unassigned,WE,WE,0.0,0.0,
2024-08-01,Unassigned,genesis,Unassigned,unassigned,Unassigned,WE,WE,,,
2024-08-01,Near Luxury Car,genesis,g70,genesis_g70,g70,WE,WE,82674.0,2577.0,11973
2024-08-01,Mid Luxury Car,genesis,g80,genesis_g80,g80,WE,WE,14942.0,615.0,3968
2024-08-01,Mid Luxury EV Car,genesis,g80_ev,genesis_electrified_g80,g80_ev,WE,WE,9826.0,272.0,1692
2024-08-01,Premium Luxury Car,genesis,g90,genesis_g90,g90,WE,WE,10866.0,426.0,2651
2024-08-01,Entry Luxury EV SUV,genesis,gv60,genesis_gv60,gv60,WE,WE,33536.0,1444.0,7226
2024-08-01,Near Luxury SUV,genesis,gv70,genesis_gv70,gv70,WE,WE,127019.0,4327.0,21053
2024-08-01,Near Luxury EV SUV,genesis,gv70_ev,genesis_electrified_gv70,gv70_ev,WE,WE,25108.0,1050.0,4704
2024-08-01,Mid Luxury SUV,genesis,gv80,genesis_gv80,gv80,WE,WE,170519.0,3595.0,19964
2024-08-01,Mid Luxury SUV,genesis,gv80_coupe,genesis_gv80_coupe,gv80,WE,WE,43376.0,307.0,4217
2024-08-01,Make Only,genesis,make_only,genesis_make_only,make_only,WE,WE,0.0,0.0,
2024-09-01,Brand,genesis,Total,genesis_Total,Total,CE,CE,421311.0,16644.0,67913
2024-09-01,Unassigned,genesis,Unassigned,Unassigned,Unassigned,CE,CE,0.0,0.0,
2024-09-01,Unassigned,genesis,Unassigned,unassigned,Unassigned,CE,CE,,,
2024-09-01,Near Luxury Car,genesis,g70,genesis_g70,g70,CE,CE,65717.0,1474.0,8689
2024-09-01,Mid Luxury Car,genesis,g80,genesis_g80,g80,CE,CE,17620.0,614.0,3808
2024-09-01,Mid Luxury EV Car,genesis,g80_ev,genesis_electrified_g80,g80_ev,CE,CE,6547.0,135.0,779
2024-09-01,Premium Luxury Car,genesis,g90,genesis_g90,g90,CE,CE,10091.0,254.0,1774
2024-09-01,Entry Luxury EV SUV,genesis,gv60,genesis_gv60,gv60,CE,CE,26091.0,499.0,3009
2024-09-01,Near Luxury SUV,genesis,gv70,genesis_gv70,gv70,CE,CE,142239.0,4238.0,17971
2024-09-01,Near Luxury EV SUV,genesis,gv70_ev,genesis_electrified_gv70,gv70_ev,CE,CE,19512.0,519.0,2133
2024-09-01,Mid Luxury SUV,genesis,gv80,genesis_gv80,gv80,CE,CE,121562.0,2957.0,16203
2024-09-01,Mid Luxury SUV,genesis,gv80_coupe,genesis_gv80_coupe,gv80,CE,CE,29447.0,512.0,3737
2024-09-01,Make Only,genesis,make_only,genesis_make_only,make_only,CE,CE,0.0,0.0,
2024-09-01,Brand,genesis,Total,genesis_Total,Total,EA,EA,621533.0,25861.0,117941
2024-09-01,Unassigned,genesis,Unassigned,Unassigned,Unassigned,EA,EA,0.0,0.0,
2024-09-01,Unassigned,genesis,Unassigned,unassigned,Unassigned,EA,EA,,,
2024-09-01,Near Luxury Car,genesis,g70,genesis_g70,g70,EA,EA,94963.0,2542.0,15296
2024-09-01,Mid Luxury Car,genesis,g80,genesis_g80,g80,EA,EA,25307.0,1108.0,5842
2024-09-01,Mid Luxury EV Car,genesis,g80_ev,genesis_electrified_g80,g80_ev,EA,EA,9063.0,278.0,1288
2024-09-01,Premium Luxury Car,genesis,g90,genesis_g90,g90,EA,EA,13233.0,402.0,2506
2024-09-01,Entry Luxury EV SUV,genesis,gv60,genesis_gv60,gv60,EA,EA,49000.0,966.0,8044
2024-09-01,Near Luxury SUV,genesis,gv70,genesis_gv70,gv70,EA,EA,204275.0,6540.0,31192
2024-09-01,Near Luxury EV SUV,genesis,gv70_ev,genesis_electrified_gv70,gv70_ev,EA,EA,28787.0,690.0,3592
2024-09-01,Mid Luxury SUV,genesis,gv80,genesis_gv80,gv80,EA,EA,173774.0,3886.0,30152
2024-09-01,Mid Luxury SUV,genesis,gv80_coupe,genesis_gv80_coupe,gv80,EA,EA,39885.0,756.0,5906
2024-09-01,Make Only,genesis,make_only,genesis_make_only,make_only,EA,EA,0.0,0.0,
2024-09-01,Brand,genesis,Total,genesis_Total,Total,MA,MA,356864.0,11503.0,62485
2024-09-01,Unassigned,genesis,Unassigned,Unassigned,Unassigned,MA,MA,0.0,0.0,
2024-09-01,Unassigned,genesis,Unassigned,unassigned,Unassigned,MA,MA,,,
2024-09-01,Near Luxury Car,genesis,g70,genesis_g70,g70,MA,MA,51690.0,1057.0,7444
2024-09-01,Mid Luxury Car,genesis,g80,genesis_g80,g80,MA,MA,13025.0,574.0,2848
2024-09-01,Mid Luxury EV Car,genesis,g80_ev,genesis_electrified_g80,g80_ev,MA,MA,5269.0,119.0,601
2024-09-01,Premium Luxury Car,genesis,g90,genesis_g90,g90,MA,MA,7091.0,154.0,1311
2024-09-01,Entry Luxury EV SUV,genesis,gv60,genesis_gv60,gv60,MA,MA,26753.0,412.0,5203
2024-09-01,Near Luxury SUV,genesis,gv70,genesis_gv70,gv70,MA,MA,112422.0,2670.0,13757
2024-09-01,Near Luxury EV SUV,genesis,gv70_ev,genesis_electrified_gv70,gv70_ev,MA,MA,15828.0,411.0,1776
2024-09-01,Mid Luxury SUV,genesis,gv80,genesis_gv80,gv80,MA,MA,111193.0,1974.0,19999
2024-09-01,Mid Luxury SUV,genesis,gv80_coupe,genesis_gv80_coupe,gv80,MA,MA,21947.0,322.0,2770
2024-09-01,Make Only,genesis,make_only,genesis_make_only,make_only,MA,MA,0.0,0.0,
2024-09-01,Brand,genesis,Total,genesis_Total,Total,MS,MS,207332.0,6878.0,29603
2024-09-01,Unassigned,genesis,Unassigned,unassigned,Unassigned,MS,MS,,,
2024-09-01,Unassigned,genesis,Unassigned,Unassigned,Unassigned,MS,MS,0.0,0.0,
2024-09-01,Near Luxury Car,genesis,g70,genesis_g70,g70,MS,MS,32529.0,506.0,3653
2024-09-01,Mid Luxury Car,genesis,g80,genesis_g80,g80,MS,MS,7806.0,197.0,1432
2024-09-01,Mid Luxury EV Car,genesis,g80_ev,genesis_electrified_g80,g80_ev,MS,MS,3796.0,52.0,437
2024-09-01,Premium Luxury Car,genesis,g90,genesis_g90,g90,MS,MS,4546.0,77.0,783
2024-09-01,Entry Luxury EV SUV,genesis,gv60,genesis_gv60,gv60,MS,MS,15382.0,354.0,1931
2024-09-01,Near Luxury SUV,genesis,gv70,genesis_gv70,gv70,MS,MS,68264.0,1635.0,7398
2024-09-01,Near Luxury EV SUV,genesis,gv70_ev,genesis_electrified_gv70,gv70_ev,MS,MS,11967.0,314.0,1441
2024-09-01,Mid Luxury SUV,genesis,gv80,genesis_gv80,gv80,MS,MS,59548.0,1130.0,6784
2024-09-01,Mid Luxury SUV,genesis,gv80_coupe,genesis_gv80_coupe,gv80,MS,MS,13002.0,188.0,1705
2024-09-01,Make Only,genesis,make_only,genesis_make_only,make_only,MS,MS,0.0,0.0,
2024-09-01,Brand,genesis,Total,genesis_Total,Total,NH,NH,0.0,0.0,
2024-09-01,Unassigned,genesis,Unassigned,Unassigned,Unassigned,NH,NH,0.0,0.0,
2024-09-01,Unassigned,genesis,Unassigned,unassigned,Unassigned,NH,NH,,,
2024-09-01,Near Luxury Car,genesis,g70,genesis_g70,g70,NH,NH,0.0,0.0,
2024-09-01,Mid Luxury Car,genesis,g80,genesis_g80,g80,NH,NH,0.0,0.0,
2024-09-01,Mid Luxury EV Car,genesis,g80_ev,genesis_electrified_g80,g80_ev,NH,NH,0.0,0.0,
2024-09-01,Premium Luxury Car,genesis,g90,genesis_g90,g90,NH,NH,0.0,0.0,
2024-09-01,Entry Luxury EV SUV,genesis,gv60,genesis_gv60,gv60,NH,NH,0.0,0.0,
2024-09-01,Near Luxury SUV,genesis,gv70,genesis_gv70,gv70,NH,NH,0.0,0.0,
2024-09-01,Near Luxury EV SUV,genesis,gv70_ev,genesis_electrified_gv70,gv70_ev,NH,NH,0.0,0.0,
2024-09-01,Mid Luxury SUV,genesis,gv80,genesis_gv80,gv80,NH,NH,0.0,0.0,
2024-09-01,Mid Luxury SUV,genesis,gv80_coupe,genesis_gv80_coupe,gv80,NH,NH,0.0,0.0,
2024-09-01,Make Only,genesis,make_only,genesis_make_only,make_only,NH,NH,0.0,0.0,
2024-09-01,Brand,genesis,Total,genesis_Total,Total,SC,SC,394226.0,12946.0,58471
2024-09-01,Unassigned,genesis,Unassigned,Unassigned,Unassigned,SC,SC,0.0,0.0,
2024-09-01,Unassigned,genesis,Unassigned,unassigned,Unassigned,SC,SC,,,
2024-09-01,Near Luxury Car,genesis,g70,genesis_g70,g70,SC,SC,63490.0,1174.0,7567
2024-09-01,Mid Luxury Car,genesis,g80,genesis_g80,g80,SC,SC,13895.0,596.0,3054
2024-09-01,Mid Luxury EV Car,genesis,g80_ev,genesis_electrified_g80,g80_ev,SC,SC,5432.0,130.0,599
2024-09-01,Premium Luxury Car,genesis,g90,genesis_g90,g90,SC,SC,8497.0,211.0,1511
2024-09-01,Entry Luxury EV SUV,genesis,gv60,genesis_gv60,gv60,SC,SC,21774.0,319.0,2381
2024-09-01,Near Luxury SUV,genesis,gv70,genesis_gv70,gv70,SC,SC,134735.0,3271.0,15696
2024-09-01,Near Luxury EV SUV,genesis,gv70_ev,genesis_electrified_gv70,gv70_ev,SC,SC,16065.0,383.0,1709
2024-09-01,Mid Luxury SUV,genesis,gv80,genesis_gv80,gv80,SC,SC,116764.0,2388.0,14150
2024-09-01,Mid Luxury SUV,genesis,gv80_coupe,genesis_gv80_coupe,gv80,SC,SC,28429.0,452.0,3570
2024-09-01,Make Only,genesis,make_only,genesis_make_only,make_only,SC,SC,0.0,0.0,
2024-09-01,Brand,genesis,Total,genesis_Total,Total,SO,SO,503879.0,16964.0,73493
2024-09-01,Unassigned,genesis,Unassigned,Unassigned,Unassigned,SO,SO,0.0,0.0,
2024-09-01,Unassigned,genesis,Unassigned,unassigned,Unassigned,SO,SO,,,
2024-09-01,Near Luxury Car,genesis,g70,genesis_g70,g70,SO,SO,83133.0,1628.0,9391
2024-09-01,Mid Luxury Car,genesis,g80,genesis_g80,g80,SO,SO,17789.0,788.0,4020
2024-09-01,Mid Luxury EV Car,genesis,g80_ev,genesis_electrified_g80,g80_ev,SO,SO,7010.0,125.0,804
2024-09-01,Premium Luxury Car,genesis,g90,genesis_g90,g90,SO,SO,10307.0,279.0,1861
2024-09-01,Entry Luxury EV SUV,genesis,gv60,genesis_gv60,gv60,SO,SO,29202.0,563.0,3255
2024-09-01,Near Luxury SUV,genesis,gv70,genesis_gv70,gv70,SO,SO,178224.0,4089.0,19707
2024-09-01,Near Luxury EV SUV,genesis,gv70_ev,genesis_electrified_gv70,gv70_ev,SO,SO,21351.0,443.0,2237
2024-09-01,Mid Luxury SUV,genesis,gv80,genesis_gv80,gv80,SO,SO,139303.0,3100.0,17339
2024-09-01,Mid Luxury SUV,genesis,gv80_coupe,genesis_gv80_coupe,gv80,SO,SO,36910.0,569.0,4533
2024-09-01,Make Only,genesis,make_only,genesis_make_only,make_only,SO,SO,0.0,0.0,
2024-09-01,Brand,genesis,Total,genesis_Total,Total,National,US,3223181.0,113545.0,523549
2024-09-01,Unassigned,genesis,Unassigned,Unassigned,Unassigned,National,US,0.0,0.0,
2024-09-01,Unassigned,genesis,Unassigned,unassigned,Unassigned,National,US,,,
2024-09-01,Near Luxury Car,genesis,g70,genesis_g70,g70,National,US,496793.0,10694.0,65689
2024-09-01,Mid Luxury Car,genesis,g80,genesis_g80,g80,National,US,131952.0,4812.0,27666
2024-09-01,Mid Luxury EV Car,genesis,g80_ev,genesis_electrified_g80,g80_ev,National,US,51825.0,1178.0,6359
2024-09-01,Premium Luxury Car,genesis,g90,genesis_g90,g90,National,US,78492.0,1762.0,13460
2024-09-01,Entry Luxury EV SUV,genesis,gv60,genesis_gv60,gv60,National,US,219283.0,4601.0,32342
2024-09-01,Near Luxury SUV,genesis,gv70,genesis_gv70,gv70,National,US,1060719.0,27489.0,132036
2024-09-01,Near Luxury EV SUV,genesis,gv70_ev,genesis_electrified_gv70,gv70_ev,National,US,154256.0,3847.0,18505
2024-09-01,Mid Luxury SUV,genesis,gv80,genesis_gv80,gv80,National,US,920056.0,19051.0,129234
2024-09-01,Mid Luxury SUV,genesis,gv80_coupe,genesis_gv80_coupe,gv80,National,US,216338.0,3440.0,28575
2024-09-01,Make Only,genesis,make_only,genesis_make_only,make_only,National,US,0.0,0.0,
2024-09-01,Brand,genesis,Total,genesis_Total,Total,WE,WE,508838.0,15795.0,75649
2024-09-01,Unassigned,genesis,Unassigned,Unassigned,Unassigned,WE,WE,0.0,0.0,
2024-09-01,Unassigned,genesis,Unassigned,unassigned,Unassigned,WE,WE,,,
2024-09-01,Near Luxury Car,genesis,g70,genesis_g70,g70,WE,WE,80682.0,1592.0,9673
2024-09-01,Mid Luxury Car,genesis,g80,genesis_g80,g80,WE,WE,20006.0,595.0,4069
2024-09-01,Mid Luxury EV Car,genesis,g80_ev,genesis_electrified_g80,g80_ev,WE,WE,10587.0,231.0,1370
2024-09-01,Premium Luxury Car,genesis,g90,genesis_g90,g90,WE,WE,11362.0,234.0,1993
2024-09-01,Entry Luxury EV SUV,genesis,gv60,genesis_gv60,gv60,WE,WE,37213.0,1166.0,5937
2024-09-01,Near Luxury SUV,genesis,gv70,genesis_gv70,gv70,WE,WE,172261.0,3407.0,18172
2024-09-01,Near Luxury EV SUV,genesis,gv70_ev,genesis_electrified_gv70,gv70_ev,WE,WE,31243.0,874.0,4489
2024-09-01,Mid Luxury SUV,genesis,gv80,genesis_gv80,gv80,WE,WE,138273.0,2420.0,15662
2024-09-01,Mid Luxury SUV,genesis,gv80_coupe,genesis_gv80_coupe,gv80,WE,WE,32240.0,413.0,4181
2024-09-01,Make Only,genesis,make_only,genesis_make_only,make_only,WE,WE,0.0,0.0,
2024-10-01,Brand,genesis,Total,genesis_Total,Total,CE,CE,460751.0,17544.0,76622
2024-10-01,Unassigned,genesis,Unassigned,Unassigned,Unassigned,CE,CE,0.0,0.0,
2024-10-01,Unassigned,genesis,Unassigned,unassigned,Unassigned,CE,CE,,,
2024-10-01,Near Luxury Car,genesis,g70,genesis_g70,g70,CE,CE,79365.0,1261.0,9726
2024-10-01,Mid Luxury Car,genesis,g80,genesis_g80,g80,CE,CE,16348.0,717.0,4284
2024-10-01,Mid Luxury EV Car,genesis,g80_ev,genesis_electrified_g80,g80_ev,CE,CE,8071.0,270.0,1278
2024-10-01,Premium Luxury Car,genesis,g90,genesis_g90,g90,CE,CE,13130.0,295.0,2544
2024-10-01,Entry Luxury EV SUV,genesis,gv60,genesis_gv60,gv60,CE,CE,24960.0,612.0,2877
2024-10-01,Near Luxury SUV,genesis,gv70,genesis_gv70,gv70,CE,CE,161926.0,4049.0,19799
2024-10-01,Near Luxury EV SUV,genesis,gv70_ev,genesis_electrified_gv70,gv70_ev,CE,CE,21878.0,501.0,2785
2024-10-01,Mid Luxury SUV,genesis,gv80,genesis_gv80,gv80,CE,CE,137072.0,3464.0,19879
2024-10-01,Mid Luxury SUV,genesis,gv80_coupe,genesis_gv80_coupe,gv80,CE,CE,28470.0,475.0,3933
2024-10-01,Make Only,genesis,make_only,genesis_make_only,make_only,CE,CE,0.0,0.0,
2024-10-01,Brand,genesis,Total,genesis_Total,Total,EA,EA,597544.0,23314.0,109619
2024-10-01,Unassigned,genesis,Unassigned,unassigned,Unassigned,EA,EA,,,
2024-10-01,Unassigned,genesis,Unassigned,Unassigned,Unassigned,EA,EA,0.0,0.0,
2024-10-01,Near Luxury Car,genesis,g70,genesis_g70,g70,EA,EA,104824.0,1902.0,14989
2024-10-01,Mid Luxury Car,genesis,g80,genesis_g80,g80,EA,EA,22273.0,907.0,5845
2024-10-01,Mid Luxury EV Car,genesis,g80_ev,genesis_electrified_g80,g80_ev,EA,EA,11024.0,320.0,1922
2024-10-01,Premium Luxury Car,genesis,g90,genesis_g90,g90,EA,EA,16732.0,339.0,3191
2024-10-01,Entry Luxury EV SUV,genesis,gv60,genesis_gv60,gv60,EA,EA,42135.0,874.0,5376
2024-10-01,Near Luxury SUV,genesis,gv70,genesis_gv70,gv70,EA,EA,212978.0,5891.0,31344
2024-10-01,Near Luxury EV SUV,genesis,gv70_ev,genesis_electrified_gv70,gv70_ev,EA,EA,29895.0,607.0,3816
2024-10-01,Mid Luxury SUV,genesis,gv80,genesis_gv80,gv80,EA,EA,161867.0,4103.0,25247
2024-10-01,Mid Luxury SUV,genesis,gv80_coupe,genesis_gv80_coupe,gv80,EA,EA,37902.0,470.0,5834
2024-10-01,Make Only,genesis,make_only,genesis_make_only,make_only,EA,EA,0.0,0.0,
2024-10-01,Brand,genesis,Total,genesis_Total,Total,MA,MA,365222.0,11846.0,56602
2024-10-01,Unassigned,genesis,Unassigned,unassigned,Unassigned,MA,MA,,,
2024-10-01,Unassigned,genesis,Unassigned,Unassigned,Unassigned,MA,MA,0.0,0.0,
2024-10-01,Near Luxury Car,genesis,g70,genesis_g70,g70,MA,MA,65133.0,956.0,7883
2024-10-01,Mid Luxury Car,genesis,g80,genesis_g80,g80,MA,MA,12237.0,479.0,2831
2024-10-01,Mid Luxury EV Car,genesis,g80_ev,genesis_electrified_g80,g80_ev,MA,MA,6558.0,190.0,1016
2024-10-01,Premium Luxury Car,genesis,g90,genesis_g90,g90,MA,MA,10339.0,235.0,1827
2024-10-01,Entry Luxury EV SUV,genesis,gv60,genesis_gv60,gv60,MA,MA,21307.0,386.0,2640
2024-10-01,Near Luxury SUV,genesis,gv70,genesis_gv70,gv70,MA,MA,129213.0,2811.0,15094
2024-10-01,Near Luxury EV SUV,genesis,gv70_ev,genesis_electrified_gv70,gv70_ev,MA,MA,18460.0,387.0,2267
2024-10-01,Mid Luxury SUV,genesis,gv80,genesis_gv80,gv80,MA,MA,101471.0,2126.0,13700
2024-10-01,Mid Luxury SUV,genesis,gv80_coupe,genesis_gv80_coupe,gv80,MA,MA,21682.0,294.0,2913
2024-10-01,Make Only,genesis,make_only,genesis_make_only,make_only,MA,MA,0.0,0.0,
2024-10-01,Brand,genesis,Total,genesis_Total,Total,MS,MS,229712.0,7317.0,35017
2024-10-01,Unassigned,genesis,Unassigned,unassigned,Unassigned,MS,MS,,,
2024-10-01,Unassigned,genesis,Unassigned,Unassigned,Unassigned,MS,MS,0.0,0.0,
2024-10-01,Near Luxury Car,genesis,g70,genesis_g70,g70,MS,MS,38771.0,571.0,4380
2024-10-01,Mid Luxury Car,genesis,g80,genesis_g80,g80,MS,MS,7782.0,209.0,1608
2024-10-01,Mid Luxury EV Car,genesis,g80_ev,genesis_electrified_g80,g80_ev,MS,MS,5112.0,98.0,766
2024-10-01,Premium Luxury Car,genesis,g90,genesis_g90,g90,MS,MS,6582.0,85.0,1149
2024-10-01,Entry Luxury EV SUV,genesis,gv60,genesis_gv60,gv60,MS,MS,16403.0,373.0,1977
2024-10-01,Near Luxury SUV,genesis,gv70,genesis_gv70,gv70,MS,MS,77460.0,1631.0,8280
2024-10-01,Near Luxury EV SUV,genesis,gv70_ev,genesis_electrified_gv70,gv70_ev,MS,MS,14078.0,290.0,1903
2024-10-01,Mid Luxury SUV,genesis,gv80,genesis_gv80,gv80,MS,MS,69156.0,1501.0,9092
2024-10-01,Mid Luxury SUV,genesis,gv80_coupe,genesis_gv80_coupe,gv80,MS,MS,13667.0,119.0,1893
2024-10-01,Make Only,genesis,make_only,genesis_make_only,make_only,MS,MS,0.0,0.0,
2024-10-01,Brand,genesis,Total,genesis_Total,Total,NH,NH,0.0,0.0,
2024-10-01,Unassigned,genesis,Unassigned,unassigned,Unassigned,NH,NH,,,
2024-10-01,Unassigned,genesis,Unassigned,Unassigned,Unassigned,NH,NH,0.0,0.0,
2024-10-01,Near Luxury Car,genesis,g70,genesis_g70,g70,NH,NH,0.0,0.0,
2024-10-01,Mid Luxury Car,genesis,g80,genesis_g80,g80,NH,NH,0.0,0.0,
2024-10-01,Mid Luxury EV Car,genesis,g80_ev,genesis_electrified_g80,g80_ev,NH,NH,0.0,0.0,
2024-10-01,Premium Luxury Car,genesis,g90,genesis_g90,g90,NH,NH,0.0,0.0,
2024-10-01,Entry Luxury EV SUV,genesis,gv60,genesis_gv60,gv60,NH,NH,0.0,0.0,
2024-10-01,Near Luxury SUV,genesis,gv70,genesis_gv70,gv70,NH,NH,0.0,0.0,
2024-10-01,Near Luxury EV SUV,genesis,gv70_ev,genesis_electrified_gv70,gv70_ev,NH,NH,0.0,0.0,
2024-10-01,Mid Luxury SUV,genesis,gv80,genesis_gv80,gv80,NH,NH,0.0,0.0,
2024-10-01,Mid Luxury SUV,genesis,gv80_coupe,genesis_gv80_coupe,gv80,NH,NH,0.0,0.0,
2024-10-01,Make Only,genesis,make_only,genesis_make_only,make_only,NH,NH,0.0,0.0,
2024-10-01,Brand,genesis,Total,genesis_Total,Total,SC,SC,431474.0,13210.0,64700
2024-10-01,Unassigned,genesis,Unassigned,Unassigned,Unassigned,SC,SC,0.0,0.0,
2024-10-01,Unassigned,genesis,Unassigned,unassigned,Unassigned,SC,SC,,,
2024-10-01,Near Luxury Car,genesis,g70,genesis_g70,g70,SC,SC,75632.0,1148.0,8504
2024-10-01,Mid Luxury Car,genesis,g80,genesis_g80,g80,SC,SC,13646.0,531.0,3265
2024-10-01,Mid Luxury EV Car,genesis,g80_ev,genesis_electrified_g80,g80_ev,SC,SC,6834.0,134.0,1010
2024-10-01,Premium Luxury Car,genesis,g90,genesis_g90,g90,SC,SC,11394.0,205.0,2049
2024-10-01,Entry Luxury EV SUV,genesis,gv60,genesis_gv60,gv60,SC,SC,22216.0,357.0,2341
2024-10-01,Near Luxury SUV,genesis,gv70,genesis_gv70,gv70,SC,SC,155453.0,3159.0,16300
2024-10-01,Near Luxury EV SUV,genesis,gv70_ev,genesis_electrified_gv70,gv70_ev,SC,SC,17994.0,303.0,2037
2024-10-01,Mid Luxury SUV,genesis,gv80,genesis_gv80,gv80,SC,SC,129350.0,2747.0,17300
2024-10-01,Mid Luxury SUV,genesis,gv80_coupe,genesis_gv80_coupe,gv80,SC,SC,25918.0,401.0,3563
2024-10-01,Make Only,genesis,make_only,genesis_make_only,make_only,SC,SC,0.0,0.0,
2024-10-01,Brand,genesis,Total,genesis_Total,Total,SO,SO,575477.0,18563.0,84593
2024-10-01,Unassigned,genesis,Unassigned,Unassigned,Unassigned,SO,SO,0.0,0.0,
2024-10-01,Unassigned,genesis,Unassigned,unassigned,Unassigned,SO,SO,,,
2024-10-01,Near Luxury Car,genesis,g70,genesis_g70,g70,SO,SO,111155.0,1485.0,10914
2024-10-01,Mid Luxury Car,genesis,g80,genesis_g80,g80,SO,SO,17416.0,718.0,4612
2024-10-01,Mid Luxury EV Car,genesis,g80_ev,genesis_electrified_g80,g80_ev,SO,SO,8691.0,181.0,1339
2024-10-01,Premium Luxury Car,genesis,g90,genesis_g90,g90,SO,SO,14079.0,359.0,2724
2024-10-01,Entry Luxury EV SUV,genesis,gv60,genesis_gv60,gv60,SO,SO,29324.0,621.0,3288
2024-10-01,Near Luxury SUV,genesis,gv70,genesis_gv70,gv70,SO,SO,212641.0,4396.0,22351
2024-10-01,Near Luxury EV SUV,genesis,gv70_ev,genesis_electrified_gv70,gv70_ev,SO,SO,24173.0,407.0,2732
2024-10-01,Mid Luxury SUV,genesis,gv80,genesis_gv80,gv80,SO,SO,155826.0,3660.0,21554
2024-10-01,Mid Luxury SUV,genesis,gv80_coupe,genesis_gv80_coupe,gv80,SO,SO,33368.0,483.0,4647
2024-10-01,Make Only,genesis,make_only,genesis_make_only,make_only,SO,SO,0.0,0.0,
2024-10-01,Brand,genesis,Total,genesis_Total,Total,National,US,3354517.0,114860.0,544931
2024-10-01,Unassigned,genesis,Unassigned,Unassigned,Unassigned,National,US,0.0,0.0,
2024-10-01,Unassigned,genesis,Unassigned,unassigned,Unassigned,National,US,,,
2024-10-01,Near Luxury Car,genesis,g70,genesis_g70,g70,National,US,581914.0,9334.0,70965
2024-10-01,Mid Luxury Car,genesis,g80,genesis_g80,g80,National,US,123972.0,4501.0,29111
2024-10-01,Mid Luxury EV Car,genesis,g80_ev,genesis_electrified_g80,g80_ev,National,US,64179.0,1616.0,9993
2024-10-01,Premium Luxury Car,genesis,g90,genesis_g90,g90,National,US,101755.0,1893.0,17920
2024-10-01,Entry Luxury EV SUV,genesis,gv60,genesis_gv60,gv60,National,US,206805.0,4786.0,26023
2024-10-01,Near Luxury SUV,genesis,gv70,genesis_gv70,gv70,National,US,1158735.0,27195.0,140614
2024-10-01,Near Luxury EV SUV,genesis,gv70_ev,genesis_electrified_gv70,gv70_ev,National,US,171488.0,3613.0,22337
2024-10-01,Mid Luxury SUV,genesis,gv80,genesis_gv80,gv80,National,US,954887.0,21624.0,133395
2024-10-01,Mid Luxury SUV,genesis,gv80_coupe,genesis_gv80_coupe,gv80,National,US,208412.0,2781.0,29203
2024-10-01,Make Only,genesis,make_only,genesis_make_only,make_only,National,US,0.0,0.0,
2024-10-01,Brand,genesis,Total,genesis_Total,Total,WE,WE,482066.0,16544.0,80292
2024-10-01,Unassigned,genesis,Unassigned,Unassigned,Unassigned,WE,WE,0.0,0.0,
2024-10-01,Unassigned,genesis,Unassigned,unassigned,Unassigned,WE,WE,,,
2024-10-01,Near Luxury Car,genesis,g70,genesis_g70,g70,WE,WE,81604.0,1373.0,10125
2024-10-01,Mid Luxury Car,genesis,g80,genesis_g80,g80,WE,WE,19377.0,641.0,3943
2024-10-01,Mid Luxury EV Car,genesis,g80_ev,genesis_electrified_g80,g80_ev,WE,WE,13287.0,308.0,2156
2024-10-01,Premium Luxury Car,genesis,g90,genesis_g90,g90,WE,WE,15515.0,234.0,2558
2024-10-01,Entry Luxury EV SUV,genesis,gv60,genesis_gv60,gv60,WE,WE,37972.0,1174.0,5844
2024-10-01,Near Luxury SUV,genesis,gv70,genesis_gv70,gv70,WE,WE,160074.0,3591.0,19177
2024-10-01,Near Luxury EV SUV,genesis,gv70_ev,genesis_electrified_gv70,gv70_ev,WE,WE,34947.0,870.0,5377
2024-10-01,Mid Luxury SUV,genesis,gv80,genesis_gv80,gv80,WE,WE,136108.0,2720.0,17549
2024-10-01,Mid Luxury SUV,genesis,gv80_coupe,genesis_gv80_coupe,gv80,WE,WE,31146.0,359.0,4055
2024-10-01,Make Only,genesis,make_only,genesis_make_only,make_only,WE,WE,0.0,0.0,
2024-11-01,Brand,genesis,Total,genesis_Total,Total,CE,CE,387979.0,19771.0,77119
2024-11-01,Unassigned,genesis,Unassigned,Unassigned,Unassigned,CE,CE,0.0,0.0,
2024-11-01,Unassigned,genesis,Unassigned,unassigned,Unassigned,CE,CE,,,
2024-11-01,Near Luxury Car,genesis,g70,genesis_g70,g70,CE,CE,54654.0,1706.0,9381
2024-11-01,Mid Luxury Car,genesis,g80,genesis_g80,g80,CE,CE,12516.0,824.0,4564
2024-11-01,Mid Luxury EV Car,genesis,g80_ev,genesis_electrified_g80,g80_ev,CE,CE,4220.0,100.0,599
2024-11-01,Premium Luxury Car,genesis,g90,genesis_g90,g90,CE,CE,9355.0,442.0,2315
2024-11-01,Entry Luxury EV SUV,genesis,gv60,genesis_gv60,gv60,CE,CE,18233.0,705.0,2772
2024-11-01,Near Luxury SUV,genesis,gv70,genesis_gv70,gv70,CE,CE,136993.0,5348.0,23034
2024-11-01,Near Luxury EV SUV,genesis,gv70_ev,genesis_electrified_gv70,gv70_ev,CE,CE,16173.0,520.0,2196
2024-11-01,Mid Luxury SUV,genesis,gv80,genesis_gv80,gv80,CE,CE,120641.0,3998.0,19246
2024-11-01,Mid Luxury SUV,genesis,gv80_coupe,genesis_gv80_coupe,gv80,CE,CE,18006.0,398.0,2982
2024-11-01,Make Only,genesis,make_only,genesis_make_only,make_only,CE,CE,0.0,0.0,
2024-11-01,Brand,genesis,Total,genesis_Total,Total,EA,EA,528345.0,27353.0,115278
2024-11-01,Unassigned,genesis,Unassigned,Unassigned,Unassigned,EA,EA,0.0,0.0,
2024-11-01,Unassigned,genesis,Unassigned,unassigned,Unassigned,EA,EA,,,
2024-11-01,Near Luxury Car,genesis,g70,genesis_g70,g70,EA,EA,73334.0,2549.0,14563
2024-11-01,Mid Luxury Car,genesis,g80,genesis_g80,g80,EA,EA,18618.0,1156.0,6543
2024-11-01,Mid Luxury EV Car,genesis,g80_ev,genesis_electrified_g80,g80_ev,EA,EA,6283.0,210.0,1114
2024-11-01,Premium Luxury Car,genesis,g90,genesis_g90,g90,EA,EA,12538.0,513.0,3238
2024-11-01,Entry Luxury EV SUV,genesis,gv60,genesis_gv60,gv60,EA,EA,35883.0,1192.0,5557
2024-11-01,Near Luxury SUV,genesis,gv70,genesis_gv70,gv70,EA,EA,191916.0,7742.0,37361
2024-11-01,Near Luxury EV SUV,genesis,gv70_ev,genesis_electrified_gv70,gv70_ev,EA,EA,22662.0,745.0,3248
2024-11-01,Mid Luxury SUV,genesis,gv80,genesis_gv80,gv80,EA,EA,147233.0,4787.0,25603
2024-11-01,Mid Luxury SUV,genesis,gv80_coupe,genesis_gv80_coupe,gv80,EA,EA,25118.0,549.0,4798
2024-11-01,Make Only,genesis,make_only,genesis_make_only,make_only,EA,EA,0.0,0.0,
2024-11-01,Brand,genesis,Total,genesis_Total,Total,MA,MA,297835.0,13637.0,54239
2024-11-01,Unassigned,genesis,Unassigned,unassigned,Unassigned,MA,MA,,,
2024-11-01,Unassigned,genesis,Unassigned,Unassigned,Unassigned,MA,MA,0.0,0.0,
2024-11-01,Near Luxury Car,genesis,g70,genesis_g70,g70,MA,MA,44910.0,1178.0,6994
2024-11-01,Mid Luxury Car,genesis,g80,genesis_g80,g80,MA,MA,8820.0,567.0,3019
2024-11-01,Mid Luxury EV Car,genesis,g80_ev,genesis_electrified_g80,g80_ev,MA,MA,3455.0,93.0,510
2024-11-01,Premium Luxury Car,genesis,g90,genesis_g90,g90,MA,MA,7234.0,417.0,1717
2024-11-01,Entry Luxury EV SUV,genesis,gv60,genesis_gv60,gv60,MA,MA,15615.0,567.0,2615
2024-11-01,Near Luxury SUV,genesis,gv70,genesis_gv70,gv70,MA,MA,105906.0,3448.0,16036
2024-11-01,Near Luxury EV SUV,genesis,gv70_ev,genesis_electrified_gv70,gv70_ev,MA,MA,13205.0,439.0,1817
2024-11-01,Mid Luxury SUV,genesis,gv80,genesis_gv80,gv80,MA,MA,86679.0,2733.0,13157
2024-11-01,Mid Luxury SUV,genesis,gv80_coupe,genesis_gv80_coupe,gv80,MA,MA,12840.0,257.0,2112
2024-11-01,Make Only,genesis,make_only,genesis_make_only,make_only,MA,MA,0.0,0.0,
2024-11-01,Brand,genesis,Total,genesis_Total,Total,MS,MS,223713.0,9058.0,38248
2024-11-01,Unassigned,genesis,Unassigned,unassigned,Unassigned,MS,MS,,,
2024-11-01,Unassigned,genesis,Unassigned,Unassigned,Unassigned,MS,MS,0.0,0.0,
2024-11-01,Near Luxury Car,genesis,g70,genesis_g70,g70,MS,MS,32234.0,738.0,4546
2024-11-01,Mid Luxury Car,genesis,g80,genesis_g80,g80,MS,MS,5734.0,268.0,1815
2024-11-01,Mid Luxury EV Car,genesis,g80_ev,genesis_electrified_g80,g80_ev,MS,MS,2768.0,75.0,430
2024-11-01,Premium Luxury Car,genesis,g90,genesis_g90,g90,MS,MS,4747.0,157.0,1129
2024-11-01,Entry Luxury EV SUV,genesis,gv60,genesis_gv60,gv60,MS,MS,14138.0,592.0,2401
2024-11-01,Near Luxury SUV,genesis,gv70,genesis_gv70,gv70,MS,MS,77186.0,2241.0,10952
2024-11-01,Near Luxury EV SUV,genesis,gv70_ev,genesis_electrified_gv70,gv70_ev,MS,MS,11379.0,380.0,1640
2024-11-01,Mid Luxury SUV,genesis,gv80,genesis_gv80,gv80,MS,MS,69244.0,1836.0,9427
2024-11-01,Mid Luxury SUV,genesis,gv80_coupe,genesis_gv80_coupe,gv80,MS,MS,9624.0,167.0,1474
2024-11-01,Make Only,genesis,make_only,genesis_make_only,make_only,MS,MS,0.0,0.0,
2024-11-01,Brand,genesis,Total,genesis_Total,Total,NH,NH,0.0,0.0,
2024-11-01,Unassigned,genesis,Unassigned,Unassigned,Unassigned,NH,NH,0.0,0.0,
2024-11-01,Unassigned,genesis,Unassigned,unassigned,Unassigned,NH,NH,,,
2024-11-01,Near Luxury Car,genesis,g70,genesis_g70,g70,NH,NH,0.0,0.0,
2024-11-01,Mid Luxury Car,genesis,g80,genesis_g80,g80,NH,NH,0.0,0.0,
2024-11-01,Mid Luxury EV Car,genesis,g80_ev,genesis_electrified_g80,g80_ev,NH,NH,0.0,0.0,
2024-11-01,Premium Luxury Car,genesis,g90,genesis_g90,g90,NH,NH,0.0,0.0,
2024-11-01,Entry Luxury EV SUV,genesis,gv60,genesis_gv60,gv60,NH,NH,0.0,0.0,
2024-11-01,Near Luxury SUV,genesis,gv70,genesis_gv70,gv70,NH,NH,0.0,0.0,
2024-11-01,Near Luxury EV SUV,genesis,gv70_ev,genesis_electrified_gv70,gv70_ev,NH,NH,0.0,0.0,
2024-11-01,Mid Luxury SUV,genesis,gv80,genesis_gv80,gv80,NH,NH,0.0,0.0,
2024-11-01,Mid Luxury SUV,genesis,gv80_coupe,genesis_gv80_coupe,gv80,NH,NH,0.0,0.0,
2024-11-01,Make Only,genesis,make_only,genesis_make_only,make_only,NH,NH,0.0,0.0,
2024-11-01,Brand,genesis,Total,genesis_Total,Total,SC,SC,375429.0,15730.0,67520
2024-11-01,Unassigned,genesis,Unassigned,Unassigned,Unassigned,SC,SC,0.0,0.0,
2024-11-01,Unassigned,genesis,Unassigned,unassigned,Unassigned,SC,SC,,,
2024-11-01,Near Luxury Car,genesis,g70,genesis_g70,g70,SC,SC,56443.0,1484.0,8167
2024-11-01,Mid Luxury Car,genesis,g80,genesis_g80,g80,SC,SC,10995.0,724.0,3461
2024-11-01,Mid Luxury EV Car,genesis,g80_ev,genesis_electrified_g80,g80_ev,SC,SC,3815.0,137.0,580
2024-11-01,Premium Luxury Car,genesis,g90,genesis_g90,g90,SC,SC,8823.0,347.0,2013
2024-11-01,Entry Luxury EV SUV,genesis,gv60,genesis_gv60,gv60,SC,SC,17616.0,541.0,2382
2024-11-01,Near Luxury SUV,genesis,gv70,genesis_gv70,gv70,SC,SC,133863.0,4033.0,19688
2024-11-01,Near Luxury EV SUV,genesis,gv70_ev,genesis_electrified_gv70,gv70_ev,SC,SC,14083.0,384.0,1670
2024-11-01,Mid Luxury SUV,genesis,gv80,genesis_gv80,gv80,SC,SC,119209.0,3444.0,17647
2024-11-01,Mid Luxury SUV,genesis,gv80_coupe,genesis_gv80_coupe,gv80,SC,SC,16636.0,393.0,2822
2024-11-01,Make Only,genesis,make_only,genesis_make_only,make_only,SC,SC,0.0,0.0,
2024-11-01,Brand,genesis,Total,genesis_Total,Total,SO,SO,503518.0,22588.0,94889
2024-11-01,Unassigned,genesis,Unassigned,Unassigned,Unassigned,SO,SO,0.0,0.0,
2024-11-01,Unassigned,genesis,Unassigned,unassigned,Unassigned,SO,SO,,,
2024-11-01,Near Luxury Car,genesis,g70,genesis_g70,g70,SO,SO,79432.0,2070.0,11643
2024-11-01,Mid Luxury Car,genesis,g80,genesis_g80,g80,SO,SO,14800.0,959.0,5163
2024-11-01,Mid Luxury EV Car,genesis,g80_ev,genesis_electrified_g80,g80_ev,SO,SO,4976.0,141.0,823
2024-11-01,Premium Luxury Car,genesis,g90,genesis_g90,g90,SO,SO,11307.0,634.0,2817
2024-11-01,Entry Luxury EV SUV,genesis,gv60,genesis_gv60,gv60,SO,SO,24289.0,823.0,3655
2024-11-01,Near Luxury SUV,genesis,gv70,genesis_gv70,gv70,SO,SO,181839.0,6387.0,28922
2024-11-01,Near Luxury EV SUV,genesis,gv70_ev,genesis_electrified_gv70,gv70_ev,SO,SO,19607.0,491.0,2333
2024-11-01,Mid Luxury SUV,genesis,gv80,genesis_gv80,gv80,SO,SO,149560.0,4478.0,23081
2024-11-01,Mid Luxury SUV,genesis,gv80_coupe,genesis_gv80_coupe,gv80,SO,SO,22803.0,499.0,4206
2024-11-01,Make Only,genesis,make_only,genesis_make_only,make_only,SO,SO,0.0,0.0,
2024-11-01,Brand,genesis,Total,genesis_Total,Total,National,US,2927195.0,134953.0,567417
2024-11-01,Unassigned,genesis,Unassigned,unassigned,Unassigned,National,US,,,
2024-11-01,Unassigned,genesis,Unassigned,Unassigned,Unassigned,National,US,0.0,0.0,
2024-11-01,Near Luxury Car,genesis,g70,genesis_g70,g70,National,US,422011.0,12141.0,69569
2024-11-01,Mid Luxury Car,genesis,g80,genesis_g80,g80,National,US,99625.0,5609.0,31936
2024-11-01,Mid Luxury EV Car,genesis,g80_ev,genesis_electrified_g80,g80_ev,National,US,36635.0,1102.0,5681
2024-11-01,Premium Luxury Car,genesis,g90,genesis_g90,g90,National,US,76302.0,3047.0,17709
2024-11-01,Entry Luxury EV SUV,genesis,gv60,genesis_gv60,gv60,National,US,168617.0,6480.0,27702
2024-11-01,Near Luxury SUV,genesis,gv70,genesis_gv70,gv70,National,US,1017092.0,35748.0,168072
2024-11-01,Near Luxury EV SUV,genesis,gv70_ev,genesis_electrified_gv70,gv70_ev,National,US,132387.0,4212.0,18379
2024-11-01,Mid Luxury SUV,genesis,gv80,genesis_gv80,gv80,National,US,856631.0,26017.0,133945
2024-11-01,Mid Luxury SUV,genesis,gv80_coupe,genesis_gv80_coupe,gv80,National,US,135827.0,2764.0,23664
2024-11-01,Make Only,genesis,make_only,genesis_make_only,make_only,National,US,0.0,0.0,
2024-11-01,Brand,genesis,Total,genesis_Total,Total,WE,WE,436696.0,20533.0,89375
2024-11-01,Unassigned,genesis,Unassigned,unassigned,Unassigned,WE,WE,,,
2024-11-01,Unassigned,genesis,Unassigned,Unassigned,Unassigned,WE,WE,0.0,0.0,
2024-11-01,Near Luxury Car,genesis,g70,genesis_g70,g70,WE,WE,61545.0,1881.0,10943
2024-11-01,Mid Luxury Car,genesis,g80,genesis_g80,g80,WE,WE,15471.0,836.0,4915
2024-11-01,Mid Luxury EV Car,genesis,g80_ev,genesis_electrified_g80,g80_ev,WE,WE,7961.0,283.0,1291
2024-11-01,Premium Luxury Car,genesis,g90,genesis_g90,g90,WE,WE,10938.0,365.0,2738
2024-11-01,Entry Luxury EV SUV,genesis,gv60,genesis_gv60,gv60,WE,WE,32572.0,1655.0,6829
2024-11-01,Near Luxury SUV,genesis,gv70,genesis_gv70,gv70,WE,WE,148826.0,5044.0,24824
2024-11-01,Near Luxury EV SUV,genesis,gv70_ev,genesis_electrified_gv70,gv70_ev,WE,WE,27085.0,1025.0,4422
2024-11-01,Mid Luxury SUV,genesis,gv80,genesis_gv80,gv80,WE,WE,119108.0,3530.0,18847
2024-11-01,Mid Luxury SUV,genesis,gv80_coupe,genesis_gv80_coupe,gv80,WE,WE,20798.0,372.0,3566
2024-11-01,Make Only,genesis,make_only,genesis_make_only,make_only,WE,WE,0.0,0.0,
2024-12-01,Brand,genesis,Total,genesis_Total,Total,CE,CE,396083.0,23310.0,63973
2024-12-01,Unassigned,genesis,Unassigned,unassigned,Unassigned,CE,CE,,,
2024-12-01,Unassigned,genesis,Unassigned,Unassigned,Unassigned,CE,CE,0.0,0.0,
2024-12-01,Near Luxury Car,genesis,g70,genesis_g70,g70,CE,CE,45720.0,1554.0,6213
2024-12-01,Mid Luxury Car,genesis,g80,genesis_g80,g80,CE,CE,9854.0,698.0,3041
2024-12-01,Mid Luxury EV Car,genesis,g80_ev,genesis_electrified_g80,g80_ev,CE,CE,3286.0,121.0,380
2024-12-01,Premium Luxury Car,genesis,g90,genesis_g90,g90,CE,CE,7650.0,428.0,1951
2024-12-01,Entry Luxury EV SUV,genesis,gv60,genesis_gv60,gv60,CE,CE,13944.0,563.0,1911
2024-12-01,Near Luxury SUV,genesis,gv70,genesis_gv70,gv70,CE,CE,152221.0,5582.0,21756
2024-12-01,Near Luxury EV SUV,genesis,gv70_ev,genesis_electrified_gv70,gv70_ev,CE,CE,14789.0,563.0,1663
2024-12-01,Mid Luxury SUV,genesis,gv80,genesis_gv80,gv80,CE,CE,94582.0,4127.0,15573
2024-12-01,Mid Luxury SUV,genesis,gv80_coupe,genesis_gv80_coupe,gv80,CE,CE,16073.0,486.0,2849
2024-12-01,Make Only,genesis,make_only,genesis_make_only,make_only,CE,CE,0.0,0.0,
2024-12-01,Brand,genesis,Total,genesis_Total,Total,EA,EA,533668.0,32979.0,98970
2024-12-01,Unassigned,genesis,Unassigned,Unassigned,Unassigned,EA,EA,0.0,0.0,
2024-12-01,Unassigned,genesis,Unassigned,unassigned,Unassigned,EA,EA,,,
2024-12-01,Near Luxury Car,genesis,g70,genesis_g70,g70,EA,EA,62659.0,2393.0,10326
2024-12-01,Mid Luxury Car,genesis,g80,genesis_g80,g80,EA,EA,14750.0,1193.0,4905
2024-12-01,Mid Luxury EV Car,genesis,g80_ev,genesis_electrified_g80,g80_ev,EA,EA,5027.0,325.0,761
2024-12-01,Premium Luxury Car,genesis,g90,genesis_g90,g90,EA,EA,10442.0,551.0,2744
2024-12-01,Entry Luxury EV SUV,genesis,gv60,genesis_gv60,gv60,EA,EA,24714.0,1148.0,4079
2024-12-01,Near Luxury SUV,genesis,gv70,genesis_gv70,gv70,EA,EA,197610.0,7997.0,35189
2024-12-01,Near Luxury EV SUV,genesis,gv70_ev,genesis_electrified_gv70,gv70_ev,EA,EA,19315.0,839.0,2886
2024-12-01,Mid Luxury SUV,genesis,gv80,genesis_gv80,gv80,EA,EA,122206.0,5303.0,22095
2024-12-01,Mid Luxury SUV,genesis,gv80_coupe,genesis_gv80_coupe,gv80,EA,EA,21775.0,602.0,4143
2024-12-01,Make Only,genesis,make_only,genesis_make_only,make_only,EA,EA,0.0,0.0,
2024-12-01,Brand,genesis,Total,genesis_Total,Total,MA,MA,348964.0,17537.0,47772
2024-12-01,Unassigned,genesis,Unassigned,unassigned,Unassigned,MA,MA,,,
2024-12-01,Unassigned,genesis,Unassigned,Unassigned,Unassigned,MA,MA,0.0,0.0,
2024-12-01,Near Luxury Car,genesis,g70,genesis_g70,g70,MA,MA,40892.0,1314.0,4873
2024-12-01,Mid Luxury Car,genesis,g80,genesis_g80,g80,MA,MA,8771.0,566.0,2215
2024-12-01,Mid Luxury EV Car,genesis,g80_ev,genesis_electrified_g80,g80_ev,MA,MA,2802.0,106.0,353
2024-12-01,Premium Luxury Car,genesis,g90,genesis_g90,g90,MA,MA,5904.0,371.0,1366
2024-12-01,Entry Luxury EV SUV,genesis,gv60,genesis_gv60,gv60,MA,MA,13649.0,517.0,1817
2024-12-01,Near Luxury SUV,genesis,gv70,genesis_gv70,gv70,MA,MA,126523.0,3909.0,16022
2024-12-01,Near Luxury EV SUV,genesis,gv70_ev,genesis_electrified_gv70,gv70_ev,MA,MA,12133.0,472.0,1486
2024-12-01,Mid Luxury SUV,genesis,gv80,genesis_gv80,gv80,MA,MA,75302.0,3000.0,11626
2024-12-01,Mid Luxury SUV,genesis,gv80_coupe,genesis_gv80_coupe,gv80,MA,MA,11693.0,267.0,1981
2024-12-01,Make Only,genesis,make_only,genesis_make_only,make_only,MA,MA,0.0,0.0,
2024-12-01,Brand,genesis,Total,genesis_Total,Total,MS,MS,216397.0,9638.0,31901
2024-12-01,Unassigned,genesis,Unassigned,Unassigned,Unassigned,MS,MS,0.0,0.0,
2024-12-01,Unassigned,genesis,Unassigned,unassigned,Unassigned,MS,MS,,,
2024-12-01,Near Luxury Car,genesis,g70,genesis_g70,g70,MS,MS,29105.0,700.0,3088
2024-12-01,Mid Luxury Car,genesis,g80,genesis_g80,g80,MS,MS,4456.0,268.0,1300
2024-12-01,Mid Luxury EV Car,genesis,g80_ev,genesis_electrified_g80,g80_ev,MS,MS,2235.0,61.0,250
2024-12-01,Premium Luxury Car,genesis,g90,genesis_g90,g90,MS,MS,3812.0,126.0,916
2024-12-01,Entry Luxury EV SUV,genesis,gv60,genesis_gv60,gv60,MS,MS,11704.0,506.0,1671
2024-12-01,Near Luxury SUV,genesis,gv70,genesis_gv70,gv70,MS,MS,79429.0,2306.0,10288
2024-12-01,Near Luxury EV SUV,genesis,gv70_ev,genesis_electrified_gv70,gv70_ev,MS,MS,9922.0,419.0,1438
2024-12-01,Mid Luxury SUV,genesis,gv80,genesis_gv80,gv80,MS,MS,55107.0,1903.0,7882
2024-12-01,Mid Luxury SUV,genesis,gv80_coupe,genesis_gv80_coupe,gv80,MS,MS,8528.0,149.0,1294
2024-12-01,Make Only,genesis,make_only,genesis_make_only,make_only,MS,MS,0.0,0.0,
2024-12-01,Brand,genesis,Total,genesis_Total,Total,NH,NH,0.0,0.0,
2024-12-01,Unassigned,genesis,Unassigned,unassigned,Unassigned,NH,NH,,,
2024-12-01,Unassigned,genesis,Unassigned,Unassigned,Unassigned,NH,NH,0.0,0.0,
2024-12-01,Near Luxury Car,genesis,g70,genesis_g70,g70,NH,NH,0.0,0.0,
2024-12-01,Mid Luxury Car,genesis,g80,genesis_g80,g80,NH,NH,0.0,0.0,
2024-12-01,Mid Luxury EV Car,genesis,g80_ev,genesis_electrified_g80,g80_ev,NH,NH,0.0,0.0,
2024-12-01,Premium Luxury Car,genesis,g90,genesis_g90,g90,NH,NH,0.0,0.0,
2024-12-01,Entry Luxury EV SUV,genesis,gv60,genesis_gv60,gv60,NH,NH,0.0,0.0,
2024-12-01,Near Luxury SUV,genesis,gv70,genesis_gv70,gv70,NH,NH,0.0,0.0,
2024-12-01,Near Luxury EV SUV,genesis,gv70_ev,genesis_electrified_gv70,gv70_ev,NH,NH,0.0,0.0,
2024-12-01,Mid Luxury SUV,genesis,gv80,genesis_gv80,gv80,NH,NH,0.0,0.0,
2024-12-01,Mid Luxury SUV,genesis,gv80_coupe,genesis_gv80_coupe,gv80,NH,NH,0.0,0.0,
2024-12-01,Make Only,genesis,make_only,genesis_make_only,make_only,NH,NH,0.0,0.0,
2024-12-01,Brand,genesis,Total,genesis_Total,Total,SC,SC,401302.0,20943.0,59517
2024-12-01,Unassigned,genesis,Unassigned,unassigned,Unassigned,SC,SC,,,
2024-12-01,Unassigned,genesis,Unassigned,Unassigned,Unassigned,SC,SC,0.0,0.0,
2024-12-01,Near Luxury Car,genesis,g70,genesis_g70,g70,SC,SC,49041.0,1503.0,5912
2024-12-01,Mid Luxury Car,genesis,g80,genesis_g80,g80,SC,SC,9138.0,723.0,2659
2024-12-01,Mid Luxury EV Car,genesis,g80_ev,genesis_electrified_g80,g80_ev,SC,SC,3117.0,129.0,346
2024-12-01,Premium Luxury Car,genesis,g90,genesis_g90,g90,SC,SC,7368.0,395.0,1719
2024-12-01,Entry Luxury EV SUV,genesis,gv60,genesis_gv60,gv60,SC,SC,14202.0,488.0,1632
2024-12-01,Near Luxury SUV,genesis,gv70,genesis_gv70,gv70,SC,SC,157754.0,4796.0,19465
2024-12-01,Near Luxury EV SUV,genesis,gv70_ev,genesis_electrified_gv70,gv70_ev,SC,SC,13957.0,493.0,1351
2024-12-01,Mid Luxury SUV,genesis,gv80,genesis_gv80,gv80,SC,SC,97459.0,4069.0,15331
2024-12-01,Mid Luxury SUV,genesis,gv80_coupe,genesis_gv80_coupe,gv80,SC,SC,15852.0,357.0,2554
2024-12-01,Make Only,genesis,make_only,genesis_make_only,make_only,SC,SC,0.0,0.0,
2024-12-01,Brand,genesis,Total,genesis_Total,Total,SO,SO,557123.0,30342.0,84357
2024-12-01,Unassigned,genesis,Unassigned,Unassigned,Unassigned,SO,SO,0.0,0.0,
2024-12-01,Unassigned,genesis,Unassigned,unassigned,Unassigned,SO,SO,,,
2024-12-01,Near Luxury Car,genesis,g70,genesis_g70,g70,SO,SO,74986.0,2305.0,8354
2024-12-01,Mid Luxury Car,genesis,g80,genesis_g80,g80,SO,SO,12629.0,943.0,3869
2024-12-01,Mid Luxury EV Car,genesis,g80_ev,genesis_electrified_g80,g80_ev,SO,SO,4246.0,146.0,470
2024-12-01,Premium Luxury Car,genesis,g90,genesis_g90,g90,SO,SO,10403.0,657.0,2548
2024-12-01,Entry Luxury EV SUV,genesis,gv60,genesis_gv60,gv60,SO,SO,20555.0,786.0,2621
2024-12-01,Near Luxury SUV,genesis,gv70,genesis_gv70,gv70,SO,SO,214388.0,7043.0,28442
2024-12-01,Near Luxury EV SUV,genesis,gv70_ev,genesis_electrified_gv70,gv70_ev,SO,SO,19628.0,636.0,2026
2024-12-01,Mid Luxury SUV,genesis,gv80,genesis_gv80,gv80,SO,SO,127603.0,5196.0,20513
2024-12-01,Mid Luxury SUV,genesis,gv80_coupe,genesis_gv80_coupe,gv80,SO,SO,22405.0,601.0,4043
2024-12-01,Make Only,genesis,make_only,genesis_make_only,make_only,SO,SO,0.0,0.0,
2024-12-01,Brand,genesis,Total,genesis_Total,Total,National,US,3097467.0,164495.0,488679
2024-12-01,Unassigned,genesis,Unassigned,Unassigned,Unassigned,National,US,0.0,0.0,
2024-12-01,Unassigned,genesis,Unassigned,unassigned,Unassigned,National,US,,,
2024-12-01,Near Luxury Car,genesis,g70,genesis_g70,g70,National,US,387176.0,12044.0,48735
2024-12-01,Mid Luxury Car,genesis,g80,genesis_g80,g80,National,US,81743.0,5480.0,23428
2024-12-01,Mid Luxury EV Car,genesis,g80_ev,genesis_electrified_g80,g80_ev,National,US,29385.0,1106.0,3654
2024-12-01,Premium Luxury Car,genesis,g90,genesis_g90,g90,National,US,65824.0,3144.0,15307
2024-12-01,Entry Luxury EV SUV,genesis,gv60,genesis_gv60,gv60,National,US,131023.0,5912.0,19852
2024-12-01,Near Luxury SUV,genesis,gv70,genesis_gv70,gv70,National,US,1142301.0,38532.0,161036
2024-12-01,Near Luxury EV SUV,genesis,gv70_ev,genesis_electrified_gv70,gv70_ev,National,US,119732.0,4849.0,15565
2024-12-01,Mid Luxury SUV,genesis,gv80,genesis_gv80,gv80,National,US,735272.0,28598.0,115564
2024-12-01,Mid Luxury SUV,genesis,gv80_coupe,genesis_gv80_coupe,gv80,National,US,123154.0,3022.0,21630
2024-12-01,Make Only,genesis,make_only,genesis_make_only,make_only,National,US,0.0,0.0,
2024-12-01,Brand,genesis,Total,genesis_Total,Total,WE,WE,501861.0,24767.0,77819
2024-12-01,Unassigned,genesis,Unassigned,unassigned,Unassigned,WE,WE,,,
2024-12-01,Unassigned,genesis,Unassigned,Unassigned,Unassigned,WE,WE,0.0,0.0,
2024-12-01,Near Luxury Car,genesis,g70,genesis_g70,g70,WE,WE,68951.0,1826.0,7732
2024-12-01,Mid Luxury Car,genesis,g80,genesis_g80,g80,WE,WE,12171.0,865.0,3715
2024-12-01,Mid Luxury EV Car,genesis,g80_ev,genesis_electrified_g80,g80_ev,WE,WE,6044.0,175.0,799
2024-12-01,Premium Luxury Car,genesis,g90,genesis_g90,g90,WE,WE,9392.0,452.0,2382
2024-12-01,Entry Luxury EV SUV,genesis,gv60,genesis_gv60,gv60,WE,WE,24991.0,1635.0,5057
2024-12-01,Near Luxury SUV,genesis,gv70,genesis_gv70,gv70,WE,WE,182949.0,5639.0,23926
2024-12-01,Near Luxury EV SUV,genesis,gv70_ev,genesis_electrified_gv70,gv70_ev,WE,WE,23540.0,1205.0,3815
2024-12-01,Mid Luxury SUV,genesis,gv80,genesis_gv80,gv80,WE,WE,128337.0,4037.0,16970
2024-12-01,Mid Luxury SUV,genesis,gv80_coupe,genesis_gv80_coupe,gv80,WE,WE,18668.0,454.0,3388
2024-12-01,Make Only,genesis,make_only,genesis_make_only,make_only,WE,WE,0.0,0.0,
2025-01-01,Brand,genesis,Total,genesis_Total,Total,CE,CE,304689.0,20227.0,54190
2025-01-01,Unassigned,genesis,Unassigned,unassigned,Unassigned,CE,CE,,,
2025-01-01,Unassigned,genesis,Unassigned,Unassigned,Unassigned,CE,CE,0.0,0.0,
2025-01-01,Near Luxury Car,genesis,g70,genesis_g70,g70,CE,CE,41945.0,1848.0,5707
2025-01-01,Mid Luxury Car,genesis,g80,genesis_g80,g80,CE,CE,10607.0,1006.0,2761
2025-01-01,Mid Luxury EV Car,genesis,g80_ev,genesis_electrified_g80,g80_ev,CE,CE,2712.0,110.0,363
2025-01-01,Premium Luxury Car,genesis,g90,genesis_g90,g90,CE,CE,6150.0,384.0,1616
2025-01-01,Entry Luxury EV SUV,genesis,gv60,genesis_gv60,gv60,CE,CE,9495.0,580.0,1833
2025-01-01,Near Luxury SUV,genesis,gv70,genesis_gv70,gv70,CE,CE,98957.0,4540.0,15112
2025-01-01,Near Luxury EV SUV,genesis,gv70_ev,genesis_electrified_gv70,gv70_ev,CE,CE,13466.0,633.0,1831
2025-01-01,Mid Luxury SUV,genesis,gv80,genesis_gv80,gv80,CE,CE,85627.0,4013.0,13460
2025-01-01,Mid Luxury SUV,genesis,gv80_coupe,genesis_gv80_coupe,gv80,CE,CE,19885.0,459.0,2955
2025-01-01,Make Only,genesis,make_only,genesis_make_only,make_only,CE,CE,0.0,0.0,
2025-01-01,Brand,genesis,Total,genesis_Total,Total,EA,EA,407372.0,27251.0,83693
2025-01-01,Unassigned,genesis,Unassigned,unassigned,Unassigned,EA,EA,,,
2025-01-01,Unassigned,genesis,Unassigned,Unassigned,Unassigned,EA,EA,0.0,0.0,
2025-01-01,Near Luxury Car,genesis,g70,genesis_g70,g70,EA,EA,59072.0,2556.0,8974
2025-01-01,Mid Luxury Car,genesis,g80,genesis_g80,g80,EA,EA,15141.0,1385.0,4561
2025-01-01,Mid Luxury EV Car,genesis,g80_ev,genesis_electrified_g80,g80_ev,EA,EA,4057.0,160.0,614
2025-01-01,Premium Luxury Car,genesis,g90,genesis_g90,g90,EA,EA,8159.0,503.0,2185
2025-01-01,Entry Luxury EV SUV,genesis,gv60,genesis_gv60,gv60,EA,EA,15052.0,1025.0,3380
2025-01-01,Near Luxury SUV,genesis,gv70,genesis_gv70,gv70,EA,EA,139169.0,6780.0,24951
2025-01-01,Near Luxury EV SUV,genesis,gv70_ev,genesis_electrified_gv70,gv70_ev,EA,EA,19826.0,858.0,2968
2025-01-01,Mid Luxury SUV,genesis,gv80,genesis_gv80,gv80,EA,EA,108191.0,4777.0,18693
2025-01-01,Mid Luxury SUV,genesis,gv80_coupe,genesis_gv80_coupe,gv80,EA,EA,25752.0,683.0,4169
2025-01-01,Make Only,genesis,make_only,genesis_make_only,make_only,EA,EA,0.0,0.0,
2025-01-01,Brand,genesis,Total,genesis_Total,Total,MA,MA,260396.0,17061.0,46908
2025-01-01,Unassigned,genesis,Unassigned,unassigned,Unassigned,MA,MA,,,
2025-01-01,Unassigned,genesis,Unassigned,Unassigned,Unassigned,MA,MA,0.0,0.0,
2025-01-01,Near Luxury Car,genesis,g70,genesis_g70,g70,MA,MA,36665.0,1622.0,4956
2025-01-01,Mid Luxury Car,genesis,g80,genesis_g80,g80,MA,MA,9283.0,1005.0,2367
2025-01-01,Mid Luxury EV Car,genesis,g80_ev,genesis_electrified_g80,g80_ev,MA,MA,2524.0,131.0,394
2025-01-01,Premium Luxury Car,genesis,g90,genesis_g90,g90,MA,MA,5156.0,313.0,1245
2025-01-01,Entry Luxury EV SUV,genesis,gv60,genesis_gv60,gv60,MA,MA,8931.0,580.0,1933
2025-01-01,Near Luxury SUV,genesis,gv70,genesis_gv70,gv70,MA,MA,81697.0,4116.0,13070
2025-01-01,Near Luxury EV SUV,genesis,gv70_ev,genesis_electrified_gv70,gv70_ev,MA,MA,12234.0,567.0,1743
2025-01-01,Mid Luxury SUV,genesis,gv80,genesis_gv80,gv80,MA,MA,73553.0,3298.0,11095
2025-01-01,Mid Luxury SUV,genesis,gv80_coupe,genesis_gv80_coupe,gv80,MA,MA,16621.0,350.0,2298
2025-01-01,Make Only,genesis,make_only,genesis_make_only,make_only,MA,MA,0.0,0.0,
2025-01-01,Brand,genesis,Total,genesis_Total,Total,MS,MS,177175.0,8901.0,26982
2025-01-01,Unassigned,genesis,Unassigned,Unassigned,Unassigned,MS,MS,0.0,0.0,
2025-01-01,Unassigned,genesis,Unassigned,unassigned,Unassigned,MS,MS,,,
2025-01-01,Near Luxury Car,genesis,g70,genesis_g70,g70,MS,MS,28059.0,806.0,2924
2025-01-01,Mid Luxury Car,genesis,g80,genesis_g80,g80,MS,MS,4738.0,354.0,1132
2025-01-01,Mid Luxury EV Car,genesis,g80_ev,genesis_electrified_g80,g80_ev,MS,MS,2043.0,68.0,274
2025-01-01,Premium Luxury Car,genesis,g90,genesis_g90,g90,MS,MS,3137.0,134.0,767
2025-01-01,Entry Luxury EV SUV,genesis,gv60,genesis_gv60,gv60,MS,MS,7283.0,461.0,1556
2025-01-01,Near Luxury SUV,genesis,gv70,genesis_gv70,gv70,MS,MS,60990.0,1994.0,7334
2025-01-01,Near Luxury EV SUV,genesis,gv70_ev,genesis_electrified_gv70,gv70_ev,MS,MS,9827.0,427.0,1543
2025-01-01,Mid Luxury SUV,genesis,gv80,genesis_gv80,gv80,MS,MS,45819.0,1798.0,6319
2025-01-01,Mid Luxury SUV,genesis,gv80_coupe,genesis_gv80_coupe,gv80,MS,MS,10501.0,152.0,1333
2025-01-01,Make Only,genesis,make_only,genesis_make_only,make_only,MS,MS,0.0,0.0,
2025-01-01,Brand,genesis,Total,genesis_Total,Total,NH,NH,0.0,0.0,
2025-01-01,Unassigned,genesis,Unassigned,unassigned,Unassigned,NH,NH,,,
2025-01-01,Unassigned,genesis,Unassigned,Unassigned,Unassigned,NH,NH,0.0,0.0,
2025-01-01,Near Luxury Car,genesis,g70,genesis_g70,g70,NH,NH,0.0,0.0,
2025-01-01,Mid Luxury Car,genesis,g80,genesis_g80,g80,NH,NH,0.0,0.0,
2025-01-01,Mid Luxury EV Car,genesis,g80_ev,genesis_electrified_g80,g80_ev,NH,NH,0.0,0.0,
2025-01-01,Premium Luxury Car,genesis,g90,genesis_g90,g90,NH,NH,0.0,0.0,
2025-01-01,Entry Luxury EV SUV,genesis,gv60,genesis_gv60,gv60,NH,NH,0.0,0.0,
2025-01-01,Near Luxury SUV,genesis,gv70,genesis_gv70,gv70,NH,NH,0.0,0.0,
2025-01-01,Near Luxury EV SUV,genesis,gv70_ev,genesis_electrified_gv70,gv70_ev,NH,NH,0.0,0.0,
2025-01-01,Mid Luxury SUV,genesis,gv80,genesis_gv80,gv80,NH,NH,0.0,0.0,
2025-01-01,Mid Luxury SUV,genesis,gv80_coupe,genesis_gv80_coupe,gv80,NH,NH,0.0,0.0,
2025-01-01,Make Only,genesis,make_only,genesis_make_only,make_only,NH,NH,0.0,0.0,
2025-01-01,Brand,genesis,Total,genesis_Total,Total,SC,SC,295387.0,17425.0,48793
2025-01-01,Unassigned,genesis,Unassigned,unassigned,Unassigned,SC,SC,,,
2025-01-01,Unassigned,genesis,Unassigned,Unassigned,Unassigned,SC,SC,0.0,0.0,
2025-01-01,Near Luxury Car,genesis,g70,genesis_g70,g70,SC,SC,42797.0,1600.0,5076
2025-01-01,Mid Luxury Car,genesis,g80,genesis_g80,g80,SC,SC,10293.0,999.0,2480
2025-01-01,Mid Luxury EV Car,genesis,g80_ev,genesis_electrified_g80,g80_ev,SC,SC,2554.0,97.0,345
2025-01-01,Premium Luxury Car,genesis,g90,genesis_g90,g90,SC,SC,5897.0,298.0,1433
2025-01-01,Entry Luxury EV SUV,genesis,gv60,genesis_gv60,gv60,SC,SC,8642.0,463.0,1514
2025-01-01,Near Luxury SUV,genesis,gv70,genesis_gv70,gv70,SC,SC,93909.0,3953.0,12882
2025-01-01,Near Luxury EV SUV,genesis,gv70_ev,genesis_electrified_gv70,gv70_ev,SC,SC,11725.0,446.0,1459
2025-01-01,Mid Luxury SUV,genesis,gv80,genesis_gv80,gv80,SC,SC,87393.0,3808.0,12909
2025-01-01,Mid Luxury SUV,genesis,gv80_coupe,genesis_gv80_coupe,gv80,SC,SC,20698.0,401.0,2764
2025-01-01,Make Only,genesis,make_only,genesis_make_only,make_only,SC,SC,0.0,0.0,
2025-01-01,Brand,genesis,Total,genesis_Total,Total,SO,SO,376561.0,24913.0,68273
2025-01-01,Unassigned,genesis,Unassigned,Unassigned,Unassigned,SO,SO,0.0,0.0,
2025-01-01,Unassigned,genesis,Unassigned,unassigned,Unassigned,SO,SO,,,
2025-01-01,Near Luxury Car,genesis,g70,genesis_g70,g70,SO,SO,54450.0,2295.0,6807
2025-01-01,Mid Luxury Car,genesis,g80,genesis_g80,g80,SO,SO,13212.0,1528.0,3414
2025-01-01,Mid Luxury EV Car,genesis,g80_ev,genesis_electrified_g80,g80_ev,SO,SO,3273.0,116.0,452
2025-01-01,Premium Luxury Car,genesis,g90,genesis_g90,g90,SO,SO,7551.0,522.0,1957
2025-01-01,Entry Luxury EV SUV,genesis,gv60,genesis_gv60,gv60,SO,SO,12029.0,676.0,2362
2025-01-01,Near Luxury SUV,genesis,gv70,genesis_gv70,gv70,SO,SO,116791.0,5602.0,18908
2025-01-01,Near Luxury EV SUV,genesis,gv70_ev,genesis_electrified_gv70,gv70_ev,SO,SO,17448.0,741.0,2263
2025-01-01,Mid Luxury SUV,genesis,gv80,genesis_gv80,gv80,SO,SO,109019.0,4940.0,16789
2025-01-01,Mid Luxury SUV,genesis,gv80_coupe,genesis_gv80_coupe,gv80,SO,SO,26651.0,646.0,3954
2025-01-01,Make Only,genesis,make_only,genesis_make_only,make_only,SO,SO,0.0,0.0,
2025-01-01,Brand,genesis,Total,genesis_Total,Total,National,US,2222536.0,136129.0,402208
2025-01-01,Unassigned,genesis,Unassigned,Unassigned,Unassigned,National,US,0.0,0.0,
2025-01-01,Unassigned,genesis,Unassigned,unassigned,Unassigned,National,US,,,
2025-01-01,Near Luxury Car,genesis,g70,genesis_g70,g70,National,US,312101.0,12588.0,41826
2025-01-01,Mid Luxury Car,genesis,g80,genesis_g80,g80,National,US,84453.0,7327.0,20861
2025-01-01,Mid Luxury EV Car,genesis,g80_ev,genesis_electrified_g80,g80_ev,National,US,24750.0,889.0,3477
2025-01-01,Premium Luxury Car,genesis,g90,genesis_g90,g90,National,US,53666.0,2587.0,12409
2025-01-01,Entry Luxury EV SUV,genesis,gv60,genesis_gv60,gv60,National,US,82585.0,5146.0,17325
2025-01-01,Near Luxury SUV,genesis,gv70,genesis_gv70,gv70,National,US,698502.0,31614.0,110579
2025-01-01,Near Luxury EV SUV,genesis,gv70_ev,genesis_electrified_gv70,gv70_ev,National,US,112258.0,4759.0,15879
2025-01-01,Mid Luxury SUV,genesis,gv80,genesis_gv80,gv80,National,US,614244.0,26257.0,94586
2025-01-01,Mid Luxury SUV,genesis,gv80_coupe,genesis_gv80_coupe,gv80,National,US,145265.0,3114.0,21492
2025-01-01,Make Only,genesis,make_only,genesis_make_only,make_only,National,US,0.0,0.0,
2025-01-01,Brand,genesis,Total,genesis_Total,Total,WE,WE,296127.0,18321.0,58597
2025-01-01,Unassigned,genesis,Unassigned,unassigned,Unassigned,WE,WE,,,
2025-01-01,Unassigned,genesis,Unassigned,Unassigned,Unassigned,WE,WE,0.0,0.0,
2025-01-01,Near Luxury Car,genesis,g70,genesis_g70,g70,WE,WE,39090.0,1597.0,5954
2025-01-01,Mid Luxury Car,genesis,g80,genesis_g80,g80,WE,WE,11330.0,949.0,2856
2025-01-01,Mid Luxury EV Car,genesis,g80_ev,genesis_electrified_g80,g80_ev,WE,WE,5547.0,188.0,862
2025-01-01,Premium Luxury Car,genesis,g90,genesis_g90,g90,WE,WE,6914.0,366.0,1840
2025-01-01,Entry Luxury EV SUV,genesis,gv60,genesis_gv60,gv60,WE,WE,16723.0,1255.0,4100
2025-01-01,Near Luxury SUV,genesis,gv70,genesis_gv70,gv70,WE,WE,89020.0,4093.0,15274
2025-01-01,Near Luxury EV SUV,genesis,gv70_ev,genesis_electrified_gv70,gv70_ev,WE,WE,22929.0,992.0,3583
2025-01-01,Mid Luxury SUV,genesis,gv80,genesis_gv80,gv80,WE,WE,78332.0,3218.0,12028
2025-01-01,Mid Luxury SUV,genesis,gv80_coupe,genesis_gv80_coupe,gv80,WE,WE,19011.0,369.0,3061
2025-01-01,Make Only,genesis,make_only,genesis_make_only,make_only,WE,WE,0.0,0.0,
2025-02-01,Brand,genesis,Total,genesis_Total,Total,CE,CE,306817.0,21112.0,57552
2025-02-01,Unassigned,genesis,Unassigned,Unassigned,Unassigned,CE,CE,0.0,0.0,
2025-02-01,Unassigned,genesis,Unassigned,unassigned,Unassigned,CE,CE,,,
2025-02-01,Near Luxury Car,genesis,g70,genesis_g70,g70,CE,CE,45105.0,2203.0,5703
2025-02-01,Mid Luxury Car,genesis,g80,genesis_g80,g80,CE,CE,8898.0,841.0,2410
2025-02-01,Mid Luxury EV Car,genesis,g80_ev,genesis_electrified_g80,g80_ev,CE,CE,2816.0,115.0,388
2025-02-01,Premium Luxury Car,genesis,g90,genesis_g90,g90,CE,CE,6061.0,345.0,1473
2025-02-01,Entry Luxury EV SUV,genesis,gv60,genesis_gv60,gv60,CE,CE,10425.0,679.0,1930
2025-02-01,Near Luxury SUV,genesis,gv70,genesis_gv70,gv70,CE,CE,95790.0,5110.0,16389
2025-02-01,Near Luxury EV SUV,genesis,gv70_ev,genesis_electrified_gv70,gv70_ev,CE,CE,13835.0,603.0,1878
2025-02-01,Mid Luxury SUV,genesis,gv80,genesis_gv80,gv80,CE,CE,83758.0,4061.0,13067
2025-02-01,Mid Luxury SUV,genesis,gv80_coupe,genesis_gv80_coupe,gv80,CE,CE,18426.0,615.0,2821
2025-02-01,Make Only,genesis,make_only,genesis_make_only,make_only,CE,CE,0.0,0.0,
2025-02-01,Brand,genesis,Total,genesis_Total,Total,EA,EA,388081.0,27027.0,84420
2025-02-01,Unassigned,genesis,Unassigned,unassigned,Unassigned,EA,EA,,,
2025-02-01,Unassigned,genesis,Unassigned,Unassigned,Unassigned,EA,EA,0.0,0.0,
2025-02-01,Near Luxury Car,genesis,g70,genesis_g70,g70,EA,EA,54213.0,2914.0,8425
2025-02-01,Mid Luxury Car,genesis,g80,genesis_g80,g80,EA,EA,12637.0,1052.0,3694
2025-02-01,Mid Luxury EV Car,genesis,g80_ev,genesis_electrified_g80,g80_ev,EA,EA,4224.0,197.0,635
2025-02-01,Premium Luxury Car,genesis,g90,genesis_g90,g90,EA,EA,7675.0,455.0,2000
2025-02-01,Entry Luxury EV SUV,genesis,gv60,genesis_gv60,gv60,EA,EA,14772.0,1003.0,3244
2025-02-01,Near Luxury SUV,genesis,gv70,genesis_gv70,gv70,EA,EA,127262.0,7438.0,26534
2025-02-01,Near Luxury EV SUV,genesis,gv70_ev,genesis_electrified_gv70,gv70_ev,EA,EA,19571.0,805.0,2650
2025-02-01,Mid Luxury SUV,genesis,gv80,genesis_gv80,gv80,EA,EA,101741.0,4912.0,17184
2025-02-01,Mid Luxury SUV,genesis,gv80_coupe,genesis_gv80_coupe,gv80,EA,EA,24036.0,672.0,3864
2025-02-01,Make Only,genesis,make_only,genesis_make_only,make_only,EA,EA,0.0,0.0,
2025-02-01,Brand,genesis,Total,genesis_Total,Total,MA,MA,249666.0,17260.0,44992
2025-02-01,Unassigned,genesis,Unassigned,unassigned,Unassigned,MA,MA,,,
2025-02-01,Unassigned,genesis,Unassigned,Unassigned,Unassigned,MA,MA,0.0,0.0,
2025-02-01,Near Luxury Car,genesis,g70,genesis_g70,g70,MA,MA,36684.0,1667.0,4352
2025-02-01,Mid Luxury Car,genesis,g80,genesis_g80,g80,MA,MA,7036.0,759.0,1986
2025-02-01,Mid Luxury EV Car,genesis,g80_ev,genesis_electrified_g80,g80_ev,MA,MA,2376.0,78.0,329
2025-02-01,Premium Luxury Car,genesis,g90,genesis_g90,g90,MA,MA,4845.0,305.0,1255
2025-02-01,Entry Luxury EV SUV,genesis,gv60,genesis_gv60,gv60,MA,MA,8780.0,611.0,1851
2025-02-01,Near Luxury SUV,genesis,gv70,genesis_gv70,gv70,MA,MA,75464.0,4247.0,12659
2025-02-01,Near Luxury EV SUV,genesis,gv70_ev,genesis_electrified_gv70,gv70_ev,MA,MA,11641.0,575.0,1651
2025-02-01,Mid Luxury SUV,genesis,gv80,genesis_gv80,gv80,MA,MA,68869.0,3188.0,10037
2025-02-01,Mid Luxury SUV,genesis,gv80_coupe,genesis_gv80_coupe,gv80,MA,MA,14585.0,425.0,2115
2025-02-01,Make Only,genesis,make_only,genesis_make_only,make_only,MA,MA,0.0,0.0,
2025-02-01,Brand,genesis,Total,genesis_Total,Total,MS,MS,175208.0,9639.0,29554
2025-02-01,Unassigned,genesis,Unassigned,unassigned,Unassigned,MS,MS,,,
2025-02-01,Unassigned,genesis,Unassigned,Unassigned,Unassigned,MS,MS,0.0,0.0,
2025-02-01,Near Luxury Car,genesis,g70,genesis_g70,g70,MS,MS,25860.0,883.0,2744
2025-02-01,Mid Luxury Car,genesis,g80,genesis_g80,g80,MS,MS,4372.0,320.0,1109
2025-02-01,Mid Luxury EV Car,genesis,g80_ev,genesis_electrified_g80,g80_ev,MS,MS,2223.0,40.0,296
2025-02-01,Premium Luxury Car,genesis,g90,genesis_g90,g90,MS,MS,3166.0,148.0,846
2025-02-01,Entry Luxury EV SUV,genesis,gv60,genesis_gv60,gv60,MS,MS,7472.0,519.0,1664
2025-02-01,Near Luxury SUV,genesis,gv70,genesis_gv70,gv70,MS,MS,56989.0,2318.0,8168
2025-02-01,Near Luxury EV SUV,genesis,gv70_ev,genesis_electrified_gv70,gv70_ev,MS,MS,10541.0,430.0,1511
2025-02-01,Mid Luxury SUV,genesis,gv80,genesis_gv80,gv80,MS,MS,46682.0,1962.0,6754
2025-02-01,Mid Luxury SUV,genesis,gv80_coupe,genesis_gv80_coupe,gv80,MS,MS,10432.0,253.0,1533
2025-02-01,Make Only,genesis,make_only,genesis_make_only,make_only,MS,MS,0.0,0.0,
2025-02-01,Brand,genesis,Total,genesis_Total,Total,NH,NH,0.0,0.0,
2025-02-01,Unassigned,genesis,Unassigned,unassigned,Unassigned,NH,NH,,,
2025-02-01,Unassigned,genesis,Unassigned,Unassigned,Unassigned,NH,NH,0.0,0.0,
2025-02-01,Near Luxury Car,genesis,g70,genesis_g70,g70,NH,NH,0.0,0.0,
2025-02-01,Mid Luxury Car,genesis,g80,genesis_g80,g80,NH,NH,0.0,0.0,
2025-02-01,Mid Luxury EV Car,genesis,g80_ev,genesis_electrified_g80,g80_ev,NH,NH,0.0,0.0,
2025-02-01,Premium Luxury Car,genesis,g90,genesis_g90,g90,NH,NH,0.0,0.0,
2025-02-01,Entry Luxury EV SUV,genesis,gv60,genesis_gv60,gv60,NH,NH,0.0,0.0,
2025-02-01,Near Luxury SUV,genesis,gv70,genesis_gv70,gv70,NH,NH,0.0,0.0,
2025-02-01,Near Luxury EV SUV,genesis,gv70_ev,genesis_electrified_gv70,gv70_ev,NH,NH,0.0,0.0,
2025-02-01,Mid Luxury SUV,genesis,gv80,genesis_gv80,gv80,NH,NH,0.0,0.0,
2025-02-01,Mid Luxury SUV,genesis,gv80_coupe,genesis_gv80_coupe,gv80,NH,NH,0.0,0.0,
2025-02-01,Make Only,genesis,make_only,genesis_make_only,make_only,NH,NH,0.0,0.0,
2025-02-01,Brand,genesis,Total,genesis_Total,Total,SC,SC,277214.0,17204.0,47436
2025-02-01,Unassigned,genesis,Unassigned,unassigned,Unassigned,SC,SC,,,
2025-02-01,Unassigned,genesis,Unassigned,Unassigned,Unassigned,SC,SC,0.0,0.0,
2025-02-01,Near Luxury Car,genesis,g70,genesis_g70,g70,SC,SC,42538.0,1836.0,4852
2025-02-01,Mid Luxury Car,genesis,g80,genesis_g80,g80,SC,SC,7947.0,717.0,2002
2025-02-01,Mid Luxury EV Car,genesis,g80_ev,genesis_electrified_g80,g80_ev,SC,SC,2310.0,84.0,254
2025-02-01,Premium Luxury Car,genesis,g90,genesis_g90,g90,SC,SC,5533.0,331.0,1277
2025-02-01,Entry Luxury EV SUV,genesis,gv60,genesis_gv60,gv60,SC,SC,8736.0,549.0,1437
2025-02-01,Near Luxury SUV,genesis,gv70,genesis_gv70,gv70,SC,SC,83620.0,4011.0,12308
2025-02-01,Near Luxury EV SUV,genesis,gv70_ev,genesis_electrified_gv70,gv70_ev,SC,SC,11439.0,397.0,1292
2025-02-01,Mid Luxury SUV,genesis,gv80,genesis_gv80,gv80,SC,SC,80215.0,3901.0,11481
2025-02-01,Mid Luxury SUV,genesis,gv80_coupe,genesis_gv80_coupe,gv80,SC,SC,17651.0,536.0,2588
2025-02-01,Make Only,genesis,make_only,genesis_make_only,make_only,SC,SC,0.0,0.0,
2025-02-01,Brand,genesis,Total,genesis_Total,Total,SO,SO,370918.0,24969.0,68058
2025-02-01,Unassigned,genesis,Unassigned,unassigned,Unassigned,SO,SO,,,
2025-02-01,Unassigned,genesis,Unassigned,Unassigned,Unassigned,SO,SO,0.0,0.0,
2025-02-01,Near Luxury Car,genesis,g70,genesis_g70,g70,SO,SO,56595.0,2614.0,6309
2025-02-01,Mid Luxury Car,genesis,g80,genesis_g80,g80,SO,SO,10357.0,1052.0,3008
2025-02-01,Mid Luxury EV Car,genesis,g80_ev,genesis_electrified_g80,g80_ev,SO,SO,3053.0,89.0,359
2025-02-01,Premium Luxury Car,genesis,g90,genesis_g90,g90,SO,SO,7029.0,470.0,1834
2025-02-01,Entry Luxury EV SUV,genesis,gv60,genesis_gv60,gv60,SO,SO,12044.0,773.0,2174
2025-02-01,Near Luxury SUV,genesis,gv70,genesis_gv70,gv70,SO,SO,110622.0,6319.0,19101
2025-02-01,Near Luxury EV SUV,genesis,gv70_ev,genesis_electrified_gv70,gv70_ev,SO,SO,17306.0,642.0,2013
2025-02-01,Mid Luxury SUV,genesis,gv80,genesis_gv80,gv80,SO,SO,104260.0,4893.0,15887
2025-02-01,Mid Luxury SUV,genesis,gv80_coupe,genesis_gv80_coupe,gv80,SO,SO,24836.0,755.0,3658
2025-02-01,Make Only,genesis,make_only,genesis_make_only,make_only,SO,SO,0.0,0.0,
2025-02-01,Brand,genesis,Total,genesis_Total,Total,National,US,2152758.0,136118.0,398773
2025-02-01,Unassigned,genesis,Unassigned,Unassigned,Unassigned,National,US,0.0,0.0,
2025-02-01,Unassigned,genesis,Unassigned,unassigned,Unassigned,National,US,,,
2025-02-01,Near Luxury Car,genesis,g70,genesis_g70,g70,National,US,310164.0,14119.0,38810
2025-02-01,Mid Luxury Car,genesis,g80,genesis_g80,g80,National,US,68010.0,5507.0,17625
2025-02-01,Mid Luxury EV Car,genesis,g80_ev,genesis_electrified_g80,g80_ev,National,US,24236.0,790.0,3129
2025-02-01,Premium Luxury Car,genesis,g90,genesis_g90,g90,National,US,50098.0,2469.0,11390
2025-02-01,Entry Luxury EV SUV,genesis,gv60,genesis_gv60,gv60,National,US,82938.0,5565.0,16724
2025-02-01,Near Luxury SUV,genesis,gv70,genesis_gv70,gv70,National,US,652438.0,33882.0,111817
2025-02-01,Near Luxury EV SUV,genesis,gv70_ev,genesis_electrified_gv70,gv70_ev,National,US,110929.0,4489.0,14966
2025-02-01,Mid Luxury SUV,genesis,gv80,genesis_gv80,gv80,National,US,582406.0,26121.0,87421
2025-02-01,Mid Luxury SUV,genesis,gv80_coupe,genesis_gv80_coupe,gv80,National,US,133827.0,3752.0,20058
2025-02-01,Make Only,genesis,make_only,genesis_make_only,make_only,National,US,0.0,0.0,
2025-02-01,Brand,genesis,Total,genesis_Total,Total,WE,WE,296939.0,18264.0,57159
2025-02-01,Unassigned,genesis,Unassigned,Unassigned,Unassigned,WE,WE,0.0,0.0,
2025-02-01,Unassigned,genesis,Unassigned,unassigned,Unassigned,WE,WE,,,
2025-02-01,Near Luxury Car,genesis,g70,genesis_g70,g70,WE,WE,40898.0,1898.0,5488
2025-02-01,Mid Luxury Car,genesis,g80,genesis_g80,g80,WE,WE,9220.0,722.0,2572
2025-02-01,Mid Luxury EV Car,genesis,g80_ev,genesis_electrified_g80,g80_ev,WE,WE,5397.0,175.0,729
2025-02-01,Premium Luxury Car,genesis,g90,genesis_g90,g90,WE,WE,6644.0,378.0,1637
2025-02-01,Entry Luxury EV SUV,genesis,gv60,genesis_gv60,gv60,WE,WE,17179.0,1369.0,4083
2025-02-01,Near Luxury SUV,genesis,gv70,genesis_gv70,gv70,WE,WE,90013.0,4266.0,14913
2025-02-01,Near Luxury EV SUV,genesis,gv70_ev,genesis_electrified_gv70,gv70_ev,WE,WE,22660.0,1004.0,3625
2025-02-01,Mid Luxury SUV,genesis,gv80,genesis_gv80,gv80,WE,WE,74886.0,3075.0,10964
2025-02-01,Mid Luxury SUV,genesis,gv80_coupe,genesis_gv80_coupe,gv80,WE,WE,18629.0,469.0,2835
2025-02-01,Make Only,genesis,make_only,genesis_make_only,make_only,WE,WE,0.0,0.0,
2025-03-01,Brand,genesis,Total,genesis_Total,Total,CE,CE,398104.0,28708.0,77970
2025-03-01,Unassigned,genesis,Unassigned,Unassigned,Unassigned,CE,CE,0.0,0.0,
2025-03-01,Unassigned,genesis,Unassigned,unassigned,Unassigned,CE,CE,,,
2025-03-01,Near Luxury Car,genesis,g70,genesis_g70,g70,CE,CE,51184.0,3882.0,8627
2025-03-01,Mid Luxury Car,genesis,g80,genesis_g80,g80,CE,CE,11674.0,1279.0,3010
2025-03-01,Mid Luxury EV Car,genesis,g80_ev,genesis_electrified_g80,g80_ev,CE,CE,3463.0,122.0,423
2025-03-01,Premium Luxury Car,genesis,g90,genesis_g90,g90,CE,CE,6954.0,455.0,1643
2025-03-01,Entry Luxury EV SUV,genesis,gv60,genesis_gv60,gv60,CE,CE,13125.0,997.0,2594
2025-03-01,Near Luxury SUV,genesis,gv70,genesis_gv70,gv70,CE,CE,146423.0,7589.0,24737
2025-03-01,Near Luxury EV SUV,genesis,gv70_ev,genesis_electrified_gv70,gv70_ev,CE,CE,13816.0,941.0,2336
2025-03-01,Mid Luxury SUV,genesis,gv80,genesis_gv80,gv80,CE,CE,102313.0,4932.0,16625
2025-03-01,Mid Luxury SUV,genesis,gv80_coupe,genesis_gv80_coupe,gv80,CE,CE,21793.0,807.0,3178
2025-03-01,Make Only,genesis,make_only,genesis_make_only,make_only,CE,CE,0.0,0.0,
2025-03-01,Brand,genesis,Total,genesis_Total,Total,EA,EA,523024.0,37292.0,114102
2025-03-01,Unassigned,genesis,Unassigned,unassigned,Unassigned,EA,EA,,,
2025-03-01,Unassigned,genesis,Unassigned,Unassigned,Unassigned,EA,EA,0.0,0.0,
2025-03-01,Near Luxury Car,genesis,g70,genesis_g70,g70,EA,EA,69986.0,5212.0,12327
2025-03-01,Mid Luxury Car,genesis,g80,genesis_g80,g80,EA,EA,16299.0,1592.0,4486
2025-03-01,Mid Luxury EV Car,genesis,g80_ev,genesis_electrified_g80,g80_ev,EA,EA,4976.0,280.0,692
2025-03-01,Premium Luxury Car,genesis,g90,genesis_g90,g90,EA,EA,8940.0,469.0,2210
2025-03-01,Entry Luxury EV SUV,genesis,gv60,genesis_gv60,gv60,EA,EA,18942.0,1419.0,4770
2025-03-01,Near Luxury SUV,genesis,gv70,genesis_gv70,gv70,EA,EA,195997.0,10436.0,38035
2025-03-01,Near Luxury EV SUV,genesis,gv70_ev,genesis_electrified_gv70,gv70_ev,EA,EA,23079.0,1210.0,3809
2025-03-01,Mid Luxury SUV,genesis,gv80,genesis_gv80,gv80,EA,EA,132653.0,5822.0,22557
2025-03-01,Mid Luxury SUV,genesis,gv80_coupe,genesis_gv80_coupe,gv80,EA,EA,27779.0,1009.0,4420
2025-03-01,Make Only,genesis,make_only,genesis_make_only,make_only,EA,EA,0.0,0.0,
2025-03-01,Brand,genesis,Total,genesis_Total,Total,MA,MA,310724.0,22662.0,60889
2025-03-01,Unassigned,genesis,Unassigned,unassigned,Unassigned,MA,MA,,,
2025-03-01,Unassigned,genesis,Unassigned,Unassigned,Unassigned,MA,MA,0.0,0.0,
2025-03-01,Near Luxury Car,genesis,g70,genesis_g70,g70,MA,MA,40644.0,3038.0,6308
2025-03-01,Mid Luxury Car,genesis,g80,genesis_g80,g80,MA,MA,8727.0,985.0,2236
2025-03-01,Mid Luxury EV Car,genesis,g80_ev,genesis_electrified_g80,g80_ev,MA,MA,2835.0,133.0,387
2025-03-01,Premium Luxury Car,genesis,g90,genesis_g90,g90,MA,MA,5024.0,275.0,1198
2025-03-01,Entry Luxury EV SUV,genesis,gv60,genesis_gv60,gv60,MA,MA,10435.0,816.0,2258
2025-03-01,Near Luxury SUV,genesis,gv70,genesis_gv70,gv70,MA,MA,112815.0,6032.0,19134
2025-03-01,Near Luxury EV SUV,genesis,gv70_ev,genesis_electrified_gv70,gv70_ev,MA,MA,12884.0,813.0,2070
2025-03-01,Mid Luxury SUV,genesis,gv80,genesis_gv80,gv80,MA,MA,79199.0,3943.0,13078
2025-03-01,Mid Luxury SUV,genesis,gv80_coupe,genesis_gv80_coupe,gv80,MA,MA,16148.0,585.0,2409
2025-03-01,Make Only,genesis,make_only,genesis_make_only,make_only,MA,MA,0.0,0.0,
2025-03-01,Brand,genesis,Total,genesis_Total,Total,MS,MS,210730.0,11992.0,37367
2025-03-01,Unassigned,genesis,Unassigned,unassigned,Unassigned,MS,MS,,,
2025-03-01,Unassigned,genesis,Unassigned,Unassigned,Unassigned,MS,MS,0.0,0.0,
2025-03-01,Near Luxury Car,genesis,g70,genesis_g70,g70,MS,MS,28499.0,1724.0,4324
2025-03-01,Mid Luxury Car,genesis,g80,genesis_g80,g80,MS,MS,4885.0,392.0,1304
2025-03-01,Mid Luxury EV Car,genesis,g80_ev,genesis_electrified_g80,g80_ev,MS,MS,2365.0,69.0,293
2025-03-01,Premium Luxury Car,genesis,g90,genesis_g90,g90,MS,MS,3331.0,161.0,819
2025-03-01,Entry Luxury EV SUV,genesis,gv60,genesis_gv60,gv60,MS,MS,9396.0,645.0,1995
2025-03-01,Near Luxury SUV,genesis,gv70,genesis_gv70,gv70,MS,MS,74813.0,2879.0,10915
2025-03-01,Near Luxury EV SUV,genesis,gv70_ev,genesis_electrified_gv70,gv70_ev,MS,MS,11062.0,605.0,1865
2025-03-01,Mid Luxury SUV,genesis,gv80,genesis_gv80,gv80,MS,MS,51587.0,2105.0,7908
2025-03-01,Mid Luxury SUV,genesis,gv80_coupe,genesis_gv80_coupe,gv80,MS,MS,11030.0,354.0,1483
2025-03-01,Make Only,genesis,make_only,genesis_make_only,make_only,MS,MS,0.0,0.0,
2025-03-01,Brand,genesis,Total,genesis_Total,Total,NH,NH,0.0,0.0,
2025-03-01,Unassigned,genesis,Unassigned,Unassigned,Unassigned,NH,NH,0.0,0.0,
2025-03-01,Unassigned,genesis,Unassigned,unassigned,Unassigned,NH,NH,,,
2025-03-01,Near Luxury Car,genesis,g70,genesis_g70,g70,NH,NH,0.0,0.0,
2025-03-01,Mid Luxury Car,genesis,g80,genesis_g80,g80,NH,NH,0.0,0.0,
2025-03-01,Mid Luxury EV Car,genesis,g80_ev,genesis_electrified_g80,g80_ev,NH,NH,0.0,0.0,
2025-03-01,Premium Luxury Car,genesis,g90,genesis_g90,g90,NH,NH,0.0,0.0,
2025-03-01,Entry Luxury EV SUV,genesis,gv60,genesis_gv60,gv60,NH,NH,0.0,0.0,
2025-03-01,Near Luxury SUV,genesis,gv70,genesis_gv70,gv70,NH,NH,0.0,0.0,
2025-03-01,Near Luxury EV SUV,genesis,gv70_ev,genesis_electrified_gv70,gv70_ev,NH,NH,0.0,0.0,
2025-03-01,Mid Luxury SUV,genesis,gv80,genesis_gv80,gv80,NH,NH,0.0,0.0,
2025-03-01,Mid Luxury SUV,genesis,gv80_coupe,genesis_gv80_coupe,gv80,NH,NH,0.0,0.0,
2025-03-01,Make Only,genesis,make_only,genesis_make_only,make_only,NH,NH,0.0,0.0,
2025-03-01,Brand,genesis,Total,genesis_Total,Total,SC,SC,356201.0,22540.0,65857
2025-03-01,Unassigned,genesis,Unassigned,unassigned,Unassigned,SC,SC,,,
2025-03-01,Unassigned,genesis,Unassigned,Unassigned,Unassigned,SC,SC,0.0,0.0,
2025-03-01,Near Luxury Car,genesis,g70,genesis_g70,g70,SC,SC,47711.0,3350.0,7480
2025-03-01,Mid Luxury Car,genesis,g80,genesis_g80,g80,SC,SC,9763.0,945.0,2525
2025-03-01,Mid Luxury EV Car,genesis,g80_ev,genesis_electrified_g80,g80_ev,SC,SC,2788.0,93.0,308
2025-03-01,Premium Luxury Car,genesis,g90,genesis_g90,g90,SC,SC,5960.0,328.0,1398
2025-03-01,Entry Luxury EV SUV,genesis,gv60,genesis_gv60,gv60,SC,SC,10987.0,849.0,1925
2025-03-01,Near Luxury SUV,genesis,gv70,genesis_gv70,gv70,SC,SC,130389.0,5363.0,19240
2025-03-01,Near Luxury EV SUV,genesis,gv70_ev,genesis_electrified_gv70,gv70_ev,SC,SC,11687.0,645.0,1599
2025-03-01,Mid Luxury SUV,genesis,gv80,genesis_gv80,gv80,SC,SC,93144.0,4416.0,15234
2025-03-01,Mid Luxury SUV,genesis,gv80_coupe,genesis_gv80_coupe,gv80,SC,SC,20495.0,807.0,2995
2025-03-01,Make Only,genesis,make_only,genesis_make_only,make_only,SC,SC,0.0,0.0,
2025-03-01,Brand,genesis,Total,genesis_Total,Total,SO,SO,481668.0,35141.0,94379
2025-03-01,Unassigned,genesis,Unassigned,unassigned,Unassigned,SO,SO,,,
2025-03-01,Unassigned,genesis,Unassigned,Unassigned,Unassigned,SO,SO,0.0,0.0,
2025-03-01,Near Luxury Car,genesis,g70,genesis_g70,g70,SO,SO,63054.0,4923.0,9849
2025-03-01,Mid Luxury Car,genesis,g80,genesis_g80,g80,SO,SO,13436.0,1557.0,3401
2025-03-01,Mid Luxury EV Car,genesis,g80_ev,genesis_electrified_g80,g80_ev,SO,SO,3826.0,168.0,438
2025-03-01,Premium Luxury Car,genesis,g90,genesis_g90,g90,SO,SO,7788.0,578.0,1972
2025-03-01,Entry Luxury EV SUV,genesis,gv60,genesis_gv60,gv60,SO,SO,15026.0,1133.0,3006
2025-03-01,Near Luxury SUV,genesis,gv70,genesis_gv70,gv70,SO,SO,173096.0,9018.0,29450
2025-03-01,Near Luxury EV SUV,genesis,gv70_ev,genesis_electrified_gv70,gv70_ev,SO,SO,18008.0,1111.0,2661
2025-03-01,Mid Luxury SUV,genesis,gv80,genesis_gv80,gv80,SO,SO,127658.0,6347.0,20947
2025-03-01,Mid Luxury SUV,genesis,gv80_coupe,genesis_gv80_coupe,gv80,SO,SO,28415.0,1108.0,3996
2025-03-01,Make Only,genesis,make_only,genesis_make_only,make_only,SO,SO,0.0,0.0,
2025-03-01,Brand,genesis,Total,genesis_Total,Total,National,US,2773093.0,183379.0,541433
2025-03-01,Unassigned,genesis,Unassigned,Unassigned,Unassigned,National,US,0.0,0.0,
2025-03-01,Unassigned,genesis,Unassigned,unassigned,Unassigned,National,US,,,
2025-03-01,Near Luxury Car,genesis,g70,genesis_g70,g70,National,US,366543.0,25649.0,59217
2025-03-01,Mid Luxury Car,genesis,g80,genesis_g80,g80,National,US,83435.0,7787.0,20715
2025-03-01,Mid Luxury EV Car,genesis,g80_ev,genesis_electrified_g80,g80_ev,National,US,28787.0,1122.0,3470
2025-03-01,Premium Luxury Car,genesis,g90,genesis_g90,g90,National,US,54199.0,2695.0,12028
2025-03-01,Entry Luxury EV SUV,genesis,gv60,genesis_gv60,gv60,National,US,103991.0,7723.0,22458
2025-03-01,Near Luxury SUV,genesis,gv70,genesis_gv70,gv70,National,US,985392.0,47300.0,166451
2025-03-01,Near Luxury EV SUV,genesis,gv70_ev,genesis_electrified_gv70,gv70_ev,National,US,121294.0,7023.0,19741
2025-03-01,Mid Luxury SUV,genesis,gv80,genesis_gv80,gv80,National,US,706947.0,31767.0,113748
2025-03-01,Mid Luxury SUV,genesis,gv80_coupe,genesis_gv80_coupe,gv80,National,US,153216.0,5420.0,22396
2025-03-01,Make Only,genesis,make_only,genesis_make_only,make_only,National,US,0.0,0.0,
2025-03-01,Brand,genesis,Total,genesis_Total,Total,WE,WE,396818.0,24055.0,79516
2025-03-01,Unassigned,genesis,Unassigned,unassigned,Unassigned,WE,WE,,,
2025-03-01,Unassigned,genesis,Unassigned,Unassigned,Unassigned,WE,WE,0.0,0.0,
2025-03-01,Near Luxury Car,genesis,g70,genesis_g70,g70,WE,WE,56358.0,3354.0,9120
2025-03-01,Mid Luxury Car,genesis,g80,genesis_g80,g80,WE,WE,11299.0,987.0,2823
2025-03-01,Mid Luxury EV Car,genesis,g80_ev,genesis_electrified_g80,g80_ev,WE,WE,6496.0,240.0,793
2025-03-01,Premium Luxury Car,genesis,g90,genesis_g90,g90,WE,WE,7293.0,376.0,1743
2025-03-01,Entry Luxury EV SUV,genesis,gv60,genesis_gv60,gv60,WE,WE,21537.0,1794.0,5447
2025-03-01,Near Luxury SUV,genesis,gv70,genesis_gv70,gv70,WE,WE,136671.0,5677.0,22614
2025-03-01,Near Luxury EV SUV,genesis,gv70_ev,genesis_electrified_gv70,gv70_ev,WE,WE,26400.0,1612.0,4993
2025-03-01,Mid Luxury SUV,genesis,gv80,genesis_gv80,gv80,WE,WE,98085.0,4028.0,15137
2025-03-01,Mid Luxury SUV,genesis,gv80_coupe,genesis_gv80_coupe,gv80,WE,WE,21717.0,705.0,3162
2025-03-01,Make Only,genesis,make_only,genesis_make_only,make_only,WE,WE,0.0,0.0,
2025-04-01,Brand,genesis,Total,genesis_Total,Total,CE,CE,423186.0,26942.0,69805
2025-04-01,Unassigned,genesis,Unassigned,unassigned,Unassigned,CE,CE,,,
2025-04-01,Unassigned,genesis,Unassigned,Unassigned,Unassigned,CE,CE,0.0,0.0,
2025-04-01,Near Luxury Car,genesis,g70,genesis_g70,g70,CE,CE,50101.0,3580.0,7821
2025-04-01,Mid Luxury Car,genesis,g80,genesis_g80,g80,CE,CE,10830.0,1103.0,3051
2025-04-01,Mid Luxury EV Car,genesis,g80_ev,genesis_electrified_g80,g80_ev,CE,CE,3413.0,213.0,397
2025-04-01,Premium Luxury Car,genesis,g90,genesis_g90,g90,CE,CE,8720.0,585.0,2136
2025-04-01,Entry Luxury EV SUV,genesis,gv60,genesis_gv60,gv60,CE,CE,11254.0,766.0,2016
2025-04-01,Near Luxury SUV,genesis,gv70,genesis_gv70,gv70,CE,CE,148371.0,6459.0,17834
2025-04-01,Near Luxury EV SUV,genesis,gv70_ev,genesis_electrified_gv70,gv70_ev,CE,CE,15159.0,729.0,1787
2025-04-01,Mid Luxury SUV,genesis,gv80,genesis_gv80,gv80,CE,CE,129089.0,4297.0,17655
2025-04-01,Mid Luxury SUV,genesis,gv80_coupe,genesis_gv80_coupe,gv80,CE,CE,22977.0,984.0,3670
2025-04-01,Make Only,genesis,make_only,genesis_make_only,make_only,CE,CE,0.0,0.0,
2025-04-01,Brand,genesis,Total,genesis_Total,Total,EA,EA,543521.0,33348.0,102783
2025-04-01,Unassigned,genesis,Unassigned,Unassigned,Unassigned,EA,EA,0.0,0.0,
2025-04-01,Unassigned,genesis,Unassigned,unassigned,Unassigned,EA,EA,,,
2025-04-01,Near Luxury Car,genesis,g70,genesis_g70,g70,EA,EA,68026.0,5188.0,11733
2025-04-01,Mid Luxury Car,genesis,g80,genesis_g80,g80,EA,EA,16217.0,1424.0,4776
2025-04-01,Mid Luxury EV Car,genesis,g80_ev,genesis_electrified_g80,g80_ev,EA,EA,4996.0,264.0,643
2025-04-01,Premium Luxury Car,genesis,g90,genesis_g90,g90,EA,EA,11359.0,674.0,2849
2025-04-01,Entry Luxury EV SUV,genesis,gv60,genesis_gv60,gv60,EA,EA,16364.0,1019.0,3423
2025-04-01,Near Luxury SUV,genesis,gv70,genesis_gv70,gv70,EA,EA,187563.0,8232.0,28470
2025-04-01,Near Luxury EV SUV,genesis,gv70_ev,genesis_electrified_gv70,gv70_ev,EA,EA,20914.0,696.0,2624
2025-04-01,Mid Luxury SUV,genesis,gv80,genesis_gv80,gv80,EA,EA,175118.0,5445.0,24797
2025-04-01,Mid Luxury SUV,genesis,gv80_coupe,genesis_gv80_coupe,gv80,EA,EA,29695.0,1235.0,4985
2025-04-01,Make Only,genesis,make_only,genesis_make_only,make_only,EA,EA,0.0,0.0,
2025-04-01,Brand,genesis,Total,genesis_Total,Total,MA,MA,328877.0,20786.0,54039
2025-04-01,Unassigned,genesis,Unassigned,Unassigned,Unassigned,MA,MA,0.0,0.0,
2025-04-01,Unassigned,genesis,Unassigned,unassigned,Unassigned,MA,MA,,,
2025-04-01,Near Luxury Car,genesis,g70,genesis_g70,g70,MA,MA,40408.0,3277.0,6028
2025-04-01,Mid Luxury Car,genesis,g80,genesis_g80,g80,MA,MA,8679.0,796.0,2296
2025-04-01,Mid Luxury EV Car,genesis,g80_ev,genesis_electrified_g80,g80_ev,MA,MA,2911.0,154.0,348
2025-04-01,Premium Luxury Car,genesis,g90,genesis_g90,g90,MA,MA,6636.0,412.0,1649
2025-04-01,Entry Luxury EV SUV,genesis,gv60,genesis_gv60,gv60,MA,MA,8892.0,636.0,1716
2025-04-01,Near Luxury SUV,genesis,gv70,genesis_gv70,gv70,MA,MA,111825.0,4899.0,13944
2025-04-01,Near Luxury EV SUV,genesis,gv70_ev,genesis_electrified_gv70,gv70_ev,MA,MA,12528.0,467.0,1454
2025-04-01,Mid Luxury SUV,genesis,gv80,genesis_gv80,gv80,MA,MA,99895.0,3333.0,13527
2025-04-01,Mid Luxury SUV,genesis,gv80_coupe,genesis_gv80_coupe,gv80,MA,MA,18146.0,675.0,2723
2025-04-01,Make Only,genesis,make_only,genesis_make_only,make_only,MA,MA,0.0,0.0,
2025-04-01,Brand,genesis,Total,genesis_Total,Total,MS,MS,230317.0,10203.0,31543
2025-04-01,Unassigned,genesis,Unassigned,unassigned,Unassigned,MS,MS,,,
2025-04-01,Unassigned,genesis,Unassigned,Unassigned,Unassigned,MS,MS,0.0,0.0,
2025-04-01,Near Luxury Car,genesis,g70,genesis_g70,g70,MS,MS,28014.0,1640.0,3745
2025-04-01,Mid Luxury Car,genesis,g80,genesis_g80,g80,MS,MS,4908.0,354.0,1254
2025-04-01,Mid Luxury EV Car,genesis,g80_ev,genesis_electrified_g80,g80_ev,MS,MS,2367.0,72.0,277
2025-04-01,Premium Luxury Car,genesis,g90,genesis_g90,g90,MS,MS,3977.0,165.0,1013
2025-04-01,Entry Luxury EV SUV,genesis,gv60,genesis_gv60,gv60,MS,MS,7757.0,463.0,1451
2025-04-01,Near Luxury SUV,genesis,gv70,genesis_gv70,gv70,MS,MS,87536.0,2223.0,7353
2025-04-01,Near Luxury EV SUV,genesis,gv70_ev,genesis_electrified_gv70,gv70_ev,MS,MS,10635.0,351.0,1301
2025-04-01,Mid Luxury SUV,genesis,gv80,genesis_gv80,gv80,MS,MS,65194.0,1805.0,8519
2025-04-01,Mid Luxury SUV,genesis,gv80_coupe,genesis_gv80_coupe,gv80,MS,MS,11059.0,361.0,1579
2025-04-01,Make Only,genesis,make_only,genesis_make_only,make_only,MS,MS,0.0,0.0,
2025-04-01,Brand,genesis,Total,genesis_Total,Total,NH,NH,0.0,0.0,
2025-04-01,Unassigned,genesis,Unassigned,Unassigned,Unassigned,NH,NH,0.0,0.0,
2025-04-01,Unassigned,genesis,Unassigned,unassigned,Unassigned,NH,NH,,,
2025-04-01,Near Luxury Car,genesis,g70,genesis_g70,g70,NH,NH,0.0,0.0,
2025-04-01,Mid Luxury Car,genesis,g80,genesis_g80,g80,NH,NH,0.0,0.0,
2025-04-01,Mid Luxury EV Car,genesis,g80_ev,genesis_electrified_g80,g80_ev,NH,NH,0.0,0.0,
2025-04-01,Premium Luxury Car,genesis,g90,genesis_g90,g90,NH,NH,0.0,0.0,
2025-04-01,Entry Luxury EV SUV,genesis,gv60,genesis_gv60,gv60,NH,NH,0.0,0.0,
2025-04-01,Near Luxury SUV,genesis,gv70,genesis_gv70,gv70,NH,NH,0.0,0.0,
2025-04-01,Near Luxury EV SUV,genesis,gv70_ev,genesis_electrified_gv70,gv70_ev,NH,NH,0.0,0.0,
2025-04-01,Mid Luxury SUV,genesis,gv80,genesis_gv80,gv80,NH,NH,0.0,0.0,
2025-04-01,Mid Luxury SUV,genesis,gv80_coupe,genesis_gv80_coupe,gv80,NH,NH,0.0,0.0,
2025-04-01,Make Only,genesis,make_only,genesis_make_only,make_only,NH,NH,0.0,0.0,
2025-04-01,Brand,genesis,Total,genesis_Total,Total,SC,SC,395443.0,21977.0,60937
2025-04-01,Unassigned,genesis,Unassigned,Unassigned,Unassigned,SC,SC,0.0,0.0,
2025-04-01,Unassigned,genesis,Unassigned,unassigned,Unassigned,SC,SC,,,
2025-04-01,Near Luxury Car,genesis,g70,genesis_g70,g70,SC,SC,46684.0,3267.0,6731
2025-04-01,Mid Luxury Car,genesis,g80,genesis_g80,g80,SC,SC,9904.0,837.0,2604
2025-04-01,Mid Luxury EV Car,genesis,g80_ev,genesis_electrified_g80,g80_ev,SC,SC,3013.0,143.0,316
2025-04-01,Premium Luxury Car,genesis,g90,genesis_g90,g90,SC,SC,7862.0,433.0,1848
2025-04-01,Entry Luxury EV SUV,genesis,gv60,genesis_gv60,gv60,SC,SC,9647.0,842.0,1584
2025-04-01,Near Luxury SUV,genesis,gv70,genesis_gv70,gv70,SC,SC,139535.0,4831.0,14685
2025-04-01,Near Luxury EV SUV,genesis,gv70_ev,genesis_electrified_gv70,gv70_ev,SC,SC,13038.0,373.0,1414
2025-04-01,Mid Luxury SUV,genesis,gv80,genesis_gv80,gv80,SC,SC,124603.0,3832.0,16638
2025-04-01,Mid Luxury SUV,genesis,gv80_coupe,genesis_gv80_coupe,gv80,SC,SC,22939.0,872.0,3329
2025-04-01,Make Only,genesis,make_only,genesis_make_only,make_only,SC,SC,0.0,0.0,
2025-04-01,Brand,genesis,Total,genesis_Total,Total,SO,SO,500330.0,30708.0,80498
2025-04-01,Unassigned,genesis,Unassigned,Unassigned,Unassigned,SO,SO,0.0,0.0,
2025-04-01,Unassigned,genesis,Unassigned,unassigned,Unassigned,SO,SO,,,
2025-04-01,Near Luxury Car,genesis,g70,genesis_g70,g70,SO,SO,60483.0,4794.0,8574
2025-04-01,Mid Luxury Car,genesis,g80,genesis_g80,g80,SO,SO,12334.0,1144.0,3254
2025-04-01,Mid Luxury EV Car,genesis,g80_ev,genesis_electrified_g80,g80_ev,SO,SO,4014.0,385.0,472
2025-04-01,Premium Luxury Car,genesis,g90,genesis_g90,g90,SO,SO,9739.0,681.0,2306
2025-04-01,Entry Luxury EV SUV,genesis,gv60,genesis_gv60,gv60,SO,SO,12774.0,898.0,2227
2025-04-01,Near Luxury SUV,genesis,gv70,genesis_gv70,gv70,SO,SO,167311.0,6831.0,20204
2025-04-01,Near Luxury EV SUV,genesis,gv70_ev,genesis_electrified_gv70,gv70_ev,SO,SO,18599.0,635.0,1928
2025-04-01,Mid Luxury SUV,genesis,gv80,genesis_gv80,gv80,SO,SO,156242.0,5025.0,21599
2025-04-01,Mid Luxury SUV,genesis,gv80_coupe,genesis_gv80_coupe,gv80,SO,SO,30005.0,1155.0,4409
2025-04-01,Make Only,genesis,make_only,genesis_make_only,make_only,SO,SO,0.0,0.0,
2025-04-01,Brand,genesis,Total,genesis_Total,Total,National,US,2966512.0,167201.0,485179
2025-04-01,Unassigned,genesis,Unassigned,Unassigned,Unassigned,National,US,0.0,0.0,
2025-04-01,Unassigned,genesis,Unassigned,unassigned,Unassigned,National,US,,,
2025-04-01,Near Luxury Car,genesis,g70,genesis_g70,g70,National,US,358872.0,25296.0,54507
2025-04-01,Mid Luxury Car,genesis,g80,genesis_g80,g80,National,US,84956.0,6624.0,21855
2025-04-01,Mid Luxury EV Car,genesis,g80_ev,genesis_electrified_g80,g80_ev,National,US,30018.0,1584.0,3480
2025-04-01,Premium Luxury Car,genesis,g90,genesis_g90,g90,National,US,69848.0,3524.0,15851
2025-04-01,Entry Luxury EV SUV,genesis,gv60,genesis_gv60,gv60,National,US,90391.0,5950.0,17114
2025-04-01,Near Luxury SUV,genesis,gv70,genesis_gv70,gv70,National,US,1016112.0,38752.0,122182
2025-04-01,Near Luxury EV SUV,genesis,gv70_ev,genesis_electrified_gv70,gv70_ev,National,US,120140.0,4234.0,14293
2025-04-01,Mid Luxury SUV,genesis,gv80,genesis_gv80,gv80,National,US,902340.0,27383.0,121888
2025-04-01,Mid Luxury SUV,genesis,gv80_coupe,genesis_gv80_coupe,gv80,National,US,165120.0,6150.0,25221
2025-04-01,Make Only,genesis,make_only,genesis_make_only,make_only,National,US,0.0,0.0,
2025-04-01,Brand,genesis,Total,genesis_Total,Total,WE,WE,434127.0,22167.0,70511
2025-04-01,Unassigned,genesis,Unassigned,unassigned,Unassigned,WE,WE,,,
2025-04-01,Unassigned,genesis,Unassigned,Unassigned,Unassigned,WE,WE,0.0,0.0,
2025-04-01,Near Luxury Car,genesis,g70,genesis_g70,g70,WE,WE,52790.0,3377.0,8008
2025-04-01,Mid Luxury Car,genesis,g80,genesis_g80,g80,WE,WE,11462.0,883.0,3068
2025-04-01,Mid Luxury EV Car,genesis,g80_ev,genesis_electrified_g80,g80_ev,WE,WE,6454.0,338.0,800
2025-04-01,Premium Luxury Car,genesis,g90,genesis_g90,g90,WE,WE,9252.0,526.0,2236
2025-04-01,Entry Luxury EV SUV,genesis,gv60,genesis_gv60,gv60,WE,WE,18207.0,1254.0,4109
2025-04-01,Near Luxury SUV,genesis,gv70,genesis_gv70,gv70,WE,WE,153067.0,5012.0,17057
2025-04-01,Near Luxury EV SUV,genesis,gv70_ev,genesis_electrified_gv70,gv70_ev,WE,WE,24216.0,943.0,3371
2025-04-01,Mid Luxury SUV,genesis,gv80,genesis_gv80,gv80,WE,WE,129410.0,3476.0,16168
2025-04-01,Mid Luxury SUV,genesis,gv80_coupe,genesis_gv80_coupe,gv80,WE,WE,22317.0,817.0,3477
2025-04-01,Make Only,genesis,make_only,genesis_make_only,make_only,WE,WE,0.0,0.0,
2025-05-01,Brand,genesis,Total,genesis_Total,Total,CE,CE,505382.0,25300.0,69577
2025-05-01,Unassigned,genesis,Unassigned,unassigned,Unassigned,CE,CE,,,
2025-05-01,Unassigned,genesis,Unassigned,Unassigned,Unassigned,CE,CE,0.0,0.0,
2025-05-01,Near Luxury Car,genesis,g70,genesis_g70,g70,CE,CE,67186.0,3996.0,7758
2025-05-01,Mid Luxury Car,genesis,g80,genesis_g80,g80,CE,CE,8802.0,871.0,2634
2025-05-01,Mid Luxury EV Car,genesis,g80_ev,genesis_electrified_g80,g80_ev,CE,CE,3079.0,171.0,386
2025-05-01,Premium Luxury Car,genesis,g90,genesis_g90,g90,CE,CE,8143.0,623.0,1899
2025-05-01,Entry Luxury EV SUV,genesis,gv60,genesis_gv60,gv60,CE,CE,8860.0,653.0,1759
2025-05-01,Near Luxury SUV,genesis,gv70,genesis_gv70,gv70,CE,CE,186666.0,6051.0,21539
2025-05-01,Near Luxury EV SUV,genesis,gv70_ev,genesis_electrified_gv70,gv70_ev,CE,CE,30882.0,820.0,2187
2025-05-01,Mid Luxury SUV,genesis,gv80,genesis_gv80,gv80,CE,CE,136285.0,3658.0,16797
2025-05-01,Mid Luxury SUV,genesis,gv80_coupe,genesis_gv80_coupe,gv80,CE,CE,29525.0,759.0,3561
2025-05-01,Make Only,genesis,make_only,genesis_make_only,make_only,CE,CE,0.0,0.0,
2025-05-01,Brand,genesis,Total,genesis_Total,Total,EA,EA,643634.0,33087.0,107310
2025-05-01,Unassigned,genesis,Unassigned,unassigned,Unassigned,EA,EA,,,
2025-05-01,Unassigned,genesis,Unassigned,Unassigned,Unassigned,EA,EA,0.0,0.0,
2025-05-01,Near Luxury Car,genesis,g70,genesis_g70,g70,EA,EA,91333.0,5509.0,12409
2025-05-01,Mid Luxury Car,genesis,g80,genesis_g80,g80,EA,EA,13315.0,1128.0,4484
2025-05-01,Mid Luxury EV Car,genesis,g80_ev,genesis_electrified_g80,g80_ev,EA,EA,4463.0,231.0,517
2025-05-01,Premium Luxury Car,genesis,g90,genesis_g90,g90,EA,EA,10298.0,575.0,2572
2025-05-01,Entry Luxury EV SUV,genesis,gv60,genesis_gv60,gv60,EA,EA,13691.0,817.0,3051
2025-05-01,Near Luxury SUV,genesis,gv70,genesis_gv70,gv70,EA,EA,243804.0,8417.0,35176
2025-05-01,Near Luxury EV SUV,genesis,gv70_ev,genesis_electrified_gv70,gv70_ev,EA,EA,37923.0,970.0,3340
2025-05-01,Mid Luxury SUV,genesis,gv80,genesis_gv80,gv80,EA,EA,174114.0,5203.0,24402
2025-05-01,Mid Luxury SUV,genesis,gv80_coupe,genesis_gv80_coupe,gv80,EA,EA,35459.0,1068.0,4790
2025-05-01,Make Only,genesis,make_only,genesis_make_only,make_only,EA,EA,0.0,0.0,
2025-05-01,Brand,genesis,Total,genesis_Total,Total,MA,MA,412692.0,21040.0,56383
2025-05-01,Unassigned,genesis,Unassigned,unassigned,Unassigned,MA,MA,,,
2025-05-01,Unassigned,genesis,Unassigned,Unassigned,Unassigned,MA,MA,0.0,0.0,
2025-05-01,Near Luxury Car,genesis,g70,genesis_g70,g70,MA,MA,55017.0,3449.0,6258
2025-05-01,Mid Luxury Car,genesis,g80,genesis_g80,g80,MA,MA,7239.0,819.0,2128
2025-05-01,Mid Luxury EV Car,genesis,g80_ev,genesis_electrified_g80,g80_ev,MA,MA,2695.0,158.0,325
2025-05-01,Premium Luxury Car,genesis,g90,genesis_g90,g90,MA,MA,6865.0,441.0,1538
2025-05-01,Entry Luxury EV SUV,genesis,gv60,genesis_gv60,gv60,MA,MA,7701.0,531.0,1677
2025-05-01,Near Luxury SUV,genesis,gv70,genesis_gv70,gv70,MA,MA,150601.0,4698.0,17357
2025-05-01,Near Luxury EV SUV,genesis,gv70_ev,genesis_electrified_gv70,gv70_ev,MA,MA,25660.0,646.0,1823
2025-05-01,Mid Luxury SUV,genesis,gv80,genesis_gv80,gv80,MA,MA,110560.0,3024.0,13628
2025-05-01,Mid Luxury SUV,genesis,gv80_coupe,genesis_gv80_coupe,gv80,MA,MA,23468.0,593.0,2734
2025-05-01,Make Only,genesis,make_only,genesis_make_only,make_only,MA,MA,0.0,0.0,
2025-05-01,Brand,genesis,Total,genesis_Total,Total,MS,MS,270878.0,9717.0,31853
2025-05-01,Unassigned,genesis,Unassigned,unassigned,Unassigned,MS,MS,,,
2025-05-01,Unassigned,genesis,Unassigned,Unassigned,Unassigned,MS,MS,0.0,0.0,
2025-05-01,Near Luxury Car,genesis,g70,genesis_g70,g70,MS,MS,35778.0,1605.0,3721
2025-05-01,Mid Luxury Car,genesis,g80,genesis_g80,g80,MS,MS,3837.0,333.0,1113
2025-05-01,Mid Luxury EV Car,genesis,g80_ev,genesis_electrified_g80,g80_ev,MS,MS,2016.0,32.0,245
2025-05-01,Premium Luxury Car,genesis,g90,genesis_g90,g90,MS,MS,3932.0,180.0,805
2025-05-01,Entry Luxury EV SUV,genesis,gv60,genesis_gv60,gv60,MS,MS,5628.0,345.0,1149
2025-05-01,Near Luxury SUV,genesis,gv70,genesis_gv70,gv70,MS,MS,106157.0,2160.0,9773
2025-05-01,Near Luxury EV SUV,genesis,gv70_ev,genesis_electrified_gv70,gv70_ev,MS,MS,19495.0,436.0,1457
2025-05-01,Mid Luxury SUV,genesis,gv80,genesis_gv80,gv80,MS,MS,70297.0,1414.0,7810
2025-05-01,Mid Luxury SUV,genesis,gv80_coupe,genesis_gv80_coupe,gv80,MS,MS,14199.0,362.0,1615
2025-05-01,Make Only,genesis,make_only,genesis_make_only,make_only,MS,MS,0.0,0.0,
2025-05-01,Brand,genesis,Total,genesis_Total,Total,NH,NH,0.0,0.0,
2025-05-01,Unassigned,genesis,Unassigned,Unassigned,Unassigned,NH,NH,0.0,0.0,
2025-05-01,Unassigned,genesis,Unassigned,unassigned,Unassigned,NH,NH,,,
2025-05-01,Near Luxury Car,genesis,g70,genesis_g70,g70,NH,NH,0.0,0.0,
2025-05-01,Mid Luxury Car,genesis,g80,genesis_g80,g80,NH,NH,0.0,0.0,
2025-05-01,Mid Luxury EV Car,genesis,g80_ev,genesis_electrified_g80,g80_ev,NH,NH,0.0,0.0,
2025-05-01,Premium Luxury Car,genesis,g90,genesis_g90,g90,NH,NH,0.0,0.0,
2025-05-01,Entry Luxury EV SUV,genesis,gv60,genesis_gv60,gv60,NH,NH,0.0,0.0,
2025-05-01,Near Luxury SUV,genesis,gv70,genesis_gv70,gv70,NH,NH,0.0,0.0,
2025-05-01,Near Luxury EV SUV,genesis,gv70_ev,genesis_electrified_gv70,gv70_ev,NH,NH,0.0,0.0,
2025-05-01,Mid Luxury SUV,genesis,gv80,genesis_gv80,gv80,NH,NH,0.0,0.0,
2025-05-01,Mid Luxury SUV,genesis,gv80_coupe,genesis_gv80_coupe,gv80,NH,NH,0.0,0.0,
2025-05-01,Make Only,genesis,make_only,genesis_make_only,make_only,NH,NH,0.0,0.0,
2025-05-01,Brand,genesis,Total,genesis_Total,Total,SC,SC,472981.0,22307.0,64303
2025-05-01,Unassigned,genesis,Unassigned,Unassigned,Unassigned,SC,SC,0.0,0.0,
2025-05-01,Unassigned,genesis,Unassigned,unassigned,Unassigned,SC,SC,,,
2025-05-01,Near Luxury Car,genesis,g70,genesis_g70,g70,SC,SC,63261.0,3735.0,7085
2025-05-01,Mid Luxury Car,genesis,g80,genesis_g80,g80,SC,SC,8360.0,993.0,2463
2025-05-01,Mid Luxury EV Car,genesis,g80_ev,genesis_electrified_g80,g80_ev,SC,SC,2779.0,136.0,321
2025-05-01,Premium Luxury Car,genesis,g90,genesis_g90,g90,SC,SC,7708.0,440.0,1669
2025-05-01,Entry Luxury EV SUV,genesis,gv60,genesis_gv60,gv60,SC,SC,7856.0,524.0,1368
2025-05-01,Near Luxury SUV,genesis,gv70,genesis_gv70,gv70,SC,SC,175765.0,4809.0,18927
2025-05-01,Near Luxury EV SUV,genesis,gv70_ev,genesis_electrified_gv70,gv70_ev,SC,SC,27296.0,607.0,1851
2025-05-01,Mid Luxury SUV,genesis,gv80,genesis_gv80,gv80,SC,SC,132890.0,3738.0,16576
2025-05-01,Mid Luxury SUV,genesis,gv80_coupe,genesis_gv80_coupe,gv80,SC,SC,28316.0,838.0,3443
2025-05-01,Make Only,genesis,make_only,genesis_make_only,make_only,SC,SC,0.0,0.0,
2025-05-01,Brand,genesis,Total,genesis_Total,Total,SO,SO,577515.0,29423.0,82017
2025-05-01,Unassigned,genesis,Unassigned,Unassigned,Unassigned,SO,SO,0.0,0.0,
2025-05-01,Unassigned,genesis,Unassigned,unassigned,Unassigned,SO,SO,,,
2025-05-01,Near Luxury Car,genesis,g70,genesis_g70,g70,SO,SO,78103.0,5508.0,8967
2025-05-01,Mid Luxury Car,genesis,g80,genesis_g80,g80,SO,SO,9610.0,917.0,2877
2025-05-01,Mid Luxury EV Car,genesis,g80_ev,genesis_electrified_g80,g80_ev,SO,SO,3283.0,234.0,377
2025-05-01,Premium Luxury Car,genesis,g90,genesis_g90,g90,SO,SO,9311.0,641.0,2113
2025-05-01,Entry Luxury EV SUV,genesis,gv60,genesis_gv60,gv60,SO,SO,9460.0,567.0,1918
2025-05-01,Near Luxury SUV,genesis,gv70,genesis_gv70,gv70,SO,SO,210452.0,6848.0,25528
2025-05-01,Near Luxury EV SUV,genesis,gv70_ev,genesis_electrified_gv70,gv70_ev,SO,SO,33958.0,870.0,2487
2025-05-01,Mid Luxury SUV,genesis,gv80,genesis_gv80,gv80,SO,SO,156941.0,4431.0,20105
2025-05-01,Mid Luxury SUV,genesis,gv80_coupe,genesis_gv80_coupe,gv80,SO,SO,34087.0,972.0,4341
2025-05-01,Make Only,genesis,make_only,genesis_make_only,make_only,SO,SO,0.0,0.0,
2025-05-01,Brand,genesis,Total,genesis_Total,Total,National,US,3477764.0,163153.0,495272
2025-05-01,Unassigned,genesis,Unassigned,unassigned,Unassigned,National,US,,,
2025-05-01,Unassigned,genesis,Unassigned,Unassigned,Unassigned,National,US,0.0,0.0,
2025-05-01,Near Luxury Car,genesis,g70,genesis_g70,g70,National,US,471484.0,27576.0,56186
2025-05-01,Mid Luxury Car,genesis,g80,genesis_g80,g80,National,US,68818.0,5913.0,19685
2025-05-01,Mid Luxury EV Car,genesis,g80_ev,genesis_electrified_g80,g80_ev,National,US,25868.0,1232.0,3045
2025-05-01,Premium Luxury Car,genesis,g90,genesis_g90,g90,National,US,63547.0,3452.0,13695
2025-05-01,Entry Luxury EV SUV,genesis,gv60,genesis_gv60,gv60,National,US,72086.0,4583.0,15078
2025-05-01,Near Luxury SUV,genesis,gv70,genesis_gv70,gv70,National,US,1285091.0,38070.0,151205
2025-05-01,Near Luxury EV SUV,genesis,gv70_ev,genesis_electrified_gv70,gv70_ev,National,US,217046.0,5609.0,17765
2025-05-01,Mid Luxury SUV,genesis,gv80,genesis_gv80,gv80,National,US,924311.0,24525.0,116673
2025-05-01,Mid Luxury SUV,genesis,gv80_coupe,genesis_gv80_coupe,gv80,National,US,197546.0,5296.0,24579
2025-05-01,Make Only,genesis,make_only,genesis_make_only,make_only,National,US,0.0,0.0,
2025-05-01,Brand,genesis,Total,genesis_Total,Total,WE,WE,488595.0,21356.0,70313
2025-05-01,Unassigned,genesis,Unassigned,unassigned,Unassigned,WE,WE,,,
2025-05-01,Unassigned,genesis,Unassigned,Unassigned,Unassigned,WE,WE,0.0,0.0,
2025-05-01,Near Luxury Car,genesis,g70,genesis_g70,g70,WE,WE,68133.0,3546.0,8272
2025-05-01,Mid Luxury Car,genesis,g80,genesis_g80,g80,WE,WE,9140.0,776.0,2702
2025-05-01,Mid Luxury EV Car,genesis,g80_ev,genesis_electrified_g80,g80_ev,WE,WE,5517.0,258.0,685
2025-05-01,Premium Luxury Car,genesis,g90,genesis_g90,g90,WE,WE,8076.0,505.0,1864
2025-05-01,Entry Luxury EV SUV,genesis,gv60,genesis_gv60,gv60,WE,WE,14634.0,1112.0,3694
2025-05-01,Near Luxury SUV,genesis,gv70,genesis_gv70,gv70,WE,WE,186480.0,4812.0,20105
2025-05-01,Near Luxury EV SUV,genesis,gv70_ev,genesis_electrified_gv70,gv70_ev,WE,WE,36155.0,1191.0,4181
2025-05-01,Mid Luxury SUV,genesis,gv80,genesis_gv80,gv80,WE,WE,120903.0,2925.0,14821
2025-05-01,Mid Luxury SUV,genesis,gv80_coupe,genesis_gv80_coupe,gv80,WE,WE,25677.0,656.0,3275
2025-05-01,Make Only,genesis,make_only,genesis_make_only,make_only,WE,WE,0.0,0.0,
2025-06-01,Brand,genesis,Total,genesis_Total,Total,CE,CE,461299.0,28104.0,71587
2025-06-01,Unassigned,genesis,Unassigned,Unassigned,Unassigned,CE,CE,0.0,0.0,
2025-06-01,Unassigned,genesis,Unassigned,unassigned,Unassigned,CE,CE,,,
2025-06-01,Near Luxury Car,genesis,g70,genesis_g70,g70,CE,CE,51502.0,5039.0,7791
2025-06-01,Mid Luxury Car,genesis,g80,genesis_g80,g80,CE,CE,8447.0,997.0,2936
2025-06-01,Mid Luxury EV Car,genesis,g80_ev,genesis_electrified_g80,g80_ev,CE,CE,2853.0,177.0,339
2025-06-01,Premium Luxury Car,genesis,g90,genesis_g90,g90,CE,CE,6730.0,540.0,1824
2025-06-01,Entry Luxury EV SUV,genesis,gv60,genesis_gv60,gv60,CE,CE,9035.0,582.0,1706
2025-06-01,Near Luxury SUV,genesis,gv70,genesis_gv70,gv70,CE,CE,174392.0,6169.0,19754
2025-06-01,Near Luxury EV SUV,genesis,gv70_ev,genesis_electrified_gv70,gv70_ev,CE,CE,12542.0,596.0,2250
2025-06-01,Mid Luxury SUV,genesis,gv80,genesis_gv80,gv80,CE,CE,116469.0,4364.0,18163
2025-06-01,Mid Luxury SUV,genesis,gv80_coupe,genesis_gv80_coupe,gv80,CE,CE,20973.0,845.0,3676
2025-06-01,Make Only,genesis,make_only,genesis_make_only,make_only,CE,CE,0.0,0.0,
2025-06-01,Brand,genesis,Total,genesis_Total,Total,EA,EA,566263.0,33258.0,102940
2025-06-01,Unassigned,genesis,Unassigned,unassigned,Unassigned,EA,EA,,,
2025-06-01,Unassigned,genesis,Unassigned,Unassigned,Unassigned,EA,EA,0.0,0.0,
2025-06-01,Near Luxury Car,genesis,g70,genesis_g70,g70,EA,EA,69894.0,6177.0,11952
2025-06-01,Mid Luxury Car,genesis,g80,genesis_g80,g80,EA,EA,11933.0,1091.0,4348
2025-06-01,Mid Luxury EV Car,genesis,g80_ev,genesis_electrified_g80,g80_ev,EA,EA,4258.0,171.0,557
2025-06-01,Premium Luxury Car,genesis,g90,genesis_g90,g90,EA,EA,8303.0,496.0,2453
2025-06-01,Entry Luxury EV SUV,genesis,gv60,genesis_gv60,gv60,EA,EA,12981.0,866.0,3066
2025-06-01,Near Luxury SUV,genesis,gv70,genesis_gv70,gv70,EA,EA,218940.0,7816.0,30343
2025-06-01,Near Luxury EV SUV,genesis,gv70_ev,genesis_electrified_gv70,gv70_ev,EA,EA,19182.0,898.0,3684
2025-06-01,Mid Luxury SUV,genesis,gv80,genesis_gv80,gv80,EA,EA,146181.0,5082.0,23986
2025-06-01,Mid Luxury SUV,genesis,gv80_coupe,genesis_gv80_coupe,gv80,EA,EA,26103.0,984.0,4586
2025-06-01,Make Only,genesis,make_only,genesis_make_only,make_only,EA,EA,0.0,0.0,
2025-06-01,Brand,genesis,Total,genesis_Total,Total,MA,MA,353578.0,21324.0,52360
2025-06-01,Unassigned,genesis,Unassigned,Unassigned,Unassigned,MA,MA,0.0,0.0,
2025-06-01,Unassigned,genesis,Unassigned,unassigned,Unassigned,MA,MA,,,
2025-06-01,Near Luxury Car,genesis,g70,genesis_g70,g70,MA,MA,40813.0,3974.0,5733
2025-06-01,Mid Luxury Car,genesis,g80,genesis_g80,g80,MA,MA,6114.0,699.0,1955
2025-06-01,Mid Luxury EV Car,genesis,g80_ev,genesis_electrified_g80,g80_ev,MA,MA,2246.0,108.0,282
2025-06-01,Premium Luxury Car,genesis,g90,genesis_g90,g90,MA,MA,5192.0,338.0,1326
2025-06-01,Entry Luxury EV SUV,genesis,gv60,genesis_gv60,gv60,MA,MA,7339.0,622.0,1528
2025-06-01,Near Luxury SUV,genesis,gv70,genesis_gv70,gv70,MA,MA,132765.0,4478.0,14108
2025-06-01,Near Luxury EV SUV,genesis,gv70_ev,genesis_electrified_gv70,gv70_ev,MA,MA,10493.0,565.0,1978
2025-06-01,Mid Luxury SUV,genesis,gv80,genesis_gv80,gv80,MA,MA,89161.0,3162.0,13461
2025-06-01,Mid Luxury SUV,genesis,gv80_coupe,genesis_gv80_coupe,gv80,MA,MA,16094.0,543.0,2435
2025-06-01,Make Only,genesis,make_only,genesis_make_only,make_only,MA,MA,0.0,0.0,
2025-06-01,Brand,genesis,Total,genesis_Total,Total,MS,MS,243792.0,11151.0,32995
2025-06-01,Unassigned,genesis,Unassigned,Unassigned,Unassigned,MS,MS,0.0,0.0,
2025-06-01,Unassigned,genesis,Unassigned,unassigned,Unassigned,MS,MS,,,
2025-06-01,Near Luxury Car,genesis,g70,genesis_g70,g70,MS,MS,29324.0,2025.0,3686
2025-06-01,Mid Luxury Car,genesis,g80,genesis_g80,g80,MS,MS,3802.0,370.0,1178
2025-06-01,Mid Luxury EV Car,genesis,g80_ev,genesis_electrified_g80,g80_ev,MS,MS,1947.0,34.0,267
2025-06-01,Premium Luxury Car,genesis,g90,genesis_g90,g90,MS,MS,3293.0,159.0,937
2025-06-01,Entry Luxury EV SUV,genesis,gv60,genesis_gv60,gv60,MS,MS,6014.0,346.0,1261
2025-06-01,Near Luxury SUV,genesis,gv70,genesis_gv70,gv70,MS,MS,95282.0,2229.0,8623
2025-06-01,Near Luxury EV SUV,genesis,gv70_ev,genesis_electrified_gv70,gv70_ev,MS,MS,8626.0,444.0,1671
2025-06-01,Mid Luxury SUV,genesis,gv80,genesis_gv80,gv80,MS,MS,59689.0,1856.0,8550
2025-06-01,Mid Luxury SUV,genesis,gv80_coupe,genesis_gv80_coupe,gv80,MS,MS,10839.0,360.0,1601
2025-06-01,Make Only,genesis,make_only,genesis_make_only,make_only,MS,MS,0.0,0.0,
2025-06-01,Brand,genesis,Total,genesis_Total,Total,NH,NH,0.0,0.0,
2025-06-01,Unassigned,genesis,Unassigned,unassigned,Unassigned,NH,NH,,,
2025-06-01,Unassigned,genesis,Unassigned,Unassigned,Unassigned,NH,NH,0.0,0.0,
2025-06-01,Near Luxury Car,genesis,g70,genesis_g70,g70,NH,NH,0.0,0.0,
2025-06-01,Mid Luxury Car,genesis,g80,genesis_g80,g80,NH,NH,0.0,0.0,
2025-06-01,Mid Luxury EV Car,genesis,g80_ev,genesis_electrified_g80,g80_ev,NH,NH,0.0,0.0,
2025-06-01,Premium Luxury Car,genesis,g90,genesis_g90,g90,NH,NH,0.0,0.0,
2025-06-01,Entry Luxury EV SUV,genesis,gv60,genesis_gv60,gv60,NH,NH,0.0,0.0,
2025-06-01,Near Luxury SUV,genesis,gv70,genesis_gv70,gv70,NH,NH,0.0,0.0,
2025-06-01,Near Luxury EV SUV,genesis,gv70_ev,genesis_electrified_gv70,gv70_ev,NH,NH,0.0,0.0,
2025-06-01,Mid Luxury SUV,genesis,gv80,genesis_gv80,gv80,NH,NH,0.0,0.0,
2025-06-01,Mid Luxury SUV,genesis,gv80_coupe,genesis_gv80_coupe,gv80,NH,NH,0.0,0.0,
2025-06-01,Make Only,genesis,make_only,genesis_make_only,make_only,NH,NH,0.0,0.0,
2025-06-01,Brand,genesis,Total,genesis_Total,Total,SC,SC,427989.0,22706.0,61999
2025-06-01,Unassigned,genesis,Unassigned,Unassigned,Unassigned,SC,SC,0.0,0.0,
2025-06-01,Unassigned,genesis,Unassigned,unassigned,Unassigned,SC,SC,,,
2025-06-01,Near Luxury Car,genesis,g70,genesis_g70,g70,SC,SC,49382.0,4349.0,6697
2025-06-01,Mid Luxury Car,genesis,g80,genesis_g80,g80,SC,SC,7417.0,888.0,2522
2025-06-01,Mid Luxury EV Car,genesis,g80_ev,genesis_electrified_g80,g80_ev,SC,SC,2448.0,96.0,329
2025-06-01,Premium Luxury Car,genesis,g90,genesis_g90,g90,SC,SC,5991.0,364.0,1587
2025-06-01,Entry Luxury EV SUV,genesis,gv60,genesis_gv60,gv60,SC,SC,7647.0,410.0,1330
2025-06-01,Near Luxury SUV,genesis,gv70,genesis_gv70,gv70,SC,SC,157758.0,4794.0,15858
2025-06-01,Near Luxury EV SUV,genesis,gv70_ev,genesis_electrified_gv70,gv70_ev,SC,SC,10899.0,394.0,1843
2025-06-01,Mid Luxury SUV,genesis,gv80,genesis_gv80,gv80,SC,SC,115162.0,3770.0,17041
2025-06-01,Mid Luxury SUV,genesis,gv80_coupe,genesis_gv80_coupe,gv80,SC,SC,22438.0,751.0,3432
2025-06-01,Make Only,genesis,make_only,genesis_make_only,make_only,SC,SC,0.0,0.0,
2025-06-01,Brand,genesis,Total,genesis_Total,Total,SO,SO,527017.0,30974.0,77216
2025-06-01,Unassigned,genesis,Unassigned,unassigned,Unassigned,SO,SO,,,
2025-06-01,Unassigned,genesis,Unassigned,Unassigned,Unassigned,SO,SO,0.0,0.0,
2025-06-01,Near Luxury Car,genesis,g70,genesis_g70,g70,SO,SO,60950.0,6531.0,8154
2025-06-01,Mid Luxury Car,genesis,g80,genesis_g80,g80,SO,SO,8461.0,1018.0,2877
2025-06-01,Mid Luxury EV Car,genesis,g80_ev,genesis_electrified_g80,g80_ev,SO,SO,2849.0,168.0,420
2025-06-01,Premium Luxury Car,genesis,g90,genesis_g90,g90,SO,SO,7016.0,483.0,2007
2025-06-01,Entry Luxury EV SUV,genesis,gv60,genesis_gv60,gv60,SO,SO,9195.0,640.0,1879
2025-06-01,Near Luxury SUV,genesis,gv70,genesis_gv70,gv70,SO,SO,197804.0,6318.0,20821
2025-06-01,Near Luxury EV SUV,genesis,gv70_ev,genesis_electrified_gv70,gv70_ev,SO,SO,13812.0,710.0,2254
2025-06-01,Mid Luxury SUV,genesis,gv80,genesis_gv80,gv80,SO,SO,136688.0,4583.0,20296
2025-06-01,Mid Luxury SUV,genesis,gv80_coupe,genesis_gv80_coupe,gv80,SO,SO,26723.0,925.0,4258
2025-06-01,Make Only,genesis,make_only,genesis_make_only,make_only,SO,SO,0.0,0.0,
2025-06-01,Brand,genesis,Total,genesis_Total,Total,National,US,3108772.0,169523.0,480737
2025-06-01,Unassigned,genesis,Unassigned,Unassigned,Unassigned,National,US,0.0,0.0,
2025-06-01,Unassigned,genesis,Unassigned,unassigned,Unassigned,National,US,,,
2025-06-01,Near Luxury Car,genesis,g70,genesis_g70,g70,National,US,367031.0,32266.0,53757
2025-06-01,Mid Luxury Car,genesis,g80,genesis_g80,g80,National,US,62251.0,5866.0,19925
2025-06-01,Mid Luxury EV Car,genesis,g80_ev,genesis_electrified_g80,g80_ev,National,US,23865.0,992.0,3060
2025-06-01,Premium Luxury Car,genesis,g90,genesis_g90,g90,National,US,51766.0,2842.0,13405
2025-06-01,Entry Luxury EV SUV,genesis,gv60,genesis_gv60,gv60,National,US,71011.0,4603.0,14856
2025-06-01,Near Luxury SUV,genesis,gv70,genesis_gv70,gv70,National,US,1166558.0,36461.0,128676
2025-06-01,Near Luxury EV SUV,genesis,gv70_ev,genesis_electrified_gv70,gv70_ev,National,US,100745.0,4819.0,18866
2025-06-01,Mid Luxury SUV,genesis,gv80,genesis_gv80,gv80,National,US,787180.0,25940.0,119273
2025-06-01,Mid Luxury SUV,genesis,gv80_coupe,genesis_gv80_coupe,gv80,National,US,148670.0,5053.0,23969
2025-06-01,Make Only,genesis,make_only,genesis_make_only,make_only,National,US,0.0,0.0,
2025-06-01,Brand,genesis,Total,genesis_Total,Total,WE,WE,434703.0,21128.0,67501
2025-06-01,Unassigned,genesis,Unassigned,Unassigned,Unassigned,WE,WE,0.0,0.0,
2025-06-01,Unassigned,genesis,Unassigned,unassigned,Unassigned,WE,WE,,,
2025-06-01,Near Luxury Car,genesis,g70,genesis_g70,g70,WE,WE,52946.0,3926.0,7858
2025-06-01,Mid Luxury Car,genesis,g80,genesis_g80,g80,WE,WE,8603.0,734.0,2827
2025-06-01,Mid Luxury EV Car,genesis,g80_ev,genesis_electrified_g80,g80_ev,WE,WE,5046.0,229.0,659
2025-06-01,Premium Luxury Car,genesis,g90,genesis_g90,g90,WE,WE,6796.0,414.0,1997
2025-06-01,Entry Luxury EV SUV,genesis,gv60,genesis_gv60,gv60,WE,WE,13829.0,1094.0,3524
2025-06-01,Near Luxury SUV,genesis,gv70,genesis_gv70,gv70,WE,WE,169764.0,4407.0,16486
2025-06-01,Near Luxury EV SUV,genesis,gv70_ev,genesis_electrified_gv70,gv70_ev,WE,WE,19975.0,1152.0,4461
2025-06-01,Mid Luxury SUV,genesis,gv80,genesis_gv80,gv80,WE,WE,105147.0,2967.0,15118
2025-06-01,Mid Luxury SUV,genesis,gv80_coupe,genesis_gv80_coupe,gv80,WE,WE,19656.0,595.0,3045
2025-06-01,Make Only,genesis,make_only,genesis_make_only,make_only,WE,WE,0.0,0.0,
2025-07-01,Brand,genesis,Total,genesis_Total,Total,CE,CE,554237.0,27837.0,86877
2025-07-01,Unassigned,genesis,Unassigned,unassigned,Unassigned,CE,CE,,,
2025-07-01,Unassigned,genesis,Unassigned,Unassigned,Unassigned,CE,CE,0.0,0.0,
2025-07-01,Near Luxury Car,genesis,g70,genesis_g70,g70,CE,CE,56571.0,3538.0,9293
2025-07-01,Mid Luxury Car,genesis,g80,genesis_g80,g80,CE,CE,10300.0,1884.0,3295
2025-07-01,Mid Luxury EV Car,genesis,g80_ev,genesis_electrified_g80,g80_ev,CE,CE,36.0,11.0,9
2025-07-01,Premium Luxury Car,genesis,g90,genesis_g90,g90,CE,CE,7073.0,491.0,2118
2025-07-01,Entry Luxury EV SUV,genesis,gv60,genesis_gv60,gv60,CE,CE,10986.0,782.0,2335
2025-07-01,Near Luxury SUV,genesis,gv70,genesis_gv70,gv70,CE,CE,209725.0,5554.0,23837
2025-07-01,Near Luxury EV SUV,genesis,gv70_ev,genesis_electrified_gv70,gv70_ev,CE,CE,21809.0,1243.0,3252
2025-07-01,Mid Luxury SUV,genesis,gv80,genesis_gv80,gv80,CE,CE,135688.0,4527.0,20409
2025-07-01,Mid Luxury SUV,genesis,gv80_coupe,genesis_gv80_coupe,gv80,CE,CE,22521.0,637.0,3757
2025-07-01,Make Only,genesis,make_only,genesis_make_only,make_only,CE,CE,0.0,0.0,
2025-07-01,Brand,genesis,Total,genesis_Total,Total,EA,EA,686908.0,32401.0,123430
2025-07-01,Unassigned,genesis,Unassigned,Unassigned,Unassigned,EA,EA,0.0,0.0,
2025-07-01,Unassigned,genesis,Unassigned,unassigned,Unassigned,EA,EA,,,
2025-07-01,Near Luxury Car,genesis,g70,genesis_g70,g70,EA,EA,77515.0,4125.0,13900
2025-07-01,Mid Luxury Car,genesis,g80,genesis_g80,g80,EA,EA,14207.0,1923.0,4934
2025-07-01,Mid Luxury EV Car,genesis,g80_ev,genesis_electrified_g80,g80_ev,EA,EA,55.0,1.0,4
2025-07-01,Premium Luxury Car,genesis,g90,genesis_g90,g90,EA,EA,9270.0,427.0,2827
2025-07-01,Entry Luxury EV SUV,genesis,gv60,genesis_gv60,gv60,EA,EA,15791.0,1264.0,3767
2025-07-01,Near Luxury SUV,genesis,gv70,genesis_gv70,gv70,EA,EA,276611.0,7444.0,37923
2025-07-01,Near Luxury EV SUV,genesis,gv70_ev,genesis_electrified_gv70,gv70_ev,EA,EA,29924.0,1533.0,5114
2025-07-01,Mid Luxury SUV,genesis,gv80,genesis_gv80,gv80,EA,EA,168642.0,5009.0,26819
2025-07-01,Mid Luxury SUV,genesis,gv80_coupe,genesis_gv80_coupe,gv80,EA,EA,29510.0,874.0,5095
2025-07-01,Make Only,genesis,make_only,genesis_make_only,make_only,EA,EA,0.0,0.0,
2025-07-01,Brand,genesis,Total,genesis_Total,Total,MA,MA,415977.0,19489.0,62511
2025-07-01,Unassigned,genesis,Unassigned,unassigned,Unassigned,MA,MA,,,
2025-07-01,Unassigned,genesis,Unassigned,Unassigned,Unassigned,MA,MA,0.0,0.0,
2025-07-01,Near Luxury Car,genesis,g70,genesis_g70,g70,MA,MA,44568.0,2650.0,6811
2025-07-01,Mid Luxury Car,genesis,g80,genesis_g80,g80,MA,MA,7572.0,1408.0,2327
2025-07-01,Mid Luxury EV Car,genesis,g80_ev,genesis_electrified_g80,g80_ev,MA,MA,30.0,1.0,4
2025-07-01,Premium Luxury Car,genesis,g90,genesis_g90,g90,MA,MA,4926.0,276.0,1482
2025-07-01,Entry Luxury EV SUV,genesis,gv60,genesis_gv60,gv60,MA,MA,8604.0,717.0,1972
2025-07-01,Near Luxury SUV,genesis,gv70,genesis_gv70,gv70,MA,MA,154926.0,3935.0,17238
2025-07-01,Near Luxury EV SUV,genesis,gv70_ev,genesis_electrified_gv70,gv70_ev,MA,MA,17037.0,881.0,2476
2025-07-01,Mid Luxury SUV,genesis,gv80,genesis_gv80,gv80,MA,MA,99752.0,2953.0,14203
2025-07-01,Mid Luxury SUV,genesis,gv80_coupe,genesis_gv80_coupe,gv80,MA,MA,17344.0,443.0,2601
2025-07-01,Make Only,genesis,make_only,genesis_make_only,make_only,MA,MA,0.0,0.0,
2025-07-01,Brand,genesis,Total,genesis_Total,Total,MS,MS,305839.0,11387.0,39258
2025-07-01,Unassigned,genesis,Unassigned,Unassigned,Unassigned,MS,MS,0.0,0.0,
2025-07-01,Unassigned,genesis,Unassigned,unassigned,Unassigned,MS,MS,,,
2025-07-01,Near Luxury Car,genesis,g70,genesis_g70,g70,MS,MS,33037.0,1449.0,4275
2025-07-01,Mid Luxury Car,genesis,g80,genesis_g80,g80,MS,MS,4571.0,785.0,1394
2025-07-01,Mid Luxury EV Car,genesis,g80_ev,genesis_electrified_g80,g80_ev,MS,MS,20.0,0.0,2
2025-07-01,Premium Luxury Car,genesis,g90,genesis_g90,g90,MS,MS,3333.0,152.0,994
2025-07-01,Entry Luxury EV SUV,genesis,gv60,genesis_gv60,gv60,MS,MS,7219.0,554.0,1580
2025-07-01,Near Luxury SUV,genesis,gv70,genesis_gv70,gv70,MS,MS,115561.0,1986.0,10676
2025-07-01,Near Luxury EV SUV,genesis,gv70_ev,genesis_electrified_gv70,gv70_ev,MS,MS,15338.0,701.0,2305
2025-07-01,Mid Luxury SUV,genesis,gv80,genesis_gv80,gv80,MS,MS,68603.0,1770.0,9286
2025-07-01,Mid Luxury SUV,genesis,gv80_coupe,genesis_gv80_coupe,gv80,MS,MS,12363.0,289.0,1701
2025-07-01,Make Only,genesis,make_only,genesis_make_only,make_only,MS,MS,0.0,0.0,
2025-07-01,Brand,genesis,Total,genesis_Total,Total,NH,NH,0.0,0.0,
2025-07-01,Unassigned,genesis,Unassigned,unassigned,Unassigned,NH,NH,,,
2025-07-01,Unassigned,genesis,Unassigned,Unassigned,Unassigned,NH,NH,0.0,0.0,
2025-07-01,Near Luxury Car,genesis,g70,genesis_g70,g70,NH,NH,0.0,0.0,
2025-07-01,Mid Luxury Car,genesis,g80,genesis_g80,g80,NH,NH,0.0,0.0,
2025-07-01,Mid Luxury EV Car,genesis,g80_ev,genesis_electrified_g80,g80_ev,NH,NH,0.0,0.0,
2025-07-01,Premium Luxury Car,genesis,g90,genesis_g90,g90,NH,NH,0.0,0.0,
2025-07-01,Entry Luxury EV SUV,genesis,gv60,genesis_gv60,gv60,NH,NH,0.0,0.0,
2025-07-01,Near Luxury SUV,genesis,gv70,genesis_gv70,gv70,NH,NH,0.0,0.0,
2025-07-01,Near Luxury EV SUV,genesis,gv70_ev,genesis_electrified_gv70,gv70_ev,NH,NH,0.0,0.0,
2025-07-01,Mid Luxury SUV,genesis,gv80,genesis_gv80,gv80,NH,NH,0.0,0.0,
2025-07-01,Mid Luxury SUV,genesis,gv80_coupe,genesis_gv80_coupe,gv80,NH,NH,0.0,0.0,
2025-07-01,Make Only,genesis,make_only,genesis_make_only,make_only,NH,NH,0.0,0.0,
2025-07-01,Brand,genesis,Total,genesis_Total,Total,SC,SC,499168.0,21414.0,70775
2025-07-01,Unassigned,genesis,Unassigned,Unassigned,Unassigned,SC,SC,0.0,0.0,
2025-07-01,Unassigned,genesis,Unassigned,unassigned,Unassigned,SC,SC,,,
2025-07-01,Near Luxury Car,genesis,g70,genesis_g70,g70,SC,SC,53725.0,3082.0,7384
2025-07-01,Mid Luxury Car,genesis,g80,genesis_g80,g80,SC,SC,8649.0,1775.0,2436
2025-07-01,Mid Luxury EV Car,genesis,g80_ev,genesis_electrified_g80,g80_ev,SC,SC,17.0,4.0,6
2025-07-01,Premium Luxury Car,genesis,g90,genesis_g90,g90,SC,SC,5839.0,353.0,1686
2025-07-01,Entry Luxury EV SUV,genesis,gv60,genesis_gv60,gv60,SC,SC,8633.0,505.0,1684
2025-07-01,Near Luxury SUV,genesis,gv70,genesis_gv70,gv70,SC,SC,178607.0,4148.0,18785
2025-07-01,Near Luxury EV SUV,genesis,gv70_ev,genesis_electrified_gv70,gv70_ev,SC,SC,17504.0,753.0,2306
2025-07-01,Mid Luxury SUV,genesis,gv80,genesis_gv80,gv80,SC,SC,122582.0,3459.0,17191
2025-07-01,Mid Luxury SUV,genesis,gv80_coupe,genesis_gv80_coupe,gv80,SC,SC,21841.0,612.0,3192
2025-07-01,Make Only,genesis,make_only,genesis_make_only,make_only,SC,SC,0.0,0.0,
2025-07-01,Brand,genesis,Total,genesis_Total,Total,SO,SO,626538.0,28469.0,93570
2025-07-01,Unassigned,genesis,Unassigned,Unassigned,Unassigned,SO,SO,0.0,0.0,
2025-07-01,Unassigned,genesis,Unassigned,unassigned,Unassigned,SO,SO,,,
2025-07-01,Near Luxury Car,genesis,g70,genesis_g70,g70,SO,SO,66637.0,4155.0,9873
2025-07-01,Mid Luxury Car,genesis,g80,genesis_g80,g80,SO,SO,10263.0,1987.0,3197
2025-07-01,Mid Luxury EV Car,genesis,g80_ev,genesis_electrified_g80,g80_ev,SO,SO,29.0,3.0,9
2025-07-01,Premium Luxury Car,genesis,g90,genesis_g90,g90,SO,SO,6668.0,460.0,2064
2025-07-01,Entry Luxury EV SUV,genesis,gv60,genesis_gv60,gv60,SO,SO,10630.0,821.0,2403
2025-07-01,Near Luxury SUV,genesis,gv70,genesis_gv70,gv70,SO,SO,227990.0,5620.0,25782
2025-07-01,Near Luxury EV SUV,genesis,gv70_ev,genesis_electrified_gv70,gv70_ev,SO,SO,23322.0,1262.0,3357
2025-07-01,Mid Luxury SUV,genesis,gv80,genesis_gv80,gv80,SO,SO,152792.0,4453.0,21490
2025-07-01,Mid Luxury SUV,genesis,gv80_coupe,genesis_gv80_coupe,gv80,SO,SO,27864.0,700.0,4118
2025-07-01,Make Only,genesis,make_only,genesis_make_only,make_only,SO,SO,0.0,0.0,
2025-07-01,Brand,genesis,Total,genesis_Total,Total,National,US,3739230.0,163781.0,569057
2025-07-01,Unassigned,genesis,Unassigned,Unassigned,Unassigned,National,US,0.0,0.0,
2025-07-01,Unassigned,genesis,Unassigned,unassigned,Unassigned,National,US,,,
2025-07-01,Near Luxury Car,genesis,g70,genesis_g70,g70,National,US,404101.0,22198.0,62540
2025-07-01,Mid Luxury Car,genesis,g80,genesis_g80,g80,National,US,74334.0,11254.0,22049
2025-07-01,Mid Luxury EV Car,genesis,g80_ev,genesis_electrified_g80,g80_ev,National,US,305.0,25.0,53
2025-07-01,Premium Luxury Car,genesis,g90,genesis_g90,g90,National,US,54422.0,2538.0,14610
2025-07-01,Entry Luxury EV SUV,genesis,gv60,genesis_gv60,gv60,National,US,83438.0,6174.0,18504
2025-07-01,Near Luxury SUV,genesis,gv70,genesis_gv70,gv70,National,US,1392935.0,32825.0,157038
2025-07-01,Near Luxury EV SUV,genesis,gv70_ev,genesis_electrified_gv70,gv70_ev,National,US,162452.0,8184.0,25523
2025-07-01,Mid Luxury SUV,genesis,gv80,genesis_gv80,gv80,National,US,894591.0,25519.0,128061
2025-07-01,Mid Luxury SUV,genesis,gv80_coupe,genesis_gv80_coupe,gv80,National,US,161110.0,4161.0,24734
2025-07-01,Make Only,genesis,make_only,genesis_make_only,make_only,National,US,0.0,0.0,
2025-07-01,Brand,genesis,Total,genesis_Total,Total,WE,WE,546564.0,21839.0,78058
2025-07-01,Unassigned,genesis,Unassigned,Unassigned,Unassigned,WE,WE,0.0,0.0,
2025-07-01,Unassigned,genesis,Unassigned,unassigned,Unassigned,WE,WE,,,
2025-07-01,Near Luxury Car,genesis,g70,genesis_g70,g70,WE,WE,58911.0,2978.0,9100
2025-07-01,Mid Luxury Car,genesis,g80,genesis_g80,g80,WE,WE,10120.0,1395.0,3083
2025-07-01,Mid Luxury EV Car,genesis,g80_ev,genesis_electrified_g80,g80_ev,WE,WE,69.0,5.0,15
2025-07-01,Premium Luxury Car,genesis,g90,genesis_g90,g90,WE,WE,7218.0,328.0,2058
2025-07-01,Entry Luxury EV SUV,genesis,gv60,genesis_gv60,gv60,WE,WE,16099.0,1444.0,4140
2025-07-01,Near Luxury SUV,genesis,gv70,genesis_gv70,gv70,WE,WE,208240.0,3911.0,20029
2025-07-01,Near Luxury EV SUV,genesis,gv70_ev,genesis_electrified_gv70,gv70_ev,WE,WE,31518.0,1726.0,5931
2025-07-01,Mid Luxury SUV,genesis,gv80,genesis_gv80,gv80,WE,WE,127223.0,3165.0,15759
2025-07-01,Mid Luxury SUV,genesis,gv80_coupe,genesis_gv80_coupe,gv80,WE,WE,23740.0,561.0,3314
2025-07-01,Make Only,genesis,make_only,genesis_make_only,make_only,WE,WE,0.0,0.0,
2025-08-01,Brand,genesis,Total,genesis_Total,Total,CE,CE,554185.0,27199.0,98793
2025-08-01,Unassigned,genesis,Unassigned,unassigned,Unassigned,CE,CE,,,
2025-08-01,Unassigned,genesis,Unassigned,Unassigned,Unassigned,CE,CE,0.0,0.0,
2025-08-01,Near Luxury Car,genesis,g70,genesis_g70,g70,CE,CE,47292.0,3644.0,10019
2025-08-01,Mid Luxury Car,genesis,g80,genesis_g80,g80,CE,CE,9827.0,892.0,3557
2025-08-01,Mid Luxury EV Car,genesis,g80_ev,genesis_electrified_g80,g80_ev,CE,CE,0.0,0.0,
2025-08-01,Premium Luxury Car,genesis,g90,genesis_g90,g90,CE,CE,8118.0,594.0,2628
2025-08-01,Entry Luxury EV SUV,genesis,gv60,genesis_gv60,gv60,CE,CE,12701.0,701.0,3334
2025-08-01,Near Luxury SUV,genesis,gv70,genesis_gv70,gv70,CE,CE,168178.0,7427.0,26925
2025-08-01,Near Luxury EV SUV,genesis,gv70_ev,genesis_electrified_gv70,gv70_ev,CE,CE,17582.0,1031.0,3934
2025-08-01,Mid Luxury SUV,genesis,gv80,genesis_gv80,gv80,CE,CE,113839.0,5641.0,22731
2025-08-01,Mid Luxury SUV,genesis,gv80_coupe,genesis_gv80_coupe,gv80,CE,CE,11136.0,946.0,4414
2025-08-01,Make Only,genesis,make_only,genesis_make_only,make_only,CE,CE,0.0,0.0,
2025-08-01,Brand,genesis,Total,genesis_Total,Total,EA,EA,695970.0,35433.0,138452
2025-08-01,Unassigned,genesis,Unassigned,unassigned,Unassigned,EA,EA,,,
2025-08-01,Unassigned,genesis,Unassigned,Unassigned,Unassigned,EA,EA,0.0,0.0,
2025-08-01,Near Luxury Car,genesis,g70,genesis_g70,g70,EA,EA,65894.0,4819.0,14944
2025-08-01,Mid Luxury Car,genesis,g80,genesis_g80,g80,EA,EA,14334.0,1281.0,5563
2025-08-01,Mid Luxury EV Car,genesis,g80_ev,genesis_electrified_g80,g80_ev,EA,EA,2.0,0.0,0
2025-08-01,Premium Luxury Car,genesis,g90,genesis_g90,g90,EA,EA,10900.0,651.0,3554
2025-08-01,Entry Luxury EV SUV,genesis,gv60,genesis_gv60,gv60,EA,EA,16382.0,1150.0,4524
2025-08-01,Near Luxury SUV,genesis,gv70,genesis_gv70,gv70,EA,EA,215511.0,10008.0,41342
2025-08-01,Near Luxury EV SUV,genesis,gv70_ev,genesis_electrified_gv70,gv70_ev,EA,EA,22487.0,1528.0,5613
2025-08-01,Mid Luxury SUV,genesis,gv80,genesis_gv80,gv80,EA,EA,139873.0,6695.0,30053
2025-08-01,Mid Luxury SUV,genesis,gv80_coupe,genesis_gv80_coupe,gv80,EA,EA,14690.0,1106.0,5845
2025-08-01,Make Only,genesis,make_only,genesis_make_only,make_only,EA,EA,0.0,0.0,
2025-08-01,Brand,genesis,Total,genesis_Total,Total,MA,MA,419264.0,19972.0,70910
2025-08-01,Unassigned,genesis,Unassigned,Unassigned,Unassigned,MA,MA,0.0,0.0,
2025-08-01,Unassigned,genesis,Unassigned,unassigned,Unassigned,MA,MA,,,
2025-08-01,Near Luxury Car,genesis,g70,genesis_g70,g70,MA,MA,36353.0,2708.0,6902
2025-08-01,Mid Luxury Car,genesis,g80,genesis_g80,g80,MA,MA,7246.0,779.0,2628
2025-08-01,Mid Luxury EV Car,genesis,g80_ev,genesis_electrified_g80,g80_ev,MA,MA,0.0,0.0,
2025-08-01,Premium Luxury Car,genesis,g90,genesis_g90,g90,MA,MA,5791.0,380.0,1777
2025-08-01,Entry Luxury EV SUV,genesis,gv60,genesis_gv60,gv60,MA,MA,10150.0,537.0,2884
2025-08-01,Near Luxury SUV,genesis,gv70,genesis_gv70,gv70,MA,MA,125545.0,5600.0,19264
2025-08-01,Near Luxury EV SUV,genesis,gv70_ev,genesis_electrified_gv70,gv70_ev,MA,MA,13622.0,835.0,3295
2025-08-01,Mid Luxury SUV,genesis,gv80,genesis_gv80,gv80,MA,MA,87910.0,3897.0,15911
2025-08-01,Mid Luxury SUV,genesis,gv80_coupe,genesis_gv80_coupe,gv80,MA,MA,7285.0,549.0,2749
2025-08-01,Make Only,genesis,make_only,genesis_make_only,make_only,MA,MA,0.0,0.0,
2025-08-01,Brand,genesis,Total,genesis_Total,Total,MS,MS,305242.0,11428.0,44341
2025-08-01,Unassigned,genesis,Unassigned,Unassigned,Unassigned,MS,MS,0.0,0.0,
2025-08-01,Unassigned,genesis,Unassigned,unassigned,Unassigned,MS,MS,,,
2025-08-01,Near Luxury Car,genesis,g70,genesis_g70,g70,MS,MS,26403.0,1485.0,4544
2025-08-01,Mid Luxury Car,genesis,g80,genesis_g80,g80,MS,MS,4275.0,362.0,1463
2025-08-01,Mid Luxury EV Car,genesis,g80_ev,genesis_electrified_g80,g80_ev,MS,MS,0.0,0.0,
2025-08-01,Premium Luxury Car,genesis,g90,genesis_g90,g90,MS,MS,3670.0,206.0,1189
2025-08-01,Entry Luxury EV SUV,genesis,gv60,genesis_gv60,gv60,MS,MS,7836.0,418.0,2242
2025-08-01,Near Luxury SUV,genesis,gv70,genesis_gv70,gv70,MS,MS,91766.0,2953.0,11769
2025-08-01,Near Luxury EV SUV,genesis,gv70_ev,genesis_electrified_gv70,gv70_ev,MS,MS,11129.0,698.0,2629
2025-08-01,Mid Luxury SUV,genesis,gv80,genesis_gv80,gv80,MS,MS,59211.0,2137.0,9882
2025-08-01,Mid Luxury SUV,genesis,gv80_coupe,genesis_gv80_coupe,gv80,MS,MS,5045.0,365.0,1843
2025-08-01,Make Only,genesis,make_only,genesis_make_only,make_only,MS,MS,0.0,0.0,
2025-08-01,Brand,genesis,Total,genesis_Total,Total,NH,NH,0.0,0.0,
2025-08-01,Unassigned,genesis,Unassigned,unassigned,Unassigned,NH,NH,,,
2025-08-01,Unassigned,genesis,Unassigned,Unassigned,Unassigned,NH,NH,0.0,0.0,
2025-08-01,Near Luxury Car,genesis,g70,genesis_g70,g70,NH,NH,0.0,0.0,
2025-08-01,Mid Luxury Car,genesis,g80,genesis_g80,g80,NH,NH,0.0,0.0,
2025-08-01,Mid Luxury EV Car,genesis,g80_ev,genesis_electrified_g80,g80_ev,NH,NH,0.0,0.0,
2025-08-01,Premium Luxury Car,genesis,g90,genesis_g90,g90,NH,NH,0.0,0.0,
2025-08-01,Entry Luxury EV SUV,genesis,gv60,genesis_gv60,gv60,NH,NH,0.0,0.0,
2025-08-01,Near Luxury SUV,genesis,gv70,genesis_gv70,gv70,NH,NH,0.0,0.0,
2025-08-01,Near Luxury EV SUV,genesis,gv70_ev,genesis_electrified_gv70,gv70_ev,NH,NH,0.0,0.0,
2025-08-01,Mid Luxury SUV,genesis,gv80,genesis_gv80,gv80,NH,NH,0.0,0.0,
2025-08-01,Mid Luxury SUV,genesis,gv80_coupe,genesis_gv80_coupe,gv80,NH,NH,0.0,0.0,
2025-08-01,Make Only,genesis,make_only,genesis_make_only,make_only,NH,NH,0.0,0.0,
2025-08-01,Brand,genesis,Total,genesis_Total,Total,SC,SC,508534.0,22026.0,82374
2025-08-01,Unassigned,genesis,Unassigned,Unassigned,Unassigned,SC,SC,0.0,0.0,
2025-08-01,Unassigned,genesis,Unassigned,unassigned,Unassigned,SC,SC,,,
2025-08-01,Near Luxury Car,genesis,g70,genesis_g70,g70,SC,SC,44417.0,2958.0,7956
2025-08-01,Mid Luxury Car,genesis,g80,genesis_g80,g80,SC,SC,8230.0,850.0,2863
2025-08-01,Mid Luxury EV Car,genesis,g80_ev,genesis_electrified_g80,g80_ev,SC,SC,0.0,0.0,
2025-08-01,Premium Luxury Car,genesis,g90,genesis_g90,g90,SC,SC,6784.0,433.0,2039
2025-08-01,Entry Luxury EV SUV,genesis,gv60,genesis_gv60,gv60,SC,SC,11025.0,619.0,2935
2025-08-01,Near Luxury SUV,genesis,gv70,genesis_gv70,gv70,SC,SC,156263.0,6045.0,21775
2025-08-01,Near Luxury EV SUV,genesis,gv70_ev,genesis_electrified_gv70,gv70_ev,SC,SC,14976.0,764.0,3303
2025-08-01,Mid Luxury SUV,genesis,gv80,genesis_gv80,gv80,SC,SC,106427.0,4751.0,19859
2025-08-01,Mid Luxury SUV,genesis,gv80_coupe,genesis_gv80_coupe,gv80,SC,SC,9526.0,790.0,3429
2025-08-01,Make Only,genesis,make_only,genesis_make_only,make_only,SC,SC,0.0,0.0,
2025-08-01,Brand,genesis,Total,genesis_Total,Total,SO,SO,634615.0,29956.0,106477
2025-08-01,Unassigned,genesis,Unassigned,Unassigned,Unassigned,SO,SO,0.0,0.0,
2025-08-01,Unassigned,genesis,Unassigned,unassigned,Unassigned,SO,SO,,,
2025-08-01,Near Luxury Car,genesis,g70,genesis_g70,g70,SO,SO,57155.0,4420.0,11137
2025-08-01,Mid Luxury Car,genesis,g80,genesis_g80,g80,SO,SO,11069.0,1104.0,4020
2025-08-01,Mid Luxury EV Car,genesis,g80_ev,genesis_electrified_g80,g80_ev,SO,SO,0.0,0.0,
2025-08-01,Premium Luxury Car,genesis,g90,genesis_g90,g90,SO,SO,8535.0,673.0,2815
2025-08-01,Entry Luxury EV SUV,genesis,gv60,genesis_gv60,gv60,SO,SO,12849.0,789.0,3402
2025-08-01,Near Luxury SUV,genesis,gv70,genesis_gv70,gv70,SO,SO,191371.0,8104.0,28692
2025-08-01,Near Luxury EV SUV,genesis,gv70_ev,genesis_electrified_gv70,gv70_ev,SO,SO,18314.0,1072.0,4053
2025-08-01,Mid Luxury SUV,genesis,gv80,genesis_gv80,gv80,SO,SO,133055.0,5892.0,23936
2025-08-01,Mid Luxury SUV,genesis,gv80_coupe,genesis_gv80_coupe,gv80,SO,SO,11765.0,996.0,4546
2025-08-01,Make Only,genesis,make_only,genesis_make_only,make_only,SO,SO,0.0,0.0,
2025-08-01,Brand,genesis,Total,genesis_Total,Total,National,US,3804856.0,170534.0,644274
2025-08-01,Unassigned,genesis,Unassigned,Unassigned,Unassigned,National,US,0.0,0.0,
2025-08-01,Unassigned,genesis,Unassigned,unassigned,Unassigned,National,US,,,
2025-08-01,Near Luxury Car,genesis,g70,genesis_g70,g70,National,US,339269.0,23974.0,67247
2025-08-01,Mid Luxury Car,genesis,g80,genesis_g80,g80,National,US,72595.0,6198.0,24898
2025-08-01,Mid Luxury EV Car,genesis,g80_ev,genesis_electrified_g80,g80_ev,National,US,2.0,0.0,0
2025-08-01,Premium Luxury Car,genesis,g90,genesis_g90,g90,National,US,60760.0,3403.0,18086
2025-08-01,Entry Luxury EV SUV,genesis,gv60,genesis_gv60,gv60,National,US,90244.0,5612.0,24553
2025-08-01,Near Luxury SUV,genesis,gv70,genesis_gv70,gv70,National,US,1138018.0,46107.0,175166
2025-08-01,Near Luxury EV SUV,genesis,gv70_ev,genesis_electrified_gv70,gv70_ev,National,US,125020.0,7832.0,29686
2025-08-01,Mid Luxury SUV,genesis,gv80,genesis_gv80,gv80,National,US,770998.0,33271.0,143590
2025-08-01,Mid Luxury SUV,genesis,gv80_coupe,genesis_gv80_coupe,gv80,National,US,73873.0,5555.0,27517
2025-08-01,Make Only,genesis,make_only,genesis_make_only,make_only,National,US,0.0,0.0,
2025-08-01,Brand,genesis,Total,genesis_Total,Total,WE,WE,593650.0,23430.0,89133
2025-08-01,Unassigned,genesis,Unassigned,Unassigned,Unassigned,WE,WE,0.0,0.0,
2025-08-01,Unassigned,genesis,Unassigned,unassigned,Unassigned,WE,WE,,,
2025-08-01,Near Luxury Car,genesis,g70,genesis_g70,g70,WE,WE,52061.0,3444.0,10013
2025-08-01,Mid Luxury Car,genesis,g80,genesis_g80,g80,WE,WE,10907.0,831.0,3574
2025-08-01,Mid Luxury EV Car,genesis,g80_ev,genesis_electrified_g80,g80_ev,WE,WE,0.0,0.0,
2025-08-01,Premium Luxury Car,genesis,g90,genesis_g90,g90,WE,WE,9056.0,413.0,2602
2025-08-01,Entry Luxury EV SUV,genesis,gv60,genesis_gv60,gv60,WE,WE,15909.0,1358.0,4804
2025-08-01,Near Luxury SUV,genesis,gv70,genesis_gv70,gv70,WE,WE,174117.0,5677.0,22604
2025-08-01,Near Luxury EV SUV,genesis,gv70_ev,genesis_electrified_gv70,gv70_ev,WE,WE,23493.0,1847.0,6247
2025-08-01,Mid Luxury SUV,genesis,gv80,genesis_gv80,gv80,WE,WE,113668.0,4045.0,18420
2025-08-01,Mid Luxury SUV,genesis,gv80_coupe,genesis_gv80_coupe,gv80,WE,WE,10616.0,737.0,3662
2025-08-01,Make Only,genesis,make_only,genesis_make_only,make_only,WE,WE,0.0,0.0,
2025-09-01,Brand,genesis,Total,genesis_Total,Total,CE,CE,370074.0,21496.0,86527
2025-09-01,Unassigned,genesis,Unassigned,unassigned,Unassigned,CE,CE,,,
2025-09-01,Unassigned,genesis,Unassigned,Unassigned,Unassigned,CE,CE,0.0,0.0,
2025-09-01,Near Luxury Car,genesis,g70,genesis_g70,g70,CE,CE,37004.0,2359.0,7256
2025-09-01,Mid Luxury Car,genesis,g80,genesis_g80,g80,CE,CE,9992.0,846.0,3313
2025-09-01,Mid Luxury EV Car,genesis,g80_ev,genesis_electrified_g80,g80_ev,CE,CE,0.0,0.0,
2025-09-01,Premium Luxury Car,genesis,g90,genesis_g90,g90,CE,CE,7726.0,463.0,2412
2025-09-01,Entry Luxury EV SUV,genesis,gv60,genesis_gv60,gv60,CE,CE,22386.0,1032.0,6164
2025-09-01,Near Luxury SUV,genesis,gv70,genesis_gv70,gv70,CE,CE,143146.0,5562.0,22867
2025-09-01,Near Luxury EV SUV,genesis,gv70_ev,genesis_electrified_gv70,gv70_ev,CE,CE,16499.0,1383.0,4253
2025-09-01,Mid Luxury SUV,genesis,gv80,genesis_gv80,gv80,CE,CE,119396.0,4594.0,21144
2025-09-01,Mid Luxury SUV,genesis,gv80_coupe,genesis_gv80_coupe,gv80,CE,CE,8810.0,704.0,3672
2025-09-01,Make Only,genesis,make_only,genesis_make_only,make_only,CE,CE,0.0,0.0,
2025-09-01,Brand,genesis,Total,genesis_Total,Total,EA,EA,486131.0,28634.0,120195
2025-09-01,Unassigned,genesis,Unassigned,unassigned,Unassigned,EA,EA,,,
2025-09-01,Unassigned,genesis,Unassigned,Unassigned,Unassigned,EA,EA,0.0,0.0,
2025-09-01,Near Luxury Car,genesis,g70,genesis_g70,g70,EA,EA,50943.0,3338.0,10774
2025-09-01,Mid Luxury Car,genesis,g80,genesis_g80,g80,EA,EA,14190.0,1003.0,5008
2025-09-01,Mid Luxury EV Car,genesis,g80_ev,genesis_electrified_g80,g80_ev,EA,EA,0.0,0.0,
2025-09-01,Premium Luxury Car,genesis,g90,genesis_g90,g90,EA,EA,10422.0,517.0,3162
2025-09-01,Entry Luxury EV SUV,genesis,gv60,genesis_gv60,gv60,EA,EA,28219.0,1781.0,7899
2025-09-01,Near Luxury SUV,genesis,gv70,genesis_gv70,gv70,EA,EA,187403.0,7976.0,34937
2025-09-01,Near Luxury EV SUV,genesis,gv70_ev,genesis_electrified_gv70,gv70_ev,EA,EA,22593.0,1463.0,5579
2025-09-01,Mid Luxury SUV,genesis,gv80,genesis_gv80,gv80,EA,EA,146809.0,5640.0,28170
2025-09-01,Mid Luxury SUV,genesis,gv80_coupe,genesis_gv80_coupe,gv80,EA,EA,11874.0,892.0,4846
2025-09-01,Make Only,genesis,make_only,genesis_make_only,make_only,EA,EA,0.0,0.0,
2025-09-01,Brand,genesis,Total,genesis_Total,Total,MA,MA,274649.0,15129.0,62670
2025-09-01,Unassigned,genesis,Unassigned,unassigned,Unassigned,MA,MA,,,
2025-09-01,Unassigned,genesis,Unassigned,Unassigned,Unassigned,MA,MA,0.0,0.0,
2025-09-01,Near Luxury Car,genesis,g70,genesis_g70,g70,MA,MA,28073.0,1849.0,5403
2025-09-01,Mid Luxury Car,genesis,g80,genesis_g80,g80,MA,MA,7359.0,632.0,2514
2025-09-01,Mid Luxury EV Car,genesis,g80_ev,genesis_electrified_g80,g80_ev,MA,MA,1.0,0.0,0
2025-09-01,Premium Luxury Car,genesis,g90,genesis_g90,g90,MA,MA,5746.0,329.0,1776
2025-09-01,Entry Luxury EV SUV,genesis,gv60,genesis_gv60,gv60,MA,MA,17940.0,1007.0,5091
2025-09-01,Near Luxury SUV,genesis,gv70,genesis_gv70,gv70,MA,MA,104936.0,3734.0,16480
2025-09-01,Near Luxury EV SUV,genesis,gv70_ev,genesis_electrified_gv70,gv70_ev,MA,MA,13083.0,837.0,3211
2025-09-01,Mid Luxury SUV,genesis,gv80,genesis_gv80,gv80,MA,MA,88755.0,3119.0,14943
2025-09-01,Mid Luxury SUV,genesis,gv80_coupe,genesis_gv80_coupe,gv80,MA,MA,6006.0,462.0,2498
2025-09-01,Make Only,genesis,make_only,genesis_make_only,make_only,MA,MA,0.0,0.0,
2025-09-01,Brand,genesis,Total,genesis_Total,Total,MS,MS,205339.0,9185.0,41018
2025-09-01,Unassigned,genesis,Unassigned,unassigned,Unassigned,MS,MS,,,
2025-09-01,Unassigned,genesis,Unassigned,Unassigned,Unassigned,MS,MS,0.0,0.0,
2025-09-01,Near Luxury Car,genesis,g70,genesis_g70,g70,MS,MS,20422.0,1028.0,3359
2025-09-01,Mid Luxury Car,genesis,g80,genesis_g80,g80,MS,MS,4422.0,296.0,1320
2025-09-01,Mid Luxury EV Car,genesis,g80_ev,genesis_electrified_g80,g80_ev,MS,MS,0.0,0.0,
2025-09-01,Premium Luxury Car,genesis,g90,genesis_g90,g90,MS,MS,3890.0,329.0,1140
2025-09-01,Entry Luxury EV SUV,genesis,gv60,genesis_gv60,gv60,MS,MS,14368.0,703.0,3959
2025-09-01,Near Luxury SUV,genesis,gv70,genesis_gv70,gv70,MS,MS,79552.0,2321.0,10552
2025-09-01,Near Luxury EV SUV,genesis,gv70_ev,genesis_electrified_gv70,gv70_ev,MS,MS,11002.0,650.0,2798
2025-09-01,Mid Luxury SUV,genesis,gv80,genesis_gv80,gv80,MS,MS,65696.0,1895.0,9798
2025-09-01,Mid Luxury SUV,genesis,gv80_coupe,genesis_gv80_coupe,gv80,MS,MS,3968.0,253.0,1575
2025-09-01,Make Only,genesis,make_only,genesis_make_only,make_only,MS,MS,0.0,0.0,
2025-09-01,Brand,genesis,Total,genesis_Total,Total,NH,NH,0.0,0.0,
2025-09-01,Unassigned,genesis,Unassigned,unassigned,Unassigned,NH,NH,,,
2025-09-01,Unassigned,genesis,Unassigned,Unassigned,Unassigned,NH,NH,0.0,0.0,
2025-09-01,Near Luxury Car,genesis,g70,genesis_g70,g70,NH,NH,0.0,0.0,
2025-09-01,Mid Luxury Car,genesis,g80,genesis_g80,g80,NH,NH,0.0,0.0,
2025-09-01,Mid Luxury EV Car,genesis,g80_ev,genesis_electrified_g80,g80_ev,NH,NH,0.0,0.0,
2025-09-01,Premium Luxury Car,genesis,g90,genesis_g90,g90,NH,NH,0.0,0.0,
2025-09-01,Entry Luxury EV SUV,genesis,gv60,genesis_gv60,gv60,NH,NH,0.0,0.0,
2025-09-01,Near Luxury SUV,genesis,gv70,genesis_gv70,gv70,NH,NH,0.0,0.0,
2025-09-01,Near Luxury EV SUV,genesis,gv70_ev,genesis_electrified_gv70,gv70_ev,NH,NH,0.0,0.0,
2025-09-01,Mid Luxury SUV,genesis,gv80,genesis_gv80,gv80,NH,NH,0.0,0.0,
2025-09-01,Mid Luxury SUV,genesis,gv80_coupe,genesis_gv80_coupe,gv80,NH,NH,0.0,0.0,
2025-09-01,Make Only,genesis,make_only,genesis_make_only,make_only,NH,NH,0.0,0.0,
2025-09-01,Brand,genesis,Total,genesis_Total,Total,SC,SC,343655.0,17066.0,74279
2025-09-01,Unassigned,genesis,Unassigned,unassigned,Unassigned,SC,SC,,,
2025-09-01,Unassigned,genesis,Unassigned,Unassigned,Unassigned,SC,SC,0.0,0.0,
2025-09-01,Near Luxury Car,genesis,g70,genesis_g70,g70,SC,SC,34397.0,1955.0,5899
2025-09-01,Mid Luxury Car,genesis,g80,genesis_g80,g80,SC,SC,8687.0,645.0,2834
2025-09-01,Mid Luxury EV Car,genesis,g80_ev,genesis_electrified_g80,g80_ev,SC,SC,0.0,0.0,
2025-09-01,Premium Luxury Car,genesis,g90,genesis_g90,g90,SC,SC,6695.0,328.0,1936
2025-09-01,Entry Luxury EV SUV,genesis,gv60,genesis_gv60,gv60,SC,SC,20757.0,999.0,5588
2025-09-01,Near Luxury SUV,genesis,gv70,genesis_gv70,gv70,SC,SC,133083.0,4556.0,18953
2025-09-01,Near Luxury EV SUV,genesis,gv70_ev,genesis_electrified_gv70,gv70_ev,SC,SC,15239.0,845.0,3528
2025-09-01,Mid Luxury SUV,genesis,gv80,genesis_gv80,gv80,SC,SC,117027.0,3876.0,18999
2025-09-01,Mid Luxury SUV,genesis,gv80_coupe,genesis_gv80_coupe,gv80,SC,SC,7833.0,646.0,3134
2025-09-01,Make Only,genesis,make_only,genesis_make_only,make_only,SC,SC,0.0,0.0,
2025-09-01,Brand,genesis,Total,genesis_Total,Total,SO,SO,423797.0,23627.0,95614
2025-09-01,Unassigned,genesis,Unassigned,unassigned,Unassigned,SO,SO,,,
2025-09-01,Unassigned,genesis,Unassigned,Unassigned,Unassigned,SO,SO,0.0,0.0,
2025-09-01,Near Luxury Car,genesis,g70,genesis_g70,g70,SO,SO,42739.0,2610.0,7772
2025-09-01,Mid Luxury Car,genesis,g80,genesis_g80,g80,SO,SO,10660.0,963.0,3793
2025-09-01,Mid Luxury EV Car,genesis,g80_ev,genesis_electrified_g80,g80_ev,SO,SO,0.0,0.0,
2025-09-01,Premium Luxury Car,genesis,g90,genesis_g90,g90,SO,SO,8328.0,560.0,2665
2025-09-01,Entry Luxury EV SUV,genesis,gv60,genesis_gv60,gv60,SO,SO,24852.0,1341.0,6684
2025-09-01,Near Luxury SUV,genesis,gv70,genesis_gv70,gv70,SO,SO,162511.0,6175.0,25462
2025-09-01,Near Luxury EV SUV,genesis,gv70_ev,genesis_electrified_gv70,gv70_ev,SO,SO,19047.0,1177.0,4410
2025-09-01,Mid Luxury SUV,genesis,gv80,genesis_gv80,gv80,SO,SO,139597.0,5028.0,23520
2025-09-01,Mid Luxury SUV,genesis,gv80_coupe,genesis_gv80_coupe,gv80,SO,SO,10062.0,790.0,4210
2025-09-01,Make Only,genesis,make_only,genesis_make_only,make_only,SO,SO,0.0,0.0,
2025-09-01,Brand,genesis,Total,genesis_Total,Total,National,US,2582776.0,135807.0,575713
2025-09-01,Unassigned,genesis,Unassigned,Unassigned,Unassigned,National,US,0.0,0.0,
2025-09-01,Unassigned,genesis,Unassigned,unassigned,Unassigned,National,US,,,
2025-09-01,Near Luxury Car,genesis,g70,genesis_g70,g70,National,US,264613.0,15814.0,49459
2025-09-01,Mid Luxury Car,genesis,g80,genesis_g80,g80,National,US,73397.0,5179.0,23402
2025-09-01,Mid Luxury EV Car,genesis,g80_ev,genesis_electrified_g80,g80_ev,National,US,4.0,0.0,0
2025-09-01,Premium Luxury Car,genesis,g90,genesis_g90,g90,National,US,58669.0,3004.0,16859
2025-09-01,Entry Luxury EV SUV,genesis,gv60,genesis_gv60,gv60,National,US,162332.0,9196.0,44724
2025-09-01,Near Luxury SUV,genesis,gv70,genesis_gv70,gv70,National,US,971332.0,34852.0,151866
2025-09-01,Near Luxury EV SUV,genesis,gv70_ev,genesis_electrified_gv70,gv70_ev,National,US,124837.0,8341.0,30300
2025-09-01,Mid Luxury SUV,genesis,gv80,genesis_gv80,gv80,National,US,817444.0,27916.0,137337
2025-09-01,Mid Luxury SUV,genesis,gv80_coupe,genesis_gv80_coupe,gv80,National,US,60443.0,4406.0,24016
2025-09-01,Make Only,genesis,make_only,genesis_make_only,make_only,National,US,0.0,0.0,
2025-09-01,Brand,genesis,Total,genesis_Total,Total,WE,WE,407559.0,19650.0,83593
2025-09-01,Unassigned,genesis,Unassigned,unassigned,Unassigned,WE,WE,,,
2025-09-01,Unassigned,genesis,Unassigned,Unassigned,Unassigned,WE,WE,0.0,0.0,
2025-09-01,Near Luxury Car,genesis,g70,genesis_g70,g70,WE,WE,43206.0,2352.0,7655
2025-09-01,Mid Luxury Car,genesis,g80,genesis_g80,g80,WE,WE,11225.0,700.0,3455
2025-09-01,Mid Luxury EV Car,genesis,g80_ev,genesis_electrified_g80,g80_ev,WE,WE,3.0,0.0,0
2025-09-01,Premium Luxury Car,genesis,g90,genesis_g90,g90,WE,WE,8894.0,424.0,2476
2025-09-01,Entry Luxury EV SUV,genesis,gv60,genesis_gv60,gv60,WE,WE,29543.0,2232.0,8688
2025-09-01,Near Luxury SUV,genesis,gv70,genesis_gv70,gv70,WE,WE,146107.0,4359.0,20316
2025-09-01,Near Luxury EV SUV,genesis,gv70_ev,genesis_electrified_gv70,gv70_ev,WE,WE,23874.0,1912.0,5987
2025-09-01,Mid Luxury SUV,genesis,gv80,genesis_gv80,gv80,WE,WE,121804.0,3592.0,18225
2025-09-01,Mid Luxury SUV,genesis,gv80_coupe,genesis_gv80_coupe,gv80,WE,WE,8628.0,621.0,3241
2025-09-01,Make Only,genesis,make_only,genesis_make_only,make_only,WE,WE,0.0,0.0,
2025-10-01,Brand,genesis,Total,genesis_Total,Total,CE,CE,473625.0,21001.0,82482
2025-10-01,Unassigned,genesis,Unassigned,unassigned,Unassigned,CE,CE,,,
2025-10-01,Unassigned,genesis,Unassigned,Unassigned,Unassigned,CE,CE,0.0,0.0,
2025-10-01,Near Luxury Car,genesis,g70,genesis_g70,g70,CE,CE,55490.0,2190.0,7503
2025-10-01,Mid Luxury Car,genesis,g80,genesis_g80,g80,CE,CE,9298.0,918.0,2879
2025-10-01,Mid Luxury EV Car,genesis,g80_ev,genesis_electrified_g80,g80_ev,CE,CE,0.0,0.0,
2025-10-01,Premium Luxury Car,genesis,g90,genesis_g90,g90,CE,CE,7200.0,404.0,2138
2025-10-01,Entry Luxury EV SUV,genesis,gv60,genesis_gv60,gv60,CE,CE,11581.0,316.0,2076
2025-10-01,Near Luxury SUV,genesis,gv70,genesis_gv70,gv70,CE,CE,190146.0,5076.0,21052
2025-10-01,Near Luxury EV SUV,genesis,gv70_ev,genesis_electrified_gv70,gv70_ev,CE,CE,13858.0,395.0,2064
2025-10-01,Mid Luxury SUV,genesis,gv80,genesis_gv80,gv80,CE,CE,147947.0,4134.0,22989
2025-10-01,Mid Luxury SUV,genesis,gv80_coupe,genesis_gv80_coupe,gv80,CE,CE,9419.0,660.0,3671
2025-10-01,Make Only,genesis,make_only,genesis_make_only,make_only,CE,CE,0.0,0.0,
2025-10-01,Brand,genesis,Total,genesis_Total,Total,EA,EA,558667.0,25866.0,110792
2025-10-01,Unassigned,genesis,Unassigned,Unassigned,Unassigned,EA,EA,0.0,0.0,
2025-10-01,Unassigned,genesis,Unassigned,unassigned,Unassigned,EA,EA,,,
2025-10-01,Near Luxury Car,genesis,g70,genesis_g70,g70,EA,EA,65731.0,2918.0,10545
2025-10-01,Mid Luxury Car,genesis,g80,genesis_g80,g80,EA,EA,12274.0,782.0,4315
2025-10-01,Mid Luxury EV Car,genesis,g80_ev,genesis_electrified_g80,g80_ev,EA,EA,1.0,0.0,0
2025-10-01,Premium Luxury Car,genesis,g90,genesis_g90,g90,EA,EA,9178.0,421.0,2793
2025-10-01,Entry Luxury EV SUV,genesis,gv60,genesis_gv60,gv60,EA,EA,15814.0,735.0,3513
2025-10-01,Near Luxury SUV,genesis,gv70,genesis_gv70,gv70,EA,EA,217076.0,6578.0,30702
2025-10-01,Near Luxury EV SUV,genesis,gv70_ev,genesis_electrified_gv70,gv70_ev,EA,EA,17365.0,460.0,2689
2025-10-01,Mid Luxury SUV,genesis,gv80,genesis_gv80,gv80,EA,EA,173149.0,4820.0,29340
2025-10-01,Mid Luxury SUV,genesis,gv80_coupe,genesis_gv80_coupe,gv80,EA,EA,12377.0,862.0,4892
2025-10-01,Make Only,genesis,make_only,genesis_make_only,make_only,EA,EA,0.0,0.0,
2025-10-01,Brand,genesis,Total,genesis_Total,Total,MA,MA,343488.0,14621.0,58608
2025-10-01,Unassigned,genesis,Unassigned,unassigned,Unassigned,MA,MA,,,
2025-10-01,Unassigned,genesis,Unassigned,Unassigned,Unassigned,MA,MA,0.0,0.0,
2025-10-01,Near Luxury Car,genesis,g70,genesis_g70,g70,MA,MA,41227.0,1676.0,5499
2025-10-01,Mid Luxury Car,genesis,g80,genesis_g80,g80,MA,MA,6507.0,554.0,2171
2025-10-01,Mid Luxury EV Car,genesis,g80_ev,genesis_electrified_g80,g80_ev,MA,MA,0.0,0.0,
2025-10-01,Premium Luxury Car,genesis,g90,genesis_g90,g90,MA,MA,5236.0,253.0,1464
2025-10-01,Entry Luxury EV SUV,genesis,gv60,genesis_gv60,gv60,MA,MA,8649.0,408.0,1873
2025-10-01,Near Luxury SUV,genesis,gv70,genesis_gv70,gv70,MA,MA,132723.0,3358.0,14435
2025-10-01,Near Luxury EV SUV,genesis,gv70_ev,genesis_electrified_gv70,gv70_ev,MA,MA,9985.0,283.0,1463
2025-10-01,Mid Luxury SUV,genesis,gv80,genesis_gv80,gv80,MA,MA,108235.0,2835.0,16733
2025-10-01,Mid Luxury SUV,genesis,gv80_coupe,genesis_gv80_coupe,gv80,MA,MA,6346.0,478.0,2492
2025-10-01,Make Only,genesis,make_only,genesis_make_only,make_only,MA,MA,0.0,0.0,
2025-10-01,Brand,genesis,Total,genesis_Total,Total,MS,MS,306032.0,9240.0,42749
2025-10-01,Unassigned,genesis,Unassigned,unassigned,Unassigned,MS,MS,,,
2025-10-01,Unassigned,genesis,Unassigned,Unassigned,Unassigned,MS,MS,0.0,0.0,
2025-10-01,Near Luxury Car,genesis,g70,genesis_g70,g70,MS,MS,32253.0,1033.0,4049
2025-10-01,Mid Luxury Car,genesis,g80,genesis_g80,g80,MS,MS,4445.0,266.0,1310
2025-10-01,Mid Luxury EV Car,genesis,g80_ev,genesis_electrified_g80,g80_ev,MS,MS,0.0,0.0,
2025-10-01,Premium Luxury Car,genesis,g90,genesis_g90,g90,MS,MS,3880.0,145.0,1101
2025-10-01,Entry Luxury EV SUV,genesis,gv60,genesis_gv60,gv60,MS,MS,7339.0,293.0,1657
2025-10-01,Near Luxury SUV,genesis,gv70,genesis_gv70,gv70,MS,MS,117600.0,2046.0,10332
2025-10-01,Near Luxury EV SUV,genesis,gv70_ev,genesis_electrified_gv70,gv70_ev,MS,MS,9265.0,311.0,1483
2025-10-01,Mid Luxury SUV,genesis,gv80,genesis_gv80,gv80,MS,MS,87981.0,1962.0,12566
2025-10-01,Mid Luxury SUV,genesis,gv80_coupe,genesis_gv80_coupe,gv80,MS,MS,4813.0,313.0,1867
2025-10-01,Make Only,genesis,make_only,genesis_make_only,make_only,MS,MS,0.0,0.0,
2025-10-01,Brand,genesis,Total,genesis_Total,Total,NH,NH,0.0,0.0,
2025-10-01,Unassigned,genesis,Unassigned,unassigned,Unassigned,NH,NH,,,
2025-10-01,Unassigned,genesis,Unassigned,Unassigned,Unassigned,NH,NH,0.0,0.0,
2025-10-01,Near Luxury Car,genesis,g70,genesis_g70,g70,NH,NH,0.0,0.0,
2025-10-01,Mid Luxury Car,genesis,g80,genesis_g80,g80,NH,NH,0.0,0.0,
2025-10-01,Mid Luxury EV Car,genesis,g80_ev,genesis_electrified_g80,g80_ev,NH,NH,0.0,0.0,
2025-10-01,Premium Luxury Car,genesis,g90,genesis_g90,g90,NH,NH,0.0,0.0,
2025-10-01,Entry Luxury EV SUV,genesis,gv60,genesis_gv60,gv60,NH,NH,0.0,0.0,
2025-10-01,Near Luxury SUV,genesis,gv70,genesis_gv70,gv70,NH,NH,0.0,0.0,
2025-10-01,Near Luxury EV SUV,genesis,gv70_ev,genesis_electrified_gv70,gv70_ev,NH,NH,0.0,0.0,
2025-10-01,Mid Luxury SUV,genesis,gv80,genesis_gv80,gv80,NH,NH,0.0,0.0,
2025-10-01,Mid Luxury SUV,genesis,gv80_coupe,genesis_gv80_coupe,gv80,NH,NH,0.0,0.0,
2025-10-01,Make Only,genesis,make_only,genesis_make_only,make_only,NH,NH,0.0,0.0,
2025-10-01,Brand,genesis,Total,genesis_Total,Total,SC,SC,453407.0,17029.0,74405
2025-10-01,Unassigned,genesis,Unassigned,Unassigned,Unassigned,SC,SC,0.0,0.0,
2025-10-01,Unassigned,genesis,Unassigned,unassigned,Unassigned,SC,SC,,,
2025-10-01,Near Luxury Car,genesis,g70,genesis_g70,g70,SC,SC,52456.0,2007.0,6682
2025-10-01,Mid Luxury Car,genesis,g80,genesis_g80,g80,SC,SC,8233.0,627.0,2537
2025-10-01,Mid Luxury EV Car,genesis,g80_ev,genesis_electrified_g80,g80_ev,SC,SC,0.0,0.0,
2025-10-01,Premium Luxury Car,genesis,g90,genesis_g90,g90,SC,SC,6623.0,370.0,1807
2025-10-01,Entry Luxury EV SUV,genesis,gv60,genesis_gv60,gv60,SC,SC,9599.0,272.0,1815
2025-10-01,Near Luxury SUV,genesis,gv70,genesis_gv70,gv70,SC,SC,173559.0,3870.0,17336
2025-10-01,Near Luxury EV SUV,genesis,gv70_ev,genesis_electrified_gv70,gv70_ev,SC,SC,11642.0,267.0,1466
2025-10-01,Mid Luxury SUV,genesis,gv80,genesis_gv80,gv80,SC,SC,150652.0,3786.0,22787
2025-10-01,Mid Luxury SUV,genesis,gv80_coupe,genesis_gv80_coupe,gv80,SC,SC,9198.0,704.0,3667
2025-10-01,Make Only,genesis,make_only,genesis_make_only,make_only,SC,SC,0.0,0.0,
2025-10-01,Brand,genesis,Total,genesis_Total,Total,SO,SO,541673.0,23295.0,93518
2025-10-01,Unassigned,genesis,Unassigned,Unassigned,Unassigned,SO,SO,0.0,0.0,
2025-10-01,Unassigned,genesis,Unassigned,unassigned,Unassigned,SO,SO,,,
2025-10-01,Near Luxury Car,genesis,g70,genesis_g70,g70,SO,SO,63764.0,2588.0,8667
2025-10-01,Mid Luxury Car,genesis,g80,genesis_g80,g80,SO,SO,10500.0,815.0,3393
2025-10-01,Mid Luxury EV Car,genesis,g80_ev,genesis_electrified_g80,g80_ev,SO,SO,0.0,0.0,
2025-10-01,Premium Luxury Car,genesis,g90,genesis_g90,g90,SO,SO,7870.0,526.0,2317
2025-10-01,Entry Luxury EV SUV,genesis,gv60,genesis_gv60,gv60,SO,SO,11931.0,389.0,2309
2025-10-01,Near Luxury SUV,genesis,gv70,genesis_gv70,gv70,SO,SO,206395.0,5379.0,23828
2025-10-01,Near Luxury EV SUV,genesis,gv70_ev,genesis_electrified_gv70,gv70_ev,SO,SO,14885.0,356.0,2042
2025-10-01,Mid Luxury SUV,genesis,gv80,genesis_gv80,gv80,SO,SO,171691.0,4794.0,26209
2025-10-01,Mid Luxury SUV,genesis,gv80_coupe,genesis_gv80_coupe,gv80,SO,SO,11551.0,916.0,4466
2025-10-01,Make Only,genesis,make_only,genesis_make_only,make_only,SO,SO,0.0,0.0,
2025-10-01,Brand,genesis,Total,genesis_Total,Total,National,US,3238037.0,129808.0,553080
2025-10-01,Unassigned,genesis,Unassigned,Unassigned,Unassigned,National,US,0.0,0.0,
2025-10-01,Unassigned,genesis,Unassigned,unassigned,Unassigned,National,US,,,
2025-10-01,Near Luxury Car,genesis,g70,genesis_g70,g70,National,US,376546.0,15242.0,52320
2025-10-01,Mid Luxury Car,genesis,g80,genesis_g80,g80,National,US,68107.0,4622.0,20919
2025-10-01,Mid Luxury EV Car,genesis,g80_ev,genesis_electrified_g80,g80_ev,National,US,2.0,2.0,0
2025-10-01,Premium Luxury Car,genesis,g90,genesis_g90,g90,National,US,56682.0,2492.0,15170
2025-10-01,Entry Luxury EV SUV,genesis,gv60,genesis_gv60,gv60,National,US,85258.0,3370.0,17774
2025-10-01,Near Luxury SUV,genesis,gv70,genesis_gv70,gv70,National,US,1233554.0,30246.0,139323
2025-10-01,Near Luxury EV SUV,genesis,gv70_ev,genesis_electrified_gv70,gv70_ev,National,US,98725.0,2852.0,14948
2025-10-01,Mid Luxury SUV,genesis,gv80,genesis_gv80,gv80,National,US,1007001.0,25747.0,153773
2025-10-01,Mid Luxury SUV,genesis,gv80_coupe,genesis_gv80_coupe,gv80,National,US,66715.0,4575.0,25454
2025-10-01,Make Only,genesis,make_only,genesis_make_only,make_only,National,US,0.0,0.0,
2025-10-01,Brand,genesis,Total,genesis_Total,Total,WE,WE,474972.0,17840.0,77788
2025-10-01,Unassigned,genesis,Unassigned,Unassigned,Unassigned,WE,WE,0.0,0.0,
2025-10-01,Unassigned,genesis,Unassigned,unassigned,Unassigned,WE,WE,,,
2025-10-01,Near Luxury Car,genesis,g70,genesis_g70,g70,WE,WE,56920.0,2592.0,7902
2025-10-01,Mid Luxury Car,genesis,g80,genesis_g80,g80,WE,WE,9608.0,616.0,3028
2025-10-01,Mid Luxury EV Car,genesis,g80_ev,genesis_electrified_g80,g80_ev,WE,WE,1.0,2.0,0
2025-10-01,Premium Luxury Car,genesis,g90,genesis_g90,g90,WE,WE,7736.0,329.0,2066
2025-10-01,Entry Luxury EV SUV,genesis,gv60,genesis_gv60,gv60,WE,WE,15700.0,896.0,3944
2025-10-01,Near Luxury SUV,genesis,gv70,genesis_gv70,gv70,WE,WE,178988.0,3753.0,19243
2025-10-01,Near Luxury EV SUV,genesis,gv70_ev,genesis_electrified_gv70,gv70_ev,WE,WE,18187.0,715.0,3341
2025-10-01,Mid Luxury SUV,genesis,gv80,genesis_gv80,gv80,WE,WE,146178.0,3252.0,20167
2025-10-01,Mid Luxury SUV,genesis,gv80_coupe,genesis_gv80_coupe,gv80,WE,WE,9522.0,599.0,3500
2025-10-01,Make Only,genesis,make_only,genesis_make_only,make_only,WE,WE,0.0,0.0,
2025-11-01,Brand,genesis,Total,genesis_Total,Total,CE,CE,433952.0,18266.0,75611
2025-11-01,Unassigned,genesis,Unassigned,unassigned,Unassigned,CE,CE,,,
2025-11-01,Unassigned,genesis,Unassigned,Unassigned,Unassigned,CE,CE,0.0,0.0,
2025-11-01,Near Luxury Car,genesis,g70,genesis_g70,g70,CE,CE,54428.0,1962.0,8018
2025-11-01,Mid Luxury Car,genesis,g80,genesis_g80,g80,CE,CE,9114.0,641.0,2500
2025-11-01,Mid Luxury EV Car,genesis,g80_ev,genesis_electrified_g80,g80_ev,CE,CE,0.0,0.0,
2025-11-01,Premium Luxury Car,genesis,g90,genesis_g90,g90,CE,CE,7811.0,310.0,2100
2025-11-01,Entry Luxury EV SUV,genesis,gv60,genesis_gv60,gv60,CE,CE,8833.0,197.0,1899
2025-11-01,Near Luxury SUV,genesis,gv70,genesis_gv70,gv70,CE,CE,181055.0,4425.0,18794
2025-11-01,Near Luxury EV SUV,genesis,gv70_ev,genesis_electrified_gv70,gv70_ev,CE,CE,9176.0,306.0,1325
2025-11-01,Mid Luxury SUV,genesis,gv80,genesis_gv80,gv80,CE,CE,114745.0,3665.0,19011
2025-11-01,Mid Luxury SUV,genesis,gv80_coupe,genesis_gv80_coupe,gv80,CE,CE,8235.0,580.0,3059
2025-11-01,Make Only,genesis,make_only,genesis_make_only,make_only,CE,CE,0.0,0.0,
2025-11-01,Brand,genesis,Total,genesis_Total,Total,EA,EA,552828.0,22925.0,99290
2025-11-01,Unassigned,genesis,Unassigned,Unassigned,Unassigned,EA,EA,0.0,0.0,
2025-11-01,Unassigned,genesis,Unassigned,unassigned,Unassigned,EA,EA,,,
2025-11-01,Near Luxury Car,genesis,g70,genesis_g70,g70,EA,EA,67093.0,2541.0,10897
2025-11-01,Mid Luxury Car,genesis,g80,genesis_g80,g80,EA,EA,12362.0,683.0,3696
2025-11-01,Mid Luxury EV Car,genesis,g80_ev,genesis_electrified_g80,g80_ev,EA,EA,0.0,0.0,
2025-11-01,Premium Luxury Car,genesis,g90,genesis_g90,g90,EA,EA,10348.0,382.0,2669
2025-11-01,Entry Luxury EV SUV,genesis,gv60,genesis_gv60,gv60,EA,EA,12692.0,462.0,2836
2025-11-01,Near Luxury SUV,genesis,gv70,genesis_gv70,gv70,EA,EA,233155.0,5742.0,28803
2025-11-01,Near Luxury EV SUV,genesis,gv70_ev,genesis_electrified_gv70,gv70_ev,EA,EA,12193.0,376.0,1871
2025-11-01,Mid Luxury SUV,genesis,gv80,genesis_gv80,gv80,EA,EA,138233.0,4158.0,24048
2025-11-01,Mid Luxury SUV,genesis,gv80_coupe,genesis_gv80_coupe,gv80,EA,EA,11117.0,728.0,4051
2025-11-01,Make Only,genesis,make_only,genesis_make_only,make_only,EA,EA,0.0,0.0,
2025-11-01,Brand,genesis,Total,genesis_Total,Total,MA,MA,373402.0,15755.0,62712
2025-11-01,Unassigned,genesis,Unassigned,unassigned,Unassigned,MA,MA,,,
2025-11-01,Unassigned,genesis,Unassigned,Unassigned,Unassigned,MA,MA,0.0,0.0,
2025-11-01,Near Luxury Car,genesis,g70,genesis_g70,g70,MA,MA,45480.0,1766.0,6618
2025-11-01,Mid Luxury Car,genesis,g80,genesis_g80,g80,MA,MA,8083.0,500.0,2266
2025-11-01,Mid Luxury EV Car,genesis,g80_ev,genesis_electrified_g80,g80_ev,MA,MA,0.0,0.0,
2025-11-01,Premium Luxury Car,genesis,g90,genesis_g90,g90,MA,MA,6889.0,311.0,1847
2025-11-01,Entry Luxury EV SUV,genesis,gv60,genesis_gv60,gv60,MA,MA,7958.0,246.0,1782
2025-11-01,Near Luxury SUV,genesis,gv70,genesis_gv70,gv70,MA,MA,153500.0,3435.0,15171
2025-11-01,Near Luxury EV SUV,genesis,gv70_ev,genesis_electrified_gv70,gv70_ev,MA,MA,8172.0,283.0,1213
2025-11-01,Mid Luxury SUV,genesis,gv80,genesis_gv80,gv80,MA,MA,97452.0,2974.0,15772
2025-11-01,Mid Luxury SUV,genesis,gv80_coupe,genesis_gv80_coupe,gv80,MA,MA,6738.0,510.0,2480
2025-11-01,Make Only,genesis,make_only,genesis_make_only,make_only,MA,MA,0.0,0.0,
2025-11-01,Brand,genesis,Total,genesis_Total,Total,MS,MS,307046.0,9470.0,44501
2025-11-01,Unassigned,genesis,Unassigned,Unassigned,Unassigned,MS,MS,0.0,0.0,
2025-11-01,Unassigned,genesis,Unassigned,unassigned,Unassigned,MS,MS,,,
2025-11-01,Near Luxury Car,genesis,g70,genesis_g70,g70,MS,MS,33462.0,1065.0,4575
2025-11-01,Mid Luxury Car,genesis,g80,genesis_g80,g80,MS,MS,4865.0,221.0,1324
2025-11-01,Mid Luxury EV Car,genesis,g80_ev,genesis_electrified_g80,g80_ev,MS,MS,0.0,0.0,
2025-11-01,Premium Luxury Car,genesis,g90,genesis_g90,g90,MS,MS,4942.0,160.0,1232
2025-11-01,Entry Luxury EV SUV,genesis,gv60,genesis_gv60,gv60,MS,MS,6748.0,255.0,1582
2025-11-01,Near Luxury SUV,genesis,gv70,genesis_gv70,gv70,MS,MS,120824.0,2170.0,10412
2025-11-01,Near Luxury EV SUV,genesis,gv70_ev,genesis_electrified_gv70,gv70_ev,MS,MS,6914.0,264.0,1201
2025-11-01,Mid Luxury SUV,genesis,gv80,genesis_gv80,gv80,MS,MS,76239.0,1899.0,11347
2025-11-01,Mid Luxury SUV,genesis,gv80_coupe,genesis_gv80_coupe,gv80,MS,MS,4846.0,318.0,1687
2025-11-01,Make Only,genesis,make_only,genesis_make_only,make_only,MS,MS,0.0,0.0,
2025-11-01,Brand,genesis,Total,genesis_Total,Total,NH,NH,0.0,0.0,
2025-11-01,Unassigned,genesis,Unassigned,Unassigned,Unassigned,NH,NH,0.0,0.0,
2025-11-01,Unassigned,genesis,Unassigned,unassigned,Unassigned,NH,NH,,,
2025-11-01,Near Luxury Car,genesis,g70,genesis_g70,g70,NH,NH,0.0,0.0,
2025-11-01,Mid Luxury Car,genesis,g80,genesis_g80,g80,NH,NH,0.0,0.0,
2025-11-01,Mid Luxury EV Car,genesis,g80_ev,genesis_electrified_g80,g80_ev,NH,NH,0.0,0.0,
2025-11-01,Premium Luxury Car,genesis,g90,genesis_g90,g90,NH,NH,0.0,0.0,
2025-11-01,Entry Luxury EV SUV,genesis,gv60,genesis_gv60,gv60,NH,NH,0.0,0.0,
2025-11-01,Near Luxury SUV,genesis,gv70,genesis_gv70,gv70,NH,NH,0.0,0.0,
2025-11-01,Near Luxury EV SUV,genesis,gv70_ev,genesis_electrified_gv70,gv70_ev,NH,NH,0.0,0.0,
2025-11-01,Mid Luxury SUV,genesis,gv80,genesis_gv80,gv80,NH,NH,0.0,0.0,
2025-11-01,Mid Luxury SUV,genesis,gv80_coupe,genesis_gv80_coupe,gv80,NH,NH,0.0,0.0,
2025-11-01,Make Only,genesis,make_only,genesis_make_only,make_only,NH,NH,0.0,0.0,
2025-11-01,Brand,genesis,Total,genesis_Total,Total,SC,SC,456391.0,17134.0,74740
2025-11-01,Unassigned,genesis,Unassigned,Unassigned,Unassigned,SC,SC,0.0,0.0,
2025-11-01,Unassigned,genesis,Unassigned,unassigned,Unassigned,SC,SC,,,
2025-11-01,Near Luxury Car,genesis,g70,genesis_g70,g70,SC,SC,54996.0,1942.0,7337
2025-11-01,Mid Luxury Car,genesis,g80,genesis_g80,g80,SC,SC,9082.0,600.0,2535
2025-11-01,Mid Luxury EV Car,genesis,g80_ev,genesis_electrified_g80,g80_ev,SC,SC,0.0,0.0,
2025-11-01,Premium Luxury Car,genesis,g90,genesis_g90,g90,SC,SC,7875.0,341.0,1897
2025-11-01,Entry Luxury EV SUV,genesis,gv60,genesis_gv60,gv60,SC,SC,8516.0,67.0,1652
2025-11-01,Near Luxury SUV,genesis,gv70,genesis_gv70,gv70,SC,SC,192346.0,3889.0,17597
2025-11-01,Near Luxury EV SUV,genesis,gv70_ev,genesis_electrified_gv70,gv70_ev,SC,SC,8761.0,255.0,1204
2025-11-01,Mid Luxury SUV,genesis,gv80,genesis_gv80,gv80,SC,SC,128586.0,3773.0,20226
2025-11-01,Mid Luxury SUV,genesis,gv80_coupe,genesis_gv80_coupe,gv80,SC,SC,8618.0,614.0,2985
2025-11-01,Make Only,genesis,make_only,genesis_make_only,make_only,SC,SC,0.0,0.0,
2025-11-01,Brand,genesis,Total,genesis_Total,Total,SO,SO,567417.0,24609.0,99431
2025-11-01,Unassigned,genesis,Unassigned,Unassigned,Unassigned,SO,SO,0.0,0.0,
2025-11-01,Unassigned,genesis,Unassigned,unassigned,Unassigned,SO,SO,,,
2025-11-01,Near Luxury Car,genesis,g70,genesis_g70,g70,SO,SO,68562.0,2741.0,9997
2025-11-01,Mid Luxury Car,genesis,g80,genesis_g80,g80,SO,SO,11963.0,779.0,3535
2025-11-01,Mid Luxury EV Car,genesis,g80_ev,genesis_electrified_g80,g80_ev,SO,SO,0.0,0.0,
2025-11-01,Premium Luxury Car,genesis,g90,genesis_g90,g90,SO,SO,9824.0,583.0,2709
2025-11-01,Entry Luxury EV SUV,genesis,gv60,genesis_gv60,gv60,SO,SO,11144.0,145.0,2462
2025-11-01,Near Luxury SUV,genesis,gv70,genesis_gv70,gv70,SO,SO,231570.0,5903.0,25301
2025-11-01,Near Luxury EV SUV,genesis,gv70_ev,genesis_electrified_gv70,gv70_ev,SO,SO,11846.0,313.0,1679
2025-11-01,Mid Luxury SUV,genesis,gv80,genesis_gv80,gv80,SO,SO,148823.0,4962.0,25257
2025-11-01,Mid Luxury SUV,genesis,gv80_coupe,genesis_gv80_coupe,gv80,SO,SO,11166.0,849.0,4085
2025-11-01,Make Only,genesis,make_only,genesis_make_only,make_only,SO,SO,0.0,0.0,
2025-11-01,Brand,genesis,Total,genesis_Total,Total,National,US,3282573.0,126640.0,550639
2025-11-01,Unassigned,genesis,Unassigned,Unassigned,Unassigned,National,US,0.0,0.0,
2025-11-01,Unassigned,genesis,Unassigned,unassigned,Unassigned,National,US,,,
2025-11-01,Near Luxury Car,genesis,g70,genesis_g70,g70,National,US,395117.0,14411.0,58336
2025-11-01,Mid Luxury Car,genesis,g80,genesis_g80,g80,National,US,74112.0,3986.0,20190
2025-11-01,Mid Luxury EV Car,genesis,g80_ev,genesis_electrified_g80,g80_ev,National,US,1.0,0.0,0
2025-11-01,Premium Luxury Car,genesis,g90,genesis_g90,g90,National,US,72880.0,2471.0,17555
2025-11-01,Entry Luxury EV SUV,genesis,gv60,genesis_gv60,gv60,National,US,74881.0,2146.0,16294
2025-11-01,Near Luxury SUV,genesis,gv70,genesis_gv70,gv70,National,US,1328876.0,30043.0,137643
2025-11-01,Near Luxury EV SUV,genesis,gv70_ev,genesis_electrified_gv70,gv70_ev,National,US,74608.0,2415.0,11636
2025-11-01,Mid Luxury SUV,genesis,gv80,genesis_gv80,gv80,National,US,851954.0,24864.0,137997
2025-11-01,Mid Luxury SUV,genesis,gv80_coupe,genesis_gv80_coupe,gv80,National,US,63913.0,4243.0,22573
2025-11-01,Make Only,genesis,make_only,genesis_make_only,make_only,National,US,0.0,0.0,
2025-11-01,Brand,genesis,Total,genesis_Total,Total,WE,WE,489551.0,17651.0,79328
2025-11-01,Unassigned,genesis,Unassigned,unassigned,Unassigned,WE,WE,,,
2025-11-01,Unassigned,genesis,Unassigned,Unassigned,Unassigned,WE,WE,0.0,0.0,
2025-11-01,Near Luxury Car,genesis,g70,genesis_g70,g70,WE,WE,60768.0,2228.0,8957
2025-11-01,Mid Luxury Car,genesis,g80,genesis_g80,g80,WE,WE,10256.0,521.0,2868
2025-11-01,Mid Luxury EV Car,genesis,g80_ev,genesis_electrified_g80,g80_ev,WE,WE,1.0,0.0,0
2025-11-01,Premium Luxury Car,genesis,g90,genesis_g90,g90,WE,WE,9365.0,344.0,2511
2025-11-01,Entry Luxury EV SUV,genesis,gv60,genesis_gv60,gv60,WE,WE,14088.0,734.0,3441
2025-11-01,Near Luxury SUV,genesis,gv70,genesis_gv70,gv70,WE,WE,199002.0,4249.0,19212
2025-11-01,Near Luxury EV SUV,genesis,gv70_ev,genesis_electrified_gv70,gv70_ev,WE,WE,14103.0,583.0,2728
2025-11-01,Mid Luxury SUV,genesis,gv80,genesis_gv80,gv80,WE,WE,126648.0,3274.0,19339
2025-11-01,Mid Luxury SUV,genesis,gv80_coupe,genesis_gv80_coupe,gv80,WE,WE,8883.0,602.0,3098
2025-11-01,Make Only,genesis,make_only,genesis_make_only,make_only,WE,WE,0.0,0.0,
2025-12-01,Brand,genesis,Total,genesis_Total,Total,CE,CE,416796.0,22577.0,86386
2025-12-01,Unassigned,genesis,Unassigned,unassigned,Unassigned,CE,CE,,,
2025-12-01,Unassigned,genesis,Unassigned,Unassigned,Unassigned,CE,CE,0.0,0.0,
2025-12-01,Near Luxury Car,genesis,g70,genesis_g70,g70,CE,CE,45140.0,2349.0,8578
2025-12-01,Mid Luxury Car,genesis,g80,genesis_g80,g80,CE,CE,8996.0,659.0,3112
2025-12-01,Mid Luxury EV Car,genesis,g80_ev,genesis_electrified_g80,g80_ev,CE,CE,22.0,0.0,0
2025-12-01,Premium Luxury Car,genesis,g90,genesis_g90,g90,CE,CE,7163.0,404.0,2169
2025-12-01,Entry Luxury EV SUV,genesis,gv60,genesis_gv60,gv60,CE,CE,7133.0,180.0,1724
2025-12-01,Near Luxury SUV,genesis,gv70,genesis_gv70,gv70,CE,CE,188499.0,6144.0,24374
2025-12-01,Near Luxury EV SUV,genesis,gv70_ev,genesis_electrified_gv70,gv70_ev,CE,CE,9231.0,423.0,1605
2025-12-01,Mid Luxury SUV,genesis,gv80,genesis_gv80,gv80,CE,CE,113457.0,4619.0,21993
2025-12-01,Mid Luxury SUV,genesis,gv80_coupe,genesis_gv80_coupe,gv80,CE,CE,9166.0,798.0,3512
2025-12-01,Make Only,genesis,make_only,genesis_make_only,make_only,CE,CE,,,
2025-12-01,Brand,genesis,Total,genesis_Total,Total,EA,EA,535851.0,28484.0,118592
2025-12-01,Unassigned,genesis,Unassigned,Unassigned,Unassigned,EA,EA,0.0,0.0,
2025-12-01,Unassigned,genesis,Unassigned,unassigned,Unassigned,EA,EA,,,
2025-12-01,Near Luxury Car,genesis,g70,genesis_g70,g70,EA,EA,60398.0,3231.0,12209
2025-12-01,Mid Luxury Car,genesis,g80,genesis_g80,g80,EA,EA,12634.0,800.0,4530
2025-12-01,Mid Luxury EV Car,genesis,g80_ev,genesis_electrified_g80,g80_ev,EA,EA,25.0,0.0,0
2025-12-01,Premium Luxury Car,genesis,g90,genesis_g90,g90,EA,EA,9030.0,476.0,2804
2025-12-01,Entry Luxury EV SUV,genesis,gv60,genesis_gv60,gv60,EA,EA,11242.0,449.0,2800
2025-12-01,Near Luxury SUV,genesis,gv70,genesis_gv70,gv70,EA,EA,242316.0,8009.0,36992
2025-12-01,Near Luxury EV SUV,genesis,gv70_ev,genesis_electrified_gv70,gv70_ev,EA,EA,12956.0,433.0,2227
2025-12-01,Mid Luxury SUV,genesis,gv80,genesis_gv80,gv80,EA,EA,134911.0,5025.0,27425
2025-12-01,Mid Luxury SUV,genesis,gv80_coupe,genesis_gv80_coupe,gv80,EA,EA,12112.0,996.0,4738
2025-12-01,Make Only,genesis,make_only,genesis_make_only,make_only,EA,EA,,,
2025-12-01,Brand,genesis,Total,genesis_Total,Total,MA,MA,359950.0,18922.0,72557
2025-12-01,Unassigned,genesis,Unassigned,Unassigned,Unassigned,MA,MA,0.0,0.0,
2025-12-01,Unassigned,genesis,Unassigned,unassigned,Unassigned,MA,MA,,,
2025-12-01,Near Luxury Car,genesis,g70,genesis_g70,g70,MA,MA,39374.0,2120.0,7087
2025-12-01,Mid Luxury Car,genesis,g80,genesis_g80,g80,MA,MA,8075.0,524.0,2408
2025-12-01,Mid Luxury EV Car,genesis,g80_ev,genesis_electrified_g80,g80_ev,MA,MA,14.0,0.0,0
2025-12-01,Premium Luxury Car,genesis,g90,genesis_g90,g90,MA,MA,6132.0,341.0,1639
2025-12-01,Entry Luxury EV SUV,genesis,gv60,genesis_gv60,gv60,MA,MA,6339.0,154.0,1578
2025-12-01,Near Luxury SUV,genesis,gv70,genesis_gv70,gv70,MA,MA,158904.0,5027.0,20149
2025-12-01,Near Luxury EV SUV,genesis,gv70_ev,genesis_electrified_gv70,gv70_ev,MA,MA,8134.0,352.0,1478
2025-12-01,Mid Luxury SUV,genesis,gv80,genesis_gv80,gv80,MA,MA,97545.0,3622.0,18559
2025-12-01,Mid Luxury SUV,genesis,gv80_coupe,genesis_gv80_coupe,gv80,MA,MA,7410.0,628.0,2813
2025-12-01,Make Only,genesis,make_only,genesis_make_only,make_only,MA,MA,,,
2025-12-01,Brand,genesis,Total,genesis_Total,Total,MS,MS,265865.0,11695.0,49346
2025-12-01,Unassigned,genesis,Unassigned,Unassigned,Unassigned,MS,MS,0.0,0.0,
2025-12-01,Unassigned,genesis,Unassigned,unassigned,Unassigned,MS,MS,,,
2025-12-01,Near Luxury Car,genesis,g70,genesis_g70,g70,MS,MS,27470.0,1333.0,4639
2025-12-01,Mid Luxury Car,genesis,g80,genesis_g80,g80,MS,MS,4950.0,234.0,1465
2025-12-01,Mid Luxury EV Car,genesis,g80_ev,genesis_electrified_g80,g80_ev,MS,MS,3.0,0.0,0
2025-12-01,Premium Luxury Car,genesis,g90,genesis_g90,g90,MS,MS,4455.0,216.0,1318
2025-12-01,Entry Luxury EV SUV,genesis,gv60,genesis_gv60,gv60,MS,MS,5858.0,268.0,1540
2025-12-01,Near Luxury SUV,genesis,gv70,genesis_gv70,gv70,MS,MS,115552.0,3180.0,13412
2025-12-01,Near Luxury EV SUV,genesis,gv70_ev,genesis_electrified_gv70,gv70_ev,MS,MS,7312.0,318.0,1406
2025-12-01,Mid Luxury SUV,genesis,gv80,genesis_gv80,gv80,MS,MS,71048.0,2383.0,13054
2025-12-01,Mid Luxury SUV,genesis,gv80_coupe,genesis_gv80_coupe,gv80,MS,MS,5281.0,418.0,1986
2025-12-01,Make Only,genesis,make_only,genesis_make_only,make_only,MS,MS,,,
2025-12-01,Brand,genesis,Total,genesis_Total,Total,NH,NH,0.0,0.0,
2025-12-01,Unassigned,genesis,Unassigned,unassigned,Unassigned,NH,NH,,,
2025-12-01,Unassigned,genesis,Unassigned,Unassigned,Unassigned,NH,NH,0.0,0.0,
2025-12-01,Near Luxury Car,genesis,g70,genesis_g70,g70,NH,NH,0.0,0.0,
2025-12-01,Mid Luxury Car,genesis,g80,genesis_g80,g80,NH,NH,0.0,0.0,
2025-12-01,Mid Luxury EV Car,genesis,g80_ev,genesis_electrified_g80,g80_ev,NH,NH,0.0,0.0,
2025-12-01,Premium Luxury Car,genesis,g90,genesis_g90,g90,NH,NH,0.0,0.0,
2025-12-01,Entry Luxury EV SUV,genesis,gv60,genesis_gv60,gv60,NH,NH,0.0,0.0,
2025-12-01,Near Luxury SUV,genesis,gv70,genesis_gv70,gv70,NH,NH,0.0,0.0,
2025-12-01,Near Luxury EV SUV,genesis,gv70_ev,genesis_electrified_gv70,gv70_ev,NH,NH,0.0,0.0,
2025-12-01,Mid Luxury SUV,genesis,gv80,genesis_gv80,gv80,NH,NH,0.0,0.0,
2025-12-01,Mid Luxury SUV,genesis,gv80_coupe,genesis_gv80_coupe,gv80,NH,NH,0.0,0.0,
2025-12-01,Make Only,genesis,make_only,genesis_make_only,make_only,NH,NH,,,
2025-12-01,Brand,genesis,Total,genesis_Total,Total,SC,SC,453809.0,22354.0,89470
2025-12-01,Unassigned,genesis,Unassigned,unassigned,Unassigned,SC,SC,,,
2025-12-01,Unassigned,genesis,Unassigned,Unassigned,Unassigned,SC,SC,0.0,0.0,
2025-12-01,Near Luxury Car,genesis,g70,genesis_g70,g70,SC,SC,48254.0,2471.0,8327
2025-12-01,Mid Luxury Car,genesis,g80,genesis_g80,g80,SC,SC,9493.0,661.0,3124
2025-12-01,Mid Luxury EV Car,genesis,g80_ev,genesis_electrified_g80,g80_ev,SC,SC,8.0,0.0,0
2025-12-01,Premium Luxury Car,genesis,g90,genesis_g90,g90,SC,SC,7619.0,383.0,2173
2025-12-01,Entry Luxury EV SUV,genesis,gv60,genesis_gv60,gv60,SC,SC,7149.0,52.0,1558
2025-12-01,Near Luxury SUV,genesis,gv70,genesis_gv70,gv70,SC,SC,199239.0,6034.0,23631
2025-12-01,Near Luxury EV SUV,genesis,gv70_ev,genesis_electrified_gv70,gv70_ev,SC,SC,9330.0,329.0,1499
2025-12-01,Mid Luxury SUV,genesis,gv80,genesis_gv80,gv80,SC,SC,134559.0,5150.0,24706
2025-12-01,Mid Luxury SUV,genesis,gv80_coupe,genesis_gv80_coupe,gv80,SC,SC,10048.0,875.0,3840
2025-12-01,Make Only,genesis,make_only,genesis_make_only,make_only,SC,SC,,,
2025-12-01,Brand,genesis,Total,genesis_Total,Total,SO,SO,564649.0,31830.0,120673
2025-12-01,Unassigned,genesis,Unassigned,unassigned,Unassigned,SO,SO,,,
2025-12-01,Unassigned,genesis,Unassigned,Unassigned,Unassigned,SO,SO,0.0,0.0,
2025-12-01,Near Luxury Car,genesis,g70,genesis_g70,g70,SO,SO,62159.0,3305.0,11399
2025-12-01,Mid Luxury Car,genesis,g80,genesis_g80,g80,SO,SO,12473.0,1028.0,4144
2025-12-01,Mid Luxury EV Car,genesis,g80_ev,genesis_electrified_g80,g80_ev,SO,SO,15.0,0.0,0
2025-12-01,Premium Luxury Car,genesis,g90,genesis_g90,g90,SO,SO,9412.0,617.0,2982
2025-12-01,Entry Luxury EV SUV,genesis,gv60,genesis_gv60,gv60,SO,SO,9285.0,92.0,2281
2025-12-01,Near Luxury SUV,genesis,gv70,genesis_gv70,gv70,SO,SO,256329.0,8952.0,34812
2025-12-01,Near Luxury EV SUV,genesis,gv70_ev,genesis_electrified_gv70,gv70_ev,SO,SO,12462.0,466.0,2270
2025-12-01,Mid Luxury SUV,genesis,gv80,genesis_gv80,gv80,SO,SO,150348.0,6634.0,30363
2025-12-01,Mid Luxury SUV,genesis,gv80_coupe,genesis_gv80_coupe,gv80,SO,SO,12814.0,1147.0,5066
2025-12-01,Make Only,genesis,make_only,genesis_make_only,make_only,SO,SO,,,
2025-12-01,Brand,genesis,Total,genesis_Total,Total,National,US,3169962.0,158828.0,640167
2025-12-01,Unassigned,genesis,Unassigned,Unassigned,Unassigned,National,US,0.0,0.0,
2025-12-01,Unassigned,genesis,Unassigned,unassigned,Unassigned,National,US,,,
2025-12-01,Near Luxury Car,genesis,g70,genesis_g70,g70,National,US,345674.0,17635.0,63323
2025-12-01,Mid Luxury Car,genesis,g80,genesis_g80,g80,National,US,73599.0,4569.0,23380
2025-12-01,Mid Luxury EV Car,genesis,g80_ev,genesis_electrified_g80,g80_ev,National,US,129.0,0.0,1
2025-12-01,Premium Luxury Car,genesis,g90,genesis_g90,g90,National,US,62134.0,2935.0,17259
2025-12-01,Entry Luxury EV SUV,genesis,gv60,genesis_gv60,gv60,National,US,63418.0,2162.0,15485
2025-12-01,Near Luxury SUV,genesis,gv70,genesis_gv70,gv70,National,US,1389122.0,43302.0,180164
2025-12-01,Near Luxury EV SUV,genesis,gv70_ev,genesis_electrified_gv70,gv70_ev,National,US,77482.0,3088.0,14051
2025-12-01,Mid Luxury SUV,genesis,gv80,genesis_gv80,gv80,National,US,846125.0,31584.0,160229
2025-12-01,Mid Luxury SUV,genesis,gv80_coupe,genesis_gv80_coupe,gv80,National,US,70513.0,5702.0,26697
2025-12-01,Make Only,genesis,make_only,genesis_make_only,make_only,National,US,,,
2025-12-01,Brand,genesis,Total,genesis_Total,Total,WE,WE,493291.0,22099.0,91190
2025-12-01,Unassigned,genesis,Unassigned,unassigned,Unassigned,WE,WE,,,
2025-12-01,Unassigned,genesis,Unassigned,Unassigned,Unassigned,WE,WE,0.0,0.0,
2025-12-01,Near Luxury Car,genesis,g70,genesis_g70,g70,WE,WE,53961.0,2646.0,9644
2025-12-01,Mid Luxury Car,genesis,g80,genesis_g80,g80,WE,WE,10714.0,632.0,3429
2025-12-01,Mid Luxury EV Car,genesis,g80_ev,genesis_electrified_g80,g80_ev,WE,WE,39.0,0.0,1
2025-12-01,Premium Luxury Car,genesis,g90,genesis_g90,g90,WE,WE,8300.0,437.0,2507
2025-12-01,Entry Luxury EV SUV,genesis,gv60,genesis_gv60,gv60,WE,WE,12695.0,943.0,3557
2025-12-01,Near Luxury SUV,genesis,gv70,genesis_gv70,gv70,WE,WE,212107.0,5769.0,24705
2025-12-01,Near Luxury EV SUV,genesis,gv70_ev,genesis_electrified_gv70,gv70_ev,WE,WE,15274.0,746.0,3207
2025-12-01,Mid Luxury SUV,genesis,gv80,genesis_gv80,gv80,WE,WE,127404.0,3983.0,21617
2025-12-01,Mid Luxury SUV,genesis,gv80_coupe,genesis_gv80_coupe,gv80,WE,WE,9996.0,759.0,3797
2025-12-01,Make Only,genesis,make_only,genesis_make_only,make_only,WE,WE,,,
2026-01-01,Brand,genesis,Total,genesis_Total,Total,CE,CE,329222.0,17834.0,73335
2026-01-01,Unassigned,genesis,Unassigned,unassigned,Unassigned,CE,CE,,,
2026-01-01,Unassigned,genesis,Unassigned,Unassigned,Unassigned,CE,CE,0.0,0.0,
2026-01-01,Near Luxury Car,genesis,g70,genesis_g70,g70,CE,CE,40620.0,1980.0,7894
2026-01-01,Mid Luxury Car,genesis,g80,genesis_g80,g80,CE,CE,8661.0,528.0,2966
2026-01-01,Mid Luxury EV Car,genesis,g80_ev,genesis_electrified_g80,g80_ev,CE,CE,35.0,15.0,0
2026-01-01,Premium Luxury Car,genesis,g90,genesis_g90,g90,CE,CE,6572.0,358.0,2125
2026-01-01,Entry Luxury EV SUV,genesis,gv60,genesis_gv60,gv60,CE,CE,6179.0,142.0,1666
2026-01-01,Near Luxury SUV,genesis,gv70,genesis_gv70,gv70,CE,CE,127382.0,4522.0,20163
2026-01-01,Near Luxury EV SUV,genesis,gv70_ev,genesis_electrified_gv70,gv70_ev,CE,CE,11495.0,360.0,1814
2026-01-01,Mid Luxury SUV,genesis,gv80,genesis_gv80,gv80,CE,CE,103515.0,3528.0,18899
2026-01-01,Mid Luxury SUV,genesis,gv80_coupe,genesis_gv80_coupe,gv80,CE,CE,9715.0,772.0,3449
2026-01-01,Make Only,genesis,make_only,genesis_make_only,make_only,CE,CE,,,
2026-01-01,Brand,genesis,Total,genesis_Total,Total,EA,EA,445810.0,22653.0,105390
2026-01-01,Unassigned,genesis,Unassigned,Unassigned,Unassigned,EA,EA,0.0,0.0,
2026-01-01,Unassigned,genesis,Unassigned,unassigned,Unassigned,EA,EA,,,
2026-01-01,Near Luxury Car,genesis,g70,genesis_g70,g70,EA,EA,53887.0,2712.0,11740
2026-01-01,Mid Luxury Car,genesis,g80,genesis_g80,g80,EA,EA,11942.0,627.0,4241
2026-01-01,Mid Luxury EV Car,genesis,g80_ev,genesis_electrified_g80,g80_ev,EA,EA,77.0,0.0,0
2026-01-01,Premium Luxury Car,genesis,g90,genesis_g90,g90,EA,EA,8389.0,375.0,2639
2026-01-01,Entry Luxury EV SUV,genesis,gv60,genesis_gv60,gv60,EA,EA,10465.0,442.0,2710
2026-01-01,Near Luxury SUV,genesis,gv70,genesis_gv70,gv70,EA,EA,167735.0,5967.0,31406
2026-01-01,Near Luxury EV SUV,genesis,gv70_ev,genesis_electrified_gv70,gv70_ev,EA,EA,15820.0,415.0,2477
2026-01-01,Mid Luxury SUV,genesis,gv80,genesis_gv80,gv80,EA,EA,139488.0,4086.0,25239
2026-01-01,Mid Luxury SUV,genesis,gv80_coupe,genesis_gv80_coupe,gv80,EA,EA,12908.0,781.0,4825
2026-01-01,Make Only,genesis,make_only,genesis_make_only,make_only,EA,EA,,,
2026-01-01,Brand,genesis,Total,genesis_Total,Total,MA,MA,275401.0,14224.0,59207
2026-01-01,Unassigned,genesis,Unassigned,unassigned,Unassigned,MA,MA,,,
2026-01-01,Unassigned,genesis,Unassigned,Unassigned,Unassigned,MA,MA,0.0,0.0,
2026-01-01,Near Luxury Car,genesis,g70,genesis_g70,g70,MA,MA,33944.0,1653.0,6397
2026-01-01,Mid Luxury Car,genesis,g80,genesis_g80,g80,MA,MA,6738.0,411.0,2283
2026-01-01,Mid Luxury EV Car,genesis,g80_ev,genesis_electrified_g80,g80_ev,MA,MA,36.0,0.0,0
2026-01-01,Premium Luxury Car,genesis,g90,genesis_g90,g90,MA,MA,5161.0,264.0,1656
2026-01-01,Entry Luxury EV SUV,genesis,gv60,genesis_gv60,gv60,MA,MA,5492.0,154.0,1400
2026-01-01,Near Luxury SUV,genesis,gv70,genesis_gv70,gv70,MA,MA,103140.0,3216.0,15694
2026-01-01,Near Luxury EV SUV,genesis,gv70_ev,genesis_electrified_gv70,gv70_ev,MA,MA,9774.0,295.0,1543
2026-01-01,Mid Luxury SUV,genesis,gv80,genesis_gv80,gv80,MA,MA,88684.0,2887.0,15482
2026-01-01,Mid Luxury SUV,genesis,gv80_coupe,genesis_gv80_coupe,gv80,MA,MA,7736.0,492.0,2704
2026-01-01,Make Only,genesis,make_only,genesis_make_only,make_only,MA,MA,,,
2026-01-01,Brand,genesis,Total,genesis_Total,Total,MS,MS,208668.0,9473.0,43718
2026-01-01,Unassigned,genesis,Unassigned,Unassigned,Unassigned,MS,MS,0.0,0.0,
2026-01-01,Unassigned,genesis,Unassigned,unassigned,Unassigned,MS,MS,,,
2026-01-01,Near Luxury Car,genesis,g70,genesis_g70,g70,MS,MS,26049.0,1033.0,4665
2026-01-01,Mid Luxury Car,genesis,g80,genesis_g80,g80,MS,MS,4838.0,267.0,1612
2026-01-01,Mid Luxury EV Car,genesis,g80_ev,genesis_electrified_g80,g80_ev,MS,MS,9.0,0.0,0
2026-01-01,Premium Luxury Car,genesis,g90,genesis_g90,g90,MS,MS,4155.0,103.0,1276
2026-01-01,Entry Luxury EV SUV,genesis,gv60,genesis_gv60,gv60,MS,MS,5153.0,213.0,1464
2026-01-01,Near Luxury SUV,genesis,gv70,genesis_gv70,gv70,MS,MS,77814.0,2278.0,11173
2026-01-01,Near Luxury EV SUV,genesis,gv70_ev,genesis_electrified_gv70,gv70_ev,MS,MS,8833.0,277.0,1570
2026-01-01,Mid Luxury SUV,genesis,gv80,genesis_gv80,gv80,MS,MS,66660.0,2007.0,11725
2026-01-01,Mid Luxury SUV,genesis,gv80_coupe,genesis_gv80_coupe,gv80,MS,MS,5489.0,422.0,2103
2026-01-01,Make Only,genesis,make_only,genesis_make_only,make_only,MS,MS,,,
2026-01-01,Brand,genesis,Total,genesis_Total,Total,NH,NH,0.0,0.0,
2026-01-01,Unassigned,genesis,Unassigned,unassigned,Unassigned,NH,NH,,,
2026-01-01,Unassigned,genesis,Unassigned,Unassigned,Unassigned,NH,NH,0.0,0.0,
2026-01-01,Near Luxury Car,genesis,g70,genesis_g70,g70,NH,NH,0.0,0.0,
2026-01-01,Mid Luxury Car,genesis,g80,genesis_g80,g80,NH,NH,0.0,0.0,
2026-01-01,Mid Luxury EV Car,genesis,g80_ev,genesis_electrified_g80,g80_ev,NH,NH,0.0,0.0,
2026-01-01,Premium Luxury Car,genesis,g90,genesis_g90,g90,NH,NH,0.0,0.0,
2026-01-01,Entry Luxury EV SUV,genesis,gv60,genesis_gv60,gv60,NH,NH,0.0,0.0,
2026-01-01,Near Luxury SUV,genesis,gv70,genesis_gv70,gv70,NH,NH,0.0,0.0,
2026-01-01,Near Luxury EV SUV,genesis,gv70_ev,genesis_electrified_gv70,gv70_ev,NH,NH,0.0,0.0,
2026-01-01,Mid Luxury SUV,genesis,gv80,genesis_gv80,gv80,NH,NH,0.0,0.0,
2026-01-01,Mid Luxury SUV,genesis,gv80_coupe,genesis_gv80_coupe,gv80,NH,NH,0.0,0.0,
2026-01-01,Make Only,genesis,make_only,genesis_make_only,make_only,NH,NH,,,
2026-01-01,Brand,genesis,Total,genesis_Total,Total,SC,SC,344771.0,17319.0,74670
2026-01-01,Unassigned,genesis,Unassigned,unassigned,Unassigned,SC,SC,,,
2026-01-01,Unassigned,genesis,Unassigned,Unassigned,Unassigned,SC,SC,0.0,0.0,
2026-01-01,Near Luxury Car,genesis,g70,genesis_g70,g70,SC,SC,40505.0,2083.0,7752
2026-01-01,Mid Luxury Car,genesis,g80,genesis_g80,g80,SC,SC,9110.0,610.0,2908
2026-01-01,Mid Luxury EV Car,genesis,g80_ev,genesis_electrified_g80,g80_ev,SC,SC,23.0,0.0,0
2026-01-01,Premium Luxury Car,genesis,g90,genesis_g90,g90,SC,SC,6961.0,302.0,2114
2026-01-01,Entry Luxury EV SUV,genesis,gv60,genesis_gv60,gv60,SC,SC,6063.0,32.0,1406
2026-01-01,Near Luxury SUV,genesis,gv70,genesis_gv70,gv70,SC,SC,127410.0,4354.0,18951
2026-01-01,Near Luxury EV SUV,genesis,gv70_ev,genesis_electrified_gv70,gv70_ev,SC,SC,11081.0,106.0,1397
2026-01-01,Mid Luxury SUV,genesis,gv80,genesis_gv80,gv80,SC,SC,117607.0,3845.0,20893
2026-01-01,Mid Luxury SUV,genesis,gv80_coupe,genesis_gv80_coupe,gv80,SC,SC,10426.0,802.0,3846
2026-01-01,Make Only,genesis,make_only,genesis_make_only,make_only,SC,SC,,,
2026-01-01,Brand,genesis,Total,genesis_Total,Total,SO,SO,435596.0,26100.0,105773
2026-01-01,Unassigned,genesis,Unassigned,unassigned,Unassigned,SO,SO,,,
2026-01-01,Unassigned,genesis,Unassigned,Unassigned,Unassigned,SO,SO,0.0,0.0,
2026-01-01,Near Luxury Car,genesis,g70,genesis_g70,g70,SO,SO,55518.0,3128.0,11280
2026-01-01,Mid Luxury Car,genesis,g80,genesis_g80,g80,SO,SO,12042.0,860.0,4196
2026-01-01,Mid Luxury EV Car,genesis,g80_ev,genesis_electrified_g80,g80_ev,SO,SO,36.0,0.0,1
2026-01-01,Premium Luxury Car,genesis,g90,genesis_g90,g90,SO,SO,8955.0,516.0,2721
2026-01-01,Entry Luxury EV SUV,genesis,gv60,genesis_gv60,gv60,SO,SO,8600.0,86.0,2103
2026-01-01,Near Luxury SUV,genesis,gv70,genesis_gv70,gv70,SO,SO,171137.0,6786.0,29472
2026-01-01,Near Luxury EV SUV,genesis,gv70_ev,genesis_electrified_gv70,gv70_ev,SO,SO,16577.0,456.0,2518
2026-01-01,Mid Luxury SUV,genesis,gv80,genesis_gv80,gv80,SO,SO,129683.0,5104.0,26535
2026-01-01,Mid Luxury SUV,genesis,gv80_coupe,genesis_gv80_coupe,gv80,SO,SO,13594.0,1098.0,5110
2026-01-01,Make Only,genesis,make_only,genesis_make_only,make_only,SO,SO,,,
2026-01-01,Brand,genesis,Total,genesis_Total,Total,National,US,2525128.0,126869.0,556029
2026-01-01,Unassigned,genesis,Unassigned,Unassigned,Unassigned,National,US,0.0,0.0,
2026-01-01,Unassigned,genesis,Unassigned,unassigned,Unassigned,National,US,,,
2026-01-01,Near Luxury Car,genesis,g70,genesis_g70,g70,National,US,306506.0,14988.0,60499
2026-01-01,Mid Luxury Car,genesis,g80,genesis_g80,g80,National,US,70641.0,3959.0,22825
2026-01-01,Mid Luxury EV Car,genesis,g80_ev,genesis_electrified_g80,g80_ev,National,US,306.0,16.0,4
2026-01-01,Premium Luxury Car,genesis,g90,genesis_g90,g90,National,US,57369.0,2290.0,16507
2026-01-01,Entry Luxury EV SUV,genesis,gv60,genesis_gv60,gv60,National,US,58740.0,1863.0,14997
2026-01-01,Near Luxury SUV,genesis,gv70,genesis_gv70,gv70,National,US,929805.0,31479.0,149702
2026-01-01,Near Luxury EV SUV,genesis,gv70_ev,genesis_electrified_gv70,gv70_ev,National,US,94851.0,2802.0,15310
2026-01-01,Mid Luxury SUV,genesis,gv80,genesis_gv80,gv80,National,US,784994.0,24767.0,139871
2026-01-01,Mid Luxury SUV,genesis,gv80_coupe,genesis_gv80_coupe,gv80,National,US,74439.0,5087.0,26659
2026-01-01,Make Only,genesis,make_only,genesis_make_only,make_only,National,US,,,
2026-01-01,Brand,genesis,Total,genesis_Total,Total,WE,WE,411068.0,18583.0,82671
2026-01-01,Unassigned,genesis,Unassigned,Unassigned,Unassigned,WE,WE,0.0,0.0,
2026-01-01,Unassigned,genesis,Unassigned,unassigned,Unassigned,WE,WE,,,
2026-01-01,Near Luxury Car,genesis,g70,genesis_g70,g70,WE,WE,47246.0,2306.0,9329
2026-01-01,Mid Luxury Car,genesis,g80,genesis_g80,g80,WE,WE,10463.0,615.0,3440
2026-01-01,Mid Luxury EV Car,genesis,g80_ev,genesis_electrified_g80,g80_ev,WE,WE,86.0,1.0,3
2026-01-01,Premium Luxury Car,genesis,g90,genesis_g90,g90,WE,WE,7999.0,330.0,2414
2026-01-01,Entry Luxury EV SUV,genesis,gv60,genesis_gv60,gv60,WE,WE,12826.0,774.0,3753
2026-01-01,Near Luxury SUV,genesis,gv70,genesis_gv70,gv70,WE,WE,141096.0,4175.0,20768
2026-01-01,Near Luxury EV SUV,genesis,gv70_ev,genesis_electrified_gv70,gv70_ev,WE,WE,18284.0,871.0,3652
2026-01-01,Mid Luxury SUV,genesis,gv80,genesis_gv80,gv80,WE,WE,123854.0,3166.0,18807
2026-01-01,Mid Luxury SUV,genesis,gv80_coupe,genesis_gv80_coupe,gv80,WE,WE,11420.0,678.0,3832
2026-01-01,Make Only,genesis,make_only,genesis_make_only,make_only,WE,WE,,,
2026-02-01,Brand,genesis,Total,genesis_Total,Total,CE,CE,334842.0,18273.0,70546
2026-02-01,Unassigned,genesis,Unassigned,unassigned,Unassigned,CE,CE,,,
2026-02-01,Unassigned,genesis,Unassigned,Unassigned,Unassigned,CE,CE,0.0,0.0,
2026-02-01,Near Luxury Car,genesis,g70,genesis_g70,g70,CE,CE,41427.0,2360.0,7135
2026-02-01,Mid Luxury Car,genesis,g80,genesis_g80,g80,CE,CE,7919.0,552.0,2814
2026-02-01,Mid Luxury EV Car,genesis,g80_ev,genesis_electrified_g80,g80_ev,CE,CE,33.0,0.0,0
2026-02-01,Premium Luxury Car,genesis,g90,genesis_g90,g90,CE,CE,6355.0,348.0,1978
2026-02-01,Entry Luxury EV SUV,genesis,gv60,genesis_gv60,gv60,CE,CE,6241.0,163.0,1535
2026-02-01,Near Luxury SUV,genesis,gv70,genesis_gv70,gv70,CE,CE,122401.0,4300.0,19729
2026-02-01,Near Luxury EV SUV,genesis,gv70_ev,genesis_electrified_gv70,gv70_ev,CE,CE,12106.0,404.0,1704
2026-02-01,Mid Luxury SUV,genesis,gv80,genesis_gv80,gv80,CE,CE,104706.0,3369.0,18435
2026-02-01,Mid Luxury SUV,genesis,gv80_coupe,genesis_gv80_coupe,gv80,CE,CE,9003.0,675.0,3449
2026-02-01,Make Only,genesis,make_only,genesis_make_only,make_only,CE,CE,,,
2026-02-01,Brand,genesis,Total,genesis_Total,Total,EA,EA,443005.0,21519.0,95116
2026-02-01,Unassigned,genesis,Unassigned,Unassigned,Unassigned,EA,EA,0.0,0.0,
2026-02-01,Unassigned,genesis,Unassigned,unassigned,Unassigned,EA,EA,,,
2026-02-01,Near Luxury Car,genesis,g70,genesis_g70,g70,EA,EA,52327.0,2716.0,10450
2026-02-01,Mid Luxury Car,genesis,g80,genesis_g80,g80,EA,EA,10607.0,606.0,3695
2026-02-01,Mid Luxury EV Car,genesis,g80_ev,genesis_electrified_g80,g80_ev,EA,EA,58.0,0.0,0
2026-02-01,Premium Luxury Car,genesis,g90,genesis_g90,g90,EA,EA,7577.0,361.0,2275
2026-02-01,Entry Luxury EV SUV,genesis,gv60,genesis_gv60,gv60,EA,EA,9538.0,392.0,2586
2026-02-01,Near Luxury SUV,genesis,gv70,genesis_gv70,gv70,EA,EA,162421.0,5474.0,29106
2026-02-01,Near Luxury EV SUV,genesis,gv70_ev,genesis_electrified_gv70,gv70_ev,EA,EA,15620.0,447.0,2381
2026-02-01,Mid Luxury SUV,genesis,gv80,genesis_gv80,gv80,EA,EA,134601.0,4016.0,22660
2026-02-01,Mid Luxury SUV,genesis,gv80_coupe,genesis_gv80_coupe,gv80,EA,EA,11332.0,788.0,4417
2026-02-01,Make Only,genesis,make_only,genesis_make_only,make_only,EA,EA,,,
2026-02-01,Brand,genesis,Total,genesis_Total,Total,MA,MA,265775.0,13854.0,55047
2026-02-01,Unassigned,genesis,Unassigned,Unassigned,Unassigned,MA,MA,0.0,0.0,
2026-02-01,Unassigned,genesis,Unassigned,unassigned,Unassigned,MA,MA,,,
2026-02-01,Near Luxury Car,genesis,g70,genesis_g70,g70,MA,MA,31575.0,1802.0,5559
2026-02-01,Mid Luxury Car,genesis,g80,genesis_g80,g80,MA,MA,6465.0,438.0,2229
2026-02-01,Mid Luxury EV Car,genesis,g80_ev,genesis_electrified_g80,g80_ev,MA,MA,47.0,0.0,0
2026-02-01,Premium Luxury Car,genesis,g90,genesis_g90,g90,MA,MA,4977.0,263.0,1478
2026-02-01,Entry Luxury EV SUV,genesis,gv60,genesis_gv60,gv60,MA,MA,5402.0,146.0,1355
2026-02-01,Near Luxury SUV,genesis,gv70,genesis_gv70,gv70,MA,MA,96988.0,3275.0,15152
2026-02-01,Near Luxury EV SUV,genesis,gv70_ev,genesis_electrified_gv70,gv70_ev,MA,MA,10004.0,295.0,1468
2026-02-01,Mid Luxury SUV,genesis,gv80,genesis_gv80,gv80,MA,MA,83074.0,2669.0,14216
2026-02-01,Mid Luxury SUV,genesis,gv80_coupe,genesis_gv80_coupe,gv80,MA,MA,7446.0,525.0,2767
2026-02-01,Make Only,genesis,make_only,genesis_make_only,make_only,MA,MA,,,
2026-02-01,Brand,genesis,Total,genesis_Total,Total,MS,MS,212993.0,9214.0,41235
2026-02-01,Unassigned,genesis,Unassigned,Unassigned,Unassigned,MS,MS,0.0,0.0,
2026-02-01,Unassigned,genesis,Unassigned,unassigned,Unassigned,MS,MS,,,
2026-02-01,Near Luxury Car,genesis,g70,genesis_g70,g70,MS,MS,25549.0,1228.0,4157
2026-02-01,Mid Luxury Car,genesis,g80,genesis_g80,g80,MS,MS,4580.0,297.0,1604
2026-02-01,Mid Luxury EV Car,genesis,g80_ev,genesis_electrified_g80,g80_ev,MS,MS,40.0,0.0,0
2026-02-01,Premium Luxury Car,genesis,g90,genesis_g90,g90,MS,MS,3835.0,159.0,1234
2026-02-01,Entry Luxury EV SUV,genesis,gv60,genesis_gv60,gv60,MS,MS,5159.0,195.0,1480
2026-02-01,Near Luxury SUV,genesis,gv70,genesis_gv70,gv70,MS,MS,74250.0,2040.0,10383
2026-02-01,Near Luxury EV SUV,genesis,gv70_ev,genesis_electrified_gv70,gv70_ev,MS,MS,9472.0,315.0,1694
2026-02-01,Mid Luxury SUV,genesis,gv80,genesis_gv80,gv80,MS,MS,66452.0,1839.0,11101
2026-02-01,Mid Luxury SUV,genesis,gv80_coupe,genesis_gv80_coupe,gv80,MS,MS,5281.0,364.0,2021
2026-02-01,Make Only,genesis,make_only,genesis_make_only,make_only,MS,MS,,,
2026-02-01,Brand,genesis,Total,genesis_Total,Total,NH,NH,0.0,0.0,
2026-02-01,Unassigned,genesis,Unassigned,Unassigned,Unassigned,NH,NH,0.0,0.0,
2026-02-01,Unassigned,genesis,Unassigned,unassigned,Unassigned,NH,NH,,,
2026-02-01,Near Luxury Car,genesis,g70,genesis_g70,g70,NH,NH,0.0,0.0,
2026-02-01,Mid Luxury Car,genesis,g80,genesis_g80,g80,NH,NH,0.0,0.0,
2026-02-01,Mid Luxury EV Car,genesis,g80_ev,genesis_electrified_g80,g80_ev,NH,NH,0.0,0.0,
2026-02-01,Premium Luxury Car,genesis,g90,genesis_g90,g90,NH,NH,0.0,0.0,
2026-02-01,Entry Luxury EV SUV,genesis,gv60,genesis_gv60,gv60,NH,NH,0.0,0.0,
2026-02-01,Near Luxury SUV,genesis,gv70,genesis_gv70,gv70,NH,NH,0.0,0.0,
2026-02-01,Near Luxury EV SUV,genesis,gv70_ev,genesis_electrified_gv70,gv70_ev,NH,NH,0.0,0.0,
2026-02-01,Mid Luxury SUV,genesis,gv80,genesis_gv80,gv80,NH,NH,0.0,0.0,
2026-02-01,Mid Luxury SUV,genesis,gv80_coupe,genesis_gv80_coupe,gv80,NH,NH,0.0,0.0,
2026-02-01,Make Only,genesis,make_only,genesis_make_only,make_only,NH,NH,,,
2026-02-01,Brand,genesis,Total,genesis_Total,Total,SC,SC,335789.0,15640.0,63181
2026-02-01,Unassigned,genesis,Unassigned,unassigned,Unassigned,SC,SC,,,
2026-02-01,Unassigned,genesis,Unassigned,Unassigned,Unassigned,SC,SC,0.0,0.0,
2026-02-01,Near Luxury Car,genesis,g70,genesis_g70,g70,SC,SC,39075.0,2118.0,6536
2026-02-01,Mid Luxury Car,genesis,g80,genesis_g80,g80,SC,SC,7796.0,581.0,2606
2026-02-01,Mid Luxury EV Car,genesis,g80_ev,genesis_electrified_g80,g80_ev,SC,SC,18.0,0.0,0
2026-02-01,Premium Luxury Car,genesis,g90,genesis_g90,g90,SC,SC,6325.0,313.0,1786
2026-02-01,Entry Luxury EV SUV,genesis,gv60,genesis_gv60,gv60,SC,SC,5495.0,109.0,1258
2026-02-01,Near Luxury SUV,genesis,gv70,genesis_gv70,gv70,SC,SC,117973.0,3522.0,16240
2026-02-01,Near Luxury EV SUV,genesis,gv70_ev,genesis_electrified_gv70,gv70_ev,SC,SC,10921.0,63.0,1374
2026-02-01,Mid Luxury SUV,genesis,gv80,genesis_gv80,gv80,SC,SC,113084.0,3191.0,17317
2026-02-01,Mid Luxury SUV,genesis,gv80_coupe,genesis_gv80_coupe,gv80,SC,SC,8614.0,778.0,3162
2026-02-01,Make Only,genesis,make_only,genesis_make_only,make_only,SC,SC,,,
2026-02-01,Brand,genesis,Total,genesis_Total,Total,SO,SO,423415.0,25587.0,96523
2026-02-01,Unassigned,genesis,Unassigned,unassigned,Unassigned,SO,SO,,,
2026-02-01,Unassigned,genesis,Unassigned,Unassigned,Unassigned,SO,SO,0.0,0.0,
2026-02-01,Near Luxury Car,genesis,g70,genesis_g70,g70,SO,SO,52310.0,3286.0,9591
2026-02-01,Mid Luxury Car,genesis,g80,genesis_g80,g80,SO,SO,10765.0,858.0,3799
2026-02-01,Mid Luxury EV Car,genesis,g80_ev,genesis_electrified_g80,g80_ev,SO,SO,38.0,0.0,0
2026-02-01,Premium Luxury Car,genesis,g90,genesis_g90,g90,SO,SO,8492.0,569.0,2637
2026-02-01,Entry Luxury EV SUV,genesis,gv60,genesis_gv60,gv60,SO,SO,7978.0,200.0,2034
2026-02-01,Near Luxury SUV,genesis,gv70,genesis_gv70,gv70,SO,SO,163594.0,6148.0,27608
2026-02-01,Near Luxury EV SUV,genesis,gv70_ev,genesis_electrified_gv70,gv70_ev,SO,SO,16999.0,492.0,2356
2026-02-01,Mid Luxury SUV,genesis,gv80,genesis_gv80,gv80,SO,SO,129795.0,4825.0,23788
2026-02-01,Mid Luxury SUV,genesis,gv80_coupe,genesis_gv80_coupe,gv80,SO,SO,12063.0,1140.0,4827
2026-02-01,Make Only,genesis,make_only,genesis_make_only,make_only,SO,SO,,,
2026-02-01,Brand,genesis,Total,genesis_Total,Total,National,US,2513449.0,122872.0,505841
2026-02-01,Unassigned,genesis,Unassigned,Unassigned,Unassigned,National,US,0.0,0.0,
2026-02-01,Unassigned,genesis,Unassigned,unassigned,Unassigned,National,US,,,
2026-02-01,Near Luxury Car,genesis,g70,genesis_g70,g70,National,US,301433.0,16209.0,52827
2026-02-01,Mid Luxury Car,genesis,g80,genesis_g80,g80,National,US,64173.0,3918.0,20964
2026-02-01,Mid Luxury EV Car,genesis,g80_ev,genesis_electrified_g80,g80_ev,National,US,330.0,0.0,0
2026-02-01,Premium Luxury Car,genesis,g90,genesis_g90,g90,National,US,52987.0,2406.0,14720
2026-02-01,Entry Luxury EV SUV,genesis,gv60,genesis_gv60,gv60,National,US,55916.0,2077.0,14288
2026-02-01,Near Luxury SUV,genesis,gv70,genesis_gv70,gv70,National,US,894302.0,28894.0,139061
2026-02-01,Near Luxury EV SUV,genesis,gv70_ev,genesis_electrified_gv70,gv70_ev,National,US,96388.0,2814.0,14634
2026-02-01,Mid Luxury SUV,genesis,gv80,genesis_gv80,gv80,National,US,769196.0,23004.0,127166
2026-02-01,Mid Luxury SUV,genesis,gv80_coupe,genesis_gv80_coupe,gv80,National,US,66354.0,4971.0,24840
2026-02-01,Make Only,genesis,make_only,genesis_make_only,make_only,National,US,,,
2026-02-01,Brand,genesis,Total,genesis_Total,Total,WE,WE,421702.0,18071.0,73790
2026-02-01,Unassigned,genesis,Unassigned,Unassigned,Unassigned,WE,WE,0.0,0.0,
2026-02-01,Unassigned,genesis,Unassigned,unassigned,Unassigned,WE,WE,,,
2026-02-01,Near Luxury Car,genesis,g70,genesis_g70,g70,WE,WE,50806.0,2579.0,8114
2026-02-01,Mid Luxury Car,genesis,g80,genesis_g80,g80,WE,WE,9243.0,552.0,3152
2026-02-01,Mid Luxury EV Car,genesis,g80_ev,genesis_electrified_g80,g80_ev,WE,WE,94.0,0.0,0
2026-02-01,Premium Luxury Car,genesis,g90,genesis_g90,g90,WE,WE,7371.0,361.0,2126
2026-02-01,Entry Luxury EV SUV,genesis,gv60,genesis_gv60,gv60,WE,WE,11877.0,850.0,3553
2026-02-01,Near Luxury SUV,genesis,gv70,genesis_gv70,gv70,WE,WE,142838.0,3943.0,18918
2026-02-01,Near Luxury EV SUV,genesis,gv70_ev,genesis_electrified_gv70,gv70_ev,WE,WE,18313.0,788.0,3343
2026-02-01,Mid Luxury SUV,genesis,gv80,genesis_gv80,gv80,WE,WE,120545.0,2931.0,17476
2026-02-01,Mid Luxury SUV,genesis,gv80_coupe,genesis_gv80_coupe,gv80,WE,WE,9801.0,665.0,3467
2026-02-01,Make Only,genesis,make_only,genesis_make_only,make_only,WE,WE,,,
2026-03-01,Brand,genesis,Total,genesis_Total,Total,CE,CE,381807.0,20221.0,78902
2026-03-01,Unassigned,genesis,Unassigned,unassigned,Unassigned,CE,CE,,,
2026-03-01,Unassigned,genesis,Unassigned,Unassigned,Unassigned,CE,CE,0.0,0.0,
2026-03-01,Near Luxury Car,genesis,g70,genesis_g70,g70,CE,CE,49736.0,2884.0,9290
2026-03-01,Mid Luxury Car,genesis,g80,genesis_g80,g80,CE,CE,9077.0,669.0,3035
2026-03-01,Mid Luxury EV Car,genesis,g80_ev,genesis_electrified_g80,g80_ev,CE,CE,62.0,0.0,1
2026-03-01,Premium Luxury Car,genesis,g90,genesis_g90,g90,CE,CE,6596.0,405.0,2019
2026-03-01,Entry Luxury EV SUV,genesis,gv60,genesis_gv60,gv60,CE,CE,7114.0,373.0,1753
2026-03-01,Near Luxury SUV,genesis,gv70,genesis_gv70,gv70,CE,CE,154160.0,5007.0,22755
2026-03-01,Near Luxury EV SUV,genesis,gv70_ev,genesis_electrified_gv70,gv70_ev,CE,CE,10309.0,426.0,1958
2026-03-01,Mid Luxury SUV,genesis,gv80,genesis_gv80,gv80,CE,CE,104479.0,3560.0,18919
2026-03-01,Mid Luxury SUV,genesis,gv80_coupe,genesis_gv80_coupe,gv80,CE,CE,7790.0,686.0,2941
2026-03-01,Make Only,genesis,make_only,genesis_make_only,make_only,CE,CE,,,
2026-03-01,Brand,genesis,Total,genesis_Total,Total,EA,EA,527763.0,26716.0,112942
2026-03-01,Unassigned,genesis,Unassigned,Unassigned,Unassigned,EA,EA,0.0,0.0,
2026-03-01,Unassigned,genesis,Unassigned,unassigned,Unassigned,EA,EA,,,
2026-03-01,Near Luxury Car,genesis,g70,genesis_g70,g70,EA,EA,64492.0,3549.0,12417
2026-03-01,Mid Luxury Car,genesis,g80,genesis_g80,g80,EA,EA,12209.0,736.0,4121
2026-03-01,Mid Luxury EV Car,genesis,g80_ev,genesis_electrified_g80,g80_ev,EA,EA,121.0,0.0,2
2026-03-01,Premium Luxury Car,genesis,g90,genesis_g90,g90,EA,EA,8429.0,431.0,2445
2026-03-01,Entry Luxury EV SUV,genesis,gv60,genesis_gv60,gv60,EA,EA,11952.0,772.0,3293
2026-03-01,Near Luxury SUV,genesis,gv70,genesis_gv70,gv70,EA,EA,207722.0,6872.0,36882
2026-03-01,Near Luxury EV SUV,genesis,gv70_ev,genesis_electrified_gv70,gv70_ev,EA,EA,15336.0,593.0,2682
2026-03-01,Mid Luxury SUV,genesis,gv80,genesis_gv80,gv80,EA,EA,144928.0,4347.0,25597
2026-03-01,Mid Luxury SUV,genesis,gv80_coupe,genesis_gv80_coupe,gv80,EA,EA,10663.0,806.0,4114
2026-03-01,Make Only,genesis,make_only,genesis_make_only,make_only,EA,EA,,,
2026-03-01,Brand,genesis,Total,genesis_Total,Total,MA,MA,311056.0,16379.0,61620
2026-03-01,Unassigned,genesis,Unassigned,Unassigned,Unassigned,MA,MA,0.0,0.0,
2026-03-01,Unassigned,genesis,Unassigned,unassigned,Unassigned,MA,MA,,,
2026-03-01,Near Luxury Car,genesis,g70,genesis_g70,g70,MA,MA,38434.0,2208.0,7020
2026-03-01,Mid Luxury Car,genesis,g80,genesis_g80,g80,MA,MA,7247.0,570.0,2319
2026-03-01,Mid Luxury EV Car,genesis,g80_ev,genesis_electrified_g80,g80_ev,MA,MA,44.0,0.0,0
2026-03-01,Premium Luxury Car,genesis,g90,genesis_g90,g90,MA,MA,5828.0,358.0,1610
2026-03-01,Entry Luxury EV SUV,genesis,gv60,genesis_gv60,gv60,MA,MA,6637.0,361.0,1737
2026-03-01,Near Luxury SUV,genesis,gv70,genesis_gv70,gv70,MA,MA,122719.0,3968.0,17709
2026-03-01,Near Luxury EV SUV,genesis,gv70_ev,genesis_electrified_gv70,gv70_ev,MA,MA,9100.0,415.0,1689
2026-03-01,Mid Luxury SUV,genesis,gv80,genesis_gv80,gv80,MA,MA,84816.0,2728.0,14657
2026-03-01,Mid Luxury SUV,genesis,gv80_coupe,genesis_gv80_coupe,gv80,MA,MA,6091.0,560.0,2376
2026-03-01,Make Only,genesis,make_only,genesis_make_only,make_only,MA,MA,,,
2026-03-01,Brand,genesis,Total,genesis_Total,Total,MS,MS,248144.0,10652.0,43255
2026-03-01,Unassigned,genesis,Unassigned,unassigned,Unassigned,MS,MS,,,
2026-03-01,Unassigned,genesis,Unassigned,Unassigned,Unassigned,MS,MS,0.0,0.0,
2026-03-01,Near Luxury Car,genesis,g70,genesis_g70,g70,MS,MS,29561.0,1447.0,4759
2026-03-01,Mid Luxury Car,genesis,g80,genesis_g80,g80,MS,MS,4890.0,330.0,1506
2026-03-01,Mid Luxury EV Car,genesis,g80_ev,genesis_electrified_g80,g80_ev,MS,MS,42.0,0.0,0
2026-03-01,Premium Luxury Car,genesis,g90,genesis_g90,g90,MS,MS,4195.0,190.0,1137
2026-03-01,Entry Luxury EV SUV,genesis,gv60,genesis_gv60,gv60,MS,MS,6109.0,418.0,1643
2026-03-01,Near Luxury SUV,genesis,gv70,genesis_gv70,gv70,MS,MS,93154.0,2475.0,11964
2026-03-01,Near Luxury EV SUV,genesis,gv70_ev,genesis_electrified_gv70,gv70_ev,MS,MS,8429.0,442.0,1763
2026-03-01,Mid Luxury SUV,genesis,gv80,genesis_gv80,gv80,MS,MS,64579.0,1851.0,10587
2026-03-01,Mid Luxury SUV,genesis,gv80_coupe,genesis_gv80_coupe,gv80,MS,MS,4487.0,367.0,1656
2026-03-01,Make Only,genesis,make_only,genesis_make_only,make_only,MS,MS,,,
2026-03-01,Brand,genesis,Total,genesis_Total,Total,NH,NH,0.0,0.0,
2026-03-01,Unassigned,genesis,Unassigned,unassigned,Unassigned,NH,NH,,,
2026-03-01,Unassigned,genesis,Unassigned,Unassigned,Unassigned,NH,NH,0.0,0.0,
2026-03-01,Near Luxury Car,genesis,g70,genesis_g70,g70,NH,NH,0.0,0.0,
2026-03-01,Mid Luxury Car,genesis,g80,genesis_g80,g80,NH,NH,0.0,0.0,
2026-03-01,Mid Luxury EV Car,genesis,g80_ev,genesis_electrified_g80,g80_ev,NH,NH,0.0,0.0,
2026-03-01,Premium Luxury Car,genesis,g90,genesis_g90,g90,NH,NH,0.0,0.0,
2026-03-01,Entry Luxury EV SUV,genesis,gv60,genesis_gv60,gv60,NH,NH,0.0,0.0,
2026-03-01,Near Luxury SUV,genesis,gv70,genesis_gv70,gv70,NH,NH,0.0,0.0,
2026-03-01,Near Luxury EV SUV,genesis,gv70_ev,genesis_electrified_gv70,gv70_ev,NH,NH,0.0,0.0,
2026-03-01,Mid Luxury SUV,genesis,gv80,genesis_gv80,gv80,NH,NH,0.0,0.0,
2026-03-01,Mid Luxury SUV,genesis,gv80_coupe,genesis_gv80_coupe,gv80,NH,NH,0.0,0.0,
2026-03-01,Make Only,genesis,make_only,genesis_make_only,make_only,NH,NH,,,
2026-03-01,Brand,genesis,Total,genesis_Total,Total,SC,SC,386272.0,19964.0,76757
2026-03-01,Unassigned,genesis,Unassigned,unassigned,Unassigned,SC,SC,,,
2026-03-01,Unassigned,genesis,Unassigned,Unassigned,Unassigned,SC,SC,0.0,0.0,
2026-03-01,Near Luxury Car,genesis,g70,genesis_g70,g70,SC,SC,49053.0,2655.0,8360
2026-03-01,Mid Luxury Car,genesis,g80,genesis_g80,g80,SC,SC,9169.0,649.0,2760
2026-03-01,Mid Luxury EV Car,genesis,g80_ev,genesis_electrified_g80,g80_ev,SC,SC,48.0,0.0,0
2026-03-01,Premium Luxury Car,genesis,g90,genesis_g90,g90,SC,SC,7099.0,470.0,2058
2026-03-01,Entry Luxury EV SUV,genesis,gv60,genesis_gv60,gv60,SC,SC,6878.0,302.0,1574
2026-03-01,Near Luxury SUV,genesis,gv70,genesis_gv70,gv70,SC,SC,145408.0,4817.0,20919
2026-03-01,Near Luxury EV SUV,genesis,gv70_ev,genesis_electrified_gv70,gv70_ev,SC,SC,9741.0,141.0,1592
2026-03-01,Mid Luxury SUV,genesis,gv80,genesis_gv80,gv80,SC,SC,111716.0,3762.0,19846
2026-03-01,Mid Luxury SUV,genesis,gv80_coupe,genesis_gv80_coupe,gv80,SC,SC,8230.0,855.0,3106
2026-03-01,Make Only,genesis,make_only,genesis_make_only,make_only,SC,SC,,,
2026-03-01,Brand,genesis,Total,genesis_Total,Total,SO,SO,505768.0,29607.0,109315
2026-03-01,Unassigned,genesis,Unassigned,unassigned,Unassigned,SO,SO,,,
2026-03-01,Unassigned,genesis,Unassigned,Unassigned,Unassigned,SO,SO,0.0,0.0,
2026-03-01,Near Luxury Car,genesis,g70,genesis_g70,g70,SO,SO,64915.0,4101.0,11779
2026-03-01,Mid Luxury Car,genesis,g80,genesis_g80,g80,SO,SO,11907.0,997.0,4020
2026-03-01,Mid Luxury EV Car,genesis,g80_ev,genesis_electrified_g80,g80_ev,SO,SO,39.0,0.0,0
2026-03-01,Premium Luxury Car,genesis,g90,genesis_g90,g90,SO,SO,8890.0,628.0,2551
2026-03-01,Entry Luxury EV SUV,genesis,gv60,genesis_gv60,gv60,SO,SO,9630.0,601.0,2491
2026-03-01,Near Luxury SUV,genesis,gv70,genesis_gv70,gv70,SO,SO,203172.0,7270.0,32343
2026-03-01,Near Luxury EV SUV,genesis,gv70_ev,genesis_electrified_gv70,gv70_ev,SO,SO,14975.0,658.0,2869
2026-03-01,Mid Luxury SUV,genesis,gv80,genesis_gv80,gv80,SO,SO,137422.0,5473.0,26935
2026-03-01,Mid Luxury SUV,genesis,gv80_coupe,genesis_gv80_coupe,gv80,SO,SO,11180.0,1184.0,4414
2026-03-01,Make Only,genesis,make_only,genesis_make_only,make_only,SO,SO,,,
2026-03-01,Brand,genesis,Total,genesis_Total,Total,National,US,2876458.0,144564.0,573762
2026-03-01,Unassigned,genesis,Unassigned,Unassigned,Unassigned,National,US,0.0,0.0,
2026-03-01,Unassigned,genesis,Unassigned,unassigned,Unassigned,National,US,,,
2026-03-01,Near Luxury Car,genesis,g70,genesis_g70,g70,National,US,361968.0,20004.0,64585
2026-03-01,Mid Luxury Car,genesis,g80,genesis_g80,g80,National,US,71343.0,4624.0,22170
2026-03-01,Mid Luxury EV Car,genesis,g80_ev,genesis_electrified_g80,g80_ev,National,US,529.0,1.0,3
2026-03-01,Premium Luxury Car,genesis,g90,genesis_g90,g90,National,US,56436.0,2912.0,15138
2026-03-01,Entry Luxury EV SUV,genesis,gv60,genesis_gv60,gv60,National,US,66933.0,4085.0,16816
2026-03-01,Near Luxury SUV,genesis,gv70,genesis_gv70,gv70,National,US,1099720.0,35089.0,166246
2026-03-01,Near Luxury EV SUV,genesis,gv70_ev,genesis_electrified_gv70,gv70_ev,National,US,89424.0,3711.0,16845
2026-03-01,Mid Luxury SUV,genesis,gv80,genesis_gv80,gv80,National,US,777614.0,25079.0,136904
2026-03-01,Mid Luxury SUV,genesis,gv80_coupe,genesis_gv80_coupe,gv80,National,US,59243.0,5193.0,22223
2026-03-01,Make Only,genesis,make_only,genesis_make_only,make_only,National,US,,,
2026-03-01,Brand,genesis,Total,genesis_Total,Total,WE,WE,434781.0,20313.0,80246
2026-03-01,Unassigned,genesis,Unassigned,unassigned,Unassigned,WE,WE,,,
2026-03-01,Unassigned,genesis,Unassigned,Unassigned,Unassigned,WE,WE,0.0,0.0,
2026-03-01,Near Luxury Car,genesis,g70,genesis_g70,g70,WE,WE,57080.0,3026.0,9623
2026-03-01,Mid Luxury Car,genesis,g80,genesis_g80,g80,WE,WE,10299.0,623.0,3304
2026-03-01,Mid Luxury EV Car,genesis,g80_ev,genesis_electrified_g80,g80_ev,WE,WE,144.0,1.0,0
2026-03-01,Premium Luxury Car,genesis,g90,genesis_g90,g90,WE,WE,7530.0,401.0,2099
2026-03-01,Entry Luxury EV SUV,genesis,gv60,genesis_gv60,gv60,WE,WE,14206.0,1207.0,3821
2026-03-01,Near Luxury SUV,genesis,gv70,genesis_gv70,gv70,WE,WE,158204.0,4479.0,21622
2026-03-01,Near Luxury EV SUV,genesis,gv70_ev,genesis_electrified_gv70,gv70_ev,WE,WE,18162.0,1006.0,3877
2026-03-01,Mid Luxury SUV,genesis,gv80,genesis_gv80,gv80,WE,WE,113895.0,3221.0,18117
2026-03-01,Mid Luxury SUV,genesis,gv80_coupe,genesis_gv80_coupe,gv80,WE,WE,8167.0,693.0,2908
2026-03-01,Make Only,genesis,make_only,genesis_make_only,make_only,WE,WE,,,
2026-04-01,Brand,genesis,Total,genesis_Total,Total,CE,CE,442676.0,16186.0,75182
2026-04-01,Unassigned,genesis,Unassigned,Unassigned,Unassigned,CE,CE,0.0,0.0,
2026-04-01,Unassigned,genesis,Unassigned,unassigned,Unassigned,CE,CE,,,
2026-04-01,Near Luxury Car,genesis,g70,genesis_g70,g70,CE,CE,44508.0,2185.0,7766
2026-04-01,Mid Luxury Car,genesis,g80,genesis_g80,g80,CE,CE,8488.0,602.0,3039
2026-04-01,Mid Luxury EV Car,genesis,g80_ev,genesis_electrified_g80,g80_ev,CE,CE,56.0,0.0,0
2026-04-01,Premium Luxury Car,genesis,g90,genesis_g90,g90,CE,CE,7023.0,306.0,2164
2026-04-01,Entry Luxury EV SUV,genesis,gv60,genesis_gv60,gv60,CE,CE,6974.0,353.0,1998
2026-04-01,Near Luxury SUV,genesis,gv70,genesis_gv70,gv70,CE,CE,243209.0,4037.0,21458
2026-04-01,Near Luxury EV SUV,genesis,gv70_ev,genesis_electrified_gv70,gv70_ev,CE,CE,15226.0,440.0,2428
2026-04-01,Mid Luxury SUV,genesis,gv80,genesis_gv80,gv80,CE,CE,93546.0,3023.0,18042
2026-04-01,Mid Luxury SUV,genesis,gv80_coupe,genesis_gv80_coupe,gv80,CE,CE,8750.0,692.0,3857
2026-04-01,Make Only,genesis,make_only,genesis_make_only,make_only,CE,CE,,,
2026-04-01,Brand,genesis,Total,genesis_Total,Total,EA,EA,590211.0,21033.0,109237
2026-04-01,Unassigned,genesis,Unassigned,Unassigned,Unassigned,EA,EA,0.0,0.0,
2026-04-01,Unassigned,genesis,Unassigned,unassigned,Unassigned,EA,EA,,,
2026-04-01,Near Luxury Car,genesis,g70,genesis_g70,g70,EA,EA,61531.0,2897.0,11919
2026-04-01,Mid Luxury Car,genesis,g80,genesis_g80,g80,EA,EA,12193.0,652.0,4300
2026-04-01,Mid Luxury EV Car,genesis,g80_ev,genesis_electrified_g80,g80_ev,EA,EA,85.0,0.0,0
2026-04-01,Premium Luxury Car,genesis,g90,genesis_g90,g90,EA,EA,9201.0,360.0,2710
2026-04-01,Entry Luxury EV SUV,genesis,gv60,genesis_gv60,gv60,EA,EA,12070.0,643.0,3396
2026-04-01,Near Luxury SUV,genesis,gv70,genesis_gv70,gv70,EA,EA,315292.0,5585.0,34480
2026-04-01,Near Luxury EV SUV,genesis,gv70_ev,genesis_electrified_gv70,gv70_ev,EA,EA,21344.0,507.0,3197
2026-04-01,Mid Luxury SUV,genesis,gv80,genesis_gv80,gv80,EA,EA,116321.0,3435.0,23544
2026-04-01,Mid Luxury SUV,genesis,gv80_coupe,genesis_gv80_coupe,gv80,EA,EA,12356.0,811.0,5441
2026-04-01,Make Only,genesis,make_only,genesis_make_only,make_only,EA,EA,,,
2026-04-01,Brand,genesis,Total,genesis_Total,Total,MA,MA,376351.0,12784.0,61003
2026-04-01,Unassigned,genesis,Unassigned,Unassigned,Unassigned,MA,MA,0.0,0.0,
2026-04-01,Unassigned,genesis,Unassigned,unassigned,Unassigned,MA,MA,,,
2026-04-01,Near Luxury Car,genesis,g70,genesis_g70,g70,MA,MA,37047.0,1847.0,6400
2026-04-01,Mid Luxury Car,genesis,g80,genesis_g80,g80,MA,MA,7254.0,462.0,2363
2026-04-01,Mid Luxury EV Car,genesis,g80_ev,genesis_electrified_g80,g80_ev,MA,MA,88.0,0.0,0
2026-04-01,Premium Luxury Car,genesis,g90,genesis_g90,g90,MA,MA,5821.0,237.0,1690
2026-04-01,Entry Luxury EV SUV,genesis,gv60,genesis_gv60,gv60,MA,MA,6383.0,371.0,1944
2026-04-01,Near Luxury SUV,genesis,gv70,genesis_gv70,gv70,MA,MA,206909.0,3234.0,17148
2026-04-01,Near Luxury EV SUV,genesis,gv70_ev,genesis_electrified_gv70,gv70_ev,MA,MA,13160.0,411.0,2114
2026-04-01,Mid Luxury SUV,genesis,gv80,genesis_gv80,gv80,MA,MA,76825.0,2170.0,14347
2026-04-01,Mid Luxury SUV,genesis,gv80_coupe,genesis_gv80_coupe,gv80,MA,MA,7092.0,475.0,2982
2026-04-01,Make Only,genesis,make_only,genesis_make_only,make_only,MA,MA,,,
2026-04-01,Brand,genesis,Total,genesis_Total,Total,MS,MS,292410.0,8654.0,44806
2026-04-01,Unassigned,genesis,Unassigned,Unassigned,Unassigned,MS,MS,0.0,0.0,
2026-04-01,Unassigned,genesis,Unassigned,unassigned,Unassigned,MS,MS,,,
2026-04-01,Near Luxury Car,genesis,g70,genesis_g70,g70,MS,MS,28284.0,1221.0,4876
2026-04-01,Mid Luxury Car,genesis,g80,genesis_g80,g80,MS,MS,5057.0,236.0,1670
2026-04-01,Mid Luxury EV Car,genesis,g80_ev,genesis_electrified_g80,g80_ev,MS,MS,63.0,1.0,1
2026-04-01,Premium Luxury Car,genesis,g90,genesis_g90,g90,MS,MS,4670.0,144.0,1409
2026-04-01,Entry Luxury EV SUV,genesis,gv60,genesis_gv60,gv60,MS,MS,6235.0,392.0,1769
2026-04-01,Near Luxury SUV,genesis,gv70,genesis_gv70,gv70,MS,MS,148129.0,2066.0,11855
2026-04-01,Near Luxury EV SUV,genesis,gv70_ev,genesis_electrified_gv70,gv70_ev,MS,MS,12184.0,319.0,2041
2026-04-01,Mid Luxury SUV,genesis,gv80,genesis_gv80,gv80,MS,MS,70023.0,1644.0,11083
2026-04-01,Mid Luxury SUV,genesis,gv80_coupe,genesis_gv80_coupe,gv80,MS,MS,5046.0,363.0,2243
2026-04-01,Make Only,genesis,make_only,genesis_make_only,make_only,MS,MS,,,
2026-04-01,Brand,genesis,Total,genesis_Total,Total,NH,NH,0.0,0.0,
2026-04-01,Unassigned,genesis,Unassigned,unassigned,Unassigned,NH,NH,,,
2026-04-01,Unassigned,genesis,Unassigned,Unassigned,Unassigned,NH,NH,0.0,0.0,
2026-04-01,Near Luxury Car,genesis,g70,genesis_g70,g70,NH,NH,0.0,0.0,
2026-04-01,Mid Luxury Car,genesis,g80,genesis_g80,g80,NH,NH,0.0,0.0,
2026-04-01,Mid Luxury EV Car,genesis,g80_ev,genesis_electrified_g80,g80_ev,NH,NH,0.0,0.0,
2026-04-01,Premium Luxury Car,genesis,g90,genesis_g90,g90,NH,NH,0.0,0.0,
2026-04-01,Entry Luxury EV SUV,genesis,gv60,genesis_gv60,gv60,NH,NH,0.0,0.0,
2026-04-01,Near Luxury SUV,genesis,gv70,genesis_gv70,gv70,NH,NH,0.0,0.0,
2026-04-01,Near Luxury EV SUV,genesis,gv70_ev,genesis_electrified_gv70,gv70_ev,NH,NH,0.0,0.0,
2026-04-01,Mid Luxury SUV,genesis,gv80,genesis_gv80,gv80,NH,NH,0.0,0.0,
2026-04-01,Mid Luxury SUV,genesis,gv80_coupe,genesis_gv80_coupe,gv80,NH,NH,0.0,0.0,
2026-04-01,Make Only,genesis,make_only,genesis_make_only,make_only,NH,NH,,,
2026-04-01,Brand,genesis,Total,genesis_Total,Total,SC,SC,478892.0,15841.0,76360
2026-04-01,Unassigned,genesis,Unassigned,Unassigned,Unassigned,SC,SC,0.0,0.0,
2026-04-01,Unassigned,genesis,Unassigned,unassigned,Unassigned,SC,SC,,,
2026-04-01,Near Luxury Car,genesis,g70,genesis_g70,g70,SC,SC,47899.0,2318.0,7892
2026-04-01,Mid Luxury Car,genesis,g80,genesis_g80,g80,SC,SC,8933.0,538.0,2944
2026-04-01,Mid Luxury EV Car,genesis,g80_ev,genesis_electrified_g80,g80_ev,SC,SC,53.0,0.0,0
2026-04-01,Premium Luxury Car,genesis,g90,genesis_g90,g90,SC,SC,7525.0,380.0,2135
2026-04-01,Entry Luxury EV SUV,genesis,gv60,genesis_gv60,gv60,SC,SC,6715.0,349.0,1650
2026-04-01,Near Luxury SUV,genesis,gv70,genesis_gv70,gv70,SC,SC,253144.0,4069.0,20919
2026-04-01,Near Luxury EV SUV,genesis,gv70_ev,genesis_electrified_gv70,gv70_ev,SC,SC,15179.0,77.0,2042
2026-04-01,Mid Luxury SUV,genesis,gv80,genesis_gv80,gv80,SC,SC,108919.0,3488.0,19860
2026-04-01,Mid Luxury SUV,genesis,gv80_coupe,genesis_gv80_coupe,gv80,SC,SC,9671.0,763.0,3853
2026-04-01,Make Only,genesis,make_only,genesis_make_only,make_only,SC,SC,,,
2026-04-01,Brand,genesis,Total,genesis_Total,Total,SO,SO,613820.0,22831.0,105347
2026-04-01,Unassigned,genesis,Unassigned,unassigned,Unassigned,SO,SO,,,
2026-04-01,Unassigned,genesis,Unassigned,Unassigned,Unassigned,SO,SO,0.0,0.0,
2026-04-01,Near Luxury Car,genesis,g70,genesis_g70,g70,SO,SO,59976.0,3105.0,10664
2026-04-01,Mid Luxury Car,genesis,g80,genesis_g80,g80,SO,SO,11258.0,829.0,4188
2026-04-01,Mid Luxury EV Car,genesis,g80_ev,genesis_electrified_g80,g80_ev,SO,SO,36.0,0.0,0
2026-04-01,Premium Luxury Car,genesis,g90,genesis_g90,g90,SO,SO,9107.0,521.0,2722
2026-04-01,Entry Luxury EV SUV,genesis,gv60,genesis_gv60,gv60,SO,SO,9322.0,711.0,2783
2026-04-01,Near Luxury SUV,genesis,gv70,genesis_gv70,gv70,SO,SO,335850.0,5701.0,30847
2026-04-01,Near Luxury EV SUV,genesis,gv70_ev,genesis_electrified_gv70,gv70_ev,SO,SO,21595.0,582.0,3346
2026-04-01,Mid Luxury SUV,genesis,gv80,genesis_gv80,gv80,SO,SO,135699.0,4349.0,25040
2026-04-01,Mid Luxury SUV,genesis,gv80_coupe,genesis_gv80_coupe,gv80,SO,SO,12786.0,1005.0,5609
2026-04-01,Make Only,genesis,make_only,genesis_make_only,make_only,SO,SO,,,
2026-04-01,Brand,genesis,Total,genesis_Total,Total,National,US,3390504.0,114227.0,563739
2026-04-01,Unassigned,genesis,Unassigned,unassigned,Unassigned,National,US,,,
2026-04-01,Unassigned,genesis,Unassigned,Unassigned,Unassigned,National,US,0.0,0.0,
2026-04-01,Near Luxury Car,genesis,g70,genesis_g70,g70,National,US,344756.0,16154.0,60194
2026-04-01,Mid Luxury Car,genesis,g80,genesis_g80,g80,National,US,70648.0,3891.0,22965
2026-04-01,Mid Luxury EV Car,genesis,g80_ev,genesis_electrified_g80,g80_ev,National,US,556.0,1.0,2
2026-04-01,Premium Luxury Car,genesis,g90,genesis_g90,g90,National,US,62733.0,2300.0,16968
2026-04-01,Entry Luxury EV SUV,genesis,gv60,genesis_gv60,gv60,National,US,66745.0,3937.0,18276
2026-04-01,Near Luxury SUV,genesis,gv70,genesis_gv70,gv70,National,US,1773264.0,28616.0,159524
2026-04-01,Near Luxury EV SUV,genesis,gv70_ev,genesis_electrified_gv70,gv70_ev,National,US,126777.0,3214.0,20324
2026-04-01,Mid Luxury SUV,genesis,gv80,genesis_gv80,gv80,National,US,720969.0,20881.0,131268
2026-04-01,Mid Luxury SUV,genesis,gv80_coupe,genesis_gv80_coupe,gv80,National,US,67856.0,4816.0,28542
2026-04-01,Make Only,genesis,make_only,genesis_make_only,make_only,National,US,,,
2026-04-01,Brand,genesis,Total,genesis_Total,Total,WE,WE,497235.0,16340.0,80658
2026-04-01,Unassigned,genesis,Unassigned,Unassigned,Unassigned,WE,WE,0.0,0.0,
2026-04-01,Unassigned,genesis,Unassigned,unassigned,Unassigned,WE,WE,,,
2026-04-01,Near Luxury Car,genesis,g70,genesis_g70,g70,WE,WE,56003.0,2468.0,9243
2026-04-01,Mid Luxury Car,genesis,g80,genesis_g80,g80,WE,WE,10125.0,540.0,3323
2026-04-01,Mid Luxury EV Car,genesis,g80_ev,genesis_electrified_g80,g80_ev,WE,WE,166.0,0.0,1
2026-04-01,Premium Luxury Car,genesis,g90,genesis_g90,g90,WE,WE,8600.0,317.0,2507
2026-04-01,Entry Luxury EV SUV,genesis,gv60,genesis_gv60,gv60,WE,WE,14386.0,1084.0,4215
2026-04-01,Near Luxury SUV,genesis,gv70,genesis_gv70,gv70,WE,WE,247929.0,3792.0,20620
2026-04-01,Near Luxury EV SUV,genesis,gv70_ev,genesis_electrified_gv70,gv70_ev,WE,WE,24596.0,858.0,4726
2026-04-01,Mid Luxury SUV,genesis,gv80,genesis_gv80,gv80,WE,WE,99543.0,2693.0,17435
2026-04-01,Mid Luxury SUV,genesis,gv80_coupe,genesis_gv80_coupe,gv80,WE,WE,9288.0,670.0,3768
2026-04-01,Make Only,genesis,make_only,genesis_make_only,make_only,WE,WE,,,
2026-05-01,Brand,genesis,Total,genesis_Total,Total,CE,CE,369973.0,16798.0,71418
2026-05-01,Unassigned,genesis,Unassigned,unassigned,Unassigned,CE,CE,,,
2026-05-01,Unassigned,genesis,Unassigned,Unassigned,Unassigned,CE,CE,0.0,0.0,
2026-05-01,Near Luxury Car,genesis,g70,genesis_g70,g70,CE,CE,46988.0,2389.0,7776
2026-05-01,Mid Luxury Car,genesis,g80,genesis_g80,g80,CE,CE,8517.0,664.0,3044
2026-05-01,Mid Luxury EV Car,genesis,g80_ev,genesis_electrified_g80,g80_ev,CE,CE,23.0,0.0,1
2026-05-01,Premium Luxury Car,genesis,g90,genesis_g90,g90,CE,CE,6411.0,387.0,2016
2026-05-01,Entry Luxury EV SUV,genesis,gv60,genesis_gv60,gv60,CE,CE,7120.0,487.0,2153
2026-05-01,Near Luxury SUV,genesis,gv70,genesis_gv70,gv70,CE,CE,171824.0,4117.0,21061
2026-05-01,Near Luxury EV SUV,genesis,gv70_ev,genesis_electrified_gv70,gv70_ev,CE,CE,15972.0,556.0,2357
2026-05-01,Mid Luxury SUV,genesis,gv80,genesis_gv80,gv80,CE,CE,84212.0,2790.0,15779
2026-05-01,Mid Luxury SUV,genesis,gv80_coupe,genesis_gv80_coupe,gv80,CE,CE,7770.0,585.0,3389
2026-05-01,Make Only,genesis,make_only,genesis_make_only,make_only,CE,CE,,,
2026-05-01,Brand,genesis,Total,genesis_Total,Total,EA,EA,503242.0,21325.0,103577
2026-05-01,Unassigned,genesis,Unassigned,Unassigned,Unassigned,EA,EA,0.0,0.0,
2026-05-01,Unassigned,genesis,Unassigned,unassigned,Unassigned,EA,EA,,,
2026-05-01,Near Luxury Car,genesis,g70,genesis_g70,g70,EA,EA,66296.0,3102.0,11973
2026-05-01,Mid Luxury Car,genesis,g80,genesis_g80,g80,EA,EA,11863.0,660.0,4370
2026-05-01,Mid Luxury EV Car,genesis,g80_ev,genesis_electrified_g80,g80_ev,EA,EA,23.0,0.0,0
2026-05-01,Premium Luxury Car,genesis,g90,genesis_g90,g90,EA,EA,8341.0,438.0,2528
2026-05-01,Entry Luxury EV SUV,genesis,gv60,genesis_gv60,gv60,EA,EA,11204.0,828.0,3448
2026-05-01,Near Luxury SUV,genesis,gv70,genesis_gv70,gv70,EA,EA,234185.0,5646.0,33955
2026-05-01,Near Luxury EV SUV,genesis,gv70_ev,genesis_electrified_gv70,gv70_ev,EA,EA,21097.0,540.0,2954
2026-05-01,Mid Luxury SUV,genesis,gv80,genesis_gv80,gv80,EA,EA,104197.0,3126.0,20342
2026-05-01,Mid Luxury SUV,genesis,gv80_coupe,genesis_gv80_coupe,gv80,EA,EA,10313.0,740.0,4367
2026-05-01,Make Only,genesis,make_only,genesis_make_only,make_only,EA,EA,,,
2026-05-01,Brand,genesis,Total,genesis_Total,Total,MA,MA,332176.0,13891.0,61532
2026-05-01,Unassigned,genesis,Unassigned,Unassigned,Unassigned,MA,MA,0.0,0.0,
2026-05-01,Unassigned,genesis,Unassigned,unassigned,Unassigned,MA,MA,,,
2026-05-01,Near Luxury Car,genesis,g70,genesis_g70,g70,MA,MA,41998.0,1998.0,6716
2026-05-01,Mid Luxury Car,genesis,g80,genesis_g80,g80,MA,MA,8155.0,542.0,2598
2026-05-01,Mid Luxury EV Car,genesis,g80_ev,genesis_electrified_g80,g80_ev,MA,MA,17.0,1.0,0
2026-05-01,Premium Luxury Car,genesis,g90,genesis_g90,g90,MA,MA,6131.0,284.0,1722
2026-05-01,Entry Luxury EV SUV,genesis,gv60,genesis_gv60,gv60,MA,MA,6905.0,457.0,2081
2026-05-01,Near Luxury SUV,genesis,gv70,genesis_gv70,gv70,MA,MA,152161.0,3331.0,17688
2026-05-01,Near Luxury EV SUV,genesis,gv70_ev,genesis_electrified_gv70,gv70_ev,MA,MA,14597.0,453.0,2115
2026-05-01,Mid Luxury SUV,genesis,gv80,genesis_gv80,gv80,MA,MA,74824.0,2282.0,13624
2026-05-01,Mid Luxury SUV,genesis,gv80_coupe,genesis_gv80_coupe,gv80,MA,MA,6678.0,560.0,2959
2026-05-01,Make Only,genesis,make_only,genesis_make_only,make_only,MA,MA,,,
2026-05-01,Brand,genesis,Total,genesis_Total,Total,MS,MS,246381.0,9224.0,42217
2026-05-01,Unassigned,genesis,Unassigned,unassigned,Unassigned,MS,MS,,,
2026-05-01,Unassigned,genesis,Unassigned,Unassigned,Unassigned,MS,MS,0.0,0.0,
2026-05-01,Near Luxury Car,genesis,g70,genesis_g70,g70,MS,MS,30205.0,1313.0,4691
2026-05-01,Mid Luxury Car,genesis,g80,genesis_g80,g80,MS,MS,5162.0,262.0,1588
2026-05-01,Mid Luxury EV Car,genesis,g80_ev,genesis_electrified_g80,g80_ev,MS,MS,57.0,0.0,0
2026-05-01,Premium Luxury Car,genesis,g90,genesis_g90,g90,MS,MS,4195.0,185.0,1254
2026-05-01,Entry Luxury EV SUV,genesis,gv60,genesis_gv60,gv60,MS,MS,6421.0,601.0,2062
2026-05-01,Near Luxury SUV,genesis,gv70,genesis_gv70,gv70,MS,MS,108918.0,2280.0,11881
2026-05-01,Near Luxury EV SUV,genesis,gv70_ev,genesis_electrified_gv70,gv70_ev,MS,MS,12924.0,310.0,2042
2026-05-01,Mid Luxury SUV,genesis,gv80,genesis_gv80,gv80,MS,MS,56344.0,1530.0,9195
2026-05-01,Mid Luxury SUV,genesis,gv80_coupe,genesis_gv80_coupe,gv80,MS,MS,4352.0,358.0,1786
2026-05-01,Make Only,genesis,make_only,genesis_make_only,make_only,MS,MS,,,
2026-05-01,Brand,genesis,Total,genesis_Total,Total,NH,NH,0.0,0.0,
2026-05-01,Unassigned,genesis,Unassigned,Unassigned,Unassigned,NH,NH,0.0,0.0,
2026-05-01,Unassigned,genesis,Unassigned,unassigned,Unassigned,NH,NH,,,
2026-05-01,Near Luxury Car,genesis,g70,genesis_g70,g70,NH,NH,0.0,0.0,
2026-05-01,Mid Luxury Car,genesis,g80,genesis_g80,g80,NH,NH,0.0,0.0,
2026-05-01,Mid Luxury EV Car,genesis,g80_ev,genesis_electrified_g80,g80_ev,NH,NH,0.0,0.0,
2026-05-01,Premium Luxury Car,genesis,g90,genesis_g90,g90,NH,NH,0.0,0.0,
2026-05-01,Entry Luxury EV SUV,genesis,gv60,genesis_gv60,gv60,NH,NH,0.0,0.0,
2026-05-01,Near Luxury SUV,genesis,gv70,genesis_gv70,gv70,NH,NH,0.0,0.0,
2026-05-01,Near Luxury EV SUV,genesis,gv70_ev,genesis_electrified_gv70,gv70_ev,NH,NH,0.0,0.0,
2026-05-01,Mid Luxury SUV,genesis,gv80,genesis_gv80,gv80,NH,NH,0.0,0.0,
2026-05-01,Mid Luxury SUV,genesis,gv80_coupe,genesis_gv80_coupe,gv80,NH,NH,0.0,0.0,
2026-05-01,Make Only,genesis,make_only,genesis_make_only,make_only,NH,NH,,,
2026-05-01,Brand,genesis,Total,genesis_Total,Total,SC,SC,396660.0,16377.0,71882
2026-05-01,Unassigned,genesis,Unassigned,Unassigned,Unassigned,SC,SC,0.0,0.0,
2026-05-01,Unassigned,genesis,Unassigned,unassigned,Unassigned,SC,SC,,,
2026-05-01,Near Luxury Car,genesis,g70,genesis_g70,g70,SC,SC,50863.0,2444.0,7665
2026-05-01,Mid Luxury Car,genesis,g80,genesis_g80,g80,SC,SC,9169.0,568.0,3030
2026-05-01,Mid Luxury EV Car,genesis,g80_ev,genesis_electrified_g80,g80_ev,SC,SC,39.0,0.0,0
2026-05-01,Premium Luxury Car,genesis,g90,genesis_g90,g90,SC,SC,7061.0,436.0,1978
2026-05-01,Entry Luxury EV SUV,genesis,gv60,genesis_gv60,gv60,SC,SC,6766.0,468.0,1899
2026-05-01,Near Luxury SUV,genesis,gv70,genesis_gv70,gv70,SC,SC,182957.0,4321.0,20253
2026-05-01,Near Luxury EV SUV,genesis,gv70_ev,genesis_electrified_gv70,gv70_ev,SC,SC,15140.0,108.0,1801
2026-05-01,Mid Luxury SUV,genesis,gv80,genesis_gv80,gv80,SC,SC,94563.0,3276.0,17448
2026-05-01,Mid Luxury SUV,genesis,gv80_coupe,genesis_gv80_coupe,gv80,SC,SC,8679.0,826.0,3545
2026-05-01,Make Only,genesis,make_only,genesis_make_only,make_only,SC,SC,,,
2026-05-01,Brand,genesis,Total,genesis_Total,Total,SO,SO,504858.0,23273.0,98104
2026-05-01,Unassigned,genesis,Unassigned,Unassigned,Unassigned,SO,SO,0.0,0.0,
2026-05-01,Unassigned,genesis,Unassigned,unassigned,Unassigned,SO,SO,,,
2026-05-01,Near Luxury Car,genesis,g70,genesis_g70,g70,SO,SO,64489.0,3235.0,10480
2026-05-01,Mid Luxury Car,genesis,g80,genesis_g80,g80,SO,SO,11576.0,775.0,4067
2026-05-01,Mid Luxury EV Car,genesis,g80_ev,genesis_electrified_g80,g80_ev,SO,SO,40.0,0.0,0
2026-05-01,Premium Luxury Car,genesis,g90,genesis_g90,g90,SO,SO,8555.0,643.0,2592
2026-05-01,Entry Luxury EV SUV,genesis,gv60,genesis_gv60,gv60,SO,SO,9235.0,717.0,2754
2026-05-01,Near Luxury SUV,genesis,gv70,genesis_gv70,gv70,SO,SO,233798.0,5685.0,29356
2026-05-01,Near Luxury EV SUV,genesis,gv70_ev,genesis_electrified_gv70,gv70_ev,SO,SO,21633.0,521.0,3096
2026-05-01,Mid Luxury SUV,genesis,gv80,genesis_gv80,gv80,SO,SO,119783.0,4044.0,21804
2026-05-01,Mid Luxury SUV,genesis,gv80_coupe,genesis_gv80_coupe,gv80,SO,SO,11209.0,976.0,4920
2026-05-01,Make Only,genesis,make_only,genesis_make_only,make_only,SO,SO,,,
2026-05-01,Brand,genesis,Total,genesis_Total,Total,National,US,2866305.0,118016.0,530852
2026-05-01,Unassigned,genesis,Unassigned,Unassigned,Unassigned,National,US,0.0,0.0,
2026-05-01,Unassigned,genesis,Unassigned,unassigned,Unassigned,National,US,,,
2026-05-01,Near Luxury Car,genesis,g70,genesis_g70,g70,National,US,365506.0,17089.0,58686
2026-05-01,Mid Luxury Car,genesis,g80,genesis_g80,g80,National,US,71223.0,4087.0,22898
2026-05-01,Mid Luxury EV Car,genesis,g80_ev,genesis_electrified_g80,g80_ev,National,US,430.0,2.0,1
2026-05-01,Premium Luxury Car,genesis,g90,genesis_g90,g90,National,US,56358.0,2783.0,15371
2026-05-01,Entry Luxury EV SUV,genesis,gv60,genesis_gv60,gv60,National,US,66414.0,4796.0,19398
2026-05-01,Near Luxury SUV,genesis,gv70,genesis_gv70,gv70,National,US,1283341.0,29197.0,155718
2026-05-01,Near Luxury EV SUV,genesis,gv70_ev,genesis_electrified_gv70,gv70_ev,National,US,128814.0,3396.0,19128
2026-05-01,Mid Luxury SUV,genesis,gv80,genesis_gv80,gv80,National,US,636113.0,19497.0,114183
2026-05-01,Mid Luxury SUV,genesis,gv80_coupe,genesis_gv80_coupe,gv80,National,US,59007.0,4670.0,24644
2026-05-01,Make Only,genesis,make_only,genesis_make_only,make_only,National,US,,,
2026-05-01,Brand,genesis,Total,genesis_Total,Total,WE,WE,418976.0,16540.0,72408
2026-05-01,Unassigned,genesis,Unassigned,unassigned,Unassigned,WE,WE,,,
2026-05-01,Unassigned,genesis,Unassigned,Unassigned,Unassigned,WE,WE,0.0,0.0,
2026-05-01,Near Luxury Car,genesis,g70,genesis_g70,g70,WE,WE,55715.0,2481.0,8167
2026-05-01,Mid Luxury Car,genesis,g80,genesis_g80,g80,WE,WE,9842.0,583.0,3161
2026-05-01,Mid Luxury EV Car,genesis,g80_ev,genesis_electrified_g80,g80_ev,WE,WE,169.0,1.0,0
2026-05-01,Premium Luxury Car,genesis,g90,genesis_g90,g90,WE,WE,7671.0,384.0,2140
2026-05-01,Entry Luxury EV SUV,genesis,gv60,genesis_gv60,gv60,WE,WE,13852.0,1200.0,4482
2026-05-01,Near Luxury SUV,genesis,gv70,genesis_gv70,gv70,WE,WE,182307.0,3668.0,19470
2026-05-01,Near Luxury EV SUV,genesis,gv70_ev,genesis_electrified_gv70,gv70_ev,WE,WE,23669.0,880.0,4357
2026-05-01,Mid Luxury SUV,genesis,gv80,genesis_gv80,gv80,WE,WE,86498.0,2365.0,14230
2026-05-01,Mid Luxury SUV,genesis,gv80_coupe,genesis_gv80_coupe,gv80,WE,WE,7670.0,588.0,3086
2026-05-01,Make Only,genesis,make_only,genesis_make_only,make_only,WE,WE,,,
2026-06-01,Brand,genesis,Total,genesis_Total,Total,CE,CE,357082.0,17999.0,73031
2026-06-01,Unassigned,genesis,Unassigned,Unassigned,Unassigned,CE,CE,0.0,0.0,
2026-06-01,Unassigned,genesis,Unassigned,unassigned,Unassigned,CE,CE,0.0,0.0,
2026-06-01,Near Luxury Car,genesis,g70,genesis_g70,g70,CE,CE,35892.0,2689.0,7503
2026-06-01,Mid Luxury Car,genesis,g80,genesis_g80,g80,CE,CE,8811.0,611.0,3043
2026-06-01,Mid Luxury EV Car,genesis,g80_ev,genesis_electrified_g80,g80_ev,CE,CE,26.0,0.0,0
2026-06-01,Premium Luxury Car,genesis,g90,genesis_g90,g90,CE,CE,6405.0,424.0,1973
2026-06-01,Entry Luxury EV SUV,genesis,gv60,genesis_gv60,gv60,CE,CE,7040.0,552.0,2259
2026-06-01,Near Luxury SUV,genesis,gv70,genesis_gv70,gv70,CE,CE,136728.0,4846.0,21479
2026-06-01,Near Luxury EV SUV,genesis,gv70_ev,genesis_electrified_gv70,gv70_ev,CE,CE,14540.0,538.0,2077
2026-06-01,Mid Luxury SUV,genesis,gv80,genesis_gv80,gv80,CE,CE,101081.0,3560.0,18281
2026-06-01,Mid Luxury SUV,genesis,gv80_coupe,genesis_gv80_coupe,gv80,CE,CE,6676.0,683.0,2836
2026-06-01,Make Only,genesis,make_only,genesis_make_only,make_only,CE,CE,,,
2026-06-01,Brand,genesis,Total,genesis_Total,Total,EA,EA,482840.0,21883.0,101348
2026-06-01,Unassigned,genesis,Unassigned,unassigned,Unassigned,EA,EA,0.0,0.0,
2026-06-01,Unassigned,genesis,Unassigned,Unassigned,Unassigned,EA,EA,0.0,0.0,
2026-06-01,Near Luxury Car,genesis,g70,genesis_g70,g70,EA,EA,48036.0,3138.0,11191
2026-06-01,Mid Luxury Car,genesis,g80,genesis_g80,g80,EA,EA,11757.0,657.0,4272
2026-06-01,Mid Luxury EV Car,genesis,g80_ev,genesis_electrified_g80,g80_ev,EA,EA,44.0,0.0,0
2026-06-01,Premium Luxury Car,genesis,g90,genesis_g90,g90,EA,EA,7874.0,500.0,2352
2026-06-01,Entry Luxury EV SUV,genesis,gv60,genesis_gv60,gv60,EA,EA,11216.0,893.0,3536
2026-06-01,Near Luxury SUV,genesis,gv70,genesis_gv70,gv70,EA,EA,191868.0,6142.0,32926
2026-06-01,Near Luxury EV SUV,genesis,gv70_ev,genesis_electrified_gv70,gv70_ev,EA,EA,19026.0,620.0,2857
2026-06-01,Mid Luxury SUV,genesis,gv80,genesis_gv80,gv80,EA,EA,121969.0,3996.0,23016
2026-06-01,Mid Luxury SUV,genesis,gv80_coupe,genesis_gv80_coupe,gv80,EA,EA,8494.0,770.0,3466
2026-06-01,Make Only,genesis,make_only,genesis_make_only,make_only,EA,EA,,,
2026-06-01,Brand,genesis,Total,genesis_Total,Total,MA,MA,289098.0,13903.0,58731
2026-06-01,Unassigned,genesis,Unassigned,Unassigned,Unassigned,MA,MA,0.0,0.0,
2026-06-01,Unassigned,genesis,Unassigned,unassigned,Unassigned,MA,MA,0.0,0.0,
2026-06-01,Near Luxury Car,genesis,g70,genesis_g70,g70,MA,MA,28783.0,2023.0,6220
2026-06-01,Mid Luxury Car,genesis,g80,genesis_g80,g80,MA,MA,7298.0,420.0,2481
2026-06-01,Mid Luxury EV Car,genesis,g80_ev,genesis_electrified_g80,g80_ev,MA,MA,26.0,0.0,0
2026-06-01,Premium Luxury Car,genesis,g90,genesis_g90,g90,MA,MA,5610.0,358.0,1611
2026-06-01,Entry Luxury EV SUV,genesis,gv60,genesis_gv60,gv60,MA,MA,6293.0,554.0,1940
2026-06-01,Near Luxury SUV,genesis,gv70,genesis_gv70,gv70,MA,MA,111668.0,3506.0,16949
2026-06-01,Near Luxury EV SUV,genesis,gv70_ev,genesis_electrified_gv70,gv70_ev,MA,MA,12334.0,398.0,1702
2026-06-01,Mid Luxury SUV,genesis,gv80,genesis_gv80,gv80,MA,MA,83027.0,2714.0,14938
2026-06-01,Mid Luxury SUV,genesis,gv80_coupe,genesis_gv80_coupe,gv80,MA,MA,5225.0,525.0,2193
2026-06-01,Make Only,genesis,make_only,genesis_make_only,make_only,MA,MA,,,
2026-06-01,Brand,genesis,Total,genesis_Total,Total,MS,MS,234879.0,10183.0,42525
2026-06-01,Unassigned,genesis,Unassigned,Unassigned,Unassigned,MS,MS,0.0,0.0,
2026-06-01,Unassigned,genesis,Unassigned,unassigned,Unassigned,MS,MS,0.0,0.0,
2026-06-01,Near Luxury Car,genesis,g70,genesis_g70,g70,MS,MS,21857.0,1369.0,4347
2026-06-01,Mid Luxury Car,genesis,g80,genesis_g80,g80,MS,MS,5287.0,312.0,1726
2026-06-01,Mid Luxury EV Car,genesis,g80_ev,genesis_electrified_g80,g80_ev,MS,MS,39.0,0.0,0
2026-06-01,Premium Luxury Car,genesis,g90,genesis_g90,g90,MS,MS,4221.0,219.0,1180
2026-06-01,Entry Luxury EV SUV,genesis,gv60,genesis_gv60,gv60,MS,MS,6406.0,682.0,2050
2026-06-01,Near Luxury SUV,genesis,gv70,genesis_gv70,gv70,MS,MS,84644.0,2342.0,11548
2026-06-01,Near Luxury EV SUV,genesis,gv70_ev,genesis_electrified_gv70,gv70_ev,MS,MS,11599.0,334.0,1939
2026-06-01,Mid Luxury SUV,genesis,gv80,genesis_gv80,gv80,MS,MS,71079.0,1978.0,10825
2026-06-01,Mid Luxury SUV,genesis,gv80_coupe,genesis_gv80_coupe,gv80,MS,MS,3904.0,402.0,1527
2026-06-01,Make Only,genesis,make_only,genesis_make_only,make_only,MS,MS,,,
2026-06-01,Brand,genesis,Total,genesis_Total,Total,NH,NH,0.0,0.0,
2026-06-01,Unassigned,genesis,Unassigned,Unassigned,Unassigned,NH,NH,0.0,0.0,
2026-06-01,Unassigned,genesis,Unassigned,unassigned,Unassigned,NH,NH,0.0,0.0,
2026-06-01,Near Luxury Car,genesis,g70,genesis_g70,g70,NH,NH,0.0,0.0,
2026-06-01,Mid Luxury Car,genesis,g80,genesis_g80,g80,NH,NH,0.0,0.0,
2026-06-01,Mid Luxury EV Car,genesis,g80_ev,genesis_electrified_g80,g80_ev,NH,NH,0.0,0.0,
2026-06-01,Premium Luxury Car,genesis,g90,genesis_g90,g90,NH,NH,0.0,0.0,
2026-06-01,Entry Luxury EV SUV,genesis,gv60,genesis_gv60,gv60,NH,NH,0.0,0.0,
2026-06-01,Near Luxury SUV,genesis,gv70,genesis_gv70,gv70,NH,NH,0.0,0.0,
2026-06-01,Near Luxury EV SUV,genesis,gv70_ev,genesis_electrified_gv70,gv70_ev,NH,NH,0.0,0.0,
2026-06-01,Mid Luxury SUV,genesis,gv80,genesis_gv80,gv80,NH,NH,0.0,0.0,
2026-06-01,Mid Luxury SUV,genesis,gv80_coupe,genesis_gv80_coupe,gv80,NH,NH,0.0,0.0,
2026-06-01,Make Only,genesis,make_only,genesis_make_only,make_only,NH,NH,,,
2026-06-01,Brand,genesis,Total,genesis_Total,Total,SC,SC,370100.0,16535.0,71072
2026-06-01,Unassigned,genesis,Unassigned,Unassigned,Unassigned,SC,SC,0.0,0.0,
2026-06-01,Unassigned,genesis,Unassigned,unassigned,Unassigned,SC,SC,0.0,0.0,
2026-06-01,Near Luxury Car,genesis,g70,genesis_g70,g70,SC,SC,35012.0,2544.0,7158
2026-06-01,Mid Luxury Car,genesis,g80,genesis_g80,g80,SC,SC,8826.0,519.0,2987
2026-06-01,Mid Luxury EV Car,genesis,g80_ev,genesis_electrified_g80,g80_ev,SC,SC,29.0,0.0,0
2026-06-01,Premium Luxury Car,genesis,g90,genesis_g90,g90,SC,SC,6614.0,513.0,1971
2026-06-01,Entry Luxury EV SUV,genesis,gv60,genesis_gv60,gv60,SC,SC,6291.0,519.0,1843
2026-06-01,Near Luxury SUV,genesis,gv70,genesis_gv70,gv70,SC,SC,142358.0,4319.0,19828
2026-06-01,Near Luxury EV SUV,genesis,gv70_ev,genesis_electrified_gv70,gv70_ev,SC,SC,13418.0,83.0,1688
2026-06-01,Mid Luxury SUV,genesis,gv80,genesis_gv80,gv80,SC,SC,113698.0,3633.0,19370
2026-06-01,Mid Luxury SUV,genesis,gv80_coupe,genesis_gv80_coupe,gv80,SC,SC,7479.0,853.0,3050
2026-06-01,Make Only,genesis,make_only,genesis_make_only,make_only,SC,SC,,,
2026-06-01,Brand,genesis,Total,genesis_Total,Total,SO,SO,466135.0,23352.0,94385
2026-06-01,Unassigned,genesis,Unassigned,unassigned,Unassigned,SO,SO,0.0,0.0,
2026-06-01,Unassigned,genesis,Unassigned,Unassigned,Unassigned,SO,SO,0.0,0.0,
2026-06-01,Near Luxury Car,genesis,g70,genesis_g70,g70,SO,SO,44878.0,3305.0,9843
2026-06-01,Mid Luxury Car,genesis,g80,genesis_g80,g80,SO,SO,11411.0,828.0,4124
2026-06-01,Mid Luxury EV Car,genesis,g80_ev,genesis_electrified_g80,g80_ev,SO,SO,34.0,0.0,0
2026-06-01,Premium Luxury Car,genesis,g90,genesis_g90,g90,SO,SO,7917.0,652.0,2406
2026-06-01,Entry Luxury EV SUV,genesis,gv60,genesis_gv60,gv60,SO,SO,8397.0,802.0,2720
2026-06-01,Near Luxury SUV,genesis,gv70,genesis_gv70,gv70,SO,SO,180441.0,6127.0,27947
2026-06-01,Near Luxury EV SUV,genesis,gv70_ev,genesis_electrified_gv70,gv70_ev,SO,SO,18495.0,470.0,2615
2026-06-01,Mid Luxury SUV,genesis,gv80,genesis_gv80,gv80,SO,SO,140893.0,4924.0,24046
2026-06-01,Mid Luxury SUV,genesis,gv80_coupe,genesis_gv80_coupe,gv80,SO,SO,9373.0,1158.0,3942
2026-06-01,Make Only,genesis,make_only,genesis_make_only,make_only,SO,SO,,,
2026-06-01,Brand,genesis,Total,genesis_Total,Total,National,US,2694800.0,121793.0,522928
2026-06-01,Unassigned,genesis,Unassigned,unassigned,Unassigned,National,US,0.0,0.0,
2026-06-01,Unassigned,genesis,Unassigned,Unassigned,Unassigned,National,US,0.0,0.0,
2026-06-01,Near Luxury Car,genesis,g70,genesis_g70,g70,National,US,263393.0,18102.0,55593
2026-06-01,Mid Luxury Car,genesis,g80,genesis_g80,g80,National,US,71229.0,3995.0,23312
2026-06-01,Mid Luxury EV Car,genesis,g80_ev,genesis_electrified_g80,g80_ev,National,US,292.0,0.0,0
2026-06-01,Premium Luxury Car,genesis,g90,genesis_g90,g90,National,US,54603.0,3137.0,14700
2026-06-01,Entry Luxury EV SUV,genesis,gv60,genesis_gv60,gv60,National,US,63438.0,5509.0,19336
2026-06-01,Near Luxury SUV,genesis,gv70,genesis_gv70,gv70,National,US,1011068.0,31059.0,151255
2026-06-01,Near Luxury EV SUV,genesis,gv70_ev,genesis_electrified_gv70,gv70_ev,National,US,113712.0,3349.0,17296
2026-06-01,Mid Luxury SUV,genesis,gv80,genesis_gv80,gv80,National,US,750454.0,23900.0,128640
2026-06-01,Mid Luxury SUV,genesis,gv80_coupe,genesis_gv80_coupe,gv80,National,US,50105.0,5026.0,20324
2026-06-01,Make Only,genesis,make_only,genesis_make_only,make_only,National,US,,,
2026-06-01,Brand,genesis,Total,genesis_Total,Total,WE,WE,410734.0,17275.0,72165
2026-06-01,Unassigned,genesis,Unassigned,Unassigned,Unassigned,WE,WE,0.0,0.0,
2026-06-01,Unassigned,genesis,Unassigned,unassigned,Unassigned,WE,WE,0.0,0.0,
2026-06-01,Near Luxury Car,genesis,g70,genesis_g70,g70,WE,WE,39884.0,2869.0,8003
2026-06-01,Mid Luxury Car,genesis,g80,genesis_g80,g80,WE,WE,10177.0,598.0,3542
2026-06-01,Mid Luxury EV Car,genesis,g80_ev,genesis_electrified_g80,g80_ev,WE,WE,87.0,0.0,0
2026-06-01,Premium Luxury Car,genesis,g90,genesis_g90,g90,WE,WE,7279.0,438.0,1989
2026-06-01,Entry Luxury EV SUV,genesis,gv60,genesis_gv60,gv60,WE,WE,13441.0,1469.0,4488
2026-06-01,Near Luxury SUV,genesis,gv70,genesis_gv70,gv70,WE,WE,150004.0,3639.0,18759
2026-06-01,Near Luxury EV SUV,genesis,gv70_ev,genesis_electrified_gv70,gv70_ev,WE,WE,21301.0,881.0,4120
2026-06-01,Mid Luxury SUV,genesis,gv80,genesis_gv80,gv80,WE,WE,103054.0,2970.0,16271
2026-06-01,Mid Luxury SUV,genesis,gv80_coupe,genesis_gv80_coupe,gv80,WE,WE,6711.0,604.0,2691
2026-06-01,Make Only,genesis,make_only,genesis_make_only,make_only,WE,WE,,,
2026-07-01,Brand,genesis,Total,genesis_Total,Total,CE,CE,399892.0,23096.0,98154
2026-07-01,Unassigned,genesis,Unassigned,Unassigned,Unassigned,CE,CE,0.0,0.0,0
2026-07-01,Unassigned,genesis,Unassigned,unassigned,Unassigned,CE,CE,0.0,0.0,
2026-07-01,Near Luxury Car,genesis,g70,genesis_g70,g70,CE,CE,50430.0,3247.0,10476
2026-07-01,Mid Luxury Car,genesis,g80,genesis_g80,g80,CE,CE,11404.0,830.0,4045
2026-07-01,Mid Luxury EV Car,genesis,g80_ev,genesis_electrified_g80,g80_ev,CE,CE,38.0,0.0,0
2026-07-01,Premium Luxury Car,genesis,g90,genesis_g90,g90,CE,CE,7154.0,496.0,2362
2026-07-01,Entry Luxury EV SUV,genesis,gv60,genesis_gv60,gv60,CE,CE,9020.0,610.0,2910
2026-07-01,Near Luxury SUV,genesis,gv70,genesis_gv70,gv70,CE,CE,161126.0,6793.0,29665
2026-07-01,Near Luxury EV SUV,genesis,gv70_ev,genesis_electrified_gv70,gv70_ev,CE,CE,13999.0,556.0,2357
2026-07-01,Mid Luxury SUV,genesis,gv80,genesis_gv80,gv80,CE,CE,128210.0,5137.0,25311
2026-07-01,Mid Luxury SUV,genesis,gv80_coupe,genesis_gv80_coupe,gv80,CE,CE,9070.0,1044.0,4010
2026-07-01,Make Only,genesis,make_only,genesis_make_only,make_only,CE,CE,,,
2026-07-01,Brand,genesis,Total,genesis_Total,Total,EA,EA,533495.0,27230.0,132532
2026-07-01,Unassigned,genesis,Unassigned,Unassigned,Unassigned,EA,EA,0.0,0.0,0
2026-07-01,Unassigned,genesis,Unassigned,unassigned,Unassigned,EA,EA,0.0,0.0,
2026-07-01,Near Luxury Car,genesis,g70,genesis_g70,g70,EA,EA,64078.0,4044.0,14597
2026-07-01,Mid Luxury Car,genesis,g80,genesis_g80,g80,EA,EA,14708.0,958.0,5557
2026-07-01,Mid Luxury EV Car,genesis,g80_ev,genesis_electrified_g80,g80_ev,EA,EA,45.0,0.0,0
2026-07-01,Premium Luxury Car,genesis,g90,genesis_g90,g90,EA,EA,8972.0,576.0,2916
2026-07-01,Entry Luxury EV SUV,genesis,gv60,genesis_gv60,gv60,EA,EA,13937.0,1170.0,4420
2026-07-01,Near Luxury SUV,genesis,gv70,genesis_gv70,gv70,EA,EA,232594.0,7984.0,43620
2026-07-01,Near Luxury EV SUV,genesis,gv70_ev,genesis_electrified_gv70,gv70_ev,EA,EA,18228.0,647.0,2978
2026-07-01,Mid Luxury SUV,genesis,gv80,genesis_gv80,gv80,EA,EA,152002.0,5251.0,31571
2026-07-01,Mid Luxury SUV,genesis,gv80_coupe,genesis_gv80_coupe,gv80,EA,EA,11216.0,1204.0,4942
2026-07-01,Make Only,genesis,make_only,genesis_make_only,make_only,EA,EA,,,
2026-07-01,Brand,genesis,Total,genesis_Total,Total,MA,MA,321821.0,17355.0,75812
2026-07-01,Unassigned,genesis,Unassigned,Unassigned,Unassigned,MA,MA,0.0,0.0,0
2026-07-01,Unassigned,genesis,Unassigned,unassigned,Unassigned,MA,MA,0.0,0.0,
2026-07-01,Near Luxury Car,genesis,g70,genesis_g70,g70,MA,MA,40465.0,2678.0,8125
2026-07-01,Mid Luxury Car,genesis,g80,genesis_g80,g80,MA,MA,8932.0,571.0,3151
2026-07-01,Mid Luxury EV Car,genesis,g80_ev,genesis_electrified_g80,g80_ev,MA,MA,43.0,0.0,0
2026-07-01,Premium Luxury Car,genesis,g90,genesis_g90,g90,MA,MA,5860.0,383.0,1862
2026-07-01,Entry Luxury EV SUV,genesis,gv60,genesis_gv60,gv60,MA,MA,7556.0,653.0,2492
2026-07-01,Near Luxury SUV,genesis,gv70,genesis_gv70,gv70,MA,MA,129597.0,4704.0,22128
2026-07-01,Near Luxury EV SUV,genesis,gv70_ev,genesis_electrified_gv70,gv70_ev,MA,MA,11424.0,416.0,1699
2026-07-01,Mid Luxury SUV,genesis,gv80,genesis_gv80,gv80,MA,MA,101026.0,3594.0,19664
2026-07-01,Mid Luxury SUV,genesis,gv80_coupe,genesis_gv80_coupe,gv80,MA,MA,6823.0,784.0,2961
2026-07-01,Make Only,genesis,make_only,genesis_make_only,make_only,MA,MA,,,
2026-07-01,Brand,genesis,Total,genesis_Total,Total,MS,MS,263930.0,12676.0,55829
2026-07-01,Unassigned,genesis,Unassigned,Unassigned,Unassigned,MS,MS,0.0,0.0,0
2026-07-01,Unassigned,genesis,Unassigned,unassigned,Unassigned,MS,MS,0.0,0.0,
2026-07-01,Near Luxury Car,genesis,g70,genesis_g70,g70,MS,MS,30925.0,1840.0,5895
2026-07-01,Mid Luxury Car,genesis,g80,genesis_g80,g80,MS,MS,6567.0,416.0,2155
2026-07-01,Mid Luxury EV Car,genesis,g80_ev,genesis_electrified_g80,g80_ev,MS,MS,35.0,1.0,0
2026-07-01,Premium Luxury Car,genesis,g90,genesis_g90,g90,MS,MS,4403.0,294.0,1427
2026-07-01,Entry Luxury EV SUV,genesis,gv60,genesis_gv60,gv60,MS,MS,7675.0,612.0,2624
2026-07-01,Near Luxury SUV,genesis,gv70,genesis_gv70,gv70,MS,MS,98182.0,3406.0,15970
2026-07-01,Near Luxury EV SUV,genesis,gv70_ev,genesis_electrified_gv70,gv70_ev,MS,MS,10917.0,273.0,1928
2026-07-01,Mid Luxury SUV,genesis,gv80,genesis_gv80,gv80,MS,MS,79551.0,2526.0,14548
2026-07-01,Mid Luxury SUV,genesis,gv80_coupe,genesis_gv80_coupe,gv80,MS,MS,5185.0,575.0,2181
2026-07-01,Make Only,genesis,make_only,genesis_make_only,make_only,MS,MS,,,
2026-07-01,Brand,genesis,Total,genesis_Total,Total,NH,NH,0.0,0.0,0
2026-07-01,Unassigned,genesis,Unassigned,unassigned,Unassigned,NH,NH,0.0,0.0,
2026-07-01,Unassigned,genesis,Unassigned,Unassigned,Unassigned,NH,NH,0.0,0.0,0
2026-07-01,Near Luxury Car,genesis,g70,genesis_g70,g70,NH,NH,0.0,0.0,0
2026-07-01,Mid Luxury Car,genesis,g80,genesis_g80,g80,NH,NH,0.0,0.0,0
2026-07-01,Mid Luxury EV Car,genesis,g80_ev,genesis_electrified_g80,g80_ev,NH,NH,0.0,0.0,0
2026-07-01,Premium Luxury Car,genesis,g90,genesis_g90,g90,NH,NH,0.0,0.0,0
2026-07-01,Entry Luxury EV SUV,genesis,gv60,genesis_gv60,gv60,NH,NH,0.0,0.0,0
2026-07-01,Near Luxury SUV,genesis,gv70,genesis_gv70,gv70,NH,NH,0.0,0.0,0
2026-07-01,Near Luxury EV SUV,genesis,gv70_ev,genesis_electrified_gv70,gv70_ev,NH,NH,0.0,0.0,0
2026-07-01,Mid Luxury SUV,genesis,gv80,genesis_gv80,gv80,NH,NH,0.0,0.0,0
2026-07-01,Mid Luxury SUV,genesis,gv80_coupe,genesis_gv80_coupe,gv80,NH,NH,0.0,0.0,0
2026-07-01,Make Only,genesis,make_only,genesis_make_only,make_only,NH,NH,,,
2026-07-01,Brand,genesis,Total,genesis_Total,Total,SC,SC,410924.0,20732.0,93060
2026-07-01,Unassigned,genesis,Unassigned,unassigned,Unassigned,SC,SC,0.0,0.0,
2026-07-01,Unassigned,genesis,Unassigned,Unassigned,Unassigned,SC,SC,0.0,0.0,0
2026-07-01,Near Luxury Car,genesis,g70,genesis_g70,g70,SC,SC,50758.0,3193.0,10114
2026-07-01,Mid Luxury Car,genesis,g80,genesis_g80,g80,SC,SC,11752.0,868.0,3952
2026-07-01,Mid Luxury EV Car,genesis,g80_ev,genesis_electrified_g80,g80_ev,SC,SC,36.0,0.0,0
2026-07-01,Premium Luxury Car,genesis,g90,genesis_g90,g90,SC,SC,7221.0,538.0,2260
2026-07-01,Entry Luxury EV SUV,genesis,gv60,genesis_gv60,gv60,SC,SC,7647.0,552.0,2399
2026-07-01,Near Luxury SUV,genesis,gv70,genesis_gv70,gv70,SC,SC,167563.0,5857.0,26745
2026-07-01,Near Luxury EV SUV,genesis,gv70_ev,genesis_electrified_gv70,gv70_ev,SC,SC,12693.0,67.0,1878
2026-07-01,Mid Luxury SUV,genesis,gv80,genesis_gv80,gv80,SC,SC,133761.0,4830.0,25439
2026-07-01,Mid Luxury SUV,genesis,gv80_coupe,genesis_gv80_coupe,gv80,SC,SC,9625.0,1223.0,4004
2026-07-01,Make Only,genesis,make_only,genesis_make_only,make_only,SC,SC,,,
2026-07-01,Brand,genesis,Total,genesis_Total,Total,SO,SO,519120.0,30107.0,125431
2026-07-01,Unassigned,genesis,Unassigned,Unassigned,Unassigned,SO,SO,0.0,0.0,0
2026-07-01,Unassigned,genesis,Unassigned,unassigned,Unassigned,SO,SO,0.0,0.0,
2026-07-01,Near Luxury Car,genesis,g70,genesis_g70,g70,SO,SO,64403.0,4262.0,13173
2026-07-01,Mid Luxury Car,genesis,g80,genesis_g80,g80,SO,SO,14655.0,1069.0,5315
2026-07-01,Mid Luxury EV Car,genesis,g80_ev,genesis_electrified_g80,g80_ev,SO,SO,43.0,1.0,0
2026-07-01,Premium Luxury Car,genesis,g90,genesis_g90,g90,SO,SO,9271.0,707.0,2937
2026-07-01,Entry Luxury EV SUV,genesis,gv60,genesis_gv60,gv60,SO,SO,11298.0,1070.0,3848
2026-07-01,Near Luxury SUV,genesis,gv70,genesis_gv70,gv70,SO,SO,209338.0,8303.0,37386
2026-07-01,Near Luxury EV SUV,genesis,gv70_ev,genesis_electrified_gv70,gv70_ev,SO,SO,17949.0,587.0,3013
2026-07-01,Mid Luxury SUV,genesis,gv80,genesis_gv80,gv80,SO,SO,162268.0,6276.0,32475
2026-07-01,Mid Luxury SUV,genesis,gv80_coupe,genesis_gv80_coupe,gv80,SO,SO,12195.0,1561.0,5268
2026-07-01,Make Only,genesis,make_only,genesis_make_only,make_only,SO,SO,,,
2026-07-01,Brand,genesis,Total,genesis_Total,Total,National,US,2975050.0,151425.0,680949
2026-07-01,Unassigned,genesis,Unassigned,unassigned,Unassigned,National,US,0.0,0.0,
2026-07-01,Unassigned,genesis,Unassigned,Unassigned,Unassigned,National,US,0.0,0.0,0
2026-07-01,Near Luxury Car,genesis,g70,genesis_g70,g70,National,US,364910.0,22930.0,74488
2026-07-01,Mid Luxury Car,genesis,g80,genesis_g80,g80,National,US,87989.0,5510.0,29402
2026-07-01,Mid Luxury EV Car,genesis,g80_ev,genesis_electrified_g80,g80_ev,National,US,385.0,2.0,0
2026-07-01,Premium Luxury Car,genesis,g90,genesis_g90,g90,National,US,59278.0,3466.0,17249
2026-07-01,Entry Luxury EV SUV,genesis,gv60,genesis_gv60,gv60,National,US,78691.0,6111.0,24675
2026-07-01,Near Luxury SUV,genesis,gv70,genesis_gv70,gv70,National,US,1184950.0,41942.0,201967
2026-07-01,Near Luxury EV SUV,genesis,gv70_ev,genesis_electrified_gv70,gv70_ev,National,US,108188.0,3381.0,18180
2026-07-01,Mid Luxury SUV,genesis,gv80,genesis_gv80,gv80,National,US,889734.0,31350.0,171936
2026-07-01,Mid Luxury SUV,genesis,gv80_coupe,genesis_gv80_coupe,gv80,National,US,65102.0,7300.0,27519
2026-07-01,Make Only,genesis,make_only,genesis_make_only,make_only,National,US,,,
2026-07-01,Brand,genesis,Total,genesis_Total,Total,WE,WE,437058.0,19449.0,89664
2026-07-01,Unassigned,genesis,Unassigned,unassigned,Unassigned,WE,WE,0.0,0.0,
2026-07-01,Unassigned,genesis,Unassigned,Unassigned,Unassigned,WE,WE,0.0,0.0,0
2026-07-01,Near Luxury Car,genesis,g70,genesis_g70,g70,WE,WE,55106.0,3404.0,10880
2026-07-01,Mid Luxury Car,genesis,g80,genesis_g80,g80,WE,WE,12173.0,749.0,4078
2026-07-01,Mid Luxury EV Car,genesis,g80_ev,genesis_electrified_g80,g80_ev,WE,WE,140.0,0.0,0
2026-07-01,Premium Luxury Car,genesis,g90,genesis_g90,g90,WE,WE,7965.0,445.0,2385
2026-07-01,Entry Luxury EV SUV,genesis,gv60,genesis_gv60,gv60,WE,WE,16064.0,1408.0,5468
2026-07-01,Near Luxury SUV,genesis,gv70,genesis_gv70,gv70,WE,WE,170575.0,4729.0,24384
2026-07-01,Near Luxury EV SUV,genesis,gv70_ev,genesis_electrified_gv70,gv70_ev,WE,WE,19501.0,814.0,4006
2026-07-01,Mid Luxury SUV,genesis,gv80,genesis_gv80,gv80,WE,WE,116496.0,3562.0,20716
2026-07-01,Mid Luxury SUV,genesis,gv80_coupe,genesis_gv80_coupe,gv80,WE,WE,8711.0,873.0,3572
2026-07-01,Make Only,genesis,make_only,genesis_make_only,make_only,WE,WE,,,
2026-08-01,Brand,genesis,Total,genesis_Total,Total,CE,CE,451131.0,25859.0,106680
2026-08-01,Unassigned,genesis,Unassigned,Unassigned,Unassigned,CE,CE,0.0,0.0,0
2026-08-01,Unassigned,genesis,Unassigned,unassigned,Unassigned,CE,CE,,,
2026-08-01,Near Luxury Car,genesis,g70,genesis_g70,g70,CE,CE,48830.0,3528.0,10026
2026-08-01,Mid Luxury Car,genesis,g80,genesis_g80,g80,CE,CE,11484.0,993.0,4467
2026-08-01,Mid Luxury EV Car,genesis,g80_ev,genesis_electrified_g80,g80_ev,CE,CE,52.0,0.0,0
2026-08-01,Premium Luxury Car,genesis,g90,genesis_g90,g90,CE,CE,8198.0,620.0,2552
2026-08-01,Entry Luxury EV SUV,genesis,gv60,genesis_gv60,gv60,CE,CE,9425.0,536.0,3350
2026-08-01,Near Luxury SUV,genesis,gv70,genesis_gv70,gv70,CE,CE,173210.0,8190.0,34574
2026-08-01,Near Luxury EV SUV,genesis,gv70_ev,genesis_electrified_gv70,gv70_ev,CE,CE,15420.0,618.0,3328
2026-08-01,Mid Luxury SUV,genesis,gv80,genesis_gv80,gv80,CE,CE,153453.0,5451.0,25771
2026-08-01,Mid Luxury SUV,genesis,gv80_coupe,genesis_gv80_coupe,gv80,CE,CE,10172.0,1289.0,4528
2026-08-01,Make Only,genesis,make_only,genesis_make_only,make_only,CE,CE,,,
2026-08-01,Brand,genesis,Total,genesis_Total,Total,EA,EA,598255.0,32092.0,151204
2026-08-01,Unassigned,genesis,Unassigned,Unassigned,Unassigned,EA,EA,0.0,0.0,0
2026-08-01,Unassigned,genesis,Unassigned,unassigned,Unassigned,EA,EA,,,
2026-08-01,Near Luxury Car,genesis,g70,genesis_g70,g70,EA,EA,63241.0,4269.0,14413
2026-08-01,Mid Luxury Car,genesis,g80,genesis_g80,g80,EA,EA,15423.0,1297.0,6408
2026-08-01,Mid Luxury EV Car,genesis,g80_ev,genesis_electrified_g80,g80_ev,EA,EA,77.0,0.0,1
2026-08-01,Premium Luxury Car,genesis,g90,genesis_g90,g90,EA,EA,10548.0,642.0,3090
2026-08-01,Entry Luxury EV SUV,genesis,gv60,genesis_gv60,gv60,EA,EA,16084.0,1442.0,5668
2026-08-01,Near Luxury SUV,genesis,gv70,genesis_gv70,gv70,EA,EA,232410.0,10266.0,52101
2026-08-01,Near Luxury EV SUV,genesis,gv70_ev,genesis_electrified_gv70,gv70_ev,EA,EA,20708.0,1006.0,4567
2026-08-01,Mid Luxury SUV,genesis,gv80,genesis_gv80,gv80,EA,EA,185439.0,6249.0,34818
2026-08-01,Mid Luxury SUV,genesis,gv80_coupe,genesis_gv80_coupe,gv80,EA,EA,12818.0,1402.0,5798
2026-08-01,Make Only,genesis,make_only,genesis_make_only,make_only,EA,EA,,,
2026-08-01,Brand,genesis,Total,genesis_Total,Total,MA,MA,358062.0,18373.0,77938
2026-08-01,Unassigned,genesis,Unassigned,unassigned,Unassigned,MA,MA,,,
2026-08-01,Unassigned,genesis,Unassigned,Unassigned,Unassigned,MA,MA,0.0,0.0,0
2026-08-01,Near Luxury Car,genesis,g70,genesis_g70,g70,MA,MA,37646.0,2441.0,7322
2026-08-01,Mid Luxury Car,genesis,g80,genesis_g80,g80,MA,MA,8808.0,716.0,3161
2026-08-01,Mid Luxury EV Car,genesis,g80_ev,genesis_electrified_g80,g80_ev,MA,MA,43.0,1.0,0
2026-08-01,Premium Luxury Car,genesis,g90,genesis_g90,g90,MA,MA,6568.0,426.0,1792
2026-08-01,Entry Luxury EV SUV,genesis,gv60,genesis_gv60,gv60,MA,MA,7771.0,702.0,2776
2026-08-01,Near Luxury SUV,genesis,gv70,genesis_gv70,gv70,MA,MA,134201.0,5567.0,24630
2026-08-01,Near Luxury EV SUV,genesis,gv70_ev,genesis_electrified_gv70,gv70_ev,MA,MA,12220.0,606.0,2603
2026-08-01,Mid Luxury SUV,genesis,gv80,genesis_gv80,gv80,MA,MA,120647.0,3734.0,19438
2026-08-01,Mid Luxury SUV,genesis,gv80_coupe,genesis_gv80_coupe,gv80,MA,MA,7042.0,796.0,3058
2026-08-01,Make Only,genesis,make_only,genesis_make_only,make_only,MA,MA,,,
2026-08-01,Brand,genesis,Total,genesis_Total,Total,MS,MS,299953.0,15261.0,60031
2026-08-01,Unassigned,genesis,Unassigned,unassigned,Unassigned,MS,MS,,,
2026-08-01,Unassigned,genesis,Unassigned,Unassigned,Unassigned,MS,MS,0.0,0.0,0
2026-08-01,Near Luxury Car,genesis,g70,genesis_g70,g70,MS,MS,29946.0,1977.0,5873
2026-08-01,Mid Luxury Car,genesis,g80,genesis_g80,g80,MS,MS,6867.0,455.0,2338
2026-08-01,Mid Luxury EV Car,genesis,g80_ev,genesis_electrified_g80,g80_ev,MS,MS,40.0,0.0,0
2026-08-01,Premium Luxury Car,genesis,g90,genesis_g90,g90,MS,MS,5616.0,341.0,1479
2026-08-01,Entry Luxury EV SUV,genesis,gv60,genesis_gv60,gv60,MS,MS,8262.0,632.0,2833
2026-08-01,Near Luxury SUV,genesis,gv70,genesis_gv70,gv70,MS,MS,103031.0,4008.0,18088
2026-08-01,Near Luxury EV SUV,genesis,gv70_ev,genesis_electrified_gv70,gv70_ev,MS,MS,12547.0,543.0,2882
2026-08-01,Mid Luxury SUV,genesis,gv80,genesis_gv80,gv80,MS,MS,100315.0,2880.0,14724
2026-08-01,Mid Luxury SUV,genesis,gv80_coupe,genesis_gv80_coupe,gv80,MS,MS,5991.0,683.0,2525
2026-08-01,Make Only,genesis,make_only,genesis_make_only,make_only,MS,MS,,,
2026-08-01,Brand,genesis,Total,genesis_Total,Total,NH,NH,0.0,0.0,0
2026-08-01,Unassigned,genesis,Unassigned,unassigned,Unassigned,NH,NH,,,
2026-08-01,Unassigned,genesis,Unassigned,Unassigned,Unassigned,NH,NH,0.0,0.0,0
2026-08-01,Near Luxury Car,genesis,g70,genesis_g70,g70,NH,NH,0.0,0.0,0
2026-08-01,Mid Luxury Car,genesis,g80,genesis_g80,g80,NH,NH,0.0,0.0,0
2026-08-01,Mid Luxury EV Car,genesis,g80_ev,genesis_electrified_g80,g80_ev,NH,NH,0.0,0.0,0
2026-08-01,Premium Luxury Car,genesis,g90,genesis_g90,g90,NH,NH,0.0,0.0,0
2026-08-01,Entry Luxury EV SUV,genesis,gv60,genesis_gv60,gv60,NH,NH,0.0,0.0,0
2026-08-01,Near Luxury SUV,genesis,gv70,genesis_gv70,gv70,NH,NH,0.0,0.0,0
2026-08-01,Near Luxury EV SUV,genesis,gv70_ev,genesis_electrified_gv70,gv70_ev,NH,NH,0.0,0.0,0
2026-08-01,Mid Luxury SUV,genesis,gv80,genesis_gv80,gv80,NH,NH,0.0,0.0,0
2026-08-01,Mid Luxury SUV,genesis,gv80_coupe,genesis_gv80_coupe,gv80,NH,NH,0.0,0.0,0
2026-08-01,Make Only,genesis,make_only,genesis_make_only,make_only,NH,NH,,,
2026-08-01,Brand,genesis,Total,genesis_Total,Total,SC,SC,461519.0,23707.0,103087
2026-08-01,Unassigned,genesis,Unassigned,Unassigned,Unassigned,SC,SC,0.0,0.0,0
2026-08-01,Unassigned,genesis,Unassigned,unassigned,Unassigned,SC,SC,,,
2026-08-01,Near Luxury Car,genesis,g70,genesis_g70,g70,SC,SC,49797.0,3482.0,9637
2026-08-01,Mid Luxury Car,genesis,g80,genesis_g80,g80,SC,SC,11496.0,896.0,4064
2026-08-01,Mid Luxury EV Car,genesis,g80_ev,genesis_electrified_g80,g80_ev,SC,SC,40.0,0.0,0
2026-08-01,Premium Luxury Car,genesis,g90,genesis_g90,g90,SC,SC,8423.0,648.0,2542
2026-08-01,Entry Luxury EV SUV,genesis,gv60,genesis_gv60,gv60,SC,SC,8534.0,399.0,2843
2026-08-01,Near Luxury SUV,genesis,gv70,genesis_gv70,gv70,SC,SC,180784.0,7490.0,32358
2026-08-01,Near Luxury EV SUV,genesis,gv70_ev,genesis_electrified_gv70,gv70_ev,SC,SC,14548.0,151.0,2755
2026-08-01,Mid Luxury SUV,genesis,gv80,genesis_gv80,gv80,SC,SC,158003.0,5624.0,27052
2026-08-01,Mid Luxury SUV,genesis,gv80_coupe,genesis_gv80_coupe,gv80,SC,SC,10657.0,1465.0,4493
2026-08-01,Make Only,genesis,make_only,genesis_make_only,make_only,SC,SC,,,
2026-08-01,Brand,genesis,Total,genesis_Total,Total,SO,SO,590132.0,34259.0,144253
2026-08-01,Unassigned,genesis,Unassigned,Unassigned,Unassigned,SO,SO,0.0,0.0,0
2026-08-01,Unassigned,genesis,Unassigned,unassigned,Unassigned,SO,SO,,,
2026-08-01,Near Luxury Car,genesis,g70,genesis_g70,g70,SO,SO,63005.0,4596.0,13309
2026-08-01,Mid Luxury Car,genesis,g80,genesis_g80,g80,SO,SO,15104.0,1357.0,5813
2026-08-01,Mid Luxury EV Car,genesis,g80_ev,genesis_electrified_g80,g80_ev,SO,SO,57.0,1.0,0
2026-08-01,Premium Luxury Car,genesis,g90,genesis_g90,g90,SO,SO,10560.0,930.0,3165
2026-08-01,Entry Luxury EV SUV,genesis,gv60,genesis_gv60,gv60,SO,SO,12330.0,1104.0,4690
2026-08-01,Near Luxury SUV,genesis,gv70,genesis_gv70,gv70,SO,SO,225446.0,10277.0,46609
2026-08-01,Near Luxury EV SUV,genesis,gv70_ev,genesis_electrified_gv70,gv70_ev,SO,SO,20520.0,1126.0,4412
2026-08-01,Mid Luxury SUV,genesis,gv80,genesis_gv80,gv80,SO,SO,192423.0,7192.0,35345
2026-08-01,Mid Luxury SUV,genesis,gv80_coupe,genesis_gv80_coupe,gv80,SO,SO,13934.0,1833.0,6283
2026-08-01,Make Only,genesis,make_only,genesis_make_only,make_only,SO,SO,,,
2026-08-01,Brand,genesis,Total,genesis_Total,Total,National,US,3403517.0,178058.0,767982
2026-08-01,Unassigned,genesis,Unassigned,unassigned,Unassigned,National,US,,,
2026-08-01,Unassigned,genesis,Unassigned,Unassigned,Unassigned,National,US,0.0,0.0,0
2026-08-01,Near Luxury Car,genesis,g70,genesis_g70,g70,National,US,357974.0,24859.0,72523
2026-08-01,Mid Luxury Car,genesis,g80,genesis_g80,g80,National,US,91454.0,6619.0,32126
2026-08-01,Mid Luxury EV Car,genesis,g80_ev,genesis_electrified_g80,g80_ev,National,US,470.0,2.0,1
2026-08-01,Premium Luxury Car,genesis,g90,genesis_g90,g90,National,US,72978.0,4248.0,18871
2026-08-01,Entry Luxury EV SUV,genesis,gv60,genesis_gv60,gv60,National,US,89929.0,6716.0,30432
2026-08-01,Near Luxury SUV,genesis,gv70,genesis_gv70,gv70,National,US,1251290.0,52202.0,241055
2026-08-01,Near Luxury EV SUV,genesis,gv70_ev,genesis_electrified_gv70,gv70_ev,National,US,124497.0,5527.0,27209
2026-08-01,Mid Luxury SUV,genesis,gv80,genesis_gv80,gv80,National,US,1085473.0,35664.0,184019
2026-08-01,Mid Luxury SUV,genesis,gv80_coupe,genesis_gv80_coupe,gv80,National,US,74585.0,8745.0,31735
2026-08-01,Make Only,genesis,make_only,genesis_make_only,make_only,National,US,,,
2026-08-01,Brand,genesis,Total,genesis_Total,Total,WE,WE,516013.0,26640.0,105841
2026-08-01,Unassigned,genesis,Unassigned,unassigned,Unassigned,WE,WE,,,
2026-08-01,Unassigned,genesis,Unassigned,Unassigned,Unassigned,WE,WE,0.0,0.0,0
2026-08-01,Near Luxury Car,genesis,g70,genesis_g70,g70,WE,WE,55524.0,3558.0,10539
2026-08-01,Mid Luxury Car,genesis,g80,genesis_g80,g80,WE,WE,12845.0,766.0,4456
2026-08-01,Mid Luxury EV Car,genesis,g80_ev,genesis_electrified_g80,g80_ev,WE,WE,140.0,0.0,0
2026-08-01,Premium Luxury Car,genesis,g90,genesis_g90,g90,WE,WE,10445.0,593.0,2762
2026-08-01,Entry Luxury EV SUV,genesis,gv60,genesis_gv60,gv60,WE,WE,20694.0,1857.0,7475
2026-08-01,Near Luxury SUV,genesis,gv70,genesis_gv70,gv70,WE,WE,184389.0,6106.0,30088
2026-08-01,Near Luxury EV SUV,genesis,gv70_ev,genesis_electrified_gv70,gv70_ev,WE,WE,23970.0,1433.0,6035
2026-08-01,Mid Luxury SUV,genesis,gv80,genesis_gv80,gv80,WE,WE,153158.0,4362.0,23722
2026-08-01,Mid Luxury SUV,genesis,gv80_coupe,genesis_gv80_coupe,gv80,WE,WE,10370.0,1229.0,4184
2026-08-01,Make Only,genesis,make_only,genesis_make_only,make_only,WE,WE,,,
2026-09-01,Brand,genesis,Total,genesis_Total,Total,CE,CE,392070.0,23670.0,100350
2026-09-01,Unassigned,genesis,Unassigned,unassigned,Unassigned,CE,CE,,,
2026-09-01,Unassigned,genesis,Unassigned,Unassigned,Unassigned,CE,CE,0.0,0.0,0
2026-09-01,Near Luxury Car,genesis,g70,genesis_g70,g70,CE,CE,45870.0,3450.0,10140
2026-09-01,Mid Luxury Car,genesis,g80,genesis_g80,g80,CE,CE,11070.0,780.0,4770
2026-09-01,Mid Luxury EV Car,genesis,g80_ev,genesis_electrified_g80,g80_ev,CE,CE,30.0,0.0,0
2026-09-01,Premium Luxury Car,genesis,g90,genesis_g90,g90,CE,CE,7800.0,450.0,2730
2026-09-01,Entry Luxury EV SUV,genesis,gv60,genesis_gv60,gv60,CE,CE,8850.0,540.0,3900
2026-09-01,Near Luxury SUV,genesis,gv70,genesis_gv70,gv70,CE,CE,163830.0,7050.0,31530
2026-09-01,Near Luxury EV SUV,genesis,gv70_ev,genesis_electrified_gv70,gv70_ev,CE,CE,14490.0,540.0,3210
2026-09-01,Mid Luxury SUV,genesis,gv80,genesis_gv80,gv80,CE,CE,115260.0,5760.0,22920
2026-09-01,Mid Luxury SUV,genesis,gv80_coupe,genesis_gv80_coupe,gv80,CE,CE,8400.0,870.0,3390
2026-09-01,Make Only,genesis,make_only,genesis_make_only,make_only,CE,CE,,,
2026-09-01,Brand,genesis,Total,genesis_Total,Total,EA,EA,530430.0,27780.0,139530
2026-09-01,Unassigned,genesis,Unassigned,Unassigned,Unassigned,EA,EA,0.0,0.0,0
2026-09-01,Unassigned,genesis,Unassigned,unassigned,Unassigned,EA,EA,,,
2026-09-01,Near Luxury Car,genesis,g70,genesis_g70,g70,EA,EA,59010.0,3900.0,13770
2026-09-01,Mid Luxury Car,genesis,g80,genesis_g80,g80,EA,EA,13320.0,810.0,5790
2026-09-01,Mid Luxury EV Car,genesis,g80_ev,genesis_electrified_g80,g80_ev,EA,EA,90.0,0.0,0
2026-09-01,Premium Luxury Car,genesis,g90,genesis_g90,g90,EA,EA,8820.0,600.0,2370
2026-09-01,Entry Luxury EV SUV,genesis,gv60,genesis_gv60,gv60,EA,EA,13800.0,1140.0,6180
2026-09-01,Near Luxury SUV,genesis,gv70,genesis_gv70,gv70,EA,EA,219180.0,9180.0,46530
2026-09-01,Near Luxury EV SUV,genesis,gv70_ev,genesis_electrified_gv70,gv70_ev,EA,EA,19920.0,810.0,4380
2026-09-01,Mid Luxury SUV,genesis,gv80,genesis_gv80,gv80,EA,EA,136230.0,4770.0,29070
2026-09-01,Mid Luxury SUV,genesis,gv80_coupe,genesis_gv80_coupe,gv80,EA,EA,11280.0,1470.0,5550
2026-09-01,Make Only,genesis,make_only,genesis_make_only,make_only,EA,EA,,,
2026-09-01,Brand,genesis,Total,genesis_Total,Total,MA,MA,329940.0,18030.0,73440
2026-09-01,Unassigned,genesis,Unassigned,unassigned,Unassigned,MA,MA,,,
2026-09-01,Unassigned,genesis,Unassigned,Unassigned,Unassigned,MA,MA,0.0,0.0,0
2026-09-01,Near Luxury Car,genesis,g70,genesis_g70,g70,MA,MA,38490.0,2760.0,8040
2026-09-01,Mid Luxury Car,genesis,g80,genesis_g80,g80,MA,MA,11910.0,480.0,3570
2026-09-01,Mid Luxury EV Car,genesis,g80_ev,genesis_electrified_g80,g80_ev,MA,MA,120.0,0.0,0
2026-09-01,Premium Luxury Car,genesis,g90,genesis_g90,g90,MA,MA,5880.0,750.0,1860
2026-09-01,Entry Luxury EV SUV,genesis,gv60,genesis_gv60,gv60,MA,MA,7560.0,750.0,3660
2026-09-01,Near Luxury SUV,genesis,gv70,genesis_gv70,gv70,MA,MA,128640.0,4980.0,22260
2026-09-01,Near Luxury EV SUV,genesis,gv70_ev,genesis_electrified_gv70,gv70_ev,MA,MA,11580.0,1140.0,2910
2026-09-01,Mid Luxury SUV,genesis,gv80,genesis_gv80,gv80,MA,MA,92430.0,3630.0,17100
2026-09-01,Mid Luxury SUV,genesis,gv80_coupe,genesis_gv80_coupe,gv80,MA,MA,6210.0,600.0,3000
2026-09-01,Make Only,genesis,make_only,genesis_make_only,make_only,MA,MA,,,
2026-09-01,Brand,genesis,Total,genesis_Total,Total,MS,MS,250650.0,11430.0,49500
2026-09-01,Unassigned,genesis,Unassigned,unassigned,Unassigned,MS,MS,,,
2026-09-01,Unassigned,genesis,Unassigned,Unassigned,Unassigned,MS,MS,0.0,0.0,0
2026-09-01,Near Luxury Car,genesis,g70,genesis_g70,g70,MS,MS,28620.0,1380.0,7440
2026-09-01,Mid Luxury Car,genesis,g80,genesis_g80,g80,MS,MS,6270.0,480.0,2220
2026-09-01,Mid Luxury EV Car,genesis,g80_ev,genesis_electrified_g80,g80_ev,MS,MS,30.0,0.0,0
2026-09-01,Premium Luxury Car,genesis,g90,genesis_g90,g90,MS,MS,4320.0,270.0,1740
2026-09-01,Entry Luxury EV SUV,genesis,gv60,genesis_gv60,gv60,MS,MS,6660.0,600.0,2130
2026-09-01,Near Luxury SUV,genesis,gv70,genesis_gv70,gv70,MS,MS,97860.0,2070.0,13650
2026-09-01,Near Luxury EV SUV,genesis,gv70_ev,genesis_electrified_gv70,gv70_ev,MS,MS,9780.0,390.0,2040
2026-09-01,Mid Luxury SUV,genesis,gv80,genesis_gv80,gv80,MS,MS,69960.0,2040.0,10800
2026-09-01,Mid Luxury SUV,genesis,gv80_coupe,genesis_gv80_coupe,gv80,MS,MS,4800.0,540.0,2310
2026-09-01,Make Only,genesis,make_only,genesis_make_only,make_only,MS,MS,,,
2026-09-01,Brand,genesis,Total,genesis_Total,Total,NH,NH,0.0,0.0,0
2026-09-01,Unassigned,genesis,Unassigned,unassigned,Unassigned,NH,NH,,,
2026-09-01,Unassigned,genesis,Unassigned,Unassigned,Unassigned,NH,NH,0.0,0.0,0
2026-09-01,Near Luxury Car,genesis,g70,genesis_g70,g70,NH,NH,0.0,0.0,0
2026-09-01,Mid Luxury Car,genesis,g80,genesis_g80,g80,NH,NH,0.0,0.0,0
2026-09-01,Mid Luxury EV Car,genesis,g80_ev,genesis_electrified_g80,g80_ev,NH,NH,0.0,0.0,0
2026-09-01,Premium Luxury Car,genesis,g90,genesis_g90,g90,NH,NH,0.0,0.0,0
2026-09-01,Entry Luxury EV SUV,genesis,gv60,genesis_gv60,gv60,NH,NH,0.0,0.0,0
2026-09-01,Near Luxury SUV,genesis,gv70,genesis_gv70,gv70,NH,NH,0.0,0.0,0
2026-09-01,Near Luxury EV SUV,genesis,gv70_ev,genesis_electrified_gv70,gv70_ev,NH,NH,0.0,0.0,0
2026-09-01,Mid Luxury SUV,genesis,gv80,genesis_gv80,gv80,NH,NH,0.0,0.0,0
2026-09-01,Mid Luxury SUV,genesis,gv80_coupe,genesis_gv80_coupe,gv80,NH,NH,0.0,0.0,0
2026-09-01,Make Only,genesis,make_only,genesis_make_only,make_only,NH,NH,,,
2026-09-01,Brand,genesis,Total,genesis_Total,Total,SC,SC,379290.0,18510.0,87210
2026-09-01,Unassigned,genesis,Unassigned,unassigned,Unassigned,SC,SC,,,
2026-09-01,Unassigned,genesis,Unassigned,Unassigned,Unassigned,SC,SC,0.0,0.0,0
2026-09-01,Near Luxury Car,genesis,g70,genesis_g70,g70,SC,SC,46980.0,2820.0,10350
2026-09-01,Mid Luxury Car,genesis,g80,genesis_g80,g80,SC,SC,9900.0,510.0,3570
2026-09-01,Mid Luxury EV Car,genesis,g80_ev,genesis_electrified_g80,g80_ev,SC,SC,0.0,0.0,0
2026-09-01,Premium Luxury Car,genesis,g90,genesis_g90,g90,SC,SC,6720.0,510.0,1920
2026-09-01,Entry Luxury EV SUV,genesis,gv60,genesis_gv60,gv60,SC,SC,7980.0,270.0,2460
2026-09-01,Near Luxury SUV,genesis,gv70,genesis_gv70,gv70,SC,SC,162810.0,6030.0,28590
2026-09-01,Near Luxury EV SUV,genesis,gv70_ev,genesis_electrified_gv70,gv70_ev,SC,SC,13440.0,270.0,2340
2026-09-01,Mid Luxury SUV,genesis,gv80,genesis_gv80,gv80,SC,SC,109800.0,3840.0,19290
2026-09-01,Mid Luxury SUV,genesis,gv80_coupe,genesis_gv80_coupe,gv80,SC,SC,9210.0,1200.0,4020
2026-09-01,Make Only,genesis,make_only,genesis_make_only,make_only,SC,SC,,,
2026-09-01,Brand,genesis,Total,genesis_Total,Total,SO,SO,453180.0,27270.0,116700
2026-09-01,Unassigned,genesis,Unassigned,unassigned,Unassigned,SO,SO,,,
2026-09-01,Unassigned,genesis,Unassigned,Unassigned,Unassigned,SO,SO,0.0,0.0,0
2026-09-01,Near Luxury Car,genesis,g70,genesis_g70,g70,SO,SO,54510.0,4410.0,13020
2026-09-01,Mid Luxury Car,genesis,g80,genesis_g80,g80,SO,SO,11850.0,810.0,4740
2026-09-01,Mid Luxury EV Car,genesis,g80_ev,genesis_electrified_g80,g80_ev,SO,SO,60.0,0.0,0
2026-09-01,Premium Luxury Car,genesis,g90,genesis_g90,g90,SO,SO,8430.0,420.0,2550
2026-09-01,Entry Luxury EV SUV,genesis,gv60,genesis_gv60,gv60,SO,SO,10410.0,1410.0,4080
2026-09-01,Near Luxury SUV,genesis,gv70,genesis_gv70,gv70,SO,SO,193740.0,7860.0,36330
2026-09-01,Near Luxury EV SUV,genesis,gv70_ev,genesis_electrified_gv70,gv70_ev,SO,SO,17100.0,720.0,3450
2026-09-01,Mid Luxury SUV,genesis,gv80,genesis_gv80,gv80,SO,SO,125850.0,6270.0,27270
2026-09-01,Mid Luxury SUV,genesis,gv80_coupe,genesis_gv80_coupe,gv80,SO,SO,11610.0,1830.0,5880
2026-09-01,Make Only,genesis,make_only,genesis_make_only,make_only,SO,SO,,,
2026-09-01,Brand,genesis,Total,genesis_Total,Total,National,US,2901270.0,149580.0,678450
2026-09-01,Unassigned,genesis,Unassigned,unassigned,Unassigned,National,US,,,
2026-09-01,Unassigned,genesis,Unassigned,Unassigned,Unassigned,National,US,0.0,0.0,0
2026-09-01,Near Luxury Car,genesis,g70,genesis_g70,g70,National,US,337050.0,23430.0,75990
2026-09-01,Mid Luxury Car,genesis,g80,genesis_g80,g80,National,US,83670.0,4740.0,30930
2026-09-01,Mid Luxury EV Car,genesis,g80_ev,genesis_electrified_g80,g80_ev,National,US,540.0,0.0,0
2026-09-01,Premium Luxury Car,genesis,g90,genesis_g90,g90,National,US,59250.0,3420.0,16590
2026-09-01,Entry Luxury EV SUV,genesis,gv60,genesis_gv60,gv60,National,US,79170.0,6480.0,29610
2026-09-01,Near Luxury SUV,genesis,gv70,genesis_gv70,gv70,National,US,1172130.0,42510.0,207750
2026-09-01,Near Luxury EV SUV,genesis,gv70_ev,genesis_electrified_gv70,gv70_ev,National,US,111300.0,5070.0,24810
2026-09-01,Mid Luxury SUV,genesis,gv80,genesis_gv80,gv80,National,US,777990.0,30780.0,147180
2026-09-01,Mid Luxury SUV,genesis,gv80_coupe,genesis_gv80_coupe,gv80,National,US,62910.0,7260.0,28170
2026-09-01,Make Only,genesis,make_only,genesis_make_only,make_only,National,US,,,
2026-09-01,Brand,genesis,Total,genesis_Total,Total,WE,WE,454410.0,20940.0,92550
2026-09-01,Unassigned,genesis,Unassigned,Unassigned,Unassigned,WE,WE,0.0,0.0,0
2026-09-01,Unassigned,genesis,Unassigned,unassigned,Unassigned,WE,WE,,,
2026-09-01,Near Luxury Car,genesis,g70,genesis_g70,g70,WE,WE,54240.0,3510.0,11940
2026-09-01,Mid Luxury Car,genesis,g80,genesis_g80,g80,WE,WE,11010.0,750.0,5130
2026-09-01,Mid Luxury EV Car,genesis,g80_ev,genesis_electrified_g80,g80_ev,WE,WE,180.0,0.0,0
2026-09-01,Premium Luxury Car,genesis,g90,genesis_g90,g90,WE,WE,8520.0,360.0,2130
2026-09-01,Entry Luxury EV SUV,genesis,gv60,genesis_gv60,gv60,WE,WE,17280.0,1770.0,6360
2026-09-01,Near Luxury SUV,genesis,gv70,genesis_gv70,gv70,WE,WE,187380.0,5010.0,26100
2026-09-01,Near Luxury EV SUV,genesis,gv70_ev,genesis_electrified_gv70,gv70_ev,WE,WE,20580.0,1140.0,5610
2026-09-01,Mid Luxury SUV,genesis,gv80,genesis_gv80,gv80,WE,WE,110790.0,4440.0,18420
2026-09-01,Mid Luxury SUV,genesis,gv80_coupe,genesis_gv80_coupe,gv80,WE,WE,7830.0,720.0,3060
2026-09-01,Make Only,genesis,make_only,genesis_make_only,make_only,WE,WE,,,
2026-10-01,Brand,genesis,Total,genesis_Total,Total,CE,CE,,,
2026-10-01,Unassigned,genesis,Unassigned,unassigned,Unassigned,CE,CE,,,
2026-10-01,Unassigned,genesis,Unassigned,Unassigned,Unassigned,CE,CE,,,
2026-10-01,Near Luxury Car,genesis,g70,genesis_g70,g70,CE,CE,,,
2026-10-01,Mid Luxury Car,genesis,g80,genesis_g80,g80,CE,CE,,,
2026-10-01,Mid Luxury EV Car,genesis,g80_ev,genesis_electrified_g80,g80_ev,CE,CE,,,
2026-10-01,Premium Luxury Car,genesis,g90,genesis_g90,g90,CE,CE,,,
2026-10-01,Entry Luxury EV SUV,genesis,gv60,genesis_gv60,gv60,CE,CE,,,
2026-10-01,Near Luxury SUV,genesis,gv70,genesis_gv70,gv70,CE,CE,,,
2026-10-01,Near Luxury EV SUV,genesis,gv70_ev,genesis_electrified_gv70,gv70_ev,CE,CE,,,
2026-10-01,Mid Luxury SUV,genesis,gv80,genesis_gv80,gv80,CE,CE,,,
2026-10-01,Mid Luxury SUV,genesis,gv80_coupe,genesis_gv80_coupe,gv80,CE,CE,,,
2026-10-01,Make Only,genesis,make_only,genesis_make_only,make_only,CE,CE,,,
2026-10-01,Brand,genesis,Total,genesis_Total,Total,EA,EA,,,
2026-10-01,Unassigned,genesis,Unassigned,Unassigned,Unassigned,EA,EA,,,
2026-10-01,Unassigned,genesis,Unassigned,unassigned,Unassigned,EA,EA,,,
2026-10-01,Near Luxury Car,genesis,g70,genesis_g70,g70,EA,EA,,,
2026-10-01,Mid Luxury Car,genesis,g80,genesis_g80,g80,EA,EA,,,
2026-10-01,Mid Luxury EV Car,genesis,g80_ev,genesis_electrified_g80,g80_ev,EA,EA,,,
2026-10-01,Premium Luxury Car,genesis,g90,genesis_g90,g90,EA,EA,,,
2026-10-01,Entry Luxury EV SUV,genesis,gv60,genesis_gv60,gv60,EA,EA,,,
2026-10-01,Near Luxury SUV,genesis,gv70,genesis_gv70,gv70,EA,EA,,,
2026-10-01,Near Luxury EV SUV,genesis,gv70_ev,genesis_electrified_gv70,gv70_ev,EA,EA,,,
2026-10-01,Mid Luxury SUV,genesis,gv80,genesis_gv80,gv80,EA,EA,,,
2026-10-01,Mid Luxury SUV,genesis,gv80_coupe,genesis_gv80_coupe,gv80,EA,EA,,,
2026-10-01,Make Only,genesis,make_only,genesis_make_only,make_only,EA,EA,,,
2026-10-01,Brand,genesis,Total,genesis_Total,Total,MA,MA,,,
2026-10-01,Unassigned,genesis,Unassigned,Unassigned,Unassigned,MA,MA,,,
2026-10-01,Unassigned,genesis,Unassigned,unassigned,Unassigned,MA,MA,,,
2026-10-01,Near Luxury Car,genesis,g70,genesis_g70,g70,MA,MA,,,
2026-10-01,Mid Luxury Car,genesis,g80,genesis_g80,g80,MA,MA,,,
2026-10-01,Mid Luxury EV Car,genesis,g80_ev,genesis_electrified_g80,g80_ev,MA,MA,,,
2026-10-01,Premium Luxury Car,genesis,g90,genesis_g90,g90,MA,MA,,,
2026-10-01,Entry Luxury EV SUV,genesis,gv60,genesis_gv60,gv60,MA,MA,,,
2026-10-01,Near Luxury SUV,genesis,gv70,genesis_gv70,gv70,MA,MA,,,
2026-10-01,Near Luxury EV SUV,genesis,gv70_ev,genesis_electrified_gv70,gv70_ev,MA,MA,,,
2026-10-01,Mid Luxury SUV,genesis,gv80,genesis_gv80,gv80,MA,MA,,,
2026-10-01,Mid Luxury SUV,genesis,gv80_coupe,genesis_gv80_coupe,gv80,MA,MA,,,
2026-10-01,Make Only,genesis,make_only,genesis_make_only,make_only,MA,MA,,,
2026-10-01,Brand,genesis,Total,genesis_Total,Total,MS,MS,,,
2026-10-01,Unassigned,genesis,Unassigned,Unassigned,Unassigned,MS,MS,,,
2026-10-01,Unassigned,genesis,Unassigned,unassigned,Unassigned,MS,MS,,,
2026-10-01,Near Luxury Car,genesis,g70,genesis_g70,g70,MS,MS,,,
2026-10-01,Mid Luxury Car,genesis,g80,genesis_g80,g80,MS,MS,,,
2026-10-01,Mid Luxury EV Car,genesis,g80_ev,genesis_electrified_g80,g80_ev,MS,MS,,,
2026-10-01,Premium Luxury Car,genesis,g90,genesis_g90,g90,MS,MS,,,
2026-10-01,Entry Luxury EV SUV,genesis,gv60,genesis_gv60,gv60,MS,MS,,,
2026-10-01,Near Luxury SUV,genesis,gv70,genesis_gv70,gv70,MS,MS,,,
2026-10-01,Near Luxury EV SUV,genesis,gv70_ev,genesis_electrified_gv70,gv70_ev,MS,MS,,,
2026-10-01,Mid Luxury SUV,genesis,gv80,genesis_gv80,gv80,MS,MS,,,
2026-10-01,Mid Luxury SUV,genesis,gv80_coupe,genesis_gv80_coupe,gv80,MS,MS,,,
2026-10-01,Make Only,genesis,make_only,genesis_make_only,make_only,MS,MS,,,
2026-10-01,Brand,genesis,Total,genesis_Total,Total,NH,NH,,,
2026-10-01,Unassigned,genesis,Unassigned,unassigned,Unassigned,NH,NH,,,
2026-10-01,Unassigned,genesis,Unassigned,Unassigned,Unassigned,NH,NH,,,
2026-10-01,Near Luxury Car,genesis,g70,genesis_g70,g70,NH,NH,,,
2026-10-01,Mid Luxury Car,genesis,g80,genesis_g80,g80,NH,NH,,,
2026-10-01,Mid Luxury EV Car,genesis,g80_ev,genesis_electrified_g80,g80_ev,NH,NH,,,
2026-10-01,Premium Luxury Car,genesis,g90,genesis_g90,g90,NH,NH,,,
2026-10-01,Entry Luxury EV SUV,genesis,gv60,genesis_gv60,gv60,NH,NH,,,
2026-10-01,Near Luxury SUV,genesis,gv70,genesis_gv70,gv70,NH,NH,,,
2026-10-01,Near Luxury EV SUV,genesis,gv70_ev,genesis_electrified_gv70,gv70_ev,NH,NH,,,
2026-10-01,Mid Luxury SUV,genesis,gv80,genesis_gv80,gv80,NH,NH,,,
2026-10-01,Mid Luxury SUV,genesis,gv80_coupe,genesis_gv80_coupe,gv80,NH,NH,,,
2026-10-01,Make Only,genesis,make_only,genesis_make_only,make_only,NH,NH,,,
2026-10-01,Brand,genesis,Total,genesis_Total,Total,SC,SC,,,
2026-10-01,Unassigned,genesis,Unassigned,unassigned,Unassigned,SC,SC,,,
2026-10-01,Unassigned,genesis,Unassigned,Unassigned,Unassigned,SC,SC,,,
2026-10-01,Near Luxury Car,genesis,g70,genesis_g70,g70,SC,SC,,,
2026-10-01,Mid Luxury Car,genesis,g80,genesis_g80,g80,SC,SC,,,
2026-10-01,Mid Luxury EV Car,genesis,g80_ev,genesis_electrified_g80,g80_ev,SC,SC,,,
2026-10-01,Premium Luxury Car,genesis,g90,genesis_g90,g90,SC,SC,,,
2026-10-01,Entry Luxury EV SUV,genesis,gv60,genesis_gv60,gv60,SC,SC,,,
2026-10-01,Near Luxury SUV,genesis,gv70,genesis_gv70,gv70,SC,SC,,,
2026-10-01,Near Luxury EV SUV,genesis,gv70_ev,genesis_electrified_gv70,gv70_ev,SC,SC,,,
2026-10-01,Mid Luxury SUV,genesis,gv80,genesis_gv80,gv80,SC,SC,,,
2026-10-01,Mid Luxury SUV,genesis,gv80_coupe,genesis_gv80_coupe,gv80,SC,SC,,,
2026-10-01,Make Only,genesis,make_only,genesis_make_only,make_only,SC,SC,,,
2026-10-01,Brand,genesis,Total,genesis_Total,Total,SO,SO,,,
2026-10-01,Unassigned,genesis,Unassigned,unassigned,Unassigned,SO,SO,,,
2026-10-01,Unassigned,genesis,Unassigned,Unassigned,Unassigned,SO,SO,,,
2026-10-01,Near Luxury Car,genesis,g70,genesis_g70,g70,SO,SO,,,
2026-10-01,Mid Luxury Car,genesis,g80,genesis_g80,g80,SO,SO,,,
2026-10-01,Mid Luxury EV Car,genesis,g80_ev,genesis_electrified_g80,g80_ev,SO,SO,,,
2026-10-01,Premium Luxury Car,genesis,g90,genesis_g90,g90,SO,SO,,,
2026-10-01,Entry Luxury EV SUV,genesis,gv60,genesis_gv60,gv60,SO,SO,,,
2026-10-01,Near Luxury SUV,genesis,gv70,genesis_gv70,gv70,SO,SO,,,
2026-10-01,Near Luxury EV SUV,genesis,gv70_ev,genesis_electrified_gv70,gv70_ev,SO,SO,,,
2026-10-01,Mid Luxury SUV,genesis,gv80,genesis_gv80,gv80,SO,SO,,,
2026-10-01,Mid Luxury SUV,genesis,gv80_coupe,genesis_gv80_coupe,gv80,SO,SO,,,
2026-10-01,Make Only,genesis,make_only,genesis_make_only,make_only,SO,SO,,,
2026-10-01,Brand,genesis,Total,genesis_Total,Total,National,US,,,
2026-10-01,Unassigned,genesis,Unassigned,unassigned,Unassigned,National,US,,,
2026-10-01,Unassigned,genesis,Unassigned,Unassigned,Unassigned,National,US,,,
2026-10-01,Near Luxury Car,genesis,g70,genesis_g70,g70,National,US,,,
2026-10-01,Mid Luxury Car,genesis,g80,genesis_g80,g80,National,US,,,
2026-10-01,Mid Luxury EV Car,genesis,g80_ev,genesis_electrified_g80,g80_ev,National,US,,,
2026-10-01,Premium Luxury Car,genesis,g90,genesis_g90,g90,National,US,,,
2026-10-01,Entry Luxury EV SUV,genesis,gv60,genesis_gv60,gv60,National,US,,,
2026-10-01,Near Luxury SUV,genesis,gv70,genesis_gv70,gv70,National,US,,,
2026-10-01,Near Luxury EV SUV,genesis,gv70_ev,genesis_electrified_gv70,gv70_ev,National,US,,,
2026-10-01,Mid Luxury SUV,genesis,gv80,genesis_gv80,gv80,National,US,,,
2026-10-01,Mid Luxury SUV,genesis,gv80_coupe,genesis_gv80_coupe,gv80,National,US,,,
2026-10-01,Make Only,genesis,make_only,genesis_make_only,make_only,National,US,,,
2026-10-01,Brand,genesis,Total,genesis_Total,Total,WE,WE,,,
2026-10-01,Unassigned,genesis,Unassigned,Unassigned,Unassigned,WE,WE,,,
2026-10-01,Unassigned,genesis,Unassigned,unassigned,Unassigned,WE,WE,,,
2026-10-01,Near Luxury Car,genesis,g70,genesis_g70,g70,WE,WE,,,
2026-10-01,Mid Luxury Car,genesis,g80,genesis_g80,g80,WE,WE,,,
2026-10-01,Mid Luxury EV Car,genesis,g80_ev,genesis_electrified_g80,g80_ev,WE,WE,,,
2026-10-01,Premium Luxury Car,genesis,g90,genesis_g90,g90,WE,WE,,,
2026-10-01,Entry Luxury EV SUV,genesis,gv60,genesis_gv60,gv60,WE,WE,,,
2026-10-01,Near Luxury SUV,genesis,gv70,genesis_gv70,gv70,WE,WE,,,
2026-10-01,Near Luxury EV SUV,genesis,gv70_ev,genesis_electrified_gv70,gv70_ev,WE,WE,,,
2026-10-01,Mid Luxury SUV,genesis,gv80,genesis_gv80,gv80,WE,WE,,,
2026-10-01,Mid Luxury SUV,genesis,gv80_coupe,genesis_gv80_coupe,gv80,WE,WE,,,
2026-10-01,Make Only,genesis,make_only,genesis_make_only,make_only,WE,WE,,,
2026-11-01,Brand,genesis,Total,genesis_Total,Total,CE,CE,,,
2026-11-01,Unassigned,genesis,Unassigned,Unassigned,Unassigned,CE,CE,,,
2026-11-01,Unassigned,genesis,Unassigned,unassigned,Unassigned,CE,CE,,,
2026-11-01,Near Luxury Car,genesis,g70,genesis_g70,g70,CE,CE,,,
2026-11-01,Mid Luxury Car,genesis,g80,genesis_g80,g80,CE,CE,,,
2026-11-01,Mid Luxury EV Car,genesis,g80_ev,genesis_electrified_g80,g80_ev,CE,CE,,,
2026-11-01,Premium Luxury Car,genesis,g90,genesis_g90,g90,CE,CE,,,
2026-11-01,Entry Luxury EV SUV,genesis,gv60,genesis_gv60,gv60,CE,CE,,,
2026-11-01,Near Luxury SUV,genesis,gv70,genesis_gv70,gv70,CE,CE,,,
2026-11-01,Near Luxury EV SUV,genesis,gv70_ev,genesis_electrified_gv70,gv70_ev,CE,CE,,,
2026-11-01,Mid Luxury SUV,genesis,gv80,genesis_gv80,gv80,CE,CE,,,
2026-11-01,Mid Luxury SUV,genesis,gv80_coupe,genesis_gv80_coupe,gv80,CE,CE,,,
2026-11-01,Make Only,genesis,make_only,genesis_make_only,make_only,CE,CE,,,
2026-11-01,Brand,genesis,Total,genesis_Total,Total,EA,EA,,,
2026-11-01,Unassigned,genesis,Unassigned,unassigned,Unassigned,EA,EA,,,
2026-11-01,Unassigned,genesis,Unassigned,Unassigned,Unassigned,EA,EA,,,
2026-11-01,Near Luxury Car,genesis,g70,genesis_g70,g70,EA,EA,,,
2026-11-01,Mid Luxury Car,genesis,g80,genesis_g80,g80,EA,EA,,,
2026-11-01,Mid Luxury EV Car,genesis,g80_ev,genesis_electrified_g80,g80_ev,EA,EA,,,
2026-11-01,Premium Luxury Car,genesis,g90,genesis_g90,g90,EA,EA,,,
2026-11-01,Entry Luxury EV SUV,genesis,gv60,genesis_gv60,gv60,EA,EA,,,
2026-11-01,Near Luxury SUV,genesis,gv70,genesis_gv70,gv70,EA,EA,,,
2026-11-01,Near Luxury EV SUV,genesis,gv70_ev,genesis_electrified_gv70,gv70_ev,EA,EA,,,
2026-11-01,Mid Luxury SUV,genesis,gv80,genesis_gv80,gv80,EA,EA,,,
2026-11-01,Mid Luxury SUV,genesis,gv80_coupe,genesis_gv80_coupe,gv80,EA,EA,,,
2026-11-01,Make Only,genesis,make_only,genesis_make_only,make_only,EA,EA,,,
2026-11-01,Brand,genesis,Total,genesis_Total,Total,MA,MA,,,
2026-11-01,Unassigned,genesis,Unassigned,unassigned,Unassigned,MA,MA,,,
2026-11-01,Unassigned,genesis,Unassigned,Unassigned,Unassigned,MA,MA,,,
2026-11-01,Near Luxury Car,genesis,g70,genesis_g70,g70,MA,MA,,,
2026-11-01,Mid Luxury Car,genesis,g80,genesis_g80,g80,MA,MA,,,
2026-11-01,Mid Luxury EV Car,genesis,g80_ev,genesis_electrified_g80,g80_ev,MA,MA,,,
2026-11-01,Premium Luxury Car,genesis,g90,genesis_g90,g90,MA,MA,,,
2026-11-01,Entry Luxury EV SUV,genesis,gv60,genesis_gv60,gv60,MA,MA,,,
2026-11-01,Near Luxury SUV,genesis,gv70,genesis_gv70,gv70,MA,MA,,,
2026-11-01,Near Luxury EV SUV,genesis,gv70_ev,genesis_electrified_gv70,gv70_ev,MA,MA,,,
2026-11-01,Mid Luxury SUV,genesis,gv80,genesis_gv80,gv80,MA,MA,,,
2026-11-01,Mid Luxury SUV,genesis,gv80_coupe,genesis_gv80_coupe,gv80,MA,MA,,,
2026-11-01,Make Only,genesis,make_only,genesis_make_only,make_only,MA,MA,,,
2026-11-01,Brand,genesis,Total,genesis_Total,Total,MS,MS,,,
2026-11-01,Unassigned,genesis,Unassigned,unassigned,Unassigned,MS,MS,,,
2026-11-01,Unassigned,genesis,Unassigned,Unassigned,Unassigned,MS,MS,,,
2026-11-01,Near Luxury Car,genesis,g70,genesis_g70,g70,MS,MS,,,
2026-11-01,Mid Luxury Car,genesis,g80,genesis_g80,g80,MS,MS,,,
2026-11-01,Mid Luxury EV Car,genesis,g80_ev,genesis_electrified_g80,g80_ev,MS,MS,,,
2026-11-01,Premium Luxury Car,genesis,g90,genesis_g90,g90,MS,MS,,,
2026-11-01,Entry Luxury EV SUV,genesis,gv60,genesis_gv60,gv60,MS,MS,,,
2026-11-01,Near Luxury SUV,genesis,gv70,genesis_gv70,gv70,MS,MS,,,
2026-11-01,Near Luxury EV SUV,genesis,gv70_ev,genesis_electrified_gv70,gv70_ev,MS,MS,,,
2026-11-01,Mid Luxury SUV,genesis,gv80,genesis_gv80,gv80,MS,MS,,,
2026-11-01,Mid Luxury SUV,genesis,gv80_coupe,genesis_gv80_coupe,gv80,MS,MS,,,
2026-11-01,Make Only,genesis,make_only,genesis_make_only,make_only,MS,MS,,,
2026-11-01,Brand,genesis,Total,genesis_Total,Total,NH,NH,,,
2026-11-01,Unassigned,genesis,Unassigned,Unassigned,Unassigned,NH,NH,,,
2026-11-01,Unassigned,genesis,Unassigned,unassigned,Unassigned,NH,NH,,,
2026-11-01,Near Luxury Car,genesis,g70,genesis_g70,g70,NH,NH,,,
2026-11-01,Mid Luxury Car,genesis,g80,genesis_g80,g80,NH,NH,,,
2026-11-01,Mid Luxury EV Car,genesis,g80_ev,genesis_electrified_g80,g80_ev,NH,NH,,,
2026-11-01,Premium Luxury Car,genesis,g90,genesis_g90,g90,NH,NH,,,
2026-11-01,Entry Luxury EV SUV,genesis,gv60,genesis_gv60,gv60,NH,NH,,,
2026-11-01,Near Luxury SUV,genesis,gv70,genesis_gv70,gv70,NH,NH,,,
2026-11-01,Near Luxury EV SUV,genesis,gv70_ev,genesis_electrified_gv70,gv70_ev,NH,NH,,,
2026-11-01,Mid Luxury SUV,genesis,gv80,genesis_gv80,gv80,NH,NH,,,
2026-11-01,Mid Luxury SUV,genesis,gv80_coupe,genesis_gv80_coupe,gv80,NH,NH,,,
2026-11-01,Make Only,genesis,make_only,genesis_make_only,make_only,NH,NH,,,
2026-11-01,Brand,genesis,Total,genesis_Total,Total,SC,SC,,,
2026-11-01,Unassigned,genesis,Unassigned,unassigned,Unassigned,SC,SC,,,
2026-11-01,Unassigned,genesis,Unassigned,Unassigned,Unassigned,SC,SC,,,
2026-11-01,Near Luxury Car,genesis,g70,genesis_g70,g70,SC,SC,,,
2026-11-01,Mid Luxury Car,genesis,g80,genesis_g80,g80,SC,SC,,,
2026-11-01,Mid Luxury EV Car,genesis,g80_ev,genesis_electrified_g80,g80_ev,SC,SC,,,
2026-11-01,Premium Luxury Car,genesis,g90,genesis_g90,g90,SC,SC,,,
2026-11-01,Entry Luxury EV SUV,genesis,gv60,genesis_gv60,gv60,SC,SC,,,
2026-11-01,Near Luxury SUV,genesis,gv70,genesis_gv70,gv70,SC,SC,,,
2026-11-01,Near Luxury EV SUV,genesis,gv70_ev,genesis_electrified_gv70,gv70_ev,SC,SC,,,
2026-11-01,Mid Luxury SUV,genesis,gv80,genesis_gv80,gv80,SC,SC,,,
2026-11-01,Mid Luxury SUV,genesis,gv80_coupe,genesis_gv80_coupe,gv80,SC,SC,,,
2026-11-01,Make Only,genesis,make_only,genesis_make_only,make_only,SC,SC,,,
2026-11-01,Brand,genesis,Total,genesis_Total,Total,SO,SO,,,
2026-11-01,Unassigned,genesis,Unassigned,unassigned,Unassigned,SO,SO,,,
2026-11-01,Unassigned,genesis,Unassigned,Unassigned,Unassigned,SO,SO,,,
2026-11-01,Near Luxury Car,genesis,g70,genesis_g70,g70,SO,SO,,,
2026-11-01,Mid Luxury Car,genesis,g80,genesis_g80,g80,SO,SO,,,
2026-11-01,Mid Luxury EV Car,genesis,g80_ev,genesis_electrified_g80,g80_ev,SO,SO,,,
2026-11-01,Premium Luxury Car,genesis,g90,genesis_g90,g90,SO,SO,,,
2026-11-01,Entry Luxury EV SUV,genesis,gv60,genesis_gv60,gv60,SO,SO,,,
2026-11-01,Near Luxury SUV,genesis,gv70,genesis_gv70,gv70,SO,SO,,,
2026-11-01,Near Luxury EV SUV,genesis,gv70_ev,genesis_electrified_gv70,gv70_ev,SO,SO,,,
2026-11-01,Mid Luxury SUV,genesis,gv80,genesis_gv80,gv80,SO,SO,,,
2026-11-01,Mid Luxury SUV,genesis,gv80_coupe,genesis_gv80_coupe,gv80,SO,SO,,,
2026-11-01,Make Only,genesis,make_only,genesis_make_only,make_only,SO,SO,,,
2026-11-01,Brand,genesis,Total,genesis_Total,Total,National,US,,,
2026-11-01,Unassigned,genesis,Unassigned,Unassigned,Unassigned,National,US,,,
2026-11-01,Unassigned,genesis,Unassigned,unassigned,Unassigned,National,US,,,
2026-11-01,Near Luxury Car,genesis,g70,genesis_g70,g70,National,US,,,
2026-11-01,Mid Luxury Car,genesis,g80,genesis_g80,g80,National,US,,,
2026-11-01,Mid Luxury EV Car,genesis,g80_ev,genesis_electrified_g80,g80_ev,National,US,,,
2026-11-01,Premium Luxury Car,genesis,g90,genesis_g90,g90,National,US,,,
2026-11-01,Entry Luxury EV SUV,genesis,gv60,genesis_gv60,gv60,National,US,,,
2026-11-01,Near Luxury SUV,genesis,gv70,genesis_gv70,gv70,National,US,,,
2026-11-01,Near Luxury EV SUV,genesis,gv70_ev,genesis_electrified_gv70,gv70_ev,National,US,,,
2026-11-01,Mid Luxury SUV,genesis,gv80,genesis_gv80,gv80,National,US,,,
2026-11-01,Mid Luxury SUV,genesis,gv80_coupe,genesis_gv80_coupe,gv80,National,US,,,
2026-11-01,Make Only,genesis,make_only,genesis_make_only,make_only,National,US,,,
2026-11-01,Brand,genesis,Total,genesis_Total,Total,WE,WE,,,
2026-11-01,Unassigned,genesis,Unassigned,Unassigned,Unassigned,WE,WE,,,
2026-11-01,Unassigned,genesis,Unassigned,unassigned,Unassigned,WE,WE,,,
2026-11-01,Near Luxury Car,genesis,g70,genesis_g70,g70,WE,WE,,,
2026-11-01,Mid Luxury Car,genesis,g80,genesis_g80,g80,WE,WE,,,
2026-11-01,Mid Luxury EV Car,genesis,g80_ev,genesis_electrified_g80,g80_ev,WE,WE,,,
2026-11-01,Premium Luxury Car,genesis,g90,genesis_g90,g90,WE,WE,,,
2026-11-01,Entry Luxury EV SUV,genesis,gv60,genesis_gv60,gv60,WE,WE,,,
2026-11-01,Near Luxury SUV,genesis,gv70,genesis_gv70,gv70,WE,WE,,,
2026-11-01,Near Luxury EV SUV,genesis,gv70_ev,genesis_electrified_gv70,gv70_ev,WE,WE,,,
2026-11-01,Mid Luxury SUV,genesis,gv80,genesis_gv80,gv80,WE,WE,,,
2026-11-01,Mid Luxury SUV,genesis,gv80_coupe,genesis_gv80_coupe,gv80,WE,WE,,,
2026-11-01,Make Only,genesis,make_only,genesis_make_only,make_only,WE,WE,,,
2026-12-01,Brand,genesis,Total,genesis_Total,Total,CE,CE,,,
2026-12-01,Unassigned,genesis,Unassigned,unassigned,Unassigned,CE,CE,,,
2026-12-01,Unassigned,genesis,Unassigned,Unassigned,Unassigned,CE,CE,,,
2026-12-01,Near Luxury Car,genesis,g70,genesis_g70,g70,CE,CE,,,
2026-12-01,Mid Luxury Car,genesis,g80,genesis_g80,g80,CE,CE,,,
2026-12-01,Mid Luxury EV Car,genesis,g80_ev,genesis_electrified_g80,g80_ev,CE,CE,,,
2026-12-01,Premium Luxury Car,genesis,g90,genesis_g90,g90,CE,CE,,,
2026-12-01,Entry Luxury EV SUV,genesis,gv60,genesis_gv60,gv60,CE,CE,,,
2026-12-01,Near Luxury SUV,genesis,gv70,genesis_gv70,gv70,CE,CE,,,
2026-12-01,Near Luxury EV SUV,genesis,gv70_ev,genesis_electrified_gv70,gv70_ev,CE,CE,,,
2026-12-01,Mid Luxury SUV,genesis,gv80,genesis_gv80,gv80,CE,CE,,,
2026-12-01,Mid Luxury SUV,genesis,gv80_coupe,genesis_gv80_coupe,gv80,CE,CE,,,
2026-12-01,Make Only,genesis,make_only,genesis_make_only,make_only,CE,CE,,,
2026-12-01,Brand,genesis,Total,genesis_Total,Total,EA,EA,,,
2026-12-01,Unassigned,genesis,Unassigned,unassigned,Unassigned,EA,EA,,,
2026-12-01,Unassigned,genesis,Unassigned,Unassigned,Unassigned,EA,EA,,,
2026-12-01,Near Luxury Car,genesis,g70,genesis_g70,g70,EA,EA,,,
2026-12-01,Mid Luxury Car,genesis,g80,genesis_g80,g80,EA,EA,,,
2026-12-01,Mid Luxury EV Car,genesis,g80_ev,genesis_electrified_g80,g80_ev,EA,EA,,,
2026-12-01,Premium Luxury Car,genesis,g90,genesis_g90,g90,EA,EA,,,
2026-12-01,Entry Luxury EV SUV,genesis,gv60,genesis_gv60,gv60,EA,EA,,,
2026-12-01,Near Luxury SUV,genesis,gv70,genesis_gv70,gv70,EA,EA,,,
2026-12-01,Near Luxury EV SUV,genesis,gv70_ev,genesis_electrified_gv70,gv70_ev,EA,EA,,,
2026-12-01,Mid Luxury SUV,genesis,gv80,genesis_gv80,gv80,EA,EA,,,
2026-12-01,Mid Luxury SUV,genesis,gv80_coupe,genesis_gv80_coupe,gv80,EA,EA,,,
2026-12-01,Make Only,genesis,make_only,genesis_make_only,make_only,EA,EA,,,
2026-12-01,Brand,genesis,Total,genesis_Total,Total,MA,MA,,,
2026-12-01,Unassigned,genesis,Unassigned,unassigned,Unassigned,MA,MA,,,
2026-12-01,Unassigned,genesis,Unassigned,Unassigned,Unassigned,MA,MA,,,
2026-12-01,Near Luxury Car,genesis,g70,genesis_g70,g70,MA,MA,,,
2026-12-01,Mid Luxury Car,genesis,g80,genesis_g80,g80,MA,MA,,,
2026-12-01,Mid Luxury EV Car,genesis,g80_ev,genesis_electrified_g80,g80_ev,MA,MA,,,
2026-12-01,Premium Luxury Car,genesis,g90,genesis_g90,g90,MA,MA,,,
2026-12-01,Entry Luxury EV SUV,genesis,gv60,genesis_gv60,gv60,MA,MA,,,
2026-12-01,Near Luxury SUV,genesis,gv70,genesis_gv70,gv70,MA,MA,,,
2026-12-01,Near Luxury EV SUV,genesis,gv70_ev,genesis_electrified_gv70,gv70_ev,MA,MA,,,
2026-12-01,Mid Luxury SUV,genesis,gv80,genesis_gv80,gv80,MA,MA,,,
2026-12-01,Mid Luxury SUV,genesis,gv80_coupe,genesis_gv80_coupe,gv80,MA,MA,,,
2026-12-01,Make Only,genesis,make_only,genesis_make_only,make_only,MA,MA,,,
2026-12-01,Brand,genesis,Total,genesis_Total,Total,MS,MS,,,
2026-12-01,Unassigned,genesis,Unassigned,Unassigned,Unassigned,MS,MS,,,
2026-12-01,Unassigned,genesis,Unassigned,unassigned,Unassigned,MS,MS,,,
2026-12-01,Near Luxury Car,genesis,g70,genesis_g70,g70,MS,MS,,,
2026-12-01,Mid Luxury Car,genesis,g80,genesis_g80,g80,MS,MS,,,
2026-12-01,Mid Luxury EV Car,genesis,g80_ev,genesis_electrified_g80,g80_ev,MS,MS,,,
2026-12-01,Premium Luxury Car,genesis,g90,genesis_g90,g90,MS,MS,,,
2026-12-01,Entry Luxury EV SUV,genesis,gv60,genesis_gv60,gv60,MS,MS,,,
2026-12-01,Near Luxury SUV,genesis,gv70,genesis_gv70,gv70,MS,MS,,,
2026-12-01,Near Luxury EV SUV,genesis,gv70_ev,genesis_electrified_gv70,gv70_ev,MS,MS,,,
2026-12-01,Mid Luxury SUV,genesis,gv80,genesis_gv80,gv80,MS,MS,,,
2026-12-01,Mid Luxury SUV,genesis,gv80_coupe,genesis_gv80_coupe,gv80,MS,MS,,,
2026-12-01,Make Only,genesis,make_only,genesis_make_only,make_only,MS,MS,,,
2026-12-01,Brand,genesis,Total,genesis_Total,Total,NH,NH,,,
2026-12-01,Unassigned,genesis,Unassigned,unassigned,Unassigned,NH,NH,,,
2026-12-01,Unassigned,genesis,Unassigned,Unassigned,Unassigned,NH,NH,,,
2026-12-01,Near Luxury Car,genesis,g70,genesis_g70,g70,NH,NH,,,
2026-12-01,Mid Luxury Car,genesis,g80,genesis_g80,g80,NH,NH,,,
2026-12-01,Mid Luxury EV Car,genesis,g80_ev,genesis_electrified_g80,g80_ev,NH,NH,,,
2026-12-01,Premium Luxury Car,genesis,g90,genesis_g90,g90,NH,NH,,,
2026-12-01,Entry Luxury EV SUV,genesis,gv60,genesis_gv60,gv60,NH,NH,,,
2026-12-01,Near Luxury SUV,genesis,gv70,genesis_gv70,gv70,NH,NH,,,
2026-12-01,Near Luxury EV SUV,genesis,gv70_ev,genesis_electrified_gv70,gv70_ev,NH,NH,,,
2026-12-01,Mid Luxury SUV,genesis,gv80,genesis_gv80,gv80,NH,NH,,,
2026-12-01,Mid Luxury SUV,genesis,gv80_coupe,genesis_gv80_coupe,gv80,NH,NH,,,
2026-12-01,Make Only,genesis,make_only,genesis_make_only,make_only,NH,NH,,,
2026-12-01,Brand,genesis,Total,genesis_Total,Total,SC,SC,,,
2026-12-01,Unassigned,genesis,Unassigned,Unassigned,Unassigned,SC,SC,,,
2026-12-01,Unassigned,genesis,Unassigned,unassigned,Unassigned,SC,SC,,,
2026-12-01,Near Luxury Car,genesis,g70,genesis_g70,g70,SC,SC,,,
2026-12-01,Mid Luxury Car,genesis,g80,genesis_g80,g80,SC,SC,,,
2026-12-01,Mid Luxury EV Car,genesis,g80_ev,genesis_electrified_g80,g80_ev,SC,SC,,,
2026-12-01,Premium Luxury Car,genesis,g90,genesis_g90,g90,SC,SC,,,
2026-12-01,Entry Luxury EV SUV,genesis,gv60,genesis_gv60,gv60,SC,SC,,,
2026-12-01,Near Luxury SUV,genesis,gv70,genesis_gv70,gv70,SC,SC,,,
2026-12-01,Near Luxury EV SUV,genesis,gv70_ev,genesis_electrified_gv70,gv70_ev,SC,SC,,,
2026-12-01,Mid Luxury SUV,genesis,gv80,genesis_gv80,gv80,SC,SC,,,
2026-12-01,Mid Luxury SUV,genesis,gv80_coupe,genesis_gv80_coupe,gv80,SC,SC,,,
2026-12-01,Make Only,genesis,make_only,genesis_make_only,make_only,SC,SC,,,
2026-12-01,Brand,genesis,Total,genesis_Total,Total,SO,SO,,,
2026-12-01,Unassigned,genesis,Unassigned,Unassigned,Unassigned,SO,SO,,,
2026-12-01,Unassigned,genesis,Unassigned,unassigned,Unassigned,SO,SO,,,
2026-12-01,Near Luxury Car,genesis,g70,genesis_g70,g70,SO,SO,,,
2026-12-01,Mid Luxury Car,genesis,g80,genesis_g80,g80,SO,SO,,,
2026-12-01,Mid Luxury EV Car,genesis,g80_ev,genesis_electrified_g80,g80_ev,SO,SO,,,
2026-12-01,Premium Luxury Car,genesis,g90,genesis_g90,g90,SO,SO,,,
2026-12-01,Entry Luxury EV SUV,genesis,gv60,genesis_gv60,gv60,SO,SO,,,
2026-12-01,Near Luxury SUV,genesis,gv70,genesis_gv70,gv70,SO,SO,,,
2026-12-01,Near Luxury EV SUV,genesis,gv70_ev,genesis_electrified_gv70,gv70_ev,SO,SO,,,
2026-12-01,Mid Luxury SUV,genesis,gv80,genesis_gv80,gv80,SO,SO,,,
2026-12-01,Mid Luxury SUV,genesis,gv80_coupe,genesis_gv80_coupe,gv80,SO,SO,,,
2026-12-01,Make Only,genesis,make_only,genesis_make_only,make_only,SO,SO,,,
2026-12-01,Brand,genesis,Total,genesis_Total,Total,National,US,,,
2026-12-01,Unassigned,genesis,Unassigned,Unassigned,Unassigned,National,US,,,
2026-12-01,Unassigned,genesis,Unassigned,unassigned,Unassigned,National,US,,,
2026-12-01,Near Luxury Car,genesis,g70,genesis_g70,g70,National,US,,,
2026-12-01,Mid Luxury Car,genesis,g80,genesis_g80,g80,National,US,,,
2026-12-01,Mid Luxury EV Car,genesis,g80_ev,genesis_electrified_g80,g80_ev,National,US,,,
2026-12-01,Premium Luxury Car,genesis,g90,genesis_g90,g90,National,US,,,
2026-12-01,Entry Luxury EV SUV,genesis,gv60,genesis_gv60,gv60,National,US,,,
2026-12-01,Near Luxury SUV,genesis,gv70,genesis_gv70,gv70,National,US,,,
2026-12-01,Near Luxury EV SUV,genesis,gv70_ev,genesis_electrified_gv70,gv70_ev,National,US,,,
2026-12-01,Mid Luxury SUV,genesis,gv80,genesis_gv80,gv80,National,US,,,
2026-12-01,Mid Luxury SUV,genesis,gv80_coupe,genesis_gv80_coupe,gv80,National,US,,,
2026-12-01,Make Only,genesis,make_only,genesis_make_only,make_only,National,US,,,
2026-12-01,Brand,genesis,Total,genesis_Total,Total,WE,WE,,,
2026-12-01,Unassigned,genesis,Unassigned,unassigned,Unassigned,WE,WE,,,
2026-12-01,Unassigned,genesis,Unassigned,Unassigned,Unassigned,WE,WE,,,
2026-12-01,Near Luxury Car,genesis,g70,genesis_g70,g70,WE,WE,,,
2026-12-01,Mid Luxury Car,genesis,g80,genesis_g80,g80,WE,WE,,,
2026-12-01,Mid Luxury EV Car,genesis,g80_ev,genesis_electrified_g80,g80_ev,WE,WE,,,
2026-12-01,Premium Luxury Car,genesis,g90,genesis_g90,g90,WE,WE,,,
2026-12-01,Entry Luxury EV SUV,genesis,gv60,genesis_gv60,gv60,WE,WE,,,
2026-12-01,Near Luxury SUV,genesis,gv70,genesis_gv70,gv70,WE,WE,,,
2026-12-01,Near Luxury EV SUV,genesis,gv70_ev,genesis_electrified_gv70,gv70_ev,WE,WE,,,
2026-12-01,Mid Luxury SUV,genesis,gv80,genesis_gv80,gv80,WE,WE,,,
2026-12-01,Mid Luxury SUV,genesis,gv80_coupe,genesis_gv80_coupe,gv80,WE,WE,,,
2026-12-01,Make Only,genesis,make_only,genesis_make_only,make_only,WE,WE,,,
