dma_id,dma_name,latitude,longitude,sub_polygon_id,point_of_order
500,"Portland-Auburn, ME",44.249,-69.0283,1,1
500,"Portland-Auburn, ME",44.1101,-69.1084,1,2
500,"Portland-Auburn, ME",44.0921,-69.0435,1,3
500,"Portland-Auburn, ME",44.0067,-69.1929,1,4
500,"Portland-Auburn, ME",43.931,-69.2155,1,5
500,"Portland-Auburn, ME",43.9181,-69.2615,1,6
500,"Portland-Auburn, ME",43.9535,-69.2758,1,7
500,"Portland-Auburn, ME",44.0676,-69.1637,1,8
500,"Portland-Auburn, ME",43.9536,-69.3035,1,9
500,"Portland-Auburn, ME",44.0052,-69.2915,1,10
500,"Portland-Auburn, ME",43.9646,-69.3671,1,11
500,"Portland-Auburn, ME",44.05,-69.3377,1,12
500,"Portland-Auburn, ME",44.0947,-69.3774,1,13
500,"Portland-Auburn, ME",43.8374,-69.5042,1,14
500,"Portland-Auburn, ME",43.9217,-69.5445,1,15
500,"Portland-Auburn, ME",43.8131,-69.5964,1,16
500,"Portland-Auburn, ME",43.8897,-69.6914,1,17
500,"Portland-Auburn, ME",43.7004,-69.837,1,18
500,"Portland-Auburn, ME",43.9109,-69.8688,1,19
500,"Portland-Auburn, ME",43.8602,-69.9391,1,20
500,"Portland-Auburn, ME",43.7967,-69.961,1,21
500,"Portland-Auburn, ME",43.7309,-70.0255,1,22
500,"Portland-Auburn, ME",43.8668,-69.9455,1,23
500,"Portland-Auburn, ME",43.8425,-70.0991,1,24
500,"Portland-Auburn, ME",43.6582,-70.311,1,25
500,"Portland-Auburn, ME",43.6524,-70.2237,1,26
500,"Portland-Auburn, ME",43.5655,-70.1977,1,27
500,"Portland-Auburn, ME",43.5156,-70.3735,1,28
500,"Portland-Auburn, ME",43.4474,-70.3336,1,29
500,"Portland-Auburn, ME",43.3159,-70.5587,1,30
500,"Portland-Auburn, ME",43.0655,-70.6883,1,31
500,"Portland-Auburn, ME",43.1272,-70.8263,1,32
500,"Portland-Auburn, ME",43.2379,-70.8179,1,33
500,"Portland-Auburn, ME",43.3585,-70.9767,1,34
500,"Portland-Auburn, ME",43.541,-70.9622,1,35
500,"Portland-Auburn, ME",43.5068,-71.1111,1,36
500,"Portland-Auburn, ME",43.5727,-71.1273,1,37
500,"Portland-Auburn, ME",43.571,-71.258,1,38
500,"Portland-Auburn, ME",43.7646,-71.5328,1,39
500,"Portland-Auburn, ME",43.8932,-71.5647,1,40
500,"Portland-Auburn, ME",43.9156,-71.3618,1,41
500,"Portland-Auburn, ME",44.07,-71.3475,1,42
500,"Portland-Auburn, ME",44.2497,-71.444,1,43
500,"Portland-Auburn, ME",44.2551,-71.5755,1,44
500,"Portland-Auburn, ME",44.4066,-71.7647,1,45
500,"Portland-Auburn, ME",44.5884,-71.5363,1,46
500,"Portland-Auburn, ME",44.75,-71.6318,1,47
500,"Portland-Auburn, ME",44.9043,-71.4964,1,48
500,"Portland-Auburn, ME",44.9846,-71.5412,1,49
500,"Portland-Auburn, ME",45.0136,-71.4646,1,50
500,"Portland-Auburn, ME",45.0512,-71.5058,1,51
500,"Portland-Auburn, ME",45.202,-71.3985,1,52
500,"Portland-Auburn, ME",45.2369,-71.4442,1,53
500,"Portland-Auburn, ME",45.3024,-71.2841,1,54
500,"Portland-Auburn, ME",45.2398,-71.1471,1,55
500,"Portland-Auburn, ME",45.3473,-71.0108,1,56
500,"Portland-Auburn, ME",45.2343,-70.8394,1,57
500,"Portland-Auburn, ME",45.4285,-70.7954,1,58
500,"Portland-Auburn, ME",45.4025,-70.6213,1,59
500,"Portland-Auburn, ME",45.5156,-70.722,1,60
500,"Portland-Auburn, ME",45.6678,-70.5528,1,61
500,"Portland-Auburn, ME",45.1449,-70.4189,1,62
500,"Portland-Auburn, ME",45.1284,-70.1596,1,63
500,"Portland-Auburn, ME",44.8517,-70.1317,1,64
500,"Portland-Auburn, ME",44.8644,-70.0328,1,65
500,"Portland-Auburn, ME",44.6108,-69.9305,1,66
500,"Portland-Auburn, ME",44.5773,-69.6057,1,67
500,"Portland-Auburn, ME",44.7004,-69.633,1,68
500,"Portland-Auburn, ME",44.7183,-69.4705,1,69
500,"Portland-Auburn, ME",44.5446,-69.3724,1,70
500,"Portland-Auburn, ME",44.3429,-69.5068,1,71
500,"Portland-Auburn, ME",44.3083,-69.3462,1,72
500,"Portland-Auburn, ME",44.3646,-69.2694,1,73
500,"Portland-Auburn, ME",44.249,-69.0283,1,74
500,"Portland-Auburn, ME",44.1097,-68.9431,2,1
500,"Portland-Auburn, ME",44.1478,-68.9178,2,2
500,"Portland-Auburn, ME",44.1854,-68.8438,2,3
500,"Portland-Auburn, ME",44.158,-68.8071,2,4
500,"Portland-Auburn, ME",44.1097,-68.9431,2,5
500,"Portland-Auburn, ME",44.0319,-68.8219,3,1
500,"Portland-Auburn, ME",44.1156,-68.8975,3,2
500,"Portland-Auburn, ME",44.0943,-68.9077,3,3
500,"Portland-Auburn, ME",44.0961,-68.9126,3,4
500,"Portland-Auburn, ME",44.1216,-68.9022,3,5
500,"Portland-Auburn, ME",44.0934,-68.7855,3,6
500,"Portland-Auburn, ME",44.0319,-68.8219,3,7
500,"Portland-Auburn, ME",44.0066,-68.6548,4,1
500,"Portland-Auburn, ME",44.0648,-68.6519,4,2
500,"Portland-Auburn, ME",44.086,-68.6013,4,3
500,"Portland-Auburn, ME",44.0127,-68.6116,4,4
500,"Portland-Auburn, ME",44.0066,-68.6548,4,5
500,"Portland-Auburn, ME",44.0335,-68.8334,5,1
500,"Portland-Auburn, ME",44.0366,-68.8382,5,2
500,"Portland-Auburn, ME",44.0414,-68.8325,5,3
500,"Portland-Auburn, ME",44.0401,-68.8297,5,4
500,"Portland-Auburn, ME",44.0335,-68.8334,5,5
500,"Portland-Auburn, ME",43.9949,-69.1136,6,1
500,"Portland-Auburn, ME",43.9966,-69.1252,6,2
500,"Portland-Auburn, ME",44.0017,-69.1273,6,3
500,"Portland-Auburn, ME",44.0001,-69.1099,6,4
500,"Portland-Auburn, ME",43.9949,-69.1136,6,5
500,"Portland-Auburn, ME",43.9855,-69.1485,7,1
500,"Portland-Auburn, ME",43.9962,-69.1498,7,2
500,"Portland-Auburn, ME",44.0008,-69.1371,7,3
500,"Portland-Auburn, ME",43.9971,-69.1352,7,4
500,"Portland-Auburn, ME",43.9855,-69.1485,7,5
500,"Portland-Auburn, ME",43.9415,-69.3174,8,1
500,"Portland-Auburn, ME",43.9535,-69.309,8,2
500,"Portland-Auburn, ME",43.952,-69.3028,8,3
500,"Portland-Auburn, ME",43.9566,-69.2927,8,4
500,"Portland-Auburn, ME",43.9415,-69.3174,8,5
500,"Portland-Auburn, ME",43.8487,-68.9002,9,1
500,"Portland-Auburn, ME",43.8695,-68.9021,9,2
500,"Portland-Auburn, ME",43.8758,-68.8897,9,3
500,"Portland-Auburn, ME",43.8564,-68.884,9,4
500,"Portland-Auburn, ME",43.8487,-68.9002,9,5
500,"Portland-Auburn, ME",43.833,-69.5552,10,1
500,"Portland-Auburn, ME",43.8484,-69.5673,10,2
500,"Portland-Auburn, ME",43.8675,-69.5479,10,3
500,"Portland-Auburn, ME",43.8589,-69.5454,10,4
500,"Portland-Auburn, ME",43.833,-69.5552,10,5
500,"Portland-Auburn, ME",43.8565,-69.6793,11,1
500,"Portland-Auburn, ME",43.8593,-69.685,11,2
500,"Portland-Auburn, ME",43.8665,-69.6825,11,3
500,"Portland-Auburn, ME",43.8621,-69.6778,11,4
500,"Portland-Auburn, ME",43.8565,-69.6793,11,5
500,"Portland-Auburn, ME",43.7667,-69.9484,12,1
500,"Portland-Auburn, ME",43.8326,-69.9425,12,2
500,"Portland-Auburn, ME",43.857,-69.8925,12,3
500,"Portland-Auburn, ME",43.7818,-69.8905,12,4
500,"Portland-Auburn, ME",43.8358,-69.9138,12,5
500,"Portland-Auburn, ME",43.7667,-69.9484,12,6
500,"Portland-Auburn, ME",43.8361,-69.7075,13,1
500,"Portland-Auburn, ME",43.8494,-69.7133,13,2
500,"Portland-Auburn, ME",43.852,-69.7027,13,3
500,"Portland-Auburn, ME",43.8418,-69.7042,13,4
500,"Portland-Auburn, ME",43.8361,-69.7075,13,5
500,"Portland-Auburn, ME",43.7866,-69.6611,14,1
500,"Portland-Auburn, ME",43.8229,-69.6809,14,2
500,"Portland-Auburn, ME",43.8227,-69.6903,14,3
500,"Portland-Auburn, ME",43.8515,-69.6682,14,4
500,"Portland-Auburn, ME",43.7866,-69.6611,14,5
500,"Portland-Auburn, ME",43.8243,-69.5658,15,1
500,"Portland-Auburn, ME",43.8324,-69.5657,15,2
500,"Portland-Auburn, ME",43.8284,-69.5626,15,3
500,"Portland-Auburn, ME",43.8243,-69.5658,15,4
500,"Portland-Auburn, ME",43.8112,-70.0142,16,1
500,"Portland-Auburn, ME",43.8233,-70.0131,16,2
500,"Portland-Auburn, ME",43.825,-69.9958,16,3
500,"Portland-Auburn, ME",43.815,-70.0042,16,4
500,"Portland-Auburn, ME",43.8112,-70.0142,16,5
500,"Portland-Auburn, ME",43.8191,-69.647,17,1
500,"Portland-Auburn, ME",43.8264,-69.65,17,2
500,"Portland-Auburn, ME",43.8265,-69.6477,17,3
500,"Portland-Auburn, ME",43.8191,-69.647,17,4
500,"Portland-Auburn, ME",43.8084,-69.887,18,1
500,"Portland-Auburn, ME",43.8204,-69.8846,18,2
500,"Portland-Auburn, ME",43.8231,-69.8815,18,3
500,"Portland-Auburn, ME",43.8138,-69.881,18,4
500,"Portland-Auburn, ME",43.8084,-69.887,18,5
500,"Portland-Auburn, ME",43.8092,-69.6846,19,1
500,"Portland-Auburn, ME",43.8163,-69.6857,19,2
500,"Portland-Auburn, ME",43.8164,-69.6821,19,3
500,"Portland-Auburn, ME",43.8102,-69.6833,19,4
500,"Portland-Auburn, ME",43.8092,-69.6846,19,5
500,"Portland-Auburn, ME",43.8033,-69.6318,20,1
500,"Portland-Auburn, ME",43.809,-69.6363,20,2
500,"Portland-Auburn, ME",43.8152,-69.6292,20,3
500,"Portland-Auburn, ME",43.8065,-69.626,20,4
500,"Portland-Auburn, ME",43.8033,-69.6318,20,5
500,"Portland-Auburn, ME",43.7961,-70.0748,21,1
500,"Portland-Auburn, ME",43.7969,-70.0784,21,2
500,"Portland-Auburn, ME",43.8046,-70.0666,21,3
500,"Portland-Auburn, ME",43.8008,-70.066,21,4
500,"Portland-Auburn, ME",43.7961,-70.0748,21,5
500,"Portland-Auburn, ME",43.7173,-70.0062,22,1
500,"Portland-Auburn, ME",43.776,-69.9741,22,2
500,"Portland-Auburn, ME",43.7942,-69.9461,22,3
500,"Portland-Auburn, ME",43.7236,-69.9935,22,4
500,"Portland-Auburn, ME",43.7173,-70.0062,22,5
500,"Portland-Auburn, ME",43.7747,-69.9145,23,1
500,"Portland-Auburn, ME",43.7813,-69.9223,23,2
500,"Portland-Auburn, ME",43.7886,-69.9126,23,3
500,"Portland-Auburn, ME",43.7797,-69.9108,23,4
500,"Portland-Auburn, ME",43.7747,-69.9145,23,5
500,"Portland-Auburn, ME",43.7463,-70.1525,24,1
500,"Portland-Auburn, ME",43.7736,-70.1453,24,2
500,"Portland-Auburn, ME",43.7736,-70.1228,24,3
500,"Portland-Auburn, ME",43.77,-70.1345,24,4
500,"Portland-Auburn, ME",43.7463,-70.1525,24,5
500,"Portland-Auburn, ME",43.7559,-69.3228,25,1
500,"Portland-Auburn, ME",43.7717,-69.316,25,2
500,"Portland-Auburn, ME",43.7705,-69.3004,25,3
500,"Portland-Auburn, ME",43.7571,-69.3138,25,4
500,"Portland-Auburn, ME",43.7559,-69.3228,25,5
500,"Portland-Auburn, ME",43.7537,-70.1342,26,1
500,"Portland-Auburn, ME",43.7634,-70.1297,26,2
500,"Portland-Auburn, ME",43.7648,-70.1165,26,3
500,"Portland-Auburn, ME",43.7595,-70.1217,26,4
500,"Portland-Auburn, ME",43.7537,-70.1342,26,5
500,"Portland-Auburn, ME",43.7068,-70.128,27,1
500,"Portland-Auburn, ME",43.7452,-70.1275,27,2
500,"Portland-Auburn, ME",43.7591,-70.0965,27,3
500,"Portland-Auburn, ME",43.7257,-70.1074,27,4
500,"Portland-Auburn, ME",43.7068,-70.128,27,5
500,"Portland-Auburn, ME",43.6839,-70.1175,28,1
500,"Portland-Auburn, ME",43.6943,-70.1105,28,2
500,"Portland-Auburn, ME",43.7103,-70.0934,28,3
500,"Portland-Auburn, ME",43.692,-70.0946,28,4
500,"Portland-Auburn, ME",43.6839,-70.1175,28,5
500,"Portland-Auburn, ME",43.676,-70.1681,29,1
500,"Portland-Auburn, ME",43.6917,-70.1658,29,2
500,"Portland-Auburn, ME",43.7024,-70.135,29,3
500,"Portland-Auburn, ME",43.6819,-70.1525,29,4
500,"Portland-Auburn, ME",43.676,-70.1681,29,5
500,"Portland-Auburn, ME",43.6863,-70.2348,30,1
500,"Portland-Auburn, ME",43.6918,-70.2322,30,2
500,"Portland-Auburn, ME",43.6902,-70.2262,30,3
500,"Portland-Auburn, ME",43.6875,-70.2281,30,4
500,"Portland-Auburn, ME",43.6863,-70.2348,30,5
500,"Portland-Auburn, ME",43.6726,-70.2042,31,1
500,"Portland-Auburn, ME",43.6871,-70.1997,31,2
500,"Portland-Auburn, ME",43.6884,-70.1904,31,3
500,"Portland-Auburn, ME",43.6729,-70.1953,31,4
500,"Portland-Auburn, ME",43.6726,-70.2042,31,5
500,"Portland-Auburn, ME",43.6509,-70.194,32,1
500,"Portland-Auburn, ME",43.6622,-70.1999,32,2
500,"Portland-Auburn, ME",43.6735,-70.1828,32,3
500,"Portland-Auburn, ME",43.6629,-70.1762,32,4
500,"Portland-Auburn, ME",43.6509,-70.194,32,5
500,"Portland-Auburn, ME",43.663,-70.2101,33,1
500,"Portland-Auburn, ME",43.6654,-70.2129,33,2
500,"Portland-Auburn, ME",43.6706,-70.2059,33,3
500,"Portland-Auburn, ME",43.6667,-70.204,33,4
500,"Portland-Auburn, ME",43.663,-70.2101,33,5
500,"Portland-Auburn, ME",43.6343,-70.2069,34,1
500,"Portland-Auburn, ME",43.6415,-70.2098,34,2
500,"Portland-Auburn, ME",43.6474,-70.203,34,3
500,"Portland-Auburn, ME",43.6467,-70.1908,34,4
500,"Portland-Auburn, ME",43.6343,-70.2069,34,5
500,"Portland-Auburn, ME",43.0746,-70.7375,35,1
500,"Portland-Auburn, ME",43.0808,-70.7471,35,2
500,"Portland-Auburn, ME",43.0801,-70.7225,35,3
500,"Portland-Auburn, ME",43.0757,-70.729,35,4
500,"Portland-Auburn, ME",43.0746,-70.7375,35,5
501,"New York, NY",40.6851,-74.0713,1,1
501,"New York, NY",40.6468,-74.1467,1,2
501,"New York, NY",40.7406,-74.082,1,3
501,"New York, NY",40.6988,-74.154,1,4
501,"New York, NY",40.4959,-74.2882,1,5
501,"New York, NY",40.4048,-73.9845,1,6
501,"New York, NY",40.3563,-74.0769,1,7
501,"New York, NY",40.376,-73.9787,1,8
501,"New York, NY",40.3179,-74.0472,1,9
501,"New York, NY",40.3069,-74.0089,1,10
501,"New York, NY",40.3764,-73.9738,1,11
501,"New York, NY",40.4687,-73.9957,1,12
501,"New York, NY",40.4432,-73.9795,1,13
501,"New York, NY",40.4309,-73.9825,1,14
501,"New York, NY",40.4002,-73.975,1,15
501,"New York, NY",40.3496,-73.9721,1,16
501,"New York, NY",40.2635,-73.9849,1,17
501,"New York, NY",39.7646,-74.0962,1,18
501,"New York, NY",39.9365,-74.0794,1,19
501,"New York, NY",39.9496,-74.1978,1,20
501,"New York, NY",39.9268,-74.105,1,21
501,"New York, NY",39.7644,-74.1928,1,22
501,"New York, NY",39.7369,-74.1955,1,23
501,"New York, NY",39.7233,-74.1857,1,24
501,"New York, NY",39.7125,-74.159,1,25
501,"New York, NY",39.577,-74.3378,1,26
501,"New York, NY",39.5388,-74.2985,1,27
501,"New York, NY",39.5098,-74.3324,1,28
501,"New York, NY",39.5506,-74.4137,1,29
501,"New York, NY",39.7734,-74.3898,1,30
501,"New York, NY",40.1826,-74.6136,1,31
501,"New York, NY",40.2725,-74.4819,1,32
501,"New York, NY",40.4244,-74.7484,1,33
501,"New York, NY",40.3418,-74.9431,1,34
501,"New York, NY",40.4206,-75.0604,1,35
501,"New York, NY",40.5422,-75.0686,1,36
501,"New York, NY",40.5757,-75.1948,1,37
501,"New York, NY",40.751,-75.1979,1,38
501,"New York, NY",40.8682,-75.0507,1,39
501,"New York, NY",40.9903,-75.1312,1,40
501,"New York, NY",41.0945,-74.9669,1,41
501,"New York, NY",41.1502,-75.1572,1,42
501,"New York, NY",41.2528,-75.1276,1,43
501,"New York, NY",41.2396,-75.3584,1,44
501,"New York, NY",41.3667,-75.3509,1,45
501,"New York, NY",41.3745,-75.2624,1,46
501,"New York, NY",41.6161,-75.0444,1,47
501,"New York, NY",41.8146,-75.0724,1,48
501,"New York, NY",41.8509,-75.1464,1,49
501,"New York, NY",42.1692,-74.4517,1,50
501,"New York, NY",42.0966,-74.0748,1,51
501,"New York, NY",42.177,-74.0024,1,52
501,"New York, NY",42.0788,-73.9296,1,53
501,"New York, NY",41.978,-73.5271,1,54
501,"New York, NY",42.0496,-73.4873,1,55
501,"New York, NY",41.6668,-73.5181,1,56
501,"New York, NY",41.4913,-73.4415,1,57
501,"New York, NY",41.4713,-73.3004,1,58
501,"New York, NY",41.3009,-73.0678,1,59
501,"New York, NY",41.1545,-73.1011,1,60
501,"New York, NY",41.1861,-73.1889,1,61
501,"New York, NY",41.0418,-73.5896,1,62
501,"New York, NY",40.9143,-73.7704,1,63
501,"New York, NY",40.8705,-73.8077,1,64
501,"New York, NY",40.8735,-73.784,1,65
501,"New York, NY",40.848,-73.8006,1,66
501,"New York, NY",40.8693,-73.8202,1,67
501,"New York, NY",40.8856,-73.8199,1,68
501,"New York, NY",40.8876,-73.8239,1,69
501,"New York, NY",40.8248,-73.8139,1,70
501,"New York, NY",40.8054,-73.79,1,71
501,"New York, NY",40.8036,-73.9285,1,72
501,"New York, NY",40.8716,-73.9088,1,73
501,"New York, NY",40.8789,-73.9248,1,74
501,"New York, NY",40.711,-73.9773,1,75
501,"New York, NY",40.6851,-74.0713,1,76
501,"New York, NY",41.2501,-72.036,2,1
501,"New York, NY",41.2748,-72.0227,2,2
501,"New York, NY",41.2923,-71.922,2,3
501,"New York, NY",41.2532,-72.0013,2,4
501,"New York, NY",41.2501,-72.036,2,5
501,"New York, NY",40.6549,-73.4077,3,1
501,"New York, NY",40.6368,-73.6921,3,2
501,"New York, NY",40.5929,-73.6881,3,3
501,"New York, NY",40.6079,-73.7273,3,4
501,"New York, NY",40.5417,-73.9403,3,5
501,"New York, NY",40.5979,-73.7699,3,6
501,"New York, NY",40.6402,-73.7449,3,7
501,"New York, NY",40.6612,-73.8388,3,8
501,"New York, NY",40.6317,-73.9172,3,9
501,"New York, NY",40.5786,-73.8839,3,10
501,"New York, NY",40.5705,-73.9954,3,11
501,"New York, NY",40.6244,-74.0419,3,12
501,"New York, NY",40.7909,-73.9097,3,13
501,"New York, NY",40.7587,-73.8528,3,14
501,"New York, NY",40.7966,-73.7795,3,15
501,"New York, NY",40.766,-73.7547,3,16
501,"New York, NY",40.8374,-73.7538,3,17
501,"New York, NY",40.7955,-73.7104,3,18
501,"New York, NY",40.8666,-73.7298,3,19
501,"New York, NY",40.8008,-73.6498,3,20
501,"New York, NY",40.9027,-73.6333,3,21
501,"New York, NY",40.8582,-73.4642,3,22
501,"New York, NY",40.9268,-73.4974,3,23
501,"New York, NY",40.9471,-73.4849,3,24
501,"New York, NY",40.8843,-73.4204,3,25
501,"New York, NY",40.9061,-73.4317,3,26
501,"New York, NY",40.9128,-73.3758,3,27
501,"New York, NY",40.8895,-73.3639,3,28
501,"New York, NY",40.8925,-73.3537,3,29
501,"New York, NY",40.9553,-73.3985,3,30
501,"New York, NY",40.8942,-73.1727,3,31
501,"New York, NY",40.9775,-73.1185,3,32
501,"New York, NY",40.981,-72.6437,3,33
501,"New York, NY",41.1412,-72.3508,3,34
501,"New York, NY",41.1607,-72.2323,3,35
501,"New York, NY",41.0737,-72.407,3,36
501,"New York, NY",40.9787,-72.4305,3,37
501,"New York, NY",41.0078,-72.4599,3,38
501,"New York, NY",40.9165,-72.6396,3,39
501,"New York, NY",40.8952,-72.4899,3,40
501,"New York, NY",41.0412,-72.3127,3,41
501,"New York, NY",40.9952,-72.2554,3,42
501,"New York, NY",41.0537,-72.1607,3,43
501,"New York, NY",40.9916,-72.0934,3,44
501,"New York, NY",41.0708,-71.8562,3,45
501,"New York, NY",40.8392,-72.4747,3,46
501,"New York, NY",40.8624,-72.4152,3,47
501,"New York, NY",40.8721,-72.413,3,48
501,"New York, NY",40.6549,-73.4077,3,49
501,"New York, NY",41.0466,-72.1,4,1
501,"New York, NY",41.0941,-72.141,4,2
501,"New York, NY",41.1239,-72.1308,4,3
501,"New York, NY",41.0982,-72.0774,4,4
501,"New York, NY",41.0466,-72.1,4,5
501,"New York, NY",41.0259,-72.2701,5,1
501,"New York, NY",41.0543,-72.3134,5,2
501,"New York, NY",41.0481,-72.3504,5,3
501,"New York, NY",41.0634,-72.353,5,4
501,"New York, NY",41.0664,-72.3648,5,5
501,"New York, NY",41.0407,-72.3476,5,6
501,"New York, NY",41.0712,-72.3843,5,7
501,"New York, NY",41.1073,-72.3346,5,8
501,"New York, NY",41.0259,-72.2701,5,9
501,"New York, NY",41.0932,-73.3849,6,1
501,"New York, NY",41.094,-73.3856,6,2
501,"New York, NY",41.0988,-73.3825,6,3
501,"New York, NY",41.0952,-73.3795,6,4
501,"New York, NY",41.0932,-73.3849,6,5
501,"New York, NY",40.9564,-72.4518,7,1
501,"New York, NY",40.9637,-72.4641,7,2
501,"New York, NY",40.9768,-72.4719,7,3
501,"New York, NY",40.985,-72.471,7,4
501,"New York, NY",40.9564,-72.4518,7,5
501,"New York, NY",40.9659,-73.6623,8,1
501,"New York, NY",40.9669,-73.672,8,2
501,"New York, NY",40.9752,-73.6612,8,3
501,"New York, NY",40.9823,-73.6623,8,4
501,"New York, NY",40.9809,-73.6564,8,5
501,"New York, NY",40.9659,-73.6623,8,6
501,"New York, NY",40.8816,-73.7828,9,1
501,"New York, NY",40.8833,-73.7867,9,2
501,"New York, NY",40.8884,-73.7808,9,3
501,"New York, NY",40.8849,-73.782,9,4
501,"New York, NY",40.8816,-73.7828,9,5
501,"New York, NY",40.8801,-73.7706,10,1
501,"New York, NY",40.8839,-73.7733,10,2
501,"New York, NY",40.8874,-73.7686,10,3
501,"New York, NY",40.8805,-73.768,10,4
501,"New York, NY",40.8801,-73.7706,10,5
501,"New York, NY",40.8452,-73.7678,11,1
501,"New York, NY",40.8477,-73.7716,11,2
501,"New York, NY",40.859,-73.7722,11,3
501,"New York, NY",40.8552,-73.7653,11,4
501,"New York, NY",40.8452,-73.7678,11,5
501,"New York, NY",40.8381,-73.7821,12,1
501,"New York, NY",40.843,-73.7899,12,2
501,"New York, NY",40.8575,-73.7905,12,3
501,"New York, NY",40.8514,-73.7857,12,4
501,"New York, NY",40.8381,-73.7821,12,5
501,"New York, NY",40.7636,-72.7528,13,1
501,"New York, NY",40.778,-72.73,13,2
501,"New York, NY",40.8415,-72.4778,13,3
501,"New York, NY",40.8346,-72.4957,13,4
501,"New York, NY",40.7636,-72.7528,13,5
501,"New York, NY",40.7821,-73.935,14,1
501,"New York, NY",40.802,-73.9237,14,2
501,"New York, NY",40.7939,-73.9138,14,3
501,"New York, NY",40.7825,-73.9242,14,4
501,"New York, NY",40.7821,-73.935,14,5
501,"New York, NY",40.786,-73.8814,15,1
501,"New York, NY",40.7875,-73.8899,15,2
501,"New York, NY",40.7978,-73.8914,15,3
501,"New York, NY",40.7877,-73.871,15,4
501,"New York, NY",40.786,-73.8814,15,5
501,"New York, NY",40.7494,-73.9616,16,1
501,"New York, NY",40.7729,-73.9403,16,2
501,"New York, NY",40.7548,-73.9552,16,3
501,"New York, NY",40.7494,-73.9616,16,4
501,"New York, NY",40.6186,-73.2635,17,1
501,"New York, NY",40.621,-73.3098,17,2
501,"New York, NY",40.6261,-73.312,17,3
501,"New York, NY",40.6571,-73.1046,17,4
501,"New York, NY",40.7694,-72.7564,17,5
501,"New York, NY",40.6768,-73.0197,17,6
501,"New York, NY",40.6186,-73.2635,17,7
501,"New York, NY",40.6841,-74.0253,18,1
501,"New York, NY",40.6932,-74.0206,18,2
501,"New York, NY",40.6906,-74.0117,18,3
501,"New York, NY",40.6842,-74.023,18,4
501,"New York, NY",40.6841,-74.0253,18,5
501,"New York, NY",40.6544,-73.1932,19,1
501,"New York, NY",40.6562,-73.2031,19,2
501,"New York, NY",40.6595,-73.2021,19,3
501,"New York, NY",40.6544,-73.1932,19,4
501,"New York, NY",40.6436,-73.2636,20,1
501,"New York, NY",40.6461,-73.2794,20,2
501,"New York, NY",40.6498,-73.2794,20,3
501,"New York, NY",40.6591,-73.2639,20,4
501,"New York, NY",40.6436,-73.2636,20,5
501,"New York, NY",40.5744,-73.5752,21,1
501,"New York, NY",40.6125,-73.501,21,2
501,"New York, NY",40.6494,-73.3087,21,3
501,"New York, NY",40.6461,-73.3163,21,4
501,"New York, NY",40.6394,-73.2991,21,5
501,"New York, NY",40.6409,-73.2493,21,6
501,"New York, NY",40.5744,-73.5752,21,7
501,"New York, NY",40.6425,-73.3048,22,1
501,"New York, NY",40.6492,-73.2934,22,2
501,"New York, NY",40.6426,-73.2892,22,3
501,"New York, NY",40.6425,-73.3048,22,4
501,"New York, NY",40.496,-74.2485,23,1
501,"New York, NY",40.5432,-74.2477,23,2
501,"New York, NY",40.5578,-74.2124,23,3
501,"New York, NY",40.6442,-74.1851,23,4
501,"New York, NY",40.6424,-74.0704,23,5
501,"New York, NY",40.5476,-74.1126,23,6
501,"New York, NY",40.496,-74.2485,23,7
501,"New York, NY",40.5954,-73.8337,24,1
501,"New York, NY",40.6,-73.8214,24,2
501,"New York, NY",40.6398,-73.8247,24,3
501,"New York, NY",40.6069,-73.8157,24,4
501,"New York, NY",40.5962,-73.8201,24,5
501,"New York, NY",40.5954,-73.8337,24,6
501,"New York, NY",40.6258,-73.8416,25,1
501,"New York, NY",40.6318,-73.8427,25,2
501,"New York, NY",40.6335,-73.8361,25,3
501,"New York, NY",40.6317,-73.8361,25,4
501,"New York, NY",40.6258,-73.8416,25,5
501,"New York, NY",40.605,-73.8358,26,1
501,"New York, NY",40.6085,-73.8341,26,2
501,"New York, NY",40.6075,-73.8298,26,3
501,"New York, NY",40.605,-73.8358,26,4
501,"New York, NY",40.5969,-73.6622,27,1
501,"New York, NY",40.6023,-73.6695,27,2
501,"New York, NY",40.6057,-73.6624,27,3
501,"New York, NY",40.5969,-73.6622,27,4
501,"New York, NY",40.5828,-73.7015,28,1
501,"New York, NY",40.5831,-73.7549,28,2
501,"New York, NY",40.5937,-73.5754,28,3
501,"New York, NY",40.5846,-73.581,28,4
501,"New York, NY",40.5828,-73.7015,28,5
501,"New York, NY",39.5024,-74.3025,29,1
501,"New York, NY",39.6967,-74.1411,29,2
501,"New York, NY",39.7739,-74.1235,29,3
501,"New York, NY",39.7584,-74.0949,29,4
501,"New York, NY",39.5693,-74.2291,29,5
501,"New York, NY",39.5024,-74.3025,29,6
501,"New York, NY",39.7195,-74.1656,30,1
501,"New York, NY",39.7235,-74.1826,30,2
501,"New York, NY",39.7435,-74.1927,30,3
501,"New York, NY",39.7365,-74.1639,30,4
501,"New York, NY",39.7195,-74.1656,30,5
501,"New York, NY",39.6496,-74.2019,31,1
501,"New York, NY",39.6621,-74.1991,31,2
501,"New York, NY",39.6613,-74.1889,31,3
501,"New York, NY",39.651,-74.191,31,4
501,"New York, NY",39.6496,-74.2019,31,5
502,"Binghamton, NY",42.0002,-76.5581,1,1
502,"Binghamton, NY",42.2817,-76.5383,1,2
502,"Binghamton, NY",42.2967,-76.2501,1,3
502,"Binghamton, NY",42.4066,-76.2932,1,4
502,"Binghamton, NY",42.4157,-75.864,1,5
502,"Binghamton, NY",42.7238,-75.8898,1,6
502,"Binghamton, NY",42.7441,-75.2956,1,7
502,"Binghamton, NY",42.3141,-75.4169,1,8
502,"Binghamton, NY",42.5177,-74.7283,1,9
502,"Binghamton, NY",42.3491,-74.4282,1,10
502,"Binghamton, NY",42.2014,-74.5373,1,11
502,"Binghamton, NY",42.1692,-74.4517,1,12
502,"Binghamton, NY",41.8486,-75.1529,1,13
502,"Binghamton, NY",41.8649,-75.2618,1,14
502,"Binghamton, NY",41.9994,-75.3596,1,15
502,"Binghamton, NY",42.0002,-76.5581,1,16
503,"Macon, GA",32.52,-84.053,1,1
503,"Macon, GA",32.5306,-84.053,1,2
503,"Macon, GA",32.5299,-84.0034,1,3
503,"Macon, GA",32.5337,-84.0022,1,4
503,"Macon, GA",32.6363,-84.0565,1,5
503,"Macon, GA",32.69,-84.2026,1,6
503,"Macon, GA",32.9322,-84.1233,1,7
503,"Macon, GA",32.9479,-84.0444,1,8
503,"Macon, GA",33.2026,-84.0415,1,9
503,"Macon, GA",33.1969,-83.8425,1,10
503,"Macon, GA",33.1318,-83.8159,1,11
503,"Macon, GA",33.1693,-83.3186,1,12
503,"Macon, GA",33.469,-83.0106,1,13
503,"Macon, GA",33.426,-82.8227,1,14
503,"Macon, GA",33.1745,-82.7395,1,15
503,"Macon, GA",33.0194,-82.5502,1,16
503,"Macon, GA",32.8223,-82.5209,1,17
503,"Macon, GA",32.7622,-82.4342,1,18
503,"Macon, GA",32.6472,-82.4642,1,19
503,"Macon, GA",32.5127,-82.6474,1,20
503,"Macon, GA",32.4401,-82.3822,1,21
503,"Macon, GA",32.3537,-82.4091,1,22
503,"Macon, GA",32.3009,-82.6562,1,23
503,"Macon, GA",31.9554,-82.5452,1,24
503,"Macon, GA",31.7747,-83.0057,1,25
503,"Macon, GA",31.8519,-83.1834,1,26
503,"Macon, GA",31.8541,-83.6123,1,27
503,"Macon, GA",32.0281,-83.6095,1,28
503,"Macon, GA",32.0306,-83.9613,1,29
503,"Macon, GA",32.1716,-84.0283,1,30
503,"Macon, GA",32.2962,-84.2559,1,31
503,"Macon, GA",32.396,-84.2543,1,32
503,"Macon, GA",32.52,-84.053,1,33
504,"Philadelphia, PA",39.3032,-74.5704,1,1
504,"Philadelphia, PA",39.3195,-74.6529,1,2
504,"Philadelphia, PA",39.2483,-74.6274,1,3
504,"Philadelphia, PA",39.2404,-74.6463,1,4
504,"Philadelphia, PA",39.2387,-74.6478,1,5
504,"Philadelphia, PA",39.236,-74.648,1,6
504,"Philadelphia, PA",39.2327,-74.6466,1,7
504,"Philadelphia, PA",39.2289,-74.6485,1,8
504,"Philadelphia, PA",39.2282,-74.666,1,9
504,"Philadelphia, PA",39.2049,-74.6712,1,10
504,"Philadelphia, PA",39.1848,-74.7104,1,11
504,"Philadelphia, PA",39.1569,-74.701,1,12
504,"Philadelphia, PA",39.1485,-74.7501,1,13
504,"Philadelphia, PA",39.128,-74.7175,1,14
504,"Philadelphia, PA",39.1337,-74.7584,1,15
504,"Philadelphia, PA",39.093,-74.7971,1,16
504,"Philadelphia, PA",39.0579,-74.7655,1,17
504,"Philadelphia, PA",39.0593,-74.8229,1,18
504,"Philadelphia, PA",38.9511,-74.9061,1,19
504,"Philadelphia, PA",38.9435,-74.8705,1,20
504,"Philadelphia, PA",38.9312,-74.9635,1,21
504,"Philadelphia, PA",39.1594,-74.8877,1,22
504,"Philadelphia, PA",39.18,-75.1391,1,23
504,"Philadelphia, PA",39.4609,-75.5368,1,24
504,"Philadelphia, PA",39.5647,-75.5136,1,25
504,"Philadelphia, PA",39.5622,-75.563,1,26
504,"Philadelphia, PA",39.4666,-75.5917,1,27
504,"Philadelphia, PA",39.2647,-75.4084,1,28
504,"Philadelphia, PA",39.0668,-75.402,1,29
504,"Philadelphia, PA",39.02,-75.3409,1,30
504,"Philadelphia, PA",38.946,-75.3117,1,31
504,"Philadelphia, PA",38.8309,-75.7227,1,32
504,"Philadelphia, PA",39.7218,-75.7884,1,33
504,"Philadelphia, PA",39.7214,-76.1241,1,34
504,"Philadelphia, PA",39.7254,-76.1364,1,35
504,"Philadelphia, PA",39.8723,-75.9878,1,36
504,"Philadelphia, PA",40.1084,-75.9436,1,37
504,"Philadelphia, PA",40.1377,-75.8732,1,38
504,"Philadelphia, PA",40.496,-76.4402,1,39
504,"Philadelphia, PA",40.5724,-76.0169,1,40
504,"Philadelphia, PA",40.6397,-75.9932,1,41
504,"Philadelphia, PA",40.9683,-75.1204,1,42
504,"Philadelphia, PA",40.8682,-75.0507,1,43
504,"Philadelphia, PA",40.751,-75.1979,1,44
504,"Philadelphia, PA",40.6172,-75.2018,1,45
504,"Philadelphia, PA",40.5422,-75.0686,1,46
504,"Philadelphia, PA",40.4171,-75.0575,1,47
504,"Philadelphia, PA",40.3396,-74.9292,1,48
504,"Philadelphia, PA",40.4244,-74.7484,1,49
504,"Philadelphia, PA",40.2725,-74.4819,1,50
504,"Philadelphia, PA",40.1826,-74.6136,1,51
504,"Philadelphia, PA",39.7734,-74.3898,1,52
504,"Philadelphia, PA",39.5936,-74.3925,1,53
504,"Philadelphia, PA",39.5563,-74.4623,1,54
504,"Philadelphia, PA",39.4829,-74.377,1,55
504,"Philadelphia, PA",39.3032,-74.5704,1,56
504,"Philadelphia, PA",39.4565,-74.3882,2,1
504,"Philadelphia, PA",39.4586,-74.3919,2,2
504,"Philadelphia, PA",39.4667,-74.3926,2,3
504,"Philadelphia, PA",39.4639,-74.3871,2,4
504,"Philadelphia, PA",39.4623,-74.389,2,5
504,"Philadelphia, PA",39.4565,-74.3882,2,6
504,"Philadelphia, PA",39.4573,-74.386,3,1
504,"Philadelphia, PA",39.4617,-74.388,3,2
504,"Philadelphia, PA",39.4623,-74.3875,3,3
504,"Philadelphia, PA",39.4594,-74.3858,3,4
504,"Philadelphia, PA",39.4573,-74.386,3,5
504,"Philadelphia, PA",39.3739,-74.4068,4,1
504,"Philadelphia, PA",39.4021,-74.4091,4,2
504,"Philadelphia, PA",39.4419,-74.3358,4,3
504,"Philadelphia, PA",39.432,-74.3348,4,4
504,"Philadelphia, PA",39.3739,-74.4068,4,5
504,"Philadelphia, PA",39.3025,-74.5343,5,1
504,"Philadelphia, PA",39.3058,-74.5372,5,2
504,"Philadelphia, PA",39.331,-74.5171,5,3
504,"Philadelphia, PA",39.3302,-74.5102,5,4
504,"Philadelphia, PA",39.3381,-74.5135,5,5
504,"Philadelphia, PA",39.3529,-74.4933,5,6
504,"Philadelphia, PA",39.3594,-74.447,5,7
504,"Philadelphia, PA",39.3744,-74.4584,5,8
504,"Philadelphia, PA",39.3651,-74.4082,5,9
504,"Philadelphia, PA",39.3025,-74.5343,5,10
504,"Philadelphia, PA",39.3538,-74.4901,6,1
504,"Philadelphia, PA",39.3752,-74.4882,6,2
504,"Philadelphia, PA",39.3615,-74.4646,6,3
504,"Philadelphia, PA",39.3585,-74.4861,6,4
504,"Philadelphia, PA",39.3538,-74.4901,6,5
504,"Philadelphia, PA",39.3109,-74.5368,7,1
504,"Philadelphia, PA",39.3153,-74.5378,7,2
504,"Philadelphia, PA",39.3199,-74.5309,7,3
504,"Philadelphia, PA",39.3154,-74.5307,7,4
504,"Philadelphia, PA",39.3109,-74.5368,7,5
504,"Philadelphia, PA",39.212,-74.6466,8,1
504,"Philadelphia, PA",39.2399,-74.6462,8,2
504,"Philadelphia, PA",39.2444,-74.6292,8,3
504,"Philadelphia, PA",39.2689,-74.6073,8,4
504,"Philadelphia, PA",39.2681,-74.5974,8,5
504,"Philadelphia, PA",39.276,-74.6007,8,6
504,"Philadelphia, PA",39.2976,-74.5545,8,7
504,"Philadelphia, PA",39.212,-74.6466,8,8
504,"Philadelphia, PA",39.1198,-74.7143,9,1
504,"Philadelphia, PA",39.155,-74.6969,9,2
504,"Philadelphia, PA",39.1686,-74.6994,9,3
504,"Philadelphia, PA",39.2097,-74.6492,9,4
504,"Philadelphia, PA",39.1198,-74.7143,9,5
504,"Philadelphia, PA",39.019,-74.7865,10,1
504,"Philadelphia, PA",39.0893,-74.7325,10,2
504,"Philadelphia, PA",39.0954,-74.7458,10,3
504,"Philadelphia, PA",39.0922,-74.7296,10,4
504,"Philadelphia, PA",39.1091,-74.7141,10,5
504,"Philadelphia, PA",39.1169,-74.7153,10,6
504,"Philadelphia, PA",39.1029,-74.7059,10,7
504,"Philadelphia, PA",39.019,-74.7865,10,8
504,"Philadelphia, PA",39.101,-74.7502,11,1
504,"Philadelphia, PA",39.1171,-74.7496,11,2
504,"Philadelphia, PA",39.1158,-74.7274,11,3
504,"Philadelphia, PA",39.1124,-74.74,11,4
504,"Philadelphia, PA",39.101,-74.7502,11,5
504,"Philadelphia, PA",39.1024,-74.722,12,1
504,"Philadelphia, PA",39.1059,-74.7283,12,2
504,"Philadelphia, PA",39.1093,-74.7315,12,3
504,"Philadelphia, PA",39.1043,-74.7202,12,4
504,"Philadelphia, PA",39.1024,-74.722,12,5
504,"Philadelphia, PA",39.1003,-74.7236,13,1
504,"Philadelphia, PA",39.1045,-74.7315,13,2
504,"Philadelphia, PA",39.1048,-74.7281,13,3
504,"Philadelphia, PA",39.1003,-74.7236,13,4
504,"Philadelphia, PA",39.0289,-74.7923,14,1
504,"Philadelphia, PA",39.0375,-74.7976,14,2
504,"Philadelphia, PA",39.0419,-74.7822,14,3
504,"Philadelphia, PA",39.0395,-74.7811,14,4
504,"Philadelphia, PA",39.0289,-74.7923,14,5
504,"Philadelphia, PA",39.0039,-74.8063,15,1
504,"Philadelphia, PA",39.0047,-74.8123,15,2
504,"Philadelphia, PA",39.0312,-74.8065,15,3
504,"Philadelphia, PA",39.0108,-74.7981,15,4
504,"Philadelphia, PA",39.0039,-74.8063,15,5
504,"Philadelphia, PA",38.9392,-74.8639,16,1
504,"Philadelphia, PA",38.9721,-74.8603,16,2
504,"Philadelphia, PA",38.9727,-74.8405,16,3
504,"Philadelphia, PA",39.0079,-74.7983,16,4
504,"Philadelphia, PA",39.0252,-74.7963,16,5
504,"Philadelphia, PA",38.9997,-74.7865,16,6
504,"Philadelphia, PA",38.9392,-74.8639,16,7
504,"Philadelphia, PA",38.9943,-74.8323,17,1
504,"Philadelphia, PA",39.0066,-74.8291,17,2
504,"Philadelphia, PA",38.9984,-74.8174,17,3
504,"Philadelphia, PA",38.9981,-74.8262,17,4
504,"Philadelphia, PA",38.9943,-74.8323,17,5
504,"Philadelphia, PA",38.9854,-74.8401,18,1
504,"Philadelphia, PA",38.9926,-74.8412,18,2
504,"Philadelphia, PA",38.9937,-74.8422,18,3
504,"Philadelphia, PA",38.9964,-74.8476,18,4
504,"Philadelphia, PA",38.9967,-74.8511,18,5
504,"Philadelphia, PA",38.9988,-74.8519,18,6
504,"Philadelphia, PA",39.0059,-74.8449,18,7
504,"Philadelphia, PA",38.992,-74.834,18,8
504,"Philadelphia, PA",38.9854,-74.8401,18,9
505,"Detroit, MI",42.4926,-82.8827,1,1
505,"Detroit, MI",42.3874,-82.8953,1,2
505,"Detroit, MI",42.3138,-83.0779,1,3
505,"Detroit, MI",42.2431,-83.1431,1,4
505,"Detroit, MI",42.0866,-83.1992,1,5
505,"Detroit, MI",42.0343,-83.1855,1,6
505,"Detroit, MI",41.8934,-83.3791,1,7
505,"Detroit, MI",41.7398,-83.4253,1,8
505,"Detroit, MI",41.7911,-83.4458,1,9
505,"Detroit, MI",41.7321,-83.4825,1,10
505,"Detroit, MI",41.7236,-83.763,1,11
505,"Detroit, MI",42.0824,-83.7739,1,12
505,"Detroit, MI",42.0721,-84.1311,1,13
505,"Detroit, MI",42.7767,-84.1581,1,14
505,"Detroit, MI",42.783,-83.6866,1,15
505,"Detroit, MI",42.8713,-83.6895,1,16
505,"Detroit, MI",42.8761,-83.4528,1,17
505,"Detroit, MI",43.2328,-83.4607,1,18
505,"Detroit, MI",43.2351,-83.3519,1,19
505,"Detroit, MI",43.3223,-83.3546,1,20
505,"Detroit, MI",43.3273,-83.1038,1,21
505,"Detroit, MI",43.6754,-83.1178,1,22
505,"Detroit, MI",43.6904,-82.6064,1,23
505,"Detroit, MI",42.9758,-82.4186,1,24
505,"Detroit, MI",42.6267,-82.5188,1,25
505,"Detroit, MI",42.6826,-82.7266,1,26
505,"Detroit, MI",42.4926,-82.8827,1,27
505,"Detroit, MI",42.5943,-82.6401,2,1
505,"Detroit, MI",42.6088,-82.6712,2,2
505,"Detroit, MI",42.6174,-82.5895,2,3
505,"Detroit, MI",42.5984,-82.6071,2,4
505,"Detroit, MI",42.5943,-82.6401,2,5
505,"Detroit, MI",42.5504,-82.6035,3,1
505,"Detroit, MI",42.5718,-82.6662,3,2
505,"Detroit, MI",42.5959,-82.6056,3,3
505,"Detroit, MI",42.6133,-82.5924,3,4
505,"Detroit, MI",42.6157,-82.5226,3,5
505,"Detroit, MI",42.5504,-82.6035,3,6
505,"Detroit, MI",42.5742,-82.6709,4,1
505,"Detroit, MI",42.5946,-82.6583,4,2
505,"Detroit, MI",42.593,-82.6414,4,3
505,"Detroit, MI",42.579,-82.6587,4,4
505,"Detroit, MI",42.5742,-82.6709,4,5
505,"Detroit, MI",42.5355,-82.6795,5,1
505,"Detroit, MI",42.5601,-82.6492,5,2
505,"Detroit, MI",42.56,-82.6438,5,3
505,"Detroit, MI",42.5388,-82.6668,5,4
505,"Detroit, MI",42.5355,-82.6795,5,5
505,"Detroit, MI",42.333,-83.0049,6,1
505,"Detroit, MI",42.3506,-82.9722,6,2
505,"Detroit, MI",42.3485,-82.9536,6,3
505,"Detroit, MI",42.3397,-82.9604,6,4
505,"Detroit, MI",42.333,-83.0049,6,5
505,"Detroit, MI",42.0885,-83.1654,7,1
505,"Detroit, MI",42.1241,-83.1738,7,2
505,"Detroit, MI",42.2021,-83.1422,7,3
505,"Detroit, MI",42.1306,-83.1387,7,4
505,"Detroit, MI",42.0885,-83.1654,7,5
505,"Detroit, MI",42.0907,-83.1509,8,1
505,"Detroit, MI",42.0917,-83.156,8,2
505,"Detroit, MI",42.0959,-83.1508,8,3
505,"Detroit, MI",42.0948,-83.149,8,4
505,"Detroit, MI",42.0907,-83.1509,8,5
505,"Detroit, MI",42.0855,-83.1576,9,1
505,"Detroit, MI",42.0898,-83.1571,9,2
505,"Detroit, MI",42.0904,-83.1511,9,3
505,"Detroit, MI",42.0865,-83.1534,9,4
505,"Detroit, MI",42.0855,-83.1576,9,5
505,"Detroit, MI",41.7321,-83.481,10,1
505,"Detroit, MI",41.7386,-83.4737,10,2
505,"Detroit, MI",41.7419,-83.4634,10,3
505,"Detroit, MI",41.7324,-83.4685,10,4
505,"Detroit, MI",41.7321,-83.481,10,5
505,"Detroit, MI",41.7326,-83.4538,11,1
505,"Detroit, MI",41.7324,-83.4641,11,2
505,"Detroit, MI",41.7397,-83.4593,11,3
505,"Detroit, MI",41.7407,-83.4554,11,4
505,"Detroit, MI",41.7326,-83.4538,11,5
506,"Boston, MA (Manchester, NH)",42.0302,-72.1357,1,1
506,"Boston, MA (Manchester, NH)",42.1617,-72.1348,1,2
506,"Boston, MA (Manchester, NH)",42.1839,-72.2639,1,3
506,"Boston, MA (Manchester, NH)",42.3111,-72.2113,1,4
506,"Boston, MA (Manchester, NH)",42.3435,-72.3146,1,5
506,"Boston, MA (Manchester, NH)",42.6629,-72.2295,1,6
506,"Boston, MA (Manchester, NH)",42.7215,-72.283,1,7
506,"Boston, MA (Manchester, NH)",42.7393,-72.9303,1,8
506,"Boston, MA (Manchester, NH)",43.1192,-72.9942,1,9
506,"Boston, MA (Manchester, NH)",43.1119,-72.8682,1,10
506,"Boston, MA (Manchester, NH)",43.2626,-72.8479,1,11
506,"Boston, MA (Manchester, NH)",43.2333,-72.4337,1,12
506,"Boston, MA (Manchester, NH)",43.1357,-72.4316,1,13
506,"Boston, MA (Manchester, NH)",43.1819,-72.1564,1,14
506,"Boston, MA (Manchester, NH)",43.132,-72.1785,1,15
506,"Boston, MA (Manchester, NH)",43.129,-72.0384,1,16
506,"Boston, MA (Manchester, NH)",43.4409,-72.0531,1,17
506,"Boston, MA (Manchester, NH)",43.6094,-71.8532,1,18
506,"Boston, MA (Manchester, NH)",43.5444,-71.8186,1,19
506,"Boston, MA (Manchester, NH)",43.5631,-71.7282,1,20
506,"Boston, MA (Manchester, NH)",43.6854,-71.6478,1,21
506,"Boston, MA (Manchester, NH)",43.6969,-71.5212,1,22
506,"Boston, MA (Manchester, NH)",43.7646,-71.5328,1,23
506,"Boston, MA (Manchester, NH)",43.571,-71.258,1,24
506,"Boston, MA (Manchester, NH)",43.5727,-71.1273,1,25
506,"Boston, MA (Manchester, NH)",43.5068,-71.1111,1,26
506,"Boston, MA (Manchester, NH)",43.541,-70.9622,1,27
506,"Boston, MA (Manchester, NH)",43.3585,-70.9767,1,28
506,"Boston, MA (Manchester, NH)",43.2235,-70.8102,1,29
506,"Boston, MA (Manchester, NH)",43.0517,-70.915,1,30
506,"Boston, MA (Manchester, NH)",43.045,-70.8371,1,31
506,"Boston, MA (Manchester, NH)",43.1211,-70.8588,1,32
506,"Boston, MA (Manchester, NH)",43.0434,-70.7119,1,33
506,"Boston, MA (Manchester, NH)",42.9165,-70.8376,1,34
506,"Boston, MA (Manchester, NH)",42.8213,-70.8115,1,35
506,"Boston, MA (Manchester, NH)",42.8131,-70.8627,1,36
506,"Boston, MA (Manchester, NH)",42.8151,-70.8087,1,37
506,"Boston, MA (Manchester, NH)",42.7045,-70.7707,1,38
506,"Boston, MA (Manchester, NH)",42.7601,-70.8163,1,39
506,"Boston, MA (Manchester, NH)",42.7007,-70.8388,1,40
506,"Boston, MA (Manchester, NH)",42.6415,-70.5915,1,41
506,"Boston, MA (Manchester, NH)",42.5798,-70.6608,1,42
506,"Boston, MA (Manchester, NH)",42.5679,-70.9279,1,43
506,"Boston, MA (Manchester, NH)",42.5023,-70.8304,1,44
506,"Boston, MA (Manchester, NH)",42.4564,-70.9346,1,45
506,"Boston, MA (Manchester, NH)",42.4166,-70.9066,1,46
506,"Boston, MA (Manchester, NH)",42.4509,-70.9792,1,47
506,"Boston, MA (Manchester, NH)",42.3441,-70.9531,1,48
506,"Boston, MA (Manchester, NH)",42.4055,-71.0985,1,49
506,"Boston, MA (Manchester, NH)",42.2234,-70.9682,1,50
506,"Boston, MA (Manchester, NH)",42.2544,-70.8666,1,51
506,"Boston, MA (Manchester, NH)",42.3046,-70.9226,1,52
506,"Boston, MA (Manchester, NH)",42.3104,-70.8831,1,53
506,"Boston, MA (Manchester, NH)",42.2095,-70.7184,1,54
506,"Boston, MA (Manchester, NH)",42.1611,-70.7426,1,55
506,"Boston, MA (Manchester, NH)",42.0051,-70.5992,1,56
506,"Boston, MA (Manchester, NH)",42.0033,-70.7115,1,57
506,"Boston, MA (Manchester, NH)",41.9265,-70.5392,1,58
506,"Boston, MA (Manchester, NH)",41.7792,-70.4894,1,59
506,"Boston, MA (Manchester, NH)",41.7738,-70.5606,1,60
506,"Boston, MA (Manchester, NH)",41.7493,-70.5881,1,61
506,"Boston, MA (Manchester, NH)",41.7377,-70.6327,1,62
506,"Boston, MA (Manchester, NH)",41.7622,-70.6026,1,63
506,"Boston, MA (Manchester, NH)",41.7646,-70.6239,1,64
506,"Boston, MA (Manchester, NH)",41.7344,-70.6357,1,65
506,"Boston, MA (Manchester, NH)",41.7463,-70.6779,1,66
506,"Boston, MA (Manchester, NH)",41.7235,-70.6429,1,67
506,"Boston, MA (Manchester, NH)",41.6923,-70.6738,1,68
506,"Boston, MA (Manchester, NH)",41.7152,-70.6539,1,69
506,"Boston, MA (Manchester, NH)",41.7568,-70.7127,1,70
506,"Boston, MA (Manchester, NH)",41.6765,-70.7158,1,71
506,"Boston, MA (Manchester, NH)",41.7217,-70.7606,1,72
506,"Boston, MA (Manchester, NH)",41.642,-70.7651,1,73
506,"Boston, MA (Manchester, NH)",41.6287,-70.8435,1,74
506,"Boston, MA (Manchester, NH)",41.7909,-70.9217,1,75
506,"Boston, MA (Manchester, NH)",41.7792,-71.0264,1,76
506,"Boston, MA (Manchester, NH)",41.8614,-70.9737,1,77
506,"Boston, MA (Manchester, NH)",42.0957,-71.0801,1,78
506,"Boston, MA (Manchester, NH)",41.9853,-71.3641,1,79
506,"Boston, MA (Manchester, NH)",42.0302,-72.1357,1,80
506,"Boston, MA (Manchester, NH)",43.0566,-70.7124,2,1
506,"Boston, MA (Manchester, NH)",43.0575,-70.7303,2,2
506,"Boston, MA (Manchester, NH)",43.0653,-70.7217,2,3
506,"Boston, MA (Manchester, NH)",43.0714,-70.737,2,4
506,"Boston, MA (Manchester, NH)",43.0711,-70.7084,2,5
506,"Boston, MA (Manchester, NH)",43.0566,-70.7124,2,6
506,"Boston, MA (Manchester, NH)",42.3104,-70.9771,3,1
506,"Boston, MA (Manchester, NH)",42.3252,-70.9652,3,2
506,"Boston, MA (Manchester, NH)",42.3297,-70.954,3,3
506,"Boston, MA (Manchester, NH)",42.313,-70.9678,3,4
506,"Boston, MA (Manchester, NH)",42.3104,-70.9771,3,5
506,"Boston, MA (Manchester, NH)",42.3192,-70.9862,4,1
506,"Boston, MA (Manchester, NH)",42.3263,-70.991,4,2
506,"Boston, MA (Manchester, NH)",42.3284,-70.9863,4,3
506,"Boston, MA (Manchester, NH)",42.3278,-70.9836,4,4
506,"Boston, MA (Manchester, NH)",42.3192,-70.9862,4,5
506,"Boston, MA (Manchester, NH)",42.3091,-71.0115,5,1
506,"Boston, MA (Manchester, NH)",42.3129,-71.0172,5,2
506,"Boston, MA (Manchester, NH)",42.3207,-71.007,5,3
506,"Boston, MA (Manchester, NH)",42.3199,-70.9992,5,4
506,"Boston, MA (Manchester, NH)",42.3091,-71.0115,5,5
506,"Boston, MA (Manchester, NH)",42.2848,-70.9382,6,1
506,"Boston, MA (Manchester, NH)",42.2905,-70.9507,6,2
506,"Boston, MA (Manchester, NH)",42.3018,-70.9264,6,3
506,"Boston, MA (Manchester, NH)",42.2935,-70.9356,6,4
506,"Boston, MA (Manchester, NH)",42.2848,-70.9382,6,5
506,"Boston, MA (Manchester, NH)",41.6361,-70.221,7,1
506,"Boston, MA (Manchester, NH)",41.6494,-70.4061,7,2
506,"Boston, MA (Manchester, NH)",41.6136,-70.4583,7,3
506,"Boston, MA (Manchester, NH)",41.5542,-70.4847,7,4
506,"Boston, MA (Manchester, NH)",41.5809,-70.527,7,5
506,"Boston, MA (Manchester, NH)",41.524,-70.6877,7,6
506,"Boston, MA (Manchester, NH)",41.6582,-70.6148,7,7
506,"Boston, MA (Manchester, NH)",41.6812,-70.6626,7,8
506,"Boston, MA (Manchester, NH)",41.6956,-70.6187,7,9
506,"Boston, MA (Manchester, NH)",41.7721,-70.559,7,10
506,"Boston, MA (Manchester, NH)",41.705,-70.2999,7,11
506,"Boston, MA (Manchester, NH)",41.7865,-70.0195,7,12
506,"Boston, MA (Manchester, NH)",41.913,-69.9868,7,13
506,"Boston, MA (Manchester, NH)",41.8849,-70.0679,7,14
506,"Boston, MA (Manchester, NH)",42.0308,-70.0939,7,15
506,"Boston, MA (Manchester, NH)",42.066,-70.2463,7,16
506,"Boston, MA (Manchester, NH)",42.0793,-70.1635,7,17
506,"Boston, MA (Manchester, NH)",41.9667,-69.9972,7,18
506,"Boston, MA (Manchester, NH)",41.826,-69.941,7,19
506,"Boston, MA (Manchester, NH)",41.8347,-69.9702,7,20
506,"Boston, MA (Manchester, NH)",41.7886,-69.9858,7,21
506,"Boston, MA (Manchester, NH)",41.816,-69.9369,7,22
506,"Boston, MA (Manchester, NH)",41.7224,-69.9268,7,23
506,"Boston, MA (Manchester, NH)",41.6693,-69.9334,7,24
506,"Boston, MA (Manchester, NH)",41.7661,-69.9491,7,25
506,"Boston, MA (Manchester, NH)",41.7186,-69.9964,7,26
506,"Boston, MA (Manchester, NH)",41.7044,-69.9454,7,27
506,"Boston, MA (Manchester, NH)",41.6536,-69.9633,7,28
506,"Boston, MA (Manchester, NH)",41.6361,-70.221,7,29
506,"Boston, MA (Manchester, NH)",41.8925,-70.0189,8,1
506,"Boston, MA (Manchester, NH)",41.8984,-70.0242,8,2
506,"Boston, MA (Manchester, NH)",41.9009,-70.0088,8,3
506,"Boston, MA (Manchester, NH)",41.9001,-70.008,8,4
506,"Boston, MA (Manchester, NH)",41.8925,-70.0189,8,5
506,"Boston, MA (Manchester, NH)",41.5421,-70.0014,9,1
506,"Boston, MA (Manchester, NH)",41.5508,-70.0166,9,2
506,"Boston, MA (Manchester, NH)",41.5696,-69.9962,9,3
506,"Boston, MA (Manchester, NH)",41.6056,-69.9911,9,4
506,"Boston, MA (Manchester, NH)",41.6444,-69.9689,9,5
506,"Boston, MA (Manchester, NH)",41.5421,-70.0014,9,6
506,"Boston, MA (Manchester, NH)",41.6089,-70.4172,10,1
506,"Boston, MA (Manchester, NH)",41.6224,-70.4204,10,2
506,"Boston, MA (Manchester, NH)",41.6265,-70.3969,10,3
506,"Boston, MA (Manchester, NH)",41.6093,-70.4026,10,4
506,"Boston, MA (Manchester, NH)",41.6089,-70.4172,10,5
506,"Boston, MA (Manchester, NH)",41.5788,-70.4581,11,1
506,"Boston, MA (Manchester, NH)",41.5844,-70.4617,11,2
506,"Boston, MA (Manchester, NH)",41.5879,-70.4626,11,3
506,"Boston, MA (Manchester, NH)",41.5799,-70.4569,11,4
506,"Boston, MA (Manchester, NH)",41.5788,-70.4581,11,5
506,"Boston, MA (Manchester, NH)",41.5475,-70.5287,12,1
506,"Boston, MA (Manchester, NH)",41.553,-70.5482,12,2
506,"Boston, MA (Manchester, NH)",41.573,-70.5265,12,3
506,"Boston, MA (Manchester, NH)",41.5524,-70.5421,12,4
506,"Boston, MA (Manchester, NH)",41.5475,-70.5287,12,5
506,"Boston, MA (Manchester, NH)",41.5129,-70.7061,13,1
506,"Boston, MA (Manchester, NH)",41.519,-70.7101,13,2
506,"Boston, MA (Manchester, NH)",41.5214,-70.6989,13,3
506,"Boston, MA (Manchester, NH)",41.5129,-70.7061,13,4
506,"Boston, MA (Manchester, NH)",41.505,-70.6908,14,1
506,"Boston, MA (Manchester, NH)",41.5135,-70.6994,14,2
506,"Boston, MA (Manchester, NH)",41.5167,-70.677,14,3
506,"Boston, MA (Manchester, NH)",41.5127,-70.6749,14,4
506,"Boston, MA (Manchester, NH)",41.505,-70.6908,14,5
506,"Boston, MA (Manchester, NH)",41.4463,-70.7903,15,1
506,"Boston, MA (Manchester, NH)",41.4775,-70.787,15,2
506,"Boston, MA (Manchester, NH)",41.5143,-70.7183,15,3
506,"Boston, MA (Manchester, NH)",41.5088,-70.7013,15,4
506,"Boston, MA (Manchester, NH)",41.4463,-70.7903,15,5
506,"Boston, MA (Manchester, NH)",41.3006,-70.7742,16,1
506,"Boston, MA (Manchester, NH)",41.3525,-70.8355,16,2
506,"Boston, MA (Manchester, NH)",41.4823,-70.6035,16,3
506,"Boston, MA (Manchester, NH)",41.3488,-70.5096,16,4
506,"Boston, MA (Manchester, NH)",41.4211,-70.4513,16,5
506,"Boston, MA (Manchester, NH)",41.3487,-70.4493,16,6
506,"Boston, MA (Manchester, NH)",41.3006,-70.7742,16,7
506,"Boston, MA (Manchester, NH)",41.4414,-70.8308,17,1
506,"Boston, MA (Manchester, NH)",41.4577,-70.8332,17,2
506,"Boston, MA (Manchester, NH)",41.4496,-70.8083,17,3
506,"Boston, MA (Manchester, NH)",41.4436,-70.8088,17,4
506,"Boston, MA (Manchester, NH)",41.4414,-70.8308,17,5
506,"Boston, MA (Manchester, NH)",41.4214,-70.9032,18,1
506,"Boston, MA (Manchester, NH)",41.45,-70.8561,18,2
506,"Boston, MA (Manchester, NH)",41.4361,-70.849,18,3
506,"Boston, MA (Manchester, NH)",41.4224,-70.8669,18,4
506,"Boston, MA (Manchester, NH)",41.4214,-70.9032,18,5
506,"Boston, MA (Manchester, NH)",41.4092,-70.9495,19,1
506,"Boston, MA (Manchester, NH)",41.4315,-70.9277,19,2
506,"Boston, MA (Manchester, NH)",41.423,-70.9084,19,3
506,"Boston, MA (Manchester, NH)",41.4227,-70.9222,19,4
506,"Boston, MA (Manchester, NH)",41.4092,-70.9495,19,5
506,"Boston, MA (Manchester, NH)",41.2375,-70.0118,20,1
506,"Boston, MA (Manchester, NH)",41.2419,-70.1162,20,2
506,"Boston, MA (Manchester, NH)",41.2753,-70.2176,20,3
506,"Boston, MA (Manchester, NH)",41.3087,-70.0626,20,4
506,"Boston, MA (Manchester, NH)",41.3923,-70.0499,20,5
506,"Boston, MA (Manchester, NH)",41.2787,-69.9603,20,6
506,"Boston, MA (Manchester, NH)",41.2375,-70.0118,20,7
506,"Boston, MA (Manchester, NH)",41.2888,-70.2555,21,1
506,"Boston, MA (Manchester, NH)",41.295,-70.2661,21,2
506,"Boston, MA (Manchester, NH)",41.3119,-70.2777,21,3
506,"Boston, MA (Manchester, NH)",41.3062,-70.2468,21,4
506,"Boston, MA (Manchester, NH)",41.3008,-70.2416,21,5
506,"Boston, MA (Manchester, NH)",41.2888,-70.2555,21,6
506,"Boston, MA (Manchester, NH)",41.249,-70.8044,22,1
506,"Boston, MA (Manchester, NH)",41.2505,-70.8217,22,2
506,"Boston, MA (Manchester, NH)",41.2586,-70.8325,22,3
506,"Boston, MA (Manchester, NH)",41.2642,-70.8126,22,4
506,"Boston, MA (Manchester, NH)",41.249,-70.8044,22,5
507,"Savannah, GA",32.3537,-82.4091,1,1
507,"Savannah, GA",32.2922,-82.3541,1,2
507,"Savannah, GA",32.3187,-82.2331,1,3
507,"Savannah, GA",32.5204,-82.1486,1,4
507,"Savannah, GA",32.6491,-81.8411,1,5
507,"Savannah, GA",32.9094,-81.7677,1,6
507,"Savannah, GA",33.0457,-81.5418,1,7
507,"Savannah, GA",32.7478,-81.4179,1,8
507,"Savannah, GA",33.0263,-81.082,1,9
507,"Savannah, GA",32.697,-80.8227,1,10
507,"Savannah, GA",32.6713,-80.6709,1,11
507,"Savannah, GA",32.5139,-80.5141,1,12
507,"Savannah, GA",32.5494,-80.753,1,13
507,"Savannah, GA",32.4931,-80.8125,1,14
507,"Savannah, GA",32.5313,-80.8555,1,15
507,"Savannah, GA",32.2777,-80.7589,1,16
507,"Savannah, GA",32.2596,-80.7825,1,17
507,"Savannah, GA",32.2308,-80.7971,1,18
507,"Savannah, GA",32.188,-80.79,1,19
507,"Savannah, GA",32.1288,-80.8938,1,20
507,"Savannah, GA",32.084,-80.9147,1,21
507,"Savannah, GA",32.0211,-80.9002,1,22
507,"Savannah, GA",32.0242,-80.8431,1,23
507,"Savannah, GA",31.9914,-80.8467,1,24
507,"Savannah, GA",31.9344,-81.0262,1,25
507,"Savannah, GA",31.9098,-80.9346,1,26
507,"Savannah, GA",31.8576,-80.9927,1,27
507,"Savannah, GA",31.8578,-81.1418,1,28
507,"Savannah, GA",31.818,-81.1771,1,29
507,"Savannah, GA",31.7999,-81.1828,1,30
507,"Savannah, GA",31.7831,-81.1621,1,31
507,"Savannah, GA",31.7579,-81.1762,1,32
507,"Savannah, GA",31.7281,-81.1607,1,33
507,"Savannah, GA",31.79,-81.2746,1,34
507,"Savannah, GA",31.6958,-81.1311,1,35
507,"Savannah, GA",31.6259,-81.1305,1,36
507,"Savannah, GA",31.5356,-81.2952,1,37
507,"Savannah, GA",31.5191,-81.2621,1,38
507,"Savannah, GA",31.4776,-81.3317,1,39
507,"Savannah, GA",31.4411,-81.3436,1,40
507,"Savannah, GA",31.3712,-81.2921,1,41
507,"Savannah, GA",31.3708,-81.3362,1,42
507,"Savannah, GA",31.3578,-81.3384,1,43
507,"Savannah, GA",31.3358,-81.3282,1,44
507,"Savannah, GA",31.3328,-81.3303,1,45
507,"Savannah, GA",31.3306,-81.3372,1,46
507,"Savannah, GA",31.3416,-81.4362,1,47
507,"Savannah, GA",31.3233,-81.3716,1,48
507,"Savannah, GA",31.2907,-81.4066,1,49
507,"Savannah, GA",31.4533,-81.6241,1,50
507,"Savannah, GA",31.3271,-81.7252,1,51
507,"Savannah, GA",31.3663,-82.0312,1,52
507,"Savannah, GA",31.465,-82.0624,1,53
507,"Savannah, GA",31.5307,-82.2268,1,54
507,"Savannah, GA",31.4176,-82.4811,1,55
507,"Savannah, GA",31.4693,-82.5975,1,56
507,"Savannah, GA",31.6726,-82.6274,1,57
507,"Savannah, GA",31.6714,-82.8351,1,58
507,"Savannah, GA",31.8162,-82.8364,1,59
507,"Savannah, GA",31.9673,-82.5391,1,60
507,"Savannah, GA",32.3009,-82.6562,1,61
507,"Savannah, GA",32.3537,-82.4091,1,62
507,"Savannah, GA",32.3518,-80.7421,2,1
507,"Savannah, GA",32.4747,-80.8107,2,2
507,"Savannah, GA",32.5398,-80.7481,2,3
507,"Savannah, GA",32.5008,-80.683,2,4
507,"Savannah, GA",32.4436,-80.723,2,5
507,"Savannah, GA",32.4553,-80.692,2,6
507,"Savannah, GA",32.4518,-80.6689,2,7
507,"Savannah, GA",32.4374,-80.6621,2,8
507,"Savannah, GA",32.3518,-80.7421,2,9
507,"Savannah, GA",32.2557,-80.6325,3,1
507,"Savannah, GA",32.4363,-80.6486,3,2
507,"Savannah, GA",32.4761,-80.6911,3,3
507,"Savannah, GA",32.5032,-80.6723,3,4
507,"Savannah, GA",32.4093,-80.4571,3,5
507,"Savannah, GA",32.2557,-80.6325,3,6
507,"Savannah, GA",32.4584,-80.4989,4,1
507,"Savannah, GA",32.4608,-80.539,4,2
507,"Savannah, GA",32.4936,-80.5499,4,3
507,"Savannah, GA",32.4777,-80.4802,4,4
507,"Savannah, GA",32.4584,-80.4989,4,5
507,"Savannah, GA",32.3672,-80.4544,5,1
507,"Savannah, GA",32.3859,-80.4576,5,2
507,"Savannah, GA",32.3881,-80.4633,5,3
507,"Savannah, GA",32.4123,-80.4336,5,4
507,"Savannah, GA",32.3672,-80.4544,5,5
507,"Savannah, GA",32.4005,-80.4319,6,1
507,"Savannah, GA",32.401,-80.4324,6,2
507,"Savannah, GA",32.4025,-80.4316,6,3
507,"Savannah, GA",32.4021,-80.431,6,4
507,"Savannah, GA",32.4005,-80.4319,6,5
507,"Savannah, GA",32.2729,-80.5775,7,1
507,"Savannah, GA",32.3847,-80.4749,7,2
507,"Savannah, GA",32.3574,-80.4631,7,3
507,"Savannah, GA",32.3911,-80.4298,7,4
507,"Savannah, GA",32.3229,-80.4527,7,5
507,"Savannah, GA",32.2729,-80.5775,7,6
507,"Savannah, GA",32.2912,-80.6763,8,1
507,"Savannah, GA",32.3035,-80.6968,8,2
507,"Savannah, GA",32.3522,-80.7377,8,3
507,"Savannah, GA",32.3515,-80.6699,8,4
507,"Savannah, GA",32.2912,-80.6763,8,5
507,"Savannah, GA",32.2227,-80.7876,9,1
507,"Savannah, GA",32.2568,-80.7762,9,2
507,"Savannah, GA",32.2602,-80.7642,9,3
507,"Savannah, GA",32.2723,-80.7628,9,4
507,"Savannah, GA",32.266,-80.741,9,5
507,"Savannah, GA",32.2227,-80.7876,9,6
507,"Savannah, GA",32.1086,-80.8217,10,1
507,"Savannah, GA",32.2672,-80.7363,10,2
507,"Savannah, GA",32.2352,-80.6761,10,3
507,"Savannah, GA",32.1573,-80.7247,10,4
507,"Savannah, GA",32.1086,-80.8217,10,5
507,"Savannah, GA",32.0806,-80.8762,11,1
507,"Savannah, GA",32.1252,-80.8955,11,2
507,"Savannah, GA",32.1472,-80.8373,11,3
507,"Savannah, GA",32.1192,-80.8394,11,4
507,"Savannah, GA",32.0806,-80.8762,11,5
507,"Savannah, GA",31.7209,-81.1385,12,1
507,"Savannah, GA",31.7584,-81.1711,12,2
507,"Savannah, GA",31.783,-81.1582,12,3
507,"Savannah, GA",31.8168,-81.1757,12,4
507,"Savannah, GA",31.8214,-81.0375,12,5
507,"Savannah, GA",31.7209,-81.1385,12,6
507,"Savannah, GA",31.3822,-81.2712,13,1
507,"Savannah, GA",31.4234,-81.3081,13,2
507,"Savannah, GA",31.4808,-81.2915,13,3
507,"Savannah, GA",31.4884,-81.2942,13,4
507,"Savannah, GA",31.5361,-81.1935,13,5
507,"Savannah, GA",31.3822,-81.2712,13,6
507,"Savannah, GA",31.4482,-81.3055,14,1
507,"Savannah, GA",31.4766,-81.3283,14,2
507,"Savannah, GA",31.4848,-81.2954,14,3
507,"Savannah, GA",31.4817,-81.2923,14,4
507,"Savannah, GA",31.4482,-81.3055,14,5
507,"Savannah, GA",31.4291,-81.3182,15,1
507,"Savannah, GA",31.4458,-81.3375,15,2
507,"Savannah, GA",31.4552,-81.3255,15,3
507,"Savannah, GA",31.4607,-81.3257,15,4
507,"Savannah, GA",31.4291,-81.3182,15,5
507,"Savannah, GA",31.3155,-81.2548,16,1
507,"Savannah, GA",31.3317,-81.3244,16,2
507,"Savannah, GA",31.3491,-81.3278,16,3
507,"Savannah, GA",31.36,-81.3368,16,4
507,"Savannah, GA",31.3632,-81.3349,16,5
507,"Savannah, GA",31.3155,-81.2548,16,6
508,"Pittsburgh, PA",39.6373,-80.3958,1,1
508,"Pittsburgh, PA",39.7178,-80.4074,1,2
508,"Pittsburgh, PA",39.7214,-80.5193,1,3
508,"Pittsburgh, PA",41.1251,-80.519,1,4
508,"Pittsburgh, PA",41.0698,-80.0969,1,5
508,"Pittsburgh, PA",41.1719,-79.9998,1,6
508,"Pittsburgh, PA",41.501,-79.9987,1,7
508,"Pittsburgh, PA",41.622,-79.8289,1,8
508,"Pittsburgh, PA",41.6246,-79.5121,1,9
508,"Pittsburgh, PA",41.3865,-79.4779,1,10
508,"Pittsburgh, PA",41.4307,-79.2072,1,11
508,"Pittsburgh, PA",40.9112,-79.2154,1,12
508,"Pittsburgh, PA",40.906,-78.8052,1,13
508,"Pittsburgh, PA",40.7172,-78.7987,1,14
508,"Pittsburgh, PA",40.4419,-78.946,1,15
508,"Pittsburgh, PA",39.8536,-79.4176,1,16
508,"Pittsburgh, PA",39.7866,-79.3513,1,17
508,"Pittsburgh, PA",39.7216,-79.3925,1,18
508,"Pittsburgh, PA",39.7228,-78.9312,1,19
508,"Pittsburgh, PA",39.4312,-79.1114,1,20
508,"Pittsburgh, PA",39.1949,-79.4872,1,21
508,"Pittsburgh, PA",39.2714,-79.6873,1,22
508,"Pittsburgh, PA",39.246,-79.8489,1,23
508,"Pittsburgh, PA",39.4356,-79.8947,1,24
508,"Pittsburgh, PA",39.6104,-80.1535,1,25
508,"Pittsburgh, PA",39.6373,-80.3958,1,26
509,"Ft. Wayne, IN",40.8591,-84.3405,1,1
509,"Ft. Wayne, IN",40.6849,-84.3968,1,2
509,"Ft. Wayne, IN",40.7282,-84.8021,1,3
509,"Ft. Wayne, IN",40.3101,-84.8039,1,4
509,"Ft. Wayne, IN",40.3067,-85.2188,1,5
509,"Ft. Wayne, IN",40.5671,-85.2012,1,6
509,"Ft. Wayne, IN",40.5667,-85.447,1,7
509,"Ft. Wayne, IN",40.6536,-85.4488,1,8
509,"Ft. Wayne, IN",40.6512,-85.9397,1,9
509,"Ft. Wayne, IN",41.0429,-85.9457,1,10
509,"Ft. Wayne, IN",41.0467,-85.6842,1,11
509,"Ft. Wayne, IN",41.5234,-85.6548,1,12
509,"Ft. Wayne, IN",41.5267,-85.1939,1,13
509,"Ft. Wayne, IN",41.7597,-85.1966,1,14
509,"Ft. Wayne, IN",41.7602,-84.8059,1,15
509,"Ft. Wayne, IN",41.2525,-84.8035,1,16
509,"Ft. Wayne, IN",41.2092,-84.3417,1,17
509,"Ft. Wayne, IN",40.9907,-84.3419,1,18
509,"Ft. Wayne, IN",40.9904,-84.3994,1,19
509,"Ft. Wayne, IN",40.8591,-84.3405,1,20
510,"Cleveland-Akron (Canton), OH",41.4999,-80.5192,1,1
510,"Cleveland-Akron (Canton), OH",41.5017,-81.0034,1,2
510,"Cleveland-Akron (Canton), OH",40.9878,-80.9998,1,3
510,"Cleveland-Akron (Canton), OH",40.988,-81.0868,1,4
510,"Cleveland-Akron (Canton), OH",40.7279,-81.0873,1,5
510,"Cleveland-Akron (Canton), OH",40.7269,-80.9172,1,6
510,"Cleveland-Akron (Canton), OH",40.5554,-80.8636,1,7
510,"Cleveland-Akron (Canton), OH",40.5563,-80.9209,1,8
510,"Cleveland-Akron (Canton), OH",40.4247,-80.9415,1,9
510,"Cleveland-Akron (Canton), OH",40.4335,-81.27,1,10
510,"Cleveland-Akron (Canton), OH",40.2143,-81.3381,1,11
510,"Cleveland-Akron (Canton), OH",40.2213,-81.6227,1,12
510,"Cleveland-Akron (Canton), OH",40.3681,-81.616,1,13
510,"Cleveland-Akron (Canton), OH",40.3708,-81.7123,1,14
510,"Cleveland-Akron (Canton), OH",40.4448,-81.7091,1,15
510,"Cleveland-Akron (Canton), OH",40.4563,-82.1846,1,16
510,"Cleveland-Akron (Canton), OH",40.5732,-82.1787,1,17
510,"Cleveland-Akron (Canton), OH",40.5499,-82.6236,1,18
510,"Cleveland-Akron (Canton), OH",40.7094,-82.6272,1,19
510,"Cleveland-Akron (Canton), OH",40.7111,-82.7272,1,20
510,"Cleveland-Akron (Canton), OH",40.9959,-82.7248,1,21
510,"Cleveland-Akron (Canton), OH",40.9968,-82.8295,1,22
510,"Cleveland-Akron (Canton), OH",41.4303,-82.8475,1,23
510,"Cleveland-Akron (Canton), OH",41.4303,-82.9032,1,24
510,"Cleveland-Akron (Canton), OH",41.4642,-82.7005,1,25
510,"Cleveland-Akron (Canton), OH",41.4343,-82.6603,1,26
510,"Cleveland-Akron (Canton), OH",41.3808,-82.4887,1,27
510,"Cleveland-Akron (Canton), OH",41.5156,-82.012,1,28
510,"Cleveland-Akron (Canton), OH",41.4884,-81.7413,1,29
510,"Cleveland-Akron (Canton), OH",41.7659,-81.2822,1,30
510,"Cleveland-Akron (Canton), OH",41.9775,-80.5194,1,31
510,"Cleveland-Akron (Canton), OH",41.4999,-80.5192,1,32
510,"Cleveland-Akron (Canton), OH",41.5848,-82.695,2,1
510,"Cleveland-Akron (Canton), OH",41.6026,-82.736,2,2
510,"Cleveland-Akron (Canton), OH",41.6245,-82.6736,2,3
510,"Cleveland-Akron (Canton), OH",41.5963,-82.6768,2,4
510,"Cleveland-Akron (Canton), OH",41.5848,-82.695,2,5
510,"Cleveland-Akron (Canton), OH",41.4308,-82.6177,3,1
510,"Cleveland-Akron (Canton), OH",41.4617,-82.6721,3,2
510,"Cleveland-Akron (Canton), OH",41.4882,-82.6942,3,3
510,"Cleveland-Akron (Canton), OH",41.4922,-82.6869,3,4
510,"Cleveland-Akron (Canton), OH",41.4308,-82.6177,3,5
511,"Washington, DC (Hagerstown, MD)",38.1047,-76.4149,1,1
511,"Washington, DC (Hagerstown, MD)",38.1197,-76.4303,1,2
511,"Washington, DC (Hagerstown, MD)",38.1506,-76.4417,1,3
511,"Washington, DC (Hagerstown, MD)",38.1616,-76.406,1,4
511,"Washington, DC (Hagerstown, MD)",38.1734,-76.4098,1,5
511,"Washington, DC (Hagerstown, MD)",38.2119,-76.4508,1,6
511,"Washington, DC (Hagerstown, MD)",38.1285,-76.4637,1,7
511,"Washington, DC (Hagerstown, MD)",38.1701,-76.5052,1,8
511,"Washington, DC (Hagerstown, MD)",38.134,-76.53,1,9
511,"Washington, DC (Hagerstown, MD)",38.2105,-76.5567,1,10
511,"Washington, DC (Hagerstown, MD)",38.2327,-76.6862,1,11
511,"Washington, DC (Hagerstown, MD)",38.2609,-76.6291,1,12
511,"Washington, DC (Hagerstown, MD)",38.2845,-76.6275,1,13
511,"Washington, DC (Hagerstown, MD)",38.2328,-76.7195,1,14
511,"Washington, DC (Hagerstown, MD)",38.2848,-76.6998,1,15
511,"Washington, DC (Hagerstown, MD)",38.3118,-76.7229,1,16
511,"Washington, DC (Hagerstown, MD)",38.2279,-76.7781,1,17
511,"Washington, DC (Hagerstown, MD)",38.3583,-76.8018,1,18
511,"Washington, DC (Hagerstown, MD)",38.3931,-76.9179,1,19
511,"Washington, DC (Hagerstown, MD)",38.2736,-76.8337,1,20
511,"Washington, DC (Hagerstown, MD)",38.3593,-77.0147,1,21
511,"Washington, DC (Hagerstown, MD)",38.3082,-77.0716,1,22
511,"Washington, DC (Hagerstown, MD)",38.2583,-76.9633,1,23
511,"Washington, DC (Hagerstown, MD)",38.1991,-77.0123,1,24
511,"Washington, DC (Hagerstown, MD)",38.1675,-76.7702,1,25
511,"Washington, DC (Hagerstown, MD)",38.098,-76.7321,1,26
511,"Washington, DC (Hagerstown, MD)",38.16,-76.7011,1,27
511,"Washington, DC (Hagerstown, MD)",38.0962,-76.6524,1,28
511,"Washington, DC (Hagerstown, MD)",38.1481,-76.6439,1,29
511,"Washington, DC (Hagerstown, MD)",38.1489,-76.6106,1,30
511,"Washington, DC (Hagerstown, MD)",38.0449,-76.5212,1,31
511,"Washington, DC (Hagerstown, MD)",37.9655,-76.6392,1,32
511,"Washington, DC (Hagerstown, MD)",38.1244,-76.8769,1,33
511,"Washington, DC (Hagerstown, MD)",38.0907,-77.0301,1,34
511,"Washington, DC (Hagerstown, MD)",38.1616,-77.0617,1,35
511,"Washington, DC (Hagerstown, MD)",38.2527,-77.3404,1,36
511,"Washington, DC (Hagerstown, MD)",37.992,-77.6593,1,37
511,"Washington, DC (Hagerstown, MD)",38.1174,-77.9548,1,38
511,"Washington, DC (Hagerstown, MD)",38.3665,-77.7107,1,39
511,"Washington, DC (Hagerstown, MD)",38.389,-77.8924,1,40
511,"Washington, DC (Hagerstown, MD)",38.3126,-78.1053,1,41
511,"Washington, DC (Hagerstown, MD)",38.4401,-78.1229,1,42
511,"Washington, DC (Hagerstown, MD)",38.6273,-78.3383,1,43
511,"Washington, DC (Hagerstown, MD)",38.4215,-78.486,1,44
511,"Washington, DC (Hagerstown, MD)",38.4262,-78.5483,1,45
511,"Washington, DC (Hagerstown, MD)",38.51,-78.6913,1,46
511,"Washington, DC (Hagerstown, MD)",38.6047,-78.6418,1,47
511,"Washington, DC (Hagerstown, MD)",38.85,-78.9938,1,48
511,"Washington, DC (Hagerstown, MD)",38.7614,-79.0573,1,49
511,"Washington, DC (Hagerstown, MD)",38.9645,-79.3577,1,50
511,"Washington, DC (Hagerstown, MD)",39.208,-79.3055,1,51
511,"Washington, DC (Hagerstown, MD)",39.1788,-79.4675,1,52
511,"Washington, DC (Hagerstown, MD)",39.206,-79.4869,1,53
511,"Washington, DC (Hagerstown, MD)",39.4312,-79.1114,1,54
511,"Washington, DC (Hagerstown, MD)",39.7228,-78.9312,1,55
511,"Washington, DC (Hagerstown, MD)",39.7227,-78.3803,1,56
511,"Washington, DC (Hagerstown, MD)",40.1655,-78.1343,1,57
511,"Washington, DC (Hagerstown, MD)",40.0618,-77.8607,1,58
511,"Washington, DC (Hagerstown, MD)",40.2898,-77.6718,1,59
511,"Washington, DC (Hagerstown, MD)",39.9727,-77.454,1,60
511,"Washington, DC (Hagerstown, MD)",39.72,-77.4594,1,61
511,"Washington, DC (Hagerstown, MD)",39.72,-77.2168,1,62
511,"Washington, DC (Hagerstown, MD)",39.6395,-77.3114,1,63
511,"Washington, DC (Hagerstown, MD)",39.4917,-77.1068,1,64
511,"Washington, DC (Hagerstown, MD)",39.3128,-77.1679,1,65
511,"Washington, DC (Hagerstown, MD)",38.9836,-76.6991,1,66
511,"Washington, DC (Hagerstown, MD)",38.7501,-76.6972,1,67
511,"Washington, DC (Hagerstown, MD)",38.7128,-76.5286,1,68
511,"Washington, DC (Hagerstown, MD)",38.5118,-76.5095,1,69
511,"Washington, DC (Hagerstown, MD)",38.3845,-76.3806,1,70
511,"Washington, DC (Hagerstown, MD)",38.3189,-76.4214,1,71
511,"Washington, DC (Hagerstown, MD)",38.3294,-76.484,1,72
511,"Washington, DC (Hagerstown, MD)",38.4426,-76.4822,1,73
511,"Washington, DC (Hagerstown, MD)",38.3893,-76.508,1,74
511,"Washington, DC (Hagerstown, MD)",38.4675,-76.6461,1,75
511,"Washington, DC (Hagerstown, MD)",38.6179,-76.6709,1,76
511,"Washington, DC (Hagerstown, MD)",38.4993,-76.7028,1,77
511,"Washington, DC (Hagerstown, MD)",38.3232,-76.5126,1,78
511,"Washington, DC (Hagerstown, MD)",38.2975,-76.3734,1,79
511,"Washington, DC (Hagerstown, MD)",38.0364,-76.3219,1,80
511,"Washington, DC (Hagerstown, MD)",38.1047,-76.4149,1,81
511,"Washington, DC (Hagerstown, MD)",38.2548,-76.8427,2,1
511,"Washington, DC (Hagerstown, MD)",38.2579,-76.8497,2,2
511,"Washington, DC (Hagerstown, MD)",38.2702,-76.8648,2,3
511,"Washington, DC (Hagerstown, MD)",38.2639,-76.8403,2,4
511,"Washington, DC (Hagerstown, MD)",38.2548,-76.8427,2,5
511,"Washington, DC (Hagerstown, MD)",38.1024,-76.4743,3,1
511,"Washington, DC (Hagerstown, MD)",38.1159,-76.481,3,2
511,"Washington, DC (Hagerstown, MD)",38.1341,-76.4988,3,3
511,"Washington, DC (Hagerstown, MD)",38.1361,-76.4983,3,4
511,"Washington, DC (Hagerstown, MD)",38.1193,-76.4702,3,5
511,"Washington, DC (Hagerstown, MD)",38.1024,-76.4743,3,6
512,"Baltimore, MD",39.72,-77.2168,1,1
512,"Baltimore, MD",39.7218,-75.7884,1,2
512,"Baltimore, MD",38.5607,-75.7016,1,3
512,"Baltimore, MD",38.4797,-75.8267,1,4
512,"Baltimore, MD",38.2396,-75.946,1,5
512,"Baltimore, MD",38.3082,-76.0174,1,6
512,"Baltimore, MD",38.3659,-75.9739,1,7
512,"Baltimore, MD",38.3053,-76.0627,1,8
512,"Baltimore, MD",38.2232,-76.0496,1,9
512,"Baltimore, MD",38.3929,-76.2194,1,10
512,"Baltimore, MD",38.3649,-76.2745,1,11
512,"Baltimore, MD",38.4823,-76.3357,1,12
512,"Baltimore, MD",38.5286,-76.1229,1,13
512,"Baltimore, MD",38.5354,-76.2054,1,14
512,"Baltimore, MD",38.5724,-76.148,1,15
512,"Baltimore, MD",38.5894,-76.184,1,16
512,"Baltimore, MD",38.5402,-76.2347,1,17
512,"Baltimore, MD",38.6005,-76.2371,1,18
512,"Baltimore, MD",38.5356,-76.2814,1,19
512,"Baltimore, MD",38.6293,-76.2858,1,20
512,"Baltimore, MD",38.5541,-76.0238,1,21
512,"Baltimore, MD",38.5866,-75.9675,1,22
512,"Baltimore, MD",38.6768,-75.9372,1,23
512,"Baltimore, MD",38.7571,-75.9972,1,24
512,"Baltimore, MD",38.6733,-75.9521,1,25
512,"Baltimore, MD",38.5792,-76.0254,1,26
512,"Baltimore, MD",38.6376,-76.148,1,27
512,"Baltimore, MD",38.6885,-76.0924,1,28
512,"Baltimore, MD",38.6771,-76.1762,1,29
512,"Baltimore, MD",38.7322,-76.0722,1,30
512,"Baltimore, MD",38.7716,-76.1052,1,31
512,"Baltimore, MD",38.6707,-76.1975,1,32
512,"Baltimore, MD",38.8067,-76.2411,1,33
512,"Baltimore, MD",38.7088,-76.271,1,34
512,"Baltimore, MD",38.7193,-76.2992,1,35
512,"Baltimore, MD",38.8001,-76.2658,1,36
512,"Baltimore, MD",38.8136,-76.2904,1,37
512,"Baltimore, MD",38.777,-76.2778,1,38
512,"Baltimore, MD",38.7341,-76.3428,1,39
512,"Baltimore, MD",38.8264,-76.303,1,40
512,"Baltimore, MD",38.8628,-76.2548,1,41
512,"Baltimore, MD",38.7428,-76.1698,1,42
512,"Baltimore, MD",38.7943,-76.1248,1,43
512,"Baltimore, MD",38.7735,-76.1768,1,44
512,"Baltimore, MD",38.8593,-76.1895,1,45
512,"Baltimore, MD",38.8854,-76.063,1,46
512,"Baltimore, MD",38.9414,-76.1012,1,47
512,"Baltimore, MD",38.9082,-76.1639,1,48
512,"Baltimore, MD",38.944,-76.147,1,49
512,"Baltimore, MD",38.9773,-76.1624,1,50
512,"Baltimore, MD",38.8944,-76.1741,1,51
512,"Baltimore, MD",38.8843,-76.1966,1,52
512,"Baltimore, MD",38.8525,-76.2053,1,53
512,"Baltimore, MD",38.8927,-76.1981,1,54
512,"Baltimore, MD",38.9008,-76.1846,1,55
512,"Baltimore, MD",38.9313,-76.1771,1,56
512,"Baltimore, MD",38.8939,-76.2043,1,57
512,"Baltimore, MD",38.9699,-76.2461,1,58
512,"Baltimore, MD",39.1517,-76.0004,1,59
512,"Baltimore, MD",39.2085,-76.0615,1,60
512,"Baltimore, MD",39.172,-76.0416,1,61
512,"Baltimore, MD",39.0947,-76.1704,1,62
512,"Baltimore, MD",39.175,-76.1216,1,63
512,"Baltimore, MD",39.1282,-76.1534,1,64
512,"Baltimore, MD",39.1764,-76.1894,1,65
512,"Baltimore, MD",39.0536,-76.228,1,66
512,"Baltimore, MD",39.1517,-76.2782,1,67
512,"Baltimore, MD",39.2754,-76.147,1,68
512,"Baltimore, MD",39.3163,-76.187,1,69
512,"Baltimore, MD",39.3589,-75.8857,1,70
512,"Baltimore, MD",39.3967,-76.0415,1,71
512,"Baltimore, MD",39.4554,-75.8615,1,72
512,"Baltimore, MD",39.4857,-75.9235,1,73
512,"Baltimore, MD",39.5667,-75.8289,1,74
512,"Baltimore, MD",39.4492,-76.003,1,75
512,"Baltimore, MD",39.5934,-75.9448,1,76
512,"Baltimore, MD",39.5341,-76.0984,1,77
512,"Baltimore, MD",39.4911,-76.1339,1,78
512,"Baltimore, MD",39.4504,-76.0605,1,79
512,"Baltimore, MD",39.3777,-76.1801,1,80
512,"Baltimore, MD",39.4136,-76.2262,1,81
512,"Baltimore, MD",39.3504,-76.2293,1,82
512,"Baltimore, MD",39.3765,-76.2551,1,83
512,"Baltimore, MD",39.4755,-76.2191,1,84
512,"Baltimore, MD",39.4639,-76.2473,1,85
512,"Baltimore, MD",39.2994,-76.2818,1,86
512,"Baltimore, MD",39.3896,-76.3165,1,87
512,"Baltimore, MD",39.3894,-76.3393,1,88
512,"Baltimore, MD",39.4072,-76.3517,1,89
512,"Baltimore, MD",39.4105,-76.358,1,90
512,"Baltimore, MD",39.4117,-76.3649,1,91
512,"Baltimore, MD",39.3852,-76.4141,1,92
512,"Baltimore, MD",39.3726,-76.3398,1,93
512,"Baltimore, MD",39.3349,-76.3283,1,94
512,"Baltimore, MD",39.3272,-76.4435,1,95
512,"Baltimore, MD",39.2489,-76.4061,1,96
512,"Baltimore, MD",39.3222,-76.48,1,97
512,"Baltimore, MD",39.306,-76.5052,1,98
512,"Baltimore, MD",39.239,-76.4002,1,99
512,"Baltimore, MD",39.1954,-76.4425,1,100
512,"Baltimore, MD",39.2081,-76.5012,1,101
512,"Baltimore, MD",39.2624,-76.4648,1,102
512,"Baltimore, MD",39.2749,-76.4798,1,103
512,"Baltimore, MD",39.2518,-76.483,1,104
512,"Baltimore, MD",39.2231,-76.5198,1,105
512,"Baltimore, MD",39.2666,-76.5336,1,106
512,"Baltimore, MD",39.2722,-76.6298,1,107
512,"Baltimore, MD",39.2349,-76.5604,1,108
512,"Baltimore, MD",39.182,-76.6078,1,109
512,"Baltimore, MD",39.1542,-76.5997,1,110
512,"Baltimore, MD",39.2175,-76.551,1,111
512,"Baltimore, MD",39.1436,-76.5597,1,112
512,"Baltimore, MD",39.1331,-76.4304,1,113
512,"Baltimore, MD",39.0813,-76.4216,1,114
512,"Baltimore, MD",39.0585,-76.4338,1,115
512,"Baltimore, MD",39.1096,-76.5415,1,116
512,"Baltimore, MD",39.0662,-76.5317,1,117
512,"Baltimore, MD",39.0112,-76.394,1,118
512,"Baltimore, MD",38.9743,-76.453,1,119
512,"Baltimore, MD",39.066,-76.5478,1,120
512,"Baltimore, MD",39.063,-76.566,1,121
512,"Baltimore, MD",39.0759,-76.5737,1,122
512,"Baltimore, MD",39.081,-76.6192,1,123
512,"Baltimore, MD",38.9411,-76.4503,1,124
512,"Baltimore, MD",38.9787,-76.6055,1,125
512,"Baltimore, MD",38.9348,-76.5879,1,126
512,"Baltimore, MD",38.9526,-76.562,1,127
512,"Baltimore, MD",38.9214,-76.5483,1,128
512,"Baltimore, MD",38.933,-76.5285,1,129
512,"Baltimore, MD",38.896,-76.5067,1,130
512,"Baltimore, MD",38.9038,-76.4932,1,131
512,"Baltimore, MD",38.826,-76.5506,1,132
512,"Baltimore, MD",38.8387,-76.4899,1,133
512,"Baltimore, MD",38.8025,-76.559,1,134
512,"Baltimore, MD",38.7128,-76.5286,1,135
512,"Baltimore, MD",38.7206,-76.6156,1,136
512,"Baltimore, MD",38.7758,-76.7134,1,137
512,"Baltimore, MD",38.9896,-76.7045,1,138
512,"Baltimore, MD",39.341,-77.1874,1,139
512,"Baltimore, MD",39.4917,-77.1068,1,140
512,"Baltimore, MD",39.6395,-77.3114,1,141
512,"Baltimore, MD",39.72,-77.2168,1,142
512,"Baltimore, MD",39.3045,-76.3372,2,1
512,"Baltimore, MD",39.3108,-76.3552,2,2
512,"Baltimore, MD",39.3269,-76.3617,2,3
512,"Baltimore, MD",39.3141,-76.3276,2,4
512,"Baltimore, MD",39.3045,-76.3372,2,5
512,"Baltimore, MD",39.009,-76.2109,3,1
512,"Baltimore, MD",39.0256,-76.2416,3,2
512,"Baltimore, MD",39.054,-76.2203,3,3
512,"Baltimore, MD",39.0123,-76.1996,3,4
512,"Baltimore, MD",39.009,-76.2109,3,5
512,"Baltimore, MD",38.8377,-76.3664,4,1
512,"Baltimore, MD",38.9392,-76.3619,4,2
512,"Baltimore, MD",39.0398,-76.3027,4,3
512,"Baltimore, MD",38.921,-76.25,4,4
512,"Baltimore, MD",38.9629,-76.2822,4,5
512,"Baltimore, MD",38.9015,-76.3,4,6
512,"Baltimore, MD",38.9671,-76.2944,4,7
512,"Baltimore, MD",38.9759,-76.3165,4,8
512,"Baltimore, MD",38.8377,-76.3664,4,9
512,"Baltimore, MD",38.9033,-76.5053,5,1
512,"Baltimore, MD",38.91,-76.4937,5,2
512,"Baltimore, MD",38.904,-76.4938,5,3
512,"Baltimore, MD",38.9033,-76.5053,5,4
512,"Baltimore, MD",38.865,-76.1841,6,1
512,"Baltimore, MD",38.9036,-76.1639,6,2
512,"Baltimore, MD",38.8835,-76.1042,6,3
512,"Baltimore, MD",38.8923,-76.1534,6,4
512,"Baltimore, MD",38.865,-76.1841,6,5
512,"Baltimore, MD",38.6705,-76.34,7,1
512,"Baltimore, MD",38.6922,-76.3487,7,2
512,"Baltimore, MD",38.7255,-76.3391,7,3
512,"Baltimore, MD",38.687,-76.3221,7,4
512,"Baltimore, MD",38.6705,-76.34,7,5
512,"Baltimore, MD",38.2406,-76.1554,8,1
512,"Baltimore, MD",38.247,-76.1734,8,2
512,"Baltimore, MD",38.3095,-76.2262,8,3
512,"Baltimore, MD",38.325,-76.2323,8,4
512,"Baltimore, MD",38.3434,-76.2334,8,5
512,"Baltimore, MD",38.2406,-76.1554,8,6
512,"Baltimore, MD",38.3157,-76.1942,9,1
512,"Baltimore, MD",38.3259,-76.1991,9,2
512,"Baltimore, MD",38.3355,-76.1782,9,3
512,"Baltimore, MD",38.327,-76.1725,9,4
512,"Baltimore, MD",38.3157,-76.1942,9,5
513,"Flint-Saginaw-Bay City, MI",43.4662,-85.0849,1,1
513,"Flint-Saginaw-Bay City, MI",43.8136,-85.0888,1,2
513,"Flint-Saginaw-Bay City, MI",43.8148,-84.6061,1,3
513,"Flint-Saginaw-Bay City, MI",44.1606,-84.608,1,4
513,"Flint-Saginaw-Bay City, MI",44.1607,-84.3679,1,5
513,"Flint-Saginaw-Bay City, MI",44.5073,-84.3699,1,6
513,"Flint-Saginaw-Bay City, MI",44.5117,-83.3187,1,7
513,"Flint-Saginaw-Bay City, MI",44.3374,-83.3334,1,8
513,"Flint-Saginaw-Bay City, MI",44.2509,-83.5356,1,9
513,"Flint-Saginaw-Bay City, MI",44.049,-83.578,1,10
513,"Flint-Saginaw-Bay City, MI",43.9956,-83.8388,1,11
513,"Flint-Saginaw-Bay City, MI",43.9178,-83.9076,1,12
513,"Flint-Saginaw-Bay City, MI",43.7602,-83.9566,1,13
513,"Flint-Saginaw-Bay City, MI",43.6413,-83.8497,1,14
513,"Flint-Saginaw-Bay City, MI",43.5821,-83.6827,1,15
513,"Flint-Saginaw-Bay City, MI",43.8832,-83.3259,1,16
513,"Flint-Saginaw-Bay City, MI",43.9029,-83.3308,1,17
513,"Flint-Saginaw-Bay City, MI",43.9076,-83.3976,1,18
513,"Flint-Saginaw-Bay City, MI",43.9119,-83.4054,1,19
513,"Flint-Saginaw-Bay City, MI",43.9166,-83.4049,1,20
513,"Flint-Saginaw-Bay City, MI",44.0684,-82.9647,1,21
513,"Flint-Saginaw-Bay City, MI",43.9922,-82.7408,1,22
513,"Flint-Saginaw-Bay City, MI",43.7092,-82.6059,1,23
513,"Flint-Saginaw-Bay City, MI",43.6754,-83.1178,1,24
513,"Flint-Saginaw-Bay City, MI",43.3273,-83.1038,1,25
513,"Flint-Saginaw-Bay City, MI",43.3223,-83.3546,1,26
513,"Flint-Saginaw-Bay City, MI",43.2351,-83.3519,1,27
513,"Flint-Saginaw-Bay City, MI",43.2328,-83.4607,1,28
513,"Flint-Saginaw-Bay City, MI",42.8761,-83.4528,1,29
513,"Flint-Saginaw-Bay City, MI",42.8713,-83.6895,1,30
513,"Flint-Saginaw-Bay City, MI",42.783,-83.6866,1,31
513,"Flint-Saginaw-Bay City, MI",42.776,-84.3638,1,32
513,"Flint-Saginaw-Bay City, MI",43.1179,-84.3678,1,33
513,"Flint-Saginaw-Bay City, MI",43.1188,-84.8367,1,34
513,"Flint-Saginaw-Bay City, MI",43.4661,-84.846,1,35
513,"Flint-Saginaw-Bay City, MI",43.4662,-85.0849,1,36
514,"Buffalo, NY",42.2699,-79.762,1,1
514,"Buffalo, NY",42.5532,-79.1496,1,2
514,"Buffalo, NY",42.692,-79.0484,1,3
514,"Buffalo, NY",42.784,-78.8535,1,4
514,"Buffalo, NY",42.9784,-78.944,1,5
514,"Buffalo, NY",43.0236,-78.8816,1,6
514,"Buffalo, NY",43.0296,-78.8808,1,7
514,"Buffalo, NY",43.0453,-78.8901,1,8
514,"Buffalo, NY",43.0721,-78.9463,1,9
514,"Buffalo, NY",43.0858,-79.0698,1,10
514,"Buffalo, NY",43.2628,-79.0647,1,11
514,"Buffalo, NY",43.3723,-78.5203,1,12
514,"Buffalo, NY",43.3653,-77.9948,1,13
514,"Buffalo, NY",43.133,-77.9973,1,14
514,"Buffalo, NY",43.1336,-77.9059,1,15
514,"Buffalo, NY",43.0395,-77.951,1,16
514,"Buffalo, NY",43.0235,-77.9046,1,17
514,"Buffalo, NY",42.6679,-77.9563,1,18
514,"Buffalo, NY",42.5329,-78.0605,1,19
514,"Buffalo, NY",42.4712,-77.723,1,20
514,"Buffalo, NY",41.9988,-77.7499,1,21
514,"Buffalo, NY",41.9994,-77.6098,1,22
514,"Buffalo, NY",41.4786,-77.5981,1,23
514,"Buffalo, NY",41.4751,-78.0507,1,24
514,"Buffalo, NY",41.6182,-78.2034,1,25
514,"Buffalo, NY",41.6239,-78.9561,1,26
514,"Buffalo, NY",41.9981,-78.9189,1,27
514,"Buffalo, NY",41.9991,-79.7614,1,28
514,"Buffalo, NY",42.2699,-79.762,1,29
514,"Buffalo, NY",43.0786,-79.0647,2,1
514,"Buffalo, NY",43.0789,-79.0717,2,2
514,"Buffalo, NY",43.0802,-79.0733,2,3
514,"Buffalo, NY",43.0834,-79.0713,2,4
514,"Buffalo, NY",43.0786,-79.0647,2,5
514,"Buffalo, NY",42.957,-78.9462,3,1
514,"Buffalo, NY",42.9909,-79.0155,3,2
514,"Buffalo, NY",43.0648,-78.9995,3,3
514,"Buffalo, NY",43.0411,-78.8997,3,4
514,"Buffalo, NY",42.9951,-78.9439,3,5
514,"Buffalo, NY",42.957,-78.9462,3,6
514,"Buffalo, NY",43.0236,-78.8857,4,1
514,"Buffalo, NY",43.032,-78.8884,4,2
514,"Buffalo, NY",43.0345,-78.8883,4,3
514,"Buffalo, NY",43.0308,-78.8829,4,4
514,"Buffalo, NY",43.0236,-78.8857,4,5
514,"Buffalo, NY",42.9588,-78.9568,5,1
514,"Buffalo, NY",42.9594,-78.9615,5,2
514,"Buffalo, NY",42.9611,-78.9635,5,3
514,"Buffalo, NY",42.9615,-78.9584,5,4
514,"Buffalo, NY",42.9588,-78.9568,5,5
515,"Cincinnati, OH",39.0159,-83.2708,1,1
515,"Cincinnati, OH",38.5992,-83.2866,1,2
515,"Cincinnati, OH",38.6841,-83.6157,1,3
515,"Cincinnati, OH",38.5254,-83.642,1,4
515,"Cincinnati, OH",38.4924,-83.9303,1,5
515,"Cincinnati, OH",38.4224,-83.9992,1,6
515,"Cincinnati, OH",38.4867,-84.1723,1,7
515,"Cincinnati, OH",38.5821,-84.2054,1,8
515,"Cincinnati, OH",38.5655,-84.4114,1,9
515,"Cincinnati, OH",38.3386,-84.793,1,10
515,"Cincinnati, OH",38.5782,-85.0758,1,11
515,"Cincinnati, OH",38.6517,-84.9365,1,12
515,"Cincinnati, OH",38.7618,-85.0242,1,13
515,"Cincinnati, OH",38.6913,-85.2015,1,14
515,"Cincinnati, OH",38.9138,-85.2032,1,15
515,"Cincinnati, OH",38.913,-85.4449,1,16
515,"Cincinnati, OH",39.1956,-85.4401,1,17
515,"Cincinnati, OH",39.2683,-85.2965,1,18
515,"Cincinnati, OH",39.5254,-85.2987,1,19
515,"Cincinnati, OH",39.5262,-85.0361,1,20
515,"Cincinnati, OH",39.7291,-85.0343,1,21
515,"Cincinnati, OH",39.7266,-84.8141,1,22
515,"Cincinnati, OH",39.5673,-84.815,1,23
515,"Cincinnati, OH",39.5445,-83.5763,1,24
515,"Cincinnati, OH",39.3787,-83.5909,1,25
515,"Cincinnati, OH",39.3768,-83.3722,1,26
515,"Cincinnati, OH",39.0552,-83.3856,1,27
515,"Cincinnati, OH",39.0159,-83.2708,1,28
516,"Erie, PA",41.9775,-80.5194,1,1
516,"Erie, PA",42.2699,-79.762,1,2
516,"Erie, PA",41.9991,-79.7614,1,3
516,"Erie, PA",41.9981,-78.9189,1,4
516,"Erie, PA",41.8409,-78.9158,1,5
516,"Erie, PA",41.6239,-78.9561,1,6
516,"Erie, PA",41.622,-79.8289,1,7
516,"Erie, PA",41.4901,-79.9986,1,8
516,"Erie, PA",41.489,-80.5192,1,9
516,"Erie, PA",41.9775,-80.5194,1,10
517,"Charlotte, NC",34.5719,-81.4229,1,1
517,"Charlotte, NC",35.0301,-81.4881,1,2
517,"Charlotte, NC",35.0464,-81.4098,1,3
517,"Charlotte, NC",35.1649,-81.3667,1,4
517,"Charlotte, NC",35.1805,-81.7681,1,5
517,"Charlotte, NC",35.5798,-81.6923,1,6
517,"Charlotte, NC",35.575,-81.8242,1,7
517,"Charlotte, NC",35.7196,-81.8694,1,8
517,"Charlotte, NC",35.8069,-81.987,1,9
517,"Charlotte, NC",35.9376,-81.9236,1,10
517,"Charlotte, NC",35.9421,-82.0342,1,11
517,"Charlotte, NC",36.1001,-82.0801,1,12
517,"Charlotte, NC",36.3372,-81.8551,1,13
517,"Charlotte, NC",36.3352,-81.7074,1,14
517,"Charlotte, NC",36.5881,-81.6775,1,15
517,"Charlotte, NC",36.5747,-81.3533,1,16
517,"Charlotte, NC",36.3903,-81.2456,1,17
517,"Charlotte, NC",36.3645,-81.3633,1,18
517,"Charlotte, NC",36.1174,-81.5455,1,19
517,"Charlotte, NC",35.9948,-81.327,1,20
517,"Charlotte, NC",36.0511,-80.6927,1,21
517,"Charlotte, NC",35.8523,-80.7076,1,22
517,"Charlotte, NC",35.7207,-80.3345,1,23
517,"Charlotte, NC",35.4595,-80.1085,1,24
517,"Charlotte, NC",35.3715,-80.0512,1,25
517,"Charlotte, NC",35.1431,-80.0754,1,26
517,"Charlotte, NC",35.1773,-79.6794,1,27
517,"Charlotte, NC",35.043,-79.4589,1,28
517,"Charlotte, NC",34.9931,-79.572,1,29
517,"Charlotte, NC",34.8152,-79.6141,1,30
517,"Charlotte, NC",34.8042,-79.933,1,31
517,"Charlotte, NC",34.6143,-79.7778,1,32
517,"Charlotte, NC",34.5318,-79.83,1,33
517,"Charlotte, NC",34.3662,-80.2886,1,34
517,"Charlotte, NC",34.6148,-80.4084,1,35
517,"Charlotte, NC",34.5601,-80.5506,1,36
517,"Charlotte, NC",34.489,-80.5609,1,37
517,"Charlotte, NC",34.4804,-80.7404,1,38
517,"Charlotte, NC",34.5401,-80.7432,1,39
517,"Charlotte, NC",34.4578,-80.8793,1,40
517,"Charlotte, NC",34.5431,-80.8775,1,41
517,"Charlotte, NC",34.5719,-81.4229,1,42
518,"Greensboro-High Point-Winston Salem, NC",36.5881,-81.6775,1,1
518,"Greensboro-High Point-Winston Salem, NC",36.7022,-81.5433,1,2
518,"Greensboro-High Point-Winston Salem, NC",36.8064,-81.0424,1,3
518,"Greensboro-High Point-Winston Salem, NC",36.5591,-80.838,1,4
518,"Greensboro-High Point-Winston Salem, NC",36.5578,-80.612,1,5
518,"Greensboro-High Point-Winston Salem, NC",36.6613,-80.5951,1,6
518,"Greensboro-High Point-Winston Salem, NC",36.6503,-80.4889,1,7
518,"Greensboro-High Point-Winston Salem, NC",36.8332,-80.3427,1,8
518,"Greensboro-High Point-Winston Salem, NC",36.8463,-80.0737,1,9
518,"Greensboro-High Point-Winston Salem, NC",36.5425,-80.0535,1,10
518,"Greensboro-High Point-Winston Salem, NC",36.5417,-79.1379,1,11
518,"Greensboro-High Point-Winston Salem, NC",36.2418,-79.1537,1,12
518,"Greensboro-High Point-Winston Salem, NC",36.2438,-79.2571,1,13
518,"Greensboro-High Point-Winston Salem, NC",35.8441,-79.2374,1,14
518,"Greensboro-High Point-Winston Salem, NC",35.8433,-79.542,1,15
518,"Greensboro-High Point-Winston Salem, NC",35.5152,-79.5559,1,16
518,"Greensboro-High Point-Winston Salem, NC",35.5115,-79.7739,1,17
518,"Greensboro-High Point-Winston Salem, NC",35.1637,-79.6143,1,18
518,"Greensboro-High Point-Winston Salem, NC",35.1431,-80.0754,1,19
518,"Greensboro-High Point-Winston Salem, NC",35.3715,-80.0512,1,20
518,"Greensboro-High Point-Winston Salem, NC",35.4595,-80.1085,1,21
518,"Greensboro-High Point-Winston Salem, NC",35.7207,-80.3345,1,22
518,"Greensboro-High Point-Winston Salem, NC",35.8523,-80.7076,1,23
518,"Greensboro-High Point-Winston Salem, NC",36.0511,-80.6927,1,24
518,"Greensboro-High Point-Winston Salem, NC",35.9948,-81.327,1,25
518,"Greensboro-High Point-Winston Salem, NC",36.1174,-81.5455,1,26
518,"Greensboro-High Point-Winston Salem, NC",36.3645,-81.3633,1,27
518,"Greensboro-High Point-Winston Salem, NC",36.3903,-81.2456,1,28
518,"Greensboro-High Point-Winston Salem, NC",36.5747,-81.3533,1,29
518,"Greensboro-High Point-Winston Salem, NC",36.5881,-81.6775,1,30
519,"Charleston, SC",32.6892,-79.8967,1,1
519,"Charleston, SC",32.4707,-80.4135,1,2
519,"Charleston, SC",32.6713,-80.6709,1,3
519,"Charleston, SC",32.697,-80.8227,1,4
519,"Charleston, SC",33.0264,-81.0826,1,5
519,"Charleston, SC",33.1026,-80.9372,1,6
519,"Charleston, SC",33.0618,-80.8962,1,7
519,"Charleston, SC",33.1255,-80.8953,1,8
519,"Charleston, SC",33.3345,-80.5028,1,9
519,"Charleston, SC",33.2578,-80.4271,1,10
519,"Charleston, SC",33.2857,-80.2726,1,11
519,"Charleston, SC",33.4479,-80.2221,1,12
519,"Charleston, SC",33.4969,-80.1017,1,13
519,"Charleston, SC",33.7679,-79.9956,1,14
519,"Charleston, SC",33.8917,-79.8549,1,15
519,"Charleston, SC",33.7752,-79.4967,1,16
519,"Charleston, SC",33.815,-79.352,1,17
519,"Charleston, SC",33.5718,-79.1007,1,18
519,"Charleston, SC",33.5723,-79.0019,1,19
519,"Charleston, SC",33.4785,-79.0879,1,20
519,"Charleston, SC",33.3936,-79.1411,1,21
519,"Charleston, SC",33.2069,-79.1717,1,22
519,"Charleston, SC",33.3407,-79.2889,1,23
519,"Charleston, SC",33.1719,-79.1893,1,24
519,"Charleston, SC",33.059,-79.4534,1,25
519,"Charleston, SC",33.062,-79.4214,1,26
519,"Charleston, SC",33.0156,-79.4124,1,27
519,"Charleston, SC",33.0005,-79.4931,1,28
519,"Charleston, SC",33.0732,-79.4539,1,29
519,"Charleston, SC",33.0173,-79.5651,1,30
519,"Charleston, SC",32.9527,-79.6176,1,31
519,"Charleston, SC",32.9067,-79.5773,1,32
519,"Charleston, SC",32.8709,-79.7415,1,33
519,"Charleston, SC",32.8155,-79.8012,1,34
519,"Charleston, SC",32.8099,-79.7556,1,35
519,"Charleston, SC",32.802,-79.9318,1,36
519,"Charleston, SC",32.6892,-79.8967,1,37
519,"Charleston, SC",33.5214,-79.0413,2,1
519,"Charleston, SC",33.524,-79.04,2,2
519,"Charleston, SC",33.5267,-79.0359,2,3
519,"Charleston, SC",33.5247,-79.0374,2,4
519,"Charleston, SC",33.5214,-79.0413,2,5
519,"Charleston, SC",32.8257,-79.7216,3,1
519,"Charleston, SC",32.8468,-79.7264,3,2
519,"Charleston, SC",32.8484,-79.7011,3,3
519,"Charleston, SC",32.836,-79.7028,3,4
519,"Charleston, SC",32.8257,-79.7216,3,5
519,"Charleston, SC",32.7754,-79.8078,4,1
519,"Charleston, SC",32.8101,-79.7503,4,2
519,"Charleston, SC",32.8272,-79.737,4,3
519,"Charleston, SC",32.8136,-79.7168,4,4
519,"Charleston, SC",32.7754,-79.8078,4,5
519,"Charleston, SC",32.755,-79.8484,5,1
519,"Charleston, SC",32.7667,-79.8659,5,2
519,"Charleston, SC",32.7755,-79.813,5,3
519,"Charleston, SC",32.7663,-79.8182,5,4
519,"Charleston, SC",32.755,-79.8484,5,5
519,"Charleston, SC",32.6396,-79.9735,6,1
519,"Charleston, SC",32.6743,-79.9035,6,2
519,"Charleston, SC",32.6873,-79.8915,6,3
519,"Charleston, SC",32.6969,-79.8982,6,4
519,"Charleston, SC",32.6881,-79.8869,6,5
519,"Charleston, SC",32.6825,-79.8866,6,6
519,"Charleston, SC",32.6652,-79.9152,6,7
519,"Charleston, SC",32.6396,-79.9735,6,8
520,"Augusta, GA",33.4691,-83.0149,1,1
520,"Augusta, GA",33.6613,-82.9505,1,2
520,"Augusta, GA",33.7854,-82.9863,1,3
520,"Augusta, GA",33.9399,-82.8481,1,4
520,"Augusta, GA",33.9558,-82.5646,1,5
520,"Augusta, GA",34.0139,-82.5948,1,6
520,"Augusta, GA",34.0809,-82.4843,1,7
520,"Augusta, GA",34.0641,-82.3269,1,8
520,"Augusta, GA",33.9719,-82.3057,1,9
520,"Augusta, GA",34.0187,-82.245,1,10
520,"Augusta, GA",33.9617,-82.0079,1,11
520,"Augusta, GA",34.1688,-81.8748,1,12
520,"Augusta, GA",34.1854,-81.734,1,13
520,"Augusta, GA",34.0766,-81.472,1,14
520,"Augusta, GA",33.8867,-81.5685,1,15
520,"Augusta, GA",33.8326,-81.534,1,16
520,"Augusta, GA",33.6543,-81.1862,1,17
520,"Augusta, GA",33.4906,-81.3734,1,18
520,"Augusta, GA",33.177,-80.798,1,19
520,"Augusta, GA",33.0618,-80.8962,1,20
520,"Augusta, GA",33.1026,-80.9372,1,21
520,"Augusta, GA",32.9511,-81.2257,1,22
520,"Augusta, GA",32.7449,-81.394,1,23
520,"Augusta, GA",33.0457,-81.5418,1,24
520,"Augusta, GA",32.9094,-81.7677,1,25
520,"Augusta, GA",32.6491,-81.8411,1,26
520,"Augusta, GA",32.5204,-82.1486,1,27
520,"Augusta, GA",32.3187,-82.2331,1,28
520,"Augusta, GA",32.2922,-82.3541,1,29
520,"Augusta, GA",32.4479,-82.3922,1,30
520,"Augusta, GA",32.5127,-82.6474,1,31
520,"Augusta, GA",32.6472,-82.4642,1,32
520,"Augusta, GA",32.7622,-82.4342,1,33
520,"Augusta, GA",32.8223,-82.5209,1,34
520,"Augusta, GA",33.0194,-82.5502,1,35
520,"Augusta, GA",33.1745,-82.7395,1,36
520,"Augusta, GA",33.426,-82.8227,1,37
520,"Augusta, GA",33.4691,-83.0149,1,38
521,"Providence, RI-New Bedford, MA",41.6287,-70.8435,1,1
521,"Providence, RI-New Bedford, MA",41.5821,-70.8547,1,2
521,"Providence, RI-New Bedford, MA",41.6808,-70.9175,1,3
521,"Providence, RI-New Bedford, MA",41.5152,-70.953,1,4
521,"Providence, RI-New Bedford, MA",41.4816,-71.0373,1,5
521,"Providence, RI-New Bedford, MA",41.5702,-71.0723,1,6
521,"Providence, RI-New Bedford, MA",41.454,-71.1955,1,7
521,"Providence, RI-New Bedford, MA",41.6751,-71.1957,1,8
521,"Providence, RI-New Bedford, MA",41.7292,-71.2636,1,9
521,"Providence, RI-New Bedford, MA",41.6674,-71.2368,1,10
521,"Providence, RI-New Bedford, MA",41.6501,-71.3011,1,11
521,"Providence, RI-New Bedford, MA",41.758,-71.2809,1,12
521,"Providence, RI-New Bedford, MA",41.7773,-71.3232,1,13
521,"Providence, RI-New Bedford, MA",41.7062,-71.3022,1,14
521,"Providence, RI-New Bedford, MA",41.7454,-71.3594,1,15
521,"Providence, RI-New Bedford, MA",41.7727,-71.3632,1,16
521,"Providence, RI-New Bedford, MA",41.8108,-71.3953,1,17
521,"Providence, RI-New Bedford, MA",41.8182,-71.3861,1,18
521,"Providence, RI-New Bedford, MA",41.8384,-71.3693,1,19
521,"Providence, RI-New Bedford, MA",41.8525,-71.3684,1,20
521,"Providence, RI-New Bedford, MA",41.8726,-71.3842,1,21
521,"Providence, RI-New Bedford, MA",41.8241,-71.4077,1,22
521,"Providence, RI-New Bedford, MA",41.7332,-71.3936,1,23
521,"Providence, RI-New Bedford, MA",41.7179,-71.3554,1,24
521,"Providence, RI-New Bedford, MA",41.6665,-71.3783,1,25
521,"Providence, RI-New Bedford, MA",41.6964,-71.4535,1,26
521,"Providence, RI-New Bedford, MA",41.6151,-71.4021,1,27
521,"Providence, RI-New Bedford, MA",41.3606,-71.4806,1,28
521,"Providence, RI-New Bedford, MA",41.377,-71.5291,1,29
521,"Providence, RI-New Bedford, MA",41.3309,-71.7147,1,30
521,"Providence, RI-New Bedford, MA",41.3033,-71.8586,1,31
521,"Providence, RI-New Bedford, MA",41.3068,-71.8865,1,32
521,"Providence, RI-New Bedford, MA",41.4166,-71.7976,1,33
521,"Providence, RI-New Bedford, MA",42.0081,-71.7992,1,34
521,"Providence, RI-New Bedford, MA",41.9853,-71.3641,1,35
521,"Providence, RI-New Bedford, MA",42.0957,-71.0801,1,36
521,"Providence, RI-New Bedford, MA",41.8614,-70.9737,1,37
521,"Providence, RI-New Bedford, MA",41.7792,-71.0264,1,38
521,"Providence, RI-New Bedford, MA",41.7909,-70.9217,1,39
521,"Providence, RI-New Bedford, MA",41.6287,-70.8435,1,40
521,"Providence, RI-New Bedford, MA",41.5787,-71.3259,2,1
521,"Providence, RI-New Bedford, MA",41.6407,-71.353,2,2
521,"Providence, RI-New Bedford, MA",41.667,-71.3442,2,3
521,"Providence, RI-New Bedford, MA",41.6186,-71.3043,2,4
521,"Providence, RI-New Bedford, MA",41.5787,-71.3259,2,5
521,"Providence, RI-New Bedford, MA",41.6501,-71.3606,3,1
521,"Providence, RI-New Bedford, MA",41.6517,-71.3628,3,2
521,"Providence, RI-New Bedford, MA",41.6607,-71.3672,3,3
521,"Providence, RI-New Bedford, MA",41.6578,-71.3535,3,4
521,"Providence, RI-New Bedford, MA",41.6501,-71.3606,3,5
521,"Providence, RI-New Bedford, MA",41.4489,-71.3377,4,1
521,"Providence, RI-New Bedford, MA",41.4627,-71.3631,4,2
521,"Providence, RI-New Bedford, MA",41.6196,-71.275,4,3
521,"Providence, RI-New Bedford, MA",41.6549,-71.2198,4,4
521,"Providence, RI-New Bedford, MA",41.4761,-71.2396,4,5
521,"Providence, RI-New Bedford, MA",41.4489,-71.3377,4,6
521,"Providence, RI-New Bedford, MA",41.6369,-71.2725,5,1
521,"Providence, RI-New Bedford, MA",41.6374,-71.2858,5,2
521,"Providence, RI-New Bedford, MA",41.6443,-71.288,5,3
521,"Providence, RI-New Bedford, MA",41.6475,-71.2784,5,4
521,"Providence, RI-New Bedford, MA",41.6369,-71.2725,5,5
521,"Providence, RI-New Bedford, MA",41.6394,-70.9154,6,1
521,"Providence, RI-New Bedford, MA",41.6422,-70.9178,6,2
521,"Providence, RI-New Bedford, MA",41.6406,-70.9108,6,3
521,"Providence, RI-New Bedford, MA",41.6394,-70.9154,6,4
521,"Providence, RI-New Bedford, MA",41.6374,-70.9198,7,1
521,"Providence, RI-New Bedford, MA",41.6379,-70.9207,7,2
521,"Providence, RI-New Bedford, MA",41.64,-70.9191,7,3
521,"Providence, RI-New Bedford, MA",41.6383,-70.9188,7,4
521,"Providence, RI-New Bedford, MA",41.6374,-70.9198,7,5
521,"Providence, RI-New Bedford, MA",41.5821,-70.8213,8,1
521,"Providence, RI-New Bedford, MA",41.5965,-70.8417,8,2
521,"Providence, RI-New Bedford, MA",41.605,-70.8376,8,3
521,"Providence, RI-New Bedford, MA",41.5921,-70.816,8,4
521,"Providence, RI-New Bedford, MA",41.5821,-70.8213,8,5
521,"Providence, RI-New Bedford, MA",41.4486,-71.3998,9,1
521,"Providence, RI-New Bedford, MA",41.5576,-71.3847,9,2
521,"Providence, RI-New Bedford, MA",41.573,-71.3668,9,3
521,"Providence, RI-New Bedford, MA",41.4802,-71.3533,9,4
521,"Providence, RI-New Bedford, MA",41.4486,-71.3998,9,5
521,"Providence, RI-New Bedford, MA",41.1461,-71.5931,10,1
521,"Providence, RI-New Bedford, MA",41.1603,-71.6131,10,2
521,"Providence, RI-New Bedford, MA",41.2325,-71.577,10,3
521,"Providence, RI-New Bedford, MA",41.1613,-71.544,10,4
521,"Providence, RI-New Bedford, MA",41.1461,-71.5931,10,5
522,"Columbus, GA",31.618,-85.7482,1,1
522,"Columbus, GA",31.9119,-85.6484,1,2
522,"Columbus, GA",31.9971,-85.5878,1,3
522,"Columbus, GA",32.015,-85.4285,1,4
522,"Columbus, GA",32.1395,-85.41,1,5
522,"Columbus, GA",32.4971,-85.4386,1,6
522,"Columbus, GA",32.582,-85.6957,1,7
522,"Columbus, GA",32.6974,-85.6968,1,8
522,"Columbus, GA",32.7285,-85.5932,1,9
522,"Columbus, GA",33.1073,-85.5932,1,10
522,"Columbus, GA",33.1081,-85.2324,1,11
522,"Columbus, GA",32.8705,-85.1847,1,12
522,"Columbus, GA",32.8777,-84.4774,1,13
522,"Columbus, GA",32.6363,-84.0565,1,14
522,"Columbus, GA",32.5299,-84.0034,1,15
522,"Columbus, GA",32.5141,-84.1112,1,16
522,"Columbus, GA",32.396,-84.2543,1,17
522,"Columbus, GA",32.2962,-84.2559,1,18
522,"Columbus, GA",32.1711,-84.0278,1,19
522,"Columbus, GA",31.9115,-83.9225,1,20
522,"Columbus, GA",31.8728,-84.3404,1,21
522,"Columbus, GA",31.9675,-84.4438,1,22
522,"Columbus, GA",31.9202,-84.5998,1,23
522,"Columbus, GA",31.623,-84.5447,1,24
522,"Columbus, GA",31.6198,-84.8178,1,25
522,"Columbus, GA",31.5012,-84.8198,1,26
522,"Columbus, GA",31.4859,-85.0293,1,27
522,"Columbus, GA",31.7744,-85.1512,1,28
522,"Columbus, GA",31.7024,-85.2161,1,29
522,"Columbus, GA",31.7067,-85.416,1,30
522,"Columbus, GA",31.6195,-85.4164,1,31
522,"Columbus, GA",31.618,-85.7482,1,32
522,"Columbus, GA",32.52,-84.053,2,1
522,"Columbus, GA",32.522,-84.0472,2,2
522,"Columbus, GA",32.5218,-84.0085,2,3
522,"Columbus, GA",32.4971,-84.0173,2,4
522,"Columbus, GA",32.52,-84.053,2,5
523,"Burlington, VT-Plattsburgh, NY",43.2556,-72.8215,1,1
523,"Burlington, VT-Plattsburgh, NY",43.3147,-73.2546,1,2
523,"Burlington, VT-Plattsburgh, NY",43.5539,-73.2486,1,3
523,"Burlington, VT-Plattsburgh, NY",43.6277,-73.3052,1,4
523,"Burlington, VT-Plattsburgh, NY",43.587,-73.4309,1,5
523,"Burlington, VT-Plattsburgh, NY",43.8084,-73.3793,1,6
523,"Burlington, VT-Plattsburgh, NY",43.7445,-74.057,1,7
523,"Burlington, VT-Plattsburgh, NY",43.7963,-74.0471,1,8
523,"Burlington, VT-Plattsburgh, NY",43.8108,-74.2137,1,9
523,"Burlington, VT-Plattsburgh, NY",43.9252,-74.3368,1,10
523,"Burlington, VT-Plattsburgh, NY",43.9698,-74.256,1,11
523,"Burlington, VT-Plattsburgh, NY",44.1206,-74.2819,1,12
523,"Burlington, VT-Plattsburgh, NY",44.0992,-74.5352,1,13
523,"Burlington, VT-Plattsburgh, NY",44.9526,-74.6419,1,14
523,"Burlington, VT-Plattsburgh, NY",44.9949,-74.7262,1,15
523,"Burlington, VT-Plattsburgh, NY",45.0136,-71.4646,1,16
523,"Burlington, VT-Plattsburgh, NY",44.9936,-71.5369,1,17
523,"Burlington, VT-Plattsburgh, NY",44.9043,-71.4964,1,18
523,"Burlington, VT-Plattsburgh, NY",44.75,-71.6318,1,19
523,"Burlington, VT-Plattsburgh, NY",44.5884,-71.5363,1,20
523,"Burlington, VT-Plattsburgh, NY",44.5026,-71.5772,1,21
523,"Burlington, VT-Plattsburgh, NY",44.4066,-71.7647,1,22
523,"Burlington, VT-Plattsburgh, NY",44.2551,-71.5755,1,23
523,"Burlington, VT-Plattsburgh, NY",44.2497,-71.444,1,24
523,"Burlington, VT-Plattsburgh, NY",44.07,-71.3475,1,25
523,"Burlington, VT-Plattsburgh, NY",43.9156,-71.3618,1,26
523,"Burlington, VT-Plattsburgh, NY",43.8932,-71.5647,1,27
523,"Burlington, VT-Plattsburgh, NY",43.6969,-71.5212,1,28
523,"Burlington, VT-Plattsburgh, NY",43.6854,-71.6478,1,29
523,"Burlington, VT-Plattsburgh, NY",43.5631,-71.7282,1,30
523,"Burlington, VT-Plattsburgh, NY",43.5444,-71.8186,1,31
523,"Burlington, VT-Plattsburgh, NY",43.6094,-71.8532,1,32
523,"Burlington, VT-Plattsburgh, NY",43.4409,-72.0531,1,33
523,"Burlington, VT-Plattsburgh, NY",43.129,-72.0384,1,34
523,"Burlington, VT-Plattsburgh, NY",43.132,-72.1785,1,35
523,"Burlington, VT-Plattsburgh, NY",43.1819,-72.1564,1,36
523,"Burlington, VT-Plattsburgh, NY",43.1357,-72.4316,1,37
523,"Burlington, VT-Plattsburgh, NY",43.2333,-72.4337,1,38
523,"Burlington, VT-Plattsburgh, NY",43.2556,-72.8215,1,39
524,"Atlanta, GA",33.1073,-85.5932,1,1
524,"Atlanta, GA",33.1066,-85.6537,1,2
524,"Atlanta, GA",33.4959,-85.6435,1,3
524,"Atlanta, GA",33.4693,-85.7827,1,4
524,"Atlanta, GA",33.4768,-85.8877,1,5
524,"Atlanta, GA",33.6484,-85.6386,1,6
524,"Atlanta, GA",33.8459,-85.5852,1,7
524,"Atlanta, GA",33.8759,-85.637,1,8
524,"Atlanta, GA",33.9641,-85.3988,1,9
524,"Atlanta, GA",34.5887,-85.5273,1,10
524,"Atlanta, GA",34.6344,-84.9139,1,11
524,"Atlanta, GA",34.5832,-84.6545,1,12
524,"Atlanta, GA",34.8553,-84.6187,1,13
524,"Atlanta, GA",34.844,-84.3716,1,14
524,"Atlanta, GA",34.6026,-84.1886,1,15
524,"Atlanta, GA",34.7278,-84.0926,1,16
524,"Atlanta, GA",34.9521,-84.1788,1,17
524,"Atlanta, GA",35.1608,-83.7528,1,18
524,"Atlanta, GA",35.153,-83.6475,1,19
524,"Atlanta, GA",34.9964,-83.5204,1,20
524,"Atlanta, GA",34.9971,-83.1023,1,21
524,"Atlanta, GA",34.8157,-83.3064,1,22
524,"Atlanta, GA",34.4812,-83.4599,1,23
524,"Atlanta, GA",34.4453,-83.3888,1,24
524,"Atlanta, GA",34.2232,-83.3548,1,25
524,"Atlanta, GA",34.2749,-83.1129,1,26
524,"Atlanta, GA",34.0514,-82.9874,1,27
524,"Atlanta, GA",33.9709,-82.7794,1,28
524,"Atlanta, GA",33.7854,-82.9863,1,29
524,"Atlanta, GA",33.4897,-82.9856,1,30
524,"Atlanta, GA",33.1872,-83.2741,1,31
524,"Atlanta, GA",33.1318,-83.8159,1,32
524,"Atlanta, GA",33.1969,-83.8425,1,33
524,"Atlanta, GA",33.2026,-84.0415,1,34
524,"Atlanta, GA",32.9479,-84.0444,1,35
524,"Atlanta, GA",32.9322,-84.1233,1,36
524,"Atlanta, GA",32.69,-84.2026,1,37
524,"Atlanta, GA",32.8836,-84.4983,1,38
524,"Atlanta, GA",32.8705,-85.1847,1,39
524,"Atlanta, GA",33.1081,-85.2324,1,40
524,"Atlanta, GA",33.1073,-85.5932,1,41
525,"Albany, GA",31.259,-84.6416,1,1
525,"Albany, GA",31.4339,-84.6376,1,2
525,"Albany, GA",31.4364,-84.7892,1,3
525,"Albany, GA",31.6019,-84.828,1,4
525,"Albany, GA",31.6214,-84.5461,1,5
525,"Albany, GA",31.9202,-84.5998,1,6
525,"Albany, GA",31.9675,-84.4438,1,7
525,"Albany, GA",31.8728,-84.3404,1,8
525,"Albany, GA",31.9115,-83.9225,1,9
525,"Albany, GA",32.0306,-83.9613,1,10
525,"Albany, GA",32.0281,-83.6095,1,11
525,"Albany, GA",31.8541,-83.6123,1,12
525,"Albany, GA",31.8519,-83.1834,1,13
525,"Albany, GA",31.7747,-83.0057,1,14
525,"Albany, GA",31.8162,-82.8364,1,15
525,"Albany, GA",31.6714,-82.8351,1,16
525,"Albany, GA",31.6726,-82.6274,1,17
525,"Albany, GA",31.5579,-82.5963,1,18
525,"Albany, GA",31.2748,-82.6299,1,19
525,"Albany, GA",31.278,-82.6991,1,20
525,"Albany, GA",31.1838,-82.6717,1,21
525,"Albany, GA",31.1841,-83.0499,1,22
525,"Albany, GA",31.1472,-83.1651,1,23
525,"Albany, GA",31.0254,-83.1977,1,24
525,"Albany, GA",31.079,-84.5426,1,25
525,"Albany, GA",31.2559,-84.5371,1,26
525,"Albany, GA",31.259,-84.6416,1,27
526,"Utica, NY",44.0701,-74.8542,1,1
526,"Utica, NY",43.4867,-74.7756,1,2
526,"Utica, NY",43.3398,-74.8677,1,3
526,"Utica, NY",43.2861,-74.7126,1,4
526,"Utica, NY",42.8632,-74.7633,1,5
526,"Utica, NY",42.8296,-74.6483,1,6
526,"Utica, NY",42.6268,-74.6307,1,7
526,"Utica, NY",42.5169,-74.712,1,8
526,"Utica, NY",42.3141,-75.4169,1,9
526,"Utica, NY",42.5087,-75.4032,1,10
526,"Utica, NY",42.8339,-75.24,1,11
526,"Utica, NY",43.1743,-75.4219,1,12
526,"Utica, NY",43.2264,-75.3022,1,13
526,"Utica, NY",43.3024,-75.3872,1,14
526,"Utica, NY",43.4024,-75.2215,1,15
526,"Utica, NY",43.5622,-75.2253,1,16
526,"Utica, NY",43.6152,-75.1102,1,17
526,"Utica, NY",44.097,-75.1702,1,18
526,"Utica, NY",44.0701,-74.8542,1,19
527,"Indianapolis, IN",39.1956,-85.4401,1,1
527,"Indianapolis, IN",39.1289,-85.7998,1,2
527,"Indianapolis, IN",39.0408,-85.8611,1,3
527,"Indianapolis, IN",39.0488,-86.3181,1,4
527,"Indianapolis, IN",38.688,-86.3085,1,5
527,"Indianapolis, IN",38.6866,-86.6831,1,6
527,"Indianapolis, IN",39.1657,-86.683,1,7
527,"Indianapolis, IN",39.1681,-87.0546,1,8
527,"Indianapolis, IN",39.3426,-87.0537,1,9
527,"Indianapolis, IN",39.342,-86.9425,1,10
527,"Indianapolis, IN",39.4733,-86.94,1,11
527,"Indianapolis, IN",39.4738,-87.0149,1,12
527,"Indianapolis, IN",39.8667,-87.0095,1,13
527,"Indianapolis, IN",39.8673,-87.0915,1,14
527,"Indianapolis, IN",39.953,-87.091,1,15
527,"Indianapolis, IN",39.9614,-87.4399,1,16
527,"Indianapolis, IN",40.1923,-87.4199,1,17
527,"Indianapolis, IN",40.3667,-87.0963,1,18
527,"Indianapolis, IN",40.2145,-87.0925,1,19
527,"Indianapolis, IN",40.2144,-86.6956,1,20
527,"Indianapolis, IN",40.5618,-86.6954,1,21
527,"Indianapolis, IN",40.5629,-87.0953,1,22
527,"Indianapolis, IN",40.4748,-87.093,1,23
527,"Indianapolis, IN",40.4772,-87.5265,1,24
527,"Indianapolis, IN",40.737,-87.5261,1,25
527,"Indianapolis, IN",40.7365,-87.0986,1,26
527,"Indianapolis, IN",40.8376,-87.0998,1,27
527,"Indianapolis, IN",40.8379,-86.9864,1,28
527,"Indianapolis, IN",40.9122,-86.9875,1,29
527,"Indianapolis, IN",40.9096,-86.1691,1,30
527,"Indianapolis, IN",40.9963,-86.1683,1,31
527,"Indianapolis, IN",40.9992,-85.9464,1,32
527,"Indianapolis, IN",40.6512,-85.9397,1,33
527,"Indianapolis, IN",40.6536,-85.4488,1,34
527,"Indianapolis, IN",40.5667,-85.447,1,35
527,"Indianapolis, IN",40.5671,-85.2012,1,36
527,"Indianapolis, IN",40.3067,-85.2188,1,37
527,"Indianapolis, IN",40.3101,-84.8039,1,38
527,"Indianapolis, IN",40.0049,-84.8108,1,39
527,"Indianapolis, IN",40.0045,-85.2015,1,40
527,"Indianapolis, IN",39.7885,-85.2211,1,41
527,"Indianapolis, IN",39.7155,-85.185,1,42
527,"Indianapolis, IN",39.7146,-85.0345,1,43
527,"Indianapolis, IN",39.5262,-85.0361,1,44
527,"Indianapolis, IN",39.5254,-85.2987,1,45
527,"Indianapolis, IN",39.2683,-85.2965,1,46
527,"Indianapolis, IN",39.1956,-85.4401,1,47
528,"Miami-Fort Lauderdale, FL",26.3209,-80.0748,1,1
528,"Miami-Fort Lauderdale, FL",25.9008,-80.1235,1,2
528,"Miami-Fort Lauderdale, FL",25.9199,-80.1245,1,3
528,"Miami-Fort Lauderdale, FL",25.9283,-80.1317,1,4
528,"Miami-Fort Lauderdale, FL",25.6148,-80.3077,1,5
528,"Miami-Fort Lauderdale, FL",25.3705,-80.3115,1,6
528,"Miami-Fort Lauderdale, FL",25.2657,-80.4272,1,7
528,"Miami-Fort Lauderdale, FL",25.1981,-80.4169,1,8
528,"Miami-Fort Lauderdale, FL",25.2033,-80.3522,1,9
528,"Miami-Fort Lauderdale, FL",25.2825,-80.3664,1,10
528,"Miami-Fort Lauderdale, FL",25.3332,-80.2565,1,11
528,"Miami-Fort Lauderdale, FL",25.1211,-80.3853,1,12
528,"Miami-Fort Lauderdale, FL",25.0846,-80.4487,1,13
528,"Miami-Fort Lauderdale, FL",25.0222,-80.4956,1,14
528,"Miami-Fort Lauderdale, FL",24.9564,-80.5655,1,15
528,"Miami-Fort Lauderdale, FL",24.951,-80.5861,1,16
528,"Miami-Fort Lauderdale, FL",25.1673,-80.3838,1,17
528,"Miami-Fort Lauderdale, FL",25.2252,-80.4536,1,18
528,"Miami-Fort Lauderdale, FL",25.2428,-80.4396,1,19
528,"Miami-Fort Lauderdale, FL",25.2158,-80.4949,1,20
528,"Miami-Fort Lauderdale, FL",25.2229,-80.456,1,21
528,"Miami-Fort Lauderdale, FL",25.1993,-80.4355,1,22
528,"Miami-Fort Lauderdale, FL",25.1268,-80.4272,1,23
528,"Miami-Fort Lauderdale, FL",25.2224,-80.5208,1,24
528,"Miami-Fort Lauderdale, FL",25.1386,-80.6728,1,25
528,"Miami-Fort Lauderdale, FL",25.157,-81.1412,1,26
528,"Miami-Fort Lauderdale, FL",25.3266,-81.1448,1,27
528,"Miami-Fort Lauderdale, FL",25.3274,-81.1178,1,28
528,"Miami-Fort Lauderdale, FL",25.2762,-81.0921,1,29
528,"Miami-Fort Lauderdale, FL",25.278,-81.0675,1,30
528,"Miami-Fort Lauderdale, FL",25.2603,-81.0675,1,31
528,"Miami-Fort Lauderdale, FL",25.2589,-81.0706,1,32
528,"Miami-Fort Lauderdale, FL",25.2553,-81.0697,1,33
528,"Miami-Fort Lauderdale, FL",25.2191,-81.0216,1,34
528,"Miami-Fort Lauderdale, FL",25.2114,-80.9991,1,35
528,"Miami-Fort Lauderdale, FL",25.2527,-80.9039,1,36
528,"Miami-Fort Lauderdale, FL",25.3891,-81.151,1,37
528,"Miami-Fort Lauderdale, FL",25.4308,-81.0823,1,38
528,"Miami-Fort Lauderdale, FL",25.5069,-81.21,1,39
528,"Miami-Fort Lauderdale, FL",25.5574,-81.1573,1,40
528,"Miami-Fort Lauderdale, FL",25.5578,-81.2264,1,41
528,"Miami-Fort Lauderdale, FL",25.6801,-81.2854,1,42
528,"Miami-Fort Lauderdale, FL",25.6981,-81.1802,1,43
528,"Miami-Fort Lauderdale, FL",25.801,-81.2641,1,44
528,"Miami-Fort Lauderdale, FL",25.8038,-81.2938,1,45
528,"Miami-Fort Lauderdale, FL",25.8056,-80.8731,1,46
528,"Miami-Fort Lauderdale, FL",26.3338,-80.8812,1,47
528,"Miami-Fort Lauderdale, FL",26.3209,-80.0748,1,48
528,"Miami-Fort Lauderdale, FL",25.7648,-80.1316,2,1
528,"Miami-Fort Lauderdale, FL",25.7895,-80.1453,2,2
528,"Miami-Fort Lauderdale, FL",25.8094,-80.1362,2,3
528,"Miami-Fort Lauderdale, FL",25.8105,-80.1448,2,4
528,"Miami-Fort Lauderdale, FL",25.8407,-80.1327,2,5
528,"Miami-Fort Lauderdale, FL",25.8465,-80.1274,2,6
528,"Miami-Fort Lauderdale, FL",25.8422,-80.1237,2,7
528,"Miami-Fort Lauderdale, FL",25.8429,-80.1219,2,8
528,"Miami-Fort Lauderdale, FL",25.8444,-80.1219,2,9
528,"Miami-Fort Lauderdale, FL",25.8504,-80.1226,2,10
528,"Miami-Fort Lauderdale, FL",25.8622,-80.1312,2,11
528,"Miami-Fort Lauderdale, FL",25.8637,-80.1428,2,12
528,"Miami-Fort Lauderdale, FL",25.8676,-80.1241,2,13
528,"Miami-Fort Lauderdale, FL",25.8995,-80.1226,2,14
528,"Miami-Fort Lauderdale, FL",25.8506,-80.1192,2,15
528,"Miami-Fort Lauderdale, FL",25.7648,-80.1316,2,16
528,"Miami-Fort Lauderdale, FL",25.8811,-80.1288,3,1
528,"Miami-Fort Lauderdale, FL",25.8841,-80.134,3,2
528,"Miami-Fort Lauderdale, FL",25.8945,-80.1332,3,3
528,"Miami-Fort Lauderdale, FL",25.89,-80.1299,3,4
528,"Miami-Fort Lauderdale, FL",25.8811,-80.1288,3,5
528,"Miami-Fort Lauderdale, FL",25.8838,-80.1352,4,1
528,"Miami-Fort Lauderdale, FL",25.887,-80.1396,4,2
528,"Miami-Fort Lauderdale, FL",25.8929,-80.1347,4,3
528,"Miami-Fort Lauderdale, FL",25.8838,-80.1352,4,4
528,"Miami-Fort Lauderdale, FL",25.8718,-80.1394,5,1
528,"Miami-Fort Lauderdale, FL",25.873,-80.1425,5,2
528,"Miami-Fort Lauderdale, FL",25.8845,-80.1413,5,3
528,"Miami-Fort Lauderdale, FL",25.8801,-80.13,5,4
528,"Miami-Fort Lauderdale, FL",25.8718,-80.1394,5,5
528,"Miami-Fort Lauderdale, FL",25.8488,-80.1398,6,1
528,"Miami-Fort Lauderdale, FL",25.8596,-80.1441,6,2
528,"Miami-Fort Lauderdale, FL",25.853,-80.1257,6,3
528,"Miami-Fort Lauderdale, FL",25.8488,-80.1398,6,4
528,"Miami-Fort Lauderdale, FL",25.8439,-80.1571,7,1
528,"Miami-Fort Lauderdale, FL",25.8445,-80.1602,7,2
528,"Miami-Fort Lauderdale, FL",25.855,-80.1597,7,3
528,"Miami-Fort Lauderdale, FL",25.8552,-80.1573,7,4
528,"Miami-Fort Lauderdale, FL",25.8439,-80.1571,7,5
528,"Miami-Fort Lauderdale, FL",25.8429,-80.1233,8,1
528,"Miami-Fort Lauderdale, FL",25.8508,-80.1247,8,2
528,"Miami-Fort Lauderdale, FL",25.8433,-80.1225,8,3
528,"Miami-Fort Lauderdale, FL",25.8429,-80.1233,8,4
528,"Miami-Fort Lauderdale, FL",25.8463,-80.1325,9,1
528,"Miami-Fort Lauderdale, FL",25.8499,-80.1301,9,2
528,"Miami-Fort Lauderdale, FL",25.8471,-80.1261,9,3
528,"Miami-Fort Lauderdale, FL",25.8463,-80.1325,9,4
528,"Miami-Fort Lauderdale, FL",25.8443,-80.155,10,1
528,"Miami-Fort Lauderdale, FL",25.8496,-80.1554,10,2
528,"Miami-Fort Lauderdale, FL",25.8492,-80.1452,10,3
528,"Miami-Fort Lauderdale, FL",25.8443,-80.1457,10,4
528,"Miami-Fort Lauderdale, FL",25.8443,-80.155,10,5
528,"Miami-Fort Lauderdale, FL",25.8037,-80.1465,11,1
528,"Miami-Fort Lauderdale, FL",25.806,-80.1452,11,2
528,"Miami-Fort Lauderdale, FL",25.806,-80.1416,11,3
528,"Miami-Fort Lauderdale, FL",25.8042,-80.1417,11,4
528,"Miami-Fort Lauderdale, FL",25.8037,-80.1465,11,5
528,"Miami-Fort Lauderdale, FL",25.8039,-81.3068,12,1
528,"Miami-Fort Lauderdale, FL",25.7845,-81.3262,12,2
528,"Miami-Fort Lauderdale, FL",25.8033,-81.3439,12,3
528,"Miami-Fort Lauderdale, FL",25.8039,-81.3068,12,4
528,"Miami-Fort Lauderdale, FL",25.8008,-80.1476,13,1
528,"Miami-Fort Lauderdale, FL",25.8032,-80.1473,13,2
528,"Miami-Fort Lauderdale, FL",25.8032,-80.1416,13,3
528,"Miami-Fort Lauderdale, FL",25.8009,-80.1415,13,4
528,"Miami-Fort Lauderdale, FL",25.8008,-80.1476,13,5
528,"Miami-Fort Lauderdale, FL",25.6968,-81.2989,14,1
528,"Miami-Fort Lauderdale, FL",25.7212,-81.3458,14,2
528,"Miami-Fort Lauderdale, FL",25.7783,-81.3683,14,3
528,"Miami-Fort Lauderdale, FL",25.784,-81.3106,14,4
528,"Miami-Fort Lauderdale, FL",25.8021,-81.2981,14,5
528,"Miami-Fort Lauderdale, FL",25.7955,-81.2813,14,6
528,"Miami-Fort Lauderdale, FL",25.6968,-81.2989,14,7
528,"Miami-Fort Lauderdale, FL",25.7993,-80.1471,15,1
528,"Miami-Fort Lauderdale, FL",25.8004,-80.1416,15,2
528,"Miami-Fort Lauderdale, FL",25.7994,-80.1415,15,3
528,"Miami-Fort Lauderdale, FL",25.7993,-80.1471,15,4
528,"Miami-Fort Lauderdale, FL",25.7863,-80.159,16,1
528,"Miami-Fort Lauderdale, FL",25.7909,-80.1601,16,2
528,"Miami-Fort Lauderdale, FL",25.7956,-80.1591,16,3
528,"Miami-Fort Lauderdale, FL",25.7867,-80.1578,16,4
528,"Miami-Fort Lauderdale, FL",25.7863,-80.159,16,5
528,"Miami-Fort Lauderdale, FL",25.7885,-80.1544,17,1
528,"Miami-Fort Lauderdale, FL",25.7888,-80.156,17,2
528,"Miami-Fort Lauderdale, FL",25.7943,-80.1551,17,3
528,"Miami-Fort Lauderdale, FL",25.7885,-80.1544,17,4
528,"Miami-Fort Lauderdale, FL",25.7883,-80.1634,18,1
528,"Miami-Fort Lauderdale, FL",25.7888,-80.1641,18,2
528,"Miami-Fort Lauderdale, FL",25.7934,-80.163,18,3
528,"Miami-Fort Lauderdale, FL",25.7887,-80.1617,18,4
528,"Miami-Fort Lauderdale, FL",25.7883,-80.1634,18,5
528,"Miami-Fort Lauderdale, FL",25.789,-80.1473,19,1
528,"Miami-Fort Lauderdale, FL",25.7898,-80.1488,19,2
528,"Miami-Fort Lauderdale, FL",25.7924,-80.1499,19,3
528,"Miami-Fort Lauderdale, FL",25.7916,-80.1465,19,4
528,"Miami-Fort Lauderdale, FL",25.789,-80.1473,19,5
528,"Miami-Fort Lauderdale, FL",25.7891,-80.1716,20,1
528,"Miami-Fort Lauderdale, FL",25.79,-80.1793,20,2
528,"Miami-Fort Lauderdale, FL",25.7913,-80.1727,20,3
528,"Miami-Fort Lauderdale, FL",25.7891,-80.1716,20,4
528,"Miami-Fort Lauderdale, FL",25.7892,-80.1702,21,1
528,"Miami-Fort Lauderdale, FL",25.7908,-80.1708,21,2
528,"Miami-Fort Lauderdale, FL",25.7906,-80.1659,21,3
528,"Miami-Fort Lauderdale, FL",25.7892,-80.1702,21,4
528,"Miami-Fort Lauderdale, FL",25.7812,-80.1561,22,1
528,"Miami-Fort Lauderdale, FL",25.7843,-80.1652,22,2
528,"Miami-Fort Lauderdale, FL",25.7858,-80.1646,22,3
528,"Miami-Fort Lauderdale, FL",25.782,-80.1558,22,4
528,"Miami-Fort Lauderdale, FL",25.7812,-80.1561,22,5
528,"Miami-Fort Lauderdale, FL",25.7764,-80.1577,23,1
528,"Miami-Fort Lauderdale, FL",25.7798,-80.1644,23,2
528,"Miami-Fort Lauderdale, FL",25.7824,-80.1678,23,3
528,"Miami-Fort Lauderdale, FL",25.7786,-80.1568,23,4
528,"Miami-Fort Lauderdale, FL",25.7764,-80.1577,23,5
528,"Miami-Fort Lauderdale, FL",25.7663,-80.1641,24,1
528,"Miami-Fort Lauderdale, FL",25.7746,-80.1799,24,2
528,"Miami-Fort Lauderdale, FL",25.7801,-80.1814,24,3
528,"Miami-Fort Lauderdale, FL",25.7727,-80.1611,24,4
528,"Miami-Fort Lauderdale, FL",25.7663,-80.1641,24,5
528,"Miami-Fort Lauderdale, FL",25.7742,-80.1509,25,1
528,"Miami-Fort Lauderdale, FL",25.7804,-80.1522,25,2
528,"Miami-Fort Lauderdale, FL",25.7807,-80.1499,25,3
528,"Miami-Fort Lauderdale, FL",25.7747,-80.1493,25,4
528,"Miami-Fort Lauderdale, FL",25.7742,-80.1509,25,5
528,"Miami-Fort Lauderdale, FL",25.7479,-81.2694,26,1
528,"Miami-Fort Lauderdale, FL",25.7647,-81.2804,26,2
528,"Miami-Fort Lauderdale, FL",25.777,-81.2743,26,3
528,"Miami-Fort Lauderdale, FL",25.753,-81.2587,26,4
528,"Miami-Fort Lauderdale, FL",25.7479,-81.2694,26,5
528,"Miami-Fort Lauderdale, FL",25.7642,-80.1854,27,1
528,"Miami-Fort Lauderdale, FL",25.7699,-80.1866,27,2
528,"Miami-Fort Lauderdale, FL",25.7696,-80.1837,27,3
528,"Miami-Fort Lauderdale, FL",25.7642,-80.1854,27,4
528,"Miami-Fort Lauderdale, FL",25.7561,-80.141,28,1
528,"Miami-Fort Lauderdale, FL",25.7637,-80.15,28,2
528,"Miami-Fort Lauderdale, FL",25.7621,-80.133,28,3
528,"Miami-Fort Lauderdale, FL",25.7561,-80.141,28,4
528,"Miami-Fort Lauderdale, FL",25.7314,-80.1676,29,1
528,"Miami-Fort Lauderdale, FL",25.7469,-80.1837,29,2
528,"Miami-Fort Lauderdale, FL",25.7495,-80.1404,29,3
528,"Miami-Fort Lauderdale, FL",25.7327,-80.1577,29,4
528,"Miami-Fort Lauderdale, FL",25.7314,-80.1676,29,5
528,"Miami-Fort Lauderdale, FL",25.6979,-81.2739,30,1
528,"Miami-Fort Lauderdale, FL",25.7269,-81.2887,30,2
528,"Miami-Fort Lauderdale, FL",25.7455,-81.2537,30,3
528,"Miami-Fort Lauderdale, FL",25.7253,-81.2521,30,4
528,"Miami-Fort Lauderdale, FL",25.7146,-81.2417,30,5
528,"Miami-Fort Lauderdale, FL",25.6979,-81.2739,30,6
528,"Miami-Fort Lauderdale, FL",25.7156,-81.2341,31,1
528,"Miami-Fort Lauderdale, FL",25.7256,-81.2509,31,2
528,"Miami-Fort Lauderdale, FL",25.7429,-81.2437,31,3
528,"Miami-Fort Lauderdale, FL",25.7257,-81.2284,31,4
528,"Miami-Fort Lauderdale, FL",25.7156,-81.2341,31,5
528,"Miami-Fort Lauderdale, FL",25.7231,-81.2263,32,1
528,"Miami-Fort Lauderdale, FL",25.7315,-81.2224,32,2
528,"Miami-Fort Lauderdale, FL",25.7274,-81.2138,32,3
528,"Miami-Fort Lauderdale, FL",25.7231,-81.2263,32,4
528,"Miami-Fort Lauderdale, FL",25.665,-80.1587,33,1
528,"Miami-Fort Lauderdale, FL",25.6859,-80.1784,33,2
528,"Miami-Fort Lauderdale, FL",25.7284,-80.1558,33,3
528,"Miami-Fort Lauderdale, FL",25.7225,-80.1461,33,4
528,"Miami-Fort Lauderdale, FL",25.665,-80.1587,33,5
528,"Miami-Fort Lauderdale, FL",25.4943,-80.1793,34,1
528,"Miami-Fort Lauderdale, FL",25.5049,-80.1893,34,2
528,"Miami-Fort Lauderdale, FL",25.5183,-80.1775,34,3
528,"Miami-Fort Lauderdale, FL",25.5163,-80.1752,34,4
528,"Miami-Fort Lauderdale, FL",25.4943,-80.1793,34,5
528,"Miami-Fort Lauderdale, FL",25.3907,-80.2279,35,1
528,"Miami-Fort Lauderdale, FL",25.4169,-80.2084,35,2
528,"Miami-Fort Lauderdale, FL",25.4928,-80.1777,35,3
528,"Miami-Fort Lauderdale, FL",25.4156,-80.2029,35,4
528,"Miami-Fort Lauderdale, FL",25.3907,-80.2279,35,5
528,"Miami-Fort Lauderdale, FL",25.3688,-80.2535,36,1
528,"Miami-Fort Lauderdale, FL",25.3826,-80.2536,36,2
528,"Miami-Fort Lauderdale, FL",25.3868,-80.2421,36,3
528,"Miami-Fort Lauderdale, FL",25.3825,-80.2413,36,4
528,"Miami-Fort Lauderdale, FL",25.3688,-80.2535,36,5
528,"Miami-Fort Lauderdale, FL",25.35,-80.2393,37,1
528,"Miami-Fort Lauderdale, FL",25.3646,-80.2581,37,2
528,"Miami-Fort Lauderdale, FL",25.3871,-80.2313,37,3
528,"Miami-Fort Lauderdale, FL",25.3828,-80.2291,37,4
528,"Miami-Fort Lauderdale, FL",25.35,-80.2393,37,5
528,"Miami-Fort Lauderdale, FL",25.3202,-81.1112,38,1
528,"Miami-Fort Lauderdale, FL",25.3306,-81.1197,38,2
528,"Miami-Fort Lauderdale, FL",25.3325,-81.1272,38,3
528,"Miami-Fort Lauderdale, FL",25.3248,-81.1523,38,4
528,"Miami-Fort Lauderdale, FL",25.343,-81.136,38,5
528,"Miami-Fort Lauderdale, FL",25.3274,-81.1002,38,6
528,"Miami-Fort Lauderdale, FL",25.3202,-81.1112,38,7
528,"Miami-Fort Lauderdale, FL",25.2162,-80.9983,39,1
528,"Miami-Fort Lauderdale, FL",25.2292,-81.0054,39,2
528,"Miami-Fort Lauderdale, FL",25.239,-81.0464,39,3
528,"Miami-Fort Lauderdale, FL",25.2827,-80.9959,39,4
528,"Miami-Fort Lauderdale, FL",25.2162,-80.9983,39,5
528,"Miami-Fort Lauderdale, FL",25.2434,-81.0473,40,1
528,"Miami-Fort Lauderdale, FL",25.2576,-81.07,40,2
528,"Miami-Fort Lauderdale, FL",25.2699,-81.0313,40,3
528,"Miami-Fort Lauderdale, FL",25.2528,-81.0349,40,4
528,"Miami-Fort Lauderdale, FL",25.2434,-81.0473,40,5
528,"Miami-Fort Lauderdale, FL",24.9393,-80.61,41,1
528,"Miami-Fort Lauderdale, FL",24.9526,-80.6124,41,2
528,"Miami-Fort Lauderdale, FL",24.96,-80.593,41,3
528,"Miami-Fort Lauderdale, FL",24.9493,-80.5896,41,4
528,"Miami-Fort Lauderdale, FL",24.9393,-80.61,41,5
528,"Miami-Fort Lauderdale, FL",24.8979,-80.659,42,1
528,"Miami-Fort Lauderdale, FL",24.9453,-80.623,42,2
528,"Miami-Fort Lauderdale, FL",24.9384,-80.6107,42,3
528,"Miami-Fort Lauderdale, FL",24.9143,-80.6336,42,4
528,"Miami-Fort Lauderdale, FL",24.8979,-80.659,42,5
528,"Miami-Fort Lauderdale, FL",24.8924,-80.659,43,1
528,"Miami-Fort Lauderdale, FL",24.8959,-80.6615,43,2
528,"Miami-Fort Lauderdale, FL",24.895,-80.6661,43,3
528,"Miami-Fort Lauderdale, FL",24.898,-80.6603,43,4
528,"Miami-Fort Lauderdale, FL",24.8924,-80.659,43,5
528,"Miami-Fort Lauderdale, FL",24.8879,-80.6789,44,1
528,"Miami-Fort Lauderdale, FL",24.8883,-80.6793,44,2
528,"Miami-Fort Lauderdale, FL",24.8939,-80.6671,44,3
528,"Miami-Fort Lauderdale, FL",24.8912,-80.6722,44,4
528,"Miami-Fort Lauderdale, FL",24.8879,-80.6789,44,5
528,"Miami-Fort Lauderdale, FL",24.8447,-80.7482,45,1
528,"Miami-Fort Lauderdale, FL",24.8663,-80.73,45,2
528,"Miami-Fort Lauderdale, FL",24.8852,-80.6908,45,3
528,"Miami-Fort Lauderdale, FL",24.868,-80.7033,45,4
528,"Miami-Fort Lauderdale, FL",24.8447,-80.7482,45,5
528,"Miami-Fort Lauderdale, FL",24.8029,-80.8503,46,1
528,"Miami-Fort Lauderdale, FL",24.8439,-80.7933,46,2
528,"Miami-Fort Lauderdale, FL",24.8397,-80.7799,46,3
528,"Miami-Fort Lauderdale, FL",24.8125,-80.7938,46,4
528,"Miami-Fort Lauderdale, FL",24.8029,-80.8503,46,5
528,"Miami-Fort Lauderdale, FL",24.8359,-80.7628,47,1
528,"Miami-Fort Lauderdale, FL",24.8367,-80.7669,47,2
528,"Miami-Fort Lauderdale, FL",24.8421,-80.7524,47,3
528,"Miami-Fort Lauderdale, FL",24.8418,-80.7524,47,4
528,"Miami-Fort Lauderdale, FL",24.8359,-80.7628,47,5
528,"Miami-Fort Lauderdale, FL",24.7837,-80.9058,48,1
528,"Miami-Fort Lauderdale, FL",24.7914,-80.8913,48,2
528,"Miami-Fort Lauderdale, FL",24.7912,-80.8842,48,3
528,"Miami-Fort Lauderdale, FL",24.7838,-80.8961,48,4
528,"Miami-Fort Lauderdale, FL",24.7837,-80.9058,48,5
528,"Miami-Fort Lauderdale, FL",24.7655,-80.911,49,1
528,"Miami-Fort Lauderdale, FL",24.7655,-80.9237,49,2
528,"Miami-Fort Lauderdale, FL",24.7791,-80.9151,49,3
528,"Miami-Fort Lauderdale, FL",24.7707,-80.9061,49,4
528,"Miami-Fort Lauderdale, FL",24.7655,-80.911,49,5
528,"Miami-Fort Lauderdale, FL",24.7414,-80.9781,50,1
528,"Miami-Fort Lauderdale, FL",24.7565,-80.9769,50,2
528,"Miami-Fort Lauderdale, FL",24.7771,-80.9235,50,3
528,"Miami-Fort Lauderdale, FL",24.7486,-80.9761,50,4
528,"Miami-Fort Lauderdale, FL",24.7414,-80.9781,50,5
528,"Miami-Fort Lauderdale, FL",24.7385,-80.9919,51,1
528,"Miami-Fort Lauderdale, FL",24.7525,-80.9858,51,2
528,"Miami-Fort Lauderdale, FL",24.7598,-80.9862,51,3
528,"Miami-Fort Lauderdale, FL",24.7463,-80.9828,51,4
528,"Miami-Fort Lauderdale, FL",24.7385,-80.9919,51,5
528,"Miami-Fort Lauderdale, FL",24.7267,-81.0255,52,1
528,"Miami-Fort Lauderdale, FL",24.7312,-81.0288,52,2
528,"Miami-Fort Lauderdale, FL",24.7487,-80.9944,52,3
528,"Miami-Fort Lauderdale, FL",24.7346,-80.994,52,4
528,"Miami-Fort Lauderdale, FL",24.7343,-81.0127,52,5
528,"Miami-Fort Lauderdale, FL",24.7267,-81.0255,52,6
528,"Miami-Fort Lauderdale, FL",24.6884,-81.4252,53,1
528,"Miami-Fort Lauderdale, FL",24.7225,-81.4545,53,2
528,"Miami-Fort Lauderdale, FL",24.7466,-81.4518,53,3
528,"Miami-Fort Lauderdale, FL",24.7017,-81.4189,53,4
528,"Miami-Fort Lauderdale, FL",24.6884,-81.4252,53,5
528,"Miami-Fort Lauderdale, FL",24.6306,-81.3623,54,1
528,"Miami-Fort Lauderdale, FL",24.6345,-81.3675,54,2
528,"Miami-Fort Lauderdale, FL",24.6378,-81.348,54,3
528,"Miami-Fort Lauderdale, FL",24.6446,-81.356,54,4
528,"Miami-Fort Lauderdale, FL",24.6423,-81.338,54,5
528,"Miami-Fort Lauderdale, FL",24.6535,-81.3369,54,6
528,"Miami-Fort Lauderdale, FL",24.6519,-81.3747,54,7
528,"Miami-Fort Lauderdale, FL",24.7444,-81.3947,54,8
528,"Miami-Fort Lauderdale, FL",24.6451,-81.3281,54,9
528,"Miami-Fort Lauderdale, FL",24.6306,-81.3623,54,10
528,"Miami-Fort Lauderdale, FL",24.6894,-81.0774,55,1
528,"Miami-Fort Lauderdale, FL",24.7031,-81.0921,55,2
528,"Miami-Fort Lauderdale, FL",24.7126,-81.0827,55,3
528,"Miami-Fort Lauderdale, FL",24.7032,-81.1091,55,4
528,"Miami-Fort Lauderdale, FL",24.707,-81.1253,55,5
528,"Miami-Fort Lauderdale, FL",24.736,-81.0273,55,6
528,"Miami-Fort Lauderdale, FL",24.6894,-81.0774,55,7
528,"Miami-Fort Lauderdale, FL",24.7232,-81.0111,56,1
528,"Miami-Fort Lauderdale, FL",24.73,-81.0146,56,2
528,"Miami-Fort Lauderdale, FL",24.7336,-80.9931,56,3
528,"Miami-Fort Lauderdale, FL",24.7232,-81.0111,56,4
528,"Miami-Fort Lauderdale, FL",24.7163,-81.0239,57,1
528,"Miami-Fort Lauderdale, FL",24.7267,-81.028,57,2
528,"Miami-Fort Lauderdale, FL",24.7217,-81.0119,57,3
528,"Miami-Fort Lauderdale, FL",24.7163,-81.0239,57,4
528,"Miami-Fort Lauderdale, FL",24.674,-81.3158,58,1
528,"Miami-Fort Lauderdale, FL",24.6913,-81.322,58,2
528,"Miami-Fort Lauderdale, FL",24.7056,-81.3431,58,3
528,"Miami-Fort Lauderdale, FL",24.7016,-81.3194,58,4
528,"Miami-Fort Lauderdale, FL",24.674,-81.3158,58,5
528,"Miami-Fort Lauderdale, FL",24.657,-81.3974,59,1
528,"Miami-Fort Lauderdale, FL",24.6801,-81.4195,59,2
528,"Miami-Fort Lauderdale, FL",24.6831,-81.4122,59,3
528,"Miami-Fort Lauderdale, FL",24.7045,-81.4198,59,4
528,"Miami-Fort Lauderdale, FL",24.657,-81.3974,59,5
528,"Miami-Fort Lauderdale, FL",24.6888,-81.1076,60,1
528,"Miami-Fort Lauderdale, FL",24.7001,-81.1156,60,2
528,"Miami-Fort Lauderdale, FL",24.6963,-81.0874,60,3
528,"Miami-Fort Lauderdale, FL",24.6894,-81.0958,60,4
528,"Miami-Fort Lauderdale, FL",24.6888,-81.1076,60,5
528,"Miami-Fort Lauderdale, FL",24.6448,-81.4801,61,1
528,"Miami-Fort Lauderdale, FL",24.6707,-81.521,61,2
528,"Miami-Fort Lauderdale, FL",24.7015,-81.5085,61,3
528,"Miami-Fort Lauderdale, FL",24.6624,-81.4677,61,4
528,"Miami-Fort Lauderdale, FL",24.6448,-81.4801,61,5
528,"Miami-Fort Lauderdale, FL",24.6032,-81.5705,62,1
528,"Miami-Fort Lauderdale, FL",24.6292,-81.5504,62,2
528,"Miami-Fort Lauderdale, FL",24.6509,-81.5842,62,3
528,"Miami-Fort Lauderdale, FL",24.6717,-81.5801,62,4
528,"Miami-Fort Lauderdale, FL",24.6463,-81.5677,62,5
528,"Miami-Fort Lauderdale, FL",24.6278,-81.516,62,6
528,"Miami-Fort Lauderdale, FL",24.6932,-81.5566,62,7
528,"Miami-Fort Lauderdale, FL",24.6426,-81.5079,62,8
528,"Miami-Fort Lauderdale, FL",24.6192,-81.5187,62,9
528,"Miami-Fort Lauderdale, FL",24.6032,-81.5705,62,10
528,"Miami-Fort Lauderdale, FL",24.65,-81.3889,63,1
528,"Miami-Fort Lauderdale, FL",24.6549,-81.3954,63,2
528,"Miami-Fort Lauderdale, FL",24.6901,-81.3995,63,3
528,"Miami-Fort Lauderdale, FL",24.6738,-81.3867,63,4
528,"Miami-Fort Lauderdale, FL",24.65,-81.3889,63,5
528,"Miami-Fort Lauderdale, FL",24.6425,-81.4443,64,1
528,"Miami-Fort Lauderdale, FL",24.6708,-81.4646,64,2
528,"Miami-Fort Lauderdale, FL",24.6863,-81.4438,64,3
528,"Miami-Fort Lauderdale, FL",24.6519,-81.4356,64,4
528,"Miami-Fort Lauderdale, FL",24.6425,-81.4443,64,5
528,"Miami-Fort Lauderdale, FL",24.6539,-81.2809,65,1
528,"Miami-Fort Lauderdale, FL",24.6757,-81.2597,65,2
528,"Miami-Fort Lauderdale, FL",24.6733,-81.2526,65,3
528,"Miami-Fort Lauderdale, FL",24.6648,-81.2541,65,4
528,"Miami-Fort Lauderdale, FL",24.6539,-81.2809,65,5
528,"Miami-Fort Lauderdale, FL",24.6427,-81.4065,66,1
528,"Miami-Fort Lauderdale, FL",24.6466,-81.4244,66,2
528,"Miami-Fort Lauderdale, FL",24.6704,-81.4174,66,3
528,"Miami-Fort Lauderdale, FL",24.6634,-81.4036,66,4
528,"Miami-Fort Lauderdale, FL",24.6427,-81.4065,66,5
528,"Miami-Fort Lauderdale, FL",24.6472,-81.3133,67,1
528,"Miami-Fort Lauderdale, FL",24.6486,-81.3197,67,2
528,"Miami-Fort Lauderdale, FL",24.6554,-81.2969,67,3
528,"Miami-Fort Lauderdale, FL",24.6472,-81.3133,67,4
528,"Miami-Fort Lauderdale, FL",24.6168,-81.5941,68,1
528,"Miami-Fort Lauderdale, FL",24.6322,-81.6266,68,2
528,"Miami-Fort Lauderdale, FL",24.6566,-81.5852,68,3
528,"Miami-Fort Lauderdale, FL",24.6438,-81.5932,68,4
528,"Miami-Fort Lauderdale, FL",24.6168,-81.5941,68,5
528,"Miami-Fort Lauderdale, FL",24.6505,-81.5518,69,1
528,"Miami-Fort Lauderdale, FL",24.6507,-81.5556,69,2
528,"Miami-Fort Lauderdale, FL",24.6537,-81.5417,69,3
528,"Miami-Fort Lauderdale, FL",24.6505,-81.5518,69,4
528,"Miami-Fort Lauderdale, FL",24.6328,-81.5763,70,1
528,"Miami-Fort Lauderdale, FL",24.6337,-81.5855,70,2
528,"Miami-Fort Lauderdale, FL",24.6421,-81.5788,70,3
528,"Miami-Fort Lauderdale, FL",24.6408,-81.5742,70,4
528,"Miami-Fort Lauderdale, FL",24.6328,-81.5763,70,5
528,"Miami-Fort Lauderdale, FL",24.5854,-81.6131,71,1
528,"Miami-Fort Lauderdale, FL",24.5971,-81.5905,71,2
528,"Miami-Fort Lauderdale, FL",24.6153,-81.5886,71,3
528,"Miami-Fort Lauderdale, FL",24.6025,-81.5705,71,4
528,"Miami-Fort Lauderdale, FL",24.5854,-81.6131,71,5
528,"Miami-Fort Lauderdale, FL",24.5562,-81.7116,72,1
528,"Miami-Fort Lauderdale, FL",24.604,-81.7034,72,2
528,"Miami-Fort Lauderdale, FL",24.6147,-81.6517,72,3
528,"Miami-Fort Lauderdale, FL",24.5831,-81.6458,72,4
528,"Miami-Fort Lauderdale, FL",24.5562,-81.7116,72,5
528,"Miami-Fort Lauderdale, FL",24.5809,-81.624,73,1
528,"Miami-Fort Lauderdale, FL",24.5917,-81.6334,73,2
528,"Miami-Fort Lauderdale, FL",24.6023,-81.6143,73,3
528,"Miami-Fort Lauderdale, FL",24.5986,-81.6016,73,4
528,"Miami-Fort Lauderdale, FL",24.5809,-81.624,73,5
528,"Miami-Fort Lauderdale, FL",24.5674,-81.7951,74,1
528,"Miami-Fort Lauderdale, FL",24.5713,-81.8004,74,2
528,"Miami-Fort Lauderdale, FL",24.5947,-81.7964,74,3
528,"Miami-Fort Lauderdale, FL",24.586,-81.794,74,4
528,"Miami-Fort Lauderdale, FL",24.5674,-81.7951,74,5
528,"Miami-Fort Lauderdale, FL",24.5574,-81.7327,75,1
528,"Miami-Fort Lauderdale, FL",24.558,-81.7444,75,2
528,"Miami-Fort Lauderdale, FL",24.5896,-81.7481,75,3
528,"Miami-Fort Lauderdale, FL",24.5773,-81.7208,75,4
528,"Miami-Fort Lauderdale, FL",24.5574,-81.7327,75,5
528,"Miami-Fort Lauderdale, FL",24.5442,-81.8064,76,1
528,"Miami-Fort Lauderdale, FL",24.5851,-81.7734,76,2
528,"Miami-Fort Lauderdale, FL",24.5726,-81.7508,76,3
528,"Miami-Fort Lauderdale, FL",24.5523,-81.7521,76,4
528,"Miami-Fort Lauderdale, FL",24.5442,-81.8064,76,5
529,"Louisville, KY",37.3953,-86.612,1,1
529,"Louisville, KY",37.5497,-86.6689,1,2
529,"Louisville, KY",37.5519,-86.5766,1,3
529,"Louisville, KY",37.7928,-86.678,1,4
529,"Louisville, KY",38.0786,-86.4301,1,5
529,"Louisville, KY",38.2068,-86.4604,1,6
529,"Louisville, KY",38.2631,-86.6795,1,7
529,"Louisville, KY",38.6866,-86.6831,1,8
529,"Louisville, KY",38.688,-86.3085,1,9
529,"Louisville, KY",39.0488,-86.3181,1,10
529,"Louisville, KY",39.0408,-85.8611,1,11
529,"Louisville, KY",39.1289,-85.7998,1,12
529,"Louisville, KY",39.1956,-85.4401,1,13
529,"Louisville, KY",38.913,-85.4449,1,14
529,"Louisville, KY",38.9138,-85.2032,1,15
529,"Louisville, KY",38.6913,-85.2015,1,16
529,"Louisville, KY",38.7618,-85.0242,1,17
529,"Louisville, KY",38.6517,-84.9365,1,18
529,"Louisville, KY",38.5782,-85.0758,1,19
529,"Louisville, KY",38.3657,-84.867,1,20
529,"Louisville, KY",38.3356,-84.9975,1,21
529,"Louisville, KY",38.0723,-85.0479,1,22
529,"Louisville, KY",37.9977,-85.1695,1,23
529,"Louisville, KY",37.8908,-85.1471,1,24
529,"Louisville, KY",37.8549,-85.0007,1,25
529,"Louisville, KY",37.4121,-85.0448,1,26
529,"Louisville, KY",37.1093,-85.5268,1,27
529,"Louisville, KY",37.1821,-85.6867,1,28
529,"Louisville, KY",37.4221,-85.6573,1,29
529,"Louisville, KY",37.4499,-86.0475,1,30
529,"Louisville, KY",37.3948,-86.0188,1,31
529,"Louisville, KY",37.33,-86.0958,1,32
529,"Louisville, KY",37.321,-86.4689,1,33
529,"Louisville, KY",37.3953,-86.612,1,34
530,"Tallahassee, FL-Thomasville, GA",29.6883,-83.4732,1,1
530,"Tallahassee, FL-Thomasville, GA",29.9233,-83.6818,1,2
530,"Tallahassee, FL-Thomasville, GA",30.1056,-83.9999,1,3
530,"Tallahassee, FL-Thomasville, GA",30.0746,-84.3397,1,4
530,"Tallahassee, FL-Thomasville, GA",29.9975,-84.393,1,5
530,"Tallahassee, FL-Thomasville, GA",29.9691,-84.3487,1,6
530,"Tallahassee, FL-Thomasville, GA",30.0657,-84.6313,1,7
530,"Tallahassee, FL-Thomasville, GA",30.2657,-84.7378,1,8
530,"Tallahassee, FL-Thomasville, GA",30.3883,-84.6469,1,9
530,"Tallahassee, FL-Thomasville, GA",30.6064,-84.9325,1,10
530,"Tallahassee, FL-Thomasville, GA",30.8371,-84.7689,1,11
530,"Tallahassee, FL-Thomasville, GA",31.0692,-84.7309,1,12
530,"Tallahassee, FL-Thomasville, GA",31.0726,-84.9224,1,13
530,"Tallahassee, FL-Thomasville, GA",31.2557,-84.9174,1,14
530,"Tallahassee, FL-Thomasville, GA",31.2559,-84.5371,1,15
530,"Tallahassee, FL-Thomasville, GA",31.079,-84.5426,1,16
530,"Tallahassee, FL-Thomasville, GA",31.026,-83.7961,1,17
530,"Tallahassee, FL-Thomasville, GA",31.0788,-83.5746,1,18
530,"Tallahassee, FL-Thomasville, GA",31.0254,-83.1977,1,19
530,"Tallahassee, FL-Thomasville, GA",31.1472,-83.1651,1,20
530,"Tallahassee, FL-Thomasville, GA",31.1841,-83.0499,1,21
530,"Tallahassee, FL-Thomasville, GA",31.1838,-82.6717,1,22
530,"Tallahassee, FL-Thomasville, GA",30.9632,-82.4906,1,23
530,"Tallahassee, FL-Thomasville, GA",30.5817,-82.4189,1,24
530,"Tallahassee, FL-Thomasville, GA",30.5647,-82.7244,1,25
530,"Tallahassee, FL-Thomasville, GA",30.3953,-82.647,1,26
530,"Tallahassee, FL-Thomasville, GA",30.3369,-82.7946,1,27
530,"Tallahassee, FL-Thomasville, GA",29.9755,-82.759,1,28
530,"Tallahassee, FL-Thomasville, GA",29.8275,-82.8929,1,29
530,"Tallahassee, FL-Thomasville, GA",29.8226,-83.3189,1,30
530,"Tallahassee, FL-Thomasville, GA",29.6686,-83.363,1,31
530,"Tallahassee, FL-Thomasville, GA",29.6883,-83.4732,1,32
531,"Tri-Cities, TN-VA",36.9524,-81.3794,1,1
531,"Tri-Cities, TN-VA",36.7631,-81.2616,1,2
531,"Tri-Cities, TN-VA",36.7022,-81.5433,1,3
531,"Tri-Cities, TN-VA",36.5881,-81.6775,1,4
531,"Tri-Cities, TN-VA",36.3352,-81.7074,1,5
531,"Tri-Cities, TN-VA",36.3372,-81.8551,1,6
531,"Tri-Cities, TN-VA",36.103,-82.0804,1,7
531,"Tri-Cities, TN-VA",36.1591,-82.2138,1,8
531,"Tri-Cities, TN-VA",36.1156,-82.3552,1,9
531,"Tri-Cities, TN-VA",35.9539,-82.5579,1,10
531,"Tri-Cities, TN-VA",36.0658,-82.6357,1,11
531,"Tri-Cities, TN-VA",35.9272,-82.805,1,12
531,"Tri-Cities, TN-VA",35.9451,-82.8985,1,13
531,"Tri-Cities, TN-VA",36.1563,-83.1721,1,14
531,"Tri-Cities, TN-VA",36.2448,-83.0817,1,15
531,"Tri-Cities, TN-VA",36.3423,-83.1543,1,16
531,"Tri-Cities, TN-VA",36.3187,-83.2734,1,17
531,"Tri-Cities, TN-VA",36.3947,-83.2806,1,18
531,"Tri-Cities, TN-VA",36.5116,-83.1254,1,19
531,"Tri-Cities, TN-VA",36.5938,-82.8304,1,20
531,"Tri-Cities, TN-VA",36.6008,-83.6754,1,21
531,"Tri-Cities, TN-VA",36.7427,-83.1355,1,22
531,"Tri-Cities, TN-VA",36.8544,-83.0727,1,23
531,"Tri-Cities, TN-VA",36.8896,-82.8786,1,24
531,"Tri-Cities, TN-VA",36.9544,-82.8558,1,25
531,"Tri-Cities, TN-VA",37.0155,-82.9391,1,26
531,"Tri-Cities, TN-VA",36.9567,-83.1537,1,27
531,"Tri-Cities, TN-VA",37.0188,-83.0542,1,28
531,"Tri-Cities, TN-VA",37.1695,-83.0486,1,29
531,"Tri-Cities, TN-VA",37.2688,-82.8193,1,30
531,"Tri-Cities, TN-VA",37.1961,-82.5653,1,31
531,"Tri-Cities, TN-VA",37.2652,-82.3553,1,32
531,"Tri-Cities, TN-VA",37.5378,-81.9683,1,33
531,"Tri-Cities, TN-VA",37.3605,-81.9285,1,34
531,"Tri-Cities, TN-VA",37.2541,-81.741,1,35
531,"Tri-Cities, TN-VA",37.1406,-81.9017,1,36
531,"Tri-Cities, TN-VA",36.9586,-81.7805,1,37
531,"Tri-Cities, TN-VA",37.0184,-81.474,1,38
531,"Tri-Cities, TN-VA",36.9524,-81.3794,1,39
531,"Tri-Cities, TN-VA",36.9384,-83.509,2,1
531,"Tri-Cities, TN-VA",37.1676,-83.5515,2,2
531,"Tri-Cities, TN-VA",37.3207,-83.3983,2,3
531,"Tri-Cities, TN-VA",37.1757,-83.2035,2,4
531,"Tri-Cities, TN-VA",37.0673,-83.1656,2,5
531,"Tri-Cities, TN-VA",36.8904,-83.4091,2,6
531,"Tri-Cities, TN-VA",36.9384,-83.509,2,7
532,"Albany-Schenectady-Troy, NY",42.7393,-72.9303,1,1
532,"Albany-Schenectady-Troy, NY",42.7411,-73.0229,1,2
532,"Albany-Schenectady-Troy, NY",42.6408,-72.9509,1,3
532,"Albany-Schenectady-Troy, NY",42.3798,-73.0117,1,4
532,"Albany-Schenectady-Troy, NY",42.3807,-73.0686,1,5
532,"Albany-Schenectady-Troy, NY",42.3124,-73.0004,1,6
532,"Albany-Schenectady-Troy, NY",42.0399,-73.0533,1,7
532,"Albany-Schenectady-Troy, NY",42.05,-73.5214,1,8
532,"Albany-Schenectady-Troy, NY",41.978,-73.5271,1,9
532,"Albany-Schenectady-Troy, NY",42.0788,-73.9296,1,10
532,"Albany-Schenectady-Troy, NY",42.177,-74.0024,1,11
532,"Albany-Schenectady-Troy, NY",42.0966,-74.0748,1,12
532,"Albany-Schenectady-Troy, NY",42.2014,-74.5373,1,13
532,"Albany-Schenectady-Troy, NY",42.3491,-74.4282,1,14
532,"Albany-Schenectady-Troy, NY",42.5178,-74.7116,1,15
532,"Albany-Schenectady-Troy, NY",42.6268,-74.6307,1,16
532,"Albany-Schenectady-Troy, NY",42.8296,-74.6483,1,17
532,"Albany-Schenectady-Troy, NY",42.8632,-74.7633,1,18
532,"Albany-Schenectady-Troy, NY",43.2861,-74.7126,1,19
532,"Albany-Schenectady-Troy, NY",43.3398,-74.8677,1,20
532,"Albany-Schenectady-Troy, NY",43.4867,-74.7756,1,21
532,"Albany-Schenectady-Troy, NY",44.0701,-74.8542,1,22
532,"Albany-Schenectady-Troy, NY",44.1206,-74.2819,1,23
532,"Albany-Schenectady-Troy, NY",43.9698,-74.256,1,24
532,"Albany-Schenectady-Troy, NY",43.9252,-74.3368,1,25
532,"Albany-Schenectady-Troy, NY",43.8108,-74.2137,1,26
532,"Albany-Schenectady-Troy, NY",43.7963,-74.0471,1,27
532,"Albany-Schenectady-Troy, NY",43.7445,-74.057,1,28
532,"Albany-Schenectady-Troy, NY",43.8084,-73.3793,1,29
532,"Albany-Schenectady-Troy, NY",43.587,-73.4309,1,30
532,"Albany-Schenectady-Troy, NY",43.6277,-73.3052,1,31
532,"Albany-Schenectady-Troy, NY",43.5539,-73.2486,1,32
532,"Albany-Schenectady-Troy, NY",43.3147,-73.2546,1,33
532,"Albany-Schenectady-Troy, NY",43.2994,-72.82,1,34
532,"Albany-Schenectady-Troy, NY",43.1119,-72.8682,1,35
532,"Albany-Schenectady-Troy, NY",43.1192,-72.9942,1,36
532,"Albany-Schenectady-Troy, NY",42.7393,-72.9303,1,37
533,"Hartford & New Haven, CT",41.2775,-72.3124,1,1
533,"Hartford & New Haven, CT",41.2419,-72.8935,1,2
533,"Hartford & New Haven, CT",41.2987,-72.91,1,3
533,"Hartford & New Haven, CT",41.1757,-73.1199,1,4
533,"Hartford & New Haven, CT",41.3009,-73.0678,1,5
533,"Hartford & New Haven, CT",41.4713,-73.3004,1,6
533,"Hartford & New Haven, CT",41.4913,-73.4415,1,7
533,"Hartford & New Haven, CT",41.6668,-73.5181,1,8
533,"Hartford & New Haven, CT",42.0496,-73.4873,1,9
533,"Hartford & New Haven, CT",42.0236,-71.8007,1,10
533,"Hartford & New Haven, CT",41.3422,-71.8286,1,11
533,"Hartford & New Haven, CT",41.3466,-72.0379,1,12
533,"Hartford & New Haven, CT",41.2775,-72.3124,1,13
533,"Hartford & New Haven, CT",41.3209,-71.9629,2,1
533,"Hartford & New Haven, CT",41.3214,-71.9641,2,2
533,"Hartford & New Haven, CT",41.3242,-71.9639,2,3
533,"Hartford & New Haven, CT",41.3238,-71.9624,2,4
533,"Hartford & New Haven, CT",41.3209,-71.9629,2,5
534,"Orlando-Daytona Beach-Melbourne, FL",28.6509,-80.8067,1,1
534,"Orlando-Daytona Beach-Melbourne, FL",28.702,-80.7275,1,2
534,"Orlando-Daytona Beach-Melbourne, FL",28.7285,-80.7602,1,3
534,"Orlando-Daytona Beach-Melbourne, FL",28.7428,-80.7478,1,4
534,"Orlando-Daytona Beach-Melbourne, FL",28.6706,-80.6856,1,5
534,"Orlando-Daytona Beach-Melbourne, FL",28.6564,-80.6353,1,6
534,"Orlando-Daytona Beach-Melbourne, FL",28.9897,-80.8951,1,7
534,"Orlando-Daytona Beach-Melbourne, FL",28.9997,-80.8824,1,8
534,"Orlando-Daytona Beach-Melbourne, FL",29.0731,-80.9183,1,9
534,"Orlando-Daytona Beach-Melbourne, FL",28.592,-80.5792,1,10
534,"Orlando-Daytona Beach-Melbourne, FL",28.4589,-80.5249,1,11
534,"Orlando-Daytona Beach-Melbourne, FL",28.4114,-80.5838,1,12
534,"Orlando-Daytona Beach-Melbourne, FL",28.4099,-80.6407,1,13
534,"Orlando-Daytona Beach-Melbourne, FL",28.4197,-80.6042,1,14
534,"Orlando-Daytona Beach-Melbourne, FL",28.5765,-80.5966,1,15
534,"Orlando-Daytona Beach-Melbourne, FL",28.4066,-80.7191,1,16
534,"Orlando-Daytona Beach-Melbourne, FL",28.6048,-80.7265,1,17
534,"Orlando-Daytona Beach-Melbourne, FL",28.65,-80.8199,1,18
534,"Orlando-Daytona Beach-Melbourne, FL",28.3962,-80.7446,1,19
534,"Orlando-Daytona Beach-Melbourne, FL",27.8534,-80.4902,1,20
534,"Orlando-Daytona Beach-Melbourne, FL",27.8226,-80.8816,1,21
534,"Orlando-Daytona Beach-Melbourne, FL",27.6416,-80.8729,1,22
534,"Orlando-Daytona Beach-Melbourne, FL",27.6432,-81.1422,1,23
534,"Orlando-Daytona Beach-Melbourne, FL",27.8208,-81.2078,1,24
534,"Orlando-Daytona Beach-Melbourne, FL",28.0401,-81.4592,1,25
534,"Orlando-Daytona Beach-Melbourne, FL",28.0117,-81.3785,1,26
534,"Orlando-Daytona Beach-Melbourne, FL",28.0847,-81.3463,1,27
534,"Orlando-Daytona Beach-Melbourne, FL",28.1428,-81.5242,1,28
534,"Orlando-Daytona Beach-Melbourne, FL",28.2594,-81.5574,1,29
534,"Orlando-Daytona Beach-Melbourne, FL",28.2593,-81.6571,1,30
534,"Orlando-Daytona Beach-Melbourne, FL",28.3471,-81.6572,1,31
534,"Orlando-Daytona Beach-Melbourne, FL",28.3119,-82.056,1,32
534,"Orlando-Daytona Beach-Melbourne, FL",28.5218,-82.0543,1,33
534,"Orlando-Daytona Beach-Melbourne, FL",28.654,-82.2746,1,34
534,"Orlando-Daytona Beach-Melbourne, FL",28.8218,-82.1826,1,35
534,"Orlando-Daytona Beach-Melbourne, FL",28.9731,-82.3158,1,36
534,"Orlando-Daytona Beach-Melbourne, FL",29.0414,-82.5343,1,37
534,"Orlando-Daytona Beach-Melbourne, FL",29.2147,-82.536,1,38
534,"Orlando-Daytona Beach-Melbourne, FL",29.2156,-82.4032,1,39
534,"Orlando-Daytona Beach-Melbourne, FL",29.485,-82.4066,1,40
534,"Orlando-Daytona Beach-Melbourne, FL",29.4187,-82.0999,1,41
534,"Orlando-Daytona Beach-Melbourne, FL",29.521,-81.843,1,42
534,"Orlando-Daytona Beach-Melbourne, FL",29.3244,-81.6809,1,43
534,"Orlando-Daytona Beach-Melbourne, FL",29.3855,-81.4402,1,44
534,"Orlando-Daytona Beach-Melbourne, FL",29.6225,-81.5236,1,45
534,"Orlando-Daytona Beach-Melbourne, FL",29.6708,-81.213,1,46
534,"Orlando-Daytona Beach-Melbourne, FL",29.0784,-80.9196,1,47
534,"Orlando-Daytona Beach-Melbourne, FL",29.0945,-80.9474,1,48
534,"Orlando-Daytona Beach-Melbourne, FL",29.2317,-81.0216,1,49
534,"Orlando-Daytona Beach-Melbourne, FL",29.2338,-81.0194,1,50
534,"Orlando-Daytona Beach-Melbourne, FL",29.3035,-81.0565,1,51
534,"Orlando-Daytona Beach-Melbourne, FL",29.3882,-81.0898,1,52
534,"Orlando-Daytona Beach-Melbourne, FL",29.4058,-81.0983,1,53
534,"Orlando-Daytona Beach-Melbourne, FL",29.4085,-81.1013,1,54
534,"Orlando-Daytona Beach-Melbourne, FL",29.0836,-80.9679,1,55
534,"Orlando-Daytona Beach-Melbourne, FL",28.7444,-80.7486,1,56
534,"Orlando-Daytona Beach-Melbourne, FL",28.7987,-80.8498,1,57
534,"Orlando-Daytona Beach-Melbourne, FL",28.6509,-80.8067,1,58
534,"Orlando-Daytona Beach-Melbourne, FL",29.1436,-80.9791,2,1
534,"Orlando-Daytona Beach-Melbourne, FL",29.1448,-80.983,2,2
534,"Orlando-Daytona Beach-Melbourne, FL",29.1482,-80.9772,2,3
534,"Orlando-Daytona Beach-Melbourne, FL",29.1476,-80.9765,2,4
534,"Orlando-Daytona Beach-Melbourne, FL",29.1436,-80.9791,2,5
534,"Orlando-Daytona Beach-Melbourne, FL",29.01,-80.9085,3,1
534,"Orlando-Daytona Beach-Melbourne, FL",29.0267,-80.9157,3,2
534,"Orlando-Daytona Beach-Melbourne, FL",29.033,-80.9054,3,3
534,"Orlando-Daytona Beach-Melbourne, FL",29.0253,-80.9071,3,4
534,"Orlando-Daytona Beach-Melbourne, FL",29.0241,-80.9065,3,5
534,"Orlando-Daytona Beach-Melbourne, FL",29.0227,-80.9005,3,6
534,"Orlando-Daytona Beach-Melbourne, FL",29.0228,-80.9051,3,7
534,"Orlando-Daytona Beach-Melbourne, FL",29.0132,-80.9094,3,8
534,"Orlando-Daytona Beach-Melbourne, FL",29.0159,-80.911,3,9
534,"Orlando-Daytona Beach-Melbourne, FL",29.01,-80.9085,3,10
534,"Orlando-Daytona Beach-Melbourne, FL",29.0126,-80.9132,4,1
534,"Orlando-Daytona Beach-Melbourne, FL",29.0133,-80.9148,4,2
534,"Orlando-Daytona Beach-Melbourne, FL",29.0176,-80.9165,4,3
534,"Orlando-Daytona Beach-Melbourne, FL",29.0163,-80.915,4,4
534,"Orlando-Daytona Beach-Melbourne, FL",29.0126,-80.9132,4,5
534,"Orlando-Daytona Beach-Melbourne, FL",27.8554,-80.4566,5,1
534,"Orlando-Daytona Beach-Melbourne, FL",28.1683,-80.6126,5,2
534,"Orlando-Daytona Beach-Melbourne, FL",28.3856,-80.6091,5,3
534,"Orlando-Daytona Beach-Melbourne, FL",28.409,-80.6404,5,4
534,"Orlando-Daytona Beach-Melbourne, FL",28.408,-80.5883,5,5
534,"Orlando-Daytona Beach-Melbourne, FL",28.1647,-80.5868,5,6
534,"Orlando-Daytona Beach-Melbourne, FL",27.8554,-80.4566,5,7
534,"Orlando-Daytona Beach-Melbourne, FL",28.1617,-80.6141,6,1
534,"Orlando-Daytona Beach-Melbourne, FL",28.1425,-80.6041,6,2
534,"Orlando-Daytona Beach-Melbourne, FL",28.2662,-80.6713,6,3
534,"Orlando-Daytona Beach-Melbourne, FL",28.4037,-80.7181,6,4
534,"Orlando-Daytona Beach-Melbourne, FL",28.4044,-80.7318,6,5
534,"Orlando-Daytona Beach-Melbourne, FL",28.4084,-80.6922,6,6
534,"Orlando-Daytona Beach-Melbourne, FL",28.4056,-80.6587,6,7
534,"Orlando-Daytona Beach-Melbourne, FL",28.3756,-80.6684,6,8
534,"Orlando-Daytona Beach-Melbourne, FL",28.3002,-80.657,6,9
534,"Orlando-Daytona Beach-Melbourne, FL",28.4051,-80.6947,6,10
534,"Orlando-Daytona Beach-Melbourne, FL",28.3687,-80.6985,6,11
534,"Orlando-Daytona Beach-Melbourne, FL",28.1617,-80.6141,6,12
534,"Orlando-Daytona Beach-Melbourne, FL",28.357,-80.6469,7,1
534,"Orlando-Daytona Beach-Melbourne, FL",28.3573,-80.66,7,2
534,"Orlando-Daytona Beach-Melbourne, FL",28.3612,-80.6514,7,3
534,"Orlando-Daytona Beach-Melbourne, FL",28.357,-80.6469,7,4
534,"Orlando-Daytona Beach-Melbourne, FL",28.3571,-80.6435,8,1
534,"Orlando-Daytona Beach-Melbourne, FL",28.3609,-80.623,8,2
534,"Orlando-Daytona Beach-Melbourne, FL",28.3582,-80.6155,8,3
534,"Orlando-Daytona Beach-Melbourne, FL",28.3575,-80.6157,8,4
534,"Orlando-Daytona Beach-Melbourne, FL",28.3571,-80.6435,8,5
535,"Columbus, OH",39.5503,-83.6702,1,1
535,"Columbus, OH",39.772,-83.6467,1,2
535,"Columbus, OH",39.7686,-83.5883,1,3
535,"Columbus, OH",40.0106,-83.5081,1,4
535,"Columbus, OH",40.5093,-83.52,1,5
535,"Columbus, OH",40.5319,-83.8798,1,6
535,"Columbus, OH",40.8198,-83.8801,1,7
535,"Columbus, OH",40.8178,-83.4963,1,8
535,"Columbus, OH",40.7015,-83.4959,1,9
535,"Columbus, OH",40.6876,-83.4403,1,10
535,"Columbus, OH",40.703,-83.1113,1,11
535,"Columbus, OH",40.9936,-83.1126,1,12
535,"Columbus, OH",40.9959,-82.7248,1,13
535,"Columbus, OH",40.7111,-82.7272,1,14
535,"Columbus, OH",40.7094,-82.6272,1,15
535,"Columbus, OH",40.5499,-82.6236,1,16
535,"Columbus, OH",40.5732,-82.1787,1,17
535,"Columbus, OH",40.4563,-82.1846,1,18
535,"Columbus, OH",40.4448,-81.7091,1,19
535,"Columbus, OH",40.3708,-81.7123,1,20
535,"Columbus, OH",40.3681,-81.616,1,21
535,"Columbus, OH",40.151,-81.6709,1,22
535,"Columbus, OH",40.1669,-82.1874,1,23
535,"Columbus, OH",39.9133,-82.234,1,24
535,"Columbus, OH",39.9093,-82.1624,1,25
535,"Columbus, OH",39.8207,-82.17,1,26
535,"Columbus, OH",39.771,-82.0767,1,27
535,"Columbus, OH",39.7534,-81.6397,1,28
535,"Columbus, OH",39.587,-81.5882,1,29
535,"Columbus, OH",39.5834,-81.7155,1,30
535,"Columbus, OH",39.4808,-81.7085,1,31
535,"Columbus, OH",39.4492,-81.8258,1,32
535,"Columbus, OH",39.46,-82.0561,1,33
535,"Columbus, OH",39.5506,-82.0473,1,34
535,"Columbus, OH",39.5563,-82.1592,1,35
535,"Columbus, OH",39.4662,-82.1674,1,36
535,"Columbus, OH",39.4726,-82.2802,1,37
535,"Columbus, OH",39.3842,-82.2894,1,38
535,"Columbus, OH",39.3682,-82.7486,1,39
535,"Columbus, OH",38.9481,-82.8071,1,40
535,"Columbus, OH",38.9601,-83.2118,1,41
535,"Columbus, OH",39.0552,-83.3856,1,42
535,"Columbus, OH",39.3768,-83.3722,1,43
535,"Columbus, OH",39.3787,-83.5909,1,44
535,"Columbus, OH",39.5445,-83.5763,1,45
535,"Columbus, OH",39.5503,-83.6702,1,46
536,"Youngstown, OH",41.4999,-80.5192,1,1
536,"Youngstown, OH",41.49,-79.9998,1,2
536,"Youngstown, OH",41.1719,-79.9998,1,3
536,"Youngstown, OH",41.0698,-80.0969,1,4
536,"Youngstown, OH",41.1251,-80.519,1,5
536,"Youngstown, OH",40.6388,-80.519,1,6
536,"Youngstown, OH",40.5994,-80.862,1,7
536,"Youngstown, OH",40.7269,-80.9172,1,8
536,"Youngstown, OH",40.7279,-81.0873,1,9
536,"Youngstown, OH",40.988,-81.0868,1,10
536,"Youngstown, OH",40.9878,-80.9998,1,11
536,"Youngstown, OH",41.5017,-81.0034,1,12
536,"Youngstown, OH",41.4999,-80.5192,1,13
537,"Bangor, ME",44.3941,-67.8996,1,1
537,"Bangor, ME",44.492,-67.9045,1,2
537,"Bangor, ME",44.4111,-67.9403,1,3
537,"Bangor, ME",44.5072,-67.9676,1,4
537,"Bangor, ME",44.5042,-67.9916,1,5
537,"Bangor, ME",44.4829,-68.0357,1,6
537,"Bangor, ME",44.3995,-67.9597,1,7
537,"Bangor, ME",44.3331,-68.0647,1,8
537,"Bangor, ME",44.4746,-68.1013,1,9
537,"Bangor, ME",44.4724,-68.1939,1,10
537,"Bangor, ME",44.5121,-68.1813,1,11
537,"Bangor, ME",44.5529,-68.2557,1,12
537,"Bangor, ME",44.5709,-68.1995,1,13
537,"Bangor, ME",44.5882,-68.2465,1,14
537,"Bangor, ME",44.5557,-68.2957,1,15
537,"Bangor, ME",44.5166,-68.2126,1,16
537,"Bangor, ME",44.4657,-68.2244,1,17
537,"Bangor, ME",44.5376,-68.3218,1,18
537,"Bangor, ME",44.4585,-68.2701,1,19
537,"Bangor, ME",44.4589,-68.3526,1,20
537,"Bangor, ME",44.3968,-68.4279,1,21
537,"Bangor, ME",44.4972,-68.4227,1,22
537,"Bangor, ME",44.4944,-68.5047,1,23
537,"Bangor, ME",44.385,-68.4598,1,24
537,"Bangor, ME",44.399,-68.5646,1,25
537,"Bangor, ME",44.2286,-68.5354,1,26
537,"Bangor, ME",44.3345,-68.742,1,27
537,"Bangor, ME",44.3115,-68.827,1,28
537,"Bangor, ME",44.5001,-68.7698,1,29
537,"Bangor, ME",44.5607,-68.8048,1,30
537,"Bangor, ME",44.468,-68.8101,1,31
537,"Bangor, ME",44.4264,-68.9927,1,32
537,"Bangor, ME",44.3408,-68.9503,1,33
537,"Bangor, ME",44.2572,-69.0173,1,34
537,"Bangor, ME",44.2556,-69.1217,1,35
537,"Bangor, ME",44.3646,-69.2694,1,36
537,"Bangor, ME",44.3083,-69.3462,1,37
537,"Bangor, ME",44.3429,-69.5068,1,38
537,"Bangor, ME",44.5446,-69.3724,1,39
537,"Bangor, ME",44.7183,-69.4705,1,40
537,"Bangor, ME",44.7004,-69.633,1,41
537,"Bangor, ME",44.5773,-69.6057,1,42
537,"Bangor, ME",44.5814,-69.8188,1,43
537,"Bangor, ME",44.6776,-69.9962,1,44
537,"Bangor, ME",44.8644,-70.0328,1,45
537,"Bangor, ME",44.8961,-70.1492,1,46
537,"Bangor, ME",45.1284,-70.1596,1,47
537,"Bangor, ME",45.1449,-70.4189,1,48
537,"Bangor, ME",45.6678,-70.5528,1,49
537,"Bangor, ME",45.7208,-70.4007,1,50
537,"Bangor, ME",45.7949,-70.4174,1,51
537,"Bangor, ME",45.8911,-70.2592,1,52
537,"Bangor, ME",46.0191,-70.3176,1,53
537,"Bangor, ME",46.1452,-70.2369,1,54
537,"Bangor, ME",46.1906,-70.2922,1,55
537,"Bangor, ME",46.3495,-70.192,1,56
537,"Bangor, ME",46.4148,-70.0577,1,57
537,"Bangor, ME",46.574,-70.0232,1,58
537,"Bangor, ME",46.5725,-68.822,1,59
537,"Bangor, ME",46.3957,-68.8211,1,60
537,"Bangor, ME",46.3819,-68.4364,1,61
537,"Bangor, ME",45.5795,-68.4326,1,62
537,"Bangor, ME",45.6886,-67.7358,1,63
537,"Bangor, ME",45.5787,-67.4253,1,64
537,"Bangor, ME",45.502,-67.4174,1,65
537,"Bangor, ME",45.4889,-67.5041,1,66
537,"Bangor, ME",45.3764,-67.4191,1,67
537,"Bangor, ME",45.2813,-67.4893,1,68
537,"Bangor, ME",45.1258,-67.3422,1,69
537,"Bangor, ME",45.1904,-67.285,1,70
537,"Bangor, ME",45.1581,-67.1619,1,71
537,"Bangor, ME",44.9098,-66.9832,1,72
537,"Bangor, ME",44.963,-67.0649,1,73
537,"Bangor, ME",44.9151,-67.0715,1,74
537,"Bangor, ME",44.947,-67.1762,1,75
537,"Bangor, ME",44.8815,-67.1322,1,76
537,"Bangor, ME",44.9332,-67.2253,1,77
537,"Bangor, ME",44.863,-67.1495,1,78
537,"Bangor, ME",44.7924,-67.1714,1,79
537,"Bangor, ME",44.894,-67.103,1,80
537,"Bangor, ME",44.817,-67.071,1,81
537,"Bangor, ME",44.85,-67.0237,1,82
537,"Bangor, ME",44.9066,-67.0618,1,83
537,"Bangor, ME",44.8175,-66.9493,1,84
537,"Bangor, ME",44.64,-67.2069,1,85
537,"Bangor, ME",44.7188,-67.3963,1,86
537,"Bangor, ME",44.5943,-67.4077,1,87
537,"Bangor, ME",44.6664,-67.4287,1,88
537,"Bangor, ME",44.5972,-67.4578,1,89
537,"Bangor, ME",44.622,-67.4648,1,90
537,"Bangor, ME",44.6217,-67.5344,1,91
537,"Bangor, ME",44.6537,-67.5377,1,92
537,"Bangor, ME",44.6605,-67.5745,1,93
537,"Bangor, ME",44.5318,-67.5653,1,94
537,"Bangor, ME",44.5713,-67.6579,1,95
537,"Bangor, ME",44.4981,-67.7094,1,96
537,"Bangor, ME",44.6158,-67.7362,1,97
537,"Bangor, ME",44.5227,-67.8014,1,98
537,"Bangor, ME",44.5907,-67.7746,1,99
537,"Bangor, ME",44.5903,-67.7872,1,100
537,"Bangor, ME",44.6058,-67.7834,1,101
537,"Bangor, ME",44.6045,-67.7858,1,102
537,"Bangor, ME",44.6134,-67.7932,1,103
537,"Bangor, ME",44.6188,-67.809,1,104
537,"Bangor, ME",44.3941,-67.8996,1,105
537,"Bangor, ME",44.5025,-67.6145,2,1
537,"Bangor, ME",44.5187,-67.6207,2,2
537,"Bangor, ME",44.5228,-67.6123,2,3
537,"Bangor, ME",44.5069,-67.6022,2,4
537,"Bangor, ME",44.5025,-67.6145,2,5
537,"Bangor, ME",44.4474,-67.5857,3,1
537,"Bangor, ME",44.4862,-67.6067,3,2
537,"Bangor, ME",44.4936,-67.596,3,3
537,"Bangor, ME",44.5009,-67.6059,3,4
537,"Bangor, ME",44.516,-67.5814,3,5
537,"Bangor, ME",44.4474,-67.5857,3,6
537,"Bangor, ME",44.2218,-68.3379,4,1
537,"Bangor, ME",44.3377,-68.4215,4,2
537,"Bangor, ME",44.4235,-68.3661,4,3
537,"Bangor, ME",44.4363,-68.2557,4,4
537,"Bangor, ME",44.3288,-68.1736,4,5
537,"Bangor, ME",44.287,-68.2939,4,6
537,"Bangor, ME",44.377,-68.3317,4,7
537,"Bangor, ME",44.2477,-68.291,4,8
537,"Bangor, ME",44.2218,-68.3379,4,9
537,"Bangor, ME",44.2319,-68.9299,5,1
537,"Bangor, ME",44.2808,-68.9147,5,2
537,"Bangor, ME",44.2816,-68.9435,5,3
537,"Bangor, ME",44.3932,-68.8805,5,4
537,"Bangor, ME",44.3653,-68.8606,5,5
537,"Bangor, ME",44.2319,-68.9299,5,6
537,"Bangor, ME",44.1478,-68.6791,6,1
537,"Bangor, ME",44.2215,-68.7323,6,2
537,"Bangor, ME",44.2733,-68.6765,6,3
537,"Bangor, ME",44.3089,-68.7361,6,4
537,"Bangor, ME",44.2419,-68.6077,6,5
537,"Bangor, ME",44.2156,-68.6468,6,6
537,"Bangor, ME",44.2157,-68.5879,6,7
537,"Bangor, ME",44.1967,-68.5655,6,8
537,"Bangor, ME",44.1858,-68.5825,6,9
537,"Bangor, ME",44.2096,-68.5948,6,10
537,"Bangor, ME",44.215,-68.676,6,11
537,"Bangor, ME",44.1822,-68.6138,6,12
537,"Bangor, ME",44.1478,-68.6791,6,13
537,"Bangor, ME",44.2655,-68.942,7,1
537,"Bangor, ME",44.2736,-68.9496,7,2
537,"Bangor, ME",44.2779,-68.9479,7,3
537,"Bangor, ME",44.2666,-68.9382,7,4
537,"Bangor, ME",44.2655,-68.942,7,5
537,"Bangor, ME",44.2438,-68.9557,8,1
537,"Bangor, ME",44.2513,-68.967,8,2
537,"Bangor, ME",44.2725,-68.9537,8,3
537,"Bangor, ME",44.2558,-68.9366,8,4
537,"Bangor, ME",44.2438,-68.9557,8,5
537,"Bangor, ME",44.2517,-68.2404,9,1
537,"Bangor, ME",44.2666,-68.23,9,2
537,"Bangor, ME",44.2553,-68.2123,9,3
537,"Bangor, ME",44.2576,-68.2247,9,4
537,"Bangor, ME",44.2517,-68.2404,9,5
537,"Bangor, ME",44.234,-68.2667,10,1
537,"Bangor, ME",44.259,-68.2745,10,2
537,"Bangor, ME",44.2473,-68.2405,10,3
537,"Bangor, ME",44.2354,-68.2489,10,4
537,"Bangor, ME",44.234,-68.2667,10,5
537,"Bangor, ME",44.1951,-68.3263,11,1
537,"Bangor, ME",44.1983,-68.336,11,2
537,"Bangor, ME",44.2061,-68.3366,11,3
537,"Bangor, ME",44.1972,-68.3148,11,4
537,"Bangor, ME",44.1951,-68.3263,11,5
537,"Bangor, ME",44.1979,-68.7254,12,1
537,"Bangor, ME",44.2019,-68.7313,12,2
537,"Bangor, ME",44.2027,-68.7315,12,3
537,"Bangor, ME",44.2041,-68.7263,12,4
537,"Bangor, ME",44.1979,-68.7254,12,5
537,"Bangor, ME",44.1289,-68.4217,13,1
537,"Bangor, ME",44.1565,-68.4416,13,2
537,"Bangor, ME",44.1334,-68.4474,13,3
537,"Bangor, ME",44.1595,-68.5005,13,4
537,"Bangor, ME",44.1872,-68.4134,13,5
537,"Bangor, ME",44.1289,-68.4217,13,6
537,"Bangor, ME",44.0974,-68.3666,14,1
537,"Bangor, ME",44.1274,-68.3539,14,2
537,"Bangor, ME",44.1107,-68.3306,14,3
537,"Bangor, ME",44.1067,-68.36,14,4
537,"Bangor, ME",44.0974,-68.3666,14,5
538,"Rochester, MN-Mason City, IA-Austin, MN",43.3419,-76.7224,1,1
538,"Rochester, MN-Mason City, IA-Austin, MN",43.0241,-76.7138,1,2
538,"Rochester, MN-Mason City, IA-Austin, MN",43.0132,-76.9638,1,3
538,"Rochester, MN-Mason City, IA-Austin, MN",42.4623,-76.9033,1,4
538,"Rochester, MN-Mason City, IA-Austin, MN",42.4947,-77.1439,1,5
538,"Rochester, MN-Mason City, IA-Austin, MN",42.5769,-77.1438,1,6
538,"Rochester, MN-Mason City, IA-Austin, MN",42.5803,-77.6599,1,7
538,"Rochester, MN-Mason City, IA-Austin, MN",42.4712,-77.723,1,8
538,"Rochester, MN-Mason City, IA-Austin, MN",42.5329,-78.0605,1,9
538,"Rochester, MN-Mason City, IA-Austin, MN",42.6679,-77.9563,1,10
538,"Rochester, MN-Mason City, IA-Austin, MN",43.0235,-77.9046,1,11
538,"Rochester, MN-Mason City, IA-Austin, MN",43.0395,-77.951,1,12
538,"Rochester, MN-Mason City, IA-Austin, MN",43.1336,-77.9059,1,13
538,"Rochester, MN-Mason City, IA-Austin, MN",43.133,-77.9973,1,14
538,"Rochester, MN-Mason City, IA-Austin, MN",43.3653,-77.9948,1,15
538,"Rochester, MN-Mason City, IA-Austin, MN",43.2358,-77.5511,1,16
538,"Rochester, MN-Mason City, IA-Austin, MN",43.2893,-77.1057,1,17
538,"Rochester, MN-Mason City, IA-Austin, MN",43.2139,-76.9265,1,18
538,"Rochester, MN-Mason City, IA-Austin, MN",43.2759,-76.9405,1,19
538,"Rochester, MN-Mason City, IA-Austin, MN",43.3419,-76.7224,1,20
538,"Rochester, MN-Mason City, IA-Austin, MN",43.2695,-76.9585,2,1
538,"Rochester, MN-Mason City, IA-Austin, MN",43.2703,-76.9653,2,2
538,"Rochester, MN-Mason City, IA-Austin, MN",43.2722,-76.9667,2,3
538,"Rochester, MN-Mason City, IA-Austin, MN",43.2729,-76.9445,2,4
538,"Rochester, MN-Mason City, IA-Austin, MN",43.2695,-76.9585,2,5
538,"Rochester, MN-Mason City, IA-Austin, MN",43.2599,-76.9433,3,1
538,"Rochester, MN-Mason City, IA-Austin, MN",43.2665,-76.9467,3,2
538,"Rochester, MN-Mason City, IA-Austin, MN",43.2708,-76.9443,3,3
538,"Rochester, MN-Mason City, IA-Austin, MN",43.2623,-76.9419,3,4
538,"Rochester, MN-Mason City, IA-Austin, MN",43.2599,-76.9433,3,5
538,"Rochester, MN-Mason City, IA-Austin, MN",43.2524,-76.9478,4,1
538,"Rochester, MN-Mason City, IA-Austin, MN",43.2548,-76.9533,4,2
538,"Rochester, MN-Mason City, IA-Austin, MN",43.2594,-76.9539,4,3
538,"Rochester, MN-Mason City, IA-Austin, MN",43.2605,-76.9483,4,4
538,"Rochester, MN-Mason City, IA-Austin, MN",43.2524,-76.9478,4,5
539,"Tampa-St. Petersburg (Sarasota), FL",27.6432,-81.1422,1,1
539,"Tampa-St. Petersburg (Sarasota), FL",27.4898,-81.2051,1,2
539,"Tampa-St. Petersburg (Sarasota), FL",27.2106,-80.9432,1,3
539,"Tampa-St. Petersburg (Sarasota), FL",27.2096,-81.1695,1,4
539,"Tampa-St. Petersburg (Sarasota), FL",27.0325,-81.2672,1,5
539,"Tampa-St. Petersburg (Sarasota), FL",27.0334,-81.5628,1,6
539,"Tampa-St. Petersburg (Sarasota), FL",27.3407,-81.5637,1,7
539,"Tampa-St. Petersburg (Sarasota), FL",27.3382,-82.0558,1,8
539,"Tampa-St. Petersburg (Sarasota), FL",27.0319,-82.0575,1,9
539,"Tampa-St. Petersburg (Sarasota), FL",27.032,-82.2557,1,10
539,"Tampa-St. Petersburg (Sarasota), FL",26.9453,-82.2555,1,11
539,"Tampa-St. Petersburg (Sarasota), FL",27.0123,-82.4089,1,12
539,"Tampa-St. Petersburg (Sarasota), FL",26.9463,-82.375,1,13
539,"Tampa-St. Petersburg (Sarasota), FL",27.112,-82.4695,1,14
539,"Tampa-St. Petersburg (Sarasota), FL",27.1028,-82.4442,1,15
539,"Tampa-St. Petersburg (Sarasota), FL",27.2273,-82.5024,1,16
539,"Tampa-St. Petersburg (Sarasota), FL",27.2711,-82.5423,1,17
539,"Tampa-St. Petersburg (Sarasota), FL",27.3219,-82.5386,1,18
539,"Tampa-St. Petersburg (Sarasota), FL",27.4065,-82.5747,1,19
539,"Tampa-St. Petersburg (Sarasota), FL",27.4725,-82.6917,1,20
539,"Tampa-St. Petersburg (Sarasota), FL",27.5482,-82.5721,1,21
539,"Tampa-St. Petersburg (Sarasota), FL",27.5868,-82.6198,1,22
539,"Tampa-St. Petersburg (Sarasota), FL",27.7465,-82.4797,1,23
539,"Tampa-St. Petersburg (Sarasota), FL",27.7654,-82.3947,1,24
539,"Tampa-St. Petersburg (Sarasota), FL",27.9524,-82.4109,1,25
539,"Tampa-St. Petersburg (Sarasota), FL",27.9188,-82.4905,1,26
539,"Tampa-St. Petersburg (Sarasota), FL",27.8223,-82.4729,1,27
539,"Tampa-St. Petersburg (Sarasota), FL",27.8328,-82.5335,1,28
539,"Tampa-St. Petersburg (Sarasota), FL",27.9379,-82.528,1,29
539,"Tampa-St. Petersburg (Sarasota), FL",28.0364,-82.6959,1,30
539,"Tampa-St. Petersburg (Sarasota), FL",27.9338,-82.7294,1,31
539,"Tampa-St. Petersburg (Sarasota), FL",27.8792,-82.5826,1,32
539,"Tampa-St. Petersburg (Sarasota), FL",27.6943,-82.6787,1,33
539,"Tampa-St. Petersburg (Sarasota), FL",27.8391,-82.7523,1,34
539,"Tampa-St. Petersburg (Sarasota), FL",27.8765,-82.8497,1,35
539,"Tampa-St. Petersburg (Sarasota), FL",27.8981,-82.8326,1,36
539,"Tampa-St. Petersburg (Sarasota), FL",27.9185,-82.8234,1,37
539,"Tampa-St. Petersburg (Sarasota), FL",27.9229,-82.8264,1,38
539,"Tampa-St. Petersburg (Sarasota), FL",27.9307,-82.8167,1,39
539,"Tampa-St. Petersburg (Sarasota), FL",27.989,-82.7992,1,40
539,"Tampa-St. Petersburg (Sarasota), FL",27.9837,-82.7886,1,41
539,"Tampa-St. Petersburg (Sarasota), FL",28.1079,-82.7721,1,42
539,"Tampa-St. Petersburg (Sarasota), FL",28.1859,-82.7996,1,43
539,"Tampa-St. Petersburg (Sarasota), FL",28.4336,-82.6678,1,44
539,"Tampa-St. Petersburg (Sarasota), FL",28.6956,-82.6328,1,45
539,"Tampa-St. Petersburg (Sarasota), FL",28.8794,-82.6321,1,46
539,"Tampa-St. Petersburg (Sarasota), FL",28.9425,-82.7763,1,47
539,"Tampa-St. Petersburg (Sarasota), FL",29.0017,-82.7556,1,48
539,"Tampa-St. Petersburg (Sarasota), FL",29.0526,-82.4721,1,49
539,"Tampa-St. Petersburg (Sarasota), FL",28.9731,-82.3158,1,50
539,"Tampa-St. Petersburg (Sarasota), FL",28.7967,-82.1698,1,51
539,"Tampa-St. Petersburg (Sarasota), FL",28.654,-82.2746,1,52
539,"Tampa-St. Petersburg (Sarasota), FL",28.5218,-82.0543,1,53
539,"Tampa-St. Petersburg (Sarasota), FL",28.3119,-82.056,1,54
539,"Tampa-St. Petersburg (Sarasota), FL",28.3471,-81.6572,1,55
539,"Tampa-St. Petersburg (Sarasota), FL",28.2593,-81.6571,1,56
539,"Tampa-St. Petersburg (Sarasota), FL",28.2594,-81.5574,1,57
539,"Tampa-St. Petersburg (Sarasota), FL",28.1428,-81.5242,1,58
539,"Tampa-St. Petersburg (Sarasota), FL",28.0847,-81.3463,1,59
539,"Tampa-St. Petersburg (Sarasota), FL",28.0117,-81.3785,1,60
539,"Tampa-St. Petersburg (Sarasota), FL",28.0401,-81.4592,1,61
539,"Tampa-St. Petersburg (Sarasota), FL",27.8208,-81.2078,1,62
539,"Tampa-St. Petersburg (Sarasota), FL",27.6432,-81.1422,1,63
539,"Tampa-St. Petersburg (Sarasota), FL",28.8536,-82.6425,2,1
539,"Tampa-St. Petersburg (Sarasota), FL",28.8807,-82.6642,2,2
539,"Tampa-St. Petersburg (Sarasota), FL",28.8879,-82.6584,2,3
539,"Tampa-St. Petersburg (Sarasota), FL",28.879,-82.6398,2,4
539,"Tampa-St. Petersburg (Sarasota), FL",28.8642,-82.647,2,5
539,"Tampa-St. Petersburg (Sarasota), FL",28.8536,-82.6425,2,6
539,"Tampa-St. Petersburg (Sarasota), FL",28.8652,-82.6645,3,1
539,"Tampa-St. Petersburg (Sarasota), FL",28.8671,-82.6742,3,2
539,"Tampa-St. Petersburg (Sarasota), FL",28.8768,-82.6764,3,3
539,"Tampa-St. Petersburg (Sarasota), FL",28.8713,-82.6729,3,4
539,"Tampa-St. Petersburg (Sarasota), FL",28.8652,-82.6645,3,5
539,"Tampa-St. Petersburg (Sarasota), FL",28.8174,-82.6917,4,1
539,"Tampa-St. Petersburg (Sarasota), FL",28.8537,-82.7236,4,2
539,"Tampa-St. Petersburg (Sarasota), FL",28.8642,-82.6682,4,3
539,"Tampa-St. Petersburg (Sarasota), FL",28.8387,-82.671,4,4
539,"Tampa-St. Petersburg (Sarasota), FL",28.8309,-82.66,4,5
539,"Tampa-St. Petersburg (Sarasota), FL",28.8174,-82.6917,4,6
539,"Tampa-St. Petersburg (Sarasota), FL",28.8249,-82.6617,5,1
539,"Tampa-St. Petersburg (Sarasota), FL",28.8298,-82.6592,5,2
539,"Tampa-St. Petersburg (Sarasota), FL",28.8434,-82.6657,5,3
539,"Tampa-St. Petersburg (Sarasota), FL",28.8494,-82.6387,5,4
539,"Tampa-St. Petersburg (Sarasota), FL",28.8249,-82.6617,5,5
539,"Tampa-St. Petersburg (Sarasota), FL",28.7947,-82.6616,6,1
539,"Tampa-St. Petersburg (Sarasota), FL",28.8003,-82.6911,6,2
539,"Tampa-St. Petersburg (Sarasota), FL",28.8099,-82.6918,6,3
539,"Tampa-St. Petersburg (Sarasota), FL",28.8237,-82.6543,6,4
539,"Tampa-St. Petersburg (Sarasota), FL",28.7947,-82.6616,6,5
539,"Tampa-St. Petersburg (Sarasota), FL",28.7868,-82.6855,7,1
539,"Tampa-St. Petersburg (Sarasota), FL",28.7956,-82.6825,7,2
539,"Tampa-St. Petersburg (Sarasota), FL",28.7959,-82.6689,7,3
539,"Tampa-St. Petersburg (Sarasota), FL",28.7901,-82.6747,7,4
539,"Tampa-St. Petersburg (Sarasota), FL",28.7882,-82.6725,7,5
539,"Tampa-St. Petersburg (Sarasota), FL",28.7868,-82.6855,7,6
539,"Tampa-St. Petersburg (Sarasota), FL",28.7704,-82.6887,8,1
539,"Tampa-St. Petersburg (Sarasota), FL",28.7811,-82.6978,8,2
539,"Tampa-St. Petersburg (Sarasota), FL",28.7909,-82.6408,8,3
539,"Tampa-St. Petersburg (Sarasota), FL",28.7807,-82.6833,8,4
539,"Tampa-St. Petersburg (Sarasota), FL",28.7704,-82.6887,8,5
539,"Tampa-St. Petersburg (Sarasota), FL",28.7567,-82.6599,9,1
539,"Tampa-St. Petersburg (Sarasota), FL",28.7569,-82.6828,9,2
539,"Tampa-St. Petersburg (Sarasota), FL",28.7695,-82.6842,9,3
539,"Tampa-St. Petersburg (Sarasota), FL",28.7694,-82.6584,9,4
539,"Tampa-St. Petersburg (Sarasota), FL",28.7797,-82.6464,9,5
539,"Tampa-St. Petersburg (Sarasota), FL",28.7567,-82.6599,9,6
539,"Tampa-St. Petersburg (Sarasota), FL",28.7124,-82.666,10,1
539,"Tampa-St. Petersburg (Sarasota), FL",28.7265,-82.6723,10,2
539,"Tampa-St. Petersburg (Sarasota), FL",28.736,-82.6622,10,3
539,"Tampa-St. Petersburg (Sarasota), FL",28.7257,-82.6512,10,4
539,"Tampa-St. Petersburg (Sarasota), FL",28.7124,-82.666,10,5
539,"Tampa-St. Petersburg (Sarasota), FL",28.0544,-82.8212,11,1
539,"Tampa-St. Petersburg (Sarasota), FL",28.0645,-82.8341,11,2
539,"Tampa-St. Petersburg (Sarasota), FL",28.0838,-82.8302,11,3
539,"Tampa-St. Petersburg (Sarasota), FL",28.0618,-82.8124,11,4
539,"Tampa-St. Petersburg (Sarasota), FL",28.0544,-82.8212,11,5
539,"Tampa-St. Petersburg (Sarasota), FL",28.0508,-82.7971,12,1
539,"Tampa-St. Petersburg (Sarasota), FL",28.0513,-82.801,12,2
539,"Tampa-St. Petersburg (Sarasota), FL",28.0592,-82.811,12,3
539,"Tampa-St. Petersburg (Sarasota), FL",28.0522,-82.801,12,4
539,"Tampa-St. Petersburg (Sarasota), FL",28.0508,-82.7971,12,5
539,"Tampa-St. Petersburg (Sarasota), FL",28.0486,-82.7887,13,1
539,"Tampa-St. Petersburg (Sarasota), FL",28.0515,-82.7931,13,2
539,"Tampa-St. Petersburg (Sarasota), FL",28.0525,-82.7847,13,3
539,"Tampa-St. Petersburg (Sarasota), FL",28.0486,-82.7887,13,4
539,"Tampa-St. Petersburg (Sarasota), FL",28.0098,-82.8213,14,1
539,"Tampa-St. Petersburg (Sarasota), FL",28.0188,-82.828,14,2
539,"Tampa-St. Petersburg (Sarasota), FL",28.0471,-82.8177,14,3
539,"Tampa-St. Petersburg (Sarasota), FL",28.0314,-82.8143,14,4
539,"Tampa-St. Petersburg (Sarasota), FL",28.0098,-82.8213,14,5
539,"Tampa-St. Petersburg (Sarasota), FL",27.9643,-82.8218,15,1
539,"Tampa-St. Petersburg (Sarasota), FL",27.9684,-82.8308,15,2
539,"Tampa-St. Petersburg (Sarasota), FL",28.0111,-82.8281,15,3
539,"Tampa-St. Petersburg (Sarasota), FL",27.9707,-82.8279,15,4
539,"Tampa-St. Petersburg (Sarasota), FL",27.9643,-82.8218,15,5
539,"Tampa-St. Petersburg (Sarasota), FL",27.9857,-82.8198,16,1
539,"Tampa-St. Petersburg (Sarasota), FL",27.9929,-82.8219,16,2
539,"Tampa-St. Petersburg (Sarasota), FL",27.9972,-82.8198,16,3
539,"Tampa-St. Petersburg (Sarasota), FL",27.987,-82.8186,16,4
539,"Tampa-St. Petersburg (Sarasota), FL",27.9857,-82.8198,16,5
539,"Tampa-St. Petersburg (Sarasota), FL",27.9873,-82.8152,17,1
539,"Tampa-St. Petersburg (Sarasota), FL",27.9878,-82.8169,17,2
539,"Tampa-St. Petersburg (Sarasota), FL",27.9969,-82.818,17,3
539,"Tampa-St. Petersburg (Sarasota), FL",27.9873,-82.8152,17,4
539,"Tampa-St. Petersburg (Sarasota), FL",27.967,-82.807,18,1
539,"Tampa-St. Petersburg (Sarasota), FL",27.9777,-82.8235,18,2
539,"Tampa-St. Petersburg (Sarasota), FL",27.9842,-82.8203,18,3
539,"Tampa-St. Petersburg (Sarasota), FL",27.9866,-82.8142,18,4
539,"Tampa-St. Petersburg (Sarasota), FL",27.967,-82.807,18,5
539,"Tampa-St. Petersburg (Sarasota), FL",27.7829,-82.7841,19,1
539,"Tampa-St. Petersburg (Sarasota), FL",27.8219,-82.8291,19,2
539,"Tampa-St. Petersburg (Sarasota), FL",27.8464,-82.8438,19,3
539,"Tampa-St. Petersburg (Sarasota), FL",27.8722,-82.851,19,4
539,"Tampa-St. Petersburg (Sarasota), FL",27.888,-82.8516,19,5
539,"Tampa-St. Petersburg (Sarasota), FL",27.9656,-82.8332,19,6
539,"Tampa-St. Petersburg (Sarasota), FL",27.959,-82.8234,19,7
539,"Tampa-St. Petersburg (Sarasota), FL",27.9368,-82.8392,19,8
539,"Tampa-St. Petersburg (Sarasota), FL",27.91,-82.8433,19,9
539,"Tampa-St. Petersburg (Sarasota), FL",27.9087,-82.8349,19,10
539,"Tampa-St. Petersburg (Sarasota), FL",27.9088,-82.8444,19,11
539,"Tampa-St. Petersburg (Sarasota), FL",27.9002,-82.8371,19,12
539,"Tampa-St. Petersburg (Sarasota), FL",27.8995,-82.8466,19,13
539,"Tampa-St. Petersburg (Sarasota), FL",27.8955,-82.84,19,14
539,"Tampa-St. Petersburg (Sarasota), FL",27.8911,-82.8477,19,15
539,"Tampa-St. Petersburg (Sarasota), FL",27.8908,-82.8412,19,16
539,"Tampa-St. Petersburg (Sarasota), FL",27.8777,-82.8499,19,17
539,"Tampa-St. Petersburg (Sarasota), FL",27.8723,-82.8498,19,18
539,"Tampa-St. Petersburg (Sarasota), FL",27.7829,-82.7841,19,19
539,"Tampa-St. Petersburg (Sarasota), FL",27.9235,-82.8395,20,1
539,"Tampa-St. Petersburg (Sarasota), FL",27.929,-82.8379,20,2
539,"Tampa-St. Petersburg (Sarasota), FL",27.9296,-82.8359,20,3
539,"Tampa-St. Petersburg (Sarasota), FL",27.9269,-82.8346,20,4
539,"Tampa-St. Petersburg (Sarasota), FL",27.9235,-82.8395,20,5
539,"Tampa-St. Petersburg (Sarasota), FL",27.9116,-82.4611,21,1
539,"Tampa-St. Petersburg (Sarasota), FL",27.9176,-82.4621,21,2
539,"Tampa-St. Petersburg (Sarasota), FL",27.9165,-82.4597,21,3
539,"Tampa-St. Petersburg (Sarasota), FL",27.9116,-82.4611,21,4
539,"Tampa-St. Petersburg (Sarasota), FL",27.9105,-82.8298,22,1
539,"Tampa-St. Petersburg (Sarasota), FL",27.9158,-82.83,22,2
539,"Tampa-St. Petersburg (Sarasota), FL",27.9154,-82.8254,22,3
539,"Tampa-St. Petersburg (Sarasota), FL",27.9105,-82.8298,22,4
539,"Tampa-St. Petersburg (Sarasota), FL",27.7387,-82.7567,23,1
539,"Tampa-St. Petersburg (Sarasota), FL",27.7792,-82.7835,23,2
539,"Tampa-St. Petersburg (Sarasota), FL",27.7837,-82.7802,23,3
539,"Tampa-St. Petersburg (Sarasota), FL",27.7863,-82.7648,23,4
539,"Tampa-St. Petersburg (Sarasota), FL",27.7776,-82.7574,23,5
539,"Tampa-St. Petersburg (Sarasota), FL",27.7757,-82.7709,23,6
539,"Tampa-St. Petersburg (Sarasota), FL",27.7387,-82.7567,23,7
539,"Tampa-St. Petersburg (Sarasota), FL",27.7673,-82.411,24,1
539,"Tampa-St. Petersburg (Sarasota), FL",27.7699,-82.414,24,2
539,"Tampa-St. Petersburg (Sarasota), FL",27.7733,-82.4163,24,3
539,"Tampa-St. Petersburg (Sarasota), FL",27.7727,-82.409,24,4
539,"Tampa-St. Petersburg (Sarasota), FL",27.7673,-82.411,24,5
539,"Tampa-St. Petersburg (Sarasota), FL",27.7589,-82.7627,25,1
539,"Tampa-St. Petersburg (Sarasota), FL",27.7712,-82.763,25,2
539,"Tampa-St. Petersburg (Sarasota), FL",27.7714,-82.7551,25,3
539,"Tampa-St. Petersburg (Sarasota), FL",27.7659,-82.7544,25,4
539,"Tampa-St. Petersburg (Sarasota), FL",27.7589,-82.7627,25,5
539,"Tampa-St. Petersburg (Sarasota), FL",27.7542,-82.7538,26,1
539,"Tampa-St. Petersburg (Sarasota), FL",27.7707,-82.7518,26,2
539,"Tampa-St. Petersburg (Sarasota), FL",27.7711,-82.7435,26,3
539,"Tampa-St. Petersburg (Sarasota), FL",27.7584,-82.7467,26,4
539,"Tampa-St. Petersburg (Sarasota), FL",27.7542,-82.7538,26,5
539,"Tampa-St. Petersburg (Sarasota), FL",27.6824,-82.7377,27,1
539,"Tampa-St. Petersburg (Sarasota), FL",27.7183,-82.7406,27,2
539,"Tampa-St. Petersburg (Sarasota), FL",27.7587,-82.7596,27,3
539,"Tampa-St. Petersburg (Sarasota), FL",27.7339,-82.7424,27,4
539,"Tampa-St. Petersburg (Sarasota), FL",27.7352,-82.732,27,5
539,"Tampa-St. Petersburg (Sarasota), FL",27.7297,-82.742,27,6
539,"Tampa-St. Petersburg (Sarasota), FL",27.7126,-82.7266,27,7
539,"Tampa-St. Petersburg (Sarasota), FL",27.7181,-82.7384,27,8
539,"Tampa-St. Petersburg (Sarasota), FL",27.6824,-82.7377,27,9
539,"Tampa-St. Petersburg (Sarasota), FL",27.7476,-82.7449,28,1
539,"Tampa-St. Petersburg (Sarasota), FL",27.7492,-82.7502,28,2
539,"Tampa-St. Petersburg (Sarasota), FL",27.7544,-82.7504,28,3
539,"Tampa-St. Petersburg (Sarasota), FL",27.7518,-82.7475,28,4
539,"Tampa-St. Petersburg (Sarasota), FL",27.7476,-82.7449,28,5
539,"Tampa-St. Petersburg (Sarasota), FL",27.7435,-82.7344,29,1
539,"Tampa-St. Petersburg (Sarasota), FL",27.747,-82.7399,29,2
539,"Tampa-St. Petersburg (Sarasota), FL",27.7471,-82.7358,29,3
539,"Tampa-St. Petersburg (Sarasota), FL",27.7435,-82.7344,29,4
539,"Tampa-St. Petersburg (Sarasota), FL",27.7203,-82.628,30,1
539,"Tampa-St. Petersburg (Sarasota), FL",27.7362,-82.637,30,2
539,"Tampa-St. Petersburg (Sarasota), FL",27.7417,-82.6273,30,3
539,"Tampa-St. Petersburg (Sarasota), FL",27.7338,-82.625,30,4
539,"Tampa-St. Petersburg (Sarasota), FL",27.7203,-82.628,30,5
539,"Tampa-St. Petersburg (Sarasota), FL",27.7219,-82.7344,31,1
539,"Tampa-St. Petersburg (Sarasota), FL",27.7251,-82.7303,31,2
539,"Tampa-St. Petersburg (Sarasota), FL",27.7236,-82.7286,31,3
539,"Tampa-St. Petersburg (Sarasota), FL",27.7219,-82.7344,31,4
539,"Tampa-St. Petersburg (Sarasota), FL",27.7139,-82.7058,32,1
539,"Tampa-St. Petersburg (Sarasota), FL",27.7184,-82.6997,32,2
539,"Tampa-St. Petersburg (Sarasota), FL",27.7156,-82.6971,32,3
539,"Tampa-St. Petersburg (Sarasota), FL",27.7139,-82.7058,32,4
539,"Tampa-St. Petersburg (Sarasota), FL",27.695,-82.7169,33,1
539,"Tampa-St. Petersburg (Sarasota), FL",27.7133,-82.7218,33,2
539,"Tampa-St. Petersburg (Sarasota), FL",27.7156,-82.7074,33,3
539,"Tampa-St. Petersburg (Sarasota), FL",27.7123,-82.7112,33,4
539,"Tampa-St. Petersburg (Sarasota), FL",27.695,-82.7169,33,5
539,"Tampa-St. Petersburg (Sarasota), FL",27.7091,-82.6971,34,1
539,"Tampa-St. Petersburg (Sarasota), FL",27.711,-82.6978,34,2
539,"Tampa-St. Petersburg (Sarasota), FL",27.714,-82.7004,34,3
539,"Tampa-St. Petersburg (Sarasota), FL",27.7152,-82.6968,34,4
539,"Tampa-St. Petersburg (Sarasota), FL",27.7091,-82.6971,34,5
539,"Tampa-St. Petersburg (Sarasota), FL",27.7071,-82.7056,35,1
539,"Tampa-St. Petersburg (Sarasota), FL",27.7093,-82.7059,35,2
539,"Tampa-St. Petersburg (Sarasota), FL",27.7097,-82.6976,35,3
539,"Tampa-St. Petersburg (Sarasota), FL",27.7071,-82.7056,35,4
539,"Tampa-St. Petersburg (Sarasota), FL",27.6949,-82.7345,36,1
539,"Tampa-St. Petersburg (Sarasota), FL",27.7018,-82.7351,36,2
539,"Tampa-St. Petersburg (Sarasota), FL",27.7086,-82.7261,36,3
539,"Tampa-St. Petersburg (Sarasota), FL",27.6976,-82.7295,36,4
539,"Tampa-St. Petersburg (Sarasota), FL",27.6949,-82.7345,36,5
539,"Tampa-St. Petersburg (Sarasota), FL",27.6511,-82.7167,37,1
539,"Tampa-St. Petersburg (Sarasota), FL",27.6668,-82.7297,37,2
539,"Tampa-St. Petersburg (Sarasota), FL",27.6939,-82.7287,37,3
539,"Tampa-St. Petersburg (Sarasota), FL",27.6925,-82.7186,37,4
539,"Tampa-St. Petersburg (Sarasota), FL",27.6511,-82.7167,37,5
539,"Tampa-St. Petersburg (Sarasota), FL",27.6115,-82.7362,38,1
539,"Tampa-St. Petersburg (Sarasota), FL",27.6456,-82.7402,38,2
539,"Tampa-St. Petersburg (Sarasota), FL",27.6385,-82.6972,38,3
539,"Tampa-St. Petersburg (Sarasota), FL",27.6255,-82.705,38,4
539,"Tampa-St. Petersburg (Sarasota), FL",27.6115,-82.7362,38,5
539,"Tampa-St. Petersburg (Sarasota), FL",27.5762,-82.7565,39,1
539,"Tampa-St. Petersburg (Sarasota), FL",27.5807,-82.7632,39,2
539,"Tampa-St. Petersburg (Sarasota), FL",27.5899,-82.7652,39,3
539,"Tampa-St. Petersburg (Sarasota), FL",27.6028,-82.7623,39,4
539,"Tampa-St. Petersburg (Sarasota), FL",27.5762,-82.7565,39,5
539,"Tampa-St. Petersburg (Sarasota), FL",27.5229,-82.6213,40,1
539,"Tampa-St. Petersburg (Sarasota), FL",27.5302,-82.6263,40,2
539,"Tampa-St. Petersburg (Sarasota), FL",27.5325,-82.6461,40,3
539,"Tampa-St. Petersburg (Sarasota), FL",27.5398,-82.6068,40,4
539,"Tampa-St. Petersburg (Sarasota), FL",27.5229,-82.6213,40,5
539,"Tampa-St. Petersburg (Sarasota), FL",27.4447,-82.6889,41,1
539,"Tampa-St. Petersburg (Sarasota), FL",27.5004,-82.7142,41,2
539,"Tampa-St. Petersburg (Sarasota), FL",27.5375,-82.7468,41,3
539,"Tampa-St. Petersburg (Sarasota), FL",27.5232,-82.7074,41,4
539,"Tampa-St. Petersburg (Sarasota), FL",27.4447,-82.6889,41,5
539,"Tampa-St. Petersburg (Sarasota), FL",27.3284,-82.5897,42,1
539,"Tampa-St. Petersburg (Sarasota), FL",27.4328,-82.6879,42,2
539,"Tampa-St. Petersburg (Sarasota), FL",27.4411,-82.6907,42,3
539,"Tampa-St. Petersburg (Sarasota), FL",27.3777,-82.6151,42,4
539,"Tampa-St. Petersburg (Sarasota), FL",27.3284,-82.5897,42,5
539,"Tampa-St. Petersburg (Sarasota), FL",27.2972,-82.5671,43,1
539,"Tampa-St. Petersburg (Sarasota), FL",27.3225,-82.5885,43,2
539,"Tampa-St. Petersburg (Sarasota), FL",27.3261,-82.5888,43,3
539,"Tampa-St. Petersburg (Sarasota), FL",27.3372,-82.5729,43,4
539,"Tampa-St. Petersburg (Sarasota), FL",27.2972,-82.5671,43,5
539,"Tampa-St. Petersburg (Sarasota), FL",27.3211,-82.5638,44,1
539,"Tampa-St. Petersburg (Sarasota), FL",27.3257,-82.5651,44,2
539,"Tampa-St. Petersburg (Sarasota), FL",27.3291,-82.5585,44,3
539,"Tampa-St. Petersburg (Sarasota), FL",27.3216,-82.5599,44,4
539,"Tampa-St. Petersburg (Sarasota), FL",27.3211,-82.5638,44,5
539,"Tampa-St. Petersburg (Sarasota), FL",27.3156,-82.5635,45,1
539,"Tampa-St. Petersburg (Sarasota), FL",27.319,-82.5629,45,2
539,"Tampa-St. Petersburg (Sarasota), FL",27.3211,-82.5616,45,3
539,"Tampa-St. Petersburg (Sarasota), FL",27.3218,-82.5576,45,4
539,"Tampa-St. Petersburg (Sarasota), FL",27.3156,-82.5635,45,5
539,"Tampa-St. Petersburg (Sarasota), FL",27.311,-82.5605,46,1
539,"Tampa-St. Petersburg (Sarasota), FL",27.3157,-82.5633,46,2
539,"Tampa-St. Petersburg (Sarasota), FL",27.3157,-82.5575,46,3
539,"Tampa-St. Petersburg (Sarasota), FL",27.311,-82.5605,46,4
539,"Tampa-St. Petersburg (Sarasota), FL",27.2093,-82.5139,47,1
539,"Tampa-St. Petersburg (Sarasota), FL",27.2788,-82.57,47,2
539,"Tampa-St. Petersburg (Sarasota), FL",27.3039,-82.5592,47,3
539,"Tampa-St. Petersburg (Sarasota), FL",27.303,-82.5471,47,4
539,"Tampa-St. Petersburg (Sarasota), FL",27.2909,-82.5549,47,5
539,"Tampa-St. Petersburg (Sarasota), FL",27.2093,-82.5139,47,6
539,"Tampa-St. Petersburg (Sarasota), FL",27.1129,-82.4697,48,1
539,"Tampa-St. Petersburg (Sarasota), FL",27.208,-82.5106,48,2
539,"Tampa-St. Petersburg (Sarasota), FL",27.1801,-82.4985,48,3
539,"Tampa-St. Petersburg (Sarasota), FL",27.1412,-82.477,48,4
539,"Tampa-St. Petersburg (Sarasota), FL",27.1129,-82.4697,48,5
540,"Traverse City-Cadillac, MI",46.6902,-85.8644,1,1
540,"Traverse City-Cadillac, MI",46.6746,-85.5218,1,2
540,"Traverse City-Cadillac, MI",46.7722,-84.9563,1,3
540,"Traverse City-Cadillac, MI",46.6969,-85.0276,1,4
540,"Traverse City-Cadillac, MI",46.4877,-85.0338,1,5
540,"Traverse City-Cadillac, MI",46.485,-84.6311,1,6
540,"Traverse City-Cadillac, MI",46.4131,-84.5796,1,7
540,"Traverse City-Cadillac, MI",46.4889,-84.3063,1,8
540,"Traverse City-Cadillac, MI",46.2911,-84.2219,1,9
540,"Traverse City-Cadillac, MI",46.2495,-84.182,1,10
540,"Traverse City-Cadillac, MI",46.1749,-84.2508,1,11
540,"Traverse City-Cadillac, MI",46.1314,-84.0265,1,12
540,"Traverse City-Cadillac, MI",46.0924,-84.0717,1,13
540,"Traverse City-Cadillac, MI",45.9665,-83.9064,1,14
540,"Traverse City-Cadillac, MI",45.9693,-84.533,1,15
540,"Traverse City-Cadillac, MI",46.0525,-84.6555,1,16
540,"Traverse City-Cadillac, MI",45.839,-84.7509,1,17
540,"Traverse City-Cadillac, MI",46.0083,-85.0077,1,18
540,"Traverse City-Cadillac, MI",46.102,-85.4269,1,19
540,"Traverse City-Cadillac, MI",45.966,-85.658,1,20
540,"Traverse City-Cadillac, MI",45.9682,-85.8653,1,21
540,"Traverse City-Cadillac, MI",46.6902,-85.8644,1,22
540,"Traverse City-Cadillac, MI",46.319,-84.1263,2,1
540,"Traverse City-Cadillac, MI",46.4727,-84.2861,2,2
540,"Traverse City-Cadillac, MI",46.5342,-84.2162,2,3
540,"Traverse City-Cadillac, MI",46.5158,-84.1185,2,4
540,"Traverse City-Cadillac, MI",46.4275,-84.1941,2,5
540,"Traverse City-Cadillac, MI",46.319,-84.1263,2,6
540,"Traverse City-Cadillac, MI",46.4933,-84.3422,3,1
540,"Traverse City-Cadillac, MI",46.5011,-84.3735,3,2
540,"Traverse City-Cadillac, MI",46.5011,-84.3778,3,3
540,"Traverse City-Cadillac, MI",46.5021,-84.3432,3,4
540,"Traverse City-Cadillac, MI",46.4967,-84.3337,3,5
540,"Traverse City-Cadillac, MI",46.4933,-84.3422,3,6
540,"Traverse City-Cadillac, MI",46.2143,-84.1545,4,1
540,"Traverse City-Cadillac, MI",46.2281,-84.1527,4,2
540,"Traverse City-Cadillac, MI",46.2853,-84.2104,4,3
540,"Traverse City-Cadillac, MI",46.3237,-84.2108,4,4
540,"Traverse City-Cadillac, MI",46.255,-84.1017,4,5
540,"Traverse City-Cadillac, MI",46.2143,-84.1545,4,6
540,"Traverse City-Cadillac, MI",45.9145,-83.5507,5,1
540,"Traverse City-Cadillac, MI",45.9577,-83.6293,5,2
540,"Traverse City-Cadillac, MI",45.9731,-83.8836,5,3
540,"Traverse City-Cadillac, MI",46.104,-83.635,5,4
540,"Traverse City-Cadillac, MI",45.9875,-83.4735,5,5
540,"Traverse City-Cadillac, MI",45.9145,-83.5507,5,6
540,"Traverse City-Cadillac, MI",45.8462,-84.6184,6,1
540,"Traverse City-Cadillac, MI",45.8592,-84.6508,6,2
540,"Traverse City-Cadillac, MI",45.8846,-84.6469,6,3
540,"Traverse City-Cadillac, MI",45.8612,-84.608,6,4
540,"Traverse City-Cadillac, MI",45.8462,-84.6184,6,5
540,"Traverse City-Cadillac, MI",45.7733,-85.4962,7,1
540,"Traverse City-Cadillac, MI",45.8003,-85.5337,7,2
540,"Traverse City-Cadillac, MI",45.8286,-85.5273,7,3
540,"Traverse City-Cadillac, MI",45.7945,-85.4539,7,4
540,"Traverse City-Cadillac, MI",45.7733,-85.4962,7,5
540,"Traverse City-Cadillac, MI",45.7202,-84.4198,8,1
540,"Traverse City-Cadillac, MI",45.7366,-84.5007,8,2
540,"Traverse City-Cadillac, MI",45.8165,-84.5891,8,3
540,"Traverse City-Cadillac, MI",45.7719,-84.356,8,4
540,"Traverse City-Cadillac, MI",45.7202,-84.4198,8,5
540,"Traverse City-Cadillac, MI",45.7691,-85.3781,9,1
540,"Traverse City-Cadillac, MI",45.7775,-85.3989,9,2
540,"Traverse City-Cadillac, MI",45.8178,-85.3635,9,3
540,"Traverse City-Cadillac, MI",45.7935,-85.3394,9,4
540,"Traverse City-Cadillac, MI",45.7691,-85.3781,9,5
540,"Traverse City-Cadillac, MI",45.2071,-83.3884,10,1
540,"Traverse City-Cadillac, MI",45.2021,-83.8814,10,2
540,"Traverse City-Cadillac, MI",44.5089,-83.8867,10,3
540,"Traverse City-Cadillac, MI",44.5073,-84.3699,10,4
540,"Traverse City-Cadillac, MI",44.1607,-84.3679,10,5
540,"Traverse City-Cadillac, MI",44.1606,-84.608,10,6
540,"Traverse City-Cadillac, MI",43.8148,-84.6061,10,7
540,"Traverse City-Cadillac, MI",43.8136,-85.0888,10,8
540,"Traverse City-Cadillac, MI",43.4662,-85.0849,10,9
540,"Traverse City-Cadillac, MI",43.4685,-85.5622,10,10
540,"Traverse City-Cadillac, MI",43.8155,-85.5623,10,11
540,"Traverse City-Cadillac, MI",43.8194,-86.431,10,12
540,"Traverse City-Cadillac, MI",44.0576,-86.5156,10,13
540,"Traverse City-Cadillac, MI",44.3467,-86.2679,10,14
540,"Traverse City-Cadillac, MI",44.6915,-86.2555,10,15
540,"Traverse City-Cadillac, MI",44.7406,-86.09,10,16
540,"Traverse City-Cadillac, MI",44.9073,-86.0652,10,17
540,"Traverse City-Cadillac, MI",44.9474,-85.8116,10,18
540,"Traverse City-Cadillac, MI",45.2104,-85.5515,10,19
540,"Traverse City-Cadillac, MI",44.8629,-85.6488,10,20
540,"Traverse City-Cadillac, MI",44.7661,-85.5968,10,21
540,"Traverse City-Cadillac, MI",44.9914,-85.4751,10,22
540,"Traverse City-Cadillac, MI",44.7603,-85.5767,10,23
540,"Traverse City-Cadillac, MI",44.7489,-85.5263,10,24
540,"Traverse City-Cadillac, MI",44.9486,-85.3892,10,25
540,"Traverse City-Cadillac, MI",45.2763,-85.3657,10,26
540,"Traverse City-Cadillac, MI",45.3931,-84.9159,10,27
540,"Traverse City-Cadillac, MI",45.5422,-85.1158,10,28
540,"Traverse City-Cadillac, MI",45.7093,-84.9445,10,29
540,"Traverse City-Cadillac, MI",45.7634,-85.0123,10,30
540,"Traverse City-Cadillac, MI",45.7883,-84.7324,10,31
540,"Traverse City-Cadillac, MI",45.6567,-84.4792,10,32
540,"Traverse City-Cadillac, MI",45.6348,-84.2153,10,33
540,"Traverse City-Cadillac, MI",45.4872,-84.0788,10,34
540,"Traverse City-Cadillac, MI",45.3586,-83.49,10,35
540,"Traverse City-Cadillac, MI",45.2071,-83.3884,10,36
540,"Traverse City-Cadillac, MI",45.5715,-85.5604,11,1
540,"Traverse City-Cadillac, MI",45.5982,-85.6301,11,2
540,"Traverse City-Cadillac, MI",45.6717,-85.6082,11,3
540,"Traverse City-Cadillac, MI",45.7603,-85.5663,11,4
540,"Traverse City-Cadillac, MI",45.7543,-85.5011,11,5
540,"Traverse City-Cadillac, MI",45.6087,-85.4907,11,6
540,"Traverse City-Cadillac, MI",45.5715,-85.5604,11,7
540,"Traverse City-Cadillac, MI",45.6963,-85.6916,12,1
540,"Traverse City-Cadillac, MI",45.7384,-85.7011,12,2
540,"Traverse City-Cadillac, MI",45.7467,-85.6904,12,3
540,"Traverse City-Cadillac, MI",45.7424,-85.641,12,4
540,"Traverse City-Cadillac, MI",45.6963,-85.6916,12,5
540,"Traverse City-Cadillac, MI",45.0539,-86.0001,13,1
540,"Traverse City-Cadillac, MI",45.104,-86.0604,13,2
540,"Traverse City-Cadillac, MI",45.1596,-86.048,13,3
540,"Traverse City-Cadillac, MI",45.1396,-85.9773,13,4
540,"Traverse City-Cadillac, MI",45.0539,-86.0001,13,5
540,"Traverse City-Cadillac, MI",44.997,-86.1331,14,1
540,"Traverse City-Cadillac, MI",45.0417,-86.1394,14,2
540,"Traverse City-Cadillac, MI",45.0485,-86.1179,14,3
540,"Traverse City-Cadillac, MI",45.0298,-86.0771,14,4
540,"Traverse City-Cadillac, MI",44.997,-86.1331,14,5
541,"Lexington, KY",36.8545,-85.2155,1,1
541,"Lexington, KY",36.8978,-85.2752,1,2
541,"Lexington, KY",37.186,-85.0432,1,3
541,"Lexington, KY",37.3105,-85.1651,1,4
541,"Lexington, KY",37.4121,-85.0448,1,5
541,"Lexington, KY",37.8536,-85.0007,1,6
541,"Lexington, KY",37.8908,-85.1471,1,7
541,"Lexington, KY",37.9977,-85.1695,1,8
541,"Lexington, KY",38.0723,-85.0479,1,9
541,"Lexington, KY",38.3356,-84.9975,1,10
541,"Lexington, KY",38.3497,-84.7456,1,11
541,"Lexington, KY",38.5655,-84.4114,1,12
541,"Lexington, KY",38.5821,-84.2054,1,13
541,"Lexington, KY",38.4867,-84.1723,1,14
541,"Lexington, KY",38.4224,-83.9992,1,15
541,"Lexington, KY",38.4924,-83.9303,1,16
541,"Lexington, KY",38.5254,-83.642,1,17
541,"Lexington, KY",38.4299,-83.58,1,18
541,"Lexington, KY",38.3896,-83.4006,1,19
541,"Lexington, KY",38.2098,-83.3012,1,20
541,"Lexington, KY",38.1696,-83.199,1,21
541,"Lexington, KY",38.0592,-83.2681,1,22
541,"Lexington, KY",38.0096,-83.0243,1,23
541,"Lexington, KY",37.9129,-82.9618,1,24
541,"Lexington, KY",37.8591,-83.0046,1,25
541,"Lexington, KY",37.8927,-83.1314,1,26
541,"Lexington, KY",37.7692,-83.2705,1,27
541,"Lexington, KY",37.6775,-83.2574,1,28
541,"Lexington, KY",37.4254,-82.7627,1,29
541,"Lexington, KY",37.2853,-82.7108,1,30
541,"Lexington, KY",37.1695,-83.0486,1,31
541,"Lexington, KY",37.0295,-83.0496,1,32
541,"Lexington, KY",36.9922,-83.1107,1,33
541,"Lexington, KY",37.021,-83.1851,1,34
541,"Lexington, KY",37.1757,-83.2035,1,35
541,"Lexington, KY",37.3207,-83.3983,1,36
541,"Lexington, KY",37.2913,-83.4721,1,37
541,"Lexington, KY",37.1676,-83.5515,1,38
541,"Lexington, KY",36.9384,-83.509,1,39
541,"Lexington, KY",36.9558,-83.5895,1,40
541,"Lexington, KY",36.9043,-83.5813,1,41
541,"Lexington, KY",36.8007,-83.786,1,42
541,"Lexington, KY",36.6452,-83.9564,1,43
541,"Lexington, KY",36.5877,-83.931,1,44
541,"Lexington, KY",36.5922,-84.2274,1,45
541,"Lexington, KY",36.8098,-84.356,1,46
541,"Lexington, KY",36.9459,-84.2972,1,47
541,"Lexington, KY",36.9622,-84.3628,1,48
541,"Lexington, KY",36.8631,-84.5904,1,49
541,"Lexington, KY",36.6033,-84.778,1,50
541,"Lexington, KY",36.6191,-84.9897,1,51
541,"Lexington, KY",36.8589,-85.0643,1,52
541,"Lexington, KY",36.8545,-85.2155,1,53
542,"Dayton, OH",39.5503,-83.6702,1,1
542,"Dayton, OH",39.5673,-84.815,1,2
542,"Dayton, OH",39.7266,-84.8141,1,3
542,"Dayton, OH",39.7155,-85.185,1,4
542,"Dayton, OH",40.0045,-85.2015,1,5
542,"Dayton, OH",40.0049,-84.8108,1,6
542,"Dayton, OH",40.7282,-84.8021,1,7
542,"Dayton, OH",40.6447,-83.8802,1,8
542,"Dayton, OH",40.5319,-83.8798,1,9
542,"Dayton, OH",40.5093,-83.52,1,10
542,"Dayton, OH",40.0106,-83.5081,1,11
542,"Dayton, OH",39.7686,-83.5883,1,12
542,"Dayton, OH",39.772,-83.6467,1,13
542,"Dayton, OH",39.5503,-83.6702,1,14
543,"Springfield-Holyoke, MA",42.0399,-73.0533,1,1
543,"Springfield-Holyoke, MA",42.3124,-73.0004,1,2
543,"Springfield-Holyoke, MA",42.3807,-73.0686,1,3
543,"Springfield-Holyoke, MA",42.3798,-73.0117,1,4
543,"Springfield-Holyoke, MA",42.6408,-72.9509,1,5
543,"Springfield-Holyoke, MA",42.7411,-73.0229,1,6
543,"Springfield-Holyoke, MA",42.7215,-72.283,1,7
543,"Springfield-Holyoke, MA",42.6629,-72.2295,1,8
543,"Springfield-Holyoke, MA",42.3435,-72.3146,1,9
543,"Springfield-Holyoke, MA",42.3111,-72.2113,1,10
543,"Springfield-Holyoke, MA",42.1839,-72.2639,1,11
543,"Springfield-Holyoke, MA",42.1617,-72.1348,1,12
543,"Springfield-Holyoke, MA",42.0302,-72.1357,1,13
543,"Springfield-Holyoke, MA",42.0399,-73.0533,1,14
544,"Norfolk-Portsmouth-Newport News, VA",38.0272,-75.2423,1,1
544,"Norfolk-Portsmouth-Newport News, VA",37.8928,-75.3331,1,2
544,"Norfolk-Portsmouth-Newport News, VA",37.8616,-75.3627,1,3
544,"Norfolk-Portsmouth-Newport News, VA",37.8586,-75.3745,1,4
544,"Norfolk-Portsmouth-Newport News, VA",37.8756,-75.4006,1,5
544,"Norfolk-Portsmouth-Newport News, VA",37.8709,-75.3545,1,6
544,"Norfolk-Portsmouth-Newport News, VA",37.913,-75.3799,1,7
544,"Norfolk-Portsmouth-Newport News, VA",37.9234,-75.3338,1,8
544,"Norfolk-Portsmouth-Newport News, VA",38.0272,-75.2423,1,9
544,"Norfolk-Portsmouth-Newport News, VA",38.0152,-75.3777,2,1
544,"Norfolk-Portsmouth-Newport News, VA",37.9922,-75.4326,2,2
544,"Norfolk-Portsmouth-Newport News, VA",37.6095,-75.6846,2,3
544,"Norfolk-Portsmouth-Newport News, VA",37.5314,-75.6744,2,4
544,"Norfolk-Portsmouth-Newport News, VA",37.4712,-75.8056,2,5
544,"Norfolk-Portsmouth-Newport News, VA",37.5754,-75.7286,2,6
544,"Norfolk-Portsmouth-Newport News, VA",37.5126,-75.8097,2,7
544,"Norfolk-Portsmouth-Newport News, VA",37.1173,-75.9694,2,8
544,"Norfolk-Portsmouth-Newport News, VA",37.2672,-76.0242,2,9
544,"Norfolk-Portsmouth-Newport News, VA",37.3128,-75.9661,2,10
544,"Norfolk-Portsmouth-Newport News, VA",37.2979,-76.021,2,11
544,"Norfolk-Portsmouth-Newport News, VA",37.3876,-75.9353,2,12
544,"Norfolk-Portsmouth-Newport News, VA",37.4685,-75.9618,2,13
544,"Norfolk-Portsmouth-Newport News, VA",37.4797,-75.8888,2,14
544,"Norfolk-Portsmouth-Newport News, VA",37.4752,-75.9631,2,15
544,"Norfolk-Portsmouth-Newport News, VA",37.5477,-75.9346,2,16
544,"Norfolk-Portsmouth-Newport News, VA",37.5481,-75.8447,2,17
544,"Norfolk-Portsmouth-Newport News, VA",37.5679,-75.8291,2,18
544,"Norfolk-Portsmouth-Newport News, VA",37.5615,-75.9414,2,19
544,"Norfolk-Portsmouth-Newport News, VA",37.6345,-75.829,2,20
544,"Norfolk-Portsmouth-Newport News, VA",37.639,-75.8923,2,21
544,"Norfolk-Portsmouth-Newport News, VA",37.7556,-75.7732,2,22
544,"Norfolk-Portsmouth-Newport News, VA",37.7907,-75.8196,2,23
544,"Norfolk-Portsmouth-Newport News, VA",37.7951,-75.7127,2,24
544,"Norfolk-Portsmouth-Newport News, VA",37.8965,-75.6466,2,25
544,"Norfolk-Portsmouth-Newport News, VA",37.9199,-75.7308,2,26
544,"Norfolk-Portsmouth-Newport News, VA",37.9944,-75.623,2,27
544,"Norfolk-Portsmouth-Newport News, VA",38.0152,-75.3777,2,28
544,"Norfolk-Portsmouth-Newport News, VA",37.898,-75.4054,3,1
544,"Norfolk-Portsmouth-Newport News, VA",37.9818,-75.3316,3,2
544,"Norfolk-Portsmouth-Newport News, VA",37.9829,-75.3128,3,3
544,"Norfolk-Portsmouth-Newport News, VA",37.9204,-75.3489,3,4
544,"Norfolk-Portsmouth-Newport News, VA",37.9168,-75.3811,3,5
544,"Norfolk-Portsmouth-Newport News, VA",37.898,-75.4054,3,6
544,"Norfolk-Portsmouth-Newport News, VA",37.9349,-75.4328,4,1
544,"Norfolk-Portsmouth-Newport News, VA",37.9419,-75.4464,4,2
544,"Norfolk-Portsmouth-Newport News, VA",37.9473,-75.4219,4,3
544,"Norfolk-Portsmouth-Newport News, VA",37.9349,-75.4328,4,4
544,"Norfolk-Portsmouth-Newport News, VA",37.8204,-75.498,5,1
544,"Norfolk-Portsmouth-Newport News, VA",37.8851,-75.4622,5,2
544,"Norfolk-Portsmouth-Newport News, VA",37.8891,-75.4169,5,3
544,"Norfolk-Portsmouth-Newport News, VA",37.8851,-75.4158,5,4
544,"Norfolk-Portsmouth-Newport News, VA",37.8204,-75.498,5,5
544,"Norfolk-Portsmouth-Newport News, VA",37.803,-75.9788,6,1
544,"Norfolk-Portsmouth-Newport News, VA",37.8114,-75.9964,6,2
544,"Norfolk-Portsmouth-Newport News, VA",37.8314,-76.0,6,3
544,"Norfolk-Portsmouth-Newport News, VA",37.8219,-75.9841,6,4
544,"Norfolk-Portsmouth-Newport News, VA",37.803,-75.9788,6,5
544,"Norfolk-Portsmouth-Newport News, VA",37.7958,-75.5198,7,1
544,"Norfolk-Portsmouth-Newport News, VA",37.8239,-75.5203,7,2
544,"Norfolk-Portsmouth-Newport News, VA",37.8185,-75.5007,7,3
544,"Norfolk-Portsmouth-Newport News, VA",37.7958,-75.5198,7,4
544,"Norfolk-Portsmouth-Newport News, VA",37.5602,-76.5428,8,1
544,"Norfolk-Portsmouth-Newport News, VA",37.4724,-76.2794,8,2
544,"Norfolk-Portsmouth-Newport News, VA",37.31,-76.2756,8,3
544,"Norfolk-Portsmouth-Newport News, VA",37.4422,-76.3528,8,4
544,"Norfolk-Portsmouth-Newport News, VA",37.3703,-76.3487,8,5
544,"Norfolk-Portsmouth-Newport News, VA",37.4543,-76.4428,8,6
544,"Norfolk-Portsmouth-Newport News, VA",37.3681,-76.4061,8,7
544,"Norfolk-Portsmouth-Newport News, VA",37.3805,-76.4505,8,8
544,"Norfolk-Portsmouth-Newport News, VA",37.3967,-76.4616,8,9
544,"Norfolk-Portsmouth-Newport News, VA",37.4021,-76.4867,8,10
544,"Norfolk-Portsmouth-Newport News, VA",37.4126,-76.4886,8,11
544,"Norfolk-Portsmouth-Newport News, VA",37.4172,-76.4927,8,12
544,"Norfolk-Portsmouth-Newport News, VA",37.4181,-76.5007,8,13
544,"Norfolk-Portsmouth-Newport News, VA",37.3597,-76.4884,8,14
544,"Norfolk-Portsmouth-Newport News, VA",37.3363,-76.4027,8,15
544,"Norfolk-Portsmouth-Newport News, VA",37.3374,-76.4461,8,16
544,"Norfolk-Portsmouth-Newport News, VA",37.3096,-76.4886,8,17
544,"Norfolk-Portsmouth-Newport News, VA",37.2635,-76.3882,8,18
544,"Norfolk-Portsmouth-Newport News, VA",37.2452,-76.5044,8,19
544,"Norfolk-Portsmouth-Newport News, VA",37.4406,-76.7013,8,20
544,"Norfolk-Portsmouth-Newport News, VA",37.6032,-76.6541,8,21
544,"Norfolk-Portsmouth-Newport News, VA",37.5602,-76.5428,8,22
544,"Norfolk-Portsmouth-Newport News, VA",37.4724,-76.2646,9,1
544,"Norfolk-Portsmouth-Newport News, VA",37.4894,-76.3153,9,2
544,"Norfolk-Portsmouth-Newport News, VA",37.5153,-76.2979,9,3
544,"Norfolk-Portsmouth-Newport News, VA",37.4998,-76.2761,9,4
544,"Norfolk-Portsmouth-Newport News, VA",37.4724,-76.2646,9,5
544,"Norfolk-Portsmouth-Newport News, VA",37.4588,-76.7574,10,1
544,"Norfolk-Portsmouth-Newport News, VA",37.2757,-76.5829,10,2
544,"Norfolk-Portsmouth-Newport News, VA",37.1993,-76.3926,10,3
544,"Norfolk-Portsmouth-Newport News, VA",37.1809,-76.4534,10,4
544,"Norfolk-Portsmouth-Newport News, VA",37.1343,-76.4495,10,5
544,"Norfolk-Portsmouth-Newport News, VA",37.1275,-76.2935,10,6
544,"Norfolk-Portsmouth-Newport News, VA",37.1018,-76.3444,10,7
544,"Norfolk-Portsmouth-Newport News, VA",37.1153,-76.3513,10,8
544,"Norfolk-Portsmouth-Newport News, VA",37.1204,-76.3674,10,9
544,"Norfolk-Portsmouth-Newport News, VA",37.1165,-76.3628,10,10
544,"Norfolk-Portsmouth-Newport News, VA",37.1207,-76.3776,10,11
544,"Norfolk-Portsmouth-Newport News, VA",37.1087,-76.3883,10,12
544,"Norfolk-Portsmouth-Newport News, VA",37.0467,-76.3618,10,13
544,"Norfolk-Portsmouth-Newport News, VA",37.1074,-76.2851,10,14
544,"Norfolk-Portsmouth-Newport News, VA",37.087,-76.2701,10,15
544,"Norfolk-Portsmouth-Newport News, VA",37.0013,-76.3035,10,16
544,"Norfolk-Portsmouth-Newport News, VA",36.9608,-76.4198,10,17
544,"Norfolk-Portsmouth-Newport News, VA",37.2226,-76.6525,10,18
544,"Norfolk-Portsmouth-Newport News, VA",37.2424,-76.87,10,19
544,"Norfolk-Portsmouth-Newport News, VA",37.4309,-76.8947,10,20
544,"Norfolk-Portsmouth-Newport News, VA",37.4588,-76.7574,10,21
544,"Norfolk-Portsmouth-Newport News, VA",36.2438,-76.7295,11,1
544,"Norfolk-Portsmouth-Newport News, VA",36.2469,-77.2088,11,2
544,"Norfolk-Portsmouth-Newport News, VA",36.499,-77.0687,11,3
544,"Norfolk-Portsmouth-Newport News, VA",36.5546,-77.354,11,4
544,"Norfolk-Portsmouth-Newport News, VA",36.6305,-77.3733,11,5
544,"Norfolk-Portsmouth-Newport News, VA",36.6705,-77.5019,11,6
544,"Norfolk-Portsmouth-Newport News, VA",36.9445,-76.9535,11,7
544,"Norfolk-Portsmouth-Newport News, VA",37.0543,-76.9651,11,8
544,"Norfolk-Portsmouth-Newport News, VA",37.112,-77.1554,11,9
544,"Norfolk-Portsmouth-Newport News, VA",37.2327,-77.0117,11,10
544,"Norfolk-Portsmouth-Newport News, VA",37.1477,-76.7431,11,11
544,"Norfolk-Portsmouth-Newport News, VA",37.1975,-76.6866,11,12
544,"Norfolk-Portsmouth-Newport News, VA",37.0457,-76.6625,11,13
544,"Norfolk-Portsmouth-Newport News, VA",37.0193,-76.5767,11,14
544,"Norfolk-Portsmouth-Newport News, VA",36.9975,-76.5808,11,15
544,"Norfolk-Portsmouth-Newport News, VA",37.0087,-76.6093,11,16
544,"Norfolk-Portsmouth-Newport News, VA",37.001,-76.618,11,17
544,"Norfolk-Portsmouth-Newport News, VA",36.99,-76.6248,11,18
544,"Norfolk-Portsmouth-Newport News, VA",36.983,-76.6217,11,19
544,"Norfolk-Portsmouth-Newport News, VA",36.9557,-76.4858,11,20
544,"Norfolk-Portsmouth-Newport News, VA",36.8326,-76.5495,11,21
544,"Norfolk-Portsmouth-Newport News, VA",36.9057,-76.4351,11,22
544,"Norfolk-Portsmouth-Newport News, VA",36.8601,-76.3414,11,23
544,"Norfolk-Portsmouth-Newport News, VA",36.8548,-76.3895,11,24
544,"Norfolk-Portsmouth-Newport News, VA",36.8349,-76.4085,11,25
544,"Norfolk-Portsmouth-Newport News, VA",36.8266,-76.3977,11,26
544,"Norfolk-Portsmouth-Newport News, VA",36.8116,-76.4038,11,27
544,"Norfolk-Portsmouth-Newport News, VA",36.8062,-76.4009,11,28
544,"Norfolk-Portsmouth-Newport News, VA",36.8225,-76.2018,11,29
544,"Norfolk-Portsmouth-Newport News, VA",36.8755,-76.3293,11,30
544,"Norfolk-Portsmouth-Newport News, VA",36.8886,-76.2798,11,31
544,"Norfolk-Portsmouth-Newport News, VA",36.964,-76.3308,11,32
544,"Norfolk-Portsmouth-Newport News, VA",36.9157,-75.9916,11,33
544,"Norfolk-Portsmouth-Newport News, VA",36.6087,-75.8815,11,34
544,"Norfolk-Portsmouth-Newport News, VA",36.231,-75.7731,11,35
544,"Norfolk-Portsmouth-Newport News, VA",35.7917,-75.5344,11,36
544,"Norfolk-Portsmouth-Newport News, VA",36.0034,-75.7273,11,37
544,"Norfolk-Portsmouth-Newport News, VA",36.0161,-75.6801,11,38
544,"Norfolk-Portsmouth-Newport News, VA",36.0418,-75.739,11,39
544,"Norfolk-Portsmouth-Newport News, VA",36.7234,-75.9434,11,40
544,"Norfolk-Portsmouth-Newport News, VA",36.567,-75.9945,11,41
544,"Norfolk-Portsmouth-Newport News, VA",36.5681,-75.9236,11,42
544,"Norfolk-Portsmouth-Newport News, VA",36.4885,-75.9008,11,43
544,"Norfolk-Portsmouth-Newport News, VA",36.4966,-75.9894,11,44
544,"Norfolk-Portsmouth-Newport News, VA",36.6161,-76.0482,11,45
544,"Norfolk-Portsmouth-Newport News, VA",36.5157,-76.0276,11,46
544,"Norfolk-Portsmouth-Newport News, VA",36.5002,-76.0834,11,47
544,"Norfolk-Portsmouth-Newport News, VA",36.3622,-75.9454,11,48
544,"Norfolk-Portsmouth-Newport News, VA",36.426,-75.9239,11,49
544,"Norfolk-Portsmouth-Newport News, VA",36.0718,-75.794,11,50
544,"Norfolk-Portsmouth-Newport News, VA",36.332,-75.9682,11,51
544,"Norfolk-Portsmouth-Newport News, VA",36.3605,-76.0456,11,52
544,"Norfolk-Portsmouth-Newport News, VA",36.2843,-75.9508,11,53
544,"Norfolk-Portsmouth-Newport News, VA",36.1997,-75.991,11,54
544,"Norfolk-Portsmouth-Newport News, VA",36.1661,-75.9116,11,55
544,"Norfolk-Portsmouth-Newport News, VA",36.1849,-76.016,11,56
544,"Norfolk-Portsmouth-Newport News, VA",36.2959,-76.1321,11,57
544,"Norfolk-Portsmouth-Newport News, VA",36.3011,-76.2171,11,58
544,"Norfolk-Portsmouth-Newport News, VA",36.1457,-76.0613,11,59
544,"Norfolk-Portsmouth-Newport News, VA",36.1249,-76.1825,11,60
544,"Norfolk-Portsmouth-Newport News, VA",36.2215,-76.2896,11,61
544,"Norfolk-Portsmouth-Newport News, VA",36.0961,-76.2217,11,62
544,"Norfolk-Portsmouth-Newport News, VA",36.2031,-76.4566,11,63
544,"Norfolk-Portsmouth-Newport News, VA",36.0995,-76.303,11,64
544,"Norfolk-Portsmouth-Newport News, VA",36.0068,-76.5157,11,65
544,"Norfolk-Portsmouth-Newport News, VA",36.0608,-76.689,11,66
544,"Norfolk-Portsmouth-Newport News, VA",36.2782,-76.6726,11,67
544,"Norfolk-Portsmouth-Newport News, VA",36.362,-76.773,11,68
544,"Norfolk-Portsmouth-Newport News, VA",36.3599,-76.794,11,69
544,"Norfolk-Portsmouth-Newport News, VA",36.2943,-76.7009,11,70
544,"Norfolk-Portsmouth-Newport News, VA",36.2438,-76.7295,11,71
544,"Norfolk-Portsmouth-Newport News, VA",37.1901,-76.7492,12,1
544,"Norfolk-Portsmouth-Newport News, VA",37.1967,-76.7649,12,2
544,"Norfolk-Portsmouth-Newport News, VA",37.2144,-76.7832,12,3
544,"Norfolk-Portsmouth-Newport News, VA",37.2042,-76.7355,12,4
544,"Norfolk-Portsmouth-Newport News, VA",37.1901,-76.7492,12,5
544,"Norfolk-Portsmouth-Newport News, VA",37.0858,-75.9637,13,1
544,"Norfolk-Portsmouth-Newport News, VA",37.0865,-75.9764,13,2
544,"Norfolk-Portsmouth-Newport News, VA",37.1022,-75.978,13,3
544,"Norfolk-Portsmouth-Newport News, VA",37.0955,-75.9538,13,4
544,"Norfolk-Portsmouth-Newport News, VA",37.0858,-75.9637,13,5
544,"Norfolk-Portsmouth-Newport News, VA",35.6691,-76.0131,14,1
544,"Norfolk-Portsmouth-Newport News, VA",35.8894,-75.986,14,2
544,"Norfolk-Portsmouth-Newport News, VA",35.959,-75.8095,14,3
544,"Norfolk-Portsmouth-Newport News, VA",35.8228,-75.7302,14,4
544,"Norfolk-Portsmouth-Newport News, VA",35.6988,-75.7138,14,5
544,"Norfolk-Portsmouth-Newport News, VA",35.684,-75.78,14,6
544,"Norfolk-Portsmouth-Newport News, VA",35.6252,-75.7317,14,7
544,"Norfolk-Portsmouth-Newport News, VA",35.5707,-75.8374,14,8
544,"Norfolk-Portsmouth-Newport News, VA",35.669,-75.9002,14,9
544,"Norfolk-Portsmouth-Newport News, VA",35.6691,-76.0131,14,10
544,"Norfolk-Portsmouth-Newport News, VA",35.8196,-75.6281,15,1
544,"Norfolk-Portsmouth-Newport News, VA",35.8259,-75.6509,15,2
544,"Norfolk-Portsmouth-Newport News, VA",35.9371,-75.726,15,3
544,"Norfolk-Portsmouth-Newport News, VA",35.9091,-75.646,15,4
544,"Norfolk-Portsmouth-Newport News, VA",35.8196,-75.6281,15,5
544,"Norfolk-Portsmouth-Newport News, VA",35.1895,-75.7507,16,1
544,"Norfolk-Portsmouth-Newport News, VA",35.2677,-75.5211,16,2
544,"Norfolk-Portsmouth-Newport News, VA",35.5821,-75.4665,16,3
544,"Norfolk-Portsmouth-Newport News, VA",35.7752,-75.526,16,4
544,"Norfolk-Portsmouth-Newport News, VA",35.5723,-75.4586,16,5
544,"Norfolk-Portsmouth-Newport News, VA",35.4144,-75.4849,16,6
544,"Norfolk-Portsmouth-Newport News, VA",35.2172,-75.5328,16,7
544,"Norfolk-Portsmouth-Newport News, VA",35.1895,-75.7507,16,8
545,"Greenville-New Bern-Washington, NC",34.722,-78.1132,1,1
545,"Greenville-New Bern-Washington, NC",34.7382,-78.2001,1,2
545,"Greenville-New Bern-Washington, NC",35.1894,-78.1635,1,3
545,"Greenville-New Bern-Washington, NC",35.1773,-77.8332,1,4
545,"Greenville-New Bern-Washington, NC",35.5726,-77.8237,1,5
545,"Greenville-New Bern-Washington, NC",35.8192,-77.3506,1,6
545,"Greenville-New Bern-Washington, NC",35.9987,-77.4091,1,7
545,"Greenville-New Bern-Washington, NC",36.1045,-77.2306,1,8
545,"Greenville-New Bern-Washington, NC",36.2071,-77.2985,1,9
545,"Greenville-New Bern-Washington, NC",36.2438,-76.7313,1,10
545,"Greenville-New Bern-Washington, NC",35.9366,-76.7211,1,11
545,"Greenville-New Bern-Washington, NC",35.9947,-76.1692,1,12
545,"Greenville-New Bern-Washington, NC",35.9573,-76.0136,1,13
545,"Greenville-New Bern-Washington, NC",35.9219,-76.072,1,14
545,"Greenville-New Bern-Washington, NC",35.9516,-76.109,1,15
545,"Greenville-New Bern-Washington, NC",35.9509,-76.123,1,16
545,"Greenville-New Bern-Washington, NC",35.9462,-76.1262,1,17
545,"Greenville-New Bern-Washington, NC",35.9085,-76.0704,1,18
545,"Greenville-New Bern-Washington, NC",35.922,-76.0125,1,19
545,"Greenville-New Bern-Washington, NC",35.6848,-76.0372,1,20
545,"Greenville-New Bern-Washington, NC",35.6808,-76.1258,1,21
545,"Greenville-New Bern-Washington, NC",35.669,-75.9002,1,22
545,"Greenville-New Bern-Washington, NC",35.5747,-75.8814,1,23
545,"Greenville-New Bern-Washington, NC",35.3273,-76.15,1,24
545,"Greenville-New Bern-Washington, NC",35.4148,-76.3493,1,25
545,"Greenville-New Bern-Washington, NC",35.3488,-76.3436,1,26
545,"Greenville-New Bern-Washington, NC",35.3483,-76.4025,1,27
545,"Greenville-New Bern-Washington, NC",35.4322,-76.3964,1,28
545,"Greenville-New Bern-Washington, NC",35.3959,-76.5241,1,29
545,"Greenville-New Bern-Washington, NC",35.5081,-76.587,1,30
545,"Greenville-New Bern-Washington, NC",35.5046,-76.4874,1,31
545,"Greenville-New Bern-Washington, NC",35.5539,-76.4508,1,32
545,"Greenville-New Bern-Washington, NC",35.5199,-76.6279,1,33
545,"Greenville-New Bern-Washington, NC",35.3889,-76.5737,1,34
545,"Greenville-New Bern-Washington, NC",35.5206,-77.0762,1,35
545,"Greenville-New Bern-Washington, NC",35.4344,-76.9677,1,36
545,"Greenville-New Bern-Washington, NC",35.3122,-76.4825,1,37
545,"Greenville-New Bern-Washington, NC",35.2194,-76.4913,1,38
545,"Greenville-New Bern-Washington, NC",35.2443,-76.5505,1,39
545,"Greenville-New Bern-Washington, NC",35.2395,-76.5933,1,40
545,"Greenville-New Bern-Washington, NC",35.2057,-76.5213,1,41
545,"Greenville-New Bern-Washington, NC",35.1846,-76.5262,1,42
545,"Greenville-New Bern-Washington, NC",35.2211,-76.6113,1,43
545,"Greenville-New Bern-Washington, NC",35.1798,-76.6121,1,44
545,"Greenville-New Bern-Washington, NC",35.1737,-76.6346,1,45
545,"Greenville-New Bern-Washington, NC",35.2,-76.6506,1,46
545,"Greenville-New Bern-Washington, NC",35.2038,-76.6552,1,47
545,"Greenville-New Bern-Washington, NC",35.2041,-76.6676,1,48
545,"Greenville-New Bern-Washington, NC",35.1353,-76.7742,1,49
545,"Greenville-New Bern-Washington, NC",35.1485,-76.5376,1,50
545,"Greenville-New Bern-Washington, NC",34.9646,-76.8038,1,51
545,"Greenville-New Bern-Washington, NC",35.0658,-76.9881,1,52
545,"Greenville-New Bern-Washington, NC",35.1363,-77.0332,1,53
545,"Greenville-New Bern-Washington, NC",35.1516,-77.0725,1,54
545,"Greenville-New Bern-Washington, NC",35.1622,-77.0726,1,55
545,"Greenville-New Bern-Washington, NC",35.1655,-77.0884,1,56
545,"Greenville-New Bern-Washington, NC",34.9924,-76.9642,1,57
545,"Greenville-New Bern-Washington, NC",34.9158,-76.7606,1,58
545,"Greenville-New Bern-Washington, NC",34.8927,-76.7822,1,59
545,"Greenville-New Bern-Washington, NC",34.8604,-76.7624,1,60
545,"Greenville-New Bern-Washington, NC",34.955,-76.7052,1,61
545,"Greenville-New Bern-Washington, NC",34.8988,-76.6841,1,62
545,"Greenville-New Bern-Washington, NC",34.8965,-76.6265,1,63
545,"Greenville-New Bern-Washington, NC",34.9883,-76.6345,1,64
545,"Greenville-New Bern-Washington, NC",34.8875,-76.5175,1,65
545,"Greenville-New Bern-Washington, NC",34.9871,-76.5807,1,66
545,"Greenville-New Bern-Washington, NC",34.954,-76.499,1,67
545,"Greenville-New Bern-Washington, NC",35.0584,-76.4359,1,68
545,"Greenville-New Bern-Washington, NC",34.9637,-76.4659,1,69
545,"Greenville-New Bern-Washington, NC",34.9035,-76.4377,1,70
545,"Greenville-New Bern-Washington, NC",34.9633,-76.4023,1,71
545,"Greenville-New Bern-Washington, NC",34.9359,-76.4068,1,72
545,"Greenville-New Bern-Washington, NC",34.9069,-76.3134,1,73
545,"Greenville-New Bern-Washington, NC",34.8853,-76.4052,1,74
545,"Greenville-New Bern-Washington, NC",34.7193,-76.5131,1,75
545,"Greenville-New Bern-Washington, NC",34.7888,-76.6085,1,76
545,"Greenville-New Bern-Washington, NC",34.7122,-76.6547,1,77
545,"Greenville-New Bern-Washington, NC",34.7984,-76.7214,1,78
545,"Greenville-New Bern-Washington, NC",34.7539,-76.7796,1,79
545,"Greenville-New Bern-Washington, NC",34.7157,-76.6942,1,80
545,"Greenville-New Bern-Washington, NC",34.733,-76.9088,1,81
545,"Greenville-New Bern-Washington, NC",34.6729,-77.0935,1,82
545,"Greenville-New Bern-Washington, NC",34.7122,-77.0753,1,83
545,"Greenville-New Bern-Washington, NC",34.7178,-77.1013,1,84
545,"Greenville-New Bern-Washington, NC",34.7423,-77.1172,1,85
545,"Greenville-New Bern-Washington, NC",34.751,-77.1104,1,86
545,"Greenville-New Bern-Washington, NC",34.7539,-77.1125,1,87
545,"Greenville-New Bern-Washington, NC",34.7725,-77.1521,1,88
545,"Greenville-New Bern-Washington, NC",34.6863,-77.1179,1,89
545,"Greenville-New Bern-Washington, NC",34.6523,-77.2171,1,90
545,"Greenville-New Bern-Washington, NC",34.5472,-77.3154,1,91
545,"Greenville-New Bern-Washington, NC",34.5845,-77.404,1,92
545,"Greenville-New Bern-Washington, NC",34.6327,-77.3143,1,93
545,"Greenville-New Bern-Washington, NC",34.7179,-77.3984,1,94
545,"Greenville-New Bern-Washington, NC",34.7235,-77.3629,1,95
545,"Greenville-New Bern-Washington, NC",34.7343,-77.3531,1,96
545,"Greenville-New Bern-Washington, NC",34.7513,-77.4345,1,97
545,"Greenville-New Bern-Washington, NC",34.6391,-77.3703,1,98
545,"Greenville-New Bern-Washington, NC",34.6117,-77.4477,1,99
545,"Greenville-New Bern-Washington, NC",34.543,-77.3603,1,100
545,"Greenville-New Bern-Washington, NC",34.4576,-77.5296,1,101
545,"Greenville-New Bern-Washington, NC",34.7206,-77.6806,1,102
545,"Greenville-New Bern-Washington, NC",34.722,-78.1132,1,103
545,"Greenville-New Bern-Washington, NC",36.2438,-76.7231,2,1
545,"Greenville-New Bern-Washington, NC",36.2306,-76.725,2,2
545,"Greenville-New Bern-Washington, NC",36.2438,-76.7295,2,3
545,"Greenville-New Bern-Washington, NC",36.2438,-76.7231,2,4
545,"Greenville-New Bern-Washington, NC",35.0654,-76.0043,3,1
545,"Greenville-New Bern-Washington, NC",35.1214,-75.979,3,2
545,"Greenville-New Bern-Washington, NC",35.1957,-75.7645,3,3
545,"Greenville-New Bern-Washington, NC",35.1005,-75.9644,3,4
545,"Greenville-New Bern-Washington, NC",35.0654,-76.0043,3,5
545,"Greenville-New Bern-Washington, NC",35.1895,-75.7507,4,1
545,"Greenville-New Bern-Washington, NC",35.1933,-75.7574,4,2
545,"Greenville-New Bern-Washington, NC",35.1943,-75.7523,4,3
545,"Greenville-New Bern-Washington, NC",35.1895,-75.7507,4,4
545,"Greenville-New Bern-Washington, NC",35.0585,-76.0692,5,1
545,"Greenville-New Bern-Washington, NC",35.0682,-76.0696,5,2
545,"Greenville-New Bern-Washington, NC",35.0711,-76.056,5,3
545,"Greenville-New Bern-Washington, NC",35.0659,-76.054,5,4
545,"Greenville-New Bern-Washington, NC",35.0585,-76.0692,5,5
545,"Greenville-New Bern-Washington, NC",35.0655,-76.0755,6,1
545,"Greenville-New Bern-Washington, NC",35.0681,-76.077,6,2
545,"Greenville-New Bern-Washington, NC",35.072,-76.0691,6,3
545,"Greenville-New Bern-Washington, NC",35.0674,-76.0707,6,4
545,"Greenville-New Bern-Washington, NC",35.0655,-76.0755,6,5
545,"Greenville-New Bern-Washington, NC",35.001,-76.1257,7,1
545,"Greenville-New Bern-Washington, NC",35.0036,-76.1258,7,2
545,"Greenville-New Bern-Washington, NC",35.0534,-76.0512,7,3
545,"Greenville-New Bern-Washington, NC",35.0555,-76.0435,7,4
545,"Greenville-New Bern-Washington, NC",35.0698,-76.0512,7,5
545,"Greenville-New Bern-Washington, NC",35.0632,-76.037,7,6
545,"Greenville-New Bern-Washington, NC",35.0553,-76.0418,7,7
545,"Greenville-New Bern-Washington, NC",35.001,-76.1257,7,8
545,"Greenville-New Bern-Washington, NC",35.0544,-76.0759,8,1
545,"Greenville-New Bern-Washington, NC",35.0551,-76.0805,8,2
545,"Greenville-New Bern-Washington, NC",35.0563,-76.0844,8,3
545,"Greenville-New Bern-Washington, NC",35.0623,-76.0784,8,4
545,"Greenville-New Bern-Washington, NC",35.0544,-76.0759,8,5
545,"Greenville-New Bern-Washington, NC",34.9237,-76.2972,9,1
545,"Greenville-New Bern-Washington, NC",34.9316,-76.3828,9,2
545,"Greenville-New Bern-Washington, NC",34.9571,-76.3166,9,3
545,"Greenville-New Bern-Washington, NC",35.0222,-76.3553,9,4
545,"Greenville-New Bern-Washington, NC",35.0037,-76.3175,9,5
545,"Greenville-New Bern-Washington, NC",35.0264,-76.3354,9,6
545,"Greenville-New Bern-Washington, NC",35.0115,-76.2971,9,7
545,"Greenville-New Bern-Washington, NC",34.9237,-76.2972,9,8
545,"Greenville-New Bern-Washington, NC",35.0002,-76.1396,10,1
545,"Greenville-New Bern-Washington, NC",35.0027,-76.1439,10,2
545,"Greenville-New Bern-Washington, NC",35.0056,-76.1364,10,3
545,"Greenville-New Bern-Washington, NC",35.0002,-76.1396,10,4
545,"Greenville-New Bern-Washington, NC",34.9349,-76.2112,11,1
545,"Greenville-New Bern-Washington, NC",34.9616,-76.1784,11,2
545,"Greenville-New Bern-Washington, NC",34.9725,-76.176,11,3
545,"Greenville-New Bern-Washington, NC",34.9997,-76.1267,11,4
545,"Greenville-New Bern-Washington, NC",34.9349,-76.2112,11,5
545,"Greenville-New Bern-Washington, NC",34.9604,-76.1811,12,1
545,"Greenville-New Bern-Washington, NC",34.9664,-76.1864,12,2
545,"Greenville-New Bern-Washington, NC",34.9635,-76.1806,12,3
545,"Greenville-New Bern-Washington, NC",34.9604,-76.1811,12,4
545,"Greenville-New Bern-Washington, NC",34.9547,-76.1874,13,1
545,"Greenville-New Bern-Washington, NC",34.9558,-76.1934,13,2
545,"Greenville-New Bern-Washington, NC",34.9583,-76.1951,13,3
545,"Greenville-New Bern-Washington, NC",34.9615,-76.1886,13,4
545,"Greenville-New Bern-Washington, NC",34.9547,-76.1874,13,5
545,"Greenville-New Bern-Washington, NC",34.8545,-76.313,14,1
545,"Greenville-New Bern-Washington, NC",34.8599,-76.3145,14,2
545,"Greenville-New Bern-Washington, NC",34.9339,-76.2105,14,3
545,"Greenville-New Bern-Washington, NC",34.8808,-76.2769,14,4
545,"Greenville-New Bern-Washington, NC",34.8545,-76.313,14,5
545,"Greenville-New Bern-Washington, NC",34.5814,-76.5356,15,1
545,"Greenville-New Bern-Washington, NC",34.6255,-76.555,15,2
545,"Greenville-New Bern-Washington, NC",34.6097,-76.5339,15,3
545,"Greenville-New Bern-Washington, NC",34.7604,-76.4382,15,4
545,"Greenville-New Bern-Washington, NC",34.8535,-76.3216,15,5
545,"Greenville-New Bern-Washington, NC",34.5814,-76.5356,15,6
545,"Greenville-New Bern-Washington, NC",34.7066,-76.6807,16,1
545,"Greenville-New Bern-Washington, NC",34.7191,-76.6896,16,2
545,"Greenville-New Bern-Washington, NC",34.7273,-76.672,16,3
545,"Greenville-New Bern-Washington, NC",34.7205,-76.6828,16,4
545,"Greenville-New Bern-Washington, NC",34.7066,-76.6807,16,5
545,"Greenville-New Bern-Washington, NC",34.6846,-76.5258,17,1
545,"Greenville-New Bern-Washington, NC",34.6987,-76.5816,17,2
545,"Greenville-New Bern-Washington, NC",34.7118,-76.5871,17,3
545,"Greenville-New Bern-Washington, NC",34.7092,-76.5605,17,4
545,"Greenville-New Bern-Washington, NC",34.6846,-76.5258,17,5
545,"Greenville-New Bern-Washington, NC",34.6431,-77.0988,18,1
545,"Greenville-New Bern-Washington, NC",34.6673,-77.0644,18,2
545,"Greenville-New Bern-Washington, NC",34.7049,-76.8231,18,3
545,"Greenville-New Bern-Washington, NC",34.6969,-76.6757,18,4
545,"Greenville-New Bern-Washington, NC",34.6431,-77.0988,18,5
545,"Greenville-New Bern-Washington, NC",34.7008,-76.6966,19,1
545,"Greenville-New Bern-Washington, NC",34.7067,-76.7037,19,2
545,"Greenville-New Bern-Washington, NC",34.7119,-76.7002,19,3
545,"Greenville-New Bern-Washington, NC",34.703,-76.6901,19,4
545,"Greenville-New Bern-Washington, NC",34.7008,-76.6966,19,5
545,"Greenville-New Bern-Washington, NC",34.6286,-76.5298,20,1
545,"Greenville-New Bern-Washington, NC",34.6489,-76.5531,20,2
545,"Greenville-New Bern-Washington, NC",34.6804,-76.653,20,3
545,"Greenville-New Bern-Washington, NC",34.6897,-76.6655,20,4
545,"Greenville-New Bern-Washington, NC",34.6658,-76.5726,20,5
545,"Greenville-New Bern-Washington, NC",34.6432,-76.529,20,6
545,"Greenville-New Bern-Washington, NC",34.6286,-76.5298,20,7
545,"Greenville-New Bern-Washington, NC",34.6219,-77.1726,21,1
545,"Greenville-New Bern-Washington, NC",34.6418,-77.1445,21,2
545,"Greenville-New Bern-Washington, NC",34.6412,-77.1153,21,3
545,"Greenville-New Bern-Washington, NC",34.6354,-77.1256,21,4
545,"Greenville-New Bern-Washington, NC",34.6219,-77.1726,21,5
545,"Greenville-New Bern-Washington, NC",34.6146,-77.203,22,1
545,"Greenville-New Bern-Washington, NC",34.6228,-77.2094,22,2
545,"Greenville-New Bern-Washington, NC",34.6274,-77.2065,22,3
545,"Greenville-New Bern-Washington, NC",34.6166,-77.1929,22,4
545,"Greenville-New Bern-Washington, NC",34.6146,-77.203,22,5
545,"Greenville-New Bern-Washington, NC",34.5958,-77.2299,23,1
545,"Greenville-New Bern-Washington, NC",34.6222,-77.2106,23,2
545,"Greenville-New Bern-Washington, NC",34.612,-77.2078,23,3
545,"Greenville-New Bern-Washington, NC",34.621,-77.1776,23,4
545,"Greenville-New Bern-Washington, NC",34.5958,-77.2299,23,5
545,"Greenville-New Bern-Washington, NC",34.5311,-77.3337,24,1
545,"Greenville-New Bern-Washington, NC",34.5322,-77.3385,24,2
545,"Greenville-New Bern-Washington, NC",34.5646,-77.2809,24,3
545,"Greenville-New Bern-Washington, NC",34.5962,-77.2417,24,4
545,"Greenville-New Bern-Washington, NC",34.594,-77.232,24,5
545,"Greenville-New Bern-Washington, NC",34.5311,-77.3337,24,6
545,"Greenville-New Bern-Washington, NC",34.4405,-77.5179,25,1
545,"Greenville-New Bern-Washington, NC",34.4507,-77.5269,25,2
545,"Greenville-New Bern-Washington, NC",34.4659,-77.5089,25,3
545,"Greenville-New Bern-Washington, NC",34.4479,-77.5114,25,4
545,"Greenville-New Bern-Washington, NC",34.4815,-77.4747,25,5
545,"Greenville-New Bern-Washington, NC",34.5163,-77.369,25,6
545,"Greenville-New Bern-Washington, NC",34.5415,-77.3427,25,7
545,"Greenville-New Bern-Washington, NC",34.5262,-77.3423,25,8
545,"Greenville-New Bern-Washington, NC",34.4405,-77.5179,25,9
546,"Columbia, SC",33.5657,-81.2851,1,1
546,"Columbia, SC",33.6544,-81.1863,1,2
546,"Columbia, SC",33.7321,-81.4152,1,3
546,"Columbia, SC",33.8729,-81.5689,1,4
546,"Columbia, SC",34.0766,-81.472,1,5
546,"Columbia, SC",34.1854,-81.734,1,6
546,"Columbia, SC",34.1359,-81.873,1,7
546,"Columbia, SC",34.2031,-81.945,1,8
546,"Columbia, SC",34.533,-81.6436,1,9
546,"Columbia, SC",34.4449,-81.5406,1,10
546,"Columbia, SC",34.4944,-81.4232,1,11
546,"Columbia, SC",34.5726,-81.4196,1,12
546,"Columbia, SC",34.5431,-80.8775,1,13
546,"Columbia, SC",34.4578,-80.8793,1,14
546,"Columbia, SC",34.5401,-80.7432,1,15
546,"Columbia, SC",34.4804,-80.7404,1,16
546,"Columbia, SC",34.489,-80.5609,1,17
546,"Columbia, SC",34.5601,-80.5506,1,18
546,"Columbia, SC",34.6148,-80.4084,1,19
546,"Columbia, SC",34.357,-80.2842,1,20
546,"Columbia, SC",34.3662,-80.1772,1,21
546,"Columbia, SC",34.2286,-80.1118,1,22
546,"Columbia, SC",34.1436,-80.1469,1,23
546,"Columbia, SC",33.9879,-79.893,1,24
546,"Columbia, SC",33.9461,-79.9737,1,25
546,"Columbia, SC",33.8852,-79.8754,1,26
546,"Columbia, SC",33.2646,-80.3116,1,27
546,"Columbia, SC",33.26,-80.4362,1,28
546,"Columbia, SC",33.3345,-80.5028,1,29
546,"Columbia, SC",33.178,-80.8036,1,30
546,"Columbia, SC",33.3095,-80.9486,1,31
546,"Columbia, SC",33.4906,-81.3734,1,32
546,"Columbia, SC",33.5657,-81.2851,1,33
547,"Toledo, OH",40.8198,-83.8801,1,1
547,"Toledo, OH",40.9205,-83.8803,1,2
547,"Toledo, OH",40.8591,-84.3405,1,3
547,"Toledo, OH",40.9904,-84.3994,1,4
547,"Toledo, OH",40.9907,-84.3419,1,5
547,"Toledo, OH",41.2092,-84.3417,1,6
547,"Toledo, OH",41.2525,-84.8035,1,7
547,"Toledo, OH",41.6961,-84.8061,1,8
547,"Toledo, OH",41.7066,-84.3605,1,9
547,"Toledo, OH",42.0735,-84.3629,1,10
547,"Toledo, OH",42.0824,-83.7739,1,11
547,"Toledo, OH",41.7236,-83.763,1,12
547,"Toledo, OH",41.7326,-83.4538,1,13
547,"Toledo, OH",41.5144,-82.9344,1,14
547,"Toledo, OH",41.5883,-82.8368,1,15
547,"Toledo, OH",41.5366,-82.7109,1,16
547,"Toledo, OH",41.4636,-83.0396,1,17
547,"Toledo, OH",41.4303,-82.8475,1,18
547,"Toledo, OH",40.9968,-82.8295,1,19
547,"Toledo, OH",40.9936,-83.1126,1,20
547,"Toledo, OH",40.703,-83.1113,1,21
547,"Toledo, OH",40.6876,-83.4403,1,22
547,"Toledo, OH",40.7015,-83.4959,1,23
547,"Toledo, OH",40.8178,-83.4963,1,24
547,"Toledo, OH",40.8198,-83.8801,1,25
547,"Toledo, OH",41.7062,-82.8072,2,1
547,"Toledo, OH",41.7084,-82.8331,2,2
547,"Toledo, OH",41.7108,-82.8356,2,3
547,"Toledo, OH",41.7235,-82.8135,2,4
547,"Toledo, OH",41.7062,-82.8072,2,5
547,"Toledo, OH",41.6705,-82.8099,3,1
547,"Toledo, OH",41.6845,-82.8268,3,2
547,"Toledo, OH",41.6922,-82.8116,3,3
547,"Toledo, OH",41.6966,-82.7795,3,4
547,"Toledo, OH",41.6705,-82.8099,3,5
547,"Toledo, OH",41.6906,-82.8298,4,1
547,"Toledo, OH",41.693,-82.8267,4,2
547,"Toledo, OH",41.6913,-82.8222,4,3
547,"Toledo, OH",41.6909,-82.8244,4,4
547,"Toledo, OH",41.6906,-82.8298,4,5
547,"Toledo, OH",41.6768,-82.8485,5,1
547,"Toledo, OH",41.6775,-82.8516,5,2
547,"Toledo, OH",41.6817,-82.8568,5,3
547,"Toledo, OH",41.6791,-82.8443,5,4
547,"Toledo, OH",41.6768,-82.8485,5,5
547,"Toledo, OH",41.6283,-82.8421,6,1
547,"Toledo, OH",41.6564,-82.8351,6,2
547,"Toledo, OH",41.6647,-82.7931,6,3
547,"Toledo, OH",41.6337,-82.827,6,4
547,"Toledo, OH",41.6283,-82.8421,6,5
548,"West Palm Beach-Ft. Pierce, FL",27.4856,-80.3109,1,1
548,"West Palm Beach-Ft. Pierce, FL",27.6702,-80.3622,1,2
548,"West Palm Beach-Ft. Pierce, FL",27.8596,-80.447,1,3
548,"West Palm Beach-Ft. Pierce, FL",27.7422,-80.3847,1,4
548,"West Palm Beach-Ft. Pierce, FL",27.4739,-80.2849,1,5
548,"West Palm Beach-Ft. Pierce, FL",27.4856,-80.3109,1,6
548,"West Palm Beach-Ft. Pierce, FL",26.3338,-80.8812,2,1
548,"West Palm Beach-Ft. Pierce, FL",27.1469,-80.8711,2,2
548,"West Palm Beach-Ft. Pierce, FL",27.528,-81.2129,2,3
548,"West Palm Beach-Ft. Pierce, FL",27.6432,-81.1422,2,4
548,"West Palm Beach-Ft. Pierce, FL",27.6416,-80.8729,2,5
548,"West Palm Beach-Ft. Pierce, FL",27.8226,-80.8816,2,6
548,"West Palm Beach-Ft. Pierce, FL",27.8534,-80.4902,2,7
548,"West Palm Beach-Ft. Pierce, FL",27.6854,-80.3896,2,8
548,"West Palm Beach-Ft. Pierce, FL",27.4293,-80.3165,2,9
548,"West Palm Beach-Ft. Pierce, FL",27.1745,-80.1878,2,10
548,"West Palm Beach-Ft. Pierce, FL",27.2155,-80.2106,2,11
548,"West Palm Beach-Ft. Pierce, FL",27.2403,-80.3234,2,12
548,"West Palm Beach-Ft. Pierce, FL",27.1546,-80.2573,2,13
548,"West Palm Beach-Ft. Pierce, FL",27.2057,-80.2196,2,14
548,"West Palm Beach-Ft. Pierce, FL",27.1801,-80.1962,2,15
548,"West Palm Beach-Ft. Pierce, FL",27.1721,-80.2002,2,16
548,"West Palm Beach-Ft. Pierce, FL",27.1742,-80.2013,2,17
548,"West Palm Beach-Ft. Pierce, FL",27.1718,-80.2009,2,18
548,"West Palm Beach-Ft. Pierce, FL",27.1728,-80.2068,2,19
548,"West Palm Beach-Ft. Pierce, FL",27.1717,-80.2074,2,20
548,"West Palm Beach-Ft. Pierce, FL",27.1645,-80.192,2,21
548,"West Palm Beach-Ft. Pierce, FL",27.1616,-80.1953,2,22
548,"West Palm Beach-Ft. Pierce, FL",27.1516,-80.199,2,23
548,"West Palm Beach-Ft. Pierce, FL",27.1446,-80.1944,2,24
548,"West Palm Beach-Ft. Pierce, FL",27.1629,-80.1593,2,25
548,"West Palm Beach-Ft. Pierce, FL",26.8643,-80.0477,2,26
548,"West Palm Beach-Ft. Pierce, FL",26.3361,-80.0707,2,27
548,"West Palm Beach-Ft. Pierce, FL",26.3338,-80.8812,2,28
548,"West Palm Beach-Ft. Pierce, FL",27.7545,-80.4149,3,1
548,"West Palm Beach-Ft. Pierce, FL",27.755,-80.4175,3,2
548,"West Palm Beach-Ft. Pierce, FL",27.7611,-80.4217,3,3
548,"West Palm Beach-Ft. Pierce, FL",27.7611,-80.416,3,4
548,"West Palm Beach-Ft. Pierce, FL",27.7545,-80.4149,3,5
548,"West Palm Beach-Ft. Pierce, FL",27.7247,-80.3983,4,1
548,"West Palm Beach-Ft. Pierce, FL",27.7381,-80.4118,4,2
548,"West Palm Beach-Ft. Pierce, FL",27.7566,-80.4116,4,3
548,"West Palm Beach-Ft. Pierce, FL",27.7352,-80.3958,4,4
548,"West Palm Beach-Ft. Pierce, FL",27.7247,-80.3983,4,5
548,"West Palm Beach-Ft. Pierce, FL",27.7124,-80.3921,5,1
548,"West Palm Beach-Ft. Pierce, FL",27.7187,-80.3951,5,2
548,"West Palm Beach-Ft. Pierce, FL",27.7222,-80.3935,5,3
548,"West Palm Beach-Ft. Pierce, FL",27.7159,-80.391,5,4
548,"West Palm Beach-Ft. Pierce, FL",27.7124,-80.3921,5,5
548,"West Palm Beach-Ft. Pierce, FL",27.1689,-80.1569,6,1
548,"West Palm Beach-Ft. Pierce, FL",27.3484,-80.2598,6,2
548,"West Palm Beach-Ft. Pierce, FL",27.4597,-80.2907,6,3
548,"West Palm Beach-Ft. Pierce, FL",27.4603,-80.317,6,4
548,"West Palm Beach-Ft. Pierce, FL",27.4699,-80.2968,6,5
548,"West Palm Beach-Ft. Pierce, FL",27.4712,-80.2866,6,6
548,"West Palm Beach-Ft. Pierce, FL",27.1689,-80.1569,6,7
548,"West Palm Beach-Ft. Pierce, FL",27.1762,-80.1864,7,1
548,"West Palm Beach-Ft. Pierce, FL",27.1793,-80.1868,7,2
548,"West Palm Beach-Ft. Pierce, FL",27.1794,-80.1861,7,3
548,"West Palm Beach-Ft. Pierce, FL",27.1762,-80.1864,7,4
548,"West Palm Beach-Ft. Pierce, FL",26.6897,-80.0438,8,1
548,"West Palm Beach-Ft. Pierce, FL",26.6978,-80.0446,8,2
548,"West Palm Beach-Ft. Pierce, FL",26.6995,-80.0431,8,3
548,"West Palm Beach-Ft. Pierce, FL",26.6953,-80.0428,8,4
548,"West Palm Beach-Ft. Pierce, FL",26.6897,-80.0438,8,5
548,"West Palm Beach-Ft. Pierce, FL",26.5619,-80.0425,9,1
548,"West Palm Beach-Ft. Pierce, FL",26.5622,-80.0445,9,2
548,"West Palm Beach-Ft. Pierce, FL",26.5675,-80.0426,9,3
548,"West Palm Beach-Ft. Pierce, FL",26.5667,-80.0415,9,4
548,"West Palm Beach-Ft. Pierce, FL",26.5619,-80.0425,9,5
549,"Watertown, NY",43.9609,-76.2777,1,1
549,"Watertown, NY",44.0585,-76.2952,1,2
549,"Watertown, NY",44.1126,-76.3625,1,3
549,"Watertown, NY",44.3511,-75.8656,1,4
549,"Watertown, NY",44.535,-75.7381,1,5
549,"Watertown, NY",44.7725,-75.4138,1,6
549,"Watertown, NY",44.9834,-74.9725,1,7
549,"Watertown, NY",45.0146,-74.8016,1,8
549,"Watertown, NY",44.9526,-74.6419,1,9
549,"Watertown, NY",44.0992,-74.5352,1,10
549,"Watertown, NY",44.0504,-75.0628,1,11
549,"Watertown, NY",44.097,-75.1702,1,12
549,"Watertown, NY",43.6152,-75.1102,1,13
549,"Watertown, NY",43.4198,-75.5335,1,14
549,"Watertown, NY",43.4704,-75.7562,1,15
549,"Watertown, NY",43.6889,-75.7746,1,16
549,"Watertown, NY",43.6802,-76.2003,1,17
549,"Watertown, NY",43.8559,-76.2974,1,18
549,"Watertown, NY",43.9005,-76.2133,1,19
549,"Watertown, NY",43.8504,-76.2047,1,20
549,"Watertown, NY",43.9683,-76.0659,1,21
549,"Watertown, NY",43.9758,-76.2074,1,22
549,"Watertown, NY",44.0635,-76.1287,1,23
549,"Watertown, NY",44.0521,-76.2751,1,24
549,"Watertown, NY",44.0251,-76.2007,1,25
549,"Watertown, NY",43.9609,-76.2777,1,26
549,"Watertown, NY",44.2843,-76.0277,2,1
549,"Watertown, NY",44.3257,-76.0542,2,2
549,"Watertown, NY",44.3675,-75.9193,2,3
549,"Watertown, NY",44.3266,-75.939,2,4
549,"Watertown, NY",44.2843,-76.0277,2,5
549,"Watertown, NY",44.2484,-76.1306,3,1
549,"Watertown, NY",44.2864,-76.1479,3,2
549,"Watertown, NY",44.3107,-76.0749,3,3
549,"Watertown, NY",44.2753,-76.0805,3,4
549,"Watertown, NY",44.2484,-76.1306,3,5
549,"Watertown, NY",44.2833,-76.0583,4,1
549,"Watertown, NY",44.2927,-76.052,4,2
549,"Watertown, NY",44.2959,-76.0433,4,3
549,"Watertown, NY",44.2889,-76.0444,4,4
549,"Watertown, NY",44.2833,-76.0583,4,5
549,"Watertown, NY",44.167,-76.3073,5,1
549,"Watertown, NY",44.169,-76.3114,5,2
549,"Watertown, NY",44.181,-76.3107,5,3
549,"Watertown, NY",44.19,-76.2926,5,4
549,"Watertown, NY",44.1802,-76.2649,5,5
549,"Watertown, NY",44.167,-76.3073,5,6
549,"Watertown, NY",44.0329,-76.3724,6,1
549,"Watertown, NY",44.0515,-76.371,6,2
549,"Watertown, NY",44.0538,-76.341,6,3
549,"Watertown, NY",44.0373,-76.3513,6,4
549,"Watertown, NY",44.0329,-76.3724,6,5
549,"Watertown, NY",44.0303,-76.3229,7,1
549,"Watertown, NY",44.0327,-76.3381,7,2
549,"Watertown, NY",44.0435,-76.3304,7,3
549,"Watertown, NY",44.0506,-76.318,7,4
549,"Watertown, NY",44.0303,-76.3229,7,5
549,"Watertown, NY",43.8871,-76.4437,8,1
549,"Watertown, NY",43.9191,-76.4095,8,2
549,"Watertown, NY",43.9211,-76.3768,8,3
549,"Watertown, NY",43.9014,-76.401,8,4
549,"Watertown, NY",43.8871,-76.4437,8,5
549,"Watertown, NY",43.8782,-76.3558,9,1
549,"Watertown, NY",43.8945,-76.3452,9,2
549,"Watertown, NY",43.9039,-76.3177,9,3
549,"Watertown, NY",43.9142,-76.3136,9,4
549,"Watertown, NY",43.9178,-76.3003,9,5
549,"Watertown, NY",43.8822,-76.3263,9,6
549,"Watertown, NY",43.8782,-76.3558,9,7
550,"Wilmington, NC",33.8795,-78.5741,1,1
550,"Wilmington, NC",34.2992,-79.0712,1,2
550,"Wilmington, NC",34.5074,-78.8432,1,3
550,"Wilmington, NC",34.6905,-78.8062,1,4
550,"Wilmington, NC",34.8348,-78.9011,1,5
550,"Wilmington, NC",34.8563,-78.4948,1,6
550,"Wilmington, NC",34.5539,-78.2546,1,7
550,"Wilmington, NC",34.722,-78.1132,1,8
550,"Wilmington, NC",34.7206,-77.6806,1,9
550,"Wilmington, NC",34.4558,-77.5342,1,10
550,"Wilmington, NC",34.3638,-77.6778,1,11
550,"Wilmington, NC",34.312,-77.7337,1,12
550,"Wilmington, NC",34.2058,-77.8271,1,13
550,"Wilmington, NC",34.0987,-77.8837,1,14
550,"Wilmington, NC",34.0367,-77.8928,1,15
550,"Wilmington, NC",34.0761,-77.8834,1,16
550,"Wilmington, NC",34.0757,-77.8744,1,17
550,"Wilmington, NC",33.9286,-77.9372,1,18
550,"Wilmington, NC",34.0244,-77.9269,1,19
550,"Wilmington, NC",33.9164,-78.0191,1,20
550,"Wilmington, NC",33.9525,-78.2209,1,21
550,"Wilmington, NC",33.8795,-78.5741,1,22
550,"Wilmington, NC",34.4405,-77.5179,2,1
550,"Wilmington, NC",34.3495,-77.6456,2,2
550,"Wilmington, NC",34.3481,-77.654,2,3
550,"Wilmington, NC",34.4144,-77.5889,2,4
550,"Wilmington, NC",34.4405,-77.5179,2,5
550,"Wilmington, NC",34.2968,-77.7122,3,1
550,"Wilmington, NC",34.3446,-77.6979,3,2
550,"Wilmington, NC",34.3479,-77.6582,3,3
550,"Wilmington, NC",34.3314,-77.683,3,4
550,"Wilmington, NC",34.2968,-77.7122,3,5
550,"Wilmington, NC",34.294,-77.7249,4,1
550,"Wilmington, NC",34.3052,-77.7332,4,2
550,"Wilmington, NC",34.3218,-77.7171,4,3
550,"Wilmington, NC",34.3071,-77.7119,4,4
550,"Wilmington, NC",34.294,-77.7249,4,5
550,"Wilmington, NC",34.2536,-77.7651,5,1
550,"Wilmington, NC",34.2584,-77.7566,5,2
550,"Wilmington, NC",34.2638,-77.7514,5,3
550,"Wilmington, NC",34.2941,-77.7429,5,4
550,"Wilmington, NC",34.2935,-77.7167,5,5
550,"Wilmington, NC",34.2456,-77.7642,5,6
550,"Wilmington, NC",34.2536,-77.7651,5,7
550,"Wilmington, NC",34.2536,-77.7651,6,1
550,"Wilmington, NC",34.2462,-77.7742,6,2
550,"Wilmington, NC",34.249,-77.7812,6,3
550,"Wilmington, NC",34.2654,-77.7538,6,4
550,"Wilmington, NC",34.2536,-77.7651,6,5
550,"Wilmington, NC",34.1863,-77.8113,7,1
550,"Wilmington, NC",34.2185,-77.7889,7,2
550,"Wilmington, NC",34.2214,-77.8081,7,3
550,"Wilmington, NC",34.2455,-77.7666,7,4
550,"Wilmington, NC",34.1863,-77.8113,7,5
550,"Wilmington, NC",34.2063,-77.8016,8,1
550,"Wilmington, NC",34.2152,-77.8144,8,2
550,"Wilmington, NC",34.2189,-77.8111,8,3
550,"Wilmington, NC",34.219,-77.7966,8,4
550,"Wilmington, NC",34.2063,-77.8016,8,5
550,"Wilmington, NC",34.0789,-77.881,9,1
550,"Wilmington, NC",34.1432,-77.8602,9,2
550,"Wilmington, NC",34.181,-77.8158,9,3
550,"Wilmington, NC",34.0792,-77.8697,9,4
550,"Wilmington, NC",34.0789,-77.881,9,5
550,"Wilmington, NC",33.8869,-78.0177,10,1
550,"Wilmington, NC",33.91,-78.1226,10,2
550,"Wilmington, NC",33.9119,-78.2328,10,3
550,"Wilmington, NC",33.9164,-78.2348,10,4
550,"Wilmington, NC",33.9192,-78.0554,10,5
550,"Wilmington, NC",33.8869,-78.0177,10,6
550,"Wilmington, NC",33.9012,-78.3693,11,1
550,"Wilmington, NC",33.9039,-78.3802,11,2
550,"Wilmington, NC",33.9199,-78.2383,11,3
550,"Wilmington, NC",33.9084,-78.233,11,4
550,"Wilmington, NC",33.9012,-78.3693,11,5
550,"Wilmington, NC",33.8398,-77.9598,12,1
550,"Wilmington, NC",33.8674,-78.0097,12,2
550,"Wilmington, NC",33.8786,-77.9673,12,3
550,"Wilmington, NC",33.9174,-77.9468,12,4
550,"Wilmington, NC",33.8398,-77.9598,12,5
550,"Wilmington, NC",33.875,-78.4739,13,1
550,"Wilmington, NC",33.8956,-78.4365,13,2
550,"Wilmington, NC",33.9043,-78.3853,13,3
550,"Wilmington, NC",33.8972,-78.39,13,4
550,"Wilmington, NC",33.875,-78.4739,13,5
550,"Wilmington, NC",33.88,-77.969,14,1
550,"Wilmington, NC",33.8863,-77.9788,14,2
550,"Wilmington, NC",33.8872,-77.9841,14,3
550,"Wilmington, NC",33.8936,-77.9894,14,4
550,"Wilmington, NC",33.88,-77.969,14,5
550,"Wilmington, NC",33.8775,-78.48,15,1
550,"Wilmington, NC",33.8873,-78.4837,15,2
550,"Wilmington, NC",33.8887,-78.4701,15,3
550,"Wilmington, NC",33.8828,-78.4699,15,4
550,"Wilmington, NC",33.8775,-78.48,15,5
550,"Wilmington, NC",33.8766,-78.4878,16,1
550,"Wilmington, NC",33.8815,-78.4962,16,2
550,"Wilmington, NC",33.8827,-78.5027,16,3
550,"Wilmington, NC",33.8874,-78.4842,16,4
550,"Wilmington, NC",33.8766,-78.4878,16,5
550,"Wilmington, NC",33.8568,-78.5282,17,1
550,"Wilmington, NC",33.8721,-78.5111,17,2
550,"Wilmington, NC",33.8785,-78.5206,17,3
550,"Wilmington, NC",33.8757,-78.4827,17,4
550,"Wilmington, NC",33.8568,-78.5282,17,5
550,"Wilmington, NC",33.8599,-78.5401,18,1
550,"Wilmington, NC",33.8753,-78.5404,18,2
550,"Wilmington, NC",33.8685,-78.5201,18,3
550,"Wilmington, NC",33.866,-78.5335,18,4
550,"Wilmington, NC",33.8599,-78.5401,18,5
550,"Wilmington, NC",33.8661,-78.5584,19,1
550,"Wilmington, NC",33.8742,-78.5423,19,2
550,"Wilmington, NC",33.874,-78.5418,19,3
550,"Wilmington, NC",33.8655,-78.5471,19,4
550,"Wilmington, NC",33.8603,-78.5444,19,5
550,"Wilmington, NC",33.8661,-78.5584,19,6
550,"Wilmington, NC",33.8509,-78.5409,20,1
550,"Wilmington, NC",33.8588,-78.5405,20,2
550,"Wilmington, NC",33.8627,-78.5268,20,3
550,"Wilmington, NC",33.8564,-78.5286,20,4
550,"Wilmington, NC",33.8509,-78.5409,20,5
551,"Lansing, MI",41.6961,-84.8061,1,1
551,"Lansing, MI",42.0726,-84.8264,1,2
551,"Lansing, MI",42.0704,-84.7096,1,3
551,"Lansing, MI",42.422,-84.7184,1,4
551,"Lansing, MI",42.4214,-85.0716,1,5
551,"Lansing, MI",42.7707,-85.0741,1,6
551,"Lansing, MI",42.7706,-84.8371,1,7
551,"Lansing, MI",43.1188,-84.8367,1,8
551,"Lansing, MI",43.1179,-84.3678,1,9
551,"Lansing, MI",42.776,-84.3638,1,10
551,"Lansing, MI",42.7767,-84.1581,1,11
551,"Lansing, MI",42.0721,-84.1311,1,12
551,"Lansing, MI",42.0735,-84.3629,1,13
551,"Lansing, MI",41.7066,-84.3605,1,14
551,"Lansing, MI",41.6961,-84.8061,1,15
552,"Presque Isle, ME",46.574,-70.0232,1,1
552,"Presque Isle, ME",46.6952,-69.9971,1,2
552,"Presque Isle, ME",47.4597,-69.2244,1,3
552,"Presque Isle, ME",47.4276,-69.0439,1,4
552,"Presque Isle, ME",47.2573,-69.0507,1,5
552,"Presque Isle, ME",47.1785,-68.901,1,6
552,"Presque Isle, ME",47.3543,-68.231,1,7
552,"Presque Isle, ME",47.0657,-67.7898,1,8
552,"Presque Isle, ME",45.7312,-67.7819,1,9
552,"Presque Isle, ME",45.5795,-68.4326,1,10
552,"Presque Isle, ME",46.3819,-68.4364,1,11
552,"Presque Isle, ME",46.3957,-68.8211,1,12
552,"Presque Isle, ME",46.5725,-68.822,1,13
552,"Presque Isle, ME",46.574,-70.0232,1,14
553,"Marquette, MI",47.8232,-89.1587,1,1
553,"Marquette, MI",47.8538,-89.2356,1,2
553,"Marquette, MI",47.9354,-89.1783,1,3
553,"Marquette, MI",48.191,-88.4226,1,4
553,"Marquette, MI",48.0419,-88.6075,1,5
553,"Marquette, MI",47.8232,-89.1587,1,6
553,"Marquette, MI",45.9682,-85.8653,2,1
553,"Marquette, MI",45.9195,-85.9135,2,2
553,"Marquette, MI",45.9421,-86.278,2,3
553,"Marquette, MI",45.7917,-86.3555,2,4
553,"Marquette, MI",45.7119,-86.5809,2,5
553,"Marquette, MI",45.6005,-86.6109,2,6
553,"Marquette, MI",45.679,-86.7178,2,7
553,"Marquette, MI",45.782,-86.631,2,8
553,"Marquette, MI",45.7719,-86.5584,2,9
553,"Marquette, MI",45.8895,-86.5402,2,10
553,"Marquette, MI",45.8602,-86.7821,2,11
553,"Marquette, MI",45.7223,-86.8387,2,12
553,"Marquette, MI",45.6677,-86.9669,2,13
553,"Marquette, MI",45.9155,-86.9741,2,14
553,"Marquette, MI",45.7087,-87.0594,2,15
553,"Marquette, MI",45.5505,-87.3275,2,16
553,"Marquette, MI",45.9853,-87.3677,2,17
553,"Marquette, MI",45.9859,-87.617,2,18
553,"Marquette, MI",45.8987,-87.6176,2,19
553,"Marquette, MI",45.8986,-87.697,2,20
553,"Marquette, MI",45.723,-87.6976,2,21
553,"Marquette, MI",45.7956,-87.9934,2,22
553,"Marquette, MI",45.7131,-88.0592,2,23
553,"Marquette, MI",45.7228,-88.676,2,24
553,"Marquette, MI",46.014,-88.6833,2,25
553,"Marquette, MI",46.0973,-88.9908,2,26
553,"Marquette, MI",46.3332,-88.9906,2,27
553,"Marquette, MI",46.333,-89.3654,2,28
553,"Marquette, MI",46.5056,-89.3653,2,29
553,"Marquette, MI",46.5052,-89.7415,2,30
553,"Marquette, MI",46.5921,-89.7403,2,31
553,"Marquette, MI",46.5928,-89.8645,2,32
553,"Marquette, MI",46.7658,-89.8887,2,33
553,"Marquette, MI",47.0021,-88.9724,2,34
553,"Marquette, MI",47.4496,-88.2182,2,35
553,"Marquette, MI",47.4733,-87.8012,2,36
553,"Marquette, MI",47.4012,-87.7129,2,37
553,"Marquette, MI",47.3873,-87.9571,2,38
553,"Marquette, MI",47.3349,-87.945,2,39
553,"Marquette, MI",47.0764,-88.35,2,40
553,"Marquette, MI",46.7549,-88.4958,2,41
553,"Marquette, MI",46.9667,-88.1446,2,42
553,"Marquette, MI",46.8211,-88.2886,2,43
553,"Marquette, MI",46.9205,-88.0819,2,44
553,"Marquette, MI",46.8912,-87.8168,2,45
553,"Marquette, MI",46.7827,-87.5901,2,46
553,"Marquette, MI",46.5043,-87.361,2,47
553,"Marquette, MI",46.5337,-87.0055,2,48
553,"Marquette, MI",46.4376,-86.8762,2,49
553,"Marquette, MI",46.4791,-86.7502,2,50
553,"Marquette, MI",46.4109,-86.6392,2,51
553,"Marquette, MI",46.6695,-86.1617,2,52
553,"Marquette, MI",46.6902,-85.8644,2,53
553,"Marquette, MI",45.9682,-85.8653,2,54
553,"Marquette, MI",46.4509,-86.6714,3,1
553,"Marquette, MI",46.545,-86.7099,3,2
553,"Marquette, MI",46.5606,-86.6529,3,3
553,"Marquette, MI",46.4732,-86.6077,3,4
553,"Marquette, MI",46.4509,-86.6714,3,5
554,"Wheeling, WV-Steubenville, OH",39.7556,-81.6974,1,1
554,"Wheeling, WV-Steubenville, OH",40.2225,-81.6676,1,2
554,"Wheeling, WV-Steubenville, OH",40.2143,-81.3381,1,3
554,"Wheeling, WV-Steubenville, OH",40.4335,-81.27,1,4
554,"Wheeling, WV-Steubenville, OH",40.4247,-80.9415,1,5
554,"Wheeling, WV-Steubenville, OH",40.5994,-80.862,1,6
554,"Wheeling, WV-Steubenville, OH",40.6388,-80.519,1,7
554,"Wheeling, WV-Steubenville, OH",39.7214,-80.5193,1,8
554,"Wheeling, WV-Steubenville, OH",39.7178,-80.4074,1,9
554,"Wheeling, WV-Steubenville, OH",39.6442,-80.3897,1,10
554,"Wheeling, WV-Steubenville, OH",39.5757,-80.4929,1,11
554,"Wheeling, WV-Steubenville, OH",39.4343,-80.5199,1,12
554,"Wheeling, WV-Steubenville, OH",39.4303,-80.7133,1,13
554,"Wheeling, WV-Steubenville, OH",39.2943,-80.8887,1,14
554,"Wheeling, WV-Steubenville, OH",39.3781,-80.9044,1,15
554,"Wheeling, WV-Steubenville, OH",39.3447,-81.0067,1,16
554,"Wheeling, WV-Steubenville, OH",39.4666,-81.0285,1,17
554,"Wheeling, WV-Steubenville, OH",39.4578,-81.1215,1,18
554,"Wheeling, WV-Steubenville, OH",39.5721,-81.0368,1,19
554,"Wheeling, WV-Steubenville, OH",39.6454,-81.4519,1,20
554,"Wheeling, WV-Steubenville, OH",39.5833,-81.4735,1,21
554,"Wheeling, WV-Steubenville, OH",39.587,-81.5882,1,22
554,"Wheeling, WV-Steubenville, OH",39.7534,-81.6397,1,23
554,"Wheeling, WV-Steubenville, OH",39.7556,-81.6974,1,24
555,"Syracuse, NY",43.3419,-76.7224,1,1
555,"Syracuse, NY",43.5207,-76.4187,1,2
555,"Syracuse, NY",43.5298,-76.2341,1,3
555,"Syracuse, NY",43.6792,-76.1829,1,4
555,"Syracuse, NY",43.707,-76.0251,1,5
555,"Syracuse, NY",43.6889,-75.7746,1,6
555,"Syracuse, NY",43.4704,-75.7562,1,7
555,"Syracuse, NY",43.4198,-75.5335,1,8
555,"Syracuse, NY",43.5622,-75.2253,1,9
555,"Syracuse, NY",43.4024,-75.2215,1,10
555,"Syracuse, NY",43.3024,-75.3872,1,11
555,"Syracuse, NY",43.2264,-75.3022,1,12
555,"Syracuse, NY",43.1743,-75.4219,1,13
555,"Syracuse, NY",43.0345,-75.3045,1,14
555,"Syracuse, NY",42.9349,-75.3432,1,15
555,"Syracuse, NY",42.8689,-75.2451,1,16
555,"Syracuse, NY",42.7848,-75.2513,1,17
555,"Syracuse, NY",42.7238,-75.8898,1,18
555,"Syracuse, NY",42.4157,-75.864,1,19
555,"Syracuse, NY",42.4066,-76.2932,1,20
555,"Syracuse, NY",42.2967,-76.2501,1,21
555,"Syracuse, NY",42.3183,-76.4153,1,22
555,"Syracuse, NY",42.263,-76.4162,1,23
555,"Syracuse, NY",42.2846,-76.6915,1,24
555,"Syracuse, NY",42.5469,-76.6931,1,25
555,"Syracuse, NY",42.5415,-76.8956,1,26
555,"Syracuse, NY",42.8622,-76.9814,1,27
555,"Syracuse, NY",43.0132,-76.9638,1,28
555,"Syracuse, NY",43.0241,-76.7138,1,29
555,"Syracuse, NY",43.3419,-76.7224,1,30
556,"Richmond-Petersburg, VA",37.2635,-76.8771,1,1
556,"Richmond-Petersburg, VA",37.2332,-76.9168,1,2
556,"Richmond-Petersburg, VA",37.2495,-76.9592,1,3
556,"Richmond-Petersburg, VA",37.3026,-76.9906,1,4
556,"Richmond-Petersburg, VA",37.3126,-77.0157,1,5
556,"Richmond-Petersburg, VA",37.3246,-77.2247,1,6
556,"Richmond-Petersburg, VA",37.2956,-76.9936,1,7
556,"Richmond-Petersburg, VA",37.112,-77.1554,1,8
556,"Richmond-Petersburg, VA",37.0543,-76.9651,1,9
556,"Richmond-Petersburg, VA",36.9445,-76.9535,1,10
556,"Richmond-Petersburg, VA",36.6705,-77.5019,1,11
556,"Richmond-Petersburg, VA",36.5448,-77.2969,1,12
556,"Richmond-Petersburg, VA",36.5442,-78.0462,1,13
556,"Richmond-Petersburg, VA",36.7779,-78.0274,1,14
556,"Richmond-Petersburg, VA",36.89,-78.4923,1,15
556,"Richmond-Petersburg, VA",37.0793,-78.4433,1,16
556,"Richmond-Petersburg, VA",37.2033,-78.6921,1,17
556,"Richmond-Petersburg, VA",37.398,-78.5944,1,18
556,"Richmond-Petersburg, VA",37.5894,-78.8331,1,19
556,"Richmond-Petersburg, VA",37.756,-78.6135,1,20
556,"Richmond-Petersburg, VA",37.7625,-78.4983,1,21
556,"Richmond-Petersburg, VA",38.0637,-78.254,1,22
556,"Richmond-Petersburg, VA",38.1332,-78.2081,1,23
556,"Richmond-Petersburg, VA",38.1848,-78.3698,1,24
556,"Richmond-Petersburg, VA",38.2716,-78.2869,1,25
556,"Richmond-Petersburg, VA",38.2297,-78.2216,1,26
556,"Richmond-Petersburg, VA",38.3931,-77.7726,1,27
556,"Richmond-Petersburg, VA",38.3367,-77.7151,1,28
556,"Richmond-Petersburg, VA",38.1174,-77.9548,1,29
556,"Richmond-Petersburg, VA",37.992,-77.6593,1,30
556,"Richmond-Petersburg, VA",38.2466,-77.3703,1,31
556,"Richmond-Petersburg, VA",38.2507,-77.2499,1,32
556,"Richmond-Petersburg, VA",38.1891,-77.2537,1,33
556,"Richmond-Petersburg, VA",38.1616,-77.0617,1,34
556,"Richmond-Petersburg, VA",38.0907,-77.0301,1,35
556,"Richmond-Petersburg, VA",38.1244,-76.8769,1,36
556,"Richmond-Petersburg, VA",37.9949,-76.7488,1,37
556,"Richmond-Petersburg, VA",38.0266,-76.5165,1,38
556,"Richmond-Petersburg, VA",37.8887,-76.2369,1,39
556,"Richmond-Petersburg, VA",37.8293,-76.3162,1,40
556,"Richmond-Petersburg, VA",37.73,-76.3047,1,41
556,"Richmond-Petersburg, VA",37.7462,-76.3355,1,42
556,"Richmond-Petersburg, VA",37.7657,-76.3348,1,43
556,"Richmond-Petersburg, VA",37.7661,-76.3409,1,44
556,"Richmond-Petersburg, VA",37.7266,-76.3392,1,45
556,"Richmond-Petersburg, VA",37.689,-76.3025,1,46
556,"Richmond-Petersburg, VA",37.6881,-76.3672,1,47
556,"Richmond-Petersburg, VA",37.6352,-76.3663,1,48
556,"Richmond-Petersburg, VA",37.6422,-76.3065,1,49
556,"Richmond-Petersburg, VA",37.6318,-76.288,1,50
556,"Richmond-Petersburg, VA",37.6147,-76.2792,1,51
556,"Richmond-Petersburg, VA",37.6087,-76.3616,1,52
556,"Richmond-Petersburg, VA",37.666,-76.4724,1,53
556,"Richmond-Petersburg, VA",37.7338,-76.4084,1,54
556,"Richmond-Petersburg, VA",37.7457,-76.5151,1,55
556,"Richmond-Petersburg, VA",37.6423,-76.5102,1,56
556,"Richmond-Petersburg, VA",37.7754,-76.5883,1,57
556,"Richmond-Petersburg, VA",37.9258,-76.7992,1,58
556,"Richmond-Petersburg, VA",37.9308,-76.8569,1,59
556,"Richmond-Petersburg, VA",37.6153,-76.5399,1,60
556,"Richmond-Petersburg, VA",37.5576,-76.298,1,61
556,"Richmond-Petersburg, VA",37.512,-76.4228,1,62
556,"Richmond-Petersburg, VA",37.6032,-76.6541,1,63
556,"Richmond-Petersburg, VA",37.4548,-76.6667,1,64
556,"Richmond-Petersburg, VA",37.5264,-76.795,1,65
556,"Richmond-Petersburg, VA",37.4373,-76.7664,1,66
556,"Richmond-Petersburg, VA",37.4309,-76.8947,1,67
556,"Richmond-Petersburg, VA",37.2635,-76.8771,1,68
557,"Knoxville, TN",35.7656,-85.254,1,1
557,"Knoxville, TN",36.1007,-85.2464,1,2
557,"Knoxville, TN",36.0995,-85.1527,1,3
557,"Knoxville, TN",36.1962,-85.0825,1,4
557,"Knoxville, TN",36.5001,-85.0885,1,5
557,"Knoxville, TN",36.5813,-84.9422,1,6
557,"Knoxville, TN",36.5247,-84.7318,1,7
557,"Knoxville, TN",36.6034,-84.7853,1,8
557,"Knoxville, TN",36.8631,-84.5904,1,9
557,"Knoxville, TN",36.9459,-84.2972,1,10
557,"Knoxville, TN",36.8098,-84.356,1,11
557,"Knoxville, TN",36.6416,-84.2798,1,12
557,"Knoxville, TN",36.5877,-83.931,1,13
557,"Knoxville, TN",36.6452,-83.9564,1,14
557,"Knoxville, TN",36.9558,-83.5895,1,15
557,"Knoxville, TN",36.8833,-83.4575,1,16
557,"Knoxville, TN",37.021,-83.1813,1,17
557,"Knoxville, TN",37.0045,-83.1228,1,18
557,"Knoxville, TN",36.9542,-83.1505,1,19
557,"Knoxville, TN",37.0155,-82.9391,1,20
557,"Knoxville, TN",36.9544,-82.8558,1,21
557,"Knoxville, TN",36.8749,-82.9077,1,22
557,"Knoxville, TN",36.8544,-83.0727,1,23
557,"Knoxville, TN",36.7427,-83.1355,1,24
557,"Knoxville, TN",36.6008,-83.6754,1,25
557,"Knoxville, TN",36.5938,-82.8304,1,26
557,"Knoxville, TN",36.5519,-83.0405,1,27
557,"Knoxville, TN",36.3788,-83.2889,1,28
557,"Knoxville, TN",36.283,-83.2404,1,29
557,"Knoxville, TN",36.3414,-83.178,1,30
557,"Knoxville, TN",36.3423,-83.1543,1,31
557,"Knoxville, TN",36.2448,-83.0817,1,32
557,"Knoxville, TN",36.1563,-83.1721,1,33
557,"Knoxville, TN",35.9451,-82.8985,1,34
557,"Knoxville, TN",35.7738,-82.9924,1,35
557,"Knoxville, TN",35.7649,-83.1592,1,36
557,"Knoxville, TN",35.5631,-83.498,1,37
557,"Knoxville, TN",35.5187,-83.8801,1,38
557,"Knoxville, TN",35.4117,-84.023,1,39
557,"Knoxville, TN",35.2742,-84.0465,1,40
557,"Knoxville, TN",35.2043,-84.3443,1,41
557,"Knoxville, TN",35.2855,-84.4955,1,42
557,"Knoxville, TN",35.3443,-84.4006,1,43
557,"Knoxville, TN",35.6281,-84.526,1,44
557,"Knoxville, TN",35.825,-84.7818,1,45
557,"Knoxville, TN",35.7463,-85.0289,1,46
557,"Knoxville, TN",35.7656,-85.254,1,47
558,"Lima, OH",40.6447,-83.8802,1,1
558,"Lima, OH",40.6849,-84.3968,1,2
558,"Lima, OH",40.8159,-84.3975,1,3
558,"Lima, OH",40.9205,-83.8803,1,4
558,"Lima, OH",40.6447,-83.8802,1,5
559,"Bluefield-Beckley-Oak Hill, WV",37.2914,-80.9739,1,1
559,"Bluefield-Beckley-Oak Hill, WV",37.1785,-80.8615,1,2
559,"Bluefield-Beckley-Oak Hill, WV",37.0733,-80.9127,1,3
559,"Bluefield-Beckley-Oak Hill, WV",37.0478,-81.2246,1,4
559,"Bluefield-Beckley-Oak Hill, WV",36.9524,-81.3794,1,5
559,"Bluefield-Beckley-Oak Hill, WV",37.0151,-81.4959,1,6
559,"Bluefield-Beckley-Oak Hill, WV",36.933,-81.683,1,7
559,"Bluefield-Beckley-Oak Hill, WV",36.9586,-81.7805,1,8
559,"Bluefield-Beckley-Oak Hill, WV",37.1406,-81.9017,1,9
559,"Bluefield-Beckley-Oak Hill, WV",37.2636,-81.7461,1,10
559,"Bluefield-Beckley-Oak Hill, WV",37.2876,-81.8533,1,11
559,"Bluefield-Beckley-Oak Hill, WV",37.4769,-81.9965,1,12
559,"Bluefield-Beckley-Oak Hill, WV",37.7014,-81.7017,1,13
559,"Bluefield-Beckley-Oak Hill, WV",37.7566,-81.7619,1,14
559,"Bluefield-Beckley-Oak Hill, WV",37.7864,-81.5188,1,15
559,"Bluefield-Beckley-Oak Hill, WV",37.9543,-81.5558,1,16
559,"Bluefield-Beckley-Oak Hill, WV",37.9691,-81.3808,1,17
559,"Bluefield-Beckley-Oak Hill, WV",38.1823,-81.3293,1,18
559,"Bluefield-Beckley-Oak Hill, WV",38.2634,-81.2318,1,19
559,"Bluefield-Beckley-Oak Hill, WV",38.0791,-80.712,1,20
559,"Bluefield-Beckley-Oak Hill, WV",38.2673,-80.4365,1,21
559,"Bluefield-Beckley-Oak Hill, WV",38.0466,-80.2647,1,22
559,"Bluefield-Beckley-Oak Hill, WV",38.0637,-79.9598,1,23
559,"Bluefield-Beckley-Oak Hill, WV",37.7563,-80.2571,1,24
559,"Bluefield-Beckley-Oak Hill, WV",37.6918,-80.2961,1,25
559,"Bluefield-Beckley-Oak Hill, WV",37.6278,-80.221,1,26
559,"Bluefield-Beckley-Oak Hill, WV",37.5643,-80.3285,1,27
559,"Bluefield-Beckley-Oak Hill, WV",37.5083,-80.2998,1,28
559,"Bluefield-Beckley-Oak Hill, WV",37.3724,-80.7701,1,29
559,"Bluefield-Beckley-Oak Hill, WV",37.4296,-80.8596,1,30
559,"Bluefield-Beckley-Oak Hill, WV",37.3469,-80.8495,1,31
559,"Bluefield-Beckley-Oak Hill, WV",37.2914,-80.9739,1,32
560,"Raleigh-Durham (Fayetteville), NC",34.8385,-79.3481,1,1
560,"Raleigh-Durham (Fayetteville), NC",34.958,-79.3608,1,2
560,"Raleigh-Durham (Fayetteville), NC",35.0659,-79.5713,1,3
560,"Raleigh-Durham (Fayetteville), NC",35.2547,-79.7016,1,4
560,"Raleigh-Durham (Fayetteville), NC",35.5115,-79.7739,1,5
560,"Raleigh-Durham (Fayetteville), NC",35.5152,-79.5559,1,6
560,"Raleigh-Durham (Fayetteville), NC",35.8433,-79.542,1,7
560,"Raleigh-Durham (Fayetteville), NC",35.8441,-79.2374,1,8
560,"Raleigh-Durham (Fayetteville), NC",36.2438,-79.2571,1,9
560,"Raleigh-Durham (Fayetteville), NC",36.2418,-79.1537,1,10
560,"Raleigh-Durham (Fayetteville), NC",36.5417,-79.1379,1,11
560,"Raleigh-Durham (Fayetteville), NC",36.5419,-78.7342,1,12
560,"Raleigh-Durham (Fayetteville), NC",36.6895,-78.6707,1,13
560,"Raleigh-Durham (Fayetteville), NC",36.6262,-78.5494,1,14
560,"Raleigh-Durham (Fayetteville), NC",36.6979,-78.6485,1,15
560,"Raleigh-Durham (Fayetteville), NC",36.8912,-78.493,1,16
560,"Raleigh-Durham (Fayetteville), NC",36.7779,-78.0274,1,17
560,"Raleigh-Durham (Fayetteville), NC",36.5442,-78.0462,1,18
560,"Raleigh-Durham (Fayetteville), NC",36.499,-77.0687,1,19
560,"Raleigh-Durham (Fayetteville), NC",36.2146,-77.2291,1,20
560,"Raleigh-Durham (Fayetteville), NC",36.2071,-77.2985,1,21
560,"Raleigh-Durham (Fayetteville), NC",36.1045,-77.2306,1,22
560,"Raleigh-Durham (Fayetteville), NC",35.9987,-77.4091,1,23
560,"Raleigh-Durham (Fayetteville), NC",35.8192,-77.3506,1,24
560,"Raleigh-Durham (Fayetteville), NC",35.5726,-77.8237,1,25
560,"Raleigh-Durham (Fayetteville), NC",35.1773,-77.8332,1,26
560,"Raleigh-Durham (Fayetteville), NC",35.1894,-78.1635,1,27
560,"Raleigh-Durham (Fayetteville), NC",34.7382,-78.2001,1,28
560,"Raleigh-Durham (Fayetteville), NC",34.7139,-78.113,1,29
560,"Raleigh-Durham (Fayetteville), NC",34.5539,-78.2546,1,30
560,"Raleigh-Durham (Fayetteville), NC",34.8563,-78.4948,1,31
560,"Raleigh-Durham (Fayetteville), NC",34.8343,-78.9037,1,32
560,"Raleigh-Durham (Fayetteville), NC",34.9537,-79.0348,1,33
560,"Raleigh-Durham (Fayetteville), NC",34.8334,-79.1914,1,34
560,"Raleigh-Durham (Fayetteville), NC",34.8385,-79.3481,1,35
560,"Raleigh-Durham (Fayetteville), NC",36.1723,-79.2572,2,1
560,"Raleigh-Durham (Fayetteville), NC",36.1729,-79.257,2,2
560,"Raleigh-Durham (Fayetteville), NC",36.1725,-79.2567,2,3
560,"Raleigh-Durham (Fayetteville), NC",36.1723,-79.2572,2,4
560,"Raleigh-Durham (Fayetteville), NC",34.8385,-79.3481,3,1
560,"Raleigh-Durham (Fayetteville), NC",34.8385,-79.349,3,2
560,"Raleigh-Durham (Fayetteville), NC",34.8387,-79.3488,3,3
560,"Raleigh-Durham (Fayetteville), NC",34.8385,-79.3481,3,4
561,"Jacksonville, FL",29.4716,-82.0559,1,1
561,"Jacksonville, FL",29.7333,-82.0501,1,2
561,"Jacksonville, FL",29.836,-82.1331,1,3
561,"Jacksonville, FL",29.9454,-82.5241,1,4
561,"Jacksonville, FL",29.8261,-82.6519,1,5
561,"Jacksonville, FL",29.9323,-82.8001,1,6
561,"Jacksonville, FL",30.3369,-82.7946,1,7
561,"Jacksonville, FL",30.3332,-82.6899,1,8
561,"Jacksonville, FL",30.4067,-82.6454,1,9
561,"Jacksonville, FL",30.5647,-82.7244,1,10
561,"Jacksonville, FL",30.5817,-82.4189,1,11
561,"Jacksonville, FL",30.9632,-82.4906,1,12
561,"Jacksonville, FL",31.2232,-82.701,1,13
561,"Jacksonville, FL",31.2748,-82.6299,1,14
561,"Jacksonville, FL",31.4693,-82.6283,1,15
561,"Jacksonville, FL",31.4169,-82.4018,1,16
561,"Jacksonville, FL",31.5307,-82.2268,1,17
561,"Jacksonville, FL",31.465,-82.0624,1,18
561,"Jacksonville, FL",31.3663,-82.0312,1,19
561,"Jacksonville, FL",31.3271,-81.7252,1,20
561,"Jacksonville, FL",31.4533,-81.6241,1,21
561,"Jacksonville, FL",31.2813,-81.3877,1,22
561,"Jacksonville, FL",31.2664,-81.4059,1,23
561,"Jacksonville, FL",31.2801,-81.408,1,24
561,"Jacksonville, FL",31.2799,-81.4109,1,25
561,"Jacksonville, FL",31.2848,-81.4172,1,26
561,"Jacksonville, FL",31.2882,-81.4288,1,27
561,"Jacksonville, FL",31.2886,-81.4251,1,28
561,"Jacksonville, FL",31.3016,-81.4242,1,29
561,"Jacksonville, FL",31.3031,-81.4331,1,30
561,"Jacksonville, FL",31.2995,-81.4258,1,31
561,"Jacksonville, FL",31.2892,-81.4258,1,32
561,"Jacksonville, FL",31.2888,-81.4295,1,33
561,"Jacksonville, FL",31.2872,-81.4284,1,34
561,"Jacksonville, FL",31.254,-81.396,1,35
561,"Jacksonville, FL",31.2484,-81.4213,1,36
561,"Jacksonville, FL",31.2072,-81.4456,1,37
561,"Jacksonville, FL",31.1302,-81.4332,1,38
561,"Jacksonville, FL",31.1109,-81.484,1,39
561,"Jacksonville, FL",31.0472,-81.4255,1,40
561,"Jacksonville, FL",30.9722,-81.5195,1,41
561,"Jacksonville, FL",30.9634,-81.5091,1,42
561,"Jacksonville, FL",30.9561,-81.5087,1,43
561,"Jacksonville, FL",30.9488,-81.5054,1,44
561,"Jacksonville, FL",30.9445,-81.4998,1,45
561,"Jacksonville, FL",30.9362,-81.5073,1,46
561,"Jacksonville, FL",30.9315,-81.5079,1,47
561,"Jacksonville, FL",30.9244,-81.5031,1,48
561,"Jacksonville, FL",30.9229,-81.4954,1,49
561,"Jacksonville, FL",30.9303,-81.483,1,50
561,"Jacksonville, FL",30.9221,-81.469,1,51
561,"Jacksonville, FL",30.9088,-81.4959,1,52
561,"Jacksonville, FL",30.8867,-81.5163,1,53
561,"Jacksonville, FL",30.8436,-81.485,1,54
561,"Jacksonville, FL",30.847,-81.5199,1,55
561,"Jacksonville, FL",30.827,-81.5341,1,56
561,"Jacksonville, FL",30.7215,-81.4998,1,57
561,"Jacksonville, FL",30.7001,-81.4267,1,58
561,"Jacksonville, FL",30.5203,-81.4559,1,59
561,"Jacksonville, FL",29.9118,-81.2876,1,60
561,"Jacksonville, FL",30.0675,-81.3605,1,61
561,"Jacksonville, FL",30.0355,-81.3707,1,62
561,"Jacksonville, FL",29.8292,-81.3068,1,63
561,"Jacksonville, FL",29.7443,-81.2469,1,64
561,"Jacksonville, FL",29.7313,-81.2508,1,65
561,"Jacksonville, FL",29.7154,-81.2475,1,66
561,"Jacksonville, FL",29.6708,-81.213,1,67
561,"Jacksonville, FL",29.6225,-81.5236,1,68
561,"Jacksonville, FL",29.3981,-81.4336,1,69
561,"Jacksonville, FL",29.3533,-81.5541,1,70
561,"Jacksonville, FL",29.3244,-81.6809,1,71
561,"Jacksonville, FL",29.521,-81.843,1,72
561,"Jacksonville, FL",29.4716,-82.0559,1,73
561,"Jacksonville, FL",31.1331,-81.3913,2,1
561,"Jacksonville, FL",31.1541,-81.4193,2,2
561,"Jacksonville, FL",31.1747,-81.4081,2,3
561,"Jacksonville, FL",31.1849,-81.4177,2,4
561,"Jacksonville, FL",31.1901,-81.4178,2,5
561,"Jacksonville, FL",31.205,-81.3953,2,6
561,"Jacksonville, FL",31.2471,-81.3843,2,7
561,"Jacksonville, FL",31.2829,-81.3808,2,8
561,"Jacksonville, FL",31.3067,-81.3914,2,9
561,"Jacksonville, FL",31.2919,-81.2718,2,10
561,"Jacksonville, FL",31.1331,-81.3913,2,11
561,"Jacksonville, FL",31.1902,-81.4224,3,1
561,"Jacksonville, FL",31.2268,-81.4321,3,2
561,"Jacksonville, FL",31.2471,-81.4189,3,3
561,"Jacksonville, FL",31.2466,-81.3988,3,4
561,"Jacksonville, FL",31.2587,-81.3941,3,5
561,"Jacksonville, FL",31.2053,-81.3969,3,6
561,"Jacksonville, FL",31.1902,-81.4224,3,7
561,"Jacksonville, FL",31.155,-81.4273,4,1
561,"Jacksonville, FL",31.1624,-81.4302,4,2
561,"Jacksonville, FL",31.1821,-81.4209,4,3
561,"Jacksonville, FL",31.1719,-81.4099,4,4
561,"Jacksonville, FL",31.155,-81.4273,4,5
561,"Jacksonville, FL",31.0131,-81.433,5,1
561,"Jacksonville, FL",31.0354,-81.4197,5,2
561,"Jacksonville, FL",31.0924,-81.4402,5,3
561,"Jacksonville, FL",31.1211,-81.4091,5,4
561,"Jacksonville, FL",31.0728,-81.4013,5,5
561,"Jacksonville, FL",31.0195,-81.4189,5,6
561,"Jacksonville, FL",31.0131,-81.433,5,7
561,"Jacksonville, FL",30.7135,-81.453,6,1
561,"Jacksonville, FL",30.7342,-81.4825,6,2
561,"Jacksonville, FL",30.8407,-81.4735,6,3
561,"Jacksonville, FL",30.8824,-81.5116,6,4
561,"Jacksonville, FL",30.9777,-81.4085,6,5
561,"Jacksonville, FL",30.7135,-81.453,6,6
561,"Jacksonville, FL",30.9239,-81.4985,7,1
561,"Jacksonville, FL",30.947,-81.4814,7,2
561,"Jacksonville, FL",30.9625,-81.5078,7,3
561,"Jacksonville, FL",30.9663,-81.4496,7,4
561,"Jacksonville, FL",30.9239,-81.4985,7,5
561,"Jacksonville, FL",30.8201,-81.5239,8,1
561,"Jacksonville, FL",30.8361,-81.5265,8,2
561,"Jacksonville, FL",30.8306,-81.5085,8,3
561,"Jacksonville, FL",30.8246,-81.5085,8,4
561,"Jacksonville, FL",30.8201,-81.5239,8,5
561,"Jacksonville, FL",30.7943,-81.4998,9,1
561,"Jacksonville, FL",30.8064,-81.5188,9,2
561,"Jacksonville, FL",30.816,-81.5189,9,3
561,"Jacksonville, FL",30.8241,-81.5071,9,4
561,"Jacksonville, FL",30.8283,-81.5071,9,5
561,"Jacksonville, FL",30.7943,-81.4998,9,6
561,"Jacksonville, FL",29.7068,-81.2299,10,1
561,"Jacksonville, FL",29.7268,-81.2472,10,2
561,"Jacksonville, FL",29.7426,-81.2442,10,3
561,"Jacksonville, FL",29.76,-81.2504,10,4
561,"Jacksonville, FL",29.8176,-81.2806,10,5
561,"Jacksonville, FL",29.8302,-81.3001,10,6
561,"Jacksonville, FL",29.9057,-81.2939,10,7
561,"Jacksonville, FL",29.7068,-81.2299,10,8
563,"Grand Rapids-Kalamazoo-Battle Creek, MI",41.76,-84.8252,1,1
563,"Grand Rapids-Kalamazoo-Battle Creek, MI",41.7591,-85.7914,1,2
563,"Grand Rapids-Kalamazoo-Battle Creek, MI",42.0694,-85.7629,1,3
563,"Grand Rapids-Kalamazoo-Battle Creek, MI",42.0715,-86.223,1,4
563,"Grand Rapids-Kalamazoo-Battle Creek, MI",42.2434,-86.2236,1,5
563,"Grand Rapids-Kalamazoo-Battle Creek, MI",42.243,-86.3648,1,6
563,"Grand Rapids-Kalamazoo-Battle Creek, MI",42.4887,-86.2476,1,7
563,"Grand Rapids-Kalamazoo-Battle Creek, MI",42.8622,-86.2109,1,8
563,"Grand Rapids-Kalamazoo-Battle Creek, MI",43.0923,-86.2587,1,9
563,"Grand Rapids-Kalamazoo-Battle Creek, MI",43.618,-86.5385,1,10
563,"Grand Rapids-Kalamazoo-Battle Creek, MI",43.8194,-86.431,1,11
563,"Grand Rapids-Kalamazoo-Battle Creek, MI",43.8155,-85.5623,1,12
563,"Grand Rapids-Kalamazoo-Battle Creek, MI",43.4685,-85.5622,1,13
563,"Grand Rapids-Kalamazoo-Battle Creek, MI",43.4661,-84.846,1,14
563,"Grand Rapids-Kalamazoo-Battle Creek, MI",42.7706,-84.8371,1,15
563,"Grand Rapids-Kalamazoo-Battle Creek, MI",42.7707,-85.0741,1,16
563,"Grand Rapids-Kalamazoo-Battle Creek, MI",42.5963,-85.0751,1,17
563,"Grand Rapids-Kalamazoo-Battle Creek, MI",42.4214,-85.0716,1,18
563,"Grand Rapids-Kalamazoo-Battle Creek, MI",42.422,-84.7184,1,19
563,"Grand Rapids-Kalamazoo-Battle Creek, MI",42.0704,-84.7096,1,20
563,"Grand Rapids-Kalamazoo-Battle Creek, MI",42.0726,-84.8264,1,21
563,"Grand Rapids-Kalamazoo-Battle Creek, MI",41.76,-84.8252,1,22
564,"Charleston-Huntington, WV",38.0683,-83.2706,1,1
564,"Charleston-Huntington, WV",38.1696,-83.199,1,2
564,"Charleston-Huntington, WV",38.2098,-83.3012,1,3
564,"Charleston-Huntington, WV",38.392,-83.4038,1,4
564,"Charleston-Huntington, WV",38.4299,-83.58,1,5
564,"Charleston-Huntington, WV",38.6703,-83.6368,1,6
564,"Charleston-Huntington, WV",38.701,-83.5097,1,7
564,"Charleston-Huntington, WV",38.5992,-83.2866,1,8
564,"Charleston-Huntington, WV",39.0159,-83.2708,1,9
564,"Charleston-Huntington, WV",38.9601,-83.2118,1,10
564,"Charleston-Huntington, WV",38.9481,-82.8071,1,11
564,"Charleston-Huntington, WV",39.3682,-82.7486,1,12
564,"Charleston-Huntington, WV",39.3842,-82.2894,1,13
564,"Charleston-Huntington, WV",39.4726,-82.2802,1,14
564,"Charleston-Huntington, WV",39.4662,-82.1674,1,15
564,"Charleston-Huntington, WV",39.5563,-82.1592,1,16
564,"Charleston-Huntington, WV",39.5506,-82.0473,1,17
564,"Charleston-Huntington, WV",39.46,-82.0561,1,18
564,"Charleston-Huntington, WV",39.45,-81.8449,1,19
564,"Charleston-Huntington, WV",39.3179,-81.8534,1,20
564,"Charleston-Huntington, WV",39.2694,-81.7217,1,21
564,"Charleston-Huntington, WV",39.0954,-81.7473,1,22
564,"Charleston-Huntington, WV",39.0262,-81.5814,1,23
564,"Charleston-Huntington, WV",39.1854,-81.2977,1,24
564,"Charleston-Huntington, WV",39.0348,-81.2498,1,25
564,"Charleston-Huntington, WV",39.012,-81.035,1,26
564,"Charleston-Huntington, WV",38.8462,-81.0028,1,27
564,"Charleston-Huntington, WV",38.7927,-81.0567,1,28
564,"Charleston-Huntington, WV",38.7179,-80.9849,1,29
564,"Charleston-Huntington, WV",38.905,-80.6088,1,30
564,"Charleston-Huntington, WV",38.7716,-80.4422,1,31
564,"Charleston-Huntington, WV",38.5035,-80.6783,1,32
564,"Charleston-Huntington, WV",38.3544,-80.6255,1,33
564,"Charleston-Huntington, WV",38.2501,-80.4593,1,34
564,"Charleston-Huntington, WV",38.0791,-80.712,1,35
564,"Charleston-Huntington, WV",38.2634,-81.2318,1,36
564,"Charleston-Huntington, WV",38.1823,-81.3293,1,37
564,"Charleston-Huntington, WV",37.9691,-81.3808,1,38
564,"Charleston-Huntington, WV",37.9543,-81.5558,1,39
564,"Charleston-Huntington, WV",37.7864,-81.5188,1,40
564,"Charleston-Huntington, WV",37.7566,-81.7619,1,41
564,"Charleston-Huntington, WV",37.7014,-81.7017,1,42
564,"Charleston-Huntington, WV",37.5378,-81.8694,1,43
564,"Charleston-Huntington, WV",37.1961,-82.5653,1,44
564,"Charleston-Huntington, WV",37.2579,-82.7254,1,45
564,"Charleston-Huntington, WV",37.4254,-82.7627,1,46
564,"Charleston-Huntington, WV",37.6775,-83.2574,1,47
564,"Charleston-Huntington, WV",37.7692,-83.2705,1,48
564,"Charleston-Huntington, WV",37.8927,-83.1314,1,49
564,"Charleston-Huntington, WV",37.9078,-82.9611,1,50
564,"Charleston-Huntington, WV",38.0096,-83.0243,1,51
564,"Charleston-Huntington, WV",38.0683,-83.2706,1,52
565,"Elmira, NY",42.0002,-76.5581,1,1
565,"Elmira, NY",42.0017,-76.9271,1,2
565,"Elmira, NY",41.5965,-76.8745,1,3
565,"Elmira, NY",41.5514,-76.9604,1,4
565,"Elmira, NY",41.5422,-77.5995,1,5
565,"Elmira, NY",41.9994,-77.6098,1,6
565,"Elmira, NY",41.9988,-77.7499,1,7
565,"Elmira, NY",42.5351,-77.7206,1,8
565,"Elmira, NY",42.5769,-77.1438,1,9
565,"Elmira, NY",42.4947,-77.1439,1,10
565,"Elmira, NY",42.4592,-76.964,1,11
565,"Elmira, NY",42.4623,-76.9033,1,12
565,"Elmira, NY",42.5415,-76.9102,1,13
565,"Elmira, NY",42.5469,-76.6931,1,14
565,"Elmira, NY",42.2846,-76.6915,1,15
565,"Elmira, NY",42.2817,-76.5383,1,16
565,"Elmira, NY",42.0002,-76.5581,1,17
566,"Harrisburg-Lancaster-Lebanon-York, PA",40.2637,-77.703,1,1
566,"Harrisburg-Lancaster-Lebanon-York, PA",40.3789,-77.7518,1,2
566,"Harrisburg-Lancaster-Lebanon-York, PA",40.393,-77.8908,1,3
566,"Harrisburg-Lancaster-Lebanon-York, PA",40.55,-77.8418,1,4
566,"Harrisburg-Lancaster-Lebanon-York, PA",40.7298,-77.6813,1,5
566,"Harrisburg-Lancaster-Lebanon-York, PA",40.8472,-77.3635,1,6
566,"Harrisburg-Lancaster-Lebanon-York, PA",40.7019,-77.3543,1,7
566,"Harrisburg-Lancaster-Lebanon-York, PA",40.6798,-77.0391,1,8
566,"Harrisburg-Lancaster-Lebanon-York, PA",40.6036,-76.9189,1,9
566,"Harrisburg-Lancaster-Lebanon-York, PA",40.6581,-76.7015,1,10
566,"Harrisburg-Lancaster-Lebanon-York, PA",40.1377,-75.8732,1,11
566,"Harrisburg-Lancaster-Lebanon-York, PA",40.1084,-75.9436,1,12
566,"Harrisburg-Lancaster-Lebanon-York, PA",39.8723,-75.9878,1,13
566,"Harrisburg-Lancaster-Lebanon-York, PA",39.724,-76.1022,1,14
566,"Harrisburg-Lancaster-Lebanon-York, PA",39.72,-77.4594,1,15
566,"Harrisburg-Lancaster-Lebanon-York, PA",39.9727,-77.454,1,16
566,"Harrisburg-Lancaster-Lebanon-York, PA",40.2328,-77.6092,1,17
566,"Harrisburg-Lancaster-Lebanon-York, PA",40.2637,-77.703,1,18
567,"Greenville-Spartanburg, SC-Asheville, NC-Anderson,SC",35.1559,-83.7381,1,1
567,"Greenville-Spartanburg, SC-Asheville, NC-Anderson,SC",35.2575,-83.7086,1,2
567,"Greenville-Spartanburg, SC-Asheville, NC-Anderson,SC",35.2169,-83.9588,1,3
567,"Greenville-Spartanburg, SC-Asheville, NC-Anderson,SC",35.2905,-84.0287,1,4
567,"Greenville-Spartanburg, SC-Asheville, NC-Anderson,SC",35.4117,-84.023,1,5
567,"Greenville-Spartanburg, SC-Asheville, NC-Anderson,SC",35.5187,-83.8801,1,6
567,"Greenville-Spartanburg, SC-Asheville, NC-Anderson,SC",35.5631,-83.498,1,7
567,"Greenville-Spartanburg, SC-Asheville, NC-Anderson,SC",35.7649,-83.1592,1,8
567,"Greenville-Spartanburg, SC-Asheville, NC-Anderson,SC",35.7911,-82.9616,1,9
567,"Greenville-Spartanburg, SC-Asheville, NC-Anderson,SC",35.9288,-82.9199,1,10
567,"Greenville-Spartanburg, SC-Asheville, NC-Anderson,SC",35.9272,-82.805,1,11
567,"Greenville-Spartanburg, SC-Asheville, NC-Anderson,SC",36.053,-82.6701,1,12
567,"Greenville-Spartanburg, SC-Asheville, NC-Anderson,SC",35.9539,-82.5579,1,13
567,"Greenville-Spartanburg, SC-Asheville, NC-Anderson,SC",36.1156,-82.3552,1,14
567,"Greenville-Spartanburg, SC-Asheville, NC-Anderson,SC",36.1495,-82.1479,1,15
567,"Greenville-Spartanburg, SC-Asheville, NC-Anderson,SC",35.9421,-82.0342,1,16
567,"Greenville-Spartanburg, SC-Asheville, NC-Anderson,SC",35.9376,-81.9236,1,17
567,"Greenville-Spartanburg, SC-Asheville, NC-Anderson,SC",35.8069,-81.987,1,18
567,"Greenville-Spartanburg, SC-Asheville, NC-Anderson,SC",35.7196,-81.8694,1,19
567,"Greenville-Spartanburg, SC-Asheville, NC-Anderson,SC",35.575,-81.8242,1,20
567,"Greenville-Spartanburg, SC-Asheville, NC-Anderson,SC",35.5798,-81.6923,1,21
567,"Greenville-Spartanburg, SC-Asheville, NC-Anderson,SC",35.1805,-81.7681,1,22
567,"Greenville-Spartanburg, SC-Asheville, NC-Anderson,SC",35.1649,-81.3667,1,23
567,"Greenville-Spartanburg, SC-Asheville, NC-Anderson,SC",35.0464,-81.4098,1,24
567,"Greenville-Spartanburg, SC-Asheville, NC-Anderson,SC",35.0301,-81.4881,1,25
567,"Greenville-Spartanburg, SC-Asheville, NC-Anderson,SC",34.4944,-81.4232,1,26
567,"Greenville-Spartanburg, SC-Asheville, NC-Anderson,SC",34.4449,-81.5406,1,27
567,"Greenville-Spartanburg, SC-Asheville, NC-Anderson,SC",34.533,-81.6436,1,28
567,"Greenville-Spartanburg, SC-Asheville, NC-Anderson,SC",34.2999,-81.8957,1,29
567,"Greenville-Spartanburg, SC-Asheville, NC-Anderson,SC",34.2031,-81.945,1,30
567,"Greenville-Spartanburg, SC-Asheville, NC-Anderson,SC",34.1325,-81.8684,1,31
567,"Greenville-Spartanburg, SC-Asheville, NC-Anderson,SC",33.9617,-82.0079,1,32
567,"Greenville-Spartanburg, SC-Asheville, NC-Anderson,SC",34.0187,-82.245,1,33
567,"Greenville-Spartanburg, SC-Asheville, NC-Anderson,SC",33.9719,-82.3057,1,34
567,"Greenville-Spartanburg, SC-Asheville, NC-Anderson,SC",34.0641,-82.3269,1,35
567,"Greenville-Spartanburg, SC-Asheville, NC-Anderson,SC",34.0809,-82.4843,1,36
567,"Greenville-Spartanburg, SC-Asheville, NC-Anderson,SC",34.0139,-82.5948,1,37
567,"Greenville-Spartanburg, SC-Asheville, NC-Anderson,SC",33.9558,-82.5646,1,38
567,"Greenville-Spartanburg, SC-Asheville, NC-Anderson,SC",33.983,-82.8629,1,39
567,"Greenville-Spartanburg, SC-Asheville, NC-Anderson,SC",34.1679,-83.1022,1,40
567,"Greenville-Spartanburg, SC-Asheville, NC-Anderson,SC",34.2749,-83.1129,1,41
567,"Greenville-Spartanburg, SC-Asheville, NC-Anderson,SC",34.2232,-83.3548,1,42
567,"Greenville-Spartanburg, SC-Asheville, NC-Anderson,SC",34.4453,-83.3888,1,43
567,"Greenville-Spartanburg, SC-Asheville, NC-Anderson,SC",34.4812,-83.4599,1,44
567,"Greenville-Spartanburg, SC-Asheville, NC-Anderson,SC",34.8157,-83.3064,1,45
567,"Greenville-Spartanburg, SC-Asheville, NC-Anderson,SC",34.9971,-83.1023,1,46
567,"Greenville-Spartanburg, SC-Asheville, NC-Anderson,SC",34.9964,-83.5204,1,47
567,"Greenville-Spartanburg, SC-Asheville, NC-Anderson,SC",35.153,-83.6475,1,48
567,"Greenville-Spartanburg, SC-Asheville, NC-Anderson,SC",35.1559,-83.7381,1,49
569,"Harrisonburg, VA",38.4215,-78.486,1,1
569,"Harrisonburg, VA",38.2143,-78.7452,1,2
569,"Harrisonburg, VA",37.9488,-78.8991,1,3
569,"Harrisonburg, VA",37.8888,-79.1466,1,4
569,"Harrisonburg, VA",38.0954,-79.4933,1,5
569,"Harrisonburg, VA",38.1663,-79.4417,1,6
569,"Harrisonburg, VA",38.1548,-79.5333,1,7
569,"Harrisonburg, VA",38.4119,-79.3123,1,8
569,"Harrisonburg, VA",38.5932,-79.6499,1,9
569,"Harrisonburg, VA",38.7807,-79.5101,1,10
569,"Harrisonburg, VA",38.892,-79.5197,1,11
569,"Harrisonburg, VA",38.9575,-79.3499,1,12
569,"Harrisonburg, VA",38.7614,-79.0573,1,13
569,"Harrisonburg, VA",38.85,-78.9938,1,14
569,"Harrisonburg, VA",38.6047,-78.6418,1,15
569,"Harrisonburg, VA",38.51,-78.6913,1,16
569,"Harrisonburg, VA",38.4215,-78.486,1,17
570,"Myrtle Beach-Florence, SC",34.8385,-79.3481,1,1
570,"Myrtle Beach-Florence, SC",34.8334,-79.1914,1,2
570,"Myrtle Beach-Florence, SC",34.9537,-79.0348,1,3
570,"Myrtle Beach-Florence, SC",34.8906,-78.9299,1,4
570,"Myrtle Beach-Florence, SC",34.6905,-78.8062,1,5
570,"Myrtle Beach-Florence, SC",34.5074,-78.8432,1,6
570,"Myrtle Beach-Florence, SC",34.2992,-79.0712,1,7
570,"Myrtle Beach-Florence, SC",33.8596,-78.5508,1,8
570,"Myrtle Beach-Florence, SC",33.5723,-79.0019,1,9
570,"Myrtle Beach-Florence, SC",33.5718,-79.1007,1,10
570,"Myrtle Beach-Florence, SC",33.815,-79.352,1,11
570,"Myrtle Beach-Florence, SC",33.7752,-79.4967,1,12
570,"Myrtle Beach-Florence, SC",33.8862,-79.9458,1,13
570,"Myrtle Beach-Florence, SC",33.9461,-79.9737,1,14
570,"Myrtle Beach-Florence, SC",33.9895,-79.8937,1,15
570,"Myrtle Beach-Florence, SC",34.1436,-80.1469,1,16
570,"Myrtle Beach-Florence, SC",34.2286,-80.1118,1,17
570,"Myrtle Beach-Florence, SC",34.3662,-80.1772,1,18
570,"Myrtle Beach-Florence, SC",34.3641,-80.2887,1,19
570,"Myrtle Beach-Florence, SC",34.5318,-79.83,1,20
570,"Myrtle Beach-Florence, SC",34.6143,-79.7778,1,21
570,"Myrtle Beach-Florence, SC",34.8042,-79.933,1,22
570,"Myrtle Beach-Florence, SC",34.8152,-79.6141,1,23
570,"Myrtle Beach-Florence, SC",35.0257,-79.5118,1,24
570,"Myrtle Beach-Florence, SC",34.958,-79.3608,1,25
570,"Myrtle Beach-Florence, SC",34.8385,-79.3481,1,26
570,"Myrtle Beach-Florence, SC",33.8911,-79.951,2,1
570,"Myrtle Beach-Florence, SC",33.8914,-79.9513,2,2
570,"Myrtle Beach-Florence, SC",33.8914,-79.9511,2,3
570,"Myrtle Beach-Florence, SC",33.8911,-79.951,2,4
571,"Ft. Myers-Naples, FL",25.9328,-81.6498,1,1
571,"Ft. Myers-Naples, FL",26.0897,-81.8024,1,2
571,"Ft. Myers-Naples, FL",26.4458,-81.8552,1,3
571,"Ft. Myers-Naples, FL",26.4873,-82.0132,1,4
571,"Ft. Myers-Naples, FL",26.5206,-82.01,1,5
571,"Ft. Myers-Naples, FL",26.5437,-81.9259,1,6
571,"Ft. Myers-Naples, FL",26.7068,-81.7779,1,7
571,"Ft. Myers-Naples, FL",26.5277,-82.033,1,8
571,"Ft. Myers-Naples, FL",26.9524,-82.0634,1,9
571,"Ft. Myers-Naples, FL",26.9612,-82.2076,1,10
571,"Ft. Myers-Naples, FL",26.8577,-82.1572,1,11
571,"Ft. Myers-Naples, FL",26.7896,-82.1478,1,12
571,"Ft. Myers-Naples, FL",26.7812,-82.162,1,13
571,"Ft. Myers-Naples, FL",26.823,-82.1573,1,14
571,"Ft. Myers-Naples, FL",26.8165,-82.2817,1,15
571,"Ft. Myers-Naples, FL",26.8934,-82.3415,1,16
571,"Ft. Myers-Naples, FL",26.8691,-82.316,1,17
571,"Ft. Myers-Naples, FL",26.8945,-82.2996,1,18
571,"Ft. Myers-Naples, FL",26.9459,-82.3547,1,19
571,"Ft. Myers-Naples, FL",26.9453,-82.2555,1,20
571,"Ft. Myers-Naples, FL",27.032,-82.2557,1,21
571,"Ft. Myers-Naples, FL",27.0319,-82.0575,1,22
571,"Ft. Myers-Naples, FL",27.3382,-82.0558,1,23
571,"Ft. Myers-Naples, FL",27.3407,-81.5637,1,24
571,"Ft. Myers-Naples, FL",27.0334,-81.5628,1,25
571,"Ft. Myers-Naples, FL",27.0325,-81.2672,1,26
571,"Ft. Myers-Naples, FL",27.2096,-81.1695,1,27
571,"Ft. Myers-Naples, FL",27.2106,-80.9432,1,28
571,"Ft. Myers-Naples, FL",27.1469,-80.8711,1,29
571,"Ft. Myers-Naples, FL",25.8056,-80.8731,1,30
571,"Ft. Myers-Naples, FL",25.8033,-81.3439,1,31
571,"Ft. Myers-Naples, FL",25.9328,-81.6498,1,32
571,"Ft. Myers-Naples, FL",26.947,-82.3712,2,1
571,"Ft. Myers-Naples, FL",26.9357,-82.3594,2,2
571,"Ft. Myers-Naples, FL",26.9231,-82.3593,2,3
571,"Ft. Myers-Naples, FL",26.8969,-82.3431,2,4
571,"Ft. Myers-Naples, FL",26.9463,-82.375,2,5
571,"Ft. Myers-Naples, FL",26.947,-82.3712,2,6
571,"Ft. Myers-Naples, FL",26.9255,-82.3563,3,1
571,"Ft. Myers-Naples, FL",26.9281,-82.3593,3,2
571,"Ft. Myers-Naples, FL",26.934,-82.354,3,3
571,"Ft. Myers-Naples, FL",26.9267,-82.3549,3,4
571,"Ft. Myers-Naples, FL",26.9255,-82.3563,3,5
571,"Ft. Myers-Naples, FL",26.7173,-82.2609,4,1
571,"Ft. Myers-Naples, FL",26.7863,-82.2699,4,2
571,"Ft. Myers-Naples, FL",26.8106,-82.2807,4,3
571,"Ft. Myers-Naples, FL",26.7946,-82.2643,4,4
571,"Ft. Myers-Naples, FL",26.7933,-82.2699,4,5
571,"Ft. Myers-Naples, FL",26.7436,-82.2589,4,6
571,"Ft. Myers-Naples, FL",26.7481,-82.2539,4,7
571,"Ft. Myers-Naples, FL",26.7173,-82.2609,4,8
571,"Ft. Myers-Naples, FL",26.7588,-82.2568,5,1
571,"Ft. Myers-Naples, FL",26.7617,-82.2621,5,2
571,"Ft. Myers-Naples, FL",26.7724,-82.2452,5,3
571,"Ft. Myers-Naples, FL",26.7623,-82.2486,5,4
571,"Ft. Myers-Naples, FL",26.7588,-82.2568,5,5
571,"Ft. Myers-Naples, FL",26.7496,-82.2556,6,1
571,"Ft. Myers-Naples, FL",26.7548,-82.2584,6,2
571,"Ft. Myers-Naples, FL",26.7582,-82.2619,6,3
571,"Ft. Myers-Naples, FL",26.7584,-82.2562,6,4
571,"Ft. Myers-Naples, FL",26.7496,-82.2556,6,5
571,"Ft. Myers-Naples, FL",26.6118,-82.222,7,1
571,"Ft. Myers-Naples, FL",26.6343,-82.2313,7,2
571,"Ft. Myers-Naples, FL",26.6458,-82.2424,7,3
571,"Ft. Myers-Naples, FL",26.677,-82.2571,7,4
571,"Ft. Myers-Naples, FL",26.7077,-82.2526,7,5
571,"Ft. Myers-Naples, FL",26.6118,-82.222,7,6
571,"Ft. Myers-Naples, FL",26.6947,-82.168,8,1
571,"Ft. Myers-Naples, FL",26.7009,-82.1784,8,2
571,"Ft. Myers-Naples, FL",26.7054,-82.1719,8,3
571,"Ft. Myers-Naples, FL",26.7034,-82.1484,8,4
571,"Ft. Myers-Naples, FL",26.7049,-82.1662,8,5
571,"Ft. Myers-Naples, FL",26.6947,-82.168,8,6
571,"Ft. Myers-Naples, FL",26.4898,-82.0836,9,1
571,"Ft. Myers-Naples, FL",26.6817,-82.1813,9,2
571,"Ft. Myers-Naples, FL",26.7023,-82.1568,9,3
571,"Ft. Myers-Naples, FL",26.6111,-82.0655,9,4
571,"Ft. Myers-Naples, FL",26.4898,-82.0836,9,5
571,"Ft. Myers-Naples, FL",26.6234,-82.071,10,1
571,"Ft. Myers-Naples, FL",26.6261,-82.0737,10,2
571,"Ft. Myers-Naples, FL",26.6296,-82.0713,10,3
571,"Ft. Myers-Naples, FL",26.6341,-82.0762,10,4
571,"Ft. Myers-Naples, FL",26.6372,-82.0776,10,5
571,"Ft. Myers-Naples, FL",26.6384,-82.0769,10,6
571,"Ft. Myers-Naples, FL",26.6313,-82.0683,10,7
571,"Ft. Myers-Naples, FL",26.6274,-82.0712,10,8
571,"Ft. Myers-Naples, FL",26.6234,-82.071,10,9
571,"Ft. Myers-Naples, FL",26.6268,-82.0694,11,1
571,"Ft. Myers-Naples, FL",26.6275,-82.0703,11,2
571,"Ft. Myers-Naples, FL",26.629,-82.0694,11,3
571,"Ft. Myers-Naples, FL",26.6274,-82.069,11,4
571,"Ft. Myers-Naples, FL",26.6268,-82.0694,11,5
571,"Ft. Myers-Naples, FL",26.5553,-82.1982,12,1
571,"Ft. Myers-Naples, FL",26.5899,-82.2218,12,2
571,"Ft. Myers-Naples, FL",26.6064,-82.2233,12,3
571,"Ft. Myers-Naples, FL",26.5851,-82.2066,12,4
571,"Ft. Myers-Naples, FL",26.5553,-82.1982,12,5
571,"Ft. Myers-Naples, FL",26.4218,-82.0803,13,1
571,"Ft. Myers-Naples, FL",26.4716,-82.177,13,2
571,"Ft. Myers-Naples, FL",26.4763,-82.1807,13,3
571,"Ft. Myers-Naples, FL",26.4908,-82.1869,13,4
571,"Ft. Myers-Naples, FL",26.5521,-82.2023,13,5
571,"Ft. Myers-Naples, FL",26.4791,-82.1813,13,6
571,"Ft. Myers-Naples, FL",26.4543,-82.0137,13,7
571,"Ft. Myers-Naples, FL",26.4218,-82.0803,13,8
571,"Ft. Myers-Naples, FL",26.4933,-82.0599,14,1
571,"Ft. Myers-Naples, FL",26.4989,-82.0608,14,2
571,"Ft. Myers-Naples, FL",26.5018,-82.0647,14,3
571,"Ft. Myers-Naples, FL",26.4971,-82.0569,14,4
571,"Ft. Myers-Naples, FL",26.4933,-82.0599,14,5
571,"Ft. Myers-Naples, FL",26.467,-81.951,15,1
571,"Ft. Myers-Naples, FL",26.464,-81.9414,15,2
571,"Ft. Myers-Naples, FL",26.4564,-81.9373,15,3
571,"Ft. Myers-Naples, FL",26.458,-81.9537,15,4
571,"Ft. Myers-Naples, FL",26.467,-81.951,15,5
571,"Ft. Myers-Naples, FL",26.4035,-81.8853,16,1
571,"Ft. Myers-Naples, FL",26.4046,-81.8951,16,2
571,"Ft. Myers-Naples, FL",26.4237,-81.9071,16,3
571,"Ft. Myers-Naples, FL",26.4553,-81.961,16,4
571,"Ft. Myers-Naples, FL",26.4603,-81.9662,16,5
571,"Ft. Myers-Naples, FL",26.4652,-81.9662,16,6
571,"Ft. Myers-Naples, FL",26.4598,-81.9622,16,7
571,"Ft. Myers-Naples, FL",26.4486,-81.9294,16,8
571,"Ft. Myers-Naples, FL",26.4379,-81.9186,16,9
571,"Ft. Myers-Naples, FL",26.4313,-81.9037,16,10
571,"Ft. Myers-Naples, FL",26.4035,-81.8853,16,11
571,"Ft. Myers-Naples, FL",26.3785,-81.8686,17,1
571,"Ft. Myers-Naples, FL",26.394,-81.8848,17,2
571,"Ft. Myers-Naples, FL",26.4063,-81.8793,17,3
571,"Ft. Myers-Naples, FL",26.3932,-81.8631,17,4
571,"Ft. Myers-Naples, FL",26.3785,-81.8686,17,5
571,"Ft. Myers-Naples, FL",26.3593,-81.8552,18,1
571,"Ft. Myers-Naples, FL",26.3661,-81.8631,18,2
571,"Ft. Myers-Naples, FL",26.3746,-81.8666,18,3
571,"Ft. Myers-Naples, FL",26.3778,-81.8652,18,4
571,"Ft. Myers-Naples, FL",26.3593,-81.8552,18,5
571,"Ft. Myers-Naples, FL",25.9009,-81.6758,19,1
571,"Ft. Myers-Naples, FL",25.9082,-81.7289,19,2
571,"Ft. Myers-Naples, FL",25.9529,-81.7509,19,3
571,"Ft. Myers-Naples, FL",25.9687,-81.7414,19,4
571,"Ft. Myers-Naples, FL",25.9009,-81.6758,19,5
573,"Roanoke-Lynchburg, VA",36.9524,-81.3794,1,1
573,"Roanoke-Lynchburg, VA",37.0478,-81.2246,1,2
573,"Roanoke-Lynchburg, VA",37.0733,-80.9127,1,3
573,"Roanoke-Lynchburg, VA",37.1785,-80.8615,1,4
573,"Roanoke-Lynchburg, VA",37.2754,-81.0145,1,5
573,"Roanoke-Lynchburg, VA",37.3469,-80.8495,1,6
573,"Roanoke-Lynchburg, VA",37.4296,-80.8596,1,7
573,"Roanoke-Lynchburg, VA",37.3724,-80.7701,1,8
573,"Roanoke-Lynchburg, VA",37.5083,-80.2998,1,9
573,"Roanoke-Lynchburg, VA",37.5643,-80.3285,1,10
573,"Roanoke-Lynchburg, VA",37.6278,-80.221,1,11
573,"Roanoke-Lynchburg, VA",37.6918,-80.2961,1,12
573,"Roanoke-Lynchburg, VA",37.7563,-80.2571,1,13
573,"Roanoke-Lynchburg, VA",38.0637,-79.9598,1,14
573,"Roanoke-Lynchburg, VA",38.0375,-80.2114,1,15
573,"Roanoke-Lynchburg, VA",38.1143,-80.3632,1,16
573,"Roanoke-Lynchburg, VA",38.3453,-80.3522,1,17
573,"Roanoke-Lynchburg, VA",38.5507,-79.8636,1,18
573,"Roanoke-Lynchburg, VA",38.7398,-79.7765,1,19
573,"Roanoke-Lynchburg, VA",38.6792,-79.6275,1,20
573,"Roanoke-Lynchburg, VA",38.5915,-79.6491,1,21
573,"Roanoke-Lynchburg, VA",38.4572,-79.4764,1,22
573,"Roanoke-Lynchburg, VA",38.4119,-79.3123,1,23
573,"Roanoke-Lynchburg, VA",38.1704,-79.5274,1,24
573,"Roanoke-Lynchburg, VA",38.1628,-79.4367,1,25
573,"Roanoke-Lynchburg, VA",38.0861,-79.4824,1,26
573,"Roanoke-Lynchburg, VA",37.8888,-79.1466,1,27
573,"Roanoke-Lynchburg, VA",37.8817,-79.0051,1,28
573,"Roanoke-Lynchburg, VA",38.0476,-78.8392,1,29
573,"Roanoke-Lynchburg, VA",37.7331,-78.644,1,30
573,"Roanoke-Lynchburg, VA",37.5894,-78.8331,1,31
573,"Roanoke-Lynchburg, VA",37.398,-78.5944,1,32
573,"Roanoke-Lynchburg, VA",37.2033,-78.6921,1,33
573,"Roanoke-Lynchburg, VA",37.0793,-78.4433,1,34
573,"Roanoke-Lynchburg, VA",36.8912,-78.493,1,35
573,"Roanoke-Lynchburg, VA",36.6979,-78.6485,1,36
573,"Roanoke-Lynchburg, VA",36.6419,-78.5601,1,37
573,"Roanoke-Lynchburg, VA",36.6262,-78.5494,1,38
573,"Roanoke-Lynchburg, VA",36.6883,-78.6776,1,39
573,"Roanoke-Lynchburg, VA",36.5419,-78.7342,1,40
573,"Roanoke-Lynchburg, VA",36.5425,-80.0535,1,41
573,"Roanoke-Lynchburg, VA",36.7756,-80.0951,1,42
573,"Roanoke-Lynchburg, VA",36.7988,-80.042,1,43
573,"Roanoke-Lynchburg, VA",36.8721,-80.2355,1,44
573,"Roanoke-Lynchburg, VA",36.7384,-80.4586,1,45
573,"Roanoke-Lynchburg, VA",36.6503,-80.4889,1,46
573,"Roanoke-Lynchburg, VA",36.6613,-80.5951,1,47
573,"Roanoke-Lynchburg, VA",36.5578,-80.612,1,48
573,"Roanoke-Lynchburg, VA",36.5591,-80.838,1,49
573,"Roanoke-Lynchburg, VA",36.8064,-81.0424,1,50
573,"Roanoke-Lynchburg, VA",36.7631,-81.2616,1,51
573,"Roanoke-Lynchburg, VA",36.9524,-81.3794,1,52
574,"Johnstown-Altoona, PA",40.2637,-77.703,1,1
574,"Johnstown-Altoona, PA",40.0618,-77.8607,1,2
574,"Johnstown-Altoona, PA",40.1655,-78.1343,1,3
574,"Johnstown-Altoona, PA",39.7227,-78.3803,1,4
574,"Johnstown-Altoona, PA",39.7216,-79.3925,1,5
574,"Johnstown-Altoona, PA",39.9007,-79.3989,1,6
574,"Johnstown-Altoona, PA",40.3404,-79.0098,1,7
574,"Johnstown-Altoona, PA",40.7172,-78.7987,1,8
574,"Johnstown-Altoona, PA",40.906,-78.8052,1,9
574,"Johnstown-Altoona, PA",40.9112,-79.2154,1,10
574,"Johnstown-Altoona, PA",41.4307,-79.2072,1,11
574,"Johnstown-Altoona, PA",41.3865,-79.4779,1,12
574,"Johnstown-Altoona, PA",41.6246,-79.5121,1,13
574,"Johnstown-Altoona, PA",41.6182,-78.2034,1,14
574,"Johnstown-Altoona, PA",41.4743,-77.9895,1,15
574,"Johnstown-Altoona, PA",41.2169,-78.0934,1,16
574,"Johnstown-Altoona, PA",41.1536,-78.0382,1,17
574,"Johnstown-Altoona, PA",41.2533,-77.8978,1,18
574,"Johnstown-Altoona, PA",41.177,-77.8972,1,19
574,"Johnstown-Altoona, PA",41.0681,-77.5729,1,20
574,"Johnstown-Altoona, PA",40.9627,-77.5088,1,21
574,"Johnstown-Altoona, PA",41.0444,-77.1443,1,22
574,"Johnstown-Altoona, PA",40.5798,-77.821,1,23
574,"Johnstown-Altoona, PA",40.393,-77.8908,1,24
574,"Johnstown-Altoona, PA",40.3789,-77.7518,1,25
574,"Johnstown-Altoona, PA",40.2637,-77.703,1,26
575,"Chattanooga, TN",34.5887,-85.5273,1,1
575,"Chattanooga, TN",34.9847,-85.6052,1,2
575,"Chattanooga, TN",34.9883,-85.8653,1,3
575,"Chattanooga, TN",35.517,-85.8853,1,4
575,"Chattanooga, TN",35.5469,-85.4597,1,5
575,"Chattanooga, TN",35.765,-85.2567,1,6
575,"Chattanooga, TN",35.7463,-85.0289,1,7
575,"Chattanooga, TN",35.825,-84.7818,1,8
575,"Chattanooga, TN",35.6281,-84.526,1,9
575,"Chattanooga, TN",35.3443,-84.4006,1,10
575,"Chattanooga, TN",35.2855,-84.4955,1,11
575,"Chattanooga, TN",35.2043,-84.3443,1,12
575,"Chattanooga, TN",35.2922,-84.0291,1,13
575,"Chattanooga, TN",35.218,-83.9682,1,14
575,"Chattanooga, TN",35.2428,-83.6917,1,15
575,"Chattanooga, TN",34.9873,-84.0054,1,16
575,"Chattanooga, TN",34.9521,-84.1788,1,17
575,"Chattanooga, TN",34.7278,-84.0926,1,18
575,"Chattanooga, TN",34.6026,-84.1886,1,19
575,"Chattanooga, TN",34.844,-84.3716,1,20
575,"Chattanooga, TN",34.8553,-84.6187,1,21
575,"Chattanooga, TN",34.5832,-84.6545,1,22
575,"Chattanooga, TN",34.6344,-84.9139,1,23
575,"Chattanooga, TN",34.5887,-85.5273,1,24
576,"Salisbury, MD",38.3884,-75.108,1,1
576,"Salisbury, MD",38.4305,-75.1902,1,2
576,"Salisbury, MD",38.3292,-75.0934,1,3
576,"Salisbury, MD",38.327,-75.1074,1,4
576,"Salisbury, MD",38.2839,-75.1414,1,5
576,"Salisbury, MD",38.2468,-75.152,1,6
576,"Salisbury, MD",38.2292,-75.189,1,7
576,"Salisbury, MD",38.2073,-75.1922,1,8
576,"Salisbury, MD",38.2592,-75.1899,1,9
576,"Salisbury, MD",38.2311,-75.2454,1,10
576,"Salisbury, MD",38.0152,-75.3777,1,11
576,"Salisbury, MD",37.9925,-75.7494,1,12
576,"Salisbury, MD",37.924,-75.8486,1,13
576,"Salisbury, MD",38.004,-75.8517,1,14
576,"Salisbury, MD",37.9745,-75.899,1,15
576,"Salisbury, MD",38.0888,-75.745,1,16
576,"Salisbury, MD",38.0604,-75.8745,1,17
576,"Salisbury, MD",38.1256,-75.8384,1,18
576,"Salisbury, MD",38.1329,-75.7683,1,19
576,"Salisbury, MD",38.167,-75.741,1,20
576,"Salisbury, MD",38.1762,-75.952,1,21
576,"Salisbury, MD",38.2163,-75.8267,1,22
576,"Salisbury, MD",38.2859,-75.7607,1,23
576,"Salisbury, MD",38.2646,-75.9201,1,24
576,"Salisbury, MD",38.4837,-75.8211,1,25
576,"Salisbury, MD",38.5607,-75.7016,1,26
576,"Salisbury, MD",38.8309,-75.7227,1,27
576,"Salisbury, MD",38.8357,-75.5549,1,28
576,"Salisbury, MD",38.9636,-75.3697,1,29
576,"Salisbury, MD",38.8067,-75.1904,1,30
576,"Salisbury, MD",38.8035,-75.0933,1,31
576,"Salisbury, MD",38.661,-75.0655,1,32
576,"Salisbury, MD",38.6096,-75.0641,1,33
576,"Salisbury, MD",38.6941,-75.0779,1,34
576,"Salisbury, MD",38.7034,-75.1618,1,35
576,"Salisbury, MD",38.6437,-75.1262,1,36
576,"Salisbury, MD",38.6669,-75.1822,1,37
576,"Salisbury, MD",38.659,-75.1881,1,38
576,"Salisbury, MD",38.6358,-75.1662,1,39
576,"Salisbury, MD",38.6358,-75.1039,1,40
576,"Salisbury, MD",38.6198,-75.0976,1,41
576,"Salisbury, MD",38.5959,-75.2884,1,42
576,"Salisbury, MD",38.5505,-75.1014,1,43
576,"Salisbury, MD",38.6099,-75.0607,1,44
576,"Salisbury, MD",38.4556,-75.048,1,45
576,"Salisbury, MD",38.4124,-75.0548,1,46
576,"Salisbury, MD",38.3247,-75.0854,1,47
576,"Salisbury, MD",38.4278,-75.056,1,48
576,"Salisbury, MD",38.4389,-75.0707,1,49
576,"Salisbury, MD",38.4611,-75.0525,1,50
576,"Salisbury, MD",38.5045,-75.0567,1,51
576,"Salisbury, MD",38.5103,-75.0639,1,52
576,"Salisbury, MD",38.3884,-75.108,1,53
576,"Salisbury, MD",38.6096,-75.0848,2,1
576,"Salisbury, MD",38.6163,-75.091,2,2
576,"Salisbury, MD",38.6228,-75.0701,2,3
576,"Salisbury, MD",38.61,-75.077,2,4
576,"Salisbury, MD",38.6096,-75.0848,2,5
576,"Salisbury, MD",38.0266,-75.2506,3,1
576,"Salisbury, MD",38.21,-75.1702,3,2
576,"Salisbury, MD",38.3182,-75.1057,3,3
576,"Salisbury, MD",38.3255,-75.0978,3,4
576,"Salisbury, MD",38.3235,-75.0894,3,5
576,"Salisbury, MD",38.0266,-75.2506,3,6
576,"Salisbury, MD",38.1259,-75.9333,4,1
576,"Salisbury, MD",38.1371,-75.9596,4,2
576,"Salisbury, MD",38.1683,-75.9474,4,3
576,"Salisbury, MD",38.1362,-75.9212,4,4
576,"Salisbury, MD",38.1259,-75.9333,4,5
576,"Salisbury, MD",37.9703,-76.0291,5,1
576,"Salisbury, MD",37.9803,-76.0479,5,2
576,"Salisbury, MD",37.9972,-76.0491,5,3
576,"Salisbury, MD",37.9926,-76.0276,5,4
576,"Salisbury, MD",37.9703,-76.0291,5,5
576,"Salisbury, MD",37.964,-76.0229,6,1
576,"Salisbury, MD",37.9661,-76.025,6,2
576,"Salisbury, MD",37.9717,-76.0209,6,3
576,"Salisbury, MD",37.9648,-76.0174,6,4
576,"Salisbury, MD",37.964,-76.0229,6,5
577,"Wilkes Barre-Scranton, PA",41.4743,-77.9895,1,1
577,"Wilkes Barre-Scranton, PA",41.5911,-76.8771,1,2
577,"Wilkes Barre-Scranton, PA",42.0017,-76.9271,1,3
577,"Wilkes Barre-Scranton, PA",41.9994,-75.3596,1,4
577,"Wilkes Barre-Scranton, PA",41.8622,-75.2578,1,5
577,"Wilkes Barre-Scranton, PA",41.8146,-75.0724,1,6
577,"Wilkes Barre-Scranton, PA",41.6161,-75.0444,1,7
577,"Wilkes Barre-Scranton, PA",41.3745,-75.2624,1,8
577,"Wilkes Barre-Scranton, PA",41.3667,-75.3509,1,9
577,"Wilkes Barre-Scranton, PA",41.2396,-75.3584,1,10
577,"Wilkes Barre-Scranton, PA",41.2528,-75.1276,1,11
577,"Wilkes Barre-Scranton, PA",41.1502,-75.1572,1,12
577,"Wilkes Barre-Scranton, PA",41.0945,-74.9669,1,13
577,"Wilkes Barre-Scranton, PA",40.864,-75.2878,1,14
577,"Wilkes Barre-Scranton, PA",40.7736,-75.6872,1,15
577,"Wilkes Barre-Scranton, PA",40.6397,-75.9932,1,16
577,"Wilkes Barre-Scranton, PA",40.5724,-76.0169,1,17
577,"Wilkes Barre-Scranton, PA",40.496,-76.4402,1,18
577,"Wilkes Barre-Scranton, PA",40.6581,-76.7015,1,19
577,"Wilkes Barre-Scranton, PA",40.6036,-76.9189,1,20
577,"Wilkes Barre-Scranton, PA",40.6798,-77.0391,1,21
577,"Wilkes Barre-Scranton, PA",40.7019,-77.3543,1,22
577,"Wilkes Barre-Scranton, PA",40.8472,-77.3635,1,23
577,"Wilkes Barre-Scranton, PA",41.0444,-77.1443,1,24
577,"Wilkes Barre-Scranton, PA",40.9627,-77.5088,1,25
577,"Wilkes Barre-Scranton, PA",41.0681,-77.5729,1,26
577,"Wilkes Barre-Scranton, PA",41.177,-77.8972,1,27
577,"Wilkes Barre-Scranton, PA",41.2533,-77.8978,1,28
577,"Wilkes Barre-Scranton, PA",41.1536,-78.0382,1,29
577,"Wilkes Barre-Scranton, PA",41.2169,-78.0934,1,30
577,"Wilkes Barre-Scranton, PA",41.4743,-77.9895,1,31
581,"Terre Haute, IN",38.6062,-88.6985,1,1
581,"Terre Haute, IN",38.9147,-88.6936,1,2
581,"Terre Haute, IN",38.911,-88.3616,1,3
581,"Terre Haute, IN",39.171,-88.3607,1,4
581,"Terre Haute, IN",39.1738,-88.0078,1,5
581,"Terre Haute, IN",39.8798,-87.9376,1,6
581,"Terre Haute, IN",39.8831,-87.5332,1,7
581,"Terre Haute, IN",40.1484,-87.4904,1,8
581,"Terre Haute, IN",40.1275,-87.4067,1,9
581,"Terre Haute, IN",39.9564,-87.4347,1,10
581,"Terre Haute, IN",39.953,-87.091,1,11
581,"Terre Haute, IN",39.8673,-87.0915,1,12
581,"Terre Haute, IN",39.8667,-87.0095,1,13
581,"Terre Haute, IN",39.4738,-87.0149,1,14
581,"Terre Haute, IN",39.4733,-86.94,1,15
581,"Terre Haute, IN",39.342,-86.9425,1,16
581,"Terre Haute, IN",39.3426,-87.0537,1,17
581,"Terre Haute, IN",39.1681,-87.0546,1,18
581,"Terre Haute, IN",39.1657,-86.683,1,19
581,"Terre Haute, IN",38.5263,-86.6824,1,20
581,"Terre Haute, IN",38.5407,-87.4255,1,21
581,"Terre Haute, IN",38.4144,-87.7437,1,22
581,"Terre Haute, IN",38.5682,-87.6515,1,23
581,"Terre Haute, IN",38.6062,-88.6985,1,24
582,"Lafayette, IN",40.148,-87.5314,1,1
582,"Lafayette, IN",40.4772,-87.5265,1,2
582,"Lafayette, IN",40.4748,-87.093,1,3
582,"Lafayette, IN",40.5629,-87.0953,1,4
582,"Lafayette, IN",40.5618,-86.6954,1,5
582,"Lafayette, IN",40.2144,-86.6956,1,6
582,"Lafayette, IN",40.2145,-87.0925,1,7
582,"Lafayette, IN",40.3667,-87.0963,1,8
582,"Lafayette, IN",40.1923,-87.4199,1,9
582,"Lafayette, IN",40.1275,-87.4067,1,10
582,"Lafayette, IN",40.148,-87.5314,1,11
583,"Alpena, MI",44.5089,-83.8867,1,1
583,"Alpena, MI",45.2021,-83.8814,1,2
583,"Alpena, MI",45.2037,-83.3805,1,3
583,"Alpena, MI",45.0248,-83.26,1,4
583,"Alpena, MI",45.0766,-83.3856,1,5
583,"Alpena, MI",45.0035,-83.4637,1,6
583,"Alpena, MI",44.8829,-83.3128,1,7
583,"Alpena, MI",44.714,-83.2693,1,8
583,"Alpena, MI",44.5117,-83.3187,1,9
583,"Alpena, MI",44.5089,-83.8867,1,10
584,"Charlottesville, VA",37.7331,-78.644,1,1
584,"Charlottesville, VA",38.0476,-78.8392,1,2
584,"Charlottesville, VA",38.6273,-78.3383,1,3
584,"Charlottesville, VA",38.3275,-78.083,1,4
584,"Charlottesville, VA",38.2203,-78.3371,1,5
584,"Charlottesville, VA",38.1848,-78.3698,1,6
584,"Charlottesville, VA",38.1332,-78.2081,1,7
584,"Charlottesville, VA",37.7625,-78.4983,1,8
584,"Charlottesville, VA",37.7331,-78.644,1,9
588,"South Bend-Elkhart, IN",40.9125,-86.9307,1,1
588,"South Bend-Elkhart, IN",41.2369,-86.93,1,2
588,"South Bend-Elkhart, IN",41.4328,-86.6428,1,3
588,"South Bend-Elkhart, IN",41.4329,-86.5247,1,4
588,"South Bend-Elkhart, IN",41.5706,-86.4864,1,5
588,"South Bend-Elkhart, IN",41.7595,-86.5239,1,6
588,"South Bend-Elkhart, IN",41.7602,-86.8248,1,7
588,"South Bend-Elkhart, IN",41.896,-86.6176,1,8
588,"South Bend-Elkhart, IN",42.243,-86.3648,1,9
588,"South Bend-Elkhart, IN",42.2434,-86.2236,1,10
588,"South Bend-Elkhart, IN",42.0715,-86.223,1,11
588,"South Bend-Elkhart, IN",42.0694,-85.7629,1,12
588,"South Bend-Elkhart, IN",41.7591,-85.7914,1,13
588,"South Bend-Elkhart, IN",41.7597,-85.1966,1,14
588,"South Bend-Elkhart, IN",41.5267,-85.1939,1,15
588,"South Bend-Elkhart, IN",41.5234,-85.6548,1,16
588,"South Bend-Elkhart, IN",41.0467,-85.6842,1,17
588,"South Bend-Elkhart, IN",40.9963,-86.1683,1,18
588,"South Bend-Elkhart, IN",40.9096,-86.1691,1,19
588,"South Bend-Elkhart, IN",40.9125,-86.9307,1,20
592,"Gainesville, FL",29.0017,-82.7556,1,1
592,"Gainesville, FL",29.1671,-82.8042,1,2
592,"Gainesville, FL",29.1745,-83.0528,1,3
592,"Gainesville, FL",29.2384,-83.0578,1,4
592,"Gainesville, FL",29.3172,-83.1179,1,5
592,"Gainesville, FL",29.325,-83.1392,1,6
592,"Gainesville, FL",29.3158,-83.152,1,7
592,"Gainesville, FL",29.3246,-83.1646,1,8
592,"Gainesville, FL",29.4259,-83.22,1,9
592,"Gainesville, FL",29.5183,-83.3964,1,10
592,"Gainesville, FL",29.6669,-83.4089,1,11
592,"Gainesville, FL",29.8226,-83.3189,1,12
592,"Gainesville, FL",29.8258,-82.895,1,13
592,"Gainesville, FL",29.9357,-82.7912,1,14
592,"Gainesville, FL",29.8261,-82.6519,1,15
592,"Gainesville, FL",29.9454,-82.5241,1,16
592,"Gainesville, FL",29.836,-82.1331,1,17
592,"Gainesville, FL",29.7333,-82.0501,1,18
592,"Gainesville, FL",29.44,-82.0567,1,19
592,"Gainesville, FL",29.485,-82.4066,1,20
592,"Gainesville, FL",29.2156,-82.4032,1,21
592,"Gainesville, FL",29.2147,-82.536,1,22
592,"Gainesville, FL",29.0449,-82.5356,1,23
592,"Gainesville, FL",29.0017,-82.7556,1,24
592,"Gainesville, FL",29.2773,-83.125,2,1
592,"Gainesville, FL",29.2932,-83.1589,2,2
592,"Gainesville, FL",29.3225,-83.1399,2,3
592,"Gainesville, FL",29.2956,-83.1111,2,4
592,"Gainesville, FL",29.2773,-83.125,2,5
592,"Gainesville, FL",29.1506,-83.0309,3,1
592,"Gainesville, FL",29.1562,-83.0341,3,2
592,"Gainesville, FL",29.1579,-83.0287,3,3
592,"Gainesville, FL",29.1561,-83.0267,3,4
592,"Gainesville, FL",29.1506,-83.0309,3,5
592,"Gainesville, FL",29.1341,-83.0355,4,1
592,"Gainesville, FL",29.1466,-83.0463,4,2
592,"Gainesville, FL",29.1364,-83.0526,4,3
592,"Gainesville, FL",29.1375,-83.0545,4,4
592,"Gainesville, FL",29.1565,-83.0474,4,5
592,"Gainesville, FL",29.1341,-83.0355,4,6
592,"Gainesville, FL",29.1411,-83.0332,5,1
592,"Gainesville, FL",29.1422,-83.0357,5,2
592,"Gainesville, FL",29.1496,-83.0315,5,3
592,"Gainesville, FL",29.1413,-83.0304,5,4
592,"Gainesville, FL",29.1411,-83.0332,5,5
592,"Gainesville, FL",29.1265,-83.0528,6,1
592,"Gainesville, FL",29.1378,-83.0504,6,2
592,"Gainesville, FL",29.1393,-83.0406,6,3
592,"Gainesville, FL",29.1326,-83.0511,6,4
592,"Gainesville, FL",29.1265,-83.0528,6,5
592,"Gainesville, FL",29.0957,-83.0672,7,1
592,"Gainesville, FL",29.0972,-83.0712,7,2
592,"Gainesville, FL",29.1007,-83.0764,7,3
592,"Gainesville, FL",29.1017,-83.0614,7,4
592,"Gainesville, FL",29.0957,-83.0672,7,5
592,"Gainesville, FL",29.0958,-83.0272,8,1
592,"Gainesville, FL",29.0962,-83.0316,8,2
592,"Gainesville, FL",29.0988,-83.0326,8,3
592,"Gainesville, FL",29.0979,-83.0299,8,4
592,"Gainesville, FL",29.0958,-83.0272,8,5
592,"Gainesville, FL",29.0951,-83.0308,9,1
592,"Gainesville, FL",29.0954,-83.0333,9,2
592,"Gainesville, FL",29.0964,-83.0351,9,3
592,"Gainesville, FL",29.0972,-83.033,9,4
592,"Gainesville, FL",29.0951,-83.0308,9,5
596,"Zanesville, OH",40.1522,-81.7163,1,1
596,"Zanesville, OH",39.7556,-81.6974,1,2
596,"Zanesville, OH",39.771,-82.0767,1,3
596,"Zanesville, OH",39.8207,-82.17,1,4
596,"Zanesville, OH",39.9093,-82.1624,1,5
596,"Zanesville, OH",39.9133,-82.234,1,6
596,"Zanesville, OH",40.1669,-82.1874,1,7
596,"Zanesville, OH",40.1522,-81.7163,1,8
597,"Parkersburg, WV",39.3509,-81.0078,1,1
597,"Parkersburg, WV",39.308,-81.2213,1,2
597,"Parkersburg, WV",39.1864,-81.2953,1,3
597,"Parkersburg, WV",39.0262,-81.5814,1,4
597,"Parkersburg, WV",39.0954,-81.7473,1,5
597,"Parkersburg, WV",39.2694,-81.7217,1,6
597,"Parkersburg, WV",39.3179,-81.8534,1,7
597,"Parkersburg, WV",39.4941,-81.8232,1,8
597,"Parkersburg, WV",39.4808,-81.7085,1,9
597,"Parkersburg, WV",39.5834,-81.7155,1,10
597,"Parkersburg, WV",39.5833,-81.4735,1,11
597,"Parkersburg, WV",39.646,-81.4732,1,12
597,"Parkersburg, WV",39.5721,-81.0368,1,13
597,"Parkersburg, WV",39.4578,-81.1215,1,14
597,"Parkersburg, WV",39.4666,-81.0285,1,15
597,"Parkersburg, WV",39.3509,-81.0078,1,16
598,"Clarksburg-Weston, WV",38.7179,-80.9849,1,1
598,"Clarksburg-Weston, WV",38.7927,-81.0567,1,2
598,"Clarksburg-Weston, WV",38.9692,-81.0075,1,3
598,"Clarksburg-Weston, WV",39.0348,-81.2498,1,4
598,"Clarksburg-Weston, WV",39.15,-81.3289,1,5
598,"Clarksburg-Weston, WV",39.2241,-81.2913,1,6
598,"Clarksburg-Weston, WV",39.308,-81.2213,1,7
598,"Clarksburg-Weston, WV",39.3891,-80.9322,1,8
598,"Clarksburg-Weston, WV",39.2943,-80.8887,1,9
598,"Clarksburg-Weston, WV",39.4303,-80.7133,1,10
598,"Clarksburg-Weston, WV",39.4343,-80.5199,1,11
598,"Clarksburg-Weston, WV",39.6407,-80.4279,1,12
598,"Clarksburg-Weston, WV",39.6066,-80.1462,1,13
598,"Clarksburg-Weston, WV",39.4356,-79.8947,1,14
598,"Clarksburg-Weston, WV",39.2409,-79.8362,1,15
598,"Clarksburg-Weston, WV",39.1888,-79.2892,1,16
598,"Clarksburg-Weston, WV",38.9832,-79.33,1,17
598,"Clarksburg-Weston, WV",38.892,-79.5197,1,18
598,"Clarksburg-Weston, WV",38.6629,-79.5958,1,19
598,"Clarksburg-Weston, WV",38.7372,-79.7816,1,20
598,"Clarksburg-Weston, WV",38.5507,-79.8636,1,21
598,"Clarksburg-Weston, WV",38.3453,-80.3522,1,22
598,"Clarksburg-Weston, WV",38.2258,-80.36,1,23
598,"Clarksburg-Weston, WV",38.4125,-80.6617,1,24
598,"Clarksburg-Weston, WV",38.5035,-80.6783,1,25
598,"Clarksburg-Weston, WV",38.7491,-80.4511,1,26
598,"Clarksburg-Weston, WV",38.8334,-80.4741,1,27
598,"Clarksburg-Weston, WV",38.8928,-80.6699,1,28
598,"Clarksburg-Weston, WV",38.7179,-80.9849,1,29
600,"Corpus Christi, TX",26.7857,-98.9542,1,1
600,"Corpus Christi, TX",27.2694,-98.9546,1,2
600,"Corpus Christi, TX",27.268,-98.7981,1,3
600,"Corpus Christi, TX",28.0575,-98.8033,1,4
600,"Corpus Christi, TX",28.0578,-98.3343,1,5
600,"Corpus Christi, TX",28.6127,-98.335,1,6
600,"Corpus Christi, TX",28.7869,-98.0983,1,7
600,"Corpus Christi, TX",28.6902,-98.0053,1,8
600,"Corpus Christi, TX",28.6684,-97.7721,1,9
600,"Corpus Christi, TX",28.5416,-97.6962,1,10
600,"Corpus Christi, TX",28.4027,-97.4455,1,11
600,"Corpus Christi, TX",28.3876,-97.375,1,12
600,"Corpus Christi, TX",28.5534,-97.1607,1,13
600,"Corpus Christi, TX",28.4251,-96.7644,1,14
600,"Corpus Christi, TX",28.4156,-96.8596,1,15
600,"Corpus Christi, TX",28.3192,-96.7902,1,16
600,"Corpus Christi, TX",28.1353,-96.9109,1,17
600,"Corpus Christi, TX",28.1522,-96.9058,1,18
600,"Corpus Christi, TX",28.1234,-96.9313,1,19
600,"Corpus Christi, TX",28.1223,-96.9605,1,20
600,"Corpus Christi, TX",28.1258,-96.9646,1,21
600,"Corpus Christi, TX",28.2696,-96.9148,1,22
600,"Corpus Christi, TX",28.1327,-96.9751,1,23
600,"Corpus Christi, TX",28.1503,-97.0275,1,24
600,"Corpus Christi, TX",28.1938,-97.0067,1,25
600,"Corpus Christi, TX",28.2065,-97.0238,1,26
600,"Corpus Christi, TX",28.0787,-97.2618,1,27
600,"Corpus Christi, TX",28.0483,-97.1586,1,28
600,"Corpus Christi, TX",27.9709,-97.1846,1,29
600,"Corpus Christi, TX",28.0603,-97.128,1,30
600,"Corpus Christi, TX",28.1048,-97.02,1,31
600,"Corpus Christi, TX",27.8243,-97.1881,1,32
600,"Corpus Christi, TX",27.882,-97.2735,1,33
600,"Corpus Christi, TX",27.8718,-97.5556,1,34
600,"Corpus Christi, TX",27.8361,-97.3787,1,35
600,"Corpus Christi, TX",27.7378,-97.3646,1,36
600,"Corpus Christi, TX",27.6911,-97.2437,1,37
600,"Corpus Christi, TX",27.6268,-97.2982,1,38
600,"Corpus Christi, TX",27.3233,-97.4107,1,39
600,"Corpus Christi, TX",27.2744,-97.5086,1,40
600,"Corpus Christi, TX",27.2811,-97.54,1,41
600,"Corpus Christi, TX",27.2856,-97.5455,1,42
600,"Corpus Christi, TX",27.3488,-97.4773,1,43
600,"Corpus Christi, TX",27.457,-97.4674,1,44
600,"Corpus Christi, TX",27.4691,-97.4947,1,45
600,"Corpus Christi, TX",27.4089,-97.5591,1,46
600,"Corpus Christi, TX",27.3963,-97.4749,1,47
600,"Corpus Christi, TX",27.2844,-97.6132,1,48
600,"Corpus Christi, TX",27.4043,-97.6872,1,49
600,"Corpus Christi, TX",27.4524,-97.7703,1,50
600,"Corpus Christi, TX",27.3052,-97.6545,1,51
600,"Corpus Christi, TX",27.2783,-97.7771,1,52
600,"Corpus Christi, TX",27.2625,-97.4232,1,53
600,"Corpus Christi, TX",27.0881,-97.5067,1,54
600,"Corpus Christi, TX",26.9987,-97.4784,1,55
600,"Corpus Christi, TX",26.998,-97.5615,1,56
600,"Corpus Christi, TX",26.9833,-97.5746,1,57
600,"Corpus Christi, TX",26.8824,-97.5231,1,58
600,"Corpus Christi, TX",26.8492,-97.5865,1,59
600,"Corpus Christi, TX",26.7588,-97.4715,1,60
600,"Corpus Christi, TX",26.5998,-97.4449,1,61
600,"Corpus Christi, TX",26.6158,-97.9853,1,62
600,"Corpus Christi, TX",26.7809,-97.9855,1,63
600,"Corpus Christi, TX",26.7857,-98.9542,1,64
600,"Corpus Christi, TX",28.165,-96.82,2,1
600,"Corpus Christi, TX",28.1674,-96.8232,2,2
600,"Corpus Christi, TX",28.1677,-96.8195,2,3
600,"Corpus Christi, TX",28.165,-96.82,2,4
600,"Corpus Christi, TX",28.1253,-96.9835,3,1
600,"Corpus Christi, TX",28.1279,-96.9955,3,2
600,"Corpus Christi, TX",28.1313,-97.0001,3,3
600,"Corpus Christi, TX",28.1258,-96.9785,3,4
600,"Corpus Christi, TX",28.1253,-96.9835,3,5
600,"Corpus Christi, TX",27.8389,-97.0453,4,1
600,"Corpus Christi, TX",27.852,-97.0545,4,2
600,"Corpus Christi, TX",27.9681,-96.9732,4,3
600,"Corpus Christi, TX",27.9855,-96.9844,4,4
600,"Corpus Christi, TX",28.0204,-96.9671,4,5
600,"Corpus Christi, TX",28.0605,-96.8604,4,6
600,"Corpus Christi, TX",27.8389,-97.0453,4,7
600,"Corpus Christi, TX",27.8935,-97.1379,5,1
600,"Corpus Christi, TX",27.8943,-97.1409,5,2
600,"Corpus Christi, TX",27.8995,-97.1383,5,3
600,"Corpus Christi, TX",27.8972,-97.1361,5,4
600,"Corpus Christi, TX",27.8935,-97.1379,5,5
600,"Corpus Christi, TX",27.8424,-97.0758,6,1
600,"Corpus Christi, TX",27.8524,-97.0872,6,2
600,"Corpus Christi, TX",27.8632,-97.0808,6,3
600,"Corpus Christi, TX",27.8463,-97.0608,6,4
600,"Corpus Christi, TX",27.8424,-97.0758,6,5
600,"Corpus Christi, TX",27.6764,-97.1643,7,1
600,"Corpus Christi, TX",27.6959,-97.1837,7,2
600,"Corpus Christi, TX",27.7322,-97.1659,7,3
600,"Corpus Christi, TX",27.7373,-97.1371,7,4
600,"Corpus Christi, TX",27.8286,-97.0686,7,5
600,"Corpus Christi, TX",27.8317,-97.1054,7,6
600,"Corpus Christi, TX",27.8346,-97.0447,7,7
600,"Corpus Christi, TX",27.6764,-97.1643,7,8
600,"Corpus Christi, TX",27.6153,-97.2016,8,1
600,"Corpus Christi, TX",27.6851,-97.1961,8,2
600,"Corpus Christi, TX",27.6883,-97.1801,8,3
600,"Corpus Christi, TX",27.6756,-97.1649,8,4
600,"Corpus Christi, TX",27.6153,-97.2016,8,5
600,"Corpus Christi, TX",26.6004,-97.2879,9,1
600,"Corpus Christi, TX",26.862,-97.3939,9,2
600,"Corpus Christi, TX",27.2051,-97.3899,9,3
600,"Corpus Christi, TX",27.3722,-97.358,9,4
600,"Corpus Christi, TX",27.5865,-97.2265,9,5
600,"Corpus Christi, TX",27.6575,-97.2599,9,6
600,"Corpus Christi, TX",27.6137,-97.2032,9,7
600,"Corpus Christi, TX",27.101,-97.377,9,8
600,"Corpus Christi, TX",26.6004,-97.2879,9,9
600,"Corpus Christi, TX",27.1154,-97.4444,10,1
600,"Corpus Christi, TX",27.1253,-97.452,10,2
600,"Corpus Christi, TX",27.1269,-97.4469,10,3
600,"Corpus Christi, TX",27.1522,-97.4438,10,4
600,"Corpus Christi, TX",27.1154,-97.4444,10,5
600,"Corpus Christi, TX",26.9695,-97.4728,11,1
600,"Corpus Christi, TX",27.0023,-97.4781,11,2
600,"Corpus Christi, TX",27.0027,-97.4545,11,3
600,"Corpus Christi, TX",26.9893,-97.4531,11,4
600,"Corpus Christi, TX",26.9695,-97.4728,11,5
600,"Corpus Christi, TX",26.6003,-97.3002,12,1
600,"Corpus Christi, TX",26.6249,-97.3338,12,2
600,"Corpus Christi, TX",26.695,-97.3481,12,3
600,"Corpus Christi, TX",26.6532,-97.3155,12,4
600,"Corpus Christi, TX",26.6003,-97.3002,12,5
602,"Chicago, IL",40.9125,-86.9307,1,1
602,"Chicago, IL",40.9122,-86.9875,1,2
602,"Chicago, IL",40.8379,-86.9864,1,3
602,"Chicago, IL",40.8376,-87.0998,1,4
602,"Chicago, IL",40.7365,-87.0986,1,5
602,"Chicago, IL",40.737,-87.5261,1,6
602,"Chicago, IL",41.0103,-87.5263,1,7
602,"Chicago, IL",40.9948,-88.2472,1,8
602,"Chicago, IL",41.1142,-88.2516,1,9
602,"Chicago, IL",41.1058,-88.931,1,10
602,"Chicago, IL",40.9278,-88.9314,1,11
602,"Chicago, IL",40.926,-89.0476,1,12
602,"Chicago, IL",41.1048,-89.0476,1,13
602,"Chicago, IL",41.1041,-89.1622,1,14
602,"Chicago, IL",41.6287,-89.1672,1,15
602,"Chicago, IL",41.6282,-88.9386,1,16
602,"Chicago, IL",42.1523,-88.9397,1,17
602,"Chicago, IL",42.1536,-88.7056,1,18
602,"Chicago, IL",42.4936,-88.7074,1,19
602,"Chicago, IL",42.4928,-87.8014,1,20
602,"Chicago, IL",42.2291,-87.8119,1,21
602,"Chicago, IL",42.0595,-87.6694,1,22
602,"Chicago, IL",41.7796,-87.5739,1,23
602,"Chicago, IL",41.6411,-87.4209,1,24
602,"Chicago, IL",41.7595,-86.5239,1,25
602,"Chicago, IL",41.4329,-86.5247,1,26
602,"Chicago, IL",41.4328,-86.6428,1,27
602,"Chicago, IL",41.2369,-86.93,1,28
602,"Chicago, IL",40.9125,-86.9307,1,29
603,"Joplin, MO-Pittsburg, KS",36.4994,-94.6179,1,1
603,"Joplin, MO-Pittsburg, KS",36.6679,-94.6181,1,2
603,"Joplin, MO-Pittsburg, KS",36.6707,-94.9996,1,3
603,"Joplin, MO-Pittsburg, KS",36.9995,-95.0076,1,4
603,"Joplin, MO-Pittsburg, KS",36.9993,-95.5224,1,5
603,"Joplin, MO-Pittsburg, KS",37.384,-95.5212,1,6
603,"Joplin, MO-Pittsburg, KS",37.3867,-95.9614,1,7
603,"Joplin, MO-Pittsburg, KS",38.0404,-95.9593,1,8
603,"Joplin, MO-Pittsburg, KS",38.0365,-94.0583,1,9
603,"Joplin, MO-Pittsburg, KS",36.4987,-94.0771,1,10
603,"Joplin, MO-Pittsburg, KS",36.4994,-94.6179,1,11
604,"Columbia-Jefferson City, MO",39.3187,-91.4382,1,1
604,"Columbia-Jefferson City, MO",39.1425,-91.409,1,2
604,"Columbia-Jefferson City, MO",39.1398,-91.2602,1,3
604,"Columbia-Jefferson City, MO",38.8438,-91.265,1,4
604,"Columbia-Jefferson City, MO",38.8453,-91.4158,1,5
604,"Columbia-Jefferson City, MO",38.7098,-91.4186,1,6
604,"Columbia-Jefferson City, MO",38.7038,-91.6404,1,7
604,"Columbia-Jefferson City, MO",38.051,-91.6324,1,8
604,"Columbia-Jefferson City, MO",38.0223,-92.516,1,9
604,"Columbia-Jefferson City, MO",38.213,-92.6403,1,10
604,"Columbia-Jefferson City, MO",38.186,-93.0062,1,11
604,"Columbia-Jefferson City, MO",38.2606,-93.0778,1,12
604,"Columbia-Jefferson City, MO",38.9724,-93.0485,1,13
604,"Columbia-Jefferson City, MO",39.2305,-92.8491,1,14
604,"Columbia-Jefferson City, MO",39.4583,-93.2758,1,15
604,"Columbia-Jefferson City, MO",39.7036,-93.2669,1,16
604,"Columbia-Jefferson City, MO",39.6979,-92.6893,1,17
604,"Columbia-Jefferson City, MO",39.6102,-92.6921,1,18
604,"Columbia-Jefferson City, MO",39.6053,-92.301,1,19
604,"Columbia-Jefferson City, MO",39.3478,-92.3104,1,20
604,"Columbia-Jefferson City, MO",39.3187,-91.4382,1,21
605,"Topeka, KS",38.0404,-95.9593,1,1
605,"Topeka, KS",38.1711,-95.9591,1,2
605,"Topeka, KS",38.1727,-96.3573,1,3
605,"Topeka, KS",38.5217,-96.3538,1,4
605,"Topeka, KS",38.5225,-96.93,1,5
605,"Topeka, KS",38.8702,-96.8903,1,6
605,"Topeka, KS",39.1323,-96.9632,1,7
605,"Topeka, KS",39.132,-97.3712,1,8
605,"Topeka, KS",39.306,-97.3698,1,9
605,"Topeka, KS",39.3064,-97.9295,1,10
605,"Topeka, KS",39.654,-97.9317,1,11
605,"Topeka, KS",39.654,-97.3687,1,12
605,"Topeka, KS",40.0021,-97.3691,1,13
605,"Topeka, KS",40.0,-95.3399,1,14
605,"Topeka, KS",39.653,-95.3398,1,15
605,"Topeka, KS",39.653,-95.5642,1,16
605,"Topeka, KS",39.4191,-95.5705,1,17
605,"Topeka, KS",39.419,-95.1797,1,18
605,"Topeka, KS",39.0441,-95.1873,1,19
605,"Topeka, KS",39.0552,-95.5012,1,20
605,"Topeka, KS",38.0382,-95.5193,1,21
605,"Topeka, KS",38.0404,-95.9593,1,22
606,"Dothan, AL",30.7115,-84.8647,1,1
606,"Dothan, AL",31.0007,-85.0019,1,2
606,"Dothan, AL",30.994,-86.1873,1,3
606,"Dothan, AL",31.6177,-86.1459,1,4
606,"Dothan, AL",31.6195,-85.4164,1,5
606,"Dothan, AL",31.7067,-85.416,1,6
606,"Dothan, AL",31.7024,-85.2161,1,7
606,"Dothan, AL",31.7744,-85.1512,1,8
606,"Dothan, AL",31.4859,-85.0293,1,9
606,"Dothan, AL",31.5012,-84.7965,1,10
606,"Dothan, AL",31.4364,-84.7892,1,11
606,"Dothan, AL",31.4339,-84.6376,1,12
606,"Dothan, AL",31.2565,-84.6416,1,13
606,"Dothan, AL",31.2557,-84.9174,1,14
606,"Dothan, AL",31.0726,-84.9224,1,15
606,"Dothan, AL",31.0692,-84.7309,1,16
606,"Dothan, AL",30.8371,-84.7689,1,17
606,"Dothan, AL",30.7115,-84.8647,1,18
609,"St. Louis, MO",39.3187,-91.4382,1,1
609,"St. Louis, MO",39.4507,-91.4604,1,2
609,"St. Louis, MO",39.5984,-91.2033,1,3
609,"St. Louis, MO",39.3995,-90.9367,1,4
609,"St. Louis, MO",39.3958,-90.6137,1,5
609,"St. Louis, MO",39.5217,-90.5811,1,6
609,"St. Louis, MO",39.5246,-89.5338,1,7
609,"St. Louis, MO",39.3488,-89.5309,1,8
609,"St. Louis, MO",39.349,-89.1397,1,9
609,"St. Louis, MO",39.2172,-89.1401,1,10
609,"St. Louis, MO",39.2163,-88.8055,1,11
609,"St. Louis, MO",38.9118,-88.807,1,12
609,"St. Louis, MO",38.9147,-88.6936,1,13
609,"St. Louis, MO",38.4749,-88.699,1,14
609,"St. Louis, MO",38.474,-89.1443,1,15
609,"St. Louis, MO",38.2129,-89.1474,1,16
609,"St. Louis, MO",38.2193,-89.5927,1,17
609,"St. Louis, MO",37.9553,-89.5951,1,18
609,"St. Louis, MO",37.8031,-89.6743,1,19
609,"St. Louis, MO",37.9056,-89.8448,1,20
609,"St. Louis, MO",37.6416,-90.1468,1,21
609,"St. Louis, MO",37.6436,-90.535,1,22
609,"St. Louis, MO",37.2726,-90.5506,1,23
609,"St. Louis, MO",37.2701,-90.7536,1,24
609,"St. Louis, MO",37.603,-90.7687,1,25
609,"St. Louis, MO",37.5881,-91.1551,1,26
609,"St. Louis, MO",37.6973,-91.1533,1,27
609,"St. Louis, MO",37.7,-91.3107,1,28
609,"St. Louis, MO",37.7872,-91.3084,1,29
609,"St. Louis, MO",37.789,-91.5288,1,30
609,"St. Louis, MO",38.1524,-91.525,1,31
609,"St. Louis, MO",38.1537,-91.6449,1,32
609,"St. Louis, MO",38.7038,-91.6404,1,33
609,"St. Louis, MO",38.7098,-91.4186,1,34
609,"St. Louis, MO",38.8453,-91.4158,1,35
609,"St. Louis, MO",38.8438,-91.265,1,36
609,"St. Louis, MO",39.1398,-91.2602,1,37
609,"St. Louis, MO",39.1425,-91.409,1,38
609,"St. Louis, MO",39.3187,-91.4382,1,39
610,"Rockford, IL",41.585,-89.1665,1,1
610,"Rockford, IL",41.5849,-89.6315,1,2
610,"Rockford, IL",42.1991,-89.6885,1,3
610,"Rockford, IL",42.1963,-89.9197,1,4
610,"Rockford, IL",42.5058,-89.9265,1,5
610,"Rockford, IL",42.4936,-88.7074,1,6
610,"Rockford, IL",42.1536,-88.7056,1,7
610,"Rockford, IL",42.1523,-88.9397,1,8
610,"Rockford, IL",41.6282,-88.9386,1,9
610,"Rockford, IL",41.585,-89.1665,1,10
611,"Rochester, NY",42.9077,-93.0249,1,1
611,"Rochester, NY",42.9077,-93.9716,1,2
611,"Rochester, NY",43.4996,-93.9708,1,3
611,"Rochester, NY",43.4995,-93.6486,1,4
611,"Rochester, NY",43.8481,-93.6485,1,5
611,"Rochester, NY",43.8484,-93.046,1,6
611,"Rochester, NY",44.1967,-93.0462,1,7
611,"Rochester, NY",44.1972,-92.4023,1,8
611,"Rochester, NY",44.1941,-92.3196,1,9
611,"Rochester, NY",44.1078,-92.3191,1,10
611,"Rochester, NY",44.107,-92.0795,1,11
611,"Rochester, NY",43.8471,-92.0794,1,12
611,"Rochester, NY",43.8468,-91.7305,1,13
611,"Rochester, NY",43.5007,-91.7304,1,14
611,"Rochester, NY",43.5006,-92.08,1,15
611,"Rochester, NY",43.2129,-92.0809,1,16
611,"Rochester, NY",43.2129,-92.5543,1,17
611,"Rochester, NY",42.9071,-92.5544,1,18
611,"Rochester, NY",42.9077,-93.0249,1,19
612,"Shreveport, LA",31.6554,-94.3991,1,1
612,"Shreveport, LA",31.974,-94.5114,1,2
612,"Shreveport, LA",31.9732,-94.6,1,3
612,"Shreveport, LA",32.3944,-94.4918,1,4
612,"Shreveport, LA",32.4222,-94.7017,1,5
612,"Shreveport, LA",32.8371,-94.6727,1,6
612,"Shreveport, LA",32.9045,-94.72,1,7
612,"Shreveport, LA",32.9025,-95.1521,1,8
612,"Shreveport, LA",33.3895,-95.1255,1,9
612,"Shreveport, LA",33.3807,-95.3086,1,10
612,"Shreveport, LA",33.8797,-95.3106,1,11
612,"Shreveport, LA",33.961,-95.2299,1,12
612,"Shreveport, LA",33.9368,-95.1559,1,13
612,"Shreveport, LA",34.2439,-95.1512,1,14
612,"Shreveport, LA",34.2437,-95.0466,1,15
612,"Shreveport, LA",34.5072,-95.0467,1,16
612,"Shreveport, LA",34.5075,-94.4611,1,17
612,"Shreveport, LA",34.1899,-94.4703,1,18
612,"Shreveport, LA",34.1925,-94.2437,1,19
612,"Shreveport, LA",34.3555,-94.2547,1,20
612,"Shreveport, LA",34.3501,-93.9354,1,21
612,"Shreveport, LA",34.1865,-93.926,1,22
612,"Shreveport, LA",34.1838,-93.8207,1,23
612,"Shreveport, LA",34.009,-93.823,1,24
612,"Shreveport, LA",33.9569,-93.3735,1,25
612,"Shreveport, LA",33.8355,-93.2766,1,26
612,"Shreveport, LA",33.7773,-93.1043,1,27
612,"Shreveport, LA",33.3803,-93.119,1,28
612,"Shreveport, LA",33.3773,-92.9785,1,29
612,"Shreveport, LA",33.0174,-92.9887,1,30
612,"Shreveport, LA",33.0144,-92.725,1,31
612,"Shreveport, LA",32.7595,-92.7254,1,32
612,"Shreveport, LA",32.7588,-92.8286,1,33
612,"Shreveport, LA",32.6,-92.8817,1,34
612,"Shreveport, LA",32.4541,-92.8793,1,35
612,"Shreveport, LA",32.4535,-92.7772,1,36
612,"Shreveport, LA",32.2353,-92.7736,1,37
612,"Shreveport, LA",32.1469,-92.8146,1,38
612,"Shreveport, LA",32.1479,-92.9386,1,39
612,"Shreveport, LA",31.9459,-92.8722,1,40
612,"Shreveport, LA",31.713,-92.976,1,41
612,"Shreveport, LA",31.5246,-92.7171,1,42
612,"Shreveport, LA",31.4765,-92.7617,1,43
612,"Shreveport, LA",31.3467,-92.9471,1,44
612,"Shreveport, LA",31.3641,-93.3905,1,45
612,"Shreveport, LA",31.1674,-93.5792,1,46
612,"Shreveport, LA",31.1342,-94.0402,1,47
612,"Shreveport, LA",31.5694,-93.9845,1,48
612,"Shreveport, LA",31.6554,-94.3991,1,49
613,"Minneapolis-St. Paul, MN",43.5005,-94.9149,1,1
613,"Minneapolis-St. Paul, MN",43.5006,-95.4544,1,2
613,"Minneapolis-St. Paul, MN",44.196,-95.4625,1,3
613,"Minneapolis-St. Paul, MN",44.1967,-96.0785,1,4
613,"Minneapolis-St. Paul, MN",44.6305,-96.0929,1,5
613,"Minneapolis-St. Paul, MN",44.6312,-96.4518,1,6
613,"Minneapolis-St. Paul, MN",45.3008,-96.4531,1,7
613,"Minneapolis-St. Paul, MN",45.4173,-96.6925,1,8
613,"Minneapolis-St. Paul, MN",45.606,-96.8578,1,9
613,"Minneapolis-St. Paul, MN",45.819,-96.5839,1,10
613,"Minneapolis-St. Paul, MN",46.0218,-96.5766,1,11
613,"Minneapolis-St. Paul, MN",46.0216,-96.2657,1,12
613,"Minneapolis-St. Paul, MN",46.1083,-96.2654,1,13
613,"Minneapolis-St. Paul, MN",46.1067,-95.1458,1,14
613,"Minneapolis-St. Paul, MN",47.8727,-95.1937,1,15
613,"Minneapolis-St. Paul, MN",47.9199,-95.2762,1,16
613,"Minneapolis-St. Paul, MN",48.02,-95.2292,1,17
613,"Minneapolis-St. Paul, MN",48.0206,-95.5925,1,18
613,"Minneapolis-St. Paul, MN",48.5389,-95.6024,1,19
613,"Minneapolis-St. Paul, MN",48.54,-95.212,1,20
613,"Minneapolis-St. Paul, MN",48.366,-95.211,1,21
613,"Minneapolis-St. Paul, MN",48.3673,-94.4258,1,22
613,"Minneapolis-St. Paul, MN",47.4448,-94.4163,1,23
613,"Minneapolis-St. Paul, MN",47.478,-94.0951,1,24
613,"Minneapolis-St. Paul, MN",47.3516,-94.0269,1,25
613,"Minneapolis-St. Paul, MN",47.3033,-93.7728,1,26
613,"Minneapolis-St. Paul, MN",46.2485,-93.8076,1,27
613,"Minneapolis-St. Paul, MN",46.2461,-93.4307,1,28
613,"Minneapolis-St. Paul, MN",46.154,-93.4318,1,29
613,"Minneapolis-St. Paul, MN",46.1583,-93.0539,1,30
613,"Minneapolis-St. Paul, MN",46.4193,-93.0548,1,31
613,"Minneapolis-St. Paul, MN",46.4172,-92.2929,1,32
613,"Minneapolis-St. Paul, MN",46.1573,-92.2937,1,33
613,"Minneapolis-St. Paul, MN",46.1577,-92.0497,1,34
613,"Minneapolis-St. Paul, MN",45.6399,-92.0312,1,35
613,"Minneapolis-St. Paul, MN",45.6376,-91.5403,1,36
613,"Minneapolis-St. Paul, MN",45.2065,-91.5422,1,37
613,"Minneapolis-St. Paul, MN",45.2079,-91.6657,1,38
613,"Minneapolis-St. Paul, MN",44.5966,-91.6502,1,39
613,"Minneapolis-St. Paul, MN",44.5905,-92.0228,1,40
613,"Minneapolis-St. Paul, MN",44.4293,-92.0814,1,41
613,"Minneapolis-St. Paul, MN",44.3335,-91.9256,1,42
613,"Minneapolis-St. Paul, MN",44.193,-91.8582,1,43
613,"Minneapolis-St. Paul, MN",44.1074,-92.2995,1,44
613,"Minneapolis-St. Paul, MN",44.1941,-92.3196,1,45
613,"Minneapolis-St. Paul, MN",44.1967,-93.0462,1,46
613,"Minneapolis-St. Paul, MN",43.8484,-93.046,1,47
613,"Minneapolis-St. Paul, MN",43.8481,-93.6485,1,48
613,"Minneapolis-St. Paul, MN",43.4995,-93.6486,1,49
613,"Minneapolis-St. Paul, MN",43.5003,-94.2477,1,50
613,"Minneapolis-St. Paul, MN",43.8478,-94.2473,1,51
613,"Minneapolis-St. Paul, MN",43.848,-93.7678,1,52
613,"Minneapolis-St. Paul, MN",44.2392,-93.7679,1,53
613,"Minneapolis-St. Paul, MN",44.2687,-94.1298,1,54
613,"Minneapolis-St. Paul, MN",44.1849,-94.1291,1,55
613,"Minneapolis-St. Paul, MN",44.2003,-94.2101,1,56
613,"Minneapolis-St. Paul, MN",44.4981,-94.8658,1,57
613,"Minneapolis-St. Paul, MN",44.2823,-94.8663,1,58
613,"Minneapolis-St. Paul, MN",44.2818,-95.1075,1,59
613,"Minneapolis-St. Paul, MN",44.1081,-95.1003,1,60
613,"Minneapolis-St. Paul, MN",44.108,-94.8598,1,61
613,"Minneapolis-St. Paul, MN",43.5006,-94.8544,1,62
613,"Minneapolis-St. Paul, MN",43.5005,-94.9149,1,63
616,"Kansas City, MO",39.653,-95.3398,1,1
616,"Kansas City, MO",39.6235,-95.055,1,2
616,"Kansas City, MO",39.5333,-95.1029,1,3
616,"Kansas City, MO",39.5322,-94.6013,1,4
616,"Kansas City, MO",39.7472,-94.6022,1,5
616,"Kansas City, MO",39.7458,-94.206,1,6
616,"Kansas City, MO",40.0345,-94.2035,1,7
616,"Kansas City, MO",40.0392,-94.6066,1,8
616,"Kansas City, MO",40.3867,-94.5985,1,9
616,"Kansas City, MO",40.3843,-94.2143,1,10
616,"Kansas City, MO",40.5719,-94.2322,1,11
616,"Kansas City, MO",40.5775,-93.7743,1,12
616,"Kansas City, MO",40.264,-93.7633,1,13
616,"Kansas City, MO",40.2663,-93.3672,1,14
616,"Kansas City, MO",40.0331,-93.3666,1,15
616,"Kansas City, MO",40.0373,-92.8475,1,16
616,"Kansas City, MO",39.7,-92.8579,1,17
616,"Kansas City, MO",39.6835,-93.2876,1,18
616,"Kansas City, MO",39.4583,-93.2758,1,19
616,"Kansas City, MO",39.2305,-92.8491,1,20
616,"Kansas City, MO",38.9724,-93.0485,1,21
616,"Kansas City, MO",38.5301,-93.0673,1,22
616,"Kansas City, MO",38.5125,-93.5127,1,23
616,"Kansas City, MO",38.2074,-93.5235,1,24
616,"Kansas City, MO",38.214,-94.0499,1,25
616,"Kansas City, MO",38.0309,-94.0632,1,26
616,"Kansas City, MO",38.0382,-95.5193,1,27
616,"Kansas City, MO",39.0552,-95.5012,1,28
616,"Kansas City, MO",39.0441,-95.1873,1,29
616,"Kansas City, MO",39.419,-95.1797,1,30
616,"Kansas City, MO",39.4191,-95.5705,1,31
616,"Kansas City, MO",39.653,-95.5642,1,32
616,"Kansas City, MO",39.653,-95.3398,1,33
617,"Milwaukee, WI",42.492,-88.7765,1,1
617,"Milwaukee, WI",42.8429,-88.7771,1,2
617,"Milwaukee, WI",42.8473,-89.0134,1,3
617,"Milwaukee, WI",43.6329,-89.0068,1,4
617,"Milwaukee, WI",43.6309,-88.4011,1,5
617,"Milwaukee, WI",43.5434,-88.4004,1,6
617,"Milwaukee, WI",43.5431,-88.1611,1,7
617,"Milwaukee, WI",43.8915,-88.1621,1,8
617,"Milwaukee, WI",43.8922,-87.7318,1,9
617,"Milwaukee, WI",43.6858,-87.7031,1,10
617,"Milwaukee, WI",43.2503,-87.9118,1,11
617,"Milwaukee, WI",43.0085,-87.8925,1,12
617,"Milwaukee, WI",42.7807,-87.7581,1,13
617,"Milwaukee, WI",42.4928,-87.8014,1,14
617,"Milwaukee, WI",42.492,-88.7765,1,15
618,"Houston, TX",29.5604,-94.3542,1,1
618,"Houston, TX",29.5311,-94.7809,1,2
618,"Houston, TX",29.6539,-94.6913,1,3
618,"Houston, TX",29.7885,-94.722,1,4
618,"Houston, TX",29.661,-94.8927,1,5
618,"Houston, TX",29.7005,-94.9658,1,6
618,"Houston, TX",29.5525,-95.0217,1,7
618,"Houston, TX",29.4968,-94.9097,1,8
618,"Houston, TX",29.4703,-94.9544,1,9
618,"Houston, TX",29.4174,-94.9508,1,10
618,"Houston, TX",29.4475,-94.9211,1,11
618,"Houston, TX",29.3637,-94.81,1,12
618,"Houston, TX",29.3892,-94.8862,1,13
618,"Houston, TX",29.3035,-94.8984,1,14
618,"Houston, TX",29.3152,-94.9413,1,15
618,"Houston, TX",29.2803,-95.0076,1,16
618,"Houston, TX",29.1759,-95.0997,1,17
618,"Houston, TX",29.2132,-95.2066,1,18
618,"Houston, TX",29.179,-95.1481,1,19
618,"Houston, TX",29.0158,-95.2219,1,20
618,"Houston, TX",29.0693,-95.1237,1,21
618,"Houston, TX",28.8649,-95.3841,1,22
618,"Houston, TX",28.7018,-95.9237,1,23
618,"Houston, TX",28.6256,-95.962,1,24
618,"Houston, TX",28.7247,-95.6967,1,25
618,"Houston, TX",28.5954,-95.9805,1,26
618,"Houston, TX",28.6161,-95.9741,1,27
618,"Houston, TX",28.6338,-95.9872,1,28
618,"Houston, TX",28.6365,-95.975,1,29
618,"Houston, TX",28.6426,-95.975,1,30
618,"Houston, TX",28.6434,-95.9865,1,31
618,"Houston, TX",28.6574,-95.9714,1,32
618,"Houston, TX",28.6633,-95.9929,1,33
618,"Houston, TX",28.6456,-96.003,1,34
618,"Houston, TX",28.6522,-96.039,1,35
618,"Houston, TX",28.5826,-96.2083,1,36
618,"Houston, TX",28.5784,-96.2258,1,37
618,"Houston, TX",28.5808,-96.2316,1,38
618,"Houston, TX",28.6432,-96.2379,1,39
618,"Houston, TX",28.7062,-96.1815,1,40
618,"Houston, TX",28.7625,-96.1733,1,41
618,"Houston, TX",28.6258,-96.3621,1,42
618,"Houston, TX",28.7293,-96.3897,1,43
618,"Houston, TX",28.7318,-96.4351,1,44
618,"Houston, TX",28.6256,-96.3737,1,45
618,"Houston, TX",28.5744,-96.4701,1,46
618,"Houston, TX",28.5693,-96.4902,1,47
618,"Houston, TX",28.6028,-96.4354,1,48
618,"Houston, TX",28.6684,-96.462,1,49
618,"Houston, TX",28.6065,-96.4831,1,50
618,"Houston, TX",28.6348,-96.5629,1,51
618,"Houston, TX",29.0215,-96.8323,1,52
618,"Houston, TX",29.0632,-96.9386,1,53
618,"Houston, TX",29.3354,-96.5606,1,54
618,"Houston, TX",29.6326,-96.8742,1,55
618,"Houston, TX",29.9615,-96.5698,1,56
618,"Houston, TX",30.1451,-96.6472,1,57
618,"Houston, TX",30.1605,-96.7945,1,58
618,"Houston, TX",30.2425,-96.7332,1,59
618,"Houston, TX",30.3841,-96.3135,1,60
618,"Houston, TX",30.3957,-96.1784,1,61
618,"Houston, TX",30.3367,-96.145,1,62
618,"Houston, TX",30.4312,-96.0809,1,63
618,"Houston, TX",30.5992,-96.1882,1,64
618,"Houston, TX",30.823,-96.1683,1,65
618,"Houston, TX",30.8999,-95.6298,1,66
618,"Houston, TX",31.0581,-95.4348,1,67
618,"Houston, TX",30.8589,-95.3979,1,68
618,"Houston, TX",30.9063,-95.2502,1,69
618,"Houston, TX",30.8246,-95.2002,1,70
618,"Houston, TX",31.1467,-94.8428,1,71
618,"Houston, TX",31.0632,-94.5622,1,72
618,"Houston, TX",31.012,-94.658,1,73
618,"Houston, TX",30.4911,-94.5379,1,74
618,"Houston, TX",30.4901,-94.7327,1,75
618,"Houston, TX",30.1121,-94.5963,1,76
618,"Houston, TX",30.113,-94.4451,1,77
618,"Houston, TX",29.8871,-94.4422,1,78
618,"Houston, TX",29.8875,-94.358,1,79
618,"Houston, TX",29.5604,-94.3542,1,80
618,"Houston, TX",29.4367,-94.7061,2,1
618,"Houston, TX",29.476,-94.6744,2,2
618,"Houston, TX",29.4926,-94.5918,2,3
618,"Houston, TX",29.5319,-94.567,2,4
618,"Houston, TX",29.5194,-94.511,2,5
618,"Houston, TX",29.4541,-94.683,2,6
618,"Houston, TX",29.4367,-94.7061,2,7
618,"Houston, TX",29.3616,-94.7605,3,1
618,"Houston, TX",29.4538,-94.6813,3,2
618,"Houston, TX",29.5102,-94.5023,3,3
618,"Houston, TX",29.4418,-94.6514,3,4
618,"Houston, TX",29.3616,-94.7605,3,5
618,"Houston, TX",29.3124,-94.797,4,1
618,"Houston, TX",29.3204,-94.824,4,2
618,"Houston, TX",29.3521,-94.8113,4,3
618,"Houston, TX",29.3375,-94.7774,4,4
618,"Houston, TX",29.3124,-94.797,4,5
618,"Houston, TX",29.0879,-95.1101,5,1
618,"Houston, TX",29.2305,-94.9555,5,2
618,"Houston, TX",29.2786,-94.8335,5,3
618,"Houston, TX",29.279,-94.8806,5,4
618,"Houston, TX",29.293,-94.8768,5,5
618,"Houston, TX",29.3134,-94.7783,5,6
618,"Houston, TX",29.3375,-94.7663,5,7
618,"Houston, TX",29.3314,-94.7225,5,8
618,"Houston, TX",29.0879,-95.1101,5,9
618,"Houston, TX",29.2932,-94.9193,6,1
618,"Houston, TX",29.2981,-94.9295,6,2
618,"Houston, TX",29.3,-94.9043,6,3
618,"Houston, TX",29.2933,-94.9115,6,4
618,"Houston, TX",29.2932,-94.9193,6,5
618,"Houston, TX",28.5073,-96.891,7,1
618,"Houston, TX",28.5867,-96.9304,7,2
618,"Houston, TX",28.7056,-96.6659,7,3
618,"Houston, TX",28.5721,-96.639,7,4
618,"Houston, TX",28.4432,-96.4029,7,5
618,"Houston, TX",28.3241,-96.6649,7,6
618,"Houston, TX",28.5073,-96.891,7,7
618,"Houston, TX",28.492,-96.2186,8,1
618,"Houston, TX",28.5114,-96.2182,8,2
618,"Houston, TX",28.6169,-95.9767,8,3
618,"Houston, TX",28.5896,-95.9861,8,4
618,"Houston, TX",28.492,-96.2186,8,5
618,"Houston, TX",28.4251,-96.3216,9,1
618,"Houston, TX",28.4377,-96.3351,9,2
618,"Houston, TX",28.4939,-96.2278,9,3
618,"Houston, TX",28.4845,-96.2294,9,4
618,"Houston, TX",28.4251,-96.3216,9,5
618,"Houston, TX",28.394,-96.3808,10,1
618,"Houston, TX",28.4329,-96.3412,10,2
618,"Houston, TX",28.4239,-96.3284,10,3
618,"Houston, TX",28.4,-96.3664,10,4
618,"Houston, TX",28.394,-96.3808,10,5
618,"Houston, TX",28.1677,-96.8195,11,1
618,"Houston, TX",28.1712,-96.7503,11,2
618,"Houston, TX",28.3718,-96.4037,11,3
618,"Houston, TX",28.0655,-96.8514,11,4
618,"Houston, TX",28.1677,-96.8195,11,5
618,"Houston, TX",28.2769,-96.7985,12,1
618,"Houston, TX",28.2517,-96.787,12,2
618,"Houston, TX",28.2202,-96.8094,12,3
618,"Houston, TX",28.2769,-96.7985,12,4
619,"Springfield, MO",36.4977,-91.1265,1,1
619,"Springfield, MO",36.4977,-91.45,1,2
619,"Springfield, MO",36.3355,-91.4544,1,3
619,"Springfield, MO",36.3374,-91.5658,1,4
619,"Springfield, MO",36.2499,-91.566,1,5
619,"Springfield, MO",36.2612,-92.157,1,6
619,"Springfield, MO",36.0593,-92.1976,1,7
619,"Springfield, MO",36.0611,-92.305,1,8
619,"Springfield, MO",35.974,-92.3072,1,9
619,"Springfield, MO",35.9759,-92.4143,1,10
619,"Springfield, MO",36.0628,-92.4115,1,11
619,"Springfield, MO",36.1151,-92.9447,1,12
619,"Springfield, MO",35.7247,-92.9513,1,13
619,"Springfield, MO",35.7344,-93.5196,1,14
619,"Springfield, MO",36.0807,-93.4456,1,15
619,"Springfield, MO",36.1557,-93.5855,1,16
619,"Springfield, MO",36.3031,-93.6576,1,17
619,"Springfield, MO",36.3075,-93.8691,1,18
619,"Springfield, MO",36.4987,-93.8668,1,19
619,"Springfield, MO",36.4987,-94.0771,1,20
619,"Springfield, MO",38.214,-94.0499,1,21
619,"Springfield, MO",38.2074,-93.5235,1,22
619,"Springfield, MO",38.5125,-93.5127,1,23
619,"Springfield, MO",38.534,-93.1793,1,24
619,"Springfield, MO",38.5301,-93.0673,1,25
619,"Springfield, MO",38.2606,-93.0778,1,26
619,"Springfield, MO",38.1898,-93.015,1,27
619,"Springfield, MO",38.213,-92.6403,1,28
619,"Springfield, MO",38.0223,-92.516,1,29
619,"Springfield, MO",38.051,-91.6324,1,30
619,"Springfield, MO",38.1535,-91.6306,1,31
619,"Springfield, MO",38.1524,-91.525,1,32
619,"Springfield, MO",37.789,-91.5288,1,33
619,"Springfield, MO",37.7872,-91.3084,1,34
619,"Springfield, MO",37.7,-91.3107,1,35
619,"Springfield, MO",37.6973,-91.1533,1,36
619,"Springfield, MO",37.5881,-91.1551,1,37
619,"Springfield, MO",37.5928,-91.3125,1,38
619,"Springfield, MO",37.5051,-91.3142,1,39
619,"Springfield, MO",37.5019,-91.211,1,40
619,"Springfield, MO",37.2549,-91.1593,1,41
619,"Springfield, MO",37.1434,-91.0169,1,42
619,"Springfield, MO",37.0957,-91.0178,1,43
619,"Springfield, MO",37.0862,-91.2172,1,44
619,"Springfield, MO",36.8257,-91.2248,1,45
619,"Springfield, MO",36.8237,-91.1159,1,46
619,"Springfield, MO",36.4977,-91.1265,1,47
622,"New Orleans, LA",30.3726,-89.3409,1,1
622,"New Orleans, LA",30.3028,-89.3295,1,2
622,"New Orleans, LA",30.1751,-89.4606,1,3
622,"New Orleans, LA",30.1961,-89.542,1,4
622,"New Orleans, LA",30.1619,-89.6578,1,5
622,"New Orleans, LA",30.0262,-89.7164,1,6
622,"New Orleans, LA",30.0044,-89.8576,1,7
622,"New Orleans, LA",29.862,-89.6552,1,8
622,"New Orleans, LA",30.07,-89.4945,1,9
622,"New Orleans, LA",30.0521,-89.4279,1,10
622,"New Orleans, LA",29.9942,-89.4561,1,11
622,"New Orleans, LA",29.8868,-89.3384,1,12
622,"New Orleans, LA",29.8176,-89.4167,1,13
622,"New Orleans, LA",29.759,-89.2706,1,14
622,"New Orleans, LA",29.7839,-89.4725,1,15
622,"New Orleans, LA",29.7502,-89.4926,1,16
622,"New Orleans, LA",29.7013,-89.4256,1,17
622,"New Orleans, LA",29.6776,-89.4313,1,18
622,"New Orleans, LA",29.7485,-89.6533,1,19
622,"New Orleans, LA",29.7101,-89.6436,1,20
622,"New Orleans, LA",29.7045,-89.595,1,21
622,"New Orleans, LA",29.6842,-89.5995,1,22
622,"New Orleans, LA",29.678,-89.5521,1,23
622,"New Orleans, LA",29.6618,-89.5484,1,24
622,"New Orleans, LA",29.6647,-89.5294,1,25
622,"New Orleans, LA",29.6222,-89.4858,1,26
622,"New Orleans, LA",29.6824,-89.64,1,27
622,"New Orleans, LA",29.5972,-89.7205,1,28
622,"New Orleans, LA",29.4585,-89.5191,1,29
622,"New Orleans, LA",29.3936,-89.5638,1,30
622,"New Orleans, LA",29.3462,-89.2656,1,31
622,"New Orleans, LA",29.2033,-89.2619,1,32
622,"New Orleans, LA",29.2861,-89.356,1,33
622,"New Orleans, LA",29.1977,-89.3418,1,34
622,"New Orleans, LA",29.1672,-89.3519,1,35
622,"New Orleans, LA",29.1431,-89.4279,1,36
622,"New Orleans, LA",29.3235,-89.6346,1,37
622,"New Orleans, LA",29.3118,-89.827,1,38
622,"New Orleans, LA",29.3999,-89.7762,1,39
622,"New Orleans, LA",29.3927,-89.8352,1,40
622,"New Orleans, LA",29.4752,-89.836,1,41
622,"New Orleans, LA",29.4565,-89.9797,1,42
622,"New Orleans, LA",29.5765,-90.1733,1,43
622,"New Orleans, LA",29.5013,-90.2314,1,44
622,"New Orleans, LA",29.4521,-90.0592,1,45
622,"New Orleans, LA",29.3055,-90.0345,1,46
622,"New Orleans, LA",29.318,-90.1379,1,47
622,"New Orleans, LA",29.194,-90.0459,1,48
622,"New Orleans, LA",29.0866,-90.219,1,49
622,"New Orleans, LA",29.1421,-90.2737,1,50
622,"New Orleans, LA",29.2343,-90.2382,1,51
622,"New Orleans, LA",29.2758,-90.3488,1,52
622,"New Orleans, LA",29.2977,-90.3304,1,53
622,"New Orleans, LA",29.2969,-90.3342,1,54
622,"New Orleans, LA",29.3089,-90.3316,1,55
622,"New Orleans, LA",29.3407,-90.3506,1,56
622,"New Orleans, LA",29.3081,-90.3349,1,57
622,"New Orleans, LA",29.2555,-90.3839,1,58
622,"New Orleans, LA",29.3462,-90.4291,1,59
622,"New Orleans, LA",29.2783,-90.4769,1,60
622,"New Orleans, LA",29.3145,-90.6093,1,61
622,"New Orleans, LA",29.201,-90.549,1,62
622,"New Orleans, LA",29.2499,-90.6127,1,63
622,"New Orleans, LA",29.2236,-90.6031,1,64
622,"New Orleans, LA",29.2214,-90.5959,1,65
622,"New Orleans, LA",29.2062,-90.5892,1,66
622,"New Orleans, LA",29.2441,-90.6303,1,67
622,"New Orleans, LA",29.2379,-90.6615,1,68
622,"New Orleans, LA",29.1198,-90.6925,1,69
622,"New Orleans, LA",29.0871,-90.855,1,70
622,"New Orleans, LA",29.1776,-90.9523,1,71
622,"New Orleans, LA",29.2469,-91.2779,1,72
622,"New Orleans, LA",29.3169,-91.3479,1,73
622,"New Orleans, LA",29.3738,-91.2339,1,74
622,"New Orleans, LA",29.2675,-91.1703,1,75
622,"New Orleans, LA",29.2571,-91.1177,1,76
622,"New Orleans, LA",29.5323,-91.2662,1,77
622,"New Orleans, LA",29.6264,-91.0826,1,78
622,"New Orleans, LA",29.8775,-90.8852,1,79
622,"New Orleans, LA",30.0664,-90.9637,1,80
622,"New Orleans, LA",30.2856,-90.4012,1,81
622,"New Orleans, LA",30.4868,-90.5669,1,82
622,"New Orleans, LA",30.9997,-90.5672,1,83
622,"New Orleans, LA",31.0104,-89.349,1,84
622,"New Orleans, LA",30.3726,-89.3409,1,85
622,"New Orleans, LA",30.1506,-89.5911,2,1
622,"New Orleans, LA",30.1625,-89.6226,2,2
622,"New Orleans, LA",30.1921,-89.5309,2,3
622,"New Orleans, LA",30.1771,-89.5314,2,4
622,"New Orleans, LA",30.1506,-89.5911,2,5
622,"New Orleans, LA",29.7798,-88.858,3,1
622,"New Orleans, LA",29.9356,-88.818,3,2
622,"New Orleans, LA",30.0532,-88.8817,3,3
622,"New Orleans, LA",29.9345,-88.817,3,4
622,"New Orleans, LA",29.7798,-88.858,3,5
622,"New Orleans, LA",29.8734,-88.8801,4,1
622,"New Orleans, LA",29.8843,-88.8955,4,2
622,"New Orleans, LA",29.8982,-88.8814,4,3
622,"New Orleans, LA",29.8861,-88.8713,4,4
622,"New Orleans, LA",29.8734,-88.8801,4,5
622,"New Orleans, LA",29.8768,-88.9026,5,1
622,"New Orleans, LA",29.8826,-88.897,5,2
622,"New Orleans, LA",29.8786,-88.8929,5,3
622,"New Orleans, LA",29.8793,-88.8956,5,4
622,"New Orleans, LA",29.8768,-88.9026,5,5
622,"New Orleans, LA",29.8623,-88.9173,6,1
622,"New Orleans, LA",29.8629,-88.9232,6,2
622,"New Orleans, LA",29.8732,-88.9088,6,3
622,"New Orleans, LA",29.8666,-88.9027,6,4
622,"New Orleans, LA",29.8623,-88.9173,6,5
622,"New Orleans, LA",29.8458,-88.8627,7,1
622,"New Orleans, LA",29.8519,-88.8652,7,2
622,"New Orleans, LA",29.8577,-88.8627,7,3
622,"New Orleans, LA",29.8531,-88.8615,7,4
622,"New Orleans, LA",29.8458,-88.8627,7,5
622,"New Orleans, LA",29.7527,-88.8664,8,1
622,"New Orleans, LA",29.7779,-88.8632,8,2
622,"New Orleans, LA",29.7765,-88.8534,8,3
622,"New Orleans, LA",29.7527,-88.8664,8,4
622,"New Orleans, LA",29.729,-89.4262,9,1
622,"New Orleans, LA",29.7424,-89.4428,9,2
622,"New Orleans, LA",29.7499,-89.4463,9,3
622,"New Orleans, LA",29.7535,-89.4368,9,4
622,"New Orleans, LA",29.729,-89.4262,9,5
622,"New Orleans, LA",29.7227,-88.8894,10,1
622,"New Orleans, LA",29.7281,-88.8887,10,2
622,"New Orleans, LA",29.7479,-88.8732,10,3
622,"New Orleans, LA",29.746,-88.8707,10,4
622,"New Orleans, LA",29.7227,-88.8894,10,5
622,"New Orleans, LA",29.4659,-90.0885,11,1
622,"New Orleans, LA",29.4921,-90.1287,11,2
622,"New Orleans, LA",29.5072,-90.1184,11,3
622,"New Orleans, LA",29.4973,-90.0504,11,4
622,"New Orleans, LA",29.4659,-90.0885,11,5
622,"New Orleans, LA",29.4285,-90.003,12,1
622,"New Orleans, LA",29.4449,-90.0029,12,2
622,"New Orleans, LA",29.4771,-90.0615,12,3
622,"New Orleans, LA",29.4559,-90.0003,12,4
622,"New Orleans, LA",29.4285,-90.003,12,5
622,"New Orleans, LA",29.2547,-89.2358,13,1
622,"New Orleans, LA",29.3092,-89.2424,13,2
622,"New Orleans, LA",29.3517,-89.1998,13,3
622,"New Orleans, LA",29.3035,-89.192,13,4
622,"New Orleans, LA",29.2547,-89.2358,13,5
622,"New Orleans, LA",29.1992,-89.2583,14,1
622,"New Orleans, LA",29.3026,-89.1866,14,2
622,"New Orleans, LA",29.3292,-89.1826,14,3
622,"New Orleans, LA",29.2883,-89.1375,14,4
622,"New Orleans, LA",29.1992,-89.2583,14,5
622,"New Orleans, LA",29.2162,-89.1912,15,1
622,"New Orleans, LA",29.2215,-89.1998,15,2
622,"New Orleans, LA",29.2827,-89.1367,15,3
622,"New Orleans, LA",29.251,-89.1254,15,4
622,"New Orleans, LA",29.244,-89.1583,15,5
622,"New Orleans, LA",29.2162,-89.1912,15,6
622,"New Orleans, LA",29.1225,-89.2706,16,1
622,"New Orleans, LA",29.1906,-89.3374,16,2
622,"New Orleans, LA",29.2698,-89.3505,16,3
622,"New Orleans, LA",29.2209,-89.297,16,4
622,"New Orleans, LA",29.1225,-89.2706,16,5
622,"New Orleans, LA",29.1989,-90.0412,17,1
622,"New Orleans, LA",29.239,-90.0059,17,2
622,"New Orleans, LA",29.2636,-89.9502,17,3
622,"New Orleans, LA",29.2534,-89.9562,17,4
622,"New Orleans, LA",29.1989,-90.0412,17,5
622,"New Orleans, LA",29.2291,-89.1479,18,1
622,"New Orleans, LA",29.2308,-89.1722,18,2
622,"New Orleans, LA",29.2415,-89.1259,18,3
622,"New Orleans, LA",29.2342,-89.1254,18,4
622,"New Orleans, LA",29.2332,-89.1365,18,5
622,"New Orleans, LA",29.2291,-89.1479,18,6
622,"New Orleans, LA",29.1464,-89.2084,19,1
622,"New Orleans, LA",29.1918,-89.2638,19,2
622,"New Orleans, LA",29.2128,-89.1741,19,3
622,"New Orleans, LA",29.2277,-89.1755,19,4
622,"New Orleans, LA",29.2217,-89.1495,19,5
622,"New Orleans, LA",29.2323,-89.1378,19,6
622,"New Orleans, LA",29.2323,-89.1256,19,7
622,"New Orleans, LA",29.1464,-89.2084,19,8
622,"New Orleans, LA",29.205,-89.1178,20,1
622,"New Orleans, LA",29.2082,-89.1274,20,2
622,"New Orleans, LA",29.2105,-89.1201,20,3
622,"New Orleans, LA",29.2109,-89.1265,20,4
622,"New Orleans, LA",29.2129,-89.118,20,5
622,"New Orleans, LA",29.205,-89.1178,20,6
622,"New Orleans, LA",29.2011,-89.0466,21,1
622,"New Orleans, LA",29.2115,-89.0406,21,2
622,"New Orleans, LA",29.2079,-89.0337,21,3
622,"New Orleans, LA",29.2044,-89.0445,21,4
622,"New Orleans, LA",29.2011,-89.0466,21,5
622,"New Orleans, LA",29.1963,-89.0376,22,1
622,"New Orleans, LA",29.1977,-89.0392,22,2
622,"New Orleans, LA",29.2059,-89.0241,22,3
622,"New Orleans, LA",29.1963,-89.0376,22,4
622,"New Orleans, LA",29.1914,-89.0262,23,1
622,"New Orleans, LA",29.198,-89.0319,23,2
622,"New Orleans, LA",29.195,-89.036,23,3
622,"New Orleans, LA",29.199,-89.0316,23,4
622,"New Orleans, LA",29.1957,-89.0257,23,5
622,"New Orleans, LA",29.2002,-89.0216,23,6
622,"New Orleans, LA",29.1914,-89.0262,23,7
622,"New Orleans, LA",29.1857,-89.0164,24,1
622,"New Orleans, LA",29.1875,-89.0265,24,2
622,"New Orleans, LA",29.1994,-89.0206,24,3
622,"New Orleans, LA",29.1887,-89.0243,24,4
622,"New Orleans, LA",29.1857,-89.0164,24,5
622,"New Orleans, LA",29.1881,-89.0878,25,1
622,"New Orleans, LA",29.1936,-89.0704,25,2
622,"New Orleans, LA",29.1987,-89.05,25,3
622,"New Orleans, LA",29.1881,-89.0878,25,4
622,"New Orleans, LA",29.1879,-89.0272,26,1
622,"New Orleans, LA",29.1923,-89.0462,26,2
622,"New Orleans, LA",29.1984,-89.0396,26,3
622,"New Orleans, LA",29.1914,-89.0422,26,4
622,"New Orleans, LA",29.1879,-89.0272,26,5
622,"New Orleans, LA",29.1812,-89.0089,27,1
622,"New Orleans, LA",29.1832,-89.0156,27,2
622,"New Orleans, LA",29.1918,-89.0126,27,3
622,"New Orleans, LA",29.1869,-89.0061,27,4
622,"New Orleans, LA",29.1812,-89.0089,27,5
622,"New Orleans, LA",29.1732,-89.0548,28,1
622,"New Orleans, LA",29.1861,-89.0676,28,2
622,"New Orleans, LA",29.179,-89.0564,28,3
622,"New Orleans, LA",29.1861,-89.0592,28,4
622,"New Orleans, LA",29.1807,-89.0269,28,5
622,"New Orleans, LA",29.1744,-89.0197,28,6
622,"New Orleans, LA",29.1732,-89.0548,28,7
622,"New Orleans, LA",29.1482,-89.0846,29,1
622,"New Orleans, LA",29.1731,-89.1109,29,2
622,"New Orleans, LA",29.1851,-89.071,29,3
622,"New Orleans, LA",29.1759,-89.0922,29,4
622,"New Orleans, LA",29.1482,-89.0846,29,5
622,"New Orleans, LA",29.1747,-89.1413,30,1
622,"New Orleans, LA",29.1809,-89.1411,30,2
622,"New Orleans, LA",29.1793,-89.1319,30,3
622,"New Orleans, LA",29.1775,-89.1324,30,4
622,"New Orleans, LA",29.1747,-89.1413,30,5
622,"New Orleans, LA",29.1714,-89.1429,31,1
622,"New Orleans, LA",29.1772,-89.1268,31,2
622,"New Orleans, LA",29.1782,-89.1212,31,3
622,"New Orleans, LA",29.1714,-89.1429,31,4
622,"New Orleans, LA",29.1681,-89.0263,32,1
622,"New Orleans, LA",29.173,-89.0363,32,2
622,"New Orleans, LA",29.1733,-89.0149,32,3
622,"New Orleans, LA",29.1684,-89.0222,32,4
622,"New Orleans, LA",29.1681,-89.0263,32,5
622,"New Orleans, LA",29.151,-89.1173,33,1
622,"New Orleans, LA",29.1681,-89.133,33,2
622,"New Orleans, LA",29.1739,-89.1108,33,3
622,"New Orleans, LA",29.1658,-89.1283,33,4
622,"New Orleans, LA",29.151,-89.1173,33,5
622,"New Orleans, LA",29.1578,-89.047,34,1
622,"New Orleans, LA",29.1619,-89.0635,34,2
622,"New Orleans, LA",29.1696,-89.0614,34,3
622,"New Orleans, LA",29.1729,-89.054,34,4
622,"New Orleans, LA",29.1578,-89.047,34,5
622,"New Orleans, LA",29.1534,-89.1537,35,1
622,"New Orleans, LA",29.1586,-89.1613,35,2
622,"New Orleans, LA",29.1666,-89.1407,35,3
622,"New Orleans, LA",29.1639,-89.139,35,4
622,"New Orleans, LA",29.1534,-89.1537,35,5
622,"New Orleans, LA",29.148,-89.1328,36,1
622,"New Orleans, LA",29.1525,-89.1486,36,2
622,"New Orleans, LA",29.1599,-89.1441,36,3
622,"New Orleans, LA",29.1604,-89.1358,36,4
622,"New Orleans, LA",29.148,-89.1328,36,5
622,"New Orleans, LA",29.1453,-89.1517,37,1
622,"New Orleans, LA",29.1516,-89.1738,37,2
622,"New Orleans, LA",29.1478,-89.1806,37,3
622,"New Orleans, LA",29.157,-89.1646,37,4
622,"New Orleans, LA",29.1453,-89.1517,37,5
622,"New Orleans, LA",29.1417,-89.1159,38,1
622,"New Orleans, LA",29.1488,-89.1319,38,2
622,"New Orleans, LA",29.1565,-89.1291,38,3
622,"New Orleans, LA",29.1453,-89.1196,38,4
622,"New Orleans, LA",29.1491,-89.1099,38,5
622,"New Orleans, LA",29.1417,-89.1159,38,6
622,"New Orleans, LA",29.13,-89.0775,39,1
622,"New Orleans, LA",29.148,-89.0814,39,2
622,"New Orleans, LA",29.1488,-89.0769,39,3
622,"New Orleans, LA",29.1449,-89.0786,39,4
622,"New Orleans, LA",29.13,-89.0775,39,5
622,"New Orleans, LA",29.1417,-89.1573,40,1
622,"New Orleans, LA",29.1418,-89.1601,40,2
622,"New Orleans, LA",29.1472,-89.1661,40,3
622,"New Orleans, LA",29.1461,-89.1588,40,4
622,"New Orleans, LA",29.1417,-89.1573,40,5
622,"New Orleans, LA",29.0274,-89.1778,41,1
622,"New Orleans, LA",29.1053,-89.2357,41,2
622,"New Orleans, LA",29.1355,-89.242,41,3
622,"New Orleans, LA",29.1462,-89.2493,41,4
622,"New Orleans, LA",29.138,-89.2167,41,5
622,"New Orleans, LA",29.1272,-89.2377,41,6
622,"New Orleans, LA",29.103,-89.2316,41,7
622,"New Orleans, LA",29.0274,-89.1778,41,8
622,"New Orleans, LA",29.1351,-89.1427,42,1
622,"New Orleans, LA",29.145,-89.1488,42,2
622,"New Orleans, LA",29.1436,-89.1385,42,3
622,"New Orleans, LA",29.1351,-89.1427,42,4
622,"New Orleans, LA",29.1351,-89.0394,43,1
622,"New Orleans, LA",29.1435,-89.0328,43,2
622,"New Orleans, LA",29.1386,-89.0266,43,3
622,"New Orleans, LA",29.1351,-89.0394,43,4
622,"New Orleans, LA",29.0836,-89.2694,44,1
622,"New Orleans, LA",29.0889,-89.2765,44,2
622,"New Orleans, LA",29.1427,-89.2521,44,3
622,"New Orleans, LA",29.1343,-89.2451,44,4
622,"New Orleans, LA",29.124,-89.2453,44,5
622,"New Orleans, LA",29.0893,-89.2282,44,6
622,"New Orleans, LA",29.1323,-89.2553,44,7
622,"New Orleans, LA",29.0836,-89.2694,44,8
622,"New Orleans, LA",29.1293,-89.2087,45,1
622,"New Orleans, LA",29.1348,-89.213,45,2
622,"New Orleans, LA",29.1386,-89.2138,45,3
622,"New Orleans, LA",29.1421,-89.2046,45,4
622,"New Orleans, LA",29.1293,-89.2087,45,5
622,"New Orleans, LA",29.1343,-89.202,46,1
622,"New Orleans, LA",29.1377,-89.1986,46,2
622,"New Orleans, LA",29.1417,-89.2019,46,3
622,"New Orleans, LA",29.1413,-89.1899,46,4
622,"New Orleans, LA",29.1343,-89.202,46,5
622,"New Orleans, LA",29.1272,-89.0902,47,1
622,"New Orleans, LA",29.1332,-89.1128,47,2
622,"New Orleans, LA",29.1345,-89.1416,47,3
622,"New Orleans, LA",29.1409,-89.115,47,4
622,"New Orleans, LA",29.1272,-89.0902,47,5
622,"New Orleans, LA",29.1033,-89.1646,48,1
622,"New Orleans, LA",29.1189,-89.1852,48,2
622,"New Orleans, LA",29.1362,-89.1923,48,3
622,"New Orleans, LA",29.1302,-89.2053,48,4
622,"New Orleans, LA",29.1404,-89.1863,48,5
622,"New Orleans, LA",29.1389,-89.1709,48,6
622,"New Orleans, LA",29.1301,-89.1817,48,7
622,"New Orleans, LA",29.1033,-89.1646,48,8
622,"New Orleans, LA",29.1292,-89.1475,49,1
622,"New Orleans, LA",29.1371,-89.1473,49,2
622,"New Orleans, LA",29.1294,-89.1309,49,3
622,"New Orleans, LA",29.1292,-89.1475,49,4
622,"New Orleans, LA",29.12,-89.0485,50,1
622,"New Orleans, LA",29.123,-89.0573,50,2
622,"New Orleans, LA",29.1291,-89.0507,50,3
622,"New Orleans, LA",29.1353,-89.0296,50,4
622,"New Orleans, LA",29.12,-89.0485,50,5
622,"New Orleans, LA",29.1038,-90.3833,51,1
622,"New Orleans, LA",29.1041,-90.402,51,2
622,"New Orleans, LA",29.1086,-90.4016,51,3
622,"New Orleans, LA",29.1247,-90.3363,51,4
622,"New Orleans, LA",29.1038,-90.3833,51,5
622,"New Orleans, LA",29.122,-89.0654,52,1
622,"New Orleans, LA",29.1288,-89.0624,52,2
622,"New Orleans, LA",29.1332,-89.047,52,3
622,"New Orleans, LA",29.1295,-89.0512,52,4
622,"New Orleans, LA",29.122,-89.0654,52,5
622,"New Orleans, LA",29.108,-89.0781,53,1
622,"New Orleans, LA",29.1195,-89.0922,53,2
622,"New Orleans, LA",29.1314,-89.1192,53,3
622,"New Orleans, LA",29.1226,-89.0807,53,4
622,"New Orleans, LA",29.108,-89.0781,53,5
622,"New Orleans, LA",29.1209,-89.1122,54,1
622,"New Orleans, LA",29.1293,-89.1297,54,2
622,"New Orleans, LA",29.1314,-89.13,54,3
622,"New Orleans, LA",29.1311,-89.1222,54,4
622,"New Orleans, LA",29.1209,-89.1122,54,5
622,"New Orleans, LA",29.123,-89.0762,55,1
622,"New Orleans, LA",29.1277,-89.0878,55,2
622,"New Orleans, LA",29.1309,-89.0867,55,3
622,"New Orleans, LA",29.1293,-89.0773,55,4
622,"New Orleans, LA",29.123,-89.0762,55,5
622,"New Orleans, LA",29.1057,-89.1848,56,1
622,"New Orleans, LA",29.109,-89.1876,56,2
622,"New Orleans, LA",29.1177,-89.2027,56,3
622,"New Orleans, LA",29.1264,-89.2069,56,4
622,"New Orleans, LA",29.126,-89.1942,56,5
622,"New Orleans, LA",29.1057,-89.1848,56,6
622,"New Orleans, LA",29.1182,-89.2112,57,1
622,"New Orleans, LA",29.1188,-89.2185,57,2
622,"New Orleans, LA",29.1219,-89.2201,57,3
622,"New Orleans, LA",29.1263,-89.2125,57,4
622,"New Orleans, LA",29.1182,-89.2112,57,5
622,"New Orleans, LA",29.088,-89.1859,58,1
622,"New Orleans, LA",29.0973,-89.2021,58,2
622,"New Orleans, LA",29.1263,-89.2094,58,3
622,"New Orleans, LA",29.1033,-89.2036,58,4
622,"New Orleans, LA",29.088,-89.1859,58,5
622,"New Orleans, LA",29.1063,-89.1229,59,1
622,"New Orleans, LA",29.1098,-89.1216,59,2
622,"New Orleans, LA",29.1218,-89.1461,59,3
622,"New Orleans, LA",29.1173,-89.1199,59,4
622,"New Orleans, LA",29.1089,-89.1155,59,5
622,"New Orleans, LA",29.1063,-89.1229,59,6
622,"New Orleans, LA",29.0808,-89.0598,60,1
622,"New Orleans, LA",29.1071,-89.0682,60,2
622,"New Orleans, LA",29.1221,-89.06,60,3
622,"New Orleans, LA",29.1155,-89.0473,60,4
622,"New Orleans, LA",29.0808,-89.0598,60,5
622,"New Orleans, LA",29.1039,-89.2231,61,1
622,"New Orleans, LA",29.1097,-89.2312,61,2
622,"New Orleans, LA",29.1213,-89.2211,61,3
622,"New Orleans, LA",29.1168,-89.2185,61,4
622,"New Orleans, LA",29.1039,-89.2231,61,5
622,"New Orleans, LA",29.1051,-89.1517,62,1
622,"New Orleans, LA",29.1117,-89.1518,62,2
622,"New Orleans, LA",29.107,-89.1589,62,3
622,"New Orleans, LA",29.1173,-89.1627,62,4
622,"New Orleans, LA",29.1209,-89.1718,62,5
622,"New Orleans, LA",29.1127,-89.1476,62,6
622,"New Orleans, LA",29.1051,-89.1517,62,7
622,"New Orleans, LA",29.1057,-89.1076,63,1
622,"New Orleans, LA",29.1194,-89.11,63,2
622,"New Orleans, LA",29.1196,-89.1056,63,3
622,"New Orleans, LA",29.1094,-89.1072,63,4
622,"New Orleans, LA",29.1057,-89.1076,63,5
622,"New Orleans, LA",29.1018,-89.1402,64,1
622,"New Orleans, LA",29.1131,-89.1367,64,2
622,"New Orleans, LA",29.1093,-89.1286,64,3
622,"New Orleans, LA",29.1035,-89.1338,64,4
622,"New Orleans, LA",29.1018,-89.1402,64,5
622,"New Orleans, LA",29.1002,-89.0688,65,1
622,"New Orleans, LA",29.1003,-89.071,65,2
622,"New Orleans, LA",29.1096,-89.0772,65,3
622,"New Orleans, LA",29.1077,-89.072,65,4
622,"New Orleans, LA",29.1002,-89.0688,65,5
622,"New Orleans, LA",29.0747,-89.2985,66,1
622,"New Orleans, LA",29.0885,-89.2908,66,2
622,"New Orleans, LA",29.1085,-89.2743,66,3
622,"New Orleans, LA",29.0934,-89.2817,66,4
622,"New Orleans, LA",29.0747,-89.2985,66,5
622,"New Orleans, LA",29.1028,-90.3651,67,1
622,"New Orleans, LA",29.1079,-90.3508,67,2
622,"New Orleans, LA",29.1071,-90.3404,67,3
622,"New Orleans, LA",29.1033,-90.3436,67,4
622,"New Orleans, LA",29.1028,-90.3651,67,5
622,"New Orleans, LA",29.0834,-89.2149,68,1
622,"New Orleans, LA",29.0867,-89.2184,68,2
622,"New Orleans, LA",29.1053,-89.2082,68,3
622,"New Orleans, LA",29.0834,-89.2149,68,4
622,"New Orleans, LA",29.0738,-89.0911,69,1
622,"New Orleans, LA",29.0746,-89.0955,69,2
622,"New Orleans, LA",29.1044,-89.1086,69,3
622,"New Orleans, LA",29.1015,-89.1036,69,4
622,"New Orleans, LA",29.0738,-89.0911,69,5
622,"New Orleans, LA",29.0927,-89.1108,70,1
622,"New Orleans, LA",29.0938,-89.1232,70,2
622,"New Orleans, LA",29.1005,-89.1285,70,3
622,"New Orleans, LA",29.1028,-89.1127,70,4
622,"New Orleans, LA",29.0927,-89.1108,70,5
622,"New Orleans, LA",29.0712,-89.0651,71,1
622,"New Orleans, LA",29.079,-89.0739,71,2
622,"New Orleans, LA",29.0988,-89.0698,71,3
622,"New Orleans, LA",29.0799,-89.0707,71,4
622,"New Orleans, LA",29.0712,-89.0651,71,5
622,"New Orleans, LA",29.0779,-89.1064,72,1
622,"New Orleans, LA",29.091,-89.1185,72,2
622,"New Orleans, LA",29.0933,-89.1177,72,3
622,"New Orleans, LA",29.0922,-89.1104,72,4
622,"New Orleans, LA",29.0944,-89.1058,72,5
622,"New Orleans, LA",29.0779,-89.1064,72,6
622,"New Orleans, LA",29.0812,-90.2634,73,1
622,"New Orleans, LA",29.0924,-90.2505,73,2
622,"New Orleans, LA",29.087,-90.2446,73,3
622,"New Orleans, LA",29.0827,-90.2547,73,4
622,"New Orleans, LA",29.0812,-90.2634,73,5
622,"New Orleans, LA",29.0529,-90.4441,74,1
622,"New Orleans, LA",29.0581,-90.4723,74,2
622,"New Orleans, LA",29.0813,-90.5292,74,3
622,"New Orleans, LA",29.0887,-90.5404,74,4
622,"New Orleans, LA",29.0716,-90.4572,74,5
622,"New Orleans, LA",29.0529,-90.4441,74,6
622,"New Orleans, LA",29.0784,-90.2739,75,1
622,"New Orleans, LA",29.0828,-90.2792,75,2
622,"New Orleans, LA",29.0886,-90.2746,75,3
622,"New Orleans, LA",29.0807,-90.2668,75,4
622,"New Orleans, LA",29.0784,-90.2739,75,5
622,"New Orleans, LA",29.0716,-89.1641,76,1
622,"New Orleans, LA",29.0883,-89.1631,76,2
622,"New Orleans, LA",29.0847,-89.1599,76,3
622,"New Orleans, LA",29.0716,-89.1641,76,4
622,"New Orleans, LA",29.0183,-89.3367,77,1
622,"New Orleans, LA",29.0696,-89.2967,77,2
622,"New Orleans, LA",29.0882,-89.2771,77,3
622,"New Orleans, LA",29.0827,-89.2702,77,4
622,"New Orleans, LA",29.0859,-89.2759,77,5
622,"New Orleans, LA",29.0681,-89.2946,77,6
622,"New Orleans, LA",29.0183,-89.3367,77,7
622,"New Orleans, LA",29.0563,-89.217,78,1
622,"New Orleans, LA",29.0591,-89.214,78,2
622,"New Orleans, LA",29.0859,-89.2321,78,3
622,"New Orleans, LA",29.0705,-89.2148,78,4
622,"New Orleans, LA",29.0574,-89.2134,78,5
622,"New Orleans, LA",29.0563,-89.217,78,6
622,"New Orleans, LA",29.0785,-89.2571,79,1
622,"New Orleans, LA",29.0837,-89.2627,79,2
622,"New Orleans, LA",29.0865,-89.2527,79,3
622,"New Orleans, LA",29.0785,-89.2571,79,4
622,"New Orleans, LA",29.0627,-89.2595,80,1
622,"New Orleans, LA",29.0779,-89.2681,80,2
622,"New Orleans, LA",29.085,-89.2642,80,3
622,"New Orleans, LA",29.0755,-89.2544,80,4
622,"New Orleans, LA",29.0627,-89.2595,80,5
622,"New Orleans, LA",29.0692,-89.1272,81,1
622,"New Orleans, LA",29.0748,-89.1354,81,2
622,"New Orleans, LA",29.0826,-89.1379,81,3
622,"New Orleans, LA",29.0706,-89.1228,81,4
622,"New Orleans, LA",29.0692,-89.1272,81,5
622,"New Orleans, LA",29.0571,-90.3433,82,1
622,"New Orleans, LA",29.07,-90.3307,82,2
622,"New Orleans, LA",29.0651,-90.3262,82,3
622,"New Orleans, LA",29.0712,-90.2943,82,4
622,"New Orleans, LA",29.0811,-90.2826,82,5
622,"New Orleans, LA",29.0799,-90.2764,82,6
622,"New Orleans, LA",29.0718,-90.2906,82,7
622,"New Orleans, LA",29.0571,-90.3433,82,8
622,"New Orleans, LA",29.0734,-89.2682,83,1
622,"New Orleans, LA",29.0755,-89.2723,83,2
622,"New Orleans, LA",29.0758,-89.2831,83,3
622,"New Orleans, LA",29.0773,-89.2685,83,4
622,"New Orleans, LA",29.0734,-89.2682,83,5
622,"New Orleans, LA",29.0672,-89.1927,84,1
622,"New Orleans, LA",29.0726,-89.1975,84,2
622,"New Orleans, LA",29.0762,-89.1947,84,3
622,"New Orleans, LA",29.0755,-89.1912,84,4
622,"New Orleans, LA",29.0672,-89.1927,84,5
622,"New Orleans, LA",29.0676,-89.2653,85,1
622,"New Orleans, LA",29.0707,-89.2669,85,2
622,"New Orleans, LA",29.0715,-89.2836,85,3
622,"New Orleans, LA",29.0737,-89.2861,85,4
622,"New Orleans, LA",29.0728,-89.2677,85,5
622,"New Orleans, LA",29.0676,-89.2653,85,6
622,"New Orleans, LA",29.0533,-89.3008,86,1
622,"New Orleans, LA",29.0562,-89.3032,86,2
622,"New Orleans, LA",29.0729,-89.2863,86,3
622,"New Orleans, LA",29.0663,-89.2786,86,4
622,"New Orleans, LA",29.0647,-89.2925,86,5
622,"New Orleans, LA",29.0533,-89.3008,86,6
622,"New Orleans, LA",29.0571,-89.316,87,1
622,"New Orleans, LA",29.0664,-89.3111,87,2
622,"New Orleans, LA",29.0727,-89.301,87,3
622,"New Orleans, LA",29.0571,-89.316,87,4
622,"New Orleans, LA",29.0458,-90.7178,88,1
622,"New Orleans, LA",29.0696,-90.6705,88,2
622,"New Orleans, LA",29.0717,-90.6381,88,3
622,"New Orleans, LA",29.0666,-90.6374,88,4
622,"New Orleans, LA",29.0458,-90.7178,88,5
622,"New Orleans, LA",29.0636,-89.269,89,1
622,"New Orleans, LA",29.0644,-89.2772,89,2
622,"New Orleans, LA",29.0698,-89.2797,89,3
622,"New Orleans, LA",29.0685,-89.2702,89,4
622,"New Orleans, LA",29.0636,-89.269,89,5
622,"New Orleans, LA",29.0549,-90.4366,90,1
622,"New Orleans, LA",29.0577,-90.4433,90,2
622,"New Orleans, LA",29.0685,-90.4521,90,3
622,"New Orleans, LA",29.0651,-90.4396,90,4
622,"New Orleans, LA",29.0549,-90.4366,90,5
622,"New Orleans, LA",29.0532,-89.2122,91,1
622,"New Orleans, LA",29.0577,-89.2093,91,2
622,"New Orleans, LA",29.0665,-89.2113,91,3
622,"New Orleans, LA",29.0582,-89.2079,91,4
622,"New Orleans, LA",29.0532,-89.2122,91,5
622,"New Orleans, LA",29.0556,-89.1544,92,1
622,"New Orleans, LA",29.0635,-89.163,92,2
622,"New Orleans, LA",29.0658,-89.1582,92,3
622,"New Orleans, LA",29.061,-89.1423,92,4
622,"New Orleans, LA",29.0592,-89.1405,92,5
622,"New Orleans, LA",29.0556,-89.1544,92,6
622,"New Orleans, LA",29.0521,-89.294,93,1
622,"New Orleans, LA",29.0612,-89.294,93,2
622,"New Orleans, LA",29.0632,-89.2798,93,3
622,"New Orleans, LA",29.0571,-89.2783,93,4
622,"New Orleans, LA",29.0521,-89.294,93,5
622,"New Orleans, LA",29.0435,-90.91,94,1
622,"New Orleans, LA",29.0556,-90.9584,94,2
622,"New Orleans, LA",29.0606,-90.9651,94,3
622,"New Orleans, LA",29.0527,-90.92,94,4
622,"New Orleans, LA",29.0435,-90.91,94,5
622,"New Orleans, LA",29.0475,-90.7386,95,1
622,"New Orleans, LA",29.0597,-90.7391,95,2
622,"New Orleans, LA",29.0542,-90.7143,95,3
622,"New Orleans, LA",29.0475,-90.7386,95,4
622,"New Orleans, LA",29.0416,-90.8135,96,1
622,"New Orleans, LA",29.0566,-90.824,96,2
622,"New Orleans, LA",29.0567,-90.7987,96,3
622,"New Orleans, LA",29.0451,-90.8127,96,4
622,"New Orleans, LA",29.0416,-90.8135,96,5
622,"New Orleans, LA",29.0504,-89.1509,97,1
622,"New Orleans, LA",29.0523,-89.1554,97,2
622,"New Orleans, LA",29.0567,-89.162,97,3
622,"New Orleans, LA",29.0533,-89.1457,97,4
622,"New Orleans, LA",29.0504,-89.1509,97,5
622,"New Orleans, LA",29.0438,-89.16,98,1
622,"New Orleans, LA",29.0509,-89.1694,98,2
622,"New Orleans, LA",29.0476,-89.1726,98,3
622,"New Orleans, LA",29.0543,-89.1726,98,4
622,"New Orleans, LA",29.0438,-89.16,98,5
622,"New Orleans, LA",29.0491,-90.4235,99,1
622,"New Orleans, LA",29.0523,-90.4429,99,2
622,"New Orleans, LA",29.0549,-90.4324,99,3
622,"New Orleans, LA",29.0491,-90.4235,99,4
622,"New Orleans, LA",29.043,-89.3105,100,1
622,"New Orleans, LA",29.0544,-89.3031,100,2
622,"New Orleans, LA",29.0503,-89.3001,100,3
622,"New Orleans, LA",29.0546,-89.2976,100,4
622,"New Orleans, LA",29.0498,-89.2948,100,5
622,"New Orleans, LA",29.043,-89.3105,100,6
622,"New Orleans, LA",29.0377,-90.8249,101,1
622,"New Orleans, LA",29.0386,-90.8356,101,2
622,"New Orleans, LA",29.044,-90.8441,101,3
622,"New Orleans, LA",29.0538,-90.8421,101,4
622,"New Orleans, LA",29.0377,-90.8249,101,5
622,"New Orleans, LA",29.0394,-90.8005,102,1
622,"New Orleans, LA",29.0518,-90.7887,102,2
622,"New Orleans, LA",29.0496,-90.7833,102,3
622,"New Orleans, LA",29.0394,-90.7984,102,4
622,"New Orleans, LA",29.0394,-90.8005,102,5
622,"New Orleans, LA",29.0407,-90.7417,103,1
622,"New Orleans, LA",29.0474,-90.7362,103,2
622,"New Orleans, LA",29.0492,-90.7171,103,3
622,"New Orleans, LA",29.0439,-90.724,103,4
622,"New Orleans, LA",29.0407,-90.7417,103,5
622,"New Orleans, LA",29.0404,-90.9008,104,1
622,"New Orleans, LA",29.0446,-90.9035,104,2
622,"New Orleans, LA",29.0469,-90.8653,104,3
622,"New Orleans, LA",29.0414,-90.8751,104,4
622,"New Orleans, LA",29.0404,-90.9008,104,5
622,"New Orleans, LA",29.0379,-90.8222,105,1
622,"New Orleans, LA",29.0451,-90.8197,105,2
622,"New Orleans, LA",29.0408,-90.8197,105,3
622,"New Orleans, LA",29.0381,-90.8039,105,4
622,"New Orleans, LA",29.0379,-90.8222,105,5
622,"New Orleans, LA",29.031,-89.3349,106,1
622,"New Orleans, LA",29.0436,-89.3266,106,2
622,"New Orleans, LA",29.0396,-89.3263,106,3
622,"New Orleans, LA",29.031,-89.3349,106,4
622,"New Orleans, LA",29.0338,-89.174,107,1
622,"New Orleans, LA",29.0412,-89.1773,107,2
622,"New Orleans, LA",29.0418,-89.1744,107,3
622,"New Orleans, LA",29.0338,-89.174,107,4
622,"New Orleans, LA",29.0247,-89.1668,108,1
622,"New Orleans, LA",29.0258,-89.1698,108,2
622,"New Orleans, LA",29.0258,-89.1764,108,3
622,"New Orleans, LA",29.029,-89.1712,108,4
622,"New Orleans, LA",29.0309,-89.1615,108,5
622,"New Orleans, LA",29.0247,-89.1668,108,6
622,"New Orleans, LA",29.0194,-89.3446,109,1
622,"New Orleans, LA",29.0221,-89.3466,109,2
622,"New Orleans, LA",29.0301,-89.3373,109,3
622,"New Orleans, LA",29.0241,-89.3411,109,4
622,"New Orleans, LA",29.0194,-89.3446,109,5
622,"New Orleans, LA",29.0201,-89.1689,110,1
622,"New Orleans, LA",29.0255,-89.174,110,2
622,"New Orleans, LA",29.024,-89.1636,110,3
622,"New Orleans, LA",29.0201,-89.1689,110,4
622,"New Orleans, LA",29.0123,-89.1714,111,1
622,"New Orleans, LA",29.0181,-89.1768,111,2
622,"New Orleans, LA",29.0212,-89.1862,111,3
622,"New Orleans, LA",29.0211,-89.1758,111,4
622,"New Orleans, LA",29.0123,-89.1714,111,5
622,"New Orleans, LA",29.009,-89.1547,112,1
622,"New Orleans, LA",29.0196,-89.168,112,2
622,"New Orleans, LA",29.0205,-89.1615,112,3
622,"New Orleans, LA",29.009,-89.1547,112,4
622,"New Orleans, LA",28.9482,-89.4048,113,1
622,"New Orleans, LA",28.9778,-89.3924,113,2
622,"New Orleans, LA",29.0186,-89.345,113,3
622,"New Orleans, LA",28.9482,-89.4048,113,4
622,"New Orleans, LA",28.9959,-89.1521,114,1
622,"New Orleans, LA",29.0178,-89.1708,114,2
622,"New Orleans, LA",28.999,-89.1478,114,3
622,"New Orleans, LA",28.9959,-89.1521,114,4
622,"New Orleans, LA",29.0072,-89.3432,115,1
622,"New Orleans, LA",29.0159,-89.3404,115,2
622,"New Orleans, LA",29.0166,-89.3362,115,3
622,"New Orleans, LA",29.0145,-89.3351,115,4
622,"New Orleans, LA",29.0072,-89.3432,115,5
622,"New Orleans, LA",28.9716,-89.3724,116,1
622,"New Orleans, LA",29.0063,-89.347,116,2
622,"New Orleans, LA",29.0045,-89.342,116,3
622,"New Orleans, LA",29.0046,-89.3428,116,4
622,"New Orleans, LA",28.9716,-89.3724,116,5
622,"New Orleans, LA",28.9602,-89.3822,117,1
622,"New Orleans, LA",28.9736,-89.3733,117,2
622,"New Orleans, LA",28.9664,-89.3723,117,3
622,"New Orleans, LA",28.9602,-89.3822,117,4
622,"New Orleans, LA",28.9343,-89.4034,118,1
622,"New Orleans, LA",28.9588,-89.3882,118,2
622,"New Orleans, LA",28.9694,-89.3776,118,3
622,"New Orleans, LA",28.9579,-89.3856,118,4
622,"New Orleans, LA",28.9557,-89.3791,118,5
622,"New Orleans, LA",28.9474,-89.3838,118,6
622,"New Orleans, LA",28.9343,-89.4034,118,7
623,"Dallas-Ft. Worth, TX",32.0162,-95.4264,1,1
623,"Dallas-Ft. Worth, TX",31.8433,-95.4467,1,2
623,"Dallas-Ft. Worth, TX",31.5929,-95.2734,1,3
623,"Dallas-Ft. Worth, TX",31.5039,-95.7399,1,4
623,"Dallas-Ft. Worth, TX",31.6541,-95.7388,1,5
623,"Dallas-Ft. Worth, TX",31.4134,-96.2366,1,6
623,"Dallas-Ft. Worth, TX",31.7962,-96.4967,1,7
623,"Dallas-Ft. Worth, TX",31.8149,-96.7191,1,8
623,"Dallas-Ft. Worth, TX",31.7089,-96.9322,1,9
623,"Dallas-Ft. Worth, TX",31.8631,-97.0373,1,10
623,"Dallas-Ft. Worth, TX",31.5878,-97.6052,1,11
623,"Dallas-Ft. Worth, TX",31.711,-97.6898,1,12
623,"Dallas-Ft. Worth, TX",31.4164,-98.2711,1,13
623,"Dallas-Ft. Worth, TX",31.7236,-98.4928,1,14
623,"Dallas-Ft. Worth, TX",31.7005,-98.6684,1,15
623,"Dallas-Ft. Worth, TX",32.078,-98.9244,1,16
623,"Dallas-Ft. Worth, TX",32.2991,-98.4747,1,17
623,"Dallas-Ft. Worth, TX",32.513,-98.4752,1,18
623,"Dallas-Ft. Worth, TX",32.5152,-98.5763,1,19
623,"Dallas-Ft. Worth, TX",32.9543,-98.5756,1,20
623,"Dallas-Ft. Worth, TX",32.9523,-98.4272,1,21
623,"Dallas-Ft. Worth, TX",33.4668,-98.4214,1,22
623,"Dallas-Ft. Worth, TX",33.4671,-97.9789,1,23
623,"Dallas-Ft. Worth, TX",33.8899,-97.9779,1,24
623,"Dallas-Ft. Worth, TX",33.8581,-97.8335,1,25
623,"Dallas-Ft. Worth, TX",33.9916,-97.6713,1,26
623,"Dallas-Ft. Worth, TX",33.9025,-97.5874,1,27
623,"Dallas-Ft. Worth, TX",33.9044,-97.4603,1,28
623,"Dallas-Ft. Worth, TX",33.8194,-97.4265,1,29
623,"Dallas-Ft. Worth, TX",33.915,-97.2081,1,30
623,"Dallas-Ft. Worth, TX",33.7606,-97.1934,1,31
623,"Dallas-Ft. Worth, TX",33.7169,-97.1261,1,32
623,"Dallas-Ft. Worth, TX",33.8179,-97.048,1,33
623,"Dallas-Ft. Worth, TX",33.854,-97.0872,1,34
623,"Dallas-Ft. Worth, TX",33.9492,-96.9446,1,35
623,"Dallas-Ft. Worth, TX",33.4164,-96.9439,1,36
623,"Dallas-Ft. Worth, TX",33.4057,-96.8411,1,37
623,"Dallas-Ft. Worth, TX",33.3978,-96.3846,1,38
623,"Dallas-Ft. Worth, TX",33.7258,-96.3795,1,39
623,"Dallas-Ft. Worth, TX",33.7585,-96.1817,1,40
623,"Dallas-Ft. Worth, TX",33.8383,-96.1465,1,41
623,"Dallas-Ft. Worth, TX",33.8871,-95.9354,1,42
623,"Dallas-Ft. Worth, TX",33.8441,-95.7716,1,43
623,"Dallas-Ft. Worth, TX",33.9416,-95.5956,1,44
623,"Dallas-Ft. Worth, TX",33.8803,-95.5452,1,45
623,"Dallas-Ft. Worth, TX",33.8797,-95.3106,1,46
623,"Dallas-Ft. Worth, TX",32.9626,-95.309,1,47
623,"Dallas-Ft. Worth, TX",32.9604,-95.6654,1,48
623,"Dallas-Ft. Worth, TX",32.4799,-95.5943,1,49
623,"Dallas-Ft. Worth, TX",32.353,-95.4481,1,50
623,"Dallas-Ft. Worth, TX",32.2323,-95.4887,1,51
623,"Dallas-Ft. Worth, TX",32.0162,-95.4264,1,52
624,"Sioux City, IA",43.255,-94.4431,1,1
624,"Sioux City, IA",42.9081,-94.443,1,2
624,"Sioux City, IA",42.9098,-94.9141,1,3
624,"Sioux City, IA",42.2096,-94.8585,1,4
624,"Sioux City, IA",42.2113,-95.6711,1,5
624,"Sioux City, IA",41.8632,-95.6727,1,6
624,"Sioux City, IA",41.8662,-96.1391,1,7
624,"Sioux City, IA",41.9736,-96.1312,1,8
624,"Sioux City, IA",42.0472,-96.2729,1,9
624,"Sioux City, IA",42.016,-96.5549,1,10
624,"Sioux City, IA",42.09,-96.5555,1,11
624,"Sioux City, IA",42.0905,-97.0194,1,12
624,"Sioux City, IA",41.743,-97.0199,1,13
624,"Sioux City, IA",41.7422,-97.8326,1,14
624,"Sioux City, IA",42.4378,-97.8344,1,15
624,"Sioux City, IA",42.437,-98.3054,1,16
624,"Sioux City, IA",42.8826,-98.3097,1,17
624,"Sioux City, IA",42.7624,-98.0127,1,18
624,"Sioux City, IA",42.8682,-97.8419,1,19
624,"Sioux City, IA",42.8673,-97.306,1,20
624,"Sioux City, IA",42.7042,-96.8062,1,21
624,"Sioux City, IA",43.0834,-96.8056,1,22
624,"Sioux City, IA",43.1144,-96.439,1,23
624,"Sioux City, IA",43.2602,-96.555,1,24
624,"Sioux City, IA",43.2551,-95.3881,1,25
624,"Sioux City, IA",43.5002,-95.3879,1,26
624,"Sioux City, IA",43.5007,-95.0326,1,27
624,"Sioux City, IA",43.5005,-94.9149,1,28
624,"Sioux City, IA",43.2551,-94.9139,1,29
624,"Sioux City, IA",43.255,-94.4431,1,30
625,"Waco-Temple-Bryan, TX",31.5039,-95.7399,1,1
625,"Waco-Temple-Bryan, TX",31.3245,-95.6559,1,2
625,"Waco-Temple-Bryan, TX",31.1206,-95.7769,1,3
625,"Waco-Temple-Bryan, TX",31.0518,-95.63,1,4
625,"Waco-Temple-Bryan, TX",30.987,-95.6812,1,5
625,"Waco-Temple-Bryan, TX",30.918,-95.6119,1,6
625,"Waco-Temple-Bryan, TX",30.823,-96.1683,1,7
625,"Waco-Temple-Bryan, TX",30.5992,-96.1882,1,8
625,"Waco-Temple-Bryan, TX",30.4312,-96.0809,1,9
625,"Waco-Temple-Bryan, TX",30.3307,-96.1549,1,10
625,"Waco-Temple-Bryan, TX",30.3977,-96.1974,1,11
625,"Waco-Temple-Bryan, TX",30.296,-96.6759,1,12
625,"Waco-Temple-Bryan, TX",30.5571,-96.9638,1,13
625,"Waco-Temple-Bryan, TX",30.4573,-97.1552,1,14
625,"Waco-Temple-Bryan, TX",30.7357,-97.2714,1,15
625,"Waco-Temple-Bryan, TX",30.9108,-97.8286,1,16
625,"Waco-Temple-Bryan, TX",31.0349,-97.9117,1,17
625,"Waco-Temple-Bryan, TX",31.0295,-98.4397,1,18
625,"Waco-Temple-Bryan, TX",30.9214,-98.4458,1,19
625,"Waco-Temple-Bryan, TX",30.922,-99.0924,1,20
625,"Waco-Temple-Bryan, TX",31.4608,-99.0906,1,21
625,"Waco-Temple-Bryan, TX",31.6107,-98.7801,1,22
625,"Waco-Temple-Bryan, TX",31.6879,-98.7601,1,23
625,"Waco-Temple-Bryan, TX",31.7236,-98.4928,1,24
625,"Waco-Temple-Bryan, TX",31.4164,-98.2711,1,25
625,"Waco-Temple-Bryan, TX",31.711,-97.6898,1,26
625,"Waco-Temple-Bryan, TX",31.5878,-97.6052,1,27
625,"Waco-Temple-Bryan, TX",31.8631,-97.0373,1,28
625,"Waco-Temple-Bryan, TX",31.7089,-96.9322,1,29
625,"Waco-Temple-Bryan, TX",31.8149,-96.7191,1,30
625,"Waco-Temple-Bryan, TX",31.7962,-96.4967,1,31
625,"Waco-Temple-Bryan, TX",31.4134,-96.2366,1,32
625,"Waco-Temple-Bryan, TX",31.6541,-95.7388,1,33
625,"Waco-Temple-Bryan, TX",31.5039,-95.7399,1,34
626,"Victoria, TX",28.5073,-96.891,1,1
626,"Victoria, TX",28.5508,-97.1608,1,2
626,"Victoria, TX",28.783,-97.1608,1,3
626,"Victoria, TX",28.8551,-97.2041,1,4
626,"Victoria, TX",28.8478,-97.3051,1,5
626,"Victoria, TX",29.104,-96.9764,1,6
626,"Victoria, TX",29.0215,-96.8323,1,7
626,"Victoria, TX",28.7171,-96.6425,1,8
626,"Victoria, TX",28.5867,-96.9304,1,9
626,"Victoria, TX",28.5073,-96.891,1,10
627,"Wichita Falls, TX-Lawton, OK",33.3979,-100.5174,1,1
627,"Wichita Falls, TX-Lawton, OK",33.8357,-100.5187,1,2
627,"Wichita Falls, TX-Lawton, OK",33.836,-100.0485,1,3
627,"Wichita Falls, TX-Lawton, OK",34.5606,-99.9975,1,4
627,"Wichita Falls, TX-Lawton, OK",34.5071,-99.6666,1,5
627,"Wichita Falls, TX-Lawton, OK",34.7246,-99.6669,1,6
627,"Wichita Falls, TX-Lawton, OK",34.725,-99.4232,1,7
627,"Wichita Falls, TX-Lawton, OK",34.813,-99.4058,1,8
627,"Wichita Falls, TX-Lawton, OK",34.8596,-99.1819,1,9
627,"Wichita Falls, TX-Lawton, OK",34.7097,-99.1584,1,10
627,"Wichita Falls, TX-Lawton, OK",34.6902,-99.0373,1,11
627,"Wichita Falls, TX-Lawton, OK",34.638,-99.1032,1,12
627,"Wichita Falls, TX-Lawton, OK",34.5942,-98.8262,1,13
627,"Wichita Falls, TX-Lawton, OK",34.8554,-98.8263,1,14
627,"Wichita Falls, TX-Lawton, OK",34.8549,-98.0896,1,15
627,"Wichita Falls, TX-Lawton, OK",34.6811,-98.0891,1,16
627,"Wichita Falls, TX-Lawton, OK",34.6811,-97.5628,1,17
627,"Wichita Falls, TX-Lawton, OK",33.8996,-97.5609,1,18
627,"Wichita Falls, TX-Lawton, OK",33.9916,-97.6713,1,19
627,"Wichita Falls, TX-Lawton, OK",33.8581,-97.8335,1,20
627,"Wichita Falls, TX-Lawton, OK",33.8899,-97.9779,1,21
627,"Wichita Falls, TX-Lawton, OK",33.4671,-97.9789,1,22
627,"Wichita Falls, TX-Lawton, OK",33.4668,-98.4214,1,23
627,"Wichita Falls, TX-Lawton, OK",32.9523,-98.4272,1,24
627,"Wichita Falls, TX-Lawton, OK",32.957,-99.4713,1,25
627,"Wichita Falls, TX-Lawton, OK",33.399,-99.4724,1,26
627,"Wichita Falls, TX-Lawton, OK",33.3979,-100.5174,1,27
628,"Monroe, LA-El Dorado, AR",31.2817,-92.0222,1,1
628,"Monroe, LA-El Dorado, AR",31.6202,-92.3844,1,2
628,"Monroe, LA-El Dorado, AR",31.7966,-92.3626,1,3
628,"Monroe, LA-El Dorado, AR",31.7971,-92.6192,1,4
628,"Monroe, LA-El Dorado, AR",31.7096,-92.62,1,5
628,"Monroe, LA-El Dorado, AR",31.7112,-92.9755,1,6
628,"Monroe, LA-El Dorado, AR",31.9459,-92.8722,1,7
628,"Monroe, LA-El Dorado, AR",32.1479,-92.9386,1,8
628,"Monroe, LA-El Dorado, AR",32.1469,-92.8146,1,9
628,"Monroe, LA-El Dorado, AR",32.2353,-92.7736,1,10
628,"Monroe, LA-El Dorado, AR",32.4535,-92.7772,1,11
628,"Monroe, LA-El Dorado, AR",32.4541,-92.8793,1,12
628,"Monroe, LA-El Dorado, AR",32.6,-92.8817,1,13
628,"Monroe, LA-El Dorado, AR",32.7588,-92.8286,1,14
628,"Monroe, LA-El Dorado, AR",32.7595,-92.7254,1,15
628,"Monroe, LA-El Dorado, AR",33.0001,-92.7247,1,16
628,"Monroe, LA-El Dorado, AR",33.0174,-92.9887,1,17
628,"Monroe, LA-El Dorado, AR",33.3773,-92.9785,1,18
628,"Monroe, LA-El Dorado, AR",33.3661,-92.5479,1,19
628,"Monroe, LA-El Dorado, AR",33.2743,-92.4451,1,20
628,"Monroe, LA-El Dorado, AR",33.2537,-92.2251,1,21
628,"Monroe, LA-El Dorado, AR",33.1612,-92.1635,1,22
628,"Monroe, LA-El Dorado, AR",33.302,-91.9773,1,23
628,"Monroe, LA-El Dorado, AR",33.3982,-91.9902,1,24
628,"Monroe, LA-El Dorado, AR",33.389,-91.4574,1,25
628,"Monroe, LA-El Dorado, AR",33.0059,-91.4604,1,26
628,"Monroe, LA-El Dorado, AR",33.0041,-91.1661,1,27
628,"Monroe, LA-El Dorado, AR",32.8994,-91.1702,1,28
628,"Monroe, LA-El Dorado, AR",32.9801,-91.1351,1,29
628,"Monroe, LA-El Dorado, AR",32.9628,-91.0804,1,30
628,"Monroe, LA-El Dorado, AR",32.7513,-91.1653,1,31
628,"Monroe, LA-El Dorado, AR",32.7192,-91.0547,1,32
628,"Monroe, LA-El Dorado, AR",32.6262,-91.1536,1,33
628,"Monroe, LA-El Dorado, AR",32.6405,-91.0143,1,34
628,"Monroe, LA-El Dorado, AR",32.5564,-91.0804,1,35
628,"Monroe, LA-El Dorado, AR",32.4942,-90.9878,1,36
628,"Monroe, LA-El Dorado, AR",32.5491,-91.0937,1,37
628,"Monroe, LA-El Dorado, AR",32.4831,-91.116,1,38
628,"Monroe, LA-El Dorado, AR",32.4395,-90.9696,1,39
628,"Monroe, LA-El Dorado, AR",32.354,-90.9936,1,40
628,"Monroe, LA-El Dorado, AR",32.3717,-90.8756,1,41
628,"Monroe, LA-El Dorado, AR",32.1932,-90.9949,1,42
628,"Monroe, LA-El Dorado, AR",32.2424,-91.039,1,43
628,"Monroe, LA-El Dorado, AR",32.1957,-91.1649,1,44
628,"Monroe, LA-El Dorado, AR",32.1327,-91.1628,1,45
628,"Monroe, LA-El Dorado, AR",32.1463,-91.0041,1,46
628,"Monroe, LA-El Dorado, AR",32.0477,-91.0816,1,47
628,"Monroe, LA-El Dorado, AR",32.0742,-91.1574,1,48
628,"Monroe, LA-El Dorado, AR",32.0168,-91.0759,1,49
628,"Monroe, LA-El Dorado, AR",31.9622,-91.1875,1,50
628,"Monroe, LA-El Dorado, AR",31.8127,-91.2556,1,51
628,"Monroe, LA-El Dorado, AR",31.8446,-91.3447,1,52
628,"Monroe, LA-El Dorado, AR",31.7608,-91.3656,1,53
628,"Monroe, LA-El Dorado, AR",31.7521,-91.2656,1,54
628,"Monroe, LA-El Dorado, AR",31.7469,-91.3694,1,55
628,"Monroe, LA-El Dorado, AR",31.6205,-91.4008,1,56
628,"Monroe, LA-El Dorado, AR",31.6288,-91.5162,1,57
628,"Monroe, LA-El Dorado, AR",31.5898,-91.4039,1,58
628,"Monroe, LA-El Dorado, AR",31.5221,-91.5225,1,59
628,"Monroe, LA-El Dorado, AR",31.3752,-91.4679,1,60
628,"Monroe, LA-El Dorado, AR",31.4105,-91.5763,1,61
628,"Monroe, LA-El Dorado, AR",31.2782,-91.5156,1,62
628,"Monroe, LA-El Dorado, AR",31.2537,-91.6547,1,63
628,"Monroe, LA-El Dorado, AR",31.039,-91.5644,1,64
628,"Monroe, LA-El Dorado, AR",30.9704,-91.6625,1,65
628,"Monroe, LA-El Dorado, AR",31.0356,-91.6479,1,66
628,"Monroe, LA-El Dorado, AR",31.0443,-91.7238,1,67
628,"Monroe, LA-El Dorado, AR",31.2001,-91.6882,1,68
628,"Monroe, LA-El Dorado, AR",31.2968,-91.9089,1,69
628,"Monroe, LA-El Dorado, AR",31.2252,-91.9906,1,70
628,"Monroe, LA-El Dorado, AR",31.2817,-92.0222,1,71
630,"Birmingham (Anniston and Tuscaloosa), AL",32.5321,-87.8534,1,1
630,"Birmingham (Anniston and Tuscaloosa), AL",32.6212,-87.8598,1,2
630,"Birmingham (Anniston and Tuscaloosa), AL",32.6189,-88.0784,1,3
630,"Birmingham (Anniston and Tuscaloosa), AL",32.7907,-88.064,1,4
630,"Birmingham (Anniston and Tuscaloosa), AL",32.8341,-88.1818,1,5
630,"Birmingham (Anniston and Tuscaloosa), AL",32.9959,-88.1719,1,6
630,"Birmingham (Anniston and Tuscaloosa), AL",32.9912,-88.3404,1,7
630,"Birmingham (Anniston and Tuscaloosa), AL",33.534,-88.2746,1,8
630,"Birmingham (Anniston and Tuscaloosa), AL",33.5241,-87.9465,1,9
630,"Birmingham (Anniston and Tuscaloosa), AL",34.0222,-87.9519,1,10
630,"Birmingham (Anniston and Tuscaloosa), AL",34.0583,-88.2072,1,11
630,"Birmingham (Anniston and Tuscaloosa), AL",34.3211,-88.1736,1,12
630,"Birmingham (Anniston and Tuscaloosa), AL",34.3027,-86.4775,1,13
630,"Birmingham (Anniston and Tuscaloosa), AL",34.0991,-86.3035,1,14
630,"Birmingham (Anniston and Tuscaloosa), AL",34.1834,-86.1887,1,15
630,"Birmingham (Anniston and Tuscaloosa), AL",34.2001,-85.8436,1,16
630,"Birmingham (Anniston and Tuscaloosa), AL",34.5242,-85.5137,1,17
630,"Birmingham (Anniston and Tuscaloosa), AL",33.9641,-85.3988,1,18
630,"Birmingham (Anniston and Tuscaloosa), AL",33.8759,-85.637,1,19
630,"Birmingham (Anniston and Tuscaloosa), AL",33.8459,-85.5852,1,20
630,"Birmingham (Anniston and Tuscaloosa), AL",33.6484,-85.6386,1,21
630,"Birmingham (Anniston and Tuscaloosa), AL",33.4768,-85.8877,1,22
630,"Birmingham (Anniston and Tuscaloosa), AL",33.4959,-85.6435,1,23
630,"Birmingham (Anniston and Tuscaloosa), AL",33.1066,-85.6537,1,24
630,"Birmingham (Anniston and Tuscaloosa), AL",33.1029,-86.491,1,25
630,"Birmingham (Anniston and Tuscaloosa), AL",32.9302,-86.5163,1,26
630,"Birmingham (Anniston and Tuscaloosa), AL",32.7512,-86.3713,1,27
630,"Birmingham (Anniston and Tuscaloosa), AL",32.6617,-86.7134,1,28
630,"Birmingham (Anniston and Tuscaloosa), AL",32.6633,-87.0177,1,29
630,"Birmingham (Anniston and Tuscaloosa), AL",32.837,-87.0192,1,30
630,"Birmingham (Anniston and Tuscaloosa), AL",32.8745,-87.4212,1,31
630,"Birmingham (Anniston and Tuscaloosa), AL",32.482,-87.5245,1,32
630,"Birmingham (Anniston and Tuscaloosa), AL",32.5321,-87.8534,1,33
631,"Ottumwa, IA-Kirksville, MO",40.2663,-93.3672,1,1
631,"Ottumwa, IA-Kirksville, MO",40.5802,-93.3744,1,2
631,"Ottumwa, IA-Kirksville, MO",40.5909,-92.6379,1,3
631,"Ottumwa, IA-Kirksville, MO",41.1613,-92.6404,1,4
631,"Ottumwa, IA-Kirksville, MO",41.1628,-91.7159,1,5
631,"Ottumwa, IA-Kirksville, MO",40.5985,-91.7168,1,6
631,"Ottumwa, IA-Kirksville, MO",40.5973,-92.3508,1,7
631,"Ottumwa, IA-Kirksville, MO",39.6053,-92.2993,1,8
631,"Ottumwa, IA-Kirksville, MO",39.6102,-92.6921,1,9
631,"Ottumwa, IA-Kirksville, MO",39.6979,-92.6893,1,10
631,"Ottumwa, IA-Kirksville, MO",39.7,-92.8579,1,11
631,"Ottumwa, IA-Kirksville, MO",40.0373,-92.8475,1,12
631,"Ottumwa, IA-Kirksville, MO",40.0331,-93.3666,1,13
631,"Ottumwa, IA-Kirksville, MO",40.2663,-93.3672,1,14
632,"Paducah, KY-Cape Girardeau, MO-Harrisburg, IL",36.1506,-88.5304,1,1
632,"Paducah, KY-Cape Girardeau, MO-Harrisburg, IL",36.062,-88.6755,1,2
632,"Paducah, KY-Cape Girardeau, MO-Harrisburg, IL",36.2228,-88.9598,1,3
632,"Paducah, KY-Cape Girardeau, MO-Harrisburg, IL",36.1854,-89.6295,1,4
632,"Paducah, KY-Cape Girardeau, MO-Harrisburg, IL",36.2408,-89.7049,1,5
632,"Paducah, KY-Cape Girardeau, MO-Harrisburg, IL",36.2488,-89.5392,1,6
632,"Paducah, KY-Cape Girardeau, MO-Harrisburg, IL",36.3228,-89.6202,1,7
632,"Paducah, KY-Cape Girardeau, MO-Harrisburg, IL",36.3368,-89.5452,1,8
632,"Paducah, KY-Cape Girardeau, MO-Harrisburg, IL",36.4276,-89.7314,1,9
632,"Paducah, KY-Cape Girardeau, MO-Harrisburg, IL",36.3887,-89.9613,1,10
632,"Paducah, KY-Cape Girardeau, MO-Harrisburg, IL",35.999,-89.9594,1,11
632,"Paducah, KY-Cape Girardeau, MO-Harrisburg, IL",35.9957,-90.3779,1,12
632,"Paducah, KY-Cape Girardeau, MO-Harrisburg, IL",36.2807,-90.0763,1,13
632,"Paducah, KY-Cape Girardeau, MO-Harrisburg, IL",36.3842,-90.0633,1,14
632,"Paducah, KY-Cape Girardeau, MO-Harrisburg, IL",36.498,-90.1525,1,15
632,"Paducah, KY-Cape Girardeau, MO-Harrisburg, IL",36.4977,-91.1265,1,16
632,"Paducah, KY-Cape Girardeau, MO-Harrisburg, IL",36.8237,-91.1159,1,17
632,"Paducah, KY-Cape Girardeau, MO-Harrisburg, IL",36.8257,-91.2248,1,18
632,"Paducah, KY-Cape Girardeau, MO-Harrisburg, IL",37.0862,-91.2172,1,19
632,"Paducah, KY-Cape Girardeau, MO-Harrisburg, IL",37.0957,-91.0178,1,20
632,"Paducah, KY-Cape Girardeau, MO-Harrisburg, IL",37.1434,-91.0169,1,21
632,"Paducah, KY-Cape Girardeau, MO-Harrisburg, IL",37.1995,-91.126,1,22
632,"Paducah, KY-Cape Girardeau, MO-Harrisburg, IL",37.5019,-91.211,1,23
632,"Paducah, KY-Cape Girardeau, MO-Harrisburg, IL",37.5051,-91.3142,1,24
632,"Paducah, KY-Cape Girardeau, MO-Harrisburg, IL",37.5928,-91.3125,1,25
632,"Paducah, KY-Cape Girardeau, MO-Harrisburg, IL",37.603,-90.7687,1,26
632,"Paducah, KY-Cape Girardeau, MO-Harrisburg, IL",37.2701,-90.7536,1,27
632,"Paducah, KY-Cape Girardeau, MO-Harrisburg, IL",37.2726,-90.5506,1,28
632,"Paducah, KY-Cape Girardeau, MO-Harrisburg, IL",37.6436,-90.535,1,29
632,"Paducah, KY-Cape Girardeau, MO-Harrisburg, IL",37.6416,-90.1468,1,30
632,"Paducah, KY-Cape Girardeau, MO-Harrisburg, IL",37.9056,-89.8448,1,31
632,"Paducah, KY-Cape Girardeau, MO-Harrisburg, IL",37.8031,-89.6743,1,32
632,"Paducah, KY-Cape Girardeau, MO-Harrisburg, IL",37.9553,-89.5951,1,33
632,"Paducah, KY-Cape Girardeau, MO-Harrisburg, IL",38.2193,-89.5927,1,34
632,"Paducah, KY-Cape Girardeau, MO-Harrisburg, IL",38.2129,-89.1474,1,35
632,"Paducah, KY-Cape Girardeau, MO-Harrisburg, IL",38.474,-89.1443,1,36
632,"Paducah, KY-Cape Girardeau, MO-Harrisburg, IL",38.4749,-88.699,1,37
632,"Paducah, KY-Cape Girardeau, MO-Harrisburg, IL",38.2567,-88.7024,1,38
632,"Paducah, KY-Cape Girardeau, MO-Harrisburg, IL",38.2555,-88.3705,1,39
632,"Paducah, KY-Cape Girardeau, MO-Harrisburg, IL",37.9084,-88.3745,1,40
632,"Paducah, KY-Cape Girardeau, MO-Harrisburg, IL",37.916,-88.1361,1,41
632,"Paducah, KY-Cape Girardeau, MO-Harrisburg, IL",37.8386,-88.0282,1,42
632,"Paducah, KY-Cape Girardeau, MO-Harrisburg, IL",37.8232,-88.0915,1,43
632,"Paducah, KY-Cape Girardeau, MO-Harrisburg, IL",37.7992,-88.028,1,44
632,"Paducah, KY-Cape Girardeau, MO-Harrisburg, IL",37.6657,-88.1574,1,45
632,"Paducah, KY-Cape Girardeau, MO-Harrisburg, IL",37.5871,-88.1402,1,46
632,"Paducah, KY-Cape Girardeau, MO-Harrisburg, IL",37.3819,-87.801,1,47
632,"Paducah, KY-Cape Girardeau, MO-Harrisburg, IL",37.3184,-87.8517,1,48
632,"Paducah, KY-Cape Girardeau, MO-Harrisburg, IL",37.1513,-87.6804,1,49
632,"Paducah, KY-Cape Girardeau, MO-Harrisburg, IL",36.9747,-87.7649,1,50
632,"Paducah, KY-Cape Girardeau, MO-Harrisburg, IL",36.8672,-88.1573,1,51
632,"Paducah, KY-Cape Girardeau, MO-Harrisburg, IL",36.4971,-88.0532,1,52
632,"Paducah, KY-Cape Girardeau, MO-Harrisburg, IL",36.5014,-88.5164,1,53
632,"Paducah, KY-Cape Girardeau, MO-Harrisburg, IL",36.1506,-88.5304,1,54
633,"Odessa-Midland, TX",29.7821,-101.7609,1,1
633,"Odessa-Midland, TX",29.7924,-102.1157,1,2
633,"Odessa-Midland, TX",29.8799,-102.316,1,3
633,"Odessa-Midland, TX",29.761,-102.3883,1,4
633,"Odessa-Midland, TX",29.7443,-102.6749,1,5
633,"Odessa-Midland, TX",29.3472,-102.8839,1,6
633,"Odessa-Midland, TX",29.224,-102.8672,1,7
633,"Odessa-Midland, TX",29.1796,-102.9947,1,8
633,"Odessa-Midland, TX",28.9715,-103.1537,1,9
633,"Odessa-Midland, TX",29.32,-104.038,1,10
633,"Odessa-Midland, TX",29.6674,-104.5363,1,11
633,"Odessa-Midland, TX",29.9295,-104.6832,1,12
633,"Odessa-Midland, TX",30.2352,-104.7066,1,13
633,"Odessa-Midland, TX",30.6291,-104.98,1,14
633,"Odessa-Midland, TX",31.1052,-104.1024,1,15
633,"Odessa-Midland, TX",32.0,-104.0245,1,16
633,"Odessa-Midland, TX",32.0002,-103.7229,1,17
633,"Odessa-Midland, TX",32.5226,-103.7229,1,18
633,"Odessa-Midland, TX",32.5296,-103.8139,1,19
633,"Odessa-Midland, TX",32.5226,-103.5415,1,20
633,"Odessa-Midland, TX",32.4187,-103.4421,1,21
633,"Odessa-Midland, TX",32.4718,-103.2609,1,22
633,"Odessa-Midland, TX",32.5914,-103.1847,1,23
633,"Odessa-Midland, TX",32.5222,-103.0647,1,24
633,"Odessa-Midland, TX",32.5241,-101.1746,1,25
633,"Odessa-Midland, TX",32.0872,-101.184,1,26
633,"Odessa-Midland, TX",32.0871,-101.2642,1,27
633,"Odessa-Midland, TX",31.0794,-101.2748,1,28
633,"Odessa-Midland, TX",31.0798,-101.8572,1,29
633,"Odessa-Midland, TX",31.0862,-102.3012,1,30
633,"Odessa-Midland, TX",31.0872,-102.3891,1,31
633,"Odessa-Midland, TX",31.0856,-102.3906,1,32
633,"Odessa-Midland, TX",30.9256,-101.8834,1,33
633,"Odessa-Midland, TX",30.7021,-101.8099,1,34
633,"Odessa-Midland, TX",30.6204,-101.6527,1,35
633,"Odessa-Midland, TX",30.4223,-101.7408,1,36
633,"Odessa-Midland, TX",30.3427,-101.659,1,37
633,"Odessa-Midland, TX",30.288,-101.7584,1,38
633,"Odessa-Midland, TX",29.7821,-101.7609,1,39
634,"Amarillo, TX",33.8357,-100.5187,1,1
634,"Amarillo, TX",34.3141,-100.5173,1,2
634,"Amarillo, TX",34.3128,-103.044,1,3
634,"Amarillo, TX",33.5706,-103.0526,1,4
634,"Amarillo, TX",33.5703,-103.5103,1,5
634,"Amarillo, TX",33.6572,-103.5097,1,6
634,"Amarillo, TX",33.6561,-103.7183,1,7
634,"Amarillo, TX",33.8193,-103.7168,1,8
634,"Amarillo, TX",33.8193,-103.8419,1,9
634,"Amarillo, TX",34.0817,-103.8416,1,10
634,"Amarillo, TX",34.0828,-103.9459,1,11
634,"Amarillo, TX",34.605,-103.9488,1,12
634,"Amarillo, TX",34.6052,-104.1289,1,13
634,"Amarillo, TX",35.1422,-104.1248,1,14
634,"Amarillo, TX",35.2641,-103.8577,1,15
634,"Amarillo, TX",35.2409,-103.6371,1,16
634,"Amarillo, TX",35.3897,-103.6371,1,17
634,"Amarillo, TX",35.398,-103.3799,1,18
634,"Amarillo, TX",36.0864,-103.365,1,19
634,"Amarillo, TX",36.0858,-103.7943,1,20
634,"Amarillo, TX",36.174,-103.794,1,21
634,"Amarillo, TX",36.1745,-104.009,1,22
634,"Amarillo, TX",36.9962,-104.0079,1,23
634,"Amarillo, TX",36.9931,-102.0422,1,24
634,"Amarillo, TX",37.3892,-102.0416,1,25
634,"Amarillo, TX",37.3885,-101.5566,1,26
634,"Amarillo, TX",36.9954,-101.5552,1,27
634,"Amarillo, TX",37.0017,-100.0026,1,28
634,"Amarillo, TX",34.2244,-99.9976,1,29
634,"Amarillo, TX",34.2298,-100.047,1,30
634,"Amarillo, TX",33.836,-100.0485,1,31
634,"Amarillo, TX",33.8357,-100.5187,1,32
635,"Austin, TX",29.6326,-96.8742,1,1
635,"Austin, TX",29.6279,-97.1434,1,2
635,"Austin, TX",29.7838,-97.3177,1,3
635,"Austin, TX",29.6334,-97.6181,1,4
635,"Austin, TX",29.8563,-97.8642,1,5
635,"Austin, TX",29.7525,-97.9992,1,6
635,"Austin, TX",29.8487,-98.0306,1,7
635,"Austin, TX",30.038,-98.2976,1,8
635,"Austin, TX",29.9376,-98.414,1,9
635,"Austin, TX",30.139,-98.5879,1,10
635,"Austin, TX",30.4999,-98.5917,1,11
635,"Austin, TX",30.4996,-99.4845,1,12
635,"Austin, TX",30.9406,-99.4848,1,13
635,"Austin, TX",30.9214,-98.4458,1,14
635,"Austin, TX",31.0295,-98.4397,1,15
635,"Austin, TX",31.0349,-97.9117,1,16
635,"Austin, TX",30.9108,-97.8286,1,17
635,"Austin, TX",30.7357,-97.2714,1,18
635,"Austin, TX",30.4573,-97.1552,1,19
635,"Austin, TX",30.5571,-96.9638,1,20
635,"Austin, TX",30.3206,-96.7445,1,21
635,"Austin, TX",30.2967,-96.6406,1,22
635,"Austin, TX",30.1605,-96.7945,1,23
635,"Austin, TX",30.1451,-96.6472,1,24
635,"Austin, TX",29.9615,-96.5698,1,25
635,"Austin, TX",29.6326,-96.8742,1,26
636,"Harlingen-Weslaco-Brownsville-McAllen, TX",26.0496,-98.1475,1,1
636,"Harlingen-Weslaco-Brownsville-McAllen, TX",26.2246,-98.4452,1,2
636,"Harlingen-Weslaco-Brownsville-McAllen, TX",26.2363,-98.6694,1,3
636,"Harlingen-Weslaco-Brownsville-McAllen, TX",26.3694,-98.8073,1,4
636,"Harlingen-Weslaco-Brownsville-McAllen, TX",26.3973,-99.0837,1,5
636,"Harlingen-Weslaco-Brownsville-McAllen, TX",26.5717,-99.1694,1,6
636,"Harlingen-Weslaco-Brownsville-McAllen, TX",26.7857,-98.9542,1,7
636,"Harlingen-Weslaco-Brownsville-McAllen, TX",26.7809,-97.9855,1,8
636,"Harlingen-Weslaco-Brownsville-McAllen, TX",26.6158,-97.9853,1,9
636,"Harlingen-Weslaco-Brownsville-McAllen, TX",26.5996,-97.4402,1,10
636,"Harlingen-Weslaco-Brownsville-McAllen, TX",26.4559,-97.4768,1,11
636,"Harlingen-Weslaco-Brownsville-McAllen, TX",26.4158,-97.3914,1,12
636,"Harlingen-Weslaco-Brownsville-McAllen, TX",26.3501,-97.4142,1,13
636,"Harlingen-Weslaco-Brownsville-McAllen, TX",26.353,-97.3317,1,14
636,"Harlingen-Weslaco-Brownsville-McAllen, TX",26.1184,-97.3108,1,15
636,"Harlingen-Weslaco-Brownsville-McAllen, TX",26.076,-97.2,1,16
636,"Harlingen-Weslaco-Brownsville-McAllen, TX",26.0617,-97.2157,1,17
636,"Harlingen-Weslaco-Brownsville-McAllen, TX",26.0413,-97.2103,1,18
636,"Harlingen-Weslaco-Brownsville-McAllen, TX",26.0351,-97.2221,1,19
636,"Harlingen-Weslaco-Brownsville-McAllen, TX",26.07,-97.2305,1,20
636,"Harlingen-Weslaco-Brownsville-McAllen, TX",26.0731,-97.2439,1,21
636,"Harlingen-Weslaco-Brownsville-McAllen, TX",26.0622,-97.2672,1,22
636,"Harlingen-Weslaco-Brownsville-McAllen, TX",25.996,-97.2577,1,23
636,"Harlingen-Weslaco-Brownsville-McAllen, TX",26.0001,-97.153,1,24
636,"Harlingen-Weslaco-Brownsville-McAllen, TX",26.0573,-97.1723,1,25
636,"Harlingen-Weslaco-Brownsville-McAllen, TX",26.0605,-97.1551,1,26
636,"Harlingen-Weslaco-Brownsville-McAllen, TX",25.9568,-97.146,1,27
636,"Harlingen-Weslaco-Brownsville-McAllen, TX",25.9308,-97.3489,1,28
636,"Harlingen-Weslaco-Brownsville-McAllen, TX",25.8503,-97.364,1,29
636,"Harlingen-Weslaco-Brownsville-McAllen, TX",25.8382,-97.4057,1,30
636,"Harlingen-Weslaco-Brownsville-McAllen, TX",26.0378,-97.663,1,31
636,"Harlingen-Weslaco-Brownsville-McAllen, TX",26.0496,-98.1475,1,32
636,"Harlingen-Weslaco-Brownsville-McAllen, TX",26.6004,-97.2879,2,1
636,"Harlingen-Weslaco-Brownsville-McAllen, TX",26.5654,-97.2751,2,2
636,"Harlingen-Weslaco-Brownsville-McAllen, TX",26.5656,-97.3095,2,3
636,"Harlingen-Weslaco-Brownsville-McAllen, TX",26.57,-97.281,2,4
636,"Harlingen-Weslaco-Brownsville-McAllen, TX",26.6004,-97.2879,2,5
636,"Harlingen-Weslaco-Brownsville-McAllen, TX",26.2043,-97.1832,3,1
636,"Harlingen-Weslaco-Brownsville-McAllen, TX",26.5482,-97.2692,3,2
636,"Harlingen-Weslaco-Brownsville-McAllen, TX",26.5243,-97.286,3,3
636,"Harlingen-Weslaco-Brownsville-McAllen, TX",26.5612,-97.3314,3,4
636,"Harlingen-Weslaco-Brownsville-McAllen, TX",26.5626,-97.2697,3,5
636,"Harlingen-Weslaco-Brownsville-McAllen, TX",26.3097,-97.1956,3,6
636,"Harlingen-Weslaco-Brownsville-McAllen, TX",26.0684,-97.156,3,7
636,"Harlingen-Weslaco-Brownsville-McAllen, TX",26.2043,-97.1832,3,8
636,"Harlingen-Weslaco-Brownsville-McAllen, TX",26.0474,-97.2003,4,1
636,"Harlingen-Weslaco-Brownsville-McAllen, TX",26.0636,-97.2086,4,2
636,"Harlingen-Weslaco-Brownsville-McAllen, TX",26.0713,-97.1895,4,3
636,"Harlingen-Weslaco-Brownsville-McAllen, TX",26.067,-97.1984,4,4
636,"Harlingen-Weslaco-Brownsville-McAllen, TX",26.0474,-97.2003,4,5
637,"Cedar Rapids-Waterloo-Iowa City & Dubuque, IA",42.5083,-90.6409,1,1
637,"Cedar Rapids-Waterloo-Iowa City & Dubuque, IA",42.3815,-90.4738,1,2
637,"Cedar Rapids-Waterloo-Iowa City & Dubuque, IA",42.3822,-90.665,1,3
637,"Cedar Rapids-Waterloo-Iowa City & Dubuque, IA",42.2947,-90.6655,1,4
637,"Cedar Rapids-Waterloo-Iowa City & Dubuque, IA",42.2952,-90.898,1,5
637,"Cedar Rapids-Waterloo-Iowa City & Dubuque, IA",41.5971,-90.8999,1,6
637,"Cedar Rapids-Waterloo-Iowa City & Dubuque, IA",41.5984,-91.3664,1,7
637,"Cedar Rapids-Waterloo-Iowa City & Dubuque, IA",41.4233,-91.3685,1,8
637,"Cedar Rapids-Waterloo-Iowa City & Dubuque, IA",41.4238,-91.484,1,9
637,"Cedar Rapids-Waterloo-Iowa City & Dubuque, IA",41.1624,-91.4859,1,10
637,"Cedar Rapids-Waterloo-Iowa City & Dubuque, IA",41.1618,-92.4101,1,11
637,"Cedar Rapids-Waterloo-Iowa City & Dubuque, IA",41.5095,-92.4121,1,12
637,"Cedar Rapids-Waterloo-Iowa City & Dubuque, IA",41.5097,-92.2975,1,13
637,"Cedar Rapids-Waterloo-Iowa City & Dubuque, IA",41.8628,-92.2982,1,14
637,"Cedar Rapids-Waterloo-Iowa City & Dubuque, IA",41.8624,-92.7661,1,15
637,"Cedar Rapids-Waterloo-Iowa City & Dubuque, IA",42.2101,-92.7675,1,16
637,"Cedar Rapids-Waterloo-Iowa City & Dubuque, IA",42.2092,-93.0015,1,17
637,"Cedar Rapids-Waterloo-Iowa City & Dubuque, IA",42.9077,-93.0249,1,18
637,"Cedar Rapids-Waterloo-Iowa City & Dubuque, IA",42.9071,-92.5544,1,19
637,"Cedar Rapids-Waterloo-Iowa City & Dubuque, IA",43.2129,-92.5543,1,20
637,"Cedar Rapids-Waterloo-Iowa City & Dubuque, IA",43.2129,-92.0809,1,21
637,"Cedar Rapids-Waterloo-Iowa City & Dubuque, IA",43.5006,-92.08,1,22
637,"Cedar Rapids-Waterloo-Iowa City & Dubuque, IA",43.5005,-91.2177,1,23
637,"Cedar Rapids-Waterloo-Iowa City & Dubuque, IA",43.3525,-91.2066,1,24
637,"Cedar Rapids-Waterloo-Iowa City & Dubuque, IA",43.2577,-91.0586,1,25
637,"Cedar Rapids-Waterloo-Iowa City & Dubuque, IA",43.0664,-91.1793,1,26
637,"Cedar Rapids-Waterloo-Iowa City & Dubuque, IA",42.7513,-91.0651,1,27
637,"Cedar Rapids-Waterloo-Iowa City & Dubuque, IA",42.6361,-90.7092,1,28
637,"Cedar Rapids-Waterloo-Iowa City & Dubuque, IA",42.5083,-90.6409,1,29
638,"St. Joseph, MO",40.0,-95.3399,1,1
638,"St. Joseph, MO",40.0403,-95.4151,1,2
638,"St. Joseph, MO",40.2427,-95.4775,1,3
638,"St. Joseph, MO",40.2648,-95.555,1,4
638,"St. Joseph, MO",40.2618,-95.1806,1,5
638,"St. Joseph, MO",40.5785,-95.2024,1,6
638,"St. Joseph, MO",40.5719,-94.2322,1,7
638,"St. Joseph, MO",40.3843,-94.2143,1,8
638,"St. Joseph, MO",40.3867,-94.5985,1,9
638,"St. Joseph, MO",40.0392,-94.6066,1,10
638,"St. Joseph, MO",40.0345,-94.2035,1,11
638,"St. Joseph, MO",39.7458,-94.206,1,12
638,"St. Joseph, MO",39.7472,-94.6022,1,13
638,"St. Joseph, MO",39.5322,-94.6013,1,14
638,"St. Joseph, MO",39.5333,-95.1029,1,15
638,"St. Joseph, MO",39.6235,-95.055,1,16
638,"St. Joseph, MO",39.653,-95.3398,1,17
638,"St. Joseph, MO",40.0,-95.3399,1,18
639,"Jackson, TN",34.9956,-88.2001,1,1
639,"Jackson, TN",34.9956,-88.3805,1,2
639,"Jackson, TN",35.4928,-88.364,1,3
639,"Jackson, TN",35.5925,-88.5945,1,4
639,"Jackson, TN",35.4275,-88.8158,1,5
639,"Jackson, TN",35.4314,-89.0789,1,6
639,"Jackson, TN",35.6927,-89.0695,1,7
639,"Jackson, TN",35.6715,-89.0204,1,8
639,"Jackson, TN",35.7974,-88.9161,1,9
639,"Jackson, TN",35.7911,-88.7068,1,10
639,"Jackson, TN",36.1173,-88.6555,1,11
639,"Jackson, TN",36.146,-88.2117,1,12
639,"Jackson, TN",35.7505,-88.1823,1,13
639,"Jackson, TN",35.4235,-88.248,1,14
639,"Jackson, TN",35.4171,-88.062,1,15
639,"Jackson, TN",35.2957,-87.9816,1,16
639,"Jackson, TN",35.0059,-87.9849,1,17
639,"Jackson, TN",34.9956,-88.2001,1,18
640,"Memphis, TN",34.9955,-88.3635,1,1
640,"Memphis, TN",34.7556,-88.3659,1,2
640,"Memphis, TN",34.7568,-88.7185,1,3
640,"Memphis, TN",34.5965,-88.7178,1,4
640,"Memphis, TN",34.5976,-89.2456,1,5
640,"Memphis, TN",34.1612,-89.2455,1,6
640,"Memphis, TN",34.16,-90.1355,1,7
640,"Memphis, TN",34.0729,-90.1357,1,8
640,"Memphis, TN",34.073,-90.4509,1,9
640,"Memphis, TN",33.9857,-90.4507,1,10
640,"Memphis, TN",33.9876,-90.6604,1,11
640,"Memphis, TN",34.1189,-90.6595,1,12
640,"Memphis, TN",34.1191,-91.1179,1,13
640,"Memphis, TN",34.3366,-91.0563,1,14
640,"Memphis, TN",34.3363,-91.0025,1,15
640,"Memphis, TN",34.7341,-91.0493,1,16
640,"Memphis, TN",34.7349,-91.1024,1,17
640,"Memphis, TN",34.9119,-91.1524,1,18
640,"Memphis, TN",35.0025,-91.1498,1,19
640,"Memphis, TN",35.0009,-91.0453,1,20
640,"Memphis, TN",35.7086,-91.037,1,21
640,"Memphis, TN",35.6999,-90.2867,1,22
640,"Memphis, TN",35.9964,-90.2888,1,23
640,"Memphis, TN",35.999,-89.9594,1,24
640,"Memphis, TN",36.3887,-89.9613,1,25
640,"Memphis, TN",36.4036,-89.592,1,26
640,"Memphis, TN",36.3368,-89.5452,1,27
640,"Memphis, TN",36.3228,-89.6202,1,28
640,"Memphis, TN",36.2526,-89.5347,1,29
640,"Memphis, TN",36.2381,-89.7055,1,30
640,"Memphis, TN",36.1854,-89.6295,1,31
640,"Memphis, TN",36.2228,-88.9598,1,32
640,"Memphis, TN",36.0664,-88.6942,1,33
640,"Memphis, TN",35.7911,-88.7068,1,34
640,"Memphis, TN",35.7974,-88.9161,1,35
640,"Memphis, TN",35.6715,-89.0204,1,36
640,"Memphis, TN",35.6927,-89.0695,1,37
640,"Memphis, TN",35.4314,-89.0789,1,38
640,"Memphis, TN",35.4275,-88.8158,1,39
640,"Memphis, TN",35.5925,-88.5945,1,40
640,"Memphis, TN",35.4928,-88.364,1,41
640,"Memphis, TN",34.9955,-88.3635,1,42
641,"San Antonio, TX",28.5534,-97.1607,1,1
641,"San Antonio, TX",28.3876,-97.375,1,2
641,"San Antonio, TX",28.4027,-97.4455,1,3
641,"San Antonio, TX",28.5416,-97.6962,1,4
641,"San Antonio, TX",28.6684,-97.7721,1,5
641,"San Antonio, TX",28.6902,-98.0053,1,6
641,"San Antonio, TX",28.7869,-98.0983,1,7
641,"San Antonio, TX",28.6127,-98.335,1,8
641,"San Antonio, TX",28.0578,-98.3343,1,9
641,"San Antonio, TX",28.0304,-99.3889,1,10
641,"San Antonio, TX",28.2046,-99.3942,1,11
641,"San Antonio, TX",28.1968,-100.2122,1,12
641,"San Antonio, TX",29.2469,-100.7977,1,13
641,"San Antonio, TX",29.4587,-101.0602,1,14
641,"San Antonio, TX",29.5203,-101.2549,1,15
641,"San Antonio, TX",29.6242,-101.2504,1,16
641,"San Antonio, TX",29.5779,-101.3055,1,17
641,"San Antonio, TX",29.7712,-101.4023,1,18
641,"San Antonio, TX",29.7821,-101.7609,1,19
641,"San Antonio, TX",30.288,-101.7584,1,20
641,"San Antonio, TX",30.2867,-99.302,1,21
641,"San Antonio, TX",30.4998,-99.304,1,22
641,"San Antonio, TX",30.4999,-98.5917,1,23
641,"San Antonio, TX",30.139,-98.5879,1,24
641,"San Antonio, TX",29.9376,-98.414,1,25
641,"San Antonio, TX",30.038,-98.2976,1,26
641,"San Antonio, TX",29.8487,-98.0306,1,27
641,"San Antonio, TX",29.7525,-97.9992,1,28
641,"San Antonio, TX",29.8563,-97.8642,1,29
641,"San Antonio, TX",29.6334,-97.6181,1,30
641,"San Antonio, TX",29.7838,-97.3177,1,31
641,"San Antonio, TX",29.6279,-97.1434,1,32
641,"San Antonio, TX",29.6327,-96.865,1,33
641,"San Antonio, TX",29.3354,-96.5606,1,34
641,"San Antonio, TX",28.865,-97.3055,1,35
641,"San Antonio, TX",28.783,-97.1608,1,36
641,"San Antonio, TX",28.5534,-97.1607,1,37
641,"San Antonio, TX",29.3543,-96.5783,2,1
641,"San Antonio, TX",29.3551,-96.5781,2,2
641,"San Antonio, TX",29.3556,-96.5771,2,3
641,"San Antonio, TX",29.3543,-96.5783,2,4
642,"Lafayette, LA",29.5792,-92.6177,1,1
642,"Lafayette, LA",30.0382,-92.6156,1,2
642,"Lafayette, LA",30.0383,-92.9964,1,3
642,"Lafayette, LA",30.0825,-92.8876,1,4
642,"Lafayette, LA",30.1563,-92.8933,1,5
642,"Lafayette, LA",30.1569,-92.9962,1,6
642,"Lafayette, LA",30.3794,-93.031,1,7
642,"Lafayette, LA",30.4236,-93.1312,1,8
642,"Lafayette, LA",30.4895,-92.6263,1,9
642,"Lafayette, LA",30.8961,-92.5977,1,10
642,"Lafayette, LA",31.0021,-92.3888,1,11
642,"Lafayette, LA",30.9651,-92.2807,1,12
642,"Lafayette, LA",30.8482,-92.2377,1,13
642,"Lafayette, LA",30.8375,-91.8011,1,14
642,"Lafayette, LA",30.7034,-91.734,1,15
642,"Lafayette, LA",30.4977,-91.7562,1,16
642,"Lafayette, LA",30.4427,-91.6401,1,17
642,"Lafayette, LA",30.2571,-91.588,1,18
642,"Lafayette, LA",30.2292,-91.4753,1,19
642,"Lafayette, LA",30.1025,-91.4638,1,20
642,"Lafayette, LA",30.0408,-91.2236,1,21
642,"Lafayette, LA",29.9179,-91.2318,1,22
642,"Lafayette, LA",29.8016,-91.0927,1,23
642,"Lafayette, LA",29.6994,-91.1,1,24
642,"Lafayette, LA",29.7837,-91.3865,1,25
642,"Lafayette, LA",29.956,-91.472,1,26
642,"Lafayette, LA",29.9453,-91.6247,1,27
642,"Lafayette, LA",29.7377,-91.8565,1,28
642,"Lafayette, LA",29.831,-91.8277,1,29
642,"Lafayette, LA",29.8335,-91.9721,1,30
642,"Lafayette, LA",29.7179,-92.1411,1,31
642,"Lafayette, LA",29.7667,-92.1332,1,32
642,"Lafayette, LA",29.7524,-92.205,1,33
642,"Lafayette, LA",29.7016,-92.1681,1,34
642,"Lafayette, LA",29.7,-92.1019,1,35
642,"Lafayette, LA",29.6218,-92.1119,1,36
642,"Lafayette, LA",29.6332,-92.0346,1,37
642,"Lafayette, LA",29.6147,-92.0058,1,38
642,"Lafayette, LA",29.5839,-92.0469,1,39
642,"Lafayette, LA",29.5325,-92.2952,1,40
642,"Lafayette, LA",29.5792,-92.6177,1,41
642,"Lafayette, LA",29.4739,-91.8214,2,1
642,"Lafayette, LA",29.5307,-91.9644,2,2
642,"Lafayette, LA",29.5785,-92.0356,2,3
642,"Lafayette, LA",29.6412,-91.9019,2,4
642,"Lafayette, LA",29.5719,-91.705,2,5
642,"Lafayette, LA",29.4739,-91.8214,2,6
643,"Lake Charles, LA",29.5792,-92.6177,1,1
643,"Lake Charles, LA",29.7739,-93.1962,1,2
643,"Lake Charles, LA",29.6906,-93.838,1,3
643,"Lake Charles, LA",29.7896,-93.9265,1,4
643,"Lake Charles, LA",30.057,-93.7002,1,5
643,"Lake Charles, LA",30.5396,-93.7403,1,6
643,"Lake Charles, LA",30.8773,-93.555,1,7
643,"Lake Charles, LA",30.899,-92.5974,1,8
643,"Lake Charles, LA",30.4895,-92.6263,1,9
643,"Lake Charles, LA",30.4236,-93.1312,1,10
643,"Lake Charles, LA",30.3794,-93.031,1,11
643,"Lake Charles, LA",30.1569,-92.9962,1,12
643,"Lake Charles, LA",30.1563,-92.8933,1,13
643,"Lake Charles, LA",30.0825,-92.8876,1,14
643,"Lake Charles, LA",30.0383,-92.9964,1,15
643,"Lake Charles, LA",30.0382,-92.6156,1,16
643,"Lake Charles, LA",29.5792,-92.6177,1,17
644,"Alexandria, LA",30.8688,-93.5586,1,1
644,"Alexandria, LA",31.2764,-93.5354,1,2
644,"Alexandria, LA",31.2767,-93.4429,1,3
644,"Alexandria, LA",31.3641,-93.3905,1,4
644,"Alexandria, LA",31.3467,-92.9471,1,5
644,"Alexandria, LA",31.5233,-92.7164,1,6
644,"Alexandria, LA",31.7089,-92.9735,1,7
644,"Alexandria, LA",31.7096,-92.62,1,8
644,"Alexandria, LA",31.7971,-92.6192,1,9
644,"Alexandria, LA",31.7966,-92.3626,1,10
644,"Alexandria, LA",31.6202,-92.3844,1,11
644,"Alexandria, LA",31.4718,-92.164,1,12
644,"Alexandria, LA",31.3231,-92.0801,1,13
644,"Alexandria, LA",31.3245,-92.0034,1,14
644,"Alexandria, LA",31.2252,-91.9906,1,15
644,"Alexandria, LA",31.2968,-91.9089,1,16
644,"Alexandria, LA",31.188,-91.6773,1,17
644,"Alexandria, LA",30.8481,-91.8153,1,18
644,"Alexandria, LA",30.8482,-92.2377,1,19
644,"Alexandria, LA",30.9651,-92.2807,1,20
644,"Alexandria, LA",31.0022,-92.3869,1,21
644,"Alexandria, LA",30.8931,-92.519,1,22
644,"Alexandria, LA",30.8688,-93.5586,1,23
647,"Greenwood-Greenville, MS",33.2855,-89.6453,1,1
647,"Greenwood-Greenville, MS",33.2143,-89.7479,1,2
647,"Greenwood-Greenville, MS",33.3751,-90.3215,1,3
647,"Greenwood-Greenville, MS",33.3127,-90.2864,1,4
647,"Greenwood-Greenville, MS",33.2395,-90.3665,1,5
647,"Greenwood-Greenville, MS",33.3295,-90.4532,1,6
647,"Greenwood-Greenville, MS",33.2675,-90.7277,1,7
647,"Greenwood-Greenville, MS",33.1016,-90.6804,1,8
647,"Greenwood-Greenville, MS",33.0974,-90.9145,1,9
647,"Greenwood-Greenville, MS",33.0077,-90.9143,1,10
647,"Greenwood-Greenville, MS",33.0059,-91.4604,1,11
647,"Greenwood-Greenville, MS",33.5637,-91.4535,1,12
647,"Greenwood-Greenville, MS",33.5171,-91.2458,1,13
647,"Greenwood-Greenville, MS",33.6036,-91.1306,1,14
647,"Greenwood-Greenville, MS",33.6929,-91.2206,1,15
647,"Greenwood-Greenville, MS",33.6741,-91.0336,1,16
647,"Greenwood-Greenville, MS",33.7673,-91.1451,1,17
647,"Greenwood-Greenville, MS",33.7768,-90.9912,1,18
647,"Greenwood-Greenville, MS",33.8591,-91.073,1,19
647,"Greenwood-Greenville, MS",33.9288,-91.0101,1,20
647,"Greenwood-Greenville, MS",33.9697,-91.0898,1,21
647,"Greenwood-Greenville, MS",34.0282,-90.8904,1,22
647,"Greenwood-Greenville, MS",34.0876,-90.8728,1,23
647,"Greenwood-Greenville, MS",34.1201,-90.956,1,24
647,"Greenwood-Greenville, MS",34.1189,-90.6595,1,25
647,"Greenwood-Greenville, MS",33.9876,-90.6604,1,26
647,"Greenwood-Greenville, MS",33.9857,-90.4507,1,27
647,"Greenwood-Greenville, MS",34.073,-90.4509,1,28
647,"Greenwood-Greenville, MS",34.0729,-90.1357,1,29
647,"Greenwood-Greenville, MS",34.16,-90.1355,1,30
647,"Greenwood-Greenville, MS",34.1643,-89.9315,1,31
647,"Greenwood-Greenville, MS",33.898,-89.9261,1,32
647,"Greenwood-Greenville, MS",33.8675,-89.5074,1,33
647,"Greenwood-Greenville, MS",33.6776,-89.5069,1,34
647,"Greenwood-Greenville, MS",33.6767,-89.7869,1,35
647,"Greenwood-Greenville, MS",33.4163,-89.7852,1,36
647,"Greenwood-Greenville, MS",33.4025,-89.6463,1,37
647,"Greenwood-Greenville, MS",33.2855,-89.6453,1,38
648,"Champaign & Springfield-Decatur, IL",39.5202,-90.3018,1,1
648,"Champaign & Springfield-Decatur, IL",39.7534,-90.3713,1,2
648,"Champaign & Springfield-Decatur, IL",39.7901,-90.5991,1,3
648,"Champaign & Springfield-Decatur, IL",39.8768,-90.5835,1,4
648,"Champaign & Springfield-Decatur, IL",39.8729,-89.9944,1,5
648,"Champaign & Springfield-Decatur, IL",40.1288,-89.9869,1,6
648,"Champaign & Springfield-Decatur, IL",40.1214,-89.6033,1,7
648,"Champaign & Springfield-Decatur, IL",40.3201,-89.6029,1,8
648,"Champaign & Springfield-Decatur, IL",40.2816,-88.4597,1,9
648,"Champaign & Springfield-Decatur, IL",40.6173,-88.4594,1,10
648,"Champaign & Springfield-Decatur, IL",40.6181,-88.2349,1,11
648,"Champaign & Springfield-Decatur, IL",40.9948,-88.2472,1,12
648,"Champaign & Springfield-Decatur, IL",41.0103,-87.5263,1,13
648,"Champaign & Springfield-Decatur, IL",39.8831,-87.5332,1,14
648,"Champaign & Springfield-Decatur, IL",39.8798,-87.9376,1,15
648,"Champaign & Springfield-Decatur, IL",39.1738,-88.0078,1,16
648,"Champaign & Springfield-Decatur, IL",39.171,-88.3607,1,17
648,"Champaign & Springfield-Decatur, IL",38.911,-88.3616,1,18
648,"Champaign & Springfield-Decatur, IL",38.9118,-88.807,1,19
648,"Champaign & Springfield-Decatur, IL",39.2163,-88.8055,1,20
648,"Champaign & Springfield-Decatur, IL",39.2172,-89.1401,1,21
648,"Champaign & Springfield-Decatur, IL",39.349,-89.1397,1,22
648,"Champaign & Springfield-Decatur, IL",39.3488,-89.5309,1,23
648,"Champaign & Springfield-Decatur, IL",39.5246,-89.5338,1,24
648,"Champaign & Springfield-Decatur, IL",39.5202,-90.3018,1,25
649,"Evansville, IN",37.2795,-87.8,1,1
649,"Evansville, IN",37.3184,-87.8517,1,2
649,"Evansville, IN",37.3819,-87.801,1,3
649,"Evansville, IN",37.5871,-88.1402,1,4
649,"Evansville, IN",37.6657,-88.1574,1,5
649,"Evansville, IN",37.7992,-88.028,1,6
649,"Evansville, IN",37.8232,-88.0915,1,7
649,"Evansville, IN",37.8386,-88.0282,1,8
649,"Evansville, IN",37.916,-88.1361,1,9
649,"Evansville, IN",37.9084,-88.3745,1,10
649,"Evansville, IN",38.2555,-88.3705,1,11
649,"Evansville, IN",38.2567,-88.7024,1,12
649,"Evansville, IN",38.6062,-88.6985,1,13
649,"Evansville, IN",38.5682,-87.6515,1,14
649,"Evansville, IN",38.4144,-87.7437,1,15
649,"Evansville, IN",38.5407,-87.4255,1,16
649,"Evansville, IN",38.5263,-86.6824,1,17
649,"Evansville, IN",38.2631,-86.6795,1,18
649,"Evansville, IN",38.2068,-86.4604,1,19
649,"Evansville, IN",38.0786,-86.4301,1,20
649,"Evansville, IN",37.7928,-86.678,1,21
649,"Evansville, IN",37.5519,-86.5766,1,22
649,"Evansville, IN",37.5497,-86.6689,1,23
649,"Evansville, IN",37.3953,-86.612,1,24
649,"Evansville, IN",37.3281,-86.8165,1,25
649,"Evansville, IN",37.1375,-86.9384,1,26
649,"Evansville, IN",37.0888,-86.8942,1,27
649,"Evansville, IN",37.0449,-87.1172,1,28
649,"Evansville, IN",37.0404,-87.2504,1,29
649,"Evansville, IN",37.1569,-87.3336,1,30
649,"Evansville, IN",37.1053,-87.5214,1,31
649,"Evansville, IN",37.1494,-87.6803,1,32
649,"Evansville, IN",37.2795,-87.8,1,33
650,"Oklahoma City, OK",34.5606,-99.9975,1,1
650,"Oklahoma City, OK",37.0017,-100.0026,1,2
650,"Oklahoma City, OK",36.999,-96.7498,1,3
650,"Oklahoma City, OK",36.782,-96.7526,1,4
650,"Oklahoma City, OK",36.6674,-97.0646,1,5
650,"Oklahoma City, OK",36.5918,-97.0542,1,6
650,"Oklahoma City, OK",36.5756,-96.8883,1,7
650,"Oklahoma City, OK",36.507,-97.0322,1,8
650,"Oklahoma City, OK",36.3334,-97.0321,1,9
650,"Oklahoma City, OK",36.2465,-96.819,1,10
650,"Oklahoma City, OK",36.1589,-96.8191,1,11
650,"Oklahoma City, OK",36.1599,-96.6214,1,12
650,"Oklahoma City, OK",35.401,-96.6237,1,13
650,"Oklahoma City, OK",35.4677,-96.4413,1,14
650,"Oklahoma City, OK",35.2901,-96.4414,1,15
650,"Oklahoma City, OK",35.2899,-95.9814,1,16
650,"Oklahoma City, OK",35.1516,-95.9837,1,17
650,"Oklahoma City, OK",35.0499,-96.0888,1,18
650,"Oklahoma City, OK",34.7676,-96.0921,1,19
650,"Oklahoma City, OK",34.7676,-96.4065,1,20
650,"Oklahoma City, OK",34.9324,-96.4063,1,21
650,"Oklahoma City, OK",34.8696,-96.5286,1,22
650,"Oklahoma City, OK",34.9333,-96.692,1,23
650,"Oklahoma City, OK",34.857,-96.7265,1,24
650,"Oklahoma City, OK",34.9644,-96.9306,1,25
650,"Oklahoma City, OK",34.5931,-96.9324,1,26
650,"Oklahoma City, OK",34.5932,-96.8273,1,27
650,"Oklahoma City, OK",34.333,-96.881,1,28
650,"Oklahoma City, OK",34.3762,-97.3522,1,29
650,"Oklahoma City, OK",34.5068,-97.3521,1,30
650,"Oklahoma City, OK",34.5069,-97.563,1,31
650,"Oklahoma City, OK",34.6811,-97.5628,1,32
650,"Oklahoma City, OK",34.6811,-98.0891,1,33
650,"Oklahoma City, OK",34.8549,-98.0896,1,34
650,"Oklahoma City, OK",34.8554,-98.8263,1,35
650,"Oklahoma City, OK",34.5942,-98.8262,1,36
650,"Oklahoma City, OK",34.5943,-99.0009,1,37
650,"Oklahoma City, OK",34.638,-99.1032,1,38
650,"Oklahoma City, OK",34.6902,-99.0373,1,39
650,"Oklahoma City, OK",34.7097,-99.1584,1,40
650,"Oklahoma City, OK",34.8596,-99.1819,1,41
650,"Oklahoma City, OK",34.813,-99.4058,1,42
650,"Oklahoma City, OK",34.725,-99.4232,1,43
650,"Oklahoma City, OK",34.7246,-99.6669,1,44
650,"Oklahoma City, OK",34.5071,-99.6666,1,45
650,"Oklahoma City, OK",34.5606,-99.9975,1,46
651,"Lubbock, TX",33.3979,-100.5174,1,1
651,"Lubbock, TX",32.9629,-100.5192,1,2
651,"Lubbock, TX",32.9636,-101.1734,1,3
651,"Lubbock, TX",32.5241,-101.1746,1,4
651,"Lubbock, TX",32.5222,-103.0647,1,5
651,"Lubbock, TX",34.3128,-103.044,1,6
651,"Lubbock, TX",34.3141,-100.5173,1,7
651,"Lubbock, TX",33.3979,-100.5174,1,8
652,"Omaha, NE",40.001,-96.4636,1,1
652,"Omaha, NE",41.0451,-96.4639,1,2
652,"Omaha, NE",41.0469,-97.3682,1,3
652,"Omaha, NE",41.395,-97.3682,1,4
652,"Omaha, NE",41.333,-97.5985,1,5
652,"Omaha, NE",41.3951,-97.5985,1,6
652,"Omaha, NE",41.395,-97.7038,1,7
652,"Omaha, NE",41.5268,-97.7036,1,8
652,"Omaha, NE",41.5262,-97.8298,1,9
652,"Omaha, NE",41.7422,-97.8308,1,10
652,"Omaha, NE",41.743,-97.0199,1,11
652,"Omaha, NE",42.0905,-97.0194,1,12
652,"Omaha, NE",42.09,-96.5555,1,13
652,"Omaha, NE",42.016,-96.5549,1,14
652,"Omaha, NE",42.0472,-96.2729,1,15
652,"Omaha, NE",41.9736,-96.1312,1,16
652,"Omaha, NE",41.8662,-96.1391,1,17
652,"Omaha, NE",41.8632,-95.6727,1,18
652,"Omaha, NE",42.2113,-95.6711,1,19
652,"Omaha, NE",42.2102,-95.091,1,20
652,"Omaha, NE",41.602,-95.0927,1,21
652,"Omaha, NE",41.602,-95.0408,1,22
652,"Omaha, NE",41.5047,-95.0409,1,23
652,"Omaha, NE",41.5041,-94.7004,1,24
652,"Omaha, NE",41.1581,-94.7006,1,25
652,"Omaha, NE",41.1575,-94.4706,1,26
652,"Omaha, NE",40.8994,-94.471,1,27
652,"Omaha, NE",40.9007,-94.9287,1,28
652,"Omaha, NE",40.5751,-94.9149,1,29
652,"Omaha, NE",40.5785,-95.2024,1,30
652,"Omaha, NE",40.2618,-95.1806,1,31
652,"Omaha, NE",40.2648,-95.555,1,32
652,"Omaha, NE",40.1198,-95.3936,1,33
652,"Omaha, NE",40.0403,-95.4151,1,34
652,"Omaha, NE",40.0,-95.3083,1,35
652,"Omaha, NE",40.001,-96.4636,1,36
656,"Panama City, FL",29.9772,-84.438,1,1
656,"Panama City, FL",29.9013,-84.3419,1,2
656,"Panama City, FL",29.9166,-84.512,1,3
656,"Panama City, FL",29.7225,-84.8877,1,4
656,"Panama City, FL",29.7334,-84.9163,1,5
656,"Panama City, FL",29.7392,-84.8989,1,6
656,"Panama City, FL",29.7924,-84.8592,1,7
656,"Panama City, FL",29.8161,-84.8517,1,8
656,"Panama City, FL",29.7149,-84.9933,1,9
656,"Panama City, FL",29.7168,-85.1165,1,10
656,"Panama City, FL",29.6558,-85.3477,1,11
656,"Panama City, FL",29.6903,-85.3769,1,12
656,"Panama City, FL",29.7325,-85.396,1,13
656,"Panama City, FL",29.8075,-85.4157,1,14
656,"Panama City, FL",29.8426,-85.4165,1,15
656,"Panama City, FL",29.6783,-85.3598,1,16
656,"Panama City, FL",29.8389,-85.3175,1,17
656,"Panama City, FL",30.1216,-85.6865,1,18
656,"Panama City, FL",30.0155,-85.4657,1,19
656,"Panama City, FL",30.0254,-85.3915,1,20
656,"Panama City, FL",30.052,-85.3918,1,21
656,"Panama City, FL",30.0324,-85.4815,1,22
656,"Panama City, FL",30.0978,-85.4867,1,23
656,"Panama City, FL",30.1763,-85.7329,1,24
656,"Panama City, FL",30.2784,-85.606,1,25
656,"Panama City, FL",30.2821,-85.8512,1,26
656,"Panama City, FL",30.2174,-85.7415,1,27
656,"Panama City, FL",30.171,-85.7518,1,28
656,"Panama City, FL",30.1472,-85.7096,1,29
656,"Panama City, FL",30.1208,-85.7344,1,30
656,"Panama City, FL",30.3786,-86.3973,1,31
656,"Panama City, FL",30.4289,-86.2483,1,32
656,"Panama City, FL",30.3878,-86.1128,1,33
656,"Panama City, FL",30.5031,-86.1997,1,34
656,"Panama City, FL",30.454,-86.3946,1,35
656,"Panama City, FL",30.9942,-86.3886,1,36
656,"Panama City, FL",31.0007,-85.0019,1,37
656,"Panama City, FL",30.6984,-84.8579,1,38
656,"Panama City, FL",30.6064,-84.9325,1,39
656,"Panama City, FL",30.3883,-84.6469,1,40
656,"Panama City, FL",30.2657,-84.7378,1,41
656,"Panama City, FL",30.0973,-84.6542,1,42
656,"Panama City, FL",29.9772,-84.438,1,43
656,"Panama City, FL",29.7782,-84.6677,2,1
656,"Panama City, FL",29.8088,-84.5828,2,2
656,"Panama City, FL",29.8265,-84.5728,2,3
656,"Panama City, FL",29.8069,-84.579,2,4
656,"Panama City, FL",29.7782,-84.6677,2,5
656,"Panama City, FL",29.5867,-85.0492,3,1
656,"Panama City, FL",29.6265,-85.0968,3,2
656,"Panama City, FL",29.6082,-84.9823,3,3
656,"Panama City, FL",29.7692,-84.6955,3,4
656,"Panama City, FL",29.6922,-84.777,3,5
656,"Panama City, FL",29.6126,-84.9578,3,6
656,"Panama City, FL",29.5867,-85.0492,3,7
656,"Panama City, FL",29.6285,-85.1217,4,1
656,"Panama City, FL",29.664,-85.1845,4,2
656,"Panama City, FL",29.679,-85.2227,4,3
656,"Panama City, FL",29.6887,-85.1143,4,4
656,"Panama City, FL",29.6727,-85.0674,4,5
656,"Panama City, FL",29.6285,-85.1217,4,6
657,"Sherman, TX-Ada, OK",33.8797,-95.3106,1,1
657,"Sherman, TX-Ada, OK",33.8803,-95.5452,1,2
657,"Sherman, TX-Ada, OK",33.9416,-95.5956,1,3
657,"Sherman, TX-Ada, OK",33.8441,-95.7716,1,4
657,"Sherman, TX-Ada, OK",33.8871,-95.9354,1,5
657,"Sherman, TX-Ada, OK",33.8383,-96.1465,1,6
657,"Sherman, TX-Ada, OK",33.7585,-96.1817,1,7
657,"Sherman, TX-Ada, OK",33.7258,-96.3795,1,8
657,"Sherman, TX-Ada, OK",33.3978,-96.3846,1,9
657,"Sherman, TX-Ada, OK",33.4164,-96.9439,1,10
657,"Sherman, TX-Ada, OK",33.9492,-96.9446,1,11
657,"Sherman, TX-Ada, OK",33.854,-97.0872,1,12
657,"Sherman, TX-Ada, OK",33.8179,-97.048,1,13
657,"Sherman, TX-Ada, OK",33.7169,-97.1261,1,14
657,"Sherman, TX-Ada, OK",33.7606,-97.1934,1,15
657,"Sherman, TX-Ada, OK",33.915,-97.2081,1,16
657,"Sherman, TX-Ada, OK",33.8189,-97.3793,1,17
657,"Sherman, TX-Ada, OK",33.9168,-97.4865,1,18
657,"Sherman, TX-Ada, OK",33.8976,-97.5599,1,19
657,"Sherman, TX-Ada, OK",34.5069,-97.5624,1,20
657,"Sherman, TX-Ada, OK",34.5068,-97.3521,1,21
657,"Sherman, TX-Ada, OK",34.3762,-97.3522,1,22
657,"Sherman, TX-Ada, OK",34.333,-96.881,1,23
657,"Sherman, TX-Ada, OK",34.5932,-96.8273,1,24
657,"Sherman, TX-Ada, OK",34.5931,-96.9324,1,25
657,"Sherman, TX-Ada, OK",34.9651,-96.9298,1,26
657,"Sherman, TX-Ada, OK",34.857,-96.7265,1,27
657,"Sherman, TX-Ada, OK",34.9333,-96.692,1,28
657,"Sherman, TX-Ada, OK",34.8696,-96.5286,1,29
657,"Sherman, TX-Ada, OK",34.9324,-96.4063,1,30
657,"Sherman, TX-Ada, OK",34.7676,-96.4065,1,31
657,"Sherman, TX-Ada, OK",34.7676,-96.0921,1,32
657,"Sherman, TX-Ada, OK",34.6806,-96.0922,1,33
657,"Sherman, TX-Ada, OK",34.6805,-95.8821,1,34
657,"Sherman, TX-Ada, OK",34.5935,-95.8822,1,35
657,"Sherman, TX-Ada, OK",34.5942,-95.5143,1,36
657,"Sherman, TX-Ada, OK",34.6811,-95.5145,1,37
657,"Sherman, TX-Ada, OK",34.6809,-94.9378,1,38
657,"Sherman, TX-Ada, OK",34.5069,-94.9376,1,39
657,"Sherman, TX-Ada, OK",34.5072,-95.0467,1,40
657,"Sherman, TX-Ada, OK",34.2437,-95.0466,1,41
657,"Sherman, TX-Ada, OK",34.2439,-95.1512,1,42
657,"Sherman, TX-Ada, OK",33.9368,-95.1559,1,43
657,"Sherman, TX-Ada, OK",33.961,-95.2299,1,44
657,"Sherman, TX-Ada, OK",33.8797,-95.3106,1,45
658,"Green Bay-Appleton, WI",43.9822,-89.598,1,1
658,"Green Bay-Appleton, WI",44.2457,-89.598,1,2
658,"Green Bay-Appleton, WI",44.2435,-89.2249,1,3
658,"Green Bay-Appleton, WI",45.0292,-89.2238,1,4
658,"Green Bay-Appleton, WI",45.0288,-88.9816,1,5
658,"Green Bay-Appleton, WI",45.118,-88.9822,1,6
658,"Green Bay-Appleton, WI",45.1173,-88.6412,1,7
658,"Green Bay-Appleton, WI",45.3787,-88.6778,1,8
658,"Green Bay-Appleton, WI",45.377,-88.4281,1,9
658,"Green Bay-Appleton, WI",45.7224,-88.4254,1,10
658,"Green Bay-Appleton, WI",45.7131,-88.0592,1,11
658,"Green Bay-Appleton, WI",45.7956,-87.9934,1,12
658,"Green Bay-Appleton, WI",45.723,-87.6976,1,13
658,"Green Bay-Appleton, WI",45.8986,-87.697,1,14
658,"Green Bay-Appleton, WI",45.8987,-87.6176,1,15
658,"Green Bay-Appleton, WI",45.9859,-87.617,1,16
658,"Green Bay-Appleton, WI",45.9853,-87.3677,1,17
658,"Green Bay-Appleton, WI",45.5505,-87.3275,1,18
658,"Green Bay-Appleton, WI",45.5396,-87.266,1,19
658,"Green Bay-Appleton, WI",45.1508,-87.5995,1,20
658,"Green Bay-Appleton, WI",44.9768,-87.6305,1,21
658,"Green Bay-Appleton, WI",44.9327,-87.8381,1,22
658,"Green Bay-Appleton, WI",44.5594,-88.0499,1,23
658,"Green Bay-Appleton, WI",44.536,-87.929,1,24
658,"Green Bay-Appleton, WI",44.8527,-87.5788,1,25
658,"Green Bay-Appleton, WI",44.893,-87.4341,1,26
658,"Green Bay-Appleton, WI",44.832,-87.3819,1,27
658,"Green Bay-Appleton, WI",44.9127,-87.4045,1,28
658,"Green Bay-Appleton, WI",45.1676,-87.238,1,29
658,"Green Bay-Appleton, WI",45.153,-87.1705,1,30
658,"Green Bay-Appleton, WI",45.2986,-87.0603,1,31
658,"Green Bay-Appleton, WI",45.244,-86.9732,1,32
658,"Green Bay-Appleton, WI",45.2281,-87.0408,1,33
658,"Green Bay-Appleton, WI",45.088,-87.0476,1,34
658,"Green Bay-Appleton, WI",45.0672,-87.1232,1,35
658,"Green Bay-Appleton, WI",44.5539,-87.4668,1,36
658,"Green Bay-Appleton, WI",44.3221,-87.5453,1,37
658,"Green Bay-Appleton, WI",44.1928,-87.5129,1,38
658,"Green Bay-Appleton, WI",44.1047,-87.6466,1,39
658,"Green Bay-Appleton, WI",43.8922,-87.7318,1,40
658,"Green Bay-Appleton, WI",43.8915,-88.1621,1,41
658,"Green Bay-Appleton, WI",43.5431,-88.1611,1,42
658,"Green Bay-Appleton, WI",43.5434,-88.4004,1,43
658,"Green Bay-Appleton, WI",43.6309,-88.4011,1,44
658,"Green Bay-Appleton, WI",43.6428,-89.2454,1,45
658,"Green Bay-Appleton, WI",43.7663,-89.2455,1,46
658,"Green Bay-Appleton, WI",43.7656,-89.1677,1,47
658,"Green Bay-Appleton, WI",43.9828,-89.1683,1,48
658,"Green Bay-Appleton, WI",43.9822,-89.598,1,49
658,"Green Bay-Appleton, WI",45.4025,-86.8347,2,1
658,"Green Bay-Appleton, WI",45.4283,-86.83,2,2
658,"Green Bay-Appleton, WI",45.4226,-86.8101,2,3
658,"Green Bay-Appleton, WI",45.4073,-86.8054,2,4
658,"Green Bay-Appleton, WI",45.4025,-86.8347,2,5
658,"Green Bay-Appleton, WI",45.3309,-86.8751,3,1
658,"Green Bay-Appleton, WI",45.3543,-86.921,3,2
658,"Green Bay-Appleton, WI",45.3423,-86.9561,3,3
658,"Green Bay-Appleton, WI",45.4211,-86.937,3,4
658,"Green Bay-Appleton, WI",45.3968,-86.8396,3,5
658,"Green Bay-Appleton, WI",45.3309,-86.8751,3,6
658,"Green Bay-Appleton, WI",45.2946,-86.8993,4,1
658,"Green Bay-Appleton, WI",45.3327,-86.9315,4,2
658,"Green Bay-Appleton, WI",45.3393,-86.9309,4,3
658,"Green Bay-Appleton, WI",45.3118,-86.9011,4,4
658,"Green Bay-Appleton, WI",45.2946,-86.8993,4,5
658,"Green Bay-Appleton, WI",45.3019,-86.9444,5,1
658,"Green Bay-Appleton, WI",45.3041,-86.9566,5,2
658,"Green Bay-Appleton, WI",45.3117,-86.9605,5,3
658,"Green Bay-Appleton, WI",45.3124,-86.9477,5,4
658,"Green Bay-Appleton, WI",45.3019,-86.9444,5,5
658,"Green Bay-Appleton, WI",45.1573,-87.3275,6,1
658,"Green Bay-Appleton, WI",45.1783,-87.3771,6,2
658,"Green Bay-Appleton, WI",45.1982,-87.3759,6,3
658,"Green Bay-Appleton, WI",45.2115,-87.3352,6,4
658,"Green Bay-Appleton, WI",45.1573,-87.3275,6,5
659,"Nashville, TN",36.1506,-88.5304,1,1
659,"Nashville, TN",36.5014,-88.5164,1,2
659,"Nashville, TN",36.4971,-88.0532,1,3
659,"Nashville, TN",36.8672,-88.1573,1,4
659,"Nashville, TN",36.9747,-87.7649,1,5
659,"Nashville, TN",37.1495,-87.6807,1,6
659,"Nashville, TN",37.1053,-87.5214,1,7
659,"Nashville, TN",37.1569,-87.3336,1,8
659,"Nashville, TN",37.0404,-87.2504,1,9
659,"Nashville, TN",37.0564,-86.8451,1,10
659,"Nashville, TN",36.9997,-86.6745,1,11
659,"Nashville, TN",36.8303,-86.5832,1,12
659,"Nashville, TN",36.7762,-86.4057,1,13
659,"Nashville, TN",36.9354,-86.2009,1,14
659,"Nashville, TN",36.9005,-86.0666,1,15
659,"Nashville, TN",36.808,-86.0718,1,16
659,"Nashville, TN",36.7226,-85.9768,1,17
659,"Nashville, TN",36.8363,-85.7722,1,18
659,"Nashville, TN",36.8328,-85.6132,1,19
659,"Nashville, TN",36.7334,-85.4713,1,20
659,"Nashville, TN",36.6184,-85.4367,1,21
659,"Nashville, TN",36.6258,-85.2961,1,22
659,"Nashville, TN",36.8864,-85.2339,1,23
659,"Nashville, TN",36.8589,-85.0643,1,24
659,"Nashville, TN",36.6251,-84.9994,1,25
659,"Nashville, TN",36.6034,-84.7853,1,26
659,"Nashville, TN",36.5247,-84.7318,1,27
659,"Nashville, TN",36.5523,-85.0512,1,28
659,"Nashville, TN",36.4072,-85.1204,1,29
659,"Nashville, TN",36.1386,-85.1002,1,30
659,"Nashville, TN",36.1007,-85.2464,1,31
659,"Nashville, TN",35.7214,-85.2653,1,32
659,"Nashville, TN",35.5674,-85.4238,1,33
659,"Nashville, TN",35.517,-85.8853,1,34
659,"Nashville, TN",34.9883,-85.8653,1,35
659,"Nashville, TN",34.9912,-86.3188,1,36
659,"Nashville, TN",35.2354,-86.3922,1,37
659,"Nashville, TN",35.371,-86.5831,1,38
659,"Nashville, TN",35.2637,-86.8283,1,39
659,"Nashville, TN",34.9918,-86.8364,1,40
659,"Nashville, TN",35.0035,-87.6061,1,41
659,"Nashville, TN",35.4063,-87.5752,1,42
659,"Nashville, TN",35.4918,-87.7455,1,43
659,"Nashville, TN",35.3809,-88.1983,1,44
659,"Nashville, TN",35.4235,-88.248,1,45
659,"Nashville, TN",35.7505,-88.1823,1,46
659,"Nashville, TN",36.146,-88.2117,1,47
659,"Nashville, TN",36.1506,-88.5304,1,48
661,"San Angelo, TX",30.4998,-99.304,1,1
661,"San Angelo, TX",30.2867,-99.302,1,2
661,"San Angelo, TX",30.288,-101.7584,1,3
661,"San Angelo, TX",30.3427,-101.659,1,4
661,"San Angelo, TX",30.4223,-101.7408,1,5
661,"San Angelo, TX",30.6204,-101.6527,1,6
661,"San Angelo, TX",30.7021,-101.8099,1,7
661,"San Angelo, TX",30.9203,-101.8776,1,8
661,"San Angelo, TX",31.0856,-102.3906,1,9
661,"San Angelo, TX",31.0794,-101.2748,1,10
661,"San Angelo, TX",32.0871,-101.2642,1,11
661,"San Angelo, TX",32.0824,-100.2351,1,12
661,"San Angelo, TX",31.5814,-100.2346,1,13
661,"San Angelo, TX",31.5771,-99.7066,1,14
661,"San Angelo, TX",31.4244,-99.5114,1,15
661,"San Angelo, TX",31.4608,-99.0906,1,16
661,"San Angelo, TX",30.941,-99.0923,1,17
661,"San Angelo, TX",30.9406,-99.4848,1,18
661,"San Angelo, TX",30.4996,-99.4845,1,19
661,"San Angelo, TX",30.4998,-99.304,1,20
662,"Abilene-Sweetwater, TX",31.7005,-98.6684,1,1
662,"Abilene-Sweetwater, TX",31.4721,-99.0093,1,2
662,"Abilene-Sweetwater, TX",31.4829,-99.2387,1,3
662,"Abilene-Sweetwater, TX",31.4097,-99.3144,1,4
662,"Abilene-Sweetwater, TX",31.4679,-99.6269,1,5
662,"Abilene-Sweetwater, TX",31.5771,-99.7066,1,6
662,"Abilene-Sweetwater, TX",31.5814,-100.2346,1,7
662,"Abilene-Sweetwater, TX",32.0824,-100.2351,1,8
662,"Abilene-Sweetwater, TX",32.0872,-101.184,1,9
662,"Abilene-Sweetwater, TX",32.9636,-101.1734,1,10
662,"Abilene-Sweetwater, TX",32.9629,-100.5192,1,11
662,"Abilene-Sweetwater, TX",33.3979,-100.5174,1,12
662,"Abilene-Sweetwater, TX",33.399,-99.4724,1,13
662,"Abilene-Sweetwater, TX",32.957,-99.4713,1,14
662,"Abilene-Sweetwater, TX",32.9543,-98.5756,1,15
662,"Abilene-Sweetwater, TX",32.5152,-98.5763,1,16
662,"Abilene-Sweetwater, TX",32.513,-98.4752,1,17
662,"Abilene-Sweetwater, TX",32.2991,-98.4747,1,18
662,"Abilene-Sweetwater, TX",32.078,-98.9244,1,19
662,"Abilene-Sweetwater, TX",31.7005,-98.6684,1,20
669,"Madison, WI",42.5058,-89.9265,1,1
669,"Madison, WI",42.5083,-90.6409,1,2
669,"Madison, WI",42.6361,-90.7092,1,3
669,"Madison, WI",42.7382,-91.0537,1,4
669,"Madison, WI",42.9099,-91.1462,1,5
669,"Madison, WI",42.9932,-91.1491,1,6
669,"Madison, WI",43.1718,-90.6668,1,7
669,"Madison, WI",43.553,-90.6717,1,8
669,"Madison, WI",43.5539,-90.311,1,9
669,"Madison, WI",44.2488,-90.312,1,10
669,"Madison, WI",44.2495,-89.9026,1,11
669,"Madison, WI",44.0683,-90.0259,1,12
669,"Madison, WI",43.641,-89.7858,1,13
669,"Madison, WI",43.6426,-89.6,1,14
669,"Madison, WI",43.9822,-89.598,1,15
669,"Madison, WI",43.9828,-89.1683,1,16
669,"Madison, WI",43.7656,-89.1677,1,17
669,"Madison, WI",43.7663,-89.2455,1,18
669,"Madison, WI",43.6428,-89.2454,1,19
669,"Madison, WI",43.6329,-89.0068,1,20
669,"Madison, WI",42.8473,-89.0134,1,21
669,"Madison, WI",42.8429,-88.7771,1,22
669,"Madison, WI",42.492,-88.7765,1,23
669,"Madison, WI",42.5058,-89.9265,1,24
670,"Ft. Smith-Fayetteville-Springdale-Rogers, AR",35.7635,-93.5192,1,1
670,"Ft. Smith-Fayetteville-Springdale-Rogers, AR",35.7687,-93.696,1,2
670,"Ft. Smith-Fayetteville-Springdale-Rogers, AR",35.3752,-93.7101,1,3
670,"Ft. Smith-Fayetteville-Springdale-Rogers, AR",35.4279,-93.4355,1,4
670,"Ft. Smith-Fayetteville-Springdale-Rogers, AR",35.3281,-93.4206,1,5
670,"Ft. Smith-Fayetteville-Springdale-Rogers, AR",35.3174,-93.2783,1,6
670,"Ft. Smith-Fayetteville-Springdale-Rogers, AR",35.2125,-93.28,1,7
670,"Ft. Smith-Fayetteville-Springdale-Rogers, AR",35.1349,-93.7067,1,8
670,"Ft. Smith-Fayetteville-Springdale-Rogers, AR",34.7453,-93.7103,1,9
670,"Ft. Smith-Fayetteville-Springdale-Rogers, AR",34.6653,-93.8782,1,10
670,"Ft. Smith-Fayetteville-Springdale-Rogers, AR",34.729,-94.4546,1,11
670,"Ft. Smith-Fayetteville-Springdale-Rogers, AR",34.5075,-94.4611,1,12
670,"Ft. Smith-Fayetteville-Springdale-Rogers, AR",34.5069,-94.9376,1,13
670,"Ft. Smith-Fayetteville-Springdale-Rogers, AR",34.6809,-94.9378,1,14
670,"Ft. Smith-Fayetteville-Springdale-Rogers, AR",34.6807,-95.0596,1,15
670,"Ft. Smith-Fayetteville-Springdale-Rogers, AR",34.855,-95.0595,1,16
670,"Ft. Smith-Fayetteville-Springdale-Rogers, AR",34.9422,-94.9278,1,17
670,"Ft. Smith-Fayetteville-Springdale-Rogers, AR",35.2026,-94.9279,1,18
670,"Ft. Smith-Fayetteville-Springdale-Rogers, AR",35.2023,-94.8143,1,19
670,"Ft. Smith-Fayetteville-Springdale-Rogers, AR",35.3233,-94.8136,1,20
670,"Ft. Smith-Fayetteville-Springdale-Rogers, AR",35.4614,-95.0856,1,21
670,"Ft. Smith-Fayetteville-Springdale-Rogers, AR",35.6389,-95.1275,1,22
670,"Ft. Smith-Fayetteville-Springdale-Rogers, AR",35.6386,-94.4726,1,23
670,"Ft. Smith-Fayetteville-Springdale-Rogers, AR",36.4994,-94.6179,1,24
670,"Ft. Smith-Fayetteville-Springdale-Rogers, AR",36.4987,-93.8668,1,25
670,"Ft. Smith-Fayetteville-Springdale-Rogers, AR",36.3075,-93.8691,1,26
670,"Ft. Smith-Fayetteville-Springdale-Rogers, AR",36.3031,-93.6576,1,27
670,"Ft. Smith-Fayetteville-Springdale-Rogers, AR",36.1557,-93.5855,1,28
670,"Ft. Smith-Fayetteville-Springdale-Rogers, AR",36.0807,-93.4456,1,29
670,"Ft. Smith-Fayetteville-Springdale-Rogers, AR",35.7635,-93.5192,1,30
671,"Tulsa, OK",34.6807,-95.0596,1,1
671,"Tulsa, OK",34.6811,-95.5145,1,2
671,"Tulsa, OK",34.5942,-95.5143,1,3
671,"Tulsa, OK",34.5934,-95.7485,1,4
671,"Tulsa, OK",34.5935,-95.8822,1,5
671,"Tulsa, OK",34.6805,-95.8821,1,6
671,"Tulsa, OK",34.6806,-96.0922,1,7
671,"Tulsa, OK",35.0499,-96.0888,1,8
671,"Tulsa, OK",35.1516,-95.9837,1,9
671,"Tulsa, OK",35.2899,-95.9814,1,10
671,"Tulsa, OK",35.2901,-96.4414,1,11
671,"Tulsa, OK",35.4677,-96.4413,1,12
671,"Tulsa, OK",35.401,-96.6237,1,13
671,"Tulsa, OK",36.1599,-96.6214,1,14
671,"Tulsa, OK",36.1589,-96.8191,1,15
671,"Tulsa, OK",36.2465,-96.819,1,16
671,"Tulsa, OK",36.3334,-97.0321,1,17
671,"Tulsa, OK",36.507,-97.0322,1,18
671,"Tulsa, OK",36.5756,-96.8883,1,19
671,"Tulsa, OK",36.5936,-97.0574,1,20
671,"Tulsa, OK",36.6812,-97.0645,1,21
671,"Tulsa, OK",36.782,-96.7526,1,22
671,"Tulsa, OK",36.999,-96.7498,1,23
671,"Tulsa, OK",36.9987,-96.5255,1,24
671,"Tulsa, OK",37.3027,-96.5249,1,25
671,"Tulsa, OK",37.2992,-95.9644,1,26
671,"Tulsa, OK",37.3866,-95.9647,1,27
671,"Tulsa, OK",37.384,-95.5212,1,28
671,"Tulsa, OK",36.9993,-95.5224,1,29
671,"Tulsa, OK",36.9995,-95.0076,1,30
671,"Tulsa, OK",36.6707,-94.9996,1,31
671,"Tulsa, OK",36.6679,-94.6181,1,32
671,"Tulsa, OK",35.6386,-94.4726,1,33
671,"Tulsa, OK",35.6389,-95.1275,1,34
671,"Tulsa, OK",35.4614,-95.0856,1,35
671,"Tulsa, OK",35.3233,-94.8136,1,36
671,"Tulsa, OK",35.2023,-94.8143,1,37
671,"Tulsa, OK",35.2026,-94.9279,1,38
671,"Tulsa, OK",34.9422,-94.9278,1,39
671,"Tulsa, OK",34.855,-95.0595,1,40
671,"Tulsa, OK",34.6807,-95.0596,1,41
673,"Columbus-Tupelo-West Point, MS",32.9912,-88.3404,1,1
673,"Columbus-Tupelo-West Point, MS",32.9291,-88.3479,1,2
673,"Columbus-Tupelo-West Point, MS",32.9317,-89.3192,1,3
673,"Columbus-Tupelo-West Point, MS",33.2856,-89.3164,1,4
673,"Columbus-Tupelo-West Point, MS",33.2855,-89.6453,1,5
673,"Columbus-Tupelo-West Point, MS",33.4025,-89.6463,1,6
673,"Columbus-Tupelo-West Point, MS",33.4163,-89.7852,1,7
673,"Columbus-Tupelo-West Point, MS",33.6767,-89.7869,1,8
673,"Columbus-Tupelo-West Point, MS",33.6776,-89.5069,1,9
673,"Columbus-Tupelo-West Point, MS",33.8675,-89.5074,1,10
673,"Columbus-Tupelo-West Point, MS",33.898,-89.9261,1,11
673,"Columbus-Tupelo-West Point, MS",34.1643,-89.9315,1,12
673,"Columbus-Tupelo-West Point, MS",34.1612,-89.2455,1,13
673,"Columbus-Tupelo-West Point, MS",34.5976,-89.2456,1,14
673,"Columbus-Tupelo-West Point, MS",34.5965,-88.7178,1,15
673,"Columbus-Tupelo-West Point, MS",34.7568,-88.7185,1,16
673,"Columbus-Tupelo-West Point, MS",34.7556,-88.3659,1,17
673,"Columbus-Tupelo-West Point, MS",34.9955,-88.3635,1,18
673,"Columbus-Tupelo-West Point, MS",34.9956,-88.2001,1,19
673,"Columbus-Tupelo-West Point, MS",34.8922,-88.0979,1,20
673,"Columbus-Tupelo-West Point, MS",34.0583,-88.2072,1,21
673,"Columbus-Tupelo-West Point, MS",34.0222,-87.9519,1,22
673,"Columbus-Tupelo-West Point, MS",33.5241,-87.9465,1,23
673,"Columbus-Tupelo-West Point, MS",33.534,-88.2746,1,24
673,"Columbus-Tupelo-West Point, MS",32.9912,-88.3404,1,25
675,"Peoria-Bloomington, IL",40.1084,-89.9947,1,1
675,"Peoria-Bloomington, IL",40.055,-90.2862,1,2
675,"Peoria-Bloomington, IL",40.1242,-90.3552,1,3
675,"Peoria-Bloomington, IL",40.1839,-90.1996,1,4
675,"Peoria-Bloomington, IL",40.1889,-90.4515,1,5
675,"Peoria-Bloomington, IL",40.7147,-90.4443,1,6
675,"Peoria-Bloomington, IL",40.7123,-89.9862,1,7
675,"Peoria-Bloomington, IL",41.1494,-89.9846,1,8
675,"Peoria-Bloomington, IL",41.149,-89.8684,1,9
675,"Peoria-Bloomington, IL",41.2344,-89.8678,1,10
675,"Peoria-Bloomington, IL",41.2339,-89.6389,1,11
675,"Peoria-Bloomington, IL",41.1485,-89.6386,1,12
675,"Peoria-Bloomington, IL",41.1486,-89.4664,1,13
675,"Peoria-Bloomington, IL",41.2339,-89.4665,1,14
675,"Peoria-Bloomington, IL",41.3102,-89.1637,1,15
675,"Peoria-Bloomington, IL",41.1041,-89.1622,1,16
675,"Peoria-Bloomington, IL",41.1048,-89.0476,1,17
675,"Peoria-Bloomington, IL",40.926,-89.0476,1,18
675,"Peoria-Bloomington, IL",40.9278,-88.9314,1,19
675,"Peoria-Bloomington, IL",41.1058,-88.931,1,20
675,"Peoria-Bloomington, IL",41.1142,-88.2516,1,21
675,"Peoria-Bloomington, IL",40.6181,-88.2349,1,22
675,"Peoria-Bloomington, IL",40.6173,-88.4594,1,23
675,"Peoria-Bloomington, IL",40.2816,-88.4597,1,24
675,"Peoria-Bloomington, IL",40.3201,-89.6029,1,25
675,"Peoria-Bloomington, IL",40.1214,-89.6033,1,26
675,"Peoria-Bloomington, IL",40.1084,-89.9947,1,27
676,"Duluth, MN-Superior, WI",45.6383,-90.6787,1,1
676,"Duluth, MN-Superior, WI",45.6399,-92.0312,1,2
676,"Duluth, MN-Superior, WI",46.1577,-92.0497,1,3
676,"Duluth, MN-Superior, WI",46.1573,-92.2937,1,4
676,"Duluth, MN-Superior, WI",46.4172,-92.2929,1,5
676,"Duluth, MN-Superior, WI",46.4193,-93.0548,1,6
676,"Duluth, MN-Superior, WI",46.1583,-93.0539,1,7
676,"Duluth, MN-Superior, WI",46.154,-93.4318,1,8
676,"Duluth, MN-Superior, WI",46.2461,-93.4307,1,9
676,"Duluth, MN-Superior, WI",46.2485,-93.8076,1,10
676,"Duluth, MN-Superior, WI",47.3033,-93.7728,1,11
676,"Duluth, MN-Superior, WI",47.3516,-94.0269,1,12
676,"Duluth, MN-Superior, WI",47.478,-94.0951,1,13
676,"Duluth, MN-Superior, WI",47.4448,-94.4163,1,14
676,"Duluth, MN-Superior, WI",48.701,-94.4303,1,15
676,"Duluth, MN-Superior, WI",48.6285,-93.8408,1,16
676,"Duluth, MN-Superior, WI",48.5155,-93.7847,1,17
676,"Duluth, MN-Superior, WI",48.6428,-93.2549,1,18
676,"Duluth, MN-Superior, WI",48.6314,-92.9546,1,19
676,"Duluth, MN-Superior, WI",48.5427,-92.6349,1,20
676,"Duluth, MN-Superior, WI",48.463,-92.7126,1,21
676,"Duluth, MN-Superior, WI",48.4142,-92.4563,1,22
676,"Duluth, MN-Superior, WI",48.2203,-92.3692,1,23
676,"Duluth, MN-Superior, WI",48.2482,-92.2697,1,24
676,"Duluth, MN-Superior, WI",48.3549,-92.2623,1,25
676,"Duluth, MN-Superior, WI",48.3592,-92.0552,1,26
676,"Duluth, MN-Superior, WI",48.233,-91.9583,1,27
676,"Duluth, MN-Superior, WI",48.1083,-91.5593,1,28
676,"Duluth, MN-Superior, WI",48.0437,-91.5669,1,29
676,"Duluth, MN-Superior, WI",48.0787,-91.2664,1,30
676,"Duluth, MN-Superior, WI",48.2458,-90.8855,1,31
676,"Duluth, MN-Superior, WI",48.091,-90.7516,1,32
676,"Duluth, MN-Superior, WI",48.1126,-90.1438,1,33
676,"Duluth, MN-Superior, WI",47.9872,-89.8949,1,34
676,"Duluth, MN-Superior, WI",48.0057,-89.492,1,35
676,"Duluth, MN-Superior, WI",47.6064,-90.7765,1,36
676,"Duluth, MN-Superior, WI",47.1317,-91.4658,1,37
676,"Duluth, MN-Superior, WI",46.7944,-92.0861,1,38
676,"Duluth, MN-Superior, WI",46.7168,-92.1693,1,39
676,"Duluth, MN-Superior, WI",46.7477,-92.0993,1,40
676,"Duluth, MN-Superior, WI",46.6798,-91.9924,1,41
676,"Duluth, MN-Superior, WI",46.6947,-91.7901,1,42
676,"Duluth, MN-Superior, WI",46.9619,-90.855,1,43
676,"Duluth, MN-Superior, WI",46.887,-90.7516,1,44
676,"Duluth, MN-Superior, WI",46.5879,-90.9432,1,45
676,"Duluth, MN-Superior, WI",46.6684,-90.7029,1,46
676,"Duluth, MN-Superior, WI",46.707,-90.7606,1,47
676,"Duluth, MN-Superior, WI",46.5611,-90.4378,1,48
676,"Duluth, MN-Superior, WI",46.7653,-89.8628,1,49
676,"Duluth, MN-Superior, WI",46.5928,-89.8645,1,50
676,"Duluth, MN-Superior, WI",46.5921,-89.7403,1,51
676,"Duluth, MN-Superior, WI",46.5052,-89.7415,1,52
676,"Duluth, MN-Superior, WI",46.5056,-89.3653,1,53
676,"Duluth, MN-Superior, WI",46.333,-89.3654,1,54
676,"Duluth, MN-Superior, WI",46.3332,-88.9906,1,55
676,"Duluth, MN-Superior, WI",46.0973,-88.9908,1,56
676,"Duluth, MN-Superior, WI",46.2997,-89.9292,1,57
676,"Duluth, MN-Superior, WI",45.982,-89.9288,1,58
676,"Duluth, MN-Superior, WI",45.9816,-90.677,1,59
676,"Duluth, MN-Superior, WI",45.6383,-90.6787,1,60
676,"Duluth, MN-Superior, WI",46.962,-90.9636,2,1
676,"Duluth, MN-Superior, WI",46.9841,-90.9829,2,2
676,"Duluth, MN-Superior, WI",47.0018,-90.931,2,3
676,"Duluth, MN-Superior, WI",46.9645,-90.9311,2,4
676,"Duluth, MN-Superior, WI",46.962,-90.9636,2,5
676,"Duluth, MN-Superior, WI",46.9763,-90.8591,3,1
676,"Duluth, MN-Superior, WI",46.9855,-90.8756,3,2
676,"Duluth, MN-Superior, WI",46.9912,-90.8779,3,3
676,"Duluth, MN-Superior, WI",46.9849,-90.8515,3,4
676,"Duluth, MN-Superior, WI",46.9763,-90.8591,3,5
676,"Duluth, MN-Superior, WI",46.9688,-90.7967,4,1
676,"Duluth, MN-Superior, WI",46.972,-90.8058,4,2
676,"Duluth, MN-Superior, WI",46.9783,-90.7849,4,3
676,"Duluth, MN-Superior, WI",46.9701,-90.7899,4,4
676,"Duluth, MN-Superior, WI",46.9688,-90.7967,4,5
676,"Duluth, MN-Superior, WI",46.941,-91.0364,5,1
676,"Duluth, MN-Superior, WI",46.9428,-91.0386,5,2
676,"Duluth, MN-Superior, WI",46.9455,-91.0343,5,3
676,"Duluth, MN-Superior, WI",46.9433,-91.0346,5,4
676,"Duluth, MN-Superior, WI",46.941,-91.0364,5,5
676,"Duluth, MN-Superior, WI",46.7524,-90.7805,6,1
676,"Duluth, MN-Superior, WI",46.8729,-90.622,6,2
676,"Duluth, MN-Superior, WI",46.8481,-90.5688,6,3
676,"Duluth, MN-Superior, WI",46.8196,-90.6752,6,4
676,"Duluth, MN-Superior, WI",46.7524,-90.7805,6,5
676,"Duluth, MN-Superior, WI",46.7067,-92.0168,7,1
676,"Duluth, MN-Superior, WI",46.7095,-92.0275,7,2
676,"Duluth, MN-Superior, WI",46.7314,-92.0564,7,3
676,"Duluth, MN-Superior, WI",46.7776,-92.0934,7,4
676,"Duluth, MN-Superior, WI",46.7067,-92.0168,7,5
678,"Wichita-Hutchinson, KS Plus",37.3867,-95.9614,1,1
678,"Wichita-Hutchinson, KS Plus",37.2992,-95.9644,1,2
678,"Wichita-Hutchinson, KS Plus",37.3027,-96.5249,1,3
678,"Wichita-Hutchinson, KS Plus",36.9987,-96.5255,1,4
678,"Wichita-Hutchinson, KS Plus",36.9954,-101.5552,1,5
678,"Wichita-Hutchinson, KS Plus",37.3885,-101.5566,1,6
678,"Wichita-Hutchinson, KS Plus",37.3892,-102.0416,1,7
678,"Wichita-Hutchinson, KS Plus",40.3492,-102.0516,1,8
678,"Wichita-Hutchinson, KS Plus",40.3505,-101.3234,1,9
678,"Wichita-Hutchinson, KS Plus",40.0027,-101.324,1,10
678,"Wichita-Hutchinson, KS Plus",40.0019,-99.626,1,11
678,"Wichita-Hutchinson, KS Plus",39.5674,-99.628,1,12
678,"Wichita-Hutchinson, KS Plus",39.5669,-97.9287,1,13
678,"Wichita-Hutchinson, KS Plus",39.3064,-97.9295,1,14
678,"Wichita-Hutchinson, KS Plus",39.306,-97.3698,1,15
678,"Wichita-Hutchinson, KS Plus",39.132,-97.3712,1,16
678,"Wichita-Hutchinson, KS Plus",39.1323,-96.9632,1,17
678,"Wichita-Hutchinson, KS Plus",38.8702,-96.8903,1,18
678,"Wichita-Hutchinson, KS Plus",38.5225,-96.93,1,19
678,"Wichita-Hutchinson, KS Plus",38.5217,-96.3538,1,20
678,"Wichita-Hutchinson, KS Plus",38.1727,-96.3573,1,21
678,"Wichita-Hutchinson, KS Plus",38.1711,-95.9591,1,22
678,"Wichita-Hutchinson, KS Plus",37.3867,-95.9614,1,23
679,"Des Moines-Ames, IA",40.5751,-94.9149,1,1
679,"Des Moines-Ames, IA",40.9007,-94.9287,1,2
679,"Des Moines-Ames, IA",40.8994,-94.471,1,3
679,"Des Moines-Ames, IA",41.0714,-94.4706,1,4
679,"Des Moines-Ames, IA",41.1575,-94.4706,1,5
679,"Des Moines-Ames, IA",41.1581,-94.7006,1,6
679,"Des Moines-Ames, IA",41.5041,-94.7004,1,7
679,"Des Moines-Ames, IA",41.5047,-95.0409,1,8
679,"Des Moines-Ames, IA",41.602,-95.0408,1,9
679,"Des Moines-Ames, IA",41.602,-95.0927,1,10
679,"Des Moines-Ames, IA",42.2102,-95.091,1,11
679,"Des Moines-Ames, IA",42.2096,-94.8585,1,12
679,"Des Moines-Ames, IA",42.9098,-94.9141,1,13
679,"Des Moines-Ames, IA",42.9081,-94.443,1,14
679,"Des Moines-Ames, IA",43.5006,-94.4428,1,15
679,"Des Moines-Ames, IA",43.4996,-93.9708,1,16
679,"Des Moines-Ames, IA",42.9077,-93.9716,1,17
679,"Des Moines-Ames, IA",42.9077,-93.0249,1,18
679,"Des Moines-Ames, IA",42.2092,-93.0015,1,19
679,"Des Moines-Ames, IA",42.2101,-92.7675,1,20
679,"Des Moines-Ames, IA",41.8624,-92.7661,1,21
679,"Des Moines-Ames, IA",41.8628,-92.2982,1,22
679,"Des Moines-Ames, IA",41.5097,-92.2975,1,23
679,"Des Moines-Ames, IA",41.5095,-92.4121,1,24
679,"Des Moines-Ames, IA",41.1618,-92.4101,1,25
679,"Des Moines-Ames, IA",41.1613,-92.6404,1,26
679,"Des Moines-Ames, IA",40.5909,-92.6379,1,27
679,"Des Moines-Ames, IA",40.5802,-93.3744,1,28
679,"Des Moines-Ames, IA",40.2663,-93.3672,1,29
679,"Des Moines-Ames, IA",40.264,-93.7633,1,30
679,"Des Moines-Ames, IA",40.5775,-93.7743,1,31
679,"Des Moines-Ames, IA",40.5751,-94.9149,1,32
682,"Davenport, IA-Rock Island-Moline, IL",41.1628,-91.7159,1,1
682,"Davenport, IA-Rock Island-Moline, IL",41.1624,-91.4859,1,2
682,"Davenport, IA-Rock Island-Moline, IL",41.4238,-91.484,1,3
682,"Davenport, IA-Rock Island-Moline, IL",41.4233,-91.3685,1,4
682,"Davenport, IA-Rock Island-Moline, IL",41.5984,-91.3664,1,5
682,"Davenport, IA-Rock Island-Moline, IL",41.5971,-90.8999,1,6
682,"Davenport, IA-Rock Island-Moline, IL",42.2952,-90.898,1,7
682,"Davenport, IA-Rock Island-Moline, IL",42.2947,-90.6655,1,8
682,"Davenport, IA-Rock Island-Moline, IL",42.3822,-90.665,1,9
682,"Davenport, IA-Rock Island-Moline, IL",42.3815,-90.4738,1,10
682,"Davenport, IA-Rock Island-Moline, IL",42.5083,-90.6409,1,11
682,"Davenport, IA-Rock Island-Moline, IL",42.5058,-89.9265,1,12
682,"Davenport, IA-Rock Island-Moline, IL",42.1963,-89.9197,1,13
682,"Davenport, IA-Rock Island-Moline, IL",42.1991,-89.6885,1,14
682,"Davenport, IA-Rock Island-Moline, IL",41.5849,-89.6315,1,15
682,"Davenport, IA-Rock Island-Moline, IL",41.585,-89.1665,1,16
682,"Davenport, IA-Rock Island-Moline, IL",41.3102,-89.1637,1,17
682,"Davenport, IA-Rock Island-Moline, IL",41.2339,-89.4665,1,18
682,"Davenport, IA-Rock Island-Moline, IL",41.1486,-89.4664,1,19
682,"Davenport, IA-Rock Island-Moline, IL",41.1485,-89.6386,1,20
682,"Davenport, IA-Rock Island-Moline, IL",41.2339,-89.6389,1,21
682,"Davenport, IA-Rock Island-Moline, IL",41.2344,-89.8678,1,22
682,"Davenport, IA-Rock Island-Moline, IL",41.149,-89.8684,1,23
682,"Davenport, IA-Rock Island-Moline, IL",41.1494,-89.9846,1,24
682,"Davenport, IA-Rock Island-Moline, IL",40.7123,-89.9862,1,25
682,"Davenport, IA-Rock Island-Moline, IL",40.7147,-90.4443,1,26
682,"Davenport, IA-Rock Island-Moline, IL",40.6278,-90.4455,1,27
682,"Davenport, IA-Rock Island-Moline, IL",40.6378,-91.1853,1,28
682,"Davenport, IA-Rock Island-Moline, IL",40.6963,-91.1125,1,29
682,"Davenport, IA-Rock Island-Moline, IL",40.8086,-91.3935,1,30
682,"Davenport, IA-Rock Island-Moline, IL",40.8134,-91.7188,1,31
682,"Davenport, IA-Rock Island-Moline, IL",41.1628,-91.7159,1,32
686,"Mobile, AL-Pensacola (Ft. Walton Beach), FL",30.317,-88.1915,1,1
686,"Mobile, AL-Pensacola (Ft. Walton Beach), FL",30.3653,-88.1889,1,2
686,"Mobile, AL-Pensacola (Ft. Walton Beach), FL",30.3866,-88.3959,1,3
686,"Mobile, AL-Pensacola (Ft. Walton Beach), FL",30.9983,-88.4254,1,4
686,"Mobile, AL-Pensacola (Ft. Walton Beach), FL",30.9984,-88.8409,1,5
686,"Mobile, AL-Pensacola (Ft. Walton Beach), FL",31.4337,-88.8417,1,6
686,"Mobile, AL-Pensacola (Ft. Walton Beach), FL",31.4358,-88.4494,1,7
686,"Mobile, AL-Pensacola (Ft. Walton Beach), FL",31.6979,-88.4644,1,8
686,"Mobile, AL-Pensacola (Ft. Walton Beach), FL",31.6993,-88.0883,1,9
686,"Mobile, AL-Pensacola (Ft. Walton Beach), FL",31.8183,-88.1808,1,10
686,"Mobile, AL-Pensacola (Ft. Walton Beach), FL",31.9235,-88.0552,1,11
686,"Mobile, AL-Pensacola (Ft. Walton Beach), FL",31.9477,-88.1226,1,12
686,"Mobile, AL-Pensacola (Ft. Walton Beach), FL",31.9902,-88.0735,1,13
686,"Mobile, AL-Pensacola (Ft. Walton Beach), FL",31.9914,-87.6678,1,14
686,"Mobile, AL-Pensacola (Ft. Walton Beach), FL",31.8271,-87.6201,1,15
686,"Mobile, AL-Pensacola (Ft. Walton Beach), FL",31.8306,-86.9069,1,16
686,"Mobile, AL-Pensacola (Ft. Walton Beach), FL",31.5466,-86.8664,1,17
686,"Mobile, AL-Pensacola (Ft. Walton Beach), FL",31.5238,-86.7015,1,18
686,"Mobile, AL-Pensacola (Ft. Walton Beach), FL",31.4188,-86.6654,1,19
686,"Mobile, AL-Pensacola (Ft. Walton Beach), FL",31.0004,-86.7002,1,20
686,"Mobile, AL-Pensacola (Ft. Walton Beach), FL",30.9942,-86.3886,1,21
686,"Mobile, AL-Pensacola (Ft. Walton Beach), FL",30.454,-86.3946,1,22
686,"Mobile, AL-Pensacola (Ft. Walton Beach), FL",30.5223,-86.4998,1,23
686,"Mobile, AL-Pensacola (Ft. Walton Beach), FL",30.4628,-86.491,1,24
686,"Mobile, AL-Pensacola (Ft. Walton Beach), FL",30.4325,-86.6393,1,25
686,"Mobile, AL-Pensacola (Ft. Walton Beach), FL",30.4012,-86.6022,1,26
686,"Mobile, AL-Pensacola (Ft. Walton Beach), FL",30.4102,-86.7751,1,27
686,"Mobile, AL-Pensacola (Ft. Walton Beach), FL",30.3954,-86.9499,1,28
686,"Mobile, AL-Pensacola (Ft. Walton Beach), FL",30.342,-87.1827,1,29
686,"Mobile, AL-Pensacola (Ft. Walton Beach), FL",30.44,-86.8744,1,30
686,"Mobile, AL-Pensacola (Ft. Walton Beach), FL",30.5048,-87.0219,1,31
686,"Mobile, AL-Pensacola (Ft. Walton Beach), FL",30.5792,-86.988,1,32
686,"Mobile, AL-Pensacola (Ft. Walton Beach), FL",30.4387,-87.0928,1,33
686,"Mobile, AL-Pensacola (Ft. Walton Beach), FL",30.5181,-87.0991,1,34
686,"Mobile, AL-Pensacola (Ft. Walton Beach), FL",30.5828,-87.1894,1,35
686,"Mobile, AL-Pensacola (Ft. Walton Beach), FL",30.4279,-87.1752,1,36
686,"Mobile, AL-Pensacola (Ft. Walton Beach), FL",30.3608,-87.3523,1,37
686,"Mobile, AL-Pensacola (Ft. Walton Beach), FL",30.3745,-87.2666,1,38
686,"Mobile, AL-Pensacola (Ft. Walton Beach), FL",30.3441,-87.2671,1,39
686,"Mobile, AL-Pensacola (Ft. Walton Beach), FL",30.3091,-87.4006,1,40
686,"Mobile, AL-Pensacola (Ft. Walton Beach), FL",30.3143,-87.4302,1,41
686,"Mobile, AL-Pensacola (Ft. Walton Beach), FL",30.3132,-87.4984,1,42
686,"Mobile, AL-Pensacola (Ft. Walton Beach), FL",30.4303,-87.3403,1,43
686,"Mobile, AL-Pensacola (Ft. Walton Beach), FL",30.4573,-87.4147,1,44
686,"Mobile, AL-Pensacola (Ft. Walton Beach), FL",30.4792,-87.4347,1,45
686,"Mobile, AL-Pensacola (Ft. Walton Beach), FL",30.4891,-87.4284,1,46
686,"Mobile, AL-Pensacola (Ft. Walton Beach), FL",30.4981,-87.4309,1,47
686,"Mobile, AL-Pensacola (Ft. Walton Beach), FL",30.5002,-87.4383,1,48
686,"Mobile, AL-Pensacola (Ft. Walton Beach), FL",30.4749,-87.4349,1,49
686,"Mobile, AL-Pensacola (Ft. Walton Beach), FL",30.4531,-87.4163,1,50
686,"Mobile, AL-Pensacola (Ft. Walton Beach), FL",30.4463,-87.3892,1,51
686,"Mobile, AL-Pensacola (Ft. Walton Beach), FL",30.4233,-87.4002,1,52
686,"Mobile, AL-Pensacola (Ft. Walton Beach), FL",30.2751,-87.552,1,53
686,"Mobile, AL-Pensacola (Ft. Walton Beach), FL",30.2296,-87.7989,1,54
686,"Mobile, AL-Pensacola (Ft. Walton Beach), FL",30.2209,-88.0273,1,55
686,"Mobile, AL-Pensacola (Ft. Walton Beach), FL",30.2818,-87.7547,1,56
686,"Mobile, AL-Pensacola (Ft. Walton Beach), FL",30.4115,-87.9077,1,57
686,"Mobile, AL-Pensacola (Ft. Walton Beach), FL",30.7767,-87.9981,1,58
686,"Mobile, AL-Pensacola (Ft. Walton Beach), FL",30.3642,-88.1117,1,59
686,"Mobile, AL-Pensacola (Ft. Walton Beach), FL",30.317,-88.1915,1,60
686,"Mobile, AL-Pensacola (Ft. Walton Beach), FL",30.3786,-86.3973,2,1
686,"Mobile, AL-Pensacola (Ft. Walton Beach), FL",30.3811,-86.5073,2,2
686,"Mobile, AL-Pensacola (Ft. Walton Beach), FL",30.397,-86.5156,2,3
686,"Mobile, AL-Pensacola (Ft. Walton Beach), FL",30.4104,-86.4379,2,4
686,"Mobile, AL-Pensacola (Ft. Walton Beach), FL",30.3786,-86.3973,2,5
686,"Mobile, AL-Pensacola (Ft. Walton Beach), FL",30.3155,-87.2678,3,1
686,"Mobile, AL-Pensacola (Ft. Walton Beach), FL",30.3299,-87.3015,3,2
686,"Mobile, AL-Pensacola (Ft. Walton Beach), FL",30.3222,-87.2103,3,3
686,"Mobile, AL-Pensacola (Ft. Walton Beach), FL",30.3442,-87.1503,3,4
686,"Mobile, AL-Pensacola (Ft. Walton Beach), FL",30.4025,-86.7251,3,5
686,"Mobile, AL-Pensacola (Ft. Walton Beach), FL",30.4009,-86.5949,3,6
686,"Mobile, AL-Pensacola (Ft. Walton Beach), FL",30.3876,-86.5154,3,7
686,"Mobile, AL-Pensacola (Ft. Walton Beach), FL",30.3155,-87.2678,3,8
686,"Mobile, AL-Pensacola (Ft. Walton Beach), FL",30.2756,-87.5434,4,1
686,"Mobile, AL-Pensacola (Ft. Walton Beach), FL",30.2802,-87.5467,4,2
686,"Mobile, AL-Pensacola (Ft. Walton Beach), FL",30.2794,-87.5348,4,3
686,"Mobile, AL-Pensacola (Ft. Walton Beach), FL",30.2961,-87.452,4,4
686,"Mobile, AL-Pensacola (Ft. Walton Beach), FL",30.3125,-87.4361,4,5
686,"Mobile, AL-Pensacola (Ft. Walton Beach), FL",30.3015,-87.4077,4,6
686,"Mobile, AL-Pensacola (Ft. Walton Beach), FL",30.3264,-87.3123,4,7
686,"Mobile, AL-Pensacola (Ft. Walton Beach), FL",30.3172,-87.3209,4,8
686,"Mobile, AL-Pensacola (Ft. Walton Beach), FL",30.2756,-87.5434,4,9
686,"Mobile, AL-Pensacola (Ft. Walton Beach), FL",30.2812,-87.5391,5,1
686,"Mobile, AL-Pensacola (Ft. Walton Beach), FL",30.2995,-87.5045,5,2
686,"Mobile, AL-Pensacola (Ft. Walton Beach), FL",30.3056,-87.4565,5,3
686,"Mobile, AL-Pensacola (Ft. Walton Beach), FL",30.2932,-87.4852,5,4
686,"Mobile, AL-Pensacola (Ft. Walton Beach), FL",30.2812,-87.5391,5,5
686,"Mobile, AL-Pensacola (Ft. Walton Beach), FL",30.228,-88.3048,6,1
686,"Mobile, AL-Pensacola (Ft. Walton Beach), FL",30.266,-88.1152,6,2
686,"Mobile, AL-Pensacola (Ft. Walton Beach), FL",30.2482,-88.0745,6,3
686,"Mobile, AL-Pensacola (Ft. Walton Beach), FL",30.247,-88.1923,6,4
686,"Mobile, AL-Pensacola (Ft. Walton Beach), FL",30.228,-88.3048,6,5
687,"Minot-Bismarck-Dickinson(Williston), ND",48.9993,-99.5257,1,1
687,"Minot-Bismarck-Dickinson(Williston), ND",48.371,-99.4929,1,2
687,"Minot-Bismarck-Dickinson(Williston), ND",48.3713,-99.8466,1,3
687,"Minot-Bismarck-Dickinson(Williston), ND",48.0215,-99.8481,1,4
687,"Minot-Bismarck-Dickinson(Williston), ND",47.8476,-99.8119,1,5
687,"Minot-Bismarck-Dickinson(Williston), ND",47.8469,-99.2974,1,6
687,"Minot-Bismarck-Dickinson(Williston), ND",47.3272,-99.2663,1,7
687,"Minot-Bismarck-Dickinson(Williston), ND",47.3272,-99.4808,1,8
687,"Minot-Bismarck-Dickinson(Williston), ND",46.6317,-99.4497,1,9
687,"Minot-Bismarck-Dickinson(Williston), ND",46.6304,-99.0365,1,10
687,"Minot-Bismarck-Dickinson(Williston), ND",45.9399,-99.0056,1,11
687,"Minot-Bismarck-Dickinson(Williston), ND",45.9409,-99.7181,1,12
687,"Minot-Bismarck-Dickinson(Williston), ND",45.5934,-99.7175,1,13
687,"Minot-Bismarck-Dickinson(Williston), ND",45.5948,-100.4303,1,14
687,"Minot-Bismarck-Dickinson(Williston), ND",45.5274,-100.4806,1,15
687,"Minot-Bismarck-Dickinson(Williston), ND",45.3818,-100.2742,1,16
687,"Minot-Bismarck-Dickinson(Williston), ND",45.0864,-100.3265,1,17
687,"Minot-Bismarck-Dickinson(Williston), ND",45.0232,-100.2781,1,18
687,"Minot-Bismarck-Dickinson(Williston), ND",45.0118,-100.4084,1,19
687,"Minot-Bismarck-Dickinson(Williston), ND",44.8654,-100.3953,1,20
687,"Minot-Bismarck-Dickinson(Williston), ND",44.7601,-100.5484,1,21
687,"Minot-Bismarck-Dickinson(Williston), ND",44.8289,-100.698,1,22
687,"Minot-Bismarck-Dickinson(Williston), ND",44.7643,-100.7314,1,23
687,"Minot-Bismarck-Dickinson(Williston), ND",44.7471,-101.1372,1,24
687,"Minot-Bismarck-Dickinson(Williston), ND",44.9938,-101.1369,1,25
687,"Minot-Bismarck-Dickinson(Williston), ND",44.9939,-101.501,1,26
687,"Minot-Bismarck-Dickinson(Williston), ND",45.4726,-101.4702,1,27
687,"Minot-Bismarck-Dickinson(Williston), ND",45.4725,-102.0001,1,28
687,"Minot-Bismarck-Dickinson(Williston), ND",45.0384,-102.0001,1,29
687,"Minot-Bismarck-Dickinson(Williston), ND",45.0392,-102.9575,1,30
687,"Minot-Bismarck-Dickinson(Williston), ND",45.945,-102.942,1,31
687,"Minot-Bismarck-Dickinson(Williston), ND",45.9453,-104.0454,1,32
687,"Minot-Bismarck-Dickinson(Williston), ND",46.6414,-104.0453,1,33
687,"Minot-Bismarck-Dickinson(Williston), ND",46.6849,-104.607,1,34
687,"Minot-Bismarck-Dickinson(Williston), ND",46.8609,-104.6038,1,35
687,"Minot-Bismarck-Dickinson(Williston), ND",46.8897,-104.4333,1,36
687,"Minot-Bismarck-Dickinson(Williston), ND",47.0423,-104.3056,1,37
687,"Minot-Bismarck-Dickinson(Williston), ND",47.2456,-104.3416,1,38
687,"Minot-Bismarck-Dickinson(Williston), ND",47.3184,-104.4515,1,39
687,"Minot-Bismarck-Dickinson(Williston), ND",47.3546,-104.4203,1,40
687,"Minot-Bismarck-Dickinson(Williston), ND",47.3547,-104.5133,1,41
687,"Minot-Bismarck-Dickinson(Williston), ND",47.5293,-104.5129,1,42
687,"Minot-Bismarck-Dickinson(Williston), ND",47.529,-104.5938,1,43
687,"Minot-Bismarck-Dickinson(Williston), ND",47.616,-104.5936,1,44
687,"Minot-Bismarck-Dickinson(Williston), ND",47.6163,-104.9785,1,45
687,"Minot-Bismarck-Dickinson(Williston), ND",47.7034,-104.978,1,46
687,"Minot-Bismarck-Dickinson(Williston), ND",47.7036,-105.2349,1,47
687,"Minot-Bismarck-Dickinson(Williston), ND",47.7908,-105.2346,1,48
687,"Minot-Bismarck-Dickinson(Williston), ND",47.7904,-105.3629,1,49
687,"Minot-Bismarck-Dickinson(Williston), ND",47.1816,-105.4062,1,50
687,"Minot-Bismarck-Dickinson(Williston), ND",47.181,-105.833,1,51
687,"Minot-Bismarck-Dickinson(Williston), ND",47.0931,-105.8328,1,52
687,"Minot-Bismarck-Dickinson(Williston), ND",47.0929,-105.9601,1,53
687,"Minot-Bismarck-Dickinson(Williston), ND",47.1811,-105.9601,1,54
687,"Minot-Bismarck-Dickinson(Williston), ND",47.1809,-106.1704,1,55
687,"Minot-Bismarck-Dickinson(Williston), ND",47.3547,-106.1707,1,56
687,"Minot-Bismarck-Dickinson(Williston), ND",47.3544,-106.2982,1,57
687,"Minot-Bismarck-Dickinson(Williston), ND",47.8683,-106.2611,1,58
687,"Minot-Bismarck-Dickinson(Williston), ND",47.8684,-106.3583,1,59
687,"Minot-Bismarck-Dickinson(Williston), ND",48.0197,-106.4305,1,60
687,"Minot-Bismarck-Dickinson(Williston), ND",48.0647,-106.3942,1,61
687,"Minot-Bismarck-Dickinson(Williston), ND",48.0103,-105.8438,1,62
687,"Minot-Bismarck-Dickinson(Williston), ND",48.5633,-105.8044,1,63
687,"Minot-Bismarck-Dickinson(Williston), ND",48.5632,-106.0212,1,64
687,"Minot-Bismarck-Dickinson(Williston), ND",48.8239,-106.0214,1,65
687,"Minot-Bismarck-Dickinson(Williston), ND",48.8239,-106.1519,1,66
687,"Minot-Bismarck-Dickinson(Williston), ND",48.9991,-106.1121,1,67
687,"Minot-Bismarck-Dickinson(Williston), ND",48.9993,-99.5257,1,68
691,"Huntsville-Decatur (Florence), AL",34.5242,-85.5137,1,1
691,"Huntsville-Decatur (Florence), AL",34.2001,-85.8436,1,2
691,"Huntsville-Decatur (Florence), AL",34.1834,-86.1887,1,3
691,"Huntsville-Decatur (Florence), AL",34.0991,-86.3035,1,4
691,"Huntsville-Decatur (Florence), AL",34.3027,-86.4775,1,5
691,"Huntsville-Decatur (Florence), AL",34.3211,-88.1736,1,6
691,"Huntsville-Decatur (Florence), AL",34.8922,-88.0979,1,7
691,"Huntsville-Decatur (Florence), AL",35.008,-88.203,1,8
691,"Huntsville-Decatur (Florence), AL",35.0059,-87.9849,1,9
691,"Huntsville-Decatur (Florence), AL",35.3923,-88.0247,1,10
691,"Huntsville-Decatur (Florence), AL",35.4602,-87.9738,1,11
691,"Huntsville-Decatur (Florence), AL",35.4917,-87.7338,1,12
691,"Huntsville-Decatur (Florence), AL",35.4063,-87.5752,1,13
691,"Huntsville-Decatur (Florence), AL",35.0035,-87.6061,1,14
691,"Huntsville-Decatur (Florence), AL",34.9918,-86.8364,1,15
691,"Huntsville-Decatur (Florence), AL",35.2637,-86.8283,1,16
691,"Huntsville-Decatur (Florence), AL",35.371,-86.5831,1,17
691,"Huntsville-Decatur (Florence), AL",35.2354,-86.3922,1,18
691,"Huntsville-Decatur (Florence), AL",34.9912,-86.3188,1,19
691,"Huntsville-Decatur (Florence), AL",34.9847,-85.6052,1,20
691,"Huntsville-Decatur (Florence), AL",34.5242,-85.5137,1,21
692,"Beaumont-Port Arthur, TX",29.6906,-93.838,1,1
692,"Beaumont-Port Arthur, TX",29.5604,-94.3542,1,2
692,"Beaumont-Port Arthur, TX",29.8875,-94.358,1,3
692,"Beaumont-Port Arthur, TX",29.8871,-94.4422,1,4
692,"Beaumont-Port Arthur, TX",30.113,-94.4451,1,5
692,"Beaumont-Port Arthur, TX",30.1121,-94.5963,1,6
692,"Beaumont-Port Arthur, TX",30.4901,-94.7327,1,7
692,"Beaumont-Port Arthur, TX",30.4911,-94.5379,1,8
692,"Beaumont-Port Arthur, TX",31.012,-94.658,1,9
692,"Beaumont-Port Arthur, TX",31.1845,-93.5333,1,10
692,"Beaumont-Port Arthur, TX",30.8249,-93.5541,1,11
692,"Beaumont-Port Arthur, TX",30.5396,-93.7403,1,12
692,"Beaumont-Port Arthur, TX",30.057,-93.7002,1,13
692,"Beaumont-Port Arthur, TX",29.8096,-93.928,1,14
692,"Beaumont-Port Arthur, TX",29.6906,-93.838,1,15
693,"Little Rock-Pine Bluff, AR",33.8005,-93.1792,1,1
693,"Little Rock-Pine Bluff, AR",33.9569,-93.3735,1,2
693,"Little Rock-Pine Bluff, AR",34.009,-93.823,1,3
693,"Little Rock-Pine Bluff, AR",34.1838,-93.8207,1,4
693,"Little Rock-Pine Bluff, AR",34.1865,-93.926,1,5
693,"Little Rock-Pine Bluff, AR",34.3501,-93.9354,1,6
693,"Little Rock-Pine Bluff, AR",34.3555,-94.2547,1,7
693,"Little Rock-Pine Bluff, AR",34.1925,-94.2437,1,8
693,"Little Rock-Pine Bluff, AR",34.1899,-94.4703,1,9
693,"Little Rock-Pine Bluff, AR",34.729,-94.4546,1,10
693,"Little Rock-Pine Bluff, AR",34.6653,-93.8782,1,11
693,"Little Rock-Pine Bluff, AR",34.7453,-93.7103,1,12
693,"Little Rock-Pine Bluff, AR",35.1349,-93.7067,1,13
693,"Little Rock-Pine Bluff, AR",35.2125,-93.28,1,14
693,"Little Rock-Pine Bluff, AR",35.3174,-93.2783,1,15
693,"Little Rock-Pine Bluff, AR",35.3281,-93.4206,1,16
693,"Little Rock-Pine Bluff, AR",35.4279,-93.4355,1,17
693,"Little Rock-Pine Bluff, AR",35.3752,-93.7101,1,18
693,"Little Rock-Pine Bluff, AR",35.7687,-93.696,1,19
693,"Little Rock-Pine Bluff, AR",35.7247,-92.9513,1,20
693,"Little Rock-Pine Bluff, AR",36.1151,-92.9447,1,21
693,"Little Rock-Pine Bluff, AR",36.0628,-92.4115,1,22
693,"Little Rock-Pine Bluff, AR",35.9759,-92.4143,1,23
693,"Little Rock-Pine Bluff, AR",35.974,-92.3072,1,24
693,"Little Rock-Pine Bluff, AR",36.0611,-92.305,1,25
693,"Little Rock-Pine Bluff, AR",36.0593,-92.1976,1,26
693,"Little Rock-Pine Bluff, AR",36.133,-92.1957,1,27
693,"Little Rock-Pine Bluff, AR",36.0345,-92.0572,1,28
693,"Little Rock-Pine Bluff, AR",35.9312,-92.1085,1,29
693,"Little Rock-Pine Bluff, AR",35.8674,-91.8494,1,30
693,"Little Rock-Pine Bluff, AR",35.9428,-91.7534,1,31
693,"Little Rock-Pine Bluff, AR",35.8851,-91.0325,1,32
693,"Little Rock-Pine Bluff, AR",35.0009,-91.0453,1,33
693,"Little Rock-Pine Bluff, AR",35.0025,-91.1498,1,34
693,"Little Rock-Pine Bluff, AR",34.9119,-91.1524,1,35
693,"Little Rock-Pine Bluff, AR",34.7349,-91.1024,1,36
693,"Little Rock-Pine Bluff, AR",34.7341,-91.0493,1,37
693,"Little Rock-Pine Bluff, AR",34.3363,-91.0025,1,38
693,"Little Rock-Pine Bluff, AR",34.3366,-91.0563,1,39
693,"Little Rock-Pine Bluff, AR",34.1191,-91.1179,1,40
693,"Little Rock-Pine Bluff, AR",34.0805,-90.8705,1,41
693,"Little Rock-Pine Bluff, AR",34.019,-90.9879,1,42
693,"Little Rock-Pine Bluff, AR",33.9628,-90.9687,1,43
693,"Little Rock-Pine Bluff, AR",33.9727,-91.0891,1,44
693,"Little Rock-Pine Bluff, AR",33.9288,-91.0101,1,45
693,"Little Rock-Pine Bluff, AR",33.8591,-91.073,1,46
693,"Little Rock-Pine Bluff, AR",33.7845,-90.9885,1,47
693,"Little Rock-Pine Bluff, AR",33.7834,-91.1322,1,48
693,"Little Rock-Pine Bluff, AR",33.7306,-91.1463,1,49
693,"Little Rock-Pine Bluff, AR",33.6741,-91.0336,1,50
693,"Little Rock-Pine Bluff, AR",33.6929,-91.2206,1,51
693,"Little Rock-Pine Bluff, AR",33.6036,-91.1306,1,52
693,"Little Rock-Pine Bluff, AR",33.5171,-91.2458,1,53
693,"Little Rock-Pine Bluff, AR",33.5637,-91.4535,1,54
693,"Little Rock-Pine Bluff, AR",33.389,-91.4574,1,55
693,"Little Rock-Pine Bluff, AR",33.3982,-91.9902,1,56
693,"Little Rock-Pine Bluff, AR",33.302,-91.9773,1,57
693,"Little Rock-Pine Bluff, AR",33.1612,-92.1635,1,58
693,"Little Rock-Pine Bluff, AR",33.2537,-92.2251,1,59
693,"Little Rock-Pine Bluff, AR",33.2743,-92.4451,1,60
693,"Little Rock-Pine Bluff, AR",33.3661,-92.5479,1,61
693,"Little Rock-Pine Bluff, AR",33.3803,-93.119,1,62
693,"Little Rock-Pine Bluff, AR",33.7773,-93.1043,1,63
693,"Little Rock-Pine Bluff, AR",33.8005,-93.1792,1,64
698,"Montgomery-Selma, AL",30.994,-86.1873,1,1
698,"Montgomery-Selma, AL",31.0004,-86.7002,1,2
698,"Montgomery-Selma, AL",31.4188,-86.6654,1,3
698,"Montgomery-Selma, AL",31.5238,-86.7015,1,4
698,"Montgomery-Selma, AL",31.5466,-86.8664,1,5
698,"Montgomery-Selma, AL",31.8306,-86.9069,1,6
698,"Montgomery-Selma, AL",31.8271,-87.6201,1,7
698,"Montgomery-Selma, AL",31.9914,-87.6678,1,8
698,"Montgomery-Selma, AL",31.9989,-88.1067,1,9
698,"Montgomery-Selma, AL",32.2852,-88.0191,1,10
698,"Montgomery-Selma, AL",32.2878,-87.9283,1,11
698,"Montgomery-Selma, AL",32.431,-88.0346,1,12
698,"Montgomery-Selma, AL",32.5473,-87.8433,1,13
698,"Montgomery-Selma, AL",32.482,-87.5245,1,14
698,"Montgomery-Selma, AL",32.8745,-87.4212,1,15
698,"Montgomery-Selma, AL",32.837,-87.0192,1,16
698,"Montgomery-Selma, AL",32.6633,-87.0177,1,17
698,"Montgomery-Selma, AL",32.6617,-86.7134,1,18
698,"Montgomery-Selma, AL",32.7512,-86.3713,1,19
698,"Montgomery-Selma, AL",32.9302,-86.5163,1,20
698,"Montgomery-Selma, AL",33.1029,-86.491,1,21
698,"Montgomery-Selma, AL",33.1073,-85.5932,1,22
698,"Montgomery-Selma, AL",32.7285,-85.5932,1,23
698,"Montgomery-Selma, AL",32.6974,-85.6968,1,24
698,"Montgomery-Selma, AL",32.582,-85.6957,1,25
698,"Montgomery-Selma, AL",32.4971,-85.4386,1,26
698,"Montgomery-Selma, AL",32.015,-85.4285,1,27
698,"Montgomery-Selma, AL",31.9939,-85.5928,1,28
698,"Montgomery-Selma, AL",31.6193,-85.7423,1,29
698,"Montgomery-Selma, AL",31.6177,-86.1459,1,30
698,"Montgomery-Selma, AL",30.994,-86.1873,1,31
702,"La Crosse-Eau Claire, WI",44.107,-92.0795,1,1
702,"La Crosse-Eau Claire, WI",44.1929,-92.0793,1,2
702,"La Crosse-Eau Claire, WI",44.193,-91.8582,1,3
702,"La Crosse-Eau Claire, WI",44.3335,-91.9256,1,4
702,"La Crosse-Eau Claire, WI",44.4073,-92.0836,1,5
702,"La Crosse-Eau Claire, WI",44.5863,-92.0292,1,6
702,"La Crosse-Eau Claire, WI",44.5966,-91.6502,1,7
702,"La Crosse-Eau Claire, WI",45.2079,-91.6657,1,8
702,"La Crosse-Eau Claire, WI",45.2065,-91.5422,1,9
702,"La Crosse-Eau Claire, WI",45.6376,-91.5403,1,10
702,"La Crosse-Eau Claire, WI",45.6383,-90.6787,1,11
702,"La Crosse-Eau Claire, WI",45.3778,-90.6787,1,12
702,"La Crosse-Eau Claire, WI",45.3795,-90.9252,1,13
702,"La Crosse-Eau Claire, WI",45.0313,-90.9234,1,14
702,"La Crosse-Eau Claire, WI",45.0338,-90.3148,1,15
702,"La Crosse-Eau Claire, WI",43.5539,-90.311,1,16
702,"La Crosse-Eau Claire, WI",43.553,-90.6717,1,17
702,"La Crosse-Eau Claire, WI",43.1718,-90.6668,1,18
702,"La Crosse-Eau Claire, WI",42.9882,-91.1568,1,19
702,"La Crosse-Eau Claire, WI",43.1318,-91.177,1,20
702,"La Crosse-Eau Claire, WI",43.254,-91.0579,1,21
702,"La Crosse-Eau Claire, WI",43.3525,-91.2066,1,22
702,"La Crosse-Eau Claire, WI",43.5005,-91.2177,1,23
702,"La Crosse-Eau Claire, WI",43.5007,-91.7304,1,24
702,"La Crosse-Eau Claire, WI",43.8468,-91.7305,1,25
702,"La Crosse-Eau Claire, WI",43.8471,-92.0794,1,26
702,"La Crosse-Eau Claire, WI",44.107,-92.0795,1,27
705,"Wausau-Rhinelander, WI",43.9822,-89.598,1,1
705,"Wausau-Rhinelander, WI",43.6426,-89.6,1,2
705,"Wausau-Rhinelander, WI",43.6425,-89.7889,1,3
705,"Wausau-Rhinelander, WI",44.0683,-90.0259,1,4
705,"Wausau-Rhinelander, WI",44.2495,-89.9026,1,5
705,"Wausau-Rhinelander, WI",44.2488,-90.3181,1,6
705,"Wausau-Rhinelander, WI",45.0338,-90.3148,1,7
705,"Wausau-Rhinelander, WI",45.0313,-90.9234,1,8
705,"Wausau-Rhinelander, WI",45.3795,-90.9252,1,9
705,"Wausau-Rhinelander, WI",45.3778,-90.6787,1,10
705,"Wausau-Rhinelander, WI",45.9816,-90.677,1,11
705,"Wausau-Rhinelander, WI",45.982,-89.9288,1,12
705,"Wausau-Rhinelander, WI",46.2997,-89.9292,1,13
705,"Wausau-Rhinelander, WI",46.014,-88.6833,1,14
705,"Wausau-Rhinelander, WI",45.7228,-88.676,1,15
705,"Wausau-Rhinelander, WI",45.7224,-88.4254,1,16
705,"Wausau-Rhinelander, WI",45.377,-88.4281,1,17
705,"Wausau-Rhinelander, WI",45.3787,-88.6778,1,18
705,"Wausau-Rhinelander, WI",45.1173,-88.6412,1,19
705,"Wausau-Rhinelander, WI",45.118,-88.9822,1,20
705,"Wausau-Rhinelander, WI",45.0288,-88.9816,1,21
705,"Wausau-Rhinelander, WI",45.0292,-89.2238,1,22
705,"Wausau-Rhinelander, WI",44.2435,-89.2249,1,23
705,"Wausau-Rhinelander, WI",44.2457,-89.598,1,24
705,"Wausau-Rhinelander, WI",43.9822,-89.598,1,25
709,"Tyler-Longview(Lufkin & Nacogdoches), TX",31.0591,-94.5617,1,1
709,"Tyler-Longview(Lufkin & Nacogdoches), TX",31.1467,-94.8428,1,2
709,"Tyler-Longview(Lufkin & Nacogdoches), TX",30.8246,-95.2002,1,3
709,"Tyler-Longview(Lufkin & Nacogdoches), TX",30.9063,-95.2502,1,4
709,"Tyler-Longview(Lufkin & Nacogdoches), TX",30.8589,-95.3979,1,5
709,"Tyler-Longview(Lufkin & Nacogdoches), TX",31.0581,-95.4348,1,6
709,"Tyler-Longview(Lufkin & Nacogdoches), TX",30.9263,-95.6374,1,7
709,"Tyler-Longview(Lufkin & Nacogdoches), TX",30.987,-95.6812,1,8
709,"Tyler-Longview(Lufkin & Nacogdoches), TX",31.0518,-95.63,1,9
709,"Tyler-Longview(Lufkin & Nacogdoches), TX",31.1206,-95.7769,1,10
709,"Tyler-Longview(Lufkin & Nacogdoches), TX",31.3245,-95.6559,1,11
709,"Tyler-Longview(Lufkin & Nacogdoches), TX",31.5016,-95.7424,1,12
709,"Tyler-Longview(Lufkin & Nacogdoches), TX",31.5418,-95.6518,1,13
709,"Tyler-Longview(Lufkin & Nacogdoches), TX",31.5929,-95.2734,1,14
709,"Tyler-Longview(Lufkin & Nacogdoches), TX",31.6096,-95.2591,1,15
709,"Tyler-Longview(Lufkin & Nacogdoches), TX",31.8433,-95.4467,1,16
709,"Tyler-Longview(Lufkin & Nacogdoches), TX",32.353,-95.4481,1,17
709,"Tyler-Longview(Lufkin & Nacogdoches), TX",32.4799,-95.5943,1,18
709,"Tyler-Longview(Lufkin & Nacogdoches), TX",32.9604,-95.6654,1,19
709,"Tyler-Longview(Lufkin & Nacogdoches), TX",32.9626,-95.309,1,20
709,"Tyler-Longview(Lufkin & Nacogdoches), TX",33.3824,-95.3001,1,21
709,"Tyler-Longview(Lufkin & Nacogdoches), TX",33.3895,-95.1255,1,22
709,"Tyler-Longview(Lufkin & Nacogdoches), TX",32.9025,-95.1521,1,23
709,"Tyler-Longview(Lufkin & Nacogdoches), TX",32.9045,-94.72,1,24
709,"Tyler-Longview(Lufkin & Nacogdoches), TX",32.8371,-94.6727,1,25
709,"Tyler-Longview(Lufkin & Nacogdoches), TX",32.4222,-94.7017,1,26
709,"Tyler-Longview(Lufkin & Nacogdoches), TX",32.3944,-94.4918,1,27
709,"Tyler-Longview(Lufkin & Nacogdoches), TX",31.9732,-94.6,1,28
709,"Tyler-Longview(Lufkin & Nacogdoches), TX",31.974,-94.5114,1,29
709,"Tyler-Longview(Lufkin & Nacogdoches), TX",31.6561,-94.402,1,30
709,"Tyler-Longview(Lufkin & Nacogdoches), TX",31.5694,-93.9845,1,31
709,"Tyler-Longview(Lufkin & Nacogdoches), TX",31.1194,-94.0423,1,32
709,"Tyler-Longview(Lufkin & Nacogdoches), TX",31.0591,-94.5617,1,33
710,"Hattiesburg-Laurel, MS",31.002,-89.8359,1,1
710,"Hattiesburg-Laurel, MS",31.0749,-89.8359,1,2
710,"Hattiesburg-Laurel, MS",31.1757,-90.0319,1,3
710,"Hattiesburg-Laurel, MS",31.3946,-90.0405,1,4
710,"Hattiesburg-Laurel, MS",31.4337,-89.5868,1,5
710,"Hattiesburg-Laurel, MS",31.5388,-89.6029,1,6
710,"Hattiesburg-Laurel, MS",31.6095,-89.7557,1,7
710,"Hattiesburg-Laurel, MS",31.7747,-89.7551,1,8
710,"Hattiesburg-Laurel, MS",31.8021,-89.3166,1,9
710,"Hattiesburg-Laurel, MS",32.2235,-89.3227,1,10
710,"Hattiesburg-Laurel, MS",32.2242,-88.9138,1,11
710,"Hattiesburg-Laurel, MS",31.8266,-88.9105,1,12
710,"Hattiesburg-Laurel, MS",31.8939,-88.4732,1,13
710,"Hattiesburg-Laurel, MS",31.4358,-88.4494,1,14
710,"Hattiesburg-Laurel, MS",31.4337,-88.8417,1,15
710,"Hattiesburg-Laurel, MS",30.9103,-88.8345,1,16
710,"Hattiesburg-Laurel, MS",30.9099,-89.3408,1,17
710,"Hattiesburg-Laurel, MS",31.0104,-89.349,1,18
710,"Hattiesburg-Laurel, MS",31.002,-89.8359,1,19
711,"Meridian, MS",31.9902,-88.0735,1,1
711,"Meridian, MS",31.9477,-88.1226,1,2
711,"Meridian, MS",31.9235,-88.0552,1,3
711,"Meridian, MS",31.8183,-88.1808,1,4
711,"Meridian, MS",31.6993,-88.0883,1,5
711,"Meridian, MS",31.6979,-88.4644,1,6
711,"Meridian, MS",31.8939,-88.4732,1,7
711,"Meridian, MS",31.8266,-88.9105,1,8
711,"Meridian, MS",32.2242,-88.9138,1,9
711,"Meridian, MS",32.2235,-89.3227,1,10
711,"Meridian, MS",32.9317,-89.3192,1,11
711,"Meridian, MS",32.9291,-88.3479,1,12
711,"Meridian, MS",32.9912,-88.3404,1,13
711,"Meridian, MS",32.9959,-88.1719,1,14
711,"Meridian, MS",32.9227,-88.2072,1,15
711,"Meridian, MS",32.8285,-88.1783,1,16
711,"Meridian, MS",32.7907,-88.064,1,17
711,"Meridian, MS",32.6985,-88.1168,1,18
711,"Meridian, MS",32.691,-88.0414,1,19
711,"Meridian, MS",32.5945,-88.0585,1,20
711,"Meridian, MS",32.6323,-87.9287,1,21
711,"Meridian, MS",32.6058,-87.8409,1,22
711,"Meridian, MS",32.5988,-87.8986,1,23
711,"Meridian, MS",32.519,-87.8434,1,24
711,"Meridian, MS",32.425,-88.0384,1,25
711,"Meridian, MS",32.3739,-88.0444,1,26
711,"Meridian, MS",32.3443,-87.9709,1,27
711,"Meridian, MS",32.3101,-87.9297,1,28
711,"Meridian, MS",32.2878,-87.9283,1,29
711,"Meridian, MS",32.2852,-88.0191,1,30
711,"Meridian, MS",32.0841,-88.0437,1,31
711,"Meridian, MS",32.0534,-88.1182,1,32
711,"Meridian, MS",31.9902,-88.0735,1,33
716,"Baton Rouge, LA",30.8481,-91.8153,1,1
716,"Baton Rouge, LA",31.0443,-91.7238,1,2
716,"Baton Rouge, LA",31.0356,-91.6479,1,3
716,"Baton Rouge, LA",30.9704,-91.6625,1,4
716,"Baton Rouge, LA",31.039,-91.5644,1,5
716,"Baton Rouge, LA",31.1319,-91.6251,1,6
716,"Baton Rouge, LA",31.3196,-91.4684,1,7
716,"Baton Rouge, LA",31.3737,-91.2333,1,8
716,"Baton Rouge, LA",31.32,-91.1115,1,9
716,"Baton Rouge, LA",31.3496,-90.5482,1,10
716,"Baton Rouge, LA",30.4868,-90.5669,1,11
716,"Baton Rouge, LA",30.2856,-90.4012,1,12
716,"Baton Rouge, LA",30.1133,-90.9155,1,13
716,"Baton Rouge, LA",29.978,-90.9598,1,14
716,"Baton Rouge, LA",29.8775,-90.8852,1,15
716,"Baton Rouge, LA",29.6264,-91.0826,1,16
716,"Baton Rouge, LA",29.5482,-91.2831,1,17
716,"Baton Rouge, LA",29.482,-91.2808,1,18
716,"Baton Rouge, LA",29.5529,-91.4105,1,19
716,"Baton Rouge, LA",29.5191,-91.5511,1,20
716,"Baton Rouge, LA",29.6328,-91.5535,1,21
716,"Baton Rouge, LA",29.6325,-91.6629,1,22
716,"Baton Rouge, LA",29.7368,-91.6209,1,23
716,"Baton Rouge, LA",29.7107,-91.8806,1,24
716,"Baton Rouge, LA",29.9453,-91.6247,1,25
716,"Baton Rouge, LA",29.956,-91.472,1,26
716,"Baton Rouge, LA",29.7837,-91.3865,1,27
716,"Baton Rouge, LA",29.6994,-91.1,1,28
716,"Baton Rouge, LA",29.8016,-91.0927,1,29
716,"Baton Rouge, LA",29.9179,-91.2318,1,30
716,"Baton Rouge, LA",30.0408,-91.2236,1,31
716,"Baton Rouge, LA",30.1025,-91.4638,1,32
716,"Baton Rouge, LA",30.2292,-91.4753,1,33
716,"Baton Rouge, LA",30.2571,-91.588,1,34
716,"Baton Rouge, LA",30.4427,-91.6401,1,35
716,"Baton Rouge, LA",30.4977,-91.7562,1,36
716,"Baton Rouge, LA",30.7034,-91.734,1,37
716,"Baton Rouge, LA",30.8481,-91.8153,1,38
717,"Quincy, IL-Hannibal, MO-Keokuk, IA",39.5202,-90.3018,1,1
717,"Quincy, IL-Hannibal, MO-Keokuk, IA",39.5217,-90.5811,1,2
717,"Quincy, IL-Hannibal, MO-Keokuk, IA",39.3958,-90.6137,1,3
717,"Quincy, IL-Hannibal, MO-Keokuk, IA",39.3995,-90.9367,1,4
717,"Quincy, IL-Hannibal, MO-Keokuk, IA",39.5984,-91.2033,1,5
717,"Quincy, IL-Hannibal, MO-Keokuk, IA",39.4507,-91.4604,1,6
717,"Quincy, IL-Hannibal, MO-Keokuk, IA",39.3187,-91.4382,1,7
717,"Quincy, IL-Hannibal, MO-Keokuk, IA",39.3478,-92.3104,1,8
717,"Quincy, IL-Hannibal, MO-Keokuk, IA",40.5973,-92.3508,1,9
717,"Quincy, IL-Hannibal, MO-Keokuk, IA",40.5985,-91.7168,1,10
717,"Quincy, IL-Hannibal, MO-Keokuk, IA",40.8134,-91.7188,1,11
717,"Quincy, IL-Hannibal, MO-Keokuk, IA",40.8086,-91.3935,1,12
717,"Quincy, IL-Hannibal, MO-Keokuk, IA",40.6963,-91.1125,1,13
717,"Quincy, IL-Hannibal, MO-Keokuk, IA",40.6378,-91.1853,1,14
717,"Quincy, IL-Hannibal, MO-Keokuk, IA",40.6278,-90.4455,1,15
717,"Quincy, IL-Hannibal, MO-Keokuk, IA",40.1889,-90.4515,1,16
717,"Quincy, IL-Hannibal, MO-Keokuk, IA",40.1839,-90.1996,1,17
717,"Quincy, IL-Hannibal, MO-Keokuk, IA",40.1242,-90.3552,1,18
717,"Quincy, IL-Hannibal, MO-Keokuk, IA",40.055,-90.2862,1,19
717,"Quincy, IL-Hannibal, MO-Keokuk, IA",40.1084,-89.9947,1,20
717,"Quincy, IL-Hannibal, MO-Keokuk, IA",39.8729,-89.9944,1,21
717,"Quincy, IL-Hannibal, MO-Keokuk, IA",39.875,-90.5849,1,22
717,"Quincy, IL-Hannibal, MO-Keokuk, IA",39.7901,-90.5991,1,23
717,"Quincy, IL-Hannibal, MO-Keokuk, IA",39.7534,-90.3713,1,24
717,"Quincy, IL-Hannibal, MO-Keokuk, IA",39.5202,-90.3018,1,25
718,"Jackson, MS",31.002,-89.8359,1,1
718,"Jackson, MS",30.9997,-90.5477,1,2
718,"Jackson, MS",31.3496,-90.5482,1,3
718,"Jackson, MS",31.32,-91.1115,1,4
718,"Jackson, MS",31.3737,-91.2333,1,5
718,"Jackson, MS",31.3196,-91.4684,1,6
718,"Jackson, MS",31.2285,-91.4864,1,7
718,"Jackson, MS",31.1911,-91.5895,1,8
718,"Jackson, MS",31.2502,-91.6549,1,9
718,"Jackson, MS",31.2842,-91.5121,1,10
718,"Jackson, MS",31.4234,-91.5652,1,11
718,"Jackson, MS",31.3811,-91.4654,1,12
718,"Jackson, MS",31.5221,-91.5225,1,13
718,"Jackson, MS",31.5898,-91.4039,1,14
718,"Jackson, MS",31.6347,-91.5123,1,15
718,"Jackson, MS",31.6205,-91.4008,1,16
718,"Jackson, MS",31.7469,-91.3694,1,17
718,"Jackson, MS",31.7521,-91.2656,1,18
718,"Jackson, MS",31.7608,-91.3656,1,19
718,"Jackson, MS",31.8446,-91.3447,1,20
718,"Jackson, MS",31.8127,-91.2556,1,21
718,"Jackson, MS",31.9622,-91.1875,1,22
718,"Jackson, MS",32.0168,-91.0759,1,23
718,"Jackson, MS",32.0742,-91.1574,1,24
718,"Jackson, MS",32.0477,-91.0816,1,25
718,"Jackson, MS",32.144,-91.0047,1,26
718,"Jackson, MS",32.1327,-91.1628,1,27
718,"Jackson, MS",32.1957,-91.1649,1,28
718,"Jackson, MS",32.2424,-91.039,1,29
718,"Jackson, MS",32.1932,-90.9949,1,30
718,"Jackson, MS",32.3717,-90.8756,1,31
718,"Jackson, MS",32.354,-90.9936,1,32
718,"Jackson, MS",32.4395,-90.9696,1,33
718,"Jackson, MS",32.4777,-91.1131,1,34
718,"Jackson, MS",32.5491,-91.0937,1,35
718,"Jackson, MS",32.4877,-90.9907,1,36
718,"Jackson, MS",32.5564,-91.0804,1,37
718,"Jackson, MS",32.6226,-91.003,1,38
718,"Jackson, MS",32.602,-91.1449,1,39
718,"Jackson, MS",32.7223,-91.0545,1,40
718,"Jackson, MS",32.747,-91.1634,1,41
718,"Jackson, MS",32.8129,-91.1615,1,42
718,"Jackson, MS",32.9241,-91.064,1,43
718,"Jackson, MS",32.9884,-91.1118,1,44
718,"Jackson, MS",32.9003,-91.1771,1,45
718,"Jackson, MS",32.9612,-91.2018,1,46
718,"Jackson, MS",33.0113,-91.1663,1,47
718,"Jackson, MS",33.0077,-90.9143,1,48
718,"Jackson, MS",33.0974,-90.9145,1,49
718,"Jackson, MS",33.0975,-90.6841,1,50
718,"Jackson, MS",33.2655,-90.7307,1,51
718,"Jackson, MS",33.2705,-90.5553,1,52
718,"Jackson, MS",33.3292,-90.5555,1,53
718,"Jackson, MS",33.3295,-90.4532,1,54
718,"Jackson, MS",33.2353,-90.4132,1,55
718,"Jackson, MS",33.3127,-90.2864,1,56
718,"Jackson, MS",33.3751,-90.3215,1,57
718,"Jackson, MS",33.2143,-89.7479,1,58
718,"Jackson, MS",33.2855,-89.7016,1,59
718,"Jackson, MS",33.2856,-89.3164,1,60
718,"Jackson, MS",31.8021,-89.3166,1,61
718,"Jackson, MS",31.7747,-89.7551,1,62
718,"Jackson, MS",31.6095,-89.7557,1,63
718,"Jackson, MS",31.5388,-89.6029,1,64
718,"Jackson, MS",31.4337,-89.5868,1,65
718,"Jackson, MS",31.3946,-90.0405,1,66
718,"Jackson, MS",31.1757,-90.0319,1,67
718,"Jackson, MS",31.0749,-89.8359,1,68
718,"Jackson, MS",31.002,-89.8359,1,69
722,"Lincoln & Hastings-Kearney, NE",40.001,-96.4636,1,1
722,"Lincoln & Hastings-Kearney, NE",40.0021,-97.3691,1,2
722,"Lincoln & Hastings-Kearney, NE",39.654,-97.3687,1,3
722,"Lincoln & Hastings-Kearney, NE",39.654,-97.9317,1,4
722,"Lincoln & Hastings-Kearney, NE",39.567,-97.9319,1,5
722,"Lincoln & Hastings-Kearney, NE",39.5674,-99.628,1,6
722,"Lincoln & Hastings-Kearney, NE",40.0019,-99.626,1,7
722,"Lincoln & Hastings-Kearney, NE",40.0027,-101.324,1,8
722,"Lincoln & Hastings-Kearney, NE",40.3505,-101.3234,1,9
722,"Lincoln & Hastings-Kearney, NE",40.3492,-102.0516,1,10
722,"Lincoln & Hastings-Kearney, NE",41.0039,-102.0516,1,11
722,"Lincoln & Hastings-Kearney, NE",41.0039,-101.25,1,12
722,"Lincoln & Hastings-Kearney, NE",40.6978,-101.2479,1,13
722,"Lincoln & Hastings-Kearney, NE",40.7003,-100.2233,1,14
722,"Lincoln & Hastings-Kearney, NE",41.7397,-100.2512,1,15
722,"Lincoln & Hastings-Kearney, NE",41.7403,-99.6868,1,16
722,"Lincoln & Hastings-Kearney, NE",42.0861,-99.6869,1,17
722,"Lincoln & Hastings-Kearney, NE",42.0858,-100.1676,1,18
722,"Lincoln & Hastings-Kearney, NE",42.9985,-100.1984,1,19
722,"Lincoln & Hastings-Kearney, NE",42.9986,-98.4986,1,20
722,"Lincoln & Hastings-Kearney, NE",42.8826,-98.3097,1,21
722,"Lincoln & Hastings-Kearney, NE",42.437,-98.3054,1,22
722,"Lincoln & Hastings-Kearney, NE",42.4378,-97.8344,1,23
722,"Lincoln & Hastings-Kearney, NE",41.5262,-97.8298,1,24
722,"Lincoln & Hastings-Kearney, NE",41.5268,-97.7036,1,25
722,"Lincoln & Hastings-Kearney, NE",41.395,-97.7038,1,26
722,"Lincoln & Hastings-Kearney, NE",41.3951,-97.5985,1,27
722,"Lincoln & Hastings-Kearney, NE",41.333,-97.5985,1,28
722,"Lincoln & Hastings-Kearney, NE",41.395,-97.3682,1,29
722,"Lincoln & Hastings-Kearney, NE",41.0469,-97.3682,1,30
722,"Lincoln & Hastings-Kearney, NE",41.0451,-96.4639,1,31
722,"Lincoln & Hastings-Kearney, NE",40.001,-96.4636,1,32
724,"Fargo-Valley City, ND",45.9352,-96.5633,1,1
724,"Fargo-Valley City, ND",45.9399,-99.0056,1,2
724,"Fargo-Valley City, ND",46.6304,-99.0365,1,3
724,"Fargo-Valley City, ND",46.6317,-99.4497,1,4
724,"Fargo-Valley City, ND",47.3272,-99.4808,1,5
724,"Fargo-Valley City, ND",47.3272,-99.2663,1,6
724,"Fargo-Valley City, ND",47.8469,-99.2974,1,7
724,"Fargo-Valley City, ND",47.8476,-99.8119,1,8
724,"Fargo-Valley City, ND",48.0215,-99.8481,1,9
724,"Fargo-Valley City, ND",48.3713,-99.8466,1,10
724,"Fargo-Valley City, ND",48.371,-99.4929,1,11
724,"Fargo-Valley City, ND",48.9993,-99.5257,1,12
724,"Fargo-Valley City, ND",48.9989,-95.1537,1,13
724,"Fargo-Valley City, ND",49.3844,-95.1533,1,14
724,"Fargo-Valley City, ND",49.321,-94.8162,1,15
724,"Fargo-Valley City, ND",48.7781,-94.6909,1,16
724,"Fargo-Valley City, ND",48.701,-94.4303,1,17
724,"Fargo-Valley City, ND",48.3673,-94.4287,1,18
724,"Fargo-Valley City, ND",48.366,-95.211,1,19
724,"Fargo-Valley City, ND",48.54,-95.212,1,20
724,"Fargo-Valley City, ND",48.5389,-95.6024,1,21
724,"Fargo-Valley City, ND",48.0206,-95.5925,1,22
724,"Fargo-Valley City, ND",48.02,-95.2292,1,23
724,"Fargo-Valley City, ND",47.9199,-95.2762,1,24
724,"Fargo-Valley City, ND",47.8727,-95.1937,1,25
724,"Fargo-Valley City, ND",46.1067,-95.1458,1,26
724,"Fargo-Valley City, ND",46.1083,-96.2654,1,27
724,"Fargo-Valley City, ND",46.0216,-96.2657,1,28
724,"Fargo-Valley City, ND",46.0218,-96.5766,1,29
724,"Fargo-Valley City, ND",45.9352,-96.5633,1,30
725,"Sioux Falls (Mitchell), SD",42.0922,-101.4266,1,1
725,"Sioux Falls (Mitchell), SD",42.0967,-102.0403,1,2
725,"Sioux Falls (Mitchell), SD",42.9994,-102.0825,1,3
725,"Sioux Falls (Mitchell), SD",42.9979,-101.2279,1,4
725,"Sioux Falls (Mitchell), SD",43.7956,-101.2282,1,5
725,"Sioux Falls (Mitchell), SD",43.8417,-101.0639,1,6
725,"Sioux Falls (Mitchell), SD",43.995,-101.0468,1,7
725,"Sioux Falls (Mitchell), SD",44.1685,-101.0469,1,8
725,"Sioux Falls (Mitchell), SD",44.1681,-101.1668,1,9
725,"Sioux Falls (Mitchell), SD",44.7471,-101.1372,1,10
725,"Sioux Falls (Mitchell), SD",44.7643,-100.7314,1,11
725,"Sioux Falls (Mitchell), SD",44.8289,-100.698,1,12
725,"Sioux Falls (Mitchell), SD",44.7601,-100.5484,1,13
725,"Sioux Falls (Mitchell), SD",44.8434,-100.4187,1,14
725,"Sioux Falls (Mitchell), SD",45.0026,-100.4166,1,15
725,"Sioux Falls (Mitchell), SD",45.0232,-100.2781,1,16
725,"Sioux Falls (Mitchell), SD",45.0943,-100.3262,1,17
725,"Sioux Falls (Mitchell), SD",45.2395,-100.2575,1,18
725,"Sioux Falls (Mitchell), SD",45.3179,-100.3167,1,19
725,"Sioux Falls (Mitchell), SD",45.3818,-100.2742,1,20
725,"Sioux Falls (Mitchell), SD",45.5515,-100.4825,1,21
725,"Sioux Falls (Mitchell), SD",45.5934,-99.7175,1,22
725,"Sioux Falls (Mitchell), SD",45.9409,-99.7181,1,23
725,"Sioux Falls (Mitchell), SD",45.9352,-96.5633,1,24
725,"Sioux Falls (Mitchell), SD",45.819,-96.5839,1,25
725,"Sioux Falls (Mitchell), SD",45.606,-96.8578,1,26
725,"Sioux Falls (Mitchell), SD",45.4173,-96.6925,1,27
725,"Sioux Falls (Mitchell), SD",45.3008,-96.4531,1,28
725,"Sioux Falls (Mitchell), SD",44.6312,-96.4518,1,29
725,"Sioux Falls (Mitchell), SD",44.6305,-96.0929,1,30
725,"Sioux Falls (Mitchell), SD",44.1967,-96.0785,1,31
725,"Sioux Falls (Mitchell), SD",44.196,-95.4625,1,32
725,"Sioux Falls (Mitchell), SD",43.5006,-95.4544,1,33
725,"Sioux Falls (Mitchell), SD",43.5002,-95.3879,1,34
725,"Sioux Falls (Mitchell), SD",43.2551,-95.3881,1,35
725,"Sioux Falls (Mitchell), SD",43.2602,-96.555,1,36
725,"Sioux Falls (Mitchell), SD",43.1144,-96.439,1,37
725,"Sioux Falls (Mitchell), SD",43.0834,-96.8056,1,38
725,"Sioux Falls (Mitchell), SD",42.7042,-96.8062,1,39
725,"Sioux Falls (Mitchell), SD",42.8675,-97.308,1,40
725,"Sioux Falls (Mitchell), SD",42.8682,-97.8419,1,41
725,"Sioux Falls (Mitchell), SD",42.7641,-98.0343,1,42
725,"Sioux Falls (Mitchell), SD",42.9986,-98.4986,1,43
725,"Sioux Falls (Mitchell), SD",42.9985,-100.1984,1,44
725,"Sioux Falls (Mitchell), SD",42.0858,-100.1676,1,45
725,"Sioux Falls (Mitchell), SD",42.0922,-101.4266,1,46
734,"Jonesboro, AR",36.133,-92.1957,1,1
734,"Jonesboro, AR",36.2612,-92.157,1,2
734,"Jonesboro, AR",36.2499,-91.566,1,3
734,"Jonesboro, AR",36.3374,-91.5658,1,4
734,"Jonesboro, AR",36.3355,-91.4544,1,5
734,"Jonesboro, AR",36.4977,-91.45,1,6
734,"Jonesboro, AR",36.498,-90.1525,1,7
734,"Jonesboro, AR",36.3842,-90.0633,1,8
734,"Jonesboro, AR",36.2807,-90.0763,1,9
734,"Jonesboro, AR",35.9957,-90.3779,1,10
734,"Jonesboro, AR",35.9964,-90.2888,1,11
734,"Jonesboro, AR",35.6999,-90.2867,1,12
734,"Jonesboro, AR",35.7086,-91.037,1,13
734,"Jonesboro, AR",35.8851,-91.0325,1,14
734,"Jonesboro, AR",35.9369,-91.4632,1,15
734,"Jonesboro, AR",35.9428,-91.7534,1,16
734,"Jonesboro, AR",35.8674,-91.8494,1,17
734,"Jonesboro, AR",35.9312,-92.1085,1,18
734,"Jonesboro, AR",36.0345,-92.0572,1,19
734,"Jonesboro, AR",36.133,-92.1957,1,20
736,"Bowling Green, KY",36.8545,-85.2155,1,1
736,"Bowling Green, KY",36.6244,-85.3004,1,2
736,"Bowling Green, KY",36.6184,-85.4367,1,3
736,"Bowling Green, KY",36.7334,-85.4713,1,4
736,"Bowling Green, KY",36.8328,-85.6132,1,5
736,"Bowling Green, KY",36.8363,-85.7722,1,6
736,"Bowling Green, KY",36.7226,-85.9768,1,7
736,"Bowling Green, KY",36.9321,-86.1363,1,8
736,"Bowling Green, KY",36.7762,-86.4057,1,9
736,"Bowling Green, KY",36.8303,-86.5832,1,10
736,"Bowling Green, KY",36.9997,-86.6745,1,11
736,"Bowling Green, KY",37.0691,-86.9413,1,12
736,"Bowling Green, KY",37.112,-86.8814,1,13
736,"Bowling Green, KY",37.1375,-86.9384,1,14
736,"Bowling Green, KY",37.3281,-86.8165,1,15
736,"Bowling Green, KY",37.3953,-86.612,1,16
736,"Bowling Green, KY",37.321,-86.4689,1,17
736,"Bowling Green, KY",37.33,-86.0958,1,18
736,"Bowling Green, KY",37.3948,-86.0188,1,19
736,"Bowling Green, KY",37.4499,-86.0475,1,20
736,"Bowling Green, KY",37.4221,-85.6573,1,21
736,"Bowling Green, KY",37.3017,-85.6975,1,22
736,"Bowling Green, KY",37.1251,-85.6329,1,23
736,"Bowling Green, KY",37.1473,-85.4278,1,24
736,"Bowling Green, KY",37.3122,-85.1766,1,25
736,"Bowling Green, KY",37.2571,-85.057,1,26
736,"Bowling Green, KY",37.186,-85.0432,1,27
736,"Bowling Green, KY",36.8978,-85.2752,1,28
736,"Bowling Green, KY",36.8545,-85.2155,1,29
737,"Mankato, MN",43.255,-94.4431,1,1
737,"Mankato, MN",43.2551,-94.9139,1,2
737,"Mankato, MN",44.108,-94.8598,1,3
737,"Mankato, MN",44.1081,-95.1003,1,4
737,"Mankato, MN",44.2818,-95.1075,1,5
737,"Mankato, MN",44.2823,-94.8663,1,6
737,"Mankato, MN",44.4981,-94.8658,1,7
737,"Mankato, MN",44.2003,-94.2101,1,8
737,"Mankato, MN",44.1849,-94.1291,1,9
737,"Mankato, MN",44.2687,-94.1298,1,10
737,"Mankato, MN",44.2392,-93.7679,1,11
737,"Mankato, MN",43.848,-93.7678,1,12
737,"Mankato, MN",43.8478,-94.2473,1,13
737,"Mankato, MN",43.5003,-94.2477,1,14
737,"Mankato, MN",43.5006,-94.4428,1,15
737,"Mankato, MN",43.255,-94.4431,1,16
740,"North Platte, NE",41.0039,-101.25,1,1
740,"North Platte, NE",41.3949,-101.2697,1,2
740,"North Platte, NE",41.3947,-101.9846,1,3
740,"North Platte, NE",41.7423,-101.9855,1,4
740,"North Platte, NE",41.7431,-101.4259,1,5
740,"North Platte, NE",42.0922,-101.4266,1,6
740,"North Platte, NE",42.0861,-99.6869,1,7
740,"North Platte, NE",41.7403,-99.6868,1,8
740,"North Platte, NE",41.7397,-100.2512,1,9
740,"North Platte, NE",40.7003,-100.2233,1,10
740,"North Platte, NE",40.6978,-101.2479,1,11
740,"North Platte, NE",41.0039,-101.25,1,12
746,"Biloxi-Gulfport, MS",30.3866,-88.3959,1,1
746,"Biloxi-Gulfport, MS",30.3184,-88.4803,1,2
746,"Biloxi-Gulfport, MS",30.3763,-88.6063,1,3
746,"Biloxi-Gulfport, MS",30.3422,-88.7234,1,4
746,"Biloxi-Gulfport, MS",30.435,-88.8491,1,5
746,"Biloxi-Gulfport, MS",30.3039,-89.2915,1,6
746,"Biloxi-Gulfport, MS",30.9099,-89.3408,1,7
746,"Biloxi-Gulfport, MS",30.9103,-88.8345,1,8
746,"Biloxi-Gulfport, MS",30.998,-88.8343,1,9
746,"Biloxi-Gulfport, MS",30.9983,-88.4254,1,10
746,"Biloxi-Gulfport, MS",30.3866,-88.3959,1,11
749,"Laredo, TX",26.5717,-99.1694,1,1
749,"Laredo, TX",26.8432,-99.2686,1,2
749,"Laredo, TX",27.023,-99.4465,1,3
749,"Laredo, TX",27.2509,-99.442,1,4
749,"Laredo, TX",27.3171,-99.538,1,5
749,"Laredo, TX",27.5681,-99.5122,1,6
749,"Laredo, TX",27.7978,-99.8768,1,7
749,"Laredo, TX",27.981,-99.9318,1,8
749,"Laredo, TX",28.1968,-100.2122,1,9
749,"Laredo, TX",28.2046,-99.3942,1,10
749,"Laredo, TX",28.0304,-99.3889,1,11
749,"Laredo, TX",28.0575,-98.8033,1,12
749,"Laredo, TX",27.268,-98.7981,1,13
749,"Laredo, TX",27.2694,-98.9546,1,14
749,"Laredo, TX",26.7857,-98.9542,1,15
749,"Laredo, TX",26.5717,-99.1694,1,16
751,"Denver, CO",45.0004,-105.0894,1,1
751,"Denver, CO",43.4984,-105.0798,1,2
751,"Denver, CO",43.495,-106.0174,1,3
751,"Denver, CO",44.9936,-106.0248,1,4
751,"Denver, CO",45.0004,-105.0894,1,5
751,"Denver, CO",38.153,-109.0421,2,1
751,"Denver, CO",38.1525,-107.947,2,2
751,"Denver, CO",38.219,-107.9376,2,3
751,"Denver, CO",38.3316,-108.1324,2,4
751,"Denver, CO",38.3019,-107.5,2,5
751,"Denver, CO",38.6686,-107.5006,2,6
751,"Denver, CO",38.6681,-108.3787,2,7
751,"Denver, CO",38.8294,-108.3789,2,8
751,"Denver, CO",38.9065,-108.1411,2,9
751,"Denver, CO",39.0599,-107.9822,2,10
751,"Denver, CO",39.0652,-107.7216,2,11
751,"Denver, CO",39.2686,-107.3799,2,12
751,"Denver, CO",39.3145,-107.4652,2,13
751,"Denver, CO",39.3662,-107.431,2,14
751,"Denver, CO",39.3667,-109.0508,2,15
751,"Denver, CO",41.0007,-109.0501,2,16
751,"Denver, CO",41.002,-107.9184,2,17
751,"Denver, CO",41.6596,-107.9297,2,18
751,"Denver, CO",41.6575,-107.5097,2,19
751,"Denver, CO",42.4344,-107.5229,2,20
751,"Denver, CO",42.4306,-105.556,2,21
751,"Denver, CO",42.3045,-105.6139,2,22
751,"Denver, CO",42.2901,-105.3755,2,23
751,"Denver, CO",42.4313,-105.2823,2,24
751,"Denver, CO",42.6058,-105.2865,2,25
751,"Denver, CO",42.6089,-104.8924,2,26
751,"Denver, CO",43.4996,-104.8999,2,27
751,"Denver, CO",43.5031,-104.0548,2,28
751,"Denver, CO",42.6116,-104.0528,2,29
751,"Denver, CO",42.6095,-104.6556,2,30
751,"Denver, CO",41.653,-104.6533,2,31
751,"Denver, CO",41.6567,-105.2782,2,32
751,"Denver, CO",40.9982,-105.2771,2,33
751,"Denver, CO",41.0014,-104.0533,2,34
751,"Denver, CO",41.3933,-104.0523,2,35
751,"Denver, CO",41.4391,-102.6367,2,36
751,"Denver, CO",42.0053,-102.6776,2,37
751,"Denver, CO",42.0092,-102.0667,2,38
751,"Denver, CO",41.7421,-102.0679,2,39
751,"Denver, CO",41.7423,-101.9855,2,40
751,"Denver, CO",41.3947,-101.9846,2,41
751,"Denver, CO",41.3949,-101.2697,2,42
751,"Denver, CO",41.0039,-101.25,2,43
751,"Denver, CO",41.0039,-102.0516,2,44
751,"Denver, CO",39.047,-102.0466,2,45
751,"Denver, CO",39.0376,-103.163,2,46
751,"Denver, CO",38.5252,-103.1728,2,47
751,"Denver, CO",38.5224,-104.0539,2,48
751,"Denver, CO",39.1283,-104.0515,2,49
751,"Denver, CO",39.1297,-105.3304,2,50
751,"Denver, CO",38.6972,-105.3291,2,51
751,"Denver, CO",38.6936,-105.9698,2,52
751,"Denver, CO",38.6006,-105.878,2,53
751,"Denver, CO",38.4401,-106.0128,2,54
751,"Denver, CO",38.2736,-105.8194,2,55
751,"Denver, CO",38.258,-105.0492,2,56
751,"Denver, CO",37.9155,-105.0499,2,57
751,"Denver, CO",38.0189,-105.1687,2,58
751,"Denver, CO",37.9012,-105.2805,2,59
751,"Denver, CO",37.8924,-105.4754,2,60
751,"Denver, CO",37.8437,-105.4287,2,61
751,"Denver, CO",37.5779,-105.4855,2,62
751,"Denver, CO",37.3445,-105.7533,2,63
751,"Denver, CO",37.0454,-105.7711,2,64
751,"Denver, CO",36.9958,-105.7184,2,65
751,"Denver, CO",37.0,-107.4817,2,66
751,"Denver, CO",37.6395,-107.4822,2,67
751,"Denver, CO",37.6396,-107.972,2,68
751,"Denver, CO",37.7755,-107.8608,2,69
751,"Denver, CO",37.8566,-107.9892,2,70
751,"Denver, CO",37.8812,-109.0415,2,71
751,"Denver, CO",38.153,-109.0421,2,72
751,"Denver, CO",42.003,-103.363,3,1
751,"Denver, CO",42.0907,-103.4441,3,2
751,"Denver, CO",43.0008,-103.5052,3,3
751,"Denver, CO",43.0,-102.7921,3,4
751,"Denver, CO",42.0048,-102.6978,3,5
751,"Denver, CO",42.003,-103.363,3,6
751,"Denver, CO",37.6443,-102.0416,5,1
751,"Denver, CO",37.6436,-102.7476,5,2
751,"Denver, CO",38.267,-102.7423,5,3
751,"Denver, CO",38.2688,-102.0446,5,4
751,"Denver, CO",37.6443,-102.0416,5,5
752,"Colorado Springs-Pueblo, CO",37.3892,-102.0416,1,1
752,"Colorado Springs-Pueblo, CO",36.9931,-102.0422,1,2
752,"Colorado Springs-Pueblo, CO",36.9953,-105.155,1,3
752,"Colorado Springs-Pueblo, CO",37.616,-105.1844,1,4
752,"Colorado Springs-Pueblo, CO",37.6583,-105.2972,1,5
752,"Colorado Springs-Pueblo, CO",37.583,-105.493,1,6
752,"Colorado Springs-Pueblo, CO",37.8437,-105.4287,1,7
752,"Colorado Springs-Pueblo, CO",37.8799,-105.4785,1,8
752,"Colorado Springs-Pueblo, CO",37.9012,-105.2805,1,9
752,"Colorado Springs-Pueblo, CO",38.0189,-105.1687,1,10
752,"Colorado Springs-Pueblo, CO",37.9155,-105.0499,1,11
752,"Colorado Springs-Pueblo, CO",38.258,-105.0492,1,12
752,"Colorado Springs-Pueblo, CO",38.2736,-105.8194,1,13
752,"Colorado Springs-Pueblo, CO",38.4401,-106.0128,1,14
752,"Colorado Springs-Pueblo, CO",38.6006,-105.878,1,15
752,"Colorado Springs-Pueblo, CO",38.6936,-105.9698,1,16
752,"Colorado Springs-Pueblo, CO",38.6972,-105.3291,1,17
752,"Colorado Springs-Pueblo, CO",39.1297,-105.3304,1,18
752,"Colorado Springs-Pueblo, CO",39.1283,-104.0515,1,19
752,"Colorado Springs-Pueblo, CO",38.5224,-104.0539,1,20
752,"Colorado Springs-Pueblo, CO",38.5252,-103.1728,1,21
752,"Colorado Springs-Pueblo, CO",39.0376,-103.163,1,22
752,"Colorado Springs-Pueblo, CO",39.047,-102.0466,1,23
752,"Colorado Springs-Pueblo, CO",38.2688,-102.0446,1,24
752,"Colorado Springs-Pueblo, CO",38.267,-102.7423,1,25
752,"Colorado Springs-Pueblo, CO",37.6436,-102.7476,1,26
752,"Colorado Springs-Pueblo, CO",37.6443,-102.0416,1,27
752,"Colorado Springs-Pueblo, CO",37.3892,-102.0416,1,28
753,"Phoenix, AZ",32.5049,-113.3339,1,1
753,"Phoenix, AZ",33.3774,-113.3339,1,2
753,"Phoenix, AZ",33.3776,-113.958,1,3
753,"Phoenix, AZ",33.4647,-113.958,1,4
753,"Phoenix, AZ",33.4636,-114.2678,1,5
753,"Phoenix, AZ",33.0298,-114.2687,1,6
753,"Phoenix, AZ",33.0327,-114.6623,1,7
753,"Phoenix, AZ",33.0911,-114.7078,1,8
753,"Phoenix, AZ",33.405,-114.7253,1,9
753,"Phoenix, AZ",33.5522,-114.5246,1,10
753,"Phoenix, AZ",33.9347,-114.5355,1,11
753,"Phoenix, AZ",34.1076,-114.4159,1,12
753,"Phoenix, AZ",34.2627,-114.1312,1,13
753,"Phoenix, AZ",34.4562,-114.3852,1,14
753,"Phoenix, AZ",34.713,-114.4716,1,15
753,"Phoenix, AZ",34.875,-114.6352,1,16
753,"Phoenix, AZ",35.1019,-114.6468,1,17
753,"Phoenix, AZ",35.1835,-114.5692,1,18
753,"Phoenix, AZ",35.5,-114.6792,1,19
753,"Phoenix, AZ",35.8055,-114.7121,1,20
753,"Phoenix, AZ",35.872,-114.662,1,21
753,"Phoenix, AZ",36.0907,-114.7536,1,22
753,"Phoenix, AZ",36.1474,-114.4055,1,23
753,"Phoenix, AZ",36.0173,-114.2468,1,24
753,"Phoenix, AZ",36.0273,-114.1488,1,25
753,"Phoenix, AZ",36.1941,-114.0468,1,26
753,"Phoenix, AZ",37.0004,-114.0506,1,27
753,"Phoenix, AZ",36.9985,-110.0009,1,28
753,"Phoenix, AZ",35.6627,-110.0007,1,29
753,"Phoenix, AZ",35.6625,-109.8269,1,30
753,"Phoenix, AZ",34.6637,-109.8506,1,31
753,"Phoenix, AZ",34.6497,-109.3917,1,32
753,"Phoenix, AZ",34.8707,-109.0461,1,33
753,"Phoenix, AZ",32.4264,-109.0476,1,34
753,"Phoenix, AZ",32.4274,-110.4515,1,35
753,"Phoenix, AZ",32.5138,-110.4512,1,36
753,"Phoenix, AZ",32.5049,-113.3339,1,37
754,"Butte-Bozeman, MT",44.4862,-111.0962,1,1
754,"Butte-Bozeman, MT",44.7551,-111.385,1,2
754,"Butte-Bozeman, MT",44.6437,-111.5166,1,3
754,"Butte-Bozeman, MT",44.539,-111.4678,1,4
754,"Butte-Bozeman, MT",44.5685,-112.2862,1,5
754,"Butte-Bozeman, MT",44.4477,-112.3872,1,6
754,"Butte-Bozeman, MT",44.4849,-112.7813,1,7
754,"Butte-Bozeman, MT",44.3582,-112.8456,1,8
754,"Butte-Bozeman, MT",44.4502,-113.0028,1,9
754,"Butte-Bozeman, MT",44.7725,-113.1312,1,10
754,"Butte-Bozeman, MT",44.7846,-113.3409,1,11
754,"Butte-Bozeman, MT",44.8956,-113.4785,1,12
754,"Butte-Bozeman, MT",45.0592,-113.452,1,13
754,"Butte-Bozeman, MT",45.2537,-113.6849,1,14
754,"Butte-Bozeman, MT",45.5208,-113.7662,1,15
754,"Butte-Bozeman, MT",45.5207,-113.8346,1,16
754,"Butte-Bozeman, MT",45.6021,-113.8067,1,17
754,"Butte-Bozeman, MT",45.6957,-113.938,1,18
754,"Butte-Bozeman, MT",45.7702,-113.8965,1,19
754,"Butte-Bozeman, MT",45.8503,-113.5919,1,20
754,"Butte-Bozeman, MT",46.0382,-113.2855,1,21
754,"Butte-Bozeman, MT",46.2228,-113.2847,1,22
754,"Butte-Bozeman, MT",46.2231,-113.0372,1,23
754,"Butte-Bozeman, MT",46.7361,-113.0387,1,24
754,"Butte-Bozeman, MT",46.8069,-113.2914,1,25
754,"Butte-Bozeman, MT",47.1794,-113.3029,1,26
754,"Butte-Bozeman, MT",47.1789,-113.4661,1,27
754,"Butte-Bozeman, MT",47.6,-113.4665,1,28
754,"Butte-Bozeman, MT",47.5876,-113.1309,1,29
754,"Butte-Bozeman, MT",47.4881,-113.0594,1,30
754,"Butte-Bozeman, MT",47.1794,-113.0589,1,31
754,"Butte-Bozeman, MT",47.1772,-112.7966,1,32
754,"Butte-Bozeman, MT",46.8318,-112.7953,1,33
754,"Butte-Bozeman, MT",46.8344,-112.5356,1,34
754,"Butte-Bozeman, MT",46.6985,-112.5353,1,35
754,"Butte-Bozeman, MT",46.6564,-112.3208,1,36
754,"Butte-Bozeman, MT",46.4216,-112.3171,1,37
754,"Butte-Bozeman, MT",46.5691,-112.0293,1,38
754,"Butte-Bozeman, MT",46.5691,-111.6319,1,39
754,"Butte-Bozeman, MT",46.7819,-111.5867,1,40
754,"Butte-Bozeman, MT",46.6336,-111.3304,1,41
754,"Butte-Bozeman, MT",46.5461,-111.3449,1,42
754,"Butte-Bozeman, MT",46.4376,-111.2453,1,43
754,"Butte-Bozeman, MT",46.4085,-111.0617,1,44
754,"Butte-Bozeman, MT",46.2743,-111.127,1,45
754,"Butte-Bozeman, MT",46.1929,-111.0626,1,46
754,"Butte-Bozeman, MT",46.1924,-110.784,1,47
754,"Butte-Bozeman, MT",45.5903,-110.795,1,48
754,"Butte-Bozeman, MT",45.5253,-110.9192,1,49
754,"Butte-Bozeman, MT",45.3513,-110.9177,1,50
754,"Butte-Bozeman, MT",45.3512,-111.0382,1,51
754,"Butte-Bozeman, MT",45.0737,-111.0454,1,52
754,"Butte-Bozeman, MT",45.108,-111.1116,1,53
754,"Butte-Bozeman, MT",45.0538,-111.1562,1,54
754,"Butte-Bozeman, MT",45.0228,-111.0977,1,55
754,"Butte-Bozeman, MT",44.4862,-111.0962,1,56
755,"Great Falls, MT",46.9134,-111.6581,1,1
755,"Great Falls, MT",46.9139,-111.7901,1,2
755,"Great Falls, MT",47.129,-111.7893,1,3
755,"Great Falls, MT",47.1928,-112.0449,1,4
755,"Great Falls, MT",47.516,-112.0473,1,5
755,"Great Falls, MT",47.5073,-112.2833,1,6
755,"Great Falls, MT",47.652,-112.5492,1,7
755,"Great Falls, MT",47.6298,-112.8571,1,8
755,"Great Falls, MT",47.954,-112.9847,1,9
755,"Great Falls, MT",47.978,-112.8791,1,10
755,"Great Falls, MT",48.1202,-112.9851,1,11
755,"Great Falls, MT",48.1707,-113.2315,1,12
755,"Great Falls, MT",48.2473,-113.2368,1,13
755,"Great Falls, MT",48.3422,-113.3873,1,14
755,"Great Falls, MT",48.4241,-113.3561,1,15
755,"Great Falls, MT",48.4535,-113.4793,1,16
755,"Great Falls, MT",48.5476,-113.4674,1,17
755,"Great Falls, MT",48.6148,-113.7509,1,18
755,"Great Falls, MT",48.7163,-113.7026,1,19
755,"Great Falls, MT",48.8183,-113.7573,1,20
755,"Great Falls, MT",48.832,-114.0024,1,21
755,"Great Falls, MT",48.9989,-114.0682,1,22
755,"Great Falls, MT",48.9991,-106.1121,1,23
755,"Great Falls, MT",48.8239,-106.1519,1,24
755,"Great Falls, MT",48.8239,-106.0214,1,25
755,"Great Falls, MT",48.5632,-106.0212,1,26
755,"Great Falls, MT",48.5633,-105.8044,1,27
755,"Great Falls, MT",48.0103,-105.8438,1,28
755,"Great Falls, MT",48.0647,-106.3942,1,29
755,"Great Falls, MT",47.9578,-106.4182,1,30
755,"Great Falls, MT",47.9589,-106.5011,1,31
755,"Great Falls, MT",47.7766,-106.611,1,32
755,"Great Falls, MT",47.6719,-106.9157,1,33
755,"Great Falls, MT",47.6524,-107.655,1,34
755,"Great Falls, MT",47.4565,-107.8617,1,35
755,"Great Falls, MT",47.5865,-107.9777,1,36
755,"Great Falls, MT",47.5835,-108.3126,1,37
755,"Great Falls, MT",47.3149,-108.315,1,38
755,"Great Falls, MT",47.2703,-108.7192,1,39
755,"Great Falls, MT",47.0982,-108.7367,1,40
755,"Great Falls, MT",47.0978,-108.6085,1,41
755,"Great Falls, MT",46.7494,-108.631,1,42
755,"Great Falls, MT",46.6933,-109.8192,1,43
755,"Great Falls, MT",46.7496,-110.0523,1,44
755,"Great Falls, MT",46.6786,-110.4669,1,45
755,"Great Falls, MT",46.9001,-110.7597,1,46
755,"Great Falls, MT",47.0105,-111.0845,1,47
755,"Great Falls, MT",47.0881,-111.0809,1,48
755,"Great Falls, MT",47.0882,-111.1586,1,49
755,"Great Falls, MT",47.0115,-111.1585,1,50
755,"Great Falls, MT",47.0004,-111.5391,1,51
755,"Great Falls, MT",46.9134,-111.5393,1,52
755,"Great Falls, MT",46.9134,-111.6581,1,53
756,"Billings, MT",44.7894,-111.0974,1,1
756,"Billings, MT",45.0228,-111.0977,1,2
756,"Billings, MT",45.0538,-111.1562,1,3
756,"Billings, MT",45.108,-111.1116,1,4
756,"Billings, MT",45.0737,-111.0454,1,5
756,"Billings, MT",45.3512,-111.0382,1,6
756,"Billings, MT",45.3513,-110.9177,1,7
756,"Billings, MT",45.5253,-110.9192,1,8
756,"Billings, MT",45.5903,-110.795,1,9
756,"Billings, MT",46.1924,-110.784,1,10
756,"Billings, MT",46.1929,-111.0626,1,11
756,"Billings, MT",46.2743,-111.127,1,12
756,"Billings, MT",46.4085,-111.0617,1,13
756,"Billings, MT",46.4376,-111.2453,1,14
756,"Billings, MT",46.8142,-111.5056,1,15
756,"Billings, MT",46.8419,-111.6454,1,16
756,"Billings, MT",46.8915,-111.6027,1,17
756,"Billings, MT",46.9134,-111.6581,1,18
756,"Billings, MT",46.9134,-111.5393,1,19
756,"Billings, MT",47.0004,-111.5391,1,20
756,"Billings, MT",47.0115,-111.1585,1,21
756,"Billings, MT",47.0882,-111.1586,1,22
756,"Billings, MT",47.0881,-111.0809,1,23
756,"Billings, MT",47.0105,-111.0845,1,24
756,"Billings, MT",46.9001,-110.7597,1,25
756,"Billings, MT",46.6786,-110.4669,1,26
756,"Billings, MT",46.7496,-110.0523,1,27
756,"Billings, MT",46.6933,-109.8192,1,28
756,"Billings, MT",46.7494,-108.631,1,29
756,"Billings, MT",47.0978,-108.6085,1,30
756,"Billings, MT",47.0982,-108.7367,1,31
756,"Billings, MT",47.2703,-108.7192,1,32
756,"Billings, MT",47.3149,-108.315,1,33
756,"Billings, MT",47.5835,-108.3126,1,34
756,"Billings, MT",47.5865,-107.9777,1,35
756,"Billings, MT",47.4565,-107.8617,1,36
756,"Billings, MT",47.6524,-107.655,1,37
756,"Billings, MT",47.6719,-106.9157,1,38
756,"Billings, MT",47.7766,-106.611,1,39
756,"Billings, MT",47.9827,-106.4409,1,40
756,"Billings, MT",47.9572,-106.3583,1,41
756,"Billings, MT",47.8684,-106.3583,1,42
756,"Billings, MT",47.8683,-106.2611,1,43
756,"Billings, MT",47.3544,-106.2982,1,44
756,"Billings, MT",47.3547,-106.1707,1,45
756,"Billings, MT",47.1809,-106.1704,1,46
756,"Billings, MT",47.181,-106.087,1,47
756,"Billings, MT",46.8603,-106.0867,1,48
756,"Billings, MT",46.8321,-105.6176,1,49
756,"Billings, MT",46.6579,-105.5757,1,50
756,"Billings, MT",46.6579,-105.492,1,51
756,"Billings, MT",46.5709,-105.449,1,52
756,"Billings, MT",46.5406,-104.9847,1,53
756,"Billings, MT",46.6127,-104.7329,1,54
756,"Billings, MT",46.4822,-104.7331,1,55
756,"Billings, MT",46.4822,-104.9059,1,56
756,"Billings, MT",46.1367,-104.8858,1,57
756,"Billings, MT",46.1366,-104.9394,1,58
756,"Billings, MT",45.0003,-105.0384,1,59
756,"Billings, MT",45.0013,-107.9118,1,60
756,"Billings, MT",44.7168,-107.7449,1,61
756,"Billings, MT",44.6788,-107.5492,1,62
756,"Billings, MT",44.4464,-107.2023,1,63
756,"Billings, MT",44.1657,-107.1468,1,64
756,"Billings, MT",44.1685,-108.5506,1,65
756,"Billings, MT",44.0794,-108.5508,1,66
756,"Billings, MT",44.0796,-108.7923,1,67
756,"Billings, MT",43.9911,-108.7918,1,68
756,"Billings, MT",43.9909,-108.916,1,69
756,"Billings, MT",43.9048,-108.9128,1,70
756,"Billings, MT",43.9045,-109.0929,1,71
756,"Billings, MT",43.8162,-109.0922,1,72
756,"Billings, MT",43.8133,-109.313,1,73
756,"Billings, MT",43.9614,-109.5423,1,74
756,"Billings, MT",43.8012,-109.7874,1,75
756,"Billings, MT",43.8287,-109.8566,1,76
756,"Billings, MT",43.958,-109.8588,1,77
756,"Billings, MT",44.008,-110.0532,1,78
756,"Billings, MT",44.1326,-110.0534,1,79
756,"Billings, MT",44.1334,-110.12,1,80
756,"Billings, MT",44.2758,-110.1406,1,81
756,"Billings, MT",44.429,-110.2958,1,82
756,"Billings, MT",44.5462,-110.295,1,83
756,"Billings, MT",44.5828,-110.6679,1,84
756,"Billings, MT",44.6663,-110.6679,1,85
756,"Billings, MT",44.6663,-111.0553,1,86
756,"Billings, MT",44.4842,-111.0909,1,87
756,"Billings, MT",44.7894,-111.0974,1,88
757,"Boise, ID",41.9994,-117.0183,1,1
757,"Boise, ID",41.997,-118.1972,1,2
757,"Boise, ID",44.04,-118.2274,1,3
757,"Boise, ID",44.0477,-118.8163,1,4
757,"Boise, ID",43.96,-118.8166,1,5
757,"Boise, ID",43.9591,-119.6576,1,6
757,"Boise, ID",44.9944,-119.672,1,7
757,"Boise, ID",44.9583,-118.2448,1,8
757,"Boise, ID",44.8654,-118.2281,1,9
757,"Boise, ID",44.8361,-118.3189,1,10
757,"Boise, ID",44.7508,-118.2853,1,11
757,"Boise, ID",44.7064,-118.5193,1,12
757,"Boise, ID",44.589,-118.3062,1,13
757,"Boise, ID",44.2771,-118.5001,1,14
757,"Boise, ID",44.2561,-118.1932,1,15
757,"Boise, ID",44.4433,-117.9716,1,16
757,"Boise, ID",44.4445,-117.591,1,17
757,"Boise, ID",44.3877,-117.4859,1,18
757,"Boise, ID",44.3014,-117.4862,1,19
757,"Boise, ID",44.3014,-117.2201,1,20
757,"Boise, ID",44.4837,-117.2241,1,21
757,"Boise, ID",44.7271,-117.0623,1,22
757,"Boise, ID",44.8808,-116.857,1,23
757,"Boise, ID",45.0217,-116.848,1,24
757,"Boise, ID",45.2679,-116.687,1,25
757,"Boise, ID",45.268,-116.3429,1,26
757,"Boise, ID",45.1089,-116.3048,1,27
757,"Boise, ID",45.1076,-116.1445,1,28
757,"Boise, ID",45.2197,-115.975,1,29
757,"Boise, ID",45.1971,-114.6941,1,30
757,"Boise, ID",44.842,-114.7668,1,31
757,"Boise, ID",44.7208,-114.9542,1,32
757,"Boise, ID",44.7706,-115.0893,1,33
757,"Boise, ID",44.5795,-115.3051,1,34
757,"Boise, ID",44.4628,-115.2238,1,35
757,"Boise, ID",44.3248,-115.2879,1,36
757,"Boise, ID",44.0969,-114.9967,1,37
757,"Boise, ID",44.038,-115.0481,1,38
757,"Boise, ID",43.9822,-114.9672,1,39
757,"Boise, ID",43.8586,-114.9894,1,40
757,"Boise, ID",43.8078,-114.7044,1,41
757,"Boise, ID",43.5904,-114.6822,1,42
757,"Boise, ID",43.4778,-114.5063,1,43
757,"Boise, ID",43.3334,-114.5347,1,44
757,"Boise, ID",43.3258,-114.3946,1,45
757,"Boise, ID",43.2575,-114.3746,1,46
757,"Boise, ID",43.1996,-114.3749,1,47
757,"Boise, ID",43.1984,-115.0865,1,48
757,"Boise, ID",41.996,-115.0383,1,49
757,"Boise, ID",41.9994,-117.0183,1,50
758,"Idaho Falls-Pocatello, ID",44.008,-110.0532,1,1
758,"Idaho Falls-Pocatello, ID",43.3778,-110.0573,1,2
758,"Idaho Falls-Pocatello, ID",43.3779,-110.3442,1,3
758,"Idaho Falls-Pocatello, ID",43.2912,-110.344,1,4
758,"Idaho Falls-Pocatello, ID",43.2916,-110.5784,1,5
758,"Idaho Falls-Pocatello, ID",42.7102,-110.6235,1,6
758,"Idaho Falls-Pocatello, ID",42.2775,-110.5416,1,7
758,"Idaho Falls-Pocatello, ID",42.2707,-110.0537,1,8
758,"Idaho Falls-Pocatello, ID",41.5775,-110.048,1,9
758,"Idaho Falls-Pocatello, ID",41.5798,-111.0458,1,10
758,"Idaho Falls-Pocatello, ID",42.5131,-111.0467,1,11
758,"Idaho Falls-Pocatello, ID",42.4784,-111.2347,1,12
758,"Idaho Falls-Pocatello, ID",42.603,-111.2452,1,13
758,"Idaho Falls-Pocatello, ID",42.553,-111.2801,1,14
758,"Idaho Falls-Pocatello, ID",42.5906,-111.6041,1,15
758,"Idaho Falls-Pocatello, ID",42.4296,-111.5796,1,16
758,"Idaho Falls-Pocatello, ID",42.4161,-111.8952,1,17
758,"Idaho Falls-Pocatello, ID",42.2566,-111.8972,1,18
758,"Idaho Falls-Pocatello, ID",42.3512,-112.1907,1,19
758,"Idaho Falls-Pocatello, ID",42.3239,-112.327,1,20
758,"Idaho Falls-Pocatello, ID",42.4462,-112.2944,1,21
758,"Idaho Falls-Pocatello, ID",42.5029,-112.3846,1,22
758,"Idaho Falls-Pocatello, ID",42.503,-112.4982,1,23
758,"Idaho Falls-Pocatello, ID",42.416,-112.4978,1,24
758,"Idaho Falls-Pocatello, ID",42.416,-112.654,1,25
758,"Idaho Falls-Pocatello, ID",42.3289,-112.654,1,26
758,"Idaho Falls-Pocatello, ID",42.3275,-113.0017,1,27
758,"Idaho Falls-Pocatello, ID",42.588,-113.0028,1,28
758,"Idaho Falls-Pocatello, ID",42.6253,-113.237,1,29
758,"Idaho Falls-Pocatello, ID",42.7623,-113.179,1,30
758,"Idaho Falls-Pocatello, ID",42.7624,-113.2369,1,31
758,"Idaho Falls-Pocatello, ID",42.8482,-113.2437,1,32
758,"Idaho Falls-Pocatello, ID",43.1111,-113.2435,1,33
758,"Idaho Falls-Pocatello, ID",43.111,-113.0077,1,34
758,"Idaho Falls-Pocatello, ID",43.2848,-113.0073,1,35
758,"Idaho Falls-Pocatello, ID",43.2847,-113.3619,1,36
758,"Idaho Falls-Pocatello, ID",43.3672,-113.3619,1,37
758,"Idaho Falls-Pocatello, ID",43.3676,-113.6354,1,38
758,"Idaho Falls-Pocatello, ID",43.4673,-113.5935,1,39
758,"Idaho Falls-Pocatello, ID",43.5848,-113.7006,1,40
758,"Idaho Falls-Pocatello, ID",43.5717,-113.8061,1,41
758,"Idaho Falls-Pocatello, ID",43.7652,-114.0042,1,42
758,"Idaho Falls-Pocatello, ID",43.7414,-114.1026,1,43
758,"Idaho Falls-Pocatello, ID",43.8872,-114.293,1,44
758,"Idaho Falls-Pocatello, ID",43.9044,-114.4853,1,45
758,"Idaho Falls-Pocatello, ID",43.8449,-114.5631,1,46
758,"Idaho Falls-Pocatello, ID",43.9278,-114.8138,1,47
758,"Idaho Falls-Pocatello, ID",43.993,-114.8137,1,48
758,"Idaho Falls-Pocatello, ID",43.9381,-114.9713,1,49
758,"Idaho Falls-Pocatello, ID",44.038,-115.0481,1,50
758,"Idaho Falls-Pocatello, ID",44.1584,-115.0262,1,51
758,"Idaho Falls-Pocatello, ID",44.3334,-115.2929,1,52
758,"Idaho Falls-Pocatello, ID",44.4628,-115.2238,1,53
758,"Idaho Falls-Pocatello, ID",44.5795,-115.3051,1,54
758,"Idaho Falls-Pocatello, ID",44.7559,-115.1174,1,55
758,"Idaho Falls-Pocatello, ID",44.7236,-114.9454,1,56
758,"Idaho Falls-Pocatello, ID",44.8905,-114.7235,1,57
758,"Idaho Falls-Pocatello, ID",45.1524,-114.7317,1,58
758,"Idaho Falls-Pocatello, ID",45.2976,-114.5933,1,59
758,"Idaho Falls-Pocatello, ID",45.4364,-114.7933,1,60
758,"Idaho Falls-Pocatello, ID",45.5086,-114.7933,1,61
758,"Idaho Falls-Pocatello, ID",45.4712,-114.6635,1,62
758,"Idaho Falls-Pocatello, ID",45.5651,-114.4718,1,63
758,"Idaho Falls-Pocatello, ID",45.4593,-114.3332,1,64
758,"Idaho Falls-Pocatello, ID",45.7059,-113.9881,1,65
758,"Idaho Falls-Pocatello, ID",45.6021,-113.8067,1,66
758,"Idaho Falls-Pocatello, ID",45.5207,-113.8346,1,67
758,"Idaho Falls-Pocatello, ID",45.5208,-113.7662,1,68
758,"Idaho Falls-Pocatello, ID",45.3297,-113.7387,1,69
758,"Idaho Falls-Pocatello, ID",45.0592,-113.452,1,70
758,"Idaho Falls-Pocatello, ID",44.8654,-113.4551,1,71
758,"Idaho Falls-Pocatello, ID",44.7846,-113.3409,1,72
758,"Idaho Falls-Pocatello, ID",44.7725,-113.1312,1,73
758,"Idaho Falls-Pocatello, ID",44.4553,-113.0063,1,74
758,"Idaho Falls-Pocatello, ID",44.36,-112.8554,1,75
758,"Idaho Falls-Pocatello, ID",44.4849,-112.7813,1,76
758,"Idaho Falls-Pocatello, ID",44.4477,-112.3872,1,77
758,"Idaho Falls-Pocatello, ID",44.5685,-112.2862,1,78
758,"Idaho Falls-Pocatello, ID",44.539,-111.4678,1,79
758,"Idaho Falls-Pocatello, ID",44.6437,-111.5166,1,80
758,"Idaho Falls-Pocatello, ID",44.7551,-111.385,1,81
758,"Idaho Falls-Pocatello, ID",44.4741,-111.049,1,82
758,"Idaho Falls-Pocatello, ID",44.6663,-111.0553,1,83
758,"Idaho Falls-Pocatello, ID",44.6663,-110.6679,1,84
758,"Idaho Falls-Pocatello, ID",44.5828,-110.6679,1,85
758,"Idaho Falls-Pocatello, ID",44.5417,-110.2906,1,86
758,"Idaho Falls-Pocatello, ID",44.429,-110.2958,1,87
758,"Idaho Falls-Pocatello, ID",44.2758,-110.1406,1,88
758,"Idaho Falls-Pocatello, ID",44.1334,-110.12,1,89
758,"Idaho Falls-Pocatello, ID",44.1326,-110.0534,1,90
758,"Idaho Falls-Pocatello, ID",44.008,-110.0532,1,91
759,"Cheyenne, WY-Scottsbluff, NE",42.003,-103.363,1,1
759,"Cheyenne, WY-Scottsbluff, NE",41.6992,-103.3704,1,2
759,"Cheyenne, WY-Scottsbluff, NE",41.698,-104.0527,1,3
759,"Cheyenne, WY-Scottsbluff, NE",41.0014,-104.0533,1,4
759,"Cheyenne, WY-Scottsbluff, NE",40.9982,-105.2771,1,5
759,"Cheyenne, WY-Scottsbluff, NE",41.6567,-105.2782,1,6
759,"Cheyenne, WY-Scottsbluff, NE",41.653,-104.6533,1,7
759,"Cheyenne, WY-Scottsbluff, NE",42.6095,-104.6556,1,8
759,"Cheyenne, WY-Scottsbluff, NE",42.6116,-104.0528,1,9
759,"Cheyenne, WY-Scottsbluff, NE",42.0017,-104.0526,1,10
759,"Cheyenne, WY-Scottsbluff, NE",42.003,-103.363,1,11
760,"Twin Falls, ID",43.9381,-114.9713,1,1
760,"Twin Falls, ID",43.993,-114.8137,1,2
760,"Twin Falls, ID",43.9278,-114.8138,1,3
760,"Twin Falls, ID",43.8449,-114.5631,1,4
760,"Twin Falls, ID",43.9044,-114.4853,1,5
760,"Twin Falls, ID",43.8872,-114.293,1,6
760,"Twin Falls, ID",43.7414,-114.1026,1,7
760,"Twin Falls, ID",43.7652,-114.0042,1,8
760,"Twin Falls, ID",43.5717,-113.8061,1,9
760,"Twin Falls, ID",43.5848,-113.7006,1,10
760,"Twin Falls, ID",43.4673,-113.5935,1,11
760,"Twin Falls, ID",43.3676,-113.6354,1,12
760,"Twin Falls, ID",43.3672,-113.3619,1,13
760,"Twin Falls, ID",43.2847,-113.3619,1,14
760,"Twin Falls, ID",43.2848,-113.0073,1,15
760,"Twin Falls, ID",43.111,-113.0077,1,16
760,"Twin Falls, ID",43.1111,-113.2435,1,17
760,"Twin Falls, ID",42.8482,-113.2437,1,18
760,"Twin Falls, ID",42.7624,-113.2369,1,19
760,"Twin Falls, ID",42.7623,-113.179,1,20
760,"Twin Falls, ID",42.6253,-113.237,1,21
760,"Twin Falls, ID",42.588,-113.0028,1,22
760,"Twin Falls, ID",41.9982,-113.0008,1,23
760,"Twin Falls, ID",41.996,-115.0383,1,24
760,"Twin Falls, ID",43.1984,-115.0865,1,25
760,"Twin Falls, ID",43.1996,-114.3749,1,26
760,"Twin Falls, ID",43.3258,-114.3946,1,27
760,"Twin Falls, ID",43.3334,-114.5347,1,28
760,"Twin Falls, ID",43.4929,-114.5161,1,29
760,"Twin Falls, ID",43.5904,-114.6822,1,30
760,"Twin Falls, ID",43.8051,-114.7019,1,31
760,"Twin Falls, ID",43.8486,-114.9703,1,32
760,"Twin Falls, ID",43.9381,-114.9713,1,33
762,"Missoula, MT",46.1606,-114.4773,1,1
762,"Missoula, MT",46.6536,-114.3246,1,2
762,"Missoula, MT",46.6358,-114.6053,1,3
762,"Missoula, MT",46.7393,-114.6661,1,4
762,"Missoula, MT",46.6973,-114.7674,1,5
762,"Missoula, MT",46.7799,-114.7847,1,6
762,"Missoula, MT",46.8027,-114.8961,1,7
762,"Missoula, MT",46.9179,-114.9244,1,8
762,"Missoula, MT",47.2567,-115.32,1,9
762,"Missoula, MT",47.4222,-115.7593,1,10
762,"Missoula, MT",47.4796,-115.6287,1,11
762,"Missoula, MT",47.5484,-115.7559,1,12
762,"Missoula, MT",47.5947,-115.6876,1,13
762,"Missoula, MT",47.6988,-115.725,1,14
762,"Missoula, MT",47.9768,-116.0489,1,15
762,"Missoula, MT",48.2151,-116.0498,1,16
762,"Missoula, MT",48.1492,-115.9566,1,17
762,"Missoula, MT",48.2632,-115.7373,1,18
762,"Missoula, MT",47.9202,-115.5442,1,19
762,"Missoula, MT",47.9191,-115.1851,1,20
762,"Missoula, MT",48.0177,-115.1545,1,21
762,"Missoula, MT",48.0158,-115.0106,1,22
762,"Missoula, MT",48.226,-115.0201,1,23
762,"Missoula, MT",48.2262,-114.8479,1,24
762,"Missoula, MT",48.6587,-114.8886,1,25
762,"Missoula, MT",48.659,-114.639,1,26
762,"Missoula, MT",48.7086,-114.6918,1,27
762,"Missoula, MT",48.7519,-114.6119,1,28
762,"Missoula, MT",48.8097,-114.7326,1,29
762,"Missoula, MT",48.9735,-114.6848,1,30
762,"Missoula, MT",48.9967,-114.7348,1,31
762,"Missoula, MT",48.9989,-114.0682,1,32
762,"Missoula, MT",48.832,-114.0024,1,33
762,"Missoula, MT",48.8183,-113.7573,1,34
762,"Missoula, MT",48.7163,-113.7026,1,35
762,"Missoula, MT",48.6148,-113.7509,1,36
762,"Missoula, MT",48.5526,-113.4733,1,37
762,"Missoula, MT",48.4535,-113.4793,1,38
762,"Missoula, MT",48.4241,-113.3561,1,39
762,"Missoula, MT",48.3422,-113.3873,1,40
762,"Missoula, MT",48.2473,-113.2368,1,41
762,"Missoula, MT",48.1707,-113.2315,1,42
762,"Missoula, MT",48.1306,-113.0001,1,43
762,"Missoula, MT",47.978,-112.8791,1,44
762,"Missoula, MT",47.9183,-113.0863,1,45
762,"Missoula, MT",47.7882,-113.0615,1,46
762,"Missoula, MT",47.7287,-113.1651,1,47
762,"Missoula, MT",47.5964,-113.1449,1,48
762,"Missoula, MT",47.6,-113.4665,1,49
762,"Missoula, MT",47.1789,-113.4661,1,50
762,"Missoula, MT",47.1794,-113.3029,1,51
762,"Missoula, MT",46.8069,-113.2914,1,52
762,"Missoula, MT",46.7361,-113.0387,1,53
762,"Missoula, MT",46.2231,-113.0372,1,54
762,"Missoula, MT",46.2228,-113.2847,1,55
762,"Missoula, MT",46.0382,-113.2855,1,56
762,"Missoula, MT",45.8503,-113.5919,1,57
762,"Missoula, MT",45.7702,-113.8965,1,58
762,"Missoula, MT",45.6989,-113.9112,1,59
762,"Missoula, MT",45.6961,-114.0156,1,60
762,"Missoula, MT",45.4593,-114.3332,1,61
762,"Missoula, MT",45.5621,-114.4562,1,62
762,"Missoula, MT",45.5577,-114.5648,1,63
762,"Missoula, MT",45.7022,-114.4956,1,64
762,"Missoula, MT",45.7739,-114.5662,1,65
762,"Missoula, MT",45.8892,-114.3872,1,66
762,"Missoula, MT",46.0316,-114.5076,1,67
762,"Missoula, MT",46.0944,-114.4596,1,68
762,"Missoula, MT",46.1454,-114.5272,1,69
762,"Missoula, MT",46.1606,-114.4773,1,70
764,"Rapid City, SD",42.0036,-103.4016,1,1
764,"Rapid City, SD",42.0017,-104.0526,1,2
764,"Rapid City, SD",43.5031,-104.0548,1,3
764,"Rapid City, SD",43.4984,-105.0798,1,4
764,"Rapid City, SD",45.0004,-105.0894,1,5
764,"Rapid City, SD",45.0003,-105.0384,1,6
764,"Rapid City, SD",45.3521,-105.0382,1,7
764,"Rapid City, SD",45.352,-104.9871,1,8
764,"Rapid City, SD",46.1366,-104.9394,1,9
764,"Rapid City, SD",46.1363,-104.5158,1,10
764,"Rapid City, SD",46.0546,-104.5163,1,11
764,"Rapid City, SD",46.055,-104.3903,1,12
764,"Rapid City, SD",45.9703,-104.3909,1,13
764,"Rapid City, SD",45.9689,-104.1347,1,14
764,"Rapid City, SD",45.882,-104.1347,1,15
764,"Rapid City, SD",45.882,-104.044,1,16
764,"Rapid City, SD",45.9453,-104.0454,1,17
764,"Rapid City, SD",45.945,-102.942,1,18
764,"Rapid City, SD",45.0392,-102.9575,1,19
764,"Rapid City, SD",45.0384,-102.0001,1,20
764,"Rapid City, SD",45.4725,-102.0001,1,21
764,"Rapid City, SD",45.4726,-101.4702,1,22
764,"Rapid City, SD",44.9939,-101.501,1,23
764,"Rapid City, SD",44.9938,-101.1369,1,24
764,"Rapid City, SD",44.1681,-101.1668,1,25
764,"Rapid City, SD",44.1685,-101.0469,1,26
764,"Rapid City, SD",43.995,-101.0468,1,27
764,"Rapid City, SD",43.8417,-101.0639,1,28
764,"Rapid City, SD",43.7956,-101.2282,1,29
764,"Rapid City, SD",42.9979,-101.2279,1,30
764,"Rapid City, SD",42.9994,-102.0825,1,31
764,"Rapid City, SD",42.0967,-102.0403,1,32
764,"Rapid City, SD",42.0922,-101.4266,1,33
764,"Rapid City, SD",41.7431,-101.4259,1,34
764,"Rapid City, SD",41.7421,-102.0679,1,35
764,"Rapid City, SD",42.0092,-102.0667,1,36
764,"Rapid City, SD",42.0053,-102.6776,1,37
764,"Rapid City, SD",41.4391,-102.6367,1,38
764,"Rapid City, SD",41.3933,-104.0523,1,39
764,"Rapid City, SD",41.698,-104.0527,1,40
764,"Rapid City, SD",41.6992,-103.3704,1,41
764,"Rapid City, SD",42.003,-103.363,1,42
764,"Rapid City, SD",42.0048,-102.6978,1,43
764,"Rapid City, SD",43.0,-102.7921,1,44
764,"Rapid City, SD",43.0008,-103.5052,1,45
764,"Rapid City, SD",42.0036,-103.4016,1,46
764,"Rapid City, SD",44.564,-106.0097,2,1
764,"Rapid City, SD",44.5598,-107.3696,2,2
764,"Rapid City, SD",44.7168,-107.7449,2,3
764,"Rapid City, SD",45.0013,-107.9118,2,4
764,"Rapid City, SD",44.9936,-106.0248,2,5
764,"Rapid City, SD",44.564,-106.0097,2,6
765,"El Paso, TX",30.6291,-104.98,1,1
765,"El Paso, TX",30.8059,-105.2153,1,2
765,"El Paso, TX",30.8524,-105.4002,1,3
765,"El Paso, TX",31.3647,-105.9539,1,4
765,"El Paso, TX",31.4671,-106.2071,1,5
765,"El Paso, TX",31.752,-106.4179,1,6
765,"El Paso, TX",31.7838,-107.2968,1,7
765,"El Paso, TX",32.7803,-107.2994,1,8
765,"El Paso, TX",32.7793,-106.8877,1,9
765,"El Paso, TX",33.0528,-106.3405,1,10
765,"El Paso, TX",32.0012,-106.3769,1,11
765,"El Paso, TX",32.0,-104.0245,1,12
765,"El Paso, TX",31.1052,-104.1024,1,13
765,"El Paso, TX",30.6291,-104.98,1,14
766,"Helena, MT",46.7625,-111.498,1,1
766,"Helena, MT",46.7382,-111.6393,1,2
766,"Helena, MT",46.5691,-111.6319,1,3
766,"Helena, MT",46.5691,-112.0293,1,4
766,"Helena, MT",46.4216,-112.3171,1,5
766,"Helena, MT",46.6564,-112.3208,1,6
766,"Helena, MT",46.6985,-112.5353,1,7
766,"Helena, MT",46.8344,-112.5356,1,8
766,"Helena, MT",46.8318,-112.7953,1,9
766,"Helena, MT",47.1772,-112.7966,1,10
766,"Helena, MT",47.1794,-113.0589,1,11
766,"Helena, MT",47.4881,-113.0594,1,12
766,"Helena, MT",47.4906,-113.1149,1,13
766,"Helena, MT",47.7207,-113.1659,1,14
766,"Helena, MT",47.7882,-113.0615,1,15
766,"Helena, MT",47.9183,-113.0863,1,16
766,"Helena, MT",47.954,-112.9847,1,17
766,"Helena, MT",47.6945,-112.9138,1,18
766,"Helena, MT",47.6078,-112.8185,1,19
766,"Helena, MT",47.652,-112.5492,1,20
766,"Helena, MT",47.5073,-112.2833,1,21
766,"Helena, MT",47.516,-112.0473,1,22
766,"Helena, MT",47.1928,-112.0449,1,23
766,"Helena, MT",47.129,-111.7893,1,24
766,"Helena, MT",46.9139,-111.7901,1,25
766,"Helena, MT",46.9032,-111.6213,1,26
766,"Helena, MT",46.832,-111.6392,1,27
766,"Helena, MT",46.7625,-111.498,1,28
767,"Casper-Riverton, WY",42.7426,-109.1569,1,1
767,"Casper-Riverton, WY",42.9457,-109.3707,1,2
767,"Casper-Riverton, WY",43.0125,-109.5526,1,3
767,"Casper-Riverton, WY",43.4632,-109.7547,1,4
767,"Casper-Riverton, WY",43.4648,-110.0516,1,5
767,"Casper-Riverton, WY",44.008,-110.0532,1,6
767,"Casper-Riverton, WY",43.958,-109.8588,1,7
767,"Casper-Riverton, WY",43.8287,-109.8566,1,8
767,"Casper-Riverton, WY",43.8012,-109.7874,1,9
767,"Casper-Riverton, WY",43.9614,-109.5423,1,10
767,"Casper-Riverton, WY",43.8133,-109.313,1,11
767,"Casper-Riverton, WY",43.8162,-109.0922,1,12
767,"Casper-Riverton, WY",43.9045,-109.0929,1,13
767,"Casper-Riverton, WY",43.9048,-108.9128,1,14
767,"Casper-Riverton, WY",43.9909,-108.916,1,15
767,"Casper-Riverton, WY",43.9911,-108.7918,1,16
767,"Casper-Riverton, WY",44.0796,-108.7923,1,17
767,"Casper-Riverton, WY",44.0794,-108.5508,1,18
767,"Casper-Riverton, WY",44.1685,-108.5506,1,19
767,"Casper-Riverton, WY",44.1657,-107.1468,1,20
767,"Casper-Riverton, WY",44.394,-107.1694,1,21
767,"Casper-Riverton, WY",44.5598,-107.3696,1,22
767,"Casper-Riverton, WY",44.564,-106.0097,1,23
767,"Casper-Riverton, WY",43.495,-106.0174,1,24
767,"Casper-Riverton, WY",43.4996,-104.8999,1,25
767,"Casper-Riverton, WY",42.6089,-104.8924,1,26
767,"Casper-Riverton, WY",42.6058,-105.2865,1,27
767,"Casper-Riverton, WY",42.4313,-105.2823,1,28
767,"Casper-Riverton, WY",42.2901,-105.3755,1,29
767,"Casper-Riverton, WY",42.3045,-105.6139,1,30
767,"Casper-Riverton, WY",42.4306,-105.556,1,31
767,"Casper-Riverton, WY",42.4344,-107.5229,1,32
767,"Casper-Riverton, WY",42.2618,-107.5227,1,33
767,"Casper-Riverton, WY",42.2637,-109.0439,1,34
767,"Casper-Riverton, WY",42.6935,-109.0729,1,35
767,"Casper-Riverton, WY",42.7426,-109.1569,1,36
770,"Salt Lake City, UT",37.8812,-109.0415,1,1
770,"Salt Lake City, UT",36.9991,-109.0452,1,2
770,"Salt Lake City, UT",37.0004,-114.0506,1,3
770,"Salt Lake City, UT",38.6774,-114.0498,1,4
770,"Salt Lake City, UT",38.6773,-115.0008,1,5
770,"Salt Lake City, UT",39.1618,-115.9071,1,6
770,"Salt Lake City, UT",39.4644,-115.9077,1,7
770,"Salt Lake City, UT",39.5935,-115.8135,1,8
770,"Salt Lake City, UT",40.1212,-115.8241,1,9
770,"Salt Lake City, UT",40.1274,-116.0009,1,10
770,"Salt Lake City, UT",40.6664,-116.1578,1,11
770,"Salt Lake City, UT",40.9999,-116.1582,1,12
770,"Salt Lake City, UT",41.0003,-117.0184,1,13
770,"Salt Lake City, UT",41.9994,-117.0183,1,14
770,"Salt Lake City, UT",41.9982,-113.0008,1,15
770,"Salt Lake City, UT",42.3275,-113.0008,1,16
770,"Salt Lake City, UT",42.3289,-112.654,1,17
770,"Salt Lake City, UT",42.416,-112.654,1,18
770,"Salt Lake City, UT",42.416,-112.4978,1,19
770,"Salt Lake City, UT",42.503,-112.4982,1,20
770,"Salt Lake City, UT",42.4545,-112.2975,1,21
770,"Salt Lake City, UT",42.3239,-112.327,1,22
770,"Salt Lake City, UT",42.3512,-112.1907,1,23
770,"Salt Lake City, UT",42.2566,-111.8972,1,24
770,"Salt Lake City, UT",42.4161,-111.8952,1,25
770,"Salt Lake City, UT",42.4296,-111.5796,1,26
770,"Salt Lake City, UT",42.5906,-111.6041,1,27
770,"Salt Lake City, UT",42.553,-111.2801,1,28
770,"Salt Lake City, UT",42.603,-111.2452,1,29
770,"Salt Lake City, UT",42.4784,-111.2347,1,30
770,"Salt Lake City, UT",42.5131,-111.0467,1,31
770,"Salt Lake City, UT",41.5798,-111.0458,1,32
770,"Salt Lake City, UT",41.5775,-110.048,1,33
770,"Salt Lake City, UT",42.2707,-110.0537,1,34
770,"Salt Lake City, UT",42.2775,-110.5416,1,35
770,"Salt Lake City, UT",42.7102,-110.6235,1,36
770,"Salt Lake City, UT",43.2916,-110.5784,1,37
770,"Salt Lake City, UT",43.2912,-110.344,1,38
770,"Salt Lake City, UT",43.3779,-110.3442,1,39
770,"Salt Lake City, UT",43.3778,-110.0573,1,40
770,"Salt Lake City, UT",43.4648,-110.0575,1,41
770,"Salt Lake City, UT",43.4632,-109.7547,1,42
770,"Salt Lake City, UT",43.0125,-109.5526,1,43
770,"Salt Lake City, UT",42.9457,-109.3707,1,44
770,"Salt Lake City, UT",42.7682,-109.2355,1,45
770,"Salt Lake City, UT",42.6935,-109.0729,1,46
770,"Salt Lake City, UT",42.2637,-109.0439,1,47
770,"Salt Lake City, UT",42.2618,-107.5227,1,48
770,"Salt Lake City, UT",41.6575,-107.5097,1,49
770,"Salt Lake City, UT",41.6596,-107.9297,1,50
770,"Salt Lake City, UT",41.002,-107.9184,1,51
770,"Salt Lake City, UT",41.0007,-109.0501,1,52
770,"Salt Lake City, UT",37.8812,-109.0415,1,53
770,"Salt Lake City, UT",39.1618,-115.9071,2,1
770,"Salt Lake City, UT",39.1615,-116.6009,2,2
770,"Salt Lake City, UT",41.0004,-116.5868,2,3
770,"Salt Lake City, UT",40.9999,-116.1582,2,4
770,"Salt Lake City, UT",40.6664,-116.1578,2,5
770,"Salt Lake City, UT",40.1274,-116.0009,2,6
770,"Salt Lake City, UT",40.1212,-115.8241,2,7
770,"Salt Lake City, UT",39.5935,-115.8135,2,8
770,"Salt Lake City, UT",39.4644,-115.9077,2,9
770,"Salt Lake City, UT",39.1618,-115.9071,2,10
771,"Yuma, AZ-El Centro, CA",32.5049,-113.3339,1,1
771,"Yuma, AZ-El Centro, CA",32.0386,-113.3338,1,2
771,"Yuma, AZ-El Centro, CA",32.4943,-114.8136,1,3
771,"Yuma, AZ-El Centro, CA",32.7188,-114.7196,1,4
771,"Yuma, AZ-El Centro, CA",32.6186,-116.1062,1,5
771,"Yuma, AZ-El Centro, CA",33.4259,-116.0852,1,6
771,"Yuma, AZ-El Centro, CA",33.4336,-114.6271,1,7
771,"Yuma, AZ-El Centro, CA",33.405,-114.7253,1,8
771,"Yuma, AZ-El Centro, CA",33.3024,-114.7312,1,9
771,"Yuma, AZ-El Centro, CA",33.2585,-114.6721,1,10
771,"Yuma, AZ-El Centro, CA",33.0882,-114.7065,1,11
771,"Yuma, AZ-El Centro, CA",33.0254,-114.6017,1,12
771,"Yuma, AZ-El Centro, CA",33.0298,-114.2687,1,13
771,"Yuma, AZ-El Centro, CA",33.4636,-114.2678,1,14
771,"Yuma, AZ-El Centro, CA",33.4647,-113.958,1,15
771,"Yuma, AZ-El Centro, CA",33.3776,-113.958,1,16
771,"Yuma, AZ-El Centro, CA",33.3774,-113.3339,1,17
771,"Yuma, AZ-El Centro, CA",32.5049,-113.3339,1,18
773,"Grand Junction-Montrose, CO",38.153,-109.0421,1,1
773,"Grand Junction-Montrose, CO",39.3667,-109.0508,1,2
773,"Grand Junction-Montrose, CO",39.3662,-107.431,1,3
773,"Grand Junction-Montrose, CO",39.3145,-107.4652,1,4
773,"Grand Junction-Montrose, CO",39.2686,-107.3799,1,5
773,"Grand Junction-Montrose, CO",39.0652,-107.7216,1,6
773,"Grand Junction-Montrose, CO",39.0599,-107.9822,1,7
773,"Grand Junction-Montrose, CO",38.9065,-108.1411,1,8
773,"Grand Junction-Montrose, CO",38.8294,-108.3789,1,9
773,"Grand Junction-Montrose, CO",38.6681,-108.3787,1,10
773,"Grand Junction-Montrose, CO",38.6686,-107.5006,1,11
773,"Grand Junction-Montrose, CO",38.3019,-107.5,1,12
773,"Grand Junction-Montrose, CO",38.3316,-108.1324,1,13
773,"Grand Junction-Montrose, CO",38.219,-107.9376,1,14
773,"Grand Junction-Montrose, CO",38.1525,-107.947,1,15
773,"Grand Junction-Montrose, CO",38.153,-109.0421,1,16
773,"Grand Junction-Montrose, CO",37.8812,-109.0415,2,1
773,"Grand Junction-Montrose, CO",37.8944,-108.2564,2,2
773,"Grand Junction-Montrose, CO",37.8213,-108.2104,2,3
773,"Grand Junction-Montrose, CO",37.8566,-107.9892,2,4
773,"Grand Junction-Montrose, CO",37.7562,-107.862,2,5
773,"Grand Junction-Montrose, CO",37.6396,-107.972,2,6
773,"Grand Junction-Montrose, CO",37.6319,-108.9171,2,7
773,"Grand Junction-Montrose, CO",37.4847,-109.0435,2,8
773,"Grand Junction-Montrose, CO",37.8812,-109.0415,2,9
789,"Tucson (Sierra Vista), AZ",32.4264,-109.0476,1,1
789,"Tucson (Sierra Vista), AZ",31.3325,-109.05,1,2
789,"Tucson (Sierra Vista), AZ",31.3322,-111.0748,1,3
789,"Tucson (Sierra Vista), AZ",32.0386,-113.3338,1,4
789,"Tucson (Sierra Vista), AZ",32.5049,-113.3339,1,5
789,"Tucson (Sierra Vista), AZ",32.5138,-110.4512,1,6
789,"Tucson (Sierra Vista), AZ",32.4274,-110.4515,1,7
789,"Tucson (Sierra Vista), AZ",32.4264,-109.0476,1,8
790,"Albuquerque-Santa Fe, NM",32.0,-104.0245,1,1
790,"Albuquerque-Santa Fe, NM",32.0012,-106.3769,1,2
790,"Albuquerque-Santa Fe, NM",33.0528,-106.3405,1,3
790,"Albuquerque-Santa Fe, NM",32.7793,-106.8877,1,4
790,"Albuquerque-Santa Fe, NM",32.7803,-107.2994,1,5
790,"Albuquerque-Santa Fe, NM",31.7838,-107.2968,1,6
790,"Albuquerque-Santa Fe, NM",31.7836,-108.2084,1,7
790,"Albuquerque-Santa Fe, NM",31.3334,-108.2086,1,8
790,"Albuquerque-Santa Fe, NM",31.3322,-109.05,1,9
790,"Albuquerque-Santa Fe, NM",34.8707,-109.0461,1,10
790,"Albuquerque-Santa Fe, NM",34.6497,-109.3917,1,11
790,"Albuquerque-Santa Fe, NM",34.6637,-109.8506,1,12
790,"Albuquerque-Santa Fe, NM",35.6625,-109.8269,1,13
790,"Albuquerque-Santa Fe, NM",35.6627,-110.0007,1,14
790,"Albuquerque-Santa Fe, NM",36.998,-110.0007,1,15
790,"Albuquerque-Santa Fe, NM",36.9991,-109.0452,1,16
790,"Albuquerque-Santa Fe, NM",37.4847,-109.0435,1,17
790,"Albuquerque-Santa Fe, NM",37.6319,-108.9171,1,18
790,"Albuquerque-Santa Fe, NM",37.6403,-107.7506,1,19
790,"Albuquerque-Santa Fe, NM",37.6395,-107.4822,1,20
790,"Albuquerque-Santa Fe, NM",37.0,-107.4817,1,21
790,"Albuquerque-Santa Fe, NM",36.9958,-105.7184,1,22
790,"Albuquerque-Santa Fe, NM",37.0454,-105.7711,1,23
790,"Albuquerque-Santa Fe, NM",37.3511,-105.7501,1,24
790,"Albuquerque-Santa Fe, NM",37.6583,-105.2972,1,25
790,"Albuquerque-Santa Fe, NM",37.616,-105.1844,1,26
790,"Albuquerque-Santa Fe, NM",37.4093,-105.1297,1,27
790,"Albuquerque-Santa Fe, NM",36.9953,-105.155,1,28
790,"Albuquerque-Santa Fe, NM",36.9962,-104.0079,1,29
790,"Albuquerque-Santa Fe, NM",36.1745,-104.009,1,30
790,"Albuquerque-Santa Fe, NM",36.174,-103.794,1,31
790,"Albuquerque-Santa Fe, NM",36.0858,-103.7943,1,32
790,"Albuquerque-Santa Fe, NM",36.0864,-103.365,1,33
790,"Albuquerque-Santa Fe, NM",35.398,-103.3799,1,34
790,"Albuquerque-Santa Fe, NM",35.3897,-103.6371,1,35
790,"Albuquerque-Santa Fe, NM",35.2409,-103.6371,1,36
790,"Albuquerque-Santa Fe, NM",35.2641,-103.8577,1,37
790,"Albuquerque-Santa Fe, NM",35.1422,-104.1248,1,38
790,"Albuquerque-Santa Fe, NM",34.6052,-104.1289,1,39
790,"Albuquerque-Santa Fe, NM",34.605,-103.9488,1,40
790,"Albuquerque-Santa Fe, NM",34.0828,-103.9459,1,41
790,"Albuquerque-Santa Fe, NM",34.0817,-103.8416,1,42
790,"Albuquerque-Santa Fe, NM",33.8193,-103.8419,1,43
790,"Albuquerque-Santa Fe, NM",33.8193,-103.7168,1,44
790,"Albuquerque-Santa Fe, NM",33.6561,-103.7183,1,45
790,"Albuquerque-Santa Fe, NM",33.6572,-103.5097,1,46
790,"Albuquerque-Santa Fe, NM",33.5703,-103.5103,1,47
790,"Albuquerque-Santa Fe, NM",33.5706,-103.0526,1,48
790,"Albuquerque-Santa Fe, NM",32.5622,-103.0647,1,49
790,"Albuquerque-Santa Fe, NM",32.5914,-103.1847,1,50
790,"Albuquerque-Santa Fe, NM",32.4718,-103.2609,1,51
790,"Albuquerque-Santa Fe, NM",32.4187,-103.4421,1,52
790,"Albuquerque-Santa Fe, NM",32.5226,-103.5415,1,53
790,"Albuquerque-Santa Fe, NM",32.5296,-103.8139,1,54
790,"Albuquerque-Santa Fe, NM",32.5226,-103.7229,1,55
790,"Albuquerque-Santa Fe, NM",32.0002,-103.7229,1,56
790,"Albuquerque-Santa Fe, NM",32.0,-104.0245,1,57
798,"Glendive, MT",46.1367,-104.8858,1,1
798,"Glendive, MT",46.4822,-104.9059,1,2
798,"Glendive, MT",46.4822,-104.7331,1,3
798,"Glendive, MT",46.6127,-104.7329,1,4
798,"Glendive, MT",46.5406,-104.9847,1,5
798,"Glendive, MT",46.5709,-105.449,1,6
798,"Glendive, MT",46.6579,-105.492,1,7
798,"Glendive, MT",46.6579,-105.5757,1,8
798,"Glendive, MT",46.8321,-105.6176,1,9
798,"Glendive, MT",46.8603,-106.0867,1,10
798,"Glendive, MT",47.181,-106.087,1,11
798,"Glendive, MT",47.1811,-105.9601,1,12
798,"Glendive, MT",47.0929,-105.9601,1,13
798,"Glendive, MT",47.0927,-105.8906,1,14
798,"Glendive, MT",47.0931,-105.8328,1,15
798,"Glendive, MT",47.181,-105.833,1,16
798,"Glendive, MT",47.1816,-105.4062,1,17
798,"Glendive, MT",47.7904,-105.3629,1,18
798,"Glendive, MT",47.7908,-105.2346,1,19
798,"Glendive, MT",47.7036,-105.2349,1,20
798,"Glendive, MT",47.7034,-104.978,1,21
798,"Glendive, MT",47.6163,-104.9785,1,22
798,"Glendive, MT",47.616,-104.5936,1,23
798,"Glendive, MT",47.529,-104.5938,1,24
798,"Glendive, MT",47.5293,-104.5129,1,25
798,"Glendive, MT",47.3547,-104.5133,1,26
798,"Glendive, MT",47.3546,-104.4203,1,27
798,"Glendive, MT",47.3184,-104.4515,1,28
798,"Glendive, MT",47.2456,-104.3416,1,29
798,"Glendive, MT",47.0423,-104.3056,1,30
798,"Glendive, MT",46.8897,-104.4333,1,31
798,"Glendive, MT",46.8609,-104.6038,1,32
798,"Glendive, MT",46.6849,-104.607,1,33
798,"Glendive, MT",46.6414,-104.0453,1,34
798,"Glendive, MT",45.882,-104.044,1,35
798,"Glendive, MT",45.882,-104.1347,1,36
798,"Glendive, MT",45.9689,-104.1347,1,37
798,"Glendive, MT",45.9703,-104.3909,1,38
798,"Glendive, MT",46.055,-104.3903,1,39
798,"Glendive, MT",46.0546,-104.5163,1,40
798,"Glendive, MT",46.1363,-104.5158,1,41
798,"Glendive, MT",46.1367,-104.8858,1,42
800,"Bakersfield, CA",35.7915,-118.0664,1,1
800,"Bakersfield, CA",35.7465,-118.1146,1,2
800,"Bakersfield, CA",35.6025,-117.915,1,3
800,"Bakersfield, CA",35.5158,-118.0221,1,4
800,"Bakersfield, CA",35.2474,-118.0605,1,5
800,"Bakersfield, CA",34.9787,-118.5244,1,6
800,"Bakersfield, CA",35.0682,-118.7462,1,7
800,"Bakersfield, CA",35.0246,-118.7245,1,8
800,"Bakersfield, CA",34.9634,-118.8509,1,9
800,"Bakersfield, CA",34.8851,-118.7694,1,10
800,"Bakersfield, CA",34.9371,-118.9366,1,11
800,"Bakersfield, CA",34.7905,-118.8819,1,12
800,"Bakersfield, CA",34.9012,-119.4728,1,13
800,"Bakersfield, CA",35.0769,-119.4727,1,14
800,"Bakersfield, CA",35.0877,-119.561,1,15
800,"Bakersfield, CA",35.18,-119.5535,1,16
800,"Bakersfield, CA",35.2636,-119.8095,1,17
800,"Bakersfield, CA",35.4391,-119.88,1,18
800,"Bakersfield, CA",35.4395,-119.9974,1,19
800,"Bakersfield, CA",35.6145,-120.0859,1,20
800,"Bakersfield, CA",35.6144,-120.1939,1,21
800,"Bakersfield, CA",35.7892,-120.1941,1,22
800,"Bakersfield, CA",35.7915,-118.0664,1,23
800,"Bakersfield, CA",34.8408,-118.8708,2,1
800,"Bakersfield, CA",34.8432,-118.8692,2,2
800,"Bakersfield, CA",34.8428,-118.8684,2,3
800,"Bakersfield, CA",34.8408,-118.8708,2,4
801,"Eugene, OR",42.955,-124.4795,1,1
801,"Eugene, OR",43.3298,-124.3858,1,2
801,"Eugene, OR",43.3488,-124.3219,1,3
801,"Eugene, OR",43.3186,-124.333,1,4
801,"Eugene, OR",43.2861,-124.3076,1,5
801,"Eugene, OR",43.424,-124.2402,1,6
801,"Eugene, OR",43.3787,-124.2164,1,7
801,"Eugene, OR",43.3614,-124.1671,1,8
801,"Eugene, OR",43.4713,-124.191,1,9
801,"Eugene, OR",43.4691,-124.2284,1,10
801,"Eugene, OR",43.431,-124.2368,1,11
801,"Eugene, OR",43.4189,-124.2787,1,12
801,"Eugene, OR",43.3611,-124.3218,1,13
801,"Eugene, OR",43.356,-124.3332,1,14
801,"Eugene, OR",43.3591,-124.3467,1,15
801,"Eugene, OR",43.6655,-124.2018,1,16
801,"Eugene, OR",44.2763,-124.1159,1,17
801,"Eugene, OR",44.2836,-123.7754,1,18
801,"Eugene, OR",44.3448,-123.8169,1,19
801,"Eugene, OR",44.3606,-123.7152,1,20
801,"Eugene, OR",44.4331,-123.7204,1,21
801,"Eugene, OR",44.4329,-123.5972,1,22
801,"Eugene, OR",44.7212,-123.6026,1,23
801,"Eugene, OR",44.7203,-123.1491,1,24
801,"Eugene, OR",44.6582,-123.0742,1,25
801,"Eugene, OR",44.559,-123.2604,1,26
801,"Eugene, OR",44.2,-123.1654,1,27
801,"Eugene, OR",44.2002,-122.9056,1,28
801,"Eugene, OR",44.2879,-122.865,1,29
801,"Eugene, OR",44.2093,-122.3804,1,30
801,"Eugene, OR",44.2478,-121.7889,1,31
801,"Eugene, OR",44.0913,-121.7718,1,32
801,"Eugene, OR",43.8577,-121.975,1,33
801,"Eugene, OR",43.6271,-121.9649,1,34
801,"Eugene, OR",43.5209,-122.1493,1,35
801,"Eugene, OR",43.2617,-121.9738,1,36
801,"Eugene, OR",43.0674,-122.0733,1,37
801,"Eugene, OR",43.0675,-122.2822,1,38
801,"Eugene, OR",42.9966,-122.2818,1,39
801,"Eugene, OR",42.9392,-122.5603,1,40
801,"Eugene, OR",42.7794,-122.7948,1,41
801,"Eugene, OR",42.7025,-123.2299,1,42
801,"Eugene, OR",42.7397,-123.7151,1,43
801,"Eugene, OR",42.7999,-123.7815,1,44
801,"Eugene, OR",42.6664,-124.133,1,45
801,"Eugene, OR",42.8493,-124.142,1,46
801,"Eugene, OR",42.9333,-124.2196,1,47
801,"Eugene, OR",42.955,-124.4795,1,48
802,"Eureka, CA",41.1799,-123.4083,1,1
802,"Eureka, CA",40.9438,-123.448,1,2
802,"Eureka, CA",40.9288,-123.6236,1,3
802,"Eureka, CA",40.7336,-123.543,1,4
802,"Eureka, CA",40.0019,-123.5445,1,5
802,"Eureka, CA",40.0227,-124.0733,1,6
802,"Eureka, CA",40.2574,-124.361,1,7
802,"Eureka, CA",40.4384,-124.4095,1,8
802,"Eureka, CA",40.6151,-124.3303,1,9
802,"Eureka, CA",40.7566,-124.2343,1,10
802,"Eureka, CA",40.6977,-124.2614,1,11
802,"Eureka, CA",40.8322,-124.083,1,12
802,"Eureka, CA",40.8639,-124.153,1,13
802,"Eureka, CA",40.7823,-124.1997,1,14
802,"Eureka, CA",40.7652,-124.2337,1,15
802,"Eureka, CA",40.9873,-124.1177,1,16
802,"Eureka, CA",41.1303,-124.1654,1,17
802,"Eureka, CA",41.442,-124.0632,1,18
802,"Eureka, CA",41.718,-124.1474,1,19
802,"Eureka, CA",41.771,-124.2543,1,20
802,"Eureka, CA",41.9985,-124.2116,1,21
802,"Eureka, CA",42.0009,-123.5179,1,22
802,"Eureka, CA",41.8295,-123.7037,1,23
802,"Eureka, CA",41.7141,-123.6602,1,24
802,"Eureka, CA",41.5953,-123.7191,1,25
802,"Eureka, CA",41.4621,-123.6118,1,26
802,"Eureka, CA",41.3821,-123.6614,1,27
802,"Eureka, CA",41.3721,-123.4812,1,28
802,"Eureka, CA",41.1799,-123.4083,1,29
802,"Eureka, CA",40.8075,-124.177,2,1
802,"Eureka, CA",40.8199,-124.1672,2,2
802,"Eureka, CA",40.8179,-124.1566,2,3
802,"Eureka, CA",40.8151,-124.1577,2,4
802,"Eureka, CA",40.8075,-124.177,2,5
802,"Eureka, CA",40.8079,-124.1665,3,1
802,"Eureka, CA",40.8125,-124.1582,3,2
802,"Eureka, CA",40.8116,-124.1558,3,3
802,"Eureka, CA",40.8084,-124.1584,3,4
802,"Eureka, CA",40.8079,-124.1665,3,5
803,"Los Angeles, CA",33.4321,-117.2092,1,1
803,"Los Angeles, CA",33.505,-117.5097,1,2
803,"Los Angeles, CA",33.3875,-117.5957,1,3
803,"Los Angeles, CA",33.7518,-118.1147,1,4
803,"Los Angeles, CA",33.7412,-118.4115,1,5
803,"Los Angeles, CA",33.9798,-118.4413,1,6
803,"Los Angeles, CA",34.0306,-118.5264,1,7
803,"Los Angeles, CA",34.0005,-118.8053,1,8
803,"Los Angeles, CA",34.0995,-119.1292,1,9
803,"Los Angeles, CA",34.3734,-119.4768,1,10
803,"Los Angeles, CA",34.9013,-119.4424,1,11
803,"Los Angeles, CA",34.8797,-119.2769,1,12
803,"Los Angeles, CA",34.8142,-119.2436,1,13
803,"Los Angeles, CA",34.7905,-118.8819,1,14
803,"Los Angeles, CA",34.9371,-118.9366,1,15
803,"Los Angeles, CA",34.8851,-118.7694,1,16
803,"Los Angeles, CA",34.9634,-118.8509,1,17
803,"Los Angeles, CA",35.0246,-118.7245,1,18
803,"Los Angeles, CA",35.0682,-118.7462,1,19
803,"Los Angeles, CA",34.9787,-118.5244,1,20
803,"Los Angeles, CA",35.2428,-118.0651,1,21
803,"Los Angeles, CA",35.5158,-118.0221,1,22
803,"Los Angeles, CA",35.6025,-117.915,1,23
803,"Los Angeles, CA",35.7465,-118.1146,1,24
803,"Los Angeles, CA",35.8675,-117.9808,1,25
803,"Los Angeles, CA",36.3461,-118.1003,1,26
803,"Los Angeles, CA",36.6912,-118.3664,1,27
803,"Los Angeles, CA",37.0598,-118.4371,1,28
803,"Los Angeles, CA",37.1553,-118.6677,1,29
803,"Los Angeles, CA",37.2619,-118.6653,1,30
803,"Los Angeles, CA",37.3432,-118.787,1,31
803,"Los Angeles, CA",37.4631,-118.775,1,32
803,"Los Angeles, CA",37.4649,-117.8327,1,33
803,"Los Angeles, CA",35.0021,-114.633,1,34
803,"Los Angeles, CA",34.875,-114.6352,1,35
803,"Los Angeles, CA",34.713,-114.4716,1,36
803,"Los Angeles, CA",34.4562,-114.3852,1,37
803,"Los Angeles, CA",34.3032,-114.1383,1,38
803,"Los Angeles, CA",33.9486,-114.5281,1,39
803,"Los Angeles, CA",33.7079,-114.4942,1,40
803,"Los Angeles, CA",33.4336,-114.6271,1,41
803,"Los Angeles, CA",33.4274,-115.6774,1,42
803,"Los Angeles, CA",33.5872,-116.0321,1,43
803,"Los Angeles, CA",33.8609,-116.2002,1,44
803,"Los Angeles, CA",33.9753,-116.4585,1,45
803,"Los Angeles, CA",34.0329,-116.4579,1,46
803,"Los Angeles, CA",34.0338,-116.7196,1,47
803,"Los Angeles, CA",33.7448,-116.6857,1,48
803,"Los Angeles, CA",33.6771,-116.7906,1,49
803,"Los Angeles, CA",33.5612,-116.5698,1,50
803,"Los Angeles, CA",33.4681,-116.5408,1,51
803,"Los Angeles, CA",33.4321,-117.2092,1,52
803,"Los Angeles, CA",34.0119,-119.378,2,1
803,"Los Angeles, CA",34.016,-119.3721,2,2
803,"Los Angeles, CA",34.0159,-119.3575,2,3
803,"Los Angeles, CA",34.0131,-119.3658,2,4
803,"Los Angeles, CA",34.0119,-119.378,2,5
803,"Los Angeles, CA",34.0027,-119.392,3,1
803,"Los Angeles, CA",34.0051,-119.4224,3,2
803,"Los Angeles, CA",34.0138,-119.444,3,3
803,"Los Angeles, CA",34.0106,-119.3792,3,4
803,"Los Angeles, CA",34.0027,-119.392,3,5
803,"Los Angeles, CA",33.2991,-118.3252,4,1
803,"Los Angeles, CA",33.3264,-118.4653,4,2
803,"Los Angeles, CA",33.4358,-118.5013,4,3
803,"Los Angeles, CA",33.4788,-118.6057,4,4
803,"Los Angeles, CA",33.4069,-118.3666,4,5
803,"Los Angeles, CA",33.2991,-118.3252,4,6
803,"Los Angeles, CA",33.214,-119.4701,5,1
803,"Los Angeles, CA",33.2328,-119.5462,5,2
803,"Los Angeles, CA",33.2786,-119.5787,5,3
803,"Los Angeles, CA",33.2287,-119.4215,5,4
803,"Los Angeles, CA",33.214,-119.4701,5,5
803,"Los Angeles, CA",32.8008,-118.4247,6,1
803,"Los Angeles, CA",32.8518,-118.5001,6,2
803,"Los Angeles, CA",33.0323,-118.6074,6,3
803,"Los Angeles, CA",32.8207,-118.3487,6,4
803,"Los Angeles, CA",32.8008,-118.4247,6,5
804,"Palm Springs, CA",33.4259,-116.0852,1,1
804,"Palm Springs, CA",33.4272,-116.5927,1,2
804,"Palm Springs, CA",33.5612,-116.5698,1,3
804,"Palm Springs, CA",33.6875,-116.7935,1,4
804,"Palm Springs, CA",33.7448,-116.6857,1,5
804,"Palm Springs, CA",34.0338,-116.7196,1,6
804,"Palm Springs, CA",34.0329,-116.4579,1,7
804,"Palm Springs, CA",33.9753,-116.4585,1,8
804,"Palm Springs, CA",33.8609,-116.2002,1,9
804,"Palm Springs, CA",33.5872,-116.0321,1,10
804,"Palm Springs, CA",33.4274,-115.6774,1,11
804,"Palm Springs, CA",33.4259,-116.0852,1,12
807,"San Francisco-Oakland-San Jose, CA",39.3833,-122.7391,1,1
807,"San Francisco-Oakland-San Jose, CA",39.2849,-122.7577,1,2
807,"San Francisco-Oakland-San Jose, CA",39.173,-122.4759,1,3
807,"San Francisco-Oakland-San Jose, CA",39.0535,-122.492,1,4
807,"San Francisco-Oakland-San Jose, CA",38.9242,-122.3402,1,5
807,"San Francisco-Oakland-San Jose, CA",38.9009,-122.4221,1,6
807,"San Francisco-Oakland-San Jose, CA",38.8399,-122.288,1,7
807,"San Francisco-Oakland-San Jose, CA",38.6553,-122.1683,1,8
807,"San Francisco-Oakland-San Jose, CA",38.3289,-122.0614,1,9
807,"San Francisco-Oakland-San Jose, CA",38.3151,-122.2064,1,10
807,"San Francisco-Oakland-San Jose, CA",38.1793,-122.2156,1,11
807,"San Francisco-Oakland-San Jose, CA",38.1188,-122.0642,1,12
807,"San Francisco-Oakland-San Jose, CA",38.0454,-122.129,1,13
807,"San Francisco-Oakland-San Jose, CA",38.1557,-122.4063,1,14
807,"San Francisco-Oakland-San Jose, CA",38.109,-122.4881,1,15
807,"San Francisco-Oakland-San Jose, CA",37.9858,-122.4471,1,16
807,"San Francisco-Oakland-San Jose, CA",37.9435,-122.5306,1,17
807,"San Francisco-Oakland-San Jose, CA",37.883,-122.4386,1,18
807,"San Francisco-Oakland-San Jose, CA",37.8969,-122.525,1,19
807,"San Francisco-Oakland-San Jose, CA",37.8365,-122.4719,1,20
807,"San Francisco-Oakland-San Jose, CA",37.8151,-122.5275,1,21
807,"San Francisco-Oakland-San Jose, CA",38.0293,-122.9232,1,22
807,"San Francisco-Oakland-San Jose, CA",38.091,-122.9286,1,23
807,"San Francisco-Oakland-San Jose, CA",37.9904,-122.9642,1,24
807,"San Francisco-Oakland-San Jose, CA",37.9954,-123.0236,1,25
807,"San Francisco-Oakland-San Jose, CA",38.155,-122.9488,1,26
807,"San Francisco-Oakland-San Jose, CA",38.2408,-122.9951,1,27
807,"San Francisco-Oakland-San Jose, CA",38.1327,-122.8939,1,28
807,"San Francisco-Oakland-San Jose, CA",38.0823,-122.835,1,29
807,"San Francisco-Oakland-San Jose, CA",38.0914,-122.8253,1,30
807,"San Francisco-Oakland-San Jose, CA",38.3026,-123.0648,1,31
807,"San Francisco-Oakland-San Jose, CA",38.4525,-123.131,1,32
807,"San Francisco-Oakland-San Jose, CA",38.9172,-123.7262,1,33
807,"San Francisco-Oakland-San Jose, CA",39.0514,-123.6913,1,34
807,"San Francisco-Oakland-San Jose, CA",39.3481,-123.8274,1,35
807,"San Francisco-Oakland-San Jose, CA",39.687,-123.7931,1,36
807,"San Francisco-Oakland-San Jose, CA",40.0013,-124.0232,1,37
807,"San Francisco-Oakland-San Jose, CA",39.9781,-122.934,1,38
807,"San Francisco-Oakland-San Jose, CA",39.5801,-122.8854,1,39
807,"San Francisco-Oakland-San Jose, CA",39.5807,-122.7356,1,40
807,"San Francisco-Oakland-San Jose, CA",39.3833,-122.7391,1,41
807,"San Francisco-Oakland-San Jose, CA",37.1316,-121.2231,2,1
807,"San Francisco-Oakland-San Jose, CA",36.9612,-121.2154,2,2
807,"San Francisco-Oakland-San Jose, CA",36.9831,-121.489,2,3
807,"San Francisco-Oakland-San Jose, CA",36.8942,-121.575,2,4
807,"San Francisco-Oakland-San Jose, CA",37.2858,-122.1496,2,5
807,"San Francisco-Oakland-San Jose, CA",37.2154,-122.1528,2,6
807,"San Francisco-Oakland-San Jose, CA",37.1869,-122.3177,2,7
807,"San Francisco-Oakland-San Jose, CA",37.1134,-122.2893,2,8
807,"San Francisco-Oakland-San Jose, CA",37.1175,-122.3371,2,9
807,"San Francisco-Oakland-San Jose, CA",37.5242,-122.5179,2,10
807,"San Francisco-Oakland-San Jose, CA",37.7845,-122.5109,2,11
807,"San Francisco-Oakland-San Jose, CA",37.8073,-122.4004,2,12
807,"San Francisco-Oakland-San Jose, CA",37.6357,-122.4029,2,13
807,"San Francisco-Oakland-San Jose, CA",37.5071,-122.2447,2,14
807,"San Francisco-Oakland-San Jose, CA",37.5426,-122.2179,2,15
807,"San Francisco-Oakland-San Jose, CA",37.4435,-122.0898,2,16
807,"San Francisco-Oakland-San Jose, CA",37.4535,-121.9442,2,17
807,"San Francisco-Oakland-San Jose, CA",37.4991,-122.1051,2,18
807,"San Francisco-Oakland-San Jose, CA",37.6751,-122.1636,2,19
807,"San Francisco-Oakland-San Jose, CA",37.7404,-122.2612,2,20
807,"San Francisco-Oakland-San Jose, CA",37.7315,-122.2093,2,21
807,"San Francisco-Oakland-San Jose, CA",37.7589,-122.2118,2,22
807,"San Francisco-Oakland-San Jose, CA",37.8056,-122.3426,2,23
807,"San Francisco-Oakland-San Jose, CA",37.8916,-122.3091,2,24
807,"San Francisco-Oakland-San Jose, CA",37.9646,-122.4294,2,25
807,"San Francisco-Oakland-San Jose, CA",38.0574,-122.2596,2,26
807,"San Francisco-Oakland-San Jose, CA",38.0222,-122.1499,2,27
807,"San Francisco-Oakland-San Jose, CA",38.066,-121.8625,2,28
807,"San Francisco-Oakland-San Jose, CA",38.0186,-121.7772,2,29
807,"San Francisco-Oakland-San Jose, CA",38.0951,-121.5822,2,30
807,"San Francisco-Oakland-San Jose, CA",37.5427,-121.5567,2,31
807,"San Francisco-Oakland-San Jose, CA",37.3807,-121.4091,2,32
807,"San Francisco-Oakland-San Jose, CA",37.2518,-121.4564,2,33
807,"San Francisco-Oakland-San Jose, CA",37.1502,-121.3992,2,34
807,"San Francisco-Oakland-San Jose, CA",37.1839,-121.2819,2,35
807,"San Francisco-Oakland-San Jose, CA",37.1316,-121.2231,2,36
807,"San Francisco-Oakland-San Jose, CA",37.9447,-121.5591,3,1
807,"San Francisco-Oakland-San Jose, CA",37.945,-121.5584,3,2
807,"San Francisco-Oakland-San Jose, CA",37.9447,-121.5583,3,3
807,"San Francisco-Oakland-San Jose, CA",37.9447,-121.5591,3,4
807,"San Francisco-Oakland-San Jose, CA",37.8527,-122.4188,4,1
807,"San Francisco-Oakland-San Jose, CA",37.8552,-122.441,4,2
807,"San Francisco-Oakland-San Jose, CA",37.861,-122.4464,4,3
807,"San Francisco-Oakland-San Jose, CA",37.8707,-122.425,4,4
807,"San Francisco-Oakland-San Jose, CA",37.8527,-122.4188,4,5
807,"San Francisco-Oakland-San Jose, CA",37.8072,-122.3675,5,1
807,"San Francisco-Oakland-San Jose, CA",37.827,-122.3791,5,2
807,"San Francisco-Oakland-San Jose, CA",37.8327,-122.3731,5,3
807,"San Francisco-Oakland-San Jose, CA",37.8151,-122.3592,5,4
807,"San Francisco-Oakland-San Jose, CA",37.8072,-122.3675,5,5
807,"San Francisco-Oakland-San Jose, CA",37.825,-122.4211,6,1
807,"San Francisco-Oakland-San Jose, CA",37.8264,-122.424,6,2
807,"San Francisco-Oakland-San Jose, CA",37.8282,-122.4256,6,3
807,"San Francisco-Oakland-San Jose, CA",37.8266,-122.421,6,4
807,"San Francisco-Oakland-San Jose, CA",37.825,-122.4211,6,5
807,"San Francisco-Oakland-San Jose, CA",37.75,-122.2334,7,1
807,"San Francisco-Oakland-San Jose, CA",37.7712,-122.2814,7,2
807,"San Francisco-Oakland-San Jose, CA",37.7822,-122.3324,7,3
807,"San Francisco-Oakland-San Jose, CA",37.7972,-122.3312,7,4
807,"San Francisco-Oakland-San Jose, CA",37.75,-122.2334,7,5
807,"San Francisco-Oakland-San Jose, CA",37.7641,-122.2827,8,1
807,"San Francisco-Oakland-San Jose, CA",37.7655,-122.2889,8,2
807,"San Francisco-Oakland-San Jose, CA",37.7695,-122.2869,8,3
807,"San Francisco-Oakland-San Jose, CA",37.7657,-122.287,8,4
807,"San Francisco-Oakland-San Jose, CA",37.7641,-122.2827,8,5
810,"Yakima-Pasco-Richland-Kennewick, WA",44.9944,-119.672,1,1
810,"Yakima-Pasco-Richland-Kennewick, WA",44.9946,-119.7911,1,2
810,"Yakima-Pasco-Richland-Kennewick, WA",45.1676,-119.7601,1,3
810,"Yakima-Pasco-Richland-Kennewick, WA",45.2575,-120.0067,1,4
810,"Yakima-Pasco-Richland-Kennewick, WA",45.8125,-119.9995,1,5
810,"Yakima-Pasco-Richland-Kennewick, WA",45.836,-119.8681,1,6
810,"Yakima-Pasco-Richland-Kennewick, WA",46.0407,-119.8663,1,7
810,"Yakima-Pasco-Richland-Kennewick, WA",46.044,-121.5239,1,8
810,"Yakima-Pasco-Richland-Kennewick, WA",46.3882,-121.5236,1,9
810,"Yakima-Pasco-Richland-Kennewick, WA",46.3897,-121.3939,1,10
810,"Yakima-Pasco-Richland-Kennewick, WA",46.5201,-121.4551,1,11
810,"Yakima-Pasco-Richland-Kennewick, WA",46.7131,-121.353,1,12
810,"Yakima-Pasco-Richland-Kennewick, WA",46.8737,-121.524,1,13
810,"Yakima-Pasco-Richland-Kennewick, WA",47.055,-121.3753,1,14
810,"Yakima-Pasco-Richland-Kennewick, WA",47.1191,-121.4074,1,15
810,"Yakima-Pasco-Richland-Kennewick, WA",47.1476,-121.298,1,16
810,"Yakima-Pasco-Richland-Kennewick, WA",47.2832,-121.3444,1,17
810,"Yakima-Pasco-Richland-Kennewick, WA",47.3673,-121.466,1,18
810,"Yakima-Pasco-Richland-Kennewick, WA",47.5654,-121.2297,1,19
810,"Yakima-Pasco-Richland-Kennewick, WA",47.5971,-121.1136,1,20
810,"Yakima-Pasco-Richland-Kennewick, WA",47.4251,-120.9085,1,21
810,"Yakima-Pasco-Richland-Kennewick, WA",47.3086,-120.5668,1,22
810,"Yakima-Pasco-Richland-Kennewick, WA",47.2252,-120.0132,1,23
810,"Yakima-Pasco-Richland-Kennewick, WA",47.0716,-120.0428,1,24
810,"Yakima-Pasco-Richland-Kennewick, WA",46.8114,-119.9256,1,25
810,"Yakima-Pasco-Richland-Kennewick, WA",46.7237,-119.9734,1,26
810,"Yakima-Pasco-Richland-Kennewick, WA",46.6323,-119.8948,1,27
810,"Yakima-Pasco-Richland-Kennewick, WA",46.645,-119.6261,1,28
810,"Yakima-Pasco-Richland-Kennewick, WA",46.7274,-119.5157,1,29
810,"Yakima-Pasco-Richland-Kennewick, WA",46.6782,-119.3689,1,30
810,"Yakima-Pasco-Richland-Kennewick, WA",46.7373,-119.3696,1,31
810,"Yakima-Pasco-Richland-Kennewick, WA",46.7389,-118.2099,1,32
810,"Yakima-Pasco-Richland-Kennewick, WA",46.2951,-118.2416,1,33
810,"Yakima-Pasco-Richland-Kennewick, WA",46.2078,-117.9913,1,34
810,"Yakima-Pasco-Richland-Kennewick, WA",45.817,-117.9737,1,35
810,"Yakima-Pasco-Richland-Kennewick, WA",45.8171,-118.045,1,36
810,"Yakima-Pasco-Richland-Kennewick, WA",45.6885,-118.1172,1,37
810,"Yakima-Pasco-Richland-Kennewick, WA",45.4708,-118.1171,1,38
810,"Yakima-Pasco-Richland-Kennewick, WA",45.4427,-118.4052,1,39
810,"Yakima-Pasco-Richland-Kennewick, WA",45.3552,-118.4283,1,40
810,"Yakima-Pasco-Richland-Kennewick, WA",45.3452,-118.6977,1,41
810,"Yakima-Pasco-Richland-Kennewick, WA",45.1969,-118.6558,1,42
810,"Yakima-Pasco-Richland-Kennewick, WA",45.197,-118.5467,1,43
810,"Yakima-Pasco-Richland-Kennewick, WA",44.996,-118.5191,1,44
810,"Yakima-Pasco-Richland-Kennewick, WA",44.9944,-119.672,1,45
811,"Reno, NV",37.7392,-119.269,1,1
811,"Reno, NV",37.888,-119.2014,1,2
811,"Reno, NV",37.953,-119.3131,1,3
811,"Reno, NV",38.0831,-119.3459,1,4
811,"Reno, NV",38.1989,-119.6327,1,5
811,"Reno, NV",38.4127,-119.7011,1,6
811,"Reno, NV",38.3562,-119.8847,1,7
811,"Reno, NV",38.4471,-120.0726,1,8
811,"Reno, NV",38.7657,-120.0654,1,9
811,"Reno, NV",39.0167,-120.2068,1,10
811,"Reno, NV",39.0675,-120.0025,1,11
811,"Reno, NV",39.7224,-120.0013,1,12
811,"Reno, NV",39.7077,-120.1472,1,13
811,"Reno, NV",39.9395,-120.1088,1,14
811,"Reno, NV",40.086,-120.2096,1,15
811,"Reno, NV",40.2854,-120.5768,1,16
811,"Reno, NV",40.316,-120.7644,1,17
811,"Reno, NV",40.1919,-120.9286,1,18
811,"Reno, NV",40.2564,-121.0615,1,19
811,"Reno, NV",40.4465,-121.0614,1,20
811,"Reno, NV",40.4454,-121.3278,1,21
811,"Reno, NV",41.1839,-121.3318,1,22
811,"Reno, NV",41.184,-119.9999,1,23
811,"Reno, NV",41.9945,-119.9992,1,24
811,"Reno, NV",41.9994,-117.0183,1,25
811,"Reno, NV",41.0003,-117.0184,1,26
811,"Reno, NV",41.0004,-116.5868,1,27
811,"Reno, NV",39.1615,-116.6009,1,28
811,"Reno, NV",39.1634,-117.3319,1,29
811,"Reno, NV",38.9999,-118.1963,1,30
811,"Reno, NV",38.9191,-118.1962,1,31
811,"Reno, NV",38.0017,-117.1656,1,32
811,"Reno, NV",36.9711,-117.166,1,33
811,"Reno, NV",37.4649,-117.8327,1,34
811,"Reno, NV",37.4758,-118.8505,1,35
811,"Reno, NV",37.7303,-119.118,1,36
811,"Reno, NV",37.7392,-119.269,1,37
813,"Medford-Klamath Falls, OR",41.9985,-124.2116,1,1
813,"Medford-Klamath Falls, OR",42.1033,-124.3537,1,2
813,"Medford-Klamath Falls, OR",42.2514,-124.4141,1,3
813,"Medford-Klamath Falls, OR",42.6274,-124.4013,1,4
813,"Medford-Klamath Falls, OR",42.8364,-124.5667,1,5
813,"Medford-Klamath Falls, OR",42.955,-124.4795,1,6
813,"Medford-Klamath Falls, OR",42.9333,-124.2196,1,7
813,"Medford-Klamath Falls, OR",42.8493,-124.142,1,8
813,"Medford-Klamath Falls, OR",42.6664,-124.133,1,9
813,"Medford-Klamath Falls, OR",42.7999,-123.7815,1,10
813,"Medford-Klamath Falls, OR",42.6993,-123.4648,1,11
813,"Medford-Klamath Falls, OR",42.7794,-122.7948,1,12
813,"Medford-Klamath Falls, OR",42.9392,-122.5603,1,13
813,"Medford-Klamath Falls, OR",42.9966,-122.2818,1,14
813,"Medford-Klamath Falls, OR",43.0675,-122.2822,1,15
813,"Medford-Klamath Falls, OR",43.0674,-122.0733,1,16
813,"Medford-Klamath Falls, OR",43.2617,-121.9738,1,17
813,"Medford-Klamath Falls, OR",43.5209,-122.1493,1,18
813,"Medford-Klamath Falls, OR",43.6152,-122.0027,1,19
813,"Medford-Klamath Falls, OR",43.6103,-119.8964,1,20
813,"Medford-Klamath Falls, OR",42.7463,-119.9439,1,21
813,"Medford-Klamath Falls, OR",42.749,-119.3653,1,22
813,"Medford-Klamath Falls, OR",41.9944,-119.3602,1,23
813,"Medford-Klamath Falls, OR",41.9945,-119.9992,1,24
813,"Medford-Klamath Falls, OR",41.184,-119.9999,1,25
813,"Medford-Klamath Falls, OR",41.1827,-122.4984,1,26
813,"Medford-Klamath Falls, OR",41.3201,-122.4788,1,27
813,"Medford-Klamath Falls, OR",41.368,-122.5723,1,28
813,"Medford-Klamath Falls, OR",41.203,-122.8021,1,29
813,"Medford-Klamath Falls, OR",41.1815,-122.9613,1,30
813,"Medford-Klamath Falls, OR",41.0146,-122.9015,1,31
813,"Medford-Klamath Falls, OR",41.0042,-123.0371,1,32
813,"Medford-Klamath Falls, OR",41.1513,-123.3812,1,33
813,"Medford-Klamath Falls, OR",41.3765,-123.4873,1,34
813,"Medford-Klamath Falls, OR",41.3821,-123.6614,1,35
813,"Medford-Klamath Falls, OR",41.4621,-123.6118,1,36
813,"Medford-Klamath Falls, OR",41.5953,-123.7191,1,37
813,"Medford-Klamath Falls, OR",41.7141,-123.6602,1,38
813,"Medford-Klamath Falls, OR",41.8295,-123.7037,1,39
813,"Medford-Klamath Falls, OR",42.0009,-123.5179,1,40
813,"Medford-Klamath Falls, OR",41.9985,-124.2116,1,41
819,"Seattle-Tacoma, WA",47.2549,-122.375,1,1
819,"Seattle-Tacoma, WA",47.305,-122.4443,1,2
819,"Seattle-Tacoma, WA",47.3487,-122.3248,1,3
819,"Seattle-Tacoma, WA",47.5768,-122.4203,1,4
819,"Seattle-Tacoma, WA",47.6035,-122.3387,1,5
819,"Seattle-Tacoma, WA",47.662,-122.4362,1,6
819,"Seattle-Tacoma, WA",47.8033,-122.397,1,7
819,"Seattle-Tacoma, WA",47.9467,-122.3088,1,8
819,"Seattle-Tacoma, WA",48.0162,-122.1499,1,9
819,"Seattle-Tacoma, WA",48.1006,-122.3457,1,10
819,"Seattle-Tacoma, WA",48.2298,-122.3908,1,11
819,"Seattle-Tacoma, WA",48.1845,-122.4804,1,12
819,"Seattle-Tacoma, WA",48.0556,-122.3577,1,13
819,"Seattle-Tacoma, WA",48.1371,-122.5142,1,14
819,"Seattle-Tacoma, WA",48.2488,-122.5312,1,15
819,"Seattle-Tacoma, WA",48.2495,-122.3972,1,16
819,"Seattle-Tacoma, WA",48.3081,-122.3664,1,17
819,"Seattle-Tacoma, WA",48.4447,-122.5545,1,18
819,"Seattle-Tacoma, WA",48.4076,-122.6533,1,19
819,"Seattle-Tacoma, WA",48.4982,-122.7017,1,20
819,"Seattle-Tacoma, WA",48.4528,-122.4726,1,21
819,"Seattle-Tacoma, WA",48.5843,-122.56,1,22
819,"Seattle-Tacoma, WA",48.6004,-122.4255,1,23
819,"Seattle-Tacoma, WA",48.6685,-122.5099,1,24
819,"Seattle-Tacoma, WA",48.7515,-122.4858,1,25
819,"Seattle-Tacoma, WA",48.7888,-122.5829,1,26
819,"Seattle-Tacoma, WA",48.7335,-122.6733,1,27
819,"Seattle-Tacoma, WA",48.7836,-122.6442,1,28
819,"Seattle-Tacoma, WA",48.8933,-122.7948,1,29
819,"Seattle-Tacoma, WA",48.9344,-122.7483,1,30
819,"Seattle-Tacoma, WA",48.9456,-122.8243,1,31
819,"Seattle-Tacoma, WA",49.0024,-122.758,1,32
819,"Seattle-Tacoma, WA",49.0004,-120.8514,1,33
819,"Seattle-Tacoma, WA",48.7255,-120.6565,1,34
819,"Seattle-Tacoma, WA",48.6262,-120.7876,1,35
819,"Seattle-Tacoma, WA",48.4971,-120.6278,1,36
819,"Seattle-Tacoma, WA",48.3964,-120.6487,1,37
819,"Seattle-Tacoma, WA",47.9665,-120.0664,1,38
819,"Seattle-Tacoma, WA",47.9602,-119.8701,1,39
819,"Seattle-Tacoma, WA",48.0514,-119.8935,1,40
819,"Seattle-Tacoma, WA",48.1045,-119.7736,1,41
819,"Seattle-Tacoma, WA",47.9964,-119.6195,1,42
819,"Seattle-Tacoma, WA",48.0809,-119.5082,1,43
819,"Seattle-Tacoma, WA",48.0495,-119.3461,1,44
819,"Seattle-Tacoma, WA",48.1515,-119.1331,1,45
819,"Seattle-Tacoma, WA",48.0201,-118.9517,1,46
819,"Seattle-Tacoma, WA",47.8876,-119.2121,1,47
819,"Seattle-Tacoma, WA",47.6268,-119.3206,1,48
819,"Seattle-Tacoma, WA",47.5276,-119.5329,1,49
819,"Seattle-Tacoma, WA",47.4413,-119.5336,1,50
819,"Seattle-Tacoma, WA",47.4374,-119.8758,1,51
819,"Seattle-Tacoma, WA",47.3201,-120.0048,1,52
819,"Seattle-Tacoma, WA",47.2201,-120.0071,1,53
819,"Seattle-Tacoma, WA",47.3086,-120.5668,1,54
819,"Seattle-Tacoma, WA",47.4251,-120.9085,1,55
819,"Seattle-Tacoma, WA",47.5971,-121.1136,1,56
819,"Seattle-Tacoma, WA",47.5654,-121.2297,1,57
819,"Seattle-Tacoma, WA",47.3673,-121.466,1,58
819,"Seattle-Tacoma, WA",47.2832,-121.3444,1,59
819,"Seattle-Tacoma, WA",47.1476,-121.298,1,60
819,"Seattle-Tacoma, WA",47.1191,-121.4074,1,61
819,"Seattle-Tacoma, WA",47.055,-121.3753,1,62
819,"Seattle-Tacoma, WA",46.8737,-121.524,1,63
819,"Seattle-Tacoma, WA",46.7131,-121.353,1,64
819,"Seattle-Tacoma, WA",46.5201,-121.4551,1,65
819,"Seattle-Tacoma, WA",46.3897,-121.3939,1,66
819,"Seattle-Tacoma, WA",46.3856,-123.7261,1,67
819,"Seattle-Tacoma, WA",46.2895,-123.7279,1,68
819,"Seattle-Tacoma, WA",46.2401,-123.8742,1,69
819,"Seattle-Tacoma, WA",46.3133,-124.0013,1,70
819,"Seattle-Tacoma, WA",46.2672,-124.0807,1,71
819,"Seattle-Tacoma, WA",46.6336,-124.07,1,72
819,"Seattle-Tacoma, WA",46.3701,-124.0178,1,73
819,"Seattle-Tacoma, WA",46.3624,-123.9538,1,74
819,"Seattle-Tacoma, WA",46.4226,-123.9211,1,75
819,"Seattle-Tacoma, WA",46.4573,-123.935,1,76
819,"Seattle-Tacoma, WA",46.4134,-123.8894,1,77
819,"Seattle-Tacoma, WA",46.4179,-123.8578,1,78
819,"Seattle-Tacoma, WA",46.3874,-123.8409,1,79
819,"Seattle-Tacoma, WA",46.3877,-123.8292,1,80
819,"Seattle-Tacoma, WA",46.3789,-123.8331,1,81
819,"Seattle-Tacoma, WA",46.3702,-123.8256,1,82
819,"Seattle-Tacoma, WA",46.3766,-123.8213,1,83
819,"Seattle-Tacoma, WA",46.3884,-123.8285,1,84
819,"Seattle-Tacoma, WA",46.3886,-123.8402,1,85
819,"Seattle-Tacoma, WA",46.4236,-123.8558,1,86
819,"Seattle-Tacoma, WA",46.4654,-123.9387,1,87
819,"Seattle-Tacoma, WA",46.5152,-123.8887,1,88
819,"Seattle-Tacoma, WA",46.6365,-123.9585,1,89
819,"Seattle-Tacoma, WA",46.6179,-123.9415,1,90
819,"Seattle-Tacoma, WA",46.6128,-123.9125,1,91
819,"Seattle-Tacoma, WA",46.6033,-123.9151,1,92
819,"Seattle-Tacoma, WA",46.5969,-123.9025,1,93
819,"Seattle-Tacoma, WA",46.5989,-123.8978,1,94
819,"Seattle-Tacoma, WA",46.6736,-123.9288,1,95
819,"Seattle-Tacoma, WA",46.7153,-123.8416,1,96
819,"Seattle-Tacoma, WA",46.737,-124.0945,1,97
819,"Seattle-Tacoma, WA",46.9063,-124.1383,1,98
819,"Seattle-Tacoma, WA",46.8361,-124.0247,1,99
819,"Seattle-Tacoma, WA",46.8943,-124.0458,1,100
819,"Seattle-Tacoma, WA",46.9226,-123.9835,1,101
819,"Seattle-Tacoma, WA",46.9406,-123.8774,1,102
819,"Seattle-Tacoma, WA",46.9708,-123.8066,1,103
819,"Seattle-Tacoma, WA",47.0416,-124.1221,1,104
819,"Seattle-Tacoma, WA",46.943,-124.1081,1,105
819,"Seattle-Tacoma, WA",46.9264,-124.1801,1,106
819,"Seattle-Tacoma, WA",47.2063,-124.2036,1,107
819,"Seattle-Tacoma, WA",47.3549,-124.3189,1,108
819,"Seattle-Tacoma, WA",47.743,-124.4263,1,109
819,"Seattle-Tacoma, WA",47.9663,-124.6769,1,110
819,"Seattle-Tacoma, WA",48.1635,-124.733,1,111
819,"Seattle-Tacoma, WA",48.3276,-124.6586,1,112
819,"Seattle-Tacoma, WA",48.3829,-124.7292,1,113
819,"Seattle-Tacoma, WA",48.1658,-123.9872,1,114
819,"Seattle-Tacoma, WA",48.1129,-123.3255,1,115
819,"Seattle-Tacoma, WA",48.1159,-123.2472,1,116
819,"Seattle-Tacoma, WA",48.1723,-123.1537,1,117
819,"Seattle-Tacoma, WA",48.1762,-123.1432,1,118
819,"Seattle-Tacoma, WA",48.1838,-123.1023,1,119
819,"Seattle-Tacoma, WA",48.1468,-123.1853,1,120
819,"Seattle-Tacoma, WA",48.1209,-123.0669,1,121
819,"Seattle-Tacoma, WA",48.0243,-123.008,1,122
819,"Seattle-Tacoma, WA",48.0806,-123.041,1,123
819,"Seattle-Tacoma, WA",48.0938,-122.915,1,124
819,"Seattle-Tacoma, WA",47.9908,-122.8876,1,125
819,"Seattle-Tacoma, WA",48.0466,-122.8272,1,126
819,"Seattle-Tacoma, WA",48.1044,-122.8841,1,127
819,"Seattle-Tacoma, WA",48.1434,-122.7535,1,128
819,"Seattle-Tacoma, WA",48.0861,-122.801,1,129
819,"Seattle-Tacoma, WA",47.9705,-122.6801,1,130
819,"Seattle-Tacoma, WA",47.9168,-122.7046,1,131
819,"Seattle-Tacoma, WA",47.8883,-122.6089,1,132
819,"Seattle-Tacoma, WA",47.8679,-122.694,1,133
819,"Seattle-Tacoma, WA",47.682,-122.809,1,134
819,"Seattle-Tacoma, WA",47.8042,-122.7866,1,135
819,"Seattle-Tacoma, WA",47.8297,-122.86,1,136
819,"Seattle-Tacoma, WA",47.6459,-122.9032,1,137
819,"Seattle-Tacoma, WA",47.5489,-123.0458,1,138
819,"Seattle-Tacoma, WA",47.3542,-123.1602,1,139
819,"Seattle-Tacoma, WA",47.3279,-123.1203,1,140
819,"Seattle-Tacoma, WA",47.3579,-123.1051,1,141
819,"Seattle-Tacoma, WA",47.3508,-123.0295,1,142
819,"Seattle-Tacoma, WA",47.4327,-122.8437,1,143
819,"Seattle-Tacoma, WA",47.3898,-123.1192,1,144
819,"Seattle-Tacoma, WA",47.6219,-122.9175,1,145
819,"Seattle-Tacoma, WA",47.6679,-122.7522,1,146
819,"Seattle-Tacoma, WA",47.8561,-122.6091,1,147
819,"Seattle-Tacoma, WA",47.8229,-122.5661,1,148
819,"Seattle-Tacoma, WA",47.9406,-122.6031,1,149
819,"Seattle-Tacoma, WA",47.9118,-122.5259,1,150
819,"Seattle-Tacoma, WA",47.7569,-122.4702,1,151
819,"Seattle-Tacoma, WA",47.7696,-122.5581,1,152
819,"Seattle-Tacoma, WA",47.6894,-122.5902,1,153
819,"Seattle-Tacoma, WA",47.7463,-122.6527,1,154
819,"Seattle-Tacoma, WA",47.5671,-122.6114,1,155
819,"Seattle-Tacoma, WA",47.6498,-122.6863,1,156
819,"Seattle-Tacoma, WA",47.6112,-122.7097,1,157
819,"Seattle-Tacoma, WA",47.5648,-122.6224,1,158
819,"Seattle-Tacoma, WA",47.5272,-122.6974,1,159
819,"Seattle-Tacoma, WA",47.59,-122.551,1,160
819,"Seattle-Tacoma, WA",47.513,-122.4958,1,161
819,"Seattle-Tacoma, WA",47.3377,-122.591,1,162
819,"Seattle-Tacoma, WA",47.2861,-122.5483,1,163
819,"Seattle-Tacoma, WA",47.2822,-122.6965,1,164
819,"Seattle-Tacoma, WA",47.3716,-122.6258,1,165
819,"Seattle-Tacoma, WA",47.4109,-122.6296,1,166
819,"Seattle-Tacoma, WA",47.3442,-122.7354,1,167
819,"Seattle-Tacoma, WA",47.1662,-122.7687,1,168
819,"Seattle-Tacoma, WA",47.406,-122.8246,1,169
819,"Seattle-Tacoma, WA",47.326,-122.8347,1,170
819,"Seattle-Tacoma, WA",47.2815,-122.9266,1,171
819,"Seattle-Tacoma, WA",47.2051,-122.9366,1,172
819,"Seattle-Tacoma, WA",47.1998,-122.9978,1,173
819,"Seattle-Tacoma, WA",47.2095,-123.0045,1,174
819,"Seattle-Tacoma, WA",47.2052,-123.0618,1,175
819,"Seattle-Tacoma, WA",47.2611,-123.0186,1,176
819,"Seattle-Tacoma, WA",47.2086,-123.0959,1,177
819,"Seattle-Tacoma, WA",47.1941,-122.9962,1,178
819,"Seattle-Tacoma, WA",47.1982,-122.9383,1,179
819,"Seattle-Tacoma, WA",47.1694,-122.9618,1,180
819,"Seattle-Tacoma, WA",47.1545,-123.0512,1,181
819,"Seattle-Tacoma, WA",47.1346,-123.0864,1,182
819,"Seattle-Tacoma, WA",47.1521,-123.0173,1,183
819,"Seattle-Tacoma, WA",47.1217,-123.0253,1,184
819,"Seattle-Tacoma, WA",47.1218,-123.0536,1,185
819,"Seattle-Tacoma, WA",47.108,-123.0815,1,186
819,"Seattle-Tacoma, WA",47.0988,-123.0858,1,187
819,"Seattle-Tacoma, WA",47.0963,-123.0848,1,188
819,"Seattle-Tacoma, WA",47.117,-123.0134,1,189
819,"Seattle-Tacoma, WA",47.1808,-122.9393,1,190
819,"Seattle-Tacoma, WA",47.0616,-123.0141,1,191
819,"Seattle-Tacoma, WA",47.1469,-122.9261,1,192
819,"Seattle-Tacoma, WA",47.0801,-122.9372,1,193
819,"Seattle-Tacoma, WA",47.0474,-122.8939,1,194
819,"Seattle-Tacoma, WA",47.1397,-122.9076,1,195
819,"Seattle-Tacoma, WA",47.1646,-122.8437,1,196
819,"Seattle-Tacoma, WA",47.1205,-122.8618,1,197
819,"Seattle-Tacoma, WA",47.0936,-122.823,1,198
819,"Seattle-Tacoma, WA",47.1788,-122.8167,1,199
819,"Seattle-Tacoma, WA",47.0713,-122.7319,1,200
819,"Seattle-Tacoma, WA",47.1873,-122.5841,1,201
819,"Seattle-Tacoma, WA",47.2925,-122.529,1,202
819,"Seattle-Tacoma, WA",47.3166,-122.5479,1,203
819,"Seattle-Tacoma, WA",47.2549,-122.375,1,204
819,"Seattle-Tacoma, WA",48.9717,-123.0843,2,1
819,"Seattle-Tacoma, WA",49.0021,-123.0893,2,2
819,"Seattle-Tacoma, WA",48.9769,-123.0214,2,3
819,"Seattle-Tacoma, WA",48.979,-123.0688,2,4
819,"Seattle-Tacoma, WA",48.9717,-123.0843,2,5
819,"Seattle-Tacoma, WA",48.6404,-122.6086,3,1
819,"Seattle-Tacoma, WA",48.7168,-122.7188,3,2
819,"Seattle-Tacoma, WA",48.7488,-122.7154,3,3
819,"Seattle-Tacoma, WA",48.68,-122.6269,3,4
819,"Seattle-Tacoma, WA",48.6404,-122.6086,3,5
819,"Seattle-Tacoma, WA",48.6757,-123.0423,4,1
819,"Seattle-Tacoma, WA",48.6992,-123.0717,4,2
819,"Seattle-Tacoma, WA",48.7223,-123.0098,4,3
819,"Seattle-Tacoma, WA",48.6971,-123.005,4,4
819,"Seattle-Tacoma, WA",48.6757,-123.0423,4,5
819,"Seattle-Tacoma, WA",48.6938,-122.6152,5,1
819,"Seattle-Tacoma, WA",48.6969,-122.6305,5,2
819,"Seattle-Tacoma, WA",48.7125,-122.6509,5,3
819,"Seattle-Tacoma, WA",48.7197,-122.6211,5,4
819,"Seattle-Tacoma, WA",48.6938,-122.6152,5,5
819,"Seattle-Tacoma, WA",48.59,-122.8903,6,1
819,"Seattle-Tacoma, WA",48.6249,-123.0321,6,2
819,"Seattle-Tacoma, WA",48.7125,-122.9507,6,3
819,"Seattle-Tacoma, WA",48.661,-122.7437,6,4
819,"Seattle-Tacoma, WA",48.6003,-122.8304,6,5
819,"Seattle-Tacoma, WA",48.6941,-122.9095,6,6
819,"Seattle-Tacoma, WA",48.59,-122.8903,6,7
819,"Seattle-Tacoma, WA",48.6577,-123.1844,7,1
819,"Seattle-Tacoma, WA",48.6727,-123.2215,7,2
819,"Seattle-Tacoma, WA",48.689,-123.2366,7,3
819,"Seattle-Tacoma, WA",48.6804,-123.1729,7,4
819,"Seattle-Tacoma, WA",48.6577,-123.1844,7,5
819,"Seattle-Tacoma, WA",48.6334,-123.1081,8,1
819,"Seattle-Tacoma, WA",48.6359,-123.1351,8,2
819,"Seattle-Tacoma, WA",48.6488,-123.1632,8,3
819,"Seattle-Tacoma, WA",48.639,-123.1165,8,4
819,"Seattle-Tacoma, WA",48.6334,-123.1081,8,5
819,"Seattle-Tacoma, WA",48.6075,-122.662,9,1
819,"Seattle-Tacoma, WA",48.6172,-122.6961,9,2
819,"Seattle-Tacoma, WA",48.6211,-122.6993,9,3
819,"Seattle-Tacoma, WA",48.6297,-122.6747,9,4
819,"Seattle-Tacoma, WA",48.6075,-122.662,9,5
819,"Seattle-Tacoma, WA",48.4516,-122.963,10,1
819,"Seattle-Tacoma, WA",48.4977,-123.1315,10,2
819,"Seattle-Tacoma, WA",48.6068,-123.1646,10,3
819,"Seattle-Tacoma, WA",48.5595,-123.0122,10,4
819,"Seattle-Tacoma, WA",48.4516,-122.963,10,5
819,"Seattle-Tacoma, WA",48.5835,-123.1829,11,1
819,"Seattle-Tacoma, WA",48.6007,-123.2007,11,2
819,"Seattle-Tacoma, WA",48.6214,-123.1806,11,3
819,"Seattle-Tacoma, WA",48.6018,-123.1712,11,4
819,"Seattle-Tacoma, WA",48.5835,-123.1829,11,5
819,"Seattle-Tacoma, WA",48.5406,-122.7224,12,1
819,"Seattle-Tacoma, WA",48.5851,-122.7405,12,2
819,"Seattle-Tacoma, WA",48.6075,-122.7093,12,3
819,"Seattle-Tacoma, WA",48.5668,-122.6675,12,4
819,"Seattle-Tacoma, WA",48.5406,-122.7224,12,5
819,"Seattle-Tacoma, WA",48.5935,-122.9906,13,1
819,"Seattle-Tacoma, WA",48.5943,-123.0067,13,2
819,"Seattle-Tacoma, WA",48.6006,-122.9923,13,3
819,"Seattle-Tacoma, WA",48.5935,-122.9906,13,4
819,"Seattle-Tacoma, WA",48.5471,-122.9453,14,1
819,"Seattle-Tacoma, WA",48.5513,-122.9764,14,2
819,"Seattle-Tacoma, WA",48.5804,-123.0169,14,3
819,"Seattle-Tacoma, WA",48.5795,-122.9033,14,4
819,"Seattle-Tacoma, WA",48.5471,-122.9453,14,5
819,"Seattle-Tacoma, WA",48.5254,-122.6397,15,1
819,"Seattle-Tacoma, WA",48.5884,-122.6496,15,2
819,"Seattle-Tacoma, WA",48.5288,-122.5741,15,3
819,"Seattle-Tacoma, WA",48.5373,-122.5968,15,4
819,"Seattle-Tacoma, WA",48.5254,-122.6397,15,5
819,"Seattle-Tacoma, WA",48.5324,-122.8027,16,1
819,"Seattle-Tacoma, WA",48.5542,-122.8267,16,2
819,"Seattle-Tacoma, WA",48.5867,-122.816,16,3
819,"Seattle-Tacoma, WA",48.556,-122.77,16,4
819,"Seattle-Tacoma, WA",48.5324,-122.8027,16,5
819,"Seattle-Tacoma, WA",48.4181,-122.8754,17,1
819,"Seattle-Tacoma, WA",48.4654,-122.9455,17,2
819,"Seattle-Tacoma, WA",48.5729,-122.8839,17,3
819,"Seattle-Tacoma, WA",48.4477,-122.8549,17,4
819,"Seattle-Tacoma, WA",48.4471,-122.8003,17,5
819,"Seattle-Tacoma, WA",48.4181,-122.8754,17,6
819,"Seattle-Tacoma, WA",48.4818,-122.8237,18,1
819,"Seattle-Tacoma, WA",48.4983,-122.8168,18,2
819,"Seattle-Tacoma, WA",48.5154,-122.8382,18,3
819,"Seattle-Tacoma, WA",48.524,-122.7892,18,4
819,"Seattle-Tacoma, WA",48.4818,-122.8237,18,5
819,"Seattle-Tacoma, WA",48.4855,-122.8344,19,1
819,"Seattle-Tacoma, WA",48.4945,-122.833,19,2
819,"Seattle-Tacoma, WA",48.4901,-122.8239,19,3
819,"Seattle-Tacoma, WA",48.4855,-122.8344,19,4
819,"Seattle-Tacoma, WA",47.9044,-122.3783,20,1
819,"Seattle-Tacoma, WA",47.9962,-122.4809,20,2
819,"Seattle-Tacoma, WA",47.9673,-122.5463,20,3
819,"Seattle-Tacoma, WA",48.1549,-122.6096,20,4
819,"Seattle-Tacoma, WA",48.2172,-122.7648,20,5
819,"Seattle-Tacoma, WA",48.4016,-122.6626,20,6
819,"Seattle-Tacoma, WA",48.2999,-122.5047,20,7
819,"Seattle-Tacoma, WA",48.2323,-122.7341,20,8
819,"Seattle-Tacoma, WA",48.2063,-122.6053,20,9
819,"Seattle-Tacoma, WA",48.0164,-122.5414,20,10
819,"Seattle-Tacoma, WA",48.097,-122.5253,20,11
819,"Seattle-Tacoma, WA",48.0347,-122.3756,20,12
819,"Seattle-Tacoma, WA",47.9044,-122.3783,20,13
819,"Seattle-Tacoma, WA",48.395,-122.5764,21,1
819,"Seattle-Tacoma, WA",48.3989,-122.5778,21,2
819,"Seattle-Tacoma, WA",48.4024,-122.5603,21,3
819,"Seattle-Tacoma, WA",48.3976,-122.5608,21,4
819,"Seattle-Tacoma, WA",48.395,-122.5764,21,5
819,"Seattle-Tacoma, WA",48.1187,-122.9458,22,1
819,"Seattle-Tacoma, WA",48.1325,-122.9323,22,2
819,"Seattle-Tacoma, WA",48.1271,-122.9106,22,3
819,"Seattle-Tacoma, WA",48.1207,-122.9435,22,4
819,"Seattle-Tacoma, WA",48.1187,-122.9458,22,5
819,"Seattle-Tacoma, WA",48.0085,-122.6902,23,1
819,"Seattle-Tacoma, WA",48.0256,-122.7246,23,2
819,"Seattle-Tacoma, WA",48.0725,-122.749,23,3
819,"Seattle-Tacoma, WA",48.0168,-122.6998,23,4
819,"Seattle-Tacoma, WA",48.1037,-122.6924,23,5
819,"Seattle-Tacoma, WA",48.0085,-122.6902,23,6
819,"Seattle-Tacoma, WA",48.0056,-122.3028,24,1
819,"Seattle-Tacoma, WA",48.0071,-122.3204,24,2
819,"Seattle-Tacoma, WA",48.0201,-122.3333,24,3
819,"Seattle-Tacoma, WA",48.0222,-122.3278,24,4
819,"Seattle-Tacoma, WA",48.0056,-122.3028,24,5
819,"Seattle-Tacoma, WA",47.5731,-122.5149,25,1
819,"Seattle-Tacoma, WA",47.6635,-122.5936,25,2
819,"Seattle-Tacoma, WA",47.7218,-122.5496,25,3
819,"Seattle-Tacoma, WA",47.695,-122.5033,25,4
819,"Seattle-Tacoma, WA",47.5731,-122.5149,25,5
819,"Seattle-Tacoma, WA",47.5304,-122.4846,26,1
819,"Seattle-Tacoma, WA",47.5311,-122.4948,26,2
819,"Seattle-Tacoma, WA",47.5446,-122.5063,26,3
819,"Seattle-Tacoma, WA",47.5433,-122.4825,26,4
819,"Seattle-Tacoma, WA",47.5304,-122.4846,26,5
819,"Seattle-Tacoma, WA",47.3306,-122.4908,27,1
819,"Seattle-Tacoma, WA",47.3968,-122.5278,27,2
819,"Seattle-Tacoma, WA",47.5117,-122.4761,27,3
819,"Seattle-Tacoma, WA",47.388,-122.3737,27,4
819,"Seattle-Tacoma, WA",47.3421,-122.456,27,5
819,"Seattle-Tacoma, WA",47.3872,-122.4335,27,6
819,"Seattle-Tacoma, WA",47.4016,-122.4607,27,7
819,"Seattle-Tacoma, WA",47.3306,-122.4908,27,8
819,"Seattle-Tacoma, WA",47.3352,-122.8286,28,1
819,"Seattle-Tacoma, WA",47.3467,-122.8221,28,2
819,"Seattle-Tacoma, WA",47.345,-122.8216,28,3
819,"Seattle-Tacoma, WA",47.3352,-122.8286,28,4
819,"Seattle-Tacoma, WA",47.3261,-122.6633,29,1
819,"Seattle-Tacoma, WA",47.3281,-122.6777,29,2
819,"Seattle-Tacoma, WA",47.3303,-122.6589,29,3
819,"Seattle-Tacoma, WA",47.3261,-122.6633,29,4
819,"Seattle-Tacoma, WA",47.3159,-122.8342,30,1
819,"Seattle-Tacoma, WA",47.3312,-122.8284,30,2
819,"Seattle-Tacoma, WA",47.3298,-122.8192,30,3
819,"Seattle-Tacoma, WA",47.3198,-122.8234,30,4
819,"Seattle-Tacoma, WA",47.3159,-122.8342,30,5
819,"Seattle-Tacoma, WA",47.1627,-122.8791,31,1
819,"Seattle-Tacoma, WA",47.2442,-122.9245,31,2
819,"Seattle-Tacoma, WA",47.301,-122.8482,31,3
819,"Seattle-Tacoma, WA",47.2099,-122.841,31,4
819,"Seattle-Tacoma, WA",47.1627,-122.8791,31,5
819,"Seattle-Tacoma, WA",47.2187,-122.6101,32,1
819,"Seattle-Tacoma, WA",47.2692,-122.669,32,2
819,"Seattle-Tacoma, WA",47.2776,-122.6692,32,3
819,"Seattle-Tacoma, WA",47.2332,-122.5878,32,4
819,"Seattle-Tacoma, WA",47.2187,-122.6101,32,5
819,"Seattle-Tacoma, WA",47.2565,-122.8384,33,1
819,"Seattle-Tacoma, WA",47.2709,-122.8353,33,2
819,"Seattle-Tacoma, WA",47.2705,-122.8262,33,3
819,"Seattle-Tacoma, WA",47.2565,-122.8358,33,4
819,"Seattle-Tacoma, WA",47.2565,-122.8384,33,5
819,"Seattle-Tacoma, WA",47.1905,-122.6726,34,1
819,"Seattle-Tacoma, WA",47.2002,-122.7187,34,2
819,"Seattle-Tacoma, WA",47.2072,-122.7274,34,3
819,"Seattle-Tacoma, WA",47.2308,-122.6784,34,4
819,"Seattle-Tacoma, WA",47.1905,-122.6726,34,5
819,"Seattle-Tacoma, WA",47.1682,-122.891,35,1
819,"Seattle-Tacoma, WA",47.1951,-122.9244,35,2
819,"Seattle-Tacoma, WA",47.2253,-122.9258,35,3
819,"Seattle-Tacoma, WA",47.1936,-122.8992,35,4
819,"Seattle-Tacoma, WA",47.1682,-122.891,35,5
819,"Seattle-Tacoma, WA",47.1242,-122.6998,36,1
819,"Seattle-Tacoma, WA",47.1522,-122.7423,36,2
819,"Seattle-Tacoma, WA",47.1876,-122.7063,36,3
819,"Seattle-Tacoma, WA",47.1738,-122.6732,36,4
819,"Seattle-Tacoma, WA",47.1242,-122.6998,36,5
819,"Seattle-Tacoma, WA",47.1473,-122.6396,37,1
819,"Seattle-Tacoma, WA",47.1673,-122.6322,37,2
819,"Seattle-Tacoma, WA",47.1627,-122.6279,37,3
819,"Seattle-Tacoma, WA",47.1473,-122.6396,37,4
819,"Seattle-Tacoma, WA",46.4081,-123.9609,38,1
819,"Seattle-Tacoma, WA",46.4605,-124.0017,38,2
819,"Seattle-Tacoma, WA",46.498,-123.9864,38,3
819,"Seattle-Tacoma, WA",46.4658,-123.9452,38,4
819,"Seattle-Tacoma, WA",46.4081,-123.9609,38,5
820,"Portland, OR",44.4243,-124.0793,1,1
820,"Portland, OR",44.4961,-124.0865,1,2
820,"Portland, OR",44.6129,-124.0703,1,3
820,"Portland, OR",44.6206,-124.0047,1,4
820,"Portland, OR",44.6179,-124.0677,1,5
820,"Portland, OR",44.7973,-124.0741,1,6
820,"Portland, OR",45.172,-123.9325,1,7
820,"Portland, OR",45.3394,-124.0081,1,8
820,"Portland, OR",45.4037,-123.9315,1,9
820,"Portland, OR",45.4861,-123.9788,1,10
820,"Portland, OR",45.5649,-123.9476,1,11
820,"Portland, OR",45.5008,-123.9358,1,12
820,"Portland, OR",45.5015,-123.8684,1,13
820,"Portland, OR",45.5622,-123.8953,1,14
820,"Portland, OR",45.5699,-123.9564,1,15
820,"Portland, OR",45.6965,-123.8995,1,16
820,"Portland, OR",45.6607,-123.9386,1,17
820,"Portland, OR",45.7617,-123.9825,1,18
820,"Portland, OR",45.9464,-123.9937,1,19
820,"Portland, OR",46.0484,-123.93,1,20
820,"Portland, OR",46.2293,-124.0243,1,21
820,"Portland, OR",46.1507,-123.82,1,22
820,"Portland, OR",46.1889,-123.8658,1,23
820,"Portland, OR",46.2351,-123.5012,1,24
820,"Portland, OR",46.1488,-123.3984,1,25
820,"Portland, OR",46.1513,-123.3793,1,26
820,"Portland, OR",46.2678,-123.4748,1,27
820,"Portland, OR",46.2895,-123.7279,1,28
820,"Portland, OR",46.3856,-123.7261,1,29
820,"Portland, OR",46.3882,-121.5236,1,30
820,"Portland, OR",46.044,-121.5239,1,31
820,"Portland, OR",46.0407,-119.8663,1,32
820,"Portland, OR",45.836,-119.8681,1,33
820,"Portland, OR",45.8125,-119.9995,1,34
820,"Portland, OR",45.2575,-120.0067,1,35
820,"Portland, OR",45.1676,-119.7601,1,36
820,"Portland, OR",44.9946,-119.7911,1,37
820,"Portland, OR",44.9944,-119.672,1,38
820,"Portland, OR",43.9591,-119.6576,1,39
820,"Portland, OR",43.96,-118.8166,1,40
820,"Portland, OR",44.0477,-118.8163,1,41
820,"Portland, OR",44.04,-118.2274,1,42
820,"Portland, OR",41.997,-118.1972,1,43
820,"Portland, OR",41.9944,-119.3602,1,44
820,"Portland, OR",42.749,-119.3653,1,45
820,"Portland, OR",42.7463,-119.9439,1,46
820,"Portland, OR",43.6983,-119.8982,1,47
820,"Portland, OR",43.6988,-120.258,1,48
820,"Portland, OR",43.7853,-120.2579,1,49
820,"Portland, OR",43.785,-120.3785,1,50
820,"Portland, OR",43.872,-120.3789,1,51
820,"Portland, OR",43.8713,-120.7479,1,52
820,"Portland, OR",43.9575,-120.7483,1,53
820,"Portland, OR",43.9609,-120.9865,1,54
820,"Portland, OR",44.1338,-120.9873,1,55
820,"Portland, OR",44.138,-121.1026,1,56
820,"Portland, OR",44.3905,-121.1073,1,57
820,"Portland, OR",44.3924,-121.8427,1,58
820,"Portland, OR",44.2581,-121.7994,1,59
820,"Portland, OR",44.2093,-122.3804,1,60
820,"Portland, OR",44.2879,-122.865,1,61
820,"Portland, OR",44.2002,-122.9056,1,62
820,"Portland, OR",44.2,-123.1654,1,63
820,"Portland, OR",44.5558,-123.2606,1,64
820,"Portland, OR",44.6504,-123.0736,1,65
820,"Portland, OR",44.7203,-123.1491,1,66
820,"Portland, OR",44.7212,-123.6026,1,67
820,"Portland, OR",44.4329,-123.5972,1,68
820,"Portland, OR",44.4331,-123.7204,1,69
820,"Portland, OR",44.3606,-123.7152,1,70
820,"Portland, OR",44.3448,-123.8169,1,71
820,"Portland, OR",44.2836,-123.7754,1,72
820,"Portland, OR",44.2763,-124.1159,1,73
820,"Portland, OR",44.4169,-124.084,1,74
820,"Portland, OR",44.417,-124.0094,1,75
820,"Portland, OR",44.4243,-124.0793,1,76
820,"Portland, OR",45.8606,-117.9729,2,1
820,"Portland, OR",45.861,-117.7473,2,2
820,"Portland, OR",45.6896,-117.7877,2,3
820,"Portland, OR",45.5147,-117.7273,2,4
820,"Portland, OR",45.1653,-117.477,2,5
820,"Portland, OR",45.1659,-117.2672,2,6
820,"Portland, OR",45.0808,-117.2666,2,7
820,"Portland, OR",45.079,-116.7839,2,8
820,"Portland, OR",44.8808,-116.857,2,9
820,"Portland, OR",44.7271,-117.0623,2,10
820,"Portland, OR",44.4837,-117.2241,2,11
820,"Portland, OR",44.3014,-117.2201,2,12
820,"Portland, OR",44.3014,-117.4862,2,13
820,"Portland, OR",44.3877,-117.4859,2,14
820,"Portland, OR",44.4445,-117.591,2,15
820,"Portland, OR",44.4433,-117.9716,2,16
820,"Portland, OR",44.2561,-118.1932,2,17
820,"Portland, OR",44.2551,-118.4972,2,18
820,"Portland, OR",44.589,-118.3062,2,19
820,"Portland, OR",44.7064,-118.5193,2,20
820,"Portland, OR",44.7508,-118.2853,2,21
820,"Portland, OR",44.8361,-118.3189,2,22
820,"Portland, OR",44.8654,-118.2281,2,23
820,"Portland, OR",44.9368,-118.2236,2,24
820,"Portland, OR",44.996,-118.5191,2,25
820,"Portland, OR",45.197,-118.5467,2,26
820,"Portland, OR",45.1969,-118.6558,2,27
820,"Portland, OR",45.3452,-118.6977,2,28
820,"Portland, OR",45.3552,-118.4283,2,29
820,"Portland, OR",45.4427,-118.4052,2,30
820,"Portland, OR",45.4708,-118.1171,2,31
820,"Portland, OR",45.6885,-118.1172,2,32
820,"Portland, OR",45.8606,-117.9729,2,33
821,"Bend, OR",43.6152,-122.0027,1,1
821,"Bend, OR",43.8577,-121.975,1,2
821,"Bend, OR",43.9119,-121.8693,1,3
821,"Bend, OR",44.1014,-121.7686,1,4
821,"Bend, OR",44.392,-121.8432,1,5
821,"Bend, OR",44.393,-121.2291,1,6
821,"Bend, OR",44.3905,-121.1073,1,7
821,"Bend, OR",44.138,-121.1026,1,8
821,"Bend, OR",44.1338,-120.9873,1,9
821,"Bend, OR",43.9609,-120.9865,1,10
821,"Bend, OR",43.9575,-120.7483,1,11
821,"Bend, OR",43.8713,-120.7479,1,12
821,"Bend, OR",43.872,-120.3789,1,13
821,"Bend, OR",43.785,-120.3785,1,14
821,"Bend, OR",43.7853,-120.2579,1,15
821,"Bend, OR",43.6988,-120.258,1,16
821,"Bend, OR",43.6983,-119.8982,1,17
821,"Bend, OR",43.6103,-119.8964,1,18
821,"Bend, OR",43.6152,-122.0027,1,19
825,"San Diego, CA",32.6186,-116.1062,1,1
825,"San Diego, CA",32.5342,-117.1249,1,2
825,"San Diego, CA",32.6977,-117.2269,1,3
825,"San Diego, CA",32.6029,-117.1052,1,4
825,"San Diego, CA",32.6741,-117.1161,1,5
825,"San Diego, CA",32.7274,-117.1783,1,6
825,"San Diego, CA",32.698,-117.2561,1,7
825,"San Diego, CA",32.7621,-117.1861,1,8
825,"San Diego, CA",32.7593,-117.2531,1,9
825,"San Diego, CA",32.8223,-117.2808,1,10
825,"San Diego, CA",33.1152,-117.3251,1,11
825,"San Diego, CA",33.3861,-117.5954,1,12
825,"San Diego, CA",33.4536,-117.5799,1,13
825,"San Diego, CA",33.505,-117.3642,1,14
825,"San Diego, CA",33.4318,-117.2413,1,15
825,"San Diego, CA",33.4259,-116.0852,1,16
825,"San Diego, CA",32.6186,-116.1062,1,17
828,"Monterey-Salinas, CA",35.7952,-121.3473,1,1
828,"Monterey-Salinas, CA",36.1635,-121.6758,1,2
828,"Monterey-Salinas, CA",36.3061,-121.9027,1,3
828,"Monterey-Salinas, CA",36.5805,-121.9786,1,4
828,"Monterey-Salinas, CA",36.6827,-121.8145,1,5
828,"Monterey-Salinas, CA",36.8048,-121.7883,1,6
828,"Monterey-Salinas, CA",36.9323,-121.8631,1,7
828,"Monterey-Salinas, CA",36.9762,-122.1532,1,8
828,"Monterey-Salinas, CA",37.1869,-122.3177,1,9
828,"Monterey-Salinas, CA",37.2154,-122.1528,1,10
828,"Monterey-Salinas, CA",37.2768,-122.1532,1,11
828,"Monterey-Salinas, CA",37.2858,-122.1496,1,12
828,"Monterey-Salinas, CA",36.8942,-121.575,1,13
828,"Monterey-Salinas, CA",36.9831,-121.489,1,14
828,"Monterey-Salinas, CA",36.9612,-121.2145,1,15
828,"Monterey-Salinas, CA",36.8367,-121.1415,1,16
828,"Monterey-Salinas, CA",36.4882,-120.5972,1,17
828,"Monterey-Salinas, CA",36.1381,-120.6676,1,18
828,"Monterey-Salinas, CA",35.8966,-120.2637,1,19
828,"Monterey-Salinas, CA",35.7893,-120.214,1,20
828,"Monterey-Salinas, CA",35.7952,-121.3473,1,21
828,"Monterey-Salinas, CA",37.0116,-121.7173,2,1
828,"Monterey-Salinas, CA",37.0117,-121.7175,2,2
828,"Monterey-Salinas, CA",37.0126,-121.7177,2,3
828,"Monterey-Salinas, CA",37.012,-121.7167,2,4
828,"Monterey-Salinas, CA",37.0116,-121.7173,2,5
839,"Las Vegas, NV",35.0021,-114.633,1,1
839,"Las Vegas, NV",36.9711,-117.166,1,2
839,"Las Vegas, NV",38.0017,-117.1656,1,3
839,"Las Vegas, NV",38.9191,-118.1962,1,4
839,"Las Vegas, NV",38.9999,-118.1963,1,5
839,"Las Vegas, NV",39.1634,-117.3319,1,6
839,"Las Vegas, NV",39.1618,-115.9071,1,7
839,"Las Vegas, NV",38.6773,-115.0008,1,8
839,"Las Vegas, NV",38.6774,-114.0498,1,9
839,"Las Vegas, NV",36.1941,-114.0468,1,10
839,"Las Vegas, NV",36.0239,-114.1541,1,11
839,"Las Vegas, NV",36.0173,-114.2468,1,12
839,"Las Vegas, NV",36.1474,-114.4055,1,13
839,"Las Vegas, NV",36.0872,-114.7556,1,14
839,"Las Vegas, NV",35.872,-114.662,1,15
839,"Las Vegas, NV",35.8055,-114.7121,1,16
839,"Las Vegas, NV",35.5,-114.6792,1,17
839,"Las Vegas, NV",35.1835,-114.5692,1,18
839,"Las Vegas, NV",35.1019,-114.6468,1,19
839,"Las Vegas, NV",35.0021,-114.633,1,20
855,"Santa Barbara-Santa Maria-San Luis Obispo, CA",34.4421,-120.4536,1,1
855,"Santa Barbara-Santa Maria-San Luis Obispo, CA",34.5773,-120.6506,1,2
855,"Santa Barbara-Santa Maria-San Luis Obispo, CA",34.7046,-120.6005,1,3
855,"Santa Barbara-Santa Maria-San Luis Obispo, CA",34.9028,-120.6719,1,4
855,"Santa Barbara-Santa Maria-San Luis Obispo, CA",35.1436,-120.6472,1,5
855,"Santa Barbara-Santa Maria-San Luis Obispo, CA",35.206,-120.8567,1,6
855,"Santa Barbara-Santa Maria-San Luis Obispo, CA",35.2552,-120.8997,1,7
855,"Santa Barbara-Santa Maria-San Luis Obispo, CA",35.3677,-120.863,1,8
855,"Santa Barbara-Santa Maria-San Luis Obispo, CA",35.3115,-120.8666,1,9
855,"Santa Barbara-Santa Maria-San Luis Obispo, CA",35.3379,-120.8273,1,10
855,"Santa Barbara-Santa Maria-San Luis Obispo, CA",35.4343,-120.888,1,11
855,"Santa Barbara-Santa Maria-San Luis Obispo, CA",35.6646,-121.2866,1,12
855,"Santa Barbara-Santa Maria-San Luis Obispo, CA",35.7952,-121.3473,1,13
855,"Santa Barbara-Santa Maria-San Luis Obispo, CA",35.7892,-120.1941,1,14
855,"Santa Barbara-Santa Maria-San Luis Obispo, CA",35.6144,-120.1939,1,15
855,"Santa Barbara-Santa Maria-San Luis Obispo, CA",35.6145,-120.0859,1,16
855,"Santa Barbara-Santa Maria-San Luis Obispo, CA",35.5266,-120.0867,1,17
855,"Santa Barbara-Santa Maria-San Luis Obispo, CA",35.4395,-119.9974,1,18
855,"Santa Barbara-Santa Maria-San Luis Obispo, CA",35.4391,-119.88,1,19
855,"Santa Barbara-Santa Maria-San Luis Obispo, CA",35.2636,-119.8095,1,20
855,"Santa Barbara-Santa Maria-San Luis Obispo, CA",35.2625,-119.6667,1,21
855,"Santa Barbara-Santa Maria-San Luis Obispo, CA",35.1748,-119.6671,1,22
855,"Santa Barbara-Santa Maria-San Luis Obispo, CA",35.18,-119.5535,1,23
855,"Santa Barbara-Santa Maria-San Luis Obispo, CA",35.0877,-119.561,1,24
855,"Santa Barbara-Santa Maria-San Luis Obispo, CA",35.0769,-119.4727,1,25
855,"Santa Barbara-Santa Maria-San Luis Obispo, CA",34.3734,-119.4768,1,26
855,"Santa Barbara-Santa Maria-San Luis Obispo, CA",34.4733,-120.137,1,27
855,"Santa Barbara-Santa Maria-San Luis Obispo, CA",34.4421,-120.4536,1,28
855,"Santa Barbara-Santa Maria-San Luis Obispo, CA",33.96,-119.8179,2,1
855,"Santa Barbara-Santa Maria-San Luis Obispo, CA",34.0772,-119.9192,2,2
855,"Santa Barbara-Santa Maria-San Luis Obispo, CA",34.0343,-119.5206,2,3
855,"Santa Barbara-Santa Maria-San Luis Obispo, CA",33.9954,-119.5601,2,4
855,"Santa Barbara-Santa Maria-San Luis Obispo, CA",33.96,-119.8179,2,5
855,"Santa Barbara-Santa Maria-San Luis Obispo, CA",34.014,-120.359,3,1
855,"Santa Barbara-Santa Maria-San Luis Obispo, CA",34.0319,-120.4082,3,2
855,"Santa Barbara-Santa Maria-San Luis Obispo, CA",34.0294,-120.4524,3,3
855,"Santa Barbara-Santa Maria-San Luis Obispo, CA",34.0765,-120.3683,3,4
855,"Santa Barbara-Santa Maria-San Luis Obispo, CA",34.0286,-120.3064,3,5
855,"Santa Barbara-Santa Maria-San Luis Obispo, CA",34.014,-120.359,3,6
855,"Santa Barbara-Santa Maria-San Luis Obispo, CA",33.8941,-120.1163,4,1
855,"Santa Barbara-Santa Maria-San Luis Obispo, CA",33.9247,-120.1803,4,2
855,"Santa Barbara-Santa Maria-San Luis Obispo, CA",34.0026,-120.2501,4,3
855,"Santa Barbara-Santa Maria-San Luis Obispo, CA",34.0377,-120.0551,4,4
855,"Santa Barbara-Santa Maria-San Luis Obispo, CA",33.9834,-119.9792,4,5
855,"Santa Barbara-Santa Maria-San Luis Obispo, CA",33.8941,-120.1163,4,6
862,"Sacramento-Stockton-Modesto, CA",38.0478,-121.8845,1,1
862,"Sacramento-Stockton-Modesto, CA",38.0845,-121.9122,1,2
862,"Sacramento-Stockton-Modesto, CA",38.0896,-122.0131,1,3
862,"Sacramento-Stockton-Modesto, CA",38.1141,-121.9837,1,4
862,"Sacramento-Stockton-Modesto, CA",38.1406,-121.9998,1,5
862,"Sacramento-Stockton-Modesto, CA",38.1793,-122.2156,1,6
862,"Sacramento-Stockton-Modesto, CA",38.3151,-122.2064,1,7
862,"Sacramento-Stockton-Modesto, CA",38.3289,-122.0614,1,8
862,"Sacramento-Stockton-Modesto, CA",38.6099,-122.1399,1,9
862,"Sacramento-Stockton-Modesto, CA",38.8399,-122.288,1,10
862,"Sacramento-Stockton-Modesto, CA",38.9009,-122.4221,1,11
862,"Sacramento-Stockton-Modesto, CA",38.9242,-122.3402,1,12
862,"Sacramento-Stockton-Modesto, CA",39.0535,-122.492,1,13
862,"Sacramento-Stockton-Modesto, CA",39.173,-122.4759,1,14
862,"Sacramento-Stockton-Modesto, CA",39.2245,-122.6797,1,15
862,"Sacramento-Stockton-Modesto, CA",39.3825,-122.7847,1,16
862,"Sacramento-Stockton-Modesto, CA",39.4136,-122.0089,1,17
862,"Sacramento-Stockton-Modesto, CA",39.3831,-121.889,1,18
862,"Sacramento-Stockton-Modesto, CA",39.3039,-121.9083,1,19
862,"Sacramento-Stockton-Modesto, CA",39.3401,-121.4065,1,20
862,"Sacramento-Stockton-Modesto, CA",39.5196,-121.3051,1,21
862,"Sacramento-Stockton-Modesto, CA",39.5195,-121.1591,1,22
862,"Sacramento-Stockton-Modesto, CA",39.5973,-121.0767,1,23
862,"Sacramento-Stockton-Modesto, CA",39.9003,-121.43,1,24
862,"Sacramento-Stockton-Modesto, CA",40.0861,-121.3668,1,25
862,"Sacramento-Stockton-Modesto, CA",40.1907,-121.4441,1,26
862,"Sacramento-Stockton-Modesto, CA",40.3098,-121.3423,1,27
862,"Sacramento-Stockton-Modesto, CA",40.3525,-121.4731,1,28
862,"Sacramento-Stockton-Modesto, CA",40.4456,-121.4976,1,29
862,"Sacramento-Stockton-Modesto, CA",40.4465,-121.0614,1,30
862,"Sacramento-Stockton-Modesto, CA",40.2348,-121.0415,1,31
862,"Sacramento-Stockton-Modesto, CA",40.1921,-120.8906,1,32
862,"Sacramento-Stockton-Modesto, CA",40.3012,-120.7966,1,33
862,"Sacramento-Stockton-Modesto, CA",40.3077,-120.6522,1,34
862,"Sacramento-Stockton-Modesto, CA",40.086,-120.2096,1,35
862,"Sacramento-Stockton-Modesto, CA",39.9103,-120.0996,1,36
862,"Sacramento-Stockton-Modesto, CA",39.7077,-120.1472,1,37
862,"Sacramento-Stockton-Modesto, CA",39.7224,-120.0013,1,38
862,"Sacramento-Stockton-Modesto, CA",39.0675,-120.0025,1,39
862,"Sacramento-Stockton-Modesto, CA",39.0197,-120.2066,1,40
862,"Sacramento-Stockton-Modesto, CA",38.7657,-120.0654,1,41
862,"Sacramento-Stockton-Modesto, CA",38.4471,-120.0726,1,42
862,"Sacramento-Stockton-Modesto, CA",38.3562,-119.8847,1,43
862,"Sacramento-Stockton-Modesto, CA",38.416,-119.7053,1,44
862,"Sacramento-Stockton-Modesto, CA",38.1989,-119.6327,1,45
862,"Sacramento-Stockton-Modesto, CA",38.0831,-119.3459,1,46
862,"Sacramento-Stockton-Modesto, CA",37.8437,-119.1964,1,47
862,"Sacramento-Stockton-Modesto, CA",37.7392,-119.269,1,48
862,"Sacramento-Stockton-Modesto, CA",37.9041,-119.5357,1,49
862,"Sacramento-Stockton-Modesto, CA",37.7549,-119.8085,1,50
862,"Sacramento-Stockton-Modesto, CA",37.7996,-120.174,1,51
862,"Sacramento-Stockton-Modesto, CA",37.7257,-120.3452,1,52
862,"Sacramento-Stockton-Modesto, CA",37.6537,-120.3126,1,53
862,"Sacramento-Stockton-Modesto, CA",37.6836,-120.3919,1,54
862,"Sacramento-Stockton-Modesto, CA",37.6335,-120.3877,1,55
862,"Sacramento-Stockton-Modesto, CA",37.3994,-120.9844,1,56
862,"Sacramento-Stockton-Modesto, CA",37.3458,-120.9642,1,57
862,"Sacramento-Stockton-Modesto, CA",37.1335,-121.2252,1,58
862,"Sacramento-Stockton-Modesto, CA",37.1502,-121.3992,1,59
862,"Sacramento-Stockton-Modesto, CA",37.2518,-121.4564,1,60
862,"Sacramento-Stockton-Modesto, CA",37.3807,-121.4091,1,61
862,"Sacramento-Stockton-Modesto, CA",37.5427,-121.5567,1,62
862,"Sacramento-Stockton-Modesto, CA",38.094,-121.5813,1,63
862,"Sacramento-Stockton-Modesto, CA",38.0478,-121.8845,1,64
862,"Sacramento-Stockton-Modesto, CA",38.0667,-122.0125,2,1
862,"Sacramento-Stockton-Modesto, CA",38.0805,-122.0383,2,2
862,"Sacramento-Stockton-Modesto, CA",38.0911,-122.0395,2,3
862,"Sacramento-Stockton-Modesto, CA",38.0779,-122.0011,2,4
862,"Sacramento-Stockton-Modesto, CA",38.0667,-122.0125,2,5
862,"Sacramento-Stockton-Modesto, CA",38.0764,-121.9814,3,1
862,"Sacramento-Stockton-Modesto, CA",38.0774,-121.9905,3,2
862,"Sacramento-Stockton-Modesto, CA",38.0809,-121.9921,3,3
862,"Sacramento-Stockton-Modesto, CA",38.0835,-121.9874,3,4
862,"Sacramento-Stockton-Modesto, CA",38.0764,-121.9814,3,5
862,"Sacramento-Stockton-Modesto, CA",38.071,-121.9762,4,1
862,"Sacramento-Stockton-Modesto, CA",38.0729,-121.9789,4,2
862,"Sacramento-Stockton-Modesto, CA",38.076,-121.9775,4,3
862,"Sacramento-Stockton-Modesto, CA",38.0718,-121.9728,4,4
862,"Sacramento-Stockton-Modesto, CA",38.071,-121.9762,4,5
862,"Sacramento-Stockton-Modesto, CA",38.0502,-121.9142,5,1
862,"Sacramento-Stockton-Modesto, CA",38.0708,-121.9156,5,2
862,"Sacramento-Stockton-Modesto, CA",38.0529,-121.893,5,3
862,"Sacramento-Stockton-Modesto, CA",38.0504,-121.8981,5,4
862,"Sacramento-Stockton-Modesto, CA",38.0502,-121.9142,5,5
862,"Sacramento-Stockton-Modesto, CA",37.1316,-121.2231,6,1
862,"Sacramento-Stockton-Modesto, CA",37.1305,-121.2227,6,2
862,"Sacramento-Stockton-Modesto, CA",37.1311,-121.2232,6,3
862,"Sacramento-Stockton-Modesto, CA",37.1316,-121.2231,6,4
866,"Fresno-Visalia, CA",35.9088,-120.3243,1,1
866,"Fresno-Visalia, CA",36.1381,-120.6676,1,2
866,"Fresno-Visalia, CA",36.4882,-120.5972,1,3
866,"Fresno-Visalia, CA",36.9104,-121.2217,1,4
866,"Fresno-Visalia, CA",37.0891,-121.2455,1,5
866,"Fresno-Visalia, CA",37.3458,-120.9642,1,6
866,"Fresno-Visalia, CA",37.3994,-120.9844,1,7
866,"Fresno-Visalia, CA",37.6335,-120.3877,1,8
866,"Fresno-Visalia, CA",37.6836,-120.3919,1,9
866,"Fresno-Visalia, CA",37.6537,-120.3126,1,10
866,"Fresno-Visalia, CA",37.727,-120.3429,1,11
866,"Fresno-Visalia, CA",37.8287,-120.0789,1,12
866,"Fresno-Visalia, CA",37.7549,-119.8085,1,13
866,"Fresno-Visalia, CA",37.9041,-119.5357,1,14
866,"Fresno-Visalia, CA",37.7246,-119.2579,1,15
866,"Fresno-Visalia, CA",37.7338,-119.1241,1,16
866,"Fresno-Visalia, CA",37.5834,-119.0205,1,17
866,"Fresno-Visalia, CA",37.4884,-118.7958,1,18
866,"Fresno-Visalia, CA",37.1553,-118.6677,1,19
866,"Fresno-Visalia, CA",37.0598,-118.4371,1,20
866,"Fresno-Visalia, CA",36.6912,-118.3664,1,21
866,"Fresno-Visalia, CA",36.3461,-118.1003,1,22
866,"Fresno-Visalia, CA",35.8675,-117.9808,1,23
866,"Fresno-Visalia, CA",35.7892,-118.008,1,24
866,"Fresno-Visalia, CA",35.7893,-120.214,1,25
866,"Fresno-Visalia, CA",35.9088,-120.3243,1,26
868,"Chico-Redding, CA",40.0019,-123.5445,1,1
868,"Chico-Redding, CA",40.7336,-123.543,1,2
868,"Chico-Redding, CA",40.9288,-123.6236,1,3
868,"Chico-Redding, CA",40.9438,-123.448,1,4
868,"Chico-Redding, CA",41.1799,-123.4083,1,5
868,"Chico-Redding, CA",40.9922,-122.9387,1,6
868,"Chico-Redding, CA",41.0285,-122.8974,1,7
868,"Chico-Redding, CA",41.1815,-122.9613,1,8
868,"Chico-Redding, CA",41.203,-122.8021,1,9
868,"Chico-Redding, CA",41.368,-122.5723,1,10
868,"Chico-Redding, CA",41.3201,-122.4788,1,11
868,"Chico-Redding, CA",41.1827,-122.4984,1,12
868,"Chico-Redding, CA",41.1839,-121.3318,1,13
868,"Chico-Redding, CA",40.4454,-121.3278,1,14
868,"Chico-Redding, CA",40.4456,-121.4976,1,15
868,"Chico-Redding, CA",40.3525,-121.4731,1,16
868,"Chico-Redding, CA",40.3098,-121.3423,1,17
868,"Chico-Redding, CA",40.1907,-121.4441,1,18
868,"Chico-Redding, CA",40.0861,-121.3668,1,19
868,"Chico-Redding, CA",39.9003,-121.43,1,20
868,"Chico-Redding, CA",39.5973,-121.0767,1,21
868,"Chico-Redding, CA",39.5195,-121.1591,1,22
868,"Chico-Redding, CA",39.5196,-121.3051,1,23
868,"Chico-Redding, CA",39.3401,-121.4065,1,24
868,"Chico-Redding, CA",39.3039,-121.9083,1,25
868,"Chico-Redding, CA",39.3831,-121.889,1,26
868,"Chico-Redding, CA",39.4136,-122.0089,1,27
868,"Chico-Redding, CA",39.3833,-122.7391,1,28
868,"Chico-Redding, CA",39.5807,-122.7356,1,29
868,"Chico-Redding, CA",39.5801,-122.8854,1,30
868,"Chico-Redding, CA",39.9781,-122.934,1,31
868,"Chico-Redding, CA",40.0019,-123.5445,1,32
881,"Spokane, WA",45.5577,-114.5648,1,1
881,"Spokane, WA",45.4712,-114.6635,1,2
881,"Spokane, WA",45.4964,-114.7978,1,3
881,"Spokane, WA",45.2976,-114.5933,1,4
881,"Spokane, WA",45.1971,-114.6941,1,5
881,"Spokane, WA",45.2197,-115.975,1,6
881,"Spokane, WA",45.1076,-116.1445,1,7
881,"Spokane, WA",45.1089,-116.3048,1,8
881,"Spokane, WA",45.268,-116.3429,1,9
881,"Spokane, WA",45.2679,-116.687,1,10
881,"Spokane, WA",45.079,-116.7839,1,11
881,"Spokane, WA",45.0808,-117.2666,1,12
881,"Spokane, WA",45.1659,-117.2672,1,13
881,"Spokane, WA",45.1653,-117.477,1,14
881,"Spokane, WA",45.5147,-117.7273,1,15
881,"Spokane, WA",45.6896,-117.7877,1,16
881,"Spokane, WA",45.861,-117.7473,1,17
881,"Spokane, WA",45.8606,-117.9777,1,18
881,"Spokane, WA",46.2078,-117.9913,1,19
881,"Spokane, WA",46.2951,-118.2416,1,20
881,"Spokane, WA",46.7389,-118.2099,1,21
881,"Spokane, WA",46.7373,-119.3696,1,22
881,"Spokane, WA",46.6777,-119.3761,1,23
881,"Spokane, WA",46.7274,-119.5157,1,24
881,"Spokane, WA",46.6252,-119.8293,1,25
881,"Spokane, WA",46.6732,-119.9442,1,26
881,"Spokane, WA",46.8142,-119.9262,1,27
881,"Spokane, WA",47.0716,-120.0428,1,28
881,"Spokane, WA",47.3201,-120.0048,1,29
881,"Spokane, WA",47.4374,-119.8758,1,30
881,"Spokane, WA",47.4413,-119.5336,1,31
881,"Spokane, WA",47.5276,-119.5329,1,32
881,"Spokane, WA",47.6268,-119.3206,1,33
881,"Spokane, WA",47.8876,-119.2121,1,34
881,"Spokane, WA",48.0201,-118.9517,1,35
881,"Spokane, WA",48.1515,-119.1331,1,36
881,"Spokane, WA",48.0495,-119.3461,1,37
881,"Spokane, WA",48.0809,-119.5082,1,38
881,"Spokane, WA",47.9964,-119.6195,1,39
881,"Spokane, WA",48.1045,-119.7736,1,40
881,"Spokane, WA",48.0514,-119.8935,1,41
881,"Spokane, WA",47.9602,-119.8701,1,42
881,"Spokane, WA",47.9665,-120.0664,1,43
881,"Spokane, WA",48.3964,-120.6487,1,44
881,"Spokane, WA",48.4971,-120.6278,1,45
881,"Spokane, WA",48.6262,-120.7876,1,46
881,"Spokane, WA",48.7255,-120.6565,1,47
881,"Spokane, WA",48.9459,-120.759,1,48
881,"Spokane, WA",48.9748,-120.8857,1,49
881,"Spokane, WA",49.0007,-114.728,1,50
881,"Spokane, WA",48.8097,-114.7326,1,51
881,"Spokane, WA",48.7519,-114.6119,1,52
881,"Spokane, WA",48.7086,-114.6918,1,53
881,"Spokane, WA",48.659,-114.639,1,54
881,"Spokane, WA",48.6587,-114.8886,1,55
881,"Spokane, WA",48.2262,-114.8479,1,56
881,"Spokane, WA",48.226,-115.0201,1,57
881,"Spokane, WA",48.0158,-115.0106,1,58
881,"Spokane, WA",48.0177,-115.1545,1,59
881,"Spokane, WA",47.9191,-115.1851,1,60
881,"Spokane, WA",47.8903,-115.2787,1,61
881,"Spokane, WA",47.909,-115.5254,1,62
881,"Spokane, WA",48.2637,-115.7591,1,63
881,"Spokane, WA",48.1492,-115.9566,1,64
881,"Spokane, WA",48.2151,-116.0498,1,65
881,"Spokane, WA",47.9768,-116.0489,1,66
881,"Spokane, WA",47.6949,-115.7226,1,67
881,"Spokane, WA",47.5947,-115.6876,1,68
881,"Spokane, WA",47.5484,-115.7559,1,69
881,"Spokane, WA",47.4796,-115.6287,1,70
881,"Spokane, WA",47.4222,-115.7593,1,71
881,"Spokane, WA",47.2567,-115.32,1,72
881,"Spokane, WA",46.9179,-114.9244,1,73
881,"Spokane, WA",46.8027,-114.8961,1,74
881,"Spokane, WA",46.7799,-114.7847,1,75
881,"Spokane, WA",46.6973,-114.7674,1,76
881,"Spokane, WA",46.7393,-114.6661,1,77
881,"Spokane, WA",46.6358,-114.6053,1,78
881,"Spokane, WA",46.6489,-114.3215,1,79
881,"Spokane, WA",46.2655,-114.4708,1,80
881,"Spokane, WA",46.1693,-114.444,1,81
881,"Spokane, WA",46.1454,-114.5272,1,82
881,"Spokane, WA",45.8823,-114.3882,1,83
881,"Spokane, WA",45.7739,-114.5662,1,84
881,"Spokane, WA",45.7022,-114.4956,1,85
881,"Spokane, WA",45.5577,-114.5648,1,86
