date_month,segment,make,make_model,incentive_pnv,incentive_index,incentive_pnv_mom_pct,incentive_pnv_yoy_pct,incentive_index_mom_delta,incentive_index_yoy_delta
2025-01-01,entry luxury ev suv,genesis,genesis_gv60,0,,,,,
2025-01-01,entry luxury ev suv,volvo,volvo_c40,0,,,,,
2025-01-01,mid-luxury car,audi,audi_a6,0,,,,,
2025-01-01,mid-luxury car,audi,audi_a7,0,,,,,
2025-01-01,mid-luxury car,audi,audi_rs_6,0,,,,,
2025-01-01,mid-luxury car,audi,audi_rs_7,0,,,,,
2025-01-01,mid-luxury car,audi,audi_s6,0,,,,,
2025-01-01,mid-luxury car,audi,audi_s7,0,,,,,
2025-01-01,mid-luxury car,bmw,bmw_5_series,0,,,,,
2025-01-01,mid-luxury car,bmw,bmw_m5,0,,,,,
2025-01-01,mid-luxury car,genesis,genesis_g80,0,,,,,
2025-01-01,mid-luxury car,jaguar,jaguar_xf,0,,,,,
2025-01-01,mid-luxury car,mercedes_benz,mercedes_benz_cle,0,,,,,
2025-01-01,mid-luxury car,mercedes_benz,mercedes_benz_e_class,0,,,,,
2025-01-01,mid-luxury car,volvo,volvo_s90,0,,,,,
2025-01-01,mid-luxury car,volvo,volvo_v90,0,,,,,
2025-01-01,mid-luxury suv,acura,acura_mdx,0,,,,,
2025-01-01,mid-luxury suv,audi,audi_q7,0,,,,,
2025-01-01,mid-luxury suv,bmw,bmw_x5,0,,,,,
2025-01-01,mid-luxury suv,bmw,bmw_x5_m,0,,,,,
2025-01-01,mid-luxury suv,bmw,bmw_x6,0,,,,,
2025-01-01,mid-luxury suv,bmw,bmw_x6_m,0,,,,,
2025-01-01,mid-luxury suv,cadillac,cadillac_xt5,0,,,,,
2025-01-01,mid-luxury suv,cadillac,cadillac_xt6,0,,,,,
2025-01-01,mid-luxury suv,genesis,genesis_gv80,0,,,,,
2025-01-01,mid-luxury suv,infiniti,infiniti_qx60,0,,,,,
2025-01-01,mid-luxury suv,jaguar,jaguar_f_pace,0,,,,,
2025-01-01,mid-luxury suv,land_rover,land_rover_defender_110,0,,,,,
2025-01-01,mid-luxury suv,land_rover,land_rover_defender_130,0,,,,,
2025-01-01,mid-luxury suv,land_rover,land_rover_defender_90,0,,,,,
2025-01-01,mid-luxury suv,land_rover,land_rover_discovery,0,,,,,
2025-01-01,mid-luxury suv,land_rover,land_rover_range_rover_velar,0,,,,,
2025-01-01,mid-luxury suv,lexus,lexus_gx,0,,,,,
2025-01-01,mid-luxury suv,lexus,lexus_rx,0,,,,,
2025-01-01,mid-luxury suv,lexus,lexus_tx,0,,,,,
2025-01-01,mid-luxury suv,lincoln,lincoln_aviator,0,,,,,
2025-01-01,mid-luxury suv,lincoln,lincoln_nautilus,0,,,,,
2025-01-01,mid-luxury suv,mercedes_benz,mercedes_benz_gle,0,,,,,
2025-01-01,mid-luxury suv,volvo,volvo_xc90,0,,,,,
2025-01-01,near luxury car,acura,acura_tlx,0,,,,,
2025-01-01,near luxury car,audi,audi_a4,0,,,,,
2025-01-01,near luxury car,audi,audi_a5,0,,,,,
2025-01-01,near luxury car,audi,audi_rs_5,0,,,,,
2025-01-01,near luxury car,audi,audi_s4,0,,,,,
2025-01-01,near luxury car,audi,audi_s5,0,,,,,
2025-01-01,near luxury car,bmw,bmw_3_series,0,,,,,
2025-01-01,near luxury car,bmw,bmw_4_series,0,,,,,
2025-01-01,near luxury car,bmw,bmw_m3,0,,,,,
2025-01-01,near luxury car,bmw,bmw_m4,0,,,,,
2025-01-01,near luxury car,cadillac,cadillac_ct5,0,,,,,
2025-01-01,near luxury car,genesis,genesis_g70,0,,,,,
2025-01-01,near luxury car,infiniti,infiniti_q50,0,,,,,
2025-01-01,near luxury car,lexus,lexus_es,0,,,,,
2025-01-01,near luxury car,lexus,lexus_is,0,,,,,
2025-01-01,near luxury car,lexus,lexus_rc,0,,,,,
2025-01-01,near luxury car,mercedes_benz,mercedes_benz_c_class,0,,,,,
2025-01-01,near luxury car,volvo,volvo_s60,0,,,,,
2025-01-01,near luxury car,volvo,volvo_v60,0,,,,,
2025-01-01,near luxury suv,acura,acura_rdx,0,,,,,
2025-01-01,near luxury suv,audi,audi_q5,0,,,,,
2025-01-01,near luxury suv,bmw,bmw_x3,0,,,,,
2025-01-01,near luxury suv,bmw,bmw_x3_m,0,,,,,
2025-01-01,near luxury suv,bmw,bmw_x4,0,,,,,
2025-01-01,near luxury suv,bmw,bmw_x4_m,0,,,,,
2025-01-01,near luxury suv,cadillac,cadillac_xt4,0,,,,,
2025-01-01,near luxury suv,genesis,genesis_gv70,0,,,,,
2025-01-01,near luxury suv,jaguar,jaguar_e_pace,0,,,,,
2025-01-01,near luxury suv,land_rover,land_rover_discovery_sport,0,,,,,
2025-01-01,near luxury suv,land_rover,land_rover_range_rover_evoque,0,,,,,
2025-01-01,near luxury suv,lexus,lexus_nx,0,,,,,
2025-01-01,near luxury suv,mercedes_benz,mercedes_benz_glb,0,,,,,
2025-01-01,near luxury suv,mercedes_benz,mercedes_benz_glc,0,,,,,
2025-01-01,near luxury suv,porsche,porsche_macan,0,,,,,
2025-01-01,near luxury suv,volvo,volvo_xc60,0,,,,,
2025-01-01,premium luxury car,audi,audi_a8,0,,,,,
2025-01-01,premium luxury car,audi,audi_s8,0,,,,,
2025-01-01,premium luxury car,bmw,bmw_7_series,0,,,,,
2025-01-01,premium luxury car,genesis,genesis_g90,0,,,,,
2025-01-01,premium luxury car,lexus,lexus_ls,0,,,,,
2025-01-01,premium luxury car,mercedes_benz,mercedes_benz_s_class,0,,,,,
2025-01-01,premium luxury car,porsche,porsche_panamera,0,,,,,
2025-02-01,entry luxury ev suv,genesis,genesis_gv60,0,,,,,
2025-02-01,entry luxury ev suv,volvo,volvo_c40,0,,,,,
2025-02-01,mid-luxury car,audi,audi_a6,0,,,,,
2025-02-01,mid-luxury car,audi,audi_a7,0,,,,,
2025-02-01,mid-luxury car,audi,audi_rs_6,0,,,,,
2025-02-01,mid-luxury car,audi,audi_rs_7,0,,,,,
2025-02-01,mid-luxury car,audi,audi_s6,0,,,,,
2025-02-01,mid-luxury car,audi,audi_s7,0,,,,,
2025-02-01,mid-luxury car,bmw,bmw_5_series,0,,,,,
2025-02-01,mid-luxury car,bmw,bmw_m5,0,,,,,
2025-02-01,mid-luxury car,genesis,genesis_g80,0,,,,,
2025-02-01,mid-luxury car,jaguar,jaguar_xf,0,,,,,
2025-02-01,mid-luxury car,mercedes_benz,mercedes_benz_cle,0,,,,,
2025-02-01,mid-luxury car,mercedes_benz,mercedes_benz_e_class,0,,,,,
2025-02-01,mid-luxury car,volvo,volvo_s90,0,,,,,
2025-02-01,mid-luxury car,volvo,volvo_v90,0,,,,,
2025-02-01,mid-luxury suv,acura,acura_mdx,0,,,,,
2025-02-01,mid-luxury suv,audi,audi_q7,0,,,,,
2025-02-01,mid-luxury suv,bmw,bmw_x5,0,,,,,
2025-02-01,mid-luxury suv,bmw,bmw_x5_m,0,,,,,
2025-02-01,mid-luxury suv,bmw,bmw_x6,0,,,,,
2025-02-01,mid-luxury suv,bmw,bmw_x6_m,0,,,,,
2025-02-01,mid-luxury suv,cadillac,cadillac_xt5,0,,,,,
2025-02-01,mid-luxury suv,cadillac,cadillac_xt6,0,,,,,
2025-02-01,mid-luxury suv,genesis,genesis_gv80,0,,,,,
2025-02-01,mid-luxury suv,infiniti,infiniti_qx60,0,,,,,
2025-02-01,mid-luxury suv,jaguar,jaguar_f_pace,0,,,,,
2025-02-01,mid-luxury suv,land_rover,land_rover_defender_110,0,,,,,
2025-02-01,mid-luxury suv,land_rover,land_rover_defender_130,0,,,,,
2025-02-01,mid-luxury suv,land_rover,land_rover_defender_90,0,,,,,
2025-02-01,mid-luxury suv,land_rover,land_rover_discovery,0,,,,,
2025-02-01,mid-luxury suv,land_rover,land_rover_range_rover_velar,0,,,,,
2025-02-01,mid-luxury suv,lexus,lexus_gx,0,,,,,
2025-02-01,mid-luxury suv,lexus,lexus_rx,0,,,,,
2025-02-01,mid-luxury suv,lexus,lexus_tx,0,,,,,
2025-02-01,mid-luxury suv,lincoln,lincoln_aviator,0,,,,,
2025-02-01,mid-luxury suv,lincoln,lincoln_nautilus,0,,,,,
2025-02-01,mid-luxury suv,mercedes_benz,mercedes_benz_gle,0,,,,,
2025-02-01,mid-luxury suv,volvo,volvo_xc90,0,,,,,
2025-02-01,near luxury car,acura,acura_tlx,0,,,,,
2025-02-01,near luxury car,audi,audi_a4,0,,,,,
2025-02-01,near luxury car,audi,audi_a5,0,,,,,
2025-02-01,near luxury car,audi,audi_rs_5,0,,,,,
2025-02-01,near luxury car,audi,audi_s4,0,,,,,
2025-02-01,near luxury car,audi,audi_s5,0,,,,,
2025-02-01,near luxury car,bmw,bmw_3_series,0,,,,,
2025-02-01,near luxury car,bmw,bmw_4_series,0,,,,,
2025-02-01,near luxury car,bmw,bmw_m3,0,,,,,
2025-02-01,near luxury car,bmw,bmw_m4,0,,,,,
2025-02-01,near luxury car,cadillac,cadillac_ct5,0,,,,,
2025-02-01,near luxury car,genesis,genesis_g70,0,,,,,
2025-02-01,near luxury car,infiniti,infiniti_q50,0,,,,,
2025-02-01,near luxury car,lexus,lexus_es,0,,,,,
2025-02-01,near luxury car,lexus,lexus_is,0,,,,,
2025-02-01,near luxury car,lexus,lexus_rc,0,,,,,
2025-02-01,near luxury car,mercedes_benz,mercedes_benz_c_class,0,,,,,
2025-02-01,near luxury car,volvo,volvo_s60,0,,,,,
2025-02-01,near luxury car,volvo,volvo_v60,0,,,,,
2025-02-01,near luxury suv,acura,acura_rdx,0,,,,,
2025-02-01,near luxury suv,audi,audi_q5,0,,,,,
2025-02-01,near luxury suv,bmw,bmw_x3,0,,,,,
2025-02-01,near luxury suv,bmw,bmw_x3_m,0,,,,,
2025-02-01,near luxury suv,bmw,bmw_x4,0,,,,,
2025-02-01,near luxury suv,bmw,bmw_x4_m,0,,,,,
2025-02-01,near luxury suv,cadillac,cadillac_xt4,0,,,,,
2025-02-01,near luxury suv,genesis,genesis_gv70,0,,,,,
2025-02-01,near luxury suv,jaguar,jaguar_e_pace,0,,,,,
2025-02-01,near luxury suv,land_rover,land_rover_discovery_sport,0,,,,,
2025-02-01,near luxury suv,land_rover,land_rover_range_rover_evoque,0,,,,,
2025-02-01,near luxury suv,lexus,lexus_nx,0,,,,,
2025-02-01,near luxury suv,mercedes_benz,mercedes_benz_glb,0,,,,,
2025-02-01,near luxury suv,mercedes_benz,mercedes_benz_glc,0,,,,,
2025-02-01,near luxury suv,porsche,porsche_macan,0,,,,,
2025-02-01,near luxury suv,volvo,volvo_xc60,0,,,,,
2025-02-01,premium luxury car,audi,audi_a8,0,,,,,
2025-02-01,premium luxury car,audi,audi_s8,0,,,,,
2025-02-01,premium luxury car,bmw,bmw_7_series,0,,,,,
2025-02-01,premium luxury car,genesis,genesis_g90,0,,,,,
2025-02-01,premium luxury car,lexus,lexus_ls,0,,,,,
2025-02-01,premium luxury car,mercedes_benz,mercedes_benz_s_class,0,,,,,
2025-02-01,premium luxury car,porsche,porsche_panamera,0,,,,,
2025-03-01,entry luxury ev suv,genesis,genesis_gv60,0,,,,,
2025-03-01,entry luxury ev suv,volvo,volvo_c40,0,,,,,
2025-03-01,mid-luxury car,audi,audi_a6,0,,,,,
2025-03-01,mid-luxury car,audi,audi_a7,0,,,,,
2025-03-01,mid-luxury car,audi,audi_rs_6,0,,,,,
2025-03-01,mid-luxury car,audi,audi_rs_7,0,,,,,
2025-03-01,mid-luxury car,audi,audi_s6,0,,,,,
2025-03-01,mid-luxury car,audi,audi_s7,0,,,,,
2025-03-01,mid-luxury car,bmw,bmw_5_series,0,,,,,
2025-03-01,mid-luxury car,bmw,bmw_m5,0,,,,,
2025-03-01,mid-luxury car,genesis,genesis_g80,0,,,,,
2025-03-01,mid-luxury car,jaguar,jaguar_xf,0,,,,,
2025-03-01,mid-luxury car,mercedes_benz,mercedes_benz_cle,0,,,,,
2025-03-01,mid-luxury car,mercedes_benz,mercedes_benz_e_class,0,,,,,
2025-03-01,mid-luxury car,volvo,volvo_s90,0,,,,,
2025-03-01,mid-luxury car,volvo,volvo_v90,0,,,,,
2025-03-01,mid-luxury suv,acura,acura_mdx,0,,,,,
2025-03-01,mid-luxury suv,audi,audi_q7,0,,,,,
2025-03-01,mid-luxury suv,bmw,bmw_x5,0,,,,,
2025-03-01,mid-luxury suv,bmw,bmw_x5_m,0,,,,,
2025-03-01,mid-luxury suv,bmw,bmw_x6,0,,,,,
2025-03-01,mid-luxury suv,bmw,bmw_x6_m,0,,,,,
2025-03-01,mid-luxury suv,cadillac,cadillac_xt5,0,,,,,
2025-03-01,mid-luxury suv,cadillac,cadillac_xt6,0,,,,,
2025-03-01,mid-luxury suv,genesis,genesis_gv80,0,,,,,
2025-03-01,mid-luxury suv,infiniti,infiniti_qx60,0,,,,,
2025-03-01,mid-luxury suv,jaguar,jaguar_f_pace,0,,,,,
2025-03-01,mid-luxury suv,land_rover,land_rover_defender_110,0,,,,,
2025-03-01,mid-luxury suv,land_rover,land_rover_defender_130,0,,,,,
2025-03-01,mid-luxury suv,land_rover,land_rover_defender_90,0,,,,,
2025-03-01,mid-luxury suv,land_rover,land_rover_discovery,0,,,,,
2025-03-01,mid-luxury suv,land_rover,land_rover_range_rover_velar,0,,,,,
2025-03-01,mid-luxury suv,lexus,lexus_gx,0,,,,,
2025-03-01,mid-luxury suv,lexus,lexus_rx,0,,,,,
2025-03-01,mid-luxury suv,lexus,lexus_tx,0,,,,,
2025-03-01,mid-luxury suv,lincoln,lincoln_aviator,0,,,,,
2025-03-01,mid-luxury suv,lincoln,lincoln_nautilus,0,,,,,
2025-03-01,mid-luxury suv,mercedes_benz,mercedes_benz_gle,0,,,,,
2025-03-01,mid-luxury suv,volvo,volvo_xc90,0,,,,,
2025-03-01,near luxury car,acura,acura_tlx,0,,,,,
2025-03-01,near luxury car,audi,audi_a4,0,,,,,
2025-03-01,near luxury car,audi,audi_a5,0,,,,,
2025-03-01,near luxury car,audi,audi_rs_5,0,,,,,
2025-03-01,near luxury car,audi,audi_s4,0,,,,,
2025-03-01,near luxury car,audi,audi_s5,0,,,,,
2025-03-01,near luxury car,bmw,bmw_3_series,0,,,,,
2025-03-01,near luxury car,bmw,bmw_4_series,0,,,,,
2025-03-01,near luxury car,bmw,bmw_m3,0,,,,,
2025-03-01,near luxury car,bmw,bmw_m4,0,,,,,
2025-03-01,near luxury car,cadillac,cadillac_ct5,0,,,,,
2025-03-01,near luxury car,genesis,genesis_g70,0,,,,,
2025-03-01,near luxury car,infiniti,infiniti_q50,0,,,,,
2025-03-01,near luxury car,lexus,lexus_es,0,,,,,
2025-03-01,near luxury car,lexus,lexus_is,0,,,,,
2025-03-01,near luxury car,lexus,lexus_rc,0,,,,,
2025-03-01,near luxury car,mercedes_benz,mercedes_benz_c_class,0,,,,,
2025-03-01,near luxury car,volvo,volvo_s60,0,,,,,
2025-03-01,near luxury car,volvo,volvo_v60,0,,,,,
2025-03-01,near luxury suv,acura,acura_rdx,0,,,,,
2025-03-01,near luxury suv,audi,audi_q5,0,,,,,
2025-03-01,near luxury suv,bmw,bmw_x3,0,,,,,
2025-03-01,near luxury suv,bmw,bmw_x3_m,0,,,,,
2025-03-01,near luxury suv,bmw,bmw_x4,0,,,,,
2025-03-01,near luxury suv,bmw,bmw_x4_m,0,,,,,
2025-03-01,near luxury suv,cadillac,cadillac_xt4,0,,,,,
2025-03-01,near luxury suv,genesis,genesis_gv70,0,,,,,
2025-03-01,near luxury suv,jaguar,jaguar_e_pace,0,,,,,
2025-03-01,near luxury suv,land_rover,land_rover_discovery_sport,0,,,,,
2025-03-01,near luxury suv,land_rover,land_rover_range_rover_evoque,0,,,,,
2025-03-01,near luxury suv,lexus,lexus_nx,0,,,,,
2025-03-01,near luxury suv,mercedes_benz,mercedes_benz_glb,0,,,,,
2025-03-01,near luxury suv,mercedes_benz,mercedes_benz_glc,0,,,,,
2025-03-01,near luxury suv,porsche,porsche_macan,0,,,,,
2025-03-01,near luxury suv,volvo,volvo_xc60,0,,,,,
2025-03-01,premium luxury car,audi,audi_a8,0,,,,,
2025-03-01,premium luxury car,audi,audi_s8,0,,,,,
2025-03-01,premium luxury car,bmw,bmw_7_series,0,,,,,
2025-03-01,premium luxury car,genesis,genesis_g90,0,,,,,
2025-03-01,premium luxury car,lexus,lexus_ls,0,,,,,
2025-03-01,premium luxury car,mercedes_benz,mercedes_benz_s_class,0,,,,,
2025-03-01,premium luxury car,porsche,porsche_panamera,0,,,,,
2025-04-01,entry luxury ev suv,genesis,genesis_gv60,0,,,,,
2025-04-01,entry luxury ev suv,volvo,volvo_c40,0,,,,,
2025-04-01,mid-luxury car,audi,audi_a6,0,,,,,
2025-04-01,mid-luxury car,audi,audi_a7,0,,,,,
2025-04-01,mid-luxury car,audi,audi_rs_6,0,,,,,
2025-04-01,mid-luxury car,audi,audi_rs_7,0,,,,,
2025-04-01,mid-luxury car,audi,audi_s6,0,,,,,
2025-04-01,mid-luxury car,audi,audi_s7,0,,,,,
2025-04-01,mid-luxury car,bmw,bmw_5_series,0,,,,,
2025-04-01,mid-luxury car,bmw,bmw_m5,0,,,,,
2025-04-01,mid-luxury car,genesis,genesis_g80,0,,,,,
2025-04-01,mid-luxury car,jaguar,jaguar_xf,0,,,,,
2025-04-01,mid-luxury car,mercedes_benz,mercedes_benz_cle,0,,,,,
2025-04-01,mid-luxury car,mercedes_benz,mercedes_benz_e_class,0,,,,,
2025-04-01,mid-luxury car,volvo,volvo_s90,0,,,,,
2025-04-01,mid-luxury car,volvo,volvo_v90,0,,,,,
2025-04-01,mid-luxury suv,acura,acura_mdx,0,,,,,
2025-04-01,mid-luxury suv,audi,audi_q7,0,,,,,
2025-04-01,mid-luxury suv,bmw,bmw_x5,0,,,,,
2025-04-01,mid-luxury suv,bmw,bmw_x5_m,0,,,,,
2025-04-01,mid-luxury suv,bmw,bmw_x6,0,,,,,
2025-04-01,mid-luxury suv,bmw,bmw_x6_m,0,,,,,
2025-04-01,mid-luxury suv,cadillac,cadillac_xt5,0,,,,,
2025-04-01,mid-luxury suv,cadillac,cadillac_xt6,0,,,,,
2025-04-01,mid-luxury suv,genesis,genesis_gv80,0,,,,,
2025-04-01,mid-luxury suv,infiniti,infiniti_qx60,0,,,,,
2025-04-01,mid-luxury suv,jaguar,jaguar_f_pace,0,,,,,
2025-04-01,mid-luxury suv,land_rover,land_rover_defender_110,0,,,,,
2025-04-01,mid-luxury suv,land_rover,land_rover_defender_130,0,,,,,
2025-04-01,mid-luxury suv,land_rover,land_rover_defender_90,0,,,,,
2025-04-01,mid-luxury suv,land_rover,land_rover_discovery,0,,,,,
2025-04-01,mid-luxury suv,land_rover,land_rover_range_rover_velar,0,,,,,
2025-04-01,mid-luxury suv,lexus,lexus_gx,0,,,,,
2025-04-01,mid-luxury suv,lexus,lexus_rx,0,,,,,
2025-04-01,mid-luxury suv,lexus,lexus_tx,0,,,,,
2025-04-01,mid-luxury suv,lincoln,lincoln_aviator,0,,,,,
2025-04-01,mid-luxury suv,lincoln,lincoln_nautilus,0,,,,,
2025-04-01,mid-luxury suv,mercedes_benz,mercedes_benz_gle,0,,,,,
2025-04-01,mid-luxury suv,volvo,volvo_xc90,0,,,,,
2025-04-01,near luxury car,acura,acura_tlx,0,,,,,
2025-04-01,near luxury car,audi,audi_a4,0,,,,,
2025-04-01,near luxury car,audi,audi_a5,0,,,,,
2025-04-01,near luxury car,audi,audi_rs_5,0,,,,,
2025-04-01,near luxury car,audi,audi_s4,0,,,,,
2025-04-01,near luxury car,audi,audi_s5,0,,,,,
2025-04-01,near luxury car,bmw,bmw_3_series,0,,,,,
2025-04-01,near luxury car,bmw,bmw_4_series,0,,,,,
2025-04-01,near luxury car,bmw,bmw_m3,0,,,,,
2025-04-01,near luxury car,bmw,bmw_m4,0,,,,,
2025-04-01,near luxury car,cadillac,cadillac_ct5,0,,,,,
2025-04-01,near luxury car,genesis,genesis_g70,0,,,,,
2025-04-01,near luxury car,infiniti,infiniti_q50,0,,,,,
2025-04-01,near luxury car,lexus,lexus_es,0,,,,,
2025-04-01,near luxury car,lexus,lexus_is,0,,,,,
2025-04-01,near luxury car,lexus,lexus_rc,0,,,,,
2025-04-01,near luxury car,mercedes_benz,mercedes_benz_c_class,0,,,,,
2025-04-01,near luxury car,volvo,volvo_s60,0,,,,,
2025-04-01,near luxury car,volvo,volvo_v60,0,,,,,
2025-04-01,near luxury suv,acura,acura_rdx,0,,,,,
2025-04-01,near luxury suv,audi,audi_q5,0,,,,,
2025-04-01,near luxury suv,bmw,bmw_x3,0,,,,,
2025-04-01,near luxury suv,bmw,bmw_x4,0,,,,,
2025-04-01,near luxury suv,bmw,bmw_x4_m,0,,,,,
2025-04-01,near luxury suv,cadillac,cadillac_xt4,0,,,,,
2025-04-01,near luxury suv,genesis,genesis_gv70,0,,,,,
2025-04-01,near luxury suv,jaguar,jaguar_e_pace,0,,,,,
2025-04-01,near luxury suv,land_rover,land_rover_discovery_sport,0,,,,,
2025-04-01,near luxury suv,land_rover,land_rover_range_rover_evoque,0,,,,,
2025-04-01,near luxury suv,lexus,lexus_nx,0,,,,,
2025-04-01,near luxury suv,mercedes_benz,mercedes_benz_glb,0,,,,,
2025-04-01,near luxury suv,mercedes_benz,mercedes_benz_glc,0,,,,,
2025-04-01,near luxury suv,porsche,porsche_macan,0,,,,,
2025-04-01,near luxury suv,volvo,volvo_xc60,0,,,,,
2025-04-01,premium luxury car,audi,audi_a8,0,,,,,
2025-04-01,premium luxury car,audi,audi_s8,0,,,,,
2025-04-01,premium luxury car,bmw,bmw_7_series,0,,,,,
2025-04-01,premium luxury car,genesis,genesis_g90,0,,,,,
2025-04-01,premium luxury car,lexus,lexus_ls,0,,,,,
2025-04-01,premium luxury car,mercedes_benz,mercedes_benz_s_class,0,,,,,
2025-04-01,premium luxury car,porsche,porsche_panamera,0,,,,,
2025-05-01,entry luxury ev suv,genesis,genesis_gv60,0,,,,,
2025-05-01,entry luxury ev suv,volvo,volvo_c40,0,,,,,
2025-05-01,entry luxury ev suv,volvo,volvo_ex40,0,,,,,
2025-05-01,mid-luxury car,audi,audi_a6,0,,,,,
2025-05-01,mid-luxury car,audi,audi_a7,0,,,,,
2025-05-01,mid-luxury car,audi,audi_rs_6,0,,,,,
2025-05-01,mid-luxury car,audi,audi_rs_7,0,,,,,
2025-05-01,mid-luxury car,audi,audi_s6,0,,,,,
2025-05-01,mid-luxury car,audi,audi_s7,0,,,,,
2025-05-01,mid-luxury car,bmw,bmw_5_series,0,,,,,
2025-05-01,mid-luxury car,bmw,bmw_m5,0,,,,,
2025-05-01,mid-luxury car,genesis,genesis_g80,0,,,,,
2025-05-01,mid-luxury car,jaguar,jaguar_xf,0,,,,,
2025-05-01,mid-luxury car,mercedes_benz,mercedes_benz_cle,0,,,,,
2025-05-01,mid-luxury car,mercedes_benz,mercedes_benz_e_class,0,,,,,
2025-05-01,mid-luxury car,volvo,volvo_s90,0,,,,,
2025-05-01,mid-luxury car,volvo,volvo_v90,0,,,,,
2025-05-01,mid-luxury suv,acura,acura_mdx,0,,,,,
2025-05-01,mid-luxury suv,audi,audi_q7,0,,,,,
2025-05-01,mid-luxury suv,bmw,bmw_x5,0,,,,,
2025-05-01,mid-luxury suv,bmw,bmw_x5_m,0,,,,,
2025-05-01,mid-luxury suv,bmw,bmw_x6,0,,,,,
2025-05-01,mid-luxury suv,bmw,bmw_x6_m,0,,,,,
2025-05-01,mid-luxury suv,cadillac,cadillac_xt5,0,,,,,
2025-05-01,mid-luxury suv,cadillac,cadillac_xt6,0,,,,,
2025-05-01,mid-luxury suv,genesis,genesis_gv80,0,,,,,
2025-05-01,mid-luxury suv,infiniti,infiniti_qx60,0,,,,,
2025-05-01,mid-luxury suv,jaguar,jaguar_f_pace,0,,,,,
2025-05-01,mid-luxury suv,land_rover,land_rover_defender_110,0,,,,,
2025-05-01,mid-luxury suv,land_rover,land_rover_defender_130,0,,,,,
2025-05-01,mid-luxury suv,land_rover,land_rover_defender_90,0,,,,,
2025-05-01,mid-luxury suv,land_rover,land_rover_discovery,0,,,,,
2025-05-01,mid-luxury suv,land_rover,land_rover_range_rover_velar,0,,,,,
2025-05-01,mid-luxury suv,lexus,lexus_gx,0,,,,,
2025-05-01,mid-luxury suv,lexus,lexus_rx,0,,,,,
2025-05-01,mid-luxury suv,lexus,lexus_tx,0,,,,,
2025-05-01,mid-luxury suv,lincoln,lincoln_aviator,0,,,,,
2025-05-01,mid-luxury suv,lincoln,lincoln_nautilus,0,,,,,
2025-05-01,mid-luxury suv,mercedes_benz,mercedes_benz_gle,0,,,,,
2025-05-01,mid-luxury suv,volvo,volvo_xc90,0,,,,,
2025-05-01,near luxury car,acura,acura_tlx,0,,,,,
2025-05-01,near luxury car,audi,audi_a4,0,,,,,
2025-05-01,near luxury car,audi,audi_a5,0,,,,,
2025-05-01,near luxury car,audi,audi_rs_5,0,,,,,
2025-05-01,near luxury car,audi,audi_s4,0,,,,,
2025-05-01,near luxury car,audi,audi_s5,0,,,,,
2025-05-01,near luxury car,bmw,bmw_3_series,0,,,,,
2025-05-01,near luxury car,bmw,bmw_4_series,0,,,,,
2025-05-01,near luxury car,bmw,bmw_m3,0,,,,,
2025-05-01,near luxury car,bmw,bmw_m4,0,,,,,
2025-05-01,near luxury car,cadillac,cadillac_ct5,0,,,,,
2025-05-01,near luxury car,genesis,genesis_g70,0,,,,,
2025-05-01,near luxury car,infiniti,infiniti_q50,0,,,,,
2025-05-01,near luxury car,lexus,lexus_es,0,,,,,
2025-05-01,near luxury car,lexus,lexus_is,0,,,,,
2025-05-01,near luxury car,lexus,lexus_rc,0,,,,,
2025-05-01,near luxury car,mercedes_benz,mercedes_benz_c_class,0,,,,,
2025-05-01,near luxury car,volvo,volvo_s60,0,,,,,
2025-05-01,near luxury car,volvo,volvo_v60,0,,,,,
2025-05-01,near luxury suv,acura,acura_rdx,0,,,,,
2025-05-01,near luxury suv,audi,audi_q5,0,,,,,
2025-05-01,near luxury suv,bmw,bmw_x3,0,,,,,
2025-05-01,near luxury suv,bmw,bmw_x4,0,,,,,
2025-05-01,near luxury suv,bmw,bmw_x4_m,0,,,,,
2025-05-01,near luxury suv,cadillac,cadillac_xt4,0,,,,,
2025-05-01,near luxury suv,genesis,genesis_gv70,0,,,,,
2025-05-01,near luxury suv,jaguar,jaguar_e_pace,0,,,,,
2025-05-01,near luxury suv,land_rover,land_rover_discovery_sport,0,,,,,
2025-05-01,near luxury suv,land_rover,land_rover_range_rover_evoque,0,,,,,
2025-05-01,near luxury suv,lexus,lexus_nx,0,,,,,
2025-05-01,near luxury suv,mercedes_benz,mercedes_benz_glb,0,,,,,
2025-05-01,near luxury suv,mercedes_benz,mercedes_benz_glc,0,,,,,
2025-05-01,near luxury suv,porsche,porsche_macan,0,,,,,
2025-05-01,near luxury suv,volvo,volvo_xc60,0,,,,,
2025-05-01,premium luxury car,audi,audi_a8,0,,,,,
2025-05-01,premium luxury car,audi,audi_s8,0,,,,,
2025-05-01,premium luxury car,bmw,bmw_7_series,0,,,,,
2025-05-01,premium luxury car,genesis,genesis_g90,0,,,,,
2025-05-01,premium luxury car,lexus,lexus_ls,0,,,,,
2025-05-01,premium luxury car,mercedes_benz,mercedes_benz_s_class,0,,,,,
2025-05-01,premium luxury car,porsche,porsche_panamera,0,,,,,
2025-06-01,entry luxury ev suv,genesis,genesis_gv60,0,,,,,
2025-06-01,entry luxury ev suv,volvo,volvo_c40,0,,,,,
2025-06-01,entry luxury ev suv,volvo,volvo_ex40,0,,,,,
2025-06-01,mid-luxury car,audi,audi_a6,0,,,,,
2025-06-01,mid-luxury car,audi,audi_a7,0,,,,,
2025-06-01,mid-luxury car,audi,audi_rs_6,0,,,,,
2025-06-01,mid-luxury car,audi,audi_rs_7,0,,,,,
2025-06-01,mid-luxury car,audi,audi_s6,0,,,,,
2025-06-01,mid-luxury car,audi,audi_s7,0,,,,,
2025-06-01,mid-luxury car,bmw,bmw_5_series,0,,,,,
2025-06-01,mid-luxury car,bmw,bmw_m5,0,,,,,
2025-06-01,mid-luxury car,genesis,genesis_g80,0,,,,,
2025-06-01,mid-luxury car,jaguar,jaguar_xf,0,,,,,
2025-06-01,mid-luxury car,mercedes_benz,mercedes_benz_cle,0,,,,,
2025-06-01,mid-luxury car,mercedes_benz,mercedes_benz_e_class,0,,,,,
2025-06-01,mid-luxury car,volvo,volvo_s90,0,,,,,
2025-06-01,mid-luxury car,volvo,volvo_v90,0,,,,,
2025-06-01,mid-luxury suv,acura,acura_mdx,0,,,,,
2025-06-01,mid-luxury suv,audi,audi_q7,0,,,,,
2025-06-01,mid-luxury suv,bmw,bmw_x5,0,,,,,
2025-06-01,mid-luxury suv,bmw,bmw_x5_m,0,,,,,
2025-06-01,mid-luxury suv,bmw,bmw_x6,0,,,,,
2025-06-01,mid-luxury suv,bmw,bmw_x6_m,0,,,,,
2025-06-01,mid-luxury suv,cadillac,cadillac_xt5,0,,,,,
2025-06-01,mid-luxury suv,cadillac,cadillac_xt6,0,,,,,
2025-06-01,mid-luxury suv,genesis,genesis_gv80,0,,,,,
2025-06-01,mid-luxury suv,infiniti,infiniti_qx60,0,,,,,
2025-06-01,mid-luxury suv,jaguar,jaguar_f_pace,0,,,,,
2025-06-01,mid-luxury suv,land_rover,land_rover_defender_110,0,,,,,
2025-06-01,mid-luxury suv,land_rover,land_rover_defender_130,0,,,,,
2025-06-01,mid-luxury suv,land_rover,land_rover_defender_90,0,,,,,
2025-06-01,mid-luxury suv,land_rover,land_rover_discovery,0,,,,,
2025-06-01,mid-luxury suv,land_rover,land_rover_range_rover_velar,0,,,,,
2025-06-01,mid-luxury suv,lexus,lexus_gx,0,,,,,
2025-06-01,mid-luxury suv,lexus,lexus_rx,0,,,,,
2025-06-01,mid-luxury suv,lexus,lexus_tx,0,,,,,
2025-06-01,mid-luxury suv,lincoln,lincoln_aviator,0,,,,,
2025-06-01,mid-luxury suv,lincoln,lincoln_nautilus,0,,,,,
2025-06-01,mid-luxury suv,mercedes_benz,mercedes_benz_gle,0,,,,,
2025-06-01,mid-luxury suv,volvo,volvo_xc90,0,,,,,
2025-06-01,near luxury car,acura,acura_tlx,0,,,,,
2025-06-01,near luxury car,audi,audi_a4,0,,,,,
2025-06-01,near luxury car,audi,audi_a5,0,,,,,
2025-06-01,near luxury car,audi,audi_rs_5,0,,,,,
2025-06-01,near luxury car,audi,audi_s4,0,,,,,
2025-06-01,near luxury car,audi,audi_s5,0,,,,,
2025-06-01,near luxury car,bmw,bmw_3_series,0,,,,,
2025-06-01,near luxury car,bmw,bmw_4_series,0,,,,,
2025-06-01,near luxury car,bmw,bmw_m3,0,,,,,
2025-06-01,near luxury car,bmw,bmw_m4,0,,,,,
2025-06-01,near luxury car,cadillac,cadillac_ct5,0,,,,,
2025-06-01,near luxury car,genesis,genesis_g70,0,,,,,
2025-06-01,near luxury car,infiniti,infiniti_q50,0,,,,,
2025-06-01,near luxury car,lexus,lexus_es,0,,,,,
2025-06-01,near luxury car,lexus,lexus_is,0,,,,,
2025-06-01,near luxury car,lexus,lexus_rc,0,,,,,
2025-06-01,near luxury car,mercedes_benz,mercedes_benz_c_class,0,,,,,
2025-06-01,near luxury car,volvo,volvo_s60,0,,,,,
2025-06-01,near luxury car,volvo,volvo_v60,0,,,,,
2025-06-01,near luxury suv,acura,acura_rdx,0,,,,,
2025-06-01,near luxury suv,audi,audi_q5,0,,,,,
2025-06-01,near luxury suv,bmw,bmw_x3,0,,,,,
2025-06-01,near luxury suv,bmw,bmw_x4,0,,,,,
2025-06-01,near luxury suv,bmw,bmw_x4_m,0,,,,,
2025-06-01,near luxury suv,cadillac,cadillac_xt4,0,,,,,
2025-06-01,near luxury suv,genesis,genesis_gv70,0,,,,,
2025-06-01,near luxury suv,jaguar,jaguar_e_pace,0,,,,,
2025-06-01,near luxury suv,land_rover,land_rover_discovery_sport,0,,,,,
2025-06-01,near luxury suv,land_rover,land_rover_range_rover_evoque,0,,,,,
2025-06-01,near luxury suv,lexus,lexus_nx,0,,,,,
2025-06-01,near luxury suv,mercedes_benz,mercedes_benz_glb,0,,,,,
2025-06-01,near luxury suv,mercedes_benz,mercedes_benz_glc,0,,,,,
2025-06-01,near luxury suv,porsche,porsche_macan,0,,,,,
2025-06-01,near luxury suv,volvo,volvo_xc60,0,,,,,
2025-06-01,premium luxury car,audi,audi_a8,0,,,,,
2025-06-01,premium luxury car,audi,audi_s8,0,,,,,
2025-06-01,premium luxury car,bmw,bmw_7_series,0,,,,,
2025-06-01,premium luxury car,genesis,genesis_g90,0,,,,,
2025-06-01,premium luxury car,lexus,lexus_ls,0,,,,,
2025-06-01,premium luxury car,mercedes_benz,mercedes_benz_s_class,0,,,,,
2025-06-01,premium luxury car,porsche,porsche_panamera,0,,,,,
2025-07-01,entry luxury ev suv,genesis,genesis_gv60,17878,107.48679121674222,,,,
2025-07-01,entry luxury ev suv,volvo,volvo_ex40,14026,84.3276503862863,,,,
2025-07-01,entry luxury ev suv,volvo,volvo_c40,0,0.0,,,,
2025-07-01,mid-luxury car,genesis,genesis_g80,7674,220.64654666229734,,,,
2025-07-01,mid-luxury car,bmw,bmw_m5,5034,144.73999425306292,,,,
2025-07-01,mid-luxury car,jaguar,jaguar_xf,4980,143.18736022651038,,,,
2025-07-01,mid-luxury car,audi,audi_s6,4519,129.93246603686757,,,,
2025-07-01,mid-luxury car,audi,audi_a6,4450,127.94854478071711,,,,
2025-07-01,mid-luxury car,bmw,bmw_5_series,3997,114.92367044685984,,,,
2025-07-01,mid-luxury car,audi,audi_s7,3225,92.72675436355341,,,,
2025-07-01,mid-luxury car,mercedes_benz,mercedes_benz_cle,2822,81.13950412835588,,,,
2025-07-01,mid-luxury car,mercedes_benz,mercedes_benz_e_class,2279,65.52690641691107,,,,
2025-07-01,mid-luxury car,audi,audi_a7,2108,60.61023199949476,,,,
2025-07-01,mid-luxury car,volvo,volvo_v90,612,17.59651896759525,,,,
2025-07-01,mid-luxury car,audi,audi_rs_7,8,0.23001985578555886,,,,
2025-07-01,mid-luxury car,audi,audi_rs_6,0,0.0,,,,
2025-07-01,mid-luxury car,volvo,volvo_s90,0,0.0,,,,
2025-07-01,mid-luxury suv,bmw,bmw_x6_m,8563,218.6147811246059,,,,
2025-07-01,mid-luxury suv,land_rover,land_rover_discovery,7292,186.16594464097003,,,,
2025-07-01,mid-luxury suv,land_rover,land_rover_defender_130,7087,180.9322613371578,,,,
2025-07-01,mid-luxury suv,land_rover,land_rover_range_rover_velar,6449,164.6440176891958,,,,
2025-07-01,mid-luxury suv,infiniti,infiniti_qx60,5917,151.0619712617416,,,,
2025-07-01,mid-luxury suv,jaguar,jaguar_f_pace,5453,139.2159758814056,,,,
2025-07-01,mid-luxury suv,lincoln,lincoln_nautilus,5358,136.79061044793164,,,,
2025-07-01,mid-luxury suv,bmw,bmw_x5,5268,134.49289582674578,,,,
2025-07-01,mid-luxury suv,genesis,genesis_gv80,4850,123.82128791946032,,,,
2025-07-01,mid-luxury suv,bmw,bmw_x5_m,4559,116.3920106442927,,,,
2025-07-01,mid-luxury suv,lincoln,lincoln_aviator,4520,115.39633430844549,,,,
2025-07-01,mid-luxury suv,audi,audi_q7,3939,100.56330992056787,,,,
2025-07-01,mid-luxury suv,volvo,volvo_xc90,3781,96.5295442522638,,,,
2025-07-01,mid-luxury suv,land_rover,land_rover_defender_110,3740,95.48280759150136,,,,
2025-07-01,mid-luxury suv,cadillac,cadillac_xt5,3702,94.51266141811178,,,,
2025-07-01,mid-luxury suv,bmw,bmw_x6,3591,91.67881338531588,,,,
2025-07-01,mid-luxury suv,acura,acura_mdx,3352,85.57710455794454,,,,
2025-07-01,mid-luxury suv,mercedes_benz,mercedes_benz_gle,3277,83.66234237362298,,,,
2025-07-01,mid-luxury suv,cadillac,cadillac_xt6,2950,75.31397924998102,,,,
2025-07-01,mid-luxury suv,land_rover,land_rover_defender_90,2701,68.95696879803347,,,,
2025-07-01,mid-luxury suv,lexus,lexus_rx,2647,67.57834002532195,,,,
2025-07-01,mid-luxury suv,lexus,lexus_tx,286,7.301626462879516,,,,
2025-07-01,mid-luxury suv,lexus,lexus_gx,51,1.302038285338655,,,,
2025-07-01,near luxury car,bmw,bmw_3_series,4319,141.82360481483195,,,,
2025-07-01,near luxury car,mercedes_benz,mercedes_benz_c_class,3845,126.2588007670824,,,,
2025-07-01,near luxury car,genesis,genesis_g70,3741,122.84373827559304,,,,
2025-07-01,near luxury car,bmw,bmw_m4,3644,119.6585357594924,,,,
2025-07-01,near luxury car,volvo,volvo_v60,3426,112.50003938310125,,,,
2025-07-01,near luxury car,audi,audi_a5,3368,110.59548530130911,,,,
2025-07-01,near luxury car,lexus,lexus_es,3108,102.05782907258572,,,,
2025-07-01,near luxury car,audi,audi_s5,2908,95.49040120433696,,,,
2025-07-01,near luxury car,lexus,lexus_is,2596,85.2452137298689,,,,
2025-07-01,near luxury car,bmw,bmw_4_series,2576,84.58847094304402,,,,
2025-07-01,near luxury car,acura,acura_tlx,2208,72.5044036654663,,,,
2025-07-01,near luxury car,cadillac,cadillac_ct5,1723,56.578391084963066,,,,
2025-07-01,near luxury car,audi,audi_a4,0,0.0,,,,
2025-07-01,near luxury car,audi,audi_rs_5,0,0.0,,,,
2025-07-01,near luxury car,bmw,bmw_m3,0,0.0,,,,
2025-07-01,near luxury car,infiniti,infiniti_q50,0,0.0,,,,
2025-07-01,near luxury car,lexus,lexus_rc,0,0.0,,,,
2025-07-01,near luxury car,volvo,volvo_s60,0,0.0,,,,
2025-07-01,near luxury suv,bmw,bmw_x3,5327,138.7405462946238,,,,
2025-07-01,near luxury suv,bmw,bmw_x4_m,4894,127.46315629170057,,,,
2025-07-01,near luxury suv,mercedes_benz,mercedes_benz_glc,4575,119.1548712779996,,,,
2025-07-01,near luxury suv,volvo,volvo_xc60,4149,108.05979473932686,,,,
2025-07-01,near luxury suv,acura,acura_rdx,3948,102.82479383727704,,,,
2025-07-01,near luxury suv,genesis,genesis_gv70,3674,95.68852395090067,,,,
2025-07-01,near luxury suv,mercedes_benz,mercedes_benz_glb,3429,89.30755270213348,,,,
2025-07-01,near luxury suv,audi,audi_q5,3297,85.86964166198136,,,,
2025-07-01,near luxury suv,bmw,bmw_x4,3192,83.13493969822399,,,,
2025-07-01,near luxury suv,jaguar,jaguar_e_pace,3181,82.84844711154464,,,,
2025-07-01,near luxury suv,porsche,porsche_macan,2952,76.88419235249286,,,,
2025-07-01,near luxury suv,lexus,lexus_nx,2839,73.9411321438778,,,,
2025-07-01,near luxury suv,land_rover,land_rover_range_rover_evoque,2800,72.92538570019649,,,,
2025-07-01,near luxury suv,land_rover,land_rover_discovery_sport,2383,62.06471218698865,,,,
2025-07-01,near luxury suv,cadillac,cadillac_xt4,1156,30.107766381938262,,,,
2025-07-01,premium luxury car,bmw,bmw_7_series,12662,121.99342442472086,,,,
2025-07-01,premium luxury car,audi,audi_s8,12410,119.56550285190221,,,,
2025-07-01,premium luxury car,mercedes_benz,mercedes_benz_s_class,12320,118.69838800446698,,,,
2025-07-01,premium luxury car,audi,audi_a8,9742,93.86036493015563,,,,
2025-07-01,premium luxury car,genesis,genesis_g90,6420,61.854192450379706,,,,
2025-07-01,premium luxury car,porsche,porsche_panamera,1755,16.908739524986977,,,,
2025-07-01,premium luxury car,lexus,lexus_ls,0,0.0,,,,
2025-08-01,entry luxury ev suv,genesis,genesis_gv60,13718,100.37985477355947,-0.2326882201588545,,-7.106936443182747,
2025-08-01,entry luxury ev suv,volvo,volvo_ex40,13561,99.23102570230645,-0.03315271638385853,,14.90337531602016,
2025-08-01,entry luxury ev suv,volvo,volvo_c40,0,0.0,,,0.0,
2025-08-01,mid-luxury car,bmw,bmw_5_series,7719,201.6060422007678,0.9311983987990993,,86.68237175390796,
2025-08-01,mid-luxury car,volvo,volvo_v90,7671,200.35237073741285,11.534313725490197,,182.7558517698176,
2025-08-01,mid-luxury car,jaguar,jaguar_xf,6312,164.85779743117584,0.26746987951807233,,21.67043720466546,
2025-08-01,mid-luxury car,bmw,bmw_m5,5701,148.8996044288868,0.13249900675407233,,4.159610175823872,
2025-08-01,mid-luxury car,genesis,genesis_g80,5383,140.59403098416027,-0.29854052645295803,,-80.05251567813707,
2025-08-01,mid-luxury car,audi,audi_a6,5263,137.45985232577289,0.18269662921348306,,9.511307545055772,
2025-08-01,mid-luxury car,audi,audi_s6,4003,104.55097641270547,-0.11418455410489048,,-25.3814896241621,
2025-08-01,mid-luxury car,audi,audi_s7,1431,37.37508050126943,-0.5562790697674418,,-55.35167386228398,
2025-08-01,mid-luxury car,mercedes_benz,mercedes_benz_e_class,1322,34.52820155323423,-0.41992101799034665,,-30.998704863676842,
2025-08-01,mid-luxury car,mercedes_benz,mercedes_benz_cle,933,24.368239068961827,-0.6693834160170092,,-56.771265059394054,
2025-08-01,mid-luxury car,audi,audi_a7,853,22.27878663003691,-0.5953510436432637,,-38.331445369457846,
2025-08-01,mid-luxury car,audi,audi_rs_7,13,0.3395360213252988,0.625,,0.10951616553973995,
2025-08-01,mid-luxury car,audi,audi_rs_6,0,0.0,,,0.0,
2025-08-01,mid-luxury car,volvo,volvo_s90,0,0.0,,,0.0,
2025-08-01,mid-luxury suv,land_rover,land_rover_defender_130,7519,198.7566208837347,0.060956681247354316,,17.824359546576915,
2025-08-01,mid-luxury suv,land_rover,land_rover_discovery,6814,180.1207094961788,-0.0655512890839276,,-6.045235144791235,
2025-08-01,mid-luxury suv,land_rover,land_rover_range_rover_velar,6688,176.79003597159434,0.03706000930376807,,12.14601828239853,
2025-08-01,mid-luxury suv,lincoln,lincoln_aviator,6289,166.24290314374355,0.39137168141592915,,50.84656883529806,
2025-08-01,mid-luxury suv,lincoln,lincoln_nautilus,6280,166.0049978919875,0.1720791340052259,,29.21438744405586,
2025-08-01,mid-luxury suv,volvo,volvo_xc90,5732,151.51921145173128,0.5160010579211849,,54.989667199467476,
2025-08-01,mid-luxury suv,bmw,bmw_x5,5511,145.67731582527756,0.04612756264236895,,11.18441999853178,
2025-08-01,mid-luxury suv,bmw,bmw_x5_m,4483,118.50324929136625,-0.016670322439131358,,2.1112386470735487,
2025-08-01,mid-luxury suv,infiniti,infiniti_qx60,4457,117.81596745295992,-0.24674666215987828,,-33.24600380878168,
2025-08-01,mid-luxury suv,jaguar,jaguar_f_pace,4413,116.65287511104154,-0.19072070419952325,,-22.56310077036406,
2025-08-01,mid-luxury suv,bmw,bmw_x6_m,4174,110.33516898107577,-0.5125540114445872,,-108.27961214353014,
2025-08-01,mid-luxury suv,genesis,genesis_gv80,4125,109.03990705484848,-0.14948453608247425,,-14.781380864611833,
2025-08-01,mid-luxury suv,bmw,bmw_x6,4031,106.55511886984102,0.12252854358117515,,14.876305484525147,
2025-08-01,mid-luxury suv,cadillac,cadillac_xt5,3867,102.21995650450887,0.044570502431118264,,7.707295086397096,
2025-08-01,mid-luxury suv,land_rover,land_rover_defender_110,3441,90.95910792138997,-0.07994652406417113,,-4.523699670111384,
2025-08-01,mid-luxury suv,acura,acura_mdx,3262,86.22743680313108,-0.026849642004773244,,0.6503322451865472,
2025-08-01,mid-luxury suv,cadillac,cadillac_xt6,2925,77.31920682071075,-0.008474576271186418,,2.00522757072973,
2025-08-01,mid-luxury suv,audi,audi_q7,2872,75.91820922703633,-0.2708809342472709,,-24.645100693531546,
2025-08-01,mid-luxury suv,lexus,lexus_rx,2494,65.92618865328294,-0.05780128447298827,,-1.6521513720390146,
2025-08-01,mid-luxury suv,land_rover,land_rover_defender_90,1746,46.15361884067041,-0.35357275083302475,,-22.80334995736306,
2025-08-01,mid-luxury suv,mercedes_benz,mercedes_benz_gle,1676,44.30324466034571,-0.48855660665242595,,-39.359097713277265,
2025-08-01,mid-luxury suv,lexus,lexus_tx,347,9.172569151038163,0.21328671328671334,,1.8709426881586468,
2025-08-01,mid-luxury suv,lexus,lexus_gx,77,2.0354115983571717,0.5098039215686274,,0.7333733130185167,
2025-08-01,near luxury car,volvo,volvo_v60,7692,258.1563513444952,1.2451838879159371,,145.65631196139395,
2025-08-01,near luxury car,bmw,bmw_3_series,6133,205.83371071188105,0.42000463070155125,,64.0101058970491,
2025-08-01,near luxury car,genesis,genesis_g70,3945,132.4007808182571,0.05453087409783475,,9.55704254266405,
2025-08-01,near luxury car,bmw,bmw_m4,3416,114.64665837139827,-0.06256860592755209,,-5.0118773880941205,
2025-08-01,near luxury car,lexus,lexus_es,3192,107.12884470770003,0.027027027027026973,,5.071015635114307,
2025-08-01,near luxury car,mercedes_benz,mercedes_benz_c_class,3121,104.74596626965283,-0.18829648894668405,,-21.51283449742958,
2025-08-01,near luxury car,audi,audi_a5,2820,94.6439041590583,-0.16270783847980996,,-15.951581142250816,
2025-08-01,near luxury car,bmw,bmw_4_series,2648,88.87129723871857,0.02795031055900621,,4.282826295674553,
2025-08-01,near luxury car,lexus,lexus_is,2444,82.02471693785053,-0.05855161787365182,,-3.2204967920183662,
2025-08-01,near luxury car,acura,acura_tlx,2372,79.6082768316618,0.07427536231884058,,7.103873166195498,
2025-08-01,near luxury car,audi,audi_s5,1970,66.11648623877477,-0.32255845942228334,,-29.373914965562193,
2025-08-01,near luxury car,cadillac,cadillac_ct5,1448,48.59729546890653,-0.15960533952408584,,-7.981095616056535,
2025-08-01,near luxury car,audi,audi_a4,0,0.0,,,0.0,
2025-08-01,near luxury car,audi,audi_rs_5,0,0.0,,,0.0,
2025-08-01,near luxury car,bmw,bmw_m3,0,0.0,,,0.0,
2025-08-01,near luxury car,infiniti,infiniti_q50,0,0.0,,,0.0,
2025-08-01,near luxury car,lexus,lexus_rc,0,0.0,,,0.0,
2025-08-01,near luxury car,volvo,volvo_s60,0,0.0,,,0.0,
2025-08-01,near luxury suv,volvo,volvo_xc60,7001,196.54391156259507,0.6873945529043144,,88.48411682326821,
2025-08-01,near luxury suv,porsche,porsche_macan,5186,145.5901621716352,0.7567750677506775,,68.70596981914234,
2025-08-01,near luxury suv,jaguar,jaguar_e_pace,4613,129.5039371572991,0.4501729016032694,,46.65549004575446,
2025-08-01,near luxury suv,bmw,bmw_x3,4341,121.86789317143625,-0.18509480007508916,,-16.87265312318756,
2025-08-01,near luxury suv,acura,acura_rdx,3689,103.56384655826498,-0.06560283687943258,,0.7390527209879423,
2025-08-01,near luxury suv,genesis,genesis_gv70,3529,99.07205597834566,-0.03946652150244967,,3.3835320274449856,
2025-08-01,near luxury suv,bmw,bmw_x4_m,3386,95.05751814754277,-0.3081324070290151,,-32.405638144157805,
2025-08-01,near luxury suv,lexus,lexus_nx,3100,87.02844248593696,0.09193377949982384,,13.087310342059169,
2025-08-01,near luxury suv,bmw,bmw_x4,2967,83.29464156637903,-0.07048872180451127,,0.1597018681550395,
2025-08-01,near luxury suv,land_rover,land_rover_range_rover_evoque,2801,78.63440883971272,0.0003571428571429447,,5.709023139516233,
2025-08-01,near luxury suv,land_rover,land_rover_discovery_sport,2458,69.00513278401067,0.03147293327738154,,6.940420597022019,
2025-08-01,near luxury suv,mercedes_benz,mercedes_benz_glc,2385,66.95575333192247,-0.478688524590164,,-52.19911794607714,
2025-08-01,near luxury suv,mercedes_benz,mercedes_benz_glb,2003,56.231603322365075,-0.415864683581219,,-33.0759493797684,
2025-08-01,near luxury suv,audi,audi_q5,1876,52.66624454955411,-0.4309978768577495,,-33.203397112427254,
2025-08-01,near luxury suv,cadillac,cadillac_xt4,1202,33.744576731643946,0.03979238754325265,,3.6368103497056836,
2025-08-01,premium luxury car,bmw,bmw_7_series,15863,152.64971598769924,0.25280366450797653,,30.65629156297838,
2025-08-01,premium luxury car,audi,audi_s8,11819,113.73428691033331,-0.047622884770346485,,-5.8312159415688996,
2025-08-01,premium luxury car,audi,audi_a8,9357,90.04245051357888,-0.03951960583042491,,-3.817914416576741,
2025-08-01,premium luxury car,mercedes_benz,mercedes_benz_s_class,7700,74.09713251625065,-0.375,,-44.601255488216324,
2025-08-01,premium luxury car,genesis,genesis_g90,7507,72.23989270123295,0.16931464174454836,,10.38570025085324,
2025-08-01,premium luxury car,porsche,porsche_panamera,1353,13.01992471356976,-0.22905982905982902,,-3.888814811417218,
2025-08-01,premium luxury car,lexus,lexus_ls,0,0.0,,,0.0,
2025-09-01,entry luxury ev suv,volvo,volvo_ex40,12723,191.053248040364,-0.06179485288695519,,91.82222233805754,
2025-09-01,entry luxury ev suv,genesis,genesis_gv60,5283,79.33147130372106,-0.6148855518297127,,-21.048383469838413,
2025-09-01,entry luxury ev suv,volvo,volvo_c40,0,0.0,,,0.0,
2025-09-01,mid-luxury car,volvo,volvo_v90,8170,230.00695935171206,0.06505018902359527,,29.6545886142992,
2025-09-01,mid-luxury car,bmw,bmw_5_series,7584,213.50952016198093,-0.01748931208705795,,11.903477961213127,
2025-09-01,mid-luxury car,jaguar,jaguar_xf,6904,194.36573407150797,0.09378960709759188,,29.507936640332133,
2025-09-01,mid-luxury car,genesis,genesis_g80,6592,185.5821145711733,0.22459595021363543,,44.98808358701302,
2025-09-01,mid-luxury car,bmw,bmw_m5,6171,173.72985877104225,0.08244167689878967,,24.830254342155456,
2025-09-01,mid-luxury car,audi,audi_a6,5179,145.8024531802346,-0.015960478814364465,,8.342600854461722,
2025-09-01,mid-luxury car,audi,audi_s6,3641,102.50371346384132,-0.09043217586809893,,-2.0472629488641445,
2025-09-01,mid-luxury car,audi,audi_s7,1795,50.533964753527925,0.254367575122292,,13.158884252258495,
2025-09-01,mid-luxury car,mercedes_benz,mercedes_benz_e_class,1639,46.14215500336059,0.23978819969742804,,11.61395345012636,
2025-09-01,mid-luxury car,audi,audi_a7,1215,34.205441323418626,0.42438452520515835,,11.926654693381714,
2025-09-01,mid-luxury car,mercedes_benz,mercedes_benz_cle,728,20.495112167447537,-0.21972132904608788,,-3.87312690151429,
2025-09-01,mid-luxury car,audi,audi_rs_7,6,0.16891575962182037,-0.5384615384615384,,-0.17062026170347844,
2025-09-01,mid-luxury car,audi,audi_rs_6,0,0.0,,,0.0,
2025-09-01,mid-luxury car,volvo,volvo_s90,0,0.0,,,0.0,
2025-09-01,mid-luxury suv,land_rover,land_rover_defender_130,8852,222.5294804675775,0.17728421332624023,,23.772859583842802,
2025-09-01,mid-luxury suv,land_rover,land_rover_range_rover_velar,8482,213.22809007297698,0.26824162679425845,,36.43805410138265,
2025-09-01,mid-luxury suv,land_rover,land_rover_discovery,8257,207.57183915734154,0.2117698855297916,,27.451129661162753,
2025-09-01,mid-luxury suv,bmw,bmw_x6_m,6444,161.99502622379907,0.5438428366075707,,51.659857242723305,
2025-09-01,mid-luxury suv,lincoln,lincoln_aviator,5875,147.690996130481,-0.06582922563205595,,-18.551907013262536,
2025-09-01,mid-luxury suv,volvo,volvo_xc90,5684,142.88946757543047,-0.008374040474528943,,-8.629743876300807,
2025-09-01,mid-luxury suv,land_rover,land_rover_defender_90,5614,141.12974506834388,2.2153493699885454,,94.97612622767346,
2025-09-01,mid-luxury suv,jaguar,jaguar_f_pace,5419,136.22766094145985,0.22796283707228637,,19.574785830418307,
2025-09-01,mid-luxury suv,bmw,bmw_x5,5245,131.85349356670176,-0.04826710215931773,,-13.823822258575802,
2025-09-01,mid-luxury suv,infiniti,infiniti_qx60,5091,127.98210405111128,0.14224814897913385,,10.166136598151354,
2025-09-01,mid-luxury suv,lincoln,lincoln_nautilus,4815,121.04376959459847,-0.23328025477707004,,-44.96122829738903,
2025-09-01,mid-luxury suv,bmw,bmw_x5_m,4673,117.47404679450855,0.04238233325897833,,-1.0292024968576925,
2025-09-01,mid-luxury suv,mercedes_benz,mercedes_benz_gle,4464,112.22001816620718,1.6634844868735081,,67.91677350586147,
2025-09-01,mid-luxury suv,land_rover,land_rover_defender_110,4461,112.14460148733204,0.2964254577157803,,21.185493565942068,
2025-09-01,mid-luxury suv,bmw,bmw_x6,4228,106.28723942802957,0.04887124782932273,,-0.2678794418114592,
2025-09-01,mid-luxury suv,genesis,genesis_gv80,4168,104.77890585052678,0.010424242424242447,,-4.261001204321701,
2025-09-01,mid-luxury suv,cadillac,cadillac_xt5,3574,89.84640343324921,-0.07576933023015253,,-12.373553071259664,
2025-09-01,mid-luxury suv,acura,acura_mdx,3144,79.03667946114592,-0.03617412630288164,,-7.190757341985162,
2025-09-01,mid-luxury suv,cadillac,cadillac_xt6,3046,76.5730679512247,0.04136752136752131,,-0.746138869486046,
2025-09-01,mid-luxury suv,lexus,lexus_rx,2208,55.50667565210248,-0.11467522052927026,,-10.419513001180455,
2025-09-01,mid-luxury suv,audi,audi_q7,1763,44.31986828562349,-0.3861420612813371,,-31.598340941412836,
2025-09-01,mid-luxury suv,lexus,lexus_tx,634,15.938058135612758,0.8270893371757926,,6.765488984574596,
2025-09-01,mid-luxury suv,lexus,lexus_gx,74,1.8602780789201012,-0.038961038961038974,,-0.17513351943707045,
2025-09-01,near luxury car,volvo,volvo_v60,7000,278.2756829041847,-0.08996359854394176,,20.1193315596895,
2025-09-01,near luxury car,bmw,bmw_3_series,6302,250.52762195173887,0.027555845426381786,,44.69391123985781,
2025-09-01,near luxury car,bmw,bmw_m4,3879,154.20448199790465,0.13553864168618257,,39.55782362650638,
2025-09-01,near luxury car,genesis,genesis_g70,3630,144.30581842031293,-0.07984790874524716,,11.905037602055842,
2025-09-01,near luxury car,mercedes_benz,mercedes_benz_c_class,3626,144.14680374436767,0.16180711310477403,,39.40083747471485,
2025-09-01,near luxury car,bmw,bmw_4_series,2893,115.00736437740092,0.09252265861027187,,26.13606713868235,
2025-09-01,near luxury car,lexus,lexus_es,2807,111.58854884457807,-0.12061403508771928,,4.459704136878045,
2025-09-01,near luxury car,acura,acura_tlx,2698,107.25539892507005,0.13743676222596957,,27.647122093408257,
2025-09-01,near luxury car,lexus,lexus_is,2308,91.75146802040832,-0.0556464811783961,,9.726751082557797,
2025-09-01,near luxury car,cadillac,cadillac_ct5,1349,53.62769946253503,-0.0683701657458563,,5.0304039936284966,
2025-09-01,near luxury car,audi,audi_s5,286,11.369549330085261,-0.8548223350253807,,-54.746936908689506,
2025-09-01,near luxury car,audi,audi_a5,274,10.892505302249516,-0.9028368794326241,,-83.75139885680878,
2025-09-01,near luxury car,audi,audi_a4,0,0.0,,,0.0,
2025-09-01,near luxury car,bmw,bmw_m3,0,0.0,,,0.0,
2025-09-01,near luxury car,infiniti,infiniti_q50,0,0.0,,,0.0,
2025-09-01,near luxury car,lexus,lexus_rc,0,0.0,,,0.0,
2025-09-01,near luxury car,volvo,volvo_s60,0,0.0,,,0.0,
2025-09-01,near luxury suv,volvo,volvo_xc60,6634,210.90236828097872,-0.052421082702471034,,14.35845671838365,
2025-09-01,near luxury suv,jaguar,jaguar_e_pace,5054,160.6723800560848,0.09559939301972675,,31.168442898785685,
2025-09-01,near luxury suv,bmw,bmw_x3,4665,148.30562979058874,0.07463718037318601,,26.43773661915249,
2025-09-01,near luxury suv,land_rover,land_rover_range_rover_evoque,4250,135.1123100986071,0.5173152445555158,,56.47790125889439,
2025-09-01,near luxury suv,bmw,bmw_x4,3858,122.65018643774735,0.3003033367037411,,39.35554487136832,
2025-09-01,near luxury suv,acura,acura_rdx,3727,118.48554817353146,0.010300894551368955,,14.921701615266471,
2025-09-01,near luxury suv,porsche,porsche_macan,3560,113.17642916495089,-0.31353644427304284,,-32.41373300668431,
2025-09-01,near luxury suv,genesis,genesis_gv70,3377,107.35865204776381,-0.04307169169736469,,8.286596069418152,
2025-09-01,near luxury suv,land_rover,land_rover_discovery_sport,3082,97.98026817033109,0.2538649308380798,,28.975135386320417,
2025-09-01,near luxury suv,mercedes_benz,mercedes_benz_glc,2880,91.55845954917376,0.2075471698113207,,24.602706217251296,
2025-09-01,near luxury suv,bmw,bmw_x4_m,2563,81.48067077240707,-0.2430596574128765,,-13.5768473751357,
2025-09-01,near luxury suv,mercedes_benz,mercedes_benz_glb,2353,74.80453309694647,0.17473789316025967,,18.572929774581397,
2025-09-01,near luxury suv,cadillac,cadillac_xt4,1106,35.160991757425755,-0.07986688851913482,,1.4164150257818093,
2025-09-01,near luxury suv,audi,audi_q5,824,26.195892593235826,-0.5607675906183369,,-26.470351956318282,
2025-09-01,near luxury suv,lexus,lexus_nx,597,18.97930567738081,-0.8074193548387096,,-68.04913680855616,
2025-09-01,premium luxury car,bmw,bmw_7_series,13144,151.7583333747768,-0.1714051566538486,,-0.8913826129224276,
2025-09-01,premium luxury car,audi,audi_s8,12532,144.69228802896401,0.06032659277434638,,30.958001118630705,
2025-09-01,premium luxury car,audi,audi_a8,9206,106.29087165613173,-0.016137650956503102,,16.248421142552843,
2025-09-01,premium luxury car,mercedes_benz,mercedes_benz_s_class,7194,83.06067029048573,-0.06571428571428573,,8.963537774235078,
2025-09-01,premium luxury car,genesis,genesis_g90,4755,54.90040133879061,-0.3665911815638737,,-17.339491362442338,
2025-09-01,premium luxury car,porsche,porsche_panamera,1073,12.3886710066293,-0.20694752402069472,,-0.6312537069404591,
2025-09-01,premium luxury car,lexus,lexus_ls,0,0.0,,,0.0,
2025-10-01,entry luxury ev suv,volvo,volvo_ex40,15508,126.886209580474,0.2188949147213708,,-64.16703845989,
2025-10-01,entry luxury ev suv,genesis,genesis_gv60,8763,71.69872675739578,0.6587166382737082,,-7.632744546325284,
2025-10-01,entry luxury ev suv,volvo,volvo_c40,0,0.0,,,0.0,
2025-10-01,mid-luxury car,bmw,bmw_5_series,6918,181.49364206206587,-0.08781645569620256,,-32.01587809991506,
2025-10-01,mid-luxury car,bmw,bmw_m5,6474,169.84530770595757,0.04910063198833248,,-3.884551065084679,
2025-10-01,mid-luxury car,genesis,genesis_g80,5785,151.76940146415888,-0.12242111650485432,,-33.81271310701442,
2025-10-01,mid-luxury car,audi,audi_s6,4889,128.262852853634,0.3427629772040648,,25.75913938979268,
2025-10-01,mid-luxury car,audi,audi_a6,4317,113.25644012459358,-0.16644139795327284,,-32.546013055641026,
2025-10-01,mid-luxury car,jaguar,jaguar_xf,3845,100.87352612440637,-0.44307647740440326,,-93.4922079471016,
2025-10-01,mid-luxury car,volvo,volvo_v90,3621,94.99688897177516,-0.5567931456548347,,-135.0100703799369,
2025-10-01,mid-luxury car,mercedes_benz,mercedes_benz_cle,3120,81.85316034022051,3.2857142857142856,,61.358048172772975,
2025-10-01,mid-luxury car,mercedes_benz,mercedes_benz_e_class,2784,73.0382046112737,0.6985967053081148,,26.896049607913106,
2025-10-01,mid-luxury car,audi,audi_a7,1827,47.93132177614836,0.5037037037037038,,13.725880452729733,
2025-10-01,mid-luxury car,audi,audi_s7,1344,35.259822915787296,-0.2512534818941504,,-15.274141837740629,
2025-10-01,mid-luxury car,audi,audi_rs_7,6,0.1574099237311933,0.0,,-0.011505835890627064,
2025-10-01,mid-luxury car,audi,audi_rs_6,0,0.0,,,0.0,
2025-10-01,mid-luxury car,volvo,volvo_s90,0,0.0,,,0.0,
2025-10-01,mid-luxury suv,infiniti,infiniti_qx60,7082,194.4586578987295,0.3910823021017482,,66.47655384761823,
2025-10-01,mid-luxury suv,land_rover,land_rover_discovery,6709,184.21676586311443,-0.18747729199467122,,-23.35507329422711,
2025-10-01,mid-luxury suv,bmw,bmw_x5,6097,167.41237464114005,0.16244041944709253,,35.55888107443829,
2025-10-01,mid-luxury suv,land_rover,land_rover_range_rover_velar,5591,153.5185479118606,-0.3408394246639943,,-59.70954216111639,
2025-10-01,mid-luxury suv,bmw,bmw_x6_m,5430,149.09778486163532,-0.15735567970204845,,-12.897241362163754,
2025-10-01,mid-luxury suv,land_rover,land_rover_defender_130,5335,146.48926008044648,-0.39731134206958885,,-76.04022038713103,
2025-10-01,mid-luxury suv,volvo,volvo_xc90,5324,146.18722036894042,-0.06333567909922588,,3.297752793509943,
2025-10-01,mid-luxury suv,jaguar,jaguar_f_pace,4961,136.21990988923991,-0.08451743864181582,,-0.007751052219930443,
2025-10-01,mid-luxury suv,bmw,bmw_x5_m,4861,133.47409433009378,0.04023111491547193,,16.000047535585225,
2025-10-01,mid-luxury suv,lincoln,lincoln_aviator,4512,123.89119802867377,-0.23199999999999998,,-23.79979810180724,
2025-10-01,mid-luxury suv,genesis,genesis_gv80,3942,108.24004934154078,-0.05422264875239924,,3.461143491013999,
2025-10-01,mid-luxury suv,bmw,bmw_x6,3894,106.92205787315064,-0.07899716177861871,,0.6348184451210699,
2025-10-01,mid-luxury suv,cadillac,cadillac_xt5,3436,94.34622261226131,-0.038612199216564114,,4.499819179012107,
2025-10-01,mid-luxury suv,mercedes_benz,mercedes_benz_gle,3308,90.83157869655426,-0.25896057347670254,,-21.388439469652923,
2025-10-01,mid-luxury suv,lincoln,lincoln_nautilus,3188,87.53660002557889,-0.3379023883696781,,-33.50716956901958,
2025-10-01,mid-luxury suv,land_rover,land_rover_defender_110,3173,87.12472769170697,-0.2887245012329074,,-25.019873795625074,
2025-10-01,mid-luxury suv,cadillac,cadillac_xt6,3042,83.52770930922553,-0.0013131976362442677,,6.954641358000828,
2025-10-01,mid-luxury suv,acura,acura_mdx,2921,80.2052724826587,-0.07092875318066161,,1.1685930215127769,
2025-10-01,mid-luxury suv,land_rover,land_rover_defender_90,2062,56.618716829593374,-0.632703954399715,,-84.5110282387505,
2025-10-01,mid-luxury suv,lexus,lexus_rx,1510,41.46181494310669,-0.3161231884057971,,-14.044860708995792,
2025-10-01,mid-luxury suv,audi,audi_q7,1221,33.52640797717435,-0.3074305161656268,,-10.793460308449141,
2025-10-01,mid-luxury suv,lexus,lexus_tx,1009,27.705278991784535,0.5914826498422714,,11.767220856171777,
2025-10-01,mid-luxury suv,lexus,lexus_gx,89,2.443775847640063,0.20270270270270263,,0.5834977687199618,
2025-10-01,near luxury car,volvo,volvo_v60,5386,151.43752077930233,-0.23057142857142854,,-126.83816212488236,
2025-10-01,near luxury car,mercedes_benz,mercedes_benz_c_class,5309,149.27252094640107,0.46414782129067844,,5.1257172020334,
2025-10-01,near luxury car,bmw,bmw_3_series,5130,144.23959925692927,-0.18597270707711833,,-106.2880226948096,
2025-10-01,near luxury car,audi,audi_a5,4460,125.40128902259347,15.277372262773724,,114.50878372034396,
2025-10-01,near luxury car,genesis,genesis_g70,3933,110.58369276364577,0.08347107438016521,,-33.72212565666716,
2025-10-01,near luxury car,bmw,bmw_m4,3881,109.12161495441373,0.0005155968032997116,,-45.08286704349092,
2025-10-01,near luxury car,audi,audi_s5,3347,94.10720052883865,10.702797202797203,,82.73765119875338,
2025-10-01,near luxury car,lexus,lexus_es,2694,75.74687727059793,-0.040256501603134986,,-35.841671573980136,
2025-10-01,near luxury car,acura,acura_tlx,2643,74.31291634231268,-0.02038547071905117,,-32.94248258275738,
2025-10-01,near luxury car,bmw,bmw_4_series,2530,71.13570879532769,-0.12547528517110262,,-43.87165558207323,
2025-10-01,near luxury car,lexus,lexus_is,2318,65.17493003461249,0.004332755632582286,,-26.576537985795838,
2025-10-01,near luxury car,cadillac,cadillac_ct5,1316,37.0018153259491,-0.024462564862861358,,-16.625884136585924,
2025-10-01,near luxury car,audi,audi_a4,0,0.0,,,0.0,
2025-10-01,near luxury car,bmw,bmw_m3,0,0.0,,,0.0,
2025-10-01,near luxury car,infiniti,infiniti_q50,0,0.0,,,0.0,
2025-10-01,near luxury car,lexus,lexus_rc,0,0.0,,,0.0,
2025-10-01,near luxury car,volvo,volvo_s60,0,0.0,,,0.0,
2025-10-01,near luxury suv,volvo,volvo_xc60,7444,203.97522829354236,0.12209828157974068,,-6.927139987436362,
2025-10-01,near luxury suv,jaguar,jaguar_e_pace,7219,197.80993727177352,0.428373565492679,,37.13755721568873,
2025-10-01,near luxury suv,bmw,bmw_x3,6243,171.06627488401193,0.3382636655948552,,22.760645093423193,
2025-10-01,near luxury suv,audi,audi_q5,4178,114.4826039508893,4.070388349514563,,88.28671135765347,
2025-10-01,near luxury suv,bmw,bmw_x4_m,4067,111.44106038015002,0.5868123293015997,,29.960389607742954,
2025-10-01,near luxury suv,genesis,genesis_gv70,3869,106.01560428099346,0.14569144210838014,,-1.3430477667703542,
2025-10-01,near luxury suv,mercedes_benz,mercedes_benz_glb,3370,92.34235885938175,0.4322141946451339,,17.537825762435276,
2025-10-01,near luxury suv,acura,acura_rdx,3134,85.87565360988201,-0.15910920311242283,,-32.60989456364945,
2025-10-01,near luxury suv,land_rover,land_rover_discovery_sport,3121,85.51943679529093,0.012654120700843707,,-12.460831375040158,
2025-10-01,near luxury suv,bmw,bmw_x4,2795,76.58661513708367,-0.2755313634007258,,-46.06357130066368,
2025-10-01,near luxury suv,porsche,porsche_macan,2217,60.74866753449535,-0.37724719101123594,,-52.42776163045554,
2025-10-01,near luxury suv,mercedes_benz,mercedes_benz_glc,1776,48.66469713182848,-0.3833333333333333,,-42.89376241734528,
2025-10-01,near luxury suv,land_rover,land_rover_range_rover_evoque,1509,41.34855178599616,-0.6449411764705882,,-93.76375831261095,
2025-10-01,near luxury suv,lexus,lexus_nx,1475,40.41690780937331,1.470686767169179,,21.437602131992502,
2025-10-01,near luxury suv,cadillac,cadillac_xt4,1230,33.703590919002835,0.11211573236889683,,-1.4574008384229202,
2025-10-01,premium luxury car,bmw,bmw_7_series,12158,138.82629696585627,-0.07501521606816797,,-12.932036408920538,
2025-10-01,premium luxury car,audi,audi_s8,11237,128.30984528749195,-0.10333546121927861,,-16.38244274147206,
2025-10-01,premium luxury car,mercedes_benz,mercedes_benz_s_class,10084,115.14429828949619,0.40172365860439263,,32.08362799901046,
2025-10-01,premium luxury car,audi,audi_a8,8598,98.17638602668468,-0.0660438844232023,,-8.114485629447046,
2025-10-01,premium luxury car,genesis,genesis_g90,5141,58.70258206131495,0.08117770767613042,,3.8021807225243407,
2025-10-01,premium luxury car,porsche,porsche_panamera,781,8.917859675138489,-0.272134203168686,,-3.470811331490811,
2025-10-01,premium luxury car,lexus,lexus_ls,0,0.0,,,0.0,
2025-11-01,entry luxury ev suv,volvo,volvo_ex40,10047,118.51056924776414,-0.35214083053907663,,-8.375640332709864,
2025-11-01,entry luxury ev suv,genesis,genesis_gv60,5020,59.21399996255359,-0.42713682528814334,,-12.484726794842182,
2025-11-01,entry luxury ev suv,volvo,volvo_c40,0,0.0,,,0.0,
2025-11-01,mid-luxury car,bmw,bmw_5_series,8396,192.0898297362061,0.2136455623012432,,10.596187674140225,
2025-11-01,mid-luxury car,genesis,genesis_g80,6507,148.87190591871047,0.12480553154710461,,-2.8974955454484075,
2025-11-01,mid-luxury car,audi,audi_s6,5337,122.10379005504193,0.09163428103906734,,-6.159062798592075,
2025-11-01,mid-luxury car,audi,audi_s7,5241,119.90743183033067,2.8995535714285716,,84.64760891454337,
2025-11-01,mid-luxury car,jaguar,jaguar_xf,5240,119.88455309882325,0.3628088426527958,,19.01102697441688,
2025-11-01,mid-luxury car,bmw,bmw_m5,4782,109.40609406842992,-0.2613531047265987,,-60.439213637527644,
2025-11-01,mid-luxury car,mercedes_benz,mercedes_benz_cle,3988,91.24038125154716,0.2782051282051281,,9.38722091132665,
2025-11-01,mid-luxury car,audi,audi_a6,3942,90.18795960220635,-0.08686587908269627,,-23.068480522387233,
2025-11-01,mid-luxury car,mercedes_benz,mercedes_benz_e_class,3570,81.67707148145018,0.2823275862068966,,8.638866870176486,
2025-11-01,mid-luxury car,audi,audi_a7,2250,51.47714589167029,0.23152709359605916,,3.545824115521931,
2025-11-01,mid-luxury car,volvo,volvo_v90,934,21.368735227920023,-0.7420602043634354,,-73.62815374385514,
2025-11-01,mid-luxury car,audi,audi_rs_7,9,0.20590858356668115,0.5,,0.048498659835487845,
2025-11-01,mid-luxury car,audi,audi_rs_6,0,0.0,,,0.0,
2025-11-01,mid-luxury car,volvo,volvo_s90,0,0.0,,,0.0,
2025-11-01,mid-luxury suv,bmw,bmw_x6_m,8417,194.60863372732726,0.5500920810313075,,45.51084886569194,
2025-11-01,mid-luxury suv,bmw,bmw_x5,8342,192.87456606312986,0.3682138756765623,,25.462191421989814,
2025-11-01,mid-luxury suv,land_rover,land_rover_discovery,8109,187.48739585302326,0.20867491429423168,,3.2706299899088265,
2025-11-01,mid-luxury suv,land_rover,land_rover_range_rover_velar,8075,186.7012851785871,0.44428545877302805,,33.18273726672652,
2025-11-01,mid-luxury suv,land_rover,land_rover_defender_130,7987,184.6666457859288,0.4970946579194002,,38.17738570548232,
2025-11-01,mid-luxury suv,jaguar,jaguar_f_pace,7718,178.44712309700745,0.5557347309010281,,42.227213207767534,
2025-11-01,mid-luxury suv,genesis,genesis_gv80,6769,156.505386919363,0.7171486555048199,,48.26533757782221,
2025-11-01,mid-luxury suv,land_rover,land_rover_defender_110,6446,149.0373355122195,1.0315159155373466,,61.912607820512534,
2025-11-01,mid-luxury suv,infiniti,infiniti_qx60,6444,148.9910937078409,-0.09008754589099122,,-45.46756419088862,
2025-11-01,mid-luxury suv,bmw,bmw_x5_m,5228,120.87607664565367,0.07549886854556687,,-12.598017684440109,
2025-11-01,mid-luxury suv,volvo,volvo_xc90,5023,116.13629169684744,-0.056536438767843755,,-30.05092867209298,
2025-11-01,mid-luxury suv,cadillac,cadillac_xt6,4218,97.52396543446197,0.3865877712031558,,13.996256125236442,
2025-11-01,mid-luxury suv,cadillac,cadillac_xt5,4170,96.41416212937563,0.21362048894062857,,2.0679395171143113,
2025-11-01,mid-luxury suv,bmw,bmw_x6,4071,94.12519281263506,0.045454545454545414,,-12.796865060515572,
2025-11-01,mid-luxury suv,lincoln,lincoln_aviator,3615,83.58206141431485,-0.19880319148936165,,-40.30913661435892,
2025-11-01,mid-luxury suv,lincoln,lincoln_nautilus,3511,81.17748758662778,0.10131744040150559,,-6.359112438951115,
2025-11-01,mid-luxury suv,acura,acura_mdx,3353,77.52438504071858,0.14789455665867846,,-2.680887441940115,
2025-11-01,mid-luxury suv,mercedes_benz,mercedes_benz_gle,3329,76.96948338817542,0.0063482466747279975,,-13.86209530837884,
2025-11-01,mid-luxury suv,lexus,lexus_tx,2735,63.23566748773198,1.7106045589692767,,35.53038849594745,
2025-11-01,mid-luxury suv,lexus,lexus_rx,1841,42.56558093049893,0.21920529801324506,,1.1037659873922436,
2025-11-01,mid-luxury suv,audi,audi_q7,810,18.727930773331956,-0.33660933660933656,,-14.798477203842396,
2025-11-01,mid-luxury suv,land_rover,land_rover_defender_90,293,6.774424341464522,-0.8579049466537343,,-49.84429248812885,
2025-11-01,mid-luxury suv,lexus,lexus_gx,140,3.23692630650182,0.5730337078651686,,0.7931504588617568,
2025-11-01,near luxury car,bmw,bmw_3_series,6761,158.8068698867866,0.31793372319688107,,14.567270629857319,
2025-11-01,near luxury car,mercedes_benz,mercedes_benz_c_class,5554,130.4560501924586,0.04614805048031645,,-18.81647075394247,
2025-11-01,near luxury car,genesis,genesis_g70,5462,128.29509293323892,0.38876175947114167,,17.711400169593148,
2025-11-01,near luxury car,volvo,volvo_v60,5246,123.22154110724485,-0.02599331600445598,,-28.215979672057486,
2025-11-01,near luxury car,audi,audi_a5,5195,122.02361914832957,0.16479820627802688,,-3.3776698742639013,
2025-11-01,near luxury car,bmw,bmw_m4,3737,87.7771443228696,-0.03710383921669669,,-21.344470631544127,
2025-11-01,near luxury car,audi,audi_s5,3571,83.87802578992972,0.06692560501942046,,-10.229174738908924,
2025-11-01,near luxury car,lexus,lexus_es,3544,83.24383181168047,0.31551596139569416,,7.4969545410825305,
2025-11-01,near luxury car,lexus,lexus_is,3175,74.5765141089406,0.36971527178602237,,9.401584074328113,
2025-11-01,near luxury car,acura,acura_tlx,2815,66.12059439895049,0.06507756337495274,,-8.192321943362188,
2025-11-01,near luxury car,bmw,bmw_4_series,2511,58.98003997718105,-0.007509881422924858,,-12.155668818146637,
2025-11-01,near luxury car,cadillac,cadillac_ct5,2075,48.73898166174858,0.5767477203647415,,11.737166335799479,
2025-11-01,near luxury car,bmw,bmw_m3,0,0.0,,,0.0,
2025-11-01,near luxury car,infiniti,infiniti_q50,0,0.0,,,0.0,
2025-11-01,near luxury car,lexus,lexus_rc,0,0.0,,,0.0,
2025-11-01,near luxury car,volvo,volvo_s60,0,0.0,,,0.0,
2025-11-01,near luxury suv,bmw,bmw_x3,7648,172.8062659780205,0.22505205830530195,,1.739991094008559,
2025-11-01,near luxury suv,volvo,volvo_xc60,7227,163.2937871630693,-0.0291509940891993,,-40.68144113047305,
2025-11-01,near luxury suv,jaguar,jaguar_e_pace,7200,162.6837232010653,-0.0026319434824767507,,-35.126214070708215,
2025-11-01,near luxury suv,audi,audi_q5,6556,148.13256795919224,0.5691718525610341,,33.649964008302945,
2025-11-01,near luxury suv,genesis,genesis_gv70,5196,117.40342024343546,0.3429826828637892,,11.387815962442005,
2025-11-01,near luxury suv,land_rover,land_rover_discovery_sport,4693,106.0381545809166,0.5036847164370395,,20.518717785625668,
2025-11-01,near luxury suv,land_rover,land_rover_range_rover_evoque,4170,94.22098968728366,1.7634194831013916,,52.872437901287505,
2025-11-01,near luxury suv,bmw,bmw_x4_m,3983,89.9957318763671,-0.02065404475043031,,-21.445328503782918,
2025-11-01,near luxury suv,mercedes_benz,mercedes_benz_glb,3980,89.9279469917,0.18100890207715126,,-2.41441186768175,
2025-11-01,near luxury suv,acura,acura_rdx,2939,66.40659201221263,-0.06222080408423736,,-19.46906159766938,
2025-11-01,near luxury suv,bmw,bmw_x4,2831,63.966336164196655,0.012880143112701248,,-12.620278972887014,
2025-11-01,near luxury suv,mercedes_benz,mercedes_benz_glc,2154,48.66954719098537,0.21283783783783794,,0.0048500591568867435,
2025-11-01,near luxury suv,lexus,lexus_nx,2137,48.28543284453841,0.44881355932203393,,7.868525035165099,
2025-11-01,near luxury suv,porsche,porsche_macan,1526,34.47991133400357,-0.31168245376635095,,-26.26875620049178,
2025-11-01,near luxury suv,cadillac,cadillac_xt4,1094,24.718887941939645,-0.11056910569105693,,-8.98470297706319,
2025-11-01,premium luxury car,audi,audi_s8,11847,147.238208893675,0.054284951499510514,,18.92836360618304,
2025-11-01,premium luxury car,bmw,bmw_7_series,10731,133.3682130191632,-0.11737127817075177,,-5.45808394669308,
2025-11-01,premium luxury car,mercedes_benz,mercedes_benz_s_class,10062,125.05367248148544,-0.002181673938913109,,9.909374191989244,
2025-11-01,premium luxury car,audi,audi_a8,8485,105.45422490612243,-0.013142591300302375,,7.277838879437752,
2025-11-01,premium luxury car,genesis,genesis_g90,6649,82.63584459644173,0.29332814627504367,,23.93326253512678,
2025-11-01,premium luxury car,porsche,porsche_panamera,733,9.109952487470565,-0.06145966709346995,,0.19209281233207598,
2025-11-01,premium luxury car,lexus,lexus_ls,0,0.0,,,0.0,
2025-12-01,entry luxury ev suv,volvo,volvo_ex30,11544,103.51460995990738,,,,
2025-12-01,entry luxury ev suv,volvo,volvo_ex40,10337,92.69148675983737,0.028864337613217828,,-25.819082487926764,
2025-12-01,entry luxury ev suv,genesis,genesis_gv60,5582,50.053582189553275,0.11195219123505984,,-9.160417773000319,
2025-12-01,entry luxury ev suv,volvo,volvo_c40,0,0.0,,,0.0,
2025-12-01,mid-luxury car,jaguar,jaguar_xf,8796,199.32895480191644,0.6786259541984734,,79.44440170309319,
2025-12-01,mid-luxury car,bmw,bmw_5_series,7824,177.3021535209407,-0.06812767984754642,,-14.787676215265407,
2025-12-01,mid-luxury car,audi,audi_s6,7513,170.25448356375605,0.40771969271126096,,48.15069350871413,
2025-12-01,mid-luxury car,genesis,genesis_g80,7265,164.63447665256058,0.11648993391731977,,15.762570733850112,
2025-12-01,mid-luxury car,bmw,bmw_m5,6488,147.02663241869416,0.356754496026767,,37.62053835026424,
2025-12-01,mid-luxury car,audi,audi_a7,5742,130.12128904872716,1.552,,78.64414315705687,
2025-12-01,mid-luxury car,audi,audi_s7,5241,118.76796863538473,0.0,,-1.1394631949459324,
2025-12-01,mid-luxury car,audi,audi_a6,4383,99.32455762810366,0.11187214611872154,,9.136598025897314,
2025-12-01,mid-luxury car,mercedes_benz,mercedes_benz_cle,4058,91.95962921625477,0.017552657973921804,,0.7192479647076055,
2025-12-01,mid-luxury car,mercedes_benz,mercedes_benz_e_class,3406,77.18444975617638,-0.045938375350140004,,-4.492621725273807,
2025-12-01,mid-luxury car,volvo,volvo_v90,1779,40.31448506055131,0.9047109207708779,,18.94574983263129,
2025-12-01,mid-luxury car,audi,audi_rs_7,9,0.20395186371273852,0.0,,-0.0019567198539426345,
2025-12-01,mid-luxury car,audi,audi_rs_6,0,0.0,,,0.0,
2025-12-01,mid-luxury car,volvo,volvo_s90,0,0.0,,,0.0,
2025-12-01,mid-luxury suv,bmw,bmw_x5,8533,194.0444992258194,0.022896187964516868,,1.1699331626895457,
2025-12-01,mid-luxury suv,land_rover,land_rover_range_rover_velar,8379,190.54246560566514,0.03764705882352937,,3.8411804270780294,
2025-12-01,mid-luxury suv,land_rover,land_rover_discovery,7045,160.20666788303032,-0.1312122333210014,,-27.280727969992938,
2025-12-01,mid-luxury suv,genesis,genesis_gv80,6958,158.2282462924237,0.02792140641158225,,1.7228593730607145,
2025-12-01,mid-luxury suv,land_rover,land_rover_defender_130,6771,153.97577689652212,-0.152247402028296,,-30.690868889406687,
2025-12-01,mid-luxury suv,infiniti,infiniti_qx60,6468,147.08541204647835,0.003724394785847407,,-1.9056816613625358,
2025-12-01,mid-luxury suv,jaguar,jaguar_f_pace,6180,140.53615436722887,-0.19927442342575796,,-37.910968729778574,
2025-12-01,mid-luxury suv,land_rover,land_rover_defender_110,5664,128.80206769190684,-0.12131554452373561,,-20.235267820312657,
2025-12-01,mid-luxury suv,lincoln,lincoln_nautilus,5399,122.77584100787519,0.5377385360296212,,41.59835342124741,
2025-12-01,mid-luxury suv,volvo,volvo_xc90,5078,115.47614755287834,0.010949631694206596,,-0.6601441439690916,
2025-12-01,mid-luxury suv,cadillac,cadillac_xt6,5049,114.8166736893428,0.19701280227596007,,17.292708254880836,
2025-12-01,mid-luxury suv,bmw,bmw_x5_m,4571,103.94672518003287,-0.1256694720734507,,-16.929351465620798,
2025-12-01,mid-luxury suv,cadillac,cadillac_xt5,4371,99.39862956944295,0.04820143884892092,,2.98446744006732,
2025-12-01,mid-luxury suv,bmw,bmw_x6,3967,90.21147643605129,-0.02554654875951856,,-3.9137163765837784,
2025-12-01,mid-luxury suv,acura,acura_mdx,3375,76.74911342870509,0.006561288398449161,,-0.7752716120134977,
2025-12-01,mid-luxury suv,bmw,bmw_x6_m,3269,74.33862275509242,-0.6116193418082452,,-120.27001097223484,
2025-12-01,mid-luxury suv,lexus,lexus_tx,3235,73.56544650129213,0.18281535648994507,,10.329779013560149,
2025-12-01,mid-luxury suv,mercedes_benz,mercedes_benz_gle,3207,72.92871311580954,-0.03664764193451486,,-4.040770272365876,
2025-12-01,mid-luxury suv,lincoln,lincoln_aviator,1874,42.61565587122765,-0.4816044260027662,,-40.9664055430872,
2025-12-01,mid-luxury suv,lexus,lexus_rx,1602,36.43024584082535,-0.1298207495926127,,-6.135335089673582,
2025-12-01,mid-luxury suv,audi,audi_q7,486,11.051872333733533,-0.4,,-7.676058439598423,
2025-12-01,mid-luxury suv,land_rover,land_rover_defender_90,267,6.071707640137558,-0.0887372013651877,,-0.7027167013269642,
2025-12-01,mid-luxury suv,lexus,lexus_gx,25,0.5685119513237413,-0.8214285714285714,,-2.6684143551780783,
2025-12-01,near luxury car,bmw,bmw_3_series,7001,146.07380257609302,0.0354977074397278,,-12.73306731069357,
2025-12-01,near luxury car,audi,audi_a5,6502,135.66231457645432,0.25158806544754575,,13.638695428124748,
2025-12-01,near luxury car,genesis,genesis_g70,6318,131.82320878099637,0.1567191504943244,,3.528115847757448,
2025-12-01,near luxury car,volvo,volvo_v60,6122,127.73372652061725,0.16698436904308034,,4.512185413372407,
2025-12-01,near luxury car,mercedes_benz,mercedes_benz_c_class,5903,123.1643560358059,0.06283759452646742,,-7.29169415665271,
2025-12-01,near luxury car,lexus,lexus_es,4193,87.48570978453907,0.18312641083521441,,4.241877972858603,
2025-12-01,near luxury car,bmw,bmw_m4,3811,79.51539231788179,0.01980198019801982,,-8.261752004987812,
2025-12-01,near luxury car,lexus,lexus_is,3457,72.12928660270727,0.08881889763779527,,-2.4472275062333324,
2025-12-01,near luxury car,acura,acura_tlx,2938,61.30050449486663,0.0436944937833037,,-4.820089904083858,
2025-12-01,near luxury car,bmw,bmw_4_series,2444,50.99334002227843,-0.02668259657506966,,-7.986699954902619,
2025-12-01,near luxury car,cadillac,cadillac_ct5,2134,44.525281345148194,0.02843373493975898,,-4.213700316600388,
2025-12-01,near luxury car,audi,audi_s5,538,11.225211510632487,-0.8493419210305236,,-72.65281427929723,
2025-12-01,near luxury car,audi,audi_a4,0,0.0,,,,
2025-12-01,near luxury car,audi,audi_rs_5,0,0.0,,,,
2025-12-01,near luxury car,bmw,bmw_m3,0,0.0,,,0.0,
2025-12-01,near luxury car,lexus,lexus_rc,0,0.0,,,0.0,
2025-12-01,near luxury car,volvo,volvo_s60,0,0.0,,,0.0,
2025-12-01,near luxury suv,bmw,bmw_x3,7772,164.6061302931082,0.01621338912133896,,-8.200135684912283,
2025-12-01,near luxury suv,volvo,volvo_xc60,7700,163.08121503563217,0.06544901065449005,,-0.2125721274371415,
2025-12-01,near luxury suv,audi,audi_q5,6768,143.34203420274784,0.032336790726052556,,-4.790533756444404,
2025-12-01,near luxury suv,jaguar,jaguar_e_pace,6106,129.3212855853987,-0.15194444444444444,,-33.36243761566661,
2025-12-01,near luxury suv,genesis,genesis_gv70,5335,112.99198470325942,0.026751347190146157,,-4.4114355401760434,
2025-12-01,near luxury suv,mercedes_benz,mercedes_benz_glb,4165,88.21211176927376,0.04648241206030157,,-1.7158352224262359,
2025-12-01,near luxury suv,land_rover,land_rover_range_rover_evoque,4077,86.34832645458081,-0.022302158273381334,,-7.872663232702848,
2025-12-01,near luxury suv,bmw,bmw_x4_m,4062,86.03063577593998,0.019834295756967046,,-3.965096100427118,
2025-12-01,near luxury suv,porsche,porsche_macan,3773,79.90979536745976,1.4724770642201834,,45.4298840334562,
2025-12-01,near luxury suv,land_rover,land_rover_discovery_sport,3439,72.83588292305701,-0.2672064777327935,,-33.20227165785958,
2025-12-01,near luxury suv,bmw,bmw_x4,2727,57.75616537690505,-0.03673613564111622,,-6.210170787291602,
2025-12-01,near luxury suv,lexus,lexus_nx,2430,51.465889939816385,0.1371080954609265,,3.1804570952779727,
2025-12-01,near luxury suv,acura,acura_rdx,2208,46.76406789593192,-0.24872405580129298,,-19.642524116280704,
2025-12-01,near luxury suv,mercedes_benz,mercedes_benz_glc,1981,41.95634895916718,-0.0803156917363046,,-6.71319823181819,
2025-12-01,near luxury suv,cadillac,cadillac_xt4,1102,23.33967519081385,0.007312614259597838,,-1.3792127511257952,
2025-12-01,premium luxury car,audi,audi_s8,10504,128.69589300916988,-0.11336203258208832,,-18.542315884505115,
2025-12-01,premium luxury car,bmw,bmw_7_series,9781,119.83763609317313,-0.08852856210977544,,-13.530576925990061,
2025-12-01,premium luxury car,mercedes_benz,mercedes_benz_s_class,9768,119.67835899786475,-0.029218843172331588,,-5.375313483620687,
2025-12-01,premium luxury car,genesis,genesis_g90,8497,104.10595991040712,0.27793653180929456,,21.470115313965394,
2025-12-01,premium luxury car,audi,audi_a8,7653,93.765200799617,-0.09805539186800238,,-11.689024106505428,
2025-12-01,premium luxury car,porsche,porsche_panamera,3615,44.29128457998373,3.9317871759890863,,35.181332092513166,
2025-12-01,premium luxury car,lexus,lexus_ls,0,0.0,,,0.0,
2026-01-01,entry luxury ev suv,volvo,volvo_ex30,12138,104.57360590571828,0.051455301455301417,,1.0589959458109064,
2026-01-01,entry luxury ev suv,volvo,volvo_ex40,7338,63.21973308091619,-0.2901228596304537,,-29.471753678921182,
2026-01-01,entry luxury ev suv,genesis,genesis_gv60,5582,48.0911079391761,0.0,,-1.962474250377177,
2026-01-01,mid-luxury car,audi,audi_s6,7513,188.17272025084642,0.0,,17.91823668709037,
2026-01-01,mid-luxury car,genesis,genesis_g80,7155,179.20615112402587,-0.015141087405368236,,14.571674471465286,
2026-01-01,mid-luxury car,bmw,bmw_m5,5996,150.17750973300616,-0.07583230579531441,,3.150877314311998,
2026-01-01,mid-luxury car,bmw,bmw_5_series,5847,146.44561364391043,-0.2526840490797546,,-30.856539877030258,
2026-01-01,mid-luxury car,audi,audi_a7,5742,143.81575398380943,0.0,,13.694464935082266,
2026-01-01,mid-luxury car,audi,audi_s7,5241,131.26756646275604,0.0,,12.499597827371304,
2026-01-01,mid-luxury car,audi,audi_a6,4612,115.51345478462714,0.052247319187771035,,16.18889715652348,
2026-01-01,mid-luxury car,mercedes_benz,mercedes_benz_cle,3630,90.91800539206344,-0.10547067520946274,,-1.0416238241913334,
2026-01-01,mid-luxury car,mercedes_benz,mercedes_benz_e_class,3044,76.24088386045209,-0.10628302994715211,,-0.9435658957242907,
2026-01-01,mid-luxury car,volvo,volvo_v90,1779,44.55733652685423,0.0,,4.242851466302916,
2026-01-01,mid-luxury car,audi,audi_rs_7,9,0.22541654229437214,0.0,,0.021464678581633617,
2026-01-01,mid-luxury car,audi,audi_rs_6,0,0.0,,,0.0,
2026-01-01,mid-luxury car,volvo,volvo_s90,0,0.0,,,0.0,
2026-01-01,mid-luxury suv,land_rover,land_rover_range_rover_velar,9757,207.83541532446236,0.1644587659625254,,17.292949718797217,
2026-01-01,mid-luxury suv,land_rover,land_rover_discovery,9264,197.3339435857148,0.3149751596877217,,37.12727570268447,
2026-01-01,mid-luxury suv,volvo,volvo_xc90,7429,158.24631551147183,0.4629775502166207,,42.77016795859349,
2026-01-01,mid-luxury suv,land_rover,land_rover_defender_110,7410,157.84159347691565,0.3082627118644068,,29.039525785008806,
2026-01-01,mid-luxury suv,infiniti,infiniti_qx60,6857,146.06205215535905,0.060142238713667195,,-1.0233598911192985,
2026-01-01,mid-luxury suv,lincoln,lincoln_nautilus,6595,140.48114831042628,0.22152250416743846,,17.70530730255109,
2026-01-01,mid-luxury suv,jaguar,jaguar_f_pace,6352,135.3049665000497,0.02783171521035599,,-5.231187867179187,
2026-01-01,mid-luxury suv,land_rover,land_rover_defender_130,6176,131.55596239047654,-0.08787476000590755,,-22.419814506045583,
2026-01-01,mid-luxury suv,bmw,bmw_x5,6128,130.5335067242293,-0.28184694714637293,,-63.510992501590096,
2026-01-01,mid-luxury suv,cadillac,cadillac_xt6,5389,114.7919496959647,0.06734006734006726,,-0.02472399337810316,
2026-01-01,mid-luxury suv,bmw,bmw_x6_m,5339,113.72689171029052,0.6332211685530744,,39.3882689551981,
2026-01-01,mid-luxury suv,genesis,genesis_gv80,5197,110.7021270309758,-0.25308996838171893,,-47.5261192614479,
2026-01-01,mid-luxury suv,bmw,bmw_x5_m,4571,97.36760105033488,0.0,,-6.579124129697988,
2026-01-01,mid-luxury suv,bmw,bmw_x6,4161,88.63412556780648,0.04890345349130332,,-1.5773508682448067,
2026-01-01,mid-luxury suv,acura,acura_mdx,4004,85.28984349278952,0.1863703703703703,,8.540730064084428,
2026-01-01,mid-luxury suv,cadillac,cadillac_xt5,3892,82.90411360487931,-0.10958590711507665,,-16.494515964563632,
2026-01-01,mid-luxury suv,lincoln,lincoln_aviator,3736,79.58113268957582,0.9935965848452508,,36.96547681834817,
2026-01-01,mid-luxury suv,mercedes_benz,mercedes_benz_gle,3654,77.83443759307015,0.13938260056127216,,4.9057244772606055,
2026-01-01,mid-luxury suv,lexus,lexus_tx,2844,60.5804982251482,-0.1208655332302937,,-12.984948276143932,
2026-01-01,mid-luxury suv,lexus,lexus_rx,1850,39.407145469945206,0.1548064918851435,,2.976899629119856,
2026-01-01,mid-luxury suv,audi,audi_q7,1383,29.459503883748226,1.8456790123456792,,18.407631550014692,
2026-01-01,mid-luxury suv,land_rover,land_rover_defender_90,218,4.643652817539489,-0.18352059925093633,,-1.4280548225980692,
2026-01-01,mid-luxury suv,lexus,lexus_gx,67,1.427177700803421,1.6800000000000002,,0.8586657494796797,
2026-01-01,near luxury car,audi,audi_a5,7223,180.3464610114994,0.11088895724392489,,44.68414643504508,
2026-01-01,near luxury car,bmw,bmw_3_series,5701,142.344617780224,-0.18568775889158695,,-3.7291847958690028,
2026-01-01,near luxury car,volvo,volvo_v60,5205,129.9603114446704,-0.1497876510944136,,2.2265849240531423,
2026-01-01,near luxury car,genesis,genesis_g70,5090,127.08895009670938,-0.19436530547641662,,-4.734258684286985,
2026-01-01,near luxury car,mercedes_benz,mercedes_benz_c_class,3815,95.25429167366332,-0.3537184482466542,,-27.910064362142577,
2026-01-01,near luxury car,bmw,bmw_m4,3638,90.83489203375811,-0.0453949094725794,,11.319499715876319,
2026-01-01,near luxury car,acura,acura_tlx,3104,77.50178803539998,0.05650102110279098,,16.201283540533353,
2026-01-01,near luxury car,lexus,lexus_es,2949,73.63169230553949,-0.2966849511089912,,-13.85401747899958,
2026-01-01,near luxury car,bmw,bmw_4_series,2513,62.74548754283511,0.028232405891980283,,11.752147520556676,
2026-01-01,near luxury car,cadillac,cadillac_ct5,2214,55.27994803813646,0.03748828491096523,,10.754666692988266,
2026-01-01,near luxury car,lexus,lexus_is,2130,53.182605836147545,-0.3838588371420306,,-18.946680766559723,
2026-01-01,near luxury car,audi,audi_s5,291,7.265792628318749,-0.4591078066914498,,-3.959418882313738,
2026-01-01,near luxury car,bmw,bmw_m3,0,0.0,,,0.0,
2026-01-01,near luxury car,lexus,lexus_rc,0,0.0,,,0.0,
2026-01-01,near luxury car,volvo,volvo_s60,0,0.0,,,0.0,
2026-01-01,near luxury suv,bmw,bmw_x3,6390,149.25342457706532,-0.17781780751415333,,-15.352705716042891,
2026-01-01,near luxury suv,volvo,volvo_xc60,6295,147.03447695033273,-0.18246753246753245,,-16.046738085299438,
2026-01-01,near luxury suv,audi,audi_q5,5780,135.0054450790982,-0.14598108747044913,,-8.336589123649645,
2026-01-01,near luxury suv,bmw,bmw_x4_m,5259,122.83626914722792,0.29468242245199416,,36.80563337128794,
2026-01-01,near luxury suv,land_rover,land_rover_range_rover_evoque,4967,116.01592486295515,0.21829776796664224,,29.66759840837433,
2026-01-01,near luxury suv,genesis,genesis_gv70,4800,112.11524850859365,-0.10028116213683225,,-0.8767361946657672,
2026-01-01,near luxury suv,acura,acura_rdx,3435,80.23247471396233,0.5557065217391304,,33.46840681803041,
2026-01-01,near luxury suv,porsche,porsche_macan,3432,80.16240268364447,-0.09037900874635574,,0.252607316184708,
2026-01-01,near luxury suv,mercedes_benz,mercedes_benz_glb,3397,79.3448956632693,-0.18439375750300124,,-8.867216106004463,
2026-01-01,near luxury suv,land_rover,land_rover_discovery_sport,3161,73.83256261159679,-0.08083745274789178,,0.9966796885397713,
2026-01-01,near luxury suv,bmw,bmw_x4,2727,63.69547555894477,0.0,,5.939310182039719,
2026-01-01,near luxury suv,mercedes_benz,mercedes_benz_glc,2268,52.97445492031051,0.14487632508833914,,11.018105961143327,
2026-01-01,near luxury suv,lexus,lexus_nx,2144,50.0781443338385,-0.1176954732510288,,-1.3877456059778837,
2026-01-01,near luxury suv,cadillac,cadillac_xt4,1243,29.0331778950379,0.12794918330308525,,5.6935027042240485,
2026-01-01,premium luxury car,bmw,bmw_7_series,13606,135.67617480150992,0.39106430835292905,,15.838538708336785,
2026-01-01,premium luxury car,mercedes_benz,mercedes_benz_s_class,12377,123.42084488595387,0.2670966420966421,,3.7424858880891207,
2026-01-01,premium luxury car,audi,audi_s8,10504,104.74368220748642,0.0,,-23.952210801683464,
2026-01-01,premium luxury car,genesis,genesis_g90,7936,79.13612547587702,-0.06602330234200304,,-24.9698344345301,
2026-01-01,premium luxury car,audi,audi_a8,6910,68.90506893123869,-0.09708611002221346,,-24.860131868378318,
2026-01-01,premium luxury car,porsche,porsche_panamera,1655,16.503312457481915,-0.5421853388658369,,-27.787972122501817,
2026-01-01,premium luxury car,lexus,lexus_ls,0,0.0,,,0.0,
2026-02-01,entry luxury ev suv,volvo,volvo_ex40,11496,592.7478536140823,0.5666394112837285,,529.5281205331661,
2026-02-01,entry luxury ev suv,genesis,genesis_gv60,5582,287.81476329799995,0.0,,239.72365535882386,
2026-02-01,entry luxury ev suv,volvo,volvo_ex30,1166,60.12038946712073,-0.9039380458065579,,-44.45321643859755,
2026-02-01,mid-luxury car,genesis,genesis_g80,10662,250.86360323266095,0.49014675052410905,,71.65745210863508,
2026-02-01,mid-luxury car,audi,audi_s6,8964,210.91177446797718,0.19313190469852248,,22.739054217130757,
2026-02-01,mid-luxury car,bmw,bmw_5_series,6587,154.98391994874672,0.12656062938258938,,8.538306304836283,
2026-02-01,mid-luxury car,audi,audi_a7,5742,135.10212059294122,0.0,,-8.71363339086821,
2026-02-01,mid-luxury car,bmw,bmw_m5,5558,130.77282937226877,-0.07304869913275513,,-19.404680360737387,
2026-02-01,mid-luxury car,audi,audi_s7,5241,123.31421351926242,0.0,,-7.953352943493613,
2026-02-01,mid-luxury car,audi,audi_a6,4408,103.71475924306597,-0.044232437120555024,,-11.798695541561173,
2026-02-01,mid-luxury car,mercedes_benz,mercedes_benz_cle,3541,83.31532724131048,-0.02451790633608819,,-7.602678150752951,
2026-02-01,mid-luxury car,mercedes_benz,mercedes_benz_e_class,2863,67.3628302433979,-0.05946123521682001,,-8.878053617054192,
2026-02-01,mid-luxury car,volvo,volvo_v90,1779,41.857658052045004,0.0,,-2.6996784748092253,
2026-02-01,mid-luxury car,audi,audi_rs_7,9,0.21175880970680439,0.0,,-0.01365773258756775,
2026-02-01,mid-luxury car,audi,audi_rs_6,0,0.0,,,0.0,
2026-02-01,mid-luxury car,volvo,volvo_s90,0,0.0,,,0.0,
2026-02-01,mid-luxury suv,jaguar,jaguar_f_pace,12303,244.48142567352494,0.9368702770780857,,109.17645917347525,
2026-02-01,mid-luxury suv,land_rover,land_rover_defender_130,9189,182.6009770392604,0.4878562176165804,,51.04501464878388,
2026-02-01,mid-luxury suv,land_rover,land_rover_range_rover_velar,8831,175.48691133243102,-0.0949062211745414,,-32.34850399203134,
2026-02-01,mid-luxury suv,bmw,bmw_x6_m,8636,171.61193140832003,0.6175313729162764,,57.885039698029516,
2026-02-01,mid-luxury suv,land_rover,land_rover_discovery,8189,162.72928512074256,-0.11604058721934374,,-34.60465846497223,
2026-02-01,mid-luxury suv,volvo,volvo_xc90,7889,156.76777754518722,0.0619195046439629,,-1.4785379662846196,
2026-02-01,mid-luxury suv,land_rover,land_rover_defender_110,7584,150.70691151003928,0.02348178137651824,,-7.1346819668763715,
2026-02-01,mid-luxury suv,infiniti,infiniti_qx60,7095,140.98965416188406,0.034709056438675834,,-5.072397993474993,
2026-02-01,mid-luxury suv,bmw,bmw_x5,6942,137.94928529835082,0.1328328981723237,,7.415778574121504,
2026-02-01,mid-luxury suv,lincoln,lincoln_nautilus,6275,124.69486678869943,-0.04852160727824106,,-15.786281521726849,
2026-02-01,mid-luxury suv,genesis,genesis_gv80,5582,110.92378428916656,0.0740812006927074,,0.22165725819075988,
2026-02-01,mid-luxury suv,lincoln,lincoln_aviator,5209,103.51164320355942,0.39427194860813697,,23.93051051398359,
2026-02-01,mid-luxury suv,bmw,bmw_x5_m,4789,95.16553259778192,0.04769197112229273,,-2.2020684525529646,
2026-02-01,mid-luxury suv,cadillac,cadillac_xt6,4773,94.84758552708564,-0.11430692150677302,,-19.944364168879062,
2026-02-01,mid-luxury suv,acura,acura_mdx,4246,84.37520388602674,0.06043956043956045,,-0.9146396067627762,
2026-02-01,mid-luxury suv,bmw,bmw_x6,3951,78.51305477006397,-0.050468637346791634,,-10.121070797742505,
2026-02-01,mid-luxury suv,mercedes_benz,mercedes_benz_gle,3367,66.90798668964956,-0.07854406130268199,,-10.926450903420587,
2026-02-01,mid-luxury suv,cadillac,cadillac_xt5,3076,61.125324341360866,-0.20966084275436792,,-21.778789263518448,
2026-02-01,mid-luxury suv,lexus,lexus_tx,2648,52.62024020023523,-0.0689170182841069,,-7.960258024912967,
2026-02-01,mid-luxury suv,lexus,lexus_rx,1740,34.576743938221036,-0.05945945945945941,,-4.830401531724171,
2026-02-01,mid-luxury suv,audi,audi_q7,1390,27.62165176673979,0.005061460592914013,,-1.8378521170084348,
2026-02-01,mid-luxury suv,land_rover,land_rover_defender_90,176,3.4974177776591393,-0.19266055045871555,,-1.1462350398803496,
2026-02-01,mid-luxury suv,lexus,lexus_gx,54,1.0730713635999631,-0.19402985074626866,,-0.35410633720345785,
2026-02-01,near luxury car,audi,audi_a5,7632,204.88695639416648,0.056624671189256626,,24.540495382667075,
2026-02-01,near luxury car,bmw,bmw_3_series,5613,150.68533624743927,-0.01543588844062449,,8.340718467215254,
2026-02-01,near luxury car,genesis,genesis_g70,5456,146.47054953964522,0.07190569744597242,,19.381599442935837,
2026-02-01,near luxury car,mercedes_benz,mercedes_benz_c_class,3707,99.5172886993154,-0.028309305373525606,,4.2629970256520835,
2026-02-01,near luxury car,lexus,lexus_es,3546,95.19511889068585,0.20244150559511698,,21.56342658514636,
2026-02-01,near luxury car,bmw,bmw_m4,3480,93.42329772689982,-0.04343045629466735,,2.588405693141709,
2026-02-01,near luxury car,acura,acura_tlx,2248,60.349302669560565,-0.2757731958762887,,-17.152485365839418,
2026-02-01,near luxury car,bmw,bmw_4_series,2197,58.980168133907725,-0.12574612017508957,,-3.7653194089273825,
2026-02-01,near luxury car,cadillac,cadillac_ct5,2141,57.47680472221049,-0.03297199638663051,,2.196856684074028,
2026-02-01,near luxury car,volvo,volvo_v60,1929,51.78550037792809,-0.6293948126801152,,-78.17481106674231,
2026-02-01,near luxury car,audi,audi_s5,1412,37.90623459493751,3.8522336769759447,,30.64044196661876,
2026-02-01,near luxury car,lexus,lexus_is,1043,28.000143542861064,-0.5103286384976526,,-25.18246229328648,
2026-02-01,near luxury car,bmw,bmw_m3,0,0.0,,,0.0,
2026-02-01,near luxury car,lexus,lexus_rc,0,0.0,,,0.0,
2026-02-01,near luxury car,volvo,volvo_s60,0,0.0,,,0.0,
2026-02-01,near luxury suv,volvo,volvo_xc60,7746,179.89319001157122,0.23050039714058768,,32.85871306123849,
2026-02-01,near luxury suv,bmw,bmw_x3,6872,159.59540430667667,0.07543035993740221,,10.341979729611353,
2026-02-01,near luxury suv,audi,audi_q5,5847,135.79079292507836,0.011591695501730115,,0.7853478459801693,
2026-02-01,near luxury suv,land_rover,land_rover_range_rover_evoque,4981,115.67879930901579,0.0028186027783370093,,-0.3371255539393587,
2026-02-01,near luxury suv,genesis,genesis_gv70,4451,103.37007342389666,-0.07270833333333337,,-8.745175084696996,
2026-02-01,near luxury suv,bmw,bmw_x4_m,3579,83.1187357412101,-0.3194523673702224,,-39.71753340601782,
2026-02-01,near luxury suv,acura,acura_rdx,3502,81.33048688620222,0.019505094614264973,,1.0980121722398906,
2026-02-01,near luxury suv,mercedes_benz,mercedes_benz_glb,3368,78.21846939826645,-0.008536944362672938,,-1.1264262650028485,
2026-02-01,near luxury suv,porsche,porsche_macan,3097,71.9247623890829,-0.09761072261072257,,-8.237640294561572,
2026-02-01,near luxury suv,land_rover,land_rover_discovery_sport,2462,57.17751533804394,-0.22113255298956025,,-16.655047273552846,
2026-02-01,near luxury suv,mercedes_benz,mercedes_benz_glc,2092,48.58463122956455,-0.07760141093474426,,-4.389823690745956,
2026-02-01,near luxury suv,bmw,bmw_x4,2034,47.23763858553265,-0.2541254125412541,,-16.45783697341212,
2026-02-01,near luxury suv,lexus,lexus_nx,1685,39.13245871023722,-0.21408582089552242,,-10.945685623601278,
2026-02-01,near luxury suv,cadillac,cadillac_xt4,732,16.999976128126793,-0.41110217216411904,,-12.033201766911105,
2026-02-01,premium luxury car,bmw,bmw_7_series,14037,142.7445953597689,0.031677201234749486,,7.0684205582589925,
2026-02-01,premium luxury car,mercedes_benz,mercedes_benz_s_class,11696,118.93857571616849,-0.055021410681102,,-4.482269169785383,
2026-02-01,premium luxury car,audi,audi_s8,8884,90.34287847661088,-0.15422696115765422,,-14.400803730875538,
2026-02-01,premium luxury car,genesis,genesis_g90,8007,81.42451913127232,0.00894657258064524,,2.2883936553952964,
2026-02-01,premium luxury car,audi,audi_a8,4926,50.093316003577804,-0.28712011577424024,,-18.811752927660883,
2026-02-01,premium luxury car,porsche,porsche_panamera,1557,15.833392817208818,-0.05921450151057406,,-0.6699196402730969,
2026-02-01,premium luxury car,lexus,lexus_ls,0,0.0,,,0.0,
2026-03-01,entry luxury ev suv,volvo,volvo_ex40,9192,172.88585943220332,-0.20041753653444672,,-419.8619941818789,
2026-03-01,entry luxury ev suv,genesis,genesis_gv60,9083,170.83575513736974,0.627194553923325,,-116.9790081606302,
2026-03-01,entry luxury ev suv,volvo,volvo_ex30,4638,87.23287815998249,2.9777015437392795,,27.11248869286176,
2026-03-01,mid-luxury car,audi,audi_s6,8964,180.76298498702087,0.0,,-30.14878948095631,
2026-03-01,mid-luxury car,genesis,genesis_g80,8751,176.4677467226037,-0.17923466516601017,,-74.39585651005726,
2026-03-01,mid-luxury car,bmw,bmw_5_series,8670,174.83434625585352,0.316228935782602,,19.8504263071068,
2026-03-01,mid-luxury car,bmw,bmw_m5,6024,121.47659767534735,0.08384310903202596,,-9.296231696921424,
2026-03-01,mid-luxury car,audi,audi_a7,5742,115.78994419851337,0.0,,-19.31217639442785,
2026-03-01,mid-luxury car,audi,audi_s7,5241,105.68705983009554,0.0,,-17.62715368916689,
2026-03-01,mid-luxury car,mercedes_benz,mercedes_benz_cle,4575,92.25687821459398,0.2920079073707993,,8.941550973283498,
2026-03-01,mid-luxury car,audi,audi_a6,4408,88.88925009178803,0.0,,-14.825509151277942,
2026-03-01,mid-luxury car,mercedes_benz,mercedes_benz_e_class,3754,75.70105373061985,0.3112120153684945,,8.338223487221953,
2026-03-01,mid-luxury car,volvo,volvo_v90,667,13.450347053362663,-0.6250702641933671,,-28.40731099868234,
2026-03-01,mid-luxury car,audi,audi_rs_7,9,0.18148894075002095,0.0,,-0.030269868956783436,
2026-03-01,mid-luxury car,audi,audi_rs_6,0,0.0,,,0.0,
2026-03-01,mid-luxury car,volvo,volvo_s90,0,0.0,,,0.0,
2026-03-01,mid-luxury suv,land_rover,land_rover_range_rover_velar,10016,175.9254972290905,0.13418638885743395,,0.43858589665947534,
2026-03-01,mid-luxury suv,volvo,volvo_xc90,8578,150.66782300630373,0.08733679807326666,,-6.09995453888348,
2026-03-01,mid-luxury suv,bmw,bmw_x5,8340,146.48748471351985,0.20138288677614513,,8.538199415169032,
2026-03-01,mid-luxury suv,land_rover,land_rover_defender_130,8284,145.50387570345305,-0.09848732179780173,,-37.097101335807366,
2026-03-01,mid-luxury suv,land_rover,land_rover_discovery,8238,144.6959111594696,0.005983636585663588,,-18.033373961272957,
2026-03-01,mid-luxury suv,land_rover,land_rover_defender_110,7342,128.9581669984008,-0.031909282700421926,,-21.748744511638478,
2026-03-01,mid-luxury suv,infiniti,infiniti_qx60,7303,128.2731535806757,0.029316420014094513,,-12.71650058120835,
2026-03-01,mid-luxury suv,genesis,genesis_gv80,6803,119.49093027650784,0.21873880329630957,,8.567145987341277,
2026-03-01,mid-luxury suv,lincoln,lincoln_nautilus,6715,117.94525897497431,0.07011952191235049,,-6.74960781372512,
2026-03-01,mid-luxury suv,land_rover,land_rover_defender_90,6214,109.14547122419812,34.30681818181818,,105.64805344653898,
2026-03-01,mid-luxury suv,bmw,bmw_x6_m,6213,109.12790677758977,-0.2805697081982399,,-62.48402463073026,
2026-03-01,mid-luxury suv,jaguar,jaguar_f_pace,5715,100.3808123666386,-0.5354791514264814,,-144.10061330688634,
2026-03-01,mid-luxury suv,lincoln,lincoln_aviator,5170,90.80818896509562,-0.007487041658667648,,-12.703454238463792,
2026-03-01,mid-luxury suv,bmw,bmw_x5_m,4934,86.6629795655284,0.030277719774483236,,-8.502553032253516,
2026-03-01,mid-luxury suv,acura,acura_mdx,4697,82.50020571935283,0.10621761658031081,,-1.8749981666739046,
2026-03-01,mid-luxury suv,cadillac,cadillac_xt6,4693,82.42994793291949,-0.016760946993505166,,-12.417637594166152,
2026-03-01,mid-luxury suv,bmw,bmw_x6,4204,73.84093354144333,0.06403442166540119,,-4.6721212286206395,
2026-03-01,mid-luxury suv,mercedes_benz,mercedes_benz_gle,4074,71.55755548235969,0.20997920997920994,,4.649568792710127,
2026-03-01,mid-luxury suv,cadillac,cadillac_xt5,3795,66.65707487863402,0.23374512353706112,,5.531750537273155,
2026-03-01,mid-luxury suv,lexus,lexus_rx,3333,58.542300545582926,0.9155172413793105,,23.96555660736189,
2026-03-01,mid-luxury suv,lexus,lexus_tx,3251,57.1020159236994,0.22771903323262843,,4.4817757234641675,
2026-03-01,mid-luxury suv,audi,audi_q7,1390,24.41458078558664,0.0,,-3.2070709811531515,
2026-03-01,mid-luxury suv,lexus,lexus_gx,129,2.265813612475307,1.3888888888888888,,1.1927422488753439,
2026-03-01,near luxury car,bmw,bmw_3_series,7731,176.9475631195553,0.37733832175307325,,26.26222687211603,
2026-03-01,near luxury car,audi,audi_a5,7632,174.68164554759358,0.0,,-30.2053108465729,
2026-03-01,near luxury car,genesis,genesis_g70,5578,127.66957794345872,0.022360703812316807,,-18.8009715961865,
2026-03-01,near luxury car,volvo,volvo_v60,4693,107.41364813349799,1.4328667703473301,,55.6281477555699,
2026-03-01,near luxury car,mercedes_benz,mercedes_benz_c_class,4614,105.60549168718511,0.24467224170488255,,6.088202987869707,
2026-03-01,near luxury car,acura,acura_tlx,4004,91.64377735489579,0.7811387900355873,,31.294474685335224,
2026-03-01,near luxury car,bmw,bmw_m4,3840,87.89013612457538,0.10344827586206895,,-5.533161602324441,
2026-03-01,near luxury car,lexus,lexus_es,3546,81.16104757753759,0.0,,-14.03407131314826,
2026-03-01,near luxury car,lexus,lexus_is,3522,80.61173422675898,2.37679769894535,,52.611590683897916,
2026-03-01,near luxury car,bmw,bmw_4_series,2606,59.646274672042566,0.18616294947655887,,0.6661065381348408,
2026-03-01,near luxury car,cadillac,cadillac_ct5,2275,52.07032804255443,0.06258757589911257,,-5.406476679656059,
2026-03-01,near luxury car,audi,audi_s5,491,11.238035634678779,-0.6522662889518414,,-26.668198960258728,
2026-03-01,near luxury car,bmw,bmw_m3,0,0.0,,,0.0,
2026-03-01,near luxury car,lexus,lexus_rc,0,0.0,,,0.0,
2026-03-01,near luxury car,volvo,volvo_s60,0,0.0,,,0.0,
2026-03-01,near luxury suv,volvo,volvo_xc60,7448,155.0828548163275,-0.03847146914536537,,-24.81033519524371,
2026-03-01,near luxury suv,bmw,bmw_x3,7297,151.93872067598573,0.06184516880093138,,-7.656683630690935,
2026-03-01,near luxury suv,genesis,genesis_gv70,6280,130.76266490957798,0.4109188946304201,,27.392591485681322,
2026-03-01,near luxury suv,audi,audi_q5,5847,121.74670409654496,0.0,,-14.044088828533404,
2026-03-01,near luxury suv,land_rover,land_rover_range_rover_evoque,4918,102.40299140530325,-0.012648062638024538,,-13.275807903712533,
2026-03-01,near luxury suv,mercedes_benz,mercedes_benz_glb,4354,90.65933805992077,0.2927553444180522,,12.44086866165432,
2026-03-01,near luxury suv,porsche,porsche_macan,3971,82.68448126686849,0.28220858895705514,,10.759718877785588,
2026-03-01,near luxury suv,bmw,bmw_x4_m,3868,80.53980698570821,0.08074881251746291,,-2.5789287555018916,
2026-03-01,near luxury suv,lexus,lexus_nx,3740,77.87458069455758,1.2195845697329375,,38.742121984320356,
2026-03-01,near luxury suv,land_rover,land_rover_discovery_sport,3194,66.50572479636816,0.29731925264013004,,9.328209458324217,
2026-03-01,near luxury suv,acura,acura_rdx,3085,64.2361180328102,-0.11907481439177614,,-17.094368853392027,
2026-03-01,near luxury suv,mercedes_benz,mercedes_benz_glc,3070,63.923786826815984,0.4674952198852773,,15.339155597251434,
2026-03-01,near luxury suv,bmw,bmw_x4,2034,42.35211153281554,0.0,,-4.885527052717109,
2026-03-01,near luxury suv,cadillac,cadillac_xt4,1459,30.3794153030373,0.9931693989071038,,13.379439174910509,
2026-03-01,premium luxury car,bmw,bmw_7_series,17531,160.2870237361592,0.24891358552397236,,17.54242837639029,
2026-03-01,premium luxury car,mercedes_benz,mercedes_benz_s_class,10985,100.43653845996856,-0.060790013679890564,,-18.502037256199927,
2026-03-01,premium luxury car,audi,audi_s8,8884,81.22696474086123,0.0,,-9.115913735749643,
2026-03-01,premium luxury car,genesis,genesis_g90,7453,68.1432427075235,-0.06918945922317976,,-13.281276423748821,
2026-03-01,premium luxury car,audi,audi_a8,4926,45.03872448373283,0.0,,-5.054591519844976,
2026-03-01,premium luxury car,porsche,porsche_panamera,2112,19.310147403500554,0.35645472061657024,,3.4767545862917366,
2026-03-01,premium luxury car,lexus,lexus_ls,0,0.0,,,0.0,
2026-04-01,entry luxury ev suv,volvo,volvo_ex40,13153,158.00787835780397,0.43091818973020013,,-14.877981074399344,
2026-04-01,entry luxury ev suv,genesis,genesis_gv60,9563,114.88096561512046,0.05284597599911933,,-55.954789522249285,
2026-04-01,entry luxury ev suv,volvo,volvo_ex30,7845,94.24251545023738,0.6914618369987064,,7.0096372902548865,
2026-04-01,mid-luxury car,genesis,genesis_g80,9617,206.4192506900247,0.09896011884356071,,29.95150396742102,
2026-04-01,mid-luxury car,audi,audi_s6,8964,192.40326122339414,0.0,,11.640276236373268,
2026-04-01,mid-luxury car,bmw,bmw_5_series,7450,159.90677109708682,-0.14071510957324107,,-14.9275751587667,
2026-04-01,mid-luxury car,bmw,bmw_m5,6050,129.85717652850676,0.00431606905710491,,8.380578853159406,
2026-04-01,mid-luxury car,audi,audi_a7,5742,123.24626572341914,0.0,,7.456321524905775,
2026-04-01,mid-luxury car,audi,audi_s7,5241,112.49280366709155,0.0,,6.805743836996015,
2026-04-01,mid-luxury car,audi,audi_a6,4408,94.6132948987864,0.0,,5.7240448069983785,
2026-04-01,mid-luxury car,mercedes_benz,mercedes_benz_cle,4240,91.0073435505568,-0.07322404371584701,,-1.249534664037185,
2026-04-01,mid-luxury car,mercedes_benz,mercedes_benz_e_class,3439,73.81468265810491,-0.08391049547149709,,-1.8863710725149332,
2026-04-01,mid-luxury car,volvo,volvo_v90,667,14.316485412316364,0.0,,0.8661383589537017,
2026-04-01,mid-luxury car,audi,audi_rs_7,9,0.19317596508372906,0.0,,0.011687024333708107,
2026-04-01,mid-luxury car,audi,audi_rs_6,0,0.0,,,0.0,
2026-04-01,mid-luxury car,volvo,volvo_s90,0,0.0,,,0.0,
2026-04-01,mid-luxury suv,land_rover,land_rover_defender_130,11809,221.8712229721844,0.42551907291163693,,76.36734726873135,
2026-04-01,mid-luxury suv,volvo,volvo_xc90,9323,175.16346953761328,0.08685008160410357,,24.495646531309546,
2026-04-01,mid-luxury suv,land_rover,land_rover_range_rover_velar,8975,168.62513558941103,-0.10393370607028751,,-7.3003616396794655,
2026-04-01,mid-luxury suv,land_rover,land_rover_discovery,8566,160.9407143686791,0.03981548919640687,,16.244803209209493,
2026-04-01,mid-luxury suv,bmw,bmw_x5,8049,151.2271550260913,-0.03489208633093521,,4.739670312571462,
2026-04-01,mid-luxury suv,jaguar,jaguar_f_pace,7854,147.56343341718488,0.374278215223097,,47.18262105054629,
2026-04-01,mid-luxury suv,lincoln,lincoln_nautilus,7214,135.53891121359456,0.07431124348473572,,17.59365223862025,
2026-04-01,mid-luxury suv,bmw,bmw_x6_m,6499,122.10526531427101,0.04603251247384521,,12.977358536681237,
2026-04-01,mid-luxury suv,land_rover,land_rover_defender_90,6214,116.7505952704847,0.0,,7.605124046286576,
2026-04-01,mid-luxury suv,infiniti,infiniti_qx60,6110,114.79661041240128,-0.1633575243050801,,-13.476543168274432,
2026-04-01,mid-luxury suv,genesis,genesis_gv80,6090,114.42084409353907,-0.10480670292518002,,-5.070086182968765,
2026-04-01,mid-luxury suv,lincoln,lincoln_aviator,5641,105.98489023508274,0.09110251450676987,,15.17670126998712,
2026-04-01,mid-luxury suv,land_rover,land_rover_defender_110,5639,105.94731360319653,-0.23195314628166708,,-23.010853395204265,
2026-04-01,mid-luxury suv,cadillac,cadillac_xt6,4872,91.53667527483127,0.03814191348817397,,9.106727341911778,
2026-04-01,mid-luxury suv,acura,acura_mdx,4756,89.35723062543052,0.012561209282520691,,6.857024906077683,
2026-04-01,mid-luxury suv,bmw,bmw_x5_m,3787,71.15135247655707,-0.2324685853263072,,-15.511627088971338,
2026-04-01,mid-luxury suv,cadillac,cadillac_xt5,3713,69.76101709676693,-0.021607378129117283,,3.1039422181329144,
2026-04-01,mid-luxury suv,mercedes_benz,mercedes_benz_gle,3461,65.02636147910324,-0.15046637211585667,,-6.531194003256445,
2026-04-01,mid-luxury suv,lexus,lexus_tx,2785,52.325459901560976,-0.1433405106121194,,-4.776556022138422,
2026-04-01,mid-luxury suv,bmw,bmw_x6,2559,48.07930049841814,-0.39129400570884876,,-25.761633043025192,
2026-04-01,mid-luxury suv,lexus,lexus_rx,1853,34.81474944258258,-0.444044404440444,,-23.727551103000344,
2026-04-01,mid-luxury suv,audi,audi_q7,1390,26.115759160922714,0.0,,1.7011783753360739,
2026-04-01,mid-luxury suv,lexus,lexus_gx,130,2.4424810726042825,0.007751937984496138,,0.1766674601289755,
2026-04-01,near luxury car,audi,audi_a5,7632,212.8497756898813,0.0,,38.16813014228774,
2026-04-01,near luxury car,bmw,bmw_3_series,7122,198.62632369802606,-0.07877376794722546,,21.678760578470758,
2026-04-01,near luxury car,volvo,volvo_v60,6287,175.3389072015571,0.3396548050287662,,67.92525906805912,
2026-04-01,near luxury car,genesis,genesis_g70,5141,143.37797390221172,-0.07834349229114379,,15.708395958753002,
2026-04-01,near luxury car,acura,acura_tlx,4004,111.66804269684026,0.0,,20.02426534194447,
2026-04-01,near luxury car,lexus,lexus_es,3546,98.89482502572316,0.0,,17.733777448185577,
2026-04-01,near luxury car,mercedes_benz,mercedes_benz_c_class,3141,87.5997307968969,-0.3192457737321196,,-18.0057608902882,
2026-04-01,near luxury car,bmw,bmw_m4,2810,78.36843156296732,-0.26822916666666663,,-9.521704561608061,
2026-04-01,near luxury car,lexus,lexus_is,2574,71.78659887654017,-0.26916524701873934,,-8.825135350218815,
2026-04-01,near luxury car,cadillac,cadillac_ct5,2189,61.049287078767065,-0.037802197802197846,,8.978959036212636,
2026-04-01,near luxury car,bmw,bmw_4_series,1892,52.76621797762781,-0.273983115886416,,-6.880056694414755,
2026-04-01,near luxury car,audi,audi_s5,491,13.693558682354787,0.0,,2.4555230476760084,
2026-04-01,near luxury car,bmw,bmw_m3,0,0.0,,,0.0,
2026-04-01,near luxury car,lexus,lexus_rc,0,0.0,,,0.0,
2026-04-01,near luxury suv,volvo,volvo_xc60,8380,184.9815585202429,0.12513426423200857,,29.8987037039154,
2026-04-01,near luxury suv,bmw,bmw_x3,6919,152.73119372333662,-0.05180211045635197,,0.7924730473508816,
2026-04-01,near luxury suv,audi,audi_q5,5847,129.06768170260864,0.0,,7.320977606063678,
2026-04-01,near luxury suv,genesis,genesis_gv70,5208,114.96228601114858,-0.17070063694267512,,-15.8003788984294,
2026-04-01,near luxury suv,land_rover,land_rover_range_rover_evoque,4892,107.9868477662325,-0.005286701911346059,,5.583856360929246,
2026-04-01,near luxury suv,mercedes_benz,mercedes_benz_glb,4225,93.2633752682609,-0.02962792834175476,,2.604037208340131,
2026-04-01,near luxury suv,bmw,bmw_x4_m,3868,85.38289598523862,0.0,,4.8430889995304085,
2026-04-01,near luxury suv,acura,acura_rdx,3316,73.1979532282966,0.07487844408427868,,8.961835195486401,
2026-04-01,near luxury suv,porsche,porsche_macan,2946,65.03050971367968,-0.2581213800050365,,-17.65397155318881,
2026-04-01,near luxury suv,mercedes_benz,mercedes_benz_glc,2749,60.68189789643768,-0.10456026058631918,,-3.241888930378302,
2026-04-01,near luxury suv,lexus,lexus_nx,2445,53.971349711455126,-0.34625668449197866,,-23.903230983102453,
2026-04-01,near luxury suv,bmw,bmw_x4,2034,44.898865158731994,0.0,,2.546753625916452,
2026-04-01,near luxury suv,cadillac,cadillac_xt4,1459,32.20621645358406,0.0,,1.8268011505467605,
2026-04-01,near luxury suv,land_rover,land_rover_discovery_sport,952,21.01461142139275,-0.701941139636819,,-45.491113374975406,
2026-04-01,premium luxury car,bmw,bmw_7_series,19624,161.71628687227025,0.11938851177913401,,1.4292631361110466,
2026-04-01,premium luxury car,mercedes_benz,mercedes_benz_s_class,11442,94.29055006076825,0.041602184797451036,,-6.145988399200306,
2026-04-01,premium luxury car,audi,audi_s8,8884,73.21073647438081,0.0,,-8.016228266480425,
2026-04-01,premium luxury car,genesis,genesis_g90,8165,67.2856442270733,0.09553200053669664,,-0.8575984804501928,
2026-04-01,premium luxury car,audi,audi_a8,4926,40.59388652327779,0.0,,-4.44483796045504,
2026-04-01,premium luxury car,porsche,porsche_panamera,1460,12.031480780346238,-0.3087121212121212,,-7.278666623154317,
2026-04-01,premium luxury car,lexus,lexus_ls,0,0.0,,,0.0,
2026-05-01,entry luxury ev suv,volvo,volvo_ex30,11150,105.21377081370656,0.42128744423199493,,10.971255363469183,
2026-05-01,entry luxury ev suv,volvo,volvo_ex40,11106,104.79857745802914,-0.1556298943206873,,-53.20930089977483,
2026-05-01,entry luxury ev suv,genesis,genesis_gv60,7271,68.61070202569151,-0.2396737425494092,,-46.27026358942895,
2026-05-01,mid-luxury car,audi,audi_s6,8964,239.48352517185066,0.0,,47.08026394845652,
2026-05-01,mid-luxury car,genesis,genesis_g80,8819,235.60968412433633,-0.08297805968597272,,29.190433434311615,
2026-05-01,mid-luxury car,audi,audi_a7,5742,153.40410548156697,0.0,,30.15783975814783,
2026-05-01,mid-luxury car,audi,audi_s7,5241,140.01931675877614,0.0,,27.526513091684592,
2026-05-01,mid-luxury car,bmw,bmw_5_series,4465,119.28758811828571,-0.4006711409395973,,-40.619182978801106,
2026-05-01,mid-luxury car,audi,audi_a6,4408,117.76476784443526,0.0,,23.151472945648848,
2026-05-01,mid-luxury car,mercedes_benz,mercedes_benz_cle,3979,106.30354157282393,-0.06155660377358485,,15.296198022267134,
2026-05-01,mid-luxury car,mercedes_benz,mercedes_benz_e_class,3681,98.34213031655312,0.07036929339924392,,24.52744765844821,
2026-05-01,mid-luxury car,bmw,bmw_m5,2528,67.53841495252549,-0.5821487603305785,,-62.31876157598127,
2026-05-01,mid-luxury car,volvo,volvo_v90,667,17.819668818565862,0.0,,3.503183406249498,
2026-05-01,mid-luxury car,audi,audi_rs_7,9,0.2404453063974404,0.0,,0.047269341313711355,
2026-05-01,mid-luxury car,audi,audi_rs_6,0,0.0,,,0.0,
2026-05-01,mid-luxury car,volvo,volvo_s90,0,0.0,,,0.0,
2026-05-01,mid-luxury suv,land_rover,land_rover_defender_130,12044,240.2108854747259,0.019900076213057893,,18.3396625025415,
2026-05-01,mid-luxury suv,volvo,volvo_xc90,10354,206.50477484268615,0.11058672101254952,,31.341305305072865,
2026-05-01,mid-luxury suv,land_rover,land_rover_range_rover_velar,9719,193.84005280047003,0.08289693593314773,,25.214917211059003,
2026-05-01,mid-luxury suv,land_rover,land_rover_defender_110,9098,181.4545529765075,0.6134066323816278,,75.50723937331097,
2026-05-01,mid-luxury suv,bmw,bmw_x5,8799,175.49116417237738,0.09317927692881112,,24.26400914628607,
2026-05-01,mid-luxury suv,genesis,genesis_gv80,6430,128.2427759550388,0.05582922824302128,,13.821931861499735,
2026-05-01,mid-luxury suv,land_rover,land_rover_discovery,6256,124.77244267102999,-0.26967079150128415,,-36.168271697649104,
2026-05-01,mid-luxury suv,land_rover,land_rover_defender_90,6214,123.93477601626924,0.0,,7.184180745784545,
2026-05-01,mid-luxury suv,jaguar,jaguar_f_pace,5618,112.04788729633096,-0.2846956964604024,,-35.51554612085393,
2026-05-01,mid-luxury suv,acura,acura_mdx,4635,92.44249868609718,-0.02544154751892347,,3.085268060666664,
2026-05-01,mid-luxury suv,cadillac,cadillac_xt6,4073,81.23372106763189,-0.16399835796387519,,-10.302954207199377,
2026-05-01,mid-luxury suv,mercedes_benz,mercedes_benz_gle,3635,72.49805452512692,0.05027448714244431,,7.471693046023674,
2026-05-01,mid-luxury suv,lincoln,lincoln_nautilus,3275,65.31805462717762,-0.5460216246187968,,-70.22085658641694,
2026-05-01,mid-luxury suv,cadillac,cadillac_xt5,3033,60.49149914022282,-0.1831403178023162,,-9.269517956544114,
2026-05-01,mid-luxury suv,lexus,lexus_tx,2716,54.16911034119524,-0.024775583482944397,,1.843650439634267,
2026-05-01,mid-luxury suv,infiniti,infiniti_qx60,2618,52.21455481342016,-0.5715220949263502,,-62.58205559898112,
2026-05-01,mid-luxury suv,bmw,bmw_x5_m,2520,50.25999928564507,-0.3345656192236599,,-20.891353190911992,
2026-05-01,mid-luxury suv,lincoln,lincoln_aviator,2480,49.46222151920626,-0.5603616380074454,,-56.522668715876485,
2026-05-01,mid-luxury suv,lexus,lexus_rx,1951,38.91161055805299,0.052887209929843415,,4.096861115470411,
2026-05-01,mid-luxury suv,bmw,bmw_x6_m,1800,35.89999948974648,-0.7230343129712263,,-86.20526582452453,
2026-05-01,mid-luxury suv,audi,audi_q7,1390,27.72277738374867,0.0,,1.6070182228259569,
2026-05-01,mid-luxury suv,bmw,bmw_x6,1340,26.72555517570016,-0.476357952325127,,-21.353745322717984,
2026-05-01,mid-luxury suv,lexus,lexus_gx,36,0.7179999897949296,-0.7230769230769231,,-1.7244810828093529,
2026-05-01,near luxury car,audi,audi_a5,7632,200.52977045651758,0.0,,-12.32000523336373,
2026-05-01,near luxury car,bmw,bmw_3_series,7098,186.49899249218578,-0.0033698399326032025,,-12.127331205840278,
2026-05-01,near luxury car,genesis,genesis_g70,6491,170.55014937542657,0.26259482590935623,,27.17217547321485,
2026-05-01,near luxury car,volvo,volvo_v60,5033,132.24139605708243,-0.1994592015269604,,-43.09751114447468,
2026-05-01,near luxury car,acura,acura_tlx,4004,105.20455986738685,0.0,,-6.463482829453412,
2026-05-01,near luxury car,lexus,lexus_es,3546,93.17067165078765,0.0,,-5.724153374935511,
2026-05-01,near luxury car,lexus,lexus_is,2934,77.09045420851973,0.1398601398601398,,5.3038553319795625,
2026-05-01,near luxury car,mercedes_benz,mercedes_benz_c_class,2914,76.56495690648484,-0.07226997771410382,,-11.034773890412069,
2026-05-01,near luxury car,audi,audi_s5,2094,55.019567523053965,3.2647657841140534,,41.326008840699174,
2026-05-01,near luxury car,cadillac,cadillac_ct5,2023,53.15405210083007,-0.07583371402466876,,-7.895234977936994,
2026-05-01,near luxury car,bmw,bmw_m4,1721,45.219042840103086,-0.38754448398576513,,-33.14938872286423,
2026-05-01,near luxury car,bmw,bmw_4_series,1483,38.96562494588779,-0.21617336152219868,,-13.800593031740021,
2026-05-01,near luxury car,bmw,bmw_m3,0,0.0,,,0.0,
2026-05-01,near luxury car,lexus,lexus_rc,0,0.0,,,0.0,
2026-05-01,near luxury suv,volvo,volvo_xc60,8988,191.99807324367384,0.07255369928400945,,7.01651472343093,
2026-05-01,near luxury suv,bmw,bmw_x3,5950,127.10152823763455,-0.14004914004914004,,-25.629665485702063,
2026-05-01,near luxury suv,land_rover,land_rover_range_rover_evoque,5922,126.50340339886921,0.2105478331970565,,18.51655563263671,
2026-05-01,near luxury suv,genesis,genesis_gv70,5874,125.47804653241435,0.12788018433179715,,10.515760521265776,
2026-05-01,near luxury suv,audi,audi_q5,5847,124.9012832950335,0.0,,-4.166398407575144,
2026-05-01,near luxury suv,land_rover,land_rover_discovery_sport,5361,114.51954502217797,4.631302521008403,,93.50493360078522,
2026-05-01,near luxury suv,mercedes_benz,mercedes_benz_glb,4303,91.91897075740194,0.01846153846153853,,-1.3444045108589648,
2026-05-01,near luxury suv,bmw,bmw_x4_m,3868,82.6266741551547,0.0,,-2.7562218300839163,
2026-05-01,near luxury suv,porsche,porsche_macan,3774,80.61868362501392,0.28105906313645623,,15.588173911334238,
2026-05-01,near luxury suv,acura,acura_rdx,2977,63.59348732158623,-0.10223160434258138,,-9.604465906710367,
2026-05-01,near luxury suv,mercedes_benz,mercedes_benz_glc,2953,63.080808888358796,0.07420880320116408,,2.398910991921113,
2026-05-01,near luxury suv,lexus,lexus_nx,2384,50.92605770059173,-0.024948875255623726,,-3.045292010863399,
2026-05-01,near luxury suv,bmw,bmw_x4,2034,43.44949721602499,0.0,,-1.4493679427070063,
2026-05-01,near luxury suv,cadillac,cadillac_xt4,1459,31.166576419951063,0.0,,-1.039640033632999,
2026-05-01,premium luxury car,bmw,bmw_7_series,20429,172.14162274610916,0.041021198532409375,,10.425335873838918,
2026-05-01,premium luxury car,mercedes_benz,mercedes_benz_s_class,9065,76.38473788210287,-0.20774340150323367,,-17.905812178665386,
2026-05-01,premium luxury car,audi,audi_s8,8884,74.85957102532839,0.0,,1.6488345509475835,
2026-05-01,premium luxury car,genesis,genesis_g90,8630,72.71928162410897,0.05695039804041646,,5.4336373970356675,
2026-05-01,premium luxury car,audi,audi_a8,4926,41.508132245696494,0.0,,0.9142457224187055,
2026-05-01,premium luxury car,porsche,porsche_panamera,2143,18.057638530760777,0.46780821917808213,,6.026157750414539,
2026-05-01,premium luxury car,lexus,lexus_ls,0,0.0,,,0.0,
2026-06-01,entry luxury ev suv,volvo,volvo_ex40,11449,152.4385113024675,0.030884206735098063,,47.63993384443836,
2026-06-01,entry luxury ev suv,genesis,genesis_gv60,9463,125.99577539132238,0.30147159950488245,,57.38507336563087,
2026-06-01,entry luxury ev suv,volvo,volvo_ex30,6953,92.57620482889828,-0.37641255605381163,,-12.637565984808276,
2026-06-01,mid-luxury car,audi,audi_s6,8964,283.5316802334084,0.0,,44.048155061557736,
2026-06-01,mid-luxury car,genesis,genesis_g80,8802,278.4076137231661,-0.0019276561968477601,,42.79792959882977,
2026-06-01,mid-luxury car,audi,audi_a7,5742,181.61969075192223,0.0,,28.215585270355263,
2026-06-01,mid-luxury car,audi,audi_s7,5241,165.77304061839507,0.0,,25.75372385961893,
2026-06-01,mid-luxury car,audi,audi_a6,4408,139.4252171428898,0.0,,21.66044929845455,
2026-06-01,mid-luxury car,mercedes_benz,mercedes_benz_cle,3630,114.81704587765199,-0.08771048002010551,,8.51350430482806,
2026-06-01,mid-luxury car,bmw,bmw_5_series,3355,106.11878482631472,-0.2486002239641657,,-13.168803291970988,
2026-06-01,mid-luxury car,mercedes_benz,mercedes_benz_e_class,2834,89.63953388905392,-0.2301005161640859,,-8.702596427499202,
2026-06-01,mid-luxury car,bmw,bmw_m5,1800,56.93407233602578,-0.2879746835443038,,-10.604342616499707,
2026-06-01,mid-luxury car,volvo,volvo_v90,667,21.09723680451622,0.0,,3.277567985950359,
2026-06-01,mid-luxury car,audi,audi_rs_7,9,0.2846703616801289,0.0,,0.04422505528268847,
2026-06-01,mid-luxury car,audi,audi_rs_6,0,0.0,,,0.0,
2026-06-01,mid-luxury car,volvo,volvo_s90,0,0.0,,,0.0,
2026-06-01,mid-luxury suv,land_rover,land_rover_defender_130,12078,228.15024888482952,0.002822982397874485,,-12.060636589896376,
2026-06-01,mid-luxury suv,volvo,volvo_xc90,10220,193.05311670830915,-0.01294185821904581,,-13.451658134376999,
2026-06-01,mid-luxury suv,bmw,bmw_x5,10189,192.46753484745224,0.15797249687464476,,16.97637067507486,
2026-06-01,mid-luxury suv,land_rover,land_rover_defender_110,9348,176.58126565452775,0.027478566717960007,,-4.8732873219797455,
2026-06-01,mid-luxury suv,land_rover,land_rover_range_rover_velar,9029,170.55543940893574,-0.07099495832904623,,-23.284613391534293,
2026-06-01,mid-luxury suv,land_rover,land_rover_discovery,8573,161.9417191331051,0.37036445012787733,,37.1692764620751,
2026-06-01,mid-luxury suv,jaguar,jaguar_f_pace,7964,150.43786902788395,0.41758632965468134,,38.38998173155299,
2026-06-01,mid-luxury suv,land_rover,land_rover_defender_90,7121,134.5138203600655,0.14596073382684271,,10.579044343796255,
2026-06-01,mid-luxury suv,genesis,genesis_gv80,6593,124.5400389880511,0.025349922239502387,,-3.7027369669877146,
2026-06-01,mid-luxury suv,mercedes_benz,mercedes_benz_gle,4597,86.83612304384512,0.2646492434662999,,14.338068518718202,
2026-06-01,mid-luxury suv,acura,acura_mdx,4551,85.96719512128325,-0.018122977346278324,,-6.475303564813927,
2026-06-01,mid-luxury suv,cadillac,cadillac_xt6,4520,85.38161326042635,0.10974711514853919,,4.147892192794458,
2026-06-01,mid-luxury suv,bmw,bmw_x5_m,4309,81.39587865910998,0.7099206349206348,,31.13587937346491,
2026-06-01,mid-luxury suv,lincoln,lincoln_nautilus,3580,67.62526006024919,0.09312977099236641,,2.307205433071573,
2026-06-01,mid-luxury suv,cadillac,cadillac_xt5,3062,57.84037606270475,0.009561490273656492,,-2.651123077518072,
2026-06-01,mid-luxury suv,lexus,lexus_tx,2509,47.39435125451542,-0.0762150220913107,,-6.774759086679822,
2026-06-01,mid-luxury suv,lincoln,lincoln_aviator,2209,41.72743002041633,-0.10927419354838708,,-7.7347914987899316,
2026-06-01,mid-luxury suv,lexus,lexus_rx,1967,37.15611355824306,0.008200922603792904,,-1.7554969998099352,
2026-06-01,mid-luxury suv,bmw,bmw_x6_m,1800,34.00152740459456,0.0,,-1.8984720851519157,
2026-06-01,mid-luxury suv,audi,audi_q7,1390,26.2567350513258,0.0,,-1.4660423324228695,
2026-06-01,mid-luxury suv,infiniti,infiniti_qx60,968,18.285265848693076,-0.6302521008403361,,-33.92928896472708,
2026-06-01,mid-luxury suv,bmw,bmw_x6,731,13.808398073754793,-0.45447761194029845,,-12.917157101945365,
2026-06-01,mid-luxury suv,lexus,lexus_gx,151,2.852350354496544,3.1944444444444446,,2.134350364701614,
2026-06-01,mid-luxury suv,infiniti,infiniti_qx65,0,0.0,,,,
2026-06-01,near luxury car,audi,audi_a5,7632,202.78382205969868,0.0,,2.2540516031810967,
2026-06-01,near luxury car,bmw,bmw_3_series,7333,194.83933007911037,0.03310791772330224,,8.34033758692459,
2026-06-01,near luxury car,genesis,genesis_g70,6082,161.6000007556456,-0.06301032198428591,,-8.950148619780975,
2026-06-01,near luxury car,volvo,volvo_v60,4306,114.41131260338868,-0.14444665209616536,,-17.830083453693746,
2026-06-01,near luxury car,acura,acura_tlx,4004,106.38711000092158,0.0,,1.1825501335347326,
2026-06-01,near luxury car,lexus,lexus_es,3546,94.21795506075622,0.0,,1.0472834099685713,
2026-06-01,near luxury car,lexus,lexus_is,3386,89.96672189388623,0.15405589638718475,,12.8762676853665,
2026-06-01,near luxury car,audi,audi_s5,2642,70.19848766794075,0.26170009551098383,,15.178920144886789,
2026-06-01,near luxury car,mercedes_benz,mercedes_benz_c_class,2227,59.17185164137172,-0.23575840768702816,,-17.39310526511312,
2026-06-01,near luxury car,cadillac,cadillac_ct5,1926,51.17421924619754,-0.04794859120118633,,-1.9798328546325337,
2026-06-01,near luxury car,bmw,bmw_4_series,1610,42.7780337416293,0.08563722184760625,,3.8124087957415114,
2026-06-01,near luxury car,bmw,bmw_m4,523,13.89621841420629,-0.6961069145845439,,-31.322824425896798,
2026-06-01,near luxury car,bmw,bmw_m3,0,0.0,,,0.0,
2026-06-01,near luxury car,lexus,lexus_rc,0,0.0,,,0.0,
2026-06-01,near luxury suv,volvo,volvo_xc60,8811,193.90092074528403,-0.01969292389853139,,1.9028475016101822,
2026-06-01,near luxury suv,bmw,bmw_x3,6689,147.20273054876915,0.124201680672269,,20.1012023111346,
2026-06-01,near luxury suv,audi,audi_q5,5847,128.67309994298896,0.0,,3.771816647955461,
2026-06-01,near luxury suv,genesis,genesis_gv70,5669,124.75590962490242,-0.03489955737146744,,-0.7221369075119384,
2026-06-01,near luxury suv,mercedes_benz,mercedes_benz_glb,3869,85.14387270043173,-0.10085986521031842,,-6.775098056970208,
2026-06-01,near luxury suv,bmw,bmw_x4_m,3868,85.12186601325146,0.0,,2.49519185809676,
2026-06-01,near luxury suv,porsche,porsche_macan,3732,82.1289565567359,-0.011128775834658211,,1.5102729317219854,
2026-06-01,near luxury suv,land_rover,land_rover_range_rover_evoque,3713,81.71082950031094,-0.373015873015873,,-44.792573898558274,
2026-06-01,near luxury suv,bmw,bmw_x4,3109,68.418790443433,0.5285152409046214,,24.96929322740801,
2026-06-01,near luxury suv,acura,acura_rdx,2894,63.687352699676765,-0.0278804165267047,,0.09386537809053408,
2026-06-01,near luxury suv,mercedes_benz,mercedes_benz_glc,2353,51.7817349351553,-0.20318320352184216,,-11.299073953203497,
2026-06-01,near luxury suv,lexus,lexus_nx,1829,40.25023085269827,-0.2328020134228188,,-10.675826847893454,
2026-06-01,near luxury suv,cadillac,cadillac_xt4,1459,32.10775659600152,0.0,,0.9411801760504588,
2026-06-01,near luxury suv,land_rover,land_rover_discovery_sport,855,18.81571753912358,-0.8405148293228875,,-95.70382748305438,
2026-06-01,premium luxury car,bmw,bmw_7_series,19735,154.38349068666838,-0.03397131528709185,,-17.758132059440783,
2026-06-01,premium luxury car,mercedes_benz,mercedes_benz_s_class,12234,95.70446541984805,0.3495863210148924,,19.31972753774518,
2026-06-01,premium luxury car,audi,audi_s8,8884,69.4979949967247,0.0,,-5.361576028603693,
2026-06-01,premium luxury car,genesis,genesis_g90,7775,60.82247986262208,-0.09907300115874851,,-11.896801761486891,
2026-06-01,premium luxury car,audi,audi_a8,4926,38.53524576247928,0.0,,-2.9728864832172164,
2026-06-01,premium luxury car,porsche,porsche_panamera,2293,17.937742292603527,0.06999533364442367,,-0.11989623815724926,
2026-06-01,premium luxury car,lexus,lexus_ls,0,0.0,,,0.0,
2026-07-01,entry luxury ev suv,volvo,volvo_ex40,10476,117.11216166607487,-0.08498558826098346,-0.2531013831455867,-35.326349636392635,32.784511279788575
2026-07-01,entry luxury ev suv,genesis,genesis_gv60,10366,115.88246161039825,0.09542428405368275,-0.420181228325316,-10.11331378092413,8.395670393656033
2026-07-01,entry luxury ev suv,volvo,volvo_ex30,8740,97.70525896921481,0.2570113620020136,,5.129054140316526,
2026-07-01,mid-luxury car,audi,audi_s6,8964,352.1813548250937,0.0,0.9836246957291437,68.64967459168531,222.24888878822614
2026-07-01,mid-luxury car,volvo,volvo_v90,8077,317.33253044648393,11.109445277361319,12.197712418300654,296.2352936419677,299.73601147888866
2026-07-01,mid-luxury car,genesis,genesis_g80,5361,210.6251944686889,-0.39093387866394,-0.3014073494917905,-67.78241925447719,-10.021352193608436
2026-07-01,mid-luxury car,audi,audi_s7,5241,205.91058463167295,0.0,0.6251162790697675,40.137544013277875,113.18383026811954
2026-07-01,mid-luxury car,mercedes_benz,mercedes_benz_cle,3504,137.66660724086663,-0.034710743801652844,0.24167257264351516,22.849561363214633,56.527103112510744
2026-07-01,mid-luxury car,mercedes_benz,mercedes_benz_e_class,3228,126.82300461572987,0.13902611150317568,0.4164107064501974,37.18347072667595,61.2960981988188
2026-07-01,mid-luxury car,bmw,bmw_m5,2308,90.67766253194068,0.28222222222222215,-0.541517679777513,33.743590195914905,-54.062331721122234
2026-07-01,mid-luxury car,audi,audi_a6,2222,87.29885881541257,-0.4959165154264973,-0.5006741573033708,-52.126358327477234,-40.64968596530454
2026-07-01,mid-luxury car,bmw,bmw_5_series,2151,84.50938132851145,-0.35886736214605064,-0.4618463847885914,-21.60940349780327,-30.414289118348393
2026-07-01,mid-luxury car,audi,audi_rs_7,9,0.3535957377761985,0.0,0.125,0.06892537609606963,0.12357588199063965
2026-07-01,mid-luxury car,audi,audi_rs_6,0,0.0,,,0.0,0.0
2026-07-01,mid-luxury car,volvo,volvo_s90,0,0.0,,,0.0,0.0
2026-07-01,mid-luxury suv,land_rover,land_rover_defender_130,12078,193.91151935494827,0.0,0.704247213207281,-34.238729529881255,12.979258017790471
2026-07-01,mid-luxury suv,bmw,bmw_x5,10627,170.6158069369958,0.042987535577583724,1.0172741078208047,-21.851727910456447,36.122911110250016
2026-07-01,mid-luxury suv,volvo,volvo_xc90,10366,166.42546859027934,0.014285714285714235,1.7416027505950806,-26.62764811802981,69.89592433801553
2026-07-01,mid-luxury suv,land_rover,land_rover_defender_110,9348,150.0815435444657,0.0,1.4994652406417113,-26.499722110062066,54.59873595296433
2026-07-01,mid-luxury suv,land_rover,land_rover_range_rover_velar,9029,144.9600188984789,0.0,0.40006202512017364,-25.595420510456847,-19.683998790716913
2026-07-01,mid-luxury suv,land_rover,land_rover_discovery,8573,137.6389679938708,0.0,0.17567196928140438,-24.30275113923429,-48.52697664709922
2026-07-01,mid-luxury suv,genesis,genesis_gv80,8529,136.9325508013209,0.29364477476111017,0.7585567010309278,12.392511813269806,13.111262881860583
2026-07-01,mid-luxury suv,jaguar,jaguar_f_pace,7964,127.86151185153238,0.0,0.4604804694663489,-22.576357176351564,-11.354464029873213
2026-07-01,mid-luxury suv,lincoln,lincoln_nautilus,7134,114.53591481025012,0.9927374301675977,0.3314669652855544,46.91065475000093,-22.25469563768152
2026-07-01,mid-luxury suv,land_rover,land_rover_defender_90,7121,114.32720063972401,0.0,1.6364309514994448,-20.186619720341483,45.37023184169054
2026-07-01,mid-luxury suv,mercedes_benz,mercedes_benz_gle,5772,92.66909171359177,0.25560147922558185,0.7613671040585901,5.8329686697466485,9.006749339968792
2026-07-01,mid-luxury suv,acura,acura_mdx,5702,91.54524617998966,0.25291144803339916,0.7010739856801909,5.578051058706407,5.968141622045124
2026-07-01,mid-luxury suv,lincoln,lincoln_aviator,5673,91.07965303035449,1.568130375735627,0.2550884955752213,49.352223009938164,-24.316681278090996
2026-07-01,mid-luxury suv,cadillac,cadillac_xt6,5020,80.59577969546616,0.11061946902654873,0.7016949152542373,-4.7858335649601855,5.281800445485146
2026-07-01,mid-luxury suv,bmw,bmw_x5_m,4546,72.9857399393604,0.055001160362033064,-0.002851502522483007,-8.410138719749582,-43.4062707049323
2026-07-01,mid-luxury suv,audi,audi_q7,3689,59.22665962083161,1.6539568345323743,-0.06346788525006342,32.96992456950581,-41.33665029973626
2026-07-01,mid-luxury suv,lexus,lexus_tx,2864,45.98133726052094,0.14149063371861303,9.013986013986013,-1.4130139939944826,38.67971079764142
2026-07-01,mid-luxury suv,cadillac,cadillac_xt5,2066,33.169498177456795,-0.32527759634225994,-0.4419232847109671,-24.670877885247954,-61.34316324065498
2026-07-01,mid-luxury suv,bmw,bmw_x6_m,1800,28.898885149768745,0.0,-0.7897932967417961,-5.102642254825817,-189.71589597483717
2026-07-01,mid-luxury suv,lexus,lexus_rx,1768,28.385127191550634,-0.10116929334011182,-0.3320740460899131,-8.770986366692423,-39.19321283377131
2026-07-01,mid-luxury suv,infiniti,infiniti_qx60,968,15.541178236097858,0.0,-0.8364035828967382,-2.7440876125952176,-135.52079302564374
2026-07-01,mid-luxury suv,bmw,bmw_x6,446,7.160501542664922,-0.3898768809849521,-0.8758006126427179,-6.647896531089871,-84.51831184265096
2026-07-01,mid-luxury suv,lexus,lexus_gx,354,5.683447412787853,1.3443708609271523,5.9411764705882355,2.831097058291309,4.3814091274491975
2026-07-01,mid-luxury suv,infiniti,infiniti_qx65,0,0.0,,,0.0,
2026-07-01,near luxury car,genesis,genesis_g70,7773,219.36318086693294,0.2780335415981585,1.0777866880513232,57.76318011128734,96.5194425913399
2026-07-01,near luxury car,bmw,bmw_3_series,7411,209.1471160947948,0.010636847129414928,0.715906459828664,14.307786015684428,67.32351127996284
2026-07-01,near luxury car,volvo,volvo_v60,6462,182.3652225346868,0.5006967022758941,0.8861646234676006,67.95390993129813,69.86518315158555
2026-07-01,near luxury car,audi,audi_a5,4393,123.97561476243874,-0.4243972746331237,0.3043349168646081,-78.80820729725994,13.380129461129627
2026-07-01,near luxury car,acura,acura_tlx,4004,112.9975783084008,0.0,0.8134057971014492,6.610468307479223,40.493174642934505
2026-07-01,near luxury car,lexus,lexus_es,3546,100.07228088950781,0.0,0.14092664092664098,5.854325828751584,-1.9855481830779098
2026-07-01,near luxury car,audi,audi_s5,3203,90.3924184120399,0.21233913701741103,0.10144429160935342,20.19393074409915,-5.09798279229706
2026-07-01,near luxury car,lexus,lexus_is,2863,80.79721945478309,-0.15445953927938572,0.10285053929121735,-9.169502439103141,-4.447994275085804
2026-07-01,near luxury car,mercedes_benz,mercedes_benz_c_class,2505,70.69403937625974,0.12483161203412663,-0.3485045513654096,11.522187734888021,-55.56476139082267
2026-07-01,near luxury car,cadillac,cadillac_ct5,1747,49.30238993625779,-0.09293873312564904,0.013929193267556483,-1.8718293099397485,-7.2760011487052765
2026-07-01,near luxury car,bmw,bmw_4_series,1207,34.06295629826168,-0.25031055900621113,-0.531444099378882,-8.715077443367619,-50.525514644782334
2026-07-01,near luxury car,bmw,bmw_m4,948,26.753672386704284,0.8126195028680689,-0.7398463227222831,12.857453972497995,-92.90486337278811
2026-07-01,near luxury car,bmw,bmw_m3,0,0.0,,,0.0,0.0
2026-07-01,near luxury car,lexus,lexus_rc,0,0.0,,,0.0,0.0
2026-07-01,near luxury suv,volvo,volvo_xc60,10080,216.66475152420605,0.14402451481103173,1.4295010845986984,22.763830778922028,108.60495678487919
2026-07-01,near luxury suv,bmw,bmw_x3,6633,142.57314452976772,-0.008371953954253275,0.24516613478505733,-4.629586019001437,3.832598235143905
2026-07-01,near luxury suv,genesis,genesis_gv70,6008,129.13907015450692,0.059798906332686474,0.6352749047359825,4.38316052960451,33.45054620360625
2026-07-01,near luxury suv,mercedes_benz,mercedes_benz_glb,4229,90.90032085276462,0.09304729904368059,0.23330417031204442,5.756448152332894,1.5927681506311444
2026-07-01,near luxury suv,land_rover,land_rover_range_rover_evoque,3713,79.80914904854932,0.0,0.32607142857142857,-1.9016804517616208,6.883763348352829
2026-07-01,near luxury suv,porsche,porsche_macan,3193,68.63199916833233,-0.14442658092175775,0.08163956639566394,-13.496957388403573,-8.252193184160532
2026-07-01,near luxury suv,bmw,bmw_x4,3109,66.82645957229728,0.0,-0.026002506265664138,-1.5923308711357151,-16.308480125926707
2026-07-01,near luxury suv,mercedes_benz,mercedes_benz_glc,2860,61.47432434119338,0.2154696132596685,-0.3748633879781421,9.692589406038081,-57.68054693680622
2026-07-01,near luxury suv,audi,audi_q5,2599,55.864254882084474,-0.5554985462630408,-0.21170761298149832,-72.80884506090447,-30.005386779896888
2026-07-01,near luxury suv,acura,acura_rdx,2488,53.478363273038156,-0.14029025570145126,-0.369807497467072,-10.20898942663861,-49.34643056423889
2026-07-01,near luxury suv,lexus,lexus_nx,2205,47.39541439592007,0.20557681793329685,-0.22331806974286716,7.145183543221798,-26.545717747957724
2026-07-01,near luxury suv,cadillac,cadillac_xt4,2149,46.19172133189671,0.4729266620973269,0.8589965397923875,14.083964735895186,16.083954949958446
2026-07-01,near luxury suv,land_rover,land_rover_discovery_sport,855,18.37781374535676,0.0,-0.6412085606378515,-0.437903793766818,-43.68689844163189
2026-07-01,premium luxury car,bmw,bmw_7_series,16221,139.75076307956894,-0.1780592855333164,0.28107723898278314,-14.63272760709944,17.757338654848084
2026-07-01,premium luxury car,mercedes_benz,mercedes_benz_s_class,12282,105.81461513736919,0.003923491907797949,-0.003084415584415634,10.11014971752114,-12.88377286709779
2026-07-01,premium luxury car,audi,audi_s8,9710,83.65574930661576,0.0929761368752815,-0.217566478646253,14.157754309891061,-35.90975354528645
2026-07-01,premium luxury car,genesis,genesis_g90,8235,70.94800160040997,0.05916398713826365,0.2827102803738317,10.125521737787885,9.09380915003026
2026-07-01,premium luxury car,audi,audi_a8,7864,67.7516799739677,0.5964271213966708,-0.19277355779100802,29.21643421148842,-26.10868495618793
2026-07-01,premium luxury car,porsche,porsche_panamera,2349,20.237626686018583,0.024422154382904404,0.33846153846153837,2.2998843934150557,3.3288871610316058
2026-08-01,entry luxury ev suv,volvo,volvo_ex40,17388,180.84318841843498,0.6597938144329898,0.28220632696703785,63.73102675236011,81.61216271612852
2026-08-01,entry luxury ev suv,volvo,volvo_ex30,9915,103.12055516268592,0.13443935926773465,,5.415296193471107,
2026-08-01,entry luxury ev suv,genesis,genesis_gv60,5252,54.62321288093055,-0.4933436233841405,-0.6171453564659571,-61.2592487294677,-45.75664189262892
2026-08-01,mid-luxury car,volvo,volvo_v90,8077,407.6815972338312,0.0,0.052926606700560486,90.34906678734728,207.32922649641836
2026-08-01,mid-luxury car,audi,audi_a7,5742,289.8239112686219,,5.731535756154748,,267.545124638585
2026-08-01,mid-luxury car,audi,audi_s7,5241,264.5362450294056,0.0,2.6624737945492662,58.62566039773267,227.1611645281362
2026-08-01,mid-luxury car,audi,audi_a6,3318,167.4740051531326,0.4932493249324932,-0.369561086832605,80.17514633772002,30.01415282735971
2026-08-01,mid-luxury car,genesis,genesis_g80,3243,163.68842637480682,-0.39507554560716285,-0.3975478357793052,-46.93676809388208,23.094395390646554
2026-08-01,mid-luxury car,mercedes_benz,mercedes_benz_e_class,2475,124.9240996847508,-0.23327137546468402,0.8721633888048412,-1.8989049309790715,90.39589813151656
2026-08-01,mid-luxury car,mercedes_benz,mercedes_benz_cle,2013,101.604934410264,-0.425513698630137,1.157556270096463,-36.06167283060263,77.23669534130217
2026-08-01,mid-luxury car,bmw,bmw_5_series,1418,71.57267610221278,-0.3407717340771734,-0.8162974478559399,-12.93670522629867,-130.033366098555
2026-08-01,mid-luxury car,bmw,bmw_m5,1257,63.44630032474011,-0.4553726169844021,-0.7795123662515349,-27.231362207200576,-85.45330410414668
2026-08-01,mid-luxury car,audi,audi_rs_7,163,8.2273245448947,17.11111111111111,11.538461538461538,7.873728807118501,7.887788523569401
2026-08-01,mid-luxury car,audi,audi_rs_6,0,0.0,,,0.0,0.0
2026-08-01,mid-luxury car,volvo,volvo_s90,0,0.0,,,0.0,0.0
2026-08-01,mid-luxury suv,land_rover,land_rover_defender_130,11898,200.83104702489317,-0.014903129657228065,0.5823912754355633,6.919527669944898,2.0744261411584546
2026-08-01,mid-luxury suv,land_rover,land_rover_defender_110,10967,185.11632986401102,0.17319212665810868,2.187154896832316,35.03478631954533,94.15722194262105
2026-08-01,mid-luxury suv,land_rover,land_rover_discovery,10868,183.44526971478726,0.2677009214977255,0.5949515702964485,45.80630172091645,3.324560218608468
2026-08-01,mid-luxury suv,bmw,bmw_x5,10462,176.59223516342513,-0.0155264891314576,0.8983850480856468,5.976428226429334,30.91491933814757
2026-08-01,mid-luxury suv,volvo,volvo_xc90,10053,169.6885624257229,-0.030194867837159967,0.7538381018841591,3.2630938354435557,18.169350973991612
2026-08-01,mid-luxury suv,land_rover,land_rover_range_rover_velar,9339,157.6366740767757,0.034333813268357494,0.39638157894736836,12.676655178296812,-19.15336189481863
2026-08-01,mid-luxury suv,lincoln,lincoln_nautilus,7672,129.49872186711886,0.07541351275581731,0.22165605095541396,14.96280705686874,-36.50627602486864
2026-08-01,mid-luxury suv,land_rover,land_rover_defender_90,7121,120.19817497598456,0.0,3.078465063001145,5.870974336260545,74.04455613531414
2026-08-01,mid-luxury suv,jaguar,jaguar_f_pace,7088,119.64115492624329,-0.10999497739829234,0.6061636075232268,-8.220356925289096,2.98827981520175
2026-08-01,mid-luxury suv,cadillac,cadillac_xt6,6837,115.4044266691204,0.36195219123505984,1.3374358974358973,34.808646973654234,38.08521984840965
2026-08-01,mid-luxury suv,genesis,genesis_gv80,6382,107.72430174086973,-0.2517293938328057,0.5471515151515152,-29.208249060451166,-1.3156053139787502
2026-08-01,mid-luxury suv,bmw,bmw_x5_m,6046,102.05282487077694,0.32996040475142974,0.3486504572830693,29.067084931416545,-16.4504244205893
2026-08-01,mid-luxury suv,acura,acura_mdx,5753,97.10716200489244,0.008944230094703576,0.7636419374616799,5.561915824902783,10.87972520176136
2026-08-01,mid-luxury suv,mercedes_benz,mercedes_benz_gle,5546,93.61312714742456,-0.03915453915453915,2.3090692124105012,0.944035433832795,49.30988248707885
2026-08-01,mid-luxury suv,audi,audi_q7,5346,90.23724805808361,0.4491732176741665,0.8614206128133706,31.010588437251997,14.31903883104728
2026-08-01,mid-luxury suv,lincoln,lincoln_aviator,5178,87.40150962303721,-0.08725542041248013,-0.17665765622515506,-3.678143407317279,-78.84139352070633
2026-08-01,mid-luxury suv,lexus,lexus_tx,3194,53.91278905677498,0.11522346368715075,8.204610951008645,7.931451796254045,44.74021990573682
2026-08-01,mid-luxury suv,cadillac,cadillac_xt5,2366,39.936649626903446,0.1452081316553726,-0.3881561934316007,6.767151449446651,-62.283306877605426
2026-08-01,mid-luxury suv,bmw,bmw_x6_m,1800,30.382911804068556,0.0,-0.5687589841878294,1.4840266542998108,-79.95225717700721
2026-08-01,mid-luxury suv,lexus,lexus_rx,1686,28.458660723144213,-0.0463800904977375,-0.32397754611066565,0.07353353159357923,-37.46752793013872
2026-08-01,mid-luxury suv,infiniti,infiniti_qx60,968,16.339254792410202,0.0,-0.7828135517164012,0.7980765563123438,-101.47671266054972
2026-08-01,mid-luxury suv,bmw,bmw_x6,446,7.52821036923032,0.0,-0.8893574795336145,0.36770882656539783,-99.0269085006107
2026-08-01,mid-luxury suv,lexus,lexus_gx,239,4.034175511762436,-0.32485875706214684,2.103896103896104,-1.6492719010254167,1.9987639134052646
2026-08-01,mid-luxury suv,infiniti,infiniti_qx65,0,0.0,,,0.0,
2026-08-01,near luxury car,genesis,genesis_g70,7817,212.42559449898928,0.005660620095201407,0.9814955640050698,-6.937586367943652,80.0248136807322
2026-08-01,near luxury car,bmw,bmw_3_series,6900,187.50628144339595,-0.06895155849413037,0.12506114462742546,-21.640834651398848,-18.327429268485105
2026-08-01,near luxury car,volvo,volvo_v60,6203,168.5654295352732,-0.040080470442587446,-0.19357774310972442,-13.799792999413597,-89.59092180922198
2026-08-01,near luxury car,audi,audi_a5,5411,147.04296940437905,0.23173230138857281,0.9187943262411347,23.067354641940312,52.399065245320756
2026-08-01,near luxury car,acura,acura_tlx,4004,108.80799288396484,0.0,0.6880269814502529,-4.189585424435961,29.199716052303046
2026-08-01,near luxury car,lexus,lexus_es,3546,96.36192376786695,0.0,0.11090225563909772,-3.710357121640854,-10.76692093983307
2026-08-01,near luxury car,mercedes_benz,mercedes_benz_c_class,2676,72.71982741196051,0.06826347305389224,-0.14258250560717722,2.0257880357007707,-32.02613885769232
2026-08-01,near luxury car,lexus,lexus_is,2625,71.33391141868324,-0.08312958435207829,0.07405891980360058,-9.463308036099846,-10.690805519167284
2026-08-01,near luxury car,cadillac,cadillac_ct5,1929,52.420234333958085,0.10417859187178014,0.3321823204419889,3.1178443977002956,3.8229388650515546
2026-08-01,near luxury car,audi,audi_s5,1712,46.52329765668027,-0.46550109272556983,-0.13096446700507614,-43.86912075535963,-19.5931885820945
2026-08-01,near luxury car,bmw,bmw_4_series,1070,29.077061035425167,-0.11350455675227833,-0.5959214501510575,-4.9858952628365145,-59.7942362032934
2026-08-01,near luxury car,bmw,bmw_m4,948,25.761732580918746,0.0,-0.7224824355971897,-0.9919398057855382,-88.88492579047953
2026-08-01,near luxury car,bmw,bmw_m3,0,0.0,,,0.0,0.0
2026-08-01,near luxury car,lexus,lexus_rc,0,0.0,,,0.0,0.0
2026-08-01,near luxury suv,volvo,volvo_xc60,10181,231.27451047727814,0.010019841269841345,0.45422082559634336,14.609758953072088,34.73059891468307
2026-08-01,near luxury suv,bmw,bmw_x3,6443,146.36103241382017,-0.028644655510327133,0.48422022575443435,3.787887884052452,24.49313924238392
2026-08-01,near luxury suv,land_rover,land_rover_range_rover_evoque,6082,138.1604530716831,0.6380285483436574,1.1713673687968584,58.35130402313378,59.526044231970374
2026-08-01,near luxury suv,mercedes_benz,mercedes_benz_glb,4308,97.86176123525334,0.018680539134547258,1.1507738392411384,6.961440382488718,41.630157912888265
2026-08-01,near luxury suv,bmw,bmw_x4_m,3868,87.86659527807798,,0.14235085646780865,,-7.190922869464785
2026-08-01,near luxury suv,genesis,genesis_gv70,3662,83.1870403072186,-0.39047936085219703,0.03768773023519412,-45.95202984728833,-15.885015671127064
2026-08-01,near luxury suv,land_rover,land_rover_discovery_sport,3641,82.70999829562614,3.2584795321637428,0.48128559804719284,64.33218455026937,13.704865511615466
2026-08-01,near luxury suv,porsche,porsche_macan,3472,78.87094591662014,0.08737864077669899,-0.33050520632472036,10.238946748287816,-66.71921625501506
2026-08-01,near luxury suv,audi,audi_q5,3202,72.73754862471708,0.2320123124278568,0.7068230277185501,16.873293742632605,20.07130407516297
2026-08-01,near luxury suv,bmw,bmw_x4,3109,70.62493400195048,0.0,0.04785979103471516,3.798474429653197,-12.669707564428549
2026-08-01,near luxury suv,acura,acura_rdx,2679,60.85693090743818,0.07676848874598075,-0.2737869341284901,7.378567634400028,-42.7069156508268
2026-08-01,near luxury suv,mercedes_benz,mercedes_benz_glc,2407,54.678101043002506,-0.15839160839160837,0.009224318658280994,-6.796223298190874,-12.27765228891996
2026-08-01,near luxury suv,cadillac,cadillac_xt4,2149,48.81729918629513,0.0,0.7878535773710482,2.625577854398422,15.072722454651185
2026-08-01,near luxury suv,lexus,lexus_nx,2018,45.84146568540883,-0.08480725623582763,-0.3490322580645161,-1.5539487105112428,-41.186976800528136
2026-08-01,premium luxury car,bmw,bmw_7_series,13052,147.19198490947173,-0.19536403427655513,-0.17720481623904683,7.441221829902787,-5.457731078227511
2026-08-01,premium luxury car,audi,audi_s8,11398,128.53924639887825,0.17384140061791964,-0.035620610880785164,44.88349709226249,14.804959488544938
2026-08-01,premium luxury car,genesis,genesis_g90,7984,90.03837017447306,-0.030479659987856733,0.06354069535100582,19.090368574063092,17.798477473240112
2026-08-01,premium luxury car,audi,audi_a8,7541,85.04250369309887,-0.04107324516785349,-0.19407929892059417,17.29082371913117,-4.9999468204800195
2026-08-01,premium luxury car,mercedes_benz,mercedes_benz_s_class,7168,80.83605177988763,-0.4163816967920534,-0.06909090909090909,-24.978563357481562,6.738919263636973
2026-08-01,premium luxury car,porsche,porsche_panamera,3613,40.74506906818276,0.5381013197105151,1.6703621581670363,20.507442382164175,27.725144354613
