date_month,segment,make,make_model,incentive_pnv,incentive_index,incentive_pnv_mom_pct,incentive_pnv_yoy_pct,incentive_index_mom_delta,incentive_index_yoy_delta
2025-01-01,Compact Car,honda,honda_civic,0,,,,,
2025-01-01,Compact Car,hyundai,hyundai_elantra,0,,,,,
2025-01-01,Compact Car,kia,kia_k4,0,,,,,
2025-01-01,Compact Car,nissan,nissan_sentra,0,,,,,
2025-01-01,Compact Car,subaru,subaru_impreza,0,,,,,
2025-01-01,Compact Car,subaru,subaru_wrx,0,,,,,
2025-01-01,Compact Car,toyota,toyota_corolla,0,,,,,
2025-01-01,Compact Car,toyota,toyota_prius,0,,,,,
2025-01-01,Compact Car,toyota,toyota_prius_prime,0,,,,,
2025-01-01,Compact Car,volkswagen,volkswagen_golf,0,,,,,
2025-01-01,Compact Car,volkswagen,volkswagen_jetta,0,,,,,
2025-01-01,Compact SUV,buick,buick_envision,0,,,,,
2025-01-01,Compact SUV,chevrolet,chevrolet_blazer,0,,,,,
2025-01-01,Compact SUV,ford,ford_bronco,0,,,,,
2025-01-01,Compact SUV,ford,ford_edge,0,,,,,
2025-01-01,Compact SUV,honda,honda_passport,0,,,,,
2025-01-01,Compact SUV,hyundai,hyundai_santa_fe,0,,,,,
2025-01-01,Compact SUV,jeep,jeep_wrangler,0,,,,,
2025-01-01,Compact SUV,kia,kia_sorento,0,,,,,
2025-01-01,Compact SUV,mazda,mazda_cx_70,0,,,,,
2025-01-01,Compact SUV,mitsubishi,mitsubishi_outlander,0,,,,,
2025-01-01,Compact SUV,nissan,nissan_murano,0,,,,,
2025-01-01,Compact SUV,subaru,subaru_outback,0,,,,,
2025-01-01,Compact SUV,toyota,toyota_4_runner,0,,,,,
2025-01-01,Compact SUV,toyota,toyota_crown_signia,0,,,,,
2025-01-01,Compact SUV,toyota,toyota_venza,0,,,,,
2025-01-01,Compact SUV,volkswagen,volkswagen_atlas_cross_sport,0,,,,,
2025-01-01,Entry CUV,buick,buick_encore_gx,0,,,,,
2025-01-01,Entry CUV,buick,buick_envista,0,,,,,
2025-01-01,Entry CUV,chevrolet,chevrolet_trailblazer,0,,,,,
2025-01-01,Entry CUV,chevrolet,chevrolet_trax,0,,,,,
2025-01-01,Entry CUV,honda,honda_hr_v,0,,,,,
2025-01-01,Entry CUV,hyundai,hyundai_kona,0,,,,,
2025-01-01,Entry CUV,hyundai,hyundai_venue,0,,,,,
2025-01-01,Entry CUV,kia,kia_niro,0,,,,,
2025-01-01,Entry CUV,kia,kia_seltos,0,,,,,
2025-01-01,Entry CUV,kia,kia_soul,0,,,,,
2025-01-01,Entry CUV,mazda,mazda_cx_30,0,,,,,
2025-01-01,Entry CUV,mini,mini_countryman,0,,,,,
2025-01-01,Entry CUV,mitsubishi,mitsubishi_eclipse_cross,0,,,,,
2025-01-01,Entry CUV,mitsubishi,mitsubishi_outlander_sport,0,,,,,
2025-01-01,Entry CUV,nissan,nissan_kicks,0,,,,,
2025-01-01,Entry CUV,subaru,subaru_crosstrek,0,,,,,
2025-01-01,Entry CUV,toyota,toyota_corolla_cross,0,,,,,
2025-01-01,Entry CUV,volkswagen,volkswagen_taos,0,,,,,
2025-01-01,Mainstream EV Car,dodge,dodge_charger_daytona_ev,0,,,,,
2025-01-01,Mainstream EV Car,hyundai,hyundai_ioniq_6,0,,,,,
2025-01-01,Mainstream EV Car,toyota,toyota_mirai,0,,,,,
2025-01-01,Mainstream EV SUV,chevrolet,chevrolet_blazer_ev,0,,,,,
2025-01-01,Mainstream EV SUV,chevrolet,chevrolet_equinox_ev,0,,,,,
2025-01-01,Mainstream EV SUV,ford,ford_mustang_mach_e,0,,,,,
2025-01-01,Mainstream EV SUV,honda,honda_prologue,0,,,,,
2025-01-01,Mainstream EV SUV,hyundai,hyundai_ioniq_5,0,,,,,
2025-01-01,Mainstream EV SUV,hyundai,hyundai_ioniq_5_n,0,,,,,
2025-01-01,Mainstream EV SUV,kia,kia_ev6,0,,,,,
2025-01-01,Mainstream EV SUV,kia,kia_ev9,0,,,,,
2025-01-01,Mainstream EV SUV,nissan,nissan_ariya,0,,,,,
2025-01-01,Mainstream EV SUV,nissan,nissan_leaf,0,,,,,
2025-01-01,Mainstream EV SUV,subaru,subaru_solterra,0,,,,,
2025-01-01,Mainstream EV SUV,toyota,toyota_bz4x,0,,,,,
2025-01-01,Mainstream EV SUV,volkswagen,volkswagen_id_4,0,,,,,
2025-01-01,Midsize Car,honda,honda_accord,0,,,,,
2025-01-01,Midsize Car,hyundai,hyundai_sonata,0,,,,,
2025-01-01,Midsize Car,kia,kia_k5,0,,,,,
2025-01-01,Midsize Car,nissan,nissan_altima,0,,,,,
2025-01-01,Midsize Car,subaru,subaru_legacy,0,,,,,
2025-01-01,Midsize Car,toyota,toyota_camry,0,,,,,
2025-01-01,Midsize SUV,buick,buick_enclave,0,,,,,
2025-01-01,Midsize SUV,chevrolet,chevrolet_traverse,0,,,,,
2025-01-01,Midsize SUV,dodge,dodge_durango,0,,,,,
2025-01-01,Midsize SUV,ford,ford_explorer,0,,,,,
2025-01-01,Midsize SUV,gmc,gmc_acadia,0,,,,,
2025-01-01,Midsize SUV,honda,honda_pilot,0,,,,,
2025-01-01,Midsize SUV,hyundai,hyundai_palisade,0,,,,,
2025-01-01,Midsize SUV,jeep,jeep_grand_cherokee,0,,,,,
2025-01-01,Midsize SUV,jeep,jeep_grand_cherokee_l,0,,,,,
2025-01-01,Midsize SUV,kia,kia_telluride,0,,,,,
2025-01-01,Midsize SUV,mazda,mazda_cx_90,0,,,,,
2025-01-01,Midsize SUV,nissan,nissan_pathfinder,0,,,,,
2025-01-01,Midsize SUV,subaru,subaru_ascent,0,,,,,
2025-01-01,Midsize SUV,toyota,toyota_grand_highlander,0,,,,,
2025-01-01,Midsize SUV,toyota,toyota_highlander,0,,,,,
2025-01-01,Midsize SUV,toyota,toyota_land_cruiser,0,,,,,
2025-01-01,Midsize SUV,volkswagen,volkswagen_atlas,0,,,,,
2025-01-01,Sub-Compact SUV,chevrolet,chevrolet_equinox,0,,,,,
2025-01-01,Sub-Compact SUV,dodge,dodge_hornet,0,,,,,
2025-01-01,Sub-Compact SUV,ford,ford_bronco_sport,0,,,,,
2025-01-01,Sub-Compact SUV,ford,ford_escape,0,,,,,
2025-01-01,Sub-Compact SUV,gmc,gmc_terrain,0,,,,,
2025-01-01,Sub-Compact SUV,honda,honda_cr_v,0,,,,,
2025-01-01,Sub-Compact SUV,hyundai,hyundai_santa_cruz,0,,,,,
2025-01-01,Sub-Compact SUV,hyundai,hyundai_tucson,0,,,,,
2025-01-01,Sub-Compact SUV,jeep,jeep_compass,0,,,,,
2025-01-01,Sub-Compact SUV,kia,kia_sportage,0,,,,,
2025-01-01,Sub-Compact SUV,mazda,mazda_cx_5,0,,,,,
2025-01-01,Sub-Compact SUV,mazda,mazda_cx_50,0,,,,,
2025-01-01,Sub-Compact SUV,nissan,nissan_rogue,0,,,,,
2025-01-01,Sub-Compact SUV,subaru,subaru_forester,0,,,,,
2025-01-01,Sub-Compact SUV,toyota,toyota_rav4,0,,,,,
2025-01-01,Sub-Compact SUV,toyota,toyota_rav4_prime,0,,,,,
2025-01-01,Sub-Compact SUV,volkswagen,volkswagen_tiguan,0,,,,,
2025-02-01,Compact Car,honda,honda_civic,0,,,,,
2025-02-01,Compact Car,hyundai,hyundai_elantra,0,,,,,
2025-02-01,Compact Car,kia,kia_k4,0,,,,,
2025-02-01,Compact Car,nissan,nissan_sentra,0,,,,,
2025-02-01,Compact Car,subaru,subaru_impreza,0,,,,,
2025-02-01,Compact Car,subaru,subaru_wrx,0,,,,,
2025-02-01,Compact Car,toyota,toyota_corolla,0,,,,,
2025-02-01,Compact Car,toyota,toyota_prius,0,,,,,
2025-02-01,Compact Car,toyota,toyota_prius_prime,0,,,,,
2025-02-01,Compact Car,volkswagen,volkswagen_golf,0,,,,,
2025-02-01,Compact Car,volkswagen,volkswagen_jetta,0,,,,,
2025-02-01,Compact SUV,buick,buick_envision,0,,,,,
2025-02-01,Compact SUV,chevrolet,chevrolet_blazer,0,,,,,
2025-02-01,Compact SUV,ford,ford_bronco,0,,,,,
2025-02-01,Compact SUV,ford,ford_edge,0,,,,,
2025-02-01,Compact SUV,honda,honda_passport,0,,,,,
2025-02-01,Compact SUV,hyundai,hyundai_santa_fe,0,,,,,
2025-02-01,Compact SUV,jeep,jeep_wrangler,0,,,,,
2025-02-01,Compact SUV,kia,kia_sorento,0,,,,,
2025-02-01,Compact SUV,mazda,mazda_cx_70,0,,,,,
2025-02-01,Compact SUV,mitsubishi,mitsubishi_outlander,0,,,,,
2025-02-01,Compact SUV,nissan,nissan_murano,0,,,,,
2025-02-01,Compact SUV,subaru,subaru_outback,0,,,,,
2025-02-01,Compact SUV,toyota,toyota_4_runner,0,,,,,
2025-02-01,Compact SUV,toyota,toyota_crown_signia,0,,,,,
2025-02-01,Compact SUV,toyota,toyota_venza,0,,,,,
2025-02-01,Compact SUV,volkswagen,volkswagen_atlas_cross_sport,0,,,,,
2025-02-01,Entry CUV,buick,buick_encore_gx,0,,,,,
2025-02-01,Entry CUV,buick,buick_envista,0,,,,,
2025-02-01,Entry CUV,chevrolet,chevrolet_trailblazer,0,,,,,
2025-02-01,Entry CUV,chevrolet,chevrolet_trax,0,,,,,
2025-02-01,Entry CUV,honda,honda_hr_v,0,,,,,
2025-02-01,Entry CUV,hyundai,hyundai_kona,0,,,,,
2025-02-01,Entry CUV,hyundai,hyundai_venue,0,,,,,
2025-02-01,Entry CUV,kia,kia_niro,0,,,,,
2025-02-01,Entry CUV,kia,kia_seltos,0,,,,,
2025-02-01,Entry CUV,kia,kia_soul,0,,,,,
2025-02-01,Entry CUV,mazda,mazda_cx_30,0,,,,,
2025-02-01,Entry CUV,mini,mini_countryman,0,,,,,
2025-02-01,Entry CUV,mitsubishi,mitsubishi_eclipse_cross,0,,,,,
2025-02-01,Entry CUV,mitsubishi,mitsubishi_outlander_sport,0,,,,,
2025-02-01,Entry CUV,nissan,nissan_kicks,0,,,,,
2025-02-01,Entry CUV,subaru,subaru_crosstrek,0,,,,,
2025-02-01,Entry CUV,toyota,toyota_corolla_cross,0,,,,,
2025-02-01,Entry CUV,volkswagen,volkswagen_taos,0,,,,,
2025-02-01,Mainstream EV Car,dodge,dodge_charger_daytona_ev,0,,,,,
2025-02-01,Mainstream EV Car,hyundai,hyundai_ioniq_6,0,,,,,
2025-02-01,Mainstream EV Car,toyota,toyota_mirai,0,,,,,
2025-02-01,Mainstream EV SUV,chevrolet,chevrolet_blazer_ev,0,,,,,
2025-02-01,Mainstream EV SUV,chevrolet,chevrolet_equinox_ev,0,,,,,
2025-02-01,Mainstream EV SUV,ford,ford_mustang_mach_e,0,,,,,
2025-02-01,Mainstream EV SUV,honda,honda_prologue,0,,,,,
2025-02-01,Mainstream EV SUV,hyundai,hyundai_ioniq_5,0,,,,,
2025-02-01,Mainstream EV SUV,hyundai,hyundai_ioniq_5_n,0,,,,,
2025-02-01,Mainstream EV SUV,kia,kia_ev6,0,,,,,
2025-02-01,Mainstream EV SUV,kia,kia_ev9,0,,,,,
2025-02-01,Mainstream EV SUV,nissan,nissan_ariya,0,,,,,
2025-02-01,Mainstream EV SUV,nissan,nissan_leaf,0,,,,,
2025-02-01,Mainstream EV SUV,subaru,subaru_solterra,0,,,,,
2025-02-01,Mainstream EV SUV,toyota,toyota_bz4x,0,,,,,
2025-02-01,Mainstream EV SUV,volkswagen,volkswagen_id_4,0,,,,,
2025-02-01,Midsize Car,honda,honda_accord,0,,,,,
2025-02-01,Midsize Car,hyundai,hyundai_sonata,0,,,,,
2025-02-01,Midsize Car,kia,kia_k5,0,,,,,
2025-02-01,Midsize Car,nissan,nissan_altima,0,,,,,
2025-02-01,Midsize Car,subaru,subaru_legacy,0,,,,,
2025-02-01,Midsize Car,toyota,toyota_camry,0,,,,,
2025-02-01,Midsize SUV,buick,buick_enclave,0,,,,,
2025-02-01,Midsize SUV,chevrolet,chevrolet_traverse,0,,,,,
2025-02-01,Midsize SUV,dodge,dodge_durango,0,,,,,
2025-02-01,Midsize SUV,ford,ford_explorer,0,,,,,
2025-02-01,Midsize SUV,gmc,gmc_acadia,0,,,,,
2025-02-01,Midsize SUV,honda,honda_pilot,0,,,,,
2025-02-01,Midsize SUV,hyundai,hyundai_palisade,0,,,,,
2025-02-01,Midsize SUV,jeep,jeep_grand_cherokee,0,,,,,
2025-02-01,Midsize SUV,jeep,jeep_grand_cherokee_l,0,,,,,
2025-02-01,Midsize SUV,kia,kia_telluride,0,,,,,
2025-02-01,Midsize SUV,mazda,mazda_cx_90,0,,,,,
2025-02-01,Midsize SUV,nissan,nissan_pathfinder,0,,,,,
2025-02-01,Midsize SUV,subaru,subaru_ascent,0,,,,,
2025-02-01,Midsize SUV,toyota,toyota_grand_highlander,0,,,,,
2025-02-01,Midsize SUV,toyota,toyota_highlander,0,,,,,
2025-02-01,Midsize SUV,toyota,toyota_land_cruiser,0,,,,,
2025-02-01,Midsize SUV,volkswagen,volkswagen_atlas,0,,,,,
2025-02-01,Sub-Compact SUV,chevrolet,chevrolet_equinox,0,,,,,
2025-02-01,Sub-Compact SUV,dodge,dodge_hornet,0,,,,,
2025-02-01,Sub-Compact SUV,ford,ford_bronco_sport,0,,,,,
2025-02-01,Sub-Compact SUV,ford,ford_escape,0,,,,,
2025-02-01,Sub-Compact SUV,gmc,gmc_terrain,0,,,,,
2025-02-01,Sub-Compact SUV,honda,honda_cr_v,0,,,,,
2025-02-01,Sub-Compact SUV,hyundai,hyundai_santa_cruz,0,,,,,
2025-02-01,Sub-Compact SUV,hyundai,hyundai_tucson,0,,,,,
2025-02-01,Sub-Compact SUV,jeep,jeep_compass,0,,,,,
2025-02-01,Sub-Compact SUV,kia,kia_sportage,0,,,,,
2025-02-01,Sub-Compact SUV,mazda,mazda_cx_5,0,,,,,
2025-02-01,Sub-Compact SUV,mazda,mazda_cx_50,0,,,,,
2025-02-01,Sub-Compact SUV,nissan,nissan_rogue,0,,,,,
2025-02-01,Sub-Compact SUV,subaru,subaru_forester,0,,,,,
2025-02-01,Sub-Compact SUV,toyota,toyota_rav4,0,,,,,
2025-02-01,Sub-Compact SUV,toyota,toyota_rav4_prime,0,,,,,
2025-02-01,Sub-Compact SUV,volkswagen,volkswagen_tiguan,0,,,,,
2025-03-01,Compact Car,honda,honda_civic,0,,,,,
2025-03-01,Compact Car,hyundai,hyundai_elantra,0,,,,,
2025-03-01,Compact Car,kia,kia_k4,0,,,,,
2025-03-01,Compact Car,nissan,nissan_sentra,0,,,,,
2025-03-01,Compact Car,subaru,subaru_impreza,0,,,,,
2025-03-01,Compact Car,subaru,subaru_wrx,0,,,,,
2025-03-01,Compact Car,toyota,toyota_corolla,0,,,,,
2025-03-01,Compact Car,toyota,toyota_prius,0,,,,,
2025-03-01,Compact Car,toyota,toyota_prius_prime,0,,,,,
2025-03-01,Compact Car,volkswagen,volkswagen_golf,0,,,,,
2025-03-01,Compact Car,volkswagen,volkswagen_jetta,0,,,,,
2025-03-01,Compact SUV,buick,buick_envision,0,,,,,
2025-03-01,Compact SUV,chevrolet,chevrolet_blazer,0,,,,,
2025-03-01,Compact SUV,ford,ford_bronco,0,,,,,
2025-03-01,Compact SUV,ford,ford_edge,0,,,,,
2025-03-01,Compact SUV,honda,honda_passport,0,,,,,
2025-03-01,Compact SUV,hyundai,hyundai_santa_fe,0,,,,,
2025-03-01,Compact SUV,jeep,jeep_wrangler,0,,,,,
2025-03-01,Compact SUV,kia,kia_sorento,0,,,,,
2025-03-01,Compact SUV,mazda,mazda_cx_70,0,,,,,
2025-03-01,Compact SUV,mitsubishi,mitsubishi_outlander,0,,,,,
2025-03-01,Compact SUV,nissan,nissan_murano,0,,,,,
2025-03-01,Compact SUV,subaru,subaru_outback,0,,,,,
2025-03-01,Compact SUV,toyota,toyota_4_runner,0,,,,,
2025-03-01,Compact SUV,toyota,toyota_crown_signia,0,,,,,
2025-03-01,Compact SUV,toyota,toyota_venza,0,,,,,
2025-03-01,Compact SUV,volkswagen,volkswagen_atlas_cross_sport,0,,,,,
2025-03-01,Entry CUV,buick,buick_encore_gx,0,,,,,
2025-03-01,Entry CUV,buick,buick_envista,0,,,,,
2025-03-01,Entry CUV,chevrolet,chevrolet_trailblazer,0,,,,,
2025-03-01,Entry CUV,chevrolet,chevrolet_trax,0,,,,,
2025-03-01,Entry CUV,honda,honda_hr_v,0,,,,,
2025-03-01,Entry CUV,hyundai,hyundai_kona,0,,,,,
2025-03-01,Entry CUV,hyundai,hyundai_venue,0,,,,,
2025-03-01,Entry CUV,kia,kia_niro,0,,,,,
2025-03-01,Entry CUV,kia,kia_seltos,0,,,,,
2025-03-01,Entry CUV,kia,kia_soul,0,,,,,
2025-03-01,Entry CUV,mazda,mazda_cx_30,0,,,,,
2025-03-01,Entry CUV,mini,mini_countryman,0,,,,,
2025-03-01,Entry CUV,mitsubishi,mitsubishi_eclipse_cross,0,,,,,
2025-03-01,Entry CUV,mitsubishi,mitsubishi_outlander_sport,0,,,,,
2025-03-01,Entry CUV,nissan,nissan_kicks,0,,,,,
2025-03-01,Entry CUV,subaru,subaru_crosstrek,0,,,,,
2025-03-01,Entry CUV,toyota,toyota_corolla_cross,0,,,,,
2025-03-01,Entry CUV,volkswagen,volkswagen_taos,0,,,,,
2025-03-01,Mainstream EV Car,dodge,dodge_charger_daytona_ev,0,,,,,
2025-03-01,Mainstream EV Car,hyundai,hyundai_ioniq_6,0,,,,,
2025-03-01,Mainstream EV SUV,chevrolet,chevrolet_blazer_ev,0,,,,,
2025-03-01,Mainstream EV SUV,chevrolet,chevrolet_equinox_ev,0,,,,,
2025-03-01,Mainstream EV SUV,ford,ford_mustang_mach_e,0,,,,,
2025-03-01,Mainstream EV SUV,honda,honda_prologue,0,,,,,
2025-03-01,Mainstream EV SUV,hyundai,hyundai_ioniq_5,0,,,,,
2025-03-01,Mainstream EV SUV,hyundai,hyundai_ioniq_5_n,0,,,,,
2025-03-01,Mainstream EV SUV,kia,kia_ev6,0,,,,,
2025-03-01,Mainstream EV SUV,kia,kia_ev9,0,,,,,
2025-03-01,Mainstream EV SUV,nissan,nissan_ariya,0,,,,,
2025-03-01,Mainstream EV SUV,nissan,nissan_leaf,0,,,,,
2025-03-01,Mainstream EV SUV,subaru,subaru_solterra,0,,,,,
2025-03-01,Mainstream EV SUV,toyota,toyota_bz4x,0,,,,,
2025-03-01,Mainstream EV SUV,volkswagen,volkswagen_id_4,0,,,,,
2025-03-01,Midsize Car,honda,honda_accord,0,,,,,
2025-03-01,Midsize Car,hyundai,hyundai_sonata,0,,,,,
2025-03-01,Midsize Car,kia,kia_k5,0,,,,,
2025-03-01,Midsize Car,nissan,nissan_altima,0,,,,,
2025-03-01,Midsize Car,subaru,subaru_legacy,0,,,,,
2025-03-01,Midsize Car,toyota,toyota_camry,0,,,,,
2025-03-01,Midsize SUV,buick,buick_enclave,0,,,,,
2025-03-01,Midsize SUV,chevrolet,chevrolet_traverse,0,,,,,
2025-03-01,Midsize SUV,dodge,dodge_durango,0,,,,,
2025-03-01,Midsize SUV,ford,ford_explorer,0,,,,,
2025-03-01,Midsize SUV,gmc,gmc_acadia,0,,,,,
2025-03-01,Midsize SUV,honda,honda_pilot,0,,,,,
2025-03-01,Midsize SUV,hyundai,hyundai_palisade,0,,,,,
2025-03-01,Midsize SUV,jeep,jeep_grand_cherokee,0,,,,,
2025-03-01,Midsize SUV,jeep,jeep_grand_cherokee_l,0,,,,,
2025-03-01,Midsize SUV,kia,kia_telluride,0,,,,,
2025-03-01,Midsize SUV,mazda,mazda_cx_90,0,,,,,
2025-03-01,Midsize SUV,nissan,nissan_pathfinder,0,,,,,
2025-03-01,Midsize SUV,subaru,subaru_ascent,0,,,,,
2025-03-01,Midsize SUV,toyota,toyota_grand_highlander,0,,,,,
2025-03-01,Midsize SUV,toyota,toyota_highlander,0,,,,,
2025-03-01,Midsize SUV,toyota,toyota_land_cruiser,0,,,,,
2025-03-01,Midsize SUV,volkswagen,volkswagen_atlas,0,,,,,
2025-03-01,Sub-Compact SUV,chevrolet,chevrolet_equinox,0,,,,,
2025-03-01,Sub-Compact SUV,dodge,dodge_hornet,0,,,,,
2025-03-01,Sub-Compact SUV,ford,ford_bronco_sport,0,,,,,
2025-03-01,Sub-Compact SUV,ford,ford_escape,0,,,,,
2025-03-01,Sub-Compact SUV,gmc,gmc_terrain,0,,,,,
2025-03-01,Sub-Compact SUV,honda,honda_cr_v,0,,,,,
2025-03-01,Sub-Compact SUV,hyundai,hyundai_santa_cruz,0,,,,,
2025-03-01,Sub-Compact SUV,hyundai,hyundai_tucson,0,,,,,
2025-03-01,Sub-Compact SUV,jeep,jeep_compass,0,,,,,
2025-03-01,Sub-Compact SUV,kia,kia_sportage,0,,,,,
2025-03-01,Sub-Compact SUV,mazda,mazda_cx_5,0,,,,,
2025-03-01,Sub-Compact SUV,mazda,mazda_cx_50,0,,,,,
2025-03-01,Sub-Compact SUV,nissan,nissan_rogue,0,,,,,
2025-03-01,Sub-Compact SUV,subaru,subaru_forester,0,,,,,
2025-03-01,Sub-Compact SUV,toyota,toyota_rav4,0,,,,,
2025-03-01,Sub-Compact SUV,toyota,toyota_rav4_prime,0,,,,,
2025-03-01,Sub-Compact SUV,volkswagen,volkswagen_tiguan,0,,,,,
2025-04-01,Compact Car,honda,honda_civic,0,,,,,
2025-04-01,Compact Car,hyundai,hyundai_elantra,0,,,,,
2025-04-01,Compact Car,kia,kia_k4,0,,,,,
2025-04-01,Compact Car,nissan,nissan_sentra,0,,,,,
2025-04-01,Compact Car,subaru,subaru_impreza,0,,,,,
2025-04-01,Compact Car,subaru,subaru_wrx,0,,,,,
2025-04-01,Compact Car,toyota,toyota_corolla,0,,,,,
2025-04-01,Compact Car,toyota,toyota_prius,0,,,,,
2025-04-01,Compact Car,toyota,toyota_prius_prime,0,,,,,
2025-04-01,Compact Car,volkswagen,volkswagen_golf,0,,,,,
2025-04-01,Compact Car,volkswagen,volkswagen_jetta,0,,,,,
2025-04-01,Compact SUV,buick,buick_envision,0,,,,,
2025-04-01,Compact SUV,chevrolet,chevrolet_blazer,0,,,,,
2025-04-01,Compact SUV,ford,ford_bronco,0,,,,,
2025-04-01,Compact SUV,ford,ford_edge,0,,,,,
2025-04-01,Compact SUV,honda,honda_passport,0,,,,,
2025-04-01,Compact SUV,hyundai,hyundai_santa_fe,0,,,,,
2025-04-01,Compact SUV,jeep,jeep_wrangler,0,,,,,
2025-04-01,Compact SUV,kia,kia_sorento,0,,,,,
2025-04-01,Compact SUV,mazda,mazda_cx_70,0,,,,,
2025-04-01,Compact SUV,mitsubishi,mitsubishi_outlander,0,,,,,
2025-04-01,Compact SUV,nissan,nissan_murano,0,,,,,
2025-04-01,Compact SUV,subaru,subaru_outback,0,,,,,
2025-04-01,Compact SUV,toyota,toyota_4_runner,0,,,,,
2025-04-01,Compact SUV,toyota,toyota_crown_signia,0,,,,,
2025-04-01,Compact SUV,toyota,toyota_venza,0,,,,,
2025-04-01,Compact SUV,volkswagen,volkswagen_atlas_cross_sport,0,,,,,
2025-04-01,Entry CUV,buick,buick_encore_gx,0,,,,,
2025-04-01,Entry CUV,buick,buick_envista,0,,,,,
2025-04-01,Entry CUV,chevrolet,chevrolet_trailblazer,0,,,,,
2025-04-01,Entry CUV,chevrolet,chevrolet_trax,0,,,,,
2025-04-01,Entry CUV,honda,honda_hr_v,0,,,,,
2025-04-01,Entry CUV,hyundai,hyundai_kona,0,,,,,
2025-04-01,Entry CUV,hyundai,hyundai_venue,0,,,,,
2025-04-01,Entry CUV,kia,kia_niro,0,,,,,
2025-04-01,Entry CUV,kia,kia_seltos,0,,,,,
2025-04-01,Entry CUV,kia,kia_soul,0,,,,,
2025-04-01,Entry CUV,mazda,mazda_cx_30,0,,,,,
2025-04-01,Entry CUV,mini,mini_countryman,0,,,,,
2025-04-01,Entry CUV,mitsubishi,mitsubishi_eclipse_cross,0,,,,,
2025-04-01,Entry CUV,mitsubishi,mitsubishi_outlander_sport,0,,,,,
2025-04-01,Entry CUV,nissan,nissan_kicks,0,,,,,
2025-04-01,Entry CUV,subaru,subaru_crosstrek,0,,,,,
2025-04-01,Entry CUV,toyota,toyota_corolla_cross,0,,,,,
2025-04-01,Entry CUV,volkswagen,volkswagen_taos,0,,,,,
2025-04-01,Mainstream EV Car,dodge,dodge_charger_daytona_ev,0,,,,,
2025-04-01,Mainstream EV Car,hyundai,hyundai_ioniq_6,0,,,,,
2025-04-01,Mainstream EV SUV,chevrolet,chevrolet_blazer_ev,0,,,,,
2025-04-01,Mainstream EV SUV,chevrolet,chevrolet_equinox_ev,0,,,,,
2025-04-01,Mainstream EV SUV,ford,ford_mustang_mach_e,0,,,,,
2025-04-01,Mainstream EV SUV,honda,honda_prologue,0,,,,,
2025-04-01,Mainstream EV SUV,hyundai,hyundai_ioniq_5,0,,,,,
2025-04-01,Mainstream EV SUV,hyundai,hyundai_ioniq_5_n,0,,,,,
2025-04-01,Mainstream EV SUV,kia,kia_ev6,0,,,,,
2025-04-01,Mainstream EV SUV,kia,kia_ev9,0,,,,,
2025-04-01,Mainstream EV SUV,nissan,nissan_ariya,0,,,,,
2025-04-01,Mainstream EV SUV,nissan,nissan_leaf,0,,,,,
2025-04-01,Mainstream EV SUV,subaru,subaru_solterra,0,,,,,
2025-04-01,Mainstream EV SUV,toyota,toyota_bz4x,0,,,,,
2025-04-01,Mainstream EV SUV,volkswagen,volkswagen_id_4,0,,,,,
2025-04-01,Midsize Car,honda,honda_accord,0,,,,,
2025-04-01,Midsize Car,hyundai,hyundai_sonata,0,,,,,
2025-04-01,Midsize Car,kia,kia_k5,0,,,,,
2025-04-01,Midsize Car,nissan,nissan_altima,0,,,,,
2025-04-01,Midsize Car,subaru,subaru_legacy,0,,,,,
2025-04-01,Midsize Car,toyota,toyota_camry,0,,,,,
2025-04-01,Midsize SUV,buick,buick_enclave,0,,,,,
2025-04-01,Midsize SUV,chevrolet,chevrolet_traverse,0,,,,,
2025-04-01,Midsize SUV,dodge,dodge_durango,0,,,,,
2025-04-01,Midsize SUV,ford,ford_explorer,0,,,,,
2025-04-01,Midsize SUV,gmc,gmc_acadia,0,,,,,
2025-04-01,Midsize SUV,honda,honda_pilot,0,,,,,
2025-04-01,Midsize SUV,hyundai,hyundai_palisade,0,,,,,
2025-04-01,Midsize SUV,jeep,jeep_grand_cherokee,0,,,,,
2025-04-01,Midsize SUV,jeep,jeep_grand_cherokee_l,0,,,,,
2025-04-01,Midsize SUV,kia,kia_telluride,0,,,,,
2025-04-01,Midsize SUV,mazda,mazda_cx_90,0,,,,,
2025-04-01,Midsize SUV,nissan,nissan_pathfinder,0,,,,,
2025-04-01,Midsize SUV,subaru,subaru_ascent,0,,,,,
2025-04-01,Midsize SUV,toyota,toyota_grand_highlander,0,,,,,
2025-04-01,Midsize SUV,toyota,toyota_highlander,0,,,,,
2025-04-01,Midsize SUV,toyota,toyota_land_cruiser,0,,,,,
2025-04-01,Midsize SUV,volkswagen,volkswagen_atlas,0,,,,,
2025-04-01,Sub-Compact SUV,chevrolet,chevrolet_equinox,0,,,,,
2025-04-01,Sub-Compact SUV,dodge,dodge_hornet,0,,,,,
2025-04-01,Sub-Compact SUV,ford,ford_bronco_sport,0,,,,,
2025-04-01,Sub-Compact SUV,ford,ford_escape,0,,,,,
2025-04-01,Sub-Compact SUV,gmc,gmc_terrain,0,,,,,
2025-04-01,Sub-Compact SUV,honda,honda_cr_v,0,,,,,
2025-04-01,Sub-Compact SUV,hyundai,hyundai_santa_cruz,0,,,,,
2025-04-01,Sub-Compact SUV,hyundai,hyundai_tucson,0,,,,,
2025-04-01,Sub-Compact SUV,jeep,jeep_compass,0,,,,,
2025-04-01,Sub-Compact SUV,kia,kia_sportage,0,,,,,
2025-04-01,Sub-Compact SUV,mazda,mazda_cx_5,0,,,,,
2025-04-01,Sub-Compact SUV,mazda,mazda_cx_50,0,,,,,
2025-04-01,Sub-Compact SUV,nissan,nissan_rogue,0,,,,,
2025-04-01,Sub-Compact SUV,subaru,subaru_forester,0,,,,,
2025-04-01,Sub-Compact SUV,toyota,toyota_rav4,0,,,,,
2025-04-01,Sub-Compact SUV,toyota,toyota_rav4_prime,0,,,,,
2025-04-01,Sub-Compact SUV,volkswagen,volkswagen_tiguan,0,,,,,
2025-05-01,Compact Car,honda,honda_civic,0,,,,,
2025-05-01,Compact Car,hyundai,hyundai_elantra,0,,,,,
2025-05-01,Compact Car,kia,kia_k4,0,,,,,
2025-05-01,Compact Car,nissan,nissan_sentra,0,,,,,
2025-05-01,Compact Car,subaru,subaru_impreza,0,,,,,
2025-05-01,Compact Car,subaru,subaru_wrx,0,,,,,
2025-05-01,Compact Car,toyota,toyota_corolla,0,,,,,
2025-05-01,Compact Car,toyota,toyota_prius,0,,,,,
2025-05-01,Compact Car,toyota,toyota_prius_prime,0,,,,,
2025-05-01,Compact Car,volkswagen,volkswagen_golf,0,,,,,
2025-05-01,Compact Car,volkswagen,volkswagen_jetta,0,,,,,
2025-05-01,Compact SUV,buick,buick_envision,0,,,,,
2025-05-01,Compact SUV,chevrolet,chevrolet_blazer,0,,,,,
2025-05-01,Compact SUV,ford,ford_bronco,0,,,,,
2025-05-01,Compact SUV,ford,ford_edge,0,,,,,
2025-05-01,Compact SUV,honda,honda_passport,0,,,,,
2025-05-01,Compact SUV,hyundai,hyundai_santa_fe,0,,,,,
2025-05-01,Compact SUV,jeep,jeep_wrangler,0,,,,,
2025-05-01,Compact SUV,kia,kia_sorento,0,,,,,
2025-05-01,Compact SUV,mazda,mazda_cx_70,0,,,,,
2025-05-01,Compact SUV,mitsubishi,mitsubishi_outlander,0,,,,,
2025-05-01,Compact SUV,nissan,nissan_murano,0,,,,,
2025-05-01,Compact SUV,subaru,subaru_outback,0,,,,,
2025-05-01,Compact SUV,toyota,toyota_4_runner,0,,,,,
2025-05-01,Compact SUV,toyota,toyota_crown_signia,0,,,,,
2025-05-01,Compact SUV,toyota,toyota_venza,0,,,,,
2025-05-01,Compact SUV,volkswagen,volkswagen_atlas_cross_sport,0,,,,,
2025-05-01,Entry CUV,buick,buick_encore_gx,0,,,,,
2025-05-01,Entry CUV,buick,buick_envista,0,,,,,
2025-05-01,Entry CUV,chevrolet,chevrolet_trailblazer,0,,,,,
2025-05-01,Entry CUV,chevrolet,chevrolet_trax,0,,,,,
2025-05-01,Entry CUV,honda,honda_hr_v,0,,,,,
2025-05-01,Entry CUV,hyundai,hyundai_kona,0,,,,,
2025-05-01,Entry CUV,hyundai,hyundai_venue,0,,,,,
2025-05-01,Entry CUV,kia,kia_niro,0,,,,,
2025-05-01,Entry CUV,kia,kia_seltos,0,,,,,
2025-05-01,Entry CUV,kia,kia_soul,0,,,,,
2025-05-01,Entry CUV,mazda,mazda_cx_30,0,,,,,
2025-05-01,Entry CUV,mini,mini_countryman,0,,,,,
2025-05-01,Entry CUV,mitsubishi,mitsubishi_eclipse_cross,0,,,,,
2025-05-01,Entry CUV,mitsubishi,mitsubishi_outlander_sport,0,,,,,
2025-05-01,Entry CUV,nissan,nissan_kicks,0,,,,,
2025-05-01,Entry CUV,subaru,subaru_crosstrek,0,,,,,
2025-05-01,Entry CUV,toyota,toyota_corolla_cross,0,,,,,
2025-05-01,Entry CUV,volkswagen,volkswagen_taos,0,,,,,
2025-05-01,Mainstream EV Car,dodge,dodge_charger_daytona_ev,0,,,,,
2025-05-01,Mainstream EV Car,hyundai,hyundai_ioniq_6,0,,,,,
2025-05-01,Mainstream EV SUV,chevrolet,chevrolet_blazer_ev,0,,,,,
2025-05-01,Mainstream EV SUV,chevrolet,chevrolet_equinox_ev,0,,,,,
2025-05-01,Mainstream EV SUV,ford,ford_mustang_mach_e,0,,,,,
2025-05-01,Mainstream EV SUV,honda,honda_prologue,0,,,,,
2025-05-01,Mainstream EV SUV,hyundai,hyundai_ioniq_5,0,,,,,
2025-05-01,Mainstream EV SUV,hyundai,hyundai_ioniq_5_n,0,,,,,
2025-05-01,Mainstream EV SUV,kia,kia_ev6,0,,,,,
2025-05-01,Mainstream EV SUV,kia,kia_ev9,0,,,,,
2025-05-01,Mainstream EV SUV,nissan,nissan_ariya,0,,,,,
2025-05-01,Mainstream EV SUV,nissan,nissan_leaf,0,,,,,
2025-05-01,Mainstream EV SUV,subaru,subaru_solterra,0,,,,,
2025-05-01,Mainstream EV SUV,toyota,toyota_bz4x,0,,,,,
2025-05-01,Mainstream EV SUV,volkswagen,volkswagen_id_4,0,,,,,
2025-05-01,Midsize Car,honda,honda_accord,0,,,,,
2025-05-01,Midsize Car,hyundai,hyundai_sonata,0,,,,,
2025-05-01,Midsize Car,kia,kia_k5,0,,,,,
2025-05-01,Midsize Car,nissan,nissan_altima,0,,,,,
2025-05-01,Midsize Car,subaru,subaru_legacy,0,,,,,
2025-05-01,Midsize Car,toyota,toyota_camry,0,,,,,
2025-05-01,Midsize SUV,buick,buick_enclave,0,,,,,
2025-05-01,Midsize SUV,chevrolet,chevrolet_traverse,0,,,,,
2025-05-01,Midsize SUV,dodge,dodge_durango,0,,,,,
2025-05-01,Midsize SUV,ford,ford_explorer,0,,,,,
2025-05-01,Midsize SUV,gmc,gmc_acadia,0,,,,,
2025-05-01,Midsize SUV,honda,honda_pilot,0,,,,,
2025-05-01,Midsize SUV,hyundai,hyundai_palisade,0,,,,,
2025-05-01,Midsize SUV,jeep,jeep_grand_cherokee,0,,,,,
2025-05-01,Midsize SUV,jeep,jeep_grand_cherokee_l,0,,,,,
2025-05-01,Midsize SUV,kia,kia_telluride,0,,,,,
2025-05-01,Midsize SUV,mazda,mazda_cx_90,0,,,,,
2025-05-01,Midsize SUV,nissan,nissan_pathfinder,0,,,,,
2025-05-01,Midsize SUV,subaru,subaru_ascent,0,,,,,
2025-05-01,Midsize SUV,toyota,toyota_grand_highlander,0,,,,,
2025-05-01,Midsize SUV,toyota,toyota_highlander,0,,,,,
2025-05-01,Midsize SUV,toyota,toyota_land_cruiser,0,,,,,
2025-05-01,Midsize SUV,volkswagen,volkswagen_atlas,0,,,,,
2025-05-01,Sub-Compact SUV,chevrolet,chevrolet_equinox,0,,,,,
2025-05-01,Sub-Compact SUV,dodge,dodge_hornet,0,,,,,
2025-05-01,Sub-Compact SUV,ford,ford_bronco_sport,0,,,,,
2025-05-01,Sub-Compact SUV,ford,ford_escape,0,,,,,
2025-05-01,Sub-Compact SUV,gmc,gmc_terrain,0,,,,,
2025-05-01,Sub-Compact SUV,honda,honda_cr_v,0,,,,,
2025-05-01,Sub-Compact SUV,hyundai,hyundai_santa_cruz,0,,,,,
2025-05-01,Sub-Compact SUV,hyundai,hyundai_tucson,0,,,,,
2025-05-01,Sub-Compact SUV,jeep,jeep_compass,0,,,,,
2025-05-01,Sub-Compact SUV,kia,kia_sportage,0,,,,,
2025-05-01,Sub-Compact SUV,mazda,mazda_cx_5,0,,,,,
2025-05-01,Sub-Compact SUV,mazda,mazda_cx_50,0,,,,,
2025-05-01,Sub-Compact SUV,nissan,nissan_rogue,0,,,,,
2025-05-01,Sub-Compact SUV,subaru,subaru_forester,0,,,,,
2025-05-01,Sub-Compact SUV,toyota,toyota_rav4,0,,,,,
2025-05-01,Sub-Compact SUV,toyota,toyota_rav4_prime,0,,,,,
2025-05-01,Sub-Compact SUV,volkswagen,volkswagen_tiguan,0,,,,,
2025-06-01,Compact Car,honda,honda_civic,0,,,,,
2025-06-01,Compact Car,hyundai,hyundai_elantra,0,,,,,
2025-06-01,Compact Car,kia,kia_k4,0,,,,,
2025-06-01,Compact Car,nissan,nissan_sentra,0,,,,,
2025-06-01,Compact Car,subaru,subaru_impreza,0,,,,,
2025-06-01,Compact Car,subaru,subaru_wrx,0,,,,,
2025-06-01,Compact Car,toyota,toyota_corolla,0,,,,,
2025-06-01,Compact Car,toyota,toyota_prius,0,,,,,
2025-06-01,Compact Car,toyota,toyota_prius_prime,0,,,,,
2025-06-01,Compact Car,volkswagen,volkswagen_golf,0,,,,,
2025-06-01,Compact Car,volkswagen,volkswagen_jetta,0,,,,,
2025-06-01,Compact SUV,buick,buick_envision,0,,,,,
2025-06-01,Compact SUV,chevrolet,chevrolet_blazer,0,,,,,
2025-06-01,Compact SUV,ford,ford_bronco,0,,,,,
2025-06-01,Compact SUV,ford,ford_edge,0,,,,,
2025-06-01,Compact SUV,honda,honda_passport,0,,,,,
2025-06-01,Compact SUV,hyundai,hyundai_santa_fe,0,,,,,
2025-06-01,Compact SUV,jeep,jeep_wrangler,0,,,,,
2025-06-01,Compact SUV,kia,kia_sorento,0,,,,,
2025-06-01,Compact SUV,mazda,mazda_cx_70,0,,,,,
2025-06-01,Compact SUV,mitsubishi,mitsubishi_outlander,0,,,,,
2025-06-01,Compact SUV,nissan,nissan_murano,0,,,,,
2025-06-01,Compact SUV,subaru,subaru_outback,0,,,,,
2025-06-01,Compact SUV,toyota,toyota_4_runner,0,,,,,
2025-06-01,Compact SUV,toyota,toyota_crown_signia,0,,,,,
2025-06-01,Compact SUV,toyota,toyota_venza,0,,,,,
2025-06-01,Compact SUV,volkswagen,volkswagen_atlas_cross_sport,0,,,,,
2025-06-01,Entry CUV,buick,buick_encore_gx,0,,,,,
2025-06-01,Entry CUV,buick,buick_envista,0,,,,,
2025-06-01,Entry CUV,chevrolet,chevrolet_trailblazer,0,,,,,
2025-06-01,Entry CUV,chevrolet,chevrolet_trax,0,,,,,
2025-06-01,Entry CUV,honda,honda_hr_v,0,,,,,
2025-06-01,Entry CUV,hyundai,hyundai_kona,0,,,,,
2025-06-01,Entry CUV,hyundai,hyundai_venue,0,,,,,
2025-06-01,Entry CUV,kia,kia_niro,0,,,,,
2025-06-01,Entry CUV,kia,kia_seltos,0,,,,,
2025-06-01,Entry CUV,kia,kia_soul,0,,,,,
2025-06-01,Entry CUV,mazda,mazda_cx_30,0,,,,,
2025-06-01,Entry CUV,mini,mini_countryman,0,,,,,
2025-06-01,Entry CUV,mitsubishi,mitsubishi_eclipse_cross,0,,,,,
2025-06-01,Entry CUV,mitsubishi,mitsubishi_outlander_sport,0,,,,,
2025-06-01,Entry CUV,nissan,nissan_kicks,0,,,,,
2025-06-01,Entry CUV,subaru,subaru_crosstrek,0,,,,,
2025-06-01,Entry CUV,toyota,toyota_corolla_cross,0,,,,,
2025-06-01,Entry CUV,volkswagen,volkswagen_taos,0,,,,,
2025-06-01,Mainstream EV Car,dodge,dodge_charger_daytona_ev,0,,,,,
2025-06-01,Mainstream EV Car,hyundai,hyundai_ioniq_6,0,,,,,
2025-06-01,Mainstream EV SUV,chevrolet,chevrolet_blazer_ev,0,,,,,
2025-06-01,Mainstream EV SUV,chevrolet,chevrolet_equinox_ev,0,,,,,
2025-06-01,Mainstream EV SUV,ford,ford_mustang_mach_e,0,,,,,
2025-06-01,Mainstream EV SUV,honda,honda_prologue,0,,,,,
2025-06-01,Mainstream EV SUV,hyundai,hyundai_ioniq_5,0,,,,,
2025-06-01,Mainstream EV SUV,hyundai,hyundai_ioniq_5_n,0,,,,,
2025-06-01,Mainstream EV SUV,kia,kia_ev6,0,,,,,
2025-06-01,Mainstream EV SUV,kia,kia_ev9,0,,,,,
2025-06-01,Mainstream EV SUV,nissan,nissan_ariya,0,,,,,
2025-06-01,Mainstream EV SUV,nissan,nissan_leaf,0,,,,,
2025-06-01,Mainstream EV SUV,subaru,subaru_solterra,0,,,,,
2025-06-01,Mainstream EV SUV,toyota,toyota_bz4x,0,,,,,
2025-06-01,Mainstream EV SUV,volkswagen,volkswagen_id_4,0,,,,,
2025-06-01,Midsize Car,honda,honda_accord,0,,,,,
2025-06-01,Midsize Car,hyundai,hyundai_sonata,0,,,,,
2025-06-01,Midsize Car,kia,kia_k5,0,,,,,
2025-06-01,Midsize Car,nissan,nissan_altima,0,,,,,
2025-06-01,Midsize Car,subaru,subaru_legacy,0,,,,,
2025-06-01,Midsize Car,toyota,toyota_camry,0,,,,,
2025-06-01,Midsize SUV,buick,buick_enclave,0,,,,,
2025-06-01,Midsize SUV,chevrolet,chevrolet_traverse,0,,,,,
2025-06-01,Midsize SUV,dodge,dodge_durango,0,,,,,
2025-06-01,Midsize SUV,ford,ford_explorer,0,,,,,
2025-06-01,Midsize SUV,gmc,gmc_acadia,0,,,,,
2025-06-01,Midsize SUV,honda,honda_pilot,0,,,,,
2025-06-01,Midsize SUV,hyundai,hyundai_palisade,0,,,,,
2025-06-01,Midsize SUV,jeep,jeep_grand_cherokee,0,,,,,
2025-06-01,Midsize SUV,jeep,jeep_grand_cherokee_l,0,,,,,
2025-06-01,Midsize SUV,kia,kia_telluride,0,,,,,
2025-06-01,Midsize SUV,mazda,mazda_cx_90,0,,,,,
2025-06-01,Midsize SUV,nissan,nissan_pathfinder,0,,,,,
2025-06-01,Midsize SUV,subaru,subaru_ascent,0,,,,,
2025-06-01,Midsize SUV,toyota,toyota_grand_highlander,0,,,,,
2025-06-01,Midsize SUV,toyota,toyota_highlander,0,,,,,
2025-06-01,Midsize SUV,toyota,toyota_land_cruiser,0,,,,,
2025-06-01,Midsize SUV,volkswagen,volkswagen_atlas,0,,,,,
2025-06-01,Sub-Compact SUV,chevrolet,chevrolet_equinox,0,,,,,
2025-06-01,Sub-Compact SUV,dodge,dodge_hornet,0,,,,,
2025-06-01,Sub-Compact SUV,ford,ford_bronco_sport,0,,,,,
2025-06-01,Sub-Compact SUV,ford,ford_escape,0,,,,,
2025-06-01,Sub-Compact SUV,gmc,gmc_terrain,0,,,,,
2025-06-01,Sub-Compact SUV,honda,honda_cr_v,0,,,,,
2025-06-01,Sub-Compact SUV,hyundai,hyundai_santa_cruz,0,,,,,
2025-06-01,Sub-Compact SUV,hyundai,hyundai_tucson,0,,,,,
2025-06-01,Sub-Compact SUV,jeep,jeep_compass,0,,,,,
2025-06-01,Sub-Compact SUV,kia,kia_sportage,0,,,,,
2025-06-01,Sub-Compact SUV,mazda,mazda_cx_5,0,,,,,
2025-06-01,Sub-Compact SUV,mazda,mazda_cx_50,0,,,,,
2025-06-01,Sub-Compact SUV,nissan,nissan_rogue,0,,,,,
2025-06-01,Sub-Compact SUV,subaru,subaru_forester,0,,,,,
2025-06-01,Sub-Compact SUV,toyota,toyota_rav4,0,,,,,
2025-06-01,Sub-Compact SUV,toyota,toyota_rav4_prime,0,,,,,
2025-06-01,Sub-Compact SUV,volkswagen,volkswagen_tiguan,0,,,,,
2025-07-01,Compact Car,toyota,toyota_prius_prime,4505,453.7271037367686,,,,
2025-07-01,Compact Car,subaru,subaru_wrx,2733,275.25775238903185,,,,
2025-07-01,Compact Car,subaru,subaru_impreza,2049,206.36777703809963,,,,
2025-07-01,Compact Car,hyundai,hyundai_elantra,1772,178.4693513477367,,,,
2025-07-01,Compact Car,kia,kia_k4,1205,121.36318756999026,,,,
2025-07-01,Compact Car,nissan,nissan_sentra,1064,107.16218387922791,,,,
2025-07-01,Compact Car,toyota,toyota_prius,1053,106.05430415867198,,,,
2025-07-01,Compact Car,toyota,toyota_corolla,705,71.00501845381173,,,,
2025-07-01,Compact Car,volkswagen,volkswagen_jetta,696,70.09857140972052,,,,
2025-07-01,Compact Car,honda,honda_civic,176,17.726075528894842,,,,
2025-07-01,Compact Car,volkswagen,volkswagen_golf,49,4.935100573385496,,,,
2025-07-01,Compact SUV,mazda,mazda_cx_70,9172,220.02677529383564,,,,
2025-07-01,Compact SUV,nissan,nissan_murano,7062,169.41006183221404,,,,
2025-07-01,Compact SUV,mitsubishi,mitsubishi_outlander,5925,142.13461007588052,,,,
2025-07-01,Compact SUV,jeep,jeep_wrangler,5595,134.2182520463378,,,,
2025-07-01,Compact SUV,subaru,subaru_outback,5524,132.51503562179983,,,,
2025-07-01,Compact SUV,hyundai,hyundai_santa_fe,4293,102.98462127523293,,,,
2025-07-01,Compact SUV,kia,kia_sorento,3755,90.07855879070571,,,,
2025-07-01,Compact SUV,ford,ford_bronco,2673,64.12250003929597,,,,
2025-07-01,Compact SUV,volkswagen,volkswagen_atlas_cross_sport,2506,60.11634309707284,,,,
2025-07-01,Compact SUV,chevrolet,chevrolet_blazer,1844,44.23564911053564,,,,
2025-07-01,Compact SUV,buick,buick_envision,1731,41.52489620951041,,,,
2025-07-01,Compact SUV,honda,honda_passport,1164,27.923153776932477,,,,
2025-07-01,Compact SUV,toyota,toyota_crown_signia,119,2.854686683380554,,,,
2025-07-01,Compact SUV,ford,ford_edge,0,0.0,,,,
2025-07-01,Compact SUV,toyota,toyota_4_runner,0,0.0,,,,
2025-07-01,Compact SUV,toyota,toyota_venza,0,0.0,,,,
2025-07-01,Entry CUV,kia,kia_niro,6468,511.40910120003116,,,,
2025-07-01,Entry CUV,mini,mini_countryman,4190,331.29315615771964,,,,
2025-07-01,Entry CUV,subaru,subaru_crosstrek,3065,242.34212974305743,,,,
2025-07-01,Entry CUV,mazda,mazda_cx_30,2188,172.99986292913854,,,,
2025-07-01,Entry CUV,hyundai,hyundai_kona,2092,165.40937534175404,,,,
2025-07-01,Entry CUV,mitsubishi,mitsubishi_eclipse_cross,1425,112.67130012523877,,,,
2025-07-01,Entry CUV,kia,kia_seltos,1337,105.71335317013632,,,,
2025-07-01,Entry CUV,volkswagen,volkswagen_taos,1276,100.89023084898574,,,,
2025-07-01,Entry CUV,mitsubishi,mitsubishi_outlander_sport,1098,86.8162017807103,,,,
2025-07-01,Entry CUV,nissan,nissan_kicks,952,75.27233524156303,,,,
2025-07-01,Entry CUV,hyundai,hyundai_venue,691,54.635697113361395,,,,
2025-07-01,Entry CUV,kia,kia_soul,608,48.073088053435214,,,,
2025-07-01,Entry CUV,chevrolet,chevrolet_trailblazer,507,40.08726257087443,,,,
2025-07-01,Entry CUV,honda,honda_hr_v,368,29.096869084973942,,,,
2025-07-01,Entry CUV,chevrolet,chevrolet_trax,224,17.711137703897183,,,,
2025-07-01,Entry CUV,toyota,toyota_corolla_cross,214,16.92046191354463,,,,
2025-07-01,Entry CUV,buick,buick_encore_gx,190,15.022840016698503,,,,
2025-07-01,Entry CUV,buick,buick_envista,141,11.148528643970995,,,,
2025-07-01,Mainstream EV Car,dodge,dodge_charger_daytona_ev,26608,123.91774284528589,,,,
2025-07-01,Mainstream EV Car,hyundai,hyundai_ioniq_6,14684,68.38575375601991,,,,
2025-07-01,Mainstream EV SUV,volkswagen,volkswagen_id_4,20900,157.83570949564304,,,,
2025-07-01,Mainstream EV SUV,hyundai,hyundai_ioniq_5,20718,156.46125499190106,,,,
2025-07-01,Mainstream EV SUV,kia,kia_ev6,15747,118.92052236497085,,,,
2025-07-01,Mainstream EV SUV,nissan,nissan_ariya,14601,110.26599016009014,,,,
2025-07-01,Mainstream EV SUV,kia,kia_ev9,12759,96.35530227056982,,,,
2025-07-01,Mainstream EV SUV,chevrolet,chevrolet_blazer_ev,12081,91.23508164673987,,,,
2025-07-01,Mainstream EV SUV,ford,ford_mustang_mach_e,12035,90.88769204689301,,,,
2025-07-01,Mainstream EV SUV,honda,honda_prologue,11483,86.71901684873058,,,,
2025-07-01,Mainstream EV SUV,subaru,subaru_solterra,9551,72.12865365516204,,,,
2025-07-01,Mainstream EV SUV,nissan,nissan_leaf,9440,71.2903874468359,,,,
2025-07-01,Mainstream EV SUV,chevrolet,chevrolet_equinox_ev,8666,65.44517983202117,,,,
2025-07-01,Mainstream EV SUV,hyundai,hyundai_ioniq_5_n,0,0.0,,,,
2025-07-01,Mainstream EV SUV,toyota,toyota_bz4x,0,0.0,,,,
2025-07-01,Midsize Car,honda,honda_accord,0,,,,,
2025-07-01,Midsize Car,hyundai,hyundai_sonata,0,,,,,
2025-07-01,Midsize Car,kia,kia_k5,0,,,,,
2025-07-01,Midsize Car,nissan,nissan_altima,0,,,,,
2025-07-01,Midsize Car,subaru,subaru_legacy,0,,,,,
2025-07-01,Midsize Car,toyota,toyota_camry,0,,,,,
2025-07-01,Midsize SUV,buick,buick_enclave,0,,,,,
2025-07-01,Midsize SUV,chevrolet,chevrolet_traverse,0,,,,,
2025-07-01,Midsize SUV,dodge,dodge_durango,0,,,,,
2025-07-01,Midsize SUV,ford,ford_explorer,0,,,,,
2025-07-01,Midsize SUV,gmc,gmc_acadia,0,,,,,
2025-07-01,Midsize SUV,honda,honda_pilot,0,,,,,
2025-07-01,Midsize SUV,hyundai,hyundai_palisade,0,,,,,
2025-07-01,Midsize SUV,jeep,jeep_grand_cherokee,0,,,,,
2025-07-01,Midsize SUV,jeep,jeep_grand_cherokee_l,0,,,,,
2025-07-01,Midsize SUV,kia,kia_telluride,0,,,,,
2025-07-01,Midsize SUV,mazda,mazda_cx_90,0,,,,,
2025-07-01,Midsize SUV,nissan,nissan_pathfinder,0,,,,,
2025-07-01,Midsize SUV,subaru,subaru_ascent,0,,,,,
2025-07-01,Midsize SUV,toyota,toyota_grand_highlander,0,,,,,
2025-07-01,Midsize SUV,toyota,toyota_highlander,0,,,,,
2025-07-01,Midsize SUV,toyota,toyota_land_cruiser,0,,,,,
2025-07-01,Midsize SUV,volkswagen,volkswagen_atlas,0,,,,,
2025-07-01,Sub-Compact SUV,dodge,dodge_hornet,4570,250.64936590486136,,,,
2025-07-01,Sub-Compact SUV,mazda,mazda_cx_50,4112,225.5295826259934,,,,
2025-07-01,Sub-Compact SUV,nissan,nissan_rogue,3287,180.28106471100205,,,,
2025-07-01,Sub-Compact SUV,hyundai,hyundai_tucson,2795,153.29649402715262,,,,
2025-07-01,Sub-Compact SUV,jeep,jeep_compass,2370,129.98665146488435,,,,
2025-07-01,Sub-Compact SUV,kia,kia_sportage,2199,120.60786775159522,,,,
2025-07-01,Sub-Compact SUV,mazda,mazda_cx_5,2165,118.74308034661375,,,,
2025-07-01,Sub-Compact SUV,volkswagen,volkswagen_tiguan,2058,112.87448468976032,,,,
2025-07-01,Sub-Compact SUV,subaru,subaru_forester,1944,106.62196221423424,,,,
2025-07-01,Sub-Compact SUV,ford,ford_escape,1901,104.26355461381651,,,,
2025-07-01,Sub-Compact SUV,hyundai,hyundai_santa_cruz,1573,86.27384082458357,,,,
2025-07-01,Sub-Compact SUV,ford,ford_bronco_sport,1446,79.30831140009398,,,,
2025-07-01,Sub-Compact SUV,toyota,toyota_rav4,1182,64.82878566729674,,,,
2025-07-01,Sub-Compact SUV,honda,honda_cr_v,730,40.03808251871965,,,,
2025-07-01,Sub-Compact SUV,gmc,gmc_terrain,408,22.37744885977756,,,,
2025-07-01,Sub-Compact SUV,chevrolet,chevrolet_equinox,289,15.850692942342436,,,,
2025-07-01,Sub-Compact SUV,toyota,toyota_rav4_prime,0,0.0,,,,
2025-08-01,Compact Car,toyota,toyota_prius_prime,3646,387.88520609903867,-0.190677025527192,,-65.84189763772991,
2025-08-01,Compact Car,subaru,subaru_wrx,2479,263.7321519252652,-0.09293816319063297,,-11.525600463766636,
2025-08-01,Compact Car,subaru,subaru_impreza,2049,217.98595372927326,0.0,,11.61817669117363,
2025-08-01,Compact Car,hyundai,hyundai_elantra,1552,165.11185953530116,-0.12415349887133187,,-13.35749181243554,
2025-08-01,Compact Car,kia,kia_k4,1215,129.2596065305354,0.008298755186721962,,7.896418960545134,
2025-08-01,Compact Car,nissan,nissan_sentra,1124,119.57843435417429,0.0563909774436091,,12.41625047494638,
2025-08-01,Compact Car,toyota,toyota_prius,922,98.08835985280133,-0.12440645773979109,,-7.96594430587065,
2025-08-01,Compact Car,volkswagen,volkswagen_jetta,804,85.53475197576168,0.15517241379310343,,15.436180566041159,
2025-08-01,Compact Car,toyota,toyota_corolla,750,79.78988057440456,0.06382978723404253,,8.784862120592834,
2025-08-01,Compact Car,honda,honda_civic,104,11.064196772984099,-0.40909090909090906,,-6.6618787559107435,
2025-08-01,Compact Car,volkswagen,volkswagen_golf,33,3.5107547452738004,-0.326530612244898,,-1.4243458281116954,
2025-08-01,Compact SUV,mazda,mazda_cx_70,9155,241.52814307643683,-0.0018534670737025971,,21.501367782601193,
2025-08-01,Compact SUV,nissan,nissan_murano,7489,197.5755612779285,0.060464457660719395,,28.16549944571446,
2025-08-01,Compact SUV,mitsubishi,mitsubishi_outlander,6154,162.35545521489811,0.038649789029535864,,20.220845139017598,
2025-08-01,Compact SUV,subaru,subaru_outback,5211,137.47713310445792,-0.056661839246922474,,4.962097482658095,
2025-08-01,Compact SUV,jeep,jeep_wrangler,4978,131.33010335712754,-0.11027703306523684,,-2.8881486892102544,
2025-08-01,Compact SUV,hyundai,hyundai_santa_fe,3676,96.98060665745295,-0.14372233869089213,,-6.004014617779973,
2025-08-01,Compact SUV,kia,kia_sorento,3401,89.7255286294879,-0.09427430093209055,,-0.3530301612178164,
2025-08-01,Compact SUV,volkswagen,volkswagen_atlas_cross_sport,2374,62.63110995777838,-0.05267358339984041,,2.514766860705535,
2025-08-01,Compact SUV,ford,ford_bronco,1839,48.51668543064635,-0.31200897867564537,,-15.605814608649624,
2025-08-01,Compact SUV,buick,buick_envision,1676,44.21640281770706,-0.031773541305603725,,2.6915066081966543,
2025-08-01,Compact SUV,chevrolet,chevrolet_blazer,1607,42.396037785235826,-0.12852494577006512,,-1.8396113252998134,
2025-08-01,Compact SUV,honda,honda_passport,1137,29.99644988289554,-0.023195876288659822,,2.0732961059630632,
2025-08-01,Compact SUV,toyota,toyota_crown_signia,79,2.084186051669963,-0.33613445378151263,,-0.7705006317105911,
2025-08-01,Compact SUV,ford,ford_edge,0,0.0,,,0.0,
2025-08-01,Compact SUV,toyota,toyota_4_runner,0,0.0,,,0.0,
2025-08-01,Compact SUV,toyota,toyota_venza,0,0.0,,,0.0,
2025-08-01,Entry CUV,kia,kia_niro,6185,500.0315576280854,-0.043753865182436624,,-11.37754357194575,
2025-08-01,Entry CUV,mini,mini_countryman,3252,262.9106912540879,-0.22386634844868736,,-68.38246490363173,
2025-08-01,Entry CUV,subaru,subaru_crosstrek,3136,253.5325731158732,0.02316476345840135,,11.190443372815764,
2025-08-01,Entry CUV,mazda,mazda_cx_30,2118,171.23150186843733,-0.03199268738574035,,-1.76836106070121,
2025-08-01,Entry CUV,hyundai,hyundai_kona,1957,158.21532065936347,-0.06453154875717015,,-7.194054682390572,
2025-08-01,Entry CUV,kia,kia_seltos,1386,112.05234258246182,0.03664921465968596,,6.338989412325503,
2025-08-01,Entry CUV,mitsubishi,mitsubishi_eclipse_cross,1269,102.59337859822803,-0.10947368421052628,,-10.077921527010744,
2025-08-01,Entry CUV,volkswagen,volkswagen_taos,1254,101.38069090794164,-0.017241379310344862,,0.49046005895590383,
2025-08-01,Entry CUV,nissan,nissan_kicks,804,65.00006019935014,-0.15546218487394958,,-10.272275042212883,
2025-08-01,Entry CUV,hyundai,hyundai_venue,694,56.107017137250004,0.004341534008682979,,1.4713200238886088,
2025-08-01,Entry CUV,kia,kia_soul,665,53.762487602696325,0.09375,,5.689399549261111,
2025-08-01,Entry CUV,honda,honda_hr_v,417,33.71271778996146,0.13315217391304346,,4.615848704987517,
2025-08-01,Entry CUV,chevrolet,chevrolet_trailblazer,374,30.23634641114049,-0.26232741617357,,-9.850916159733938,
2025-08-01,Entry CUV,chevrolet,chevrolet_trax,199,16.088323357799354,-0.1116071428571429,,-1.6228143460978295,
2025-08-01,Entry CUV,mitsubishi,mitsubishi_outlander_sport,144,11.64180182674928,-0.8688524590163934,,-75.17439995396103,
2025-08-01,Entry CUV,toyota,toyota_corolla_cross,136,10.995035058596542,-0.36448598130841126,,-5.925426854948089,
2025-08-01,Entry CUV,buick,buick_envista,126,10.18657659840562,-0.1063829787234043,,-0.9619520455653738,
2025-08-01,Entry CUV,buick,buick_encore_gx,100,8.084584601909222,-0.4736842105263158,,-6.93825541478928,
2025-08-01,Mainstream EV Car,dodge,dodge_charger_daytona_ev,30977,124.14179335248008,0.16419873722188805,,0.2240505071941925,
2025-08-01,Mainstream EV Car,hyundai,hyundai_ioniq_6,14683,58.84281730943813,-6.810133478618585e-05,,-9.542936446581777,
2025-08-01,Mainstream EV SUV,volkswagen,volkswagen_id_4,22583,166.38223863712756,0.08052631578947378,,8.546529141484513,
2025-08-01,Mainstream EV SUV,hyundai,hyundai_ioniq_5,21025,154.90353661363002,0.014818032628632016,,-1.5577183782710335,
2025-08-01,Mainstream EV SUV,kia,kia_ev6,15992,117.8224664696871,0.015558519082999878,,-1.0980558952837498,
2025-08-01,Mainstream EV SUV,nissan,nissan_ariya,15841,116.70996068948932,0.0849256900212314,,6.443970529399181,
2025-08-01,Mainstream EV SUV,ford,ford_mustang_mach_e,14634,107.81728203585548,0.21595346904860824,,16.929589988962476,
2025-08-01,Mainstream EV SUV,kia,kia_ev9,13685,100.8254410728907,0.07257622070695202,,4.470138802320875,
2025-08-01,Mainstream EV SUV,honda,honda_prologue,11504,84.75673175758382,0.0018287903857876486,,-1.9622850911467538,
2025-08-01,Mainstream EV SUV,chevrolet,chevrolet_blazer_ev,11140,82.07492974439184,-0.07789090307093782,,-9.160151902348034,
2025-08-01,Mainstream EV SUV,subaru,subaru_solterra,9502,70.00682068502793,-0.0051303528426343,,-2.1218329701341077,
2025-08-01,Mainstream EV SUV,chevrolet,chevrolet_equinox_ev,7943,58.52075107358208,-0.08342949457650584,,-6.924428758439085,
2025-08-01,Mainstream EV SUV,nissan,nissan_leaf,7750,57.098806599554464,-0.17902542372881358,,-14.191580847281429,
2025-08-01,Mainstream EV SUV,hyundai,hyundai_ioniq_5_n,0,0.0,,,0.0,
2025-08-01,Mainstream EV SUV,toyota,toyota_bz4x,0,0.0,,,0.0,
2025-08-01,Midsize Car,honda,honda_accord,0,,,,,
2025-08-01,Midsize Car,hyundai,hyundai_sonata,0,,,,,
2025-08-01,Midsize Car,kia,kia_k5,0,,,,,
2025-08-01,Midsize Car,nissan,nissan_altima,0,,,,,
2025-08-01,Midsize Car,subaru,subaru_legacy,0,,,,,
2025-08-01,Midsize Car,toyota,toyota_camry,0,,,,,
2025-08-01,Midsize SUV,buick,buick_enclave,0,,,,,
2025-08-01,Midsize SUV,chevrolet,chevrolet_traverse,0,,,,,
2025-08-01,Midsize SUV,dodge,dodge_durango,0,,,,,
2025-08-01,Midsize SUV,ford,ford_explorer,0,,,,,
2025-08-01,Midsize SUV,gmc,gmc_acadia,0,,,,,
2025-08-01,Midsize SUV,honda,honda_pilot,0,,,,,
2025-08-01,Midsize SUV,hyundai,hyundai_palisade,0,,,,,
2025-08-01,Midsize SUV,jeep,jeep_grand_cherokee,0,,,,,
2025-08-01,Midsize SUV,jeep,jeep_grand_cherokee_l,0,,,,,
2025-08-01,Midsize SUV,kia,kia_telluride,0,,,,,
2025-08-01,Midsize SUV,mazda,mazda_cx_90,0,,,,,
2025-08-01,Midsize SUV,nissan,nissan_pathfinder,0,,,,,
2025-08-01,Midsize SUV,subaru,subaru_ascent,0,,,,,
2025-08-01,Midsize SUV,toyota,toyota_grand_highlander,0,,,,,
2025-08-01,Midsize SUV,toyota,toyota_highlander,0,,,,,
2025-08-01,Midsize SUV,toyota,toyota_land_cruiser,0,,,,,
2025-08-01,Midsize SUV,volkswagen,volkswagen_atlas,0,,,,,
2025-08-01,Sub-Compact SUV,dodge,dodge_hornet,8023,438.2260205425914,0.7555798687089716,,187.57665463773006,
2025-08-01,Sub-Compact SUV,mazda,mazda_cx_50,4134,225.8041093011433,0.005350194552529164,,0.27452667514990026,
2025-08-01,Sub-Compact SUV,nissan,nissan_rogue,3050,166.59471053906316,-0.07210222087009432,,-13.686354171938888,
2025-08-01,Sub-Compact SUV,hyundai,hyundai_tucson,2488,135.8975868266194,-0.10983899821109122,,-17.398907200533216,
2025-08-01,Sub-Compact SUV,kia,kia_sportage,2452,133.93122303009275,0.11505229649840842,,13.32335527849753,
2025-08-01,Sub-Compact SUV,volkswagen,volkswagen_tiguan,2033,111.04493328718539,-0.012147716229348848,,-1.8295514025749355,
2025-08-01,Sub-Compact SUV,mazda,mazda_cx_5,2008,109.67940287293077,-0.07251732101616626,,-9.063677473682986,
2025-08-01,Sub-Compact SUV,jeep,jeep_compass,1964,107.27606934384264,-0.17130801687763708,,-22.71058212104171,
2025-08-01,Sub-Compact SUV,subaru,subaru_forester,1955,106.78447839471099,0.005658436213991758,,0.162516180476743,
2025-08-01,Sub-Compact SUV,ford,ford_bronco_sport,1927,105.25508433074582,0.33264177040110643,,25.946772930651832,
2025-08-01,Sub-Compact SUV,ford,ford_escape,1801,98.37281104290254,-0.05260389268805887,,-5.890743570913969,
2025-08-01,Sub-Compact SUV,toyota,toyota_rav4,1434,78.32682456164478,0.21319796954314718,,13.498038894348042,
2025-08-01,Sub-Compact SUV,hyundai,hyundai_santa_cruz,1353,73.90250601945982,-0.1398601398601399,,-12.371334805123752,
2025-08-01,Sub-Compact SUV,honda,honda_cr_v,627,34.24750278950577,-0.14109589041095894,,-5.790579729213874,
2025-08-01,Sub-Compact SUV,gmc,gmc_terrain,466,25.453486921706045,0.14215686274509798,,3.076038061928486,
2025-08-01,Sub-Compact SUV,chevrolet,chevrolet_equinox,282,15.40318307279207,-0.02422145328719727,,-0.4475098695503661,
2025-08-01,Sub-Compact SUV,toyota,toyota_rav4_prime,0,0.0,,,0.0,
2025-09-01,Compact Car,toyota,toyota_prius_prime,5121,491.30664107994227,0.40455293472298415,,103.4214349809036,
2025-09-01,Compact Car,subaru,subaru_wrx,3398,326.00272727780583,0.37071399757966916,,62.27057535254062,
2025-09-01,Compact Car,subaru,subaru_impreza,2371,227.47276820944018,0.15714982918496823,,9.486814480166913,
2025-09-01,Compact Car,toyota,toyota_prius,2210,212.02649419774895,1.3969631236442517,,113.93813434494761,
2025-09-01,Compact Car,hyundai,hyundai_elantra,1902,182.47710043625273,0.22551546391752586,,17.365240900951562,
2025-09-01,Compact Car,kia,kia_k4,1245,119.4447897177364,0.024691358024691468,,-9.814816812798995,
2025-09-01,Compact Car,nissan,nissan_sentra,1007,96.61116726567113,-0.10409252669039148,,-22.967267088503164,
2025-09-01,Compact Car,toyota,toyota_corolla,777,74.54506153468368,0.03600000000000003,,-5.2448190397208805,
2025-09-01,Compact Car,volkswagen,volkswagen_jetta,538,51.615499492483686,-0.3308457711442786,,-33.919252483277994,
2025-09-01,Compact Car,honda,honda_civic,361,34.63419203863682,2.4711538461538463,,23.56999526565272,
2025-09-01,Compact Car,volkswagen,volkswagen_golf,33,3.166006474446025,0.0,,-0.34474827082777537,
2025-09-01,Compact SUV,mazda,mazda_cx_70,8394,268.01806207801354,-0.08312397596941556,,26.48991900157671,
2025-09-01,Compact SUV,nissan,nissan_murano,7545,240.90973056690635,0.007477633862999156,,43.33416928897785,
2025-09-01,Compact SUV,mitsubishi,mitsubishi_outlander,5689,181.648171927784,-0.07556061098472533,,19.29271671288589,
2025-09-01,Compact SUV,subaru,subaru_outback,5236,167.18400917804132,0.004797543657647285,,29.706876073583402,
2025-09-01,Compact SUV,jeep,jeep_wrangler,3398,108.49718548261734,-0.3173965447971073,,-22.8329178745102,
2025-09-01,Compact SUV,kia,kia_sorento,3350,106.9645589660883,-0.014995589532490472,,17.239030336600408,
2025-09-01,Compact SUV,hyundai,hyundai_santa_fe,2165,69.12784183927796,-0.4110446137105549,,-27.85276481817499,
2025-09-01,Compact SUV,volkswagen,volkswagen_atlas_cross_sport,2016,64.37031369421912,-0.1508003369839933,,1.7392037364407429,
2025-09-01,Compact SUV,ford,ford_bronco,1837,58.65489397632962,-0.0010875475802066825,,10.13820854568327,
2025-09-01,Compact SUV,chevrolet,chevrolet_blazer,1718,54.85525740410141,0.06907280647168634,,12.459219618865582,
2025-09-01,Compact SUV,buick,buick_envision,1717,54.82332768500705,0.02446300715990457,,10.606924867299988,
2025-09-01,Compact SUV,honda,honda_passport,1101,35.154620722884545,-0.0316622691292876,,5.158170839989005,
2025-09-01,Compact SUV,toyota,toyota_crown_signia,257,8.205937807249162,2.2531645569620253,,6.121751755579199,
2025-09-01,Compact SUV,ford,ford_edge,0,0.0,,,0.0,
2025-09-01,Compact SUV,toyota,toyota_4_runner,0,0.0,,,0.0,
2025-09-01,Compact SUV,toyota,toyota_venza,0,0.0,,,0.0,
2025-09-01,Entry CUV,kia,kia_niro,6068,442.1845705991498,-0.01891673403395311,,-57.84698702893559,
2025-09-01,Entry CUV,subaru,subaru_crosstrek,3346,243.82820916690102,0.06696428571428581,,-9.704363948972173,
2025-09-01,Entry CUV,mini,mini_countryman,3287,239.52878766634896,0.010762607626076282,,-23.381903587738947,
2025-09-01,Entry CUV,mazda,mazda_cx_30,1861,135.6139561445316,-0.12134088762983952,,-35.61754572390572,
2025-09-01,Entry CUV,mitsubishi,mitsubishi_outlander_sport,1589,115.7928943114781,10.034722222222221,,104.15109248472882,
2025-09-01,Entry CUV,kia,kia_seltos,1273,92.76548424072475,-0.08152958152958156,,-19.286858341737073,
2025-09-01,Entry CUV,volkswagen,volkswagen_taos,1272,92.69261268986793,0.014354066985645897,,-8.688078218073713,
2025-09-01,Entry CUV,mitsubishi,mitsubishi_eclipse_cross,1149,83.72941193447976,-0.09456264775413714,,-18.863966663748272,
2025-09-01,Entry CUV,hyundai,hyundai_kona,1083,78.91988957793001,-0.44660194174757284,,-79.29543108143346,
2025-09-01,Entry CUV,honda,honda_hr_v,835,60.84774496544003,1.0023980815347722,,27.13502717547857,
2025-09-01,Entry CUV,buick,buick_encore_gx,781,56.91268121917205,6.81,,48.82809661726283,
2025-09-01,Entry CUV,kia,kia_soul,722,52.61325971862,0.08571428571428563,,-1.1492278840763248,
2025-09-01,Entry CUV,hyundai,hyundai_venue,693,50.49998474377239,-0.0014409221902017544,,-5.607032393477617,
2025-09-01,Entry CUV,nissan,nissan_kicks,564,41.099554683243326,-0.29850746268656714,,-23.90050551610682,
2025-09-01,Entry CUV,chevrolet,chevrolet_trailblazer,377,27.472574673019032,0.008021390374331583,,-2.7637717381214593,
2025-09-01,Entry CUV,chevrolet,chevrolet_trax,214,15.594511883358283,0.07537688442211055,,-0.49381147444107043,
2025-09-01,Entry CUV,toyota,toyota_corolla_cross,195,14.20995241707881,0.4338235294117647,,3.2149173584822677,
2025-09-01,Entry CUV,buick,buick_envista,128,9.327558509672244,0.015873015873015817,,-0.8590180887333769,
2025-09-01,Mainstream EV Car,dodge,dodge_charger_daytona_ev,31750,126.06243096334241,0.024953998127642985,,1.9206376108623289,
2025-09-01,Mainstream EV Car,hyundai,hyundai_ioniq_6,15163,60.20424065187908,0.032690866989034895,,1.3614233424409505,
2025-09-01,Mainstream EV SUV,volkswagen,volkswagen_id_4,22937,179.581385795493,0.015675508125581272,,13.199147158365435,
2025-09-01,Mainstream EV SUV,hyundai,hyundai_ioniq_5,20367,159.46000281191115,-0.031296076099881054,,4.556466198281129,
2025-09-01,Mainstream EV SUV,nissan,nissan_ariya,17176,134.47660471828868,0.0842749826399849,,17.766644028799362,
2025-09-01,Mainstream EV SUV,kia,kia_ev6,16494,129.13700036233428,0.031390695347673914,,11.314533892647177,
2025-09-01,Mainstream EV SUV,ford,ford_mustang_mach_e,16326,127.82167260309625,0.1156211562115621,,20.004390567240762,
2025-09-01,Mainstream EV SUV,kia,kia_ev9,14098,110.37792112939182,0.030179028132992336,,9.552480056501125,
2025-09-01,Mainstream EV SUV,honda,honda_prologue,12360,96.77054228679833,0.0744089012517386,,12.01381052921451,
2025-09-01,Mainstream EV SUV,chevrolet,chevrolet_blazer_ev,9725,76.14025272970177,-0.12701974865350085,,-5.934677014690067,
2025-09-01,Mainstream EV SUV,subaru,subaru_solterra,8718,68.25611550617378,-0.08250894548516097,,-1.7507051788541474,
2025-09-01,Mainstream EV SUV,nissan,nissan_leaf,8717,68.24828617427355,0.12477419354838704,,11.14947957471908,
2025-09-01,Mainstream EV SUV,chevrolet,chevrolet_equinox_ev,5453,42.69334685193457,-0.3134835704393806,,-15.827404221647512,
2025-09-01,Mainstream EV SUV,hyundai,hyundai_ioniq_5_n,0,0.0,,,0.0,
2025-09-01,Mainstream EV SUV,jeep,jeep_wagoneer_s,0,0.0,,,,
2025-09-01,Mainstream EV SUV,toyota,toyota_bz4x,0,0.0,,,0.0,
2025-09-01,Midsize Car,honda,honda_accord,0,,,,,
2025-09-01,Midsize Car,hyundai,hyundai_sonata,0,,,,,
2025-09-01,Midsize Car,kia,kia_k5,0,,,,,
2025-09-01,Midsize Car,nissan,nissan_altima,0,,,,,
2025-09-01,Midsize Car,subaru,subaru_legacy,0,,,,,
2025-09-01,Midsize Car,toyota,toyota_camry,0,,,,,
2025-09-01,Midsize SUV,buick,buick_enclave,0,,,,,
2025-09-01,Midsize SUV,chevrolet,chevrolet_traverse,0,,,,,
2025-09-01,Midsize SUV,dodge,dodge_durango,0,,,,,
2025-09-01,Midsize SUV,ford,ford_explorer,0,,,,,
2025-09-01,Midsize SUV,gmc,gmc_acadia,0,,,,,
2025-09-01,Midsize SUV,honda,honda_pilot,0,,,,,
2025-09-01,Midsize SUV,hyundai,hyundai_palisade,0,,,,,
2025-09-01,Midsize SUV,jeep,jeep_grand_cherokee,0,,,,,
2025-09-01,Midsize SUV,jeep,jeep_grand_cherokee_l,0,,,,,
2025-09-01,Midsize SUV,kia,kia_telluride,0,,,,,
2025-09-01,Midsize SUV,mazda,mazda_cx_90,0,,,,,
2025-09-01,Midsize SUV,nissan,nissan_pathfinder,0,,,,,
2025-09-01,Midsize SUV,subaru,subaru_ascent,0,,,,,
2025-09-01,Midsize SUV,toyota,toyota_grand_highlander,0,,,,,
2025-09-01,Midsize SUV,toyota,toyota_highlander,0,,,,,
2025-09-01,Midsize SUV,toyota,toyota_land_cruiser,0,,,,,
2025-09-01,Midsize SUV,volkswagen,volkswagen_atlas,0,,,,,
2025-09-01,Sub-Compact SUV,dodge,dodge_hornet,8664,431.6104461845605,0.0798953010095973,,-6.615574358030926,
2025-09-01,Sub-Compact SUV,mazda,mazda_cx_50,4107,204.59650305632385,-0.006531204644412147,,-21.20760624481946,
2025-09-01,Sub-Compact SUV,volkswagen,volkswagen_tiguan,3028,150.84446341722636,0.4894244958189866,,39.79953013004098,
2025-09-01,Sub-Compact SUV,nissan,nissan_rogue,2869,142.92363459181718,-0.05934426229508194,,-23.67107594724598,
2025-09-01,Sub-Compact SUV,subaru,subaru_forester,2794,139.1873945798317,0.429156010230179,,32.402916185120716,
2025-09-01,Sub-Compact SUV,hyundai,hyundai_tucson,2784,138.68922924490033,0.11897106109324751,,2.7916424182809294,
2025-09-01,Sub-Compact SUV,kia,kia_sportage,2322,115.67399077106988,-0.05301794453507336,,-18.25723225902287,
2025-09-01,Sub-Compact SUV,mazda,mazda_cx_5,2190,109.09820834997547,0.0906374501992031,,-0.5811945229553004,
2025-09-01,Sub-Compact SUV,ford,ford_bronco_sport,2129,106.05939980689396,0.10482615464452527,,0.8043154761481475,
2025-09-01,Sub-Compact SUV,ford,ford_escape,1827,91.01480669196583,0.014436424208772891,,-7.35800435093671,
2025-09-01,Sub-Compact SUV,toyota,toyota_rav4,1513,75.37241517512004,0.055090655509065556,,-2.9544093865247447,
2025-09-01,Sub-Compact SUV,hyundai,hyundai_santa_cruz,1194,59.48094099080854,-0.1175166297117517,,-14.42156502865128,
2025-09-01,Sub-Compact SUV,jeep,jeep_compass,1090,54.30002150752204,-0.445010183299389,,-52.976047836320596,
2025-09-01,Sub-Compact SUV,honda,honda_cr_v,1044,52.00846096683762,0.6650717703349283,,17.760958177331844,
2025-09-01,Sub-Compact SUV,chevrolet,chevrolet_equinox,752,37.46203318684089,1.6666666666666665,,22.058850114048823,
2025-09-01,Sub-Compact SUV,gmc,gmc_terrain,4,0.19926613397255794,-0.9914163090128756,,-25.254220787733487,
2025-09-01,Sub-Compact SUV,toyota,toyota_rav4_prime,0,0.0,,,0.0,
2025-10-01,Compact Car,subaru,subaru_wrx,4503,430.05645122038624,0.32519128899352556,,104.0537239425804,
2025-10-01,Compact Car,toyota,toyota_prius_prime,2195,209.632225278425,-0.5713727787541496,,-281.6744158015173,
2025-10-01,Compact Car,subaru,subaru_impreza,2153,205.62103919109296,-0.09194432728806412,,-21.851729018347214,
2025-10-01,Compact Car,hyundai,hyundai_elantra,2070,197.6941714470796,0.08832807570977907,,15.217071010826885,
2025-10-01,Compact Car,kia,kia_k4,1243,118.71200729889853,-0.0016064257028112205,,-0.7327824188378713,
2025-10-01,Compact Car,nissan,nissan_sentra,1110,106.00991802234704,0.10228401191658398,,9.39875075667591,
2025-10-01,Compact Car,toyota,toyota_prius,1015,96.93699711052454,-0.5407239819004526,,-115.0894970872244,
2025-10-01,Compact Car,toyota,toyota_corolla,864,82.51582808225932,0.11196911196911197,,7.970766547575636,
2025-10-01,Compact Car,honda,honda_civic,392,37.437736815099136,0.08587257617728539,,2.803544776462317,
2025-10-01,Compact Car,volkswagen,volkswagen_jetta,392,37.437736815099136,-0.27137546468401486,,-14.17776267738455,
2025-10-01,Compact Car,volkswagen,volkswagen_golf,33,3.151646211475182,0.0,,-0.014360262970842808,
2025-10-01,Compact SUV,nissan,nissan_murano,5218,201.34494515558734,-0.30841616964877405,,-39.56478541131901,
2025-10-01,Compact SUV,subaru,subaru_outback,4993,192.66295729433645,-0.04640947288006114,,25.47894811629513,
2025-10-01,Compact SUV,mitsubishi,mitsubishi_outlander,4544,175.33756818455132,-0.20126560028124452,,-6.31060374323269,
2025-10-01,Compact SUV,hyundai,hyundai_santa_fe,3538,136.5194357915807,0.6341801385681294,,67.39159395230273,
2025-10-01,Compact SUV,kia,kia_sorento,3183,122.8211882771626,-0.04985074626865671,,15.8566293110743,
2025-10-01,Compact SUV,mazda,mazda_cx_70,2184,84.27316217320865,-0.7398141529664046,,-183.7448999048049,
2025-10-01,Compact SUV,ford,ford_bronco,1879,72.50424529462411,0.02286336418072943,,13.849351318294495,
2025-10-01,Compact SUV,jeep,jeep_wrangler,1775,68.49123757209036,-0.47763390229546787,,-40.005947910526984,
2025-10-01,Compact SUV,buick,buick_envision,1686,65.05702904030667,-0.01805474665113571,,10.233701355299623,
2025-10-01,Compact SUV,chevrolet,chevrolet_blazer,1248,48.156092670404945,-0.27357392316647267,,-6.699164733696463,
2025-10-01,Compact SUV,volkswagen,volkswagen_atlas_cross_sport,1197,46.18817542185474,-0.40625,,-18.182138272364384,
2025-10-01,Compact SUV,honda,honda_passport,1119,43.17841962995443,0.016348773841961872,,8.023798907069889,
2025-10-01,Compact SUV,toyota,toyota_crown_signia,159,6.1352714219506295,-0.38132295719844356,,-2.0706663852985328,
2025-10-01,Compact SUV,ford,ford_edge,0,0.0,,,0.0,
2025-10-01,Compact SUV,toyota,toyota_4_runner,0,0.0,,,0.0,
2025-10-01,Compact SUV,toyota,toyota_venza,0,0.0,,,0.0,
2025-10-01,Entry CUV,kia,kia_niro,5806,475.0906679595099,-0.0431773236651285,,32.90609736036009,
2025-10-01,Entry CUV,mini,mini_countryman,3313,271.0946233120662,0.00790994828110736,,31.565835645717215,
2025-10-01,Entry CUV,subaru,subaru_crosstrek,2856,233.6994398367827,-0.14644351464435146,,-10.128769330118331,
2025-10-01,Entry CUV,mitsubishi,mitsubishi_outlander_sport,2159,176.6656479718536,0.3587161736941473,,60.872753660375494,
2025-10-01,Entry CUV,mitsubishi,mitsubishi_eclipse_cross,2138,174.9472697377596,0.8607484769364664,,91.21785780327984,
2025-10-01,Entry CUV,hyundai,hyundai_kona,1543,126.25988643842986,0.42474607571560474,,47.33999686049985,
2025-10-01,Entry CUV,mazda,mazda_cx_30,1344,109.97620698201538,-0.27780763030628697,,-25.63774916251623,
2025-10-01,Entry CUV,kia,kia_seltos,1244,101.79345348632971,-0.02278083267871167,,9.027969245604964,
2025-10-01,Entry CUV,volkswagen,volkswagen_taos,1078,88.2100826834915,-0.15251572327044027,,-4.482530006376422,
2025-10-01,Entry CUV,buick,buick_encore_gx,1025,83.8732233307781,0.31241997439180547,,26.960542111606053,
2025-10-01,Entry CUV,honda,honda_hr_v,864,70.69899020272418,0.03473053892215572,,9.851245237284147,
2025-10-01,Entry CUV,kia,kia_soul,688,56.2973440503174,-0.047091412742382266,,3.684084331697399,
2025-10-01,Entry CUV,nissan,nissan_kicks,626,51.22403688299229,0.10992907801418439,,10.124482199748961,
2025-10-01,Entry CUV,hyundai,hyundai_venue,489,40.01366459390292,-0.2943722943722944,,-10.48632014986947,
2025-10-01,Entry CUV,chevrolet,chevrolet_trailblazer,363,29.703395189338977,-0.037135278514588865,,2.2308205163199446,
2025-10-01,Entry CUV,chevrolet,chevrolet_trax,193,15.79271424667334,-0.09813084112149528,,0.19820236331505647,
2025-10-01,Entry CUV,buick,buick_envista,115,9.41016652003852,-0.1015625,,0.08260801036627541,
2025-10-01,Entry CUV,toyota,toyota_corolla_cross,101,8.264581030642525,-0.482051282051282,,-5.945371386436285,
2025-10-01,Mainstream EV Car,hyundai,hyundai_ioniq_6,16383,156.20957981011253,0.08045901206885175,,96.00533915823345,
2025-10-01,Mainstream EV Car,dodge,dodge_charger_daytona_ev,4237,40.3991936553407,-0.8665511811023622,,-85.6632373080017,
2025-10-01,Mainstream EV SUV,kia,kia_ev6,15996,190.4828551983628,-0.030192797380865777,,61.345854836028536,
2025-10-01,Mainstream EV SUV,kia,kia_ev9,14081,167.6787374373685,-0.0012058448006809774,,57.30081630797669,
2025-10-01,Mainstream EV SUV,ford,ford_mustang_mach_e,11670,138.96817455394435,-0.2851892686512312,,11.146501950848105,
2025-10-01,Mainstream EV SUV,subaru,subaru_solterra,11627,138.45612386792726,0.3336774489561827,,70.20000836175348,
2025-10-01,Mainstream EV SUV,volkswagen,volkswagen_id_4,10578,125.96446876020767,-0.5388237345773205,,-53.616917035285326,
2025-10-01,Mainstream EV SUV,chevrolet,chevrolet_blazer_ev,6783,80.77301868032602,-0.30251928020565555,,4.632765950624247,
2025-10-01,Mainstream EV SUV,hyundai,hyundai_ioniq_5,6754,80.42768217115169,-0.6683851328128836,,-79.03232064075947,
2025-10-01,Mainstream EV SUV,honda,honda_prologue,5719,68.10274124027488,-0.5372977346278317,,-28.66780104652345,
2025-10-01,Mainstream EV SUV,chevrolet,chevrolet_equinox_ev,3390,40.36864710692985,-0.37832385842655414,,-2.3246997450047218,
2025-10-01,Mainstream EV SUV,nissan,nissan_ariya,1770,21.077435215122666,-0.8969492314857941,,-113.39916950316602,
2025-10-01,Mainstream EV SUV,nissan,nissan_leaf,894,10.645891006960262,-0.8974417804290467,,-57.60239516731328,
2025-10-01,Mainstream EV SUV,hyundai,hyundai_ioniq_5_n,0,0.0,,,0.0,
2025-10-01,Mainstream EV SUV,jeep,jeep_wagoneer_s,0,0.0,,,0.0,
2025-10-01,Mainstream EV SUV,toyota,toyota_bz4x,0,0.0,,,0.0,
2025-10-01,Midsize Car,honda,honda_accord,0,,,,,
2025-10-01,Midsize Car,hyundai,hyundai_sonata,0,,,,,
2025-10-01,Midsize Car,kia,kia_k5,0,,,,,
2025-10-01,Midsize Car,nissan,nissan_altima,0,,,,,
2025-10-01,Midsize Car,subaru,subaru_legacy,0,,,,,
2025-10-01,Midsize Car,toyota,toyota_camry,0,,,,,
2025-10-01,Midsize SUV,buick,buick_enclave,0,,,,,
2025-10-01,Midsize SUV,chevrolet,chevrolet_traverse,0,,,,,
2025-10-01,Midsize SUV,dodge,dodge_durango,0,,,,,
2025-10-01,Midsize SUV,ford,ford_explorer,0,,,,,
2025-10-01,Midsize SUV,gmc,gmc_acadia,0,,,,,
2025-10-01,Midsize SUV,honda,honda_pilot,0,,,,,
2025-10-01,Midsize SUV,hyundai,hyundai_palisade,0,,,,,
2025-10-01,Midsize SUV,jeep,jeep_grand_cherokee,0,,,,,
2025-10-01,Midsize SUV,jeep,jeep_grand_cherokee_l,0,,,,,
2025-10-01,Midsize SUV,kia,kia_telluride,0,,,,,
2025-10-01,Midsize SUV,mazda,mazda_cx_90,0,,,,,
2025-10-01,Midsize SUV,nissan,nissan_pathfinder,0,,,,,
2025-10-01,Midsize SUV,subaru,subaru_ascent,0,,,,,
2025-10-01,Midsize SUV,toyota,toyota_grand_highlander,0,,,,,
2025-10-01,Midsize SUV,toyota,toyota_highlander,0,,,,,
2025-10-01,Midsize SUV,toyota,toyota_land_cruiser,0,,,,,
2025-10-01,Midsize SUV,volkswagen,volkswagen_atlas,0,,,,,
2025-10-01,Sub-Compact SUV,nissan,nissan_rogue,3176,179.320282599463,0.10700592540955034,,36.39664800764584,
2025-10-01,Sub-Compact SUV,hyundai,hyundai_tucson,2705,152.72712985879957,-0.02837643678160917,,14.03790061389924,
2025-10-01,Sub-Compact SUV,mazda,mazda_cx_50,2534,143.07229096569247,-0.38300462624786946,,-61.52421209063138,
2025-10-01,Sub-Compact SUV,kia,kia_sportage,2433,137.36972530368183,0.04780361757105944,,21.69573453261195,
2025-10-01,Sub-Compact SUV,subaru,subaru_forester,2375,134.09498462648762,-0.14996420901932717,,-5.092409953344088,
2025-10-01,Sub-Compact SUV,volkswagen,volkswagen_tiguan,2299,129.80394511844,-0.2407529722589168,,-21.040518298786367,
2025-10-01,Sub-Compact SUV,mazda,mazda_cx_5,2123,119.8668009945403,-0.030593607305936077,,10.768592644564833,
2025-10-01,Sub-Compact SUV,ford,ford_bronco_sport,2055,116.02744985576086,-0.03475810239549082,,9.9680500488669,
2025-10-01,Sub-Compact SUV,dodge,dodge_hornet,1832,103.43663656241065,-0.788550323176362,,-328.17380962214986,
2025-10-01,Sub-Compact SUV,ford,ford_escape,1265,71.42322339052919,-0.307608100711549,,-19.591583301436643,
2025-10-01,Sub-Compact SUV,toyota,toyota_rav4,1198,67.64033329790828,-0.20819563780568406,,-7.732081877211755,
2025-10-01,Sub-Compact SUV,honda,honda_cr_v,1174,66.28526819010378,0.1245210727969348,,14.276807223266161,
2025-10-01,Sub-Compact SUV,hyundai,hyundai_santa_cruz,1089,61.48607926662948,-0.0879396984924623,,2.00513827582094,
2025-10-01,Sub-Compact SUV,chevrolet,chevrolet_equinox,767,43.30562240358569,0.019946808510638236,,5.843589216744796,
2025-10-01,Sub-Compact SUV,jeep,jeep_compass,345,19.47906092468978,-0.6834862385321101,,-34.82096058283226,
2025-10-01,Sub-Compact SUV,gmc,gmc_terrain,4,0.2258441846340844,0.0,,0.026578050661526464,
2025-10-01,Sub-Compact SUV,toyota,toyota_rav4_prime,0,0.0,,,0.0,
2025-11-01,Compact Car,subaru,subaru_wrx,6269,579.8482032099984,0.39218298911836547,,149.79175198961212,
2025-11-01,Compact Car,subaru,subaru_impreza,2631,243.3531061804922,0.2220157919182535,,37.73206698939924,
2025-11-01,Compact Car,toyota,toyota_prius_prime,2195,203.02549147327267,0.0,,-6.606733805152345,
2025-11-01,Compact Car,toyota,toyota_prius,1482,137.07689219288844,0.4600985221674876,,40.13989508236389,
2025-11-01,Compact Car,hyundai,hyundai_elantra,1337,123.66518546686358,-0.35410628019323676,,-74.02898598021604,
2025-11-01,Compact Car,kia,kia_k4,1185,109.60601703682374,-0.0466613032984714,,-9.105990262074783,
2025-11-01,Compact Car,volkswagen,volkswagen_jetta,1099,101.65148753035383,1.8035714285714284,,64.21375071525469,
2025-11-01,Compact Car,nissan,nissan_sentra,1073,99.24662977258386,-0.033333333333333326,,-6.763288249763178,
2025-11-01,Compact Car,toyota,toyota_corolla,1067,98.69166259771387,0.23495370370370372,,16.175834515454554,
2025-11-01,Compact Car,honda,honda_civic,504,46.61724268907947,0.2857142857142858,,9.179505873980332,
2025-11-01,Compact Car,volkswagen,volkswagen_golf,33,3.052319461784965,0.0,,-0.09932674969021704,
2025-11-01,Compact SUV,hyundai,hyundai_santa_fe,5140,149.9848896316406,0.45279819106840025,,13.465453840059922,
2025-11-01,Compact SUV,nissan,nissan_murano,4753,138.69225299984197,-0.08911460329628207,,-62.65269215574537,
2025-11-01,Compact SUV,mitsubishi,mitsubishi_outlander,4548,132.71036537834658,0.0008802816901407606,,-42.627202806204735,
2025-11-01,Compact SUV,subaru,subaru_outback,4425,129.12123280544935,-0.11375926296815542,,-63.5417244888871,
2025-11-01,Compact SUV,mazda,mazda_cx_70,4375,127.6622358245968,1.0032051282051282,,43.38907365138816,
2025-11-01,Compact SUV,jeep,jeep_wrangler,4096,119.52103267143967,1.307605633802817,,51.029795099349315,
2025-11-01,Compact SUV,kia,kia_sorento,3196,93.25908701609404,0.004084197298146464,,-29.562101261068563,
2025-11-01,Compact SUV,volkswagen,volkswagen_atlas_cross_sport,2609,76.13046246088528,1.1796157059314956,,29.942287039030546,
2025-11-01,Compact SUV,buick,buick_envision,2017,58.855938207591265,0.1963226571767498,,-6.201090832715408,
2025-11-01,Compact SUV,ford,ford_bronco,2002,58.4182391133355,0.0654603512506653,,-14.08600618128861,
2025-11-01,Compact SUV,chevrolet,chevrolet_blazer,1571,45.84168513838665,0.25881410256410264,,-2.3144075320182935,
2025-11-01,Compact SUV,honda,honda_passport,1447,42.223372625872365,0.293118856121537,,-0.9550470040820684,
2025-11-01,Compact SUV,toyota,toyota_crown_signia,791,23.081332237087103,3.9748427672955975,,16.946060815136473,
2025-11-01,Compact SUV,ford,ford_edge,0,0.0,,,0.0,
2025-11-01,Compact SUV,toyota,toyota_4_runner,0,0.0,,,0.0,
2025-11-01,Compact SUV,toyota,toyota_venza,0,0.0,,,0.0,
2025-11-01,Entry CUV,kia,kia_niro,5843,381.2223382739082,0.006372717878057266,,-93.86832968560174,
2025-11-01,Entry CUV,mini,mini_countryman,4200,274.02598335622355,0.2677331723513432,,2.9313600441573726,
2025-11-01,Entry CUV,volkswagen,volkswagen_taos,3542,231.09524596374854,2.2857142857142856,,142.88516328025702,
2025-11-01,Entry CUV,subaru,subaru_crosstrek,2650,172.8973466414268,-0.07212885154061621,,-60.802093195355894,
2025-11-01,Entry CUV,hyundai,hyundai_kona,2587,168.78695689108343,0.6766040181464679,,42.527070452653575,
2025-11-01,Entry CUV,mitsubishi,mitsubishi_outlander_sport,2157,140.73191573794625,-0.0009263547938860306,,-35.933732233907335,
2025-11-01,Entry CUV,mitsubishi,mitsubishi_eclipse_cross,1837,119.85374557747207,-0.14078578110383533,,-55.09352416028753,
2025-11-01,Entry CUV,mazda,mazda_cx_30,1554,101.38961384180273,0.15625,,-8.586593140212656,
2025-11-01,Entry CUV,buick,buick_encore_gx,1449,94.53896425789713,0.4136585365853658,,10.665740927119032,
2025-11-01,Entry CUV,kia,kia_seltos,1287,83.96939061415708,0.03456591639871376,,-17.824062872172632,
2025-11-01,Entry CUV,nissan,nissan_kicks,1206,78.68460379228705,0.9265175718849841,,27.460566909294762,
2025-11-01,Entry CUV,honda,honda_hr_v,1158,75.55287826821593,0.3402777777777777,,4.853888065491759,
2025-11-01,Entry CUV,chevrolet,chevrolet_trailblazer,559,36.471553499078325,0.5399449035812671,,6.7681583097393485,
2025-11-01,Entry CUV,kia,kia_soul,478,31.1867666772083,-0.30523255813953487,,-25.1105773731091,
2025-11-01,Entry CUV,buick,buick_envista,440,28.707483970651992,2.8260869565217392,,19.297317450613473,
2025-11-01,Entry CUV,hyundai,hyundai_venue,362,23.61842999403641,-0.25971370143149286,,-16.395234599866505,
2025-11-01,Entry CUV,chevrolet,chevrolet_trax,192,12.526902096284505,-0.005181347150259086,,-3.265812150388834,
2025-11-01,Entry CUV,toyota,toyota_corolla_cross,178,11.613482151763762,0.7623762376237624,,3.348901121121237,
2025-11-01,Mainstream EV Car,hyundai,hyundai_ioniq_6,17227,140.86052206616662,0.05151681621192705,,-15.349057743945906,
2025-11-01,Mainstream EV Car,dodge,dodge_charger_daytona_ev,3150,25.756698468010967,-0.25654944536228463,,-14.642495187329736,
2025-11-01,Mainstream EV SUV,kia,kia_ev6,16028,190.7539659638112,0.0020005001250311683,,0.271110765448384,
2025-11-01,Mainstream EV SUV,kia,kia_ev9,14859,176.84135140106505,0.05525175768766433,,9.162613963696543,
2025-11-01,Mainstream EV SUV,ford,ford_mustang_mach_e,11999,142.80364596953896,0.028191945158526188,,3.8354714155946112,
2025-11-01,Mainstream EV SUV,hyundai,hyundai_ioniq_5,9986,118.84633791581099,0.47853124074622455,,38.418655744659304,
2025-11-01,Mainstream EV SUV,volkswagen,volkswagen_id_4,9117,108.50411203469345,-0.13811684628474197,,-17.460356725514217,
2025-11-01,Mainstream EV SUV,subaru,subaru_solterra,7711,91.7708904134607,-0.336802270577105,,-46.685233454466555,
2025-11-01,Mainstream EV SUV,chevrolet,chevrolet_equinox_ev,5342,63.57672112420011,0.575811209439528,,23.208074017270263,
2025-11-01,Mainstream EV SUV,chevrolet,chevrolet_blazer_ev,5217,62.08905917352153,-0.2308712958867758,,-18.68395950680449,
2025-11-01,Mainstream EV SUV,honda,honda_prologue,4248,50.55670373186111,-0.2572127994404616,,-17.546037508413768,
2025-11-01,Mainstream EV SUV,nissan,nissan_ariya,3940,46.891104685389074,1.225988700564972,,25.813669470266408,
2025-11-01,Mainstream EV SUV,nissan,nissan_leaf,798,9.497233893132103,-0.10738255033557043,,-1.1486571138281594,
2025-11-01,Mainstream EV SUV,hyundai,hyundai_ioniq_5_n,0,0.0,,,0.0,
2025-11-01,Mainstream EV SUV,jeep,jeep_wagoneer_s,0,0.0,,,0.0,
2025-11-01,Mainstream EV SUV,toyota,toyota_bz4x,0,0.0,,,0.0,
2025-11-01,Midsize Car,honda,honda_accord,0,,,,,
2025-11-01,Midsize Car,hyundai,hyundai_sonata,0,,,,,
2025-11-01,Midsize Car,kia,kia_k5,0,,,,,
2025-11-01,Midsize Car,nissan,nissan_altima,0,,,,,
2025-11-01,Midsize Car,subaru,subaru_legacy,0,,,,,
2025-11-01,Midsize Car,toyota,toyota_camry,0,,,,,
2025-11-01,Midsize SUV,buick,buick_enclave,0,,,,,
2025-11-01,Midsize SUV,chevrolet,chevrolet_traverse,0,,,,,
2025-11-01,Midsize SUV,dodge,dodge_durango,0,,,,,
2025-11-01,Midsize SUV,ford,ford_explorer,0,,,,,
2025-11-01,Midsize SUV,gmc,gmc_acadia,0,,,,,
2025-11-01,Midsize SUV,honda,honda_pilot,0,,,,,
2025-11-01,Midsize SUV,hyundai,hyundai_palisade,0,,,,,
2025-11-01,Midsize SUV,jeep,jeep_grand_cherokee,0,,,,,
2025-11-01,Midsize SUV,jeep,jeep_grand_cherokee_l,0,,,,,
2025-11-01,Midsize SUV,kia,kia_telluride,0,,,,,
2025-11-01,Midsize SUV,mazda,mazda_cx_90,0,,,,,
2025-11-01,Midsize SUV,nissan,nissan_pathfinder,0,,,,,
2025-11-01,Midsize SUV,subaru,subaru_ascent,0,,,,,
2025-11-01,Midsize SUV,toyota,toyota_grand_highlander,0,,,,,
2025-11-01,Midsize SUV,toyota,toyota_highlander,0,,,,,
2025-11-01,Midsize SUV,toyota,toyota_land_cruiser,0,,,,,
2025-11-01,Midsize SUV,volkswagen,volkswagen_atlas,0,,,,,
2025-11-01,Sub-Compact SUV,hyundai,hyundai_tucson,4233,186.02214741674703,0.5648798521256932,,33.29501755794746,
2025-11-01,Sub-Compact SUV,mazda,mazda_cx_5,3557,156.3148543258609,0.6754592557701367,,36.448053331320594,
2025-11-01,Sub-Compact SUV,nissan,nissan_rogue,3336,146.60285466153275,0.05037783375314864,,-32.71742793793027,
2025-11-01,Sub-Compact SUV,kia,kia_sportage,2615,114.91800507791011,0.07480476777640765,,-22.451720225771723,
2025-11-01,Sub-Compact SUV,subaru,subaru_forester,2487,109.29295549857072,0.047157894736842065,,-24.802029127916896,
2025-11-01,Sub-Compact SUV,ford,ford_bronco_sport,2358,103.62396021939274,0.14744525547445253,,-12.403489636368121,
2025-11-01,Sub-Compact SUV,mazda,mazda_cx_50,2304,101.25089242810894,-0.09076558800315704,,-41.82139853758353,
2025-11-01,Sub-Compact SUV,volkswagen,volkswagen_tiguan,1880,82.61791569654723,-0.18225315354501959,,-47.18602942189277,
2025-11-01,Sub-Compact SUV,jeep,jeep_compass,1843,80.99192480251943,4.3420289855072465,,61.51286387782966,
2025-11-01,Sub-Compact SUV,honda,honda_cr_v,1818,79.89328230655471,0.5485519591141397,,13.608014116450931,
2025-11-01,Sub-Compact SUV,ford,ford_escape,1817,79.84933660671612,0.4363636363636363,,8.426113216186934,
2025-11-01,Sub-Compact SUV,toyota,toyota_rav4,1817,79.84933660671612,0.51669449081803,,12.209003308807837,
2025-11-01,Sub-Compact SUV,chevrolet,chevrolet_equinox,1020,44.82461383536073,0.3298565840938723,,1.5189914317750421,
2025-11-01,Sub-Compact SUV,hyundai,hyundai_santa_cruz,990,43.506242840203065,-0.09090909090909094,,-17.979836426426417,
2025-11-01,Sub-Compact SUV,dodge,dodge_hornet,524,23.02754671542061,-0.7139737991266375,,-80.40908984699004,
2025-11-01,Sub-Compact SUV,gmc,gmc_terrain,4,0.1757827993543558,0.0,,-0.05006138527972859,
2025-11-01,Sub-Compact SUV,toyota,toyota_rav4_prime,0,0.0,,,0.0,
2025-12-01,Compact Car,subaru,subaru_wrx,6041,548.482177846089,-0.03636943691178818,,-31.36602536390933,
2025-12-01,Compact Car,subaru,subaru_impreza,2352,213.54578419036608,-0.10604332953249718,,-29.807321990126127,
2025-12-01,Compact Car,toyota,toyota_prius_prime,2195,199.29123992255677,0.0,,-3.7342515507158964,
2025-12-01,Compact Car,hyundai,hyundai_elantra,1660,150.71683748129578,0.24158563949139866,,27.051652014432207,
2025-12-01,Compact Car,toyota,toyota_prius,1518,137.82419234735363,0.02429149797570851,,0.7473001544651936,
2025-12-01,Compact Car,kia,kia_k4,1262,114.58111379602126,0.06497890295358655,,4.975096759197513,
2025-12-01,Compact Car,volkswagen,volkswagen_jetta,1146,104.04909382744877,0.04276615104640591,,2.3976062970949386,
2025-12-01,Compact Car,toyota,toyota_corolla,1096,99.50943004789167,0.027179006560449803,,0.8177674501777972,
2025-12-01,Compact Car,nissan,nissan_sentra,767,69.63844237840594,-0.28518173345759557,,-29.608187394177918,
2025-12-01,Compact Car,honda,honda_civic,545,49.48233519717241,0.08134920634920628,,2.8650925080929426,
2025-12-01,Compact Car,volkswagen,volkswagen_golf,182,16.524376157587852,4.515151515151516,,13.472056695802888,
2025-12-01,Compact SUV,hyundai,hyundai_santa_fe,5082,153.33050139811704,-0.011284046692606964,,3.3456117664764236,
2025-12-01,Compact SUV,nissan,nissan_murano,4873,147.02470155706894,0.025247212286976684,,8.332448557226968,
2025-12-01,Compact SUV,jeep,jeep_wrangler,4743,143.1024337133548,0.157958984375,,23.58140104191513,
2025-12-01,Compact SUV,mitsubishi,mitsubishi_outlander,4024,121.40927540850511,-0.11521547933157428,,-11.30108996984147,
2025-12-01,Compact SUV,mazda,mazda_cx_70,3937,118.78437308232719,-0.10011428571428571,,-8.877862742269613,
2025-12-01,Compact SUV,kia,kia_sorento,3414,103.00478783415419,0.0682102628285357,,9.745700818060143,
2025-12-01,Compact SUV,volkswagen,volkswagen_atlas_cross_sport,2854,86.10886481507794,0.09390571100038336,,9.978402354192653,
2025-12-01,Compact SUV,subaru,subaru_outback,2792,84.23824476653735,-0.36903954802259886,,-44.882988038912,
2025-12-01,Compact SUV,ford,ford_bronco,2102,63.420053903746954,0.049950049950050035,,5.001814790411451,
2025-12-01,Compact SUV,chevrolet,chevrolet_blazer,1518,45.800019898138856,-0.033736473583704685,,-0.041665240247795055,
2025-12-01,Compact SUV,buick,buick_envision,1516,45.73967731592787,-0.24838869608329206,,-13.116260891663394,
2025-12-01,Compact SUV,honda,honda_passport,1514,45.679334733716885,0.046302695231513535,,3.4559621078445204,
2025-12-01,Compact SUV,toyota,toyota_crown_signia,468,14.120164237370872,-0.4083438685208597,,-8.961167999716231,
2025-12-01,Compact SUV,ford,ford_edge,0,0.0,,,0.0,
2025-12-01,Compact SUV,jeep,jeep_cherokee,0,0.0,,,,
2025-12-01,Compact SUV,toyota,toyota_4_runner,0,0.0,,,0.0,
2025-12-01,Compact SUV,toyota,toyota_venza,0,0.0,,,0.0,
2025-12-01,Entry CUV,kia,kia_niro,6085,496.2249627569571,0.041417080266986206,,115.00262448304892,
2025-12-01,Entry CUV,mini,mini_countryman,4002,326.35863614681057,-0.04714285714285715,,52.33265279058702,
2025-12-01,Entry CUV,volkswagen,volkswagen_taos,2780,226.70589917244712,-0.215132693393563,,-4.389346791301421,
2025-12-01,Entry CUV,hyundai,hyundai_kona,2633,214.71821313706954,0.0177812137611133,,45.931256245986106,
2025-12-01,Entry CUV,subaru,subaru_crosstrek,1906,155.43217403693677,-0.2807547169811321,,-17.46517260449002,
2025-12-01,Entry CUV,mitsubishi,mitsubishi_outlander_sport,1404,114.49463397054524,-0.34909596662030595,,-26.237281767401015,
2025-12-01,Entry CUV,buick,buick_encore_gx,1271,103.64863231948932,-0.1228433402346446,,9.109668061592188,
2025-12-01,Entry CUV,kia,kia_seltos,1253,102.18075239679001,-0.026418026418026375,,18.211361782632935,
2025-12-01,Entry CUV,honda,honda_hr_v,1182,96.39078159058724,0.020725388601036343,,20.837903322371304,
2025-12-01,Entry CUV,mazda,mazda_cx_30,1155,94.18896170653828,-0.2567567567567568,,-7.200652135264448,
2025-12-01,Entry CUV,mitsubishi,mitsubishi_eclipse_cross,1062,86.60491543925858,-0.4218835057158411,,-33.24883013821349,
2025-12-01,Entry CUV,nissan,nissan_kicks,1057,86.19717101628655,-0.12354892205638479,,7.512567223999497,
2025-12-01,Entry CUV,kia,kia_soul,732,59.693783523104784,0.5313807531380754,,28.507016845896484,
2025-12-01,Entry CUV,chevrolet,chevrolet_trailblazer,548,44.68878875773418,-0.019677996422182487,,8.217235258655855,
2025-12-01,Entry CUV,hyundai,hyundai_venue,413,33.67968933748945,0.1408839779005524,,10.061259343453038,
2025-12-01,Entry CUV,chevrolet,chevrolet_trax,189,15.412739188342629,-0.015625,,2.8858370920581233,
2025-12-01,Entry CUV,toyota,toyota_corolla_cross,172,14.026408150237737,-0.0337078651685393,,2.412925998473975,
2025-12-01,Entry CUV,buick,buick_envista,119,9.704317266734247,-0.7295454545454545,,-19.003166703917746,
2025-12-01,Mainstream EV Car,hyundai,hyundai_ioniq_6,17063,168.65511452016307,-0.009519939629651142,,27.794592453996444,
2025-12-01,Mainstream EV Car,dodge,dodge_charger_daytona_ev,3292,32.5389812459929,0.04507936507936505,,6.7822827779819335,
2025-12-01,Mainstream EV Car,toyota,toyota_mirai,0,0.0,,,,
2025-12-01,Mainstream EV SUV,kia,kia_ev6,16018,197.531740504217,-0.000623908160718778,,6.777774540405801,
2025-12-01,Mainstream EV SUV,kia,kia_ev9,14818,182.73350797799273,-0.0027592704758059305,,5.892156576927675,
2025-12-01,Mainstream EV SUV,hyundai,hyundai_ioniq_9,13305,164.07540313451162,,,,
2025-12-01,Mainstream EV SUV,ford,ford_mustang_mach_e,10892,134.3186238963623,-0.09225768814067836,,-8.485022073176651,
2025-12-01,Mainstream EV SUV,subaru,subaru_solterra,9574,118.06523183839266,0.24160290494099335,,26.294341424931957,
2025-12-01,Mainstream EV SUV,hyundai,hyundai_ioniq_5,9108,112.31858487404223,-0.08792309232926099,,-6.5277530417687615,
2025-12-01,Mainstream EV SUV,chevrolet,chevrolet_blazer_ev,5548,68.41716171291021,0.0634464251485527,,6.328102539388688,
2025-12-01,Mainstream EV SUV,volkswagen,volkswagen_id_4,4787,59.03261591919633,-0.47493693100800705,,-49.47149611549712,
2025-12-01,Mainstream EV SUV,chevrolet,chevrolet_equinox_ev,4674,57.63911568964354,-0.12504679895170345,,-5.937605434556573,
2025-12-01,Mainstream EV SUV,nissan,nissan_ariya,3940,48.587530127769696,0.0,,1.6964254423806224,
2025-12-01,Mainstream EV SUV,honda,honda_prologue,3914,48.26690175636817,-0.07862523540489641,,-2.289801975492942,
2025-12-01,Mainstream EV SUV,nissan,nissan_leaf,1452,17.90586135673137,0.8195488721804511,,8.408627463599268,
2025-12-01,Mainstream EV SUV,hyundai,hyundai_ioniq_5_n,0,0.0,,,0.0,
2025-12-01,Mainstream EV SUV,jeep,jeep_wagoneer_s,0,0.0,,,0.0,
2025-12-01,Mainstream EV SUV,toyota,toyota_bz4x,0,0.0,,,0.0,
2025-12-01,Midsize Car,honda,honda_accord,0,,,,,
2025-12-01,Midsize Car,hyundai,hyundai_sonata,0,,,,,
2025-12-01,Midsize Car,kia,kia_k5,0,,,,,
2025-12-01,Midsize Car,nissan,nissan_altima,0,,,,,
2025-12-01,Midsize Car,subaru,subaru_legacy,0,,,,,
2025-12-01,Midsize Car,toyota,toyota_camry,0,,,,,
2025-12-01,Midsize SUV,buick,buick_enclave,0,,,,,
2025-12-01,Midsize SUV,chevrolet,chevrolet_traverse,0,,,,,
2025-12-01,Midsize SUV,dodge,dodge_durango,0,,,,,
2025-12-01,Midsize SUV,ford,ford_explorer,0,,,,,
2025-12-01,Midsize SUV,gmc,gmc_acadia,0,,,,,
2025-12-01,Midsize SUV,honda,honda_pilot,0,,,,,
2025-12-01,Midsize SUV,hyundai,hyundai_palisade,0,,,,,
2025-12-01,Midsize SUV,jeep,jeep_grand_cherokee,0,,,,,
2025-12-01,Midsize SUV,jeep,jeep_grand_cherokee_l,0,,,,,
2025-12-01,Midsize SUV,kia,kia_telluride,0,,,,,
2025-12-01,Midsize SUV,mazda,mazda_cx_90,0,,,,,
2025-12-01,Midsize SUV,nissan,nissan_pathfinder,0,,,,,
2025-12-01,Midsize SUV,subaru,subaru_ascent,0,,,,,
2025-12-01,Midsize SUV,toyota,toyota_grand_highlander,0,,,,,
2025-12-01,Midsize SUV,toyota,toyota_highlander,0,,,,,
2025-12-01,Midsize SUV,toyota,toyota_land_cruiser,0,,,,,
2025-12-01,Midsize SUV,volkswagen,volkswagen_atlas,0,,,,,
2025-12-01,Sub-Compact SUV,hyundai,hyundai_tucson,4173,188.24071534936948,-0.014174344436569841,,2.218567932622449,
2025-12-01,Sub-Compact SUV,nissan,nissan_rogue,3586,161.76161160863623,0.07494004796163067,,15.158756947103484,
2025-12-01,Sub-Compact SUV,mazda,mazda_cx_5,3447,155.4914320175597,-0.030924936744447518,,-0.8234223083011898,
2025-12-01,Sub-Compact SUV,kia,kia_sportage,2640,119.08830302476287,0.009560229445506607,,4.170297946852756,
2025-12-01,Sub-Compact SUV,subaru,subaru_forester,2627,118.50188335077729,0.056292722155206976,,9.208927852206571,
2025-12-01,Sub-Compact SUV,ford,ford_bronco_sport,2513,113.35943390198071,0.0657336726039015,,9.735473682587966,
2025-12-01,Sub-Compact SUV,honda,honda_cr_v,1889,85.21128955067313,0.03905390539053899,,5.318007244118419,
2025-12-01,Sub-Compact SUV,toyota,toyota_rav4,1812,81.73788071245087,-0.0027517886626307053,,1.888544105734752,
2025-12-01,Sub-Compact SUV,jeep,jeep_compass,1597,72.0394014888433,-0.1334780249593055,,-8.952523313676139,
2025-12-01,Sub-Compact SUV,ford,ford_escape,1555,70.14481484981297,-0.1441937259218492,,-9.704521756903148,
2025-12-01,Sub-Compact SUV,hyundai,hyundai_santa_cruz,1253,56.521834731071166,0.2656565656565657,,13.015591890868102,
2025-12-01,Sub-Compact SUV,mazda,mazda_cx_50,1184,53.4092995383785,-0.48611111111111116,,-47.84159288973044,
2025-12-01,Sub-Compact SUV,chevrolet,chevrolet_equinox,1034,46.64291868469879,0.013725490196078383,,1.8183048493380625,
2025-12-01,Sub-Compact SUV,volkswagen,volkswagen_tiguan,984,44.38745840013889,-0.4765957446808511,,-38.23045729640834,
2025-12-01,Sub-Compact SUV,dodge,dodge_hornet,527,23.772551399261374,0.005725190839694694,,0.7450046838407651,
2025-12-01,Sub-Compact SUV,gmc,gmc_terrain,4,0.18043682276479223,0.0,,0.004654023410436414,
2025-12-01,Sub-Compact SUV,toyota,toyota_rav4_prime,0,0.0,,,0.0,
2026-01-01,Compact Car,subaru,subaru_wrx,6362,567.814982978452,0.05313689786459186,,19.332805132362978,
2026-01-01,Compact Car,subaru,subaru_impreza,2152,192.06819292197872,-0.08503401360544216,,-21.477591268387357,
2026-01-01,Compact Car,volkswagen,volkswagen_jetta,1783,159.13456690515244,0.5558464223385688,,55.08547307770367,
2026-01-01,Compact Car,toyota,toyota_prius,1719,153.42250168814192,0.1324110671936758,,15.59830934078829,
2026-01-01,Compact Car,hyundai,hyundai_elantra,1653,147.53193443309982,-0.004216867469879482,,-3.184903048195963,
2026-01-01,Compact Car,kia,kia_k4,1460,130.30648776305247,0.15689381933438984,,15.725373967031217,
2026-01-01,Compact Car,toyota,toyota_corolla,1060,94.60608015673674,-0.03284671532846717,,-4.903349891154932,
2026-01-01,Compact Car,honda,honda_civic,636,56.76364809404204,0.16697247706422025,,7.281312896869629,
2026-01-01,Compact Car,nissan,nissan_sentra,483,43.10824218462626,-0.3702737940026075,,-26.530200193779677,
2026-01-01,Compact Car,volkswagen,volkswagen_golf,472,42.12648097545258,1.5934065934065935,,25.602104817864728,
2026-01-01,Compact SUV,nissan,nissan_murano,5771,174.24194863426067,0.1842807305561256,,27.21724707719173,
2026-01-01,Compact SUV,hyundai,hyundai_santa_fe,4507,136.07840278887764,-0.11314443132624952,,-17.252098609239397,
2026-01-01,Compact SUV,kia,kia_sorento,4265,128.7717745494926,0.24926772114821327,,25.766986715338405,
2026-01-01,Compact SUV,mazda,mazda_cx_70,3993,120.5593659498532,0.014224028448056814,,1.7749928675260094,
2026-01-01,Compact SUV,jeep,jeep_wrangler,3808,114.97372039495141,-0.19713261648745517,,-28.128713318403385,
2026-01-01,Compact SUV,mitsubishi,mitsubishi_outlander,3483,105.16109982552936,-0.1344433399602386,,-16.248175582975747,
2026-01-01,Compact SUV,volkswagen,volkswagen_atlas_cross_sport,3367,101.65874909921256,0.17974772249474413,,15.54988428413462,
2026-01-01,Compact SUV,ford,ford_bronco,3141,94.83520371862983,0.49429115128449097,,31.415149814882874,
2026-01-01,Compact SUV,subaru,subaru_outback,2411,72.79454828577413,-0.1364613180515759,,-11.443696480763222,
2026-01-01,Compact SUV,honda,honda_passport,2281,68.8695000580053,0.5066050198150593,,23.190165324288415,
2026-01-01,Compact SUV,buick,buick_envision,1556,46.97980801852532,0.02638522427440626,,1.2401307025974475,
2026-01-01,Compact SUV,chevrolet,chevrolet_blazer,1396,42.14897943050215,-0.08036890645586303,,-3.6510404676367045,
2026-01-01,Compact SUV,toyota,toyota_crown_signia,249,7.517976990111056,-0.46794871794871795,,-6.602187247259816,
2026-01-01,Compact SUV,jeep,jeep_cherokee,0,0.0,,,0.0,
2026-01-01,Compact SUV,toyota,toyota_4_runner,0,0.0,,,0.0,
2026-01-01,Entry CUV,kia,kia_niro,6740,494.8211939392737,0.1076417419884963,,-1.4037688176833854,
2026-01-01,Entry CUV,mini,mini_countryman,3758,275.8958526444793,-0.06096951524237881,,-50.46278350233126,
2026-01-01,Entry CUV,hyundai,hyundai_kona,2525,185.37440870870418,-0.041017850360805186,,-29.34380442836536,
2026-01-01,Entry CUV,subaru,subaru_crosstrek,2220,162.9826484488409,0.16474291710388256,,7.550474411904133,
2026-01-01,Entry CUV,mazda,mazda_cx_30,1957,143.6743437001719,0.6943722943722943,,49.485381993633624,
2026-01-01,Entry CUV,kia,kia_seltos,1568,115.11567241792005,0.25139664804469275,,12.93492002113004,
2026-01-01,Entry CUV,kia,kia_soul,1446,106.15896831397474,0.9754098360655739,,46.465184790869955,
2026-01-01,Entry CUV,honda,honda_hr_v,1437,105.49822784729025,0.2157360406091371,,9.107446256703014,
2026-01-01,Entry CUV,volkswagen,volkswagen_taos,1362,99.99205729158616,-0.5100719424460431,,-126.71384188086095,
2026-01-01,Entry CUV,mitsubishi,mitsubishi_outlander_sport,1316,96.61493935075433,-0.06267806267806264,,-17.87969461979091,
2026-01-01,Entry CUV,mitsubishi,mitsubishi_eclipse_cross,1284,94.26563991365393,0.20903954802259883,,7.6607244743953515,
2026-01-01,Entry CUV,nissan,nissan_kicks,1196,87.8050664616278,0.13150425733207194,,1.6078954453412564,
2026-01-01,Entry CUV,buick,buick_encore_gx,1124,82.51914272815188,-0.11565696302124306,,-21.129489591337446,
2026-01-01,Entry CUV,toyota,toyota_corolla_cross,845,62.03618826093268,3.912790697674419,,48.00978011069495,
2026-01-01,Entry CUV,chevrolet,chevrolet_trax,582,42.727883512263695,2.0793650793650795,,27.315144323921068,
2026-01-01,Entry CUV,chevrolet,chevrolet_trailblazer,491,36.04706323800941,-0.10401459854014594,,-8.641725519724773,
2026-01-01,Entry CUV,hyundai,hyundai_venue,418,30.687723897124098,0.012106537530266248,,-2.9919654403653517,
2026-01-01,Entry CUV,buick,buick_envista,131,9.6174445706298,0.10084033613445387,,-0.08687269610444659,
2026-01-01,Mainstream EV Car,hyundai,hyundai_ioniq_6,18143,174.03961403468034,0.06329484850260791,,5.384499514517273,
2026-01-01,Mainstream EV Car,dodge,dodge_charger_daytona_ev,2667,25.583621817256926,-0.18985419198055897,,-6.955359428735974,
2026-01-01,Mainstream EV Car,toyota,toyota_mirai,0,0.0,,,0.0,
2026-01-01,Mainstream EV SUV,kia,kia_ev6,17504,243.26282699857342,0.0927706330378324,,45.73108649435642,
2026-01-01,Mainstream EV SUV,kia,kia_ev9,15721,218.4834839604989,0.06093939802942372,,35.74997598250616,
2026-01-01,Mainstream EV SUV,hyundai,hyundai_ioniq_9,15137,210.36731103047336,0.1376925967681324,,46.29190789596174,
2026-01-01,Mainstream EV SUV,hyundai,hyundai_ioniq_5,9357,130.03943511343988,0.02733860342556005,,17.72085023939765,
2026-01-01,Mainstream EV SUV,ford,ford_mustang_mach_e,8353,116.08628850086173,-0.23310686742563347,,-18.232335395500584,
2026-01-01,Mainstream EV SUV,subaru,subaru_solterra,8155,113.33457233622978,-0.14821391268017547,,-4.7306595021628794,
2026-01-01,Mainstream EV SUV,chevrolet,chevrolet_blazer_ev,6553,91.0706870042077,0.18114635904830578,,22.653525291297484,
2026-01-01,Mainstream EV SUV,chevrolet,chevrolet_equinox_ev,4853,67.44484114625668,0.038296961916987504,,9.805725456613139,
2026-01-01,Mainstream EV SUV,volkswagen,volkswagen_id_4,4787,66.5276024247127,0.0,,7.494986505516366,
2026-01-01,Mainstream EV SUV,nissan,nissan_ariya,3940,54.756372164898266,0.0,,6.16884203712857,
2026-01-01,Mainstream EV SUV,honda,honda_prologue,3937,54.71467949573718,0.005876341338783897,,6.447777739369009,
2026-01-01,Mainstream EV SUV,nissan,nissan_leaf,1228,17.066199243272862,-0.15426997245179064,,-0.8396621134585089,
2026-01-01,Mainstream EV SUV,hyundai,hyundai_ioniq_5_n,0,0.0,,,0.0,
2026-01-01,Mainstream EV SUV,jeep,jeep_wagoneer_s,0,0.0,,,0.0,
2026-01-01,Mainstream EV SUV,toyota,toyota_bz,0,0.0,,,,
2026-01-01,Mainstream EV SUV,toyota,toyota_bz4x,0,0.0,,,0.0,
2026-01-01,Midsize Car,honda,honda_accord,0,,,,,
2026-01-01,Midsize Car,hyundai,hyundai_sonata,0,,,,,
2026-01-01,Midsize Car,kia,kia_k5,0,,,,,
2026-01-01,Midsize Car,nissan,nissan_altima,0,,,,,
2026-01-01,Midsize Car,subaru,subaru_legacy,0,,,,,
2026-01-01,Midsize Car,toyota,toyota_camry,0,,,,,
2026-01-01,Midsize SUV,buick,buick_enclave,0,,,,,
2026-01-01,Midsize SUV,chevrolet,chevrolet_traverse,0,,,,,
2026-01-01,Midsize SUV,dodge,dodge_durango,0,,,,,
2026-01-01,Midsize SUV,ford,ford_explorer,0,,,,,
2026-01-01,Midsize SUV,gmc,gmc_acadia,0,,,,,
2026-01-01,Midsize SUV,honda,honda_pilot,0,,,,,
2026-01-01,Midsize SUV,hyundai,hyundai_palisade,0,,,,,
2026-01-01,Midsize SUV,jeep,jeep_grand_cherokee,0,,,,,
2026-01-01,Midsize SUV,jeep,jeep_grand_cherokee_l,0,,,,,
2026-01-01,Midsize SUV,kia,kia_telluride,0,,,,,
2026-01-01,Midsize SUV,mazda,mazda_cx_90,0,,,,,
2026-01-01,Midsize SUV,nissan,nissan_pathfinder,0,,,,,
2026-01-01,Midsize SUV,subaru,subaru_ascent,0,,,,,
2026-01-01,Midsize SUV,toyota,toyota_grand_highlander,0,,,,,
2026-01-01,Midsize SUV,toyota,toyota_highlander,0,,,,,
2026-01-01,Midsize SUV,toyota,toyota_land_cruiser,0,,,,,
2026-01-01,Midsize SUV,volkswagen,volkswagen_atlas,0,,,,,
2026-01-01,Sub-Compact SUV,hyundai,hyundai_tucson,3907,164.13003542211086,-0.06374311047208248,,-24.110679927258616,
2026-01-01,Sub-Compact SUV,mazda,mazda_cx_5,3462,145.4359310548625,0.004351610095735481,,-10.05550096269721,
2026-01-01,Sub-Compact SUV,nissan,nissan_rogue,3370,141.57108251152127,-0.06023424428332402,,-20.19052909711496,
2026-01-01,Sub-Compact SUV,subaru,subaru_forester,3348,140.64687959898316,0.27445755614769696,,22.14499624820587,
2026-01-01,Sub-Compact SUV,mazda,mazda_cx_50,3299,138.58842765742097,1.7863175675675675,,85.17912811904247,
2026-01-01,Sub-Compact SUV,kia,kia_sportage,2920,122.66693202778698,0.10606060606060597,,3.578629003024119,
2026-01-01,Sub-Compact SUV,ford,ford_bronco_sport,2518,105.77922426231767,0.0019896538002388553,,-7.580209639663039,
2026-01-01,Sub-Compact SUV,volkswagen,volkswagen_tiguan,2340,98.30158251541833,1.3780487804878048,,53.91412411527944,
2026-01-01,Sub-Compact SUV,honda,honda_cr_v,2239,94.05865096240241,0.18528321863419794,,8.847361411729281,
2026-01-01,Sub-Compact SUV,jeep,jeep_compass,1644,69.06316310057596,0.029430181590482052,,-2.9762383882673333,
2026-01-01,Sub-Compact SUV,toyota,toyota_rav4,1352,56.79646989779726,-0.2538631346578366,,-24.941410814653615,
2026-01-01,Sub-Compact SUV,ford,ford_escape,1164,48.89873591792604,-0.2514469453376206,,-21.246078931886935,
2026-01-01,Sub-Compact SUV,hyundai,hyundai_santa_cruz,1117,46.924302422958235,-0.10853950518754985,,-9.597532308112932,
2026-01-01,Sub-Compact SUV,chevrolet,chevrolet_equinox,927,38.942549996492644,-0.10348162475822054,,-7.700368688206147,
2026-01-01,Sub-Compact SUV,dodge,dodge_hornet,788,33.10326795818361,0.4952561669829223,,9.330716558922234,
2026-01-01,Sub-Compact SUV,gmc,gmc_terrain,4,0.1680368931887493,0.0,,-0.01239992957604294,
2026-02-01,Compact Car,subaru,subaru_impreza,2772,228.71199140926532,0.28810408921933095,,36.6437984872866,
2026-02-01,Compact Car,toyota,toyota_prius,2476,204.28964312025286,0.44037230948225714,,50.86714143211094,
2026-02-01,Compact Car,volkswagen,volkswagen_jetta,1847,152.39215300610138,0.0358945597307907,,-6.7424138990510585,
2026-02-01,Compact Car,subaru,subaru_wrx,1826,150.65948640451603,-0.7129833385727758,,-417.155496573936,
2026-02-01,Compact Car,kia,kia_k4,1288,106.27021823056772,-0.11780821917808215,,-24.036269532484752,
2026-02-01,Compact Car,hyundai,hyundai_elantra,1263,104.20751989534708,-0.23593466424682397,,-43.324414537752745,
2026-02-01,Compact Car,toyota,toyota_corolla,1217,100.41215495854108,0.14811320754716983,,5.806074801804343,
2026-02-01,Compact Car,nissan,nissan_sentra,949,78.30002880497575,0.9648033126293996,,35.19178662034949,
2026-02-01,Compact Car,honda,honda_civic,649,53.54764878232799,0.020440251572326984,,-3.21599931171405,
2026-02-01,Compact Car,volkswagen,volkswagen_golf,412,33.993268564436256,-0.1271186440677966,,-8.133212411016324,
2026-02-01,Compact SUV,nissan,nissan_murano,6418,200.43185662476216,0.11211228556575992,,26.189907990501496,
2026-02-01,Compact SUV,mazda,mazda_cx_70,4632,144.65571204205332,0.16003005259203595,,24.096346092200122,
2026-02-01,Compact SUV,hyundai,hyundai_santa_fe,4627,144.49956382093714,0.026625249611715196,,8.421161032059501,
2026-02-01,Compact SUV,jeep,jeep_wrangler,4283,133.75656620814215,0.12473739495798308,,18.782845813190733,
2026-02-01,Compact SUV,kia,kia_sorento,4210,131.47680217984555,-0.01289566236811257,,2.7050276303529586,
2026-02-01,Compact SUV,mitsubishi,mitsubishi_outlander,3604,112.55163778056136,0.03474016652311218,,7.390537955032002,
2026-02-01,Compact SUV,volkswagen,volkswagen_atlas_cross_sport,3243,101.27773621597127,-0.036828036828036814,,-0.3810128832412829,
2026-02-01,Compact SUV,honda,honda_passport,2294,71.64080384811535,0.005699254712845159,,2.7713037901100535,
2026-02-01,Compact SUV,subaru,subaru_outback,2178,68.01816511821937,-0.09664039817503112,,-4.776383167554755,
2026-02-01,Compact SUV,ford,ford_bronco,2037,63.61478528274237,-0.3514804202483286,,-31.22041843588746,
2026-02-01,Compact SUV,buick,buick_envision,1682,52.528261583491734,0.08097686375321334,,5.548453564966415,
2026-02-01,Compact SUV,chevrolet,chevrolet_blazer,1388,43.34674618185881,-0.005730659025787954,,1.19776675135666,
2026-02-01,Compact SUV,jeep,jeep_cherokee,95,2.966816201207916,,,2.966816201207916,
2026-02-01,Compact SUV,toyota,toyota_crown_signia,95,2.966816201207916,-0.6184738955823292,,-4.5511607889031405,
2026-02-01,Compact SUV,toyota,toyota_4_runner,0,0.0,,,0.0,
2026-02-01,Entry CUV,kia,kia_niro,4550,371.8920820032248,-0.3249258160237388,,-122.92911193604891,
2026-02-01,Entry CUV,mini,mini_countryman,4066,332.33257262090376,0.08195848855774357,,56.436719976424456,
2026-02-01,Entry CUV,hyundai,hyundai_kona,2257,184.47481957830294,-0.10613861386138612,,-0.8995891304012389,
2026-02-01,Entry CUV,subaru,subaru_crosstrek,2003,163.7142506049361,-0.09774774774774775,,0.7316021560951924,
2026-02-01,Entry CUV,mazda,mazda_cx_30,1818,148.59336375425553,-0.07102708226877874,,4.9190200540836315,
2026-02-01,Entry CUV,kia,kia_seltos,1575,128.73187453957783,0.0044642857142858094,,13.616202121657778,
2026-02-01,Entry CUV,volkswagen,volkswagen_taos,1370,111.9762972185534,0.005873715124816492,,11.984239926967234,
2026-02-01,Entry CUV,nissan,nissan_kicks,1338,109.36079246600325,0.11872909698996659,,21.555726004375444,
2026-02-01,Entry CUV,kia,kia_soul,1335,109.11558889545168,-0.07676348547717837,,2.9566205814769404,
2026-02-01,Entry CUV,honda,honda_hr_v,1326,108.37997818379695,-0.0772442588726514,,2.8817503365066983,
2026-02-01,Entry CUV,buick,buick_encore_gx,1113,90.97052467463499,-0.009786476868327454,,8.45138194648311,
2026-02-01,Entry CUV,mitsubishi,mitsubishi_outlander_sport,1038,84.84043541084557,-0.21124620060790278,,-11.774503939908755,
2026-02-01,Entry CUV,toyota,toyota_corolla_cross,858,70.12822117775096,0.01538461538461533,,8.092032916818276,
2026-02-01,Entry CUV,mitsubishi,mitsubishi_eclipse_cross,671,54.84386528003601,-0.47741433021806856,,-39.421774633617915,
2026-02-01,Entry CUV,chevrolet,chevrolet_trax,543,44.3818462698354,-0.0670103092783505,,1.6539627575717049,
2026-02-01,Entry CUV,chevrolet,chevrolet_trailblazer,420,34.32849987722075,-0.14460285132382888,,-1.7185633607886572,
2026-02-01,Entry CUV,hyundai,hyundai_venue,394,32.203402265773754,-0.0574162679425837,,1.515678368649656,
2026-02-01,Entry CUV,buick,buick_envista,118,9.644673775028688,-0.0992366412213741,,0.02722920439888732,
2026-02-01,Mainstream EV Car,hyundai,hyundai_ioniq_6,18038,188.39407193433328,-0.005787356005070854,,14.354457899652942,
2026-02-01,Mainstream EV Car,dodge,dodge_charger_daytona_ev,883,9.222306548287852,-0.6689163854518185,,-16.361315268969072,
2026-02-01,Mainstream EV Car,toyota,toyota_mirai,0,0.0,,,0.0,
2026-02-01,Mainstream EV SUV,kia,kia_ev6,17447,256.7149124286828,-0.0032563985374771676,,13.452085430109378,
2026-02-01,Mainstream EV SUV,kia,kia_ev9,16928,249.07835373375033,0.07677628649576995,,30.594869773251446,
2026-02-01,Mainstream EV SUV,hyundai,hyundai_ioniq_9,15606,229.62646434126347,0.03098368236770832,,19.25915331079011,
2026-02-01,Mainstream EV SUV,chevrolet,chevrolet_blazer_ev,11472,168.79884652844896,0.7506485579124065,,77.72815952424126,
2026-02-01,Mainstream EV SUV,hyundai,hyundai_ioniq_5,9637,141.79868235657798,0.029924120978946256,,11.759247243138105,
2026-02-01,Mainstream EV SUV,subaru,subaru_solterra,8746,128.68852089764772,0.07247087676272224,,15.353948561417937,
2026-02-01,Mainstream EV SUV,ford,ford_mustang_mach_e,6058,89.13732673198604,-0.2747515862564348,,-26.94896176887569,
2026-02-01,Mainstream EV SUV,chevrolet,chevrolet_equinox_ev,5966,87.7836400269113,0.22934267463424685,,20.338798880654622,
2026-02-01,Mainstream EV SUV,nissan,nissan_ariya,3940,57.97310454341779,0.0,,3.2167323785195236,
2026-02-01,Mainstream EV SUV,honda,honda_prologue,3331,49.012287115260065,-0.15392430784861566,,-5.702392380477114,
2026-02-01,Mainstream EV SUV,nissan,nissan_leaf,1310,19.27532156139018,0.0667752442996743,,2.2091223181173163,
2026-02-01,Mainstream EV SUV,volkswagen,volkswagen_id_4,925,13.610436980370928,-0.8067683308961772,,-52.91716544434177,
2026-02-01,Mainstream EV SUV,chevrolet,chevrolet_bolt_euv,0,0.0,,,,
2026-02-01,Mainstream EV SUV,hyundai,hyundai_ioniq_5_n,0,0.0,,,0.0,
2026-02-01,Mainstream EV SUV,jeep,jeep_wagoneer_s,0,0.0,,,0.0,
2026-02-01,Mainstream EV SUV,toyota,toyota_bz,0,0.0,,,0.0,
2026-02-01,Mainstream EV SUV,toyota,toyota_bz4x,0,0.0,,,0.0,
2026-02-01,Midsize Car,honda,honda_accord,0,,,,,
2026-02-01,Midsize Car,hyundai,hyundai_sonata,0,,,,,
2026-02-01,Midsize Car,kia,kia_k5,0,,,,,
2026-02-01,Midsize Car,nissan,nissan_altima,0,,,,,
2026-02-01,Midsize Car,subaru,subaru_legacy,0,,,,,
2026-02-01,Midsize Car,toyota,toyota_camry,0,,,,,
2026-02-01,Midsize SUV,buick,buick_enclave,0,,,,,
2026-02-01,Midsize SUV,chevrolet,chevrolet_traverse,0,,,,,
2026-02-01,Midsize SUV,dodge,dodge_durango,0,,,,,
2026-02-01,Midsize SUV,ford,ford_explorer,0,,,,,
2026-02-01,Midsize SUV,gmc,gmc_acadia,0,,,,,
2026-02-01,Midsize SUV,honda,honda_pilot,0,,,,,
2026-02-01,Midsize SUV,hyundai,hyundai_palisade,0,,,,,
2026-02-01,Midsize SUV,jeep,jeep_grand_cherokee,0,,,,,
2026-02-01,Midsize SUV,jeep,jeep_grand_cherokee_l,0,,,,,
2026-02-01,Midsize SUV,kia,kia_telluride,0,,,,,
2026-02-01,Midsize SUV,mazda,mazda_cx_90,0,,,,,
2026-02-01,Midsize SUV,nissan,nissan_pathfinder,0,,,,,
2026-02-01,Midsize SUV,subaru,subaru_ascent,0,,,,,
2026-02-01,Midsize SUV,toyota,toyota_grand_highlander,0,,,,,
2026-02-01,Midsize SUV,toyota,toyota_highlander,0,,,,,
2026-02-01,Midsize SUV,toyota,toyota_land_cruiser,0,,,,,
2026-02-01,Midsize SUV,volkswagen,volkswagen_atlas,0,,,,,
2026-02-01,Sub-Compact SUV,hyundai,hyundai_tucson,3979,165.64986597055062,0.018428461735346735,,1.5198305484397565,
2026-02-01,Sub-Compact SUV,nissan,nissan_rogue,3911,162.81895597155653,0.16053412462908012,,21.247873460035265,
2026-02-01,Sub-Compact SUV,mazda,mazda_cx_50,3850,160.27946317834127,0.16702030918460142,,21.69103552092031,
2026-02-01,Sub-Compact SUV,subaru,subaru_forester,3023,125.85060186704563,-0.09707287933094388,,-14.796277731937536,
2026-02-01,Sub-Compact SUV,mazda,mazda_cx_5,3016,125.55918466126683,-0.1288272674754477,,-19.876746393595667,
2026-02-01,Sub-Compact SUV,kia,kia_sportage,2996,124.72656407332738,0.026027397260274032,,2.059632045540397,
2026-02-01,Sub-Compact SUV,volkswagen,volkswagen_tiguan,2388,99.41489819996856,0.02051282051282044,,1.11331568455023,
2026-02-01,Sub-Compact SUV,honda,honda_cr_v,2147,89.38182011529837,-0.04108977221974097,,-4.676830847104043,
2026-02-01,Sub-Compact SUV,ford,ford_bronco_sport,1721,71.64700159218839,-0.3165210484511517,,-34.13222267012928,
2026-02-01,Sub-Compact SUV,jeep,jeep_compass,1661,69.1491398283701,0.010340632603406341,,0.08597672779413301,
2026-02-01,Sub-Compact SUV,ford,ford_escape,1318,54.86969674520878,0.13230240549828176,,5.970960827282738,
2026-02-01,Sub-Compact SUV,toyota,toyota_rav4,1178,49.04135262963273,-0.12869822485207105,,-7.7551172681645255,
2026-02-01,Sub-Compact SUV,chevrolet,chevrolet_equinox,1078,44.87824968993556,0.16289104638619212,,5.935699693442913,
2026-02-01,Sub-Compact SUV,hyundai,hyundai_santa_cruz,985,41.00656395601718,-0.11817367949865709,,-5.917738466941053,
2026-02-01,Sub-Compact SUV,dodge,dodge_hornet,661,27.51811043139833,-0.16116751269035534,,-5.585157526785277,
2026-02-01,Sub-Compact SUV,gmc,gmc_terrain,4,0.16652411758788702,0.0,,-0.0015127756008622706,
2026-03-01,Compact Car,toyota,toyota_prius,3075,206.31777192326976,0.24192245557350556,,2.028128803016898,
2026-03-01,Compact Car,hyundai,hyundai_elantra,2465,165.38969359052356,0.9517022961203483,,61.18217369517649,
2026-03-01,Compact Car,subaru,subaru_impreza,2290,153.6480317737521,-0.17388167388167386,,-75.06395963551321,
2026-03-01,Compact Car,volkswagen,volkswagen_jetta,2063,138.41741901714002,0.11694639956686514,,-13.974733988961361,
2026-03-01,Compact Car,subaru,subaru_wrx,1852,124.26032962663272,0.014238773274917849,,-26.399156777883306,
2026-03-01,Compact Car,volkswagen,volkswagen_golf,1140,76.48853983496831,1.766990291262136,,42.49527127053205,
2026-03-01,Compact Car,toyota,toyota_corolla,1106,74.20730268199557,-0.09120788824979453,,-26.20485227654551,
2026-03-01,Compact Car,kia,kia_k4,1015,68.10163853727441,-0.2119565217391305,,-38.16857969329331,
2026-03-01,Compact Car,nissan,nissan_sentra,945,63.40497381056583,-0.004214963119072657,,-14.895054994409925,
2026-03-01,Compact Car,honda,honda_civic,775,51.998788045702135,0.19414483821263473,,-1.5488607366258549,
2026-03-01,Compact SUV,nissan,nissan_murano,6662,197.8408396173146,0.0380180741664069,,-2.5910170074475616,
2026-03-01,Compact SUV,mazda,mazda_cx_70,6453,191.63418463682544,0.3931347150259068,,46.978472594772114,
2026-03-01,Compact SUV,jeep,jeep_wrangler,5386,159.94757763117028,0.25752976885360734,,26.19101142302813,
2026-03-01,Compact SUV,hyundai,hyundai_santa_fe,4905,145.66336210191056,0.06008212664793611,,1.163798280973424,
2026-03-01,Compact SUV,kia,kia_sorento,4379,130.0427854524498,0.040142517814726775,,-1.4340167273957434,
2026-03-01,Compact SUV,volkswagen,volkswagen_atlas_cross_sport,3919,116.38220511261721,0.2084489670058587,,15.10446889664594,
2026-03-01,Compact SUV,mitsubishi,mitsubishi_outlander,2821,83.77499377971247,-0.21725860155382903,,-28.77664400084889,
2026-03-01,Compact SUV,subaru,subaru_outback,1837,54.55323061798363,-0.15656565656565657,,-13.464934500235742,
2026-03-01,Compact SUV,honda,honda_passport,1799,53.424747894258324,-0.2157802964254577,,-18.21605595385703,
2026-03-01,Compact SUV,buick,buick_envision,1519,45.109612035229794,-0.09690844233055884,,-7.418649548261939,
2026-03-01,Compact SUV,toyota,toyota_4_runner,1509,44.81264289740734,,,44.81264289740734,
2026-03-01,Compact SUV,chevrolet,chevrolet_blazer,1374,40.8035595368043,-0.010086455331412059,,-2.5431866450545115,
2026-03-01,Compact SUV,ford,ford_bronco,1341,39.823561381990224,-0.34167893961708395,,-23.791223900752144,
2026-03-01,Compact SUV,toyota,toyota_crown_signia,310,9.206043272495876,2.263157894736842,,6.23922707128796,
2026-03-01,Compact SUV,jeep,jeep_cherokee,147,4.36544632598998,0.5473684210526315,,1.3986301247820645,
2026-03-01,Entry CUV,kia,kia_niro,6820,483.53797770747775,0.4989010989010989,,111.64589570425295,
2026-03-01,Entry CUV,mini,mini_countryman,4446,315.22138546736744,0.09345794392523366,,-17.11118715353632,
2026-03-01,Entry CUV,hyundai,hyundai_kona,2362,167.46579227933466,0.04652193176783337,,-17.009027298968277,
2026-03-01,Entry CUV,mazda,mazda_cx_30,2354,166.89859230548424,0.2948294829482949,,18.30522855122871,
2026-03-01,Entry CUV,subaru,subaru_crosstrek,2042,144.77779332531813,0.01947079380928618,,-18.93645727961797,
2026-03-01,Entry CUV,buick,buick_encore_gx,1786,126.62739416210488,0.6046720575022462,,35.65686948746989,
2026-03-01,Entry CUV,volkswagen,volkswagen_taos,1751,124.14589427650931,0.27810218978102186,,12.169597057955912,
2026-03-01,Entry CUV,kia,kia_seltos,1616,114.57439471778358,0.026031746031746072,,-14.157479821794254,
2026-03-01,Entry CUV,honda,honda_hr_v,1546,109.61139494659247,0.1659125188536954,,1.2314167627955186,
2026-03-01,Entry CUV,kia,kia_soul,1338,94.8641956264817,0.0022471910112360494,,-14.251393268969977,
2026-03-01,Entry CUV,mitsubishi,mitsubishi_eclipse_cross,1212,85.93079603833769,0.8062593144560357,,31.086930758301676,
2026-03-01,Entry CUV,nissan,nissan_kicks,1118,79.26619634559532,-0.1644245142002989,,-30.094596120407928,
2026-03-01,Entry CUV,mitsubishi,mitsubishi_outlander_sport,1029,72.95609663650947,-0.00867052023121384,,-11.8843387743361,
2026-03-01,Entry CUV,toyota,toyota_corolla_cross,1022,72.45979665939036,0.1911421911421911,,2.3315754816394048,
2026-03-01,Entry CUV,chevrolet,chevrolet_trax,980,69.48199679667569,0.8047882136279927,,25.100150526840288,
2026-03-01,Entry CUV,buick,buick_envista,526,37.293398280664704,3.4576271186440675,,27.648724505636018,
2026-03-01,Entry CUV,hyundai,hyundai_venue,419,29.707098630415423,0.06345177664974622,,-2.4963036353583306,
2026-03-01,Entry CUV,chevrolet,chevrolet_trailblazer,418,29.63619863368412,-0.004761904761904745,,-4.69230124353663,
2026-03-01,Mainstream EV Car,hyundai,hyundai_ioniq_6,15169,170.8951720264646,-0.15905311010089807,,-17.49889990786869,
2026-03-01,Mainstream EV Car,dodge,dodge_charger_daytona_ev,883,9.94794890232502,0.0,,0.7256423540371681,
2026-03-01,Mainstream EV Car,toyota,toyota_mirai,0,0.0,,,0.0,
2026-03-01,Mainstream EV SUV,kia,kia_ev9,16910,256.60220151317424,-0.0010633270321360744,,7.523847779423903,
2026-03-01,Mainstream EV SUV,hyundai,hyundai_ioniq_9,15607,236.82971963430577,6.407791874929458e-05,,7.203255293042304,
2026-03-01,Mainstream EV SUV,kia,kia_ev6,15097,229.09068221433424,-0.1346936436063506,,-27.624230214348557,
2026-03-01,Mainstream EV SUV,hyundai,hyundai_ioniq_5,8660,131.41189030775217,-0.10138009754072841,,-10.38679204882581,
2026-03-01,Mainstream EV SUV,chevrolet,chevrolet_equinox_ev,8635,131.0325257283418,0.44736842105263164,,43.248885701430495,
2026-03-01,Mainstream EV SUV,subaru,subaru_solterra,6594,100.06120146527918,-0.24605533958380976,,-28.627319432368537,
2026-03-01,Mainstream EV SUV,ford,ford_mustang_mach_e,6523,98.98380605975373,0.07675800594255522,,9.846479327767696,
2026-03-01,Mainstream EV SUV,chevrolet,chevrolet_blazer_ev,6143,93.21746445271611,-0.46452231520223153,,-75.58138207573285,
2026-03-01,Mainstream EV SUV,honda,honda_prologue,5529,83.90027038239742,0.6598619033323325,,34.88798326713736,
2026-03-01,Mainstream EV SUV,volkswagen,volkswagen_id_4,5029,76.31297879419003,4.436756756756757,,62.7025418138191,
2026-03-01,Mainstream EV SUV,nissan,nissan_ariya,3940,59.78785771507431,0.0,,1.8147531716565197,
2026-03-01,Mainstream EV SUV,nissan,nissan_leaf,1046,15.87261400252988,-0.20152671755725193,,-3.402707558860298,
2026-03-01,Mainstream EV SUV,chevrolet,chevrolet_bolt_euv,0,0.0,,,0.0,
2026-03-01,Mainstream EV SUV,hyundai,hyundai_ioniq_5_n,0,0.0,,,0.0,
2026-03-01,Mainstream EV SUV,jeep,jeep_wagoneer_s,0,0.0,,,0.0,
2026-03-01,Mainstream EV SUV,toyota,toyota_bz,0,0.0,,,0.0,
2026-03-01,Mainstream EV SUV,toyota,toyota_bz4x,0,0.0,,,0.0,
2026-03-01,Mainstream EV SUV,toyota,toyota_bz_woodland,0,0.0,,,,
2026-03-01,Mainstream EV SUV,toyota,toyota_c_hr,0,0.0,,,,
2026-03-01,Midsize Car,honda,honda_accord,0,,,,,
2026-03-01,Midsize Car,hyundai,hyundai_sonata,0,,,,,
2026-03-01,Midsize Car,kia,kia_k5,0,,,,,
2026-03-01,Midsize Car,nissan,nissan_altima,0,,,,,
2026-03-01,Midsize Car,subaru,subaru_legacy,0,,,,,
2026-03-01,Midsize Car,toyota,toyota_camry,0,,,,,
2026-03-01,Midsize SUV,buick,buick_enclave,0,,,,,
2026-03-01,Midsize SUV,chevrolet,chevrolet_traverse,0,,,,,
2026-03-01,Midsize SUV,dodge,dodge_durango,0,,,,,
2026-03-01,Midsize SUV,ford,ford_explorer,0,,,,,
2026-03-01,Midsize SUV,gmc,gmc_acadia,0,,,,,
2026-03-01,Midsize SUV,honda,honda_pilot,0,,,,,
2026-03-01,Midsize SUV,hyundai,hyundai_palisade,0,,,,,
2026-03-01,Midsize SUV,jeep,jeep_grand_cherokee,0,,,,,
2026-03-01,Midsize SUV,jeep,jeep_grand_cherokee_l,0,,,,,
2026-03-01,Midsize SUV,kia,kia_telluride,0,,,,,
2026-03-01,Midsize SUV,mazda,mazda_cx_90,0,,,,,
2026-03-01,Midsize SUV,nissan,nissan_pathfinder,0,,,,,
2026-03-01,Midsize SUV,subaru,subaru_ascent,0,,,,,
2026-03-01,Midsize SUV,toyota,toyota_grand_highlander,0,,,,,
2026-03-01,Midsize SUV,toyota,toyota_highlander,0,,,,,
2026-03-01,Midsize SUV,toyota,toyota_land_cruiser,0,,,,,
2026-03-01,Midsize SUV,volkswagen,volkswagen_atlas,0,,,,,
2026-03-01,Sub-Compact SUV,hyundai,hyundai_tucson,4562,179.71318016490207,0.14651922593616495,,14.063314194351449,
2026-03-01,Sub-Compact SUV,nissan,nissan_rogue,3962,156.07707580301226,0.013040143185885977,,-6.74188016854427,
2026-03-01,Sub-Compact SUV,mazda,mazda_cx_50,3811,150.12865620527,-0.0101298701298701,,-10.15080697307127,
2026-03-01,Sub-Compact SUV,volkswagen,volkswagen_tiguan,3689,145.3226483183524,0.5448073701842546,,45.907750118383845,
2026-03-01,Sub-Compact SUV,kia,kia_sportage,2896,114.08359705338808,-0.03337783711615483,,-10.642967019939306,
2026-03-01,Sub-Compact SUV,subaru,subaru_forester,2765,108.92304760104213,-0.085345683096262,,-16.927554266003497,
2026-03-01,Sub-Compact SUV,jeep,jeep_compass,2324,91.55051089505314,0.3991571342564719,,22.40137106668304,
2026-03-01,Sub-Compact SUV,honda,honda_cr_v,2062,81.22941199036126,-0.03959012575687004,,-8.15240812493711,
2026-03-01,Sub-Compact SUV,mazda,mazda_cx_5,2042,80.44154184496493,-0.32294429708222816,,-45.117642816301895,
2026-03-01,Sub-Compact SUV,hyundai,hyundai_santa_cruz,1613,63.54172722621373,0.6375634517766497,,22.53516327019655,
2026-03-01,Sub-Compact SUV,ford,ford_escape,1588,62.55688954446832,0.20485584218512898,,7.687192799259542,
2026-03-01,Sub-Compact SUV,ford,ford_bronco_sport,1402,55.22969719228249,-0.1853573503776874,,-16.417304399905902,
2026-03-01,Sub-Compact SUV,chevrolet,chevrolet_equinox,1154,45.460107389368034,0.07050092764378468,,0.5818576994324758,
2026-03-01,Sub-Compact SUV,toyota,toyota_rav4,1027,40.457131966101365,-0.1281833616298812,,-8.584220663531369,
2026-03-01,Sub-Compact SUV,dodge,dodge_hornet,669,26.35425636350712,0.012102874432677657,,-1.1638540678912115,
2026-03-01,Sub-Compact SUV,gmc,gmc_terrain,4,0.1575740290792653,0.0,,-0.008950088508621723,
2026-04-01,Compact Car,toyota,toyota_prius,2983,190.81041882677582,-0.02991869918699186,,-15.507353096493944,
2026-04-01,Compact Car,hyundai,hyundai_elantra,2563,163.9447212380243,0.03975659229208928,,-1.4449723524992635,
2026-04-01,Compact Car,volkswagen,volkswagen_jetta,2195,140.40525287454673,0.06398448860882211,,1.987833857406713,
2026-04-01,Compact Car,subaru,subaru_impreza,2167,138.61420636862997,-0.053711790393013104,,-15.033825405122144,
2026-04-01,Compact Car,volkswagen,volkswagen_golf,1731,110.72505363364029,0.5184210526315789,,34.23651379867198,
2026-04-01,Compact Car,subaru,subaru_wrx,1669,106.75916494196744,-0.0988120950323974,,-17.501164684665284,
2026-04-01,Compact Car,kia,kia_k4,1290,82.51607116545117,0.270935960591133,,14.414432628176755,
2026-04-01,Compact Car,toyota,toyota_corolla,1076,68.82735858451585,-0.027124773960216952,,-5.379944097479722,
2026-04-01,Compact Car,nissan,nissan_sentra,832,53.21966760438401,-0.11957671957671956,,-10.18530620618182,
2026-04-01,Compact Car,honda,honda_civic,807,51.62051893838689,0.041290322580645133,,-0.37826910731524777,
2026-04-01,Compact SUV,mazda,mazda_cx_70,6418,206.00713080477635,-0.005423833875716766,,14.372946167950914,
2026-04-01,Compact SUV,nissan,nissan_murano,6171,198.07884141419055,-0.07370159111377961,,0.2380017968759489,
2026-04-01,Compact SUV,kia,kia_sorento,4320,138.6648184912175,-0.013473395752454875,,8.622033038767682,
2026-04-01,Compact SUV,hyundai,hyundai_santa_fe,4305,138.18334342701186,-0.1223241590214067,,-7.480018674898702,
2026-04-01,Compact SUV,volkswagen,volkswagen_atlas_cross_sport,3893,124.95882833016428,-0.0066343454963000426,,8.576623217547066,
2026-04-01,Compact SUV,jeep,jeep_wrangler,3848,123.51440313754743,-0.28555514296323803,,-36.43317449362284,
2026-04-01,Compact SUV,ford,ford_bronco,2535,81.36928585074915,0.890380313199105,,41.54572446875893,
2026-04-01,Compact SUV,mitsubishi,mitsubishi_outlander,2309,74.1150615500512,-0.1814959234314073,,-9.65993222966128,
2026-04-01,Compact SUV,honda,honda_passport,1785,57.29553264046834,-0.0077821011673151474,,3.8707847462100133,
2026-04-01,Compact SUV,subaru,subaru_outback,1710,54.88815731944025,-0.06913445835601528,,0.33492670145662373,
2026-04-01,Compact SUV,buick,buick_envision,1470,47.1845562921504,-0.032258064516129004,,2.0749442569206025,
2026-04-01,Compact SUV,chevrolet,chevrolet_blazer,1331,42.72288736384502,-0.03129548762736534,,1.9193278270407177,
2026-04-01,Compact SUV,toyota,toyota_4_runner,1129,36.239023165876056,-0.25182239893969516,,-8.573619731531288,
2026-04-01,Compact SUV,jeep,jeep_cherokee,795,25.518178402897664,4.408163265306122,,21.152732076907682,
2026-04-01,Compact SUV,toyota,toyota_crown_signia,386,12.389958318891193,0.2451612903225806,,3.1839150463953168,
2026-04-01,Entry CUV,kia,kia_niro,7361,527.0443615788789,0.07932551319648096,,43.50638387140117,
2026-04-01,Entry CUV,mini,mini_countryman,3412,244.2976989141604,-0.2325686009896536,,-70.92368655320703,
2026-04-01,Entry CUV,mazda,mazda_cx_30,2718,194.60760423466823,0.15463041631265928,,27.709011929183987,
2026-04-01,Entry CUV,hyundai,hyundai_kona,2514,180.00129398305958,0.06435224386113458,,12.535501703724918,
2026-04-01,Entry CUV,subaru,subaru_crosstrek,2067,147.99629063762296,0.012242899118511286,,3.2184973123048337,
2026-04-01,Entry CUV,kia,kia_seltos,1798,128.73600898231547,0.11262376237623761,,14.161614264531892,
2026-04-01,Entry CUV,buick,buick_encore_gx,1743,124.7980331791857,-0.02407614781634937,,-1.8293609829191837,
2026-04-01,Entry CUV,mitsubishi,mitsubishi_outlander_sport,1634,116.99368113298304,0.587949465500486,,44.03758449647357,
2026-04-01,Entry CUV,volkswagen,volkswagen_taos,1534,109.83372512729252,-0.12392918332381497,,-14.312169149216786,
2026-04-01,Entry CUV,honda,honda_hr_v,1164,83.3418879062376,-0.2470892626131953,,-26.269507040354867,
2026-04-01,Entry CUV,mitsubishi,mitsubishi_eclipse_cross,1059,75.82393410026256,-0.12623762376237624,,-10.106861938075127,
2026-04-01,Entry CUV,chevrolet,chevrolet_trax,975,69.80957105548254,-0.005102040816326481,,0.3275742588068482,
2026-04-01,Entry CUV,nissan,nissan_kicks,874,62.578015489735115,-0.2182468694096601,,-16.688180855860203,
2026-04-01,Entry CUV,buick,buick_envista,813,58.210442326263895,0.5456273764258555,,20.91704404559919,
2026-04-01,Entry CUV,toyota,toyota_corolla_cross,603,43.174534714313815,-0.40998043052837574,,-29.28526194507655,
2026-04-01,Entry CUV,kia,kia_soul,452,32.363001145721135,-0.6621823617339313,,-62.50119448076057,
2026-04-01,Entry CUV,hyundai,hyundai_venue,444,31.790204665265893,0.059665871121718395,,2.08310603485047,
2026-04-01,Entry CUV,chevrolet,chevrolet_trailblazer,417,29.857016543729454,-0.0023923444976076125,,0.22081791004533358,
2026-04-01,Mainstream EV Car,hyundai,hyundai_ioniq_6,15318,182.92461909143915,0.009822664644999701,,12.029447064974562,
2026-04-01,Mainstream EV Car,dodge,dodge_charger_daytona_ev,883,10.544616703077475,0.0,,0.5966678007524546,
2026-04-01,Mainstream EV Car,toyota,toyota_mirai,0,0.0,,,0.0,
2026-04-01,Mainstream EV SUV,kia,kia_ev9,17408,287.7785192382389,0.02945002956830267,,31.176317725064678,
2026-04-01,Mainstream EV SUV,hyundai,hyundai_ioniq_9,15539,256.881342511661,-0.004357019286217678,,20.051622877355214,
2026-04-01,Mainstream EV SUV,kia,kia_ev6,12603,208.34516762175582,-0.16519838378485796,,-20.745514592578417,
2026-04-01,Mainstream EV SUV,hyundai,hyundai_ioniq_5,8981,148.4684559558033,0.03706697459584296,,17.056565648051134,
2026-04-01,Mainstream EV SUV,chevrolet,chevrolet_equinox_ev,8648,142.96350151495233,0.0015055008685582738,,11.930975786610531,
2026-04-01,Mainstream EV SUV,honda,honda_prologue,7142,118.06722107074347,0.29173449086634107,,34.16695068834605,
2026-04-01,Mainstream EV SUV,ford,ford_mustang_mach_e,6025,99.60165317155271,-0.07634523992028208,,0.6178471117989801,
2026-04-01,Mainstream EV SUV,volkswagen,volkswagen_id_4,5386,89.03809194721708,0.07098826804533709,,12.725113153027053,
2026-04-01,Mainstream EV SUV,subaru,subaru_solterra,5200,85.96325252980483,-0.21140430694570822,,-14.09794893547435,
2026-04-01,Mainstream EV SUV,chevrolet,chevrolet_blazer_ev,5056,83.58273169051793,-0.17694937327038907,,-9.634732762198183,
2026-04-01,Mainstream EV SUV,nissan,nissan_ariya,3940,65.13369518604443,0.0,,5.345837470970125,
2026-04-01,Mainstream EV SUV,nissan,nissan_leaf,1145,18.92844695127433,0.0946462715105163,,3.0558329487444507,
2026-04-01,Mainstream EV SUV,chevrolet,chevrolet_bolt_euv,0,0.0,,,0.0,
2026-04-01,Mainstream EV SUV,hyundai,hyundai_ioniq_5_n,0,0.0,,,0.0,
2026-04-01,Mainstream EV SUV,jeep,jeep_wagoneer_s,0,0.0,,,0.0,
2026-04-01,Mainstream EV SUV,toyota,toyota_bz,0,0.0,,,0.0,
2026-04-01,Mainstream EV SUV,toyota,toyota_bz4x,0,0.0,,,0.0,
2026-04-01,Mainstream EV SUV,toyota,toyota_bz_woodland,0,0.0,,,0.0,
2026-04-01,Mainstream EV SUV,toyota,toyota_c_hr,0,0.0,,,0.0,
2026-04-01,Midsize Car,honda,honda_accord,0,,,,,
2026-04-01,Midsize Car,hyundai,hyundai_sonata,0,,,,,
2026-04-01,Midsize Car,kia,kia_k5,0,,,,,
2026-04-01,Midsize Car,nissan,nissan_altima,0,,,,,
2026-04-01,Midsize Car,subaru,subaru_legacy,0,,,,,
2026-04-01,Midsize Car,toyota,toyota_camry,0,,,,,
2026-04-01,Midsize SUV,buick,buick_enclave,0,,,,,
2026-04-01,Midsize SUV,chevrolet,chevrolet_traverse,0,,,,,
2026-04-01,Midsize SUV,dodge,dodge_durango,0,,,,,
2026-04-01,Midsize SUV,ford,ford_explorer,0,,,,,
2026-04-01,Midsize SUV,gmc,gmc_acadia,0,,,,,
2026-04-01,Midsize SUV,honda,honda_pilot,0,,,,,
2026-04-01,Midsize SUV,hyundai,hyundai_palisade,0,,,,,
2026-04-01,Midsize SUV,jeep,jeep_grand_cherokee,0,,,,,
2026-04-01,Midsize SUV,jeep,jeep_grand_cherokee_l,0,,,,,
2026-04-01,Midsize SUV,kia,kia_telluride,0,,,,,
2026-04-01,Midsize SUV,mazda,mazda_cx_90,0,,,,,
2026-04-01,Midsize SUV,nissan,nissan_pathfinder,0,,,,,
2026-04-01,Midsize SUV,subaru,subaru_ascent,0,,,,,
2026-04-01,Midsize SUV,toyota,toyota_grand_highlander,0,,,,,
2026-04-01,Midsize SUV,toyota,toyota_highlander,0,,,,,
2026-04-01,Midsize SUV,toyota,toyota_land_cruiser,0,,,,,
2026-04-01,Midsize SUV,volkswagen,volkswagen_atlas,0,,,,,
2026-04-01,Sub-Compact SUV,hyundai,hyundai_tucson,4324,174.27114734517033,-0.052170100832968025,,-5.442032819731736,
2026-04-01,Sub-Compact SUV,mazda,mazda_cx_50,3945,158.99622485585036,0.035161374967200176,,8.867568650580353,
2026-04-01,Sub-Compact SUV,volkswagen,volkswagen_tiguan,3761,151.58043135180054,0.019517484413120068,,6.257783033448135,
2026-04-01,Sub-Compact SUV,nissan,nissan_rogue,3372,135.9024766068257,-0.14891468955073195,,-20.174599196186563,
2026-04-01,Sub-Compact SUV,kia,kia_sportage,2842,114.54176705711704,-0.018646408839778972,,0.45817000372896644,
2026-04-01,Sub-Compact SUV,mazda,mazda_cx_5,2521,101.60443165059537,0.2345739471106758,,21.162889805630442,
2026-04-01,Sub-Compact SUV,subaru,subaru_forester,2305,92.89893492844996,-0.16636528028933095,,-16.024112672592167,
2026-04-01,Sub-Compact SUV,ford,ford_escape,2195,88.46558011624627,0.38224181360201515,,25.908690571777953,
2026-04-01,Sub-Compact SUV,honda,honda_cr_v,2117,85.32192852213821,0.02667313288069839,,4.092516531776951,
2026-04-01,Sub-Compact SUV,jeep,jeep_compass,1856,74.80278664954582,-0.2013769363166954,,-16.747724245507314,
2026-04-01,Sub-Compact SUV,ford,ford_bronco_sport,1659,66.86305121314467,0.18330955777460778,,11.633354020862186,
2026-04-01,Sub-Compact SUV,hyundai,hyundai_santa_cruz,1625,65.49274154391809,0.007439553626782391,,1.951014317704356,
2026-04-01,Sub-Compact SUV,toyota,toyota_rav4,1055,42.51990297158989,0.027263875365141077,,2.0627710054885284,
2026-04-01,Sub-Compact SUV,chevrolet,chevrolet_equinox,992,39.980799760964146,-0.14038128249566728,,-5.4793076284038875,
2026-04-01,Sub-Compact SUV,dodge,dodge_hornet,560,22.569806316673308,-0.16292974588938713,,-3.784450046833811,
2026-04-01,Sub-Compact SUV,gmc,gmc_terrain,4,0.1612129022619522,0.0,,0.003638873182686908,
2026-05-01,Compact Car,toyota,toyota_prius,2903,198.82954268284894,-0.026818638954073104,,8.019123856073122,
2026-05-01,Compact Car,subaru,subaru_impreza,2488,170.4057534257417,0.14813105676049831,,31.79154705711173,
2026-05-01,Compact Car,hyundai,hyundai_elantra,1969,134.85889408974492,-0.23175965665236054,,-29.085827148279378,
2026-05-01,Compact Car,volkswagen,volkswagen_jetta,1931,132.2562338686122,-0.12027334851936222,,-8.14901900593452,
2026-05-01,Compact Car,subaru,subaru_wrx,1871,128.14677036156058,0.1210305572198922,,21.387605419593143,
2026-05-01,Compact Car,volkswagen,volkswagen_golf,1796,123.00994097774601,0.037550548815713514,,12.284887344105726,
2026-05-01,Compact Car,kia,kia_k4,1199,82.1207790825821,-0.07054263565891472,,-0.39529208286906226,
2026-05-01,Compact Car,nissan,nissan_sentra,927,63.49121118394797,0.11418269230769229,,10.27154357956396,
2026-05-01,Compact Car,honda,honda_civic,917,62.80630059943936,0.1363073110285007,,11.185781661052474,
2026-05-01,Compact Car,toyota,toyota_corolla,896,61.367988371971286,-0.16728624535315983,,-7.459370212544563,
2026-05-01,Compact SUV,nissan,nissan_murano,6981,239.74139615075538,0.1312591152163345,,41.66255473656483,
2026-05-01,Compact SUV,mazda,mazda_cx_70,6788,233.11339307711324,0.05765035836709265,,27.106262272336892,
2026-05-01,Compact SUV,kia,kia_sorento,4461,153.1995943601948,0.032638888888888884,,14.534775868977306,
2026-05-01,Compact SUV,hyundai,hyundai_santa_fe,4358,149.6623699219298,0.012311265969802587,,11.479026494917946,
2026-05-01,Compact SUV,volkswagen,volkswagen_atlas_cross_sport,3579,122.90996373349857,-0.08065759054713584,,-2.048864596665709,
2026-05-01,Compact SUV,jeep,jeep_wrangler,3290,112.98513011545413,-0.14501039501039503,,-10.529273022093307,
2026-05-01,Compact SUV,subaru,subaru_outback,2567,88.15587507792424,0.5011695906432749,,33.26771775848398,
2026-05-01,Compact SUV,mitsubishi,mitsubishi_outlander,2443,83.89746895807126,0.058033780857513984,,9.782407408020063,
2026-05-01,Compact SUV,honda,honda_passport,1705,58.5530841479785,-0.0448179271708683,,1.2575515075101649,
2026-05-01,Compact SUV,buick,buick_envision,1304,44.78194822813136,-0.11292517006802716,,-2.4026080640190344,
2026-05-01,Compact SUV,chevrolet,chevrolet_blazer,1139,39.115520729939895,-0.14425244177310292,,-3.607366633905123,
2026-05-01,Compact SUV,toyota,toyota_4_runner,1099,37.74184133643893,-0.0265721877767936,,1.5028181705628754,
2026-05-01,Compact SUV,jeep,jeep_cherokee,1080,37.089343624525974,0.35849056603773577,,11.57116522162831,
2026-05-01,Compact SUV,ford,ford_bronco,886,30.426998566046308,-0.6504930966469429,,-50.94228728470284,
2026-05-01,Compact SUV,toyota,toyota_crown_signia,80,2.747358787001924,-0.7927461139896373,,-9.64259953188927,
2026-05-01,Entry CUV,kia,kia_niro,6537,471.93327527295435,-0.11194131232169546,,-55.11108630592457,
2026-05-01,Entry CUV,mazda,mazda_cx_30,3070,221.63609531711333,0.12950699043414282,,27.0284910824451,
2026-05-01,Entry CUV,hyundai,hyundai_kona,2487,179.5468954572185,-0.010739856801909253,,-0.45439852584107143,
2026-05-01,Entry CUV,subaru,subaru_crosstrek,2103,151.8243350006154,0.01741654571843254,,3.8280443629924434,
2026-05-01,Entry CUV,mitsubishi,mitsubishi_eclipse_cross,2066,149.15315078995314,0.9508970727101038,,73.32921668969058,
2026-05-01,Entry CUV,mini,mini_countryman,2013,145.32685989359905,-0.41002344665885115,,-98.97083902056136,
2026-05-01,Entry CUV,kia,kia_seltos,1874,135.2918705616516,0.04226918798665191,,6.555861579336124,
2026-05-01,Entry CUV,volkswagen,volkswagen_taos,1845,133.1982396938352,0.2027379400260756,,23.36451456654268,
2026-05-01,Entry CUV,mitsubishi,mitsubishi_outlander_sport,1645,118.75940612268775,0.006731946144430845,,1.765724989704708,
2026-05-01,Entry CUV,buick,buick_encore_gx,1538,111.03463016212388,-0.11761331038439471,,-13.763403017061819,
2026-05-01,Entry CUV,nissan,nissan_kicks,1043,75.29851707353394,0.19336384439359278,,12.720501583798828,
2026-05-01,Entry CUV,chevrolet,chevrolet_trax,1016,73.34927454142904,0.042051282051281946,,3.5397034859465037,
2026-05-01,Entry CUV,honda,honda_hr_v,577,41.656034852760385,-0.5042955326460481,,-41.68585305347722,
2026-05-01,Entry CUV,toyota,toyota_corolla_cross,538,38.840462306386634,-0.10779436152570476,,-4.334072407927181,
2026-05-01,Entry CUV,buick,buick_envista,518,37.39657894927189,-0.36285362853628533,,-20.813863376992003,
2026-05-01,Entry CUV,hyundai,hyundai_venue,475,34.29222973147519,0.06981981981981988,,2.5020250662092955,
2026-05-01,Entry CUV,kia,kia_soul,452,32.63176387079323,0.0,,0.26876272507209364,
2026-05-01,Entry CUV,chevrolet,chevrolet_trailblazer,421,30.393744667265377,0.00959232613908867,,0.5367281235359229,
2026-05-01,Mainstream EV Car,hyundai,hyundai_ioniq_6,15237,256.1226373599143,-0.005287896592244379,,73.19801826847512,
2026-05-01,Mainstream EV Car,dodge,dodge_charger_daytona_ev,883,14.842573261718467,0.0,,4.297956558640992,
2026-05-01,Mainstream EV Car,toyota,toyota_mirai,0,0.0,,,0.0,
2026-05-01,Mainstream EV SUV,kia,kia_ev9,17644,355.87471933630167,0.013556985294117752,,68.09620009806275,
2026-05-01,Mainstream EV SUV,hyundai,hyundai_ioniq_9,17447,351.9012824903908,0.12278782418431033,,95.01993997872984,
2026-05-01,Mainstream EV SUV,hyundai,hyundai_ioniq_5,9497,191.5519275411957,0.05745462643358201,,43.0834715853924,
2026-05-01,Mainstream EV SUV,chevrolet,chevrolet_blazer_ev,7233,145.8876584084941,0.43057753164556956,,62.30492671797617,
2026-05-01,Mainstream EV SUV,chevrolet,chevrolet_equinox_ev,6541,131.93020512235034,-0.2436401480111008,,-11.033296392601983,
2026-05-01,Mainstream EV SUV,kia,kia_ev6,6121,123.45891844578908,-0.5143219868285329,,-84.88624917596674,
2026-05-01,Mainstream EV SUV,subaru,subaru_solterra,5151,103.89428016896905,-0.009423076923076978,,17.931027639164213,
2026-05-01,Mainstream EV SUV,ford,ford_mustang_mach_e,5048,101.81679796019331,-0.16215767634854772,,2.2151447886406004,
2026-05-01,Mainstream EV SUV,honda,honda_prologue,5006,100.96966929253719,-0.2990758891066928,,-17.09755177820628,
2026-05-01,Mainstream EV SUV,nissan,nissan_ariya,3940,79.46873691821745,0.0,,14.33504173217301,
2026-05-01,Mainstream EV SUV,nissan,nissan_leaf,1010,20.371427484111578,-0.11790393013100442,,1.4429805328372467,
2026-05-01,Mainstream EV SUV,volkswagen,volkswagen_id_4,776,15.651710621456024,-0.8559227627181581,,-73.38638132576106,
2026-05-01,Mainstream EV SUV,chevrolet,chevrolet_bolt_euv,0,0.0,,,0.0,
2026-05-01,Mainstream EV SUV,hyundai,hyundai_ioniq_5_n,0,0.0,,,0.0,
2026-05-01,Mainstream EV SUV,jeep,jeep_wagoneer_s,0,0.0,,,0.0,
2026-05-01,Mainstream EV SUV,toyota,toyota_bz,0,0.0,,,0.0,
2026-05-01,Mainstream EV SUV,toyota,toyota_bz4x,0,0.0,,,0.0,
2026-05-01,Mainstream EV SUV,toyota,toyota_bz_woodland,0,0.0,,,0.0,
2026-05-01,Mainstream EV SUV,toyota,toyota_c_hr,0,0.0,,,0.0,
2026-05-01,Midsize Car,honda,honda_accord,0,,,,,
2026-05-01,Midsize Car,hyundai,hyundai_sonata,0,,,,,
2026-05-01,Midsize Car,kia,kia_k5,0,,,,,
2026-05-01,Midsize Car,nissan,nissan_altima,0,,,,,
2026-05-01,Midsize Car,subaru,subaru_legacy,0,,,,,
2026-05-01,Midsize Car,toyota,toyota_camry,0,,,,,
2026-05-01,Midsize SUV,buick,buick_enclave,0,,,,,
2026-05-01,Midsize SUV,chevrolet,chevrolet_traverse,0,,,,,
2026-05-01,Midsize SUV,dodge,dodge_durango,0,,,,,
2026-05-01,Midsize SUV,ford,ford_explorer,0,,,,,
2026-05-01,Midsize SUV,gmc,gmc_acadia,0,,,,,
2026-05-01,Midsize SUV,honda,honda_pilot,0,,,,,
2026-05-01,Midsize SUV,hyundai,hyundai_palisade,0,,,,,
2026-05-01,Midsize SUV,jeep,jeep_grand_cherokee,0,,,,,
2026-05-01,Midsize SUV,jeep,jeep_grand_cherokee_l,0,,,,,
2026-05-01,Midsize SUV,kia,kia_telluride,0,,,,,
2026-05-01,Midsize SUV,mazda,mazda_cx_90,0,,,,,
2026-05-01,Midsize SUV,nissan,nissan_pathfinder,0,,,,,
2026-05-01,Midsize SUV,subaru,subaru_ascent,0,,,,,
2026-05-01,Midsize SUV,toyota,toyota_grand_highlander,0,,,,,
2026-05-01,Midsize SUV,toyota,toyota_highlander,0,,,,,
2026-05-01,Midsize SUV,toyota,toyota_land_cruiser,0,,,,,
2026-05-01,Midsize SUV,volkswagen,volkswagen_atlas,0,,,,,
2026-05-01,Sub-Compact SUV,hyundai,hyundai_tucson,4214,173.21180597392149,-0.025439407955596627,,-1.0593413712488484,
2026-05-01,Sub-Compact SUV,mazda,mazda_cx_50,3959,162.73031320615928,0.003548795944233296,,3.734088350308923,
2026-05-01,Sub-Compact SUV,volkswagen,volkswagen_tiguan,3921,161.16836526429665,0.042541877160329644,,9.587933912496112,
2026-05-01,Sub-Compact SUV,nissan,nissan_rogue,3587,147.4396649331885,0.06376037959667857,,11.53718832636281,
2026-05-01,Sub-Compact SUV,kia,kia_sportage,3113,127.95641955311287,0.09535538353272344,,13.414652495995824,
2026-05-01,Sub-Compact SUV,mazda,mazda_cx_5,2363,97.12849964792987,-0.06267354224514077,,-4.475932002665502,
2026-05-01,Sub-Compact SUV,subaru,subaru_forester,2267,93.18252590006645,-0.016485900216919758,,0.2835909716164906,
2026-05-01,Sub-Compact SUV,honda,honda_cr_v,2037,83.728630462477,-0.037789324515824285,,-1.5932980596612083,
2026-05-01,Sub-Compact SUV,hyundai,hyundai_santa_cruz,1642,67.4925926457473,0.010461538461538522,,1.9998511018292078,
2026-05-01,Sub-Compact SUV,ford,ford_escape,1622,66.67051478160907,-0.26104783599088843,,-21.7950653346372,
2026-05-01,Sub-Compact SUV,jeep,jeep_compass,1581,64.98525516012575,-0.1481681034482759,,-9.817531489420077,
2026-05-01,Sub-Compact SUV,ford,ford_bronco_sport,1364,56.06571033422613,-0.17781796262808924,,-10.79734087891854,
2026-05-01,Sub-Compact SUV,toyota,toyota_rav4,1049,43.117983974049274,-0.005687203791469142,,0.5980810024593808,
2026-05-01,Sub-Compact SUV,chevrolet,chevrolet_equinox,1010,41.51493213897976,0.01814516129032251,,1.534132378015613,
2026-05-01,Sub-Compact SUV,dodge,dodge_hornet,560,23.018180195869967,0.0,,0.4483738791966587,
2026-05-01,Sub-Compact SUV,gmc,gmc_terrain,4,0.1644155728276426,0.0,,0.003202670565690402,
2026-06-01,Compact Car,toyota,toyota_prius,3048,223.98765738727988,0.049948329314502216,,25.158114704430943,
2026-06-01,Compact Car,subaru,subaru_impreza,2705,198.78169725478742,0.08721864951768499,,28.375943829045724,
2026-06-01,Compact Car,volkswagen,volkswagen_jetta,1972,144.91589907077295,0.021232522009321686,,12.659665202160738,
2026-06-01,Compact Car,subaru,subaru_wrx,1971,144.84241230653828,0.05344735435595949,,16.695641944977694,
2026-06-01,Compact Car,volkswagen,volkswagen_golf,1958,143.88708437148753,0.09020044543429839,,20.87714339374152,
2026-06-01,Compact Car,hyundai,hyundai_elantra,1826,134.18683149251083,-0.07262569832402233,,-0.6720625972340883,
2026-06-01,Compact Car,kia,kia_k4,1203,88.40457737431026,0.0033361134278564464,,6.283798291728161,
2026-06-01,Compact Car,honda,honda_civic,905,66.50552163237805,-0.013086150490730697,,3.699221032938688,
2026-06-01,Compact Car,nissan,nissan_sentra,833,61.21447460748167,-0.1014023732470335,,-2.2767365764662983,
2026-06-01,Compact Car,toyota,toyota_corolla,595,43.724624719629766,-0.3359375,,-17.64336365234152,
2026-06-01,Compact SUV,nissan,nissan_murano,7413,244.33500472830266,0.06188225182638596,,4.593608577547286,
2026-06-01,Compact SUV,mazda,mazda_cx_70,7141,235.36979209022113,0.05200353565114901,,2.256399013107881,
2026-06-01,Compact SUV,kia,kia_sorento,4433,146.1131897963801,-0.00627661959201975,,-7.086404563814682,
2026-06-01,Compact SUV,jeep,jeep_wrangler,3606,118.85498813574253,0.09604863221884496,,5.8698580202884045,
2026-06-01,Compact SUV,volkswagen,volkswagen_atlas_cross_sport,3588,118.26170200528125,0.0025146689019279744,,-4.648261728217321,
2026-06-01,Compact SUV,hyundai,hyundai_santa_fe,3572,117.73433655598234,-0.1803579623680588,,-31.92803336594747,
2026-06-01,Compact SUV,subaru,subaru_outback,3350,110.41714094695992,0.3050253213868328,,22.261265869035682,
2026-06-01,Compact SUV,mitsubishi,mitsubishi_outlander,2865,94.43137576508661,0.17273843634875163,,10.533906807015356,
2026-06-01,Compact SUV,jeep,jeep_cherokee,1908,62.88832982889538,0.7666666666666666,,25.798986204369406,
2026-06-01,Compact SUV,honda,honda_passport,1720,56.69178579963315,0.008797653958944274,,-1.8612983483453505,
2026-06-01,Compact SUV,chevrolet,chevrolet_blazer,1180,38.89320188579484,0.035996488147497896,,-0.22231884414505743,
2026-06-01,Compact SUV,buick,buick_envision,1153,38.003272690102925,-0.11579754601226999,,-6.778675538028438,
2026-06-01,Compact SUV,toyota,toyota_4_runner,971,32.004490704327786,-0.11646951774340308,,-5.737350632111145,
2026-06-01,Compact SUV,ford,ford_bronco,834,27.488924044705843,-0.05869074492099324,,-2.9380745213404644,
2026-06-01,Compact SUV,toyota,toyota_crown_signia,21,0.6921671522048234,-0.7375,,-2.0551916347971004,
2026-06-01,Entry CUV,kia,kia_niro,6169,502.51792943395964,-0.056294936515220995,,30.58465416100529,
2026-06-01,Entry CUV,mazda,mazda_cx_30,3329,271.17558552207026,0.08436482084690544,,49.539490204956934,
2026-06-01,Entry CUV,mitsubishi,mitsubishi_eclipse_cross,2504,203.97226378710243,0.21200387221684425,,54.81911299714929,
2026-06-01,Entry CUV,hyundai,hyundai_kona,2383,194.11577659930714,-0.04181745074386811,,14.568881142088628,
2026-06-01,Entry CUV,subaru,subaru_crosstrek,2136,173.99550936471678,0.015691868758915817,,22.171174364101375,
2026-06-01,Entry CUV,volkswagen,volkswagen_taos,1989,162.0210993101225,0.07804878048780495,,28.822859616287303,
2026-06-01,Entry CUV,mitsubishi,mitsubishi_outlander_sport,1713,139.53853349333326,0.04133738601823711,,20.77912737064551,
2026-06-01,Entry CUV,mini,mini_countryman,1163,94.73631900335468,-0.42225534028812717,,-50.59054089024437,
2026-06-01,Entry CUV,nissan,nissan_kicks,1098,89.44151183635722,0.052732502396931835,,14.142994762823278,
2026-06-01,Entry CUV,buick,buick_encore_gx,1034,84.2281632411597,-0.32769830949284784,,-26.80646692096417,
2026-06-01,Entry CUV,kia,kia_seltos,1004,81.78440608716087,-0.464247598719317,,-53.50746447449072,
2026-06-01,Entry CUV,chevrolet,chevrolet_trax,768,62.56018314237007,-0.2440944881889764,,-10.789091399058968,
2026-06-01,Entry CUV,hyundai,hyundai_venue,481,39.181573035781255,0.012631578947368327,,4.889343304306067,
2026-06-01,Entry CUV,kia,kia_soul,452,36.81927445358239,0.0,,4.187510582789159,
2026-06-01,Entry CUV,chevrolet,chevrolet_trailblazer,417,33.968224440583754,-0.009501187648456089,,3.5744797733183766,
2026-06-01,Entry CUV,buick,buick_envista,390,31.768843001984802,-0.24710424710424705,,-5.627735947287089,
2026-06-01,Entry CUV,toyota,toyota_corolla_cross,312,25.415074401587844,-0.4200743494423792,,-13.42538790479879,
2026-06-01,Entry CUV,honda,honda_hr_v,175,14.25525006499318,-0.6967071057192374,,-27.400784787767204,
2026-06-01,Mainstream EV Car,hyundai,hyundai_ioniq_6,14530,288.2178999423317,-0.04640021001509487,,32.09526258241743,
2026-06-01,Mainstream EV Car,dodge,dodge_charger_daytona_ev,883,17.515237828567027,0.0,,2.6726645668485602,
2026-06-01,Mainstream EV Car,toyota,toyota_mirai,0,0.0,,,0.0,
2026-06-01,Mainstream EV SUV,kia,kia_ev9,17589,385.22169672698845,-0.0031172069825435855,,29.34697739068679,
2026-06-01,Mainstream EV SUV,hyundai,hyundai_ioniq_9,17272,378.2789894745889,-0.010030377715366523,,26.377706984198085,
2026-06-01,Mainstream EV SUV,kia,kia_ev6,10855,237.73844550409117,0.7734030387191635,,114.2795270583021,
2026-06-01,Mainstream EV SUV,hyundai,hyundai_ioniq_5,9382,205.47785312937663,-0.012109087080130587,,13.925925588180917,
2026-06-01,Mainstream EV SUV,chevrolet,chevrolet_blazer_ev,6990,153.0899801081158,-0.03359601824968894,,7.202321699621706,
2026-06-01,Mainstream EV SUV,subaru,subaru_solterra,5715,125.1658421055625,0.10949330227140353,,21.271561936593457,
2026-06-01,Mainstream EV SUV,honda,honda_prologue,5513,120.74178259456974,0.10127846584099087,,19.77211330203255,
2026-06-01,Mainstream EV SUV,ford,ford_mustang_mach_e,4829,105.76130385437644,-0.04338351822503961,,3.9445058941831235,
2026-06-01,Mainstream EV SUV,nissan,nissan_ariya,3940,86.29106174906671,0.0,,6.8223248308492686,
2026-06-01,Mainstream EV SUV,volkswagen,volkswagen_id_4,1983,43.43024757573586,1.5554123711340204,,27.778536954279836,
2026-06-01,Mainstream EV SUV,chevrolet,chevrolet_equinox_ev,1685,36.90366473278615,-0.7423941293380217,,-95.02654038956419,
2026-06-01,Mainstream EV SUV,nissan,nissan_leaf,1224,26.807172482451183,0.21188118811881185,,6.4357449983396045,
2026-06-01,Mainstream EV SUV,chevrolet,chevrolet_bolt_euv,0,0.0,,,0.0,
2026-06-01,Mainstream EV SUV,hyundai,hyundai_ioniq_5_n,0,0.0,,,0.0,
2026-06-01,Mainstream EV SUV,jeep,jeep_wagoneer_s,0,0.0,,,0.0,
2026-06-01,Mainstream EV SUV,toyota,toyota_bz,0,0.0,,,0.0,
2026-06-01,Mainstream EV SUV,toyota,toyota_bz4x,0,0.0,,,0.0,
2026-06-01,Mainstream EV SUV,toyota,toyota_bz_woodland,0,0.0,,,0.0,
2026-06-01,Mainstream EV SUV,toyota,toyota_c_hr,0,0.0,,,0.0,
2026-06-01,Midsize Car,honda,honda_accord,0,,,,,
2026-06-01,Midsize Car,hyundai,hyundai_sonata,0,,,,,
2026-06-01,Midsize Car,kia,kia_k5,0,,,,,
2026-06-01,Midsize Car,nissan,nissan_altima,0,,,,,
2026-06-01,Midsize Car,subaru,subaru_legacy,0,,,,,
2026-06-01,Midsize Car,toyota,toyota_camry,0,,,,,
2026-06-01,Midsize SUV,buick,buick_enclave,0,,,,,
2026-06-01,Midsize SUV,chevrolet,chevrolet_traverse,0,,,,,
2026-06-01,Midsize SUV,dodge,dodge_durango,0,,,,,
2026-06-01,Midsize SUV,ford,ford_explorer,0,,,,,
2026-06-01,Midsize SUV,gmc,gmc_acadia,0,,,,,
2026-06-01,Midsize SUV,honda,honda_pilot,0,,,,,
2026-06-01,Midsize SUV,hyundai,hyundai_palisade,0,,,,,
2026-06-01,Midsize SUV,jeep,jeep_grand_cherokee,0,,,,,
2026-06-01,Midsize SUV,jeep,jeep_grand_cherokee_l,0,,,,,
2026-06-01,Midsize SUV,kia,kia_telluride,0,,,,,
2026-06-01,Midsize SUV,mazda,mazda_cx_90,0,,,,,
2026-06-01,Midsize SUV,nissan,nissan_pathfinder,0,,,,,
2026-06-01,Midsize SUV,subaru,subaru_ascent,0,,,,,
2026-06-01,Midsize SUV,toyota,toyota_grand_highlander,0,,,,,
2026-06-01,Midsize SUV,toyota,toyota_highlander,0,,,,,
2026-06-01,Midsize SUV,toyota,toyota_land_cruiser,0,,,,,
2026-06-01,Midsize SUV,volkswagen,volkswagen_atlas,0,,,,,
2026-06-01,Sub-Compact SUV,volkswagen,volkswagen_tiguan,4006,169.42360322148278,0.021678143330782884,,8.255237957186125,
2026-06-01,Sub-Compact SUV,mazda,mazda_cx_50,3940,166.63230072207742,-0.004799191715079587,,3.9019875159181368,
2026-06-01,Sub-Compact SUV,hyundai,hyundai_tucson,3845,162.6145168214182,-0.08756525866160414,,-10.597289152503294,
2026-06-01,Sub-Compact SUV,nissan,nissan_rogue,3536,149.54614602874764,-0.014218009478673022,,2.1064810955591327,
2026-06-01,Sub-Compact SUV,kia,kia_sportage,3078,130.17619838135897,-0.011243173787343408,,2.219778828246106,
2026-06-01,Sub-Compact SUV,mazda,mazda_cx_5,2562,108.35328793146253,0.08421498095641144,,11.22478828353266,
2026-06-01,Sub-Compact SUV,subaru,subaru_forester,2002,84.66950914862919,-0.11689457432730477,,-8.513016751437263,
2026-06-01,Sub-Compact SUV,honda,honda_cr_v,1990,84.16199960328277,-0.02307314678448702,,0.43336914080576605,
2026-06-01,Sub-Compact SUV,ford,ford_escape,1873,79.21378153615508,0.154747225647349,,12.54326675454601,
2026-06-01,Sub-Compact SUV,jeep,jeep_compass,1656,70.03631725780716,0.04743833017077792,,5.05106209768141,
2026-06-01,Sub-Compact SUV,hyundai,hyundai_santa_cruz,1619,68.47149615965567,-0.014007308160779552,,0.9789035139083779,
2026-06-01,Sub-Compact SUV,ford,ford_bronco_sport,1479,62.550551463947336,0.08431085043988262,,6.484841129721204,
2026-06-01,Sub-Compact SUV,toyota,toyota_rav4,1065,45.04147214949555,0.015252621544327827,,1.9234881754462734,
2026-06-01,Sub-Compact SUV,chevrolet,chevrolet_equinox,780,32.988120447517865,-0.2277227722772277,,-8.526811691461894,
2026-06-01,Sub-Compact SUV,dodge,dodge_hornet,560,23.68377878283334,0.0,,0.6655985869633732,
2026-06-01,Sub-Compact SUV,gmc,gmc_terrain,4,0.16916984844880956,0.0,,0.0047542756211669535,
2026-07-01,Compact Car,toyota,toyota_prius,3048,223.1046282888023,0.0,1.8945868945868947,-0.8830290984775786,117.05032413013032
2026-07-01,Compact Car,subaru,subaru_impreza,2777,203.26822597047374,0.026617375231053675,0.35529526598340655,4.486528715686319,-3.099551067625896
2026-07-01,Compact Car,subaru,subaru_wrx,2287,167.40166827312692,0.16032470826991374,-0.16319063300402492,22.559255966588637,-107.85608411590493
2026-07-01,Compact Car,volkswagen,volkswagen_jetta,2076,151.95708934631023,0.05273833671399597,1.9827586206896552,7.041190275537275,81.8585179365897
2026-07-01,Compact Car,volkswagen,volkswagen_golf,2045,149.6879805940291,0.044433094994892786,40.734693877551024,5.800896222541581,144.75288002064363
2026-07-01,Compact Car,hyundai,hyundai_elantra,1838,134.5361898933132,0.006571741511500528,0.03724604966139955,0.3493584008023731,-43.9331614544235
2026-07-01,Compact Car,kia,kia_k4,1220,89.30040896074108,0.01413133832086455,0.012448132780082943,0.8958315864308162,-32.06277860924918
2026-07-01,Compact Car,nissan,nissan_sentra,842,61.63192159421638,0.010804321728691502,-0.2086466165413534,0.4174469867347099,-45.53026228501153
2026-07-01,Compact Car,honda,honda_civic,703,51.457530737213915,-0.2232044198895028,2.9943181818181817,-15.047990895164133,33.731455208319076
2026-07-01,Compact Car,toyota,toyota_corolla,595,43.55224863249257,0.0,-0.15602836879432624,-0.1723760871371951,-27.45276982131916
2026-07-01,Compact SUV,mazda,mazda_cx_70,7933,202.55923578668822,0.11090883629743731,-0.13508504143044042,-32.810556303532906,-17.46753950714742
2026-07-01,Compact SUV,nissan,nissan_murano,7613,194.3884359062218,0.0269796303790637,0.07802322288303598,-49.94656882208088,24.978374074007746
2026-07-01,Compact SUV,hyundai,hyundai_santa_fe,5627,143.67840914807698,0.5753079507278835,0.31073841136734215,25.944072592094642,40.693787872844055
2026-07-01,Compact SUV,kia,kia_sorento,4624,118.06805827273999,0.043085946311752776,0.23142476697736347,-28.045131523640123,27.989499482034276
2026-07-01,Compact SUV,jeep,jeep_wrangler,4525,115.54021705972067,0.254853022739878,-0.19124218051831998,-3.314771076021856,-18.67803498661712
2026-07-01,Compact SUV,subaru,subaru_outback,3825,97.66659232120035,0.14179104477611948,-0.30756698044895003,-12.750548625759563,-34.84844330059947
2026-07-01,Compact SUV,volkswagen,volkswagen_atlas_cross_sport,3773,96.33883734062456,0.05156075808249727,0.505586592178771,-21.922864664656686,36.22249424355172
2026-07-01,Compact SUV,ford,ford_bronco,3344,85.38485875087424,3.0095923261390887,0.2510288065843622,57.895934706168404,21.262358711578273
2026-07-01,Compact SUV,mitsubishi,mitsubishi_outlander,2941,75.09475765141183,0.02652705061082017,-0.5036286919831223,-19.33661811367479,-67.03985242446869
2026-07-01,Compact SUV,jeep,jeep_cherokee,1939,49.5099405257013,0.016247379454926714,,-13.378389303194076,
2026-07-01,Compact SUV,honda,honda_passport,1421,36.28345821919626,-0.1738372093023256,0.22079037800687296,-20.40832758043689,8.360304442263786
2026-07-01,Compact SUV,buick,buick_envision,1388,35.440844481523165,0.20381613183000868,-0.19815135759676483,-2.5624282085797603,-6.084051727987244
2026-07-01,Compact SUV,chevrolet,chevrolet_blazer,1298,33.142807015141976,0.10000000000000009,-0.29609544468546634,-5.750394870652862,-11.092842095393664
2026-07-01,Compact SUV,toyota,toyota_4_runner,971,24.793270887290337,0.0,,-7.211219817037449,24.793270887290337
2026-07-01,Compact SUV,toyota,toyota_crown_signia,21,0.5362087421556098,0.0,-0.8235294117647058,-0.15595841004921362,-2.3184779412249443
2026-07-01,Entry CUV,kia,kia_niro,6364,533.2574424341099,0.03160966120927222,-0.01607915893630174,30.739513000150225,21.848341234078703
2026-07-01,Entry CUV,mazda,mazda_cx_30,2840,237.97158021886736,-0.1468909582457194,0.29798903107861063,-33.204005303202905,64.97171728972882
2026-07-01,Entry CUV,subaru,subaru_crosstrek,2189,183.42246095038757,0.024812734082396926,-0.28580750407830346,9.426951585670793,-58.91966879266985
2026-07-01,Entry CUV,mitsubishi,mitsubishi_eclipse_cross,2154,180.48971260261982,-0.139776357827476,0.5115789473684211,-23.482551184482617,67.81841247738105
2026-07-01,Entry CUV,mitsubishi,mitsubishi_outlander_sport,2144,179.65178450325763,0.2516053706946877,0.95264116575592,40.11325100992437,92.83558272254733
2026-07-01,Entry CUV,volkswagen,volkswagen_taos,1966,164.7366643346103,-0.011563599798893875,0.5407523510971788,2.715565024487802,63.84643348562457
2026-07-01,Entry CUV,hyundai,hyundai_kona,1864,156.18979772111575,-0.21779269827947967,-0.10898661567877632,-37.92597887819139,-9.21957762063829
2026-07-01,Entry CUV,mini,mini_countryman,1163,97.45103795582492,0.0,-0.7224343675417662,2.7147189524702355,-233.84211820189472
2026-07-01,Entry CUV,nissan,nissan_kicks,1098,92.00450530997055,0.0,0.15336134453781503,2.562993473613332,16.732170068407527
2026-07-01,Entry CUV,chevrolet,chevrolet_trax,1007,84.37935960577445,0.31119791666666674,3.4955357142857144,21.819176463404382,66.66822190187727
2026-07-01,Entry CUV,buick,buick_encore_gx,1006,84.29556679583823,-0.027079303675048405,4.294736842105263,0.06740355467852055,69.27272677913973
2026-07-01,Entry CUV,kia,kia_seltos,786,65.86114860986963,-0.2171314741035857,-0.4121166791323859,-15.923257477291244,-39.852204560266685
2026-07-01,Entry CUV,chevrolet,chevrolet_trailblazer,464,38.8798638104065,0.11270983213429253,-0.08481262327416172,4.911639369822744,-1.2073987604679317
2026-07-01,Entry CUV,buick,buick_envista,459,38.4608997607254,0.17692307692307696,2.25531914893617,6.692056758740595,27.312371116754402
2026-07-01,Entry CUV,hyundai,hyundai_venue,459,38.4608997607254,-0.04573804573804574,-0.33574529667149056,-0.7206732750558587,-16.174797352636
2026-07-01,Entry CUV,kia,kia_soul,452,37.87435009117185,0.0,-0.256578947368421,1.0550756375894608,-10.198737962263365
2026-07-01,Entry CUV,toyota,toyota_corolla_cross,312,26.143356700100924,0.0,0.4579439252336448,0.7282822985130792,9.222894786556292
2026-07-01,Entry CUV,honda,honda_hr_v,175,14.663741738838658,0.0,-0.5244565217391304,0.4084916738454769,-14.433127346135285
2026-07-01,Mainstream EV Car,hyundai,hyundai_ioniq_6,16464,578.732196976065,0.13310392291810058,0.12122037591936796,290.51429703373327,510.3464432200451
2026-07-01,Mainstream EV Car,dodge,dodge_charger_daytona_ev,883,31.038661924797463,0.0,-0.9668144918821407,13.523424096230436,-92.87908092048842
2026-07-01,Mainstream EV Car,toyota,toyota_mirai,0,0.0,,,0.0,
2026-07-01,Mainstream EV SUV,kia,kia_ev9,19520,352.64358986729985,0.10978452441867081,0.5299004624186849,-32.5781068596886,256.28828759673
2026-07-01,Mainstream EV SUV,hyundai,hyundai_ioniq_9,18158,328.03802791037043,0.05129689671144044,,-50.24096156421848,
2026-07-01,Mainstream EV SUV,kia,kia_ev6,11179,201.95710507820414,0.029847996315062186,-0.29008700069854576,-35.78134042588704,83.03658271323329
2026-07-01,Mainstream EV SUV,hyundai,hyundai_ioniq_5,9568,172.8531694595453,0.019825197186100985,-0.5381793609421759,-32.62468366983131,16.391914467644256
2026-07-01,Mainstream EV SUV,ford,ford_mustang_mach_e,6299,113.79620761137919,0.3044108511078898,-0.47660988782717073,8.034903757002752,22.90851556448618
2026-07-01,Mainstream EV SUV,chevrolet,chevrolet_blazer_ev,6188,111.79090850916246,-0.11473533619456366,-0.4877907457991888,-41.29907159895335,20.55582686242259
2026-07-01,Mainstream EV SUV,subaru,subaru_solterra,6056,109.40622849571557,0.05966754155730536,-0.3659302690817715,-15.759613609846937,37.27757484055353
2026-07-01,Mainstream EV SUV,honda,honda_prologue,4850,87.61892473649611,-0.12026120079811353,-0.5776365061395106,-33.12285785807363,0.8999078877655364
2026-07-01,Mainstream EV SUV,nissan,nissan_ariya,3940,71.17908524985458,0.0,-0.7301554688035066,-15.111976499212133,-39.08690491023556
2026-07-01,Mainstream EV SUV,volkswagen,volkswagen_id_4,3487,62.995297021889066,0.7584467977811398,-0.8331578947368421,19.565049446153203,-94.84041247375399
2026-07-01,Mainstream EV SUV,nissan,nissan_leaf,1620,29.266527437757464,0.32352941176470584,-0.8283898305084746,2.4593549553062815,-42.02386000907843
2026-07-01,Mainstream EV SUV,chevrolet,chevrolet_equinox_ev,1618,29.23039592240221,-0.039762611275964366,-0.8132933302561736,-7.673268810383938,-36.21478390961896
2026-07-01,Mainstream EV SUV,chevrolet,chevrolet_bolt_euv,0,0.0,,,0.0,
2026-07-01,Mainstream EV SUV,hyundai,hyundai_ioniq_5_n,0,0.0,,,0.0,0.0
2026-07-01,Mainstream EV SUV,jeep,jeep_wagoneer_s,0,0.0,,,0.0,
2026-07-01,Mainstream EV SUV,toyota,toyota_bz,0,0.0,,,0.0,
2026-07-01,Mainstream EV SUV,toyota,toyota_bz_woodland,0,0.0,,,0.0,
2026-07-01,Mainstream EV SUV,toyota,toyota_c_hr,0,0.0,,,0.0,
2026-07-01,Midsize Car,honda,honda_accord,0,,,,,
2026-07-01,Midsize Car,hyundai,hyundai_sonata,0,,,,,
2026-07-01,Midsize Car,kia,kia_k5,0,,,,,
2026-07-01,Midsize Car,nissan,nissan_altima,0,,,,,
2026-07-01,Midsize Car,subaru,subaru_legacy,0,,,,,
2026-07-01,Midsize Car,toyota,toyota_camry,0,,,,,
2026-07-01,Midsize SUV,buick,buick_enclave,0,,,,,
2026-07-01,Midsize SUV,chevrolet,chevrolet_traverse,0,,,,,
2026-07-01,Midsize SUV,dodge,dodge_durango,0,,,,,
2026-07-01,Midsize SUV,ford,ford_explorer,0,,,,,
2026-07-01,Midsize SUV,gmc,gmc_acadia,0,,,,,
2026-07-01,Midsize SUV,honda,honda_pilot,0,,,,,
2026-07-01,Midsize SUV,hyundai,hyundai_palisade,0,,,,,
2026-07-01,Midsize SUV,jeep,jeep_grand_cherokee,0,,,,,
2026-07-01,Midsize SUV,jeep,jeep_grand_cherokee_l,0,,,,,
2026-07-01,Midsize SUV,kia,kia_telluride,0,,,,,
2026-07-01,Midsize SUV,mazda,mazda_cx_90,0,,,,,
2026-07-01,Midsize SUV,nissan,nissan_pathfinder,0,,,,,
2026-07-01,Midsize SUV,subaru,subaru_ascent,0,,,,,
2026-07-01,Midsize SUV,toyota,toyota_grand_highlander,0,,,,,
2026-07-01,Midsize SUV,toyota,toyota_highlander,0,,,,,
2026-07-01,Midsize SUV,toyota,toyota_land_cruiser,0,,,,,
2026-07-01,Midsize SUV,volkswagen,volkswagen_atlas,0,,,,,
2026-07-01,Sub-Compact SUV,hyundai,hyundai_tucson,4390,174.5600930368938,0.14174252275682697,0.5706618962432917,11.945576215475597,21.26359900974117
2026-07-01,Sub-Compact SUV,volkswagen,volkswagen_tiguan,4208,167.3232053529041,0.05042436345481782,1.044703595724004,-2.100397868578682,54.448720663143774
2026-07-01,Sub-Compact SUV,nissan,nissan_rogue,3935,156.4678738269196,0.11283936651583715,0.19714024946759956,6.921727798171958,-23.813190884082445
2026-07-01,Sub-Compact SUV,mazda,mazda_cx_50,3582,142.43149276951107,-0.09086294416243657,-0.12889105058365757,-24.20080795256635,-83.09808985648235
2026-07-01,Sub-Compact SUV,mazda,mazda_cx_5,3315,131.81473995838334,0.2939110070257611,0.5311778290993072,23.46145202692081,13.07165961176959
2026-07-01,Sub-Compact SUV,kia,kia_sportage,3159,125.61169337210649,0.026315789473684292,0.4365620736698499,-4.5645050092524855,5.003825620511265
2026-07-01,Sub-Compact SUV,subaru,subaru_forester,2079,82.66752469788204,0.03846153846153855,0.06944444444444442,-2.0019844507471447,-23.9544375163522
2026-07-01,Sub-Compact SUV,ford,ford_escape,2069,82.26989350645404,0.10464495461825951,0.088374539715939,3.056111970298957,-21.99366110736247
2026-07-01,Sub-Compact SUV,honda,honda_cr_v,1872,74.43655903532236,-0.059296482412060314,1.5643835616438357,-9.725440567960405,34.39847651660271
2026-07-01,Sub-Compact SUV,ford,ford_bronco_sport,1744,69.34687978504391,0.17917511832319133,0.20608575380359606,6.796328321096574,-9.961431615050074
2026-07-01,Sub-Compact SUV,hyundai,hyundai_santa_cruz,1639,65.17175227504987,0.012353304508956109,0.04195804195804187,-3.299743884605803,-21.102088549533704
2026-07-01,Sub-Compact SUV,jeep,jeep_compass,1492,59.32657376105821,-0.09903381642512077,-0.3704641350210971,-10.709743496748949,-70.66007770382615
2026-07-01,Sub-Compact SUV,toyota,toyota_rav4,1065,42.34772188708243,0.0,-0.09898477157360408,-2.6937502624131184,-22.481063780214313
2026-07-01,Sub-Compact SUV,chevrolet,chevrolet_equinox,649,25.806264323677464,-0.1679487179487179,1.245674740484429,-7.181856123840401,9.955571381335028
2026-07-01,Sub-Compact SUV,dodge,dodge_hornet,560,22.267346719968227,0.0,-0.8774617067833698,-1.4164320628651126,-228.38201918489312
2026-07-01,Sub-Compact SUV,gmc,gmc_terrain,4,0.1590524765712016,0.0,-0.9901960784313726,-0.010117371877607945,-22.218396383206358
2026-08-01,Compact Car,subaru,subaru_impreza,2857,229.54652584210228,0.028808066258552367,0.3943387018057589,26.278299871628548,11.560572112829021
2026-08-01,Compact Car,subaru,subaru_wrx,2256,181.2589997549117,-0.013554875382597253,-0.08995562726906015,13.857331481784797,-82.4731521703535
2026-08-01,Compact Car,volkswagen,volkswagen_golf,1991,159.96749490781437,-0.026405867970660135,59.333333333333336,10.279514313785256,156.45674016254057
2026-08-01,Compact Car,toyota,toyota_prius,1951,156.7536828554223,-0.3599081364829396,1.1160520607375273,-66.35094543337999,58.66532300262098
2026-08-01,Compact Car,hyundai,hyundai_elantra,1935,155.4681580344655,0.05277475516866148,0.24677835051546393,20.931968141152282,-9.643701500835675
2026-08-01,Compact Car,volkswagen,volkswagen_jetta,1831,147.11224669824617,-0.11801541425818884,1.277363184079602,-4.844842648064059,61.57749472248449
2026-08-01,Compact Car,kia,kia_k4,1275,102.44025916999665,0.04508196721311486,0.04938271604938271,13.13985020925557,-26.819347360538742
2026-08-01,Compact Car,honda,honda_civic,666,53.50997067232766,-0.052631578947368474,5.403846153846154,2.052439935113746,42.445773899343564
2026-08-01,Compact Car,nissan,nissan_sentra,587,47.16269186885336,-0.3028503562945368,-0.47775800711743777,-14.469229725363022,-72.41574248532093
2026-08-01,Compact Car,toyota,toyota_corolla,506,40.65472246275945,-0.14957983193277313,-0.32533333333333336,-2.897526169733119,-39.13515811164511
2026-08-01,Compact SUV,mazda,mazda_cx_70,8275,222.77065299363596,0.04311105508634827,-0.0961223375204806,20.211417206947743,-18.75749008280087
2026-08-01,Compact SUV,nissan,nissan_murano,6394,172.13239338263546,-0.16012084592145015,-0.14621444785685678,-22.25604252358633,-25.443167895293044
2026-08-01,Compact SUV,kia,kia_sorento,4574,123.13631018645206,-0.010813148788927363,0.3448985592472802,5.068251913712075,33.41078155696417
2026-08-01,Compact SUV,hyundai,hyundai_santa_fe,4501,121.17108267363813,-0.2001066287542207,0.22442872687704019,-22.507326474438855,24.190476016185173
2026-08-01,Compact SUV,jeep,jeep_wrangler,4465,120.20192937964768,-0.013259668508287303,-0.10305343511450382,4.661712319927005,-11.128173977479861
2026-08-01,Compact SUV,volkswagen,volkswagen_atlas_cross_sport,3767,101.41112384616636,-0.0015902464882057155,0.5867733782645324,5.072286505541797,38.780013888387984
2026-08-01,Compact SUV,subaru,subaru_outback,3709,99.84971020584842,-0.03032679738562094,-0.2882364229514489,2.1831178846480697,-37.627422898609495
2026-08-01,Compact SUV,mitsubishi,mitsubishi_outlander,3439,92.58106050092013,0.16933015980958865,-0.4411764705882353,17.486302849508306,-69.77439471397798
2026-08-01,Compact SUV,ford,ford_bronco,3148,84.7470713744974,-0.05861244019138756,0.7117998912452419,-0.6377873763768491,36.23038594385105
2026-08-01,Compact SUV,buick,buick_envision,2661,71.63658098079338,0.9171469740634006,0.587708830548926,36.19573649927022,27.42017816308632
2026-08-01,Compact SUV,jeep,jeep_cherokee,2085,56.130128276946344,0.07529654461062396,,6.620187751245041,
2026-08-01,Compact SUV,honda,honda_passport,1451,39.06226193278136,0.02111189303307537,0.27616534740545284,2.7788037135850985,9.065812049885821
2026-08-01,Compact SUV,chevrolet,chevrolet_blazer,1066,28.697705872050264,-0.17873651771956856,-0.33665214685749845,-4.445101143091712,-13.698331913185562
2026-08-01,Compact SUV,toyota,toyota_4_runner,573,15.425689929347843,-0.4098867147270855,,-9.367580957942494,15.425689929347843
2026-08-01,Compact SUV,toyota,toyota_crown_signia,21,0.5653394214944236,0.0,-0.7341772151898734,0.02913067933881386,-1.5188466301755392
2026-08-01,Entry CUV,kia,kia_niro,6653,617.2584760480561,0.04541169076052798,0.07566693613581243,84.00103361394622,117.22691841997067
2026-08-01,Entry CUV,mazda,mazda_cx_30,2816,261.26557471085613,-0.008450704225352101,0.3295561850802644,23.29399449198877,90.0340728424188
2026-08-01,Entry CUV,mitsubishi,mitsubishi_eclipse_cross,2408,223.4117556476355,0.117920148560817,0.8975571315996849,42.92204304501567,120.81837704940746
2026-08-01,Entry CUV,subaru,subaru_crosstrek,2332,216.36055405742772,0.0653266331658291,-0.25637755102040816,32.938093107040146,-37.17201905844547
2026-08-01,Entry CUV,volkswagen,volkswagen_taos,1786,165.7032373698825,-0.09155645981688709,0.4242424242424243,0.9665730352721766,64.32254646194085
2026-08-01,Entry CUV,mitsubishi,mitsubishi_outlander_sport,1758,163.10542625770066,-0.1800373134328358,11.208333333333334,-16.546358245556974,151.46362443095137
2026-08-01,Entry CUV,hyundai,hyundai_kona,1341,124.41659647985017,-0.2805793991416309,-0.31476750127746556,-31.773201241265582,-33.7987241795133
2026-08-01,Entry CUV,nissan,nissan_kicks,1098,101.87130718484376,0.0,0.36567164179104483,9.866801874873204,36.87124698549361
2026-08-01,Entry CUV,chevrolet,chevrolet_trax,839,77.84155439716204,-0.1668321747765641,3.21608040201005,-6.537805208612411,61.75323103936269
2026-08-01,Entry CUV,buick,buick_encore_gx,783,72.64593217279842,-0.2216699801192843,6.83,-11.649634623039802,64.5613475708892
2026-08-01,Entry CUV,chevrolet,chevrolet_trailblazer,702,65.13083574112962,0.5129310344827587,0.8770053475935828,26.250971930723118,34.89448932998913
2026-08-01,Entry CUV,hyundai,hyundai_venue,479,44.44112581196736,0.04357298474945526,-0.30979827089337175,5.980226051241964,-11.665891325282644
2026-08-01,Entry CUV,kia,kia_soul,452,41.93609366807776,0.0,-0.3203007518796992,4.061743576905911,-11.826393934618565
2026-08-01,Entry CUV,kia,kia_seltos,398,36.92602938029856,-0.4936386768447837,-0.7128427128427128,-28.93511922957107,-75.12631320216326
2026-08-01,Entry CUV,mini,mini_countryman,316,29.31815398033755,-0.7282889079965607,-0.9028290282902829,-68.13288397548737,-233.59253727375037
2026-08-01,Entry CUV,buick,buick_envista,297,27.555353582785607,-0.3529411764705882,1.3571428571428572,-10.90554617793979,17.368776984379984
2026-08-01,Entry CUV,toyota,toyota_corolla_cross,199,18.46301469014928,-0.3621794871794872,0.46323529411764697,-7.680342009951644,7.467979631552737
2026-08-01,Entry CUV,honda,honda_hr_v,175,16.2363194511363,0.0,-0.580335731414868,1.572577712297642,-17.47639833882516
2026-08-01,Mainstream EV Car,hyundai,hyundai_ioniq_6,16464,1530.1283531857325,0.0,0.12129673772389848,951.3961562096675,1471.2855358762945
2026-08-01,Mainstream EV Car,dodge,dodge_charger_daytona_ev,883,82.06409960295201,0.0,-0.9714949801465603,51.025437678154546,-42.077693749528066
2026-08-01,Mainstream EV Car,toyota,toyota_mirai,0,0.0,,,0.0,
2026-08-01,Mainstream EV SUV,kia,kia_ev9,19718,412.9776334654684,0.010143442622950749,0.4408476434051882,60.334043598168535,312.1521923925777
2026-08-01,Mainstream EV SUV,hyundai,hyundai_ioniq_9,17336,363.0885614036596,-0.045269302786650534,,35.05053349328915,
2026-08-01,Mainstream EV SUV,kia,kia_ev6,11298,236.6275130790578,0.01064495929868503,-0.29352176088044024,34.670408000853655,118.80504660937069
2026-08-01,Mainstream EV SUV,hyundai,hyundai_ioniq_5,7632,159.8460948680624,-0.2023411371237458,-0.6370035671819263,-13.007074591482905,4.9425582544323845
2026-08-01,Mainstream EV SUV,subaru,subaru_solterra,6512,136.38859666939496,0.07529722589167775,-0.31467059566407074,26.98236817367939,66.38177598436702
2026-08-01,Mainstream EV SUV,ford,ford_mustang_mach_e,6442,134.92250303197827,0.02270201619304646,-0.5597922645893125,21.126295420599078,27.10522099612278
2026-08-01,Mainstream EV SUV,honda,honda_prologue,5044,105.64251867328443,0.040000000000000036,-0.5615438108484005,18.023593936788316,20.885786915700606
2026-08-01,Mainstream EV SUV,chevrolet,chevrolet_blazer_ev,4958,103.8413179187439,-0.1987718164188752,-0.5549371633752245,-7.949590590418566,21.76638817435206
2026-08-01,Mainstream EV SUV,nissan,nissan_ariya,3940,82.52012759174082,0.0,-0.7512783283883593,11.341042341886236,-34.189833097748505
2026-08-01,Mainstream EV SUV,chevrolet,chevrolet_equinox_ev,1356,28.400328176243793,-0.16192830655129786,-0.8292836459775903,-0.8300677461584165,-30.12042289733829
2026-08-01,Mainstream EV SUV,nissan,nissan_leaf,1048,21.949516171610245,-0.3530864197530864,-0.8647741935483871,-7.317011266147219,-35.14929042794422
2026-08-01,Mainstream EV SUV,volkswagen,volkswagen_id_4,962,20.14831541706971,-0.7241181531402352,-0.9574015852632511,-42.846981604819355,-146.23392322005785
2026-08-01,Mainstream EV SUV,chevrolet,chevrolet_bolt_euv,0,0.0,,,0.0,
2026-08-01,Mainstream EV SUV,toyota,toyota_bz,0,0.0,,,0.0,
2026-08-01,Mainstream EV SUV,toyota,toyota_bz4x,0,0.0,,,,0.0
2026-08-01,Mainstream EV SUV,toyota,toyota_bz_woodland,0,0.0,,,0.0,
2026-08-01,Mainstream EV SUV,toyota,toyota_c_hr,0,0.0,,,0.0,
2026-08-01,Midsize Car,honda,honda_accord,0,,,,,
2026-08-01,Midsize Car,hyundai,hyundai_sonata,0,,,,,
2026-08-01,Midsize Car,kia,kia_k5,0,,,,,
2026-08-01,Midsize Car,nissan,nissan_altima,0,,,,,
2026-08-01,Midsize Car,subaru,subaru_legacy,0,,,,,
2026-08-01,Midsize Car,toyota,toyota_camry,0,,,,,
2026-08-01,Midsize SUV,buick,buick_enclave,0,,,,,
2026-08-01,Midsize SUV,chevrolet,chevrolet_traverse,0,,,,,
2026-08-01,Midsize SUV,dodge,dodge_durango,0,,,,,
2026-08-01,Midsize SUV,ford,ford_explorer,0,,,,,
2026-08-01,Midsize SUV,gmc,gmc_acadia,0,,,,,
2026-08-01,Midsize SUV,honda,honda_pilot,0,,,,,
2026-08-01,Midsize SUV,hyundai,hyundai_palisade,0,,,,,
2026-08-01,Midsize SUV,jeep,jeep_grand_cherokee,0,,,,,
2026-08-01,Midsize SUV,jeep,jeep_grand_cherokee_l,0,,,,,
2026-08-01,Midsize SUV,kia,kia_telluride,0,,,,,
2026-08-01,Midsize SUV,mazda,mazda_cx_90,0,,,,,
2026-08-01,Midsize SUV,nissan,nissan_pathfinder,0,,,,,
2026-08-01,Midsize SUV,subaru,subaru_ascent,0,,,,,
2026-08-01,Midsize SUV,toyota,toyota_grand_highlander,0,,,,,
2026-08-01,Midsize SUV,toyota,toyota_highlander,0,,,,,
2026-08-01,Midsize SUV,toyota,toyota_land_cruiser,0,,,,,
2026-08-01,Midsize SUV,volkswagen,volkswagen_atlas,0,,,,,
2026-08-01,Sub-Compact SUV,hyundai,hyundai_tucson,4908,196.08715722975697,0.117995444191344,0.972668810289389,21.52706419286318,60.189570403137566
2026-08-01,Sub-Compact SUV,volkswagen,volkswagen_tiguan,4162,166.2825485717703,-0.01093155893536124,1.0472208558780127,-1.040656781133805,55.237615284584905
2026-08-01,Sub-Compact SUV,nissan,nissan_rogue,3827,152.8984414666422,-0.027445997458703908,0.25475409836065577,-3.5694323602774034,-13.69626907242096
2026-08-01,Sub-Compact SUV,mazda,mazda_cx_50,3689,147.3849883904999,0.029871580122836416,-0.10764392839864534,4.953495620988832,-78.41912091064341
2026-08-01,Sub-Compact SUV,mazda,mazda_cx_5,3550,141.83158275583483,0.07088989441930615,0.7679282868525896,10.016842797451488,32.152179882904065
2026-08-01,Sub-Compact SUV,kia,kia_sportage,2757,110.14920384727792,-0.1272554605887939,0.12438825448613366,-15.46248952482857,-23.782019182814835
2026-08-01,Sub-Compact SUV,hyundai,hyundai_santa_cruz,2267,90.57245017112044,0.38316046369737644,0.6755358462675536,25.400697896070568,16.669944151660616
2026-08-01,Sub-Compact SUV,subaru,subaru_forester,1942,77.58786865122006,-0.0658970658970659,-0.006649616368286426,-5.079656046661981,-29.196609743490924
2026-08-01,Sub-Compact SUV,honda,honda_cr_v,1820,72.71365651144208,-0.02777777777777779,1.9027113237639552,-1.722902523880279,38.46615372193631
2026-08-01,Sub-Compact SUV,ford,ford_bronco_sport,1793,71.63493743132727,0.028096330275229286,-0.06953814218993248,2.288057646283363,-33.62014689941854
2026-08-01,Sub-Compact SUV,ford,ford_escape,1654,66.08153179666219,-0.2005799903334945,-0.08162132148806223,-16.18836170979185,-32.29127924624035
2026-08-01,Sub-Compact SUV,jeep,jeep_compass,1348,53.85604888869446,-0.09651474530831095,-0.3136456211812627,-5.470524872363747,-53.420020455148176
2026-08-01,Sub-Compact SUV,toyota,toyota_rav4,578,23.092578826161276,-0.4572769953051643,-0.596931659693166,-19.255143060921153,-55.23424573548351
2026-08-01,Sub-Compact SUV,dodge,dodge_hornet,560,22.373432772751407,0.0,-0.9302006730649383,0.10608605278317995,-415.85258776984
2026-08-01,Sub-Compact SUV,chevrolet,chevrolet_equinox,332,13.264249429559763,-0.48844375963020026,0.17730496453900702,-12.5420148941177,-2.1389336432323063
2026-08-01,Sub-Compact SUV,gmc,gmc_terrain,4,0.1598102340910815,0.0,-0.9914163090128756,0.0007577575198798869,-25.293676687614962
