month,seller_id,dealer_name,city,state_province,postal_code,dma_code,dma_name,latitude,longitude,average_inventory
2025-01-01,61186,Braman Genesis,Miami,FL,33137,528,"Miami-Ft. Lauderdale, FL",25.7954893,-80.1910373,517.0
2025-01-01,73396,Genesis of Cherry Hill,Evesham,NJ,08053,504,"Philadelphia, PA",39.8831146,-74.9226358,257.0
2025-01-01,62581,Genesis Santa Monica,Santa Monica,CA,90404,803,"Los Angeles, CA",34.03227,-118.4751279,255.0
2025-01-01,68783,Coconut Creek Genesis,Coconut Creek,FL,33073,528,"Miami-Ft. Lauderdale, FL",26.2914037,-80.2009677,251.0
2025-01-01,29179,Genesis of White Plains,White Plains,NY,10606,501,"New York, NY",41.0350081,-73.7836873,234.0
2025-01-01,69264,Genesis of Naples,Naples,FL,34109,571,"Ft. Myers-Naples, FL",26.2279083,-81.7660554,232.0
2025-01-01,52440,Genesis of Mentor,Mentor,OH,44060,510,"Cleveland-Akron (Canton), OH",41.6834521,-81.3348422,222.0
2025-01-01,72010,Genesis of Charlotte,Charlotte,NC,28227,517,"Charlotte, NC",35.1428872,-80.7216186,218.0
2025-01-01,62585,Genesis of the North Shore,Hicksville,NY,11801,501,"New York, NY",40.7702089,-73.5027249,214.0
2025-01-01,6767,Tuttle-Click Genesis,Irvine,CA,92618,803,"Los Angeles, CA",33.6342181,-117.7233823,214.0
2025-01-01,7006,Genesis of Atlanta,Atlanta,GA,30341,524,"Atlanta, GA",33.9080158,-84.2909986,203.0
2025-01-01,72517,Genesis of Loma Linda,Ontario,CA,91764,803,"Los Angeles, CA",34.0699402,-117.6059991,201.0
2025-01-01,70287,Genesis of St. Charles,St. Peters,MO,63376,609,"St. Louis, MO",38.7975346,-90.5978187,201.0
2025-01-01,3156,Genesis of Schaumburg,Schaumburg,IL,60173,602,"Chicago, IL",42.0509027,-88.053118,199.0
2025-01-01,57353,Jenkins Genesis of North East Jacksonville,Jacksonville,FL,32225,561,"Jacksonville, FL",30.3253588,-81.5105439,185.0
2025-01-01,10409,Genesis of Southwest Houston,Houston,TX,77074,618,"Houston, TX",29.6691333,-95.5474174,183.0
2025-01-01,7692,Genesis of The South Shore,West Islip,NY,11795,501,"New York, NY",40.7207062,-73.3044797,179.0
2025-01-01,10212,Genesis of Edmond,Edmond,OK,73013,650,"Oklahoma City, OK",35.6128747,-97.4967472,171.0
2025-01-01,72673,Earnhardt Genesis North Scottsdale,Scottsdale,AZ,85260,753,"Phoenix, AZ",33.631299,-111.8982196,170.0
2025-01-01,4349,Jenkins Genesis of Leesburg,Leesburg,FL,34788,534,"Orlando-Daytona Beach-Melbourne, FL",28.8228437,-81.7874886,169.0
2025-01-01,71992,Genesis of Brooklyn,Brooklyn,NY,11232,501,"New York, NY",40.6571085,-74.014405,167.0
2025-01-01,62609,Norm Reeves Genesis of Cerritos,Cerritos,CA,90703,803,"Los Angeles, CA",33.8662378,-118.1015234,165.0
2025-01-01,6996,Genesis of Lafayette,Lafayette,LA,70506,642,"Lafayette, LA",30.1552098,-92.0910284,164.0
2025-01-01,64605,Genesis of South Bay,Torrance,CA,90505,803,"Los Angeles, CA",33.7991718,-118.3411724,163.0
2025-01-01,73041,Gettel Genesis of Sarasota,Sarasota,FL,34233,539,"Tampa-St Petersburg (Sarasota), FL",27.2695206,-82.4746827,162.0
2025-01-01,96938,Genesis of North Cincinnati,Cincinnati,OH,45249,515,"Cincinnati, OH",39.2926575,-84.3036044,159.0
2025-01-01,70074,Genesis of Fort Myers,Fort Myers,FL,33907,571,"Ft. Myers-Naples, FL",26.596538,-81.8605256,155.0
2025-01-01,73682,Wallace Genesis,Stuart,FL,34997,548,"West Palm Beach-Ft. Pierce, FL",27.1605832,-80.2229084,152.0
2025-01-01,94818,Genesis of Milwaukee,Waukesha,WI,53186,617,"Milwaukee, WI",43.0244944,-88.2038863,151.0
2025-01-01,73893,Genesis of Brunswick,South Brunswick Township,NJ,08852,501,"New York, NY",40.4111541,-74.5423003,150.0
2025-01-01,69118,Hudson Hyundai,Jersey City,NJ,07304,501,"New York, NY",40.7234737,-74.0888952,148.0
2025-01-01,73840,Genesis of Braintree,Quincy,MA,02169,506,"Boston, MA-Manchester, NH",42.2364548,-70.9785026,147.0
2025-01-01,2734,Genesis of Carmel,Indianapolis,IN,46240,527,"Indianapolis, IN",39.9293455,-86.0966346,141.0
2025-01-01,69570,Genesis of Cary,Cary,NC,27511,560,"Raleigh-Durham (Fayetteville), NC",35.7384809,-78.8093998,140.0
2025-01-01,57975,Genesis of Kennesaw,Kennesaw,GA,30144,524,"Atlanta, GA",34.0233261,-84.5734338,139.0
2025-01-01,1531,Genesis of Manchester,Bedford,NH,03110,506,"Boston, MA-Manchester, NH",42.944374,-71.472789,137.0
2025-01-01,4919,Genesis of North Aurora,North Aurora,IL,60542,602,"Chicago, IL",41.80082,-88.3739138,133.0
2025-01-01,4899,Genesis of Conway,Conway,AR,72032,693,"Little Rock-Pine Bluff, AR",35.093494,-92.421864,132.0
2025-01-01,9004,Genesis of Littleton,Englewood,CO,80113,751,"Denver, CO",39.6200977,-104.9885845,128.0
2025-01-01,71490,Genesis of West Houston,Houston,TX,77094,618,"Houston, TX",29.7836158,-95.673582,128.0
2025-01-01,3102,Genesis of Alexandria,Alexandria,VA,22301,511,"Washington, DC (Hagerstown, MD)",38.8213866,-77.0576309,126.0
2025-01-01,71985,Genesis of Columbus,Columbus,OH,43230,535,"Columbus, OH",40.0598318,-82.9433206,125.0
2025-01-01,53667,Genesis Of Cumming,Cumming,GA,30041,524,"Atlanta, GA",34.1439728,-84.1730152,124.0
2025-01-01,94375,Castle Genesis of Downers Grove,Oakbrook Terrace,IL,60181,602,"Chicago, IL",41.8582742,-87.9545485,122.0
2025-01-01,74040,Genesis of San Bruno,San Bruno,CA,94066,807,"San Francisco-Oakland-San Jose, CA",37.6372585,-122.419091,122.0
2025-01-01,93460,Genesis of Portland,Portland,OR,97225,820,"Portland, OR",45.4962782,-122.7698208,120.0
2025-01-01,71052,Lakeland Genesis,Lakeland,FL,33815,539,"Tampa-St Petersburg (Sarasota), FL",28.054301,-81.9758413,120.0
2025-01-01,72126,Genesis of Ocala,Ocala,FL,34471,534,"Orlando-Daytona Beach-Melbourne, FL",29.1773171,-82.1519073,119.0
2025-01-01,69032,Genesis Of NW San Antonio,Boerne,TX,78006,641,"San Antonio, TX",29.6844593,-98.6411438,118.0
2025-01-01,9001,Genesis of Chandler,Chandler,AZ,85286,753,"Phoenix, AZ",33.2846933,-111.7910889,118.0
2025-01-01,73795,Crown Genesis,St. Petersburg,FL,33714,539,"Tampa-St Petersburg (Sarasota), FL",27.8204635,-82.6786673,117.0
2025-01-01,66836,Genesis of Peoria,Peoria,AZ,85382,753,"Phoenix, AZ",33.6372458,-112.2451079,115.0
2025-01-01,70093,Genesis of Merrillville,Merrillville,IN,46410,602,"Chicago, IL",41.4717832,-87.3480253,114.0
2025-01-01,96075,Genesis of Smithtown,Saint James,NY,11780,501,"New York, NY",40.861595,-73.159573,113.0
2025-01-01,67653,Genesis of Corona,Corona,CA,92882,803,"Los Angeles, CA",33.882918,-117.6138489,110.0
2025-01-01,61326,Genesis of Denville,Denville,NJ,07834,501,"New York, NY",40.8681668,-74.5137571,110.0
2025-01-01,94567,Genesis of Kansas City,Overland Park,KS,66204,616,"Kansas City, MO",38.9882713,-94.6681597,109.0
2025-01-01,64003,Genesis of Bel Air,Fallston,MD,21047,512,"Baltimore, MD",39.5065574,-76.3858171,108.0
2025-01-01,69062,Genesis of Lindon,Lindon,UT,84042,770,"Salt Lake City, UT",40.3293405,-111.7338433,108.0
2025-01-01,73389,Genesis of Freehold,Freehold,NJ,07728,501,"New York, NY",40.2641336,-74.2924834,106.0
2025-01-01,67536,Genesis of Omaha,Omaha,NE,68118,652,"Omaha, NE",41.2639237,-96.1858719,106.0
2025-01-01,96441,Genesis of Rocklin,Rocklin,CA,95677,862,"Sacramento-Stockton-Modesto, CA",38.7952904,-121.2164042,105.0
2025-01-01,56215,Genesis of Westlake,Thousand Oaks,CA,91362,803,"Los Angeles, CA",34.1644513,-118.8296499,104.0
2025-01-01,70052,Norm Reeves Genesis of Irving,Irving,TX,75062,623,"Dallas-Ft. Worth, TX",32.8360367,-96.921086,103.0
2025-01-01,73379,Genesis of Milford,Milford,CT,06460,533,"Hartford & New Haven, CT",41.2076083,-73.0884209,101.0
2025-01-01,36300,Delray Genesis,Delray Beach,FL,33483,548,"West Palm Beach-Ft. Pierce, FL",26.4720932,-80.0668508,99.0
2025-01-01,9254,Genesis of Bloomington-Normal,Normal,IL,61761,675,"Peoria-Bloomington, IL",40.5165466,-88.9541909,99.0
2025-01-01,1393,Genesis of Plano,Plano,TX,75093,623,"Dallas-Ft. Worth, TX",33.0102218,-96.7668456,98.0
2025-01-01,70835,Genesis of Tulsa,Tulsa,OK,74133,671,"Tulsa, OK",36.022119,-95.8852819,97.0
2025-01-01,65747,Genesis Of Clear Lake,Webster,TX,77598,618,"Houston, TX",29.5340161,-95.13376,96.0
2025-01-01,68256,Genesis of Lexington,Lexington,KY,40509,541,"Lexington, KY",37.9960356,-84.441848,94.0
2025-01-01,8533,Genesis North Orlando,Winter Park,FL,32789,534,"Orlando-Daytona Beach-Melbourne, FL",28.6088331,-81.3648614,92.0
2025-01-01,1130,Genesis of Kirkland,Kirkland,WA,98034,819,"Seattle-Tacoma, WA",47.7072771,-122.1748634,91.0
2025-01-01,69382,Genesis of West Chester,West Chester,PA,19382,504,"Philadelphia, PA",39.9023291,-75.5655602,91.0
2025-01-01,72695,Rick Case Genesis,Plantation,FL,33317,528,"Miami-Ft. Lauderdale, FL",26.1351086,-80.2031534,91.0
2025-01-01,61239,Genesis of Central Florida,Clermont,FL,34711,534,"Orlando-Daytona Beach-Melbourne, FL",28.5478492,-81.6689649,90.0
2025-01-01,26003,Genesis of Elgin,Elgin,IL,60120,602,"Chicago, IL",42.0317119,-88.2445971,90.0
2025-01-01,9171,Genesis of Longview,Longview,TX,75605,709,"Tyler-Longview(Lufkin & Nacogdoches), TX",32.5633713,-94.7310184,90.0
2025-01-01,68840,Genesis of Golden,Golden,CO,80401,751,"Denver, CO",39.730479,-105.1754951,85.0
2025-01-01,69823,Genesis Of Charleston,Charleston,SC,29414,519,"Charleston, SC",32.7982545,-80.0859341,83.0
2025-01-01,67498,Genesis of West Palm Beach,West Palm Beach,FL,33409,548,"West Palm Beach-Ft. Pierce, FL",26.7072233,-80.0873646,83.0
2025-01-01,9164,Genesis of Kearny Mesa,San Diego,CA,92111,825,"San Diego, CA",32.82812,-117.1528769,81.0
2025-01-01,61567,Genesis of Monroeville,Monroeville,PA,15146,508,"Pittsburgh, PA",40.4308948,-79.7170895,78.0
2025-01-01,95718,Genesis of Pasadena,Pasadena,CA,91107,803,"Los Angeles, CA",34.1459718,-118.077746,78.0
2025-01-01,52776,Genesis Of Macomb,Macomb,MI,48044,505,"Detroit, MI",42.6294783,-82.9318824,77.0
2025-01-01,68945,Genesis of San Antonio East,San Antonio,TX,78233,641,"San Antonio, TX",29.5452956,-98.3688609,77.0
2025-01-01,61277,Genesis of New Hudson,New Hudson,MI,48165,505,"Detroit, MI",42.5161168,-83.609054,76.0
2025-01-01,67522,Genesis of Wexford,Wexford,PA,15090,508,"Pittsburgh, PA",40.6143612,-80.0568103,76.0
2025-01-01,2525,Genesis of Cool Springs,Franklin,TN,37067,659,"Nashville, TN",35.9580609,-86.8090467,75.0
2025-01-01,71564,Clay Cooley Genesis of Mesquite,Mesquite,TX,75150,623,"Dallas-Ft. Worth, TX",32.8336891,-96.6306212,74.0
2025-01-01,64426,Genesis of Algonquin,Algonquin,IL,60102,602,"Chicago, IL",42.1629985,-88.3344476,74.0
2025-01-01,7375,Genesis of Bedford,Bedford,OH,44146,510,"Cleveland-Akron (Canton), OH",41.4061393,-81.5482726,74.0
2025-01-01,9530,Genesis of Brunswick,Brunswick,OH,44212,510,"Cleveland-Akron (Canton), OH",41.2391403,-81.7926475,74.0
2025-01-01,73042,Gettel Genesis of Lakewood,Bradenton,FL,34208,539,"Tampa-St Petersburg (Sarasota), FL",27.4953171,-82.4871204,74.0
2025-01-01,70631,Genesis of Lake Norman,Cornelius,NC,28031,517,"Charlotte, NC",35.467345,-80.872696,73.0
2025-01-01,61217,Genesis of Weatherford,Hudson Oaks,TX,76087,623,"Dallas-Ft. Worth, TX",32.7558051,-97.6929673,73.0
2025-01-01,61240,Genesis of Palm Springs,Palm Springs,CA,92264,804,"Palm Springs, CA",33.7945577,-116.5032881,71.0
2025-01-01,72197,Genesis of Doylestown,Doylestown,PA,18902,504,"Philadelphia, PA",40.3335783,-75.1370158,70.0
2025-01-01,71661,Allen Turner Genesis,Pensacola,FL,32505,686,"Mobile, AL-Pensacola (Ft. Walton Beach), FL",30.4750621,-87.247943,69.0
2025-01-01,70290,Genesis of Greer,Greer,SC,29651,567,"Greenville-Spartanburg, SC-Asheville, NC-Anderson, SC",34.949924,-82.198468,68.0
2025-01-01,16023,Genesis of Baton Rouge,Baton Rouge,LA,70809,716,"Baton Rouge, LA",30.3805348,-91.0404825,67.0
2025-01-01,4941,Genesis of Conshohocken,Conshohocken,PA,19428,504,"Philadelphia, PA",40.1028837,-75.3064312,67.0
2025-01-01,10129,Genesis of Covington,Covington,LA,70433,622,"New Orleans, LA",30.4321,-90.0886416,67.0
2025-01-01,94705,Genesis of Ridgefield,Norwalk,CT,06851,501,"New York, NY",41.1261307,-73.4233158,67.0
2025-01-01,2157,Genesis of Suitland,Bowie,MD,20716,511,"Washington, DC (Hagerstown, MD)",38.9227402,-76.7179222,67.0
2025-01-01,69670,Rick Case Genesis Davie,Davie,FL,33331,528,"Miami-Ft. Lauderdale, FL",26.0758729,-80.3619504,67.0
2025-01-01,62587,Genesis of Aurora,Aurora,IL,60504,602,"Chicago, IL",41.7515762,-88.213844,66.0
2025-01-01,12986,Genesis of Buffalo,Williamsville,NY,14221,514,"Buffalo, NY",42.960953,-78.691081,66.0
2025-01-01,67535,Genesis of Wolfchase,Memphis,TN,38133,640,"Memphis, TN",35.2032351,-89.8071642,66.0
2025-01-01,28092,Genesis of Las Vegas,Las Vegas,NV,89117,839,"Las Vegas, NV",36.1449418,-115.2489832,65.0
2025-01-01,73383,Genesis of Newnan,Newnan,GA,30263,524,"Atlanta, GA",33.3980326,-84.751469,65.0
2025-01-01,12744,Genesis of Ballwin,Ballwin,MO,63011,609,"St. Louis, MO",38.5925561,-90.5337953,63.0
2025-01-01,68973,Genesis of Dublin,Dublin,CA,94568,807,"San Francisco-Oakland-San Jose, CA",37.7027037,-121.9030039,63.0
2025-01-01,73680,Genesis of Wayne,Wayne,NJ,07470,501,"New York, NY",40.948967,-74.276307,63.0
2025-01-01,2584,Genesis Of Norman,Norman,OK,73069,650,"Oklahoma City, OK",35.2248696,-97.4845549,62.0
2025-01-01,69980,Genesis of Minneapolis,Golden Valley,MN,55426,613,"Minneapolis-St. Paul, MN",44.9724585,-93.3935748,62.0
2025-01-01,10916,Genesis of Louisville,Jeffersontown,KY,40299,529,"Louisville, KY",38.2125896,-85.5378392,61.0
2025-01-01,69883,Genesis of North Plainfield,North Plainfield,NJ,07060,501,"New York, NY",40.6165806,-74.4551273,61.0
2025-01-01,9594,Genesis of Orange Park,Jacksonville,FL,32244,561,"Jacksonville, FL",30.2100757,-81.7391104,60.0
2025-01-01,69447,King Genesis,Deerfield Beach,FL,33441,528,"Miami-Ft. Lauderdale, FL",26.29967,-80.0946749,60.0
2025-01-01,12806,Genesis of Lake Park,Lake Park,FL,33403,548,"West Palm Beach-Ft. Pierce, FL",26.8099851,-80.0930527,59.0
2025-01-01,8947,Genesis of Wichita,Wichita,KS,67206,678,"Wichita-Hutchinson, KS",37.7055104,-97.2084739,59.0
2025-01-01,61112,Homestead Genesis,Homestead,FL,33030,528,"Miami-Ft. Lauderdale, FL",25.4674062,-80.472177,59.0
2025-01-01,2511,Genesis of Clearwater,Clearwater,FL,33761,539,"Tampa-St Petersburg (Sarasota), FL",28.0222085,-82.7380372,58.0
2025-01-01,1250,Genesis of New Orleans,Metairie,LA,70003,622,"New Orleans, LA",30.0058423,-90.2210481,57.0
2025-01-01,66747,Genesis Of Southfield,Southfield,MI,48034,505,"Detroit, MI",42.4941876,-83.2830437,56.0
2025-01-01,83168,Genesis of Framingham,Framingham,MA,01702,506,"Boston, MA-Manchester, NH",42.2974046,-71.417428,56.0
2025-01-01,17853,Genesis of Winston-Salem,Winston-Salem,NC,27127,518,"Greensboro-High Point-Winston Salem, NC",36.0674142,-80.2606633,55.0
2025-01-01,69102,Orlando Genesis,Orlando,FL,32808,534,"Orlando-Daytona Beach-Melbourne, FL",28.5521196,-81.4309809,55.0
2025-01-01,71829,Genesis of Chantilly,Chantilly,VA,20151,511,"Washington, DC (Hagerstown, MD)",38.903778,-77.4621301,54.0
2025-01-01,61127,Genesis of Hattiesburg,Hattiesburg,MS,39402,710,"Hattiesburg-Laurel, MS",31.3166979,-89.407095,54.0
2025-01-01,8386,Genesis of Huntington,Huntington,NY,11743,501,"New York, NY",40.8332861,-73.3617156,54.0
2025-01-01,2687,Genesis of Parma,Parma,OH,44129,510,"Cleveland-Akron (Canton), OH",41.4180454,-81.7339114,54.0
2025-01-01,61284,Genesis of Springfield,Springfield,VA,22150,511,"Washington, DC (Hagerstown, MD)",38.7503466,-77.1828597,54.0
2025-01-01,3566,Genesis of Highland Park,Highland Park,IL,60035,602,"Chicago, IL",42.1609423,-87.8081446,53.0
2025-01-01,91447,Genesis of Albany,Albany,NY,12205,532,"Albany-Schenectady-Troy, NY",42.7296031,-73.8529553,52.0
2025-01-01,70696,Genesis of Round Rock,Round Rock,TX,78665,635,"Austin, TX",30.5322484,-97.6891408,52.0
2025-01-01,36882,Genesis of Virginia Beach,Virginia Beach,VA,23452,544,"Norfolk-Portsmouth-Newport News,VA",36.8356924,-76.0987758,51.0
2025-01-01,72560,Genesis of West Knoxville,Knoxville,TN,37923,557,"Knoxville, TN",35.9181977,-84.0733877,51.0
2025-01-01,81842,Genesis of West Warwick,West Warwick,RI,02893,521,"Providence, RI-New Bedford, MA",41.684535,-71.5014056,51.0
2025-01-01,73481,Genesis of Kalamazoo,Kalamazoo,MI,49009,563,"Grand Rapids-Kalamazoo-Battle Creek, MI",42.2973176,-85.6584469,50.0
2025-01-01,64037,Universal Genesis,Orlando,FL,32837,534,"Orlando-Daytona Beach-Melbourne, FL",28.3794594,-81.4033691,50.0
2025-01-01,11303,Genesis of Appleton,Appleton,WI,54913,658,"Green Bay-Appleton, WI",44.2887964,-88.4759736,46.0
2025-01-01,91019,Genesis of Hickory,Hickory,NC,28602,517,"Charlotte, NC",35.7151389,-81.3379647,46.0
2025-01-01,73375,Genesis of Melbourne,Melbourne,FL,32901,534,"Orlando-Daytona Beach-Melbourne, FL",28.0781199,-80.6372008,46.0
2025-01-01,73395,Genesis of Union City,Riverdale,GA,30274,524,"Atlanta, GA",33.5645576,-84.4132949,46.0
2025-01-01,2671,Key Buick GMC,Jacksonville,FL,32216,561,"Jacksonville, FL",30.2582271,-81.5581083,46.0
2025-01-01,69018,Genesis of Hickory Hollow,Nashville,TN,37211,659,"Nashville, TN",36.0456523,-86.7012321,45.0
2025-01-01,4844,Genesis of Miami Lakes,Miami Lakes,FL,33014,528,"Miami-Ft. Lauderdale, FL",25.9235071,-80.3016669,45.0
2025-01-01,69370,Genesis of Northampton,Northampton,MA,01060,543,"Springfield-Holyoke, MA",42.3359481,-72.6356287,44.0
2025-01-01,4457,Genesis of Spring,Spring,TX,77373,618,"Houston, TX",30.0627988,-95.4322263,44.0
2025-01-01,73353,Genesis of Annapolis,Annapolis,MD,21401,512,"Baltimore, MD",38.976603,-76.5095064,43.0
2025-01-01,73397,Genesis of Daytona Beach,Daytona Beach,FL,32117,534,"Orlando-Daytona Beach-Melbourne, FL",29.2235952,-81.0481335,42.0
2025-01-01,4571,Genesis of Nashua,Nashua,NH,03060,506,"Boston, MA-Manchester, NH",42.7272329,-71.4464946,42.0
2025-01-01,10564,Genesis of Meriden,Meriden,CT,06450,533,"Hartford & New Haven, CT",41.5137568,-72.8062752,40.0
2025-01-01,42325,Genesis Memphis Covington Pike,Memphis,TN,38134,640,"Memphis, TN",35.1781733,-89.8953093,39.0
2025-01-01,6832,Genesis of Denton,Denton,TX,76210,623,"Dallas-Ft. Worth, TX",33.1691755,-97.0819556,39.0
2025-01-01,71500,Genesis of Waterloo,Waterloo,IA,50702,637,"Cedar Rapids-Waterloo-Iowa City & Dubuque, IA",42.4906379,-92.3401956,39.0
2025-01-01,64724,Genesis of Groveport,Groveport,OH,43125,535,"Columbus, OH",39.8895794,-82.8876146,38.0
2025-01-01,70573,Genesis of Gwinnett,Duluth,GA,30096,524,"Atlanta, GA",33.9606012,-84.1164625,38.0
2025-01-01,70624,Genesis of Noblesville,Noblesville,IN,46060,527,"Indianapolis, IN",40.0446534,-85.9936143,37.0
2025-01-01,5334,Genesis of Fayetteville,Fayetteville,NC,28314,560,"Raleigh-Durham (Fayetteville), NC",35.0630371,-78.9696547,35.0
2025-01-01,65171,Genesis of Selma,Selma,CA,93662,866,"Fresno-Visalia, CA",36.5705206,-119.6297571,35.0
2025-01-01,69498,Genesis of Eastern Shore,Daphne,AL,36526,686,"Mobile, AL-Pensacola (Ft. Walton Beach), FL",30.6607867,-87.8567477,34.0
2025-01-01,68812,Genesis of South Knoxville,Alcoa,TN,37701,557,"Knoxville, TN",35.8245636,-83.9755837,34.0
2025-01-01,69375,Genesis of Hilton Head,Bluffton,SC,29910,507,"Savannah, GA",32.2898537,-80.9132918,33.0
2025-01-01,69757,Genesis of Wilkes-Barre,Wilkes-Barre,PA,18702,577,"Wilkes Barre-Scranton, PA",41.2549421,-75.8381435,33.0
2025-01-01,70200,Genesis of Chattanooga,Chattanooga,TN,37421,575,"Chattanooga, TN",35.0602866,-85.1922179,31.0
2025-01-01,72341,Genesis of Auburn,Auburn,AL,36830,522,"Columbus, GA",32.6179594,-85.4635689,30.0
2025-01-01,54,Genesis of Gaithersburg,Gaithersburg,MD,20879,511,"Washington, DC (Hagerstown, MD)",39.1581897,-77.2157235,30.0
2025-01-01,71732,Key Genesis,Jacksonville,FL,32216,561,"Jacksonville, FL",30.2588529,-81.5578619,30.0
2025-01-01,8750,Sid Dillon Genesis of Lincoln,Lincoln,NE,68512,722,"Lincoln & Hastings-Kearney, NE",40.7364094,-96.6846163,30.0
2025-01-01,6292,Genesis of Harlingen,Harlingen,TX,78552,636,"Harlingen-Weslaco-Brownsville-McAllen, TX",26.1864793,-97.7753841,29.0
2025-01-01,69414,Genesis of Olive Branch,Olive Branch,MS,38654,640,"Memphis, TN",34.9790497,-89.8645852,29.0
2025-01-01,3110,Genesis of South St. Louis County,St. Louis,MO,63123,609,"St. Louis, MO",38.521476,-90.3450902,29.0
2025-01-01,5541,Genesis Glenview,Glenview,IL,60026,602,"Chicago, IL",42.1061877,-87.8216753,28.0
2025-01-01,61515,Genesis Of Madison,Madison,WI,53713,669,"Madison, WI",43.0341872,-89.4116586,28.0
2025-01-01,3536,Genesis of Rockville,North Bethesda,MD,20852,511,"Washington, DC (Hagerstown, MD)",39.0438363,-77.1107675,28.0
2025-01-01,72712,Genesis of Roswell,Roswell,GA,30076,524,"Atlanta, GA",34.056201,-84.32906,28.0
2025-01-01,61459,Genesis of Augusta,Augusta,GA,30907,520,"Augusta, GA",33.5157506,-82.0641493,27.0
2025-01-01,68961,Genesis of Hampton,Hampton,VA,23666,544,"Norfolk-Portsmouth-Newport News,VA",37.0619771,-76.4003949,27.0
2025-01-01,69737,Genesis of Richmond,Bon Air,VA,23235,556,"Richmond-Petersburg, VA",37.5013145,-77.5717929,27.0
2025-01-01,71909,Napleton's North Palm Hyundai,Lake Park,FL,33403,548,"West Palm Beach-Ft. Pierce, FL",26.809389,-80.0935379,27.0
2025-01-01,69400,Genesis of Austin,Austin,TX,78745,635,"Austin, TX",30.2097044,-97.7566525,26.0
2025-01-01,71271,Genesis of Cartersville,Cartersville,GA,30120,524,"Atlanta, GA",34.1915656,-84.7876903,25.0
2025-01-01,71974,Genesis of Columbia,Columbia,SC,29203,546,"Columbia, SC",34.1430845,-80.9485594,24.0
2025-01-01,61196,Genesis of Arlington,Arlington,MA,02476,506,"Boston, MA-Manchester, NH",42.4232377,-71.1738841,22.0
2025-01-01,68638,Genesis of Downtown Chicago,Chicago,IL,60616,602,"Chicago, IL",41.8442199,-87.6240557,22.0
2025-01-01,69677,Genesis of La Quinta,La Quinta,CA,92253,804,"Palm Springs, CA",33.7072313,-116.2852619,22.0
2025-01-01,67547,Genesis of Ogden,Ogden,UT,84401,770,"Salt Lake City, UT",41.2030548,-111.9799594,22.0
2025-01-01,69451,Phil Long Hyundai of Chapel Hills,Colorado Springs,CO,80920,752,"Colorado Springs-Pueblo, CO",38.9542907,-104.7978101,22.0
2025-01-01,793,Genesis of Hazelwood,Hazelwood,MO,63042,609,"St. Louis, MO",38.7811015,-90.3650463,21.0
2025-01-01,60611,Genesis of Huntsville,Huntsville,AL,35816,691,"Huntsville-Decatur (Florence), AL",34.7342382,-86.6214927,21.0
2025-01-01,3152,Genesis of St. Cloud,Waite Park,MN,56387,613,"Minneapolis-St. Paul, MN",45.5485676,-94.2285831,19.0
2025-01-01,70691,Genesis of Greensboro,Greensboro,NC,27407,518,"Greensboro-High Point-Winston Salem, NC",36.0592468,-79.8794472,18.0
2025-01-01,7188,Genesis San Antonio South,San Antonio,TX,78224,641,"San Antonio, TX",29.3499383,-98.538715,16.0
2025-01-01,18922,Genesis of Lafayette,Lafayette,IN,47904,582,"Lafayette, IN",40.4192119,-86.8589689,16.0
2025-01-01,70356,Hampton Genesis,Fort Walton Beach,FL,32548,686,"Mobile, AL-Pensacola (Ft. Walton Beach), FL",30.4123712,-86.6281688,16.0
2025-01-01,71629,Genesis of Auburn,Auburn,MA,01501,506,"Boston, MA-Manchester, NH",42.1825552,-71.8630505,15.0
2025-01-01,69931,Genesis of Commerce,West Bloomfield Township,MI,48322,505,"Detroit, MI",42.5607276,-83.4398789,15.0
2025-01-01,3992,Genesis of New Bern,New Bern,NC,28560,545,"Greenville-New Bern-Washington, NC",35.0579658,-77.0170433,15.0
2025-01-01,70671,Genesis of Owings Mills,Owings Mills,MD,21117,512,"Baltimore, MD",39.43549,-76.800636,15.0
2025-01-01,8220,Hyundai Of North Charleston,North Charleston,SC,29406,519,"Charleston, SC",32.9612062,-80.0444447,15.0
2025-01-01,49527,Genesis of Urbana,Urbana,IL,61802,648,"Champaign & Springfield-Decatur,IL",40.1386655,-88.1960739,14.0
2025-01-01,61156,Genesis of Mattoon,Mattoon,IL,61938,648,"Champaign & Springfield-Decatur,IL",39.4823346,-88.3786268,11.0
2025-01-01,69701,Genesis of Victorville,Victorville,CA,92392,803,"Los Angeles, CA",34.5060794,-117.3405032,11.0
2025-01-01,61176,Headquarter Genesis,Lake Mary,FL,32746,534,"Orlando-Daytona Beach-Melbourne, FL",28.7885443,-81.3466546,10.0
2025-01-01,4360,Paramount Hyundai Hickory,Hickory,NC,28602,517,"Charlotte, NC",35.715088,-81.3379676,10.0
2025-01-01,648,Genesis of Calumet City,Calumet City,IL,60409,602,"Chicago, IL",41.6004518,-87.5734156,9.0
2025-01-01,8691,Genesis of Colorado Springs,Colorado Springs,CO,80920,752,"Colorado Springs-Pueblo, CO",38.9533764,-104.7980871,9.0
2025-01-01,73357,Genesis of Columbia,Clarksville,MD,21029,512,"Baltimore, MD",39.210543,-76.944201,9.0
2025-01-01,1691,Genesis of Fairfield,Fairfield,CT,06825,501,"New York, NY",41.1661525,-73.2298512,9.0
2025-01-01,8135,Joe Machens Hyundai,Columbia,MO,65202,604,"Columbia-Jefferson City, MO",38.971532,-92.3342914,9.0
2025-01-01,68698,GENESIS OF BAYSIDE,Queens,NY,11361,501,"New York, NY",40.7573441,-73.7811612,8.0
2025-01-01,61897,Genesis of Council Bluffs,Council Bluffs,IA,51501,652,"Omaha, NE",41.2276401,-95.8594545,8.0
2025-01-01,73047,Genesis of Stevens Creek,Santa Clara,CA,95051,807,"San Francisco-Oakland-San Jose, CA",37.3235793,-121.9800176,8.0
2025-01-01,9692,Hyundai of La Quinta,La Quinta,CA,92253,804,"Palm Springs, CA",33.7072313,-116.2852619,8.0
2025-01-01,69390,Tuscaloosa Hyundai,Tuscaloosa,AL,35405,630,"Birmingham, AL",33.1714939,-87.4878654,8.0
2025-01-01,73400,Genesis of Macon,Macon,GA,31210,503,"Macon, GA",32.8866204,-83.675043,7.0
2025-01-01,83639,Napleton Maserati of Indianapolis,Indianapolis,IN,46240,527,"Indianapolis, IN",39.9276857,-86.0978814,7.0
2025-01-01,71242,Edwards Kia,Council Bluffs,IA,51501,652,"Omaha, NE",41.2222637,-95.8507804,6.0
2025-01-01,99924,Genesis of Avon,Simsbury,CT,06092,533,"Hartford & New Haven, CT",41.8203914,-72.8690454,6.0
2025-01-01,99729,Stoler Chevrolet Buick,Owings Mills,MD,21117,512,"Baltimore, MD",39.4371908,-76.7993264,6.0
2025-01-01,69443,eCarOne,Plano,TX,75093,623,"Dallas-Ft. Worth, TX",33.0152705,-96.7767928,6.0
2025-01-01,70876,Doral Genesis,Doral,FL,33172,528,"Miami-Ft. Lauderdale, FL",25.7843093,-80.3669404,4.0
2025-01-01,69315,Genesis of Montgomery,Cincinnati,OH,45249,515,"Cincinnati, OH",39.2632325,-84.3374335,4.0
2025-01-01,69409,Genesis of Richmond,Richmond,CA,94806,807,"San Francisco-Oakland-San Jose, CA",37.9857273,-122.3202802,4.0
2025-01-01,3624,Key Hyundai,Jacksonville,FL,32216,561,"Jacksonville, FL",30.2588529,-81.5578619,4.0
2025-01-01,8670,Southtowne Hyundai of Riverdale,Riverdale,GA,30274,524,"Atlanta, GA",33.5455345,-84.4164445,4.0
2025-01-01,1066,AutoNation Hyundai Hilton Head,Hardeeville,SC,29927,507,"Savannah, GA",32.311835,-80.9860727,3.0
2025-01-01,39214,Doug's Hyundai,Edmonds,WA,98026,819,"Seattle-Tacoma, WA",47.797894,-122.3339483,3.0
2025-01-01,7426,Lee Johnson Hyundai of Everett,Everett,WA,98203,819,"Seattle-Tacoma, WA",47.9485733,-122.2155506,3.0
2025-01-01,60375,Maple Hill Hyundai,Kalamazoo,MI,49009,563,"Grand Rapids-Kalamazoo-Battle Creek, MI",42.2973176,-85.6584469,3.0
2025-01-01,73001,West Houston Hyundai,Houston,TX,77094,618,"Houston, TX",29.7842958,-95.6736241,3.0
2025-01-01,75561,BMW of West St Louis,Manchester,MO,63011,609,"St. Louis, MO",38.5938191,-90.5172172,2.0
2025-01-01,8279,Capitol Hyundai,San Jose,CA,95136,807,"San Francisco-Oakland-San Jose, CA",37.274631,-121.8752863,2.0
2025-01-01,100529,Genesis of San Diego,San Diego,CA,92111,825,"San Diego, CA",32.8306319,-117.1434333,2.0
2025-01-01,70703,Gregory Hyundai,Highland Park,IL,60035,602,"Chicago, IL",42.1609423,-87.8081446,2.0
2025-01-01,2929,Gurley Leep Hyundai,Mishawaka,IN,46545,588,"South Bend-Elkhart, IN",41.7085345,-86.1860372,2.0
2025-01-01,6495,Huffines Kia McKinney,McKinney,TX,75070,623,"Dallas-Ft. Worth, TX",33.2074424,-96.6396958,2.0
2025-01-01,5393,Maple Hill Volkswagen,Kalamazoo,MI,49009,563,"Grand Rapids-Kalamazoo-Battle Creek, MI",42.2973176,-85.6584469,2.0
2025-01-01,1981,Piazza Hyundai of West Chester,West Chester,PA,19382,504,"Philadelphia, PA",39.9023291,-75.5655602,2.0
2025-01-01,25937,STG Auto Group,Montclair,CA,91763,803,"Los Angeles, CA",34.0640219,-117.6889961,2.0
2025-01-01,10755,South Point Hyundai,Austin,TX,78745,635,"Austin, TX",30.2097091,-97.7566541,2.0
2025-01-01,7311,Stevens Creek Hyundai,Santa Clara,CA,95051,807,"San Francisco-Oakland-San Jose, CA",37.3235793,-121.9800176,2.0
2025-01-01,33107,Van Horn Hyundai of Fond du Lac,Fond du Lac,WI,54937,658,"Green Bay-Appleton, WI",43.7832042,-88.5042614,2.0
2025-01-01,36624,ALM Kia South,Union City,GA,30291,524,"Atlanta, GA",33.5659217,-84.5273459,1.0
2025-01-01,4437,Antwerpen Hyundai Clarksville,Columbia,MD,21029,512,"Baltimore, MD",39.2110469,-76.9439521,1.0
2025-01-01,16074,Audi Memphis,Memphis,TN,38128,640,"Memphis, TN",35.1751112,-89.8980088,1.0
2025-01-01,13821,Audi North Shore,Brown Deer,WI,53223,617,"Milwaukee, WI",43.1791437,-87.9669639,1.0
2025-01-01,12278,AutoMax Ocala,Ocala,FL,34471,534,"Orlando-Daytona Beach-Melbourne, FL",29.1707655,-82.1577818,1.0
2025-01-01,52973,Automotive Avenues,Wall Township,NJ,07727,501,"New York, NY",40.2194934,-74.1304189,1.0
2025-01-01,2126,BMW Northwest,Fife,WA,98424,819,"Seattle-Tacoma, WA",47.2395722,-122.374543,1.0
2025-01-01,554,Bachman Chevrolet,Jeffersontown,KY,40299,529,"Louisville, KY",38.2201453,-85.5771289,1.0
2025-01-01,26752,Beach Cities Toyota Westminster,Westminster,CA,92683,803,"Los Angeles, CA",33.7408884,-117.9882786,1.0
2025-01-01,9592,Burns Hyundai,Evesham,NJ,08053,504,"Philadelphia, PA",39.8945897,-74.9382479,1.0
2025-01-01,11903,Cadillac Pasadena,Pasadena,CA,91107,803,"Los Angeles, CA",34.1465853,-118.0788768,1.0
2025-01-01,74653,CarMax Bakersfield,Bakersfield,CA,93307,800,"Bakersfield, CA",35.2931773,-119.0284246,1.0
2025-01-01,74686,CarMax Huntsville,Huntsville,AL,35806,691,"Huntsville-Decatur (Florence), AL",34.7474179,-86.6847145,1.0
2025-01-01,74931,CarMax Independence Boulevard,Charlotte,NC,28227,517,"Charlotte, NC",35.1598534,-80.7341335,1.0
2025-01-01,72056,Cavenaugh Hyundai,Jonesboro,AR,72404,734,"Jonesboro, AR",35.7996832,-90.6705785,1.0
2025-01-01,74511,Covert Cadillac Bee Cave,Austin,TX,78738,635,"Austin, TX",30.3158871,-98.0035468,1.0
2025-01-01,68963,Delray Hyundai,Delray Beach,FL,33483,548,"West Palm Beach-Ft. Pierce, FL",26.4720932,-80.0668508,1.0
2025-01-01,27926,Doral Lincoln,Doral,FL,33172,528,"Miami-Ft. Lauderdale, FL",25.7828058,-80.3428114,1.0
2025-01-01,80993,Driveline Used Cars of Murrieta,Murrieta,CA,92562,803,"Los Angeles, CA",33.5292134,-117.1733988,1.0
2025-01-01,72595,Fitzgerald's Countryside Hyundai,Clearwater,FL,33761,539,"Tampa-St Petersburg (Sarasota), FL",28.0216801,-82.7364514,1.0
2025-01-01,891,Five Star Chevrolet,Warner Robins,GA,31093,503,"Macon, GA",32.6181243,-83.6038649,1.0
2025-01-01,15176,Five Star Ford Warner Robins,Warner Robins,GA,31088,503,"Macon, GA",32.5957075,-83.6393033,1.0
2025-01-01,15434,Folsom Lake Ford,Folsom,CA,95630,862,"Sacramento-Stockton-Modesto, CA",38.6346917,-121.2046807,1.0
2025-01-01,74793,GRUBBS INFINITI,Grapevine,TX,76051,623,"Dallas-Ft. Worth, TX",32.9211511,-97.0630654,1.0
2025-01-01,97787,Genesis Montgomery,Montgomery,AL,36106,698,"Montgomery (Selma), AL",32.3606235,-86.2242999,1.0
2025-01-01,84406,Genesis at Long of Chattanooga,Chattanooga,TN,37421,575,"Chattanooga, TN",35.059805,-85.190767,1.0
2025-01-01,13492,Genesis of Brunswick,Brunswick,GA,31525,561,"Jacksonville, FL",31.2072117,-81.4811899,1.0
2025-01-01,98745,Genesis of Danvers,Danvers,MA,01923,506,"Boston, MA-Manchester, NH",42.5595013,-70.9786915,1.0
2025-01-01,25111,Huntley Ford,Huntley,IL,60142,602,"Chicago, IL",42.1273465,-88.4300139,1.0
2025-01-01,70729,Hyundai of New Bern,New Bern,NC,28560,545,"Greenville-New Bern-Washington, NC",35.0579658,-77.0170433,1.0
2025-01-01,40073,Hyundai of Yuma,Yuma,AZ,85365,771,"Yuma, AZ-El Centro, CA",32.6685162,-114.6090136,1.0
2025-01-01,91980,Kate Faupel Ford,Henderson,KY,42420,649,"Evansville, IN",37.8726921,-87.5675883,1.0
2025-01-01,25780,Kentson Car Company,Bountiful,UT,84010,770,"Salt Lake City, UT",40.862791,-111.8925406,1.0
2025-01-01,7009,Landers Chevrolet Of Norman,Norman,OK,73072,650,"Oklahoma City, OK",35.2025866,-97.4817297,1.0
2025-01-01,9202,Lexus of Memphis,Memphis,TN,38119,640,"Memphis, TN",35.0762404,-89.8583994,1.0
2025-01-01,73434,Liberty Hyundai,Mahwah,NJ,07430,501,"New York, NY",41.0889901,-74.1524597,1.0
2025-01-01,55909,Lucchetti's Complete Auto Center,Marshfield,MA,02050,506,"Boston, MA-Manchester, NH",42.1063389,-70.7430958,1.0
2025-01-01,60374,Maple Hill Volvo Cars,Kalamazoo,MI,49009,563,"Grand Rapids-Kalamazoo-Battle Creek, MI",42.2973176,-85.6584469,1.0
2025-01-01,25370,Midlands Toyota,Columbia,SC,29203,546,"Columbia, SC",34.1282887,-80.9599501,1.0
2025-01-01,86,Modern Hyundai of Concord,Concord,NC,28027,517,"Charlotte, NC",35.3923062,-80.6217194,1.0
2025-01-01,42529,Rick Case Hyundai Ft. Lauderdale,Plantation,FL,33317,528,"Miami-Ft. Lauderdale, FL",26.1351086,-80.2031534,1.0
2025-01-01,57993,Roseville Kia,Roseville,CA,95661,862,"Sacramento-Stockton-Modesto, CA",38.7524054,-121.2603762,1.0
2025-01-01,56306,Route 17 Mitsubishi,Ramsey,NJ,07446,501,"New York, NY",41.0724998,-74.1420132,1.0
2025-01-01,42568,Southern States Mazda,Raleigh,NC,27609,560,"Raleigh-Durham (Fayetteville), NC",35.8170413,-78.6260002,1.0
2025-01-01,26026,Stokes Hodges Kia,Beech Island,SC,29842,520,"Augusta, GA",33.4864489,-81.9268356,1.0
2025-01-01,64039,Suntrup Hyundai South,St. Louis,MO,63123,609,"St. Louis, MO",38.521476,-90.3450902,1.0
2025-01-01,6570,Texan Hyundai,Rosenberg,TX,77471,618,"Houston, TX",29.5315757,-95.7957973,1.0
2025-01-01,69397,Tom Bell Chevrolet,Redlands,CA,92374,803,"Los Angeles, CA",34.0637996,-117.2078979,1.0
2025-01-01,14193,Vaden of Beaufort Chevrolet GMC,Beaufort,SC,29906,507,"Savannah, GA",32.4338806,-80.7107814,1.0
2025-01-01,3745,Vandergriff Hyundai,Arlington,TX,76017,623,"Dallas-Ft. Worth, TX",32.6758213,-97.1247183,1.0
2025-01-01,36816,Warner Robins Chrysler Dodge Jeep Ram FIAT,Warner Robins,GA,31093,503,"Macon, GA",32.6175306,-83.6790543,1.0
2025-01-01,62547,Werner Hyundai,Tallahassee,FL,32304,530,"Tallahassee, FL-Thomasville, GA",30.4561687,-84.3619341,1.0
2025-01-01,30195,Wilde Honda,Waukesha,WI,53186,617,"Milwaukee, WI",43.0251475,-88.201983,1.0
2025-01-01,70476,Genesis of Escondido,Escondido,CA,92029,825,"San Diego, CA",33.1150272,-117.1049655,0.0
2025-02-01,61186,Braman Genesis,Miami,FL,33137,528,"Miami-Ft. Lauderdale, FL",25.7954893,-80.1910373,489.0
2025-02-01,73396,Genesis of Cherry Hill,Evesham,NJ,08053,504,"Philadelphia, PA",39.8831146,-74.9226358,236.0
2025-02-01,52440,Genesis of Mentor,Mentor,OH,44060,510,"Cleveland-Akron (Canton), OH",41.6834521,-81.3348422,225.0
2025-02-01,7006,Genesis of Atlanta,Atlanta,GA,30341,524,"Atlanta, GA",33.9080158,-84.2909986,223.0
2025-02-01,62581,Genesis Santa Monica,Santa Monica,CA,90404,803,"Los Angeles, CA",34.03227,-118.4751279,222.0
2025-02-01,29179,Genesis of White Plains,White Plains,NY,10606,501,"New York, NY",41.0350081,-73.7836873,222.0
2025-02-01,62585,Genesis of the North Shore,Hicksville,NY,11801,501,"New York, NY",40.7702089,-73.5027249,215.0
2025-02-01,6767,Tuttle-Click Genesis,Irvine,CA,92618,803,"Los Angeles, CA",33.6342181,-117.7233823,195.0
2025-02-01,10409,Genesis of Southwest Houston,Houston,TX,77074,618,"Houston, TX",29.6691333,-95.5474174,194.0
2025-02-01,72517,Genesis of Loma Linda,Ontario,CA,91764,803,"Los Angeles, CA",34.0699402,-117.6059991,192.0
2025-02-01,70287,Genesis of St. Charles,St. Peters,MO,63376,609,"St. Louis, MO",38.7975346,-90.5978187,191.0
2025-02-01,68783,Coconut Creek Genesis,Coconut Creek,FL,33073,528,"Miami-Ft. Lauderdale, FL",26.2914037,-80.2009677,190.0
2025-02-01,3156,Genesis of Schaumburg,Schaumburg,IL,60173,602,"Chicago, IL",42.0509027,-88.053118,190.0
2025-02-01,69264,Genesis of Naples,Naples,FL,34109,571,"Ft. Myers-Naples, FL",26.2279083,-81.7660554,187.0
2025-02-01,94818,Genesis of Milwaukee,Waukesha,WI,53186,617,"Milwaukee, WI",43.0244944,-88.2038863,186.0
2025-02-01,69118,Hudson Hyundai,Jersey City,NJ,07304,501,"New York, NY",40.7234737,-74.0888952,179.0
2025-02-01,96938,Genesis of North Cincinnati,Cincinnati,OH,45249,515,"Cincinnati, OH",39.2926575,-84.3036044,178.0
2025-02-01,7692,Genesis of The South Shore,West Islip,NY,11795,501,"New York, NY",40.7207062,-73.3044797,174.0
2025-02-01,73840,Genesis of Braintree,Quincy,MA,02169,506,"Boston, MA-Manchester, NH",42.2364548,-70.9785026,172.0
2025-02-01,62609,Norm Reeves Genesis of Cerritos,Cerritos,CA,90703,803,"Los Angeles, CA",33.8662378,-118.1015234,170.0
2025-02-01,10212,Genesis of Edmond,Edmond,OK,73013,650,"Oklahoma City, OK",35.6128747,-97.4967472,167.0
2025-02-01,57353,Jenkins Genesis of North East Jacksonville,Jacksonville,FL,32225,561,"Jacksonville, FL",30.3253588,-81.5105439,165.0
2025-02-01,73893,Genesis of Brunswick,South Brunswick Township,NJ,08852,501,"New York, NY",40.4111541,-74.5423003,157.0
2025-02-01,4349,Jenkins Genesis of Leesburg,Leesburg,FL,34788,534,"Orlando-Daytona Beach-Melbourne, FL",28.8228437,-81.7874886,157.0
2025-02-01,72010,Genesis of Charlotte,Charlotte,NC,28227,517,"Charlotte, NC",35.1428872,-80.7216186,153.0
2025-02-01,69570,Genesis of Cary,Cary,NC,27511,560,"Raleigh-Durham (Fayetteville), NC",35.7384809,-78.8093998,151.0
2025-02-01,64605,Genesis of South Bay,Torrance,CA,90505,803,"Los Angeles, CA",33.7991718,-118.3411724,146.0
2025-02-01,2734,Genesis of Carmel,Indianapolis,IN,46240,527,"Indianapolis, IN",39.9293455,-86.0966346,145.0
2025-02-01,6996,Genesis of Lafayette,Lafayette,LA,70506,642,"Lafayette, LA",30.1552098,-92.0910284,145.0
2025-02-01,71992,Genesis of Brooklyn,Brooklyn,NY,11232,501,"New York, NY",40.6571085,-74.014405,142.0
2025-02-01,73041,Gettel Genesis of Sarasota,Sarasota,FL,34233,539,"Tampa-St Petersburg (Sarasota), FL",27.2695206,-82.4746827,142.0
2025-02-01,9001,Genesis of Chandler,Chandler,AZ,85286,753,"Phoenix, AZ",33.2846933,-111.7910889,141.0
2025-02-01,71985,Genesis of Columbus,Columbus,OH,43230,535,"Columbus, OH",40.0598318,-82.9433206,139.0
2025-02-01,3102,Genesis of Alexandria,Alexandria,VA,22301,511,"Washington, DC (Hagerstown, MD)",38.8213866,-77.0576309,138.0
2025-02-01,73682,Wallace Genesis,Stuart,FL,34997,548,"West Palm Beach-Ft. Pierce, FL",27.1605832,-80.2229084,138.0
2025-02-01,1531,Genesis of Manchester,Bedford,NH,03110,506,"Boston, MA-Manchester, NH",42.944374,-71.472789,134.0
2025-02-01,26003,Genesis of Elgin,Elgin,IL,60120,602,"Chicago, IL",42.0317119,-88.2445971,133.0
2025-02-01,96075,Genesis of Smithtown,Saint James,NY,11780,501,"New York, NY",40.861595,-73.159573,131.0
2025-02-01,72673,Earnhardt Genesis North Scottsdale,Scottsdale,AZ,85260,753,"Phoenix, AZ",33.631299,-111.8982196,129.0
2025-02-01,94375,Castle Genesis of Downers Grove,Oakbrook Terrace,IL,60181,602,"Chicago, IL",41.8582742,-87.9545485,127.0
2025-02-01,71490,Genesis of West Houston,Houston,TX,77094,618,"Houston, TX",29.7836158,-95.673582,127.0
2025-02-01,67653,Genesis of Corona,Corona,CA,92882,803,"Los Angeles, CA",33.882918,-117.6138489,126.0
2025-02-01,9004,Genesis of Littleton,Englewood,CO,80113,751,"Denver, CO",39.6200977,-104.9885845,126.0
2025-02-01,4919,Genesis of North Aurora,North Aurora,IL,60542,602,"Chicago, IL",41.80082,-88.3739138,123.0
2025-02-01,61326,Genesis of Denville,Denville,NJ,07834,501,"New York, NY",40.8681668,-74.5137571,122.0
2025-02-01,53667,Genesis Of Cumming,Cumming,GA,30041,524,"Atlanta, GA",34.1439728,-84.1730152,117.0
2025-02-01,4899,Genesis of Conway,Conway,AR,72032,693,"Little Rock-Pine Bluff, AR",35.093494,-92.421864,117.0
2025-02-01,72126,Genesis of Ocala,Ocala,FL,34471,534,"Orlando-Daytona Beach-Melbourne, FL",29.1773171,-82.1519073,117.0
2025-02-01,73389,Genesis of Freehold,Freehold,NJ,07728,501,"New York, NY",40.2641336,-74.2924834,115.0
2025-02-01,57975,Genesis of Kennesaw,Kennesaw,GA,30144,524,"Atlanta, GA",34.0233261,-84.5734338,114.0
2025-02-01,93460,Genesis of Portland,Portland,OR,97225,820,"Portland, OR",45.4962782,-122.7698208,113.0
2025-02-01,9254,Genesis of Bloomington-Normal,Normal,IL,61761,675,"Peoria-Bloomington, IL",40.5165466,-88.9541909,109.0
2025-02-01,70074,Genesis of Fort Myers,Fort Myers,FL,33907,571,"Ft. Myers-Naples, FL",26.596538,-81.8605256,109.0
2025-02-01,69032,Genesis Of NW San Antonio,Boerne,TX,78006,641,"San Antonio, TX",29.6844593,-98.6411438,108.0
2025-02-01,66836,Genesis of Peoria,Peoria,AZ,85382,753,"Phoenix, AZ",33.6372458,-112.2451079,107.0
2025-02-01,73795,Crown Genesis,St. Petersburg,FL,33714,539,"Tampa-St Petersburg (Sarasota), FL",27.8204635,-82.6786673,104.0
2025-02-01,74040,Genesis of San Bruno,San Bruno,CA,94066,807,"San Francisco-Oakland-San Jose, CA",37.6372585,-122.419091,104.0
2025-02-01,68256,Genesis of Lexington,Lexington,KY,40509,541,"Lexington, KY",37.9960356,-84.441848,102.0
2025-02-01,70093,Genesis of Merrillville,Merrillville,IN,46410,602,"Chicago, IL",41.4717832,-87.3480253,102.0
2025-02-01,96441,Genesis of Rocklin,Rocklin,CA,95677,862,"Sacramento-Stockton-Modesto, CA",38.7952904,-121.2164042,102.0
2025-02-01,64003,Genesis of Bel Air,Fallston,MD,21047,512,"Baltimore, MD",39.5065574,-76.3858171,99.0
2025-02-01,70052,Norm Reeves Genesis of Irving,Irving,TX,75062,623,"Dallas-Ft. Worth, TX",32.8360367,-96.921086,99.0
2025-02-01,61567,Genesis of Monroeville,Monroeville,PA,15146,508,"Pittsburgh, PA",40.4308948,-79.7170895,98.0
2025-02-01,67536,Genesis of Omaha,Omaha,NE,68118,652,"Omaha, NE",41.2639237,-96.1858719,97.0
2025-02-01,71052,Lakeland Genesis,Lakeland,FL,33815,539,"Tampa-St Petersburg (Sarasota), FL",28.054301,-81.9758413,97.0
2025-02-01,69062,Genesis of Lindon,Lindon,UT,84042,770,"Salt Lake City, UT",40.3293405,-111.7338433,94.0
2025-02-01,56215,Genesis of Westlake,Thousand Oaks,CA,91362,803,"Los Angeles, CA",34.1644513,-118.8296499,93.0
2025-02-01,94567,Genesis of Kansas City,Overland Park,KS,66204,616,"Kansas City, MO",38.9882713,-94.6681597,92.0
2025-02-01,28092,Genesis of Las Vegas,Las Vegas,NV,89117,839,"Las Vegas, NV",36.1449418,-115.2489832,92.0
2025-02-01,9171,Genesis of Longview,Longview,TX,75605,709,"Tyler-Longview(Lufkin & Nacogdoches), TX",32.5633713,-94.7310184,92.0
2025-02-01,73379,Genesis of Milford,Milford,CT,06460,533,"Hartford & New Haven, CT",41.2076083,-73.0884209,92.0
2025-02-01,1130,Genesis of Kirkland,Kirkland,WA,98034,819,"Seattle-Tacoma, WA",47.7072771,-122.1748634,90.0
2025-02-01,69382,Genesis of West Chester,West Chester,PA,19382,504,"Philadelphia, PA",39.9023291,-75.5655602,90.0
2025-02-01,36300,Delray Genesis,Delray Beach,FL,33483,548,"West Palm Beach-Ft. Pierce, FL",26.4720932,-80.0668508,88.0
2025-02-01,68840,Genesis of Golden,Golden,CO,80401,751,"Denver, CO",39.730479,-105.1754951,87.0
2025-02-01,72695,Rick Case Genesis,Plantation,FL,33317,528,"Miami-Ft. Lauderdale, FL",26.1351086,-80.2031534,87.0
2025-02-01,69823,Genesis Of Charleston,Charleston,SC,29414,519,"Charleston, SC",32.7982545,-80.0859341,83.0
2025-02-01,8533,Genesis North Orlando,Winter Park,FL,32789,534,"Orlando-Daytona Beach-Melbourne, FL",28.6088331,-81.3648614,82.0
2025-02-01,1393,Genesis of Plano,Plano,TX,75093,623,"Dallas-Ft. Worth, TX",33.0102218,-96.7668456,82.0
2025-02-01,70696,Genesis of Round Rock,Round Rock,TX,78665,635,"Austin, TX",30.5322484,-97.6891408,81.0
2025-02-01,70631,Genesis of Lake Norman,Cornelius,NC,28031,517,"Charlotte, NC",35.467345,-80.872696,80.0
2025-02-01,61277,Genesis of New Hudson,New Hudson,MI,48165,505,"Detroit, MI",42.5161168,-83.609054,80.0
2025-02-01,9164,Genesis of Kearny Mesa,San Diego,CA,92111,825,"San Diego, CA",32.82812,-117.1528769,79.0
2025-02-01,67498,Genesis of West Palm Beach,West Palm Beach,FL,33409,548,"West Palm Beach-Ft. Pierce, FL",26.7072233,-80.0873646,79.0
2025-02-01,61239,Genesis of Central Florida,Clermont,FL,34711,534,"Orlando-Daytona Beach-Melbourne, FL",28.5478492,-81.6689649,78.0
2025-02-01,67522,Genesis of Wexford,Wexford,PA,15090,508,"Pittsburgh, PA",40.6143612,-80.0568103,78.0
2025-02-01,64426,Genesis of Algonquin,Algonquin,IL,60102,602,"Chicago, IL",42.1629985,-88.3344476,77.0
2025-02-01,68945,Genesis of San Antonio East,San Antonio,TX,78233,641,"San Antonio, TX",29.5452956,-98.3688609,75.0
2025-02-01,52776,Genesis Of Macomb,Macomb,MI,48044,505,"Detroit, MI",42.6294783,-82.9318824,73.0
2025-02-01,70835,Genesis of Tulsa,Tulsa,OK,74133,671,"Tulsa, OK",36.022119,-95.8852819,73.0
2025-02-01,2525,Genesis of Cool Springs,Franklin,TN,37067,659,"Nashville, TN",35.9580609,-86.8090467,72.0
2025-02-01,94705,Genesis of Ridgefield,Norwalk,CT,06851,501,"New York, NY",41.1261307,-73.4233158,72.0
2025-02-01,69670,Rick Case Genesis Davie,Davie,FL,33331,528,"Miami-Ft. Lauderdale, FL",26.0758729,-80.3619504,72.0
2025-02-01,4941,Genesis of Conshohocken,Conshohocken,PA,19428,504,"Philadelphia, PA",40.1028837,-75.3064312,71.0
2025-02-01,73042,Gettel Genesis of Lakewood,Bradenton,FL,34208,539,"Tampa-St Petersburg (Sarasota), FL",27.4953171,-82.4871204,71.0
2025-02-01,72197,Genesis of Doylestown,Doylestown,PA,18902,504,"Philadelphia, PA",40.3335783,-75.1370158,70.0
2025-02-01,9530,Genesis of Brunswick,Brunswick,OH,44212,510,"Cleveland-Akron (Canton), OH",41.2391403,-81.7926475,69.0
2025-02-01,10916,Genesis of Louisville,Jeffersontown,KY,40299,529,"Louisville, KY",38.2125896,-85.5378392,69.0
2025-02-01,71564,Clay Cooley Genesis of Mesquite,Mesquite,TX,75150,623,"Dallas-Ft. Worth, TX",32.8336891,-96.6306212,68.0
2025-02-01,61240,Genesis of Palm Springs,Palm Springs,CA,92264,804,"Palm Springs, CA",33.7945577,-116.5032881,68.0
2025-02-01,62587,Genesis of Aurora,Aurora,IL,60504,602,"Chicago, IL",41.7515762,-88.213844,65.0
2025-02-01,7375,Genesis of Bedford,Bedford,OH,44146,510,"Cleveland-Akron (Canton), OH",41.4061393,-81.5482726,65.0
2025-02-01,69883,Genesis of North Plainfield,North Plainfield,NJ,07060,501,"New York, NY",40.6165806,-74.4551273,65.0
2025-02-01,70290,Genesis of Greer,Greer,SC,29651,567,"Greenville-Spartanburg, SC-Asheville, NC-Anderson, SC",34.949924,-82.198468,64.0
2025-02-01,9594,Genesis of Orange Park,Jacksonville,FL,32244,561,"Jacksonville, FL",30.2100757,-81.7391104,63.0
2025-02-01,71661,Allen Turner Genesis,Pensacola,FL,32505,686,"Mobile, AL-Pensacola (Ft. Walton Beach), FL",30.4750621,-87.247943,62.0
2025-02-01,16023,Genesis of Baton Rouge,Baton Rouge,LA,70809,716,"Baton Rouge, LA",30.3805348,-91.0404825,62.0
2025-02-01,61217,Genesis of Weatherford,Hudson Oaks,TX,76087,623,"Dallas-Ft. Worth, TX",32.7558051,-97.6929673,62.0
2025-02-01,12986,Genesis of Buffalo,Williamsville,NY,14221,514,"Buffalo, NY",42.960953,-78.691081,61.0
2025-02-01,68973,Genesis of Dublin,Dublin,CA,94568,807,"San Francisco-Oakland-San Jose, CA",37.7027037,-121.9030039,61.0
2025-02-01,83168,Genesis of Framingham,Framingham,MA,01702,506,"Boston, MA-Manchester, NH",42.2974046,-71.417428,60.0
2025-02-01,2157,Genesis of Suitland,Bowie,MD,20716,511,"Washington, DC (Hagerstown, MD)",38.9227402,-76.7179222,60.0
2025-02-01,81842,Genesis of West Warwick,West Warwick,RI,02893,521,"Providence, RI-New Bedford, MA",41.684535,-71.5014056,60.0
2025-02-01,2687,Genesis of Parma,Parma,OH,44129,510,"Cleveland-Akron (Canton), OH",41.4180454,-81.7339114,59.0
2025-02-01,65747,Genesis Of Clear Lake,Webster,TX,77598,618,"Houston, TX",29.5340161,-95.13376,58.0
2025-02-01,12744,Genesis of Ballwin,Ballwin,MO,63011,609,"St. Louis, MO",38.5925561,-90.5337953,57.0
2025-02-01,8386,Genesis of Huntington,Huntington,NY,11743,501,"New York, NY",40.8332861,-73.3617156,56.0
2025-02-01,91447,Genesis of Albany,Albany,NY,12205,532,"Albany-Schenectady-Troy, NY",42.7296031,-73.8529553,55.0
2025-02-01,1250,Genesis of New Orleans,Metairie,LA,70003,622,"New Orleans, LA",30.0058423,-90.2210481,55.0
2025-02-01,73680,Genesis of Wayne,Wayne,NJ,07470,501,"New York, NY",40.948967,-74.276307,55.0
2025-02-01,73383,Genesis of Newnan,Newnan,GA,30263,524,"Atlanta, GA",33.3980326,-84.751469,54.0
2025-02-01,67535,Genesis of Wolfchase,Memphis,TN,38133,640,"Memphis, TN",35.2032351,-89.8071642,54.0
2025-02-01,73481,Genesis of Kalamazoo,Kalamazoo,MI,49009,563,"Grand Rapids-Kalamazoo-Battle Creek, MI",42.2973176,-85.6584469,53.0
2025-02-01,61112,Homestead Genesis,Homestead,FL,33030,528,"Miami-Ft. Lauderdale, FL",25.4674062,-80.472177,53.0
2025-02-01,64037,Universal Genesis,Orlando,FL,32837,534,"Orlando-Daytona Beach-Melbourne, FL",28.3794594,-81.4033691,53.0
2025-02-01,2584,Genesis Of Norman,Norman,OK,73069,650,"Oklahoma City, OK",35.2248696,-97.4845549,51.0
2025-02-01,2511,Genesis of Clearwater,Clearwater,FL,33761,539,"Tampa-St Petersburg (Sarasota), FL",28.0222085,-82.7380372,51.0
2025-02-01,12806,Genesis of Lake Park,Lake Park,FL,33403,548,"West Palm Beach-Ft. Pierce, FL",26.8099851,-80.0930527,51.0
2025-02-01,11303,Genesis of Appleton,Appleton,WI,54913,658,"Green Bay-Appleton, WI",44.2887964,-88.4759736,50.0
2025-02-01,10129,Genesis of Covington,Covington,LA,70433,622,"New Orleans, LA",30.4321,-90.0886416,50.0
2025-02-01,3566,Genesis of Highland Park,Highland Park,IL,60035,602,"Chicago, IL",42.1609423,-87.8081446,50.0
2025-02-01,69447,King Genesis,Deerfield Beach,FL,33441,528,"Miami-Ft. Lauderdale, FL",26.29967,-80.0946749,50.0
2025-02-01,66747,Genesis Of Southfield,Southfield,MI,48034,505,"Detroit, MI",42.4941876,-83.2830437,49.0
2025-02-01,17853,Genesis of Winston-Salem,Winston-Salem,NC,27127,518,"Greensboro-High Point-Winston Salem, NC",36.0674142,-80.2606633,49.0
2025-02-01,69102,Orlando Genesis,Orlando,FL,32808,534,"Orlando-Daytona Beach-Melbourne, FL",28.5521196,-81.4309809,49.0
2025-02-01,72560,Genesis of West Knoxville,Knoxville,TN,37923,557,"Knoxville, TN",35.9181977,-84.0733877,48.0
2025-02-01,4844,Genesis of Miami Lakes,Miami Lakes,FL,33014,528,"Miami-Ft. Lauderdale, FL",25.9235071,-80.3016669,47.0
2025-02-01,73395,Genesis of Union City,Riverdale,GA,30274,524,"Atlanta, GA",33.5645576,-84.4132949,47.0
2025-02-01,36882,Genesis of Virginia Beach,Virginia Beach,VA,23452,544,"Norfolk-Portsmouth-Newport News,VA",36.8356924,-76.0987758,47.0
2025-02-01,61284,Genesis of Springfield,Springfield,VA,22150,511,"Washington, DC (Hagerstown, MD)",38.7503466,-77.1828597,46.0
2025-02-01,73375,Genesis of Melbourne,Melbourne,FL,32901,534,"Orlando-Daytona Beach-Melbourne, FL",28.0781199,-80.6372008,45.0
2025-02-01,8947,Genesis of Wichita,Wichita,KS,67206,678,"Wichita-Hutchinson, KS",37.7055104,-97.2084739,45.0
2025-02-01,91019,Genesis of Hickory,Hickory,NC,28602,517,"Charlotte, NC",35.7151389,-81.3379647,44.0
2025-02-01,69018,Genesis of Hickory Hollow,Nashville,TN,37211,659,"Nashville, TN",36.0456523,-86.7012321,43.0
2025-02-01,69980,Genesis of Minneapolis,Golden Valley,MN,55426,613,"Minneapolis-St. Paul, MN",44.9724585,-93.3935748,43.0
2025-02-01,69737,Genesis of Richmond,Bon Air,VA,23235,556,"Richmond-Petersburg, VA",37.5013145,-77.5717929,43.0
2025-02-01,71829,Genesis of Chantilly,Chantilly,VA,20151,511,"Washington, DC (Hagerstown, MD)",38.903778,-77.4621301,42.0
2025-02-01,70573,Genesis of Gwinnett,Duluth,GA,30096,524,"Atlanta, GA",33.9606012,-84.1164625,42.0
2025-02-01,61127,Genesis of Hattiesburg,Hattiesburg,MS,39402,710,"Hattiesburg-Laurel, MS",31.3166979,-89.407095,42.0
2025-02-01,4571,Genesis of Nashua,Nashua,NH,03060,506,"Boston, MA-Manchester, NH",42.7272329,-71.4464946,42.0
2025-02-01,70624,Genesis of Noblesville,Noblesville,IN,46060,527,"Indianapolis, IN",40.0446534,-85.9936143,42.0
2025-02-01,73353,Genesis of Annapolis,Annapolis,MD,21401,512,"Baltimore, MD",38.976603,-76.5095064,41.0
2025-02-01,64724,Genesis of Groveport,Groveport,OH,43125,535,"Columbus, OH",39.8895794,-82.8876146,41.0
2025-02-01,42325,Genesis Memphis Covington Pike,Memphis,TN,38134,640,"Memphis, TN",35.1781733,-89.8953093,40.0
2025-02-01,5334,Genesis of Fayetteville,Fayetteville,NC,28314,560,"Raleigh-Durham (Fayetteville), NC",35.0630371,-78.9696547,40.0
2025-02-01,73397,Genesis of Daytona Beach,Daytona Beach,FL,32117,534,"Orlando-Daytona Beach-Melbourne, FL",29.2235952,-81.0481335,38.0
2025-02-01,4457,Genesis of Spring,Spring,TX,77373,618,"Houston, TX",30.0627988,-95.4322263,38.0
2025-02-01,10564,Genesis of Meriden,Meriden,CT,06450,533,"Hartford & New Haven, CT",41.5137568,-72.8062752,37.0
2025-02-01,6292,Genesis of Harlingen,Harlingen,TX,78552,636,"Harlingen-Weslaco-Brownsville-McAllen, TX",26.1864793,-97.7753841,36.0
2025-02-01,6832,Genesis of Denton,Denton,TX,76210,623,"Dallas-Ft. Worth, TX",33.1691755,-97.0819556,35.0
2025-02-01,68812,Genesis of South Knoxville,Alcoa,TN,37701,557,"Knoxville, TN",35.8245636,-83.9755837,34.0
2025-02-01,61459,Genesis of Augusta,Augusta,GA,30907,520,"Augusta, GA",33.5157506,-82.0641493,33.0
2025-02-01,71500,Genesis of Waterloo,Waterloo,IA,50702,637,"Cedar Rapids-Waterloo-Iowa City & Dubuque, IA",42.4906379,-92.3401956,32.0
2025-02-01,69757,Genesis of Wilkes-Barre,Wilkes-Barre,PA,18702,577,"Wilkes Barre-Scranton, PA",41.2549421,-75.8381435,32.0
2025-02-01,69498,Genesis of Eastern Shore,Daphne,AL,36526,686,"Mobile, AL-Pensacola (Ft. Walton Beach), FL",30.6607867,-87.8567477,31.0
2025-02-01,8750,Sid Dillon Genesis of Lincoln,Lincoln,NE,68512,722,"Lincoln & Hastings-Kearney, NE",40.7364094,-96.6846163,31.0
2025-02-01,61515,Genesis Of Madison,Madison,WI,53713,669,"Madison, WI",43.0341872,-89.4116586,30.0
2025-02-01,69370,Genesis of Northampton,Northampton,MA,01060,543,"Springfield-Holyoke, MA",42.3359481,-72.6356287,30.0
2025-02-01,65171,Genesis of Selma,Selma,CA,93662,866,"Fresno-Visalia, CA",36.5705206,-119.6297571,30.0
2025-02-01,61196,Genesis of Arlington,Arlington,MA,02476,506,"Boston, MA-Manchester, NH",42.4232377,-71.1738841,29.0
2025-02-01,70200,Genesis of Chattanooga,Chattanooga,TN,37421,575,"Chattanooga, TN",35.0602866,-85.1922179,29.0
2025-02-01,67547,Genesis of Ogden,Ogden,UT,84401,770,"Salt Lake City, UT",41.2030548,-111.9799594,29.0
2025-02-01,72712,Genesis of Roswell,Roswell,GA,30076,524,"Atlanta, GA",34.056201,-84.32906,29.0
2025-02-01,3110,Genesis of South St. Louis County,St. Louis,MO,63123,609,"St. Louis, MO",38.521476,-90.3450902,29.0
2025-02-01,5541,Genesis Glenview,Glenview,IL,60026,602,"Chicago, IL",42.1061877,-87.8216753,28.0
2025-02-01,68961,Genesis of Hampton,Hampton,VA,23666,544,"Norfolk-Portsmouth-Newport News,VA",37.0619771,-76.4003949,28.0
2025-02-01,54,Genesis of Gaithersburg,Gaithersburg,MD,20879,511,"Washington, DC (Hagerstown, MD)",39.1581897,-77.2157235,27.0
2025-02-01,95718,Genesis of Pasadena,Pasadena,CA,91107,803,"Los Angeles, CA",34.1459718,-118.077746,27.0
2025-02-01,71909,Napleton's North Palm Hyundai,Lake Park,FL,33403,548,"West Palm Beach-Ft. Pierce, FL",26.809389,-80.0935379,27.0
2025-02-01,69414,Genesis of Olive Branch,Olive Branch,MS,38654,640,"Memphis, TN",34.9790497,-89.8645852,26.0
2025-02-01,3536,Genesis of Rockville,North Bethesda,MD,20852,511,"Washington, DC (Hagerstown, MD)",39.0438363,-77.1107675,26.0
2025-02-01,72341,Genesis of Auburn,Auburn,AL,36830,522,"Columbus, GA",32.6179594,-85.4635689,25.0
2025-02-01,71271,Genesis of Cartersville,Cartersville,GA,30120,524,"Atlanta, GA",34.1915656,-84.7876903,25.0
2025-02-01,68638,Genesis of Downtown Chicago,Chicago,IL,60616,602,"Chicago, IL",41.8442199,-87.6240557,25.0
2025-02-01,69375,Genesis of Hilton Head,Bluffton,SC,29910,507,"Savannah, GA",32.2898537,-80.9132918,23.0
2025-02-01,61176,Headquarter Genesis,Lake Mary,FL,32746,534,"Orlando-Daytona Beach-Melbourne, FL",28.7885443,-81.3466546,23.0
2025-02-01,69400,Genesis of Austin,Austin,TX,78745,635,"Austin, TX",30.2097044,-97.7566525,22.0
2025-02-01,18922,Genesis of Lafayette,Lafayette,IN,47904,582,"Lafayette, IN",40.4192119,-86.8589689,22.0
2025-02-01,69451,Phil Long Hyundai of Chapel Hills,Colorado Springs,CO,80920,752,"Colorado Springs-Pueblo, CO",38.9542907,-104.7978101,22.0
2025-02-01,69677,Genesis of La Quinta,La Quinta,CA,92253,804,"Palm Springs, CA",33.7072313,-116.2852619,20.0
2025-02-01,2671,Key Buick GMC,Jacksonville,FL,32216,561,"Jacksonville, FL",30.2582271,-81.5581083,20.0
2025-02-01,69931,Genesis of Commerce,West Bloomfield Township,MI,48322,505,"Detroit, MI",42.5607276,-83.4398789,19.0
2025-02-01,3152,Genesis of St. Cloud,Waite Park,MN,56387,613,"Minneapolis-St. Paul, MN",45.5485676,-94.2285831,19.0
2025-02-01,793,Genesis of Hazelwood,Hazelwood,MO,63042,609,"St. Louis, MO",38.7811015,-90.3650463,16.0
2025-02-01,3992,Genesis of New Bern,New Bern,NC,28560,545,"Greenville-New Bern-Washington, NC",35.0579658,-77.0170433,16.0
2025-02-01,49527,Genesis of Urbana,Urbana,IL,61802,648,"Champaign & Springfield-Decatur,IL",40.1386655,-88.1960739,16.0
2025-02-01,70671,Genesis of Owings Mills,Owings Mills,MD,21117,512,"Baltimore, MD",39.43549,-76.800636,15.0
2025-02-01,8220,Hyundai Of North Charleston,North Charleston,SC,29406,519,"Charleston, SC",32.9612062,-80.0444447,15.0
2025-02-01,71974,Genesis of Columbia,Columbia,SC,29203,546,"Columbia, SC",34.1430845,-80.9485594,13.0
2025-02-01,60611,Genesis of Huntsville,Huntsville,AL,35816,691,"Huntsville-Decatur (Florence), AL",34.7342382,-86.6214927,13.0
2025-02-01,70356,Hampton Genesis,Fort Walton Beach,FL,32548,686,"Mobile, AL-Pensacola (Ft. Walton Beach), FL",30.4123712,-86.6281688,12.0
2025-02-01,71629,Genesis of Auburn,Auburn,MA,01501,506,"Boston, MA-Manchester, NH",42.1825552,-71.8630505,11.0
2025-02-01,69701,Genesis of Victorville,Victorville,CA,92392,803,"Los Angeles, CA",34.5060794,-117.3405032,11.0
2025-02-01,648,Genesis of Calumet City,Calumet City,IL,60409,602,"Chicago, IL",41.6004518,-87.5734156,9.0
2025-02-01,61156,Genesis of Mattoon,Mattoon,IL,61938,648,"Champaign & Springfield-Decatur,IL",39.4823346,-88.3786268,9.0
2025-02-01,9692,Hyundai of La Quinta,La Quinta,CA,92253,804,"Palm Springs, CA",33.7072313,-116.2852619,9.0
2025-02-01,8135,Joe Machens Hyundai,Columbia,MO,65202,604,"Columbia-Jefferson City, MO",38.971532,-92.3342914,9.0
2025-02-01,4360,Paramount Hyundai Hickory,Hickory,NC,28602,517,"Charlotte, NC",35.715088,-81.3379676,9.0
2025-02-01,68698,GENESIS OF BAYSIDE,Queens,NY,11361,501,"New York, NY",40.7573441,-73.7811612,8.0
2025-02-01,61897,Genesis of Council Bluffs,Council Bluffs,IA,51501,652,"Omaha, NE",41.2276401,-95.8594545,8.0
2025-02-01,70691,Genesis of Greensboro,Greensboro,NC,27407,518,"Greensboro-High Point-Winston Salem, NC",36.0592468,-79.8794472,8.0
2025-02-01,73047,Genesis of Stevens Creek,Santa Clara,CA,95051,807,"San Francisco-Oakland-San Jose, CA",37.3235793,-121.9800176,8.0
2025-02-01,99924,Genesis of Avon,Simsbury,CT,06092,533,"Hartford & New Haven, CT",41.8203914,-72.8690454,7.0
2025-02-01,73357,Genesis of Columbia,Clarksville,MD,21029,512,"Baltimore, MD",39.210543,-76.944201,7.0
2025-02-01,83639,Napleton Maserati of Indianapolis,Indianapolis,IN,46240,527,"Indianapolis, IN",39.9276857,-86.0978814,7.0
2025-02-01,71242,Edwards Kia,Council Bluffs,IA,51501,652,"Omaha, NE",41.2222637,-95.8507804,6.0
2025-02-01,1691,Genesis of Fairfield,Fairfield,CT,06825,501,"New York, NY",41.1661525,-73.2298512,6.0
2025-02-01,99729,Stoler Chevrolet Buick,Owings Mills,MD,21117,512,"Baltimore, MD",39.4371908,-76.7993264,6.0
2025-02-01,69443,eCarOne,Plano,TX,75093,623,"Dallas-Ft. Worth, TX",33.0152705,-96.7767928,6.0
2025-02-01,73400,Genesis of Macon,Macon,GA,31210,503,"Macon, GA",32.8866204,-83.675043,5.0
2025-02-01,3624,Key Hyundai,Jacksonville,FL,32216,561,"Jacksonville, FL",30.2588529,-81.5578619,4.0
2025-02-01,8670,Southtowne Hyundai of Riverdale,Riverdale,GA,30274,524,"Atlanta, GA",33.5455345,-84.4164445,4.0
2025-02-01,1066,AutoNation Hyundai Hilton Head,Hardeeville,SC,29927,507,"Savannah, GA",32.311835,-80.9860727,3.0
2025-02-01,7188,Genesis San Antonio South,San Antonio,TX,78224,641,"San Antonio, TX",29.3499383,-98.538715,3.0
2025-02-01,7426,Lee Johnson Hyundai of Everett,Everett,WA,98203,819,"Seattle-Tacoma, WA",47.9485733,-122.2155506,3.0
2025-02-01,60375,Maple Hill Hyundai,Kalamazoo,MI,49009,563,"Grand Rapids-Kalamazoo-Battle Creek, MI",42.2973176,-85.6584469,3.0
2025-02-01,75561,BMW of West St Louis,Manchester,MO,63011,609,"St. Louis, MO",38.5938191,-90.5172172,2.0
2025-02-01,8279,Capitol Hyundai,San Jose,CA,95136,807,"San Francisco-Oakland-San Jose, CA",37.274631,-121.8752863,2.0
2025-02-01,39214,Doug's Hyundai,Edmonds,WA,98026,819,"Seattle-Tacoma, WA",47.797894,-122.3339483,2.0
2025-02-01,8691,Genesis of Colorado Springs,Colorado Springs,CO,80920,752,"Colorado Springs-Pueblo, CO",38.9533764,-104.7980871,2.0
2025-02-01,98745,Genesis of Danvers,Danvers,MA,01923,506,"Boston, MA-Manchester, NH",42.5595013,-70.9786915,2.0
2025-02-01,100529,Genesis of San Diego,San Diego,CA,92111,825,"San Diego, CA",32.8306319,-117.1434333,2.0
2025-02-01,2929,Gurley Leep Hyundai,Mishawaka,IN,46545,588,"South Bend-Elkhart, IN",41.7085345,-86.1860372,2.0
2025-02-01,6495,Huffines Kia McKinney,McKinney,TX,75070,623,"Dallas-Ft. Worth, TX",33.2074424,-96.6396958,2.0
2025-02-01,5393,Maple Hill Volkswagen,Kalamazoo,MI,49009,563,"Grand Rapids-Kalamazoo-Battle Creek, MI",42.2973176,-85.6584469,2.0
2025-02-01,25937,STG Auto Group,Montclair,CA,91763,803,"Los Angeles, CA",34.0640219,-117.6889961,2.0
2025-02-01,10755,South Point Hyundai,Austin,TX,78745,635,"Austin, TX",30.2097091,-97.7566541,2.0
2025-02-01,7311,Stevens Creek Hyundai,Santa Clara,CA,95051,807,"San Francisco-Oakland-San Jose, CA",37.3235793,-121.9800176,2.0
2025-02-01,33107,Van Horn Hyundai of Fond du Lac,Fond du Lac,WI,54937,658,"Green Bay-Appleton, WI",43.7832042,-88.5042614,2.0
2025-02-01,36624,ALM Kia South,Union City,GA,30291,524,"Atlanta, GA",33.5659217,-84.5273459,1.0
2025-02-01,4437,Antwerpen Hyundai Clarksville,Columbia,MD,21029,512,"Baltimore, MD",39.2110469,-76.9439521,1.0
2025-02-01,16074,Audi Memphis,Memphis,TN,38128,640,"Memphis, TN",35.1751112,-89.8980088,1.0
2025-02-01,13821,Audi North Shore,Brown Deer,WI,53223,617,"Milwaukee, WI",43.1791437,-87.9669639,1.0
2025-02-01,12278,AutoMax Ocala,Ocala,FL,34471,534,"Orlando-Daytona Beach-Melbourne, FL",29.1707655,-82.1577818,1.0
2025-02-01,52973,Automotive Avenues,Wall Township,NJ,07727,501,"New York, NY",40.2194934,-74.1304189,1.0
2025-02-01,2126,BMW Northwest,Fife,WA,98424,819,"Seattle-Tacoma, WA",47.2395722,-122.374543,1.0
2025-02-01,554,Bachman Chevrolet,Jeffersontown,KY,40299,529,"Louisville, KY",38.2201453,-85.5771289,1.0
2025-02-01,26752,Beach Cities Toyota Westminster,Westminster,CA,92683,803,"Los Angeles, CA",33.7408884,-117.9882786,1.0
2025-02-01,9592,Burns Hyundai,Evesham,NJ,08053,504,"Philadelphia, PA",39.8945897,-74.9382479,1.0
2025-02-01,11903,Cadillac Pasadena,Pasadena,CA,91107,803,"Los Angeles, CA",34.1465853,-118.0788768,1.0
2025-02-01,74653,CarMax Bakersfield,Bakersfield,CA,93307,800,"Bakersfield, CA",35.2931773,-119.0284246,1.0
2025-02-01,74686,CarMax Huntsville,Huntsville,AL,35806,691,"Huntsville-Decatur (Florence), AL",34.7474179,-86.6847145,1.0
2025-02-01,74931,CarMax Independence Boulevard,Charlotte,NC,28227,517,"Charlotte, NC",35.1598534,-80.7341335,1.0
2025-02-01,72056,Cavenaugh Hyundai,Jonesboro,AR,72404,734,"Jonesboro, AR",35.7996832,-90.6705785,1.0
2025-02-01,74511,Covert Cadillac Bee Cave,Austin,TX,78738,635,"Austin, TX",30.3158871,-98.0035468,1.0
2025-02-01,68963,Delray Hyundai,Delray Beach,FL,33483,548,"West Palm Beach-Ft. Pierce, FL",26.4720932,-80.0668508,1.0
2025-02-01,70876,Doral Genesis,Doral,FL,33172,528,"Miami-Ft. Lauderdale, FL",25.7843093,-80.3669404,1.0
2025-02-01,27926,Doral Lincoln,Doral,FL,33172,528,"Miami-Ft. Lauderdale, FL",25.7828058,-80.3428114,1.0
2025-02-01,80993,Driveline Used Cars of Murrieta,Murrieta,CA,92562,803,"Los Angeles, CA",33.5292134,-117.1733988,1.0
2025-02-01,891,Five Star Chevrolet,Warner Robins,GA,31093,503,"Macon, GA",32.6181243,-83.6038649,1.0
2025-02-01,15434,Folsom Lake Ford,Folsom,CA,95630,862,"Sacramento-Stockton-Modesto, CA",38.6346917,-121.2046807,1.0
2025-02-01,74793,GRUBBS INFINITI,Grapevine,TX,76051,623,"Dallas-Ft. Worth, TX",32.9211511,-97.0630654,1.0
2025-02-01,97787,Genesis Montgomery,Montgomery,AL,36106,698,"Montgomery (Selma), AL",32.3606235,-86.2242999,1.0
2025-02-01,84406,Genesis at Long of Chattanooga,Chattanooga,TN,37421,575,"Chattanooga, TN",35.059805,-85.190767,1.0
2025-02-01,13492,Genesis of Brunswick,Brunswick,GA,31525,561,"Jacksonville, FL",31.2072117,-81.4811899,1.0
2025-02-01,69409,Genesis of Richmond,Richmond,CA,94806,807,"San Francisco-Oakland-San Jose, CA",37.9857273,-122.3202802,1.0
2025-02-01,70703,Gregory Hyundai,Highland Park,IL,60035,602,"Chicago, IL",42.1609423,-87.8081446,1.0
2025-02-01,25111,Huntley Ford,Huntley,IL,60142,602,"Chicago, IL",42.1273465,-88.4300139,1.0
2025-02-01,70729,Hyundai of New Bern,New Bern,NC,28560,545,"Greenville-New Bern-Washington, NC",35.0579658,-77.0170433,1.0
2025-02-01,40073,Hyundai of Yuma,Yuma,AZ,85365,771,"Yuma, AZ-El Centro, CA",32.6685162,-114.6090136,1.0
2025-02-01,91980,Kate Faupel Ford,Henderson,KY,42420,649,"Evansville, IN",37.8726921,-87.5675883,1.0
2025-02-01,25780,Kentson Car Company,Bountiful,UT,84010,770,"Salt Lake City, UT",40.862791,-111.8925406,1.0
2025-02-01,7009,Landers Chevrolet Of Norman,Norman,OK,73072,650,"Oklahoma City, OK",35.2025866,-97.4817297,1.0
2025-02-01,9202,Lexus of Memphis,Memphis,TN,38119,640,"Memphis, TN",35.0762404,-89.8583994,1.0
2025-02-01,73434,Liberty Hyundai,Mahwah,NJ,07430,501,"New York, NY",41.0889901,-74.1524597,1.0
2025-02-01,55909,Lucchetti's Complete Auto Center,Marshfield,MA,02050,506,"Boston, MA-Manchester, NH",42.1063389,-70.7430958,1.0
2025-02-01,60374,Maple Hill Volvo Cars,Kalamazoo,MI,49009,563,"Grand Rapids-Kalamazoo-Battle Creek, MI",42.2973176,-85.6584469,1.0
2025-02-01,25370,Midlands Toyota,Columbia,SC,29203,546,"Columbia, SC",34.1282887,-80.9599501,1.0
2025-02-01,86,Modern Hyundai of Concord,Concord,NC,28027,517,"Charlotte, NC",35.3923062,-80.6217194,1.0
2025-02-01,42529,Rick Case Hyundai Ft. Lauderdale,Plantation,FL,33317,528,"Miami-Ft. Lauderdale, FL",26.1351086,-80.2031534,1.0
2025-02-01,57993,Roseville Kia,Roseville,CA,95661,862,"Sacramento-Stockton-Modesto, CA",38.7524054,-121.2603762,1.0
2025-02-01,56306,Route 17 Mitsubishi,Ramsey,NJ,07446,501,"New York, NY",41.0724998,-74.1420132,1.0
2025-02-01,42568,Southern States Mazda,Raleigh,NC,27609,560,"Raleigh-Durham (Fayetteville), NC",35.8170413,-78.6260002,1.0
2025-02-01,26026,Stokes Hodges Kia,Beech Island,SC,29842,520,"Augusta, GA",33.4864489,-81.9268356,1.0
2025-02-01,64039,Suntrup Hyundai South,St. Louis,MO,63123,609,"St. Louis, MO",38.521476,-90.3450902,1.0
2025-02-01,6570,Texan Hyundai,Rosenberg,TX,77471,618,"Houston, TX",29.5315757,-95.7957973,1.0
2025-02-01,69397,Tom Bell Chevrolet,Redlands,CA,92374,803,"Los Angeles, CA",34.0637996,-117.2078979,1.0
2025-02-01,69390,Tuscaloosa Hyundai,Tuscaloosa,AL,35405,630,"Birmingham, AL",33.1714939,-87.4878654,1.0
2025-02-01,14193,Vaden of Beaufort Chevrolet GMC,Beaufort,SC,29906,507,"Savannah, GA",32.4338806,-80.7107814,1.0
2025-02-01,3745,Vandergriff Hyundai,Arlington,TX,76017,623,"Dallas-Ft. Worth, TX",32.6758213,-97.1247183,1.0
2025-02-01,36816,Warner Robins Chrysler Dodge Jeep Ram FIAT,Warner Robins,GA,31093,503,"Macon, GA",32.6175306,-83.6790543,1.0
2025-02-01,62547,Werner Hyundai,Tallahassee,FL,32304,530,"Tallahassee, FL-Thomasville, GA",30.4561687,-84.3619341,1.0
2025-02-01,30195,Wilde Honda,Waukesha,WI,53186,617,"Milwaukee, WI",43.0251475,-88.201983,1.0
2025-02-01,61741,Burns Buick GMC,Evesham,NJ,08053,504,"Philadelphia, PA",39.8944583,-74.9371349,0.0
2025-02-01,98536,Galpin Genesis of Van Nuys,Los Angeles,CA,91406,803,"Los Angeles, CA",34.2209833,-118.4687863,0.0
2025-02-01,70476,Genesis of Escondido,Escondido,CA,92029,825,"San Diego, CA",33.1150272,-117.1049655,0.0
2025-02-01,17363,Greentree Toyota,Brookfield,CT,06804,501,"New York, NY",41.4247664,-73.4190955,0.0
2025-02-01,71732,Key Genesis,Jacksonville,FL,32216,561,"Jacksonville, FL",30.2588529,-81.5578619,0.0
2025-03-01,61186,Braman Genesis,Miami,FL,33137,528,"Miami-Ft. Lauderdale, FL",25.7954893,-80.1910373,472.0
2025-03-01,73396,Genesis of Cherry Hill,Evesham,NJ,08053,504,"Philadelphia, PA",39.8831146,-74.9226358,247.0
2025-03-01,72517,Genesis of Loma Linda,Ontario,CA,91764,803,"Los Angeles, CA",34.0699402,-117.6059991,236.0
2025-03-01,62585,Genesis of the North Shore,Hicksville,NY,11801,501,"New York, NY",40.7702089,-73.5027249,229.0
2025-03-01,7006,Genesis of Atlanta,Atlanta,GA,30341,524,"Atlanta, GA",33.9080158,-84.2909986,224.0
2025-03-01,29179,Genesis of White Plains,White Plains,NY,10606,501,"New York, NY",41.0350081,-73.7836873,221.0
2025-03-01,52440,Genesis of Mentor,Mentor,OH,44060,510,"Cleveland-Akron (Canton), OH",41.6834521,-81.3348422,213.0
2025-03-01,62609,Norm Reeves Genesis of Cerritos,Cerritos,CA,90703,803,"Los Angeles, CA",33.8662378,-118.1015234,208.0
2025-03-01,68783,Coconut Creek Genesis,Coconut Creek,FL,33073,528,"Miami-Ft. Lauderdale, FL",26.2914037,-80.2009677,207.0
2025-03-01,62581,Genesis Santa Monica,Santa Monica,CA,90404,803,"Los Angeles, CA",34.03227,-118.4751279,203.0
2025-03-01,73840,Genesis of Braintree,Quincy,MA,02169,506,"Boston, MA-Manchester, NH",42.2364548,-70.9785026,194.0
2025-03-01,69264,Genesis of Naples,Naples,FL,34109,571,"Ft. Myers-Naples, FL",26.2279083,-81.7660554,185.0
2025-03-01,6767,Tuttle-Click Genesis,Irvine,CA,92618,803,"Los Angeles, CA",33.6342181,-117.7233823,182.0
2025-03-01,70287,Genesis of St. Charles,St. Peters,MO,63376,609,"St. Louis, MO",38.7975346,-90.5978187,180.0
2025-03-01,69118,Hudson Hyundai,Jersey City,NJ,07304,501,"New York, NY",40.7234737,-74.0888952,179.0
2025-03-01,94818,Genesis of Milwaukee,Waukesha,WI,53186,617,"Milwaukee, WI",43.0244944,-88.2038863,176.0
2025-03-01,3156,Genesis of Schaumburg,Schaumburg,IL,60173,602,"Chicago, IL",42.0509027,-88.053118,176.0
2025-03-01,10409,Genesis of Southwest Houston,Houston,TX,77074,618,"Houston, TX",29.6691333,-95.5474174,174.0
2025-03-01,7692,Genesis of The South Shore,West Islip,NY,11795,501,"New York, NY",40.7207062,-73.3044797,170.0
2025-03-01,96938,Genesis of North Cincinnati,Cincinnati,OH,45249,515,"Cincinnati, OH",39.2926575,-84.3036044,164.0
2025-03-01,71490,Genesis of West Houston,Houston,TX,77094,618,"Houston, TX",29.7836158,-95.673582,158.0
2025-03-01,73379,Genesis of Milford,Milford,CT,06460,533,"Hartford & New Haven, CT",41.2076083,-73.0884209,155.0
2025-03-01,73893,Genesis of Brunswick,South Brunswick Township,NJ,08852,501,"New York, NY",40.4111541,-74.5423003,152.0
2025-03-01,9001,Genesis of Chandler,Chandler,AZ,85286,753,"Phoenix, AZ",33.2846933,-111.7910889,151.0
2025-03-01,10212,Genesis of Edmond,Edmond,OK,73013,650,"Oklahoma City, OK",35.6128747,-97.4967472,150.0
2025-03-01,57353,Jenkins Genesis of North East Jacksonville,Jacksonville,FL,32225,561,"Jacksonville, FL",30.3253588,-81.5105439,149.0
2025-03-01,64605,Genesis of South Bay,Torrance,CA,90505,803,"Los Angeles, CA",33.7991718,-118.3411724,147.0
2025-03-01,4349,Jenkins Genesis of Leesburg,Leesburg,FL,34788,534,"Orlando-Daytona Beach-Melbourne, FL",28.8228437,-81.7874886,144.0
2025-03-01,2734,Genesis of Carmel,Indianapolis,IN,46240,527,"Indianapolis, IN",39.9293455,-86.0966346,143.0
2025-03-01,67653,Genesis of Corona,Corona,CA,92882,803,"Los Angeles, CA",33.882918,-117.6138489,140.0
2025-03-01,71992,Genesis of Brooklyn,Brooklyn,NY,11232,501,"New York, NY",40.6571085,-74.014405,133.0
2025-03-01,71985,Genesis of Columbus,Columbus,OH,43230,535,"Columbus, OH",40.0598318,-82.9433206,133.0
2025-03-01,3102,Genesis of Alexandria,Alexandria,VA,22301,511,"Washington, DC (Hagerstown, MD)",38.8213866,-77.0576309,131.0
2025-03-01,96075,Genesis of Smithtown,Saint James,NY,11780,501,"New York, NY",40.861595,-73.159573,130.0
2025-03-01,72673,Earnhardt Genesis North Scottsdale,Scottsdale,AZ,85260,753,"Phoenix, AZ",33.631299,-111.8982196,129.0
2025-03-01,73389,Genesis of Freehold,Freehold,NJ,07728,501,"New York, NY",40.2641336,-74.2924834,129.0
2025-03-01,9004,Genesis of Littleton,Englewood,CO,80113,751,"Denver, CO",39.6200977,-104.9885845,126.0
2025-03-01,6996,Genesis of Lafayette,Lafayette,LA,70506,642,"Lafayette, LA",30.1552098,-92.0910284,124.0
2025-03-01,28092,Genesis of Las Vegas,Las Vegas,NV,89117,839,"Las Vegas, NV",36.1449418,-115.2489832,121.0
2025-03-01,73041,Gettel Genesis of Sarasota,Sarasota,FL,34233,539,"Tampa-St Petersburg (Sarasota), FL",27.2695206,-82.4746827,121.0
2025-03-01,53667,Genesis Of Cumming,Cumming,GA,30041,524,"Atlanta, GA",34.1439728,-84.1730152,120.0
2025-03-01,73682,Wallace Genesis,Stuart,FL,34997,548,"West Palm Beach-Ft. Pierce, FL",27.1605832,-80.2229084,120.0
2025-03-01,61326,Genesis of Denville,Denville,NJ,07834,501,"New York, NY",40.8681668,-74.5137571,119.0
2025-03-01,1531,Genesis of Manchester,Bedford,NH,03110,506,"Boston, MA-Manchester, NH",42.944374,-71.472789,118.0
2025-03-01,66836,Genesis of Peoria,Peoria,AZ,85382,753,"Phoenix, AZ",33.6372458,-112.2451079,118.0
2025-03-01,26003,Genesis of Elgin,Elgin,IL,60120,602,"Chicago, IL",42.0317119,-88.2445971,117.0
2025-03-01,93460,Genesis of Portland,Portland,OR,97225,820,"Portland, OR",45.4962782,-122.7698208,117.0
2025-03-01,4919,Genesis of North Aurora,North Aurora,IL,60542,602,"Chicago, IL",41.80082,-88.3739138,111.0
2025-03-01,69570,Genesis of Cary,Cary,NC,27511,560,"Raleigh-Durham (Fayetteville), NC",35.7384809,-78.8093998,110.0
2025-03-01,4899,Genesis of Conway,Conway,AR,72032,693,"Little Rock-Pine Bluff, AR",35.093494,-92.421864,109.0
2025-03-01,9254,Genesis of Bloomington-Normal,Normal,IL,61761,675,"Peoria-Bloomington, IL",40.5165466,-88.9541909,108.0
2025-03-01,74040,Genesis of San Bruno,San Bruno,CA,94066,807,"San Francisco-Oakland-San Jose, CA",37.6372585,-122.419091,108.0
2025-03-01,69032,Genesis Of NW San Antonio,Boerne,TX,78006,641,"San Antonio, TX",29.6844593,-98.6411438,102.0
2025-03-01,71052,Lakeland Genesis,Lakeland,FL,33815,539,"Tampa-St Petersburg (Sarasota), FL",28.054301,-81.9758413,102.0
2025-03-01,57975,Genesis of Kennesaw,Kennesaw,GA,30144,524,"Atlanta, GA",34.0233261,-84.5734338,101.0
2025-03-01,94375,Castle Genesis of Downers Grove,Oakbrook Terrace,IL,60181,602,"Chicago, IL",41.8582742,-87.9545485,99.0
2025-03-01,96441,Genesis of Rocklin,Rocklin,CA,95677,862,"Sacramento-Stockton-Modesto, CA",38.7952904,-121.2164042,97.0
2025-03-01,3566,Genesis of Highland Park,Highland Park,IL,60035,602,"Chicago, IL",42.1609423,-87.8081446,95.0
2025-03-01,72010,Genesis of Charlotte,Charlotte,NC,28227,517,"Charlotte, NC",35.1428872,-80.7216186,93.0
2025-03-01,72126,Genesis of Ocala,Ocala,FL,34471,534,"Orlando-Daytona Beach-Melbourne, FL",29.1773171,-82.1519073,91.0
2025-03-01,68840,Genesis of Golden,Golden,CO,80401,751,"Denver, CO",39.730479,-105.1754951,90.0
2025-03-01,68256,Genesis of Lexington,Lexington,KY,40509,541,"Lexington, KY",37.9960356,-84.441848,90.0
2025-03-01,9171,Genesis of Longview,Longview,TX,75605,709,"Tyler-Longview(Lufkin & Nacogdoches), TX",32.5633713,-94.7310184,90.0
2025-03-01,72695,Rick Case Genesis,Plantation,FL,33317,528,"Miami-Ft. Lauderdale, FL",26.1351086,-80.2031534,89.0
2025-03-01,69382,Genesis of West Chester,West Chester,PA,19382,504,"Philadelphia, PA",39.9023291,-75.5655602,87.0
2025-03-01,70052,Norm Reeves Genesis of Irving,Irving,TX,75062,623,"Dallas-Ft. Worth, TX",32.8360367,-96.921086,87.0
2025-03-01,70093,Genesis of Merrillville,Merrillville,IN,46410,602,"Chicago, IL",41.4717832,-87.3480253,86.0
2025-03-01,64003,Genesis of Bel Air,Fallston,MD,21047,512,"Baltimore, MD",39.5065574,-76.3858171,85.0
2025-03-01,73795,Crown Genesis,St. Petersburg,FL,33714,539,"Tampa-St Petersburg (Sarasota), FL",27.8204635,-82.6786673,84.0
2025-03-01,70074,Genesis of Fort Myers,Fort Myers,FL,33907,571,"Ft. Myers-Naples, FL",26.596538,-81.8605256,84.0
2025-03-01,94567,Genesis of Kansas City,Overland Park,KS,66204,616,"Kansas City, MO",38.9882713,-94.6681597,83.0
2025-03-01,1130,Genesis of Kirkland,Kirkland,WA,98034,819,"Seattle-Tacoma, WA",47.7072771,-122.1748634,82.0
2025-03-01,70631,Genesis of Lake Norman,Cornelius,NC,28031,517,"Charlotte, NC",35.467345,-80.872696,82.0
2025-03-01,69062,Genesis of Lindon,Lindon,UT,84042,770,"Salt Lake City, UT",40.3293405,-111.7338433,81.0
2025-03-01,94705,Genesis of Ridgefield,Norwalk,CT,06851,501,"New York, NY",41.1261307,-73.4233158,81.0
2025-03-01,61277,Genesis of New Hudson,New Hudson,MI,48165,505,"Detroit, MI",42.5161168,-83.609054,80.0
2025-03-01,70696,Genesis of Round Rock,Round Rock,TX,78665,635,"Austin, TX",30.5322484,-97.6891408,80.0
2025-03-01,67522,Genesis of Wexford,Wexford,PA,15090,508,"Pittsburgh, PA",40.6143612,-80.0568103,77.0
2025-03-01,10916,Genesis of Louisville,Jeffersontown,KY,40299,529,"Louisville, KY",38.2125896,-85.5378392,76.0
2025-03-01,61567,Genesis of Monroeville,Monroeville,PA,15146,508,"Pittsburgh, PA",40.4308948,-79.7170895,76.0
2025-03-01,1393,Genesis of Plano,Plano,TX,75093,623,"Dallas-Ft. Worth, TX",33.0102218,-96.7668456,75.0
2025-03-01,69670,Rick Case Genesis Davie,Davie,FL,33331,528,"Miami-Ft. Lauderdale, FL",26.0758729,-80.3619504,75.0
2025-03-01,9164,Genesis of Kearny Mesa,San Diego,CA,92111,825,"San Diego, CA",32.82812,-117.1528769,74.0
2025-03-01,67498,Genesis of West Palm Beach,West Palm Beach,FL,33409,548,"West Palm Beach-Ft. Pierce, FL",26.7072233,-80.0873646,74.0
2025-03-01,56215,Genesis of Westlake,Thousand Oaks,CA,91362,803,"Los Angeles, CA",34.1644513,-118.8296499,74.0
2025-03-01,69823,Genesis Of Charleston,Charleston,SC,29414,519,"Charleston, SC",32.7982545,-80.0859341,73.0
2025-03-01,64426,Genesis of Algonquin,Algonquin,IL,60102,602,"Chicago, IL",42.1629985,-88.3344476,72.0
2025-03-01,61240,Genesis of Palm Springs,Palm Springs,CA,92264,804,"Palm Springs, CA",33.7945577,-116.5032881,72.0
2025-03-01,68945,Genesis of San Antonio East,San Antonio,TX,78233,641,"San Antonio, TX",29.5452956,-98.3688609,72.0
2025-03-01,67536,Genesis of Omaha,Omaha,NE,68118,652,"Omaha, NE",41.2639237,-96.1858719,71.0
2025-03-01,61239,Genesis of Central Florida,Clermont,FL,34711,534,"Orlando-Daytona Beach-Melbourne, FL",28.5478492,-81.6689649,69.0
2025-03-01,68973,Genesis of Dublin,Dublin,CA,94568,807,"San Francisco-Oakland-San Jose, CA",37.7027037,-121.9030039,69.0
2025-03-01,52776,Genesis Of Macomb,Macomb,MI,48044,505,"Detroit, MI",42.6294783,-82.9318824,68.0
2025-03-01,36300,Delray Genesis,Delray Beach,FL,33483,548,"West Palm Beach-Ft. Pierce, FL",26.4720932,-80.0668508,66.0
2025-03-01,65747,Genesis Of Clear Lake,Webster,TX,77598,618,"Houston, TX",29.5340161,-95.13376,65.0
2025-03-01,70624,Genesis of Noblesville,Noblesville,IN,46060,527,"Indianapolis, IN",40.0446534,-85.9936143,65.0
2025-03-01,8533,Genesis North Orlando,Winter Park,FL,32789,534,"Orlando-Daytona Beach-Melbourne, FL",28.6088331,-81.3648614,64.0
2025-03-01,9530,Genesis of Brunswick,Brunswick,OH,44212,510,"Cleveland-Akron (Canton), OH",41.2391403,-81.7926475,64.0
2025-03-01,2584,Genesis Of Norman,Norman,OK,73069,650,"Oklahoma City, OK",35.2248696,-97.4845549,63.0
2025-03-01,69883,Genesis of North Plainfield,North Plainfield,NJ,07060,501,"New York, NY",40.6165806,-74.4551273,63.0
2025-03-01,12986,Genesis of Buffalo,Williamsville,NY,14221,514,"Buffalo, NY",42.960953,-78.691081,62.0
2025-03-01,4941,Genesis of Conshohocken,Conshohocken,PA,19428,504,"Philadelphia, PA",40.1028837,-75.3064312,62.0
2025-03-01,2525,Genesis of Cool Springs,Franklin,TN,37067,659,"Nashville, TN",35.9580609,-86.8090467,61.0
2025-03-01,72197,Genesis of Doylestown,Doylestown,PA,18902,504,"Philadelphia, PA",40.3335783,-75.1370158,61.0
2025-03-01,70290,Genesis of Greer,Greer,SC,29651,567,"Greenville-Spartanburg, SC-Asheville, NC-Anderson, SC",34.949924,-82.198468,60.0
2025-03-01,4457,Genesis of Spring,Spring,TX,77373,618,"Houston, TX",30.0627988,-95.4322263,60.0
2025-03-01,70835,Genesis of Tulsa,Tulsa,OK,74133,671,"Tulsa, OK",36.022119,-95.8852819,60.0
2025-03-01,8947,Genesis of Wichita,Wichita,KS,67206,678,"Wichita-Hutchinson, KS",37.7055104,-97.2084739,60.0
2025-03-01,73481,Genesis of Kalamazoo,Kalamazoo,MI,49009,563,"Grand Rapids-Kalamazoo-Battle Creek, MI",42.2973176,-85.6584469,59.0
2025-03-01,2157,Genesis of Suitland,Bowie,MD,20716,511,"Washington, DC (Hagerstown, MD)",38.9227402,-76.7179222,59.0
2025-03-01,36882,Genesis of Virginia Beach,Virginia Beach,VA,23452,544,"Norfolk-Portsmouth-Newport News,VA",36.8356924,-76.0987758,59.0
2025-03-01,7375,Genesis of Bedford,Bedford,OH,44146,510,"Cleveland-Akron (Canton), OH",41.4061393,-81.5482726,57.0
2025-03-01,9594,Genesis of Orange Park,Jacksonville,FL,32244,561,"Jacksonville, FL",30.2100757,-81.7391104,57.0
2025-03-01,61217,Genesis of Weatherford,Hudson Oaks,TX,76087,623,"Dallas-Ft. Worth, TX",32.7558051,-97.6929673,57.0
2025-03-01,73042,Gettel Genesis of Lakewood,Bradenton,FL,34208,539,"Tampa-St Petersburg (Sarasota), FL",27.4953171,-82.4871204,57.0
2025-03-01,2687,Genesis of Parma,Parma,OH,44129,510,"Cleveland-Akron (Canton), OH",41.4180454,-81.7339114,56.0
2025-03-01,73680,Genesis of Wayne,Wayne,NJ,07470,501,"New York, NY",40.948967,-74.276307,56.0
2025-03-01,81842,Genesis of West Warwick,West Warwick,RI,02893,521,"Providence, RI-New Bedford, MA",41.684535,-71.5014056,56.0
2025-03-01,11303,Genesis of Appleton,Appleton,WI,54913,658,"Green Bay-Appleton, WI",44.2887964,-88.4759736,55.0
2025-03-01,17853,Genesis of Winston-Salem,Winston-Salem,NC,27127,518,"Greensboro-High Point-Winston Salem, NC",36.0674142,-80.2606633,55.0
2025-03-01,71661,Allen Turner Genesis,Pensacola,FL,32505,686,"Mobile, AL-Pensacola (Ft. Walton Beach), FL",30.4750621,-87.247943,54.0
2025-03-01,62587,Genesis of Aurora,Aurora,IL,60504,602,"Chicago, IL",41.7515762,-88.213844,54.0
2025-03-01,1250,Genesis of New Orleans,Metairie,LA,70003,622,"New Orleans, LA",30.0058423,-90.2210481,54.0
2025-03-01,8386,Genesis of Huntington,Huntington,NY,11743,501,"New York, NY",40.8332861,-73.3617156,53.0
2025-03-01,12744,Genesis of Ballwin,Ballwin,MO,63011,609,"St. Louis, MO",38.5925561,-90.5337953,51.0
2025-03-01,71564,Clay Cooley Genesis of Mesquite,Mesquite,TX,75150,623,"Dallas-Ft. Worth, TX",32.8336891,-96.6306212,50.0
2025-03-01,83168,Genesis of Framingham,Framingham,MA,01702,506,"Boston, MA-Manchester, NH",42.2974046,-71.417428,50.0
2025-03-01,64037,Universal Genesis,Orlando,FL,32837,534,"Orlando-Daytona Beach-Melbourne, FL",28.3794594,-81.4033691,48.0
2025-03-01,67535,Genesis of Wolfchase,Memphis,TN,38133,640,"Memphis, TN",35.2032351,-89.8071642,47.0
2025-03-01,10129,Genesis of Covington,Covington,LA,70433,622,"New Orleans, LA",30.4321,-90.0886416,46.0
2025-03-01,61112,Homestead Genesis,Homestead,FL,33030,528,"Miami-Ft. Lauderdale, FL",25.4674062,-80.472177,45.0
2025-03-01,69102,Orlando Genesis,Orlando,FL,32808,534,"Orlando-Daytona Beach-Melbourne, FL",28.5521196,-81.4309809,45.0
2025-03-01,91447,Genesis of Albany,Albany,NY,12205,532,"Albany-Schenectady-Troy, NY",42.7296031,-73.8529553,44.0
2025-03-01,71974,Genesis of Columbia,Columbia,SC,29203,546,"Columbia, SC",34.1430845,-80.9485594,44.0
2025-03-01,73395,Genesis of Union City,Riverdale,GA,30274,524,"Atlanta, GA",33.5645576,-84.4132949,44.0
2025-03-01,73375,Genesis of Melbourne,Melbourne,FL,32901,534,"Orlando-Daytona Beach-Melbourne, FL",28.0781199,-80.6372008,43.0
2025-03-01,73383,Genesis of Newnan,Newnan,GA,30263,524,"Atlanta, GA",33.3980326,-84.751469,43.0
2025-03-01,61284,Genesis of Springfield,Springfield,VA,22150,511,"Washington, DC (Hagerstown, MD)",38.7503466,-77.1828597,43.0
2025-03-01,72560,Genesis of West Knoxville,Knoxville,TN,37923,557,"Knoxville, TN",35.9181977,-84.0733877,43.0
2025-03-01,66747,Genesis Of Southfield,Southfield,MI,48034,505,"Detroit, MI",42.4941876,-83.2830437,42.0
2025-03-01,91019,Genesis of Hickory,Hickory,NC,28602,517,"Charlotte, NC",35.7151389,-81.3379647,42.0
2025-03-01,12806,Genesis of Lake Park,Lake Park,FL,33403,548,"West Palm Beach-Ft. Pierce, FL",26.8099851,-80.0930527,42.0
2025-03-01,69447,King Genesis,Deerfield Beach,FL,33441,528,"Miami-Ft. Lauderdale, FL",26.29967,-80.0946749,42.0
2025-03-01,4844,Genesis of Miami Lakes,Miami Lakes,FL,33014,528,"Miami-Ft. Lauderdale, FL",25.9235071,-80.3016669,41.0
2025-03-01,73353,Genesis of Annapolis,Annapolis,MD,21401,512,"Baltimore, MD",38.976603,-76.5095064,40.0
2025-03-01,2511,Genesis of Clearwater,Clearwater,FL,33761,539,"Tampa-St Petersburg (Sarasota), FL",28.0222085,-82.7380372,40.0
2025-03-01,5334,Genesis of Fayetteville,Fayetteville,NC,28314,560,"Raleigh-Durham (Fayetteville), NC",35.0630371,-78.9696547,39.0
2025-03-01,70573,Genesis of Gwinnett,Duluth,GA,30096,524,"Atlanta, GA",33.9606012,-84.1164625,39.0
2025-03-01,61127,Genesis of Hattiesburg,Hattiesburg,MS,39402,710,"Hattiesburg-Laurel, MS",31.3166979,-89.407095,39.0
2025-03-01,69018,Genesis of Hickory Hollow,Nashville,TN,37211,659,"Nashville, TN",36.0456523,-86.7012321,39.0
2025-03-01,69737,Genesis of Richmond,Bon Air,VA,23235,556,"Richmond-Petersburg, VA",37.5013145,-77.5717929,38.0
2025-03-01,42325,Genesis Memphis Covington Pike,Memphis,TN,38134,640,"Memphis, TN",35.1781733,-89.8953093,37.0
2025-03-01,6292,Genesis of Harlingen,Harlingen,TX,78552,636,"Harlingen-Weslaco-Brownsville-McAllen, TX",26.1864793,-97.7753841,36.0
2025-03-01,4571,Genesis of Nashua,Nashua,NH,03060,506,"Boston, MA-Manchester, NH",42.7272329,-71.4464946,36.0
2025-03-01,16023,Genesis of Baton Rouge,Baton Rouge,LA,70809,716,"Baton Rouge, LA",30.3805348,-91.0404825,35.0
2025-03-01,71829,Genesis of Chantilly,Chantilly,VA,20151,511,"Washington, DC (Hagerstown, MD)",38.903778,-77.4621301,35.0
2025-03-01,71500,Genesis of Waterloo,Waterloo,IA,50702,637,"Cedar Rapids-Waterloo-Iowa City & Dubuque, IA",42.4906379,-92.3401956,35.0
2025-03-01,65171,Genesis of Selma,Selma,CA,93662,866,"Fresno-Visalia, CA",36.5705206,-119.6297571,34.0
2025-03-01,69980,Genesis of Minneapolis,Golden Valley,MN,55426,613,"Minneapolis-St. Paul, MN",44.9724585,-93.3935748,33.0
2025-03-01,10564,Genesis of Meriden,Meriden,CT,06450,533,"Hartford & New Haven, CT",41.5137568,-72.8062752,32.0
2025-03-01,6832,Genesis of Denton,Denton,TX,76210,623,"Dallas-Ft. Worth, TX",33.1691755,-97.0819556,31.0
2025-03-01,68961,Genesis of Hampton,Hampton,VA,23666,544,"Norfolk-Portsmouth-Newport News,VA",37.0619771,-76.4003949,31.0
2025-03-01,61196,Genesis of Arlington,Arlington,MA,02476,506,"Boston, MA-Manchester, NH",42.4232377,-71.1738841,30.0
2025-03-01,64724,Genesis of Groveport,Groveport,OH,43125,535,"Columbus, OH",39.8895794,-82.8876146,29.0
2025-03-01,8750,Sid Dillon Genesis of Lincoln,Lincoln,NE,68512,722,"Lincoln & Hastings-Kearney, NE",40.7364094,-96.6846163,29.0
2025-03-01,61515,Genesis Of Madison,Madison,WI,53713,669,"Madison, WI",43.0341872,-89.4116586,28.0
2025-03-01,72341,Genesis of Auburn,Auburn,AL,36830,522,"Columbus, GA",32.6179594,-85.4635689,28.0
2025-03-01,69757,Genesis of Wilkes-Barre,Wilkes-Barre,PA,18702,577,"Wilkes Barre-Scranton, PA",41.2549421,-75.8381435,28.0
2025-03-01,5541,Genesis Glenview,Glenview,IL,60026,602,"Chicago, IL",42.1061877,-87.8216753,27.0
2025-03-01,61459,Genesis of Augusta,Augusta,GA,30907,520,"Augusta, GA",33.5157506,-82.0641493,27.0
2025-03-01,69370,Genesis of Northampton,Northampton,MA,01060,543,"Springfield-Holyoke, MA",42.3359481,-72.6356287,27.0
2025-03-01,3110,Genesis of South St. Louis County,St. Louis,MO,63123,609,"St. Louis, MO",38.521476,-90.3450902,27.0
2025-03-01,71909,Napleton's North Palm Hyundai,Lake Park,FL,33403,548,"West Palm Beach-Ft. Pierce, FL",26.809389,-80.0935379,27.0
2025-03-01,97787,Genesis Montgomery,Montgomery,AL,36106,698,"Montgomery (Selma), AL",32.3606235,-86.2242999,26.0
2025-03-01,73397,Genesis of Daytona Beach,Daytona Beach,FL,32117,534,"Orlando-Daytona Beach-Melbourne, FL",29.2235952,-81.0481335,26.0
2025-03-01,3536,Genesis of Rockville,North Bethesda,MD,20852,511,"Washington, DC (Hagerstown, MD)",39.0438363,-77.1107675,26.0
2025-03-01,67547,Genesis of Ogden,Ogden,UT,84401,770,"Salt Lake City, UT",41.2030548,-111.9799594,25.0
2025-03-01,70200,Genesis of Chattanooga,Chattanooga,TN,37421,575,"Chattanooga, TN",35.0602866,-85.1922179,24.0
2025-03-01,69498,Genesis of Eastern Shore,Daphne,AL,36526,686,"Mobile, AL-Pensacola (Ft. Walton Beach), FL",30.6607867,-87.8567477,24.0
2025-03-01,68638,Genesis of Downtown Chicago,Chicago,IL,60616,602,"Chicago, IL",41.8442199,-87.6240557,23.0
2025-03-01,61176,Headquarter Genesis,Lake Mary,FL,32746,534,"Orlando-Daytona Beach-Melbourne, FL",28.7885443,-81.3466546,23.0
2025-03-01,69931,Genesis of Commerce,West Bloomfield Township,MI,48322,505,"Detroit, MI",42.5607276,-83.4398789,22.0
2025-03-01,72712,Genesis of Roswell,Roswell,GA,30076,524,"Atlanta, GA",34.056201,-84.32906,22.0
2025-03-01,69400,Genesis of Austin,Austin,TX,78745,635,"Austin, TX",30.2097044,-97.7566525,21.0
2025-03-01,71271,Genesis of Cartersville,Cartersville,GA,30120,524,"Atlanta, GA",34.1915656,-84.7876903,20.0
2025-03-01,69414,Genesis of Olive Branch,Olive Branch,MS,38654,640,"Memphis, TN",34.9790497,-89.8645852,19.0
2025-03-01,54,Genesis of Gaithersburg,Gaithersburg,MD,20879,511,"Washington, DC (Hagerstown, MD)",39.1581897,-77.2157235,18.0
2025-03-01,18922,Genesis of Lafayette,Lafayette,IN,47904,582,"Lafayette, IN",40.4192119,-86.8589689,18.0
2025-03-01,68812,Genesis of South Knoxville,Alcoa,TN,37701,557,"Knoxville, TN",35.8245636,-83.9755837,17.0
2025-03-01,793,Genesis of Hazelwood,Hazelwood,MO,63042,609,"St. Louis, MO",38.7811015,-90.3650463,16.0
2025-03-01,49527,Genesis of Urbana,Urbana,IL,61802,648,"Champaign & Springfield-Decatur,IL",40.1386655,-88.1960739,16.0
2025-03-01,3152,Genesis of St. Cloud,Waite Park,MN,56387,613,"Minneapolis-St. Paul, MN",45.5485676,-94.2285831,15.0
2025-03-01,8220,Hyundai Of North Charleston,North Charleston,SC,29406,519,"Charleston, SC",32.9612062,-80.0444447,15.0
2025-03-01,73400,Genesis of Macon,Macon,GA,31210,503,"Macon, GA",32.8866204,-83.675043,14.0
2025-03-01,70356,Hampton Genesis,Fort Walton Beach,FL,32548,686,"Mobile, AL-Pensacola (Ft. Walton Beach), FL",30.4123712,-86.6281688,14.0
2025-03-01,70671,Genesis of Owings Mills,Owings Mills,MD,21117,512,"Baltimore, MD",39.43549,-76.800636,13.0
2025-03-01,69677,Genesis of La Quinta,La Quinta,CA,92253,804,"Palm Springs, CA",33.7072313,-116.2852619,12.0
2025-03-01,60611,Genesis of Huntsville,Huntsville,AL,35816,691,"Huntsville-Decatur (Florence), AL",34.7342382,-86.6214927,11.0
2025-03-01,3992,Genesis of New Bern,New Bern,NC,28560,545,"Greenville-New Bern-Washington, NC",35.0579658,-77.0170433,11.0
2025-03-01,73047,Genesis of Stevens Creek,Santa Clara,CA,95051,807,"San Francisco-Oakland-San Jose, CA",37.3235793,-121.9800176,11.0
2025-03-01,1691,Genesis of Fairfield,Fairfield,CT,06825,501,"New York, NY",41.1661525,-73.2298512,10.0
2025-03-01,69375,Genesis of Hilton Head,Bluffton,SC,29910,507,"Savannah, GA",32.2898537,-80.9132918,10.0
2025-03-01,69701,Genesis of Victorville,Victorville,CA,92392,803,"Los Angeles, CA",34.5060794,-117.3405032,10.0
2025-03-01,71629,Genesis of Auburn,Auburn,MA,01501,506,"Boston, MA-Manchester, NH",42.1825552,-71.8630505,9.0
2025-03-01,61156,Genesis of Mattoon,Mattoon,IL,61938,648,"Champaign & Springfield-Decatur,IL",39.4823346,-88.3786268,9.0
2025-03-01,99924,Genesis of Avon,Simsbury,CT,06092,533,"Hartford & New Haven, CT",41.8203914,-72.8690454,8.0
2025-03-01,9692,Hyundai of La Quinta,La Quinta,CA,92253,804,"Palm Springs, CA",33.7072313,-116.2852619,8.0
2025-03-01,4360,Paramount Hyundai Hickory,Hickory,NC,28602,517,"Charlotte, NC",35.715088,-81.3379676,8.0
2025-03-01,648,Genesis of Calumet City,Calumet City,IL,60409,602,"Chicago, IL",41.6004518,-87.5734156,7.0
2025-03-01,83639,Napleton Maserati of Indianapolis,Indianapolis,IN,46240,527,"Indianapolis, IN",39.9276857,-86.0978814,7.0
2025-03-01,71242,Edwards Kia,Council Bluffs,IA,51501,652,"Omaha, NE",41.2222637,-95.8507804,6.0
2025-03-01,99729,Stoler Chevrolet Buick,Owings Mills,MD,21117,512,"Baltimore, MD",39.4371908,-76.7993264,6.0
2025-03-01,36816,Warner Robins Chrysler Dodge Jeep Ram FIAT,Warner Robins,GA,31093,503,"Macon, GA",32.6175306,-83.6790543,6.0
2025-03-01,69443,eCarOne,Plano,TX,75093,623,"Dallas-Ft. Worth, TX",33.0152705,-96.7767928,6.0
2025-03-01,61897,Genesis of Council Bluffs,Council Bluffs,IA,51501,652,"Omaha, NE",41.2276401,-95.8594545,5.0
2025-03-01,68698,GENESIS OF BAYSIDE,Queens,NY,11361,501,"New York, NY",40.7573441,-73.7811612,4.0
2025-03-01,8135,Joe Machens Hyundai,Columbia,MO,65202,604,"Columbia-Jefferson City, MO",38.971532,-92.3342914,4.0
2025-03-01,3624,Key Hyundai,Jacksonville,FL,32216,561,"Jacksonville, FL",30.2588529,-81.5578619,4.0
2025-03-01,8670,Southtowne Hyundai of Riverdale,Riverdale,GA,30274,524,"Atlanta, GA",33.5455345,-84.4164445,4.0
2025-03-01,1066,AutoNation Hyundai Hilton Head,Hardeeville,SC,29927,507,"Savannah, GA",32.311835,-80.9860727,3.0
2025-03-01,75561,BMW of West St Louis,Manchester,MO,63011,609,"St. Louis, MO",38.5938191,-90.5172172,3.0
2025-03-01,7426,Lee Johnson Hyundai of Everett,Everett,WA,98203,819,"Seattle-Tacoma, WA",47.9485733,-122.2155506,3.0
2025-03-01,69451,Phil Long Hyundai of Chapel Hills,Colorado Springs,CO,80920,752,"Colorado Springs-Pueblo, CO",38.9542907,-104.7978101,3.0
2025-03-01,8279,Capitol Hyundai,San Jose,CA,95136,807,"San Francisco-Oakland-San Jose, CA",37.274631,-121.8752863,2.0
2025-03-01,98745,Genesis of Danvers,Danvers,MA,01923,506,"Boston, MA-Manchester, NH",42.5595013,-70.9786915,2.0
2025-03-01,69409,Genesis of Richmond,Richmond,CA,94806,807,"San Francisco-Oakland-San Jose, CA",37.9857273,-122.3202802,2.0
2025-03-01,100529,Genesis of San Diego,San Diego,CA,92111,825,"San Diego, CA",32.8306319,-117.1434333,2.0
2025-03-01,2929,Gurley Leep Hyundai,Mishawaka,IN,46545,588,"South Bend-Elkhart, IN",41.7085345,-86.1860372,2.0
2025-03-01,6495,Huffines Kia McKinney,McKinney,TX,75070,623,"Dallas-Ft. Worth, TX",33.2074424,-96.6396958,2.0
2025-03-01,25780,Kentson Car Company,Bountiful,UT,84010,770,"Salt Lake City, UT",40.862791,-111.8925406,2.0
2025-03-01,5393,Maple Hill Volkswagen,Kalamazoo,MI,49009,563,"Grand Rapids-Kalamazoo-Battle Creek, MI",42.2973176,-85.6584469,2.0
2025-03-01,10755,South Point Hyundai,Austin,TX,78745,635,"Austin, TX",30.2097091,-97.7566541,2.0
2025-03-01,7311,Stevens Creek Hyundai,Santa Clara,CA,95051,807,"San Francisco-Oakland-San Jose, CA",37.3235793,-121.9800176,2.0
2025-03-01,64039,Suntrup Hyundai South,St. Louis,MO,63123,609,"St. Louis, MO",38.521476,-90.3450902,2.0
2025-03-01,3745,Vandergriff Hyundai,Arlington,TX,76017,623,"Dallas-Ft. Worth, TX",32.6758213,-97.1247183,2.0
2025-03-01,36624,ALM Kia South,Union City,GA,30291,524,"Atlanta, GA",33.5659217,-84.5273459,1.0
2025-03-01,4437,Antwerpen Hyundai Clarksville,Columbia,MD,21029,512,"Baltimore, MD",39.2110469,-76.9439521,1.0
2025-03-01,16074,Audi Memphis,Memphis,TN,38128,640,"Memphis, TN",35.1751112,-89.8980088,1.0
2025-03-01,13821,Audi North Shore,Brown Deer,WI,53223,617,"Milwaukee, WI",43.1791437,-87.9669639,1.0
2025-03-01,52973,Automotive Avenues,Wall Township,NJ,07727,501,"New York, NY",40.2194934,-74.1304189,1.0
2025-03-01,2126,BMW Northwest,Fife,WA,98424,819,"Seattle-Tacoma, WA",47.2395722,-122.374543,1.0
2025-03-01,554,Bachman Chevrolet,Jeffersontown,KY,40299,529,"Louisville, KY",38.2201453,-85.5771289,1.0
2025-03-01,26752,Beach Cities Toyota Westminster,Westminster,CA,92683,803,"Los Angeles, CA",33.7408884,-117.9882786,1.0
2025-03-01,61741,Burns Buick GMC,Evesham,NJ,08053,504,"Philadelphia, PA",39.8944583,-74.9371349,1.0
2025-03-01,11903,Cadillac Pasadena,Pasadena,CA,91107,803,"Los Angeles, CA",34.1465853,-118.0788768,1.0
2025-03-01,74653,CarMax Bakersfield,Bakersfield,CA,93307,800,"Bakersfield, CA",35.2931773,-119.0284246,1.0
2025-03-01,74686,CarMax Huntsville,Huntsville,AL,35806,691,"Huntsville-Decatur (Florence), AL",34.7474179,-86.6847145,1.0
2025-03-01,74931,CarMax Independence Boulevard,Charlotte,NC,28227,517,"Charlotte, NC",35.1598534,-80.7341335,1.0
2025-03-01,74511,Covert Cadillac Bee Cave,Austin,TX,78738,635,"Austin, TX",30.3158871,-98.0035468,1.0
2025-03-01,39214,Doug's Hyundai,Edmonds,WA,98026,819,"Seattle-Tacoma, WA",47.797894,-122.3339483,1.0
2025-03-01,80993,Driveline Used Cars of Murrieta,Murrieta,CA,92562,803,"Los Angeles, CA",33.5292134,-117.1733988,1.0
2025-03-01,891,Five Star Chevrolet,Warner Robins,GA,31093,503,"Macon, GA",32.6181243,-83.6038649,1.0
2025-03-01,15434,Folsom Lake Ford,Folsom,CA,95630,862,"Sacramento-Stockton-Modesto, CA",38.6346917,-121.2046807,1.0
2025-03-01,74793,GRUBBS INFINITI,Grapevine,TX,76051,623,"Dallas-Ft. Worth, TX",32.9211511,-97.0630654,1.0
2025-03-01,84406,Genesis at Long of Chattanooga,Chattanooga,TN,37421,575,"Chattanooga, TN",35.059805,-85.190767,1.0
2025-03-01,13492,Genesis of Brunswick,Brunswick,GA,31525,561,"Jacksonville, FL",31.2072117,-81.4811899,1.0
2025-03-01,95718,Genesis of Pasadena,Pasadena,CA,91107,803,"Los Angeles, CA",34.1459718,-118.077746,1.0
2025-03-01,25111,Huntley Ford,Huntley,IL,60142,602,"Chicago, IL",42.1273465,-88.4300139,1.0
2025-03-01,70729,Hyundai of New Bern,New Bern,NC,28560,545,"Greenville-New Bern-Washington, NC",35.0579658,-77.0170433,1.0
2025-03-01,40073,Hyundai of Yuma,Yuma,AZ,85365,771,"Yuma, AZ-El Centro, CA",32.6685162,-114.6090136,1.0
2025-03-01,9202,Lexus of Memphis,Memphis,TN,38119,640,"Memphis, TN",35.0762404,-89.8583994,1.0
2025-03-01,55909,Lucchetti's Complete Auto Center,Marshfield,MA,02050,506,"Boston, MA-Manchester, NH",42.1063389,-70.7430958,1.0
2025-03-01,60374,Maple Hill Volvo Cars,Kalamazoo,MI,49009,563,"Grand Rapids-Kalamazoo-Battle Creek, MI",42.2973176,-85.6584469,1.0
2025-03-01,25370,Midlands Toyota,Columbia,SC,29203,546,"Columbia, SC",34.1282887,-80.9599501,1.0
2025-03-01,86,Modern Hyundai of Concord,Concord,NC,28027,517,"Charlotte, NC",35.3923062,-80.6217194,1.0
2025-03-01,42529,Rick Case Hyundai Ft. Lauderdale,Plantation,FL,33317,528,"Miami-Ft. Lauderdale, FL",26.1351086,-80.2031534,1.0
2025-03-01,57993,Roseville Kia,Roseville,CA,95661,862,"Sacramento-Stockton-Modesto, CA",38.7524054,-121.2603762,1.0
2025-03-01,56306,Route 17 Mitsubishi,Ramsey,NJ,07446,501,"New York, NY",41.0724998,-74.1420132,1.0
2025-03-01,42568,Southern States Mazda,Raleigh,NC,27609,560,"Raleigh-Durham (Fayetteville), NC",35.8170413,-78.6260002,1.0
2025-03-01,26026,Stokes Hodges Kia,Beech Island,SC,29842,520,"Augusta, GA",33.4864489,-81.9268356,1.0
2025-03-01,6570,Texan Hyundai,Rosenberg,TX,77471,618,"Houston, TX",29.5315757,-95.7957973,1.0
2025-03-01,69397,Tom Bell Chevrolet,Redlands,CA,92374,803,"Los Angeles, CA",34.0637996,-117.2078979,1.0
2025-03-01,14193,Vaden of Beaufort Chevrolet GMC,Beaufort,SC,29906,507,"Savannah, GA",32.4338806,-80.7107814,1.0
2025-03-01,62547,Werner Hyundai,Tallahassee,FL,32304,530,"Tallahassee, FL-Thomasville, GA",30.4561687,-84.3619341,1.0
2025-03-01,30195,Wilde Honda,Waukesha,WI,53186,617,"Milwaukee, WI",43.0251475,-88.201983,1.0
2025-03-01,60974,Audi Montgomery,Montgomery,AL,36117,698,"Montgomery (Selma), AL",32.3757044,-86.2084007,0.0
2025-03-01,70876,Doral Genesis,Doral,FL,33172,528,"Miami-Ft. Lauderdale, FL",25.7843093,-80.3669404,0.0
2025-03-01,98536,Galpin Genesis of Van Nuys,Los Angeles,CA,91406,803,"Los Angeles, CA",34.2209833,-118.4687863,0.0
2025-03-01,100501,Genesis Macon,Macon,GA,31210,503,"Macon, GA",32.8866204,-83.675043,0.0
2025-03-01,73357,Genesis of Columbia,Clarksville,MD,21029,512,"Baltimore, MD",39.210543,-76.944201,0.0
2025-03-01,70476,Genesis of Escondido,Escondido,CA,92029,825,"San Diego, CA",33.1150272,-117.1049655,0.0
2025-03-01,70691,Genesis of Greensboro,Greensboro,NC,27407,518,"Greensboro-High Point-Winston Salem, NC",36.0592468,-79.8794472,0.0
2025-03-01,17363,Greentree Toyota,Brookfield,CT,06804,501,"New York, NY",41.4247664,-73.4190955,0.0
2025-03-01,73434,Liberty Hyundai,Mahwah,NJ,07430,501,"New York, NY",41.0889901,-74.1524597,0.0
2025-03-01,71047,Napleton Hyundai,Hazelwood,MO,63042,609,"St. Louis, MO",38.7811015,-90.3650463,0.0
2025-03-01,8604,Suntrup Kia South,St. Louis,MO,63123,609,"St. Louis, MO",38.5160485,-90.3441408,0.0
2025-03-01,2107,Suntrup Nissan,St. Louis,MO,63123,609,"St. Louis, MO",38.5208643,-90.3438767,0.0
2025-03-01,73001,West Houston Hyundai,Houston,TX,77094,618,"Houston, TX",29.7842958,-95.6736241,0.0
2025-04-01,61186,Braman Genesis,Miami,FL,33137,528,"Miami-Ft. Lauderdale, FL",25.7954893,-80.1910373,493.0
2025-04-01,73396,Genesis of Cherry Hill,Evesham,NJ,08053,504,"Philadelphia, PA",39.8831146,-74.9226358,276.0
2025-04-01,7006,Genesis of Atlanta,Atlanta,GA,30341,524,"Atlanta, GA",33.9080158,-84.2909986,263.0
2025-04-01,72517,Genesis of Loma Linda,Ontario,CA,91764,803,"Los Angeles, CA",34.0699402,-117.6059991,220.0
2025-04-01,29179,Genesis of White Plains,White Plains,NY,10606,501,"New York, NY",41.0350081,-73.7836873,220.0
2025-04-01,69264,Genesis of Naples,Naples,FL,34109,571,"Ft. Myers-Naples, FL",26.2279083,-81.7660554,219.0
2025-04-01,62609,Norm Reeves Genesis of Cerritos,Cerritos,CA,90703,803,"Los Angeles, CA",33.8662378,-118.1015234,214.0
2025-04-01,68783,Coconut Creek Genesis,Coconut Creek,FL,33073,528,"Miami-Ft. Lauderdale, FL",26.2914037,-80.2009677,213.0
2025-04-01,62585,Genesis of the North Shore,Hicksville,NY,11801,501,"New York, NY",40.7702089,-73.5027249,207.0
2025-04-01,73840,Genesis of Braintree,Quincy,MA,02169,506,"Boston, MA-Manchester, NH",42.2364548,-70.9785026,205.0
2025-04-01,52440,Genesis of Mentor,Mentor,OH,44060,510,"Cleveland-Akron (Canton), OH",41.6834521,-81.3348422,195.0
2025-04-01,57353,Jenkins Genesis of North East Jacksonville,Jacksonville,FL,32225,561,"Jacksonville, FL",30.3253588,-81.5105439,179.0
2025-04-01,6767,Tuttle-Click Genesis,Irvine,CA,92618,803,"Los Angeles, CA",33.6342181,-117.7233823,179.0
2025-04-01,62581,Genesis Santa Monica,Santa Monica,CA,90404,803,"Los Angeles, CA",34.03227,-118.4751279,178.0
2025-04-01,9001,Genesis of Chandler,Chandler,AZ,85286,753,"Phoenix, AZ",33.2846933,-111.7910889,172.0
2025-04-01,70287,Genesis of St. Charles,St. Peters,MO,63376,609,"St. Louis, MO",38.7975346,-90.5978187,172.0
2025-04-01,3156,Genesis of Schaumburg,Schaumburg,IL,60173,602,"Chicago, IL",42.0509027,-88.053118,169.0
2025-04-01,69118,Hudson Hyundai,Jersey City,NJ,07304,501,"New York, NY",40.7234737,-74.0888952,169.0
2025-04-01,73379,Genesis of Milford,Milford,CT,06460,533,"Hartford & New Haven, CT",41.2076083,-73.0884209,168.0
2025-04-01,94818,Genesis of Milwaukee,Waukesha,WI,53186,617,"Milwaukee, WI",43.0244944,-88.2038863,162.0
2025-04-01,10409,Genesis of Southwest Houston,Houston,TX,77074,618,"Houston, TX",29.6691333,-95.5474174,159.0
2025-04-01,96938,Genesis of North Cincinnati,Cincinnati,OH,45249,515,"Cincinnati, OH",39.2926575,-84.3036044,154.0
2025-04-01,7692,Genesis of The South Shore,West Islip,NY,11795,501,"New York, NY",40.7207062,-73.3044797,151.0
2025-04-01,73893,Genesis of Brunswick,South Brunswick Township,NJ,08852,501,"New York, NY",40.4111541,-74.5423003,150.0
2025-04-01,71490,Genesis of West Houston,Houston,TX,77094,618,"Houston, TX",29.7836158,-95.673582,146.0
2025-04-01,4349,Jenkins Genesis of Leesburg,Leesburg,FL,34788,534,"Orlando-Daytona Beach-Melbourne, FL",28.8228437,-81.7874886,142.0
2025-04-01,9004,Genesis of Littleton,Englewood,CO,80113,751,"Denver, CO",39.6200977,-104.9885845,138.0
2025-04-01,73041,Gettel Genesis of Sarasota,Sarasota,FL,34233,539,"Tampa-St Petersburg (Sarasota), FL",27.2695206,-82.4746827,138.0
2025-04-01,66836,Genesis of Peoria,Peoria,AZ,85382,753,"Phoenix, AZ",33.6372458,-112.2451079,136.0
2025-04-01,64605,Genesis of South Bay,Torrance,CA,90505,803,"Los Angeles, CA",33.7991718,-118.3411724,135.0
2025-04-01,10212,Genesis of Edmond,Edmond,OK,73013,650,"Oklahoma City, OK",35.6128747,-97.4967472,133.0
2025-04-01,73682,Wallace Genesis,Stuart,FL,34997,548,"West Palm Beach-Ft. Pierce, FL",27.1605832,-80.2229084,133.0
2025-04-01,2734,Genesis of Carmel,Indianapolis,IN,46240,527,"Indianapolis, IN",39.9293455,-86.0966346,130.0
2025-04-01,73389,Genesis of Freehold,Freehold,NJ,07728,501,"New York, NY",40.2641336,-74.2924834,129.0
2025-04-01,53667,Genesis Of Cumming,Cumming,GA,30041,524,"Atlanta, GA",34.1439728,-84.1730152,127.0
2025-04-01,72673,Earnhardt Genesis North Scottsdale,Scottsdale,AZ,85260,753,"Phoenix, AZ",33.631299,-111.8982196,125.0
2025-04-01,67653,Genesis of Corona,Corona,CA,92882,803,"Los Angeles, CA",33.882918,-117.6138489,122.0
2025-04-01,57975,Genesis of Kennesaw,Kennesaw,GA,30144,524,"Atlanta, GA",34.0233261,-84.5734338,120.0
2025-04-01,71985,Genesis of Columbus,Columbus,OH,43230,535,"Columbus, OH",40.0598318,-82.9433206,119.0
2025-04-01,28092,Genesis of Las Vegas,Las Vegas,NV,89117,839,"Las Vegas, NV",36.1449418,-115.2489832,118.0
2025-04-01,3102,Genesis of Alexandria,Alexandria,VA,22301,511,"Washington, DC (Hagerstown, MD)",38.8213866,-77.0576309,117.0
2025-04-01,6996,Genesis of Lafayette,Lafayette,LA,70506,642,"Lafayette, LA",30.1552098,-92.0910284,117.0
2025-04-01,93460,Genesis of Portland,Portland,OR,97225,820,"Portland, OR",45.4962782,-122.7698208,116.0
2025-04-01,4899,Genesis of Conway,Conway,AR,72032,693,"Little Rock-Pine Bluff, AR",35.093494,-92.421864,114.0
2025-04-01,72695,Rick Case Genesis,Plantation,FL,33317,528,"Miami-Ft. Lauderdale, FL",26.1351086,-80.2031534,114.0
2025-04-01,26003,Genesis of Elgin,Elgin,IL,60120,602,"Chicago, IL",42.0317119,-88.2445971,111.0
2025-04-01,71992,Genesis of Brooklyn,Brooklyn,NY,11232,501,"New York, NY",40.6571085,-74.014405,108.0
2025-04-01,96075,Genesis of Smithtown,Saint James,NY,11780,501,"New York, NY",40.861595,-73.159573,108.0
2025-04-01,61326,Genesis of Denville,Denville,NJ,07834,501,"New York, NY",40.8681668,-74.5137571,106.0
2025-04-01,70631,Genesis of Lake Norman,Cornelius,NC,28031,517,"Charlotte, NC",35.467345,-80.872696,105.0
2025-04-01,71052,Lakeland Genesis,Lakeland,FL,33815,539,"Tampa-St Petersburg (Sarasota), FL",28.054301,-81.9758413,101.0
2025-04-01,69032,Genesis Of NW San Antonio,Boerne,TX,78006,641,"San Antonio, TX",29.6844593,-98.6411438,98.0
2025-04-01,1531,Genesis of Manchester,Bedford,NH,03110,506,"Boston, MA-Manchester, NH",42.944374,-71.472789,98.0
2025-04-01,4919,Genesis of North Aurora,North Aurora,IL,60542,602,"Chicago, IL",41.80082,-88.3739138,97.0
2025-04-01,70074,Genesis of Fort Myers,Fort Myers,FL,33907,571,"Ft. Myers-Naples, FL",26.596538,-81.8605256,95.0
2025-04-01,74040,Genesis of San Bruno,San Bruno,CA,94066,807,"San Francisco-Oakland-San Jose, CA",37.6372585,-122.419091,95.0
2025-04-01,1130,Genesis of Kirkland,Kirkland,WA,98034,819,"Seattle-Tacoma, WA",47.7072771,-122.1748634,94.0
2025-04-01,4457,Genesis of Spring,Spring,TX,77373,618,"Houston, TX",30.0627988,-95.4322263,93.0
2025-04-01,72126,Genesis of Ocala,Ocala,FL,34471,534,"Orlando-Daytona Beach-Melbourne, FL",29.1773171,-82.1519073,92.0
2025-04-01,69382,Genesis of West Chester,West Chester,PA,19382,504,"Philadelphia, PA",39.9023291,-75.5655602,92.0
2025-04-01,65747,Genesis Of Clear Lake,Webster,TX,77598,618,"Houston, TX",29.5340161,-95.13376,90.0
2025-04-01,3566,Genesis of Highland Park,Highland Park,IL,60035,602,"Chicago, IL",42.1609423,-87.8081446,90.0
2025-04-01,69570,Genesis of Cary,Cary,NC,27511,560,"Raleigh-Durham (Fayetteville), NC",35.7384809,-78.8093998,89.0
2025-04-01,68840,Genesis of Golden,Golden,CO,80401,751,"Denver, CO",39.730479,-105.1754951,88.0
2025-04-01,9171,Genesis of Longview,Longview,TX,75605,709,"Tyler-Longview(Lufkin & Nacogdoches), TX",32.5633713,-94.7310184,88.0
2025-04-01,94375,Castle Genesis of Downers Grove,Oakbrook Terrace,IL,60181,602,"Chicago, IL",41.8582742,-87.9545485,87.0
2025-04-01,2584,Genesis Of Norman,Norman,OK,73069,650,"Oklahoma City, OK",35.2248696,-97.4845549,87.0
2025-04-01,10916,Genesis of Louisville,Jeffersontown,KY,40299,529,"Louisville, KY",38.2125896,-85.5378392,86.0
2025-04-01,69823,Genesis Of Charleston,Charleston,SC,29414,519,"Charleston, SC",32.7982545,-80.0859341,85.0
2025-04-01,69062,Genesis of Lindon,Lindon,UT,84042,770,"Salt Lake City, UT",40.3293405,-111.7338433,84.0
2025-04-01,17853,Genesis of Winston-Salem,Winston-Salem,NC,27127,518,"Greensboro-High Point-Winston Salem, NC",36.0674142,-80.2606633,83.0
2025-04-01,11303,Genesis of Appleton,Appleton,WI,54913,658,"Green Bay-Appleton, WI",44.2887964,-88.4759736,79.0
2025-04-01,72010,Genesis of Charlotte,Charlotte,NC,28227,517,"Charlotte, NC",35.1428872,-80.7216186,79.0
2025-04-01,68256,Genesis of Lexington,Lexington,KY,40509,541,"Lexington, KY",37.9960356,-84.441848,79.0
2025-04-01,73795,Crown Genesis,St. Petersburg,FL,33714,539,"Tampa-St Petersburg (Sarasota), FL",27.8204635,-82.6786673,78.0
2025-04-01,1393,Genesis of Plano,Plano,TX,75093,623,"Dallas-Ft. Worth, TX",33.0102218,-96.7668456,78.0
2025-04-01,69670,Rick Case Genesis Davie,Davie,FL,33331,528,"Miami-Ft. Lauderdale, FL",26.0758729,-80.3619504,78.0
2025-04-01,94705,Genesis of Ridgefield,Norwalk,CT,06851,501,"New York, NY",41.1261307,-73.4233158,76.0
2025-04-01,70835,Genesis of Tulsa,Tulsa,OK,74133,671,"Tulsa, OK",36.022119,-95.8852819,76.0
2025-04-01,36882,Genesis of Virginia Beach,Virginia Beach,VA,23452,544,"Norfolk-Portsmouth-Newport News,VA",36.8356924,-76.0987758,76.0
2025-04-01,64003,Genesis of Bel Air,Fallston,MD,21047,512,"Baltimore, MD",39.5065574,-76.3858171,75.0
2025-04-01,64426,Genesis of Algonquin,Algonquin,IL,60102,602,"Chicago, IL",42.1629985,-88.3344476,74.0
2025-04-01,67498,Genesis of West Palm Beach,West Palm Beach,FL,33409,548,"West Palm Beach-Ft. Pierce, FL",26.7072233,-80.0873646,73.0
2025-04-01,70624,Genesis of Noblesville,Noblesville,IN,46060,527,"Indianapolis, IN",40.0446534,-85.9936143,72.0
2025-04-01,61240,Genesis of Palm Springs,Palm Springs,CA,92264,804,"Palm Springs, CA",33.7945577,-116.5032881,72.0
2025-04-01,94567,Genesis of Kansas City,Overland Park,KS,66204,616,"Kansas City, MO",38.9882713,-94.6681597,71.0
2025-04-01,67522,Genesis of Wexford,Wexford,PA,15090,508,"Pittsburgh, PA",40.6143612,-80.0568103,71.0
2025-04-01,36300,Delray Genesis,Delray Beach,FL,33483,548,"West Palm Beach-Ft. Pierce, FL",26.4720932,-80.0668508,70.0
2025-04-01,12986,Genesis of Buffalo,Williamsville,NY,14221,514,"Buffalo, NY",42.960953,-78.691081,70.0
2025-04-01,61277,Genesis of New Hudson,New Hudson,MI,48165,505,"Detroit, MI",42.5161168,-83.609054,70.0
2025-04-01,96441,Genesis of Rocklin,Rocklin,CA,95677,862,"Sacramento-Stockton-Modesto, CA",38.7952904,-121.2164042,70.0
2025-04-01,8533,Genesis North Orlando,Winter Park,FL,32789,534,"Orlando-Daytona Beach-Melbourne, FL",28.6088331,-81.3648614,69.0
2025-04-01,71661,Allen Turner Genesis,Pensacola,FL,32505,686,"Mobile, AL-Pensacola (Ft. Walton Beach), FL",30.4750621,-87.247943,67.0
2025-04-01,61239,Genesis of Central Florida,Clermont,FL,34711,534,"Orlando-Daytona Beach-Melbourne, FL",28.5478492,-81.6689649,67.0
2025-04-01,70696,Genesis of Round Rock,Round Rock,TX,78665,635,"Austin, TX",30.5322484,-97.6891408,67.0
2025-04-01,68945,Genesis of San Antonio East,San Antonio,TX,78233,641,"San Antonio, TX",29.5452956,-98.3688609,66.0
2025-04-01,61217,Genesis of Weatherford,Hudson Oaks,TX,76087,623,"Dallas-Ft. Worth, TX",32.7558051,-97.6929673,65.0
2025-04-01,73042,Gettel Genesis of Lakewood,Bradenton,FL,34208,539,"Tampa-St Petersburg (Sarasota), FL",27.4953171,-82.4871204,65.0
2025-04-01,2525,Genesis of Cool Springs,Franklin,TN,37067,659,"Nashville, TN",35.9580609,-86.8090467,64.0
2025-04-01,70052,Norm Reeves Genesis of Irving,Irving,TX,75062,623,"Dallas-Ft. Worth, TX",32.8360367,-96.921086,64.0
2025-04-01,68973,Genesis of Dublin,Dublin,CA,94568,807,"San Francisco-Oakland-San Jose, CA",37.7027037,-121.9030039,62.0
2025-04-01,70290,Genesis of Greer,Greer,SC,29651,567,"Greenville-Spartanburg, SC-Asheville, NC-Anderson, SC",34.949924,-82.198468,61.0
2025-04-01,1250,Genesis of New Orleans,Metairie,LA,70003,622,"New Orleans, LA",30.0058423,-90.2210481,60.0
2025-04-01,52776,Genesis Of Macomb,Macomb,MI,48044,505,"Detroit, MI",42.6294783,-82.9318824,59.0
2025-04-01,4941,Genesis of Conshohocken,Conshohocken,PA,19428,504,"Philadelphia, PA",40.1028837,-75.3064312,59.0
2025-04-01,71974,Genesis of Columbia,Columbia,SC,29203,546,"Columbia, SC",34.1430845,-80.9485594,58.0
2025-04-01,2687,Genesis of Parma,Parma,OH,44129,510,"Cleveland-Akron (Canton), OH",41.4180454,-81.7339114,58.0
2025-04-01,61567,Genesis of Monroeville,Monroeville,PA,15146,508,"Pittsburgh, PA",40.4308948,-79.7170895,57.0
2025-04-01,9164,Genesis of Kearny Mesa,San Diego,CA,92111,825,"San Diego, CA",32.82812,-117.1528769,56.0
2025-04-01,67536,Genesis of Omaha,Omaha,NE,68118,652,"Omaha, NE",41.2639237,-96.1858719,56.0
2025-04-01,69883,Genesis of North Plainfield,North Plainfield,NJ,07060,501,"New York, NY",40.6165806,-74.4551273,55.0
2025-04-01,73680,Genesis of Wayne,Wayne,NJ,07470,501,"New York, NY",40.948967,-74.276307,55.0
2025-04-01,56215,Genesis of Westlake,Thousand Oaks,CA,91362,803,"Los Angeles, CA",34.1644513,-118.8296499,55.0
2025-04-01,8947,Genesis of Wichita,Wichita,KS,67206,678,"Wichita-Hutchinson, KS",37.7055104,-97.2084739,55.0
2025-04-01,70093,Genesis of Merrillville,Merrillville,IN,46410,602,"Chicago, IL",41.4717832,-87.3480253,54.0
2025-04-01,2157,Genesis of Suitland,Bowie,MD,20716,511,"Washington, DC (Hagerstown, MD)",38.9227402,-76.7179222,54.0
2025-04-01,9254,Genesis of Bloomington-Normal,Normal,IL,61761,675,"Peoria-Bloomington, IL",40.5165466,-88.9541909,53.0
2025-04-01,9530,Genesis of Brunswick,Brunswick,OH,44212,510,"Cleveland-Akron (Canton), OH",41.2391403,-81.7926475,53.0
2025-04-01,73481,Genesis of Kalamazoo,Kalamazoo,MI,49009,563,"Grand Rapids-Kalamazoo-Battle Creek, MI",42.2973176,-85.6584469,52.0
2025-04-01,9594,Genesis of Orange Park,Jacksonville,FL,32244,561,"Jacksonville, FL",30.2100757,-81.7391104,52.0
2025-04-01,83168,Genesis of Framingham,Framingham,MA,01702,506,"Boston, MA-Manchester, NH",42.2974046,-71.417428,51.0
2025-04-01,81842,Genesis of West Warwick,West Warwick,RI,02893,521,"Providence, RI-New Bedford, MA",41.684535,-71.5014056,51.0
2025-04-01,71564,Clay Cooley Genesis of Mesquite,Mesquite,TX,75150,623,"Dallas-Ft. Worth, TX",32.8336891,-96.6306212,50.0
2025-04-01,8386,Genesis of Huntington,Huntington,NY,11743,501,"New York, NY",40.8332861,-73.3617156,50.0
2025-04-01,64037,Universal Genesis,Orlando,FL,32837,534,"Orlando-Daytona Beach-Melbourne, FL",28.3794594,-81.4033691,50.0
2025-04-01,7375,Genesis of Bedford,Bedford,OH,44146,510,"Cleveland-Akron (Canton), OH",41.4061393,-81.5482726,49.0
2025-04-01,10129,Genesis of Covington,Covington,LA,70433,622,"New Orleans, LA",30.4321,-90.0886416,49.0
2025-04-01,73383,Genesis of Newnan,Newnan,GA,30263,524,"Atlanta, GA",33.3980326,-84.751469,49.0
2025-04-01,62587,Genesis of Aurora,Aurora,IL,60504,602,"Chicago, IL",41.7515762,-88.213844,48.0
2025-04-01,61284,Genesis of Springfield,Springfield,VA,22150,511,"Washington, DC (Hagerstown, MD)",38.7503466,-77.1828597,48.0
2025-04-01,72197,Genesis of Doylestown,Doylestown,PA,18902,504,"Philadelphia, PA",40.3335783,-75.1370158,47.0
2025-04-01,91019,Genesis of Hickory,Hickory,NC,28602,517,"Charlotte, NC",35.7151389,-81.3379647,47.0
2025-04-01,69018,Genesis of Hickory Hollow,Nashville,TN,37211,659,"Nashville, TN",36.0456523,-86.7012321,47.0
2025-04-01,69447,King Genesis,Deerfield Beach,FL,33441,528,"Miami-Ft. Lauderdale, FL",26.29967,-80.0946749,46.0
2025-04-01,12744,Genesis of Ballwin,Ballwin,MO,63011,609,"St. Louis, MO",38.5925561,-90.5337953,45.0
2025-04-01,5334,Genesis of Fayetteville,Fayetteville,NC,28314,560,"Raleigh-Durham (Fayetteville), NC",35.0630371,-78.9696547,45.0
2025-04-01,61112,Homestead Genesis,Homestead,FL,33030,528,"Miami-Ft. Lauderdale, FL",25.4674062,-80.472177,45.0
2025-04-01,66747,Genesis Of Southfield,Southfield,MI,48034,505,"Detroit, MI",42.4941876,-83.2830437,44.0
2025-04-01,69737,Genesis of Richmond,Bon Air,VA,23235,556,"Richmond-Petersburg, VA",37.5013145,-77.5717929,44.0
2025-04-01,67535,Genesis of Wolfchase,Memphis,TN,38133,640,"Memphis, TN",35.2032351,-89.8071642,44.0
2025-04-01,61196,Genesis of Arlington,Arlington,MA,02476,506,"Boston, MA-Manchester, NH",42.4232377,-71.1738841,42.0
2025-04-01,61127,Genesis of Hattiesburg,Hattiesburg,MS,39402,710,"Hattiesburg-Laurel, MS",31.3166979,-89.407095,42.0
2025-04-01,4844,Genesis of Miami Lakes,Miami Lakes,FL,33014,528,"Miami-Ft. Lauderdale, FL",25.9235071,-80.3016669,42.0
2025-04-01,65171,Genesis of Selma,Selma,CA,93662,866,"Fresno-Visalia, CA",36.5705206,-119.6297571,42.0
2025-04-01,2511,Genesis of Clearwater,Clearwater,FL,33761,539,"Tampa-St Petersburg (Sarasota), FL",28.0222085,-82.7380372,41.0
2025-04-01,4571,Genesis of Nashua,Nashua,NH,03060,506,"Boston, MA-Manchester, NH",42.7272329,-71.4464946,41.0
2025-04-01,72341,Genesis of Auburn,Auburn,AL,36830,522,"Columbus, GA",32.6179594,-85.4635689,40.0
2025-04-01,73395,Genesis of Union City,Riverdale,GA,30274,524,"Atlanta, GA",33.5645576,-84.4132949,40.0
2025-04-01,70573,Genesis of Gwinnett,Duluth,GA,30096,524,"Atlanta, GA",33.9606012,-84.1164625,38.0
2025-04-01,73375,Genesis of Melbourne,Melbourne,FL,32901,534,"Orlando-Daytona Beach-Melbourne, FL",28.0781199,-80.6372008,38.0
2025-04-01,69102,Orlando Genesis,Orlando,FL,32808,534,"Orlando-Daytona Beach-Melbourne, FL",28.5521196,-81.4309809,38.0
2025-04-01,71500,Genesis of Waterloo,Waterloo,IA,50702,637,"Cedar Rapids-Waterloo-Iowa City & Dubuque, IA",42.4906379,-92.3401956,37.0
2025-04-01,42325,Genesis Memphis Covington Pike,Memphis,TN,38134,640,"Memphis, TN",35.1781733,-89.8953093,36.0
2025-04-01,12806,Genesis of Lake Park,Lake Park,FL,33403,548,"West Palm Beach-Ft. Pierce, FL",26.8099851,-80.0930527,35.0
2025-04-01,71829,Genesis of Chantilly,Chantilly,VA,20151,511,"Washington, DC (Hagerstown, MD)",38.903778,-77.4621301,34.0
2025-04-01,3110,Genesis of South St. Louis County,St. Louis,MO,63123,609,"St. Louis, MO",38.521476,-90.3450902,34.0
2025-04-01,72560,Genesis of West Knoxville,Knoxville,TN,37923,557,"Knoxville, TN",35.9181977,-84.0733877,34.0
2025-04-01,5541,Genesis Glenview,Glenview,IL,60026,602,"Chicago, IL",42.1061877,-87.8216753,33.0
2025-04-01,91447,Genesis of Albany,Albany,NY,12205,532,"Albany-Schenectady-Troy, NY",42.7296031,-73.8529553,33.0
2025-04-01,6832,Genesis of Denton,Denton,TX,76210,623,"Dallas-Ft. Worth, TX",33.1691755,-97.0819556,33.0
2025-04-01,73353,Genesis of Annapolis,Annapolis,MD,21401,512,"Baltimore, MD",38.976603,-76.5095064,32.0
2025-04-01,61459,Genesis of Augusta,Augusta,GA,30907,520,"Augusta, GA",33.5157506,-82.0641493,32.0
2025-04-01,68961,Genesis of Hampton,Hampton,VA,23666,544,"Norfolk-Portsmouth-Newport News,VA",37.0619771,-76.4003949,32.0
2025-04-01,6292,Genesis of Harlingen,Harlingen,TX,78552,636,"Harlingen-Weslaco-Brownsville-McAllen, TX",26.1864793,-97.7753841,31.0
2025-04-01,8750,Sid Dillon Genesis of Lincoln,Lincoln,NE,68512,722,"Lincoln & Hastings-Kearney, NE",40.7364094,-96.6846163,28.0
2025-04-01,64724,Genesis of Groveport,Groveport,OH,43125,535,"Columbus, OH",39.8895794,-82.8876146,27.0
2025-04-01,67547,Genesis of Ogden,Ogden,UT,84401,770,"Salt Lake City, UT",41.2030548,-111.9799594,27.0
2025-04-01,69757,Genesis of Wilkes-Barre,Wilkes-Barre,PA,18702,577,"Wilkes Barre-Scranton, PA",41.2549421,-75.8381435,27.0
2025-04-01,71909,Napleton's North Palm Hyundai,Lake Park,FL,33403,548,"West Palm Beach-Ft. Pierce, FL",26.809389,-80.0935379,27.0
2025-04-01,73400,Genesis of Macon,Macon,GA,31210,503,"Macon, GA",32.8866204,-83.675043,26.0
2025-04-01,61176,Headquarter Genesis,Lake Mary,FL,32746,534,"Orlando-Daytona Beach-Melbourne, FL",28.7885443,-81.3466546,26.0
2025-04-01,69400,Genesis of Austin,Austin,TX,78745,635,"Austin, TX",30.2097044,-97.7566525,25.0
2025-04-01,16023,Genesis of Baton Rouge,Baton Rouge,LA,70809,716,"Baton Rouge, LA",30.3805348,-91.0404825,25.0
2025-04-01,69931,Genesis of Commerce,West Bloomfield Township,MI,48322,505,"Detroit, MI",42.5607276,-83.4398789,25.0
2025-04-01,73397,Genesis of Daytona Beach,Daytona Beach,FL,32117,534,"Orlando-Daytona Beach-Melbourne, FL",29.2235952,-81.0481335,25.0
2025-04-01,69980,Genesis of Minneapolis,Golden Valley,MN,55426,613,"Minneapolis-St. Paul, MN",44.9724585,-93.3935748,25.0
2025-04-01,97787,Genesis Montgomery,Montgomery,AL,36106,698,"Montgomery (Selma), AL",32.3606235,-86.2242999,24.0
2025-04-01,10564,Genesis of Meriden,Meriden,CT,06450,533,"Hartford & New Haven, CT",41.5137568,-72.8062752,24.0
2025-04-01,72712,Genesis of Roswell,Roswell,GA,30076,524,"Atlanta, GA",34.056201,-84.32906,24.0
2025-04-01,69370,Genesis of Northampton,Northampton,MA,01060,543,"Springfield-Holyoke, MA",42.3359481,-72.6356287,23.0
2025-04-01,68638,Genesis of Downtown Chicago,Chicago,IL,60616,602,"Chicago, IL",41.8442199,-87.6240557,21.0
2025-04-01,793,Genesis of Hazelwood,Hazelwood,MO,63042,609,"St. Louis, MO",38.7811015,-90.3650463,20.0
2025-04-01,3536,Genesis of Rockville,North Bethesda,MD,20852,511,"Washington, DC (Hagerstown, MD)",39.0438363,-77.1107675,20.0
2025-04-01,69498,Genesis of Eastern Shore,Daphne,AL,36526,686,"Mobile, AL-Pensacola (Ft. Walton Beach), FL",30.6607867,-87.8567477,19.0
2025-04-01,61515,Genesis Of Madison,Madison,WI,53713,669,"Madison, WI",43.0341872,-89.4116586,18.0
2025-04-01,70200,Genesis of Chattanooga,Chattanooga,TN,37421,575,"Chattanooga, TN",35.0602866,-85.1922179,18.0
2025-04-01,18922,Genesis of Lafayette,Lafayette,IN,47904,582,"Lafayette, IN",40.4192119,-86.8589689,18.0
2025-04-01,49527,Genesis of Urbana,Urbana,IL,61802,648,"Champaign & Springfield-Decatur,IL",40.1386655,-88.1960739,16.0
2025-04-01,69677,Genesis of La Quinta,La Quinta,CA,92253,804,"Palm Springs, CA",33.7072313,-116.2852619,15.0
2025-04-01,8220,Hyundai Of North Charleston,North Charleston,SC,29406,519,"Charleston, SC",32.9612062,-80.0444447,15.0
2025-04-01,71271,Genesis of Cartersville,Cartersville,GA,30120,524,"Atlanta, GA",34.1915656,-84.7876903,14.0
2025-04-01,69414,Genesis of Olive Branch,Olive Branch,MS,38654,640,"Memphis, TN",34.9790497,-89.8645852,14.0
2025-04-01,70671,Genesis of Owings Mills,Owings Mills,MD,21117,512,"Baltimore, MD",39.43549,-76.800636,13.0
2025-04-01,3152,Genesis of St. Cloud,Waite Park,MN,56387,613,"Minneapolis-St. Paul, MN",45.5485676,-94.2285831,13.0
2025-04-01,70356,Hampton Genesis,Fort Walton Beach,FL,32548,686,"Mobile, AL-Pensacola (Ft. Walton Beach), FL",30.4123712,-86.6281688,13.0
2025-04-01,60611,Genesis of Huntsville,Huntsville,AL,35816,691,"Huntsville-Decatur (Florence), AL",34.7342382,-86.6214927,12.0
2025-04-01,3992,Genesis of New Bern,New Bern,NC,28560,545,"Greenville-New Bern-Washington, NC",35.0579658,-77.0170433,11.0
2025-04-01,1691,Genesis of Fairfield,Fairfield,CT,06825,501,"New York, NY",41.1661525,-73.2298512,10.0
2025-04-01,73047,Genesis of Stevens Creek,Santa Clara,CA,95051,807,"San Francisco-Oakland-San Jose, CA",37.3235793,-121.9800176,10.0
2025-04-01,69701,Genesis of Victorville,Victorville,CA,92392,803,"Los Angeles, CA",34.5060794,-117.3405032,10.0
2025-04-01,68812,Genesis of South Knoxville,Alcoa,TN,37701,557,"Knoxville, TN",35.8245636,-83.9755837,9.0
2025-04-01,9692,Hyundai of La Quinta,La Quinta,CA,92253,804,"Palm Springs, CA",33.7072313,-116.2852619,9.0
2025-04-01,36816,Warner Robins Chrysler Dodge Jeep Ram FIAT,Warner Robins,GA,31093,503,"Macon, GA",32.6175306,-83.6790543,9.0
2025-04-01,71629,Genesis of Auburn,Auburn,MA,01501,506,"Boston, MA-Manchester, NH",42.1825552,-71.8630505,8.0
2025-04-01,99924,Genesis of Avon,Simsbury,CT,06092,533,"Hartford & New Haven, CT",41.8203914,-72.8690454,8.0
2025-04-01,54,Genesis of Gaithersburg,Gaithersburg,MD,20879,511,"Washington, DC (Hagerstown, MD)",39.1581897,-77.2157235,8.0
2025-04-01,69375,Genesis of Hilton Head,Bluffton,SC,29910,507,"Savannah, GA",32.2898537,-80.9132918,8.0
2025-04-01,61156,Genesis of Mattoon,Mattoon,IL,61938,648,"Champaign & Springfield-Decatur,IL",39.4823346,-88.3786268,8.0
2025-04-01,83639,Napleton Maserati of Indianapolis,Indianapolis,IN,46240,527,"Indianapolis, IN",39.9276857,-86.0978814,7.0
2025-04-01,71242,Edwards Kia,Council Bluffs,IA,51501,652,"Omaha, NE",41.2222637,-95.8507804,6.0
2025-04-01,648,Genesis of Calumet City,Calumet City,IL,60409,602,"Chicago, IL",41.6004518,-87.5734156,6.0
2025-04-01,4360,Paramount Hyundai Hickory,Hickory,NC,28602,517,"Charlotte, NC",35.715088,-81.3379676,6.0
2025-04-01,99729,Stoler Chevrolet Buick,Owings Mills,MD,21117,512,"Baltimore, MD",39.4371908,-76.7993264,5.0
2025-04-01,69443,eCarOne,Plano,TX,75093,623,"Dallas-Ft. Worth, TX",33.0152705,-96.7767928,5.0
2025-04-01,68698,GENESIS OF BAYSIDE,Queens,NY,11361,501,"New York, NY",40.7573441,-73.7811612,4.0
2025-04-01,61897,Genesis of Council Bluffs,Council Bluffs,IA,51501,652,"Omaha, NE",41.2276401,-95.8594545,4.0
2025-04-01,8670,Southtowne Hyundai of Riverdale,Riverdale,GA,30274,524,"Atlanta, GA",33.5455345,-84.4164445,4.0
2025-04-01,75561,BMW of West St Louis,Manchester,MO,63011,609,"St. Louis, MO",38.5938191,-90.5172172,3.0
2025-04-01,8135,Joe Machens Hyundai,Columbia,MO,65202,604,"Columbia-Jefferson City, MO",38.971532,-92.3342914,3.0
2025-04-01,10755,South Point Hyundai,Austin,TX,78745,635,"Austin, TX",30.2097091,-97.7566541,3.0
2025-04-01,891,Five Star Chevrolet,Warner Robins,GA,31093,503,"Macon, GA",32.6181243,-83.6038649,2.0
2025-04-01,100501,Genesis Macon,Macon,GA,31210,503,"Macon, GA",32.8866204,-83.675043,2.0
2025-04-01,98745,Genesis of Danvers,Danvers,MA,01923,506,"Boston, MA-Manchester, NH",42.5595013,-70.9786915,2.0
2025-04-01,100529,Genesis of San Diego,San Diego,CA,92111,825,"San Diego, CA",32.8306319,-117.1434333,2.0
2025-04-01,2929,Gurley Leep Hyundai,Mishawaka,IN,46545,588,"South Bend-Elkhart, IN",41.7085345,-86.1860372,2.0
2025-04-01,25780,Kentson Car Company,Bountiful,UT,84010,770,"Salt Lake City, UT",40.862791,-111.8925406,2.0
2025-04-01,7311,Stevens Creek Hyundai,Santa Clara,CA,95051,807,"San Francisco-Oakland-San Jose, CA",37.3235793,-121.9800176,2.0
2025-04-01,64039,Suntrup Hyundai South,St. Louis,MO,63123,609,"St. Louis, MO",38.521476,-90.3450902,2.0
2025-04-01,3745,Vandergriff Hyundai,Arlington,TX,76017,623,"Dallas-Ft. Worth, TX",32.6758213,-97.1247183,2.0
2025-04-01,36624,ALM Kia South,Union City,GA,30291,524,"Atlanta, GA",33.5659217,-84.5273459,1.0
2025-04-01,60974,Audi Montgomery,Montgomery,AL,36117,698,"Montgomery (Selma), AL",32.3757044,-86.2084007,1.0
2025-04-01,13821,Audi North Shore,Brown Deer,WI,53223,617,"Milwaukee, WI",43.1791437,-87.9669639,1.0
2025-04-01,52973,Automotive Avenues,Wall Township,NJ,07727,501,"New York, NY",40.2194934,-74.1304189,1.0
2025-04-01,2126,BMW Northwest,Fife,WA,98424,819,"Seattle-Tacoma, WA",47.2395722,-122.374543,1.0
2025-04-01,554,Bachman Chevrolet,Jeffersontown,KY,40299,529,"Louisville, KY",38.2201453,-85.5771289,1.0
2025-04-01,26752,Beach Cities Toyota Westminster,Westminster,CA,92683,803,"Los Angeles, CA",33.7408884,-117.9882786,1.0
2025-04-01,61741,Burns Buick GMC,Evesham,NJ,08053,504,"Philadelphia, PA",39.8944583,-74.9371349,1.0
2025-04-01,11903,Cadillac Pasadena,Pasadena,CA,91107,803,"Los Angeles, CA",34.1465853,-118.0788768,1.0
2025-04-01,8279,Capitol Hyundai,San Jose,CA,95136,807,"San Francisco-Oakland-San Jose, CA",37.274631,-121.8752863,1.0
2025-04-01,74653,CarMax Bakersfield,Bakersfield,CA,93307,800,"Bakersfield, CA",35.2931773,-119.0284246,1.0
2025-04-01,74686,CarMax Huntsville,Huntsville,AL,35806,691,"Huntsville-Decatur (Florence), AL",34.7474179,-86.6847145,1.0
2025-04-01,74931,CarMax Independence Boulevard,Charlotte,NC,28227,517,"Charlotte, NC",35.1598534,-80.7341335,1.0
2025-04-01,74511,Covert Cadillac Bee Cave,Austin,TX,78738,635,"Austin, TX",30.3158871,-98.0035468,1.0
2025-04-01,70876,Doral Genesis,Doral,FL,33172,528,"Miami-Ft. Lauderdale, FL",25.7843093,-80.3669404,1.0
2025-04-01,80993,Driveline Used Cars of Murrieta,Murrieta,CA,92562,803,"Los Angeles, CA",33.5292134,-117.1733988,1.0
2025-04-01,15434,Folsom Lake Ford,Folsom,CA,95630,862,"Sacramento-Stockton-Modesto, CA",38.6346917,-121.2046807,1.0
2025-04-01,74793,GRUBBS INFINITI,Grapevine,TX,76051,623,"Dallas-Ft. Worth, TX",32.9211511,-97.0630654,1.0
2025-04-01,84406,Genesis at Long of Chattanooga,Chattanooga,TN,37421,575,"Chattanooga, TN",35.059805,-85.190767,1.0
2025-04-01,13492,Genesis of Brunswick,Brunswick,GA,31525,561,"Jacksonville, FL",31.2072117,-81.4811899,1.0
2025-04-01,69409,Genesis of Richmond,Richmond,CA,94806,807,"San Francisco-Oakland-San Jose, CA",37.9857273,-122.3202802,1.0
2025-04-01,17363,Greentree Toyota,Brookfield,CT,06804,501,"New York, NY",41.4247664,-73.4190955,1.0
2025-04-01,6495,Huffines Kia McKinney,McKinney,TX,75070,623,"Dallas-Ft. Worth, TX",33.2074424,-96.6396958,1.0
2025-04-01,70729,Hyundai of New Bern,New Bern,NC,28560,545,"Greenville-New Bern-Washington, NC",35.0579658,-77.0170433,1.0
2025-04-01,7426,Lee Johnson Hyundai of Everett,Everett,WA,98203,819,"Seattle-Tacoma, WA",47.9485733,-122.2155506,1.0
2025-04-01,9202,Lexus of Memphis,Memphis,TN,38119,640,"Memphis, TN",35.0762404,-89.8583994,1.0
2025-04-01,55909,Lucchetti's Complete Auto Center,Marshfield,MA,02050,506,"Boston, MA-Manchester, NH",42.1063389,-70.7430958,1.0
2025-04-01,5393,Maple Hill Volkswagen,Kalamazoo,MI,49009,563,"Grand Rapids-Kalamazoo-Battle Creek, MI",42.2973176,-85.6584469,1.0
2025-04-01,60374,Maple Hill Volvo Cars,Kalamazoo,MI,49009,563,"Grand Rapids-Kalamazoo-Battle Creek, MI",42.2973176,-85.6584469,1.0
2025-04-01,25370,Midlands Toyota,Columbia,SC,29203,546,"Columbia, SC",34.1282887,-80.9599501,1.0
2025-04-01,86,Modern Hyundai of Concord,Concord,NC,28027,517,"Charlotte, NC",35.3923062,-80.6217194,1.0
2025-04-01,42529,Rick Case Hyundai Ft. Lauderdale,Plantation,FL,33317,528,"Miami-Ft. Lauderdale, FL",26.1351086,-80.2031534,1.0
2025-04-01,57993,Roseville Kia,Roseville,CA,95661,862,"Sacramento-Stockton-Modesto, CA",38.7524054,-121.2603762,1.0
2025-04-01,56306,Route 17 Mitsubishi,Ramsey,NJ,07446,501,"New York, NY",41.0724998,-74.1420132,1.0
2025-04-01,42568,Southern States Mazda,Raleigh,NC,27609,560,"Raleigh-Durham (Fayetteville), NC",35.8170413,-78.6260002,1.0
2025-04-01,26026,Stokes Hodges Kia,Beech Island,SC,29842,520,"Augusta, GA",33.4864489,-81.9268356,1.0
2025-04-01,8604,Suntrup Kia South,St. Louis,MO,63123,609,"St. Louis, MO",38.5160485,-90.3441408,1.0
2025-04-01,2107,Suntrup Nissan,St. Louis,MO,63123,609,"St. Louis, MO",38.5208643,-90.3438767,1.0
2025-04-01,69397,Tom Bell Chevrolet,Redlands,CA,92374,803,"Los Angeles, CA",34.0637996,-117.2078979,1.0
2025-04-01,30195,Wilde Honda,Waukesha,WI,53186,617,"Milwaukee, WI",43.0251475,-88.201983,1.0
2025-04-01,70476,Genesis of Escondido,Escondido,CA,92029,825,"San Diego, CA",33.1150272,-117.1049655,0.0
2025-04-01,71422,Hyundai City of Bay Ridge,Brooklyn,NY,11209,501,"New York, NY",40.6192775,-74.0295303,0.0
2025-04-01,71047,Napleton Hyundai,Hazelwood,MO,63042,609,"St. Louis, MO",38.7811015,-90.3650463,0.0
2025-04-01,5357,Suntrup Volkswagen,St. Louis,MO,63123,609,"St. Louis, MO",38.5208039,-90.3432543,0.0
2025-04-01,73001,West Houston Hyundai,Houston,TX,77094,618,"Houston, TX",29.7842958,-95.6736241,0.0
2025-05-01,61186,Braman Genesis,Miami,FL,33137,528,"Miami-Ft. Lauderdale, FL",25.7954893,-80.1910373,545.0
2025-05-01,73396,Genesis of Cherry Hill,Evesham,NJ,08053,504,"Philadelphia, PA",39.8831146,-74.9226358,310.0
2025-05-01,7006,Genesis of Atlanta,Atlanta,GA,30341,524,"Atlanta, GA",33.9080158,-84.2909986,308.0
2025-05-01,72517,Genesis of Loma Linda,Ontario,CA,91764,803,"Los Angeles, CA",34.0699402,-117.6059991,245.0
2025-05-01,73840,Genesis of Braintree,Quincy,MA,02169,506,"Boston, MA-Manchester, NH",42.2364548,-70.9785026,234.0
2025-05-01,29179,Genesis of White Plains,White Plains,NY,10606,501,"New York, NY",41.0350081,-73.7836873,222.0
2025-05-01,62609,Norm Reeves Genesis of Cerritos,Cerritos,CA,90703,803,"Los Angeles, CA",33.8662378,-118.1015234,221.0
2025-05-01,9001,Genesis of Chandler,Chandler,AZ,85286,753,"Phoenix, AZ",33.2846933,-111.7910889,220.0
2025-05-01,62585,Genesis of the North Shore,Hicksville,NY,11801,501,"New York, NY",40.7702089,-73.5027249,212.0
2025-05-01,69264,Genesis of Naples,Naples,FL,34109,571,"Ft. Myers-Naples, FL",26.2279083,-81.7660554,211.0
2025-05-01,6767,Tuttle-Click Genesis,Irvine,CA,92618,803,"Los Angeles, CA",33.6342181,-117.7233823,202.0
2025-05-01,72673,Earnhardt Genesis North Scottsdale,Scottsdale,AZ,85260,753,"Phoenix, AZ",33.631299,-111.8982196,199.0
2025-05-01,52440,Genesis of Mentor,Mentor,OH,44060,510,"Cleveland-Akron (Canton), OH",41.6834521,-81.3348422,198.0
2025-05-01,3156,Genesis of Schaumburg,Schaumburg,IL,60173,602,"Chicago, IL",42.0509027,-88.053118,190.0
2025-05-01,57353,Jenkins Genesis of North East Jacksonville,Jacksonville,FL,32225,561,"Jacksonville, FL",30.3253588,-81.5105439,189.0
2025-05-01,68783,Coconut Creek Genesis,Coconut Creek,FL,33073,528,"Miami-Ft. Lauderdale, FL",26.2914037,-80.2009677,175.0
2025-05-01,69118,Hudson Hyundai,Jersey City,NJ,07304,501,"New York, NY",40.7234737,-74.0888952,174.0
2025-05-01,62581,Genesis Santa Monica,Santa Monica,CA,90404,803,"Los Angeles, CA",34.03227,-118.4751279,172.0
2025-05-01,70287,Genesis of St. Charles,St. Peters,MO,63376,609,"St. Louis, MO",38.7975346,-90.5978187,172.0
2025-05-01,94818,Genesis of Milwaukee,Waukesha,WI,53186,617,"Milwaukee, WI",43.0244944,-88.2038863,171.0
2025-05-01,73041,Gettel Genesis of Sarasota,Sarasota,FL,34233,539,"Tampa-St Petersburg (Sarasota), FL",27.2695206,-82.4746827,168.0
2025-05-01,73379,Genesis of Milford,Milford,CT,06460,533,"Hartford & New Haven, CT",41.2076083,-73.0884209,167.0
2025-05-01,66836,Genesis of Peoria,Peoria,AZ,85382,753,"Phoenix, AZ",33.6372458,-112.2451079,160.0
2025-05-01,7692,Genesis of The South Shore,West Islip,NY,11795,501,"New York, NY",40.7207062,-73.3044797,157.0
2025-05-01,53667,Genesis Of Cumming,Cumming,GA,30041,524,"Atlanta, GA",34.1439728,-84.1730152,155.0
2025-05-01,10409,Genesis of Southwest Houston,Houston,TX,77074,618,"Houston, TX",29.6691333,-95.5474174,154.0
2025-05-01,73893,Genesis of Brunswick,South Brunswick Township,NJ,08852,501,"New York, NY",40.4111541,-74.5423003,151.0
2025-05-01,9004,Genesis of Littleton,Englewood,CO,80113,751,"Denver, CO",39.6200977,-104.9885845,145.0
2025-05-01,96938,Genesis of North Cincinnati,Cincinnati,OH,45249,515,"Cincinnati, OH",39.2926575,-84.3036044,144.0
2025-05-01,28092,Genesis of Las Vegas,Las Vegas,NV,89117,839,"Las Vegas, NV",36.1449418,-115.2489832,142.0
2025-05-01,73682,Wallace Genesis,Stuart,FL,34997,548,"West Palm Beach-Ft. Pierce, FL",27.1605832,-80.2229084,139.0
2025-05-01,2734,Genesis of Carmel,Indianapolis,IN,46240,527,"Indianapolis, IN",39.9293455,-86.0966346,135.0
2025-05-01,64605,Genesis of South Bay,Torrance,CA,90505,803,"Los Angeles, CA",33.7991718,-118.3411724,134.0
2025-05-01,3102,Genesis of Alexandria,Alexandria,VA,22301,511,"Washington, DC (Hagerstown, MD)",38.8213866,-77.0576309,133.0
2025-05-01,57975,Genesis of Kennesaw,Kennesaw,GA,30144,524,"Atlanta, GA",34.0233261,-84.5734338,131.0
2025-05-01,4349,Jenkins Genesis of Leesburg,Leesburg,FL,34788,534,"Orlando-Daytona Beach-Melbourne, FL",28.8228437,-81.7874886,131.0
2025-05-01,73389,Genesis of Freehold,Freehold,NJ,07728,501,"New York, NY",40.2641336,-74.2924834,127.0
2025-05-01,67653,Genesis of Corona,Corona,CA,92882,803,"Los Angeles, CA",33.882918,-117.6138489,125.0
2025-05-01,26003,Genesis of Elgin,Elgin,IL,60120,602,"Chicago, IL",42.0317119,-88.2445971,124.0
2025-05-01,71052,Lakeland Genesis,Lakeland,FL,33815,539,"Tampa-St Petersburg (Sarasota), FL",28.054301,-81.9758413,124.0
2025-05-01,72695,Rick Case Genesis,Plantation,FL,33317,528,"Miami-Ft. Lauderdale, FL",26.1351086,-80.2031534,124.0
2025-05-01,74040,Genesis of San Bruno,San Bruno,CA,94066,807,"San Francisco-Oakland-San Jose, CA",37.6372585,-122.419091,123.0
2025-05-01,71490,Genesis of West Houston,Houston,TX,77094,618,"Houston, TX",29.7836158,-95.673582,123.0
2025-05-01,6996,Genesis of Lafayette,Lafayette,LA,70506,642,"Lafayette, LA",30.1552098,-92.0910284,121.0
2025-05-01,69823,Genesis Of Charleston,Charleston,SC,29414,519,"Charleston, SC",32.7982545,-80.0859341,119.0
2025-05-01,71985,Genesis of Columbus,Columbus,OH,43230,535,"Columbus, OH",40.0598318,-82.9433206,112.0
2025-05-01,69062,Genesis of Lindon,Lindon,UT,84042,770,"Salt Lake City, UT",40.3293405,-111.7338433,112.0
2025-05-01,3566,Genesis of Highland Park,Highland Park,IL,60035,602,"Chicago, IL",42.1609423,-87.8081446,111.0
2025-05-01,93460,Genesis of Portland,Portland,OR,97225,820,"Portland, OR",45.4962782,-122.7698208,111.0
2025-05-01,61326,Genesis of Denville,Denville,NJ,07834,501,"New York, NY",40.8681668,-74.5137571,110.0
2025-05-01,70074,Genesis of Fort Myers,Fort Myers,FL,33907,571,"Ft. Myers-Naples, FL",26.596538,-81.8605256,110.0
2025-05-01,69570,Genesis of Cary,Cary,NC,27511,560,"Raleigh-Durham (Fayetteville), NC",35.7384809,-78.8093998,107.0
2025-05-01,72010,Genesis of Charlotte,Charlotte,NC,28227,517,"Charlotte, NC",35.1428872,-80.7216186,107.0
2025-05-01,70631,Genesis of Lake Norman,Cornelius,NC,28031,517,"Charlotte, NC",35.467345,-80.872696,107.0
2025-05-01,10212,Genesis of Edmond,Edmond,OK,73013,650,"Oklahoma City, OK",35.6128747,-97.4967472,105.0
2025-05-01,4457,Genesis of Spring,Spring,TX,77373,618,"Houston, TX",30.0627988,-95.4322263,105.0
2025-05-01,61240,Genesis of Palm Springs,Palm Springs,CA,92264,804,"Palm Springs, CA",33.7945577,-116.5032881,103.0
2025-05-01,68840,Genesis of Golden,Golden,CO,80401,751,"Denver, CO",39.730479,-105.1754951,101.0
2025-05-01,71992,Genesis of Brooklyn,Brooklyn,NY,11232,501,"New York, NY",40.6571085,-74.014405,100.0
2025-05-01,4919,Genesis of North Aurora,North Aurora,IL,60542,602,"Chicago, IL",41.80082,-88.3739138,99.0
2025-05-01,69032,Genesis Of NW San Antonio,Boerne,TX,78006,641,"San Antonio, TX",29.6844593,-98.6411438,98.0
2025-05-01,96075,Genesis of Smithtown,Saint James,NY,11780,501,"New York, NY",40.861595,-73.159573,98.0
2025-05-01,8533,Genesis North Orlando,Winter Park,FL,32789,534,"Orlando-Daytona Beach-Melbourne, FL",28.6088331,-81.3648614,97.0
2025-05-01,4899,Genesis of Conway,Conway,AR,72032,693,"Little Rock-Pine Bluff, AR",35.093494,-92.421864,97.0
2025-05-01,1130,Genesis of Kirkland,Kirkland,WA,98034,819,"Seattle-Tacoma, WA",47.7072771,-122.1748634,97.0
2025-05-01,94705,Genesis of Ridgefield,Norwalk,CT,06851,501,"New York, NY",41.1261307,-73.4233158,97.0
2025-05-01,69382,Genesis of West Chester,West Chester,PA,19382,504,"Philadelphia, PA",39.9023291,-75.5655602,97.0
2025-05-01,65747,Genesis Of Clear Lake,Webster,TX,77598,618,"Houston, TX",29.5340161,-95.13376,93.0
2025-05-01,94375,Castle Genesis of Downers Grove,Oakbrook Terrace,IL,60181,602,"Chicago, IL",41.8582742,-87.9545485,91.0
2025-05-01,2525,Genesis of Cool Springs,Franklin,TN,37067,659,"Nashville, TN",35.9580609,-86.8090467,91.0
2025-05-01,72126,Genesis of Ocala,Ocala,FL,34471,534,"Orlando-Daytona Beach-Melbourne, FL",29.1773171,-82.1519073,89.0
2025-05-01,71661,Allen Turner Genesis,Pensacola,FL,32505,686,"Mobile, AL-Pensacola (Ft. Walton Beach), FL",30.4750621,-87.247943,88.0
2025-05-01,17853,Genesis of Winston-Salem,Winston-Salem,NC,27127,518,"Greensboro-High Point-Winston Salem, NC",36.0674142,-80.2606633,87.0
2025-05-01,94567,Genesis of Kansas City,Overland Park,KS,66204,616,"Kansas City, MO",38.9882713,-94.6681597,86.0
2025-05-01,70835,Genesis of Tulsa,Tulsa,OK,74133,671,"Tulsa, OK",36.022119,-95.8852819,83.0
2025-05-01,9171,Genesis of Longview,Longview,TX,75605,709,"Tyler-Longview(Lufkin & Nacogdoches), TX",32.5633713,-94.7310184,81.0
2025-05-01,96441,Genesis of Rocklin,Rocklin,CA,95677,862,"Sacramento-Stockton-Modesto, CA",38.7952904,-121.2164042,81.0
2025-05-01,36882,Genesis of Virginia Beach,Virginia Beach,VA,23452,544,"Norfolk-Portsmouth-Newport News,VA",36.8356924,-76.0987758,81.0
2025-05-01,73795,Crown Genesis,St. Petersburg,FL,33714,539,"Tampa-St Petersburg (Sarasota), FL",27.8204635,-82.6786673,80.0
2025-05-01,2584,Genesis Of Norman,Norman,OK,73069,650,"Oklahoma City, OK",35.2248696,-97.4845549,80.0
2025-05-01,12986,Genesis of Buffalo,Williamsville,NY,14221,514,"Buffalo, NY",42.960953,-78.691081,80.0
2025-05-01,64426,Genesis of Algonquin,Algonquin,IL,60102,602,"Chicago, IL",42.1629985,-88.3344476,79.0
2025-05-01,61239,Genesis of Central Florida,Clermont,FL,34711,534,"Orlando-Daytona Beach-Melbourne, FL",28.5478492,-81.6689649,79.0
2025-05-01,69670,Rick Case Genesis Davie,Davie,FL,33331,528,"Miami-Ft. Lauderdale, FL",26.0758729,-80.3619504,79.0
2025-05-01,64003,Genesis of Bel Air,Fallston,MD,21047,512,"Baltimore, MD",39.5065574,-76.3858171,78.0
2025-05-01,1531,Genesis of Manchester,Bedford,NH,03110,506,"Boston, MA-Manchester, NH",42.944374,-71.472789,78.0
2025-05-01,68973,Genesis of Dublin,Dublin,CA,94568,807,"San Francisco-Oakland-San Jose, CA",37.7027037,-121.9030039,75.0
2025-05-01,70052,Norm Reeves Genesis of Irving,Irving,TX,75062,623,"Dallas-Ft. Worth, TX",32.8360367,-96.921086,74.0
2025-05-01,9164,Genesis of Kearny Mesa,San Diego,CA,92111,825,"San Diego, CA",32.82812,-117.1528769,73.0
2025-05-01,10916,Genesis of Louisville,Jeffersontown,KY,40299,529,"Louisville, KY",38.2125896,-85.5378392,73.0
2025-05-01,67498,Genesis of West Palm Beach,West Palm Beach,FL,33409,548,"West Palm Beach-Ft. Pierce, FL",26.7072233,-80.0873646,73.0
2025-05-01,68256,Genesis of Lexington,Lexington,KY,40509,541,"Lexington, KY",37.9960356,-84.441848,72.0
2025-05-01,73042,Gettel Genesis of Lakewood,Bradenton,FL,34208,539,"Tampa-St Petersburg (Sarasota), FL",27.4953171,-82.4871204,72.0
2025-05-01,70093,Genesis of Merrillville,Merrillville,IN,46410,602,"Chicago, IL",41.4717832,-87.3480253,71.0
2025-05-01,4941,Genesis of Conshohocken,Conshohocken,PA,19428,504,"Philadelphia, PA",40.1028837,-75.3064312,69.0
2025-05-01,70624,Genesis of Noblesville,Noblesville,IN,46060,527,"Indianapolis, IN",40.0446534,-85.9936143,68.0
2025-05-01,11303,Genesis of Appleton,Appleton,WI,54913,658,"Green Bay-Appleton, WI",44.2887964,-88.4759736,67.0
2025-05-01,36300,Delray Genesis,Delray Beach,FL,33483,548,"West Palm Beach-Ft. Pierce, FL",26.4720932,-80.0668508,66.0
2025-05-01,70290,Genesis of Greer,Greer,SC,29651,567,"Greenville-Spartanburg, SC-Asheville, NC-Anderson, SC",34.949924,-82.198468,66.0
2025-05-01,1393,Genesis of Plano,Plano,TX,75093,623,"Dallas-Ft. Worth, TX",33.0102218,-96.7668456,64.0
2025-05-01,67522,Genesis of Wexford,Wexford,PA,15090,508,"Pittsburgh, PA",40.6143612,-80.0568103,64.0
2025-05-01,61217,Genesis of Weatherford,Hudson Oaks,TX,76087,623,"Dallas-Ft. Worth, TX",32.7558051,-97.6929673,63.0
2025-05-01,69980,Genesis of Minneapolis,Golden Valley,MN,55426,613,"Minneapolis-St. Paul, MN",44.9724585,-93.3935748,61.0
2025-05-01,61277,Genesis of New Hudson,New Hudson,MI,48165,505,"Detroit, MI",42.5161168,-83.609054,61.0
2025-05-01,1250,Genesis of New Orleans,Metairie,LA,70003,622,"New Orleans, LA",30.0058423,-90.2210481,61.0
2025-05-01,70696,Genesis of Round Rock,Round Rock,TX,78665,635,"Austin, TX",30.5322484,-97.6891408,61.0
2025-05-01,67536,Genesis of Omaha,Omaha,NE,68118,652,"Omaha, NE",41.2639237,-96.1858719,60.0
2025-05-01,68945,Genesis of San Antonio East,San Antonio,TX,78233,641,"San Antonio, TX",29.5452956,-98.3688609,60.0
2025-05-01,2157,Genesis of Suitland,Bowie,MD,20716,511,"Washington, DC (Hagerstown, MD)",38.9227402,-76.7179222,59.0
2025-05-01,2687,Genesis of Parma,Parma,OH,44129,510,"Cleveland-Akron (Canton), OH",41.4180454,-81.7339114,58.0
2025-05-01,73383,Genesis of Newnan,Newnan,GA,30263,524,"Atlanta, GA",33.3980326,-84.751469,57.0
2025-05-01,71974,Genesis of Columbia,Columbia,SC,29203,546,"Columbia, SC",34.1430845,-80.9485594,56.0
2025-05-01,69447,King Genesis,Deerfield Beach,FL,33441,528,"Miami-Ft. Lauderdale, FL",26.29967,-80.0946749,56.0
2025-05-01,61567,Genesis of Monroeville,Monroeville,PA,15146,508,"Pittsburgh, PA",40.4308948,-79.7170895,55.0
2025-05-01,73680,Genesis of Wayne,Wayne,NJ,07470,501,"New York, NY",40.948967,-74.276307,54.0
2025-05-01,52776,Genesis Of Macomb,Macomb,MI,48044,505,"Detroit, MI",42.6294783,-82.9318824,53.0
2025-05-01,62587,Genesis of Aurora,Aurora,IL,60504,602,"Chicago, IL",41.7515762,-88.213844,53.0
2025-05-01,8386,Genesis of Huntington,Huntington,NY,11743,501,"New York, NY",40.8332861,-73.3617156,53.0
2025-05-01,4571,Genesis of Nashua,Nashua,NH,03060,506,"Boston, MA-Manchester, NH",42.7272329,-71.4464946,53.0
2025-05-01,64037,Universal Genesis,Orlando,FL,32837,534,"Orlando-Daytona Beach-Melbourne, FL",28.3794594,-81.4033691,53.0
2025-05-01,71564,Clay Cooley Genesis of Mesquite,Mesquite,TX,75150,623,"Dallas-Ft. Worth, TX",32.8336891,-96.6306212,51.0
2025-05-01,83168,Genesis of Framingham,Framingham,MA,01702,506,"Boston, MA-Manchester, NH",42.2974046,-71.417428,51.0
2025-05-01,91019,Genesis of Hickory,Hickory,NC,28602,517,"Charlotte, NC",35.7151389,-81.3379647,51.0
2025-05-01,61284,Genesis of Springfield,Springfield,VA,22150,511,"Washington, DC (Hagerstown, MD)",38.7503466,-77.1828597,51.0
2025-05-01,69883,Genesis of North Plainfield,North Plainfield,NJ,07060,501,"New York, NY",40.6165806,-74.4551273,50.0
2025-05-01,8947,Genesis of Wichita,Wichita,KS,67206,678,"Wichita-Hutchinson, KS",37.7055104,-97.2084739,49.0
2025-05-01,67535,Genesis of Wolfchase,Memphis,TN,38133,640,"Memphis, TN",35.2032351,-89.8071642,49.0
2025-05-01,72341,Genesis of Auburn,Auburn,AL,36830,522,"Columbus, GA",32.6179594,-85.4635689,48.0
2025-05-01,5334,Genesis of Fayetteville,Fayetteville,NC,28314,560,"Raleigh-Durham (Fayetteville), NC",35.0630371,-78.9696547,48.0
2025-05-01,61459,Genesis of Augusta,Augusta,GA,30907,520,"Augusta, GA",33.5157506,-82.0641493,47.0
2025-05-01,69737,Genesis of Richmond,Bon Air,VA,23235,556,"Richmond-Petersburg, VA",37.5013145,-77.5717929,47.0
2025-05-01,73353,Genesis of Annapolis,Annapolis,MD,21401,512,"Baltimore, MD",38.976603,-76.5095064,46.0
2025-05-01,69018,Genesis of Hickory Hollow,Nashville,TN,37211,659,"Nashville, TN",36.0456523,-86.7012321,46.0
2025-05-01,9594,Genesis of Orange Park,Jacksonville,FL,32244,561,"Jacksonville, FL",30.2100757,-81.7391104,46.0
2025-05-01,2511,Genesis of Clearwater,Clearwater,FL,33761,539,"Tampa-St Petersburg (Sarasota), FL",28.0222085,-82.7380372,45.0
2025-05-01,10129,Genesis of Covington,Covington,LA,70433,622,"New Orleans, LA",30.4321,-90.0886416,44.0
2025-05-01,9530,Genesis of Brunswick,Brunswick,OH,44212,510,"Cleveland-Akron (Canton), OH",41.2391403,-81.7926475,43.0
2025-05-01,73481,Genesis of Kalamazoo,Kalamazoo,MI,49009,563,"Grand Rapids-Kalamazoo-Battle Creek, MI",42.2973176,-85.6584469,43.0
2025-05-01,81842,Genesis of West Warwick,West Warwick,RI,02893,521,"Providence, RI-New Bedford, MA",41.684535,-71.5014056,43.0
2025-05-01,61196,Genesis of Arlington,Arlington,MA,02476,506,"Boston, MA-Manchester, NH",42.4232377,-71.1738841,42.0
2025-05-01,7375,Genesis of Bedford,Bedford,OH,44146,510,"Cleveland-Akron (Canton), OH",41.4061393,-81.5482726,42.0
2025-05-01,73375,Genesis of Melbourne,Melbourne,FL,32901,534,"Orlando-Daytona Beach-Melbourne, FL",28.0781199,-80.6372008,42.0
2025-05-01,65171,Genesis of Selma,Selma,CA,93662,866,"Fresno-Visalia, CA",36.5705206,-119.6297571,42.0
2025-05-01,4844,Genesis of Miami Lakes,Miami Lakes,FL,33014,528,"Miami-Ft. Lauderdale, FL",25.9235071,-80.3016669,41.0
2025-05-01,6832,Genesis of Denton,Denton,TX,76210,623,"Dallas-Ft. Worth, TX",33.1691755,-97.0819556,39.0
2025-05-01,72197,Genesis of Doylestown,Doylestown,PA,18902,504,"Philadelphia, PA",40.3335783,-75.1370158,39.0
2025-05-01,70573,Genesis of Gwinnett,Duluth,GA,30096,524,"Atlanta, GA",33.9606012,-84.1164625,39.0
2025-05-01,61127,Genesis of Hattiesburg,Hattiesburg,MS,39402,710,"Hattiesburg-Laurel, MS",31.3166979,-89.407095,39.0
2025-05-01,69102,Orlando Genesis,Orlando,FL,32808,534,"Orlando-Daytona Beach-Melbourne, FL",28.5521196,-81.4309809,39.0
2025-05-01,71500,Genesis of Waterloo,Waterloo,IA,50702,637,"Cedar Rapids-Waterloo-Iowa City & Dubuque, IA",42.4906379,-92.3401956,38.0
2025-05-01,12744,Genesis of Ballwin,Ballwin,MO,63011,609,"St. Louis, MO",38.5925561,-90.5337953,37.0
2025-05-01,56215,Genesis of Westlake,Thousand Oaks,CA,91362,803,"Los Angeles, CA",34.1644513,-118.8296499,37.0
2025-05-01,61112,Homestead Genesis,Homestead,FL,33030,528,"Miami-Ft. Lauderdale, FL",25.4674062,-80.472177,35.0
2025-05-01,73395,Genesis of Union City,Riverdale,GA,30274,524,"Atlanta, GA",33.5645576,-84.4132949,34.0
2025-05-01,5541,Genesis Glenview,Glenview,IL,60026,602,"Chicago, IL",42.1061877,-87.8216753,33.0
2025-05-01,71829,Genesis of Chantilly,Chantilly,VA,20151,511,"Washington, DC (Hagerstown, MD)",38.903778,-77.4621301,33.0
2025-05-01,73397,Genesis of Daytona Beach,Daytona Beach,FL,32117,534,"Orlando-Daytona Beach-Melbourne, FL",29.2235952,-81.0481335,33.0
2025-05-01,72712,Genesis of Roswell,Roswell,GA,30076,524,"Atlanta, GA",34.056201,-84.32906,32.0
2025-05-01,3110,Genesis of South St. Louis County,St. Louis,MO,63123,609,"St. Louis, MO",38.521476,-90.3450902,32.0
2025-05-01,66747,Genesis Of Southfield,Southfield,MI,48034,505,"Detroit, MI",42.4941876,-83.2830437,31.0
2025-05-01,6292,Genesis of Harlingen,Harlingen,TX,78552,636,"Harlingen-Weslaco-Brownsville-McAllen, TX",26.1864793,-97.7753841,30.0
2025-05-01,97787,Genesis Montgomery,Montgomery,AL,36106,698,"Montgomery (Selma), AL",32.3606235,-86.2242999,29.0
2025-05-01,42325,Genesis Memphis Covington Pike,Memphis,TN,38134,640,"Memphis, TN",35.1781733,-89.8953093,28.0
2025-05-01,64724,Genesis of Groveport,Groveport,OH,43125,535,"Columbus, OH",39.8895794,-82.8876146,28.0
2025-05-01,12806,Genesis of Lake Park,Lake Park,FL,33403,548,"West Palm Beach-Ft. Pierce, FL",26.8099851,-80.0930527,28.0
2025-05-01,71909,Napleton's North Palm Hyundai,Lake Park,FL,33403,548,"West Palm Beach-Ft. Pierce, FL",26.809389,-80.0935379,28.0
2025-05-01,67547,Genesis of Ogden,Ogden,UT,84401,770,"Salt Lake City, UT",41.2030548,-111.9799594,27.0
2025-05-01,793,Genesis of Hazelwood,Hazelwood,MO,63042,609,"St. Louis, MO",38.7811015,-90.3650463,26.0
2025-05-01,72560,Genesis of West Knoxville,Knoxville,TN,37923,557,"Knoxville, TN",35.9181977,-84.0733877,26.0
2025-05-01,73400,Genesis of Macon,Macon,GA,31210,503,"Macon, GA",32.8866204,-83.675043,25.0
2025-05-01,69757,Genesis of Wilkes-Barre,Wilkes-Barre,PA,18702,577,"Wilkes Barre-Scranton, PA",41.2549421,-75.8381435,25.0
2025-05-01,61176,Headquarter Genesis,Lake Mary,FL,32746,534,"Orlando-Daytona Beach-Melbourne, FL",28.7885443,-81.3466546,25.0
2025-05-01,61515,Genesis Of Madison,Madison,WI,53713,669,"Madison, WI",43.0341872,-89.4116586,24.0
2025-05-01,69931,Genesis of Commerce,West Bloomfield Township,MI,48322,505,"Detroit, MI",42.5607276,-83.4398789,24.0
2025-05-01,10564,Genesis of Meriden,Meriden,CT,06450,533,"Hartford & New Haven, CT",41.5137568,-72.8062752,23.0
2025-05-01,8750,Sid Dillon Genesis of Lincoln,Lincoln,NE,68512,722,"Lincoln & Hastings-Kearney, NE",40.7364094,-96.6846163,23.0
2025-05-01,91447,Genesis of Albany,Albany,NY,12205,532,"Albany-Schenectady-Troy, NY",42.7296031,-73.8529553,22.0
2025-05-01,68638,Genesis of Downtown Chicago,Chicago,IL,60616,602,"Chicago, IL",41.8442199,-87.6240557,22.0
2025-05-01,69400,Genesis of Austin,Austin,TX,78745,635,"Austin, TX",30.2097044,-97.7566525,21.0
2025-05-01,70200,Genesis of Chattanooga,Chattanooga,TN,37421,575,"Chattanooga, TN",35.0602866,-85.1922179,20.0
2025-05-01,16023,Genesis of Baton Rouge,Baton Rouge,LA,70809,716,"Baton Rouge, LA",30.3805348,-91.0404825,18.0
2025-05-01,98536,Galpin Genesis of Van Nuys,Los Angeles,CA,91406,803,"Los Angeles, CA",34.2209833,-118.4687863,17.0
2025-05-01,68961,Genesis of Hampton,Hampton,VA,23666,544,"Norfolk-Portsmouth-Newport News,VA",37.0619771,-76.4003949,17.0
2025-05-01,18922,Genesis of Lafayette,Lafayette,IN,47904,582,"Lafayette, IN",40.4192119,-86.8589689,17.0
2025-05-01,49527,Genesis of Urbana,Urbana,IL,61802,648,"Champaign & Springfield-Decatur,IL",40.1386655,-88.1960739,17.0
2025-05-01,69677,Genesis of La Quinta,La Quinta,CA,92253,804,"Palm Springs, CA",33.7072313,-116.2852619,16.0
2025-05-01,69414,Genesis of Olive Branch,Olive Branch,MS,38654,640,"Memphis, TN",34.9790497,-89.8645852,16.0
2025-05-01,70671,Genesis of Owings Mills,Owings Mills,MD,21117,512,"Baltimore, MD",39.43549,-76.800636,16.0
2025-05-01,3536,Genesis of Rockville,North Bethesda,MD,20852,511,"Washington, DC (Hagerstown, MD)",39.0438363,-77.1107675,16.0
2025-05-01,70356,Hampton Genesis,Fort Walton Beach,FL,32548,686,"Mobile, AL-Pensacola (Ft. Walton Beach), FL",30.4123712,-86.6281688,16.0
2025-05-01,69370,Genesis of Northampton,Northampton,MA,01060,543,"Springfield-Holyoke, MA",42.3359481,-72.6356287,15.0
2025-05-01,69498,Genesis of Eastern Shore,Daphne,AL,36526,686,"Mobile, AL-Pensacola (Ft. Walton Beach), FL",30.6607867,-87.8567477,14.0
2025-05-01,8220,Hyundai Of North Charleston,North Charleston,SC,29406,519,"Charleston, SC",32.9612062,-80.0444447,14.0
2025-05-01,9254,Genesis of Bloomington-Normal,Normal,IL,61761,675,"Peoria-Bloomington, IL",40.5165466,-88.9541909,13.0
2025-05-01,3992,Genesis of New Bern,New Bern,NC,28560,545,"Greenville-New Bern-Washington, NC",35.0579658,-77.0170433,12.0
2025-05-01,68812,Genesis of South Knoxville,Alcoa,TN,37701,557,"Knoxville, TN",35.8245636,-83.9755837,12.0
2025-05-01,73047,Genesis of Stevens Creek,Santa Clara,CA,95051,807,"San Francisco-Oakland-San Jose, CA",37.3235793,-121.9800176,11.0
2025-05-01,1691,Genesis of Fairfield,Fairfield,CT,06825,501,"New York, NY",41.1661525,-73.2298512,10.0
2025-05-01,36816,Warner Robins Chrysler Dodge Jeep Ram FIAT,Warner Robins,GA,31093,503,"Macon, GA",32.6175306,-83.6790543,10.0
2025-05-01,68698,GENESIS OF BAYSIDE,Queens,NY,11361,501,"New York, NY",40.7573441,-73.7811612,9.0
2025-05-01,99924,Genesis of Avon,Simsbury,CT,06092,533,"Hartford & New Haven, CT",41.8203914,-72.8690454,9.0
2025-05-01,71271,Genesis of Cartersville,Cartersville,GA,30120,524,"Atlanta, GA",34.1915656,-84.7876903,9.0
2025-05-01,60611,Genesis of Huntsville,Huntsville,AL,35816,691,"Huntsville-Decatur (Florence), AL",34.7342382,-86.6214927,9.0
2025-05-01,69701,Genesis of Victorville,Victorville,CA,92392,803,"Los Angeles, CA",34.5060794,-117.3405032,9.0
2025-05-01,9692,Hyundai of La Quinta,La Quinta,CA,92253,804,"Palm Springs, CA",33.7072313,-116.2852619,8.0
2025-05-01,648,Genesis of Calumet City,Calumet City,IL,60409,602,"Chicago, IL",41.6004518,-87.5734156,7.0
2025-05-01,54,Genesis of Gaithersburg,Gaithersburg,MD,20879,511,"Washington, DC (Hagerstown, MD)",39.1581897,-77.2157235,7.0
2025-05-01,69375,Genesis of Hilton Head,Bluffton,SC,29910,507,"Savannah, GA",32.2898537,-80.9132918,7.0
2025-05-01,83639,Napleton Maserati of Indianapolis,Indianapolis,IN,46240,527,"Indianapolis, IN",39.9276857,-86.0978814,7.0
2025-05-01,71242,Edwards Kia,Council Bluffs,IA,51501,652,"Omaha, NE",41.2222637,-95.8507804,6.0
2025-05-01,61156,Genesis of Mattoon,Mattoon,IL,61938,648,"Champaign & Springfield-Decatur,IL",39.4823346,-88.3786268,6.0
2025-05-01,3152,Genesis of St. Cloud,Waite Park,MN,56387,613,"Minneapolis-St. Paul, MN",45.5485676,-94.2285831,6.0
2025-05-01,99729,Stoler Chevrolet Buick,Owings Mills,MD,21117,512,"Baltimore, MD",39.4371908,-76.7993264,6.0
2025-05-01,4360,Paramount Hyundai Hickory,Hickory,NC,28602,517,"Charlotte, NC",35.715088,-81.3379676,5.0
2025-05-01,61897,Genesis of Council Bluffs,Council Bluffs,IA,51501,652,"Omaha, NE",41.2276401,-95.8594545,4.0
2025-05-01,71629,Genesis of Auburn,Auburn,MA,01501,506,"Boston, MA-Manchester, NH",42.1825552,-71.8630505,3.0
2025-05-01,8135,Joe Machens Hyundai,Columbia,MO,65202,604,"Columbia-Jefferson City, MO",38.971532,-92.3342914,3.0
2025-05-01,10755,South Point Hyundai,Austin,TX,78745,635,"Austin, TX",30.2097091,-97.7566541,3.0
2025-05-01,8670,Southtowne Hyundai of Riverdale,Riverdale,GA,30274,524,"Atlanta, GA",33.5455345,-84.4164445,3.0
2025-05-01,75561,BMW of West St Louis,Manchester,MO,63011,609,"St. Louis, MO",38.5938191,-90.5172172,2.0
2025-05-01,891,Five Star Chevrolet,Warner Robins,GA,31093,503,"Macon, GA",32.6181243,-83.6038649,2.0
2025-05-01,100501,Genesis Macon,Macon,GA,31210,503,"Macon, GA",32.8866204,-83.675043,2.0
2025-05-01,84406,Genesis at Long of Chattanooga,Chattanooga,TN,37421,575,"Chattanooga, TN",35.059805,-85.190767,2.0
2025-05-01,98745,Genesis of Danvers,Danvers,MA,01923,506,"Boston, MA-Manchester, NH",42.5595013,-70.9786915,2.0
2025-05-01,100529,Genesis of San Diego,San Diego,CA,92111,825,"San Diego, CA",32.8306319,-117.1434333,2.0
2025-05-01,2929,Gurley Leep Hyundai,Mishawaka,IN,46545,588,"South Bend-Elkhart, IN",41.7085345,-86.1860372,2.0
2025-05-01,25780,Kentson Car Company,Bountiful,UT,84010,770,"Salt Lake City, UT",40.862791,-111.8925406,2.0
2025-05-01,7311,Stevens Creek Hyundai,Santa Clara,CA,95051,807,"San Francisco-Oakland-San Jose, CA",37.3235793,-121.9800176,2.0
2025-05-01,64039,Suntrup Hyundai South,St. Louis,MO,63123,609,"St. Louis, MO",38.521476,-90.3450902,2.0
2025-05-01,3745,Vandergriff Hyundai,Arlington,TX,76017,623,"Dallas-Ft. Worth, TX",32.6758213,-97.1247183,2.0
2025-05-01,69443,eCarOne,Plano,TX,75093,623,"Dallas-Ft. Worth, TX",33.0152705,-96.7767928,2.0
2025-05-01,36624,ALM Kia South,Union City,GA,30291,524,"Atlanta, GA",33.5659217,-84.5273459,1.0
2025-05-01,60974,Audi Montgomery,Montgomery,AL,36117,698,"Montgomery (Selma), AL",32.3757044,-86.2084007,1.0
2025-05-01,13821,Audi North Shore,Brown Deer,WI,53223,617,"Milwaukee, WI",43.1791437,-87.9669639,1.0
2025-05-01,52973,Automotive Avenues,Wall Township,NJ,07727,501,"New York, NY",40.2194934,-74.1304189,1.0
2025-05-01,2126,BMW Northwest,Fife,WA,98424,819,"Seattle-Tacoma, WA",47.2395722,-122.374543,1.0
2025-05-01,61741,Burns Buick GMC,Evesham,NJ,08053,504,"Philadelphia, PA",39.8944583,-74.9371349,1.0
2025-05-01,11903,Cadillac Pasadena,Pasadena,CA,91107,803,"Los Angeles, CA",34.1465853,-118.0788768,1.0
2025-05-01,74653,CarMax Bakersfield,Bakersfield,CA,93307,800,"Bakersfield, CA",35.2931773,-119.0284246,1.0
2025-05-01,74686,CarMax Huntsville,Huntsville,AL,35806,691,"Huntsville-Decatur (Florence), AL",34.7474179,-86.6847145,1.0
2025-05-01,74931,CarMax Independence Boulevard,Charlotte,NC,28227,517,"Charlotte, NC",35.1598534,-80.7341335,1.0
2025-05-01,74511,Covert Cadillac Bee Cave,Austin,TX,78738,635,"Austin, TX",30.3158871,-98.0035468,1.0
2025-05-01,70876,Doral Genesis,Doral,FL,33172,528,"Miami-Ft. Lauderdale, FL",25.7843093,-80.3669404,1.0
2025-05-01,80993,Driveline Used Cars of Murrieta,Murrieta,CA,92562,803,"Los Angeles, CA",33.5292134,-117.1733988,1.0
2025-05-01,15434,Folsom Lake Ford,Folsom,CA,95630,862,"Sacramento-Stockton-Modesto, CA",38.6346917,-121.2046807,1.0
2025-05-01,74793,GRUBBS INFINITI,Grapevine,TX,76051,623,"Dallas-Ft. Worth, TX",32.9211511,-97.0630654,1.0
2025-05-01,13492,Genesis of Brunswick,Brunswick,GA,31525,561,"Jacksonville, FL",31.2072117,-81.4811899,1.0
2025-05-01,69409,Genesis of Richmond,Richmond,CA,94806,807,"San Francisco-Oakland-San Jose, CA",37.9857273,-122.3202802,1.0
2025-05-01,17363,Greentree Toyota,Brookfield,CT,06804,501,"New York, NY",41.4247664,-73.4190955,1.0
2025-05-01,6495,Huffines Kia McKinney,McKinney,TX,75070,623,"Dallas-Ft. Worth, TX",33.2074424,-96.6396958,1.0
2025-05-01,70729,Hyundai of New Bern,New Bern,NC,28560,545,"Greenville-New Bern-Washington, NC",35.0579658,-77.0170433,1.0
2025-05-01,7426,Lee Johnson Hyundai of Everett,Everett,WA,98203,819,"Seattle-Tacoma, WA",47.9485733,-122.2155506,1.0
2025-05-01,9202,Lexus of Memphis,Memphis,TN,38119,640,"Memphis, TN",35.0762404,-89.8583994,1.0
2025-05-01,55909,Lucchetti's Complete Auto Center,Marshfield,MA,02050,506,"Boston, MA-Manchester, NH",42.1063389,-70.7430958,1.0
2025-05-01,60374,Maple Hill Volvo Cars,Kalamazoo,MI,49009,563,"Grand Rapids-Kalamazoo-Battle Creek, MI",42.2973176,-85.6584469,1.0
2025-05-01,25370,Midlands Toyota,Columbia,SC,29203,546,"Columbia, SC",34.1282887,-80.9599501,1.0
2025-05-01,86,Modern Hyundai of Concord,Concord,NC,28027,517,"Charlotte, NC",35.3923062,-80.6217194,1.0
2025-05-01,71047,Napleton Hyundai,Hazelwood,MO,63042,609,"St. Louis, MO",38.7811015,-90.3650463,1.0
2025-05-01,42529,Rick Case Hyundai Ft. Lauderdale,Plantation,FL,33317,528,"Miami-Ft. Lauderdale, FL",26.1351086,-80.2031534,1.0
2025-05-01,57993,Roseville Kia,Roseville,CA,95661,862,"Sacramento-Stockton-Modesto, CA",38.7524054,-121.2603762,1.0
2025-05-01,56306,Route 17 Mitsubishi,Ramsey,NJ,07446,501,"New York, NY",41.0724998,-74.1420132,1.0
2025-05-01,42568,Southern States Mazda,Raleigh,NC,27609,560,"Raleigh-Durham (Fayetteville), NC",35.8170413,-78.6260002,1.0
2025-05-01,26026,Stokes Hodges Kia,Beech Island,SC,29842,520,"Augusta, GA",33.4864489,-81.9268356,1.0
2025-05-01,8604,Suntrup Kia South,St. Louis,MO,63123,609,"St. Louis, MO",38.5160485,-90.3441408,1.0
2025-05-01,2107,Suntrup Nissan,St. Louis,MO,63123,609,"St. Louis, MO",38.5208643,-90.3438767,1.0
2025-05-01,5357,Suntrup Volkswagen,St. Louis,MO,63123,609,"St. Louis, MO",38.5208039,-90.3432543,1.0
2025-05-01,69397,Tom Bell Chevrolet,Redlands,CA,92374,803,"Los Angeles, CA",34.0637996,-117.2078979,1.0
2025-05-01,30195,Wilde Honda,Waukesha,WI,53186,617,"Milwaukee, WI",43.0251475,-88.201983,1.0
2025-05-01,9592,Burns Hyundai,Evesham,NJ,08053,504,"Philadelphia, PA",39.8945897,-74.9382479,0.0
2025-05-01,70476,Genesis of Escondido,Escondido,CA,92029,825,"San Diego, CA",33.1150272,-117.1049655,0.0
2025-05-01,100307,Genesis of Mountain View,Mountain View,CA,94040,807,"San Francisco-Oakland-San Jose, CA",37.4048603,-122.1093955,0.0
2025-05-01,73001,West Houston Hyundai,Houston,TX,77094,618,"Houston, TX",29.7842958,-95.6736241,0.0
2025-06-01,61186,Braman Genesis,Miami,FL,33137,528,"Miami-Ft. Lauderdale, FL",25.7954893,-80.1910373,607.0
2025-06-01,73396,Genesis of Cherry Hill,Evesham,NJ,08053,504,"Philadelphia, PA",39.8831146,-74.9226358,395.0
2025-06-01,7006,Genesis of Atlanta,Atlanta,GA,30341,524,"Atlanta, GA",33.9080158,-84.2909986,331.0
2025-06-01,73840,Genesis of Braintree,Quincy,MA,02169,506,"Boston, MA-Manchester, NH",42.2364548,-70.9785026,298.0
2025-06-01,72517,Genesis of Loma Linda,Ontario,CA,91764,803,"Los Angeles, CA",34.0699402,-117.6059991,290.0
2025-06-01,62585,Genesis of the North Shore,Hicksville,NY,11801,501,"New York, NY",40.7702089,-73.5027249,268.0
2025-06-01,29179,Genesis of White Plains,White Plains,NY,10606,501,"New York, NY",41.0350081,-73.7836873,257.0
2025-06-01,69264,Genesis of Naples,Naples,FL,34109,571,"Ft. Myers-Naples, FL",26.2279083,-81.7660554,242.0
2025-06-01,7692,Genesis of The South Shore,West Islip,NY,11795,501,"New York, NY",40.7207062,-73.3044797,234.0
2025-06-01,62609,Norm Reeves Genesis of Cerritos,Cerritos,CA,90703,803,"Los Angeles, CA",33.8662378,-118.1015234,231.0
2025-06-01,6767,Tuttle-Click Genesis,Irvine,CA,92618,803,"Los Angeles, CA",33.6342181,-117.7233823,228.0
2025-06-01,72673,Earnhardt Genesis North Scottsdale,Scottsdale,AZ,85260,753,"Phoenix, AZ",33.631299,-111.8982196,226.0
2025-06-01,9001,Genesis of Chandler,Chandler,AZ,85286,753,"Phoenix, AZ",33.2846933,-111.7910889,222.0
2025-06-01,70287,Genesis of St. Charles,St. Peters,MO,63376,609,"St. Louis, MO",38.7975346,-90.5978187,222.0
2025-06-01,52440,Genesis of Mentor,Mentor,OH,44060,510,"Cleveland-Akron (Canton), OH",41.6834521,-81.3348422,215.0
2025-06-01,69118,Hudson Hyundai,Jersey City,NJ,07304,501,"New York, NY",40.7234737,-74.0888952,201.0
2025-06-01,68783,Coconut Creek Genesis,Coconut Creek,FL,33073,528,"Miami-Ft. Lauderdale, FL",26.2914037,-80.2009677,200.0
2025-06-01,57353,Jenkins Genesis of North East Jacksonville,Jacksonville,FL,32225,561,"Jacksonville, FL",30.3253588,-81.5105439,195.0
2025-06-01,94818,Genesis of Milwaukee,Waukesha,WI,53186,617,"Milwaukee, WI",43.0244944,-88.2038863,193.0
2025-06-01,3156,Genesis of Schaumburg,Schaumburg,IL,60173,602,"Chicago, IL",42.0509027,-88.053118,192.0
2025-06-01,73041,Gettel Genesis of Sarasota,Sarasota,FL,34233,539,"Tampa-St Petersburg (Sarasota), FL",27.2695206,-82.4746827,189.0
2025-06-01,62581,Genesis Santa Monica,Santa Monica,CA,90404,803,"Los Angeles, CA",34.03227,-118.4751279,188.0
2025-06-01,66836,Genesis of Peoria,Peoria,AZ,85382,753,"Phoenix, AZ",33.6372458,-112.2451079,185.0
2025-06-01,9004,Genesis of Littleton,Englewood,CO,80113,751,"Denver, CO",39.6200977,-104.9885845,179.0
2025-06-01,74040,Genesis of San Bruno,San Bruno,CA,94066,807,"San Francisco-Oakland-San Jose, CA",37.6372585,-122.419091,167.0
2025-06-01,3102,Genesis of Alexandria,Alexandria,VA,22301,511,"Washington, DC (Hagerstown, MD)",38.8213866,-77.0576309,164.0
2025-06-01,73893,Genesis of Brunswick,South Brunswick Township,NJ,08852,501,"New York, NY",40.4111541,-74.5423003,160.0
2025-06-01,96938,Genesis of North Cincinnati,Cincinnati,OH,45249,515,"Cincinnati, OH",39.2926575,-84.3036044,159.0
2025-06-01,28092,Genesis of Las Vegas,Las Vegas,NV,89117,839,"Las Vegas, NV",36.1449418,-115.2489832,157.0
2025-06-01,73389,Genesis of Freehold,Freehold,NJ,07728,501,"New York, NY",40.2641336,-74.2924834,155.0
2025-06-01,69823,Genesis Of Charleston,Charleston,SC,29414,519,"Charleston, SC",32.7982545,-80.0859341,154.0
2025-06-01,93460,Genesis of Portland,Portland,OR,97225,820,"Portland, OR",45.4962782,-122.7698208,150.0
2025-06-01,53667,Genesis Of Cumming,Cumming,GA,30041,524,"Atlanta, GA",34.1439728,-84.1730152,149.0
2025-06-01,73379,Genesis of Milford,Milford,CT,06460,533,"Hartford & New Haven, CT",41.2076083,-73.0884209,147.0
2025-06-01,26003,Genesis of Elgin,Elgin,IL,60120,602,"Chicago, IL",42.0317119,-88.2445971,145.0
2025-06-01,64605,Genesis of South Bay,Torrance,CA,90505,803,"Los Angeles, CA",33.7991718,-118.3411724,145.0
2025-06-01,72010,Genesis of Charlotte,Charlotte,NC,28227,517,"Charlotte, NC",35.1428872,-80.7216186,144.0
2025-06-01,71490,Genesis of West Houston,Houston,TX,77094,618,"Houston, TX",29.7836158,-95.673582,143.0
2025-06-01,72695,Rick Case Genesis,Plantation,FL,33317,528,"Miami-Ft. Lauderdale, FL",26.1351086,-80.2031534,142.0
2025-06-01,2734,Genesis of Carmel,Indianapolis,IN,46240,527,"Indianapolis, IN",39.9293455,-86.0966346,140.0
2025-06-01,57975,Genesis of Kennesaw,Kennesaw,GA,30144,524,"Atlanta, GA",34.0233261,-84.5734338,140.0
2025-06-01,10409,Genesis of Southwest Houston,Houston,TX,77074,618,"Houston, TX",29.6691333,-95.5474174,139.0
2025-06-01,61326,Genesis of Denville,Denville,NJ,07834,501,"New York, NY",40.8681668,-74.5137571,133.0
2025-06-01,70074,Genesis of Fort Myers,Fort Myers,FL,33907,571,"Ft. Myers-Naples, FL",26.596538,-81.8605256,132.0
2025-06-01,73682,Wallace Genesis,Stuart,FL,34997,548,"West Palm Beach-Ft. Pierce, FL",27.1605832,-80.2229084,132.0
2025-06-01,67653,Genesis of Corona,Corona,CA,92882,803,"Los Angeles, CA",33.882918,-117.6138489,130.0
2025-06-01,65747,Genesis Of Clear Lake,Webster,TX,77598,618,"Houston, TX",29.5340161,-95.13376,127.0
2025-06-01,69062,Genesis of Lindon,Lindon,UT,84042,770,"Salt Lake City, UT",40.3293405,-111.7338433,127.0
2025-06-01,98536,Galpin Genesis of Van Nuys,Los Angeles,CA,91406,803,"Los Angeles, CA",34.2209833,-118.4687863,124.0
2025-06-01,71992,Genesis of Brooklyn,Brooklyn,NY,11232,501,"New York, NY",40.6571085,-74.014405,124.0
2025-06-01,71052,Lakeland Genesis,Lakeland,FL,33815,539,"Tampa-St Petersburg (Sarasota), FL",28.054301,-81.9758413,124.0
2025-06-01,4349,Jenkins Genesis of Leesburg,Leesburg,FL,34788,534,"Orlando-Daytona Beach-Melbourne, FL",28.8228437,-81.7874886,123.0
2025-06-01,4919,Genesis of North Aurora,North Aurora,IL,60542,602,"Chicago, IL",41.80082,-88.3739138,122.0
2025-06-01,3566,Genesis of Highland Park,Highland Park,IL,60035,602,"Chicago, IL",42.1609423,-87.8081446,121.0
2025-06-01,6996,Genesis of Lafayette,Lafayette,LA,70506,642,"Lafayette, LA",30.1552098,-92.0910284,121.0
2025-06-01,94705,Genesis of Ridgefield,Norwalk,CT,06851,501,"New York, NY",41.1261307,-73.4233158,118.0
2025-06-01,10212,Genesis of Edmond,Edmond,OK,73013,650,"Oklahoma City, OK",35.6128747,-97.4967472,116.0
2025-06-01,61240,Genesis of Palm Springs,Palm Springs,CA,92264,804,"Palm Springs, CA",33.7945577,-116.5032881,115.0
2025-06-01,71985,Genesis of Columbus,Columbus,OH,43230,535,"Columbus, OH",40.0598318,-82.9433206,112.0
2025-06-01,68840,Genesis of Golden,Golden,CO,80401,751,"Denver, CO",39.730479,-105.1754951,111.0
2025-06-01,69570,Genesis of Cary,Cary,NC,27511,560,"Raleigh-Durham (Fayetteville), NC",35.7384809,-78.8093998,109.0
2025-06-01,2525,Genesis of Cool Springs,Franklin,TN,37067,659,"Nashville, TN",35.9580609,-86.8090467,109.0
2025-06-01,96075,Genesis of Smithtown,Saint James,NY,11780,501,"New York, NY",40.861595,-73.159573,109.0
2025-06-01,94375,Castle Genesis of Downers Grove,Oakbrook Terrace,IL,60181,602,"Chicago, IL",41.8582742,-87.9545485,107.0
2025-06-01,4899,Genesis of Conway,Conway,AR,72032,693,"Little Rock-Pine Bluff, AR",35.093494,-92.421864,106.0
2025-06-01,17853,Genesis of Winston-Salem,Winston-Salem,NC,27127,518,"Greensboro-High Point-Winston Salem, NC",36.0674142,-80.2606633,106.0
2025-06-01,1130,Genesis of Kirkland,Kirkland,WA,98034,819,"Seattle-Tacoma, WA",47.7072771,-122.1748634,105.0
2025-06-01,70631,Genesis of Lake Norman,Cornelius,NC,28031,517,"Charlotte, NC",35.467345,-80.872696,104.0
2025-06-01,69032,Genesis Of NW San Antonio,Boerne,TX,78006,641,"San Antonio, TX",29.6844593,-98.6411438,103.0
2025-06-01,69382,Genesis of West Chester,West Chester,PA,19382,504,"Philadelphia, PA",39.9023291,-75.5655602,102.0
2025-06-01,8533,Genesis North Orlando,Winter Park,FL,32789,534,"Orlando-Daytona Beach-Melbourne, FL",28.6088331,-81.3648614,101.0
2025-06-01,4457,Genesis of Spring,Spring,TX,77373,618,"Houston, TX",30.0627988,-95.4322263,99.0
2025-06-01,61217,Genesis of Weatherford,Hudson Oaks,TX,76087,623,"Dallas-Ft. Worth, TX",32.7558051,-97.6929673,98.0
2025-06-01,12986,Genesis of Buffalo,Williamsville,NY,14221,514,"Buffalo, NY",42.960953,-78.691081,97.0
2025-06-01,72126,Genesis of Ocala,Ocala,FL,34471,534,"Orlando-Daytona Beach-Melbourne, FL",29.1773171,-82.1519073,96.0
2025-06-01,69670,Rick Case Genesis Davie,Davie,FL,33331,528,"Miami-Ft. Lauderdale, FL",26.0758729,-80.3619504,95.0
2025-06-01,71661,Allen Turner Genesis,Pensacola,FL,32505,686,"Mobile, AL-Pensacola (Ft. Walton Beach), FL",30.4750621,-87.247943,94.0
2025-06-01,73795,Crown Genesis,St. Petersburg,FL,33714,539,"Tampa-St Petersburg (Sarasota), FL",27.8204635,-82.6786673,94.0
2025-06-01,4941,Genesis of Conshohocken,Conshohocken,PA,19428,504,"Philadelphia, PA",40.1028837,-75.3064312,94.0
2025-06-01,68973,Genesis of Dublin,Dublin,CA,94568,807,"San Francisco-Oakland-San Jose, CA",37.7027037,-121.9030039,92.0
2025-06-01,96441,Genesis of Rocklin,Rocklin,CA,95677,862,"Sacramento-Stockton-Modesto, CA",38.7952904,-121.2164042,92.0
2025-06-01,70052,Norm Reeves Genesis of Irving,Irving,TX,75062,623,"Dallas-Ft. Worth, TX",32.8360367,-96.921086,91.0
2025-06-01,2584,Genesis Of Norman,Norman,OK,73069,650,"Oklahoma City, OK",35.2248696,-97.4845549,90.0
2025-06-01,9164,Genesis of Kearny Mesa,San Diego,CA,92111,825,"San Diego, CA",32.82812,-117.1528769,90.0
2025-06-01,1531,Genesis of Manchester,Bedford,NH,03110,506,"Boston, MA-Manchester, NH",42.944374,-71.472789,90.0
2025-06-01,94567,Genesis of Kansas City,Overland Park,KS,66204,616,"Kansas City, MO",38.9882713,-94.6681597,89.0
2025-06-01,73680,Genesis of Wayne,Wayne,NJ,07470,501,"New York, NY",40.948967,-74.276307,87.0
2025-06-01,64426,Genesis of Algonquin,Algonquin,IL,60102,602,"Chicago, IL",42.1629985,-88.3344476,86.0
2025-06-01,70835,Genesis of Tulsa,Tulsa,OK,74133,671,"Tulsa, OK",36.022119,-95.8852819,85.0
2025-06-01,61239,Genesis of Central Florida,Clermont,FL,34711,534,"Orlando-Daytona Beach-Melbourne, FL",28.5478492,-81.6689649,83.0
2025-06-01,1393,Genesis of Plano,Plano,TX,75093,623,"Dallas-Ft. Worth, TX",33.0102218,-96.7668456,82.0
2025-06-01,64003,Genesis of Bel Air,Fallston,MD,21047,512,"Baltimore, MD",39.5065574,-76.3858171,81.0
2025-06-01,70093,Genesis of Merrillville,Merrillville,IN,46410,602,"Chicago, IL",41.4717832,-87.3480253,80.0
2025-06-01,73042,Gettel Genesis of Lakewood,Bradenton,FL,34208,539,"Tampa-St Petersburg (Sarasota), FL",27.4953171,-82.4871204,80.0
2025-06-01,11303,Genesis of Appleton,Appleton,WI,54913,658,"Green Bay-Appleton, WI",44.2887964,-88.4759736,79.0
2025-06-01,62587,Genesis of Aurora,Aurora,IL,60504,602,"Chicago, IL",41.7515762,-88.213844,79.0
2025-06-01,67536,Genesis of Omaha,Omaha,NE,68118,652,"Omaha, NE",41.2639237,-96.1858719,79.0
2025-06-01,36300,Delray Genesis,Delray Beach,FL,33483,548,"West Palm Beach-Ft. Pierce, FL",26.4720932,-80.0668508,76.0
2025-06-01,68256,Genesis of Lexington,Lexington,KY,40509,541,"Lexington, KY",37.9960356,-84.441848,76.0
2025-06-01,70624,Genesis of Noblesville,Noblesville,IN,46060,527,"Indianapolis, IN",40.0446534,-85.9936143,76.0
2025-06-01,70290,Genesis of Greer,Greer,SC,29651,567,"Greenville-Spartanburg, SC-Asheville, NC-Anderson, SC",34.949924,-82.198468,75.0
2025-06-01,36882,Genesis of Virginia Beach,Virginia Beach,VA,23452,544,"Norfolk-Portsmouth-Newport News,VA",36.8356924,-76.0987758,75.0
2025-06-01,67498,Genesis of West Palm Beach,West Palm Beach,FL,33409,548,"West Palm Beach-Ft. Pierce, FL",26.7072233,-80.0873646,75.0
2025-06-01,71974,Genesis of Columbia,Columbia,SC,29203,546,"Columbia, SC",34.1430845,-80.9485594,73.0
2025-06-01,9171,Genesis of Longview,Longview,TX,75605,709,"Tyler-Longview(Lufkin & Nacogdoches), TX",32.5633713,-94.7310184,71.0
2025-06-01,61277,Genesis of New Hudson,New Hudson,MI,48165,505,"Detroit, MI",42.5161168,-83.609054,69.0
2025-06-01,1250,Genesis of New Orleans,Metairie,LA,70003,622,"New Orleans, LA",30.0058423,-90.2210481,67.0
2025-06-01,67522,Genesis of Wexford,Wexford,PA,15090,508,"Pittsburgh, PA",40.6143612,-80.0568103,65.0
2025-06-01,9254,Genesis of Bloomington-Normal,Normal,IL,61761,675,"Peoria-Bloomington, IL",40.5165466,-88.9541909,64.0
2025-06-01,10916,Genesis of Louisville,Jeffersontown,KY,40299,529,"Louisville, KY",38.2125896,-85.5378392,64.0
2025-06-01,70696,Genesis of Round Rock,Round Rock,TX,78665,635,"Austin, TX",30.5322484,-97.6891408,62.0
2025-06-01,68945,Genesis of San Antonio East,San Antonio,TX,78233,641,"San Antonio, TX",29.5452956,-98.3688609,62.0
2025-06-01,67535,Genesis of Wolfchase,Memphis,TN,38133,640,"Memphis, TN",35.2032351,-89.8071642,62.0
2025-06-01,69980,Genesis of Minneapolis,Golden Valley,MN,55426,613,"Minneapolis-St. Paul, MN",44.9724585,-93.3935748,60.0
2025-06-01,2157,Genesis of Suitland,Bowie,MD,20716,511,"Washington, DC (Hagerstown, MD)",38.9227402,-76.7179222,60.0
2025-06-01,69102,Orlando Genesis,Orlando,FL,32808,534,"Orlando-Daytona Beach-Melbourne, FL",28.5521196,-81.4309809,60.0
2025-06-01,61284,Genesis of Springfield,Springfield,VA,22150,511,"Washington, DC (Hagerstown, MD)",38.7503466,-77.1828597,59.0
2025-06-01,64037,Universal Genesis,Orlando,FL,32837,534,"Orlando-Daytona Beach-Melbourne, FL",28.3794594,-81.4033691,58.0
2025-06-01,72341,Genesis of Auburn,Auburn,AL,36830,522,"Columbus, GA",32.6179594,-85.4635689,57.0
2025-06-01,91019,Genesis of Hickory,Hickory,NC,28602,517,"Charlotte, NC",35.7151389,-81.3379647,55.0
2025-06-01,8386,Genesis of Huntington,Huntington,NY,11743,501,"New York, NY",40.8332861,-73.3617156,55.0
2025-06-01,73383,Genesis of Newnan,Newnan,GA,30263,524,"Atlanta, GA",33.3980326,-84.751469,55.0
2025-06-01,69883,Genesis of North Plainfield,North Plainfield,NJ,07060,501,"New York, NY",40.6165806,-74.4551273,55.0
2025-06-01,81842,Genesis of West Warwick,West Warwick,RI,02893,521,"Providence, RI-New Bedford, MA",41.684535,-71.5014056,55.0
2025-06-01,97787,Genesis Montgomery,Montgomery,AL,36106,698,"Montgomery (Selma), AL",32.3606235,-86.2242999,53.0
2025-06-01,4571,Genesis of Nashua,Nashua,NH,03060,506,"Boston, MA-Manchester, NH",42.7272329,-71.4464946,53.0
2025-06-01,69737,Genesis of Richmond,Bon Air,VA,23235,556,"Richmond-Petersburg, VA",37.5013145,-77.5717929,53.0
2025-06-01,8947,Genesis of Wichita,Wichita,KS,67206,678,"Wichita-Hutchinson, KS",37.7055104,-97.2084739,53.0
2025-06-01,71564,Clay Cooley Genesis of Mesquite,Mesquite,TX,75150,623,"Dallas-Ft. Worth, TX",32.8336891,-96.6306212,52.0
2025-06-01,73353,Genesis of Annapolis,Annapolis,MD,21401,512,"Baltimore, MD",38.976603,-76.5095064,52.0
2025-06-01,61196,Genesis of Arlington,Arlington,MA,02476,506,"Boston, MA-Manchester, NH",42.4232377,-71.1738841,52.0
2025-06-01,2511,Genesis of Clearwater,Clearwater,FL,33761,539,"Tampa-St Petersburg (Sarasota), FL",28.0222085,-82.7380372,52.0
2025-06-01,61459,Genesis of Augusta,Augusta,GA,30907,520,"Augusta, GA",33.5157506,-82.0641493,51.0
2025-06-01,70573,Genesis of Gwinnett,Duluth,GA,30096,524,"Atlanta, GA",33.9606012,-84.1164625,51.0
2025-06-01,61567,Genesis of Monroeville,Monroeville,PA,15146,508,"Pittsburgh, PA",40.4308948,-79.7170895,51.0
2025-06-01,9594,Genesis of Orange Park,Jacksonville,FL,32244,561,"Jacksonville, FL",30.2100757,-81.7391104,51.0
2025-06-01,69447,King Genesis,Deerfield Beach,FL,33441,528,"Miami-Ft. Lauderdale, FL",26.29967,-80.0946749,51.0
2025-06-01,5334,Genesis of Fayetteville,Fayetteville,NC,28314,560,"Raleigh-Durham (Fayetteville), NC",35.0630371,-78.9696547,50.0
2025-06-01,2687,Genesis of Parma,Parma,OH,44129,510,"Cleveland-Akron (Canton), OH",41.4180454,-81.7339114,48.0
2025-06-01,7375,Genesis of Bedford,Bedford,OH,44146,510,"Cleveland-Akron (Canton), OH",41.4061393,-81.5482726,47.0
2025-06-01,83168,Genesis of Framingham,Framingham,MA,01702,506,"Boston, MA-Manchester, NH",42.2974046,-71.417428,47.0
2025-06-01,4844,Genesis of Miami Lakes,Miami Lakes,FL,33014,528,"Miami-Ft. Lauderdale, FL",25.9235071,-80.3016669,47.0
2025-06-01,73397,Genesis of Daytona Beach,Daytona Beach,FL,32117,534,"Orlando-Daytona Beach-Melbourne, FL",29.2235952,-81.0481335,46.0
2025-06-01,71829,Genesis of Chantilly,Chantilly,VA,20151,511,"Washington, DC (Hagerstown, MD)",38.903778,-77.4621301,45.0
2025-06-01,72712,Genesis of Roswell,Roswell,GA,30076,524,"Atlanta, GA",34.056201,-84.32906,45.0
2025-06-01,52776,Genesis Of Macomb,Macomb,MI,48044,505,"Detroit, MI",42.6294783,-82.9318824,43.0
2025-06-01,10129,Genesis of Covington,Covington,LA,70433,622,"New Orleans, LA",30.4321,-90.0886416,43.0
2025-06-01,73481,Genesis of Kalamazoo,Kalamazoo,MI,49009,563,"Grand Rapids-Kalamazoo-Battle Creek, MI",42.2973176,-85.6584469,43.0
2025-06-01,9530,Genesis of Brunswick,Brunswick,OH,44212,510,"Cleveland-Akron (Canton), OH",41.2391403,-81.7926475,42.0
2025-06-01,6832,Genesis of Denton,Denton,TX,76210,623,"Dallas-Ft. Worth, TX",33.1691755,-97.0819556,42.0
2025-06-01,69018,Genesis of Hickory Hollow,Nashville,TN,37211,659,"Nashville, TN",36.0456523,-86.7012321,41.0
2025-06-01,65171,Genesis of Selma,Selma,CA,93662,866,"Fresno-Visalia, CA",36.5705206,-119.6297571,41.0
2025-06-01,61112,Homestead Genesis,Homestead,FL,33030,528,"Miami-Ft. Lauderdale, FL",25.4674062,-80.472177,41.0
2025-06-01,61515,Genesis Of Madison,Madison,WI,53713,669,"Madison, WI",43.0341872,-89.4116586,39.0
2025-06-01,12744,Genesis of Ballwin,Ballwin,MO,63011,609,"St. Louis, MO",38.5925561,-90.5337953,39.0
2025-06-01,72197,Genesis of Doylestown,Doylestown,PA,18902,504,"Philadelphia, PA",40.3335783,-75.1370158,39.0
2025-06-01,71500,Genesis of Waterloo,Waterloo,IA,50702,637,"Cedar Rapids-Waterloo-Iowa City & Dubuque, IA",42.4906379,-92.3401956,39.0
2025-06-01,68961,Genesis of Hampton,Hampton,VA,23666,544,"Norfolk-Portsmouth-Newport News,VA",37.0619771,-76.4003949,38.0
2025-06-01,66747,Genesis Of Southfield,Southfield,MI,48034,505,"Detroit, MI",42.4941876,-83.2830437,36.0
2025-06-01,5541,Genesis Glenview,Glenview,IL,60026,602,"Chicago, IL",42.1061877,-87.8216753,34.0
2025-06-01,61127,Genesis of Hattiesburg,Hattiesburg,MS,39402,710,"Hattiesburg-Laurel, MS",31.3166979,-89.407095,34.0
2025-06-01,3110,Genesis of South St. Louis County,St. Louis,MO,63123,609,"St. Louis, MO",38.521476,-90.3450902,34.0
2025-06-01,73375,Genesis of Melbourne,Melbourne,FL,32901,534,"Orlando-Daytona Beach-Melbourne, FL",28.0781199,-80.6372008,33.0
2025-06-01,64724,Genesis of Groveport,Groveport,OH,43125,535,"Columbus, OH",39.8895794,-82.8876146,32.0
2025-06-01,73395,Genesis of Union City,Riverdale,GA,30274,524,"Atlanta, GA",33.5645576,-84.4132949,31.0
2025-06-01,67547,Genesis of Ogden,Ogden,UT,84401,770,"Salt Lake City, UT",41.2030548,-111.9799594,30.0
2025-06-01,69757,Genesis of Wilkes-Barre,Wilkes-Barre,PA,18702,577,"Wilkes Barre-Scranton, PA",41.2549421,-75.8381435,30.0
2025-06-01,72560,Genesis of West Knoxville,Knoxville,TN,37923,557,"Knoxville, TN",35.9181977,-84.0733877,29.0
2025-06-01,71909,Napleton's North Palm Hyundai,Lake Park,FL,33403,548,"West Palm Beach-Ft. Pierce, FL",26.809389,-80.0935379,28.0
2025-06-01,8750,Sid Dillon Genesis of Lincoln,Lincoln,NE,68512,722,"Lincoln & Hastings-Kearney, NE",40.7364094,-96.6846163,28.0
2025-06-01,70671,Genesis of Owings Mills,Owings Mills,MD,21117,512,"Baltimore, MD",39.43549,-76.800636,27.0
2025-06-01,68812,Genesis of South Knoxville,Alcoa,TN,37701,557,"Knoxville, TN",35.8245636,-83.9755837,27.0
2025-06-01,16023,Genesis of Baton Rouge,Baton Rouge,LA,70809,716,"Baton Rouge, LA",30.3805348,-91.0404825,26.0
2025-06-01,69931,Genesis of Commerce,West Bloomfield Township,MI,48322,505,"Detroit, MI",42.5607276,-83.4398789,26.0
2025-06-01,6292,Genesis of Harlingen,Harlingen,TX,78552,636,"Harlingen-Weslaco-Brownsville-McAllen, TX",26.1864793,-97.7753841,25.0
2025-06-01,793,Genesis of Hazelwood,Hazelwood,MO,63042,609,"St. Louis, MO",38.7811015,-90.3650463,25.0
2025-06-01,73400,Genesis of Macon,Macon,GA,31210,503,"Macon, GA",32.8866204,-83.675043,25.0
2025-06-01,10564,Genesis of Meriden,Meriden,CT,06450,533,"Hartford & New Haven, CT",41.5137568,-72.8062752,25.0
2025-06-01,42325,Genesis Memphis Covington Pike,Memphis,TN,38134,640,"Memphis, TN",35.1781733,-89.8953093,23.0
2025-06-01,70200,Genesis of Chattanooga,Chattanooga,TN,37421,575,"Chattanooga, TN",35.0602866,-85.1922179,23.0
2025-06-01,61176,Headquarter Genesis,Lake Mary,FL,32746,534,"Orlando-Daytona Beach-Melbourne, FL",28.7885443,-81.3466546,21.0
2025-06-01,69498,Genesis of Eastern Shore,Daphne,AL,36526,686,"Mobile, AL-Pensacola (Ft. Walton Beach), FL",30.6607867,-87.8567477,20.0
2025-06-01,18922,Genesis of Lafayette,Lafayette,IN,47904,582,"Lafayette, IN",40.4192119,-86.8589689,20.0
2025-06-01,68638,Genesis of Downtown Chicago,Chicago,IL,60616,602,"Chicago, IL",41.8442199,-87.6240557,19.0
2025-06-01,1691,Genesis of Fairfield,Fairfield,CT,06825,501,"New York, NY",41.1661525,-73.2298512,19.0
2025-06-01,12806,Genesis of Lake Park,Lake Park,FL,33403,548,"West Palm Beach-Ft. Pierce, FL",26.8099851,-80.0930527,18.0
2025-06-01,56215,Genesis of Westlake,Thousand Oaks,CA,91362,803,"Los Angeles, CA",34.1644513,-118.8296499,18.0
2025-06-01,49527,Genesis of Urbana,Urbana,IL,61802,648,"Champaign & Springfield-Decatur,IL",40.1386655,-88.1960739,17.0
2025-06-01,69370,Genesis of Northampton,Northampton,MA,01060,543,"Springfield-Holyoke, MA",42.3359481,-72.6356287,16.0
2025-06-01,3536,Genesis of Rockville,North Bethesda,MD,20852,511,"Washington, DC (Hagerstown, MD)",39.0438363,-77.1107675,16.0
2025-06-01,69400,Genesis of Austin,Austin,TX,78745,635,"Austin, TX",30.2097044,-97.7566525,15.0
2025-06-01,60611,Genesis of Huntsville,Huntsville,AL,35816,691,"Huntsville-Decatur (Florence), AL",34.7342382,-86.6214927,15.0
2025-06-01,68698,GENESIS OF BAYSIDE,Queens,NY,11361,501,"New York, NY",40.7573441,-73.7811612,14.0
2025-06-01,99924,Genesis of Avon,Simsbury,CT,06092,533,"Hartford & New Haven, CT",41.8203914,-72.8690454,14.0
2025-06-01,69677,Genesis of La Quinta,La Quinta,CA,92253,804,"Palm Springs, CA",33.7072313,-116.2852619,14.0
2025-06-01,69414,Genesis of Olive Branch,Olive Branch,MS,38654,640,"Memphis, TN",34.9790497,-89.8645852,14.0
2025-06-01,91447,Genesis of Albany,Albany,NY,12205,532,"Albany-Schenectady-Troy, NY",42.7296031,-73.8529553,13.0
2025-06-01,71271,Genesis of Cartersville,Cartersville,GA,30120,524,"Atlanta, GA",34.1915656,-84.7876903,13.0
2025-06-01,70356,Hampton Genesis,Fort Walton Beach,FL,32548,686,"Mobile, AL-Pensacola (Ft. Walton Beach), FL",30.4123712,-86.6281688,12.0
2025-06-01,54,Genesis of Gaithersburg,Gaithersburg,MD,20879,511,"Washington, DC (Hagerstown, MD)",39.1581897,-77.2157235,11.0
2025-06-01,3992,Genesis of New Bern,New Bern,NC,28560,545,"Greenville-New Bern-Washington, NC",35.0579658,-77.0170433,11.0
2025-06-01,3152,Genesis of St. Cloud,Waite Park,MN,56387,613,"Minneapolis-St. Paul, MN",45.5485676,-94.2285831,11.0
2025-06-01,36816,Warner Robins Chrysler Dodge Jeep Ram FIAT,Warner Robins,GA,31093,503,"Macon, GA",32.6175306,-83.6790543,11.0
2025-06-01,84406,Genesis at Long of Chattanooga,Chattanooga,TN,37421,575,"Chattanooga, TN",35.059805,-85.190767,10.0
2025-06-01,648,Genesis of Calumet City,Calumet City,IL,60409,602,"Chicago, IL",41.6004518,-87.5734156,10.0
2025-06-01,69701,Genesis of Victorville,Victorville,CA,92392,803,"Los Angeles, CA",34.5060794,-117.3405032,8.0
2025-06-01,9692,Hyundai of La Quinta,La Quinta,CA,92253,804,"Palm Springs, CA",33.7072313,-116.2852619,8.0
2025-06-01,100501,Genesis Macon,Macon,GA,31210,503,"Macon, GA",32.8866204,-83.675043,7.0
2025-06-01,73047,Genesis of Stevens Creek,Santa Clara,CA,95051,807,"San Francisco-Oakland-San Jose, CA",37.3235793,-121.9800176,7.0
2025-06-01,83639,Napleton Maserati of Indianapolis,Indianapolis,IN,46240,527,"Indianapolis, IN",39.9276857,-86.0978814,7.0
2025-06-01,70876,Doral Genesis,Doral,FL,33172,528,"Miami-Ft. Lauderdale, FL",25.7843093,-80.3669404,6.0
2025-06-01,71242,Edwards Kia,Council Bluffs,IA,51501,652,"Omaha, NE",41.2222637,-95.8507804,6.0
2025-06-01,69375,Genesis of Hilton Head,Bluffton,SC,29910,507,"Savannah, GA",32.2898537,-80.9132918,6.0
2025-06-01,61156,Genesis of Mattoon,Mattoon,IL,61938,648,"Champaign & Springfield-Decatur,IL",39.4823346,-88.3786268,6.0
2025-06-01,99729,Stoler Chevrolet Buick,Owings Mills,MD,21117,512,"Baltimore, MD",39.4371908,-76.7993264,6.0
2025-06-01,69409,Genesis of Richmond,Richmond,CA,94806,807,"San Francisco-Oakland-San Jose, CA",37.9857273,-122.3202802,5.0
2025-06-01,4360,Paramount Hyundai Hickory,Hickory,NC,28602,517,"Charlotte, NC",35.715088,-81.3379676,4.0
2025-06-01,10755,South Point Hyundai,Austin,TX,78745,635,"Austin, TX",30.2097091,-97.7566541,4.0
2025-06-01,100529,Genesis of San Diego,San Diego,CA,92111,825,"San Diego, CA",32.8306319,-117.1434333,3.0
2025-06-01,64039,Suntrup Hyundai South,St. Louis,MO,63123,609,"St. Louis, MO",38.521476,-90.3450902,3.0
2025-06-01,3745,Vandergriff Hyundai,Arlington,TX,76017,623,"Dallas-Ft. Worth, TX",32.6758213,-97.1247183,3.0
2025-06-01,75561,BMW of West St Louis,Manchester,MO,63011,609,"St. Louis, MO",38.5938191,-90.5172172,2.0
2025-06-01,891,Five Star Chevrolet,Warner Robins,GA,31093,503,"Macon, GA",32.6181243,-83.6038649,2.0
2025-06-01,71629,Genesis of Auburn,Auburn,MA,01501,506,"Boston, MA-Manchester, NH",42.1825552,-71.8630505,2.0
2025-06-01,61897,Genesis of Council Bluffs,Council Bluffs,IA,51501,652,"Omaha, NE",41.2276401,-95.8594545,2.0
2025-06-01,98745,Genesis of Danvers,Danvers,MA,01923,506,"Boston, MA-Manchester, NH",42.5595013,-70.9786915,2.0
2025-06-01,2929,Gurley Leep Hyundai,Mishawaka,IN,46545,588,"South Bend-Elkhart, IN",41.7085345,-86.1860372,2.0
2025-06-01,8220,Hyundai Of North Charleston,North Charleston,SC,29406,519,"Charleston, SC",32.9612062,-80.0444447,2.0
2025-06-01,25780,Kentson Car Company,Bountiful,UT,84010,770,"Salt Lake City, UT",40.862791,-111.8925406,2.0
2025-06-01,7311,Stevens Creek Hyundai,Santa Clara,CA,95051,807,"San Francisco-Oakland-San Jose, CA",37.3235793,-121.9800176,2.0
2025-06-01,69443,eCarOne,Plano,TX,75093,623,"Dallas-Ft. Worth, TX",33.0152705,-96.7767928,2.0
2025-06-01,60974,Audi Montgomery,Montgomery,AL,36117,698,"Montgomery (Selma), AL",32.3757044,-86.2084007,1.0
2025-06-01,13821,Audi North Shore,Brown Deer,WI,53223,617,"Milwaukee, WI",43.1791437,-87.9669639,1.0
2025-06-01,2126,BMW Northwest,Fife,WA,98424,819,"Seattle-Tacoma, WA",47.2395722,-122.374543,1.0
2025-06-01,61741,Burns Buick GMC,Evesham,NJ,08053,504,"Philadelphia, PA",39.8944583,-74.9371349,1.0
2025-06-01,74653,CarMax Bakersfield,Bakersfield,CA,93307,800,"Bakersfield, CA",35.2931773,-119.0284246,1.0
2025-06-01,74686,CarMax Huntsville,Huntsville,AL,35806,691,"Huntsville-Decatur (Florence), AL",34.7474179,-86.6847145,1.0
2025-06-01,74931,CarMax Independence Boulevard,Charlotte,NC,28227,517,"Charlotte, NC",35.1598534,-80.7341335,1.0
2025-06-01,74511,Covert Cadillac Bee Cave,Austin,TX,78738,635,"Austin, TX",30.3158871,-98.0035468,1.0
2025-06-01,80993,Driveline Used Cars of Murrieta,Murrieta,CA,92562,803,"Los Angeles, CA",33.5292134,-117.1733988,1.0
2025-06-01,15434,Folsom Lake Ford,Folsom,CA,95630,862,"Sacramento-Stockton-Modesto, CA",38.6346917,-121.2046807,1.0
2025-06-01,74793,GRUBBS INFINITI,Grapevine,TX,76051,623,"Dallas-Ft. Worth, TX",32.9211511,-97.0630654,1.0
2025-06-01,13492,Genesis of Brunswick,Brunswick,GA,31525,561,"Jacksonville, FL",31.2072117,-81.4811899,1.0
2025-06-01,100307,Genesis of Mountain View,Mountain View,CA,94040,807,"San Francisco-Oakland-San Jose, CA",37.4048603,-122.1093955,1.0
2025-06-01,17363,Greentree Toyota,Brookfield,CT,06804,501,"New York, NY",41.4247664,-73.4190955,1.0
2025-06-01,6495,Huffines Kia McKinney,McKinney,TX,75070,623,"Dallas-Ft. Worth, TX",33.2074424,-96.6396958,1.0
2025-06-01,8135,Joe Machens Hyundai,Columbia,MO,65202,604,"Columbia-Jefferson City, MO",38.971532,-92.3342914,1.0
2025-06-01,9202,Lexus of Memphis,Memphis,TN,38119,640,"Memphis, TN",35.0762404,-89.8583994,1.0
2025-06-01,60374,Maple Hill Volvo Cars,Kalamazoo,MI,49009,563,"Grand Rapids-Kalamazoo-Battle Creek, MI",42.2973176,-85.6584469,1.0
2025-06-01,25370,Midlands Toyota,Columbia,SC,29203,546,"Columbia, SC",34.1282887,-80.9599501,1.0
2025-06-01,71047,Napleton Hyundai,Hazelwood,MO,63042,609,"St. Louis, MO",38.7811015,-90.3650463,1.0
2025-06-01,42529,Rick Case Hyundai Ft. Lauderdale,Plantation,FL,33317,528,"Miami-Ft. Lauderdale, FL",26.1351086,-80.2031534,1.0
2025-06-01,57993,Roseville Kia,Roseville,CA,95661,862,"Sacramento-Stockton-Modesto, CA",38.7524054,-121.2603762,1.0
2025-06-01,56306,Route 17 Mitsubishi,Ramsey,NJ,07446,501,"New York, NY",41.0724998,-74.1420132,1.0
2025-06-01,42568,Southern States Mazda,Raleigh,NC,27609,560,"Raleigh-Durham (Fayetteville), NC",35.8170413,-78.6260002,1.0
2025-06-01,8670,Southtowne Hyundai of Riverdale,Riverdale,GA,30274,524,"Atlanta, GA",33.5455345,-84.4164445,1.0
2025-06-01,8604,Suntrup Kia South,St. Louis,MO,63123,609,"St. Louis, MO",38.5160485,-90.3441408,1.0
2025-06-01,2107,Suntrup Nissan,St. Louis,MO,63123,609,"St. Louis, MO",38.5208643,-90.3438767,1.0
2025-06-01,5357,Suntrup Volkswagen,St. Louis,MO,63123,609,"St. Louis, MO",38.5208039,-90.3432543,1.0
2025-06-01,69397,Tom Bell Chevrolet,Redlands,CA,92374,803,"Los Angeles, CA",34.0637996,-117.2078979,1.0
2025-06-01,30195,Wilde Honda,Waukesha,WI,53186,617,"Milwaukee, WI",43.0251475,-88.201983,1.0
2025-06-01,12804,Bob Rohrman Hyundai,Lafayette,IN,47904,582,"Lafayette, IN",40.4192119,-86.8589689,0.0
2025-06-01,70476,Genesis of Escondido,Escondido,CA,92029,825,"San Diego, CA",33.1150272,-117.1049655,0.0
2025-06-01,53170,Hyundai of Central Florida,Clermont,FL,34711,534,"Orlando-Daytona Beach-Melbourne, FL",28.5479783,-81.6689965,0.0
2025-06-01,58908,Tonkin Wilsonville Nissan,Wilsonville,OR,97070,820,"Portland, OR",45.3267254,-122.7711528,0.0
2025-06-01,73001,West Houston Hyundai,Houston,TX,77094,618,"Houston, TX",29.7842958,-95.6736241,0.0
2025-07-01,61186,Braman Genesis,Miami,FL,33137,528,"Miami-Ft. Lauderdale, FL",25.7954893,-80.1910373,644.0
2025-07-01,73396,Genesis of Cherry Hill,Evesham,NJ,08053,504,"Philadelphia, PA",39.8831146,-74.9226358,408.0
2025-07-01,7006,Genesis of Atlanta,Atlanta,GA,30341,524,"Atlanta, GA",33.9080158,-84.2909986,326.0
2025-07-01,73840,Genesis of Braintree,Quincy,MA,02169,506,"Boston, MA-Manchester, NH",42.2364548,-70.9785026,320.0
2025-07-01,72517,Genesis of Loma Linda,Ontario,CA,91764,803,"Los Angeles, CA",34.0699402,-117.6059991,305.0
2025-07-01,62585,Genesis of the North Shore,Hicksville,NY,11801,501,"New York, NY",40.7702089,-73.5027249,263.0
2025-07-01,29179,Genesis of White Plains,White Plains,NY,10606,501,"New York, NY",41.0350081,-73.7836873,256.0
2025-07-01,69264,Genesis of Naples,Naples,FL,34109,571,"Ft. Myers-Naples, FL",26.2279083,-81.7660554,247.0
2025-07-01,70287,Genesis of St. Charles,St. Peters,MO,63376,609,"St. Louis, MO",38.7975346,-90.5978187,241.0
2025-07-01,7692,Genesis of The South Shore,West Islip,NY,11795,501,"New York, NY",40.7207062,-73.3044797,241.0
2025-07-01,6767,Tuttle-Click Genesis,Irvine,CA,92618,803,"Los Angeles, CA",33.6342181,-117.7233823,228.0
2025-07-01,72673,Earnhardt Genesis North Scottsdale,Scottsdale,AZ,85260,753,"Phoenix, AZ",33.631299,-111.8982196,227.0
2025-07-01,57353,Jenkins Genesis of North East Jacksonville,Jacksonville,FL,32225,561,"Jacksonville, FL",30.3253588,-81.5105439,227.0
2025-07-01,68783,Coconut Creek Genesis,Coconut Creek,FL,33073,528,"Miami-Ft. Lauderdale, FL",26.2914037,-80.2009677,219.0
2025-07-01,3156,Genesis of Schaumburg,Schaumburg,IL,60173,602,"Chicago, IL",42.0509027,-88.053118,218.0
2025-07-01,52440,Genesis of Mentor,Mentor,OH,44060,510,"Cleveland-Akron (Canton), OH",41.6834521,-81.3348422,208.0
2025-07-01,9001,Genesis of Chandler,Chandler,AZ,85286,753,"Phoenix, AZ",33.2846933,-111.7910889,203.0
2025-07-01,62609,Norm Reeves Genesis of Cerritos,Cerritos,CA,90703,803,"Los Angeles, CA",33.8662378,-118.1015234,198.0
2025-07-01,69118,Hudson Hyundai,Jersey City,NJ,07304,501,"New York, NY",40.7234737,-74.0888952,195.0
2025-07-01,73041,Gettel Genesis of Sarasota,Sarasota,FL,34233,539,"Tampa-St Petersburg (Sarasota), FL",27.2695206,-82.4746827,190.0
2025-07-01,94818,Genesis of Milwaukee,Waukesha,WI,53186,617,"Milwaukee, WI",43.0244944,-88.2038863,187.0
2025-07-01,62581,Genesis Santa Monica,Santa Monica,CA,90404,803,"Los Angeles, CA",34.03227,-118.4751279,185.0
2025-07-01,66836,Genesis of Peoria,Peoria,AZ,85382,753,"Phoenix, AZ",33.6372458,-112.2451079,177.0
2025-07-01,53667,Genesis Of Cumming,Cumming,GA,30041,524,"Atlanta, GA",34.1439728,-84.1730152,166.0
2025-07-01,9004,Genesis of Littleton,Englewood,CO,80113,751,"Denver, CO",39.6200977,-104.9885845,166.0
2025-07-01,93460,Genesis of Portland,Portland,OR,97225,820,"Portland, OR",45.4962782,-122.7698208,166.0
2025-07-01,3102,Genesis of Alexandria,Alexandria,VA,22301,511,"Washington, DC (Hagerstown, MD)",38.8213866,-77.0576309,165.0
2025-07-01,96938,Genesis of North Cincinnati,Cincinnati,OH,45249,515,"Cincinnati, OH",39.2926575,-84.3036044,161.0
2025-07-01,73389,Genesis of Freehold,Freehold,NJ,07728,501,"New York, NY",40.2641336,-74.2924834,159.0
2025-07-01,72010,Genesis of Charlotte,Charlotte,NC,28227,517,"Charlotte, NC",35.1428872,-80.7216186,158.0
2025-07-01,73893,Genesis of Brunswick,South Brunswick Township,NJ,08852,501,"New York, NY",40.4111541,-74.5423003,156.0
2025-07-01,26003,Genesis of Elgin,Elgin,IL,60120,602,"Chicago, IL",42.0317119,-88.2445971,155.0
2025-07-01,72695,Rick Case Genesis,Plantation,FL,33317,528,"Miami-Ft. Lauderdale, FL",26.1351086,-80.2031534,153.0
2025-07-01,69823,Genesis Of Charleston,Charleston,SC,29414,519,"Charleston, SC",32.7982545,-80.0859341,151.0
2025-07-01,74040,Genesis of San Bruno,San Bruno,CA,94066,807,"San Francisco-Oakland-San Jose, CA",37.6372585,-122.419091,151.0
2025-07-01,2734,Genesis of Carmel,Indianapolis,IN,46240,527,"Indianapolis, IN",39.9293455,-86.0966346,150.0
2025-07-01,71490,Genesis of West Houston,Houston,TX,77094,618,"Houston, TX",29.7836158,-95.673582,150.0
2025-07-01,98536,Galpin Genesis of Van Nuys,Los Angeles,CA,91406,803,"Los Angeles, CA",34.2209833,-118.4687863,142.0
2025-07-01,3566,Genesis of Highland Park,Highland Park,IL,60035,602,"Chicago, IL",42.1609423,-87.8081446,142.0
2025-07-01,10409,Genesis of Southwest Houston,Houston,TX,77074,618,"Houston, TX",29.6691333,-95.5474174,141.0
2025-07-01,57975,Genesis of Kennesaw,Kennesaw,GA,30144,524,"Atlanta, GA",34.0233261,-84.5734338,139.0
2025-07-01,28092,Genesis of Las Vegas,Las Vegas,NV,89117,839,"Las Vegas, NV",36.1449418,-115.2489832,139.0
2025-07-01,71992,Genesis of Brooklyn,Brooklyn,NY,11232,501,"New York, NY",40.6571085,-74.014405,138.0
2025-07-01,4919,Genesis of North Aurora,North Aurora,IL,60542,602,"Chicago, IL",41.80082,-88.3739138,137.0
2025-07-01,70074,Genesis of Fort Myers,Fort Myers,FL,33907,571,"Ft. Myers-Naples, FL",26.596538,-81.8605256,134.0
2025-07-01,94705,Genesis of Ridgefield,Norwalk,CT,06851,501,"New York, NY",41.1261307,-73.4233158,132.0
2025-07-01,4349,Jenkins Genesis of Leesburg,Leesburg,FL,34788,534,"Orlando-Daytona Beach-Melbourne, FL",28.8228437,-81.7874886,132.0
2025-07-01,65747,Genesis Of Clear Lake,Webster,TX,77598,618,"Houston, TX",29.5340161,-95.13376,126.0
2025-07-01,64605,Genesis of South Bay,Torrance,CA,90505,803,"Los Angeles, CA",33.7991718,-118.3411724,126.0
2025-07-01,67653,Genesis of Corona,Corona,CA,92882,803,"Los Angeles, CA",33.882918,-117.6138489,125.0
2025-07-01,61326,Genesis of Denville,Denville,NJ,07834,501,"New York, NY",40.8681668,-74.5137571,125.0
2025-07-01,69062,Genesis of Lindon,Lindon,UT,84042,770,"Salt Lake City, UT",40.3293405,-111.7338433,123.0
2025-07-01,8533,Genesis North Orlando,Winter Park,FL,32789,534,"Orlando-Daytona Beach-Melbourne, FL",28.6088331,-81.3648614,121.0
2025-07-01,73379,Genesis of Milford,Milford,CT,06460,533,"Hartford & New Haven, CT",41.2076083,-73.0884209,118.0
2025-07-01,61240,Genesis of Palm Springs,Palm Springs,CA,92264,804,"Palm Springs, CA",33.7945577,-116.5032881,118.0
2025-07-01,71052,Lakeland Genesis,Lakeland,FL,33815,539,"Tampa-St Petersburg (Sarasota), FL",28.054301,-81.9758413,118.0
2025-07-01,6996,Genesis of Lafayette,Lafayette,LA,70506,642,"Lafayette, LA",30.1552098,-92.0910284,117.0
2025-07-01,73682,Wallace Genesis,Stuart,FL,34997,548,"West Palm Beach-Ft. Pierce, FL",27.1605832,-80.2229084,117.0
2025-07-01,94375,Castle Genesis of Downers Grove,Oakbrook Terrace,IL,60181,602,"Chicago, IL",41.8582742,-87.9545485,116.0
2025-07-01,96075,Genesis of Smithtown,Saint James,NY,11780,501,"New York, NY",40.861595,-73.159573,115.0
2025-07-01,72126,Genesis of Ocala,Ocala,FL,34471,534,"Orlando-Daytona Beach-Melbourne, FL",29.1773171,-82.1519073,113.0
2025-07-01,68840,Genesis of Golden,Golden,CO,80401,751,"Denver, CO",39.730479,-105.1754951,111.0
2025-07-01,9254,Genesis of Bloomington-Normal,Normal,IL,61761,675,"Peoria-Bloomington, IL",40.5165466,-88.9541909,108.0
2025-07-01,17853,Genesis of Winston-Salem,Winston-Salem,NC,27127,518,"Greensboro-High Point-Winston Salem, NC",36.0674142,-80.2606633,107.0
2025-07-01,94567,Genesis of Kansas City,Overland Park,KS,66204,616,"Kansas City, MO",38.9882713,-94.6681597,105.0
2025-07-01,69670,Rick Case Genesis Davie,Davie,FL,33331,528,"Miami-Ft. Lauderdale, FL",26.0758729,-80.3619504,105.0
2025-07-01,73795,Crown Genesis,St. Petersburg,FL,33714,539,"Tampa-St Petersburg (Sarasota), FL",27.8204635,-82.6786673,103.0
2025-07-01,4899,Genesis of Conway,Conway,AR,72032,693,"Little Rock-Pine Bluff, AR",35.093494,-92.421864,103.0
2025-07-01,69382,Genesis of West Chester,West Chester,PA,19382,504,"Philadelphia, PA",39.9023291,-75.5655602,103.0
2025-07-01,2525,Genesis of Cool Springs,Franklin,TN,37067,659,"Nashville, TN",35.9580609,-86.8090467,102.0
2025-07-01,1130,Genesis of Kirkland,Kirkland,WA,98034,819,"Seattle-Tacoma, WA",47.7072771,-122.1748634,101.0
2025-07-01,71985,Genesis of Columbus,Columbus,OH,43230,535,"Columbus, OH",40.0598318,-82.9433206,99.0
2025-07-01,4941,Genesis of Conshohocken,Conshohocken,PA,19428,504,"Philadelphia, PA",40.1028837,-75.3064312,99.0
2025-07-01,12986,Genesis of Buffalo,Williamsville,NY,14221,514,"Buffalo, NY",42.960953,-78.691081,98.0
2025-07-01,61239,Genesis of Central Florida,Clermont,FL,34711,534,"Orlando-Daytona Beach-Melbourne, FL",28.5478492,-81.6689649,98.0
2025-07-01,10212,Genesis of Edmond,Edmond,OK,73013,650,"Oklahoma City, OK",35.6128747,-97.4967472,98.0
2025-07-01,70052,Norm Reeves Genesis of Irving,Irving,TX,75062,623,"Dallas-Ft. Worth, TX",32.8360367,-96.921086,96.0
2025-07-01,68256,Genesis of Lexington,Lexington,KY,40509,541,"Lexington, KY",37.9960356,-84.441848,95.0
2025-07-01,1393,Genesis of Plano,Plano,TX,75093,623,"Dallas-Ft. Worth, TX",33.0102218,-96.7668456,94.0
2025-07-01,1531,Genesis of Manchester,Bedford,NH,03110,506,"Boston, MA-Manchester, NH",42.944374,-71.472789,93.0
2025-07-01,67536,Genesis of Omaha,Omaha,NE,68118,652,"Omaha, NE",41.2639237,-96.1858719,93.0
2025-07-01,36300,Delray Genesis,Delray Beach,FL,33483,548,"West Palm Beach-Ft. Pierce, FL",26.4720932,-80.0668508,92.0
2025-07-01,73680,Genesis of Wayne,Wayne,NJ,07470,501,"New York, NY",40.948967,-74.276307,92.0
2025-07-01,2584,Genesis Of Norman,Norman,OK,73069,650,"Oklahoma City, OK",35.2248696,-97.4845549,91.0
2025-07-01,71661,Allen Turner Genesis,Pensacola,FL,32505,686,"Mobile, AL-Pensacola (Ft. Walton Beach), FL",30.4750621,-87.247943,90.0
2025-07-01,97787,Genesis Montgomery,Montgomery,AL,36106,698,"Montgomery (Selma), AL",32.3606235,-86.2242999,88.0
2025-07-01,61217,Genesis of Weatherford,Hudson Oaks,TX,76087,623,"Dallas-Ft. Worth, TX",32.7558051,-97.6929673,88.0
2025-07-01,73042,Gettel Genesis of Lakewood,Bradenton,FL,34208,539,"Tampa-St Petersburg (Sarasota), FL",27.4953171,-82.4871204,88.0
2025-07-01,69570,Genesis of Cary,Cary,NC,27511,560,"Raleigh-Durham (Fayetteville), NC",35.7384809,-78.8093998,87.0
2025-07-01,96441,Genesis of Rocklin,Rocklin,CA,95677,862,"Sacramento-Stockton-Modesto, CA",38.7952904,-121.2164042,87.0
2025-07-01,68973,Genesis of Dublin,Dublin,CA,94568,807,"San Francisco-Oakland-San Jose, CA",37.7027037,-121.9030039,85.0
2025-07-01,9164,Genesis of Kearny Mesa,San Diego,CA,92111,825,"San Diego, CA",32.82812,-117.1528769,84.0
2025-07-01,69032,Genesis Of NW San Antonio,Boerne,TX,78006,641,"San Antonio, TX",29.6844593,-98.6411438,83.0
2025-07-01,64426,Genesis of Algonquin,Algonquin,IL,60102,602,"Chicago, IL",42.1629985,-88.3344476,81.0
2025-07-01,64003,Genesis of Bel Air,Fallston,MD,21047,512,"Baltimore, MD",39.5065574,-76.3858171,79.0
2025-07-01,70093,Genesis of Merrillville,Merrillville,IN,46410,602,"Chicago, IL",41.4717832,-87.3480253,78.0
2025-07-01,62587,Genesis of Aurora,Aurora,IL,60504,602,"Chicago, IL",41.7515762,-88.213844,77.0
2025-07-01,71829,Genesis of Chantilly,Chantilly,VA,20151,511,"Washington, DC (Hagerstown, MD)",38.903778,-77.4621301,77.0
2025-07-01,70290,Genesis of Greer,Greer,SC,29651,567,"Greenville-Spartanburg, SC-Asheville, NC-Anderson, SC",34.949924,-82.198468,77.0
2025-07-01,9594,Genesis of Orange Park,Jacksonville,FL,32244,561,"Jacksonville, FL",30.2100757,-81.7391104,77.0
2025-07-01,1250,Genesis of New Orleans,Metairie,LA,70003,622,"New Orleans, LA",30.0058423,-90.2210481,76.0
2025-07-01,70624,Genesis of Noblesville,Noblesville,IN,46060,527,"Indianapolis, IN",40.0446534,-85.9936143,75.0
2025-07-01,70835,Genesis of Tulsa,Tulsa,OK,74133,671,"Tulsa, OK",36.022119,-95.8852819,75.0
2025-07-01,69102,Orlando Genesis,Orlando,FL,32808,534,"Orlando-Daytona Beach-Melbourne, FL",28.5521196,-81.4309809,74.0
2025-07-01,67498,Genesis of West Palm Beach,West Palm Beach,FL,33409,548,"West Palm Beach-Ft. Pierce, FL",26.7072233,-80.0873646,73.0
2025-07-01,11303,Genesis of Appleton,Appleton,WI,54913,658,"Green Bay-Appleton, WI",44.2887964,-88.4759736,69.0
2025-07-01,9171,Genesis of Longview,Longview,TX,75605,709,"Tyler-Longview(Lufkin & Nacogdoches), TX",32.5633713,-94.7310184,68.0
2025-07-01,61277,Genesis of New Hudson,New Hudson,MI,48165,505,"Detroit, MI",42.5161168,-83.609054,68.0
2025-07-01,71974,Genesis of Columbia,Columbia,SC,29203,546,"Columbia, SC",34.1430845,-80.9485594,67.0
2025-07-01,61284,Genesis of Springfield,Springfield,VA,22150,511,"Washington, DC (Hagerstown, MD)",38.7503466,-77.1828597,67.0
2025-07-01,36882,Genesis of Virginia Beach,Virginia Beach,VA,23452,544,"Norfolk-Portsmouth-Newport News,VA",36.8356924,-76.0987758,67.0
2025-07-01,67535,Genesis of Wolfchase,Memphis,TN,38133,640,"Memphis, TN",35.2032351,-89.8071642,65.0
2025-07-01,2511,Genesis of Clearwater,Clearwater,FL,33761,539,"Tampa-St Petersburg (Sarasota), FL",28.0222085,-82.7380372,64.0
2025-07-01,70631,Genesis of Lake Norman,Cornelius,NC,28031,517,"Charlotte, NC",35.467345,-80.872696,64.0
2025-07-01,64037,Universal Genesis,Orlando,FL,32837,534,"Orlando-Daytona Beach-Melbourne, FL",28.3794594,-81.4033691,64.0
2025-07-01,10916,Genesis of Louisville,Jeffersontown,KY,40299,529,"Louisville, KY",38.2125896,-85.5378392,62.0
2025-07-01,4844,Genesis of Miami Lakes,Miami Lakes,FL,33014,528,"Miami-Ft. Lauderdale, FL",25.9235071,-80.3016669,62.0
2025-07-01,61459,Genesis of Augusta,Augusta,GA,30907,520,"Augusta, GA",33.5157506,-82.0641493,61.0
2025-07-01,81842,Genesis of West Warwick,West Warwick,RI,02893,521,"Providence, RI-New Bedford, MA",41.684535,-71.5014056,61.0
2025-07-01,71564,Clay Cooley Genesis of Mesquite,Mesquite,TX,75150,623,"Dallas-Ft. Worth, TX",32.8336891,-96.6306212,60.0
2025-07-01,98745,Genesis of Danvers,Danvers,MA,01923,506,"Boston, MA-Manchester, NH",42.5595013,-70.9786915,60.0
2025-07-01,4457,Genesis of Spring,Spring,TX,77373,618,"Houston, TX",30.0627988,-95.4322263,60.0
2025-07-01,2157,Genesis of Suitland,Bowie,MD,20716,511,"Washington, DC (Hagerstown, MD)",38.9227402,-76.7179222,60.0
2025-07-01,73383,Genesis of Newnan,Newnan,GA,30263,524,"Atlanta, GA",33.3980326,-84.751469,59.0
2025-07-01,69883,Genesis of North Plainfield,North Plainfield,NJ,07060,501,"New York, NY",40.6165806,-74.4551273,59.0
2025-07-01,69447,King Genesis,Deerfield Beach,FL,33441,528,"Miami-Ft. Lauderdale, FL",26.29967,-80.0946749,59.0
2025-07-01,68945,Genesis of San Antonio East,San Antonio,TX,78233,641,"San Antonio, TX",29.5452956,-98.3688609,57.0
2025-07-01,7375,Genesis of Bedford,Bedford,OH,44146,510,"Cleveland-Akron (Canton), OH",41.4061393,-81.5482726,55.0
2025-07-01,2687,Genesis of Parma,Parma,OH,44129,510,"Cleveland-Akron (Canton), OH",41.4180454,-81.7339114,55.0
2025-07-01,70573,Genesis of Gwinnett,Duluth,GA,30096,524,"Atlanta, GA",33.9606012,-84.1164625,54.0
2025-07-01,70696,Genesis of Round Rock,Round Rock,TX,78665,635,"Austin, TX",30.5322484,-97.6891408,53.0
2025-07-01,73397,Genesis of Daytona Beach,Daytona Beach,FL,32117,534,"Orlando-Daytona Beach-Melbourne, FL",29.2235952,-81.0481335,52.0
2025-07-01,8386,Genesis of Huntington,Huntington,NY,11743,501,"New York, NY",40.8332861,-73.3617156,52.0
2025-07-01,8947,Genesis of Wichita,Wichita,KS,67206,678,"Wichita-Hutchinson, KS",37.7055104,-97.2084739,51.0
2025-07-01,83168,Genesis of Framingham,Framingham,MA,01702,506,"Boston, MA-Manchester, NH",42.2974046,-71.417428,50.0
2025-07-01,61515,Genesis Of Madison,Madison,WI,53713,669,"Madison, WI",43.0341872,-89.4116586,48.0
2025-07-01,72341,Genesis of Auburn,Auburn,AL,36830,522,"Columbus, GA",32.6179594,-85.4635689,48.0
2025-07-01,69737,Genesis of Richmond,Bon Air,VA,23235,556,"Richmond-Petersburg, VA",37.5013145,-77.5717929,47.0
2025-07-01,4571,Genesis of Nashua,Nashua,NH,03060,506,"Boston, MA-Manchester, NH",42.7272329,-71.4464946,46.0
2025-07-01,73353,Genesis of Annapolis,Annapolis,MD,21401,512,"Baltimore, MD",38.976603,-76.5095064,45.0
2025-07-01,68961,Genesis of Hampton,Hampton,VA,23666,544,"Norfolk-Portsmouth-Newport News,VA",37.0619771,-76.4003949,45.0
2025-07-01,91019,Genesis of Hickory,Hickory,NC,28602,517,"Charlotte, NC",35.7151389,-81.3379647,45.0
2025-07-01,61567,Genesis of Monroeville,Monroeville,PA,15146,508,"Pittsburgh, PA",40.4308948,-79.7170895,45.0
2025-07-01,67522,Genesis of Wexford,Wexford,PA,15090,508,"Pittsburgh, PA",40.6143612,-80.0568103,45.0
2025-07-01,6832,Genesis of Denton,Denton,TX,76210,623,"Dallas-Ft. Worth, TX",33.1691755,-97.0819556,44.0
2025-07-01,61112,Homestead Genesis,Homestead,FL,33030,528,"Miami-Ft. Lauderdale, FL",25.4674062,-80.472177,43.0
2025-07-01,72712,Genesis of Roswell,Roswell,GA,30076,524,"Atlanta, GA",34.056201,-84.32906,42.0
2025-07-01,61196,Genesis of Arlington,Arlington,MA,02476,506,"Boston, MA-Manchester, NH",42.4232377,-71.1738841,41.0
2025-07-01,12744,Genesis of Ballwin,Ballwin,MO,63011,609,"St. Louis, MO",38.5925561,-90.5337953,41.0
2025-07-01,9530,Genesis of Brunswick,Brunswick,OH,44212,510,"Cleveland-Akron (Canton), OH",41.2391403,-81.7926475,40.0
2025-07-01,65171,Genesis of Selma,Selma,CA,93662,866,"Fresno-Visalia, CA",36.5705206,-119.6297571,40.0
2025-07-01,72197,Genesis of Doylestown,Doylestown,PA,18902,504,"Philadelphia, PA",40.3335783,-75.1370158,39.0
2025-07-01,69980,Genesis of Minneapolis,Golden Valley,MN,55426,613,"Minneapolis-St. Paul, MN",44.9724585,-93.3935748,39.0
2025-07-01,66747,Genesis Of Southfield,Southfield,MI,48034,505,"Detroit, MI",42.4941876,-83.2830437,38.0
2025-07-01,69018,Genesis of Hickory Hollow,Nashville,TN,37211,659,"Nashville, TN",36.0456523,-86.7012321,38.0
2025-07-01,73481,Genesis of Kalamazoo,Kalamazoo,MI,49009,563,"Grand Rapids-Kalamazoo-Battle Creek, MI",42.2973176,-85.6584469,38.0
2025-07-01,52776,Genesis Of Macomb,Macomb,MI,48044,505,"Detroit, MI",42.6294783,-82.9318824,37.0
2025-07-01,91447,Genesis of Albany,Albany,NY,12205,532,"Albany-Schenectady-Troy, NY",42.7296031,-73.8529553,36.0
2025-07-01,5334,Genesis of Fayetteville,Fayetteville,NC,28314,560,"Raleigh-Durham (Fayetteville), NC",35.0630371,-78.9696547,36.0
2025-07-01,10129,Genesis of Covington,Covington,LA,70433,622,"New Orleans, LA",30.4321,-90.0886416,35.0
2025-07-01,69931,Genesis of Commerce,West Bloomfield Township,MI,48322,505,"Detroit, MI",42.5607276,-83.4398789,33.0
2025-07-01,3110,Genesis of South St. Louis County,St. Louis,MO,63123,609,"St. Louis, MO",38.521476,-90.3450902,33.0
2025-07-01,64724,Genesis of Groveport,Groveport,OH,43125,535,"Columbus, OH",39.8895794,-82.8876146,32.0
2025-07-01,70671,Genesis of Owings Mills,Owings Mills,MD,21117,512,"Baltimore, MD",39.43549,-76.800636,32.0
2025-07-01,71500,Genesis of Waterloo,Waterloo,IA,50702,637,"Cedar Rapids-Waterloo-Iowa City & Dubuque, IA",42.4906379,-92.3401956,32.0
2025-07-01,6292,Genesis of Harlingen,Harlingen,TX,78552,636,"Harlingen-Weslaco-Brownsville-McAllen, TX",26.1864793,-97.7753841,31.0
2025-07-01,61127,Genesis of Hattiesburg,Hattiesburg,MS,39402,710,"Hattiesburg-Laurel, MS",31.3166979,-89.407095,31.0
2025-07-01,5541,Genesis Glenview,Glenview,IL,60026,602,"Chicago, IL",42.1061877,-87.8216753,30.0
2025-07-01,67547,Genesis of Ogden,Ogden,UT,84401,770,"Salt Lake City, UT",41.2030548,-111.9799594,30.0
2025-07-01,68812,Genesis of South Knoxville,Alcoa,TN,37701,557,"Knoxville, TN",35.8245636,-83.9755837,30.0
2025-07-01,68638,Genesis of Downtown Chicago,Chicago,IL,60616,602,"Chicago, IL",41.8442199,-87.6240557,29.0
2025-07-01,56215,Genesis of Westlake,Thousand Oaks,CA,91362,803,"Los Angeles, CA",34.1644513,-118.8296499,29.0
2025-07-01,71909,Napleton's North Palm Hyundai,Lake Park,FL,33403,548,"West Palm Beach-Ft. Pierce, FL",26.809389,-80.0935379,29.0
2025-07-01,73395,Genesis of Union City,Riverdale,GA,30274,524,"Atlanta, GA",33.5645576,-84.4132949,28.0
2025-07-01,16023,Genesis of Baton Rouge,Baton Rouge,LA,70809,716,"Baton Rouge, LA",30.3805348,-91.0404825,27.0
2025-07-01,793,Genesis of Hazelwood,Hazelwood,MO,63042,609,"St. Louis, MO",38.7811015,-90.3650463,27.0
2025-07-01,73400,Genesis of Macon,Macon,GA,31210,503,"Macon, GA",32.8866204,-83.675043,26.0
2025-07-01,69757,Genesis of Wilkes-Barre,Wilkes-Barre,PA,18702,577,"Wilkes Barre-Scranton, PA",41.2549421,-75.8381435,26.0
2025-07-01,8750,Sid Dillon Genesis of Lincoln,Lincoln,NE,68512,722,"Lincoln & Hastings-Kearney, NE",40.7364094,-96.6846163,25.0
2025-07-01,69498,Genesis of Eastern Shore,Daphne,AL,36526,686,"Mobile, AL-Pensacola (Ft. Walton Beach), FL",30.6607867,-87.8567477,24.0
2025-07-01,73375,Genesis of Melbourne,Melbourne,FL,32901,534,"Orlando-Daytona Beach-Melbourne, FL",28.0781199,-80.6372008,24.0
2025-07-01,42325,Genesis Memphis Covington Pike,Memphis,TN,38134,640,"Memphis, TN",35.1781733,-89.8953093,23.0
2025-07-01,70200,Genesis of Chattanooga,Chattanooga,TN,37421,575,"Chattanooga, TN",35.0602866,-85.1922179,23.0
2025-07-01,72560,Genesis of West Knoxville,Knoxville,TN,37923,557,"Knoxville, TN",35.9181977,-84.0733877,23.0
2025-07-01,61176,Headquarter Genesis,Lake Mary,FL,32746,534,"Orlando-Daytona Beach-Melbourne, FL",28.7885443,-81.3466546,23.0
2025-07-01,71271,Genesis of Cartersville,Cartersville,GA,30120,524,"Atlanta, GA",34.1915656,-84.7876903,22.0
2025-07-01,10564,Genesis of Meriden,Meriden,CT,06450,533,"Hartford & New Haven, CT",41.5137568,-72.8062752,21.0
2025-07-01,69370,Genesis of Northampton,Northampton,MA,01060,543,"Springfield-Holyoke, MA",42.3359481,-72.6356287,20.0
2025-07-01,69409,Genesis of Richmond,Richmond,CA,94806,807,"San Francisco-Oakland-San Jose, CA",37.9857273,-122.3202802,19.0
2025-07-01,12806,Genesis of Lake Park,Lake Park,FL,33403,548,"West Palm Beach-Ft. Pierce, FL",26.8099851,-80.0930527,18.0
2025-07-01,100501,Genesis Macon,Macon,GA,31210,503,"Macon, GA",32.8866204,-83.675043,17.0
2025-07-01,69400,Genesis of Austin,Austin,TX,78745,635,"Austin, TX",30.2097044,-97.7566525,17.0
2025-07-01,60611,Genesis of Huntsville,Huntsville,AL,35816,691,"Huntsville-Decatur (Florence), AL",34.7342382,-86.6214927,17.0
2025-07-01,1691,Genesis of Fairfield,Fairfield,CT,06825,501,"New York, NY",41.1661525,-73.2298512,16.0
2025-07-01,18922,Genesis of Lafayette,Lafayette,IN,47904,582,"Lafayette, IN",40.4192119,-86.8589689,16.0
2025-07-01,99924,Genesis of Avon,Simsbury,CT,06092,533,"Hartford & New Haven, CT",41.8203914,-72.8690454,15.0
2025-07-01,3536,Genesis of Rockville,North Bethesda,MD,20852,511,"Washington, DC (Hagerstown, MD)",39.0438363,-77.1107675,15.0
2025-07-01,70356,Hampton Genesis,Fort Walton Beach,FL,32548,686,"Mobile, AL-Pensacola (Ft. Walton Beach), FL",30.4123712,-86.6281688,15.0
2025-07-01,69414,Genesis of Olive Branch,Olive Branch,MS,38654,640,"Memphis, TN",34.9790497,-89.8645852,14.0
2025-07-01,49527,Genesis of Urbana,Urbana,IL,61802,648,"Champaign & Springfield-Decatur,IL",40.1386655,-88.1960739,14.0
2025-07-01,70876,Doral Genesis,Doral,FL,33172,528,"Miami-Ft. Lauderdale, FL",25.7843093,-80.3669404,12.0
2025-07-01,648,Genesis of Calumet City,Calumet City,IL,60409,602,"Chicago, IL",41.6004518,-87.5734156,12.0
2025-07-01,69677,Genesis of La Quinta,La Quinta,CA,92253,804,"Palm Springs, CA",33.7072313,-116.2852619,12.0
2025-07-01,3992,Genesis of New Bern,New Bern,NC,28560,545,"Greenville-New Bern-Washington, NC",35.0579658,-77.0170433,12.0
2025-07-01,3152,Genesis of St. Cloud,Waite Park,MN,56387,613,"Minneapolis-St. Paul, MN",45.5485676,-94.2285831,11.0
2025-07-01,36816,Warner Robins Chrysler Dodge Jeep Ram FIAT,Warner Robins,GA,31093,503,"Macon, GA",32.6175306,-83.6790543,11.0
2025-07-01,68698,GENESIS OF BAYSIDE,Queens,NY,11361,501,"New York, NY",40.7573441,-73.7811612,8.0
2025-07-01,84406,Genesis at Long of Chattanooga,Chattanooga,TN,37421,575,"Chattanooga, TN",35.059805,-85.190767,8.0
2025-07-01,69701,Genesis of Victorville,Victorville,CA,92392,803,"Los Angeles, CA",34.5060794,-117.3405032,8.0
2025-07-01,9692,Hyundai of La Quinta,La Quinta,CA,92253,804,"Palm Springs, CA",33.7072313,-116.2852619,8.0
2025-07-01,54,Genesis of Gaithersburg,Gaithersburg,MD,20879,511,"Washington, DC (Hagerstown, MD)",39.1581897,-77.2157235,7.0
2025-07-01,83639,Napleton Maserati of Indianapolis,Indianapolis,IN,46240,527,"Indianapolis, IN",39.9276857,-86.0978814,7.0
2025-07-01,69375,Genesis of Hilton Head,Bluffton,SC,29910,507,"Savannah, GA",32.2898537,-80.9132918,6.0
2025-07-01,73047,Genesis of Stevens Creek,Santa Clara,CA,95051,807,"San Francisco-Oakland-San Jose, CA",37.3235793,-121.9800176,6.0
2025-07-01,99729,Stoler Chevrolet Buick,Owings Mills,MD,21117,512,"Baltimore, MD",39.4371908,-76.7993264,6.0
2025-07-01,71242,Edwards Kia,Council Bluffs,IA,51501,652,"Omaha, NE",41.2222637,-95.8507804,5.0
2025-07-01,61156,Genesis of Mattoon,Mattoon,IL,61938,648,"Champaign & Springfield-Decatur,IL",39.4823346,-88.3786268,5.0
2025-07-01,100529,Genesis of San Diego,San Diego,CA,92111,825,"San Diego, CA",32.8306319,-117.1434333,4.0
2025-07-01,10755,South Point Hyundai,Austin,TX,78745,635,"Austin, TX",30.2097091,-97.7566541,4.0
2025-07-01,61897,Genesis of Council Bluffs,Council Bluffs,IA,51501,652,"Omaha, NE",41.2276401,-95.8594545,3.0
2025-07-01,4360,Paramount Hyundai Hickory,Hickory,NC,28602,517,"Charlotte, NC",35.715088,-81.3379676,3.0
2025-07-01,64039,Suntrup Hyundai South,St. Louis,MO,63123,609,"St. Louis, MO",38.521476,-90.3450902,3.0
2025-07-01,3745,Vandergriff Hyundai,Arlington,TX,76017,623,"Dallas-Ft. Worth, TX",32.6758213,-97.1247183,3.0
2025-07-01,75561,BMW of West St Louis,Manchester,MO,63011,609,"St. Louis, MO",38.5938191,-90.5172172,2.0
2025-07-01,891,Five Star Chevrolet,Warner Robins,GA,31093,503,"Macon, GA",32.6181243,-83.6038649,2.0
2025-07-01,71629,Genesis of Auburn,Auburn,MA,01501,506,"Boston, MA-Manchester, NH",42.1825552,-71.8630505,2.0
2025-07-01,2929,Gurley Leep Hyundai,Mishawaka,IN,46545,588,"South Bend-Elkhart, IN",41.7085345,-86.1860372,2.0
2025-07-01,25780,Kentson Car Company,Bountiful,UT,84010,770,"Salt Lake City, UT",40.862791,-111.8925406,2.0
2025-07-01,7311,Stevens Creek Hyundai,Santa Clara,CA,95051,807,"San Francisco-Oakland-San Jose, CA",37.3235793,-121.9800176,2.0
2025-07-01,69443,eCarOne,Plano,TX,75093,623,"Dallas-Ft. Worth, TX",33.0152705,-96.7767928,2.0
2025-07-01,60974,Audi Montgomery,Montgomery,AL,36117,698,"Montgomery (Selma), AL",32.3757044,-86.2084007,1.0
2025-07-01,13821,Audi North Shore,Brown Deer,WI,53223,617,"Milwaukee, WI",43.1791437,-87.9669639,1.0
2025-07-01,12804,Bob Rohrman Hyundai,Lafayette,IN,47904,582,"Lafayette, IN",40.4192119,-86.8589689,1.0
2025-07-01,61741,Burns Buick GMC,Evesham,NJ,08053,504,"Philadelphia, PA",39.8944583,-74.9371349,1.0
2025-07-01,74653,CarMax Bakersfield,Bakersfield,CA,93307,800,"Bakersfield, CA",35.2931773,-119.0284246,1.0
2025-07-01,74686,CarMax Huntsville,Huntsville,AL,35806,691,"Huntsville-Decatur (Florence), AL",34.7474179,-86.6847145,1.0
2025-07-01,74931,CarMax Independence Boulevard,Charlotte,NC,28227,517,"Charlotte, NC",35.1598534,-80.7341335,1.0
2025-07-01,80993,Driveline Used Cars of Murrieta,Murrieta,CA,92562,803,"Los Angeles, CA",33.5292134,-117.1733988,1.0
2025-07-01,15434,Folsom Lake Ford,Folsom,CA,95630,862,"Sacramento-Stockton-Modesto, CA",38.6346917,-121.2046807,1.0
2025-07-01,74793,GRUBBS INFINITI,Grapevine,TX,76051,623,"Dallas-Ft. Worth, TX",32.9211511,-97.0630654,1.0
2025-07-01,13492,Genesis of Brunswick,Brunswick,GA,31525,561,"Jacksonville, FL",31.2072117,-81.4811899,1.0
2025-07-01,100307,Genesis of Mountain View,Mountain View,CA,94040,807,"San Francisco-Oakland-San Jose, CA",37.4048603,-122.1093955,1.0
2025-07-01,17363,Greentree Toyota,Brookfield,CT,06804,501,"New York, NY",41.4247664,-73.4190955,1.0
2025-07-01,53170,Hyundai of Central Florida,Clermont,FL,34711,534,"Orlando-Daytona Beach-Melbourne, FL",28.5479783,-81.6689965,1.0
2025-07-01,8135,Joe Machens Hyundai,Columbia,MO,65202,604,"Columbia-Jefferson City, MO",38.971532,-92.3342914,1.0
2025-07-01,9202,Lexus of Memphis,Memphis,TN,38119,640,"Memphis, TN",35.0762404,-89.8583994,1.0
2025-07-01,60374,Maple Hill Volvo Cars,Kalamazoo,MI,49009,563,"Grand Rapids-Kalamazoo-Battle Creek, MI",42.2973176,-85.6584469,1.0
2025-07-01,25370,Midlands Toyota,Columbia,SC,29203,546,"Columbia, SC",34.1282887,-80.9599501,1.0
2025-07-01,71047,Napleton Hyundai,Hazelwood,MO,63042,609,"St. Louis, MO",38.7811015,-90.3650463,1.0
2025-07-01,42529,Rick Case Hyundai Ft. Lauderdale,Plantation,FL,33317,528,"Miami-Ft. Lauderdale, FL",26.1351086,-80.2031534,1.0
2025-07-01,57993,Roseville Kia,Roseville,CA,95661,862,"Sacramento-Stockton-Modesto, CA",38.7524054,-121.2603762,1.0
2025-07-01,56306,Route 17 Mitsubishi,Ramsey,NJ,07446,501,"New York, NY",41.0724998,-74.1420132,1.0
2025-07-01,8670,Southtowne Hyundai of Riverdale,Riverdale,GA,30274,524,"Atlanta, GA",33.5455345,-84.4164445,1.0
2025-07-01,8604,Suntrup Kia South,St. Louis,MO,63123,609,"St. Louis, MO",38.5160485,-90.3441408,1.0
2025-07-01,2107,Suntrup Nissan,St. Louis,MO,63123,609,"St. Louis, MO",38.5208643,-90.3438767,1.0
2025-07-01,5357,Suntrup Volkswagen,St. Louis,MO,63123,609,"St. Louis, MO",38.5208039,-90.3432543,1.0
2025-07-01,69397,Tom Bell Chevrolet,Redlands,CA,92374,803,"Los Angeles, CA",34.0637996,-117.2078979,1.0
2025-07-01,58908,Tonkin Wilsonville Nissan,Wilsonville,OR,97070,820,"Portland, OR",45.3267254,-122.7711528,1.0
2025-07-01,30195,Wilde Honda,Waukesha,WI,53186,617,"Milwaukee, WI",43.0251475,-88.201983,1.0
2025-07-01,9592,Burns Hyundai,Evesham,NJ,08053,504,"Philadelphia, PA",39.8945897,-74.9382479,0.0
2025-07-01,70476,Genesis of Escondido,Escondido,CA,92029,825,"San Diego, CA",33.1150272,-117.1049655,0.0
2025-07-01,71422,Hyundai City of Bay Ridge,Brooklyn,NY,11209,501,"New York, NY",40.6192775,-74.0295303,0.0
2025-07-01,73001,West Houston Hyundai,Houston,TX,77094,618,"Houston, TX",29.7842958,-95.6736241,0.0
2025-08-01,61186,Braman Genesis,Miami,FL,33137,528,"Miami-Ft. Lauderdale, FL",25.7954893,-80.1910373,653.0
2025-08-01,73396,Genesis of Cherry Hill,Evesham,NJ,08053,504,"Philadelphia, PA",39.8831146,-74.9226358,429.0
2025-08-01,7006,Genesis of Atlanta,Atlanta,GA,30341,524,"Atlanta, GA",33.9080158,-84.2909986,337.0
2025-08-01,73840,Genesis of Braintree,Quincy,MA,02169,506,"Boston, MA-Manchester, NH",42.2364548,-70.9785026,277.0
2025-08-01,72517,Genesis of Loma Linda,Ontario,CA,91764,803,"Los Angeles, CA",34.0699402,-117.6059991,268.0
2025-08-01,69264,Genesis of Naples,Naples,FL,34109,571,"Ft. Myers-Naples, FL",26.2279083,-81.7660554,252.0
2025-08-01,62585,Genesis of the North Shore,Hicksville,NY,11801,501,"New York, NY",40.7702089,-73.5027249,249.0
2025-08-01,57353,Jenkins Genesis of North East Jacksonville,Jacksonville,FL,32225,561,"Jacksonville, FL",30.3253588,-81.5105439,247.0
2025-08-01,6767,Tuttle-Click Genesis,Irvine,CA,92618,803,"Los Angeles, CA",33.6342181,-117.7233823,246.0
2025-08-01,72673,Earnhardt Genesis North Scottsdale,Scottsdale,AZ,85260,753,"Phoenix, AZ",33.631299,-111.8982196,239.0
2025-08-01,68783,Coconut Creek Genesis,Coconut Creek,FL,33073,528,"Miami-Ft. Lauderdale, FL",26.2914037,-80.2009677,233.0
2025-08-01,70287,Genesis of St. Charles,St. Peters,MO,63376,609,"St. Louis, MO",38.7975346,-90.5978187,230.0
2025-08-01,29179,Genesis of White Plains,White Plains,NY,10606,501,"New York, NY",41.0350081,-73.7836873,225.0
2025-08-01,9001,Genesis of Chandler,Chandler,AZ,85286,753,"Phoenix, AZ",33.2846933,-111.7910889,222.0
2025-08-01,3156,Genesis of Schaumburg,Schaumburg,IL,60173,602,"Chicago, IL",42.0509027,-88.053118,217.0
2025-08-01,64605,Genesis of South Bay,Torrance,CA,90505,803,"Los Angeles, CA",33.7991718,-118.3411724,214.0
2025-08-01,52440,Genesis of Mentor,Mentor,OH,44060,510,"Cleveland-Akron (Canton), OH",41.6834521,-81.3348422,210.0
2025-08-01,7692,Genesis of The South Shore,West Islip,NY,11795,501,"New York, NY",40.7207062,-73.3044797,200.0
2025-08-01,62609,Norm Reeves Genesis of Cerritos,Cerritos,CA,90703,803,"Los Angeles, CA",33.8662378,-118.1015234,197.0
2025-08-01,73041,Gettel Genesis of Sarasota,Sarasota,FL,34233,539,"Tampa-St Petersburg (Sarasota), FL",27.2695206,-82.4746827,187.0
2025-08-01,53667,Genesis Of Cumming,Cumming,GA,30041,524,"Atlanta, GA",34.1439728,-84.1730152,186.0
2025-08-01,66836,Genesis of Peoria,Peoria,AZ,85382,753,"Phoenix, AZ",33.6372458,-112.2451079,181.0
2025-08-01,62581,Genesis Santa Monica,Santa Monica,CA,90404,803,"Los Angeles, CA",34.03227,-118.4751279,179.0
2025-08-01,94818,Genesis of Milwaukee,Waukesha,WI,53186,617,"Milwaukee, WI",43.0244944,-88.2038863,176.0
2025-08-01,69118,Hudson Hyundai,Jersey City,NJ,07304,501,"New York, NY",40.7234737,-74.0888952,176.0
2025-08-01,9004,Genesis of Littleton,Englewood,CO,80113,751,"Denver, CO",39.6200977,-104.9885845,173.0
2025-08-01,71490,Genesis of West Houston,Houston,TX,77094,618,"Houston, TX",29.7836158,-95.673582,167.0
2025-08-01,26003,Genesis of Elgin,Elgin,IL,60120,602,"Chicago, IL",42.0317119,-88.2445971,166.0
2025-08-01,72010,Genesis of Charlotte,Charlotte,NC,28227,517,"Charlotte, NC",35.1428872,-80.7216186,165.0
2025-08-01,74040,Genesis of San Bruno,San Bruno,CA,94066,807,"San Francisco-Oakland-San Jose, CA",37.6372585,-122.419091,157.0
2025-08-01,98536,Galpin Genesis of Van Nuys,Los Angeles,CA,91406,803,"Los Angeles, CA",34.2209833,-118.4687863,155.0
2025-08-01,73389,Genesis of Freehold,Freehold,NJ,07728,501,"New York, NY",40.2641336,-74.2924834,154.0
2025-08-01,93460,Genesis of Portland,Portland,OR,97225,820,"Portland, OR",45.4962782,-122.7698208,153.0
2025-08-01,57975,Genesis of Kennesaw,Kennesaw,GA,30144,524,"Atlanta, GA",34.0233261,-84.5734338,152.0
2025-08-01,3102,Genesis of Alexandria,Alexandria,VA,22301,511,"Washington, DC (Hagerstown, MD)",38.8213866,-77.0576309,151.0
2025-08-01,2734,Genesis of Carmel,Indianapolis,IN,46240,527,"Indianapolis, IN",39.9293455,-86.0966346,150.0
2025-08-01,73893,Genesis of Brunswick,South Brunswick Township,NJ,08852,501,"New York, NY",40.4111541,-74.5423003,145.0
2025-08-01,28092,Genesis of Las Vegas,Las Vegas,NV,89117,839,"Las Vegas, NV",36.1449418,-115.2489832,145.0
2025-08-01,96938,Genesis of North Cincinnati,Cincinnati,OH,45249,515,"Cincinnati, OH",39.2926575,-84.3036044,141.0
2025-08-01,3566,Genesis of Highland Park,Highland Park,IL,60035,602,"Chicago, IL",42.1609423,-87.8081446,139.0
2025-08-01,72695,Rick Case Genesis,Plantation,FL,33317,528,"Miami-Ft. Lauderdale, FL",26.1351086,-80.2031534,138.0
2025-08-01,70074,Genesis of Fort Myers,Fort Myers,FL,33907,571,"Ft. Myers-Naples, FL",26.596538,-81.8605256,136.0
2025-08-01,69062,Genesis of Lindon,Lindon,UT,84042,770,"Salt Lake City, UT",40.3293405,-111.7338433,136.0
2025-08-01,71992,Genesis of Brooklyn,Brooklyn,NY,11232,501,"New York, NY",40.6571085,-74.014405,134.0
2025-08-01,67653,Genesis of Corona,Corona,CA,92882,803,"Los Angeles, CA",33.882918,-117.6138489,134.0
2025-08-01,10409,Genesis of Southwest Houston,Houston,TX,77074,618,"Houston, TX",29.6691333,-95.5474174,134.0
2025-08-01,4349,Jenkins Genesis of Leesburg,Leesburg,FL,34788,534,"Orlando-Daytona Beach-Melbourne, FL",28.8228437,-81.7874886,134.0
2025-08-01,4919,Genesis of North Aurora,North Aurora,IL,60542,602,"Chicago, IL",41.80082,-88.3739138,132.0
2025-08-01,69823,Genesis Of Charleston,Charleston,SC,29414,519,"Charleston, SC",32.7982545,-80.0859341,126.0
2025-08-01,94375,Castle Genesis of Downers Grove,Oakbrook Terrace,IL,60181,602,"Chicago, IL",41.8582742,-87.9545485,125.0
2025-08-01,61240,Genesis of Palm Springs,Palm Springs,CA,92264,804,"Palm Springs, CA",33.7945577,-116.5032881,125.0
2025-08-01,6996,Genesis of Lafayette,Lafayette,LA,70506,642,"Lafayette, LA",30.1552098,-92.0910284,117.0
2025-08-01,61326,Genesis of Denville,Denville,NJ,07834,501,"New York, NY",40.8681668,-74.5137571,116.0
2025-08-01,1130,Genesis of Kirkland,Kirkland,WA,98034,819,"Seattle-Tacoma, WA",47.7072771,-122.1748634,113.0
2025-08-01,73682,Wallace Genesis,Stuart,FL,34997,548,"West Palm Beach-Ft. Pierce, FL",27.1605832,-80.2229084,113.0
2025-08-01,8533,Genesis North Orlando,Winter Park,FL,32789,534,"Orlando-Daytona Beach-Melbourne, FL",28.6088331,-81.3648614,111.0
2025-08-01,72126,Genesis of Ocala,Ocala,FL,34471,534,"Orlando-Daytona Beach-Melbourne, FL",29.1773171,-82.1519073,109.0
2025-08-01,71052,Lakeland Genesis,Lakeland,FL,33815,539,"Tampa-St Petersburg (Sarasota), FL",28.054301,-81.9758413,107.0
2025-08-01,68840,Genesis of Golden,Golden,CO,80401,751,"Denver, CO",39.730479,-105.1754951,106.0
2025-08-01,17853,Genesis of Winston-Salem,Winston-Salem,NC,27127,518,"Greensboro-High Point-Winston Salem, NC",36.0674142,-80.2606633,104.0
2025-08-01,9254,Genesis of Bloomington-Normal,Normal,IL,61761,675,"Peoria-Bloomington, IL",40.5165466,-88.9541909,103.0
2025-08-01,94567,Genesis of Kansas City,Overland Park,KS,66204,616,"Kansas City, MO",38.9882713,-94.6681597,103.0
2025-08-01,68256,Genesis of Lexington,Lexington,KY,40509,541,"Lexington, KY",37.9960356,-84.441848,103.0
2025-08-01,73795,Crown Genesis,St. Petersburg,FL,33714,539,"Tampa-St Petersburg (Sarasota), FL",27.8204635,-82.6786673,99.0
2025-08-01,69670,Rick Case Genesis Davie,Davie,FL,33331,528,"Miami-Ft. Lauderdale, FL",26.0758729,-80.3619504,99.0
2025-08-01,65747,Genesis Of Clear Lake,Webster,TX,77598,618,"Houston, TX",29.5340161,-95.13376,98.0
2025-08-01,62587,Genesis of Aurora,Aurora,IL,60504,602,"Chicago, IL",41.7515762,-88.213844,98.0
2025-08-01,73379,Genesis of Milford,Milford,CT,06460,533,"Hartford & New Haven, CT",41.2076083,-73.0884209,98.0
2025-08-01,9594,Genesis of Orange Park,Jacksonville,FL,32244,561,"Jacksonville, FL",30.2100757,-81.7391104,98.0
2025-08-01,70052,Norm Reeves Genesis of Irving,Irving,TX,75062,623,"Dallas-Ft. Worth, TX",32.8360367,-96.921086,98.0
2025-08-01,69570,Genesis of Cary,Cary,NC,27511,560,"Raleigh-Durham (Fayetteville), NC",35.7384809,-78.8093998,96.0
2025-08-01,1393,Genesis of Plano,Plano,TX,75093,623,"Dallas-Ft. Worth, TX",33.0102218,-96.7668456,96.0
2025-08-01,96075,Genesis of Smithtown,Saint James,NY,11780,501,"New York, NY",40.861595,-73.159573,95.0
2025-08-01,12986,Genesis of Buffalo,Williamsville,NY,14221,514,"Buffalo, NY",42.960953,-78.691081,94.0
2025-08-01,1250,Genesis of New Orleans,Metairie,LA,70003,622,"New Orleans, LA",30.0058423,-90.2210481,94.0
2025-08-01,94705,Genesis of Ridgefield,Norwalk,CT,06851,501,"New York, NY",41.1261307,-73.4233158,94.0
2025-08-01,71661,Allen Turner Genesis,Pensacola,FL,32505,686,"Mobile, AL-Pensacola (Ft. Walton Beach), FL",30.4750621,-87.247943,92.0
2025-08-01,73680,Genesis of Wayne,Wayne,NJ,07470,501,"New York, NY",40.948967,-74.276307,90.0
2025-08-01,61217,Genesis of Weatherford,Hudson Oaks,TX,76087,623,"Dallas-Ft. Worth, TX",32.7558051,-97.6929673,90.0
2025-08-01,61239,Genesis of Central Florida,Clermont,FL,34711,534,"Orlando-Daytona Beach-Melbourne, FL",28.5478492,-81.6689649,89.0
2025-08-01,67536,Genesis of Omaha,Omaha,NE,68118,652,"Omaha, NE",41.2639237,-96.1858719,88.0
2025-08-01,64426,Genesis of Algonquin,Algonquin,IL,60102,602,"Chicago, IL",42.1629985,-88.3344476,87.0
2025-08-01,68973,Genesis of Dublin,Dublin,CA,94568,807,"San Francisco-Oakland-San Jose, CA",37.7027037,-121.9030039,87.0
2025-08-01,2584,Genesis Of Norman,Norman,OK,73069,650,"Oklahoma City, OK",35.2248696,-97.4845549,86.0
2025-08-01,4899,Genesis of Conway,Conway,AR,72032,693,"Little Rock-Pine Bluff, AR",35.093494,-92.421864,86.0
2025-08-01,73042,Gettel Genesis of Lakewood,Bradenton,FL,34208,539,"Tampa-St Petersburg (Sarasota), FL",27.4953171,-82.4871204,86.0
2025-08-01,97787,Genesis Montgomery,Montgomery,AL,36106,698,"Montgomery (Selma), AL",32.3606235,-86.2242999,85.0
2025-08-01,70093,Genesis of Merrillville,Merrillville,IN,46410,602,"Chicago, IL",41.4717832,-87.3480253,85.0
2025-08-01,4941,Genesis of Conshohocken,Conshohocken,PA,19428,504,"Philadelphia, PA",40.1028837,-75.3064312,84.0
2025-08-01,2525,Genesis of Cool Springs,Franklin,TN,37067,659,"Nashville, TN",35.9580609,-86.8090467,84.0
2025-08-01,36300,Delray Genesis,Delray Beach,FL,33483,548,"West Palm Beach-Ft. Pierce, FL",26.4720932,-80.0668508,82.0
2025-08-01,67498,Genesis of West Palm Beach,West Palm Beach,FL,33409,548,"West Palm Beach-Ft. Pierce, FL",26.7072233,-80.0873646,82.0
2025-08-01,69102,Orlando Genesis,Orlando,FL,32808,534,"Orlando-Daytona Beach-Melbourne, FL",28.5521196,-81.4309809,82.0
2025-08-01,9164,Genesis of Kearny Mesa,San Diego,CA,92111,825,"San Diego, CA",32.82812,-117.1528769,81.0
2025-08-01,71985,Genesis of Columbus,Columbus,OH,43230,535,"Columbus, OH",40.0598318,-82.9433206,80.0
2025-08-01,70624,Genesis of Noblesville,Noblesville,IN,46060,527,"Indianapolis, IN",40.0446534,-85.9936143,79.0
2025-08-01,1531,Genesis of Manchester,Bedford,NH,03110,506,"Boston, MA-Manchester, NH",42.944374,-71.472789,78.0
2025-08-01,69382,Genesis of West Chester,West Chester,PA,19382,504,"Philadelphia, PA",39.9023291,-75.5655602,77.0
2025-08-01,10212,Genesis of Edmond,Edmond,OK,73013,650,"Oklahoma City, OK",35.6128747,-97.4967472,76.0
2025-08-01,64037,Universal Genesis,Orlando,FL,32837,534,"Orlando-Daytona Beach-Melbourne, FL",28.3794594,-81.4033691,76.0
2025-08-01,70631,Genesis of Lake Norman,Cornelius,NC,28031,517,"Charlotte, NC",35.467345,-80.872696,75.0
2025-08-01,64003,Genesis of Bel Air,Fallston,MD,21047,512,"Baltimore, MD",39.5065574,-76.3858171,73.0
2025-08-01,69032,Genesis Of NW San Antonio,Boerne,TX,78006,641,"San Antonio, TX",29.6844593,-98.6411438,72.0
2025-08-01,71829,Genesis of Chantilly,Chantilly,VA,20151,511,"Washington, DC (Hagerstown, MD)",38.903778,-77.4621301,72.0
2025-08-01,11303,Genesis of Appleton,Appleton,WI,54913,658,"Green Bay-Appleton, WI",44.2887964,-88.4759736,71.0
2025-08-01,9171,Genesis of Longview,Longview,TX,75605,709,"Tyler-Longview(Lufkin & Nacogdoches), TX",32.5633713,-94.7310184,71.0
2025-08-01,70290,Genesis of Greer,Greer,SC,29651,567,"Greenville-Spartanburg, SC-Asheville, NC-Anderson, SC",34.949924,-82.198468,68.0
2025-08-01,96441,Genesis of Rocklin,Rocklin,CA,95677,862,"Sacramento-Stockton-Modesto, CA",38.7952904,-121.2164042,68.0
2025-08-01,61284,Genesis of Springfield,Springfield,VA,22150,511,"Washington, DC (Hagerstown, MD)",38.7503466,-77.1828597,66.0
2025-08-01,71564,Clay Cooley Genesis of Mesquite,Mesquite,TX,75150,623,"Dallas-Ft. Worth, TX",32.8336891,-96.6306212,64.0
2025-08-01,73383,Genesis of Newnan,Newnan,GA,30263,524,"Atlanta, GA",33.3980326,-84.751469,64.0
2025-08-01,36882,Genesis of Virginia Beach,Virginia Beach,VA,23452,544,"Norfolk-Portsmouth-Newport News,VA",36.8356924,-76.0987758,64.0
2025-08-01,10916,Genesis of Louisville,Jeffersontown,KY,40299,529,"Louisville, KY",38.2125896,-85.5378392,63.0
2025-08-01,61277,Genesis of New Hudson,New Hudson,MI,48165,505,"Detroit, MI",42.5161168,-83.609054,63.0
2025-08-01,67535,Genesis of Wolfchase,Memphis,TN,38133,640,"Memphis, TN",35.2032351,-89.8071642,63.0
2025-08-01,70835,Genesis of Tulsa,Tulsa,OK,74133,671,"Tulsa, OK",36.022119,-95.8852819,62.0
2025-08-01,4844,Genesis of Miami Lakes,Miami Lakes,FL,33014,528,"Miami-Ft. Lauderdale, FL",25.9235071,-80.3016669,60.0
2025-08-01,61459,Genesis of Augusta,Augusta,GA,30907,520,"Augusta, GA",33.5157506,-82.0641493,57.0
2025-08-01,71974,Genesis of Columbia,Columbia,SC,29203,546,"Columbia, SC",34.1430845,-80.9485594,57.0
2025-08-01,68945,Genesis of San Antonio East,San Antonio,TX,78233,641,"San Antonio, TX",29.5452956,-98.3688609,56.0
2025-08-01,4457,Genesis of Spring,Spring,TX,77373,618,"Houston, TX",30.0627988,-95.4322263,56.0
2025-08-01,81842,Genesis of West Warwick,West Warwick,RI,02893,521,"Providence, RI-New Bedford, MA",41.684535,-71.5014056,56.0
2025-08-01,98745,Genesis of Danvers,Danvers,MA,01923,506,"Boston, MA-Manchester, NH",42.5595013,-70.9786915,55.0
2025-08-01,8947,Genesis of Wichita,Wichita,KS,67206,678,"Wichita-Hutchinson, KS",37.7055104,-97.2084739,55.0
2025-08-01,7375,Genesis of Bedford,Bedford,OH,44146,510,"Cleveland-Akron (Canton), OH",41.4061393,-81.5482726,54.0
2025-08-01,2157,Genesis of Suitland,Bowie,MD,20716,511,"Washington, DC (Hagerstown, MD)",38.9227402,-76.7179222,53.0
2025-08-01,70573,Genesis of Gwinnett,Duluth,GA,30096,524,"Atlanta, GA",33.9606012,-84.1164625,52.0
2025-08-01,61515,Genesis Of Madison,Madison,WI,53713,669,"Madison, WI",43.0341872,-89.4116586,51.0
2025-08-01,91447,Genesis of Albany,Albany,NY,12205,532,"Albany-Schenectady-Troy, NY",42.7296031,-73.8529553,51.0
2025-08-01,2687,Genesis of Parma,Parma,OH,44129,510,"Cleveland-Akron (Canton), OH",41.4180454,-81.7339114,51.0
2025-08-01,99734,Genesis of Tampa,Tampa,FL,33613,539,"Tampa-St Petersburg (Sarasota), FL",28.0872094,-82.4521026,50.0
2025-08-01,70696,Genesis of Round Rock,Round Rock,TX,78665,635,"Austin, TX",30.5322484,-97.6891408,49.0
2025-08-01,69447,King Genesis,Deerfield Beach,FL,33441,528,"Miami-Ft. Lauderdale, FL",26.29967,-80.0946749,49.0
2025-08-01,73397,Genesis of Daytona Beach,Daytona Beach,FL,32117,534,"Orlando-Daytona Beach-Melbourne, FL",29.2235952,-81.0481335,48.0
2025-08-01,69883,Genesis of North Plainfield,North Plainfield,NJ,07060,501,"New York, NY",40.6165806,-74.4551273,48.0
2025-08-01,2511,Genesis of Clearwater,Clearwater,FL,33761,539,"Tampa-St Petersburg (Sarasota), FL",28.0222085,-82.7380372,47.0
2025-08-01,66747,Genesis Of Southfield,Southfield,MI,48034,505,"Detroit, MI",42.4941876,-83.2830437,45.0
2025-08-01,68961,Genesis of Hampton,Hampton,VA,23666,544,"Norfolk-Portsmouth-Newport News,VA",37.0619771,-76.4003949,45.0
2025-08-01,4571,Genesis of Nashua,Nashua,NH,03060,506,"Boston, MA-Manchester, NH",42.7272329,-71.4464946,45.0
2025-08-01,72341,Genesis of Auburn,Auburn,AL,36830,522,"Columbus, GA",32.6179594,-85.4635689,44.0
2025-08-01,6832,Genesis of Denton,Denton,TX,76210,623,"Dallas-Ft. Worth, TX",33.1691755,-97.0819556,43.0
2025-08-01,8386,Genesis of Huntington,Huntington,NY,11743,501,"New York, NY",40.8332861,-73.3617156,42.0
2025-08-01,67522,Genesis of Wexford,Wexford,PA,15090,508,"Pittsburgh, PA",40.6143612,-80.0568103,42.0
2025-08-01,72197,Genesis of Doylestown,Doylestown,PA,18902,504,"Philadelphia, PA",40.3335783,-75.1370158,40.0
2025-08-01,83168,Genesis of Framingham,Framingham,MA,01702,506,"Boston, MA-Manchester, NH",42.2974046,-71.417428,40.0
2025-08-01,73481,Genesis of Kalamazoo,Kalamazoo,MI,49009,563,"Grand Rapids-Kalamazoo-Battle Creek, MI",42.2973176,-85.6584469,40.0
2025-08-01,69980,Genesis of Minneapolis,Golden Valley,MN,55426,613,"Minneapolis-St. Paul, MN",44.9724585,-93.3935748,40.0
2025-08-01,61567,Genesis of Monroeville,Monroeville,PA,15146,508,"Pittsburgh, PA",40.4308948,-79.7170895,40.0
2025-08-01,6292,Genesis of Harlingen,Harlingen,TX,78552,636,"Harlingen-Weslaco-Brownsville-McAllen, TX",26.1864793,-97.7753841,39.0
2025-08-01,65171,Genesis of Selma,Selma,CA,93662,866,"Fresno-Visalia, CA",36.5705206,-119.6297571,39.0
2025-08-01,61112,Homestead Genesis,Homestead,FL,33030,528,"Miami-Ft. Lauderdale, FL",25.4674062,-80.472177,39.0
2025-08-01,52776,Genesis Of Macomb,Macomb,MI,48044,505,"Detroit, MI",42.6294783,-82.9318824,38.0
2025-08-01,12744,Genesis of Ballwin,Ballwin,MO,63011,609,"St. Louis, MO",38.5925561,-90.5337953,37.0
2025-08-01,61196,Genesis of Arlington,Arlington,MA,02476,506,"Boston, MA-Manchester, NH",42.4232377,-71.1738841,36.0
2025-08-01,9530,Genesis of Brunswick,Brunswick,OH,44212,510,"Cleveland-Akron (Canton), OH",41.2391403,-81.7926475,36.0
2025-08-01,69409,Genesis of Richmond,Richmond,CA,94806,807,"San Francisco-Oakland-San Jose, CA",37.9857273,-122.3202802,36.0
2025-08-01,16023,Genesis of Baton Rouge,Baton Rouge,LA,70809,716,"Baton Rouge, LA",30.3805348,-91.0404825,35.0
2025-08-01,91019,Genesis of Hickory,Hickory,NC,28602,517,"Charlotte, NC",35.7151389,-81.3379647,35.0
2025-08-01,72712,Genesis of Roswell,Roswell,GA,30076,524,"Atlanta, GA",34.056201,-84.32906,35.0
2025-08-01,68638,Genesis of Downtown Chicago,Chicago,IL,60616,602,"Chicago, IL",41.8442199,-87.6240557,34.0
2025-08-01,69018,Genesis of Hickory Hollow,Nashville,TN,37211,659,"Nashville, TN",36.0456523,-86.7012321,34.0
2025-08-01,68812,Genesis of South Knoxville,Alcoa,TN,37701,557,"Knoxville, TN",35.8245636,-83.9755837,33.0
2025-08-01,69737,Genesis of Richmond,Bon Air,VA,23235,556,"Richmond-Petersburg, VA",37.5013145,-77.5717929,32.0
2025-08-01,73353,Genesis of Annapolis,Annapolis,MD,21401,512,"Baltimore, MD",38.976603,-76.5095064,31.0
2025-08-01,5541,Genesis Glenview,Glenview,IL,60026,602,"Chicago, IL",42.1061877,-87.8216753,30.0
2025-08-01,67547,Genesis of Ogden,Ogden,UT,84401,770,"Salt Lake City, UT",41.2030548,-111.9799594,30.0
2025-08-01,3110,Genesis of South St. Louis County,St. Louis,MO,63123,609,"St. Louis, MO",38.521476,-90.3450902,30.0
2025-08-01,71500,Genesis of Waterloo,Waterloo,IA,50702,637,"Cedar Rapids-Waterloo-Iowa City & Dubuque, IA",42.4906379,-92.3401956,30.0
2025-08-01,64724,Genesis of Groveport,Groveport,OH,43125,535,"Columbus, OH",39.8895794,-82.8876146,29.0
2025-08-01,71909,Napleton's North Palm Hyundai,Lake Park,FL,33403,548,"West Palm Beach-Ft. Pierce, FL",26.809389,-80.0935379,29.0
2025-08-01,100501,Genesis Macon,Macon,GA,31210,503,"Macon, GA",32.8866204,-83.675043,28.0
2025-08-01,42325,Genesis Memphis Covington Pike,Memphis,TN,38134,640,"Memphis, TN",35.1781733,-89.8953093,28.0
2025-08-01,10129,Genesis of Covington,Covington,LA,70433,622,"New Orleans, LA",30.4321,-90.0886416,27.0
2025-08-01,61127,Genesis of Hattiesburg,Hattiesburg,MS,39402,710,"Hattiesburg-Laurel, MS",31.3166979,-89.407095,27.0
2025-08-01,70671,Genesis of Owings Mills,Owings Mills,MD,21117,512,"Baltimore, MD",39.43549,-76.800636,27.0
2025-08-01,8750,Sid Dillon Genesis of Lincoln,Lincoln,NE,68512,722,"Lincoln & Hastings-Kearney, NE",40.7364094,-96.6846163,27.0
2025-08-01,69931,Genesis of Commerce,West Bloomfield Township,MI,48322,505,"Detroit, MI",42.5607276,-83.4398789,25.0
2025-08-01,793,Genesis of Hazelwood,Hazelwood,MO,63042,609,"St. Louis, MO",38.7811015,-90.3650463,25.0
2025-08-01,71271,Genesis of Cartersville,Cartersville,GA,30120,524,"Atlanta, GA",34.1915656,-84.7876903,24.0
2025-08-01,73395,Genesis of Union City,Riverdale,GA,30274,524,"Atlanta, GA",33.5645576,-84.4132949,24.0
2025-08-01,56215,Genesis of Westlake,Thousand Oaks,CA,91362,803,"Los Angeles, CA",34.1644513,-118.8296499,24.0
2025-08-01,73400,Genesis of Macon,Macon,GA,31210,503,"Macon, GA",32.8866204,-83.675043,22.0
2025-08-01,72560,Genesis of West Knoxville,Knoxville,TN,37923,557,"Knoxville, TN",35.9181977,-84.0733877,22.0
2025-08-01,99924,Genesis of Avon,Simsbury,CT,06092,533,"Hartford & New Haven, CT",41.8203914,-72.8690454,21.0
2025-08-01,69498,Genesis of Eastern Shore,Daphne,AL,36526,686,"Mobile, AL-Pensacola (Ft. Walton Beach), FL",30.6607867,-87.8567477,21.0
2025-08-01,73375,Genesis of Melbourne,Melbourne,FL,32901,534,"Orlando-Daytona Beach-Melbourne, FL",28.0781199,-80.6372008,21.0
2025-08-01,5334,Genesis of Fayetteville,Fayetteville,NC,28314,560,"Raleigh-Durham (Fayetteville), NC",35.0630371,-78.9696547,20.0
2025-08-01,69370,Genesis of Northampton,Northampton,MA,01060,543,"Springfield-Holyoke, MA",42.3359481,-72.6356287,20.0
2025-08-01,61176,Headquarter Genesis,Lake Mary,FL,32746,534,"Orlando-Daytona Beach-Melbourne, FL",28.7885443,-81.3466546,20.0
2025-08-01,3536,Genesis of Rockville,North Bethesda,MD,20852,511,"Washington, DC (Hagerstown, MD)",39.0438363,-77.1107675,19.0
2025-08-01,3152,Genesis of St. Cloud,Waite Park,MN,56387,613,"Minneapolis-St. Paul, MN",45.5485676,-94.2285831,19.0
2025-08-01,69757,Genesis of Wilkes-Barre,Wilkes-Barre,PA,18702,577,"Wilkes Barre-Scranton, PA",41.2549421,-75.8381435,19.0
2025-08-01,69414,Genesis of Olive Branch,Olive Branch,MS,38654,640,"Memphis, TN",34.9790497,-89.8645852,18.0
2025-08-01,69400,Genesis of Austin,Austin,TX,78745,635,"Austin, TX",30.2097044,-97.7566525,15.0
2025-08-01,70200,Genesis of Chattanooga,Chattanooga,TN,37421,575,"Chattanooga, TN",35.0602866,-85.1922179,15.0
2025-08-01,10564,Genesis of Meriden,Meriden,CT,06450,533,"Hartford & New Haven, CT",41.5137568,-72.8062752,15.0
2025-08-01,60611,Genesis of Huntsville,Huntsville,AL,35816,691,"Huntsville-Decatur (Florence), AL",34.7342382,-86.6214927,14.0
2025-08-01,648,Genesis of Calumet City,Calumet City,IL,60409,602,"Chicago, IL",41.6004518,-87.5734156,12.0
2025-08-01,3992,Genesis of New Bern,New Bern,NC,28560,545,"Greenville-New Bern-Washington, NC",35.0579658,-77.0170433,12.0
2025-08-01,70356,Hampton Genesis,Fort Walton Beach,FL,32548,686,"Mobile, AL-Pensacola (Ft. Walton Beach), FL",30.4123712,-86.6281688,12.0
2025-08-01,69677,Genesis of La Quinta,La Quinta,CA,92253,804,"Palm Springs, CA",33.7072313,-116.2852619,11.0
2025-08-01,18922,Genesis of Lafayette,Lafayette,IN,47904,582,"Lafayette, IN",40.4192119,-86.8589689,11.0
2025-08-01,49527,Genesis of Urbana,Urbana,IL,61802,648,"Champaign & Springfield-Decatur,IL",40.1386655,-88.1960739,11.0
2025-08-01,36816,Warner Robins Chrysler Dodge Jeep Ram FIAT,Warner Robins,GA,31093,503,"Macon, GA",32.6175306,-83.6790543,11.0
2025-08-01,70876,Doral Genesis,Doral,FL,33172,528,"Miami-Ft. Lauderdale, FL",25.7843093,-80.3669404,10.0
2025-08-01,12806,Genesis of Lake Park,Lake Park,FL,33403,548,"West Palm Beach-Ft. Pierce, FL",26.8099851,-80.0930527,9.0
2025-08-01,9692,Hyundai of La Quinta,La Quinta,CA,92253,804,"Palm Springs, CA",33.7072313,-116.2852619,8.0
2025-08-01,73047,Genesis of Stevens Creek,Santa Clara,CA,95051,807,"San Francisco-Oakland-San Jose, CA",37.3235793,-121.9800176,7.0
2025-08-01,83639,Napleton Maserati of Indianapolis,Indianapolis,IN,46240,527,"Indianapolis, IN",39.9276857,-86.0978814,7.0
2025-08-01,68698,GENESIS OF BAYSIDE,Queens,NY,11361,501,"New York, NY",40.7573441,-73.7811612,6.0
2025-08-01,84406,Genesis at Long of Chattanooga,Chattanooga,TN,37421,575,"Chattanooga, TN",35.059805,-85.190767,6.0
2025-08-01,69701,Genesis of Victorville,Victorville,CA,92392,803,"Los Angeles, CA",34.5060794,-117.3405032,6.0
2025-08-01,71242,Edwards Kia,Council Bluffs,IA,51501,652,"Omaha, NE",41.2222637,-95.8507804,5.0
2025-08-01,1691,Genesis of Fairfield,Fairfield,CT,06825,501,"New York, NY",41.1661525,-73.2298512,5.0
2025-08-01,4360,Paramount Hyundai Hickory,Hickory,NC,28602,517,"Charlotte, NC",35.715088,-81.3379676,5.0
2025-08-01,64039,Suntrup Hyundai South,St. Louis,MO,63123,609,"St. Louis, MO",38.521476,-90.3450902,5.0
2025-08-01,69375,Genesis of Hilton Head,Bluffton,SC,29910,507,"Savannah, GA",32.2898537,-80.9132918,4.0
2025-08-01,61156,Genesis of Mattoon,Mattoon,IL,61938,648,"Champaign & Springfield-Decatur,IL",39.4823346,-88.3786268,4.0
2025-08-01,100529,Genesis of San Diego,San Diego,CA,92111,825,"San Diego, CA",32.8306319,-117.1434333,4.0
2025-08-01,10755,South Point Hyundai,Austin,TX,78745,635,"Austin, TX",30.2097091,-97.7566541,4.0
2025-08-01,100307,Genesis of Mountain View,Mountain View,CA,94040,807,"San Francisco-Oakland-San Jose, CA",37.4048603,-122.1093955,3.0
2025-08-01,25780,Kentson Car Company,Bountiful,UT,84010,770,"Salt Lake City, UT",40.862791,-111.8925406,3.0
2025-08-01,99729,Stoler Chevrolet Buick,Owings Mills,MD,21117,512,"Baltimore, MD",39.4371908,-76.7993264,3.0
2025-08-01,3745,Vandergriff Hyundai,Arlington,TX,76017,623,"Dallas-Ft. Worth, TX",32.6758213,-97.1247183,3.0
2025-08-01,69443,eCarOne,Plano,TX,75093,623,"Dallas-Ft. Worth, TX",33.0152705,-96.7767928,3.0
2025-08-01,75561,BMW of West St Louis,Manchester,MO,63011,609,"St. Louis, MO",38.5938191,-90.5172172,2.0
2025-08-01,891,Five Star Chevrolet,Warner Robins,GA,31093,503,"Macon, GA",32.6181243,-83.6038649,2.0
2025-08-01,2929,Gurley Leep Hyundai,Mishawaka,IN,46545,588,"South Bend-Elkhart, IN",41.7085345,-86.1860372,2.0
2025-08-01,7311,Stevens Creek Hyundai,Santa Clara,CA,95051,807,"San Francisco-Oakland-San Jose, CA",37.3235793,-121.9800176,2.0
2025-08-01,60974,Audi Montgomery,Montgomery,AL,36117,698,"Montgomery (Selma), AL",32.3757044,-86.2084007,1.0
2025-08-01,13821,Audi North Shore,Brown Deer,WI,53223,617,"Milwaukee, WI",43.1791437,-87.9669639,1.0
2025-08-01,61741,Burns Buick GMC,Evesham,NJ,08053,504,"Philadelphia, PA",39.8944583,-74.9371349,1.0
2025-08-01,9592,Burns Hyundai,Evesham,NJ,08053,504,"Philadelphia, PA",39.8945897,-74.9382479,1.0
2025-08-01,74653,CarMax Bakersfield,Bakersfield,CA,93307,800,"Bakersfield, CA",35.2931773,-119.0284246,1.0
2025-08-01,74686,CarMax Huntsville,Huntsville,AL,35806,691,"Huntsville-Decatur (Florence), AL",34.7474179,-86.6847145,1.0
2025-08-01,74931,CarMax Independence Boulevard,Charlotte,NC,28227,517,"Charlotte, NC",35.1598534,-80.7341335,1.0
2025-08-01,80993,Driveline Used Cars of Murrieta,Murrieta,CA,92562,803,"Los Angeles, CA",33.5292134,-117.1733988,1.0
2025-08-01,15434,Folsom Lake Ford,Folsom,CA,95630,862,"Sacramento-Stockton-Modesto, CA",38.6346917,-121.2046807,1.0
2025-08-01,74793,GRUBBS INFINITI,Grapevine,TX,76051,623,"Dallas-Ft. Worth, TX",32.9211511,-97.0630654,1.0
2025-08-01,13492,Genesis of Brunswick,Brunswick,GA,31525,561,"Jacksonville, FL",31.2072117,-81.4811899,1.0
2025-08-01,61897,Genesis of Council Bluffs,Council Bluffs,IA,51501,652,"Omaha, NE",41.2276401,-95.8594545,1.0
2025-08-01,17363,Greentree Toyota,Brookfield,CT,06804,501,"New York, NY",41.4247664,-73.4190955,1.0
2025-08-01,71422,Hyundai City of Bay Ridge,Brooklyn,NY,11209,501,"New York, NY",40.6192775,-74.0295303,1.0
2025-08-01,53170,Hyundai of Central Florida,Clermont,FL,34711,534,"Orlando-Daytona Beach-Melbourne, FL",28.5479783,-81.6689965,1.0
2025-08-01,8135,Joe Machens Hyundai,Columbia,MO,65202,604,"Columbia-Jefferson City, MO",38.971532,-92.3342914,1.0
2025-08-01,9202,Lexus of Memphis,Memphis,TN,38119,640,"Memphis, TN",35.0762404,-89.8583994,1.0
2025-08-01,60374,Maple Hill Volvo Cars,Kalamazoo,MI,49009,563,"Grand Rapids-Kalamazoo-Battle Creek, MI",42.2973176,-85.6584469,1.0
2025-08-01,25370,Midlands Toyota,Columbia,SC,29203,546,"Columbia, SC",34.1282887,-80.9599501,1.0
2025-08-01,71047,Napleton Hyundai,Hazelwood,MO,63042,609,"St. Louis, MO",38.7811015,-90.3650463,1.0
2025-08-01,42529,Rick Case Hyundai Ft. Lauderdale,Plantation,FL,33317,528,"Miami-Ft. Lauderdale, FL",26.1351086,-80.2031534,1.0
2025-08-01,57993,Roseville Kia,Roseville,CA,95661,862,"Sacramento-Stockton-Modesto, CA",38.7524054,-121.2603762,1.0
2025-08-01,56306,Route 17 Mitsubishi,Ramsey,NJ,07446,501,"New York, NY",41.0724998,-74.1420132,1.0
2025-08-01,8670,Southtowne Hyundai of Riverdale,Riverdale,GA,30274,524,"Atlanta, GA",33.5455345,-84.4164445,1.0
2025-08-01,8604,Suntrup Kia South,St. Louis,MO,63123,609,"St. Louis, MO",38.5160485,-90.3441408,1.0
2025-08-01,2107,Suntrup Nissan,St. Louis,MO,63123,609,"St. Louis, MO",38.5208643,-90.3438767,1.0
2025-08-01,5357,Suntrup Volkswagen,St. Louis,MO,63123,609,"St. Louis, MO",38.5208039,-90.3432543,1.0
2025-08-01,69397,Tom Bell Chevrolet,Redlands,CA,92374,803,"Los Angeles, CA",34.0637996,-117.2078979,1.0
2025-08-01,58908,Tonkin Wilsonville Nissan,Wilsonville,OR,97070,820,"Portland, OR",45.3267254,-122.7711528,1.0
2025-08-01,30195,Wilde Honda,Waukesha,WI,53186,617,"Milwaukee, WI",43.0251475,-88.201983,1.0
2025-08-01,12804,Bob Rohrman Hyundai,Lafayette,IN,47904,582,"Lafayette, IN",40.4192119,-86.8589689,0.0
2025-08-01,70476,Genesis of Escondido,Escondido,CA,92029,825,"San Diego, CA",33.1150272,-117.1049655,0.0
2025-08-01,73001,West Houston Hyundai,Houston,TX,77094,618,"Houston, TX",29.7842958,-95.6736241,0.0
2025-09-01,61186,Braman Genesis,Miami,FL,33137,528,"Miami-Ft. Lauderdale, FL",25.7954893,-80.1910373,675.0
2025-09-01,73396,Genesis of Cherry Hill,Evesham,NJ,08053,504,"Philadelphia, PA",39.8831146,-74.9226358,434.0
2025-09-01,7006,Genesis of Atlanta,Atlanta,GA,30341,524,"Atlanta, GA",33.9080158,-84.2909986,311.0
2025-09-01,64605,Genesis of South Bay,Torrance,CA,90505,803,"Los Angeles, CA",33.7991718,-118.3411724,283.0
2025-09-01,72517,Genesis of Loma Linda,Ontario,CA,91764,803,"Los Angeles, CA",34.0699402,-117.6059991,276.0
2025-09-01,69264,Genesis of Naples,Naples,FL,34109,571,"Ft. Myers-Naples, FL",26.2279083,-81.7660554,270.0
2025-09-01,73840,Genesis of Braintree,Quincy,MA,02169,506,"Boston, MA-Manchester, NH",42.2364548,-70.9785026,265.0
2025-09-01,57353,Jenkins Genesis of North East Jacksonville,Jacksonville,FL,32225,561,"Jacksonville, FL",30.3253588,-81.5105439,259.0
2025-09-01,62585,Genesis of the North Shore,Hicksville,NY,11801,501,"New York, NY",40.7702089,-73.5027249,258.0
2025-09-01,29179,Genesis of White Plains,White Plains,NY,10606,501,"New York, NY",41.0350081,-73.7836873,248.0
2025-09-01,68783,Coconut Creek Genesis,Coconut Creek,FL,33073,528,"Miami-Ft. Lauderdale, FL",26.2914037,-80.2009677,247.0
2025-09-01,6767,Tuttle-Click Genesis,Irvine,CA,92618,803,"Los Angeles, CA",33.6342181,-117.7233823,245.0
2025-09-01,9001,Genesis of Chandler,Chandler,AZ,85286,753,"Phoenix, AZ",33.2846933,-111.7910889,234.0
2025-09-01,72010,Genesis of Charlotte,Charlotte,NC,28227,517,"Charlotte, NC",35.1428872,-80.7216186,223.0
2025-09-01,70287,Genesis of St. Charles,St. Peters,MO,63376,609,"St. Louis, MO",38.7975346,-90.5978187,218.0
2025-09-01,72673,Earnhardt Genesis North Scottsdale,Scottsdale,AZ,85260,753,"Phoenix, AZ",33.631299,-111.8982196,217.0
2025-09-01,3156,Genesis of Schaumburg,Schaumburg,IL,60173,602,"Chicago, IL",42.0509027,-88.053118,216.0
2025-09-01,71490,Genesis of West Houston,Houston,TX,77094,618,"Houston, TX",29.7836158,-95.673582,205.0
2025-09-01,7692,Genesis of The South Shore,West Islip,NY,11795,501,"New York, NY",40.7207062,-73.3044797,202.0
2025-09-01,62609,Norm Reeves Genesis of Cerritos,Cerritos,CA,90703,803,"Los Angeles, CA",33.8662378,-118.1015234,200.0
2025-09-01,53667,Genesis Of Cumming,Cumming,GA,30041,524,"Atlanta, GA",34.1439728,-84.1730152,190.0
2025-09-01,69118,Hudson Hyundai,Jersey City,NJ,07304,501,"New York, NY",40.7234737,-74.0888952,187.0
2025-09-01,28092,Genesis of Las Vegas,Las Vegas,NV,89117,839,"Las Vegas, NV",36.1449418,-115.2489832,184.0
2025-09-01,73041,Gettel Genesis of Sarasota,Sarasota,FL,34233,539,"Tampa-St Petersburg (Sarasota), FL",27.2695206,-82.4746827,184.0
2025-09-01,66836,Genesis of Peoria,Peoria,AZ,85382,753,"Phoenix, AZ",33.6372458,-112.2451079,181.0
2025-09-01,26003,Genesis of Elgin,Elgin,IL,60120,602,"Chicago, IL",42.0317119,-88.2445971,180.0
2025-09-01,52440,Genesis of Mentor,Mentor,OH,44060,510,"Cleveland-Akron (Canton), OH",41.6834521,-81.3348422,178.0
2025-09-01,62581,Genesis Santa Monica,Santa Monica,CA,90404,803,"Los Angeles, CA",34.03227,-118.4751279,177.0
2025-09-01,9004,Genesis of Littleton,Englewood,CO,80113,751,"Denver, CO",39.6200977,-104.9885845,172.0
2025-09-01,94818,Genesis of Milwaukee,Waukesha,WI,53186,617,"Milwaukee, WI",43.0244944,-88.2038863,169.0
2025-09-01,98536,Galpin Genesis of Van Nuys,Los Angeles,CA,91406,803,"Los Angeles, CA",34.2209833,-118.4687863,168.0
2025-09-01,73389,Genesis of Freehold,Freehold,NJ,07728,501,"New York, NY",40.2641336,-74.2924834,164.0
2025-09-01,74040,Genesis of San Bruno,San Bruno,CA,94066,807,"San Francisco-Oakland-San Jose, CA",37.6372585,-122.419091,156.0
2025-09-01,3102,Genesis of Alexandria,Alexandria,VA,22301,511,"Washington, DC (Hagerstown, MD)",38.8213866,-77.0576309,155.0
2025-09-01,2734,Genesis of Carmel,Indianapolis,IN,46240,527,"Indianapolis, IN",39.9293455,-86.0966346,155.0
2025-09-01,67653,Genesis of Corona,Corona,CA,92882,803,"Los Angeles, CA",33.882918,-117.6138489,155.0
2025-09-01,1130,Genesis of Kirkland,Kirkland,WA,98034,819,"Seattle-Tacoma, WA",47.7072771,-122.1748634,154.0
2025-09-01,69062,Genesis of Lindon,Lindon,UT,84042,770,"Salt Lake City, UT",40.3293405,-111.7338433,154.0
2025-09-01,93460,Genesis of Portland,Portland,OR,97225,820,"Portland, OR",45.4962782,-122.7698208,154.0
2025-09-01,70074,Genesis of Fort Myers,Fort Myers,FL,33907,571,"Ft. Myers-Naples, FL",26.596538,-81.8605256,147.0
2025-09-01,57975,Genesis of Kennesaw,Kennesaw,GA,30144,524,"Atlanta, GA",34.0233261,-84.5734338,147.0
2025-09-01,96938,Genesis of North Cincinnati,Cincinnati,OH,45249,515,"Cincinnati, OH",39.2926575,-84.3036044,143.0
2025-09-01,69570,Genesis of Cary,Cary,NC,27511,560,"Raleigh-Durham (Fayetteville), NC",35.7384809,-78.8093998,142.0
2025-09-01,4349,Jenkins Genesis of Leesburg,Leesburg,FL,34788,534,"Orlando-Daytona Beach-Melbourne, FL",28.8228437,-81.7874886,140.0
2025-09-01,61240,Genesis of Palm Springs,Palm Springs,CA,92264,804,"Palm Springs, CA",33.7945577,-116.5032881,139.0
2025-09-01,3566,Genesis of Highland Park,Highland Park,IL,60035,602,"Chicago, IL",42.1609423,-87.8081446,137.0
2025-09-01,6996,Genesis of Lafayette,Lafayette,LA,70506,642,"Lafayette, LA",30.1552098,-92.0910284,137.0
2025-09-01,4919,Genesis of North Aurora,North Aurora,IL,60542,602,"Chicago, IL",41.80082,-88.3739138,134.0
2025-09-01,8533,Genesis North Orlando,Winter Park,FL,32789,534,"Orlando-Daytona Beach-Melbourne, FL",28.6088331,-81.3648614,132.0
2025-09-01,72695,Rick Case Genesis,Plantation,FL,33317,528,"Miami-Ft. Lauderdale, FL",26.1351086,-80.2031534,132.0
2025-09-01,73893,Genesis of Brunswick,South Brunswick Township,NJ,08852,501,"New York, NY",40.4111541,-74.5423003,131.0
2025-09-01,71992,Genesis of Brooklyn,Brooklyn,NY,11232,501,"New York, NY",40.6571085,-74.014405,129.0
2025-09-01,61326,Genesis of Denville,Denville,NJ,07834,501,"New York, NY",40.8681668,-74.5137571,126.0
2025-09-01,17853,Genesis of Winston-Salem,Winston-Salem,NC,27127,518,"Greensboro-High Point-Winston Salem, NC",36.0674142,-80.2606633,118.0
2025-09-01,94375,Castle Genesis of Downers Grove,Oakbrook Terrace,IL,60181,602,"Chicago, IL",41.8582742,-87.9545485,117.0
2025-09-01,1393,Genesis of Plano,Plano,TX,75093,623,"Dallas-Ft. Worth, TX",33.0102218,-96.7668456,113.0
2025-09-01,73795,Crown Genesis,St. Petersburg,FL,33714,539,"Tampa-St Petersburg (Sarasota), FL",27.8204635,-82.6786673,111.0
2025-09-01,71052,Lakeland Genesis,Lakeland,FL,33815,539,"Tampa-St Petersburg (Sarasota), FL",28.054301,-81.9758413,110.0
2025-09-01,73682,Wallace Genesis,Stuart,FL,34997,548,"West Palm Beach-Ft. Pierce, FL",27.1605832,-80.2229084,109.0
2025-09-01,9254,Genesis of Bloomington-Normal,Normal,IL,61761,675,"Peoria-Bloomington, IL",40.5165466,-88.9541909,107.0
2025-09-01,62587,Genesis of Aurora,Aurora,IL,60504,602,"Chicago, IL",41.7515762,-88.213844,106.0
2025-09-01,73379,Genesis of Milford,Milford,CT,06460,533,"Hartford & New Haven, CT",41.2076083,-73.0884209,104.0
2025-09-01,10409,Genesis of Southwest Houston,Houston,TX,77074,618,"Houston, TX",29.6691333,-95.5474174,104.0
2025-09-01,69670,Rick Case Genesis Davie,Davie,FL,33331,528,"Miami-Ft. Lauderdale, FL",26.0758729,-80.3619504,104.0
2025-09-01,69823,Genesis Of Charleston,Charleston,SC,29414,519,"Charleston, SC",32.7982545,-80.0859341,102.0
2025-09-01,12986,Genesis of Buffalo,Williamsville,NY,14221,514,"Buffalo, NY",42.960953,-78.691081,102.0
2025-09-01,72126,Genesis of Ocala,Ocala,FL,34471,534,"Orlando-Daytona Beach-Melbourne, FL",29.1773171,-82.1519073,102.0
2025-09-01,9594,Genesis of Orange Park,Jacksonville,FL,32244,561,"Jacksonville, FL",30.2100757,-81.7391104,100.0
2025-09-01,73680,Genesis of Wayne,Wayne,NJ,07470,501,"New York, NY",40.948967,-74.276307,100.0
2025-09-01,68840,Genesis of Golden,Golden,CO,80401,751,"Denver, CO",39.730479,-105.1754951,99.0
2025-09-01,4941,Genesis of Conshohocken,Conshohocken,PA,19428,504,"Philadelphia, PA",40.1028837,-75.3064312,98.0
2025-09-01,94567,Genesis of Kansas City,Overland Park,KS,66204,616,"Kansas City, MO",38.9882713,-94.6681597,98.0
2025-09-01,1250,Genesis of New Orleans,Metairie,LA,70003,622,"New Orleans, LA",30.0058423,-90.2210481,97.0
2025-09-01,71661,Allen Turner Genesis,Pensacola,FL,32505,686,"Mobile, AL-Pensacola (Ft. Walton Beach), FL",30.4750621,-87.247943,96.0
2025-09-01,70052,Norm Reeves Genesis of Irving,Irving,TX,75062,623,"Dallas-Ft. Worth, TX",32.8360367,-96.921086,96.0
2025-09-01,61239,Genesis of Central Florida,Clermont,FL,34711,534,"Orlando-Daytona Beach-Melbourne, FL",28.5478492,-81.6689649,93.0
2025-09-01,73042,Gettel Genesis of Lakewood,Bradenton,FL,34208,539,"Tampa-St Petersburg (Sarasota), FL",27.4953171,-82.4871204,92.0
2025-09-01,69032,Genesis Of NW San Antonio,Boerne,TX,78006,641,"San Antonio, TX",29.6844593,-98.6411438,90.0
2025-09-01,70093,Genesis of Merrillville,Merrillville,IN,46410,602,"Chicago, IL",41.4717832,-87.3480253,88.0
2025-09-01,9164,Genesis of Kearny Mesa,San Diego,CA,92111,825,"San Diego, CA",32.82812,-117.1528769,87.0
2025-09-01,97787,Genesis Montgomery,Montgomery,AL,36106,698,"Montgomery (Selma), AL",32.3606235,-86.2242999,86.0
2025-09-01,70631,Genesis of Lake Norman,Cornelius,NC,28031,517,"Charlotte, NC",35.467345,-80.872696,86.0
2025-09-01,68256,Genesis of Lexington,Lexington,KY,40509,541,"Lexington, KY",37.9960356,-84.441848,85.0
2025-09-01,94705,Genesis of Ridgefield,Norwalk,CT,06851,501,"New York, NY",41.1261307,-73.4233158,85.0
2025-09-01,69102,Orlando Genesis,Orlando,FL,32808,534,"Orlando-Daytona Beach-Melbourne, FL",28.5521196,-81.4309809,85.0
2025-09-01,65747,Genesis Of Clear Lake,Webster,TX,77598,618,"Houston, TX",29.5340161,-95.13376,84.0
2025-09-01,71829,Genesis of Chantilly,Chantilly,VA,20151,511,"Washington, DC (Hagerstown, MD)",38.903778,-77.4621301,84.0
2025-09-01,71985,Genesis of Columbus,Columbus,OH,43230,535,"Columbus, OH",40.0598318,-82.9433206,83.0
2025-09-01,64003,Genesis of Bel Air,Fallston,MD,21047,512,"Baltimore, MD",39.5065574,-76.3858171,82.0
2025-09-01,64037,Universal Genesis,Orlando,FL,32837,534,"Orlando-Daytona Beach-Melbourne, FL",28.3794594,-81.4033691,82.0
2025-09-01,4899,Genesis of Conway,Conway,AR,72032,693,"Little Rock-Pine Bluff, AR",35.093494,-92.421864,81.0
2025-09-01,67536,Genesis of Omaha,Omaha,NE,68118,652,"Omaha, NE",41.2639237,-96.1858719,81.0
2025-09-01,2525,Genesis of Cool Springs,Franklin,TN,37067,659,"Nashville, TN",35.9580609,-86.8090467,80.0
2025-09-01,10212,Genesis of Edmond,Edmond,OK,73013,650,"Oklahoma City, OK",35.6128747,-97.4967472,80.0
2025-09-01,99734,Genesis of Tampa,Tampa,FL,33613,539,"Tampa-St Petersburg (Sarasota), FL",28.0872094,-82.4521026,80.0
2025-09-01,2584,Genesis Of Norman,Norman,OK,73069,650,"Oklahoma City, OK",35.2248696,-97.4845549,78.0
2025-09-01,64426,Genesis of Algonquin,Algonquin,IL,60102,602,"Chicago, IL",42.1629985,-88.3344476,77.0
2025-09-01,67535,Genesis of Wolfchase,Memphis,TN,38133,640,"Memphis, TN",35.2032351,-89.8071642,77.0
2025-09-01,67498,Genesis of West Palm Beach,West Palm Beach,FL,33409,548,"West Palm Beach-Ft. Pierce, FL",26.7072233,-80.0873646,76.0
2025-09-01,96075,Genesis of Smithtown,Saint James,NY,11780,501,"New York, NY",40.861595,-73.159573,75.0
2025-09-01,71564,Clay Cooley Genesis of Mesquite,Mesquite,TX,75150,623,"Dallas-Ft. Worth, TX",32.8336891,-96.6306212,74.0
2025-09-01,68973,Genesis of Dublin,Dublin,CA,94568,807,"San Francisco-Oakland-San Jose, CA",37.7027037,-121.9030039,74.0
2025-09-01,61217,Genesis of Weatherford,Hudson Oaks,TX,76087,623,"Dallas-Ft. Worth, TX",32.7558051,-97.6929673,74.0
2025-09-01,70624,Genesis of Noblesville,Noblesville,IN,46060,527,"Indianapolis, IN",40.0446534,-85.9936143,73.0
2025-09-01,4457,Genesis of Spring,Spring,TX,77373,618,"Houston, TX",30.0627988,-95.4322263,72.0
2025-09-01,36300,Delray Genesis,Delray Beach,FL,33483,548,"West Palm Beach-Ft. Pierce, FL",26.4720932,-80.0668508,71.0
2025-09-01,71974,Genesis of Columbia,Columbia,SC,29203,546,"Columbia, SC",34.1430845,-80.9485594,71.0
2025-09-01,10916,Genesis of Louisville,Jeffersontown,KY,40299,529,"Louisville, KY",38.2125896,-85.5378392,71.0
2025-09-01,1531,Genesis of Manchester,Bedford,NH,03110,506,"Boston, MA-Manchester, NH",42.944374,-71.472789,71.0
2025-09-01,9171,Genesis of Longview,Longview,TX,75605,709,"Tyler-Longview(Lufkin & Nacogdoches), TX",32.5633713,-94.7310184,69.0
2025-09-01,11303,Genesis of Appleton,Appleton,WI,54913,658,"Green Bay-Appleton, WI",44.2887964,-88.4759736,68.0
2025-09-01,36882,Genesis of Virginia Beach,Virginia Beach,VA,23452,544,"Norfolk-Portsmouth-Newport News,VA",36.8356924,-76.0987758,67.0
2025-09-01,67522,Genesis of Wexford,Wexford,PA,15090,508,"Pittsburgh, PA",40.6143612,-80.0568103,67.0
2025-09-01,98745,Genesis of Danvers,Danvers,MA,01923,506,"Boston, MA-Manchester, NH",42.5595013,-70.9786915,63.0
2025-09-01,73383,Genesis of Newnan,Newnan,GA,30263,524,"Atlanta, GA",33.3980326,-84.751469,63.0
2025-09-01,69382,Genesis of West Chester,West Chester,PA,19382,504,"Philadelphia, PA",39.9023291,-75.5655602,63.0
2025-09-01,2157,Genesis of Suitland,Bowie,MD,20716,511,"Washington, DC (Hagerstown, MD)",38.9227402,-76.7179222,62.0
2025-09-01,91447,Genesis of Albany,Albany,NY,12205,532,"Albany-Schenectady-Troy, NY",42.7296031,-73.8529553,61.0
2025-09-01,4844,Genesis of Miami Lakes,Miami Lakes,FL,33014,528,"Miami-Ft. Lauderdale, FL",25.9235071,-80.3016669,61.0
2025-09-01,61459,Genesis of Augusta,Augusta,GA,30907,520,"Augusta, GA",33.5157506,-82.0641493,60.0
2025-09-01,61284,Genesis of Springfield,Springfield,VA,22150,511,"Washington, DC (Hagerstown, MD)",38.7503466,-77.1828597,60.0
2025-09-01,61277,Genesis of New Hudson,New Hudson,MI,48165,505,"Detroit, MI",42.5161168,-83.609054,57.0
2025-09-01,70696,Genesis of Round Rock,Round Rock,TX,78665,635,"Austin, TX",30.5322484,-97.6891408,57.0
2025-09-01,8947,Genesis of Wichita,Wichita,KS,67206,678,"Wichita-Hutchinson, KS",37.7055104,-97.2084739,57.0
2025-09-01,70290,Genesis of Greer,Greer,SC,29651,567,"Greenville-Spartanburg, SC-Asheville, NC-Anderson, SC",34.949924,-82.198468,56.0
2025-09-01,73397,Genesis of Daytona Beach,Daytona Beach,FL,32117,534,"Orlando-Daytona Beach-Melbourne, FL",29.2235952,-81.0481335,55.0
2025-09-01,2687,Genesis of Parma,Parma,OH,44129,510,"Cleveland-Akron (Canton), OH",41.4180454,-81.7339114,55.0
2025-09-01,70573,Genesis of Gwinnett,Duluth,GA,30096,524,"Atlanta, GA",33.9606012,-84.1164625,54.0
2025-09-01,96441,Genesis of Rocklin,Rocklin,CA,95677,862,"Sacramento-Stockton-Modesto, CA",38.7952904,-121.2164042,54.0
2025-09-01,66747,Genesis Of Southfield,Southfield,MI,48034,505,"Detroit, MI",42.4941876,-83.2830437,52.0
2025-09-01,69883,Genesis of North Plainfield,North Plainfield,NJ,07060,501,"New York, NY",40.6165806,-74.4551273,52.0
2025-09-01,70835,Genesis of Tulsa,Tulsa,OK,74133,671,"Tulsa, OK",36.022119,-95.8852819,51.0
2025-09-01,81842,Genesis of West Warwick,West Warwick,RI,02893,521,"Providence, RI-New Bedford, MA",41.684535,-71.5014056,51.0
2025-09-01,7375,Genesis of Bedford,Bedford,OH,44146,510,"Cleveland-Akron (Canton), OH",41.4061393,-81.5482726,50.0
2025-09-01,68945,Genesis of San Antonio East,San Antonio,TX,78233,641,"San Antonio, TX",29.5452956,-98.3688609,49.0
2025-09-01,69447,King Genesis,Deerfield Beach,FL,33441,528,"Miami-Ft. Lauderdale, FL",26.29967,-80.0946749,49.0
2025-09-01,72341,Genesis of Auburn,Auburn,AL,36830,522,"Columbus, GA",32.6179594,-85.4635689,48.0
2025-09-01,52776,Genesis Of Macomb,Macomb,MI,48044,505,"Detroit, MI",42.6294783,-82.9318824,47.0
2025-09-01,12744,Genesis of Ballwin,Ballwin,MO,63011,609,"St. Louis, MO",38.5925561,-90.5337953,45.0
2025-09-01,100501,Genesis Macon,Macon,GA,31210,503,"Macon, GA",32.8866204,-83.675043,44.0
2025-09-01,2511,Genesis of Clearwater,Clearwater,FL,33761,539,"Tampa-St Petersburg (Sarasota), FL",28.0222085,-82.7380372,44.0
2025-09-01,8386,Genesis of Huntington,Huntington,NY,11743,501,"New York, NY",40.8332861,-73.3617156,44.0
2025-09-01,4571,Genesis of Nashua,Nashua,NH,03060,506,"Boston, MA-Manchester, NH",42.7272329,-71.4464946,44.0
2025-09-01,73481,Genesis of Kalamazoo,Kalamazoo,MI,49009,563,"Grand Rapids-Kalamazoo-Battle Creek, MI",42.2973176,-85.6584469,42.0
2025-09-01,71500,Genesis of Waterloo,Waterloo,IA,50702,637,"Cedar Rapids-Waterloo-Iowa City & Dubuque, IA",42.4906379,-92.3401956,42.0
2025-09-01,61515,Genesis Of Madison,Madison,WI,53713,669,"Madison, WI",43.0341872,-89.4116586,41.0
2025-09-01,83168,Genesis of Framingham,Framingham,MA,01702,506,"Boston, MA-Manchester, NH",42.2974046,-71.417428,41.0
2025-09-01,6292,Genesis of Harlingen,Harlingen,TX,78552,636,"Harlingen-Weslaco-Brownsville-McAllen, TX",26.1864793,-97.7753841,41.0
2025-09-01,91019,Genesis of Hickory,Hickory,NC,28602,517,"Charlotte, NC",35.7151389,-81.3379647,40.0
2025-09-01,61112,Homestead Genesis,Homestead,FL,33030,528,"Miami-Ft. Lauderdale, FL",25.4674062,-80.472177,40.0
2025-09-01,16023,Genesis of Baton Rouge,Baton Rouge,LA,70809,716,"Baton Rouge, LA",30.3805348,-91.0404825,39.0
2025-09-01,68961,Genesis of Hampton,Hampton,VA,23666,544,"Norfolk-Portsmouth-Newport News,VA",37.0619771,-76.4003949,38.0
2025-09-01,72712,Genesis of Roswell,Roswell,GA,30076,524,"Atlanta, GA",34.056201,-84.32906,38.0
2025-09-01,42325,Genesis Memphis Covington Pike,Memphis,TN,38134,640,"Memphis, TN",35.1781733,-89.8953093,37.0
2025-09-01,6832,Genesis of Denton,Denton,TX,76210,623,"Dallas-Ft. Worth, TX",33.1691755,-97.0819556,37.0
2025-09-01,69409,Genesis of Richmond,Richmond,CA,94806,807,"San Francisco-Oakland-San Jose, CA",37.9857273,-122.3202802,37.0
2025-09-01,68812,Genesis of South Knoxville,Alcoa,TN,37701,557,"Knoxville, TN",35.8245636,-83.9755837,37.0
2025-09-01,9530,Genesis of Brunswick,Brunswick,OH,44212,510,"Cleveland-Akron (Canton), OH",41.2391403,-81.7926475,36.0
2025-09-01,65171,Genesis of Selma,Selma,CA,93662,866,"Fresno-Visalia, CA",36.5705206,-119.6297571,35.0
2025-09-01,67547,Genesis of Ogden,Ogden,UT,84401,770,"Salt Lake City, UT",41.2030548,-111.9799594,34.0
2025-09-01,69018,Genesis of Hickory Hollow,Nashville,TN,37211,659,"Nashville, TN",36.0456523,-86.7012321,33.0
2025-09-01,69980,Genesis of Minneapolis,Golden Valley,MN,55426,613,"Minneapolis-St. Paul, MN",44.9724585,-93.3935748,33.0
2025-09-01,61567,Genesis of Monroeville,Monroeville,PA,15146,508,"Pittsburgh, PA",40.4308948,-79.7170895,33.0
2025-09-01,3536,Genesis of Rockville,North Bethesda,MD,20852,511,"Washington, DC (Hagerstown, MD)",39.0438363,-77.1107675,33.0
2025-09-01,69757,Genesis of Wilkes-Barre,Wilkes-Barre,PA,18702,577,"Wilkes Barre-Scranton, PA",41.2549421,-75.8381435,33.0
2025-09-01,5541,Genesis Glenview,Glenview,IL,60026,602,"Chicago, IL",42.1061877,-87.8216753,31.0
2025-09-01,73353,Genesis of Annapolis,Annapolis,MD,21401,512,"Baltimore, MD",38.976603,-76.5095064,31.0
2025-09-01,72197,Genesis of Doylestown,Doylestown,PA,18902,504,"Philadelphia, PA",40.3335783,-75.1370158,31.0
2025-09-01,61196,Genesis of Arlington,Arlington,MA,02476,506,"Boston, MA-Manchester, NH",42.4232377,-71.1738841,29.0
2025-09-01,68638,Genesis of Downtown Chicago,Chicago,IL,60616,602,"Chicago, IL",41.8442199,-87.6240557,29.0
2025-09-01,60611,Genesis of Huntsville,Huntsville,AL,35816,691,"Huntsville-Decatur (Florence), AL",34.7342382,-86.6214927,29.0
2025-09-01,69737,Genesis of Richmond,Bon Air,VA,23235,556,"Richmond-Petersburg, VA",37.5013145,-77.5717929,29.0
2025-09-01,73395,Genesis of Union City,Riverdale,GA,30274,524,"Atlanta, GA",33.5645576,-84.4132949,29.0
2025-09-01,71909,Napleton's North Palm Hyundai,Lake Park,FL,33403,548,"West Palm Beach-Ft. Pierce, FL",26.809389,-80.0935379,29.0
2025-09-01,69931,Genesis of Commerce,West Bloomfield Township,MI,48322,505,"Detroit, MI",42.5607276,-83.4398789,28.0
2025-09-01,8750,Sid Dillon Genesis of Lincoln,Lincoln,NE,68512,722,"Lincoln & Hastings-Kearney, NE",40.7364094,-96.6846163,28.0
2025-09-01,99924,Genesis of Avon,Simsbury,CT,06092,533,"Hartford & New Haven, CT",41.8203914,-72.8690454,27.0
2025-09-01,69498,Genesis of Eastern Shore,Daphne,AL,36526,686,"Mobile, AL-Pensacola (Ft. Walton Beach), FL",30.6607867,-87.8567477,27.0
2025-09-01,72560,Genesis of West Knoxville,Knoxville,TN,37923,557,"Knoxville, TN",35.9181977,-84.0733877,27.0
2025-09-01,73400,Genesis of Macon,Macon,GA,31210,503,"Macon, GA",32.8866204,-83.675043,25.0
2025-09-01,71271,Genesis of Cartersville,Cartersville,GA,30120,524,"Atlanta, GA",34.1915656,-84.7876903,24.0
2025-09-01,793,Genesis of Hazelwood,Hazelwood,MO,63042,609,"St. Louis, MO",38.7811015,-90.3650463,24.0
2025-09-01,61176,Headquarter Genesis,Lake Mary,FL,32746,534,"Orlando-Daytona Beach-Melbourne, FL",28.7885443,-81.3466546,24.0
2025-09-01,10129,Genesis of Covington,Covington,LA,70433,622,"New Orleans, LA",30.4321,-90.0886416,23.0
2025-09-01,61127,Genesis of Hattiesburg,Hattiesburg,MS,39402,710,"Hattiesburg-Laurel, MS",31.3166979,-89.407095,23.0
2025-09-01,3110,Genesis of South St. Louis County,St. Louis,MO,63123,609,"St. Louis, MO",38.521476,-90.3450902,23.0
2025-09-01,3152,Genesis of St. Cloud,Waite Park,MN,56387,613,"Minneapolis-St. Paul, MN",45.5485676,-94.2285831,23.0
2025-09-01,1691,Genesis of Fairfield,Fairfield,CT,06825,501,"New York, NY",41.1661525,-73.2298512,22.0
2025-09-01,69414,Genesis of Olive Branch,Olive Branch,MS,38654,640,"Memphis, TN",34.9790497,-89.8645852,22.0
2025-09-01,64724,Genesis of Groveport,Groveport,OH,43125,535,"Columbus, OH",39.8895794,-82.8876146,21.0
2025-09-01,3992,Genesis of New Bern,New Bern,NC,28560,545,"Greenville-New Bern-Washington, NC",35.0579658,-77.0170433,20.0
2025-09-01,69400,Genesis of Austin,Austin,TX,78745,635,"Austin, TX",30.2097044,-97.7566525,17.0
2025-09-01,648,Genesis of Calumet City,Calumet City,IL,60409,602,"Chicago, IL",41.6004518,-87.5734156,17.0
2025-09-01,70200,Genesis of Chattanooga,Chattanooga,TN,37421,575,"Chattanooga, TN",35.0602866,-85.1922179,17.0
2025-09-01,99817,Genesis Ring 1,Derwood,MD,20855,511,"Washington, DC (Hagerstown, MD)",39.10844,-77.1511615,15.0
2025-09-01,73375,Genesis of Melbourne,Melbourne,FL,32901,534,"Orlando-Daytona Beach-Melbourne, FL",28.0781199,-80.6372008,15.0
2025-09-01,69370,Genesis of Northampton,Northampton,MA,01060,543,"Springfield-Holyoke, MA",42.3359481,-72.6356287,15.0
2025-09-01,84406,Genesis at Long of Chattanooga,Chattanooga,TN,37421,575,"Chattanooga, TN",35.059805,-85.190767,14.0
2025-09-01,70356,Hampton Genesis,Fort Walton Beach,FL,32548,686,"Mobile, AL-Pensacola (Ft. Walton Beach), FL",30.4123712,-86.6281688,14.0
2025-09-01,70671,Genesis of Owings Mills,Owings Mills,MD,21117,512,"Baltimore, MD",39.43549,-76.800636,13.0
2025-09-01,36816,Warner Robins Chrysler Dodge Jeep Ram FIAT,Warner Robins,GA,31093,503,"Macon, GA",32.6175306,-83.6790543,13.0
2025-09-01,49527,Genesis of Urbana,Urbana,IL,61802,648,"Champaign & Springfield-Decatur,IL",40.1386655,-88.1960739,11.0
2025-09-01,69677,Genesis of La Quinta,La Quinta,CA,92253,804,"Palm Springs, CA",33.7072313,-116.2852619,10.0
2025-09-01,18922,Genesis of Lafayette,Lafayette,IN,47904,582,"Lafayette, IN",40.4192119,-86.8589689,10.0
2025-09-01,68698,GENESIS OF BAYSIDE,Queens,NY,11361,501,"New York, NY",40.7573441,-73.7811612,9.0
2025-09-01,5334,Genesis of Fayetteville,Fayetteville,NC,28314,560,"Raleigh-Durham (Fayetteville), NC",35.0630371,-78.9696547,9.0
2025-09-01,100307,Genesis of Mountain View,Mountain View,CA,94040,807,"San Francisco-Oakland-San Jose, CA",37.4048603,-122.1093955,9.0
2025-09-01,10564,Genesis of Meriden,Meriden,CT,06450,533,"Hartford & New Haven, CT",41.5137568,-72.8062752,7.0
2025-09-01,9692,Hyundai of La Quinta,La Quinta,CA,92253,804,"Palm Springs, CA",33.7072313,-116.2852619,7.0
2025-09-01,83639,Napleton Maserati of Indianapolis,Indianapolis,IN,46240,527,"Indianapolis, IN",39.9276857,-86.0978814,7.0
2025-09-01,61156,Genesis of Mattoon,Mattoon,IL,61938,648,"Champaign & Springfield-Decatur,IL",39.4823346,-88.3786268,6.0
2025-09-01,69701,Genesis of Victorville,Victorville,CA,92392,803,"Los Angeles, CA",34.5060794,-117.3405032,6.0
2025-09-01,70876,Doral Genesis,Doral,FL,33172,528,"Miami-Ft. Lauderdale, FL",25.7843093,-80.3669404,5.0
2025-09-01,100529,Genesis of San Diego,San Diego,CA,92111,825,"San Diego, CA",32.8306319,-117.1434333,5.0
2025-09-01,73047,Genesis of Stevens Creek,Santa Clara,CA,95051,807,"San Francisco-Oakland-San Jose, CA",37.3235793,-121.9800176,5.0
2025-09-01,4360,Paramount Hyundai Hickory,Hickory,NC,28602,517,"Charlotte, NC",35.715088,-81.3379676,5.0
2025-09-01,69375,Genesis of Hilton Head,Bluffton,SC,29910,507,"Savannah, GA",32.2898537,-80.9132918,4.0
2025-09-01,10755,South Point Hyundai,Austin,TX,78745,635,"Austin, TX",30.2097091,-97.7566541,4.0
2025-09-01,64039,Suntrup Hyundai South,St. Louis,MO,63123,609,"St. Louis, MO",38.521476,-90.3450902,4.0
2025-09-01,25780,Kentson Car Company,Bountiful,UT,84010,770,"Salt Lake City, UT",40.862791,-111.8925406,3.0
2025-09-01,7311,Stevens Creek Hyundai,Santa Clara,CA,95051,807,"San Francisco-Oakland-San Jose, CA",37.3235793,-121.9800176,3.0
2025-09-01,3745,Vandergriff Hyundai,Arlington,TX,76017,623,"Dallas-Ft. Worth, TX",32.6758213,-97.1247183,3.0
2025-09-01,75561,BMW of West St Louis,Manchester,MO,63011,609,"St. Louis, MO",38.5938191,-90.5172172,2.0
2025-09-01,891,Five Star Chevrolet,Warner Robins,GA,31093,503,"Macon, GA",32.6181243,-83.6038649,2.0
2025-09-01,2929,Gurley Leep Hyundai,Mishawaka,IN,46545,588,"South Bend-Elkhart, IN",41.7085345,-86.1860372,2.0
2025-09-01,69443,eCarOne,Plano,TX,75093,623,"Dallas-Ft. Worth, TX",33.0152705,-96.7767928,2.0
2025-09-01,60974,Audi Montgomery,Montgomery,AL,36117,698,"Montgomery (Selma), AL",32.3757044,-86.2084007,1.0
2025-09-01,13821,Audi North Shore,Brown Deer,WI,53223,617,"Milwaukee, WI",43.1791437,-87.9669639,1.0
2025-09-01,61741,Burns Buick GMC,Evesham,NJ,08053,504,"Philadelphia, PA",39.8944583,-74.9371349,1.0
2025-09-01,9592,Burns Hyundai,Evesham,NJ,08053,504,"Philadelphia, PA",39.8945897,-74.9382479,1.0
2025-09-01,74653,CarMax Bakersfield,Bakersfield,CA,93307,800,"Bakersfield, CA",35.2931773,-119.0284246,1.0
2025-09-01,74686,CarMax Huntsville,Huntsville,AL,35806,691,"Huntsville-Decatur (Florence), AL",34.7474179,-86.6847145,1.0
2025-09-01,74931,CarMax Independence Boulevard,Charlotte,NC,28227,517,"Charlotte, NC",35.1598534,-80.7341335,1.0
2025-09-01,80993,Driveline Used Cars of Murrieta,Murrieta,CA,92562,803,"Los Angeles, CA",33.5292134,-117.1733988,1.0
2025-09-01,15434,Folsom Lake Ford,Folsom,CA,95630,862,"Sacramento-Stockton-Modesto, CA",38.6346917,-121.2046807,1.0
2025-09-01,13492,Genesis of Brunswick,Brunswick,GA,31525,561,"Jacksonville, FL",31.2072117,-81.4811899,1.0
2025-09-01,12806,Genesis of Lake Park,Lake Park,FL,33403,548,"West Palm Beach-Ft. Pierce, FL",26.8099851,-80.0930527,1.0
2025-09-01,17363,Greentree Toyota,Brookfield,CT,06804,501,"New York, NY",41.4247664,-73.4190955,1.0
2025-09-01,71422,Hyundai City of Bay Ridge,Brooklyn,NY,11209,501,"New York, NY",40.6192775,-74.0295303,1.0
2025-09-01,53170,Hyundai of Central Florida,Clermont,FL,34711,534,"Orlando-Daytona Beach-Melbourne, FL",28.5479783,-81.6689965,1.0
2025-09-01,8135,Joe Machens Hyundai,Columbia,MO,65202,604,"Columbia-Jefferson City, MO",38.971532,-92.3342914,1.0
2025-09-01,9202,Lexus of Memphis,Memphis,TN,38119,640,"Memphis, TN",35.0762404,-89.8583994,1.0
2025-09-01,60374,Maple Hill Volvo Cars,Kalamazoo,MI,49009,563,"Grand Rapids-Kalamazoo-Battle Creek, MI",42.2973176,-85.6584469,1.0
2025-09-01,25370,Midlands Toyota,Columbia,SC,29203,546,"Columbia, SC",34.1282887,-80.9599501,1.0
2025-09-01,42529,Rick Case Hyundai Ft. Lauderdale,Plantation,FL,33317,528,"Miami-Ft. Lauderdale, FL",26.1351086,-80.2031534,1.0
2025-09-01,56306,Route 17 Mitsubishi,Ramsey,NJ,07446,501,"New York, NY",41.0724998,-74.1420132,1.0
2025-09-01,8604,Suntrup Kia South,St. Louis,MO,63123,609,"St. Louis, MO",38.5160485,-90.3441408,1.0
2025-09-01,2107,Suntrup Nissan,St. Louis,MO,63123,609,"St. Louis, MO",38.5208643,-90.3438767,1.0
2025-09-01,5357,Suntrup Volkswagen,St. Louis,MO,63123,609,"St. Louis, MO",38.5208039,-90.3432543,1.0
2025-09-01,58908,Tonkin Wilsonville Nissan,Wilsonville,OR,97070,820,"Portland, OR",45.3267254,-122.7711528,1.0
2025-09-01,30195,Wilde Honda,Waukesha,WI,53186,617,"Milwaukee, WI",43.0251475,-88.201983,1.0
2025-09-01,71242,Edwards Kia,Council Bluffs,IA,51501,652,"Omaha, NE",41.2222637,-95.8507804,0.0
2025-09-01,61897,Genesis of Council Bluffs,Council Bluffs,IA,51501,652,"Omaha, NE",41.2276401,-95.8594545,0.0
2025-09-01,70476,Genesis of Escondido,Escondido,CA,92029,825,"San Diego, CA",33.1150272,-117.1049655,0.0
2025-09-01,73001,West Houston Hyundai,Houston,TX,77094,618,"Houston, TX",29.7842958,-95.6736241,0.0
2025-10-01,61186,Braman Genesis,Miami,FL,33137,528,"Miami-Ft. Lauderdale, FL",25.7954893,-80.1910373,648.0
2025-10-01,73396,Genesis of Cherry Hill,Evesham,NJ,08053,504,"Philadelphia, PA",39.8831146,-74.9226358,390.0
2025-10-01,64605,Genesis of South Bay,Torrance,CA,90505,803,"Los Angeles, CA",33.7991718,-118.3411724,369.0
2025-10-01,7006,Genesis of Atlanta,Atlanta,GA,30341,524,"Atlanta, GA",33.9080158,-84.2909986,281.0
2025-10-01,69264,Genesis of Naples,Naples,FL,34109,571,"Ft. Myers-Naples, FL",26.2279083,-81.7660554,270.0
2025-10-01,72517,Genesis of Loma Linda,Ontario,CA,91764,803,"Los Angeles, CA",34.0699402,-117.6059991,259.0
2025-10-01,68783,Coconut Creek Genesis,Coconut Creek,FL,33073,528,"Miami-Ft. Lauderdale, FL",26.2914037,-80.2009677,254.0
2025-10-01,57353,Jenkins Genesis of North East Jacksonville,Jacksonville,FL,32225,561,"Jacksonville, FL",30.3253588,-81.5105439,248.0
2025-10-01,71490,Genesis of West Houston,Houston,TX,77094,618,"Houston, TX",29.7836158,-95.673582,246.0
2025-10-01,29179,Genesis of White Plains,White Plains,NY,10606,501,"New York, NY",41.0350081,-73.7836873,236.0
2025-10-01,72010,Genesis of Charlotte,Charlotte,NC,28227,517,"Charlotte, NC",35.1428872,-80.7216186,235.0
2025-10-01,62585,Genesis of the North Shore,Hicksville,NY,11801,501,"New York, NY",40.7702089,-73.5027249,228.0
2025-10-01,70287,Genesis of St. Charles,St. Peters,MO,63376,609,"St. Louis, MO",38.7975346,-90.5978187,226.0
2025-10-01,73840,Genesis of Braintree,Quincy,MA,02169,506,"Boston, MA-Manchester, NH",42.2364548,-70.9785026,222.0
2025-10-01,6767,Tuttle-Click Genesis,Irvine,CA,92618,803,"Los Angeles, CA",33.6342181,-117.7233823,215.0
2025-10-01,7692,Genesis of The South Shore,West Islip,NY,11795,501,"New York, NY",40.7207062,-73.3044797,211.0
2025-10-01,9001,Genesis of Chandler,Chandler,AZ,85286,753,"Phoenix, AZ",33.2846933,-111.7910889,209.0
2025-10-01,3156,Genesis of Schaumburg,Schaumburg,IL,60173,602,"Chicago, IL",42.0509027,-88.053118,195.0
2025-10-01,72673,Earnhardt Genesis North Scottsdale,Scottsdale,AZ,85260,753,"Phoenix, AZ",33.631299,-111.8982196,188.0
2025-10-01,62609,Norm Reeves Genesis of Cerritos,Cerritos,CA,90703,803,"Los Angeles, CA",33.8662378,-118.1015234,181.0
2025-10-01,69062,Genesis of Lindon,Lindon,UT,84042,770,"Salt Lake City, UT",40.3293405,-111.7338433,179.0
2025-10-01,6996,Genesis of Lafayette,Lafayette,LA,70506,642,"Lafayette, LA",30.1552098,-92.0910284,175.0
2025-10-01,28092,Genesis of Las Vegas,Las Vegas,NV,89117,839,"Las Vegas, NV",36.1449418,-115.2489832,174.0
2025-10-01,26003,Genesis of Elgin,Elgin,IL,60120,602,"Chicago, IL",42.0317119,-88.2445971,169.0
2025-10-01,98536,Galpin Genesis of Van Nuys,Los Angeles,CA,91406,803,"Los Angeles, CA",34.2209833,-118.4687863,168.0
2025-10-01,69118,Hudson Hyundai,Jersey City,NJ,07304,501,"New York, NY",40.7234737,-74.0888952,167.0
2025-10-01,73389,Genesis of Freehold,Freehold,NJ,07728,501,"New York, NY",40.2641336,-74.2924834,165.0
2025-10-01,52440,Genesis of Mentor,Mentor,OH,44060,510,"Cleveland-Akron (Canton), OH",41.6834521,-81.3348422,163.0
2025-10-01,73041,Gettel Genesis of Sarasota,Sarasota,FL,34233,539,"Tampa-St Petersburg (Sarasota), FL",27.2695206,-82.4746827,162.0
2025-10-01,67653,Genesis of Corona,Corona,CA,92882,803,"Los Angeles, CA",33.882918,-117.6138489,161.0
2025-10-01,53667,Genesis Of Cumming,Cumming,GA,30041,524,"Atlanta, GA",34.1439728,-84.1730152,160.0
2025-10-01,1130,Genesis of Kirkland,Kirkland,WA,98034,819,"Seattle-Tacoma, WA",47.7072771,-122.1748634,158.0
2025-10-01,69570,Genesis of Cary,Cary,NC,27511,560,"Raleigh-Durham (Fayetteville), NC",35.7384809,-78.8093998,154.0
2025-10-01,74040,Genesis of San Bruno,San Bruno,CA,94066,807,"San Francisco-Oakland-San Jose, CA",37.6372585,-122.419091,154.0
2025-10-01,66836,Genesis of Peoria,Peoria,AZ,85382,753,"Phoenix, AZ",33.6372458,-112.2451079,153.0
2025-10-01,9004,Genesis of Littleton,Englewood,CO,80113,751,"Denver, CO",39.6200977,-104.9885845,152.0
2025-10-01,3102,Genesis of Alexandria,Alexandria,VA,22301,511,"Washington, DC (Hagerstown, MD)",38.8213866,-77.0576309,149.0
2025-10-01,57975,Genesis of Kennesaw,Kennesaw,GA,30144,524,"Atlanta, GA",34.0233261,-84.5734338,149.0
2025-10-01,2734,Genesis of Carmel,Indianapolis,IN,46240,527,"Indianapolis, IN",39.9293455,-86.0966346,148.0
2025-10-01,70074,Genesis of Fort Myers,Fort Myers,FL,33907,571,"Ft. Myers-Naples, FL",26.596538,-81.8605256,145.0
2025-10-01,62581,Genesis Santa Monica,Santa Monica,CA,90404,803,"Los Angeles, CA",34.03227,-118.4751279,140.0
2025-10-01,96938,Genesis of North Cincinnati,Cincinnati,OH,45249,515,"Cincinnati, OH",39.2926575,-84.3036044,140.0
2025-10-01,61240,Genesis of Palm Springs,Palm Springs,CA,92264,804,"Palm Springs, CA",33.7945577,-116.5032881,140.0
2025-10-01,93460,Genesis of Portland,Portland,OR,97225,820,"Portland, OR",45.4962782,-122.7698208,140.0
2025-10-01,3566,Genesis of Highland Park,Highland Park,IL,60035,602,"Chicago, IL",42.1609423,-87.8081446,139.0
2025-10-01,99817,Genesis Ring 1,Derwood,MD,20855,511,"Washington, DC (Hagerstown, MD)",39.10844,-77.1511615,137.0
2025-10-01,94818,Genesis of Milwaukee,Waukesha,WI,53186,617,"Milwaukee, WI",43.0244944,-88.2038863,136.0
2025-10-01,4349,Jenkins Genesis of Leesburg,Leesburg,FL,34788,534,"Orlando-Daytona Beach-Melbourne, FL",28.8228437,-81.7874886,135.0
2025-10-01,4919,Genesis of North Aurora,North Aurora,IL,60542,602,"Chicago, IL",41.80082,-88.3739138,130.0
2025-10-01,1393,Genesis of Plano,Plano,TX,75093,623,"Dallas-Ft. Worth, TX",33.0102218,-96.7668456,130.0
2025-10-01,72695,Rick Case Genesis,Plantation,FL,33317,528,"Miami-Ft. Lauderdale, FL",26.1351086,-80.2031534,128.0
2025-10-01,17853,Genesis of Winston-Salem,Winston-Salem,NC,27127,518,"Greensboro-High Point-Winston Salem, NC",36.0674142,-80.2606633,127.0
2025-10-01,73893,Genesis of Brunswick,South Brunswick Township,NJ,08852,501,"New York, NY",40.4111541,-74.5423003,123.0
2025-10-01,10409,Genesis of Southwest Houston,Houston,TX,77074,618,"Houston, TX",29.6691333,-95.5474174,122.0
2025-10-01,61326,Genesis of Denville,Denville,NJ,07834,501,"New York, NY",40.8681668,-74.5137571,121.0
2025-10-01,8533,Genesis North Orlando,Winter Park,FL,32789,534,"Orlando-Daytona Beach-Melbourne, FL",28.6088331,-81.3648614,119.0
2025-10-01,71052,Lakeland Genesis,Lakeland,FL,33815,539,"Tampa-St Petersburg (Sarasota), FL",28.054301,-81.9758413,117.0
2025-10-01,94375,Castle Genesis of Downers Grove,Oakbrook Terrace,IL,60181,602,"Chicago, IL",41.8582742,-87.9545485,114.0
2025-10-01,1250,Genesis of New Orleans,Metairie,LA,70003,622,"New Orleans, LA",30.0058423,-90.2210481,111.0
2025-10-01,69823,Genesis Of Charleston,Charleston,SC,29414,519,"Charleston, SC",32.7982545,-80.0859341,110.0
2025-10-01,73682,Wallace Genesis,Stuart,FL,34997,548,"West Palm Beach-Ft. Pierce, FL",27.1605832,-80.2229084,109.0
2025-10-01,62587,Genesis of Aurora,Aurora,IL,60504,602,"Chicago, IL",41.7515762,-88.213844,107.0
2025-10-01,71992,Genesis of Brooklyn,Brooklyn,NY,11232,501,"New York, NY",40.6571085,-74.014405,107.0
2025-10-01,73795,Crown Genesis,St. Petersburg,FL,33714,539,"Tampa-St Petersburg (Sarasota), FL",27.8204635,-82.6786673,105.0
2025-10-01,69032,Genesis Of NW San Antonio,Boerne,TX,78006,641,"San Antonio, TX",29.6844593,-98.6411438,105.0
2025-10-01,73680,Genesis of Wayne,Wayne,NJ,07470,501,"New York, NY",40.948967,-74.276307,105.0
2025-10-01,70052,Norm Reeves Genesis of Irving,Irving,TX,75062,623,"Dallas-Ft. Worth, TX",32.8360367,-96.921086,104.0
2025-10-01,9254,Genesis of Bloomington-Normal,Normal,IL,61761,675,"Peoria-Bloomington, IL",40.5165466,-88.9541909,101.0
2025-10-01,64037,Universal Genesis,Orlando,FL,32837,534,"Orlando-Daytona Beach-Melbourne, FL",28.3794594,-81.4033691,101.0
2025-10-01,61239,Genesis of Central Florida,Clermont,FL,34711,534,"Orlando-Daytona Beach-Melbourne, FL",28.5478492,-81.6689649,100.0
2025-10-01,70631,Genesis of Lake Norman,Cornelius,NC,28031,517,"Charlotte, NC",35.467345,-80.872696,100.0
2025-10-01,73379,Genesis of Milford,Milford,CT,06460,533,"Hartford & New Haven, CT",41.2076083,-73.0884209,98.0
2025-10-01,9594,Genesis of Orange Park,Jacksonville,FL,32244,561,"Jacksonville, FL",30.2100757,-81.7391104,97.0
2025-10-01,69670,Rick Case Genesis Davie,Davie,FL,33331,528,"Miami-Ft. Lauderdale, FL",26.0758729,-80.3619504,96.0
2025-10-01,4941,Genesis of Conshohocken,Conshohocken,PA,19428,504,"Philadelphia, PA",40.1028837,-75.3064312,95.0
2025-10-01,4899,Genesis of Conway,Conway,AR,72032,693,"Little Rock-Pine Bluff, AR",35.093494,-92.421864,94.0
2025-10-01,97787,Genesis Montgomery,Montgomery,AL,36106,698,"Montgomery (Selma), AL",32.3606235,-86.2242999,93.0
2025-10-01,65747,Genesis Of Clear Lake,Webster,TX,77598,618,"Houston, TX",29.5340161,-95.13376,93.0
2025-10-01,94567,Genesis of Kansas City,Overland Park,KS,66204,616,"Kansas City, MO",38.9882713,-94.6681597,93.0
2025-10-01,72126,Genesis of Ocala,Ocala,FL,34471,534,"Orlando-Daytona Beach-Melbourne, FL",29.1773171,-82.1519073,93.0
2025-10-01,12986,Genesis of Buffalo,Williamsville,NY,14221,514,"Buffalo, NY",42.960953,-78.691081,92.0
2025-10-01,2525,Genesis of Cool Springs,Franklin,TN,37067,659,"Nashville, TN",35.9580609,-86.8090467,92.0
2025-10-01,70696,Genesis of Round Rock,Round Rock,TX,78665,635,"Austin, TX",30.5322484,-97.6891408,92.0
2025-10-01,71829,Genesis of Chantilly,Chantilly,VA,20151,511,"Washington, DC (Hagerstown, MD)",38.903778,-77.4621301,91.0
2025-10-01,68840,Genesis of Golden,Golden,CO,80401,751,"Denver, CO",39.730479,-105.1754951,90.0
2025-10-01,73042,Gettel Genesis of Lakewood,Bradenton,FL,34208,539,"Tampa-St Petersburg (Sarasota), FL",27.4953171,-82.4871204,90.0
2025-10-01,71661,Allen Turner Genesis,Pensacola,FL,32505,686,"Mobile, AL-Pensacola (Ft. Walton Beach), FL",30.4750621,-87.247943,89.0
2025-10-01,64003,Genesis of Bel Air,Fallston,MD,21047,512,"Baltimore, MD",39.5065574,-76.3858171,89.0
2025-10-01,67535,Genesis of Wolfchase,Memphis,TN,38133,640,"Memphis, TN",35.2032351,-89.8071642,88.0
2025-10-01,9164,Genesis of Kearny Mesa,San Diego,CA,92111,825,"San Diego, CA",32.82812,-117.1528769,87.0
2025-10-01,67536,Genesis of Omaha,Omaha,NE,68118,652,"Omaha, NE",41.2639237,-96.1858719,86.0
2025-10-01,61217,Genesis of Weatherford,Hudson Oaks,TX,76087,623,"Dallas-Ft. Worth, TX",32.7558051,-97.6929673,86.0
2025-10-01,2584,Genesis Of Norman,Norman,OK,73069,650,"Oklahoma City, OK",35.2248696,-97.4845549,84.0
2025-10-01,70093,Genesis of Merrillville,Merrillville,IN,46410,602,"Chicago, IL",41.4717832,-87.3480253,83.0
2025-10-01,67522,Genesis of Wexford,Wexford,PA,15090,508,"Pittsburgh, PA",40.6143612,-80.0568103,83.0
2025-10-01,71974,Genesis of Columbia,Columbia,SC,29203,546,"Columbia, SC",34.1430845,-80.9485594,81.0
2025-10-01,98745,Genesis of Danvers,Danvers,MA,01923,506,"Boston, MA-Manchester, NH",42.5595013,-70.9786915,81.0
2025-10-01,96075,Genesis of Smithtown,Saint James,NY,11780,501,"New York, NY",40.861595,-73.159573,80.0
2025-10-01,4457,Genesis of Spring,Spring,TX,77373,618,"Houston, TX",30.0627988,-95.4322263,80.0
2025-10-01,64426,Genesis of Algonquin,Algonquin,IL,60102,602,"Chicago, IL",42.1629985,-88.3344476,79.0
2025-10-01,94705,Genesis of Ridgefield,Norwalk,CT,06851,501,"New York, NY",41.1261307,-73.4233158,79.0
2025-10-01,99734,Genesis of Tampa,Tampa,FL,33613,539,"Tampa-St Petersburg (Sarasota), FL",28.0872094,-82.4521026,79.0
2025-10-01,71985,Genesis of Columbus,Columbus,OH,43230,535,"Columbus, OH",40.0598318,-82.9433206,78.0
2025-10-01,68256,Genesis of Lexington,Lexington,KY,40509,541,"Lexington, KY",37.9960356,-84.441848,78.0
2025-10-01,36300,Delray Genesis,Delray Beach,FL,33483,548,"West Palm Beach-Ft. Pierce, FL",26.4720932,-80.0668508,76.0
2025-10-01,11303,Genesis of Appleton,Appleton,WI,54913,658,"Green Bay-Appleton, WI",44.2887964,-88.4759736,74.0
2025-10-01,8947,Genesis of Wichita,Wichita,KS,67206,678,"Wichita-Hutchinson, KS",37.7055104,-97.2084739,74.0
2025-10-01,10916,Genesis of Louisville,Jeffersontown,KY,40299,529,"Louisville, KY",38.2125896,-85.5378392,73.0
2025-10-01,9171,Genesis of Longview,Longview,TX,75605,709,"Tyler-Longview(Lufkin & Nacogdoches), TX",32.5633713,-94.7310184,71.0
2025-10-01,1531,Genesis of Manchester,Bedford,NH,03110,506,"Boston, MA-Manchester, NH",42.944374,-71.472789,68.0
2025-10-01,73383,Genesis of Newnan,Newnan,GA,30263,524,"Atlanta, GA",33.3980326,-84.751469,68.0
2025-10-01,68973,Genesis of Dublin,Dublin,CA,94568,807,"San Francisco-Oakland-San Jose, CA",37.7027037,-121.9030039,66.0
2025-10-01,68945,Genesis of San Antonio East,San Antonio,TX,78233,641,"San Antonio, TX",29.5452956,-98.3688609,65.0
2025-10-01,69102,Orlando Genesis,Orlando,FL,32808,534,"Orlando-Daytona Beach-Melbourne, FL",28.5521196,-81.4309809,65.0
2025-10-01,91447,Genesis of Albany,Albany,NY,12205,532,"Albany-Schenectady-Troy, NY",42.7296031,-73.8529553,64.0
2025-10-01,36882,Genesis of Virginia Beach,Virginia Beach,VA,23452,544,"Norfolk-Portsmouth-Newport News,VA",36.8356924,-76.0987758,63.0
2025-10-01,61459,Genesis of Augusta,Augusta,GA,30907,520,"Augusta, GA",33.5157506,-82.0641493,62.0
2025-10-01,66747,Genesis Of Southfield,Southfield,MI,48034,505,"Detroit, MI",42.4941876,-83.2830437,61.0
2025-10-01,70573,Genesis of Gwinnett,Duluth,GA,30096,524,"Atlanta, GA",33.9606012,-84.1164625,61.0
2025-10-01,4844,Genesis of Miami Lakes,Miami Lakes,FL,33014,528,"Miami-Ft. Lauderdale, FL",25.9235071,-80.3016669,61.0
2025-10-01,61277,Genesis of New Hudson,New Hudson,MI,48165,505,"Detroit, MI",42.5161168,-83.609054,61.0
2025-10-01,70624,Genesis of Noblesville,Noblesville,IN,46060,527,"Indianapolis, IN",40.0446534,-85.9936143,61.0
2025-10-01,70835,Genesis of Tulsa,Tulsa,OK,74133,671,"Tulsa, OK",36.022119,-95.8852819,61.0
2025-10-01,67498,Genesis of West Palm Beach,West Palm Beach,FL,33409,548,"West Palm Beach-Ft. Pierce, FL",26.7072233,-80.0873646,61.0
2025-10-01,2687,Genesis of Parma,Parma,OH,44129,510,"Cleveland-Akron (Canton), OH",41.4180454,-81.7339114,60.0
2025-10-01,71564,Clay Cooley Genesis of Mesquite,Mesquite,TX,75150,623,"Dallas-Ft. Worth, TX",32.8336891,-96.6306212,59.0
2025-10-01,7375,Genesis of Bedford,Bedford,OH,44146,510,"Cleveland-Akron (Canton), OH",41.4061393,-81.5482726,57.0
2025-10-01,69883,Genesis of North Plainfield,North Plainfield,NJ,07060,501,"New York, NY",40.6165806,-74.4551273,57.0
2025-10-01,100501,Genesis Macon,Macon,GA,31210,503,"Macon, GA",32.8866204,-83.675043,56.0
2025-10-01,2157,Genesis of Suitland,Bowie,MD,20716,511,"Washington, DC (Hagerstown, MD)",38.9227402,-76.7179222,55.0
2025-10-01,10212,Genesis of Edmond,Edmond,OK,73013,650,"Oklahoma City, OK",35.6128747,-97.4967472,54.0
2025-10-01,73397,Genesis of Daytona Beach,Daytona Beach,FL,32117,534,"Orlando-Daytona Beach-Melbourne, FL",29.2235952,-81.0481335,53.0
2025-10-01,16023,Genesis of Baton Rouge,Baton Rouge,LA,70809,716,"Baton Rouge, LA",30.3805348,-91.0404825,52.0
2025-10-01,96441,Genesis of Rocklin,Rocklin,CA,95677,862,"Sacramento-Stockton-Modesto, CA",38.7952904,-121.2164042,51.0
2025-10-01,52776,Genesis Of Macomb,Macomb,MI,48044,505,"Detroit, MI",42.6294783,-82.9318824,50.0
2025-10-01,12744,Genesis of Ballwin,Ballwin,MO,63011,609,"St. Louis, MO",38.5925561,-90.5337953,50.0
2025-10-01,61284,Genesis of Springfield,Springfield,VA,22150,511,"Washington, DC (Hagerstown, MD)",38.7503466,-77.1828597,50.0
2025-10-01,69382,Genesis of West Chester,West Chester,PA,19382,504,"Philadelphia, PA",39.9023291,-75.5655602,50.0
2025-10-01,10129,Genesis of Covington,Covington,LA,70433,622,"New Orleans, LA",30.4321,-90.0886416,49.0
2025-10-01,68812,Genesis of South Knoxville,Alcoa,TN,37701,557,"Knoxville, TN",35.8245636,-83.9755837,49.0
2025-10-01,81842,Genesis of West Warwick,West Warwick,RI,02893,521,"Providence, RI-New Bedford, MA",41.684535,-71.5014056,49.0
2025-10-01,72341,Genesis of Auburn,Auburn,AL,36830,522,"Columbus, GA",32.6179594,-85.4635689,47.0
2025-10-01,2511,Genesis of Clearwater,Clearwater,FL,33761,539,"Tampa-St Petersburg (Sarasota), FL",28.0222085,-82.7380372,47.0
2025-10-01,70290,Genesis of Greer,Greer,SC,29651,567,"Greenville-Spartanburg, SC-Asheville, NC-Anderson, SC",34.949924,-82.198468,47.0
2025-10-01,4571,Genesis of Nashua,Nashua,NH,03060,506,"Boston, MA-Manchester, NH",42.7272329,-71.4464946,47.0
2025-10-01,61515,Genesis Of Madison,Madison,WI,53713,669,"Madison, WI",43.0341872,-89.4116586,46.0
2025-10-01,68961,Genesis of Hampton,Hampton,VA,23666,544,"Norfolk-Portsmouth-Newport News,VA",37.0619771,-76.4003949,45.0
2025-10-01,6832,Genesis of Denton,Denton,TX,76210,623,"Dallas-Ft. Worth, TX",33.1691755,-97.0819556,44.0
2025-10-01,67547,Genesis of Ogden,Ogden,UT,84401,770,"Salt Lake City, UT",41.2030548,-111.9799594,43.0
2025-10-01,71500,Genesis of Waterloo,Waterloo,IA,50702,637,"Cedar Rapids-Waterloo-Iowa City & Dubuque, IA",42.4906379,-92.3401956,43.0
2025-10-01,42325,Genesis Memphis Covington Pike,Memphis,TN,38134,640,"Memphis, TN",35.1781733,-89.8953093,42.0
2025-10-01,69931,Genesis of Commerce,West Bloomfield Township,MI,48322,505,"Detroit, MI",42.5607276,-83.4398789,42.0
2025-10-01,6292,Genesis of Harlingen,Harlingen,TX,78552,636,"Harlingen-Weslaco-Brownsville-McAllen, TX",26.1864793,-97.7753841,42.0
2025-10-01,73481,Genesis of Kalamazoo,Kalamazoo,MI,49009,563,"Grand Rapids-Kalamazoo-Battle Creek, MI",42.2973176,-85.6584469,42.0
2025-10-01,72712,Genesis of Roswell,Roswell,GA,30076,524,"Atlanta, GA",34.056201,-84.32906,42.0
2025-10-01,69447,King Genesis,Deerfield Beach,FL,33441,528,"Miami-Ft. Lauderdale, FL",26.29967,-80.0946749,42.0
2025-10-01,91019,Genesis of Hickory,Hickory,NC,28602,517,"Charlotte, NC",35.7151389,-81.3379647,41.0
2025-10-01,83168,Genesis of Framingham,Framingham,MA,01702,506,"Boston, MA-Manchester, NH",42.2974046,-71.417428,40.0
2025-10-01,69409,Genesis of Richmond,Richmond,CA,94806,807,"San Francisco-Oakland-San Jose, CA",37.9857273,-122.3202802,40.0
2025-10-01,9530,Genesis of Brunswick,Brunswick,OH,44212,510,"Cleveland-Akron (Canton), OH",41.2391403,-81.7926475,39.0
2025-10-01,1691,Genesis of Fairfield,Fairfield,CT,06825,501,"New York, NY",41.1661525,-73.2298512,38.0
2025-10-01,8386,Genesis of Huntington,Huntington,NY,11743,501,"New York, NY",40.8332861,-73.3617156,38.0
2025-10-01,69737,Genesis of Richmond,Bon Air,VA,23235,556,"Richmond-Petersburg, VA",37.5013145,-77.5717929,38.0
2025-10-01,73353,Genesis of Annapolis,Annapolis,MD,21401,512,"Baltimore, MD",38.976603,-76.5095064,37.0
2025-10-01,65171,Genesis of Selma,Selma,CA,93662,866,"Fresno-Visalia, CA",36.5705206,-119.6297571,36.0
2025-10-01,99924,Genesis of Avon,Simsbury,CT,06092,533,"Hartford & New Haven, CT",41.8203914,-72.8690454,35.0
2025-10-01,72197,Genesis of Doylestown,Doylestown,PA,18902,504,"Philadelphia, PA",40.3335783,-75.1370158,35.0
2025-10-01,60611,Genesis of Huntsville,Huntsville,AL,35816,691,"Huntsville-Decatur (Florence), AL",34.7342382,-86.6214927,35.0
2025-10-01,3536,Genesis of Rockville,North Bethesda,MD,20852,511,"Washington, DC (Hagerstown, MD)",39.0438363,-77.1107675,34.0
2025-10-01,61196,Genesis of Arlington,Arlington,MA,02476,506,"Boston, MA-Manchester, NH",42.4232377,-71.1738841,32.0
2025-10-01,69980,Genesis of Minneapolis,Golden Valley,MN,55426,613,"Minneapolis-St. Paul, MN",44.9724585,-93.3935748,32.0
2025-10-01,61112,Homestead Genesis,Homestead,FL,33030,528,"Miami-Ft. Lauderdale, FL",25.4674062,-80.472177,31.0
2025-10-01,68638,Genesis of Downtown Chicago,Chicago,IL,60616,602,"Chicago, IL",41.8442199,-87.6240557,29.0
2025-10-01,69018,Genesis of Hickory Hollow,Nashville,TN,37211,659,"Nashville, TN",36.0456523,-86.7012321,29.0
2025-10-01,72560,Genesis of West Knoxville,Knoxville,TN,37923,557,"Knoxville, TN",35.9181977,-84.0733877,28.0
2025-10-01,73395,Genesis of Union City,Riverdale,GA,30274,524,"Atlanta, GA",33.5645576,-84.4132949,27.0
2025-10-01,61567,Genesis of Monroeville,Monroeville,PA,15146,508,"Pittsburgh, PA",40.4308948,-79.7170895,26.0
2025-10-01,69414,Genesis of Olive Branch,Olive Branch,MS,38654,640,"Memphis, TN",34.9790497,-89.8645852,26.0
2025-10-01,70200,Genesis of Chattanooga,Chattanooga,TN,37421,575,"Chattanooga, TN",35.0602866,-85.1922179,25.0
2025-10-01,64724,Genesis of Groveport,Groveport,OH,43125,535,"Columbus, OH",39.8895794,-82.8876146,25.0
2025-10-01,3152,Genesis of St. Cloud,Waite Park,MN,56387,613,"Minneapolis-St. Paul, MN",45.5485676,-94.2285831,25.0
2025-10-01,8750,Sid Dillon Genesis of Lincoln,Lincoln,NE,68512,722,"Lincoln & Hastings-Kearney, NE",40.7364094,-96.6846163,25.0
2025-10-01,5541,Genesis Glenview,Glenview,IL,60026,602,"Chicago, IL",42.1061877,-87.8216753,24.0
2025-10-01,71271,Genesis of Cartersville,Cartersville,GA,30120,524,"Atlanta, GA",34.1915656,-84.7876903,24.0
2025-10-01,69498,Genesis of Eastern Shore,Daphne,AL,36526,686,"Mobile, AL-Pensacola (Ft. Walton Beach), FL",30.6607867,-87.8567477,24.0
2025-10-01,793,Genesis of Hazelwood,Hazelwood,MO,63042,609,"St. Louis, MO",38.7811015,-90.3650463,23.0
2025-10-01,69757,Genesis of Wilkes-Barre,Wilkes-Barre,PA,18702,577,"Wilkes Barre-Scranton, PA",41.2549421,-75.8381435,23.0
2025-10-01,3992,Genesis of New Bern,New Bern,NC,28560,545,"Greenville-New Bern-Washington, NC",35.0579658,-77.0170433,22.0
2025-10-01,648,Genesis of Calumet City,Calumet City,IL,60409,602,"Chicago, IL",41.6004518,-87.5734156,21.0
2025-10-01,73375,Genesis of Melbourne,Melbourne,FL,32901,534,"Orlando-Daytona Beach-Melbourne, FL",28.0781199,-80.6372008,20.0
2025-10-01,69400,Genesis of Austin,Austin,TX,78745,635,"Austin, TX",30.2097044,-97.7566525,19.0
2025-10-01,70671,Genesis of Owings Mills,Owings Mills,MD,21117,512,"Baltimore, MD",39.43549,-76.800636,19.0
2025-10-01,71909,Napleton's North Palm Hyundai,Lake Park,FL,33403,548,"West Palm Beach-Ft. Pierce, FL",26.809389,-80.0935379,19.0
2025-10-01,61127,Genesis of Hattiesburg,Hattiesburg,MS,39402,710,"Hattiesburg-Laurel, MS",31.3166979,-89.407095,18.0
2025-10-01,100307,Genesis of Mountain View,Mountain View,CA,94040,807,"San Francisco-Oakland-San Jose, CA",37.4048603,-122.1093955,18.0
2025-10-01,3110,Genesis of South St. Louis County,St. Louis,MO,63123,609,"St. Louis, MO",38.521476,-90.3450902,18.0
2025-10-01,61176,Headquarter Genesis,Lake Mary,FL,32746,534,"Orlando-Daytona Beach-Melbourne, FL",28.7885443,-81.3466546,17.0
2025-10-01,73400,Genesis of Macon,Macon,GA,31210,503,"Macon, GA",32.8866204,-83.675043,16.0
2025-10-01,49527,Genesis of Urbana,Urbana,IL,61802,648,"Champaign & Springfield-Decatur,IL",40.1386655,-88.1960739,14.0
2025-10-01,70356,Hampton Genesis,Fort Walton Beach,FL,32548,686,"Mobile, AL-Pensacola (Ft. Walton Beach), FL",30.4123712,-86.6281688,14.0
2025-10-01,36816,Warner Robins Chrysler Dodge Jeep Ram FIAT,Warner Robins,GA,31093,503,"Macon, GA",32.6175306,-83.6790543,13.0
2025-10-01,84406,Genesis at Long of Chattanooga,Chattanooga,TN,37421,575,"Chattanooga, TN",35.059805,-85.190767,12.0
2025-10-01,5334,Genesis of Fayetteville,Fayetteville,NC,28314,560,"Raleigh-Durham (Fayetteville), NC",35.0630371,-78.9696547,11.0
2025-10-01,69677,Genesis of La Quinta,La Quinta,CA,92253,804,"Palm Springs, CA",33.7072313,-116.2852619,8.0
2025-10-01,100529,Genesis of San Diego,San Diego,CA,92111,825,"San Diego, CA",32.8306319,-117.1434333,7.0
2025-10-01,69701,Genesis of Victorville,Victorville,CA,92392,803,"Los Angeles, CA",34.5060794,-117.3405032,7.0
2025-10-01,83639,Napleton Maserati of Indianapolis,Indianapolis,IN,46240,527,"Indianapolis, IN",39.9276857,-86.0978814,7.0
2025-10-01,68698,GENESIS OF BAYSIDE,Queens,NY,11361,501,"New York, NY",40.7573441,-73.7811612,6.0
2025-10-01,18922,Genesis of Lafayette,Lafayette,IN,47904,582,"Lafayette, IN",40.4192119,-86.8589689,6.0
2025-10-01,61156,Genesis of Mattoon,Mattoon,IL,61938,648,"Champaign & Springfield-Decatur,IL",39.4823346,-88.3786268,6.0
2025-10-01,69370,Genesis of Northampton,Northampton,MA,01060,543,"Springfield-Holyoke, MA",42.3359481,-72.6356287,5.0
2025-10-01,4360,Paramount Hyundai Hickory,Hickory,NC,28602,517,"Charlotte, NC",35.715088,-81.3379676,5.0
2025-10-01,10755,South Point Hyundai,Austin,TX,78745,635,"Austin, TX",30.2097091,-97.7566541,5.0
2025-10-01,73047,Genesis of Stevens Creek,Santa Clara,CA,95051,807,"San Francisco-Oakland-San Jose, CA",37.3235793,-121.9800176,4.0
2025-10-01,64039,Suntrup Hyundai South,St. Louis,MO,63123,609,"St. Louis, MO",38.521476,-90.3450902,4.0
2025-10-01,70876,Doral Genesis,Doral,FL,33172,528,"Miami-Ft. Lauderdale, FL",25.7843093,-80.3669404,3.0
2025-10-01,69375,Genesis of Hilton Head,Bluffton,SC,29910,507,"Savannah, GA",32.2898537,-80.9132918,3.0
2025-10-01,25780,Kentson Car Company,Bountiful,UT,84010,770,"Salt Lake City, UT",40.862791,-111.8925406,3.0
2025-10-01,3745,Vandergriff Hyundai,Arlington,TX,76017,623,"Dallas-Ft. Worth, TX",32.6758213,-97.1247183,3.0
2025-10-01,75561,BMW of West St Louis,Manchester,MO,63011,609,"St. Louis, MO",38.5938191,-90.5172172,2.0
2025-10-01,2929,Gurley Leep Hyundai,Mishawaka,IN,46545,588,"South Bend-Elkhart, IN",41.7085345,-86.1860372,2.0
2025-10-01,53170,Hyundai of Central Florida,Clermont,FL,34711,534,"Orlando-Daytona Beach-Melbourne, FL",28.5479783,-81.6689965,2.0
2025-10-01,9692,Hyundai of La Quinta,La Quinta,CA,92253,804,"Palm Springs, CA",33.7072313,-116.2852619,2.0
2025-10-01,69443,eCarOne,Plano,TX,75093,623,"Dallas-Ft. Worth, TX",33.0152705,-96.7767928,2.0
2025-10-01,13821,Audi North Shore,Brown Deer,WI,53223,617,"Milwaukee, WI",43.1791437,-87.9669639,1.0
2025-10-01,61741,Burns Buick GMC,Evesham,NJ,08053,504,"Philadelphia, PA",39.8944583,-74.9371349,1.0
2025-10-01,9592,Burns Hyundai,Evesham,NJ,08053,504,"Philadelphia, PA",39.8945897,-74.9382479,1.0
2025-10-01,74931,CarMax Independence Boulevard,Charlotte,NC,28227,517,"Charlotte, NC",35.1598534,-80.7341335,1.0
2025-10-01,80993,Driveline Used Cars of Murrieta,Murrieta,CA,92562,803,"Los Angeles, CA",33.5292134,-117.1733988,1.0
2025-10-01,891,Five Star Chevrolet,Warner Robins,GA,31093,503,"Macon, GA",32.6181243,-83.6038649,1.0
2025-10-01,15434,Folsom Lake Ford,Folsom,CA,95630,862,"Sacramento-Stockton-Modesto, CA",38.6346917,-121.2046807,1.0
2025-10-01,13492,Genesis of Brunswick,Brunswick,GA,31525,561,"Jacksonville, FL",31.2072117,-81.4811899,1.0
2025-10-01,17363,Greentree Toyota,Brookfield,CT,06804,501,"New York, NY",41.4247664,-73.4190955,1.0
2025-10-01,71422,Hyundai City of Bay Ridge,Brooklyn,NY,11209,501,"New York, NY",40.6192775,-74.0295303,1.0
2025-10-01,8135,Joe Machens Hyundai,Columbia,MO,65202,604,"Columbia-Jefferson City, MO",38.971532,-92.3342914,1.0
2025-10-01,60374,Maple Hill Volvo Cars,Kalamazoo,MI,49009,563,"Grand Rapids-Kalamazoo-Battle Creek, MI",42.2973176,-85.6584469,1.0
2025-10-01,25370,Midlands Toyota,Columbia,SC,29203,546,"Columbia, SC",34.1282887,-80.9599501,1.0
2025-10-01,56306,Route 17 Mitsubishi,Ramsey,NJ,07446,501,"New York, NY",41.0724998,-74.1420132,1.0
2025-10-01,7311,Stevens Creek Hyundai,Santa Clara,CA,95051,807,"San Francisco-Oakland-San Jose, CA",37.3235793,-121.9800176,1.0
2025-10-01,8604,Suntrup Kia South,St. Louis,MO,63123,609,"St. Louis, MO",38.5160485,-90.3441408,1.0
2025-10-01,2107,Suntrup Nissan,St. Louis,MO,63123,609,"St. Louis, MO",38.5208643,-90.3438767,1.0
2025-10-01,5357,Suntrup Volkswagen,St. Louis,MO,63123,609,"St. Louis, MO",38.5208039,-90.3432543,1.0
2025-10-01,58908,Tonkin Wilsonville Nissan,Wilsonville,OR,97070,820,"Portland, OR",45.3267254,-122.7711528,1.0
2025-10-01,6016,Brustolon Buick GMC,Stonington,CT,06355,533,"Hartford & New Haven, CT",41.3457539,-71.9516854,0.0
2025-10-01,15176,Five Star Ford Warner Robins,Warner Robins,GA,31088,503,"Macon, GA",32.5957075,-83.6393033,0.0
2025-10-01,70476,Genesis of Escondido,Escondido,CA,92029,825,"San Diego, CA",33.1150272,-117.1049655,0.0
2025-10-01,10564,Genesis of Meriden,Meriden,CT,06450,533,"Hartford & New Haven, CT",41.5137568,-72.8062752,0.0
2025-11-01,61186,Braman Genesis,Miami,FL,33137,528,"Miami-Ft. Lauderdale, FL",25.7954893,-80.1910373,584.0
2025-11-01,73396,Genesis of Cherry Hill,Evesham,NJ,08053,504,"Philadelphia, PA",39.8831146,-74.9226358,386.0
2025-11-01,64605,Genesis of South Bay,Torrance,CA,90505,803,"Los Angeles, CA",33.7991718,-118.3411724,323.0
2025-11-01,7006,Genesis of Atlanta,Atlanta,GA,30341,524,"Atlanta, GA",33.9080158,-84.2909986,313.0
2025-11-01,29179,Genesis of White Plains,White Plains,NY,10606,501,"New York, NY",41.0350081,-73.7836873,264.0
2025-11-01,62585,Genesis of the North Shore,Hicksville,NY,11801,501,"New York, NY",40.7702089,-73.5027249,254.0
2025-11-01,72010,Genesis of Charlotte,Charlotte,NC,28227,517,"Charlotte, NC",35.1428872,-80.7216186,246.0
2025-11-01,71490,Genesis of West Houston,Houston,TX,77094,618,"Houston, TX",29.7836158,-95.673582,245.0
2025-11-01,72517,Genesis of Loma Linda,Ontario,CA,91764,803,"Los Angeles, CA",34.0699402,-117.6059991,242.0
2025-11-01,68783,Coconut Creek Genesis,Coconut Creek,FL,33073,528,"Miami-Ft. Lauderdale, FL",26.2914037,-80.2009677,238.0
2025-11-01,73893,Genesis of Brunswick,South Brunswick Township,NJ,08852,501,"New York, NY",40.4111541,-74.5423003,234.0
2025-11-01,69264,Genesis of Naples,Naples,FL,34109,571,"Ft. Myers-Naples, FL",26.2279083,-81.7660554,234.0
2025-11-01,70287,Genesis of St. Charles,St. Peters,MO,63376,609,"St. Louis, MO",38.7975346,-90.5978187,220.0
2025-11-01,7692,Genesis of The South Shore,West Islip,NY,11795,501,"New York, NY",40.7207062,-73.3044797,217.0
2025-11-01,73840,Genesis of Braintree,Quincy,MA,02169,506,"Boston, MA-Manchester, NH",42.2364548,-70.9785026,211.0
2025-11-01,3156,Genesis of Schaumburg,Schaumburg,IL,60173,602,"Chicago, IL",42.0509027,-88.053118,205.0
2025-11-01,99817,Genesis Ring 1,Derwood,MD,20855,511,"Washington, DC (Hagerstown, MD)",39.10844,-77.1511615,204.0
2025-11-01,9001,Genesis of Chandler,Chandler,AZ,85286,753,"Phoenix, AZ",33.2846933,-111.7910889,200.0
2025-11-01,6996,Genesis of Lafayette,Lafayette,LA,70506,642,"Lafayette, LA",30.1552098,-92.0910284,198.0
2025-11-01,57353,Jenkins Genesis of North East Jacksonville,Jacksonville,FL,32225,561,"Jacksonville, FL",30.3253588,-81.5105439,196.0
2025-11-01,73389,Genesis of Freehold,Freehold,NJ,07728,501,"New York, NY",40.2641336,-74.2924834,183.0
2025-11-01,6767,Tuttle-Click Genesis,Irvine,CA,92618,803,"Los Angeles, CA",33.6342181,-117.7233823,182.0
2025-11-01,72673,Earnhardt Genesis North Scottsdale,Scottsdale,AZ,85260,753,"Phoenix, AZ",33.631299,-111.8982196,181.0
2025-11-01,28092,Genesis of Las Vegas,Las Vegas,NV,89117,839,"Las Vegas, NV",36.1449418,-115.2489832,177.0
2025-11-01,69062,Genesis of Lindon,Lindon,UT,84042,770,"Salt Lake City, UT",40.3293405,-111.7338433,165.0
2025-11-01,69118,Hudson Hyundai,Jersey City,NJ,07304,501,"New York, NY",40.7234737,-74.0888952,165.0
2025-11-01,62609,Norm Reeves Genesis of Cerritos,Cerritos,CA,90703,803,"Los Angeles, CA",33.8662378,-118.1015234,160.0
2025-11-01,74040,Genesis of San Bruno,San Bruno,CA,94066,807,"San Francisco-Oakland-San Jose, CA",37.6372585,-122.419091,154.0
2025-11-01,69570,Genesis of Cary,Cary,NC,27511,560,"Raleigh-Durham (Fayetteville), NC",35.7384809,-78.8093998,153.0
2025-11-01,26003,Genesis of Elgin,Elgin,IL,60120,602,"Chicago, IL",42.0317119,-88.2445971,153.0
2025-11-01,1130,Genesis of Kirkland,Kirkland,WA,98034,819,"Seattle-Tacoma, WA",47.7072771,-122.1748634,152.0
2025-11-01,52440,Genesis of Mentor,Mentor,OH,44060,510,"Cleveland-Akron (Canton), OH",41.6834521,-81.3348422,152.0
2025-11-01,3102,Genesis of Alexandria,Alexandria,VA,22301,511,"Washington, DC (Hagerstown, MD)",38.8213866,-77.0576309,150.0
2025-11-01,2734,Genesis of Carmel,Indianapolis,IN,46240,527,"Indianapolis, IN",39.9293455,-86.0966346,146.0
2025-11-01,67653,Genesis of Corona,Corona,CA,92882,803,"Los Angeles, CA",33.882918,-117.6138489,146.0
2025-11-01,94818,Genesis of Milwaukee,Waukesha,WI,53186,617,"Milwaukee, WI",43.0244944,-88.2038863,145.0
2025-11-01,98536,Galpin Genesis of Van Nuys,Los Angeles,CA,91406,803,"Los Angeles, CA",34.2209833,-118.4687863,144.0
2025-11-01,10409,Genesis of Southwest Houston,Houston,TX,77074,618,"Houston, TX",29.6691333,-95.5474174,144.0
2025-11-01,57975,Genesis of Kennesaw,Kennesaw,GA,30144,524,"Atlanta, GA",34.0233261,-84.5734338,143.0
2025-11-01,96938,Genesis of North Cincinnati,Cincinnati,OH,45249,515,"Cincinnati, OH",39.2926575,-84.3036044,143.0
2025-11-01,3566,Genesis of Highland Park,Highland Park,IL,60035,602,"Chicago, IL",42.1609423,-87.8081446,140.0
2025-11-01,1393,Genesis of Plano,Plano,TX,75093,623,"Dallas-Ft. Worth, TX",33.0102218,-96.7668456,140.0
2025-11-01,61326,Genesis of Denville,Denville,NJ,07834,501,"New York, NY",40.8681668,-74.5137571,139.0
2025-11-01,93460,Genesis of Portland,Portland,OR,97225,820,"Portland, OR",45.4962782,-122.7698208,135.0
2025-11-01,1250,Genesis of New Orleans,Metairie,LA,70003,622,"New Orleans, LA",30.0058423,-90.2210481,132.0
2025-11-01,53667,Genesis Of Cumming,Cumming,GA,30041,524,"Atlanta, GA",34.1439728,-84.1730152,131.0
2025-11-01,9004,Genesis of Littleton,Englewood,CO,80113,751,"Denver, CO",39.6200977,-104.9885845,130.0
2025-11-01,4457,Genesis of Spring,Spring,TX,77373,618,"Houston, TX",30.0627988,-95.4322263,128.0
2025-11-01,73041,Gettel Genesis of Sarasota,Sarasota,FL,34233,539,"Tampa-St Petersburg (Sarasota), FL",27.2695206,-82.4746827,127.0
2025-11-01,71992,Genesis of Brooklyn,Brooklyn,NY,11232,501,"New York, NY",40.6571085,-74.014405,126.0
2025-11-01,4919,Genesis of North Aurora,North Aurora,IL,60542,602,"Chicago, IL",41.80082,-88.3739138,124.0
2025-11-01,66836,Genesis of Peoria,Peoria,AZ,85382,753,"Phoenix, AZ",33.6372458,-112.2451079,124.0
2025-11-01,94375,Castle Genesis of Downers Grove,Oakbrook Terrace,IL,60181,602,"Chicago, IL",41.8582742,-87.9545485,122.0
2025-11-01,17853,Genesis of Winston-Salem,Winston-Salem,NC,27127,518,"Greensboro-High Point-Winston Salem, NC",36.0674142,-80.2606633,120.0
2025-11-01,73682,Wallace Genesis,Stuart,FL,34997,548,"West Palm Beach-Ft. Pierce, FL",27.1605832,-80.2229084,120.0
2025-11-01,69032,Genesis Of NW San Antonio,Boerne,TX,78006,641,"San Antonio, TX",29.6844593,-98.6411438,119.0
2025-11-01,71052,Lakeland Genesis,Lakeland,FL,33815,539,"Tampa-St Petersburg (Sarasota), FL",28.054301,-81.9758413,118.0
2025-11-01,62587,Genesis of Aurora,Aurora,IL,60504,602,"Chicago, IL",41.7515762,-88.213844,117.0
2025-11-01,70074,Genesis of Fort Myers,Fort Myers,FL,33907,571,"Ft. Myers-Naples, FL",26.596538,-81.8605256,117.0
2025-11-01,70696,Genesis of Round Rock,Round Rock,TX,78665,635,"Austin, TX",30.5322484,-97.6891408,117.0
2025-11-01,62581,Genesis Santa Monica,Santa Monica,CA,90404,803,"Los Angeles, CA",34.03227,-118.4751279,116.0
2025-11-01,4349,Jenkins Genesis of Leesburg,Leesburg,FL,34788,534,"Orlando-Daytona Beach-Melbourne, FL",28.8228437,-81.7874886,116.0
2025-11-01,73379,Genesis of Milford,Milford,CT,06460,533,"Hartford & New Haven, CT",41.2076083,-73.0884209,111.0
2025-11-01,4899,Genesis of Conway,Conway,AR,72032,693,"Little Rock-Pine Bluff, AR",35.093494,-92.421864,110.0
2025-11-01,61240,Genesis of Palm Springs,Palm Springs,CA,92264,804,"Palm Springs, CA",33.7945577,-116.5032881,109.0
2025-11-01,8533,Genesis North Orlando,Winter Park,FL,32789,534,"Orlando-Daytona Beach-Melbourne, FL",28.6088331,-81.3648614,108.0
2025-11-01,98745,Genesis of Danvers,Danvers,MA,01923,506,"Boston, MA-Manchester, NH",42.5595013,-70.9786915,107.0
2025-11-01,73680,Genesis of Wayne,Wayne,NJ,07470,501,"New York, NY",40.948967,-74.276307,106.0
2025-11-01,73795,Crown Genesis,St. Petersburg,FL,33714,539,"Tampa-St Petersburg (Sarasota), FL",27.8204635,-82.6786673,103.0
2025-11-01,69823,Genesis Of Charleston,Charleston,SC,29414,519,"Charleston, SC",32.7982545,-80.0859341,103.0
2025-11-01,2525,Genesis of Cool Springs,Franklin,TN,37067,659,"Nashville, TN",35.9580609,-86.8090467,102.0
2025-11-01,67536,Genesis of Omaha,Omaha,NE,68118,652,"Omaha, NE",41.2639237,-96.1858719,102.0
2025-11-01,4941,Genesis of Conshohocken,Conshohocken,PA,19428,504,"Philadelphia, PA",40.1028837,-75.3064312,101.0
2025-11-01,9254,Genesis of Bloomington-Normal,Normal,IL,61761,675,"Peoria-Bloomington, IL",40.5165466,-88.9541909,100.0
2025-11-01,72695,Rick Case Genesis,Plantation,FL,33317,528,"Miami-Ft. Lauderdale, FL",26.1351086,-80.2031534,100.0
2025-11-01,71829,Genesis of Chantilly,Chantilly,VA,20151,511,"Washington, DC (Hagerstown, MD)",38.903778,-77.4621301,99.0
2025-11-01,70052,Norm Reeves Genesis of Irving,Irving,TX,75062,623,"Dallas-Ft. Worth, TX",32.8360367,-96.921086,99.0
2025-11-01,64037,Universal Genesis,Orlando,FL,32837,534,"Orlando-Daytona Beach-Melbourne, FL",28.3794594,-81.4033691,98.0
2025-11-01,65747,Genesis Of Clear Lake,Webster,TX,77598,618,"Houston, TX",29.5340161,-95.13376,95.0
2025-11-01,12986,Genesis of Buffalo,Williamsville,NY,14221,514,"Buffalo, NY",42.960953,-78.691081,95.0
2025-11-01,70093,Genesis of Merrillville,Merrillville,IN,46410,602,"Chicago, IL",41.4717832,-87.3480253,93.0
2025-11-01,67535,Genesis of Wolfchase,Memphis,TN,38133,640,"Memphis, TN",35.2032351,-89.8071642,93.0
2025-11-01,70631,Genesis of Lake Norman,Cornelius,NC,28031,517,"Charlotte, NC",35.467345,-80.872696,92.0
2025-11-01,9594,Genesis of Orange Park,Jacksonville,FL,32244,561,"Jacksonville, FL",30.2100757,-81.7391104,92.0
2025-11-01,71985,Genesis of Columbus,Columbus,OH,43230,535,"Columbus, OH",40.0598318,-82.9433206,90.0
2025-11-01,2584,Genesis Of Norman,Norman,OK,73069,650,"Oklahoma City, OK",35.2248696,-97.4845549,89.0
2025-11-01,94567,Genesis of Kansas City,Overland Park,KS,66204,616,"Kansas City, MO",38.9882713,-94.6681597,89.0
2025-11-01,61217,Genesis of Weatherford,Hudson Oaks,TX,76087,623,"Dallas-Ft. Worth, TX",32.7558051,-97.6929673,89.0
2025-11-01,97787,Genesis Montgomery,Montgomery,AL,36106,698,"Montgomery (Selma), AL",32.3606235,-86.2242999,87.0
2025-11-01,61239,Genesis of Central Florida,Clermont,FL,34711,534,"Orlando-Daytona Beach-Melbourne, FL",28.5478492,-81.6689649,86.0
2025-11-01,67522,Genesis of Wexford,Wexford,PA,15090,508,"Pittsburgh, PA",40.6143612,-80.0568103,86.0
2025-11-01,8947,Genesis of Wichita,Wichita,KS,67206,678,"Wichita-Hutchinson, KS",37.7055104,-97.2084739,86.0
2025-11-01,64003,Genesis of Bel Air,Fallston,MD,21047,512,"Baltimore, MD",39.5065574,-76.3858171,85.0
2025-11-01,68945,Genesis of San Antonio East,San Antonio,TX,78233,641,"San Antonio, TX",29.5452956,-98.3688609,85.0
2025-11-01,91447,Genesis of Albany,Albany,NY,12205,532,"Albany-Schenectady-Troy, NY",42.7296031,-73.8529553,83.0
2025-11-01,36882,Genesis of Virginia Beach,Virginia Beach,VA,23452,544,"Norfolk-Portsmouth-Newport News,VA",36.8356924,-76.0987758,83.0
2025-11-01,94705,Genesis of Ridgefield,Norwalk,CT,06851,501,"New York, NY",41.1261307,-73.4233158,82.0
2025-11-01,73042,Gettel Genesis of Lakewood,Bradenton,FL,34208,539,"Tampa-St Petersburg (Sarasota), FL",27.4953171,-82.4871204,82.0
2025-11-01,71564,Clay Cooley Genesis of Mesquite,Mesquite,TX,75150,623,"Dallas-Ft. Worth, TX",32.8336891,-96.6306212,81.0
2025-11-01,68840,Genesis of Golden,Golden,CO,80401,751,"Denver, CO",39.730479,-105.1754951,81.0
2025-11-01,69670,Rick Case Genesis Davie,Davie,FL,33331,528,"Miami-Ft. Lauderdale, FL",26.0758729,-80.3619504,81.0
2025-11-01,99924,Genesis of Avon,Simsbury,CT,06092,533,"Hartford & New Haven, CT",41.8203914,-72.8690454,80.0
2025-11-01,71661,Allen Turner Genesis,Pensacola,FL,32505,686,"Mobile, AL-Pensacola (Ft. Walton Beach), FL",30.4750621,-87.247943,79.0
2025-11-01,64426,Genesis of Algonquin,Algonquin,IL,60102,602,"Chicago, IL",42.1629985,-88.3344476,77.0
2025-11-01,11303,Genesis of Appleton,Appleton,WI,54913,658,"Green Bay-Appleton, WI",44.2887964,-88.4759736,77.0
2025-11-01,68256,Genesis of Lexington,Lexington,KY,40509,541,"Lexington, KY",37.9960356,-84.441848,77.0
2025-11-01,71974,Genesis of Columbia,Columbia,SC,29203,546,"Columbia, SC",34.1430845,-80.9485594,76.0
2025-11-01,9164,Genesis of Kearny Mesa,San Diego,CA,92111,825,"San Diego, CA",32.82812,-117.1528769,75.0
2025-11-01,61277,Genesis of New Hudson,New Hudson,MI,48165,505,"Detroit, MI",42.5161168,-83.609054,73.0
2025-11-01,1531,Genesis of Manchester,Bedford,NH,03110,506,"Boston, MA-Manchester, NH",42.944374,-71.472789,72.0
2025-11-01,72126,Genesis of Ocala,Ocala,FL,34471,534,"Orlando-Daytona Beach-Melbourne, FL",29.1773171,-82.1519073,71.0
2025-11-01,36300,Delray Genesis,Delray Beach,FL,33483,548,"West Palm Beach-Ft. Pierce, FL",26.4720932,-80.0668508,70.0
2025-11-01,9171,Genesis of Longview,Longview,TX,75605,709,"Tyler-Longview(Lufkin & Nacogdoches), TX",32.5633713,-94.7310184,70.0
2025-11-01,70835,Genesis of Tulsa,Tulsa,OK,74133,671,"Tulsa, OK",36.022119,-95.8852819,69.0
2025-11-01,10212,Genesis of Edmond,Edmond,OK,73013,650,"Oklahoma City, OK",35.6128747,-97.4967472,68.0
2025-11-01,10916,Genesis of Louisville,Jeffersontown,KY,40299,529,"Louisville, KY",38.2125896,-85.5378392,67.0
2025-11-01,73383,Genesis of Newnan,Newnan,GA,30263,524,"Atlanta, GA",33.3980326,-84.751469,67.0
2025-11-01,100501,Genesis Macon,Macon,GA,31210,503,"Macon, GA",32.8866204,-83.675043,66.0
2025-11-01,69883,Genesis of North Plainfield,North Plainfield,NJ,07060,501,"New York, NY",40.6165806,-74.4551273,66.0
2025-11-01,66747,Genesis Of Southfield,Southfield,MI,48034,505,"Detroit, MI",42.4941876,-83.2830437,64.0
2025-11-01,7375,Genesis of Bedford,Bedford,OH,44146,510,"Cleveland-Akron (Canton), OH",41.4061393,-81.5482726,64.0
2025-11-01,96075,Genesis of Smithtown,Saint James,NY,11780,501,"New York, NY",40.861595,-73.159573,64.0
2025-11-01,16023,Genesis of Baton Rouge,Baton Rouge,LA,70809,716,"Baton Rouge, LA",30.3805348,-91.0404825,63.0
2025-11-01,2687,Genesis of Parma,Parma,OH,44129,510,"Cleveland-Akron (Canton), OH",41.4180454,-81.7339114,63.0
2025-11-01,2157,Genesis of Suitland,Bowie,MD,20716,511,"Washington, DC (Hagerstown, MD)",38.9227402,-76.7179222,62.0
2025-11-01,99734,Genesis of Tampa,Tampa,FL,33613,539,"Tampa-St Petersburg (Sarasota), FL",28.0872094,-82.4521026,62.0
2025-11-01,61459,Genesis of Augusta,Augusta,GA,30907,520,"Augusta, GA",33.5157506,-82.0641493,61.0
2025-11-01,72197,Genesis of Doylestown,Doylestown,PA,18902,504,"Philadelphia, PA",40.3335783,-75.1370158,61.0
2025-11-01,70624,Genesis of Noblesville,Noblesville,IN,46060,527,"Indianapolis, IN",40.0446534,-85.9936143,60.0
2025-11-01,4571,Genesis of Nashua,Nashua,NH,03060,506,"Boston, MA-Manchester, NH",42.7272329,-71.4464946,58.0
2025-11-01,10129,Genesis of Covington,Covington,LA,70433,622,"New Orleans, LA",30.4321,-90.0886416,57.0
2025-11-01,4844,Genesis of Miami Lakes,Miami Lakes,FL,33014,528,"Miami-Ft. Lauderdale, FL",25.9235071,-80.3016669,56.0
2025-11-01,70671,Genesis of Owings Mills,Owings Mills,MD,21117,512,"Baltimore, MD",39.43549,-76.800636,55.0
2025-11-01,52776,Genesis Of Macomb,Macomb,MI,48044,505,"Detroit, MI",42.6294783,-82.9318824,54.0
2025-11-01,69737,Genesis of Richmond,Bon Air,VA,23235,556,"Richmond-Petersburg, VA",37.5013145,-77.5717929,54.0
2025-11-01,81842,Genesis of West Warwick,West Warwick,RI,02893,521,"Providence, RI-New Bedford, MA",41.684535,-71.5014056,54.0
2025-11-01,70573,Genesis of Gwinnett,Duluth,GA,30096,524,"Atlanta, GA",33.9606012,-84.1164625,53.0
2025-11-01,100307,Genesis of Mountain View,Mountain View,CA,94040,807,"San Francisco-Oakland-San Jose, CA",37.4048603,-122.1093955,52.0
2025-11-01,69102,Orlando Genesis,Orlando,FL,32808,534,"Orlando-Daytona Beach-Melbourne, FL",28.5521196,-81.4309809,51.0
2025-11-01,68961,Genesis of Hampton,Hampton,VA,23666,544,"Norfolk-Portsmouth-Newport News,VA",37.0619771,-76.4003949,50.0
2025-11-01,73353,Genesis of Annapolis,Annapolis,MD,21401,512,"Baltimore, MD",38.976603,-76.5095064,48.0
2025-11-01,68973,Genesis of Dublin,Dublin,CA,94568,807,"San Francisco-Oakland-San Jose, CA",37.7027037,-121.9030039,48.0
2025-11-01,61515,Genesis Of Madison,Madison,WI,53713,669,"Madison, WI",43.0341872,-89.4116586,47.0
2025-11-01,6832,Genesis of Denton,Denton,TX,76210,623,"Dallas-Ft. Worth, TX",33.1691755,-97.0819556,47.0
2025-11-01,69409,Genesis of Richmond,Richmond,CA,94806,807,"San Francisco-Oakland-San Jose, CA",37.9857273,-122.3202802,47.0
2025-11-01,2511,Genesis of Clearwater,Clearwater,FL,33761,539,"Tampa-St Petersburg (Sarasota), FL",28.0222085,-82.7380372,46.0
2025-11-01,60611,Genesis of Huntsville,Huntsville,AL,35816,691,"Huntsville-Decatur (Florence), AL",34.7342382,-86.6214927,46.0
2025-11-01,72341,Genesis of Auburn,Auburn,AL,36830,522,"Columbus, GA",32.6179594,-85.4635689,45.0
2025-11-01,12744,Genesis of Ballwin,Ballwin,MO,63011,609,"St. Louis, MO",38.5925561,-90.5337953,45.0
2025-11-01,69931,Genesis of Commerce,West Bloomfield Township,MI,48322,505,"Detroit, MI",42.5607276,-83.4398789,45.0
2025-11-01,73481,Genesis of Kalamazoo,Kalamazoo,MI,49009,563,"Grand Rapids-Kalamazoo-Battle Creek, MI",42.2973176,-85.6584469,45.0
2025-11-01,91019,Genesis of Hickory,Hickory,NC,28602,517,"Charlotte, NC",35.7151389,-81.3379647,44.0
2025-11-01,67498,Genesis of West Palm Beach,West Palm Beach,FL,33409,548,"West Palm Beach-Ft. Pierce, FL",26.7072233,-80.0873646,44.0
2025-11-01,73397,Genesis of Daytona Beach,Daytona Beach,FL,32117,534,"Orlando-Daytona Beach-Melbourne, FL",29.2235952,-81.0481335,43.0
2025-11-01,6292,Genesis of Harlingen,Harlingen,TX,78552,636,"Harlingen-Weslaco-Brownsville-McAllen, TX",26.1864793,-97.7753841,43.0
2025-11-01,67547,Genesis of Ogden,Ogden,UT,84401,770,"Salt Lake City, UT",41.2030548,-111.9799594,43.0
2025-11-01,96441,Genesis of Rocklin,Rocklin,CA,95677,862,"Sacramento-Stockton-Modesto, CA",38.7952904,-121.2164042,43.0
2025-11-01,9530,Genesis of Brunswick,Brunswick,OH,44212,510,"Cleveland-Akron (Canton), OH",41.2391403,-81.7926475,41.0
2025-11-01,83168,Genesis of Framingham,Framingham,MA,01702,506,"Boston, MA-Manchester, NH",42.2974046,-71.417428,40.0
2025-11-01,71500,Genesis of Waterloo,Waterloo,IA,50702,637,"Cedar Rapids-Waterloo-Iowa City & Dubuque, IA",42.4906379,-92.3401956,40.0
2025-11-01,42325,Genesis Memphis Covington Pike,Memphis,TN,38134,640,"Memphis, TN",35.1781733,-89.8953093,39.0
2025-11-01,3536,Genesis of Rockville,North Bethesda,MD,20852,511,"Washington, DC (Hagerstown, MD)",39.0438363,-77.1107675,38.0
2025-11-01,1691,Genesis of Fairfield,Fairfield,CT,06825,501,"New York, NY",41.1661525,-73.2298512,37.0
2025-11-01,72712,Genesis of Roswell,Roswell,GA,30076,524,"Atlanta, GA",34.056201,-84.32906,37.0
2025-11-01,68812,Genesis of South Knoxville,Alcoa,TN,37701,557,"Knoxville, TN",35.8245636,-83.9755837,37.0
2025-11-01,69447,King Genesis,Deerfield Beach,FL,33441,528,"Miami-Ft. Lauderdale, FL",26.29967,-80.0946749,37.0
2025-11-01,70290,Genesis of Greer,Greer,SC,29651,567,"Greenville-Spartanburg, SC-Asheville, NC-Anderson, SC",34.949924,-82.198468,36.0
2025-11-01,69382,Genesis of West Chester,West Chester,PA,19382,504,"Philadelphia, PA",39.9023291,-75.5655602,36.0
2025-11-01,68638,Genesis of Downtown Chicago,Chicago,IL,60616,602,"Chicago, IL",41.8442199,-87.6240557,35.0
2025-11-01,65171,Genesis of Selma,Selma,CA,93662,866,"Fresno-Visalia, CA",36.5705206,-119.6297571,32.0
2025-11-01,61112,Homestead Genesis,Homestead,FL,33030,528,"Miami-Ft. Lauderdale, FL",25.4674062,-80.472177,32.0
2025-11-01,5541,Genesis Glenview,Glenview,IL,60026,602,"Chicago, IL",42.1061877,-87.8216753,29.0
2025-11-01,69018,Genesis of Hickory Hollow,Nashville,TN,37211,659,"Nashville, TN",36.0456523,-86.7012321,29.0
2025-11-01,61196,Genesis of Arlington,Arlington,MA,02476,506,"Boston, MA-Manchester, NH",42.4232377,-71.1738841,28.0
2025-11-01,8386,Genesis of Huntington,Huntington,NY,11743,501,"New York, NY",40.8332861,-73.3617156,28.0
2025-11-01,69414,Genesis of Olive Branch,Olive Branch,MS,38654,640,"Memphis, TN",34.9790497,-89.8645852,28.0
2025-11-01,69757,Genesis of Wilkes-Barre,Wilkes-Barre,PA,18702,577,"Wilkes Barre-Scranton, PA",41.2549421,-75.8381435,28.0
2025-11-01,71271,Genesis of Cartersville,Cartersville,GA,30120,524,"Atlanta, GA",34.1915656,-84.7876903,26.0
2025-11-01,70200,Genesis of Chattanooga,Chattanooga,TN,37421,575,"Chattanooga, TN",35.0602866,-85.1922179,26.0
2025-11-01,64724,Genesis of Groveport,Groveport,OH,43125,535,"Columbus, OH",39.8895794,-82.8876146,25.0
2025-11-01,73375,Genesis of Melbourne,Melbourne,FL,32901,534,"Orlando-Daytona Beach-Melbourne, FL",28.0781199,-80.6372008,25.0
2025-11-01,3152,Genesis of St. Cloud,Waite Park,MN,56387,613,"Minneapolis-St. Paul, MN",45.5485676,-94.2285831,25.0
2025-11-01,73395,Genesis of Union City,Riverdale,GA,30274,524,"Atlanta, GA",33.5645576,-84.4132949,24.0
2025-11-01,72560,Genesis of West Knoxville,Knoxville,TN,37923,557,"Knoxville, TN",35.9181977,-84.0733877,24.0
2025-11-01,69980,Genesis of Minneapolis,Golden Valley,MN,55426,613,"Minneapolis-St. Paul, MN",44.9724585,-93.3935748,22.0
2025-11-01,8750,Sid Dillon Genesis of Lincoln,Lincoln,NE,68512,722,"Lincoln & Hastings-Kearney, NE",40.7364094,-96.6846163,22.0
2025-11-01,793,Genesis of Hazelwood,Hazelwood,MO,63042,609,"St. Louis, MO",38.7811015,-90.3650463,20.0
2025-11-01,3992,Genesis of New Bern,New Bern,NC,28560,545,"Greenville-New Bern-Washington, NC",35.0579658,-77.0170433,20.0
2025-11-01,648,Genesis of Calumet City,Calumet City,IL,60409,602,"Chicago, IL",41.6004518,-87.5734156,18.0
2025-11-01,61567,Genesis of Monroeville,Monroeville,PA,15146,508,"Pittsburgh, PA",40.4308948,-79.7170895,18.0
2025-11-01,61176,Headquarter Genesis,Lake Mary,FL,32746,534,"Orlando-Daytona Beach-Melbourne, FL",28.7885443,-81.3466546,18.0
2025-11-01,69400,Genesis of Austin,Austin,TX,78745,635,"Austin, TX",30.2097044,-97.7566525,17.0
2025-11-01,69498,Genesis of Eastern Shore,Daphne,AL,36526,686,"Mobile, AL-Pensacola (Ft. Walton Beach), FL",30.6607867,-87.8567477,16.0
2025-11-01,49527,Genesis of Urbana,Urbana,IL,61802,648,"Champaign & Springfield-Decatur,IL",40.1386655,-88.1960739,16.0
2025-11-01,61127,Genesis of Hattiesburg,Hattiesburg,MS,39402,710,"Hattiesburg-Laurel, MS",31.3166979,-89.407095,15.0
2025-11-01,3110,Genesis of South St. Louis County,St. Louis,MO,63123,609,"St. Louis, MO",38.521476,-90.3450902,14.0
2025-11-01,70356,Hampton Genesis,Fort Walton Beach,FL,32548,686,"Mobile, AL-Pensacola (Ft. Walton Beach), FL",30.4123712,-86.6281688,13.0
2025-11-01,36816,Warner Robins Chrysler Dodge Jeep Ram FIAT,Warner Robins,GA,31093,503,"Macon, GA",32.6175306,-83.6790543,13.0
2025-11-01,84406,Genesis at Long of Chattanooga,Chattanooga,TN,37421,575,"Chattanooga, TN",35.059805,-85.190767,12.0
2025-11-01,68698,GENESIS OF BAYSIDE,Queens,NY,11361,501,"New York, NY",40.7573441,-73.7811612,11.0
2025-11-01,5334,Genesis of Fayetteville,Fayetteville,NC,28314,560,"Raleigh-Durham (Fayetteville), NC",35.0630371,-78.9696547,10.0
2025-11-01,69701,Genesis of Victorville,Victorville,CA,92392,803,"Los Angeles, CA",34.5060794,-117.3405032,9.0
2025-11-01,70876,Doral Genesis,Doral,FL,33172,528,"Miami-Ft. Lauderdale, FL",25.7843093,-80.3669404,7.0
2025-11-01,100529,Genesis of San Diego,San Diego,CA,92111,825,"San Diego, CA",32.8306319,-117.1434333,7.0
2025-11-01,83639,Napleton Maserati of Indianapolis,Indianapolis,IN,46240,527,"Indianapolis, IN",39.9276857,-86.0978814,7.0
2025-11-01,69677,Genesis of La Quinta,La Quinta,CA,92253,804,"Palm Springs, CA",33.7072313,-116.2852619,6.0
2025-11-01,61156,Genesis of Mattoon,Mattoon,IL,61938,648,"Champaign & Springfield-Decatur,IL",39.4823346,-88.3786268,5.0
2025-11-01,71909,Napleton's North Palm Hyundai,Lake Park,FL,33403,548,"West Palm Beach-Ft. Pierce, FL",26.809389,-80.0935379,5.0
2025-11-01,4360,Paramount Hyundai Hickory,Hickory,NC,28602,517,"Charlotte, NC",35.715088,-81.3379676,5.0
2025-11-01,64039,Suntrup Hyundai South,St. Louis,MO,63123,609,"St. Louis, MO",38.521476,-90.3450902,5.0
2025-11-01,18922,Genesis of Lafayette,Lafayette,IN,47904,582,"Lafayette, IN",40.4192119,-86.8589689,4.0
2025-11-01,73400,Genesis of Macon,Macon,GA,31210,503,"Macon, GA",32.8866204,-83.675043,4.0
2025-11-01,10755,South Point Hyundai,Austin,TX,78745,635,"Austin, TX",30.2097091,-97.7566541,4.0
2025-11-01,69375,Genesis of Hilton Head,Bluffton,SC,29910,507,"Savannah, GA",32.2898537,-80.9132918,3.0
2025-11-01,25780,Kentson Car Company,Bountiful,UT,84010,770,"Salt Lake City, UT",40.862791,-111.8925406,3.0
2025-11-01,3745,Vandergriff Hyundai,Arlington,TX,76017,623,"Dallas-Ft. Worth, TX",32.6758213,-97.1247183,3.0
2025-11-01,75561,BMW of West St Louis,Manchester,MO,63011,609,"St. Louis, MO",38.5938191,-90.5172172,2.0
2025-11-01,2929,Gurley Leep Hyundai,Mishawaka,IN,46545,588,"South Bend-Elkhart, IN",41.7085345,-86.1860372,2.0
2025-11-01,53170,Hyundai of Central Florida,Clermont,FL,34711,534,"Orlando-Daytona Beach-Melbourne, FL",28.5479783,-81.6689965,2.0
2025-11-01,69443,eCarOne,Plano,TX,75093,623,"Dallas-Ft. Worth, TX",33.0152705,-96.7767928,2.0
2025-11-01,13821,Audi North Shore,Brown Deer,WI,53223,617,"Milwaukee, WI",43.1791437,-87.9669639,1.0
2025-11-01,61741,Burns Buick GMC,Evesham,NJ,08053,504,"Philadelphia, PA",39.8944583,-74.9371349,1.0
2025-11-01,9592,Burns Hyundai,Evesham,NJ,08053,504,"Philadelphia, PA",39.8945897,-74.9382479,1.0
2025-11-01,74931,CarMax Independence Boulevard,Charlotte,NC,28227,517,"Charlotte, NC",35.1598534,-80.7341335,1.0
2025-11-01,80993,Driveline Used Cars of Murrieta,Murrieta,CA,92562,803,"Los Angeles, CA",33.5292134,-117.1733988,1.0
2025-11-01,891,Five Star Chevrolet,Warner Robins,GA,31093,503,"Macon, GA",32.6181243,-83.6038649,1.0
2025-11-01,15176,Five Star Ford Warner Robins,Warner Robins,GA,31088,503,"Macon, GA",32.5957075,-83.6393033,1.0
2025-11-01,15434,Folsom Lake Ford,Folsom,CA,95630,862,"Sacramento-Stockton-Modesto, CA",38.6346917,-121.2046807,1.0
2025-11-01,69370,Genesis of Northampton,Northampton,MA,01060,543,"Springfield-Holyoke, MA",42.3359481,-72.6356287,1.0
2025-11-01,17363,Greentree Toyota,Brookfield,CT,06804,501,"New York, NY",41.4247664,-73.4190955,1.0
2025-11-01,71422,Hyundai City of Bay Ridge,Brooklyn,NY,11209,501,"New York, NY",40.6192775,-74.0295303,1.0
2025-11-01,8135,Joe Machens Hyundai,Columbia,MO,65202,604,"Columbia-Jefferson City, MO",38.971532,-92.3342914,1.0
2025-11-01,60374,Maple Hill Volvo Cars,Kalamazoo,MI,49009,563,"Grand Rapids-Kalamazoo-Battle Creek, MI",42.2973176,-85.6584469,1.0
2025-11-01,25370,Midlands Toyota,Columbia,SC,29203,546,"Columbia, SC",34.1282887,-80.9599501,1.0
2025-11-01,56306,Route 17 Mitsubishi,Ramsey,NJ,07446,501,"New York, NY",41.0724998,-74.1420132,1.0
2025-11-01,8604,Suntrup Kia South,St. Louis,MO,63123,609,"St. Louis, MO",38.5160485,-90.3441408,1.0
2025-11-01,2107,Suntrup Nissan,St. Louis,MO,63123,609,"St. Louis, MO",38.5208643,-90.3438767,1.0
2025-11-01,5357,Suntrup Volkswagen,St. Louis,MO,63123,609,"St. Louis, MO",38.5208039,-90.3432543,1.0
2025-11-01,58908,Tonkin Wilsonville Nissan,Wilsonville,OR,97070,820,"Portland, OR",45.3267254,-122.7711528,1.0
2025-11-01,70476,Genesis of Escondido,Escondido,CA,92029,825,"San Diego, CA",33.1150272,-117.1049655,0.0
2025-11-01,73047,Genesis of Stevens Creek,Santa Clara,CA,95051,807,"San Francisco-Oakland-San Jose, CA",37.3235793,-121.9800176,0.0
2025-11-01,71047,Napleton Hyundai,Hazelwood,MO,63042,609,"St. Louis, MO",38.7811015,-90.3650463,0.0
2025-11-01,100081,Spicer's Boat City,Houghton Lake,MI,48629,540,"Traverse City-Cadillac, MI",44.2970658,-84.7217605,0.0
2025-11-01,7311,Stevens Creek Hyundai,Santa Clara,CA,95051,807,"San Francisco-Oakland-San Jose, CA",37.3235793,-121.9800176,0.0
2025-12-01,61186,Braman Genesis,Miami,FL,33137,528,"Miami-Ft. Lauderdale, FL",25.7954893,-80.1910373,586.0
2025-12-01,73396,Genesis of Cherry Hill,Evesham,NJ,08053,504,"Philadelphia, PA",39.8831146,-74.9226358,400.0
2025-12-01,7006,Genesis of Atlanta,Atlanta,GA,30341,524,"Atlanta, GA",33.9080158,-84.2909986,349.0
2025-12-01,29179,Genesis of White Plains,White Plains,NY,10606,501,"New York, NY",41.0350081,-73.7836873,323.0
2025-12-01,62585,Genesis of the North Shore,Hicksville,NY,11801,501,"New York, NY",40.7702089,-73.5027249,290.0
2025-12-01,72010,Genesis of Charlotte,Charlotte,NC,28227,517,"Charlotte, NC",35.1428872,-80.7216186,288.0
2025-12-01,64605,Genesis of South Bay,Torrance,CA,90505,803,"Los Angeles, CA",33.7991718,-118.3411724,281.0
2025-12-01,7692,Genesis of The South Shore,West Islip,NY,11795,501,"New York, NY",40.7207062,-73.3044797,262.0
2025-12-01,72517,Genesis of Loma Linda,Ontario,CA,91764,803,"Los Angeles, CA",34.0699402,-117.6059991,260.0
2025-12-01,69264,Genesis of Naples,Naples,FL,34109,571,"Ft. Myers-Naples, FL",26.2279083,-81.7660554,254.0
2025-12-01,71490,Genesis of West Houston,Houston,TX,77094,618,"Houston, TX",29.7836158,-95.673582,247.0
2025-12-01,73840,Genesis of Braintree,Quincy,MA,02169,506,"Boston, MA-Manchester, NH",42.2364548,-70.9785026,230.0
2025-12-01,68783,Coconut Creek Genesis,Coconut Creek,FL,33073,528,"Miami-Ft. Lauderdale, FL",26.2914037,-80.2009677,229.0
2025-12-01,3156,Genesis of Schaumburg,Schaumburg,IL,60173,602,"Chicago, IL",42.0509027,-88.053118,228.0
2025-12-01,70287,Genesis of St. Charles,St. Peters,MO,63376,609,"St. Louis, MO",38.7975346,-90.5978187,220.0
2025-12-01,73389,Genesis of Freehold,Freehold,NJ,07728,501,"New York, NY",40.2641336,-74.2924834,205.0
2025-12-01,9001,Genesis of Chandler,Chandler,AZ,85286,753,"Phoenix, AZ",33.2846933,-111.7910889,204.0
2025-12-01,28092,Genesis of Las Vegas,Las Vegas,NV,89117,839,"Las Vegas, NV",36.1449418,-115.2489832,202.0
2025-12-01,6996,Genesis of Lafayette,Lafayette,LA,70506,642,"Lafayette, LA",30.1552098,-92.0910284,199.0
2025-12-01,6767,Tuttle-Click Genesis,Irvine,CA,92618,803,"Los Angeles, CA",33.6342181,-117.7233823,190.0
2025-12-01,72673,Earnhardt Genesis North Scottsdale,Scottsdale,AZ,85260,753,"Phoenix, AZ",33.631299,-111.8982196,183.0
2025-12-01,57975,Genesis of Kennesaw,Kennesaw,GA,30144,524,"Atlanta, GA",34.0233261,-84.5734338,181.0
2025-12-01,69118,Hudson Hyundai,Jersey City,NJ,07304,501,"New York, NY",40.7234737,-74.0888952,175.0
2025-12-01,62609,Norm Reeves Genesis of Cerritos,Cerritos,CA,90703,803,"Los Angeles, CA",33.8662378,-118.1015234,173.0
2025-12-01,57353,Jenkins Genesis of North East Jacksonville,Jacksonville,FL,32225,561,"Jacksonville, FL",30.3253588,-81.5105439,172.0
2025-12-01,2734,Genesis of Carmel,Indianapolis,IN,46240,527,"Indianapolis, IN",39.9293455,-86.0966346,171.0
2025-12-01,26003,Genesis of Elgin,Elgin,IL,60120,602,"Chicago, IL",42.0317119,-88.2445971,168.0
2025-12-01,96938,Genesis of North Cincinnati,Cincinnati,OH,45249,515,"Cincinnati, OH",39.2926575,-84.3036044,167.0
2025-12-01,74040,Genesis of San Bruno,San Bruno,CA,94066,807,"San Francisco-Oakland-San Jose, CA",37.6372585,-122.419091,166.0
2025-12-01,73682,Wallace Genesis,Stuart,FL,34997,548,"West Palm Beach-Ft. Pierce, FL",27.1605832,-80.2229084,166.0
2025-12-01,69062,Genesis of Lindon,Lindon,UT,84042,770,"Salt Lake City, UT",40.3293405,-111.7338433,165.0
2025-12-01,69570,Genesis of Cary,Cary,NC,27511,560,"Raleigh-Durham (Fayetteville), NC",35.7384809,-78.8093998,164.0
2025-12-01,61326,Genesis of Denville,Denville,NJ,07834,501,"New York, NY",40.8681668,-74.5137571,164.0
2025-12-01,1130,Genesis of Kirkland,Kirkland,WA,98034,819,"Seattle-Tacoma, WA",47.7072771,-122.1748634,164.0
2025-12-01,4457,Genesis of Spring,Spring,TX,77373,618,"Houston, TX",30.0627988,-95.4322263,164.0
2025-12-01,10409,Genesis of Southwest Houston,Houston,TX,77074,618,"Houston, TX",29.6691333,-95.5474174,162.0
2025-12-01,3102,Genesis of Alexandria,Alexandria,VA,22301,511,"Washington, DC (Hagerstown, MD)",38.8213866,-77.0576309,158.0
2025-12-01,52440,Genesis of Mentor,Mentor,OH,44060,510,"Cleveland-Akron (Canton), OH",41.6834521,-81.3348422,157.0
2025-12-01,1393,Genesis of Plano,Plano,TX,75093,623,"Dallas-Ft. Worth, TX",33.0102218,-96.7668456,156.0
2025-12-01,71992,Genesis of Brooklyn,Brooklyn,NY,11232,501,"New York, NY",40.6571085,-74.014405,155.0
2025-12-01,67653,Genesis of Corona,Corona,CA,92882,803,"Los Angeles, CA",33.882918,-117.6138489,154.0
2025-12-01,98536,Galpin Genesis of Van Nuys,Los Angeles,CA,91406,803,"Los Angeles, CA",34.2209833,-118.4687863,149.0
2025-12-01,4349,Jenkins Genesis of Leesburg,Leesburg,FL,34788,534,"Orlando-Daytona Beach-Melbourne, FL",28.8228437,-81.7874886,148.0
2025-12-01,10212,Genesis of Edmond,Edmond,OK,73013,650,"Oklahoma City, OK",35.6128747,-97.4967472,146.0
2025-12-01,70631,Genesis of Lake Norman,Cornelius,NC,28031,517,"Charlotte, NC",35.467345,-80.872696,144.0
2025-12-01,17853,Genesis of Winston-Salem,Winston-Salem,NC,27127,518,"Greensboro-High Point-Winston Salem, NC",36.0674142,-80.2606633,144.0
2025-12-01,94818,Genesis of Milwaukee,Waukesha,WI,53186,617,"Milwaukee, WI",43.0244944,-88.2038863,143.0
2025-12-01,1250,Genesis of New Orleans,Metairie,LA,70003,622,"New Orleans, LA",30.0058423,-90.2210481,143.0
2025-12-01,3566,Genesis of Highland Park,Highland Park,IL,60035,602,"Chicago, IL",42.1609423,-87.8081446,141.0
2025-12-01,4919,Genesis of North Aurora,North Aurora,IL,60542,602,"Chicago, IL",41.80082,-88.3739138,138.0
2025-12-01,71052,Lakeland Genesis,Lakeland,FL,33815,539,"Tampa-St Petersburg (Sarasota), FL",28.054301,-81.9758413,135.0
2025-12-01,69032,Genesis Of NW San Antonio,Boerne,TX,78006,641,"San Antonio, TX",29.6844593,-98.6411438,134.0
2025-12-01,62581,Genesis Santa Monica,Santa Monica,CA,90404,803,"Los Angeles, CA",34.03227,-118.4751279,134.0
2025-12-01,9004,Genesis of Littleton,Englewood,CO,80113,751,"Denver, CO",39.6200977,-104.9885845,134.0
2025-12-01,64037,Universal Genesis,Orlando,FL,32837,534,"Orlando-Daytona Beach-Melbourne, FL",28.3794594,-81.4033691,133.0
2025-12-01,73379,Genesis of Milford,Milford,CT,06460,533,"Hartford & New Haven, CT",41.2076083,-73.0884209,131.0
2025-12-01,94375,Castle Genesis of Downers Grove,Oakbrook Terrace,IL,60181,602,"Chicago, IL",41.8582742,-87.9545485,130.0
2025-12-01,93460,Genesis of Portland,Portland,OR,97225,820,"Portland, OR",45.4962782,-122.7698208,130.0
2025-12-01,73041,Gettel Genesis of Sarasota,Sarasota,FL,34233,539,"Tampa-St Petersburg (Sarasota), FL",27.2695206,-82.4746827,130.0
2025-12-01,73795,Crown Genesis,St. Petersburg,FL,33714,539,"Tampa-St Petersburg (Sarasota), FL",27.8204635,-82.6786673,129.0
2025-12-01,98745,Genesis of Danvers,Danvers,MA,01923,506,"Boston, MA-Manchester, NH",42.5595013,-70.9786915,129.0
2025-12-01,73680,Genesis of Wayne,Wayne,NJ,07470,501,"New York, NY",40.948967,-74.276307,128.0
2025-12-01,2525,Genesis of Cool Springs,Franklin,TN,37067,659,"Nashville, TN",35.9580609,-86.8090467,127.0
2025-12-01,67536,Genesis of Omaha,Omaha,NE,68118,652,"Omaha, NE",41.2639237,-96.1858719,126.0
2025-12-01,66836,Genesis of Peoria,Peoria,AZ,85382,753,"Phoenix, AZ",33.6372458,-112.2451079,126.0
2025-12-01,62587,Genesis of Aurora,Aurora,IL,60504,602,"Chicago, IL",41.7515762,-88.213844,123.0
2025-12-01,70074,Genesis of Fort Myers,Fort Myers,FL,33907,571,"Ft. Myers-Naples, FL",26.596538,-81.8605256,123.0
2025-12-01,70696,Genesis of Round Rock,Round Rock,TX,78665,635,"Austin, TX",30.5322484,-97.6891408,123.0
2025-12-01,4899,Genesis of Conway,Conway,AR,72032,693,"Little Rock-Pine Bluff, AR",35.093494,-92.421864,122.0
2025-12-01,4941,Genesis of Conshohocken,Conshohocken,PA,19428,504,"Philadelphia, PA",40.1028837,-75.3064312,120.0
2025-12-01,9254,Genesis of Bloomington-Normal,Normal,IL,61761,675,"Peoria-Bloomington, IL",40.5165466,-88.9541909,117.0
2025-12-01,12986,Genesis of Buffalo,Williamsville,NY,14221,514,"Buffalo, NY",42.960953,-78.691081,117.0
2025-12-01,53667,Genesis Of Cumming,Cumming,GA,30041,524,"Atlanta, GA",34.1439728,-84.1730152,115.0
2025-12-01,91447,Genesis of Albany,Albany,NY,12205,532,"Albany-Schenectady-Troy, NY",42.7296031,-73.8529553,115.0
2025-12-01,8533,Genesis North Orlando,Winter Park,FL,32789,534,"Orlando-Daytona Beach-Melbourne, FL",28.6088331,-81.3648614,112.0
2025-12-01,64003,Genesis of Bel Air,Fallston,MD,21047,512,"Baltimore, MD",39.5065574,-76.3858171,112.0
2025-12-01,70093,Genesis of Merrillville,Merrillville,IN,46410,602,"Chicago, IL",41.4717832,-87.3480253,112.0
2025-12-01,70052,Norm Reeves Genesis of Irving,Irving,TX,75062,623,"Dallas-Ft. Worth, TX",32.8360367,-96.921086,111.0
2025-12-01,69823,Genesis Of Charleston,Charleston,SC,29414,519,"Charleston, SC",32.7982545,-80.0859341,109.0
2025-12-01,67535,Genesis of Wolfchase,Memphis,TN,38133,640,"Memphis, TN",35.2032351,-89.8071642,109.0
2025-12-01,71985,Genesis of Columbus,Columbus,OH,43230,535,"Columbus, OH",40.0598318,-82.9433206,108.0
2025-12-01,2584,Genesis Of Norman,Norman,OK,73069,650,"Oklahoma City, OK",35.2248696,-97.4845549,107.0
2025-12-01,71829,Genesis of Chantilly,Chantilly,VA,20151,511,"Washington, DC (Hagerstown, MD)",38.903778,-77.4621301,107.0
2025-12-01,69670,Rick Case Genesis Davie,Davie,FL,33331,528,"Miami-Ft. Lauderdale, FL",26.0758729,-80.3619504,105.0
2025-12-01,65747,Genesis Of Clear Lake,Webster,TX,77598,618,"Houston, TX",29.5340161,-95.13376,104.0
2025-12-01,68256,Genesis of Lexington,Lexington,KY,40509,541,"Lexington, KY",37.9960356,-84.441848,102.0
2025-12-01,72695,Rick Case Genesis,Plantation,FL,33317,528,"Miami-Ft. Lauderdale, FL",26.1351086,-80.2031534,102.0
2025-12-01,99924,Genesis of Avon,Simsbury,CT,06092,533,"Hartford & New Haven, CT",41.8203914,-72.8690454,101.0
2025-12-01,72197,Genesis of Doylestown,Doylestown,PA,18902,504,"Philadelphia, PA",40.3335783,-75.1370158,100.0
2025-12-01,61217,Genesis of Weatherford,Hudson Oaks,TX,76087,623,"Dallas-Ft. Worth, TX",32.7558051,-97.6929673,100.0
2025-12-01,97787,Genesis Montgomery,Montgomery,AL,36106,698,"Montgomery (Selma), AL",32.3606235,-86.2242999,99.0
2025-12-01,36882,Genesis of Virginia Beach,Virginia Beach,VA,23452,544,"Norfolk-Portsmouth-Newport News,VA",36.8356924,-76.0987758,98.0
2025-12-01,73893,Genesis of Brunswick,South Brunswick Township,NJ,08852,501,"New York, NY",40.4111541,-74.5423003,97.0
2025-12-01,61240,Genesis of Palm Springs,Palm Springs,CA,92264,804,"Palm Springs, CA",33.7945577,-116.5032881,97.0
2025-12-01,67522,Genesis of Wexford,Wexford,PA,15090,508,"Pittsburgh, PA",40.6143612,-80.0568103,97.0
2025-12-01,1531,Genesis of Manchester,Bedford,NH,03110,506,"Boston, MA-Manchester, NH",42.944374,-71.472789,96.0
2025-12-01,70671,Genesis of Owings Mills,Owings Mills,MD,21117,512,"Baltimore, MD",39.43549,-76.800636,96.0
2025-12-01,68945,Genesis of San Antonio East,San Antonio,TX,78233,641,"San Antonio, TX",29.5452956,-98.3688609,96.0
2025-12-01,71564,Clay Cooley Genesis of Mesquite,Mesquite,TX,75150,623,"Dallas-Ft. Worth, TX",32.8336891,-96.6306212,95.0
2025-12-01,2157,Genesis of Suitland,Bowie,MD,20716,511,"Washington, DC (Hagerstown, MD)",38.9227402,-76.7179222,94.0
2025-12-01,8947,Genesis of Wichita,Wichita,KS,67206,678,"Wichita-Hutchinson, KS",37.7055104,-97.2084739,94.0
2025-12-01,71661,Allen Turner Genesis,Pensacola,FL,32505,686,"Mobile, AL-Pensacola (Ft. Walton Beach), FL",30.4750621,-87.247943,93.0
2025-12-01,70835,Genesis of Tulsa,Tulsa,OK,74133,671,"Tulsa, OK",36.022119,-95.8852819,93.0
2025-12-01,9594,Genesis of Orange Park,Jacksonville,FL,32244,561,"Jacksonville, FL",30.2100757,-81.7391104,92.0
2025-12-01,64426,Genesis of Algonquin,Algonquin,IL,60102,602,"Chicago, IL",42.1629985,-88.3344476,91.0
2025-12-01,68840,Genesis of Golden,Golden,CO,80401,751,"Denver, CO",39.730479,-105.1754951,91.0
2025-12-01,100307,Genesis of Mountain View,Mountain View,CA,94040,807,"San Francisco-Oakland-San Jose, CA",37.4048603,-122.1093955,91.0
2025-12-01,61277,Genesis of New Hudson,New Hudson,MI,48165,505,"Detroit, MI",42.5161168,-83.609054,91.0
2025-12-01,73042,Gettel Genesis of Lakewood,Bradenton,FL,34208,539,"Tampa-St Petersburg (Sarasota), FL",27.4953171,-82.4871204,90.0
2025-12-01,11303,Genesis of Appleton,Appleton,WI,54913,658,"Green Bay-Appleton, WI",44.2887964,-88.4759736,89.0
2025-12-01,99734,Genesis of Tampa,Tampa,FL,33613,539,"Tampa-St Petersburg (Sarasota), FL",28.0872094,-82.4521026,89.0
2025-12-01,94567,Genesis of Kansas City,Overland Park,KS,66204,616,"Kansas City, MO",38.9882713,-94.6681597,88.0
2025-12-01,94705,Genesis of Ridgefield,Norwalk,CT,06851,501,"New York, NY",41.1261307,-73.4233158,88.0
2025-12-01,96441,Genesis of Rocklin,Rocklin,CA,95677,862,"Sacramento-Stockton-Modesto, CA",38.7952904,-121.2164042,87.0
2025-12-01,7375,Genesis of Bedford,Bedford,OH,44146,510,"Cleveland-Akron (Canton), OH",41.4061393,-81.5482726,85.0
2025-12-01,100501,Genesis Macon,Macon,GA,31210,503,"Macon, GA",32.8866204,-83.675043,82.0
2025-12-01,9164,Genesis of Kearny Mesa,San Diego,CA,92111,825,"San Diego, CA",32.82812,-117.1528769,82.0
2025-12-01,9171,Genesis of Longview,Longview,TX,75605,709,"Tyler-Longview(Lufkin & Nacogdoches), TX",32.5633713,-94.7310184,82.0
2025-12-01,4571,Genesis of Nashua,Nashua,NH,03060,506,"Boston, MA-Manchester, NH",42.7272329,-71.4464946,82.0
2025-12-01,72126,Genesis of Ocala,Ocala,FL,34471,534,"Orlando-Daytona Beach-Melbourne, FL",29.1773171,-82.1519073,81.0
2025-12-01,70573,Genesis of Gwinnett,Duluth,GA,30096,524,"Atlanta, GA",33.9606012,-84.1164625,80.0
2025-12-01,73383,Genesis of Newnan,Newnan,GA,30263,524,"Atlanta, GA",33.3980326,-84.751469,79.0
2025-12-01,36300,Delray Genesis,Delray Beach,FL,33483,548,"West Palm Beach-Ft. Pierce, FL",26.4720932,-80.0668508,78.0
2025-12-01,69737,Genesis of Richmond,Bon Air,VA,23235,556,"Richmond-Petersburg, VA",37.5013145,-77.5717929,78.0
2025-12-01,2687,Genesis of Parma,Parma,OH,44129,510,"Cleveland-Akron (Canton), OH",41.4180454,-81.7339114,77.0
2025-12-01,96075,Genesis of Smithtown,Saint James,NY,11780,501,"New York, NY",40.861595,-73.159573,77.0
2025-12-01,66747,Genesis Of Southfield,Southfield,MI,48034,505,"Detroit, MI",42.4941876,-83.2830437,75.0
2025-12-01,10916,Genesis of Louisville,Jeffersontown,KY,40299,529,"Louisville, KY",38.2125896,-85.5378392,75.0
2025-12-01,69883,Genesis of North Plainfield,North Plainfield,NJ,07060,501,"New York, NY",40.6165806,-74.4551273,75.0
2025-12-01,71974,Genesis of Columbia,Columbia,SC,29203,546,"Columbia, SC",34.1430845,-80.9485594,74.0
2025-12-01,10129,Genesis of Covington,Covington,LA,70433,622,"New Orleans, LA",30.4321,-90.0886416,74.0
2025-12-01,68961,Genesis of Hampton,Hampton,VA,23666,544,"Norfolk-Portsmouth-Newport News,VA",37.0619771,-76.4003949,73.0
2025-12-01,81842,Genesis of West Warwick,West Warwick,RI,02893,521,"Providence, RI-New Bedford, MA",41.684535,-71.5014056,70.0
2025-12-01,61459,Genesis of Augusta,Augusta,GA,30907,520,"Augusta, GA",33.5157506,-82.0641493,69.0
2025-12-01,16023,Genesis of Baton Rouge,Baton Rouge,LA,70809,716,"Baton Rouge, LA",30.3805348,-91.0404825,69.0
2025-12-01,52776,Genesis Of Macomb,Macomb,MI,48044,505,"Detroit, MI",42.6294783,-82.9318824,65.0
2025-12-01,4844,Genesis of Miami Lakes,Miami Lakes,FL,33014,528,"Miami-Ft. Lauderdale, FL",25.9235071,-80.3016669,65.0
2025-12-01,69447,King Genesis,Deerfield Beach,FL,33441,528,"Miami-Ft. Lauderdale, FL",26.29967,-80.0946749,64.0
2025-12-01,73353,Genesis of Annapolis,Annapolis,MD,21401,512,"Baltimore, MD",38.976603,-76.5095064,62.0
2025-12-01,70624,Genesis of Noblesville,Noblesville,IN,46060,527,"Indianapolis, IN",40.0446534,-85.9936143,62.0
2025-12-01,69931,Genesis of Commerce,West Bloomfield Township,MI,48322,505,"Detroit, MI",42.5607276,-83.4398789,60.0
2025-12-01,91019,Genesis of Hickory,Hickory,NC,28602,517,"Charlotte, NC",35.7151389,-81.3379647,59.0
2025-12-01,72341,Genesis of Auburn,Auburn,AL,36830,522,"Columbus, GA",32.6179594,-85.4635689,55.0
2025-12-01,69382,Genesis of West Chester,West Chester,PA,19382,504,"Philadelphia, PA",39.9023291,-75.5655602,55.0
2025-12-01,12744,Genesis of Ballwin,Ballwin,MO,63011,609,"St. Louis, MO",38.5925561,-90.5337953,54.0
2025-12-01,60611,Genesis of Huntsville,Huntsville,AL,35816,691,"Huntsville-Decatur (Florence), AL",34.7342382,-86.6214927,54.0
2025-12-01,2511,Genesis of Clearwater,Clearwater,FL,33761,539,"Tampa-St Petersburg (Sarasota), FL",28.0222085,-82.7380372,53.0
2025-12-01,6832,Genesis of Denton,Denton,TX,76210,623,"Dallas-Ft. Worth, TX",33.1691755,-97.0819556,53.0
2025-12-01,1691,Genesis of Fairfield,Fairfield,CT,06825,501,"New York, NY",41.1661525,-73.2298512,53.0
2025-12-01,72712,Genesis of Roswell,Roswell,GA,30076,524,"Atlanta, GA",34.056201,-84.32906,53.0
2025-12-01,71500,Genesis of Waterloo,Waterloo,IA,50702,637,"Cedar Rapids-Waterloo-Iowa City & Dubuque, IA",42.4906379,-92.3401956,53.0
2025-12-01,9530,Genesis of Brunswick,Brunswick,OH,44212,510,"Cleveland-Akron (Canton), OH",41.2391403,-81.7926475,52.0
2025-12-01,69409,Genesis of Richmond,Richmond,CA,94806,807,"San Francisco-Oakland-San Jose, CA",37.9857273,-122.3202802,50.0
2025-12-01,61196,Genesis of Arlington,Arlington,MA,02476,506,"Boston, MA-Manchester, NH",42.4232377,-71.1738841,49.0
2025-12-01,6292,Genesis of Harlingen,Harlingen,TX,78552,636,"Harlingen-Weslaco-Brownsville-McAllen, TX",26.1864793,-97.7753841,49.0
2025-12-01,73481,Genesis of Kalamazoo,Kalamazoo,MI,49009,563,"Grand Rapids-Kalamazoo-Battle Creek, MI",42.2973176,-85.6584469,49.0
2025-12-01,61112,Homestead Genesis,Homestead,FL,33030,528,"Miami-Ft. Lauderdale, FL",25.4674062,-80.472177,49.0
2025-12-01,68638,Genesis of Downtown Chicago,Chicago,IL,60616,602,"Chicago, IL",41.8442199,-87.6240557,48.0
2025-12-01,69102,Orlando Genesis,Orlando,FL,32808,534,"Orlando-Daytona Beach-Melbourne, FL",28.5521196,-81.4309809,48.0
2025-12-01,61515,Genesis Of Madison,Madison,WI,53713,669,"Madison, WI",43.0341872,-89.4116586,47.0
2025-12-01,68973,Genesis of Dublin,Dublin,CA,94568,807,"San Francisco-Oakland-San Jose, CA",37.7027037,-121.9030039,46.0
2025-12-01,67547,Genesis of Ogden,Ogden,UT,84401,770,"Salt Lake City, UT",41.2030548,-111.9799594,45.0
2025-12-01,5334,Genesis of Fayetteville,Fayetteville,NC,28314,560,"Raleigh-Durham (Fayetteville), NC",35.0630371,-78.9696547,44.0
2025-12-01,73397,Genesis of Daytona Beach,Daytona Beach,FL,32117,534,"Orlando-Daytona Beach-Melbourne, FL",29.2235952,-81.0481335,43.0
2025-12-01,3536,Genesis of Rockville,North Bethesda,MD,20852,511,"Washington, DC (Hagerstown, MD)",39.0438363,-77.1107675,43.0
2025-12-01,69757,Genesis of Wilkes-Barre,Wilkes-Barre,PA,18702,577,"Wilkes Barre-Scranton, PA",41.2549421,-75.8381435,43.0
2025-12-01,42325,Genesis Memphis Covington Pike,Memphis,TN,38134,640,"Memphis, TN",35.1781733,-89.8953093,42.0
2025-12-01,83168,Genesis of Framingham,Framingham,MA,01702,506,"Boston, MA-Manchester, NH",42.2974046,-71.417428,42.0
2025-12-01,68812,Genesis of South Knoxville,Alcoa,TN,37701,557,"Knoxville, TN",35.8245636,-83.9755837,40.0
2025-12-01,69018,Genesis of Hickory Hollow,Nashville,TN,37211,659,"Nashville, TN",36.0456523,-86.7012321,39.0
2025-12-01,5541,Genesis Glenview,Glenview,IL,60026,602,"Chicago, IL",42.1061877,-87.8216753,38.0
2025-12-01,69400,Genesis of Austin,Austin,TX,78745,635,"Austin, TX",30.2097044,-97.7566525,38.0
2025-12-01,70290,Genesis of Greer,Greer,SC,29651,567,"Greenville-Spartanburg, SC-Asheville, NC-Anderson, SC",34.949924,-82.198468,35.0
2025-12-01,64724,Genesis of Groveport,Groveport,OH,43125,535,"Columbus, OH",39.8895794,-82.8876146,34.0
2025-12-01,65171,Genesis of Selma,Selma,CA,93662,866,"Fresno-Visalia, CA",36.5705206,-119.6297571,34.0
2025-12-01,8386,Genesis of Huntington,Huntington,NY,11743,501,"New York, NY",40.8332861,-73.3617156,33.0
2025-12-01,73375,Genesis of Melbourne,Melbourne,FL,32901,534,"Orlando-Daytona Beach-Melbourne, FL",28.0781199,-80.6372008,33.0
2025-12-01,69414,Genesis of Olive Branch,Olive Branch,MS,38654,640,"Memphis, TN",34.9790497,-89.8645852,33.0
2025-12-01,3110,Genesis of South St. Louis County,St. Louis,MO,63123,609,"St. Louis, MO",38.521476,-90.3450902,33.0
2025-12-01,61176,Headquarter Genesis,Lake Mary,FL,32746,534,"Orlando-Daytona Beach-Melbourne, FL",28.7885443,-81.3466546,32.0
2025-12-01,8750,Sid Dillon Genesis of Lincoln,Lincoln,NE,68512,722,"Lincoln & Hastings-Kearney, NE",40.7364094,-96.6846163,31.0
2025-12-01,70200,Genesis of Chattanooga,Chattanooga,TN,37421,575,"Chattanooga, TN",35.0602866,-85.1922179,30.0
2025-12-01,69980,Genesis of Minneapolis,Golden Valley,MN,55426,613,"Minneapolis-St. Paul, MN",44.9724585,-93.3935748,30.0
2025-12-01,3992,Genesis of New Bern,New Bern,NC,28560,545,"Greenville-New Bern-Washington, NC",35.0579658,-77.0170433,30.0
2025-12-01,73395,Genesis of Union City,Riverdale,GA,30274,524,"Atlanta, GA",33.5645576,-84.4132949,30.0
2025-12-01,67498,Genesis of West Palm Beach,West Palm Beach,FL,33409,548,"West Palm Beach-Ft. Pierce, FL",26.7072233,-80.0873646,30.0
2025-12-01,71271,Genesis of Cartersville,Cartersville,GA,30120,524,"Atlanta, GA",34.1915656,-84.7876903,29.0
2025-12-01,72560,Genesis of West Knoxville,Knoxville,TN,37923,557,"Knoxville, TN",35.9181977,-84.0733877,29.0
2025-12-01,3152,Genesis of St. Cloud,Waite Park,MN,56387,613,"Minneapolis-St. Paul, MN",45.5485676,-94.2285831,28.0
2025-12-01,648,Genesis of Calumet City,Calumet City,IL,60409,602,"Chicago, IL",41.6004518,-87.5734156,23.0
2025-12-01,49527,Genesis of Urbana,Urbana,IL,61802,648,"Champaign & Springfield-Decatur,IL",40.1386655,-88.1960739,23.0
2025-12-01,99817,Genesis Ring 1,Derwood,MD,20855,511,"Washington, DC (Hagerstown, MD)",39.10844,-77.1511615,22.0
2025-12-01,70356,Hampton Genesis,Fort Walton Beach,FL,32548,686,"Mobile, AL-Pensacola (Ft. Walton Beach), FL",30.4123712,-86.6281688,22.0
2025-12-01,69498,Genesis of Eastern Shore,Daphne,AL,36526,686,"Mobile, AL-Pensacola (Ft. Walton Beach), FL",30.6607867,-87.8567477,19.0
2025-12-01,793,Genesis of Hazelwood,Hazelwood,MO,63042,609,"St. Louis, MO",38.7811015,-90.3650463,19.0
2025-12-01,70876,Doral Genesis,Doral,FL,33172,528,"Miami-Ft. Lauderdale, FL",25.7843093,-80.3669404,17.0
2025-12-01,69370,Genesis of Northampton,Northampton,MA,01060,543,"Springfield-Holyoke, MA",42.3359481,-72.6356287,17.0
2025-12-01,73400,Genesis of Macon,Macon,GA,31210,503,"Macon, GA",32.8866204,-83.675043,16.0
2025-12-01,18922,Genesis of Lafayette,Lafayette,IN,47904,582,"Lafayette, IN",40.4192119,-86.8589689,13.0
2025-12-01,68698,GENESIS OF BAYSIDE,Queens,NY,11361,501,"New York, NY",40.7573441,-73.7811612,12.0
2025-12-01,84406,Genesis at Long of Chattanooga,Chattanooga,TN,37421,575,"Chattanooga, TN",35.059805,-85.190767,12.0
2025-12-01,69701,Genesis of Victorville,Victorville,CA,92392,803,"Los Angeles, CA",34.5060794,-117.3405032,10.0
2025-12-01,61156,Genesis of Mattoon,Mattoon,IL,61938,648,"Champaign & Springfield-Decatur,IL",39.4823346,-88.3786268,7.0
2025-12-01,83639,Napleton Maserati of Indianapolis,Indianapolis,IN,46240,527,"Indianapolis, IN",39.9276857,-86.0978814,7.0
2025-12-01,15176,Five Star Ford Warner Robins,Warner Robins,GA,31088,503,"Macon, GA",32.5957075,-83.6393033,1.0
2025-12-01,100081,Spicer's Boat City,Houghton Lake,MI,48629,540,"Traverse City-Cadillac, MI",44.2970658,-84.7217605,1.0
2025-12-01,61239,Genesis of Central Florida,Clermont,FL,34711,534,"Orlando-Daytona Beach-Melbourne, FL",28.5478492,-81.6689649,0.0
2025-12-01,61567,Genesis of Monroeville,Monroeville,PA,15146,508,"Pittsburgh, PA",40.4308948,-79.7170895,0.0
2026-01-01,61186,Braman Genesis,Miami,FL,33137,528,"Miami-Ft. Lauderdale, FL",25.7954893,-80.1910373,571.0
2026-01-01,73396,Genesis of Cherry Hill,Evesham,NJ,08053,504,"Philadelphia, PA",39.8831146,-74.9226358,371.0
2026-01-01,7006,Genesis of Atlanta,Atlanta,GA,30341,524,"Atlanta, GA",33.9080158,-84.2909986,344.0
2026-01-01,29179,Genesis of White Plains,White Plains,NY,10606,501,"New York, NY",41.0350081,-73.7836873,291.0
2026-01-01,72010,Genesis of Charlotte,Charlotte,NC,28227,517,"Charlotte, NC",35.1428872,-80.7216186,277.0
2026-01-01,70287,Genesis of St. Charles,St. Peters,MO,63376,609,"St. Louis, MO",38.7975346,-90.5978187,258.0
2026-01-01,62585,Genesis of the North Shore,Hicksville,NY,11801,501,"New York, NY",40.7702089,-73.5027249,257.0
2026-01-01,73840,Genesis of Braintree,Quincy,MA,02169,506,"Boston, MA-Manchester, NH",42.2364548,-70.9785026,252.0
2026-01-01,72517,Genesis of Loma Linda,Ontario,CA,91764,803,"Los Angeles, CA",34.0699402,-117.6059991,252.0
2026-01-01,3156,Genesis of Schaumburg,Schaumburg,IL,60173,602,"Chicago, IL",42.0509027,-88.053118,247.0
2026-01-01,7692,Genesis of The South Shore,West Islip,NY,11795,501,"New York, NY",40.7207062,-73.3044797,236.0
2026-01-01,71490,Genesis of West Houston,Houston,TX,77094,618,"Houston, TX",29.7836158,-95.673582,227.0
2026-01-01,64605,Genesis of South Bay,Torrance,CA,90505,803,"Los Angeles, CA",33.7991718,-118.3411724,226.0
2026-01-01,9001,Genesis of Chandler,Chandler,AZ,85286,753,"Phoenix, AZ",33.2846933,-111.7910889,224.0
2026-01-01,69264,Genesis of Naples,Naples,FL,34109,571,"Ft. Myers-Naples, FL",26.2279083,-81.7660554,211.0
2026-01-01,73389,Genesis of Freehold,Freehold,NJ,07728,501,"New York, NY",40.2641336,-74.2924834,207.0
2026-01-01,68783,Coconut Creek Genesis,Coconut Creek,FL,33073,528,"Miami-Ft. Lauderdale, FL",26.2914037,-80.2009677,205.0
2026-01-01,28092,Genesis of Las Vegas,Las Vegas,NV,89117,839,"Las Vegas, NV",36.1449418,-115.2489832,201.0
2026-01-01,72673,Earnhardt Genesis North Scottsdale,Scottsdale,AZ,85260,753,"Phoenix, AZ",33.631299,-111.8982196,199.0
2026-01-01,96938,Genesis of North Cincinnati,Cincinnati,OH,45249,515,"Cincinnati, OH",39.2926575,-84.3036044,194.0
2026-01-01,2734,Genesis of Carmel,Indianapolis,IN,46240,527,"Indianapolis, IN",39.9293455,-86.0966346,190.0
2026-01-01,94375,Castle Genesis of Downers Grove,Oakbrook Terrace,IL,60181,602,"Chicago, IL",41.8582742,-87.9545485,189.0
2026-01-01,6767,Tuttle-Click Genesis,Irvine,CA,92618,803,"Los Angeles, CA",33.6342181,-117.7233823,182.0
2026-01-01,69118,Hudson Hyundai,Jersey City,NJ,07304,501,"New York, NY",40.7234737,-74.0888952,176.0
2026-01-01,26003,Genesis of Elgin,Elgin,IL,60120,602,"Chicago, IL",42.0317119,-88.2445971,174.0
2026-01-01,6996,Genesis of Lafayette,Lafayette,LA,70506,642,"Lafayette, LA",30.1552098,-92.0910284,168.0
2026-01-01,3102,Genesis of Alexandria,Alexandria,VA,22301,511,"Washington, DC (Hagerstown, MD)",38.8213866,-77.0576309,165.0
2026-01-01,52440,Genesis of Mentor,Mentor,OH,44060,510,"Cleveland-Akron (Canton), OH",41.6834521,-81.3348422,163.0
2026-01-01,4919,Genesis of North Aurora,North Aurora,IL,60542,602,"Chicago, IL",41.80082,-88.3739138,163.0
2026-01-01,4457,Genesis of Spring,Spring,TX,77373,618,"Houston, TX",30.0627988,-95.4322263,160.0
2026-01-01,57975,Genesis of Kennesaw,Kennesaw,GA,30144,524,"Atlanta, GA",34.0233261,-84.5734338,157.0
2026-01-01,98536,Galpin Genesis of Van Nuys,Los Angeles,CA,91406,803,"Los Angeles, CA",34.2209833,-118.4687863,153.0
2026-01-01,73682,Wallace Genesis,Stuart,FL,34997,548,"West Palm Beach-Ft. Pierce, FL",27.1605832,-80.2229084,153.0
2026-01-01,62581,Genesis Santa Monica,Santa Monica,CA,90404,803,"Los Angeles, CA",34.03227,-118.4751279,152.0
2026-01-01,69570,Genesis of Cary,Cary,NC,27511,560,"Raleigh-Durham (Fayetteville), NC",35.7384809,-78.8093998,144.0
2026-01-01,67653,Genesis of Corona,Corona,CA,92882,803,"Los Angeles, CA",33.882918,-117.6138489,144.0
2026-01-01,9004,Genesis of Littleton,Englewood,CO,80113,751,"Denver, CO",39.6200977,-104.9885845,144.0
2026-01-01,62609,Norm Reeves Genesis of Cerritos,Cerritos,CA,90703,803,"Los Angeles, CA",33.8662378,-118.1015234,143.0
2026-01-01,70631,Genesis of Lake Norman,Cornelius,NC,28031,517,"Charlotte, NC",35.467345,-80.872696,142.0
2026-01-01,1393,Genesis of Plano,Plano,TX,75093,623,"Dallas-Ft. Worth, TX",33.0102218,-96.7668456,142.0
2026-01-01,1130,Genesis of Kirkland,Kirkland,WA,98034,819,"Seattle-Tacoma, WA",47.7072771,-122.1748634,141.0
2026-01-01,74040,Genesis of San Bruno,San Bruno,CA,94066,807,"San Francisco-Oakland-San Jose, CA",37.6372585,-122.419091,141.0
2026-01-01,17853,Genesis of Winston-Salem,Winston-Salem,NC,27127,518,"Greensboro-High Point-Winston Salem, NC",36.0674142,-80.2606633,141.0
2026-01-01,69062,Genesis of Lindon,Lindon,UT,84042,770,"Salt Lake City, UT",40.3293405,-111.7338433,136.0
2026-01-01,10409,Genesis of Southwest Houston,Houston,TX,77074,618,"Houston, TX",29.6691333,-95.5474174,136.0
2026-01-01,98745,Genesis of Danvers,Danvers,MA,01923,506,"Boston, MA-Manchester, NH",42.5595013,-70.9786915,135.0
2026-01-01,3566,Genesis of Highland Park,Highland Park,IL,60035,602,"Chicago, IL",42.1609423,-87.8081446,133.0
2026-01-01,70093,Genesis of Merrillville,Merrillville,IN,46410,602,"Chicago, IL",41.4717832,-87.3480253,133.0
2026-01-01,71985,Genesis of Columbus,Columbus,OH,43230,535,"Columbus, OH",40.0598318,-82.9433206,131.0
2026-01-01,67536,Genesis of Omaha,Omaha,NE,68118,652,"Omaha, NE",41.2639237,-96.1858719,131.0
2026-01-01,71052,Lakeland Genesis,Lakeland,FL,33815,539,"Tampa-St Petersburg (Sarasota), FL",28.054301,-81.9758413,131.0
2026-01-01,73680,Genesis of Wayne,Wayne,NJ,07470,501,"New York, NY",40.948967,-74.276307,130.0
2026-01-01,4349,Jenkins Genesis of Leesburg,Leesburg,FL,34788,534,"Orlando-Daytona Beach-Melbourne, FL",28.8228437,-81.7874886,130.0
2026-01-01,61326,Genesis of Denville,Denville,NJ,07834,501,"New York, NY",40.8681668,-74.5137571,129.0
2026-01-01,10212,Genesis of Edmond,Edmond,OK,73013,650,"Oklahoma City, OK",35.6128747,-97.4967472,128.0
2026-01-01,94818,Genesis of Milwaukee,Waukesha,WI,53186,617,"Milwaukee, WI",43.0244944,-88.2038863,128.0
2026-01-01,73041,Gettel Genesis of Sarasota,Sarasota,FL,34233,539,"Tampa-St Petersburg (Sarasota), FL",27.2695206,-82.4746827,128.0
2026-01-01,2525,Genesis of Cool Springs,Franklin,TN,37067,659,"Nashville, TN",35.9580609,-86.8090467,127.0
2026-01-01,69032,Genesis Of NW San Antonio,Boerne,TX,78006,641,"San Antonio, TX",29.6844593,-98.6411438,126.0
2026-01-01,61277,Genesis of New Hudson,New Hudson,MI,48165,505,"Detroit, MI",42.5161168,-83.609054,120.0
2026-01-01,73379,Genesis of Milford,Milford,CT,06460,533,"Hartford & New Haven, CT",41.2076083,-73.0884209,118.0
2026-01-01,67535,Genesis of Wolfchase,Memphis,TN,38133,640,"Memphis, TN",35.2032351,-89.8071642,118.0
2026-01-01,91447,Genesis of Albany,Albany,NY,12205,532,"Albany-Schenectady-Troy, NY",42.7296031,-73.8529553,117.0
2026-01-01,12986,Genesis of Buffalo,Williamsville,NY,14221,514,"Buffalo, NY",42.960953,-78.691081,117.0
2026-01-01,4941,Genesis of Conshohocken,Conshohocken,PA,19428,504,"Philadelphia, PA",40.1028837,-75.3064312,117.0
2026-01-01,70074,Genesis of Fort Myers,Fort Myers,FL,33907,571,"Ft. Myers-Naples, FL",26.596538,-81.8605256,117.0
2026-01-01,9254,Genesis of Bloomington-Normal,Normal,IL,61761,675,"Peoria-Bloomington, IL",40.5165466,-88.9541909,116.0
2026-01-01,68256,Genesis of Lexington,Lexington,KY,40509,541,"Lexington, KY",37.9960356,-84.441848,116.0
2026-01-01,4899,Genesis of Conway,Conway,AR,72032,693,"Little Rock-Pine Bluff, AR",35.093494,-92.421864,115.0
2026-01-01,1250,Genesis of New Orleans,Metairie,LA,70003,622,"New Orleans, LA",30.0058423,-90.2210481,115.0
2026-01-01,64037,Universal Genesis,Orlando,FL,32837,534,"Orlando-Daytona Beach-Melbourne, FL",28.3794594,-81.4033691,115.0
2026-01-01,73795,Crown Genesis,St. Petersburg,FL,33714,539,"Tampa-St Petersburg (Sarasota), FL",27.8204635,-82.6786673,113.0
2026-01-01,99924,Genesis of Avon,Simsbury,CT,06092,533,"Hartford & New Haven, CT",41.8203914,-72.8690454,112.0
2026-01-01,62587,Genesis of Aurora,Aurora,IL,60504,602,"Chicago, IL",41.7515762,-88.213844,111.0
2026-01-01,70696,Genesis of Round Rock,Round Rock,TX,78665,635,"Austin, TX",30.5322484,-97.6891408,111.0
2026-01-01,71992,Genesis of Brooklyn,Brooklyn,NY,11232,501,"New York, NY",40.6571085,-74.014405,110.0
2026-01-01,66836,Genesis of Peoria,Peoria,AZ,85382,753,"Phoenix, AZ",33.6372458,-112.2451079,110.0
2026-01-01,2157,Genesis of Suitland,Bowie,MD,20716,511,"Washington, DC (Hagerstown, MD)",38.9227402,-76.7179222,110.0
2026-01-01,71829,Genesis of Chantilly,Chantilly,VA,20151,511,"Washington, DC (Hagerstown, MD)",38.903778,-77.4621301,105.0
2026-01-01,71661,Allen Turner Genesis,Pensacola,FL,32505,686,"Mobile, AL-Pensacola (Ft. Walton Beach), FL",30.4750621,-87.247943,104.0
2026-01-01,53667,Genesis Of Cumming,Cumming,GA,30041,524,"Atlanta, GA",34.1439728,-84.1730152,104.0
2026-01-01,2584,Genesis Of Norman,Norman,OK,73069,650,"Oklahoma City, OK",35.2248696,-97.4845549,101.0
2026-01-01,93460,Genesis of Portland,Portland,OR,97225,820,"Portland, OR",45.4962782,-122.7698208,101.0
2026-01-01,97787,Genesis Montgomery,Montgomery,AL,36106,698,"Montgomery (Selma), AL",32.3606235,-86.2242999,100.0
2026-01-01,70671,Genesis of Owings Mills,Owings Mills,MD,21117,512,"Baltimore, MD",39.43549,-76.800636,100.0
2026-01-01,65747,Genesis Of Clear Lake,Webster,TX,77598,618,"Houston, TX",29.5340161,-95.13376,99.0
2026-01-01,70052,Norm Reeves Genesis of Irving,Irving,TX,75062,623,"Dallas-Ft. Worth, TX",32.8360367,-96.921086,99.0
2026-01-01,99734,Genesis of Tampa,Tampa,FL,33613,539,"Tampa-St Petersburg (Sarasota), FL",28.0872094,-82.4521026,98.0
2026-01-01,57353,Jenkins Genesis of North East Jacksonville,Jacksonville,FL,32225,561,"Jacksonville, FL",30.3253588,-81.5105439,96.0
2026-01-01,64003,Genesis of Bel Air,Fallston,MD,21047,512,"Baltimore, MD",39.5065574,-76.3858171,95.0
2026-01-01,61217,Genesis of Weatherford,Hudson Oaks,TX,76087,623,"Dallas-Ft. Worth, TX",32.7558051,-97.6929673,94.0
2026-01-01,8533,Genesis North Orlando,Winter Park,FL,32789,534,"Orlando-Daytona Beach-Melbourne, FL",28.6088331,-81.3648614,93.0
2026-01-01,73893,Genesis of Brunswick,South Brunswick Township,NJ,08852,501,"New York, NY",40.4111541,-74.5423003,93.0
2026-01-01,68840,Genesis of Golden,Golden,CO,80401,751,"Denver, CO",39.730479,-105.1754951,93.0
2026-01-01,71564,Clay Cooley Genesis of Mesquite,Mesquite,TX,75150,623,"Dallas-Ft. Worth, TX",32.8336891,-96.6306212,91.0
2026-01-01,11303,Genesis of Appleton,Appleton,WI,54913,658,"Green Bay-Appleton, WI",44.2887964,-88.4759736,91.0
2026-01-01,72197,Genesis of Doylestown,Doylestown,PA,18902,504,"Philadelphia, PA",40.3335783,-75.1370158,91.0
2026-01-01,68945,Genesis of San Antonio East,San Antonio,TX,78233,641,"San Antonio, TX",29.5452956,-98.3688609,91.0
2026-01-01,1531,Genesis of Manchester,Bedford,NH,03110,506,"Boston, MA-Manchester, NH",42.944374,-71.472789,90.0
2026-01-01,64426,Genesis of Algonquin,Algonquin,IL,60102,602,"Chicago, IL",42.1629985,-88.3344476,89.0
2026-01-01,7375,Genesis of Bedford,Bedford,OH,44146,510,"Cleveland-Akron (Canton), OH",41.4061393,-81.5482726,89.0
2026-01-01,72695,Rick Case Genesis,Plantation,FL,33317,528,"Miami-Ft. Lauderdale, FL",26.1351086,-80.2031534,89.0
2026-01-01,69823,Genesis Of Charleston,Charleston,SC,29414,519,"Charleston, SC",32.7982545,-80.0859341,88.0
2026-01-01,36882,Genesis of Virginia Beach,Virginia Beach,VA,23452,544,"Norfolk-Portsmouth-Newport News,VA",36.8356924,-76.0987758,87.0
2026-01-01,100501,Genesis Macon,Macon,GA,31210,503,"Macon, GA",32.8866204,-83.675043,86.0
2026-01-01,72126,Genesis of Ocala,Ocala,FL,34471,534,"Orlando-Daytona Beach-Melbourne, FL",29.1773171,-82.1519073,86.0
2026-01-01,9594,Genesis of Orange Park,Jacksonville,FL,32244,561,"Jacksonville, FL",30.2100757,-81.7391104,86.0
2026-01-01,2687,Genesis of Parma,Parma,OH,44129,510,"Cleveland-Akron (Canton), OH",41.4180454,-81.7339114,85.0
2026-01-01,94705,Genesis of Ridgefield,Norwalk,CT,06851,501,"New York, NY",41.1261307,-73.4233158,85.0
2026-01-01,61240,Genesis of Palm Springs,Palm Springs,CA,92264,804,"Palm Springs, CA",33.7945577,-116.5032881,84.0
2026-01-01,8947,Genesis of Wichita,Wichita,KS,67206,678,"Wichita-Hutchinson, KS",37.7055104,-97.2084739,83.0
2026-01-01,73042,Gettel Genesis of Lakewood,Bradenton,FL,34208,539,"Tampa-St Petersburg (Sarasota), FL",27.4953171,-82.4871204,83.0
2026-01-01,69737,Genesis of Richmond,Bon Air,VA,23235,556,"Richmond-Petersburg, VA",37.5013145,-77.5717929,82.0
2026-01-01,70835,Genesis of Tulsa,Tulsa,OK,74133,671,"Tulsa, OK",36.022119,-95.8852819,81.0
2026-01-01,10129,Genesis of Covington,Covington,LA,70433,622,"New Orleans, LA",30.4321,-90.0886416,80.0
2026-01-01,100307,Genesis of Mountain View,Mountain View,CA,94040,807,"San Francisco-Oakland-San Jose, CA",37.4048603,-122.1093955,77.0
2026-01-01,67522,Genesis of Wexford,Wexford,PA,15090,508,"Pittsburgh, PA",40.6143612,-80.0568103,77.0
2026-01-01,69670,Rick Case Genesis Davie,Davie,FL,33331,528,"Miami-Ft. Lauderdale, FL",26.0758729,-80.3619504,77.0
2026-01-01,73353,Genesis of Annapolis,Annapolis,MD,21401,512,"Baltimore, MD",38.976603,-76.5095064,74.0
2026-01-01,60611,Genesis of Huntsville,Huntsville,AL,35816,691,"Huntsville-Decatur (Florence), AL",34.7342382,-86.6214927,74.0
2026-01-01,73383,Genesis of Newnan,Newnan,GA,30263,524,"Atlanta, GA",33.3980326,-84.751469,73.0
2026-01-01,81842,Genesis of West Warwick,West Warwick,RI,02893,521,"Providence, RI-New Bedford, MA",41.684535,-71.5014056,73.0
2026-01-01,94567,Genesis of Kansas City,Overland Park,KS,66204,616,"Kansas City, MO",38.9882713,-94.6681597,72.0
2026-01-01,70573,Genesis of Gwinnett,Duluth,GA,30096,524,"Atlanta, GA",33.9606012,-84.1164625,71.0
2026-01-01,4571,Genesis of Nashua,Nashua,NH,03060,506,"Boston, MA-Manchester, NH",42.7272329,-71.4464946,71.0
2026-01-01,69883,Genesis of North Plainfield,North Plainfield,NJ,07060,501,"New York, NY",40.6165806,-74.4551273,71.0
2026-01-01,66747,Genesis Of Southfield,Southfield,MI,48034,505,"Detroit, MI",42.4941876,-83.2830437,70.0
2026-01-01,96075,Genesis of Smithtown,Saint James,NY,11780,501,"New York, NY",40.861595,-73.159573,70.0
2026-01-01,10916,Genesis of Louisville,Jeffersontown,KY,40299,529,"Louisville, KY",38.2125896,-85.5378392,69.0
2026-01-01,69980,Genesis of Minneapolis,Golden Valley,MN,55426,613,"Minneapolis-St. Paul, MN",44.9724585,-93.3935748,68.0
2026-01-01,69382,Genesis of West Chester,West Chester,PA,19382,504,"Philadelphia, PA",39.9023291,-75.5655602,66.0
2026-01-01,9171,Genesis of Longview,Longview,TX,75605,709,"Tyler-Longview(Lufkin & Nacogdoches), TX",32.5633713,-94.7310184,65.0
2026-01-01,71974,Genesis of Columbia,Columbia,SC,29203,546,"Columbia, SC",34.1430845,-80.9485594,64.0
2026-01-01,61459,Genesis of Augusta,Augusta,GA,30907,520,"Augusta, GA",33.5157506,-82.0641493,63.0
2026-01-01,52776,Genesis Of Macomb,Macomb,MI,48044,505,"Detroit, MI",42.6294783,-82.9318824,62.0
2026-01-01,96441,Genesis of Rocklin,Rocklin,CA,95677,862,"Sacramento-Stockton-Modesto, CA",38.7952904,-121.2164042,62.0
2026-01-01,36300,Delray Genesis,Delray Beach,FL,33483,548,"West Palm Beach-Ft. Pierce, FL",26.4720932,-80.0668508,61.0
2026-01-01,16023,Genesis of Baton Rouge,Baton Rouge,LA,70809,716,"Baton Rouge, LA",30.3805348,-91.0404825,60.0
2026-01-01,91019,Genesis of Hickory,Hickory,NC,28602,517,"Charlotte, NC",35.7151389,-81.3379647,60.0
2026-01-01,70876,Doral Genesis,Doral,FL,33172,528,"Miami-Ft. Lauderdale, FL",25.7843093,-80.3669404,58.0
2026-01-01,69931,Genesis of Commerce,West Bloomfield Township,MI,48322,505,"Detroit, MI",42.5607276,-83.4398789,58.0
2026-01-01,68961,Genesis of Hampton,Hampton,VA,23666,544,"Norfolk-Portsmouth-Newport News,VA",37.0619771,-76.4003949,57.0
2026-01-01,12744,Genesis of Ballwin,Ballwin,MO,63011,609,"St. Louis, MO",38.5925561,-90.5337953,56.0
2026-01-01,9530,Genesis of Brunswick,Brunswick,OH,44212,510,"Cleveland-Akron (Canton), OH",41.2391403,-81.7926475,56.0
2026-01-01,69447,King Genesis,Deerfield Beach,FL,33441,528,"Miami-Ft. Lauderdale, FL",26.29967,-80.0946749,55.0
2026-01-01,72341,Genesis of Auburn,Auburn,AL,36830,522,"Columbus, GA",32.6179594,-85.4635689,53.0
2026-01-01,83168,Genesis of Framingham,Framingham,MA,01702,506,"Boston, MA-Manchester, NH",42.2974046,-71.417428,53.0
2026-01-01,6832,Genesis of Denton,Denton,TX,76210,623,"Dallas-Ft. Worth, TX",33.1691755,-97.0819556,51.0
2026-01-01,72712,Genesis of Roswell,Roswell,GA,30076,524,"Atlanta, GA",34.056201,-84.32906,51.0
2026-01-01,6292,Genesis of Harlingen,Harlingen,TX,78552,636,"Harlingen-Weslaco-Brownsville-McAllen, TX",26.1864793,-97.7753841,50.0
2026-01-01,69409,Genesis of Richmond,Richmond,CA,94806,807,"San Francisco-Oakland-San Jose, CA",37.9857273,-122.3202802,50.0
2026-01-01,2511,Genesis of Clearwater,Clearwater,FL,33761,539,"Tampa-St Petersburg (Sarasota), FL",28.0222085,-82.7380372,49.0
2026-01-01,71500,Genesis of Waterloo,Waterloo,IA,50702,637,"Cedar Rapids-Waterloo-Iowa City & Dubuque, IA",42.4906379,-92.3401956,49.0
2026-01-01,61515,Genesis Of Madison,Madison,WI,53713,669,"Madison, WI",43.0341872,-89.4116586,48.0
2026-01-01,1691,Genesis of Fairfield,Fairfield,CT,06825,501,"New York, NY",41.1661525,-73.2298512,47.0
2026-01-01,61112,Homestead Genesis,Homestead,FL,33030,528,"Miami-Ft. Lauderdale, FL",25.4674062,-80.472177,47.0
2026-01-01,4844,Genesis of Miami Lakes,Miami Lakes,FL,33014,528,"Miami-Ft. Lauderdale, FL",25.9235071,-80.3016669,46.0
2026-01-01,61196,Genesis of Arlington,Arlington,MA,02476,506,"Boston, MA-Manchester, NH",42.4232377,-71.1738841,44.0
2026-01-01,68638,Genesis of Downtown Chicago,Chicago,IL,60616,602,"Chicago, IL",41.8442199,-87.6240557,43.0
2026-01-01,73481,Genesis of Kalamazoo,Kalamazoo,MI,49009,563,"Grand Rapids-Kalamazoo-Battle Creek, MI",42.2973176,-85.6584469,43.0
2026-01-01,69102,Orlando Genesis,Orlando,FL,32808,534,"Orlando-Daytona Beach-Melbourne, FL",28.5521196,-81.4309809,41.0
2026-01-01,8386,Genesis of Huntington,Huntington,NY,11743,501,"New York, NY",40.8332861,-73.3617156,40.0
2026-01-01,67547,Genesis of Ogden,Ogden,UT,84401,770,"Salt Lake City, UT",41.2030548,-111.9799594,40.0
2026-01-01,65171,Genesis of Selma,Selma,CA,93662,866,"Fresno-Visalia, CA",36.5705206,-119.6297571,40.0
2026-01-01,73395,Genesis of Union City,Riverdale,GA,30274,524,"Atlanta, GA",33.5645576,-84.4132949,40.0
2026-01-01,69757,Genesis of Wilkes-Barre,Wilkes-Barre,PA,18702,577,"Wilkes Barre-Scranton, PA",41.2549421,-75.8381435,40.0
2026-01-01,3536,Genesis of Rockville,North Bethesda,MD,20852,511,"Washington, DC (Hagerstown, MD)",39.0438363,-77.1107675,39.0
2026-01-01,5541,Genesis Glenview,Glenview,IL,60026,602,"Chicago, IL",42.1061877,-87.8216753,38.0
2026-01-01,70290,Genesis of Greer,Greer,SC,29651,567,"Greenville-Spartanburg, SC-Asheville, NC-Anderson, SC",34.949924,-82.198468,38.0
2026-01-01,42325,Genesis Memphis Covington Pike,Memphis,TN,38134,640,"Memphis, TN",35.1781733,-89.8953093,36.0
2026-01-01,69400,Genesis of Austin,Austin,TX,78745,635,"Austin, TX",30.2097044,-97.7566525,36.0
2026-01-01,69018,Genesis of Hickory Hollow,Nashville,TN,37211,659,"Nashville, TN",36.0456523,-86.7012321,36.0
2026-01-01,68812,Genesis of South Knoxville,Alcoa,TN,37701,557,"Knoxville, TN",35.8245636,-83.9755837,36.0
2026-01-01,69414,Genesis of Olive Branch,Olive Branch,MS,38654,640,"Memphis, TN",34.9790497,-89.8645852,35.0
2026-01-01,72560,Genesis of West Knoxville,Knoxville,TN,37923,557,"Knoxville, TN",35.9181977,-84.0733877,35.0
2026-01-01,67498,Genesis of West Palm Beach,West Palm Beach,FL,33409,548,"West Palm Beach-Ft. Pierce, FL",26.7072233,-80.0873646,33.0
2026-01-01,71271,Genesis of Cartersville,Cartersville,GA,30120,524,"Atlanta, GA",34.1915656,-84.7876903,32.0
2026-01-01,68973,Genesis of Dublin,Dublin,CA,94568,807,"San Francisco-Oakland-San Jose, CA",37.7027037,-121.9030039,32.0
2026-01-01,64724,Genesis of Groveport,Groveport,OH,43125,535,"Columbus, OH",39.8895794,-82.8876146,30.0
2026-01-01,69370,Genesis of Northampton,Northampton,MA,01060,543,"Springfield-Holyoke, MA",42.3359481,-72.6356287,29.0
2026-01-01,3110,Genesis of South St. Louis County,St. Louis,MO,63123,609,"St. Louis, MO",38.521476,-90.3450902,29.0
2026-01-01,73397,Genesis of Daytona Beach,Daytona Beach,FL,32117,534,"Orlando-Daytona Beach-Melbourne, FL",29.2235952,-81.0481335,28.0
2026-01-01,8750,Sid Dillon Genesis of Lincoln,Lincoln,NE,68512,722,"Lincoln & Hastings-Kearney, NE",40.7364094,-96.6846163,28.0
2026-01-01,73375,Genesis of Melbourne,Melbourne,FL,32901,534,"Orlando-Daytona Beach-Melbourne, FL",28.0781199,-80.6372008,27.0
2026-01-01,3992,Genesis of New Bern,New Bern,NC,28560,545,"Greenville-New Bern-Washington, NC",35.0579658,-77.0170433,27.0
2026-01-01,3152,Genesis of St. Cloud,Waite Park,MN,56387,613,"Minneapolis-St. Paul, MN",45.5485676,-94.2285831,27.0
2026-01-01,70356,Hampton Genesis,Fort Walton Beach,FL,32548,686,"Mobile, AL-Pensacola (Ft. Walton Beach), FL",30.4123712,-86.6281688,26.0
2026-01-01,61176,Headquarter Genesis,Lake Mary,FL,32746,534,"Orlando-Daytona Beach-Melbourne, FL",28.7885443,-81.3466546,25.0
2026-01-01,49527,Genesis of Urbana,Urbana,IL,61802,648,"Champaign & Springfield-Decatur,IL",40.1386655,-88.1960739,24.0
2026-01-01,648,Genesis of Calumet City,Calumet City,IL,60409,602,"Chicago, IL",41.6004518,-87.5734156,23.0
2026-01-01,99817,Genesis Ring 1,Derwood,MD,20855,511,"Washington, DC (Hagerstown, MD)",39.10844,-77.1511615,22.0
2026-01-01,70200,Genesis of Chattanooga,Chattanooga,TN,37421,575,"Chattanooga, TN",35.0602866,-85.1922179,22.0
2026-01-01,69498,Genesis of Eastern Shore,Daphne,AL,36526,686,"Mobile, AL-Pensacola (Ft. Walton Beach), FL",30.6607867,-87.8567477,21.0
2026-01-01,793,Genesis of Hazelwood,Hazelwood,MO,63042,609,"St. Louis, MO",38.7811015,-90.3650463,14.0
2026-01-01,68698,GENESIS OF BAYSIDE,Queens,NY,11361,501,"New York, NY",40.7573441,-73.7811612,13.0
2026-01-01,5334,Genesis of Fayetteville,Fayetteville,NC,28314,560,"Raleigh-Durham (Fayetteville), NC",35.0630371,-78.9696547,11.0
2026-01-01,84406,Genesis at Long of Chattanooga,Chattanooga,TN,37421,575,"Chattanooga, TN",35.059805,-85.190767,10.0
2026-01-01,69701,Genesis of Victorville,Victorville,CA,92392,803,"Los Angeles, CA",34.5060794,-117.3405032,9.0
2026-01-01,83639,Napleton Maserati of Indianapolis,Indianapolis,IN,46240,527,"Indianapolis, IN",39.9276857,-86.0978814,7.0
2026-01-01,61156,Genesis of Mattoon,Mattoon,IL,61938,648,"Champaign & Springfield-Decatur,IL",39.4823346,-88.3786268,6.0
2026-01-01,9164,Genesis of Kearny Mesa,San Diego,CA,92111,825,"San Diego, CA",32.82812,-117.1528769,2.0
2026-01-01,100529,Genesis of San Diego,San Diego,CA,92111,825,"San Diego, CA",32.8306319,-117.1434333,2.0
2026-01-01,100081,Spicer's Boat City,Houghton Lake,MI,48629,540,"Traverse City-Cadillac, MI",44.2970658,-84.7217605,1.0
2026-01-01,61567,Genesis of Monroeville,Monroeville,PA,15146,508,"Pittsburgh, PA",40.4308948,-79.7170895,0.0
2026-02-01,61186,Braman Genesis,Miami,FL,33137,528,"Miami-Ft. Lauderdale, FL",25.7954893,-80.1910373,523.0
2026-02-01,73396,Genesis of Cherry Hill,Evesham,NJ,08053,504,"Philadelphia, PA",39.8831146,-74.9226358,366.0
2026-02-01,73840,Genesis of Braintree,Quincy,MA,02169,506,"Boston, MA-Manchester, NH",42.2364548,-70.9785026,332.0
2026-02-01,29179,Genesis of White Plains,White Plains,NY,10606,501,"New York, NY",41.0350081,-73.7836873,299.0
2026-02-01,72010,Genesis of Charlotte,Charlotte,NC,28227,517,"Charlotte, NC",35.1428872,-80.7216186,266.0
2026-02-01,70287,Genesis of St. Charles,St. Peters,MO,63376,609,"St. Louis, MO",38.7975346,-90.5978187,257.0
2026-02-01,62585,Genesis of the North Shore,Hicksville,NY,11801,501,"New York, NY",40.7702089,-73.5027249,236.0
2026-02-01,7692,Genesis of The South Shore,West Islip,NY,11795,501,"New York, NY",40.7207062,-73.3044797,233.0
2026-02-01,72517,Genesis of Loma Linda,Ontario,CA,91764,803,"Los Angeles, CA",34.0699402,-117.6059991,231.0
2026-02-01,3156,Genesis of Schaumburg,Schaumburg,IL,60173,602,"Chicago, IL",42.0509027,-88.053118,223.0
2026-02-01,71490,Genesis of West Houston,Houston,TX,77094,618,"Houston, TX",29.7836158,-95.673582,222.0
2026-02-01,69264,Genesis of Naples,Naples,FL,34109,571,"Ft. Myers-Naples, FL",26.2279083,-81.7660554,220.0
2026-02-01,7006,Genesis of Atlanta,Atlanta,GA,30341,524,"Atlanta, GA",33.9080158,-84.2909986,211.0
2026-02-01,64605,Genesis of South Bay,Torrance,CA,90505,803,"Los Angeles, CA",33.7991718,-118.3411724,203.0
2026-02-01,28092,Genesis of Las Vegas,Las Vegas,NV,89117,839,"Las Vegas, NV",36.1449418,-115.2489832,200.0
2026-02-01,72673,Earnhardt Genesis North Scottsdale,Scottsdale,AZ,85260,753,"Phoenix, AZ",33.631299,-111.8982196,198.0
2026-02-01,96938,Genesis of North Cincinnati,Cincinnati,OH,45249,515,"Cincinnati, OH",39.2926575,-84.3036044,198.0
2026-02-01,94375,Castle Genesis of Downers Grove,Oakbrook Terrace,IL,60181,602,"Chicago, IL",41.8582742,-87.9545485,195.0
2026-02-01,73389,Genesis of Freehold,Freehold,NJ,07728,501,"New York, NY",40.2641336,-74.2924834,194.0
2026-02-01,9001,Genesis of Chandler,Chandler,AZ,85286,753,"Phoenix, AZ",33.2846933,-111.7910889,192.0
2026-02-01,3102,Genesis of Alexandria,Alexandria,VA,22301,511,"Washington, DC (Hagerstown, MD)",38.8213866,-77.0576309,183.0
2026-02-01,4919,Genesis of North Aurora,North Aurora,IL,60542,602,"Chicago, IL",41.80082,-88.3739138,182.0
2026-02-01,26003,Genesis of Elgin,Elgin,IL,60120,602,"Chicago, IL",42.0317119,-88.2445971,178.0
2026-02-01,68783,Coconut Creek Genesis,Coconut Creek,FL,33073,528,"Miami-Ft. Lauderdale, FL",26.2914037,-80.2009677,177.0
2026-02-01,69118,Hudson Hyundai,Jersey City,NJ,07304,501,"New York, NY",40.7234737,-74.0888952,177.0
2026-02-01,2734,Genesis of Carmel,Indianapolis,IN,46240,527,"Indianapolis, IN",39.9293455,-86.0966346,174.0
2026-02-01,4457,Genesis of Spring,Spring,TX,77373,618,"Houston, TX",30.0627988,-95.4322263,174.0
2026-02-01,52440,Genesis of Mentor,Mentor,OH,44060,510,"Cleveland-Akron (Canton), OH",41.6834521,-81.3348422,168.0
2026-02-01,67653,Genesis of Corona,Corona,CA,92882,803,"Los Angeles, CA",33.882918,-117.6138489,166.0
2026-02-01,6996,Genesis of Lafayette,Lafayette,LA,70506,642,"Lafayette, LA",30.1552098,-92.0910284,166.0
2026-02-01,62581,Genesis Santa Monica,Santa Monica,CA,90404,803,"Los Angeles, CA",34.03227,-118.4751279,163.0
2026-02-01,9004,Genesis of Littleton,Englewood,CO,80113,751,"Denver, CO",39.6200977,-104.9885845,157.0
2026-02-01,6767,Tuttle-Click Genesis,Irvine,CA,92618,803,"Los Angeles, CA",33.6342181,-117.7233823,155.0
2026-02-01,67536,Genesis of Omaha,Omaha,NE,68118,652,"Omaha, NE",41.2639237,-96.1858719,154.0
2026-02-01,74040,Genesis of San Bruno,San Bruno,CA,94066,807,"San Francisco-Oakland-San Jose, CA",37.6372585,-122.419091,150.0
2026-02-01,1393,Genesis of Plano,Plano,TX,75093,623,"Dallas-Ft. Worth, TX",33.0102218,-96.7668456,149.0
2026-02-01,99924,Genesis of Avon,Simsbury,CT,06092,533,"Hartford & New Haven, CT",41.8203914,-72.8690454,148.0
2026-02-01,98745,Genesis of Danvers,Danvers,MA,01923,506,"Boston, MA-Manchester, NH",42.5595013,-70.9786915,148.0
2026-02-01,73682,Wallace Genesis,Stuart,FL,34997,548,"West Palm Beach-Ft. Pierce, FL",27.1605832,-80.2229084,146.0
2026-02-01,57975,Genesis of Kennesaw,Kennesaw,GA,30144,524,"Atlanta, GA",34.0233261,-84.5734338,145.0
2026-02-01,73680,Genesis of Wayne,Wayne,NJ,07470,501,"New York, NY",40.948967,-74.276307,145.0
2026-02-01,62609,Norm Reeves Genesis of Cerritos,Cerritos,CA,90703,803,"Los Angeles, CA",33.8662378,-118.1015234,145.0
2026-02-01,1130,Genesis of Kirkland,Kirkland,WA,98034,819,"Seattle-Tacoma, WA",47.7072771,-122.1748634,144.0
2026-02-01,61277,Genesis of New Hudson,New Hudson,MI,48165,505,"Detroit, MI",42.5161168,-83.609054,144.0
2026-02-01,61326,Genesis of Denville,Denville,NJ,07834,501,"New York, NY",40.8681668,-74.5137571,141.0
2026-02-01,2525,Genesis of Cool Springs,Franklin,TN,37067,659,"Nashville, TN",35.9580609,-86.8090467,140.0
2026-02-01,10212,Genesis of Edmond,Edmond,OK,73013,650,"Oklahoma City, OK",35.6128747,-97.4967472,140.0
2026-02-01,4941,Genesis of Conshohocken,Conshohocken,PA,19428,504,"Philadelphia, PA",40.1028837,-75.3064312,138.0
2026-02-01,98536,Galpin Genesis of Van Nuys,Los Angeles,CA,91406,803,"Los Angeles, CA",34.2209833,-118.4687863,137.0
2026-02-01,71985,Genesis of Columbus,Columbus,OH,43230,535,"Columbus, OH",40.0598318,-82.9433206,136.0
2026-02-01,70093,Genesis of Merrillville,Merrillville,IN,46410,602,"Chicago, IL",41.4717832,-87.3480253,133.0
2026-02-01,3566,Genesis of Highland Park,Highland Park,IL,60035,602,"Chicago, IL",42.1609423,-87.8081446,131.0
2026-02-01,61217,Genesis of Weatherford,Hudson Oaks,TX,76087,623,"Dallas-Ft. Worth, TX",32.7558051,-97.6929673,131.0
2026-02-01,69032,Genesis Of NW San Antonio,Boerne,TX,78006,641,"San Antonio, TX",29.6844593,-98.6411438,129.0
2026-02-01,17853,Genesis of Winston-Salem,Winston-Salem,NC,27127,518,"Greensboro-High Point-Winston Salem, NC",36.0674142,-80.2606633,129.0
2026-02-01,73379,Genesis of Milford,Milford,CT,06460,533,"Hartford & New Haven, CT",41.2076083,-73.0884209,128.0
2026-02-01,10409,Genesis of Southwest Houston,Houston,TX,77074,618,"Houston, TX",29.6691333,-95.5474174,128.0
2026-02-01,100529,Genesis of San Diego,San Diego,CA,92111,825,"San Diego, CA",32.8306319,-117.1434333,127.0
2026-02-01,99734,Genesis of Tampa,Tampa,FL,33613,539,"Tampa-St Petersburg (Sarasota), FL",28.0872094,-82.4521026,127.0
2026-02-01,70631,Genesis of Lake Norman,Cornelius,NC,28031,517,"Charlotte, NC",35.467345,-80.872696,126.0
2026-02-01,12986,Genesis of Buffalo,Williamsville,NY,14221,514,"Buffalo, NY",42.960953,-78.691081,124.0
2026-02-01,69062,Genesis of Lindon,Lindon,UT,84042,770,"Salt Lake City, UT",40.3293405,-111.7338433,122.0
2026-02-01,67535,Genesis of Wolfchase,Memphis,TN,38133,640,"Memphis, TN",35.2032351,-89.8071642,122.0
2026-02-01,91447,Genesis of Albany,Albany,NY,12205,532,"Albany-Schenectady-Troy, NY",42.7296031,-73.8529553,121.0
2026-02-01,68256,Genesis of Lexington,Lexington,KY,40509,541,"Lexington, KY",37.9960356,-84.441848,121.0
2026-02-01,4349,Jenkins Genesis of Leesburg,Leesburg,FL,34788,534,"Orlando-Daytona Beach-Melbourne, FL",28.8228437,-81.7874886,121.0
2026-02-01,70696,Genesis of Round Rock,Round Rock,TX,78665,635,"Austin, TX",30.5322484,-97.6891408,120.0
2026-02-01,71992,Genesis of Brooklyn,Brooklyn,NY,11232,501,"New York, NY",40.6571085,-74.014405,118.0
2026-02-01,65747,Genesis Of Clear Lake,Webster,TX,77598,618,"Houston, TX",29.5340161,-95.13376,114.0
2026-02-01,4899,Genesis of Conway,Conway,AR,72032,693,"Little Rock-Pine Bluff, AR",35.093494,-92.421864,114.0
2026-02-01,1531,Genesis of Manchester,Bedford,NH,03110,506,"Boston, MA-Manchester, NH",42.944374,-71.472789,113.0
2026-02-01,2157,Genesis of Suitland,Bowie,MD,20716,511,"Washington, DC (Hagerstown, MD)",38.9227402,-76.7179222,111.0
2026-02-01,53667,Genesis Of Cumming,Cumming,GA,30041,524,"Atlanta, GA",34.1439728,-84.1730152,110.0
2026-02-01,73353,Genesis of Annapolis,Annapolis,MD,21401,512,"Baltimore, MD",38.976603,-76.5095064,109.0
2026-02-01,94818,Genesis of Milwaukee,Waukesha,WI,53186,617,"Milwaukee, WI",43.0244944,-88.2038863,108.0
2026-02-01,1250,Genesis of New Orleans,Metairie,LA,70003,622,"New Orleans, LA",30.0058423,-90.2210481,108.0
2026-02-01,70671,Genesis of Owings Mills,Owings Mills,MD,21117,512,"Baltimore, MD",39.43549,-76.800636,108.0
2026-02-01,73041,Gettel Genesis of Sarasota,Sarasota,FL,34233,539,"Tampa-St Petersburg (Sarasota), FL",27.2695206,-82.4746827,108.0
2026-02-01,73795,Crown Genesis,St. Petersburg,FL,33714,539,"Tampa-St Petersburg (Sarasota), FL",27.8204635,-82.6786673,107.0
2026-02-01,9254,Genesis of Bloomington-Normal,Normal,IL,61761,675,"Peoria-Bloomington, IL",40.5165466,-88.9541909,106.0
2026-02-01,97787,Genesis Montgomery,Montgomery,AL,36106,698,"Montgomery (Selma), AL",32.3606235,-86.2242999,105.0
2026-02-01,61567,Genesis of Monroeville,Monroeville,PA,15146,508,"Pittsburgh, PA",40.4308948,-79.7170895,104.0
2026-02-01,69823,Genesis Of Charleston,Charleston,SC,29414,519,"Charleston, SC",32.7982545,-80.0859341,103.0
2026-02-01,62587,Genesis of Aurora,Aurora,IL,60504,602,"Chicago, IL",41.7515762,-88.213844,103.0
2026-02-01,71661,Allen Turner Genesis,Pensacola,FL,32505,686,"Mobile, AL-Pensacola (Ft. Walton Beach), FL",30.4750621,-87.247943,102.0
2026-02-01,2584,Genesis Of Norman,Norman,OK,73069,650,"Oklahoma City, OK",35.2248696,-97.4845549,102.0
2026-02-01,71829,Genesis of Chantilly,Chantilly,VA,20151,511,"Washington, DC (Hagerstown, MD)",38.903778,-77.4621301,101.0
2026-02-01,66836,Genesis of Peoria,Peoria,AZ,85382,753,"Phoenix, AZ",33.6372458,-112.2451079,101.0
2026-02-01,64037,Universal Genesis,Orlando,FL,32837,534,"Orlando-Daytona Beach-Melbourne, FL",28.3794594,-81.4033691,101.0
2026-02-01,71564,Clay Cooley Genesis of Mesquite,Mesquite,TX,75150,623,"Dallas-Ft. Worth, TX",32.8336891,-96.6306212,100.0
2026-02-01,70074,Genesis of Fort Myers,Fort Myers,FL,33907,571,"Ft. Myers-Naples, FL",26.596538,-81.8605256,100.0
2026-02-01,70052,Norm Reeves Genesis of Irving,Irving,TX,75062,623,"Dallas-Ft. Worth, TX",32.8360367,-96.921086,100.0
2026-02-01,73893,Genesis of Brunswick,South Brunswick Township,NJ,08852,501,"New York, NY",40.4111541,-74.5423003,99.0
2026-02-01,8947,Genesis of Wichita,Wichita,KS,67206,678,"Wichita-Hutchinson, KS",37.7055104,-97.2084739,99.0
2026-02-01,7375,Genesis of Bedford,Bedford,OH,44146,510,"Cleveland-Akron (Canton), OH",41.4061393,-81.5482726,98.0
2026-02-01,36882,Genesis of Virginia Beach,Virginia Beach,VA,23452,544,"Norfolk-Portsmouth-Newport News,VA",36.8356924,-76.0987758,98.0
2026-02-01,71052,Lakeland Genesis,Lakeland,FL,33815,539,"Tampa-St Petersburg (Sarasota), FL",28.054301,-81.9758413,98.0
2026-02-01,93460,Genesis of Portland,Portland,OR,97225,820,"Portland, OR",45.4962782,-122.7698208,96.0
2026-02-01,57353,Jenkins Genesis of North East Jacksonville,Jacksonville,FL,32225,561,"Jacksonville, FL",30.3253588,-81.5105439,95.0
2026-02-01,64003,Genesis of Bel Air,Fallston,MD,21047,512,"Baltimore, MD",39.5065574,-76.3858171,93.0
2026-02-01,100307,Genesis of Mountain View,Mountain View,CA,94040,807,"San Francisco-Oakland-San Jose, CA",37.4048603,-122.1093955,93.0
2026-02-01,69570,Genesis of Cary,Cary,NC,27511,560,"Raleigh-Durham (Fayetteville), NC",35.7384809,-78.8093998,92.0
2026-02-01,2687,Genesis of Parma,Parma,OH,44129,510,"Cleveland-Akron (Canton), OH",41.4180454,-81.7339114,90.0
2026-02-01,94705,Genesis of Ridgefield,Norwalk,CT,06851,501,"New York, NY",41.1261307,-73.4233158,90.0
2026-02-01,68945,Genesis of San Antonio East,San Antonio,TX,78233,641,"San Antonio, TX",29.5452956,-98.3688609,90.0
2026-02-01,11303,Genesis of Appleton,Appleton,WI,54913,658,"Green Bay-Appleton, WI",44.2887964,-88.4759736,88.0
2026-02-01,70573,Genesis of Gwinnett,Duluth,GA,30096,524,"Atlanta, GA",33.9606012,-84.1164625,86.0
2026-02-01,8533,Genesis North Orlando,Winter Park,FL,32789,534,"Orlando-Daytona Beach-Melbourne, FL",28.6088331,-81.3648614,85.0
2026-02-01,64426,Genesis of Algonquin,Algonquin,IL,60102,602,"Chicago, IL",42.1629985,-88.3344476,85.0
2026-02-01,81842,Genesis of West Warwick,West Warwick,RI,02893,521,"Providence, RI-New Bedford, MA",41.684535,-71.5014056,85.0
2026-02-01,68840,Genesis of Golden,Golden,CO,80401,751,"Denver, CO",39.730479,-105.1754951,84.0
2026-02-01,100501,Genesis Macon,Macon,GA,31210,503,"Macon, GA",32.8866204,-83.675043,83.0
2026-02-01,73042,Gettel Genesis of Lakewood,Bradenton,FL,34208,539,"Tampa-St Petersburg (Sarasota), FL",27.4953171,-82.4871204,83.0
2026-02-01,69931,Genesis of Commerce,West Bloomfield Township,MI,48322,505,"Detroit, MI",42.5607276,-83.4398789,81.0
2026-02-01,61240,Genesis of Palm Springs,Palm Springs,CA,92264,804,"Palm Springs, CA",33.7945577,-116.5032881,81.0
2026-02-01,69980,Genesis of Minneapolis,Golden Valley,MN,55426,613,"Minneapolis-St. Paul, MN",44.9724585,-93.3935748,80.0
2026-02-01,69737,Genesis of Richmond,Bon Air,VA,23235,556,"Richmond-Petersburg, VA",37.5013145,-77.5717929,80.0
2026-02-01,66747,Genesis Of Southfield,Southfield,MI,48034,505,"Detroit, MI",42.4941876,-83.2830437,78.0
2026-02-01,60611,Genesis of Huntsville,Huntsville,AL,35816,691,"Huntsville-Decatur (Florence), AL",34.7342382,-86.6214927,78.0
2026-02-01,94567,Genesis of Kansas City,Overland Park,KS,66204,616,"Kansas City, MO",38.9882713,-94.6681597,76.0
2026-02-01,72197,Genesis of Doylestown,Doylestown,PA,18902,504,"Philadelphia, PA",40.3335783,-75.1370158,75.0
2026-02-01,70835,Genesis of Tulsa,Tulsa,OK,74133,671,"Tulsa, OK",36.022119,-95.8852819,75.0
2026-02-01,69883,Genesis of North Plainfield,North Plainfield,NJ,07060,501,"New York, NY",40.6165806,-74.4551273,74.0
2026-02-01,10129,Genesis of Covington,Covington,LA,70433,622,"New Orleans, LA",30.4321,-90.0886416,73.0
2026-02-01,4571,Genesis of Nashua,Nashua,NH,03060,506,"Boston, MA-Manchester, NH",42.7272329,-71.4464946,73.0
2026-02-01,61239,Genesis of Central Florida,Clermont,FL,34711,534,"Orlando-Daytona Beach-Melbourne, FL",28.5478492,-81.6689649,72.0
2026-02-01,67522,Genesis of Wexford,Wexford,PA,15090,508,"Pittsburgh, PA",40.6143612,-80.0568103,72.0
2026-02-01,10916,Genesis of Louisville,Jeffersontown,KY,40299,529,"Louisville, KY",38.2125896,-85.5378392,70.0
2026-02-01,72695,Rick Case Genesis,Plantation,FL,33317,528,"Miami-Ft. Lauderdale, FL",26.1351086,-80.2031534,69.0
2026-02-01,61459,Genesis of Augusta,Augusta,GA,30907,520,"Augusta, GA",33.5157506,-82.0641493,67.0
2026-02-01,73383,Genesis of Newnan,Newnan,GA,30263,524,"Atlanta, GA",33.3980326,-84.751469,67.0
2026-02-01,9594,Genesis of Orange Park,Jacksonville,FL,32244,561,"Jacksonville, FL",30.2100757,-81.7391104,67.0
2026-02-01,72126,Genesis of Ocala,Ocala,FL,34471,534,"Orlando-Daytona Beach-Melbourne, FL",29.1773171,-82.1519073,65.0
2026-02-01,69382,Genesis of West Chester,West Chester,PA,19382,504,"Philadelphia, PA",39.9023291,-75.5655602,64.0
2026-02-01,52776,Genesis Of Macomb,Macomb,MI,48044,505,"Detroit, MI",42.6294783,-82.9318824,61.0
2026-02-01,36300,Delray Genesis,Delray Beach,FL,33483,548,"West Palm Beach-Ft. Pierce, FL",26.4720932,-80.0668508,59.0
2026-02-01,9530,Genesis of Brunswick,Brunswick,OH,44212,510,"Cleveland-Akron (Canton), OH",41.2391403,-81.7926475,58.0
2026-02-01,91019,Genesis of Hickory,Hickory,NC,28602,517,"Charlotte, NC",35.7151389,-81.3379647,58.0
2026-02-01,1691,Genesis of Fairfield,Fairfield,CT,06825,501,"New York, NY",41.1661525,-73.2298512,56.0
2026-02-01,83168,Genesis of Framingham,Framingham,MA,01702,506,"Boston, MA-Manchester, NH",42.2974046,-71.417428,56.0
2026-02-01,61515,Genesis Of Madison,Madison,WI,53713,669,"Madison, WI",43.0341872,-89.4116586,55.0
2026-02-01,9171,Genesis of Longview,Longview,TX,75605,709,"Tyler-Longview(Lufkin & Nacogdoches), TX",32.5633713,-94.7310184,55.0
2026-02-01,96075,Genesis of Smithtown,Saint James,NY,11780,501,"New York, NY",40.861595,-73.159573,54.0
2026-02-01,16023,Genesis of Baton Rouge,Baton Rouge,LA,70809,716,"Baton Rouge, LA",30.3805348,-91.0404825,52.0
2026-02-01,6832,Genesis of Denton,Denton,TX,76210,623,"Dallas-Ft. Worth, TX",33.1691755,-97.0819556,52.0
2026-02-01,69670,Rick Case Genesis Davie,Davie,FL,33331,528,"Miami-Ft. Lauderdale, FL",26.0758729,-80.3619504,52.0
2026-02-01,69757,Genesis of Wilkes-Barre,Wilkes-Barre,PA,18702,577,"Wilkes Barre-Scranton, PA",41.2549421,-75.8381435,51.0
2026-02-01,68961,Genesis of Hampton,Hampton,VA,23666,544,"Norfolk-Portsmouth-Newport News,VA",37.0619771,-76.4003949,49.0
2026-02-01,6292,Genesis of Harlingen,Harlingen,TX,78552,636,"Harlingen-Weslaco-Brownsville-McAllen, TX",26.1864793,-97.7753841,49.0
2026-02-01,68638,Genesis of Downtown Chicago,Chicago,IL,60616,602,"Chicago, IL",41.8442199,-87.6240557,48.0
2026-02-01,69447,King Genesis,Deerfield Beach,FL,33441,528,"Miami-Ft. Lauderdale, FL",26.29967,-80.0946749,48.0
2026-02-01,71500,Genesis of Waterloo,Waterloo,IA,50702,637,"Cedar Rapids-Waterloo-Iowa City & Dubuque, IA",42.4906379,-92.3401956,47.0
2026-02-01,71974,Genesis of Columbia,Columbia,SC,29203,546,"Columbia, SC",34.1430845,-80.9485594,46.0
2026-02-01,72712,Genesis of Roswell,Roswell,GA,30076,524,"Atlanta, GA",34.056201,-84.32906,46.0
2026-02-01,72341,Genesis of Auburn,Auburn,AL,36830,522,"Columbus, GA",32.6179594,-85.4635689,45.0
2026-02-01,4844,Genesis of Miami Lakes,Miami Lakes,FL,33014,528,"Miami-Ft. Lauderdale, FL",25.9235071,-80.3016669,45.0
2026-02-01,70876,Doral Genesis,Doral,FL,33172,528,"Miami-Ft. Lauderdale, FL",25.7843093,-80.3669404,44.0
2026-02-01,3536,Genesis of Rockville,North Bethesda,MD,20852,511,"Washington, DC (Hagerstown, MD)",39.0438363,-77.1107675,44.0
2026-02-01,8386,Genesis of Huntington,Huntington,NY,11743,501,"New York, NY",40.8332861,-73.3617156,42.0
2026-02-01,73481,Genesis of Kalamazoo,Kalamazoo,MI,49009,563,"Grand Rapids-Kalamazoo-Battle Creek, MI",42.2973176,-85.6584469,42.0
2026-02-01,61112,Homestead Genesis,Homestead,FL,33030,528,"Miami-Ft. Lauderdale, FL",25.4674062,-80.472177,41.0
2026-02-01,61127,Genesis of Hattiesburg,Hattiesburg,MS,39402,710,"Hattiesburg-Laurel, MS",31.3166979,-89.407095,40.0
2026-02-01,67547,Genesis of Ogden,Ogden,UT,84401,770,"Salt Lake City, UT",41.2030548,-111.9799594,40.0
2026-02-01,8750,Sid Dillon Genesis of Lincoln,Lincoln,NE,68512,722,"Lincoln & Hastings-Kearney, NE",40.7364094,-96.6846163,39.0
2026-02-01,5541,Genesis Glenview,Glenview,IL,60026,602,"Chicago, IL",42.1061877,-87.8216753,38.0
2026-02-01,2511,Genesis of Clearwater,Clearwater,FL,33761,539,"Tampa-St Petersburg (Sarasota), FL",28.0222085,-82.7380372,38.0
2026-02-01,68973,Genesis of Dublin,Dublin,CA,94568,807,"San Francisco-Oakland-San Jose, CA",37.7027037,-121.9030039,38.0
2026-02-01,73395,Genesis of Union City,Riverdale,GA,30274,524,"Atlanta, GA",33.5645576,-84.4132949,37.0
2026-02-01,69102,Orlando Genesis,Orlando,FL,32808,534,"Orlando-Daytona Beach-Melbourne, FL",28.5521196,-81.4309809,37.0
2026-02-01,96441,Genesis of Rocklin,Rocklin,CA,95677,862,"Sacramento-Stockton-Modesto, CA",38.7952904,-121.2164042,36.0
2026-02-01,69400,Genesis of Austin,Austin,TX,78745,635,"Austin, TX",30.2097044,-97.7566525,35.0
2026-02-01,42325,Genesis Memphis Covington Pike,Memphis,TN,38134,640,"Memphis, TN",35.1781733,-89.8953093,34.0
2026-02-01,64724,Genesis of Groveport,Groveport,OH,43125,535,"Columbus, OH",39.8895794,-82.8876146,34.0
2026-02-01,67498,Genesis of West Palm Beach,West Palm Beach,FL,33409,548,"West Palm Beach-Ft. Pierce, FL",26.7072233,-80.0873646,34.0
2026-02-01,69370,Genesis of Northampton,Northampton,MA,01060,543,"Springfield-Holyoke, MA",42.3359481,-72.6356287,33.0
2026-02-01,65171,Genesis of Selma,Selma,CA,93662,866,"Fresno-Visalia, CA",36.5705206,-119.6297571,33.0
2026-02-01,72560,Genesis of West Knoxville,Knoxville,TN,37923,557,"Knoxville, TN",35.9181977,-84.0733877,33.0
2026-02-01,69018,Genesis of Hickory Hollow,Nashville,TN,37211,659,"Nashville, TN",36.0456523,-86.7012321,32.0
2026-02-01,70290,Genesis of Greer,Greer,SC,29651,567,"Greenville-Spartanburg, SC-Asheville, NC-Anderson, SC",34.949924,-82.198468,31.0
2026-02-01,69677,Genesis of La Quinta,La Quinta,CA,92253,804,"Palm Springs, CA",33.7072313,-116.2852619,31.0
2026-02-01,69414,Genesis of Olive Branch,Olive Branch,MS,38654,640,"Memphis, TN",34.9790497,-89.8645852,31.0
2026-02-01,68812,Genesis of South Knoxville,Alcoa,TN,37701,557,"Knoxville, TN",35.8245636,-83.9755837,30.0
2026-02-01,648,Genesis of Calumet City,Calumet City,IL,60409,602,"Chicago, IL",41.6004518,-87.5734156,28.0
2026-02-01,68698,GENESIS OF BAYSIDE,Queens,NY,11361,501,"New York, NY",40.7573441,-73.7811612,26.0
2026-02-01,73397,Genesis of Daytona Beach,Daytona Beach,FL,32117,534,"Orlando-Daytona Beach-Melbourne, FL",29.2235952,-81.0481335,25.0
2026-02-01,3992,Genesis of New Bern,New Bern,NC,28560,545,"Greenville-New Bern-Washington, NC",35.0579658,-77.0170433,25.0
2026-02-01,49527,Genesis of Urbana,Urbana,IL,61802,648,"Champaign & Springfield-Decatur,IL",40.1386655,-88.1960739,25.0
2026-02-01,3110,Genesis of South St. Louis County,St. Louis,MO,63123,609,"St. Louis, MO",38.521476,-90.3450902,24.0
2026-02-01,3152,Genesis of St. Cloud,Waite Park,MN,56387,613,"Minneapolis-St. Paul, MN",45.5485676,-94.2285831,24.0
2026-02-01,70356,Hampton Genesis,Fort Walton Beach,FL,32548,686,"Mobile, AL-Pensacola (Ft. Walton Beach), FL",30.4123712,-86.6281688,24.0
2026-02-01,71271,Genesis of Cartersville,Cartersville,GA,30120,524,"Atlanta, GA",34.1915656,-84.7876903,23.0
2026-02-01,69498,Genesis of Eastern Shore,Daphne,AL,36526,686,"Mobile, AL-Pensacola (Ft. Walton Beach), FL",30.6607867,-87.8567477,19.0
2026-02-01,99817,Genesis Ring 1,Derwood,MD,20855,511,"Washington, DC (Hagerstown, MD)",39.10844,-77.1511615,18.0
2026-02-01,61176,Headquarter Genesis,Lake Mary,FL,32746,534,"Orlando-Daytona Beach-Melbourne, FL",28.7885443,-81.3466546,18.0
2026-02-01,73375,Genesis of Melbourne,Melbourne,FL,32901,534,"Orlando-Daytona Beach-Melbourne, FL",28.0781199,-80.6372008,17.0
2026-02-01,70200,Genesis of Chattanooga,Chattanooga,TN,37421,575,"Chattanooga, TN",35.0602866,-85.1922179,16.0
2026-02-01,69409,Genesis of Richmond,Richmond,CA,94806,807,"San Francisco-Oakland-San Jose, CA",37.9857273,-122.3202802,16.0
2026-02-01,793,Genesis of Hazelwood,Hazelwood,MO,63042,609,"St. Louis, MO",38.7811015,-90.3650463,14.0
2026-02-01,12744,Genesis of Ballwin,Ballwin,MO,63011,609,"St. Louis, MO",38.5925561,-90.5337953,13.0
2026-02-01,61196,Genesis of Arlington,Arlington,MA,02476,506,"Boston, MA-Manchester, NH",42.4232377,-71.1738841,10.0
2026-02-01,61156,Genesis of Mattoon,Mattoon,IL,61938,648,"Champaign & Springfield-Decatur,IL",39.4823346,-88.3786268,9.0
2026-02-01,69701,Genesis of Victorville,Victorville,CA,92392,803,"Los Angeles, CA",34.5060794,-117.3405032,8.0
2026-02-01,84406,Genesis at Long of Chattanooga,Chattanooga,TN,37421,575,"Chattanooga, TN",35.059805,-85.190767,7.0
2026-02-01,83639,Napleton Maserati of Indianapolis,Indianapolis,IN,46240,527,"Indianapolis, IN",39.9276857,-86.0978814,7.0
2026-02-01,69375,Genesis of Hilton Head,Bluffton,SC,29910,507,"Savannah, GA",32.2898537,-80.9132918,3.0
2026-02-01,100081,Spicer's Boat City,Houghton Lake,MI,48629,540,"Traverse City-Cadillac, MI",44.2970658,-84.7217605,1.0
2026-03-01,61186,Braman Genesis,Miami,FL,33137,528,"Miami-Ft. Lauderdale, FL",25.7954893,-80.1910373,689.0
2026-03-01,73396,Genesis of Cherry Hill,Evesham,NJ,08053,504,"Philadelphia, PA",39.8831146,-74.9226358,426.0
2026-03-01,73840,Genesis of Braintree,Quincy,MA,02169,506,"Boston, MA-Manchester, NH",42.2364548,-70.9785026,371.0
2026-03-01,29179,Genesis of White Plains,White Plains,NY,10606,501,"New York, NY",41.0350081,-73.7836873,344.0
2026-03-01,64605,Genesis of South Bay,Torrance,CA,90505,803,"Los Angeles, CA",33.7991718,-118.3411724,326.0
2026-03-01,72010,Genesis of Charlotte,Charlotte,NC,28227,517,"Charlotte, NC",35.1428872,-80.7216186,316.0
2026-03-01,69264,Genesis of Naples,Naples,FL,34109,571,"Ft. Myers-Naples, FL",26.2279083,-81.7660554,287.0
2026-03-01,70287,Genesis of St. Charles,St. Peters,MO,63376,609,"St. Louis, MO",38.7975346,-90.5978187,264.0
2026-03-01,72517,Genesis of Loma Linda,Ontario,CA,91764,803,"Los Angeles, CA",34.0699402,-117.6059991,258.0
2026-03-01,7692,Genesis of The South Shore,West Islip,NY,11795,501,"New York, NY",40.7207062,-73.3044797,257.0
2026-03-01,71490,Genesis of West Houston,Houston,TX,77094,618,"Houston, TX",29.7836158,-95.673582,245.0
2026-03-01,28092,Genesis of Las Vegas,Las Vegas,NV,89117,839,"Las Vegas, NV",36.1449418,-115.2489832,236.0
2026-03-01,3156,Genesis of Schaumburg,Schaumburg,IL,60173,602,"Chicago, IL",42.0509027,-88.053118,233.0
2026-03-01,7006,Genesis of Atlanta,Atlanta,GA,30341,524,"Atlanta, GA",33.9080158,-84.2909986,224.0
2026-03-01,73680,Genesis of Wayne,Wayne,NJ,07470,501,"New York, NY",40.948967,-74.276307,223.0
2026-03-01,3102,Genesis of Alexandria,Alexandria,VA,22301,511,"Washington, DC (Hagerstown, MD)",38.8213866,-77.0576309,217.0
2026-03-01,96938,Genesis of North Cincinnati,Cincinnati,OH,45249,515,"Cincinnati, OH",39.2926575,-84.3036044,216.0
2026-03-01,62585,Genesis of the North Shore,Hicksville,NY,11801,501,"New York, NY",40.7702089,-73.5027249,214.0
2026-03-01,94375,Castle Genesis of Downers Grove,Oakbrook Terrace,IL,60181,602,"Chicago, IL",41.8582742,-87.9545485,210.0
2026-03-01,2734,Genesis of Carmel,Indianapolis,IN,46240,527,"Indianapolis, IN",39.9293455,-86.0966346,204.0
2026-03-01,9004,Genesis of Littleton,Englewood,CO,80113,751,"Denver, CO",39.6200977,-104.9885845,204.0
2026-03-01,73389,Genesis of Freehold,Freehold,NJ,07728,501,"New York, NY",40.2641336,-74.2924834,198.0
2026-03-01,62609,Norm Reeves Genesis of Cerritos,Cerritos,CA,90703,803,"Los Angeles, CA",33.8662378,-118.1015234,194.0
2026-03-01,9001,Genesis of Chandler,Chandler,AZ,85286,753,"Phoenix, AZ",33.2846933,-111.7910889,191.0
2026-03-01,4941,Genesis of Conshohocken,Conshohocken,PA,19428,504,"Philadelphia, PA",40.1028837,-75.3064312,189.0
2026-03-01,4919,Genesis of North Aurora,North Aurora,IL,60542,602,"Chicago, IL",41.80082,-88.3739138,187.0
2026-03-01,6767,Tuttle-Click Genesis,Irvine,CA,92618,803,"Los Angeles, CA",33.6342181,-117.7233823,186.0
2026-03-01,26003,Genesis of Elgin,Elgin,IL,60120,602,"Chicago, IL",42.0317119,-88.2445971,183.0
2026-03-01,52440,Genesis of Mentor,Mentor,OH,44060,510,"Cleveland-Akron (Canton), OH",41.6834521,-81.3348422,182.0
2026-03-01,4457,Genesis of Spring,Spring,TX,77373,618,"Houston, TX",30.0627988,-95.4322263,177.0
2026-03-01,71992,Genesis of Brooklyn,Brooklyn,NY,11232,501,"New York, NY",40.6571085,-74.014405,174.0
2026-03-01,62581,Genesis Santa Monica,Santa Monica,CA,90404,803,"Los Angeles, CA",34.03227,-118.4751279,171.0
2026-03-01,57975,Genesis of Kennesaw,Kennesaw,GA,30144,524,"Atlanta, GA",34.0233261,-84.5734338,171.0
2026-03-01,10212,Genesis of Edmond,Edmond,OK,73013,650,"Oklahoma City, OK",35.6128747,-97.4967472,169.0
2026-03-01,66836,Genesis of Peoria,Peoria,AZ,85382,753,"Phoenix, AZ",33.6372458,-112.2451079,166.0
2026-03-01,98536,Galpin Genesis of Van Nuys,Los Angeles,CA,91406,803,"Los Angeles, CA",34.2209833,-118.4687863,165.0
2026-03-01,67653,Genesis of Corona,Corona,CA,92882,803,"Los Angeles, CA",33.882918,-117.6138489,165.0
2026-03-01,97787,Genesis Montgomery,Montgomery,AL,36106,698,"Montgomery (Selma), AL",32.3606235,-86.2242999,164.0
2026-03-01,72673,Earnhardt Genesis North Scottsdale,Scottsdale,AZ,85260,753,"Phoenix, AZ",33.631299,-111.8982196,163.0
2026-03-01,12986,Genesis of Buffalo,Williamsville,NY,14221,514,"Buffalo, NY",42.960953,-78.691081,160.0
2026-03-01,73379,Genesis of Milford,Milford,CT,06460,533,"Hartford & New Haven, CT",41.2076083,-73.0884209,158.0
2026-03-01,73041,Gettel Genesis of Sarasota,Sarasota,FL,34233,539,"Tampa-St Petersburg (Sarasota), FL",27.2695206,-82.4746827,157.0
2026-03-01,6996,Genesis of Lafayette,Lafayette,LA,70506,642,"Lafayette, LA",30.1552098,-92.0910284,156.0
2026-03-01,61277,Genesis of New Hudson,New Hudson,MI,48165,505,"Detroit, MI",42.5161168,-83.609054,148.0
2026-03-01,70631,Genesis of Lake Norman,Cornelius,NC,28031,517,"Charlotte, NC",35.467345,-80.872696,146.0
2026-03-01,1393,Genesis of Plano,Plano,TX,75093,623,"Dallas-Ft. Worth, TX",33.0102218,-96.7668456,146.0
2026-03-01,99734,Genesis of Tampa,Tampa,FL,33613,539,"Tampa-St Petersburg (Sarasota), FL",28.0872094,-82.4521026,146.0
2026-03-01,2525,Genesis of Cool Springs,Franklin,TN,37067,659,"Nashville, TN",35.9580609,-86.8090467,145.0
2026-03-01,70696,Genesis of Round Rock,Round Rock,TX,78665,635,"Austin, TX",30.5322484,-97.6891408,145.0
2026-03-01,64037,Universal Genesis,Orlando,FL,32837,534,"Orlando-Daytona Beach-Melbourne, FL",28.3794594,-81.4033691,142.0
2026-03-01,73682,Wallace Genesis,Stuart,FL,34997,548,"West Palm Beach-Ft. Pierce, FL",27.1605832,-80.2229084,141.0
2026-03-01,1531,Genesis of Manchester,Bedford,NH,03110,506,"Boston, MA-Manchester, NH",42.944374,-71.472789,139.0
2026-03-01,61326,Genesis of Denville,Denville,NJ,07834,501,"New York, NY",40.8681668,-74.5137571,138.0
2026-03-01,67536,Genesis of Omaha,Omaha,NE,68118,652,"Omaha, NE",41.2639237,-96.1858719,137.0
2026-03-01,68783,Coconut Creek Genesis,Coconut Creek,FL,33073,528,"Miami-Ft. Lauderdale, FL",26.2914037,-80.2009677,135.0
2026-03-01,69570,Genesis of Cary,Cary,NC,27511,560,"Raleigh-Durham (Fayetteville), NC",35.7384809,-78.8093998,134.0
2026-03-01,3566,Genesis of Highland Park,Highland Park,IL,60035,602,"Chicago, IL",42.1609423,-87.8081446,134.0
2026-03-01,94818,Genesis of Milwaukee,Waukesha,WI,53186,617,"Milwaukee, WI",43.0244944,-88.2038863,132.0
2026-03-01,67535,Genesis of Wolfchase,Memphis,TN,38133,640,"Memphis, TN",35.2032351,-89.8071642,132.0
2026-03-01,71985,Genesis of Columbus,Columbus,OH,43230,535,"Columbus, OH",40.0598318,-82.9433206,131.0
2026-03-01,17853,Genesis of Winston-Salem,Winston-Salem,NC,27127,518,"Greensboro-High Point-Winston Salem, NC",36.0674142,-80.2606633,131.0
2026-03-01,98745,Genesis of Danvers,Danvers,MA,01923,506,"Boston, MA-Manchester, NH",42.5595013,-70.9786915,128.0
2026-03-01,68256,Genesis of Lexington,Lexington,KY,40509,541,"Lexington, KY",37.9960356,-84.441848,128.0
2026-03-01,69032,Genesis Of NW San Antonio,Boerne,TX,78006,641,"San Antonio, TX",29.6844593,-98.6411438,127.0
2026-03-01,99924,Genesis of Avon,Simsbury,CT,06092,533,"Hartford & New Haven, CT",41.8203914,-72.8690454,127.0
2026-03-01,70671,Genesis of Owings Mills,Owings Mills,MD,21117,512,"Baltimore, MD",39.43549,-76.800636,126.0
2026-03-01,61217,Genesis of Weatherford,Hudson Oaks,TX,76087,623,"Dallas-Ft. Worth, TX",32.7558051,-97.6929673,125.0
2026-03-01,4349,Jenkins Genesis of Leesburg,Leesburg,FL,34788,534,"Orlando-Daytona Beach-Melbourne, FL",28.8228437,-81.7874886,120.0
2026-03-01,4899,Genesis of Conway,Conway,AR,72032,693,"Little Rock-Pine Bluff, AR",35.093494,-92.421864,119.0
2026-03-01,70093,Genesis of Merrillville,Merrillville,IN,46410,602,"Chicago, IL",41.4717832,-87.3480253,119.0
2026-03-01,65747,Genesis Of Clear Lake,Webster,TX,77598,618,"Houston, TX",29.5340161,-95.13376,116.0
2026-03-01,71661,Allen Turner Genesis,Pensacola,FL,32505,686,"Mobile, AL-Pensacola (Ft. Walton Beach), FL",30.4750621,-87.247943,112.0
2026-03-01,94705,Genesis of Ridgefield,Norwalk,CT,06851,501,"New York, NY",41.1261307,-73.4233158,111.0
2026-03-01,81842,Genesis of West Warwick,West Warwick,RI,02893,521,"Providence, RI-New Bedford, MA",41.684535,-71.5014056,111.0
2026-03-01,10409,Genesis of Southwest Houston,Houston,TX,77074,618,"Houston, TX",29.6691333,-95.5474174,110.0
2026-03-01,70835,Genesis of Tulsa,Tulsa,OK,74133,671,"Tulsa, OK",36.022119,-95.8852819,110.0
2026-03-01,8947,Genesis of Wichita,Wichita,KS,67206,678,"Wichita-Hutchinson, KS",37.7055104,-97.2084739,109.0
2026-03-01,72695,Rick Case Genesis,Plantation,FL,33317,528,"Miami-Ft. Lauderdale, FL",26.1351086,-80.2031534,108.0
2026-03-01,71564,Clay Cooley Genesis of Mesquite,Mesquite,TX,75150,623,"Dallas-Ft. Worth, TX",32.8336891,-96.6306212,106.0
2026-03-01,62587,Genesis of Aurora,Aurora,IL,60504,602,"Chicago, IL",41.7515762,-88.213844,106.0
2026-03-01,71052,Lakeland Genesis,Lakeland,FL,33815,539,"Tampa-St Petersburg (Sarasota), FL",28.054301,-81.9758413,106.0
2026-03-01,71829,Genesis of Chantilly,Chantilly,VA,20151,511,"Washington, DC (Hagerstown, MD)",38.903778,-77.4621301,104.0
2026-03-01,64003,Genesis of Bel Air,Fallston,MD,21047,512,"Baltimore, MD",39.5065574,-76.3858171,103.0
2026-03-01,93460,Genesis of Portland,Portland,OR,97225,820,"Portland, OR",45.4962782,-122.7698208,103.0
2026-03-01,36882,Genesis of Virginia Beach,Virginia Beach,VA,23452,544,"Norfolk-Portsmouth-Newport News,VA",36.8356924,-76.0987758,103.0
2026-03-01,57353,Jenkins Genesis of North East Jacksonville,Jacksonville,FL,32225,561,"Jacksonville, FL",30.3253588,-81.5105439,103.0
2026-03-01,91447,Genesis of Albany,Albany,NY,12205,532,"Albany-Schenectady-Troy, NY",42.7296031,-73.8529553,101.0
2026-03-01,69062,Genesis of Lindon,Lindon,UT,84042,770,"Salt Lake City, UT",40.3293405,-111.7338433,101.0
2026-03-01,61567,Genesis of Monroeville,Monroeville,PA,15146,508,"Pittsburgh, PA",40.4308948,-79.7170895,100.0
2026-03-01,2157,Genesis of Suitland,Bowie,MD,20716,511,"Washington, DC (Hagerstown, MD)",38.9227402,-76.7179222,100.0
2026-03-01,74040,Genesis of San Bruno,San Bruno,CA,94066,807,"San Francisco-Oakland-San Jose, CA",37.6372585,-122.419091,99.0
2026-03-01,1130,Genesis of Kirkland,Kirkland,WA,98034,819,"Seattle-Tacoma, WA",47.7072771,-122.1748634,98.0
2026-03-01,1250,Genesis of New Orleans,Metairie,LA,70003,622,"New Orleans, LA",30.0058423,-90.2210481,98.0
2026-03-01,72126,Genesis of Ocala,Ocala,FL,34471,534,"Orlando-Daytona Beach-Melbourne, FL",29.1773171,-82.1519073,98.0
2026-03-01,68945,Genesis of San Antonio East,San Antonio,TX,78233,641,"San Antonio, TX",29.5452956,-98.3688609,98.0
2026-03-01,2584,Genesis Of Norman,Norman,OK,73069,650,"Oklahoma City, OK",35.2248696,-97.4845549,97.0
2026-03-01,70052,Norm Reeves Genesis of Irving,Irving,TX,75062,623,"Dallas-Ft. Worth, TX",32.8360367,-96.921086,96.0
2026-03-01,69823,Genesis Of Charleston,Charleston,SC,29414,519,"Charleston, SC",32.7982545,-80.0859341,95.0
2026-03-01,53667,Genesis Of Cumming,Cumming,GA,30041,524,"Atlanta, GA",34.1439728,-84.1730152,94.0
2026-03-01,70074,Genesis of Fort Myers,Fort Myers,FL,33907,571,"Ft. Myers-Naples, FL",26.596538,-81.8605256,93.0
2026-03-01,70573,Genesis of Gwinnett,Duluth,GA,30096,524,"Atlanta, GA",33.9606012,-84.1164625,93.0
2026-03-01,69883,Genesis of North Plainfield,North Plainfield,NJ,07060,501,"New York, NY",40.6165806,-74.4551273,93.0
2026-03-01,98517,Benzel-Busch Family of Dealerships,Secaucus,NJ,07094,501,"New York, NY",40.7889968,-74.0519873,89.0
2026-03-01,2687,Genesis of Parma,Parma,OH,44129,510,"Cleveland-Akron (Canton), OH",41.4180454,-81.7339114,89.0
2026-03-01,73353,Genesis of Annapolis,Annapolis,MD,21401,512,"Baltimore, MD",38.976603,-76.5095064,88.0
2026-03-01,9254,Genesis of Bloomington-Normal,Normal,IL,61761,675,"Peoria-Bloomington, IL",40.5165466,-88.9541909,87.0
2026-03-01,100529,Genesis of San Diego,San Diego,CA,92111,825,"San Diego, CA",32.8306319,-117.1434333,87.0
2026-03-01,68840,Genesis of Golden,Golden,CO,80401,751,"Denver, CO",39.730479,-105.1754951,86.0
2026-03-01,8533,Genesis North Orlando,Winter Park,FL,32789,534,"Orlando-Daytona Beach-Melbourne, FL",28.6088331,-81.3648614,84.0
2026-03-01,73893,Genesis of Brunswick,South Brunswick Township,NJ,08852,501,"New York, NY",40.4111541,-74.5423003,84.0
2026-03-01,69931,Genesis of Commerce,West Bloomfield Township,MI,48322,505,"Detroit, MI",42.5607276,-83.4398789,84.0
2026-03-01,72197,Genesis of Doylestown,Doylestown,PA,18902,504,"Philadelphia, PA",40.3335783,-75.1370158,84.0
2026-03-01,73795,Crown Genesis,St. Petersburg,FL,33714,539,"Tampa-St Petersburg (Sarasota), FL",27.8204635,-82.6786673,82.0
2026-03-01,73042,Gettel Genesis of Lakewood,Bradenton,FL,34208,539,"Tampa-St Petersburg (Sarasota), FL",27.4953171,-82.4871204,82.0
2026-03-01,61240,Genesis of Palm Springs,Palm Springs,CA,92264,804,"Palm Springs, CA",33.7945577,-116.5032881,80.0
2026-03-01,69670,Rick Case Genesis Davie,Davie,FL,33331,528,"Miami-Ft. Lauderdale, FL",26.0758729,-80.3619504,80.0
2026-03-01,7375,Genesis of Bedford,Bedford,OH,44146,510,"Cleveland-Akron (Canton), OH",41.4061393,-81.5482726,79.0
2026-03-01,94567,Genesis of Kansas City,Overland Park,KS,66204,616,"Kansas City, MO",38.9882713,-94.6681597,79.0
2026-03-01,10916,Genesis of Louisville,Jeffersontown,KY,40299,529,"Louisville, KY",38.2125896,-85.5378392,79.0
2026-03-01,66747,Genesis Of Southfield,Southfield,MI,48034,505,"Detroit, MI",42.4941876,-83.2830437,77.0
2026-03-01,61284,Genesis of Springfield,Springfield,VA,22150,511,"Washington, DC (Hagerstown, MD)",38.7503466,-77.1828597,77.0
2026-03-01,69382,Genesis of West Chester,West Chester,PA,19382,504,"Philadelphia, PA",39.9023291,-75.5655602,77.0
2026-03-01,10129,Genesis of Covington,Covington,LA,70433,622,"New Orleans, LA",30.4321,-90.0886416,75.0
2026-03-01,69980,Genesis of Minneapolis,Golden Valley,MN,55426,613,"Minneapolis-St. Paul, MN",44.9724585,-93.3935748,74.0
2026-03-01,64426,Genesis of Algonquin,Algonquin,IL,60102,602,"Chicago, IL",42.1629985,-88.3344476,73.0
2026-03-01,4571,Genesis of Nashua,Nashua,NH,03060,506,"Boston, MA-Manchester, NH",42.7272329,-71.4464946,73.0
2026-03-01,100501,Genesis Macon,Macon,GA,31210,503,"Macon, GA",32.8866204,-83.675043,72.0
2026-03-01,11303,Genesis of Appleton,Appleton,WI,54913,658,"Green Bay-Appleton, WI",44.2887964,-88.4759736,71.0
2026-03-01,69375,Genesis of Hilton Head,Bluffton,SC,29910,507,"Savannah, GA",32.2898537,-80.9132918,70.0
2026-03-01,67522,Genesis of Wexford,Wexford,PA,15090,508,"Pittsburgh, PA",40.6143612,-80.0568103,67.0
2026-03-01,96075,Genesis of Smithtown,Saint James,NY,11780,501,"New York, NY",40.861595,-73.159573,65.0
2026-03-01,69737,Genesis of Richmond,Bon Air,VA,23235,556,"Richmond-Petersburg, VA",37.5013145,-77.5717929,64.0
2026-03-01,61459,Genesis of Augusta,Augusta,GA,30907,520,"Augusta, GA",33.5157506,-82.0641493,63.0
2026-03-01,1691,Genesis of Fairfield,Fairfield,CT,06825,501,"New York, NY",41.1661525,-73.2298512,63.0
2026-03-01,73383,Genesis of Newnan,Newnan,GA,30263,524,"Atlanta, GA",33.3980326,-84.751469,62.0
2026-03-01,9594,Genesis of Orange Park,Jacksonville,FL,32244,561,"Jacksonville, FL",30.2100757,-81.7391104,62.0
2026-03-01,69447,King Genesis,Deerfield Beach,FL,33441,528,"Miami-Ft. Lauderdale, FL",26.29967,-80.0946749,62.0
2026-03-01,61239,Genesis of Central Florida,Clermont,FL,34711,534,"Orlando-Daytona Beach-Melbourne, FL",28.5478492,-81.6689649,61.0
2026-03-01,70290,Genesis of Greer,Greer,SC,29651,567,"Greenville-Spartanburg, SC-Asheville, NC-Anderson, SC",34.949924,-82.198468,61.0
2026-03-01,91019,Genesis of Hickory,Hickory,NC,28602,517,"Charlotte, NC",35.7151389,-81.3379647,59.0
2026-03-01,16023,Genesis of Baton Rouge,Baton Rouge,LA,70809,716,"Baton Rouge, LA",30.3805348,-91.0404825,58.0
2026-03-01,83168,Genesis of Framingham,Framingham,MA,01702,506,"Boston, MA-Manchester, NH",42.2974046,-71.417428,58.0
2026-03-01,68961,Genesis of Hampton,Hampton,VA,23666,544,"Norfolk-Portsmouth-Newport News,VA",37.0619771,-76.4003949,57.0
2026-03-01,60611,Genesis of Huntsville,Huntsville,AL,35816,691,"Huntsville-Decatur (Florence), AL",34.7342382,-86.6214927,54.0
2026-03-01,3536,Genesis of Rockville,North Bethesda,MD,20852,511,"Washington, DC (Hagerstown, MD)",39.0438363,-77.1107675,54.0
2026-03-01,9530,Genesis of Brunswick,Brunswick,OH,44212,510,"Cleveland-Akron (Canton), OH",41.2391403,-81.7926475,53.0
2026-03-01,68638,Genesis of Downtown Chicago,Chicago,IL,60616,602,"Chicago, IL",41.8442199,-87.6240557,52.0
2026-03-01,100307,Genesis of Mountain View,Mountain View,CA,94040,807,"San Francisco-Oakland-San Jose, CA",37.4048603,-122.1093955,52.0
2026-03-01,73395,Genesis of Union City,Riverdale,GA,30274,524,"Atlanta, GA",33.5645576,-84.4132949,51.0
2026-03-01,61515,Genesis Of Madison,Madison,WI,53713,669,"Madison, WI",43.0341872,-89.4116586,50.0
2026-03-01,6292,Genesis of Harlingen,Harlingen,TX,78552,636,"Harlingen-Weslaco-Brownsville-McAllen, TX",26.1864793,-97.7753841,50.0
2026-03-01,9171,Genesis of Longview,Longview,TX,75605,709,"Tyler-Longview(Lufkin & Nacogdoches), TX",32.5633713,-94.7310184,50.0
2026-03-01,6832,Genesis of Denton,Denton,TX,76210,623,"Dallas-Ft. Worth, TX",33.1691755,-97.0819556,47.0
2026-03-01,8386,Genesis of Huntington,Huntington,NY,11743,501,"New York, NY",40.8332861,-73.3617156,46.0
2026-03-01,69757,Genesis of Wilkes-Barre,Wilkes-Barre,PA,18702,577,"Wilkes Barre-Scranton, PA",41.2549421,-75.8381435,46.0
2026-03-01,69102,Orlando Genesis,Orlando,FL,32808,534,"Orlando-Daytona Beach-Melbourne, FL",28.5521196,-81.4309809,45.0
2026-03-01,71500,Genesis of Waterloo,Waterloo,IA,50702,637,"Cedar Rapids-Waterloo-Iowa City & Dubuque, IA",42.4906379,-92.3401956,44.0
2026-03-01,72560,Genesis of West Knoxville,Knoxville,TN,37923,557,"Knoxville, TN",35.9181977,-84.0733877,44.0
2026-03-01,52776,Genesis Of Macomb,Macomb,MI,48044,505,"Detroit, MI",42.6294783,-82.9318824,43.0
2026-03-01,72712,Genesis of Roswell,Roswell,GA,30076,524,"Atlanta, GA",34.056201,-84.32906,43.0
2026-03-01,72341,Genesis of Auburn,Auburn,AL,36830,522,"Columbus, GA",32.6179594,-85.4635689,42.0
2026-03-01,73481,Genesis of Kalamazoo,Kalamazoo,MI,49009,563,"Grand Rapids-Kalamazoo-Battle Creek, MI",42.2973176,-85.6584469,42.0
2026-03-01,36300,Delray Genesis,Delray Beach,FL,33483,548,"West Palm Beach-Ft. Pierce, FL",26.4720932,-80.0668508,40.0
2026-03-01,61127,Genesis of Hattiesburg,Hattiesburg,MS,39402,710,"Hattiesburg-Laurel, MS",31.3166979,-89.407095,40.0
2026-03-01,8750,Sid Dillon Genesis of Lincoln,Lincoln,NE,68512,722,"Lincoln & Hastings-Kearney, NE",40.7364094,-96.6846163,39.0
2026-03-01,61112,Homestead Genesis,Homestead,FL,33030,528,"Miami-Ft. Lauderdale, FL",25.4674062,-80.472177,38.0
2026-03-01,2511,Genesis of Clearwater,Clearwater,FL,33761,539,"Tampa-St Petersburg (Sarasota), FL",28.0222085,-82.7380372,37.0
2026-03-01,4844,Genesis of Miami Lakes,Miami Lakes,FL,33014,528,"Miami-Ft. Lauderdale, FL",25.9235071,-80.3016669,37.0
2026-03-01,69414,Genesis of Olive Branch,Olive Branch,MS,38654,640,"Memphis, TN",34.9790497,-89.8645852,36.0
2026-03-01,71974,Genesis of Columbia,Columbia,SC,29203,546,"Columbia, SC",34.1430845,-80.9485594,35.0
2026-03-01,68973,Genesis of Dublin,Dublin,CA,94568,807,"San Francisco-Oakland-San Jose, CA",37.7027037,-121.9030039,35.0
2026-03-01,65171,Genesis of Selma,Selma,CA,93662,866,"Fresno-Visalia, CA",36.5705206,-119.6297571,35.0
2026-03-01,5541,Genesis Glenview,Glenview,IL,60026,602,"Chicago, IL",42.1061877,-87.8216753,34.0
2026-03-01,67547,Genesis of Ogden,Ogden,UT,84401,770,"Salt Lake City, UT",41.2030548,-111.9799594,34.0
2026-03-01,69498,Genesis of Eastern Shore,Daphne,AL,36526,686,"Mobile, AL-Pensacola (Ft. Walton Beach), FL",30.6607867,-87.8567477,33.0
2026-03-01,64724,Genesis of Groveport,Groveport,OH,43125,535,"Columbus, OH",39.8895794,-82.8876146,33.0
2026-03-01,69370,Genesis of Northampton,Northampton,MA,01060,543,"Springfield-Holyoke, MA",42.3359481,-72.6356287,33.0
2026-03-01,42325,Genesis Memphis Covington Pike,Memphis,TN,38134,640,"Memphis, TN",35.1781733,-89.8953093,32.0
2026-03-01,648,Genesis of Calumet City,Calumet City,IL,60409,602,"Chicago, IL",41.6004518,-87.5734156,31.0
2026-03-01,61176,Headquarter Genesis,Lake Mary,FL,32746,534,"Orlando-Daytona Beach-Melbourne, FL",28.7885443,-81.3466546,31.0
2026-03-01,69018,Genesis of Hickory Hollow,Nashville,TN,37211,659,"Nashville, TN",36.0456523,-86.7012321,30.0
2026-03-01,69677,Genesis of La Quinta,La Quinta,CA,92253,804,"Palm Springs, CA",33.7072313,-116.2852619,26.0
2026-03-01,70356,Hampton Genesis,Fort Walton Beach,FL,32548,686,"Mobile, AL-Pensacola (Ft. Walton Beach), FL",30.4123712,-86.6281688,24.0
2026-03-01,70876,Doral Genesis,Doral,FL,33172,528,"Miami-Ft. Lauderdale, FL",25.7843093,-80.3669404,23.0
2026-03-01,68812,Genesis of South Knoxville,Alcoa,TN,37701,557,"Knoxville, TN",35.8245636,-83.9755837,23.0
2026-03-01,70200,Genesis of Chattanooga,Chattanooga,TN,37421,575,"Chattanooga, TN",35.0602866,-85.1922179,21.0
2026-03-01,73375,Genesis of Melbourne,Melbourne,FL,32901,534,"Orlando-Daytona Beach-Melbourne, FL",28.0781199,-80.6372008,21.0
2026-03-01,71271,Genesis of Cartersville,Cartersville,GA,30120,524,"Atlanta, GA",34.1915656,-84.7876903,20.0
2026-03-01,73397,Genesis of Daytona Beach,Daytona Beach,FL,32117,534,"Orlando-Daytona Beach-Melbourne, FL",29.2235952,-81.0481335,20.0
2026-03-01,3152,Genesis of St. Cloud,Waite Park,MN,56387,613,"Minneapolis-St. Paul, MN",45.5485676,-94.2285831,18.0
2026-03-01,49527,Genesis of Urbana,Urbana,IL,61802,648,"Champaign & Springfield-Decatur,IL",40.1386655,-88.1960739,18.0
2026-03-01,69409,Genesis of Richmond,Richmond,CA,94806,807,"San Francisco-Oakland-San Jose, CA",37.9857273,-122.3202802,17.0
2026-03-01,3992,Genesis of New Bern,New Bern,NC,28560,545,"Greenville-New Bern-Washington, NC",35.0579658,-77.0170433,15.0
2026-03-01,68698,GENESIS OF BAYSIDE,Queens,NY,11361,501,"New York, NY",40.7573441,-73.7811612,14.0
2026-03-01,67498,Genesis of West Palm Beach,West Palm Beach,FL,33409,548,"West Palm Beach-Ft. Pierce, FL",26.7072233,-80.0873646,13.0
2026-03-01,793,Genesis of Hazelwood,Hazelwood,MO,63042,609,"St. Louis, MO",38.7811015,-90.3650463,10.0
2026-03-01,99817,Genesis Ring 1,Derwood,MD,20855,511,"Washington, DC (Hagerstown, MD)",39.10844,-77.1511615,8.0
2026-03-01,61156,Genesis of Mattoon,Mattoon,IL,61938,648,"Champaign & Springfield-Decatur,IL",39.4823346,-88.3786268,6.0
2026-03-01,69701,Genesis of Victorville,Victorville,CA,92392,803,"Los Angeles, CA",34.5060794,-117.3405032,6.0
2026-03-01,84406,Genesis at Long of Chattanooga,Chattanooga,TN,37421,575,"Chattanooga, TN",35.059805,-85.190767,4.0
2026-03-01,3110,Genesis of South St. Louis County,St. Louis,MO,63123,609,"St. Louis, MO",38.521476,-90.3450902,2.0
2026-03-01,69118,Hudson Hyundai,Jersey City,NJ,07304,501,"New York, NY",40.7234737,-74.0888952,0.0
2026-03-01,100081,Spicer's Boat City,Houghton Lake,MI,48629,540,"Traverse City-Cadillac, MI",44.2970658,-84.7217605,0.0
2026-04-01,61186,Braman Genesis,Miami,FL,33137,528,"Miami-Ft. Lauderdale, FL",25.7954893,-80.1910373,717.0
2026-04-01,73396,Genesis of Cherry Hill,Evesham,NJ,08053,504,"Philadelphia, PA",39.8831146,-74.9226358,505.0
2026-04-01,29179,Genesis of White Plains,White Plains,NY,10606,501,"New York, NY",41.0350081,-73.7836873,398.0
2026-04-01,64605,Genesis of South Bay,Torrance,CA,90505,803,"Los Angeles, CA",33.7991718,-118.3411724,360.0
2026-04-01,73840,Genesis of Braintree,Quincy,MA,02169,506,"Boston, MA-Manchester, NH",42.2364548,-70.9785026,349.0
2026-04-01,69264,Genesis of Naples,Naples,FL,34109,571,"Ft. Myers-Naples, FL",26.2279083,-81.7660554,292.0
2026-04-01,7692,Genesis of The South Shore,West Islip,NY,11795,501,"New York, NY",40.7207062,-73.3044797,287.0
2026-04-01,72010,Genesis of Charlotte,Charlotte,NC,28227,517,"Charlotte, NC",35.1428872,-80.7216186,282.0
2026-04-01,70287,Genesis of St. Charles,St. Peters,MO,63376,609,"St. Louis, MO",38.7975346,-90.5978187,273.0
2026-04-01,72517,Genesis of Loma Linda,Ontario,CA,91764,803,"Los Angeles, CA",34.0699402,-117.6059991,257.0
2026-04-01,3156,Genesis of Schaumburg,Schaumburg,IL,60173,602,"Chicago, IL",42.0509027,-88.053118,256.0
2026-04-01,73680,Genesis of Wayne,Wayne,NJ,07470,501,"New York, NY",40.948967,-74.276307,246.0
2026-04-01,68783,Coconut Creek Genesis,Coconut Creek,FL,33073,528,"Miami-Ft. Lauderdale, FL",26.2914037,-80.2009677,245.0
2026-04-01,3102,Genesis of Alexandria,Alexandria,VA,22301,511,"Washington, DC (Hagerstown, MD)",38.8213866,-77.0576309,232.0
2026-04-01,28092,Genesis of Las Vegas,Las Vegas,NV,89117,839,"Las Vegas, NV",36.1449418,-115.2489832,231.0
2026-04-01,94375,Castle Genesis of Downers Grove,Oakbrook Terrace,IL,60181,602,"Chicago, IL",41.8582742,-87.9545485,218.0
2026-04-01,4941,Genesis of Conshohocken,Conshohocken,PA,19428,504,"Philadelphia, PA",40.1028837,-75.3064312,218.0
2026-04-01,2734,Genesis of Carmel,Indianapolis,IN,46240,527,"Indianapolis, IN",39.9293455,-86.0966346,215.0
2026-04-01,9004,Genesis of Littleton,Englewood,CO,80113,751,"Denver, CO",39.6200977,-104.9885845,208.0
2026-04-01,7006,Genesis of Atlanta,Atlanta,GA,30341,524,"Atlanta, GA",33.9080158,-84.2909986,202.0
2026-04-01,71992,Genesis of Brooklyn,Brooklyn,NY,11232,501,"New York, NY",40.6571085,-74.014405,201.0
2026-04-01,52440,Genesis of Mentor,Mentor,OH,44060,510,"Cleveland-Akron (Canton), OH",41.6834521,-81.3348422,199.0
2026-04-01,96938,Genesis of North Cincinnati,Cincinnati,OH,45249,515,"Cincinnati, OH",39.2926575,-84.3036044,196.0
2026-04-01,73389,Genesis of Freehold,Freehold,NJ,07728,501,"New York, NY",40.2641336,-74.2924834,195.0
2026-04-01,6767,Tuttle-Click Genesis,Irvine,CA,92618,803,"Los Angeles, CA",33.6342181,-117.7233823,195.0
2026-04-01,62609,Norm Reeves Genesis of Cerritos,Cerritos,CA,90703,803,"Los Angeles, CA",33.8662378,-118.1015234,190.0
2026-04-01,62585,Genesis of the North Shore,Hicksville,NY,11801,501,"New York, NY",40.7702089,-73.5027249,188.0
2026-04-01,71490,Genesis of West Houston,Houston,TX,77094,618,"Houston, TX",29.7836158,-95.673582,186.0
2026-04-01,64037,Universal Genesis,Orlando,FL,32837,534,"Orlando-Daytona Beach-Melbourne, FL",28.3794594,-81.4033691,184.0
2026-04-01,9001,Genesis of Chandler,Chandler,AZ,85286,753,"Phoenix, AZ",33.2846933,-111.7910889,182.0
2026-04-01,62581,Genesis Santa Monica,Santa Monica,CA,90404,803,"Los Angeles, CA",34.03227,-118.4751279,180.0
2026-04-01,4919,Genesis of North Aurora,North Aurora,IL,60542,602,"Chicago, IL",41.80082,-88.3739138,180.0
2026-04-01,72673,Earnhardt Genesis North Scottsdale,Scottsdale,AZ,85260,753,"Phoenix, AZ",33.631299,-111.8982196,179.0
2026-04-01,66836,Genesis of Peoria,Peoria,AZ,85382,753,"Phoenix, AZ",33.6372458,-112.2451079,177.0
2026-04-01,4457,Genesis of Spring,Spring,TX,77373,618,"Houston, TX",30.0627988,-95.4322263,173.0
2026-04-01,10212,Genesis of Edmond,Edmond,OK,73013,650,"Oklahoma City, OK",35.6128747,-97.4967472,169.0
2026-04-01,73041,Gettel Genesis of Sarasota,Sarasota,FL,34233,539,"Tampa-St Petersburg (Sarasota), FL",27.2695206,-82.4746827,168.0
2026-04-01,69570,Genesis of Cary,Cary,NC,27511,560,"Raleigh-Durham (Fayetteville), NC",35.7384809,-78.8093998,167.0
2026-04-01,57975,Genesis of Kennesaw,Kennesaw,GA,30144,524,"Atlanta, GA",34.0233261,-84.5734338,166.0
2026-04-01,99734,Genesis of Tampa,Tampa,FL,33613,539,"Tampa-St Petersburg (Sarasota), FL",28.0872094,-82.4521026,162.0
2026-04-01,6996,Genesis of Lafayette,Lafayette,LA,70506,642,"Lafayette, LA",30.1552098,-92.0910284,157.0
2026-04-01,98536,Galpin Genesis of Van Nuys,Los Angeles,CA,91406,803,"Los Angeles, CA",34.2209833,-118.4687863,155.0
2026-04-01,73379,Genesis of Milford,Milford,CT,06460,533,"Hartford & New Haven, CT",41.2076083,-73.0884209,155.0
2026-04-01,70631,Genesis of Lake Norman,Cornelius,NC,28031,517,"Charlotte, NC",35.467345,-80.872696,147.0
2026-04-01,97787,Genesis Montgomery,Montgomery,AL,36106,698,"Montgomery (Selma), AL",32.3606235,-86.2242999,140.0
2026-04-01,71985,Genesis of Columbus,Columbus,OH,43230,535,"Columbus, OH",40.0598318,-82.9433206,140.0
2026-04-01,1531,Genesis of Manchester,Bedford,NH,03110,506,"Boston, MA-Manchester, NH",42.944374,-71.472789,140.0
2026-04-01,70696,Genesis of Round Rock,Round Rock,TX,78665,635,"Austin, TX",30.5322484,-97.6891408,140.0
2026-04-01,73682,Wallace Genesis,Stuart,FL,34997,548,"West Palm Beach-Ft. Pierce, FL",27.1605832,-80.2229084,137.0
2026-04-01,1393,Genesis of Plano,Plano,TX,75093,623,"Dallas-Ft. Worth, TX",33.0102218,-96.7668456,135.0
2026-04-01,61326,Genesis of Denville,Denville,NJ,07834,501,"New York, NY",40.8681668,-74.5137571,132.0
2026-04-01,70671,Genesis of Owings Mills,Owings Mills,MD,21117,512,"Baltimore, MD",39.43549,-76.800636,130.0
2026-04-01,69823,Genesis Of Charleston,Charleston,SC,29414,519,"Charleston, SC",32.7982545,-80.0859341,125.0
2026-04-01,67536,Genesis of Omaha,Omaha,NE,68118,652,"Omaha, NE",41.2639237,-96.1858719,125.0
2026-04-01,57353,Jenkins Genesis of North East Jacksonville,Jacksonville,FL,32225,561,"Jacksonville, FL",30.3253588,-81.5105439,125.0
2026-04-01,3566,Genesis of Highland Park,Highland Park,IL,60035,602,"Chicago, IL",42.1609423,-87.8081446,121.0
2026-04-01,94705,Genesis of Ridgefield,Norwalk,CT,06851,501,"New York, NY",41.1261307,-73.4233158,119.0
2026-04-01,70835,Genesis of Tulsa,Tulsa,OK,74133,671,"Tulsa, OK",36.022119,-95.8852819,117.0
2026-04-01,70093,Genesis of Merrillville,Merrillville,IN,46410,602,"Chicago, IL",41.4717832,-87.3480253,116.0
2026-04-01,10409,Genesis of Southwest Houston,Houston,TX,77074,618,"Houston, TX",29.6691333,-95.5474174,115.0
2026-04-01,67535,Genesis of Wolfchase,Memphis,TN,38133,640,"Memphis, TN",35.2032351,-89.8071642,115.0
2026-04-01,99924,Genesis of Avon,Simsbury,CT,06092,533,"Hartford & New Haven, CT",41.8203914,-72.8690454,114.0
2026-04-01,69032,Genesis Of NW San Antonio,Boerne,TX,78006,641,"San Antonio, TX",29.6844593,-98.6411438,113.0
2026-04-01,64003,Genesis of Bel Air,Fallston,MD,21047,512,"Baltimore, MD",39.5065574,-76.3858171,113.0
2026-04-01,4349,Jenkins Genesis of Leesburg,Leesburg,FL,34788,534,"Orlando-Daytona Beach-Melbourne, FL",28.8228437,-81.7874886,113.0
2026-04-01,68256,Genesis of Lexington,Lexington,KY,40509,541,"Lexington, KY",37.9960356,-84.441848,111.0
2026-04-01,62587,Genesis of Aurora,Aurora,IL,60504,602,"Chicago, IL",41.7515762,-88.213844,110.0
2026-04-01,71661,Allen Turner Genesis,Pensacola,FL,32505,686,"Mobile, AL-Pensacola (Ft. Walton Beach), FL",30.4750621,-87.247943,108.0
2026-04-01,53667,Genesis Of Cumming,Cumming,GA,30041,524,"Atlanta, GA",34.1439728,-84.1730152,108.0
2026-04-01,71829,Genesis of Chantilly,Chantilly,VA,20151,511,"Washington, DC (Hagerstown, MD)",38.903778,-77.4621301,107.0
2026-04-01,2525,Genesis of Cool Springs,Franklin,TN,37067,659,"Nashville, TN",35.9580609,-86.8090467,107.0
2026-04-01,98745,Genesis of Danvers,Danvers,MA,01923,506,"Boston, MA-Manchester, NH",42.5595013,-70.9786915,107.0
2026-04-01,70074,Genesis of Fort Myers,Fort Myers,FL,33907,571,"Ft. Myers-Naples, FL",26.596538,-81.8605256,107.0
2026-04-01,1130,Genesis of Kirkland,Kirkland,WA,98034,819,"Seattle-Tacoma, WA",47.7072771,-122.1748634,105.0
2026-04-01,93460,Genesis of Portland,Portland,OR,97225,820,"Portland, OR",45.4962782,-122.7698208,105.0
2026-04-01,36882,Genesis of Virginia Beach,Virginia Beach,VA,23452,544,"Norfolk-Portsmouth-Newport News,VA",36.8356924,-76.0987758,104.0
2026-04-01,65747,Genesis Of Clear Lake,Webster,TX,77598,618,"Houston, TX",29.5340161,-95.13376,102.0
2026-04-01,94818,Genesis of Milwaukee,Waukesha,WI,53186,617,"Milwaukee, WI",43.0244944,-88.2038863,102.0
2026-04-01,2157,Genesis of Suitland,Bowie,MD,20716,511,"Washington, DC (Hagerstown, MD)",38.9227402,-76.7179222,102.0
2026-04-01,61217,Genesis of Weatherford,Hudson Oaks,TX,76087,623,"Dallas-Ft. Worth, TX",32.7558051,-97.6929673,102.0
2026-04-01,81842,Genesis of West Warwick,West Warwick,RI,02893,521,"Providence, RI-New Bedford, MA",41.684535,-71.5014056,102.0
2026-04-01,8947,Genesis of Wichita,Wichita,KS,67206,678,"Wichita-Hutchinson, KS",37.7055104,-97.2084739,102.0
2026-04-01,100529,Genesis of San Diego,San Diego,CA,92111,825,"San Diego, CA",32.8306319,-117.1434333,100.0
2026-04-01,72695,Rick Case Genesis,Plantation,FL,33317,528,"Miami-Ft. Lauderdale, FL",26.1351086,-80.2031534,100.0
2026-04-01,71052,Lakeland Genesis,Lakeland,FL,33815,539,"Tampa-St Petersburg (Sarasota), FL",28.054301,-81.9758413,99.0
2026-04-01,12986,Genesis of Buffalo,Williamsville,NY,14221,514,"Buffalo, NY",42.960953,-78.691081,98.0
2026-04-01,61284,Genesis of Springfield,Springfield,VA,22150,511,"Washington, DC (Hagerstown, MD)",38.7503466,-77.1828597,98.0
2026-04-01,8533,Genesis North Orlando,Winter Park,FL,32789,534,"Orlando-Daytona Beach-Melbourne, FL",28.6088331,-81.3648614,96.0
2026-04-01,4899,Genesis of Conway,Conway,AR,72032,693,"Little Rock-Pine Bluff, AR",35.093494,-92.421864,95.0
2026-04-01,1250,Genesis of New Orleans,Metairie,LA,70003,622,"New Orleans, LA",30.0058423,-90.2210481,95.0
2026-04-01,72126,Genesis of Ocala,Ocala,FL,34471,534,"Orlando-Daytona Beach-Melbourne, FL",29.1773171,-82.1519073,95.0
2026-04-01,61567,Genesis of Monroeville,Monroeville,PA,15146,508,"Pittsburgh, PA",40.4308948,-79.7170895,94.0
2026-04-01,69883,Genesis of North Plainfield,North Plainfield,NJ,07060,501,"New York, NY",40.6165806,-74.4551273,94.0
2026-04-01,72197,Genesis of Doylestown,Doylestown,PA,18902,504,"Philadelphia, PA",40.3335783,-75.1370158,93.0
2026-04-01,2687,Genesis of Parma,Parma,OH,44129,510,"Cleveland-Akron (Canton), OH",41.4180454,-81.7339114,93.0
2026-04-01,69382,Genesis of West Chester,West Chester,PA,19382,504,"Philadelphia, PA",39.9023291,-75.5655602,93.0
2026-04-01,68945,Genesis of San Antonio East,San Antonio,TX,78233,641,"San Antonio, TX",29.5452956,-98.3688609,92.0
2026-04-01,70052,Norm Reeves Genesis of Irving,Irving,TX,75062,623,"Dallas-Ft. Worth, TX",32.8360367,-96.921086,92.0
2026-04-01,69062,Genesis of Lindon,Lindon,UT,84042,770,"Salt Lake City, UT",40.3293405,-111.7338433,90.0
2026-04-01,2584,Genesis Of Norman,Norman,OK,73069,650,"Oklahoma City, OK",35.2248696,-97.4845549,89.0
2026-04-01,69670,Rick Case Genesis Davie,Davie,FL,33331,528,"Miami-Ft. Lauderdale, FL",26.0758729,-80.3619504,87.0
2026-04-01,91447,Genesis of Albany,Albany,NY,12205,532,"Albany-Schenectady-Troy, NY",42.7296031,-73.8529553,86.0
2026-04-01,73353,Genesis of Annapolis,Annapolis,MD,21401,512,"Baltimore, MD",38.976603,-76.5095064,86.0
2026-04-01,100501,Genesis Macon,Macon,GA,31210,503,"Macon, GA",32.8866204,-83.675043,85.0
2026-04-01,10129,Genesis of Covington,Covington,LA,70433,622,"New Orleans, LA",30.4321,-90.0886416,84.0
2026-04-01,61240,Genesis of Palm Springs,Palm Springs,CA,92264,804,"Palm Springs, CA",33.7945577,-116.5032881,84.0
2026-04-01,94567,Genesis of Kansas City,Overland Park,KS,66204,616,"Kansas City, MO",38.9882713,-94.6681597,82.0
2026-04-01,69931,Genesis of Commerce,West Bloomfield Township,MI,48322,505,"Detroit, MI",42.5607276,-83.4398789,80.0
2026-04-01,71564,Clay Cooley Genesis of Mesquite,Mesquite,TX,75150,623,"Dallas-Ft. Worth, TX",32.8336891,-96.6306212,79.0
2026-04-01,9254,Genesis of Bloomington-Normal,Normal,IL,61761,675,"Peoria-Bloomington, IL",40.5165466,-88.9541909,79.0
2026-04-01,73893,Genesis of Brunswick,South Brunswick Township,NJ,08852,501,"New York, NY",40.4111541,-74.5423003,79.0
2026-04-01,26003,Genesis of Elgin,Elgin,IL,60120,602,"Chicago, IL",42.0317119,-88.2445971,79.0
2026-04-01,68840,Genesis of Golden,Golden,CO,80401,751,"Denver, CO",39.730479,-105.1754951,79.0
2026-04-01,98517,Benzel-Busch Family of Dealerships,Secaucus,NJ,07094,501,"New York, NY",40.7889968,-74.0519873,78.0
2026-04-01,69375,Genesis of Hilton Head,Bluffton,SC,29910,507,"Savannah, GA",32.2898537,-80.9132918,78.0
2026-04-01,1691,Genesis of Fairfield,Fairfield,CT,06825,501,"New York, NY",41.1661525,-73.2298512,77.0
2026-04-01,70290,Genesis of Greer,Greer,SC,29651,567,"Greenville-Spartanburg, SC-Asheville, NC-Anderson, SC",34.949924,-82.198468,76.0
2026-04-01,70573,Genesis of Gwinnett,Duluth,GA,30096,524,"Atlanta, GA",33.9606012,-84.1164625,74.0
2026-04-01,66747,Genesis Of Southfield,Southfield,MI,48034,505,"Detroit, MI",42.4941876,-83.2830437,72.0
2026-04-01,7375,Genesis of Bedford,Bedford,OH,44146,510,"Cleveland-Akron (Canton), OH",41.4061393,-81.5482726,72.0
2026-04-01,96075,Genesis of Smithtown,Saint James,NY,11780,501,"New York, NY",40.861595,-73.159573,72.0
2026-04-01,73795,Crown Genesis,St. Petersburg,FL,33714,539,"Tampa-St Petersburg (Sarasota), FL",27.8204635,-82.6786673,71.0
2026-04-01,83168,Genesis of Framingham,Framingham,MA,01702,506,"Boston, MA-Manchester, NH",42.2974046,-71.417428,69.0
2026-04-01,4844,Genesis of Miami Lakes,Miami Lakes,FL,33014,528,"Miami-Ft. Lauderdale, FL",25.9235071,-80.3016669,68.0
2026-04-01,64426,Genesis of Algonquin,Algonquin,IL,60102,602,"Chicago, IL",42.1629985,-88.3344476,67.0
2026-04-01,11303,Genesis of Appleton,Appleton,WI,54913,658,"Green Bay-Appleton, WI",44.2887964,-88.4759736,67.0
2026-04-01,61239,Genesis of Central Florida,Clermont,FL,34711,534,"Orlando-Daytona Beach-Melbourne, FL",28.5478492,-81.6689649,67.0
2026-04-01,67522,Genesis of Wexford,Wexford,PA,15090,508,"Pittsburgh, PA",40.6143612,-80.0568103,66.0
2026-04-01,73042,Gettel Genesis of Lakewood,Bradenton,FL,34208,539,"Tampa-St Petersburg (Sarasota), FL",27.4953171,-82.4871204,66.0
2026-04-01,4571,Genesis of Nashua,Nashua,NH,03060,506,"Boston, MA-Manchester, NH",42.7272329,-71.4464946,65.0
2026-04-01,3536,Genesis of Rockville,North Bethesda,MD,20852,511,"Washington, DC (Hagerstown, MD)",39.0438363,-77.1107675,64.0
2026-04-01,69447,King Genesis,Deerfield Beach,FL,33441,528,"Miami-Ft. Lauderdale, FL",26.29967,-80.0946749,64.0
2026-04-01,9594,Genesis of Orange Park,Jacksonville,FL,32244,561,"Jacksonville, FL",30.2100757,-81.7391104,63.0
2026-04-01,68961,Genesis of Hampton,Hampton,VA,23666,544,"Norfolk-Portsmouth-Newport News,VA",37.0619771,-76.4003949,61.0
2026-04-01,72560,Genesis of West Knoxville,Knoxville,TN,37923,557,"Knoxville, TN",35.9181977,-84.0733877,61.0
2026-04-01,61459,Genesis of Augusta,Augusta,GA,30907,520,"Augusta, GA",33.5157506,-82.0641493,59.0
2026-04-01,73383,Genesis of Newnan,Newnan,GA,30263,524,"Atlanta, GA",33.3980326,-84.751469,59.0
2026-04-01,61515,Genesis Of Madison,Madison,WI,53713,669,"Madison, WI",43.0341872,-89.4116586,58.0
2026-04-01,91019,Genesis of Hickory,Hickory,NC,28602,517,"Charlotte, NC",35.7151389,-81.3379647,57.0
2026-04-01,6292,Genesis of Harlingen,Harlingen,TX,78552,636,"Harlingen-Weslaco-Brownsville-McAllen, TX",26.1864793,-97.7753841,55.0
2026-04-01,10916,Genesis of Louisville,Jeffersontown,KY,40299,529,"Louisville, KY",38.2125896,-85.5378392,55.0
2026-04-01,16023,Genesis of Baton Rouge,Baton Rouge,LA,70809,716,"Baton Rouge, LA",30.3805348,-91.0404825,54.0
2026-04-01,69980,Genesis of Minneapolis,Golden Valley,MN,55426,613,"Minneapolis-St. Paul, MN",44.9724585,-93.3935748,54.0
2026-04-01,17853,Genesis of Winston-Salem,Winston-Salem,NC,27127,518,"Greensboro-High Point-Winston Salem, NC",36.0674142,-80.2606633,53.0
2026-04-01,68638,Genesis of Downtown Chicago,Chicago,IL,60616,602,"Chicago, IL",41.8442199,-87.6240557,52.0
2026-04-01,61277,Genesis of New Hudson,New Hudson,MI,48165,505,"Detroit, MI",42.5161168,-83.609054,52.0
2026-04-01,69737,Genesis of Richmond,Bon Air,VA,23235,556,"Richmond-Petersburg, VA",37.5013145,-77.5717929,52.0
2026-04-01,73395,Genesis of Union City,Riverdale,GA,30274,524,"Atlanta, GA",33.5645576,-84.4132949,52.0
2026-04-01,9530,Genesis of Brunswick,Brunswick,OH,44212,510,"Cleveland-Akron (Canton), OH",41.2391403,-81.7926475,48.0
2026-04-01,6832,Genesis of Denton,Denton,TX,76210,623,"Dallas-Ft. Worth, TX",33.1691755,-97.0819556,48.0
2026-04-01,8386,Genesis of Huntington,Huntington,NY,11743,501,"New York, NY",40.8332861,-73.3617156,48.0
2026-04-01,60611,Genesis of Huntsville,Huntsville,AL,35816,691,"Huntsville-Decatur (Florence), AL",34.7342382,-86.6214927,48.0
2026-04-01,9171,Genesis of Longview,Longview,TX,75605,709,"Tyler-Longview(Lufkin & Nacogdoches), TX",32.5633713,-94.7310184,48.0
2026-04-01,69102,Orlando Genesis,Orlando,FL,32808,534,"Orlando-Daytona Beach-Melbourne, FL",28.5521196,-81.4309809,48.0
2026-04-01,71500,Genesis of Waterloo,Waterloo,IA,50702,637,"Cedar Rapids-Waterloo-Iowa City & Dubuque, IA",42.4906379,-92.3401956,47.0
2026-04-01,69757,Genesis of Wilkes-Barre,Wilkes-Barre,PA,18702,577,"Wilkes Barre-Scranton, PA",41.2549421,-75.8381435,47.0
2026-04-01,72712,Genesis of Roswell,Roswell,GA,30076,524,"Atlanta, GA",34.056201,-84.32906,46.0
2026-04-01,71974,Genesis of Columbia,Columbia,SC,29203,546,"Columbia, SC",34.1430845,-80.9485594,45.0
2026-04-01,68973,Genesis of Dublin,Dublin,CA,94568,807,"San Francisco-Oakland-San Jose, CA",37.7027037,-121.9030039,43.0
2026-04-01,61112,Homestead Genesis,Homestead,FL,33030,528,"Miami-Ft. Lauderdale, FL",25.4674062,-80.472177,39.0
2026-04-01,61127,Genesis of Hattiesburg,Hattiesburg,MS,39402,710,"Hattiesburg-Laurel, MS",31.3166979,-89.407095,38.0
2026-04-01,8750,Sid Dillon Genesis of Lincoln,Lincoln,NE,68512,722,"Lincoln & Hastings-Kearney, NE",40.7364094,-96.6846163,38.0
2026-04-01,72341,Genesis of Auburn,Auburn,AL,36830,522,"Columbus, GA",32.6179594,-85.4635689,37.0
2026-04-01,61176,Headquarter Genesis,Lake Mary,FL,32746,534,"Orlando-Daytona Beach-Melbourne, FL",28.7885443,-81.3466546,37.0
2026-04-01,36300,Delray Genesis,Delray Beach,FL,33483,548,"West Palm Beach-Ft. Pierce, FL",26.4720932,-80.0668508,36.0
2026-04-01,70200,Genesis of Chattanooga,Chattanooga,TN,37421,575,"Chattanooga, TN",35.0602866,-85.1922179,36.0
2026-04-01,69370,Genesis of Northampton,Northampton,MA,01060,543,"Springfield-Holyoke, MA",42.3359481,-72.6356287,36.0
2026-04-01,67498,Genesis of West Palm Beach,West Palm Beach,FL,33409,548,"West Palm Beach-Ft. Pierce, FL",26.7072233,-80.0873646,36.0
2026-04-01,5541,Genesis Glenview,Glenview,IL,60026,602,"Chicago, IL",42.1061877,-87.8216753,35.0
2026-04-01,648,Genesis of Calumet City,Calumet City,IL,60409,602,"Chicago, IL",41.6004518,-87.5734156,35.0
2026-04-01,69498,Genesis of Eastern Shore,Daphne,AL,36526,686,"Mobile, AL-Pensacola (Ft. Walton Beach), FL",30.6607867,-87.8567477,35.0
2026-04-01,67547,Genesis of Ogden,Ogden,UT,84401,770,"Salt Lake City, UT",41.2030548,-111.9799594,35.0
2026-04-01,65171,Genesis of Selma,Selma,CA,93662,866,"Fresno-Visalia, CA",36.5705206,-119.6297571,34.0
2026-04-01,73481,Genesis of Kalamazoo,Kalamazoo,MI,49009,563,"Grand Rapids-Kalamazoo-Battle Creek, MI",42.2973176,-85.6584469,33.0
2026-04-01,64724,Genesis of Groveport,Groveport,OH,43125,535,"Columbus, OH",39.8895794,-82.8876146,32.0
2026-04-01,42325,Genesis Memphis Covington Pike,Memphis,TN,38134,640,"Memphis, TN",35.1781733,-89.8953093,30.0
2026-04-01,2511,Genesis of Clearwater,Clearwater,FL,33761,539,"Tampa-St Petersburg (Sarasota), FL",28.0222085,-82.7380372,30.0
2026-04-01,70876,Doral Genesis,Doral,FL,33172,528,"Miami-Ft. Lauderdale, FL",25.7843093,-80.3669404,29.0
2026-04-01,67653,Genesis of Corona,Corona,CA,92882,803,"Los Angeles, CA",33.882918,-117.6138489,28.0
2026-04-01,69414,Genesis of Olive Branch,Olive Branch,MS,38654,640,"Memphis, TN",34.9790497,-89.8645852,28.0
2026-04-01,73397,Genesis of Daytona Beach,Daytona Beach,FL,32117,534,"Orlando-Daytona Beach-Melbourne, FL",29.2235952,-81.0481335,26.0
2026-04-01,69018,Genesis of Hickory Hollow,Nashville,TN,37211,659,"Nashville, TN",36.0456523,-86.7012321,26.0
2026-04-01,69677,Genesis of La Quinta,La Quinta,CA,92253,804,"Palm Springs, CA",33.7072313,-116.2852619,26.0
2026-04-01,70356,Hampton Genesis,Fort Walton Beach,FL,32548,686,"Mobile, AL-Pensacola (Ft. Walton Beach), FL",30.4123712,-86.6281688,25.0
2026-04-01,73375,Genesis of Melbourne,Melbourne,FL,32901,534,"Orlando-Daytona Beach-Melbourne, FL",28.0781199,-80.6372008,23.0
2026-04-01,69409,Genesis of Richmond,Richmond,CA,94806,807,"San Francisco-Oakland-San Jose, CA",37.9857273,-122.3202802,20.0
2026-04-01,68812,Genesis of South Knoxville,Alcoa,TN,37701,557,"Knoxville, TN",35.8245636,-83.9755837,20.0
2026-04-01,52776,Genesis Of Macomb,Macomb,MI,48044,505,"Detroit, MI",42.6294783,-82.9318824,19.0
2026-04-01,71271,Genesis of Cartersville,Cartersville,GA,30120,524,"Atlanta, GA",34.1915656,-84.7876903,19.0
2026-04-01,49527,Genesis of Urbana,Urbana,IL,61802,648,"Champaign & Springfield-Decatur,IL",40.1386655,-88.1960739,14.0
2026-04-01,68698,GENESIS OF BAYSIDE,Queens,NY,11361,501,"New York, NY",40.7573441,-73.7811612,13.0
2026-04-01,793,Genesis of Hazelwood,Hazelwood,MO,63042,609,"St. Louis, MO",38.7811015,-90.3650463,12.0
2026-04-01,3992,Genesis of New Bern,New Bern,NC,28560,545,"Greenville-New Bern-Washington, NC",35.0579658,-77.0170433,8.0
2026-04-01,13492,Genesis of Brunswick,Brunswick,GA,31525,561,"Jacksonville, FL",31.2072117,-81.4811899,7.0
2026-04-01,69701,Genesis of Victorville,Victorville,CA,92392,803,"Los Angeles, CA",34.5060794,-117.3405032,6.0
2026-04-01,99817,Genesis Ring 1,Derwood,MD,20855,511,"Washington, DC (Hagerstown, MD)",39.10844,-77.1511615,5.0
2026-04-01,3152,Genesis of St. Cloud,Waite Park,MN,56387,613,"Minneapolis-St. Paul, MN",45.5485676,-94.2285831,5.0
2026-04-01,61156,Genesis of Mattoon,Mattoon,IL,61938,648,"Champaign & Springfield-Decatur,IL",39.4823346,-88.3786268,4.0
2026-04-01,84406,Genesis at Long of Chattanooga,Chattanooga,TN,37421,575,"Chattanooga, TN",35.059805,-85.190767,0.0
2026-05-01,61186,Braman Genesis,Miami,FL,33137,528,"Miami-Ft. Lauderdale, FL",25.7954893,-80.1910373,735.0
2026-05-01,73396,Genesis of Cherry Hill,Evesham,NJ,08053,504,"Philadelphia, PA",39.8831146,-74.9226358,508.0
2026-05-01,29179,Genesis of White Plains,White Plains,NY,10606,501,"New York, NY",41.0350081,-73.7836873,383.0
2026-05-01,64605,Genesis of South Bay,Torrance,CA,90505,803,"Los Angeles, CA",33.7991718,-118.3411724,356.0
2026-05-01,73840,Genesis of Braintree,Quincy,MA,02169,506,"Boston, MA-Manchester, NH",42.2364548,-70.9785026,313.0
2026-05-01,70287,Genesis of St. Charles,St. Peters,MO,63376,609,"St. Louis, MO",38.7975346,-90.5978187,310.0
2026-05-01,69264,Genesis of Naples,Naples,FL,34109,571,"Ft. Myers-Naples, FL",26.2279083,-81.7660554,292.0
2026-05-01,72010,Genesis of Charlotte,Charlotte,NC,28227,517,"Charlotte, NC",35.1428872,-80.7216186,282.0
2026-05-01,68783,Coconut Creek Genesis,Coconut Creek,FL,33073,528,"Miami-Ft. Lauderdale, FL",26.2914037,-80.2009677,277.0
2026-05-01,72517,Genesis of Loma Linda,Ontario,CA,91764,803,"Los Angeles, CA",34.0699402,-117.6059991,264.0
2026-05-01,28092,Genesis of Las Vegas,Las Vegas,NV,89117,839,"Las Vegas, NV",36.1449418,-115.2489832,259.0
2026-05-01,7692,Genesis of The South Shore,West Islip,NY,11795,501,"New York, NY",40.7207062,-73.3044797,247.0
2026-05-01,73041,Gettel Genesis of Sarasota,Sarasota,FL,34233,539,"Tampa-St Petersburg (Sarasota), FL",27.2695206,-82.4746827,247.0
2026-05-01,3156,Genesis of Schaumburg,Schaumburg,IL,60173,602,"Chicago, IL",42.0509027,-88.053118,246.0
2026-05-01,73680,Genesis of Wayne,Wayne,NJ,07470,501,"New York, NY",40.948967,-74.276307,224.0
2026-05-01,71490,Genesis of West Houston,Houston,TX,77094,618,"Houston, TX",29.7836158,-95.673582,222.0
2026-05-01,62609,Norm Reeves Genesis of Cerritos,Cerritos,CA,90703,803,"Los Angeles, CA",33.8662378,-118.1015234,220.0
2026-05-01,4941,Genesis of Conshohocken,Conshohocken,PA,19428,504,"Philadelphia, PA",40.1028837,-75.3064312,219.0
2026-05-01,2734,Genesis of Carmel,Indianapolis,IN,46240,527,"Indianapolis, IN",39.9293455,-86.0966346,216.0
2026-05-01,3102,Genesis of Alexandria,Alexandria,VA,22301,511,"Washington, DC (Hagerstown, MD)",38.8213866,-77.0576309,214.0
2026-05-01,74040,Genesis of San Bruno,San Bruno,CA,94066,807,"San Francisco-Oakland-San Jose, CA",37.6372585,-122.419091,214.0
2026-05-01,94375,Castle Genesis of Downers Grove,Oakbrook Terrace,IL,60181,602,"Chicago, IL",41.8582742,-87.9545485,211.0
2026-05-01,6767,Tuttle-Click Genesis,Irvine,CA,92618,803,"Los Angeles, CA",33.6342181,-117.7233823,207.0
2026-05-01,9001,Genesis of Chandler,Chandler,AZ,85286,753,"Phoenix, AZ",33.2846933,-111.7910889,205.0
2026-05-01,69570,Genesis of Cary,Cary,NC,27511,560,"Raleigh-Durham (Fayetteville), NC",35.7384809,-78.8093998,188.0
2026-05-01,62581,Genesis Santa Monica,Santa Monica,CA,90404,803,"Los Angeles, CA",34.03227,-118.4751279,185.0
2026-05-01,9004,Genesis of Littleton,Englewood,CO,80113,751,"Denver, CO",39.6200977,-104.9885845,184.0
2026-05-01,66836,Genesis of Peoria,Peoria,AZ,85382,753,"Phoenix, AZ",33.6372458,-112.2451079,183.0
2026-05-01,52440,Genesis of Mentor,Mentor,OH,44060,510,"Cleveland-Akron (Canton), OH",41.6834521,-81.3348422,181.0
2026-05-01,4457,Genesis of Spring,Spring,TX,77373,618,"Houston, TX",30.0627988,-95.4322263,181.0
2026-05-01,62585,Genesis of the North Shore,Hicksville,NY,11801,501,"New York, NY",40.7702089,-73.5027249,179.0
2026-05-01,73389,Genesis of Freehold,Freehold,NJ,07728,501,"New York, NY",40.2641336,-74.2924834,178.0
2026-05-01,72673,Earnhardt Genesis North Scottsdale,Scottsdale,AZ,85260,753,"Phoenix, AZ",33.631299,-111.8982196,176.0
2026-05-01,10212,Genesis of Edmond,Edmond,OK,73013,650,"Oklahoma City, OK",35.6128747,-97.4967472,175.0
2026-05-01,67653,Genesis of Corona,Corona,CA,92882,803,"Los Angeles, CA",33.882918,-117.6138489,173.0
2026-05-01,98536,Galpin Genesis of Van Nuys,Los Angeles,CA,91406,803,"Los Angeles, CA",34.2209833,-118.4687863,171.0
2026-05-01,71992,Genesis of Brooklyn,Brooklyn,NY,11232,501,"New York, NY",40.6571085,-74.014405,168.0
2026-05-01,1393,Genesis of Plano,Plano,TX,75093,623,"Dallas-Ft. Worth, TX",33.0102218,-96.7668456,166.0
2026-05-01,7006,Genesis of Atlanta,Atlanta,GA,30341,524,"Atlanta, GA",33.9080158,-84.2909986,162.0
2026-05-01,99734,Genesis of Tampa,Tampa,FL,33613,539,"Tampa-St Petersburg (Sarasota), FL",28.0872094,-82.4521026,162.0
2026-05-01,57975,Genesis of Kennesaw,Kennesaw,GA,30144,524,"Atlanta, GA",34.0233261,-84.5734338,161.0
2026-05-01,69823,Genesis Of Charleston,Charleston,SC,29414,519,"Charleston, SC",32.7982545,-80.0859341,157.0
2026-05-01,4919,Genesis of North Aurora,North Aurora,IL,60542,602,"Chicago, IL",41.80082,-88.3739138,155.0
2026-05-01,64037,Universal Genesis,Orlando,FL,32837,534,"Orlando-Daytona Beach-Melbourne, FL",28.3794594,-81.4033691,155.0
2026-05-01,70696,Genesis of Round Rock,Round Rock,TX,78665,635,"Austin, TX",30.5322484,-97.6891408,154.0
2026-05-01,53667,Genesis Of Cumming,Cumming,GA,30041,524,"Atlanta, GA",34.1439728,-84.1730152,152.0
2026-05-01,64003,Genesis of Bel Air,Fallston,MD,21047,512,"Baltimore, MD",39.5065574,-76.3858171,151.0
2026-05-01,73379,Genesis of Milford,Milford,CT,06460,533,"Hartford & New Haven, CT",41.2076083,-73.0884209,147.0
2026-05-01,69062,Genesis of Lindon,Lindon,UT,84042,770,"Salt Lake City, UT",40.3293405,-111.7338433,146.0
2026-05-01,70835,Genesis of Tulsa,Tulsa,OK,74133,671,"Tulsa, OK",36.022119,-95.8852819,139.0
2026-05-01,57353,Jenkins Genesis of North East Jacksonville,Jacksonville,FL,32225,561,"Jacksonville, FL",30.3253588,-81.5105439,139.0
2026-05-01,71985,Genesis of Columbus,Columbus,OH,43230,535,"Columbus, OH",40.0598318,-82.9433206,138.0
2026-05-01,70631,Genesis of Lake Norman,Cornelius,NC,28031,517,"Charlotte, NC",35.467345,-80.872696,138.0
2026-05-01,69032,Genesis Of NW San Antonio,Boerne,TX,78006,641,"San Antonio, TX",29.6844593,-98.6411438,136.0
2026-05-01,73682,Wallace Genesis,Stuart,FL,34997,548,"West Palm Beach-Ft. Pierce, FL",27.1605832,-80.2229084,135.0
2026-05-01,4899,Genesis of Conway,Conway,AR,72032,693,"Little Rock-Pine Bluff, AR",35.093494,-92.421864,132.0
2026-05-01,70093,Genesis of Merrillville,Merrillville,IN,46410,602,"Chicago, IL",41.4717832,-87.3480253,128.0
2026-05-01,1531,Genesis of Manchester,Bedford,NH,03110,506,"Boston, MA-Manchester, NH",42.944374,-71.472789,123.0
2026-05-01,97787,Genesis Montgomery,Montgomery,AL,36106,698,"Montgomery (Selma), AL",32.3606235,-86.2242999,122.0
2026-05-01,99924,Genesis of Avon,Simsbury,CT,06092,533,"Hartford & New Haven, CT",41.8203914,-72.8690454,121.0
2026-05-01,71829,Genesis of Chantilly,Chantilly,VA,20151,511,"Washington, DC (Hagerstown, MD)",38.903778,-77.4621301,117.0
2026-05-01,26003,Genesis of Elgin,Elgin,IL,60120,602,"Chicago, IL",42.0317119,-88.2445971,117.0
2026-05-01,36882,Genesis of Virginia Beach,Virginia Beach,VA,23452,544,"Norfolk-Portsmouth-Newport News,VA",36.8356924,-76.0987758,117.0
2026-05-01,6996,Genesis of Lafayette,Lafayette,LA,70506,642,"Lafayette, LA",30.1552098,-92.0910284,116.0
2026-05-01,62587,Genesis of Aurora,Aurora,IL,60504,602,"Chicago, IL",41.7515762,-88.213844,115.0
2026-05-01,65747,Genesis Of Clear Lake,Webster,TX,77598,618,"Houston, TX",29.5340161,-95.13376,114.0
2026-05-01,100529,Genesis of San Diego,San Diego,CA,92111,825,"San Diego, CA",32.8306319,-117.1434333,113.0
2026-05-01,1130,Genesis of Kirkland,Kirkland,WA,98034,819,"Seattle-Tacoma, WA",47.7072771,-122.1748634,112.0
2026-05-01,67536,Genesis of Omaha,Omaha,NE,68118,652,"Omaha, NE",41.2639237,-96.1858719,112.0
2026-05-01,8533,Genesis North Orlando,Winter Park,FL,32789,534,"Orlando-Daytona Beach-Melbourne, FL",28.6088331,-81.3648614,109.0
2026-05-01,71052,Lakeland Genesis,Lakeland,FL,33815,539,"Tampa-St Petersburg (Sarasota), FL",28.054301,-81.9758413,108.0
2026-05-01,100307,Genesis of Mountain View,Mountain View,CA,94040,807,"San Francisco-Oakland-San Jose, CA",37.4048603,-122.1093955,107.0
2026-05-01,61284,Genesis of Springfield,Springfield,VA,22150,511,"Washington, DC (Hagerstown, MD)",38.7503466,-77.1828597,107.0
2026-05-01,71661,Allen Turner Genesis,Pensacola,FL,32505,686,"Mobile, AL-Pensacola (Ft. Walton Beach), FL",30.4750621,-87.247943,105.0
2026-05-01,68256,Genesis of Lexington,Lexington,KY,40509,541,"Lexington, KY",37.9960356,-84.441848,105.0
2026-05-01,93460,Genesis of Portland,Portland,OR,97225,820,"Portland, OR",45.4962782,-122.7698208,104.0
2026-05-01,94705,Genesis of Ridgefield,Norwalk,CT,06851,501,"New York, NY",41.1261307,-73.4233158,104.0
2026-05-01,67498,Genesis of West Palm Beach,West Palm Beach,FL,33409,548,"West Palm Beach-Ft. Pierce, FL",26.7072233,-80.0873646,104.0
2026-05-01,10129,Genesis of Covington,Covington,LA,70433,622,"New Orleans, LA",30.4321,-90.0886416,102.0
2026-05-01,1250,Genesis of New Orleans,Metairie,LA,70003,622,"New Orleans, LA",30.0058423,-90.2210481,101.0
2026-05-01,70052,Norm Reeves Genesis of Irving,Irving,TX,75062,623,"Dallas-Ft. Worth, TX",32.8360367,-96.921086,101.0
2026-05-01,70074,Genesis of Fort Myers,Fort Myers,FL,33907,571,"Ft. Myers-Naples, FL",26.596538,-81.8605256,100.0
2026-05-01,8947,Genesis of Wichita,Wichita,KS,67206,678,"Wichita-Hutchinson, KS",37.7055104,-97.2084739,100.0
2026-05-01,3566,Genesis of Highland Park,Highland Park,IL,60035,602,"Chicago, IL",42.1609423,-87.8081446,99.0
2026-05-01,96075,Genesis of Smithtown,Saint James,NY,11780,501,"New York, NY",40.861595,-73.159573,97.0
2026-05-01,2525,Genesis of Cool Springs,Franklin,TN,37067,659,"Nashville, TN",35.9580609,-86.8090467,96.0
2026-05-01,72126,Genesis of Ocala,Ocala,FL,34471,534,"Orlando-Daytona Beach-Melbourne, FL",29.1773171,-82.1519073,96.0
2026-05-01,81842,Genesis of West Warwick,West Warwick,RI,02893,521,"Providence, RI-New Bedford, MA",41.684535,-71.5014056,96.0
2026-05-01,67535,Genesis of Wolfchase,Memphis,TN,38133,640,"Memphis, TN",35.2032351,-89.8071642,94.0
2026-05-01,4349,Jenkins Genesis of Leesburg,Leesburg,FL,34788,534,"Orlando-Daytona Beach-Melbourne, FL",28.8228437,-81.7874886,94.0
2026-05-01,61217,Genesis of Weatherford,Hudson Oaks,TX,76087,623,"Dallas-Ft. Worth, TX",32.7558051,-97.6929673,93.0
2026-05-01,69670,Rick Case Genesis Davie,Davie,FL,33331,528,"Miami-Ft. Lauderdale, FL",26.0758729,-80.3619504,93.0
2026-05-01,73353,Genesis of Annapolis,Annapolis,MD,21401,512,"Baltimore, MD",38.976603,-76.5095064,91.0
2026-05-01,94818,Genesis of Milwaukee,Waukesha,WI,53186,617,"Milwaukee, WI",43.0244944,-88.2038863,91.0
2026-05-01,100501,Genesis Macon,Macon,GA,31210,503,"Macon, GA",32.8866204,-83.675043,89.0
2026-05-01,69883,Genesis of North Plainfield,North Plainfield,NJ,07060,501,"New York, NY",40.6165806,-74.4551273,88.0
2026-05-01,2157,Genesis of Suitland,Bowie,MD,20716,511,"Washington, DC (Hagerstown, MD)",38.9227402,-76.7179222,86.0
2026-05-01,72695,Rick Case Genesis,Plantation,FL,33317,528,"Miami-Ft. Lauderdale, FL",26.1351086,-80.2031534,86.0
2026-05-01,98745,Genesis of Danvers,Danvers,MA,01923,506,"Boston, MA-Manchester, NH",42.5595013,-70.9786915,85.0
2026-05-01,10409,Genesis of Southwest Houston,Houston,TX,77074,618,"Houston, TX",29.6691333,-95.5474174,85.0
2026-05-01,83168,Genesis of Framingham,Framingham,MA,01702,506,"Boston, MA-Manchester, NH",42.2974046,-71.417428,84.0
2026-05-01,2687,Genesis of Parma,Parma,OH,44129,510,"Cleveland-Akron (Canton), OH",41.4180454,-81.7339114,84.0
2026-05-01,69382,Genesis of West Chester,West Chester,PA,19382,504,"Philadelphia, PA",39.9023291,-75.5655602,84.0
2026-05-01,91447,Genesis of Albany,Albany,NY,12205,532,"Albany-Schenectady-Troy, NY",42.7296031,-73.8529553,83.0
2026-05-01,72197,Genesis of Doylestown,Doylestown,PA,18902,504,"Philadelphia, PA",40.3335783,-75.1370158,83.0
2026-05-01,61240,Genesis of Palm Springs,Palm Springs,CA,92264,804,"Palm Springs, CA",33.7945577,-116.5032881,81.0
2026-05-01,69931,Genesis of Commerce,West Bloomfield Township,MI,48322,505,"Detroit, MI",42.5607276,-83.4398789,80.0
2026-05-01,61326,Genesis of Denville,Denville,NJ,07834,501,"New York, NY",40.8681668,-74.5137571,79.0
2026-05-01,68945,Genesis of San Antonio East,San Antonio,TX,78233,641,"San Antonio, TX",29.5452956,-98.3688609,79.0
2026-05-01,67522,Genesis of Wexford,Wexford,PA,15090,508,"Pittsburgh, PA",40.6143612,-80.0568103,79.0
2026-05-01,7375,Genesis of Bedford,Bedford,OH,44146,510,"Cleveland-Akron (Canton), OH",41.4061393,-81.5482726,78.0
2026-05-01,10916,Genesis of Louisville,Jeffersontown,KY,40299,529,"Louisville, KY",38.2125896,-85.5378392,78.0
2026-05-01,4844,Genesis of Miami Lakes,Miami Lakes,FL,33014,528,"Miami-Ft. Lauderdale, FL",25.9235071,-80.3016669,78.0
2026-05-01,71564,Clay Cooley Genesis of Mesquite,Mesquite,TX,75150,623,"Dallas-Ft. Worth, TX",32.8336891,-96.6306212,77.0
2026-05-01,73795,Crown Genesis,St. Petersburg,FL,33714,539,"Tampa-St Petersburg (Sarasota), FL",27.8204635,-82.6786673,77.0
2026-05-01,73893,Genesis of Brunswick,South Brunswick Township,NJ,08852,501,"New York, NY",40.4111541,-74.5423003,77.0
2026-05-01,1691,Genesis of Fairfield,Fairfield,CT,06825,501,"New York, NY",41.1661525,-73.2298512,77.0
2026-05-01,68840,Genesis of Golden,Golden,CO,80401,751,"Denver, CO",39.730479,-105.1754951,76.0
2026-05-01,94567,Genesis of Kansas City,Overland Park,KS,66204,616,"Kansas City, MO",38.9882713,-94.6681597,75.0
2026-05-01,3536,Genesis of Rockville,North Bethesda,MD,20852,511,"Washington, DC (Hagerstown, MD)",39.0438363,-77.1107675,75.0
2026-05-01,9254,Genesis of Bloomington-Normal,Normal,IL,61761,675,"Peoria-Bloomington, IL",40.5165466,-88.9541909,73.0
2026-05-01,2584,Genesis Of Norman,Norman,OK,73069,650,"Oklahoma City, OK",35.2248696,-97.4845549,69.0
2026-05-01,69447,King Genesis,Deerfield Beach,FL,33441,528,"Miami-Ft. Lauderdale, FL",26.29967,-80.0946749,68.0
2026-05-01,66747,Genesis Of Southfield,Southfield,MI,48034,505,"Detroit, MI",42.4941876,-83.2830437,67.0
2026-05-01,68961,Genesis of Hampton,Hampton,VA,23666,544,"Norfolk-Portsmouth-Newport News,VA",37.0619771,-76.4003949,67.0
2026-05-01,69375,Genesis of Hilton Head,Bluffton,SC,29910,507,"Savannah, GA",32.2898537,-80.9132918,67.0
2026-05-01,64426,Genesis of Algonquin,Algonquin,IL,60102,602,"Chicago, IL",42.1629985,-88.3344476,66.0
2026-05-01,16023,Genesis of Baton Rouge,Baton Rouge,LA,70809,716,"Baton Rouge, LA",30.3805348,-91.0404825,65.0
2026-05-01,9594,Genesis of Orange Park,Jacksonville,FL,32244,561,"Jacksonville, FL",30.2100757,-81.7391104,65.0
2026-05-01,72560,Genesis of West Knoxville,Knoxville,TN,37923,557,"Knoxville, TN",35.9181977,-84.0733877,65.0
2026-05-01,61239,Genesis of Central Florida,Clermont,FL,34711,534,"Orlando-Daytona Beach-Melbourne, FL",28.5478492,-81.6689649,64.0
2026-05-01,4571,Genesis of Nashua,Nashua,NH,03060,506,"Boston, MA-Manchester, NH",42.7272329,-71.4464946,64.0
2026-05-01,6292,Genesis of Harlingen,Harlingen,TX,78552,636,"Harlingen-Weslaco-Brownsville-McAllen, TX",26.1864793,-97.7753841,63.0
2026-05-01,68973,Genesis of Dublin,Dublin,CA,94568,807,"San Francisco-Oakland-San Jose, CA",37.7027037,-121.9030039,61.0
2026-05-01,96938,Genesis of North Cincinnati,Cincinnati,OH,45249,515,"Cincinnati, OH",39.2926575,-84.3036044,61.0
2026-05-01,69737,Genesis of Richmond,Bon Air,VA,23235,556,"Richmond-Petersburg, VA",37.5013145,-77.5717929,61.0
2026-05-01,61515,Genesis Of Madison,Madison,WI,53713,669,"Madison, WI",43.0341872,-89.4116586,60.0
2026-05-01,61459,Genesis of Augusta,Augusta,GA,30907,520,"Augusta, GA",33.5157506,-82.0641493,60.0
2026-05-01,70573,Genesis of Gwinnett,Duluth,GA,30096,524,"Atlanta, GA",33.9606012,-84.1164625,58.0
2026-05-01,71974,Genesis of Columbia,Columbia,SC,29203,546,"Columbia, SC",34.1430845,-80.9485594,56.0
2026-05-01,73042,Gettel Genesis of Lakewood,Bradenton,FL,34208,539,"Tampa-St Petersburg (Sarasota), FL",27.4953171,-82.4871204,56.0
2026-05-01,11303,Genesis of Appleton,Appleton,WI,54913,658,"Green Bay-Appleton, WI",44.2887964,-88.4759736,55.0
2026-05-01,9171,Genesis of Longview,Longview,TX,75605,709,"Tyler-Longview(Lufkin & Nacogdoches), TX",32.5633713,-94.7310184,55.0
2026-05-01,73395,Genesis of Union City,Riverdale,GA,30274,524,"Atlanta, GA",33.5645576,-84.4132949,55.0
2026-05-01,73383,Genesis of Newnan,Newnan,GA,30263,524,"Atlanta, GA",33.3980326,-84.751469,53.0
2026-05-01,60611,Genesis of Huntsville,Huntsville,AL,35816,691,"Huntsville-Decatur (Florence), AL",34.7342382,-86.6214927,52.0
2026-05-01,91019,Genesis of Hickory,Hickory,NC,28602,517,"Charlotte, NC",35.7151389,-81.3379647,49.0
2026-05-01,71500,Genesis of Waterloo,Waterloo,IA,50702,637,"Cedar Rapids-Waterloo-Iowa City & Dubuque, IA",42.4906379,-92.3401956,49.0
2026-05-01,9530,Genesis of Brunswick,Brunswick,OH,44212,510,"Cleveland-Akron (Canton), OH",41.2391403,-81.7926475,48.0
2026-05-01,68638,Genesis of Downtown Chicago,Chicago,IL,60616,602,"Chicago, IL",41.8442199,-87.6240557,48.0
2026-05-01,61127,Genesis of Hattiesburg,Hattiesburg,MS,39402,710,"Hattiesburg-Laurel, MS",31.3166979,-89.407095,48.0
2026-05-01,6832,Genesis of Denton,Denton,TX,76210,623,"Dallas-Ft. Worth, TX",33.1691755,-97.0819556,47.0
2026-05-01,69757,Genesis of Wilkes-Barre,Wilkes-Barre,PA,18702,577,"Wilkes Barre-Scranton, PA",41.2549421,-75.8381435,46.0
2026-05-01,69102,Orlando Genesis,Orlando,FL,32808,534,"Orlando-Daytona Beach-Melbourne, FL",28.5521196,-81.4309809,44.0
2026-05-01,70200,Genesis of Chattanooga,Chattanooga,TN,37421,575,"Chattanooga, TN",35.0602866,-85.1922179,43.0
2026-05-01,70476,Genesis of Escondido,Escondido,CA,92029,825,"San Diego, CA",33.1150272,-117.1049655,43.0
2026-05-01,8386,Genesis of Huntington,Huntington,NY,11743,501,"New York, NY",40.8332861,-73.3617156,43.0
2026-05-01,72712,Genesis of Roswell,Roswell,GA,30076,524,"Atlanta, GA",34.056201,-84.32906,43.0
2026-05-01,36300,Delray Genesis,Delray Beach,FL,33483,548,"West Palm Beach-Ft. Pierce, FL",26.4720932,-80.0668508,41.0
2026-05-01,69370,Genesis of Northampton,Northampton,MA,01060,543,"Springfield-Holyoke, MA",42.3359481,-72.6356287,39.0
2026-05-01,67547,Genesis of Ogden,Ogden,UT,84401,770,"Salt Lake City, UT",41.2030548,-111.9799594,39.0
2026-05-01,72341,Genesis of Auburn,Auburn,AL,36830,522,"Columbus, GA",32.6179594,-85.4635689,38.0
2026-05-01,69980,Genesis of Minneapolis,Golden Valley,MN,55426,613,"Minneapolis-St. Paul, MN",44.9724585,-93.3935748,38.0
2026-05-01,61176,Headquarter Genesis,Lake Mary,FL,32746,534,"Orlando-Daytona Beach-Melbourne, FL",28.7885443,-81.3466546,36.0
2026-05-01,69498,Genesis of Eastern Shore,Daphne,AL,36526,686,"Mobile, AL-Pensacola (Ft. Walton Beach), FL",30.6607867,-87.8567477,34.0
2026-05-01,5541,Genesis Glenview,Glenview,IL,60026,602,"Chicago, IL",42.1061877,-87.8216753,32.0
2026-05-01,42325,Genesis Memphis Covington Pike,Memphis,TN,38134,640,"Memphis, TN",35.1781733,-89.8953093,29.0
2026-05-01,65171,Genesis of Selma,Selma,CA,93662,866,"Fresno-Visalia, CA",36.5705206,-119.6297571,29.0
2026-05-01,73481,Genesis of Kalamazoo,Kalamazoo,MI,49009,563,"Grand Rapids-Kalamazoo-Battle Creek, MI",42.2973176,-85.6584469,27.0
2026-05-01,69677,Genesis of La Quinta,La Quinta,CA,92253,804,"Palm Springs, CA",33.7072313,-116.2852619,27.0
2026-05-01,69414,Genesis of Olive Branch,Olive Branch,MS,38654,640,"Memphis, TN",34.9790497,-89.8645852,27.0
2026-05-01,69409,Genesis of Richmond,Richmond,CA,94806,807,"San Francisco-Oakland-San Jose, CA",37.9857273,-122.3202802,27.0
2026-05-01,52776,Genesis Of Macomb,Macomb,MI,48044,505,"Detroit, MI",42.6294783,-82.9318824,26.0
2026-05-01,648,Genesis of Calumet City,Calumet City,IL,60409,602,"Chicago, IL",41.6004518,-87.5734156,26.0
2026-05-01,2511,Genesis of Clearwater,Clearwater,FL,33761,539,"Tampa-St Petersburg (Sarasota), FL",28.0222085,-82.7380372,26.0
2026-05-01,70876,Doral Genesis,Doral,FL,33172,528,"Miami-Ft. Lauderdale, FL",25.7843093,-80.3669404,25.0
2026-05-01,8750,Sid Dillon Genesis of Lincoln,Lincoln,NE,68512,722,"Lincoln & Hastings-Kearney, NE",40.7364094,-96.6846163,25.0
2026-05-01,69018,Genesis of Hickory Hollow,Nashville,TN,37211,659,"Nashville, TN",36.0456523,-86.7012321,24.0
2026-05-01,61112,Homestead Genesis,Homestead,FL,33030,528,"Miami-Ft. Lauderdale, FL",25.4674062,-80.472177,24.0
2026-05-01,64724,Genesis of Groveport,Groveport,OH,43125,535,"Columbus, OH",39.8895794,-82.8876146,23.0
2026-05-01,73397,Genesis of Daytona Beach,Daytona Beach,FL,32117,534,"Orlando-Daytona Beach-Melbourne, FL",29.2235952,-81.0481335,22.0
2026-05-01,68812,Genesis of South Knoxville,Alcoa,TN,37701,557,"Knoxville, TN",35.8245636,-83.9755837,22.0
2026-05-01,70356,Hampton Genesis,Fort Walton Beach,FL,32548,686,"Mobile, AL-Pensacola (Ft. Walton Beach), FL",30.4123712,-86.6281688,22.0
2026-05-01,99817,Genesis Ring 1,Derwood,MD,20855,511,"Washington, DC (Hagerstown, MD)",39.10844,-77.1511615,21.0
2026-05-01,71271,Genesis of Cartersville,Cartersville,GA,30120,524,"Atlanta, GA",34.1915656,-84.7876903,20.0
2026-05-01,73375,Genesis of Melbourne,Melbourne,FL,32901,534,"Orlando-Daytona Beach-Melbourne, FL",28.0781199,-80.6372008,19.0
2026-05-01,70671,Genesis of Owings Mills,Owings Mills,MD,21117,512,"Baltimore, MD",39.43549,-76.800636,15.0
2026-05-01,61567,Genesis of Monroeville,Monroeville,PA,15146,508,"Pittsburgh, PA",40.4308948,-79.7170895,14.0
2026-05-01,68698,GENESIS OF BAYSIDE,Queens,NY,11361,501,"New York, NY",40.7573441,-73.7811612,13.0
2026-05-01,49527,Genesis of Urbana,Urbana,IL,61802,648,"Champaign & Springfield-Decatur,IL",40.1386655,-88.1960739,13.0
2026-05-01,3992,Genesis of New Bern,New Bern,NC,28560,545,"Greenville-New Bern-Washington, NC",35.0579658,-77.0170433,12.0
2026-05-01,793,Genesis of Hazelwood,Hazelwood,MO,63042,609,"St. Louis, MO",38.7811015,-90.3650463,9.0
2026-05-01,13492,Genesis of Brunswick,Brunswick,GA,31525,561,"Jacksonville, FL",31.2072117,-81.4811899,8.0
2026-05-01,69701,Genesis of Victorville,Victorville,CA,92392,803,"Los Angeles, CA",34.5060794,-117.3405032,7.0
2026-05-01,84406,Genesis at Long of Chattanooga,Chattanooga,TN,37421,575,"Chattanooga, TN",35.059805,-85.190767,4.0
2026-05-01,61156,Genesis of Mattoon,Mattoon,IL,61938,648,"Champaign & Springfield-Decatur,IL",39.4823346,-88.3786268,3.0
2026-05-01,100081,Spicer's Boat City,Houghton Lake,MI,48629,540,"Traverse City-Cadillac, MI",44.2970658,-84.7217605,1.0
2026-06-01,61186,Braman Genesis,Miami,FL,33137,528,"Miami-Ft. Lauderdale, FL",25.7954893,-80.1910373,740.0
2026-06-01,73396,Genesis of Cherry Hill,Evesham,NJ,08053,504,"Philadelphia, PA",39.8831146,-74.9226358,463.0
2026-06-01,29179,Genesis of White Plains,White Plains,NY,10606,501,"New York, NY",41.0350081,-73.7836873,343.0
2026-06-01,64605,Genesis of South Bay,Torrance,CA,90505,803,"Los Angeles, CA",33.7991718,-118.3411724,324.0
2026-06-01,28092,Genesis of Las Vegas,Las Vegas,NV,89117,839,"Las Vegas, NV",36.1449418,-115.2489832,297.0
2026-06-01,73840,Genesis of Braintree,Quincy,MA,02169,506,"Boston, MA-Manchester, NH",42.2364548,-70.9785026,284.0
2026-06-01,69264,Genesis of Naples,Naples,FL,34109,571,"Ft. Myers-Naples, FL",26.2279083,-81.7660554,284.0
2026-06-01,68783,Coconut Creek Genesis,Coconut Creek,FL,33073,528,"Miami-Ft. Lauderdale, FL",26.2914037,-80.2009677,278.0
2026-06-01,70287,Genesis of St. Charles,St. Peters,MO,63376,609,"St. Louis, MO",38.7975346,-90.5978187,268.0
2026-06-01,72517,Genesis of Loma Linda,Ontario,CA,91764,803,"Los Angeles, CA",34.0699402,-117.6059991,262.0
2026-06-01,62609,Norm Reeves Genesis of Cerritos,Cerritos,CA,90703,803,"Los Angeles, CA",33.8662378,-118.1015234,258.0
2026-06-01,73041,Gettel Genesis of Sarasota,Sarasota,FL,34233,539,"Tampa-St Petersburg (Sarasota), FL",27.2695206,-82.4746827,253.0
2026-06-01,72010,Genesis of Charlotte,Charlotte,NC,28227,517,"Charlotte, NC",35.1428872,-80.7216186,234.0
2026-06-01,71490,Genesis of West Houston,Houston,TX,77094,618,"Houston, TX",29.7836158,-95.673582,232.0
2026-06-01,6767,Tuttle-Click Genesis,Irvine,CA,92618,803,"Los Angeles, CA",33.6342181,-117.7233823,226.0
2026-06-01,2734,Genesis of Carmel,Indianapolis,IN,46240,527,"Indianapolis, IN",39.9293455,-86.0966346,212.0
2026-06-01,3156,Genesis of Schaumburg,Schaumburg,IL,60173,602,"Chicago, IL",42.0509027,-88.053118,212.0
2026-06-01,69570,Genesis of Cary,Cary,NC,27511,560,"Raleigh-Durham (Fayetteville), NC",35.7384809,-78.8093998,208.0
2026-06-01,7692,Genesis of The South Shore,West Islip,NY,11795,501,"New York, NY",40.7207062,-73.3044797,207.0
2026-06-01,94375,Castle Genesis of Downers Grove,Oakbrook Terrace,IL,60181,602,"Chicago, IL",41.8582742,-87.9545485,206.0
2026-06-01,62581,Genesis Santa Monica,Santa Monica,CA,90404,803,"Los Angeles, CA",34.03227,-118.4751279,206.0
2026-06-01,98536,Galpin Genesis of Van Nuys,Los Angeles,CA,91406,803,"Los Angeles, CA",34.2209833,-118.4687863,205.0
2026-06-01,9001,Genesis of Chandler,Chandler,AZ,85286,753,"Phoenix, AZ",33.2846933,-111.7910889,200.0
2026-06-01,74040,Genesis of San Bruno,San Bruno,CA,94066,807,"San Francisco-Oakland-San Jose, CA",37.6372585,-122.419091,198.0
2026-06-01,66836,Genesis of Peoria,Peoria,AZ,85382,753,"Phoenix, AZ",33.6372458,-112.2451079,193.0
2026-06-01,72673,Earnhardt Genesis North Scottsdale,Scottsdale,AZ,85260,753,"Phoenix, AZ",33.631299,-111.8982196,188.0
2026-06-01,4941,Genesis of Conshohocken,Conshohocken,PA,19428,504,"Philadelphia, PA",40.1028837,-75.3064312,187.0
2026-06-01,73680,Genesis of Wayne,Wayne,NJ,07470,501,"New York, NY",40.948967,-74.276307,186.0
2026-06-01,9004,Genesis of Littleton,Englewood,CO,80113,751,"Denver, CO",39.6200977,-104.9885845,183.0
2026-06-01,67653,Genesis of Corona,Corona,CA,92882,803,"Los Angeles, CA",33.882918,-117.6138489,179.0
2026-06-01,1393,Genesis of Plano,Plano,TX,75093,623,"Dallas-Ft. Worth, TX",33.0102218,-96.7668456,179.0
2026-06-01,1531,Genesis of Manchester,Bedford,NH,03110,506,"Boston, MA-Manchester, NH",42.944374,-71.472789,174.0
2026-06-01,10212,Genesis of Edmond,Edmond,OK,73013,650,"Oklahoma City, OK",35.6128747,-97.4967472,171.0
2026-06-01,3102,Genesis of Alexandria,Alexandria,VA,22301,511,"Washington, DC (Hagerstown, MD)",38.8213866,-77.0576309,168.0
2026-06-01,62585,Genesis of the North Shore,Hicksville,NY,11801,501,"New York, NY",40.7702089,-73.5027249,164.0
2026-06-01,57353,Jenkins Genesis of North East Jacksonville,Jacksonville,FL,32225,561,"Jacksonville, FL",30.3253588,-81.5105439,163.0
2026-06-01,99734,Genesis of Tampa,Tampa,FL,33613,539,"Tampa-St Petersburg (Sarasota), FL",28.0872094,-82.4521026,160.0
2026-06-01,69062,Genesis of Lindon,Lindon,UT,84042,770,"Salt Lake City, UT",40.3293405,-111.7338433,155.0
2026-06-01,4457,Genesis of Spring,Spring,TX,77373,618,"Houston, TX",30.0627988,-95.4322263,155.0
2026-06-01,100307,Genesis of Mountain View,Mountain View,CA,94040,807,"San Francisco-Oakland-San Jose, CA",37.4048603,-122.1093955,151.0
2026-06-01,7006,Genesis of Atlanta,Atlanta,GA,30341,524,"Atlanta, GA",33.9080158,-84.2909986,150.0
2026-06-01,70696,Genesis of Round Rock,Round Rock,TX,78665,635,"Austin, TX",30.5322484,-97.6891408,150.0
2026-06-01,64037,Universal Genesis,Orlando,FL,32837,534,"Orlando-Daytona Beach-Melbourne, FL",28.3794594,-81.4033691,150.0
2026-06-01,73389,Genesis of Freehold,Freehold,NJ,07728,501,"New York, NY",40.2641336,-74.2924834,149.0
2026-06-01,52440,Genesis of Mentor,Mentor,OH,44060,510,"Cleveland-Akron (Canton), OH",41.6834521,-81.3348422,149.0
2026-06-01,53667,Genesis Of Cumming,Cumming,GA,30041,524,"Atlanta, GA",34.1439728,-84.1730152,145.0
2026-06-01,26003,Genesis of Elgin,Elgin,IL,60120,602,"Chicago, IL",42.0317119,-88.2445971,144.0
2026-06-01,10409,Genesis of Southwest Houston,Houston,TX,77074,618,"Houston, TX",29.6691333,-95.5474174,144.0
2026-06-01,70631,Genesis of Lake Norman,Cornelius,NC,28031,517,"Charlotte, NC",35.467345,-80.872696,141.0
2026-06-01,71992,Genesis of Brooklyn,Brooklyn,NY,11232,501,"New York, NY",40.6571085,-74.014405,140.0
2026-06-01,4899,Genesis of Conway,Conway,AR,72032,693,"Little Rock-Pine Bluff, AR",35.093494,-92.421864,136.0
2026-06-01,57975,Genesis of Kennesaw,Kennesaw,GA,30144,524,"Atlanta, GA",34.0233261,-84.5734338,135.0
2026-06-01,71985,Genesis of Columbus,Columbus,OH,43230,535,"Columbus, OH",40.0598318,-82.9433206,134.0
2026-06-01,70093,Genesis of Merrillville,Merrillville,IN,46410,602,"Chicago, IL",41.4717832,-87.3480253,131.0
2026-06-01,73379,Genesis of Milford,Milford,CT,06460,533,"Hartford & New Haven, CT",41.2076083,-73.0884209,130.0
2026-06-01,4919,Genesis of North Aurora,North Aurora,IL,60542,602,"Chicago, IL",41.80082,-88.3739138,130.0
2026-06-01,69032,Genesis Of NW San Antonio,Boerne,TX,78006,641,"San Antonio, TX",29.6844593,-98.6411438,127.0
2026-06-01,70835,Genesis of Tulsa,Tulsa,OK,74133,671,"Tulsa, OK",36.022119,-95.8852819,125.0
2026-06-01,64003,Genesis of Bel Air,Fallston,MD,21047,512,"Baltimore, MD",39.5065574,-76.3858171,122.0
2026-06-01,6996,Genesis of Lafayette,Lafayette,LA,70506,642,"Lafayette, LA",30.1552098,-92.0910284,121.0
2026-06-01,99817,Genesis Ring 1,Derwood,MD,20855,511,"Washington, DC (Hagerstown, MD)",39.10844,-77.1511615,119.0
2026-06-01,70052,Norm Reeves Genesis of Irving,Irving,TX,75062,623,"Dallas-Ft. Worth, TX",32.8360367,-96.921086,119.0
2026-06-01,73682,Wallace Genesis,Stuart,FL,34997,548,"West Palm Beach-Ft. Pierce, FL",27.1605832,-80.2229084,118.0
2026-06-01,36882,Genesis of Virginia Beach,Virginia Beach,VA,23452,544,"Norfolk-Portsmouth-Newport News,VA",36.8356924,-76.0987758,117.0
2026-06-01,71829,Genesis of Chantilly,Chantilly,VA,20151,511,"Washington, DC (Hagerstown, MD)",38.903778,-77.4621301,116.0
2026-06-01,100529,Genesis of San Diego,San Diego,CA,92111,825,"San Diego, CA",32.8306319,-117.1434333,116.0
2026-06-01,16023,Genesis of Baton Rouge,Baton Rouge,LA,70809,716,"Baton Rouge, LA",30.3805348,-91.0404825,115.0
2026-06-01,99924,Genesis of Avon,Simsbury,CT,06092,533,"Hartford & New Haven, CT",41.8203914,-72.8690454,114.0
2026-06-01,97787,Genesis Montgomery,Montgomery,AL,36106,698,"Montgomery (Selma), AL",32.3606235,-86.2242999,110.0
2026-06-01,65747,Genesis Of Clear Lake,Webster,TX,77598,618,"Houston, TX",29.5340161,-95.13376,110.0
2026-06-01,70074,Genesis of Fort Myers,Fort Myers,FL,33907,571,"Ft. Myers-Naples, FL",26.596538,-81.8605256,110.0
2026-06-01,69823,Genesis Of Charleston,Charleston,SC,29414,519,"Charleston, SC",32.7982545,-80.0859341,108.0
2026-06-01,61284,Genesis of Springfield,Springfield,VA,22150,511,"Washington, DC (Hagerstown, MD)",38.7503466,-77.1828597,108.0
2026-06-01,71052,Lakeland Genesis,Lakeland,FL,33815,539,"Tampa-St Petersburg (Sarasota), FL",28.054301,-81.9758413,107.0
2026-06-01,96938,Genesis of North Cincinnati,Cincinnati,OH,45249,515,"Cincinnati, OH",39.2926575,-84.3036044,106.0
2026-06-01,93460,Genesis of Portland,Portland,OR,97225,820,"Portland, OR",45.4962782,-122.7698208,105.0
2026-06-01,96075,Genesis of Smithtown,Saint James,NY,11780,501,"New York, NY",40.861595,-73.159573,105.0
2026-06-01,61326,Genesis of Denville,Denville,NJ,07834,501,"New York, NY",40.8681668,-74.5137571,104.0
2026-06-01,1130,Genesis of Kirkland,Kirkland,WA,98034,819,"Seattle-Tacoma, WA",47.7072771,-122.1748634,104.0
2026-06-01,67522,Genesis of Wexford,Wexford,PA,15090,508,"Pittsburgh, PA",40.6143612,-80.0568103,102.0
2026-06-01,8533,Genesis North Orlando,Winter Park,FL,32789,534,"Orlando-Daytona Beach-Melbourne, FL",28.6088331,-81.3648614,101.0
2026-06-01,67498,Genesis of West Palm Beach,West Palm Beach,FL,33409,548,"West Palm Beach-Ft. Pierce, FL",26.7072233,-80.0873646,100.0
2026-06-01,10129,Genesis of Covington,Covington,LA,70433,622,"New Orleans, LA",30.4321,-90.0886416,99.0
2026-06-01,69980,Genesis of Minneapolis,Golden Valley,MN,55426,613,"Minneapolis-St. Paul, MN",44.9724585,-93.3935748,99.0
2026-06-01,67536,Genesis of Omaha,Omaha,NE,68118,652,"Omaha, NE",41.2639237,-96.1858719,99.0
2026-06-01,67535,Genesis of Wolfchase,Memphis,TN,38133,640,"Memphis, TN",35.2032351,-89.8071642,99.0
2026-06-01,61217,Genesis of Weatherford,Hudson Oaks,TX,76087,623,"Dallas-Ft. Worth, TX",32.7558051,-97.6929673,98.0
2026-06-01,8947,Genesis of Wichita,Wichita,KS,67206,678,"Wichita-Hutchinson, KS",37.7055104,-97.2084739,95.0
2026-06-01,17853,Genesis of Winston-Salem,Winston-Salem,NC,27127,518,"Greensboro-High Point-Winston Salem, NC",36.0674142,-80.2606633,95.0
2026-06-01,69670,Rick Case Genesis Davie,Davie,FL,33331,528,"Miami-Ft. Lauderdale, FL",26.0758729,-80.3619504,95.0
2026-06-01,4349,Jenkins Genesis of Leesburg,Leesburg,FL,34788,534,"Orlando-Daytona Beach-Melbourne, FL",28.8228437,-81.7874886,94.0
2026-06-01,3566,Genesis of Highland Park,Highland Park,IL,60035,602,"Chicago, IL",42.1609423,-87.8081446,92.0
2026-06-01,71661,Allen Turner Genesis,Pensacola,FL,32505,686,"Mobile, AL-Pensacola (Ft. Walton Beach), FL",30.4750621,-87.247943,91.0
2026-06-01,68256,Genesis of Lexington,Lexington,KY,40509,541,"Lexington, KY",37.9960356,-84.441848,90.0
2026-06-01,72695,Rick Case Genesis,Plantation,FL,33317,528,"Miami-Ft. Lauderdale, FL",26.1351086,-80.2031534,90.0
2026-06-01,4844,Genesis of Miami Lakes,Miami Lakes,FL,33014,528,"Miami-Ft. Lauderdale, FL",25.9235071,-80.3016669,89.0
2026-06-01,61239,Genesis of Central Florida,Clermont,FL,34711,534,"Orlando-Daytona Beach-Melbourne, FL",28.5478492,-81.6689649,88.0
2026-06-01,62587,Genesis of Aurora,Aurora,IL,60504,602,"Chicago, IL",41.7515762,-88.213844,87.0
2026-06-01,69883,Genesis of North Plainfield,North Plainfield,NJ,07060,501,"New York, NY",40.6165806,-74.4551273,87.0
2026-06-01,69931,Genesis of Commerce,West Bloomfield Township,MI,48322,505,"Detroit, MI",42.5607276,-83.4398789,86.0
2026-06-01,72126,Genesis of Ocala,Ocala,FL,34471,534,"Orlando-Daytona Beach-Melbourne, FL",29.1773171,-82.1519073,83.0
2026-06-01,94705,Genesis of Ridgefield,Norwalk,CT,06851,501,"New York, NY",41.1261307,-73.4233158,83.0
2026-06-01,71564,Clay Cooley Genesis of Mesquite,Mesquite,TX,75150,623,"Dallas-Ft. Worth, TX",32.8336891,-96.6306212,82.0
2026-06-01,81842,Genesis of West Warwick,West Warwick,RI,02893,521,"Providence, RI-New Bedford, MA",41.684535,-71.5014056,82.0
2026-06-01,10916,Genesis of Louisville,Jeffersontown,KY,40299,529,"Louisville, KY",38.2125896,-85.5378392,81.0
2026-06-01,100501,Genesis Macon,Macon,GA,31210,503,"Macon, GA",32.8866204,-83.675043,80.0
2026-06-01,69382,Genesis of West Chester,West Chester,PA,19382,504,"Philadelphia, PA",39.9023291,-75.5655602,80.0
2026-06-01,72560,Genesis of West Knoxville,Knoxville,TN,37923,557,"Knoxville, TN",35.9181977,-84.0733877,80.0
2026-06-01,73353,Genesis of Annapolis,Annapolis,MD,21401,512,"Baltimore, MD",38.976603,-76.5095064,79.0
2026-06-01,2525,Genesis of Cool Springs,Franklin,TN,37067,659,"Nashville, TN",35.9580609,-86.8090467,77.0
2026-06-01,7375,Genesis of Bedford,Bedford,OH,44146,510,"Cleveland-Akron (Canton), OH",41.4061393,-81.5482726,75.0
2026-06-01,61240,Genesis of Palm Springs,Palm Springs,CA,92264,804,"Palm Springs, CA",33.7945577,-116.5032881,75.0
2026-06-01,2687,Genesis of Parma,Parma,OH,44129,510,"Cleveland-Akron (Canton), OH",41.4180454,-81.7339114,75.0
2026-06-01,98517,Benzel-Busch Family of Dealerships,Secaucus,NJ,07094,501,"New York, NY",40.7889968,-74.0519873,74.0
2026-06-01,68973,Genesis of Dublin,Dublin,CA,94568,807,"San Francisco-Oakland-San Jose, CA",37.7027037,-121.9030039,74.0
2026-06-01,68945,Genesis of San Antonio East,San Antonio,TX,78233,641,"San Antonio, TX",29.5452956,-98.3688609,74.0
2026-06-01,2157,Genesis of Suitland,Bowie,MD,20716,511,"Washington, DC (Hagerstown, MD)",38.9227402,-76.7179222,74.0
2026-06-01,73795,Crown Genesis,St. Petersburg,FL,33714,539,"Tampa-St Petersburg (Sarasota), FL",27.8204635,-82.6786673,73.0
2026-06-01,69737,Genesis of Richmond,Bon Air,VA,23235,556,"Richmond-Petersburg, VA",37.5013145,-77.5717929,73.0
2026-06-01,91447,Genesis of Albany,Albany,NY,12205,532,"Albany-Schenectady-Troy, NY",42.7296031,-73.8529553,72.0
2026-06-01,69375,Genesis of Hilton Head,Bluffton,SC,29910,507,"Savannah, GA",32.2898537,-80.9132918,69.0
2026-06-01,1250,Genesis of New Orleans,Metairie,LA,70003,622,"New Orleans, LA",30.0058423,-90.2210481,69.0
2026-06-01,83168,Genesis of Framingham,Framingham,MA,01702,506,"Boston, MA-Manchester, NH",42.2974046,-71.417428,68.0
2026-06-01,64426,Genesis of Algonquin,Algonquin,IL,60102,602,"Chicago, IL",42.1629985,-88.3344476,67.0
2026-06-01,72197,Genesis of Doylestown,Doylestown,PA,18902,504,"Philadelphia, PA",40.3335783,-75.1370158,67.0
2026-06-01,98745,Genesis of Danvers,Danvers,MA,01923,506,"Boston, MA-Manchester, NH",42.5595013,-70.9786915,66.0
2026-06-01,70476,Genesis of Escondido,Escondido,CA,92029,825,"San Diego, CA",33.1150272,-117.1049655,65.0
2026-06-01,68961,Genesis of Hampton,Hampton,VA,23666,544,"Norfolk-Portsmouth-Newport News,VA",37.0619771,-76.4003949,65.0
2026-06-01,66747,Genesis Of Southfield,Southfield,MI,48034,505,"Detroit, MI",42.4941876,-83.2830437,64.0
2026-06-01,9254,Genesis of Bloomington-Normal,Normal,IL,61761,675,"Peoria-Bloomington, IL",40.5165466,-88.9541909,63.0
2026-06-01,68840,Genesis of Golden,Golden,CO,80401,751,"Denver, CO",39.730479,-105.1754951,63.0
2026-06-01,73893,Genesis of Brunswick,South Brunswick Township,NJ,08852,501,"New York, NY",40.4111541,-74.5423003,62.0
2026-06-01,1691,Genesis of Fairfield,Fairfield,CT,06825,501,"New York, NY",41.1661525,-73.2298512,61.0
2026-06-01,70290,Genesis of Greer,Greer,SC,29651,567,"Greenville-Spartanburg, SC-Asheville, NC-Anderson, SC",34.949924,-82.198468,61.0
2026-06-01,9594,Genesis of Orange Park,Jacksonville,FL,32244,561,"Jacksonville, FL",30.2100757,-81.7391104,61.0
2026-06-01,69447,King Genesis,Deerfield Beach,FL,33441,528,"Miami-Ft. Lauderdale, FL",26.29967,-80.0946749,60.0
2026-06-01,2584,Genesis Of Norman,Norman,OK,73069,650,"Oklahoma City, OK",35.2248696,-97.4845549,58.0
2026-06-01,71974,Genesis of Columbia,Columbia,SC,29203,546,"Columbia, SC",34.1430845,-80.9485594,58.0
2026-06-01,61459,Genesis of Augusta,Augusta,GA,30907,520,"Augusta, GA",33.5157506,-82.0641493,57.0
2026-06-01,70573,Genesis of Gwinnett,Duluth,GA,30096,524,"Atlanta, GA",33.9606012,-84.1164625,56.0
2026-06-01,61515,Genesis Of Madison,Madison,WI,53713,669,"Madison, WI",43.0341872,-89.4116586,55.0
2026-06-01,94818,Genesis of Milwaukee,Waukesha,WI,53186,617,"Milwaukee, WI",43.0244944,-88.2038863,54.0
2026-06-01,4571,Genesis of Nashua,Nashua,NH,03060,506,"Boston, MA-Manchester, NH",42.7272329,-71.4464946,54.0
2026-06-01,11303,Genesis of Appleton,Appleton,WI,54913,658,"Green Bay-Appleton, WI",44.2887964,-88.4759736,53.0
2026-06-01,94567,Genesis of Kansas City,Overland Park,KS,66204,616,"Kansas City, MO",38.9882713,-94.6681597,52.0
2026-06-01,69757,Genesis of Wilkes-Barre,Wilkes-Barre,PA,18702,577,"Wilkes Barre-Scranton, PA",41.2549421,-75.8381435,52.0
2026-06-01,6292,Genesis of Harlingen,Harlingen,TX,78552,636,"Harlingen-Weslaco-Brownsville-McAllen, TX",26.1864793,-97.7753841,51.0
2026-06-01,3536,Genesis of Rockville,North Bethesda,MD,20852,511,"Washington, DC (Hagerstown, MD)",39.0438363,-77.1107675,50.0
2026-06-01,73042,Gettel Genesis of Lakewood,Bradenton,FL,34208,539,"Tampa-St Petersburg (Sarasota), FL",27.4953171,-82.4871204,50.0
2026-06-01,60611,Genesis of Huntsville,Huntsville,AL,35816,691,"Huntsville-Decatur (Florence), AL",34.7342382,-86.6214927,46.0
2026-06-01,71500,Genesis of Waterloo,Waterloo,IA,50702,637,"Cedar Rapids-Waterloo-Iowa City & Dubuque, IA",42.4906379,-92.3401956,46.0
2026-06-01,91019,Genesis of Hickory,Hickory,NC,28602,517,"Charlotte, NC",35.7151389,-81.3379647,45.0
2026-06-01,9171,Genesis of Longview,Longview,TX,75605,709,"Tyler-Longview(Lufkin & Nacogdoches), TX",32.5633713,-94.7310184,45.0
2026-06-01,67547,Genesis of Ogden,Ogden,UT,84401,770,"Salt Lake City, UT",41.2030548,-111.9799594,44.0
2026-06-01,73395,Genesis of Union City,Riverdale,GA,30274,524,"Atlanta, GA",33.5645576,-84.4132949,42.0
2026-06-01,6832,Genesis of Denton,Denton,TX,76210,623,"Dallas-Ft. Worth, TX",33.1691755,-97.0819556,40.0
2026-06-01,73383,Genesis of Newnan,Newnan,GA,30263,524,"Atlanta, GA",33.3980326,-84.751469,40.0
2026-06-01,9530,Genesis of Brunswick,Brunswick,OH,44212,510,"Cleveland-Akron (Canton), OH",41.2391403,-81.7926475,39.0
2026-06-01,69370,Genesis of Northampton,Northampton,MA,01060,543,"Springfield-Holyoke, MA",42.3359481,-72.6356287,39.0
2026-06-01,36300,Delray Genesis,Delray Beach,FL,33483,548,"West Palm Beach-Ft. Pierce, FL",26.4720932,-80.0668508,38.0
2026-06-01,70200,Genesis of Chattanooga,Chattanooga,TN,37421,575,"Chattanooga, TN",35.0602866,-85.1922179,38.0
2026-06-01,65171,Genesis of Selma,Selma,CA,93662,866,"Fresno-Visalia, CA",36.5705206,-119.6297571,34.0
2026-06-01,72712,Genesis of Roswell,Roswell,GA,30076,524,"Atlanta, GA",34.056201,-84.32906,32.0
2026-06-01,61176,Headquarter Genesis,Lake Mary,FL,32746,534,"Orlando-Daytona Beach-Melbourne, FL",28.7885443,-81.3466546,32.0
2026-06-01,68812,Genesis of South Knoxville,Alcoa,TN,37701,557,"Knoxville, TN",35.8245636,-83.9755837,31.0
2026-06-01,70876,Doral Genesis,Doral,FL,33172,528,"Miami-Ft. Lauderdale, FL",25.7843093,-80.3669404,30.0
2026-06-01,42325,Genesis Memphis Covington Pike,Memphis,TN,38134,640,"Memphis, TN",35.1781733,-89.8953093,30.0
2026-06-01,2511,Genesis of Clearwater,Clearwater,FL,33761,539,"Tampa-St Petersburg (Sarasota), FL",28.0222085,-82.7380372,29.0
2026-06-01,73397,Genesis of Daytona Beach,Daytona Beach,FL,32117,534,"Orlando-Daytona Beach-Melbourne, FL",29.2235952,-81.0481335,29.0
2026-06-01,68638,Genesis of Downtown Chicago,Chicago,IL,60616,602,"Chicago, IL",41.8442199,-87.6240557,28.0
2026-06-01,69414,Genesis of Olive Branch,Olive Branch,MS,38654,640,"Memphis, TN",34.9790497,-89.8645852,27.0
2026-06-01,61112,Homestead Genesis,Homestead,FL,33030,528,"Miami-Ft. Lauderdale, FL",25.4674062,-80.472177,27.0
2026-06-01,68698,GENESIS OF BAYSIDE,Queens,NY,11361,501,"New York, NY",40.7573441,-73.7811612,26.0
2026-06-01,8386,Genesis of Huntington,Huntington,NY,11743,501,"New York, NY",40.8332861,-73.3617156,26.0
2026-06-01,69498,Genesis of Eastern Shore,Daphne,AL,36526,686,"Mobile, AL-Pensacola (Ft. Walton Beach), FL",30.6607867,-87.8567477,24.0
2026-06-01,69677,Genesis of La Quinta,La Quinta,CA,92253,804,"Palm Springs, CA",33.7072313,-116.2852619,24.0
2026-06-01,69102,Orlando Genesis,Orlando,FL,32808,534,"Orlando-Daytona Beach-Melbourne, FL",28.5521196,-81.4309809,24.0
2026-06-01,8750,Sid Dillon Genesis of Lincoln,Lincoln,NE,68512,722,"Lincoln & Hastings-Kearney, NE",40.7364094,-96.6846163,23.0
2026-06-01,71271,Genesis of Cartersville,Cartersville,GA,30120,524,"Atlanta, GA",34.1915656,-84.7876903,22.0
2026-06-01,72341,Genesis of Auburn,Auburn,AL,36830,522,"Columbus, GA",32.6179594,-85.4635689,21.0
2026-06-01,5541,Genesis Glenview,Glenview,IL,60026,602,"Chicago, IL",42.1061877,-87.8216753,20.0
2026-06-01,648,Genesis of Calumet City,Calumet City,IL,60409,602,"Chicago, IL",41.6004518,-87.5734156,20.0
2026-06-01,52776,Genesis Of Macomb,Macomb,MI,48044,505,"Detroit, MI",42.6294783,-82.9318824,19.0
2026-06-01,70356,Hampton Genesis,Fort Walton Beach,FL,32548,686,"Mobile, AL-Pensacola (Ft. Walton Beach), FL",30.4123712,-86.6281688,19.0
2026-06-01,69409,Genesis of Richmond,Richmond,CA,94806,807,"San Francisco-Oakland-San Jose, CA",37.9857273,-122.3202802,18.0
2026-06-01,73481,Genesis of Kalamazoo,Kalamazoo,MI,49009,563,"Grand Rapids-Kalamazoo-Battle Creek, MI",42.2973176,-85.6584469,17.0
2026-06-01,73375,Genesis of Melbourne,Melbourne,FL,32901,534,"Orlando-Daytona Beach-Melbourne, FL",28.0781199,-80.6372008,17.0
2026-06-01,3992,Genesis of New Bern,New Bern,NC,28560,545,"Greenville-New Bern-Washington, NC",35.0579658,-77.0170433,16.0
2026-06-01,64724,Genesis of Groveport,Groveport,OH,43125,535,"Columbus, OH",39.8895794,-82.8876146,15.0
2026-06-01,793,Genesis of Hazelwood,Hazelwood,MO,63042,609,"St. Louis, MO",38.7811015,-90.3650463,14.0
2026-06-01,49527,Genesis of Urbana,Urbana,IL,61802,648,"Champaign & Springfield-Decatur,IL",40.1386655,-88.1960739,14.0
2026-06-01,3152,Genesis of St. Cloud,Waite Park,MN,56387,613,"Minneapolis-St. Paul, MN",45.5485676,-94.2285831,13.0
2026-06-01,69701,Genesis of Victorville,Victorville,CA,92392,803,"Los Angeles, CA",34.5060794,-117.3405032,6.0
2026-06-01,13492,Genesis of Brunswick,Brunswick,GA,31525,561,"Jacksonville, FL",31.2072117,-81.4811899,2.0
2026-06-01,61156,Genesis of Mattoon,Mattoon,IL,61938,648,"Champaign & Springfield-Decatur,IL",39.4823346,-88.3786268,1.0
2026-06-01,100081,Spicer's Boat City,Houghton Lake,MI,48629,540,"Traverse City-Cadillac, MI",44.2970658,-84.7217605,1.0
2026-07-01,61186,Braman Genesis,Miami,FL,33137,528,"Miami-Ft. Lauderdale, FL",25.7954893,-80.1910373,761.0
2026-07-01,73396,Genesis of Cherry Hill,Evesham,NJ,08053,504,"Philadelphia, PA",39.8831146,-74.9226358,406.0
2026-07-01,64605,Genesis of South Bay,Torrance,CA,90505,803,"Los Angeles, CA",33.7991718,-118.3411724,315.0
2026-07-01,29179,Genesis of White Plains,White Plains,NY,10606,501,"New York, NY",41.0350081,-73.7836873,296.0
2026-07-01,62609,Norm Reeves Genesis of Cerritos,Cerritos,CA,90703,803,"Los Angeles, CA",33.8662378,-118.1015234,281.0
2026-07-01,69264,Genesis of Naples,Naples,FL,34109,571,"Ft. Myers-Naples, FL",26.2279083,-81.7660554,278.0
2026-07-01,68783,Coconut Creek Genesis,Coconut Creek,FL,33073,528,"Miami-Ft. Lauderdale, FL",26.2914037,-80.2009677,276.0
2026-07-01,28092,Genesis of Las Vegas,Las Vegas,NV,89117,839,"Las Vegas, NV",36.1449418,-115.2489832,274.0
2026-07-01,99817,Genesis Ring 1,Derwood,MD,20855,511,"Washington, DC (Hagerstown, MD)",39.10844,-77.1511615,242.0
2026-07-01,98536,Galpin Genesis of Van Nuys,Los Angeles,CA,91406,803,"Los Angeles, CA",34.2209833,-118.4687863,240.0
2026-07-01,72517,Genesis of Loma Linda,Ontario,CA,91764,803,"Los Angeles, CA",34.0699402,-117.6059991,240.0
2026-07-01,10409,Genesis of Southwest Houston,Houston,TX,77074,618,"Houston, TX",29.6691333,-95.5474174,229.0
2026-07-01,73840,Genesis of Braintree,Quincy,MA,02169,506,"Boston, MA-Manchester, NH",42.2364548,-70.9785026,225.0
2026-07-01,72010,Genesis of Charlotte,Charlotte,NC,28227,517,"Charlotte, NC",35.1428872,-80.7216186,225.0
2026-07-01,6767,Tuttle-Click Genesis,Irvine,CA,92618,803,"Los Angeles, CA",33.6342181,-117.7233823,221.0
2026-07-01,73041,Gettel Genesis of Sarasota,Sarasota,FL,34233,539,"Tampa-St Petersburg (Sarasota), FL",27.2695206,-82.4746827,215.0
2026-07-01,70287,Genesis of St. Charles,St. Peters,MO,63376,609,"St. Louis, MO",38.7975346,-90.5978187,211.0
2026-07-01,64037,Universal Genesis,Orlando,FL,32837,534,"Orlando-Daytona Beach-Melbourne, FL",28.3794594,-81.4033691,205.0
2026-07-01,100307,Genesis of Mountain View,Mountain View,CA,94040,807,"San Francisco-Oakland-San Jose, CA",37.4048603,-122.1093955,201.0
2026-07-01,71490,Genesis of West Houston,Houston,TX,77094,618,"Houston, TX",29.7836158,-95.673582,200.0
2026-07-01,2734,Genesis of Carmel,Indianapolis,IN,46240,527,"Indianapolis, IN",39.9293455,-86.0966346,186.0
2026-07-01,57353,Jenkins Genesis of North East Jacksonville,Jacksonville,FL,32225,561,"Jacksonville, FL",30.3253588,-81.5105439,185.0
2026-07-01,72673,Earnhardt Genesis North Scottsdale,Scottsdale,AZ,85260,753,"Phoenix, AZ",33.631299,-111.8982196,180.0
2026-07-01,69570,Genesis of Cary,Cary,NC,27511,560,"Raleigh-Durham (Fayetteville), NC",35.7384809,-78.8093998,180.0
2026-07-01,62581,Genesis Santa Monica,Santa Monica,CA,90404,803,"Los Angeles, CA",34.03227,-118.4751279,175.0
2026-07-01,9001,Genesis of Chandler,Chandler,AZ,85286,753,"Phoenix, AZ",33.2846933,-111.7910889,174.0
2026-07-01,94375,Castle Genesis of Downers Grove,Oakbrook Terrace,IL,60181,602,"Chicago, IL",41.8582742,-87.9545485,171.0
2026-07-01,69980,Genesis of Minneapolis,Golden Valley,MN,55426,613,"Minneapolis-St. Paul, MN",44.9724585,-93.3935748,167.0
2026-07-01,66836,Genesis of Peoria,Peoria,AZ,85382,753,"Phoenix, AZ",33.6372458,-112.2451079,167.0
2026-07-01,74040,Genesis of San Bruno,San Bruno,CA,94066,807,"San Francisco-Oakland-San Jose, CA",37.6372585,-122.419091,166.0
2026-07-01,1393,Genesis of Plano,Plano,TX,75093,623,"Dallas-Ft. Worth, TX",33.0102218,-96.7668456,165.0
2026-07-01,67653,Genesis of Corona,Corona,CA,92882,803,"Los Angeles, CA",33.882918,-117.6138489,159.0
2026-07-01,9004,Genesis of Littleton,Englewood,CO,80113,751,"Denver, CO",39.6200977,-104.9885845,158.0
2026-07-01,7006,Genesis of Atlanta,Atlanta,GA,30341,524,"Atlanta, GA",33.9080158,-84.2909986,152.0
2026-07-01,73680,Genesis of Wayne,Wayne,NJ,07470,501,"New York, NY",40.948967,-74.276307,150.0
2026-07-01,4941,Genesis of Conshohocken,Conshohocken,PA,19428,504,"Philadelphia, PA",40.1028837,-75.3064312,149.0
2026-07-01,53667,Genesis Of Cumming,Cumming,GA,30041,524,"Atlanta, GA",34.1439728,-84.1730152,147.0
2026-07-01,3102,Genesis of Alexandria,Alexandria,VA,22301,511,"Washington, DC (Hagerstown, MD)",38.8213866,-77.0576309,146.0
2026-07-01,52440,Genesis of Mentor,Mentor,OH,44060,510,"Cleveland-Akron (Canton), OH",41.6834521,-81.3348422,144.0
2026-07-01,10212,Genesis of Edmond,Edmond,OK,73013,650,"Oklahoma City, OK",35.6128747,-97.4967472,142.0
2026-07-01,73682,Wallace Genesis,Stuart,FL,34997,548,"West Palm Beach-Ft. Pierce, FL",27.1605832,-80.2229084,142.0
2026-07-01,4899,Genesis of Conway,Conway,AR,72032,693,"Little Rock-Pine Bluff, AR",35.093494,-92.421864,136.0
2026-07-01,7692,Genesis of The South Shore,West Islip,NY,11795,501,"New York, NY",40.7207062,-73.3044797,134.0
2026-07-01,69062,Genesis of Lindon,Lindon,UT,84042,770,"Salt Lake City, UT",40.3293405,-111.7338433,133.0
2026-07-01,73389,Genesis of Freehold,Freehold,NJ,07728,501,"New York, NY",40.2641336,-74.2924834,131.0
2026-07-01,99734,Genesis of Tampa,Tampa,FL,33613,539,"Tampa-St Petersburg (Sarasota), FL",28.0872094,-82.4521026,131.0
2026-07-01,103030,Genesis of Schererville,Schererville,IN,46375,602,"Chicago, IL",41.476484,-87.4051332,129.0
2026-07-01,71052,Lakeland Genesis,Lakeland,FL,33815,539,"Tampa-St Petersburg (Sarasota), FL",28.054301,-81.9758413,129.0
2026-07-01,96938,Genesis of North Cincinnati,Cincinnati,OH,45249,515,"Cincinnati, OH",39.2926575,-84.3036044,127.0
2026-07-01,1531,Genesis of Manchester,Bedford,NH,03110,506,"Boston, MA-Manchester, NH",42.944374,-71.472789,126.0
2026-07-01,70074,Genesis of Fort Myers,Fort Myers,FL,33907,571,"Ft. Myers-Naples, FL",26.596538,-81.8605256,125.0
2026-07-01,100529,Genesis of San Diego,San Diego,CA,92111,825,"San Diego, CA",32.8306319,-117.1434333,125.0
2026-07-01,4457,Genesis of Spring,Spring,TX,77373,618,"Houston, TX",30.0627988,-95.4322263,124.0
2026-07-01,71985,Genesis of Columbus,Columbus,OH,43230,535,"Columbus, OH",40.0598318,-82.9433206,123.0
2026-07-01,67522,Genesis of Wexford,Wexford,PA,15090,508,"Pittsburgh, PA",40.6143612,-80.0568103,123.0
2026-07-01,70052,Norm Reeves Genesis of Irving,Irving,TX,75062,623,"Dallas-Ft. Worth, TX",32.8360367,-96.921086,122.0
2026-07-01,16023,Genesis of Baton Rouge,Baton Rouge,LA,70809,716,"Baton Rouge, LA",30.3805348,-91.0404825,121.0
2026-07-01,26003,Genesis of Elgin,Elgin,IL,60120,602,"Chicago, IL",42.0317119,-88.2445971,119.0
2026-07-01,70696,Genesis of Round Rock,Round Rock,TX,78665,635,"Austin, TX",30.5322484,-97.6891408,119.0
2026-07-01,57975,Genesis of Kennesaw,Kennesaw,GA,30144,524,"Atlanta, GA",34.0233261,-84.5734338,118.0
2026-07-01,71992,Genesis of Brooklyn,Brooklyn,NY,11232,501,"New York, NY",40.6571085,-74.014405,117.0
2026-07-01,70835,Genesis of Tulsa,Tulsa,OK,74133,671,"Tulsa, OK",36.022119,-95.8852819,115.0
2026-07-01,12986,Genesis of Buffalo,Williamsville,NY,14221,514,"Buffalo, NY",42.960953,-78.691081,113.0
2026-07-01,62585,Genesis of the North Shore,Hicksville,NY,11801,501,"New York, NY",40.7702089,-73.5027249,113.0
2026-07-01,4919,Genesis of North Aurora,North Aurora,IL,60542,602,"Chicago, IL",41.80082,-88.3739138,108.0
2026-07-01,61284,Genesis of Springfield,Springfield,VA,22150,511,"Washington, DC (Hagerstown, MD)",38.7503466,-77.1828597,108.0
2026-07-01,67535,Genesis of Wolfchase,Memphis,TN,38133,640,"Memphis, TN",35.2032351,-89.8071642,108.0
2026-07-01,6996,Genesis of Lafayette,Lafayette,LA,70506,642,"Lafayette, LA",30.1552098,-92.0910284,105.0
2026-07-01,64003,Genesis of Bel Air,Fallston,MD,21047,512,"Baltimore, MD",39.5065574,-76.3858171,103.0
2026-07-01,10129,Genesis of Covington,Covington,LA,70433,622,"New Orleans, LA",30.4321,-90.0886416,103.0
2026-07-01,61239,Genesis of Central Florida,Clermont,FL,34711,534,"Orlando-Daytona Beach-Melbourne, FL",28.5478492,-81.6689649,102.0
2026-07-01,73379,Genesis of Milford,Milford,CT,06460,533,"Hartford & New Haven, CT",41.2076083,-73.0884209,102.0
2026-07-01,71564,Clay Cooley Genesis of Mesquite,Mesquite,TX,75150,623,"Dallas-Ft. Worth, TX",32.8336891,-96.6306212,99.0
2026-07-01,69823,Genesis Of Charleston,Charleston,SC,29414,519,"Charleston, SC",32.7982545,-80.0859341,99.0
2026-07-01,62587,Genesis of Aurora,Aurora,IL,60504,602,"Chicago, IL",41.7515762,-88.213844,98.0
2026-07-01,99924,Genesis of Avon,Simsbury,CT,06092,533,"Hartford & New Haven, CT",41.8203914,-72.8690454,98.0
2026-07-01,71829,Genesis of Chantilly,Chantilly,VA,20151,511,"Washington, DC (Hagerstown, MD)",38.903778,-77.4621301,97.0
2026-07-01,4844,Genesis of Miami Lakes,Miami Lakes,FL,33014,528,"Miami-Ft. Lauderdale, FL",25.9235071,-80.3016669,95.0
2026-07-01,1130,Genesis of Kirkland,Kirkland,WA,98034,819,"Seattle-Tacoma, WA",47.7072771,-122.1748634,94.0
2026-07-01,4349,Jenkins Genesis of Leesburg,Leesburg,FL,34788,534,"Orlando-Daytona Beach-Melbourne, FL",28.8228437,-81.7874886,94.0
2026-07-01,69032,Genesis Of NW San Antonio,Boerne,TX,78006,641,"San Antonio, TX",29.6844593,-98.6411438,92.0
2026-07-01,17853,Genesis of Winston-Salem,Winston-Salem,NC,27127,518,"Greensboro-High Point-Winston Salem, NC",36.0674142,-80.2606633,91.0
2026-07-01,72695,Rick Case Genesis,Plantation,FL,33317,528,"Miami-Ft. Lauderdale, FL",26.1351086,-80.2031534,91.0
2026-07-01,8533,Genesis North Orlando,Winter Park,FL,32789,534,"Orlando-Daytona Beach-Melbourne, FL",28.6088331,-81.3648614,90.0
2026-07-01,61217,Genesis of Weatherford,Hudson Oaks,TX,76087,623,"Dallas-Ft. Worth, TX",32.7558051,-97.6929673,90.0
2026-07-01,65747,Genesis Of Clear Lake,Webster,TX,77598,618,"Houston, TX",29.5340161,-95.13376,89.0
2026-07-01,67536,Genesis of Omaha,Omaha,NE,68118,652,"Omaha, NE",41.2639237,-96.1858719,89.0
2026-07-01,96075,Genesis of Smithtown,Saint James,NY,11780,501,"New York, NY",40.861595,-73.159573,89.0
2026-07-01,97787,Genesis Montgomery,Montgomery,AL,36106,698,"Montgomery (Selma), AL",32.3606235,-86.2242999,88.0
2026-07-01,68256,Genesis of Lexington,Lexington,KY,40509,541,"Lexington, KY",37.9960356,-84.441848,87.0
2026-07-01,70631,Genesis of Lake Norman,Cornelius,NC,28031,517,"Charlotte, NC",35.467345,-80.872696,86.0
2026-07-01,93460,Genesis of Portland,Portland,OR,97225,820,"Portland, OR",45.4962782,-122.7698208,86.0
2026-07-01,36882,Genesis of Virginia Beach,Virginia Beach,VA,23452,544,"Norfolk-Portsmouth-Newport News,VA",36.8356924,-76.0987758,85.0
2026-07-01,69883,Genesis of North Plainfield,North Plainfield,NJ,07060,501,"New York, NY",40.6165806,-74.4551273,82.0
2026-07-01,61326,Genesis of Denville,Denville,NJ,07834,501,"New York, NY",40.8681668,-74.5137571,81.0
2026-07-01,3566,Genesis of Highland Park,Highland Park,IL,60035,602,"Chicago, IL",42.1609423,-87.8081446,81.0
2026-07-01,69670,Rick Case Genesis Davie,Davie,FL,33331,528,"Miami-Ft. Lauderdale, FL",26.0758729,-80.3619504,81.0
2026-07-01,68973,Genesis of Dublin,Dublin,CA,94568,807,"San Francisco-Oakland-San Jose, CA",37.7027037,-121.9030039,80.0
2026-07-01,72560,Genesis of West Knoxville,Knoxville,TN,37923,557,"Knoxville, TN",35.9181977,-84.0733877,80.0
2026-07-01,100501,Genesis Macon,Macon,GA,31210,503,"Macon, GA",32.8866204,-83.675043,79.0
2026-07-01,10916,Genesis of Louisville,Jeffersontown,KY,40299,529,"Louisville, KY",38.2125896,-85.5378392,79.0
2026-07-01,67498,Genesis of West Palm Beach,West Palm Beach,FL,33409,548,"West Palm Beach-Ft. Pierce, FL",26.7072233,-80.0873646,79.0
2026-07-01,72126,Genesis of Ocala,Ocala,FL,34471,534,"Orlando-Daytona Beach-Melbourne, FL",29.1773171,-82.1519073,78.0
2026-07-01,69382,Genesis of West Chester,West Chester,PA,19382,504,"Philadelphia, PA",39.9023291,-75.5655602,75.0
2026-07-01,68961,Genesis of Hampton,Hampton,VA,23666,544,"Norfolk-Portsmouth-Newport News,VA",37.0619771,-76.4003949,74.0
2026-07-01,94705,Genesis of Ridgefield,Norwalk,CT,06851,501,"New York, NY",41.1261307,-73.4233158,74.0
2026-07-01,61240,Genesis of Palm Springs,Palm Springs,CA,92264,804,"Palm Springs, CA",33.7945577,-116.5032881,71.0
2026-07-01,8947,Genesis of Wichita,Wichita,KS,67206,678,"Wichita-Hutchinson, KS",37.7055104,-97.2084739,70.0
2026-07-01,73795,Crown Genesis,St. Petersburg,FL,33714,539,"Tampa-St Petersburg (Sarasota), FL",27.8204635,-82.6786673,69.0
2026-07-01,69375,Genesis of Hilton Head,Bluffton,SC,29910,507,"Savannah, GA",32.2898537,-80.9132918,69.0
2026-07-01,68945,Genesis of San Antonio East,San Antonio,TX,78233,641,"San Antonio, TX",29.5452956,-98.3688609,69.0
2026-07-01,81842,Genesis of West Warwick,West Warwick,RI,02893,521,"Providence, RI-New Bedford, MA",41.684535,-71.5014056,68.0
2026-07-01,71661,Allen Turner Genesis,Pensacola,FL,32505,686,"Mobile, AL-Pensacola (Ft. Walton Beach), FL",30.4750621,-87.247943,67.0
2026-07-01,2584,Genesis Of Norman,Norman,OK,73069,650,"Oklahoma City, OK",35.2248696,-97.4845549,66.0
2026-07-01,11303,Genesis of Appleton,Appleton,WI,54913,658,"Green Bay-Appleton, WI",44.2887964,-88.4759736,66.0
2026-07-01,2687,Genesis of Parma,Parma,OH,44129,510,"Cleveland-Akron (Canton), OH",41.4180454,-81.7339114,64.0
2026-07-01,73383,Genesis of Newnan,Newnan,GA,30263,524,"Atlanta, GA",33.3980326,-84.751469,63.0
2026-07-01,70573,Genesis of Gwinnett,Duluth,GA,30096,524,"Atlanta, GA",33.9606012,-84.1164625,62.0
2026-07-01,61567,Genesis of Monroeville,Monroeville,PA,15146,508,"Pittsburgh, PA",40.4308948,-79.7170895,62.0
2026-07-01,7375,Genesis of Bedford,Bedford,OH,44146,510,"Cleveland-Akron (Canton), OH",41.4061393,-81.5482726,61.0
2026-07-01,68840,Genesis of Golden,Golden,CO,80401,751,"Denver, CO",39.730479,-105.1754951,61.0
2026-07-01,73042,Gettel Genesis of Lakewood,Bradenton,FL,34208,539,"Tampa-St Petersburg (Sarasota), FL",27.4953171,-82.4871204,60.0
2026-07-01,69447,King Genesis,Deerfield Beach,FL,33441,528,"Miami-Ft. Lauderdale, FL",26.29967,-80.0946749,60.0
2026-07-01,61515,Genesis Of Madison,Madison,WI,53713,669,"Madison, WI",43.0341872,-89.4116586,59.0
2026-07-01,83168,Genesis of Framingham,Framingham,MA,01702,506,"Boston, MA-Manchester, NH",42.2974046,-71.417428,59.0
2026-07-01,60611,Genesis of Huntsville,Huntsville,AL,35816,691,"Huntsville-Decatur (Florence), AL",34.7342382,-86.6214927,59.0
2026-07-01,9594,Genesis of Orange Park,Jacksonville,FL,32244,561,"Jacksonville, FL",30.2100757,-81.7391104,59.0
2026-07-01,2525,Genesis of Cool Springs,Franklin,TN,37067,659,"Nashville, TN",35.9580609,-86.8090467,58.0
2026-07-01,69737,Genesis of Richmond,Bon Air,VA,23235,556,"Richmond-Petersburg, VA",37.5013145,-77.5717929,57.0
2026-07-01,64426,Genesis of Algonquin,Algonquin,IL,60102,602,"Chicago, IL",42.1629985,-88.3344476,56.0
2026-07-01,70290,Genesis of Greer,Greer,SC,29651,567,"Greenville-Spartanburg, SC-Asheville, NC-Anderson, SC",34.949924,-82.198468,56.0
2026-07-01,94567,Genesis of Kansas City,Overland Park,KS,66204,616,"Kansas City, MO",38.9882713,-94.6681597,56.0
2026-07-01,68812,Genesis of South Knoxville,Alcoa,TN,37701,557,"Knoxville, TN",35.8245636,-83.9755837,55.0
2026-07-01,73353,Genesis of Annapolis,Annapolis,MD,21401,512,"Baltimore, MD",38.976603,-76.5095064,54.0
2026-07-01,61459,Genesis of Augusta,Augusta,GA,30907,520,"Augusta, GA",33.5157506,-82.0641493,53.0
2026-07-01,98745,Genesis of Danvers,Danvers,MA,01923,506,"Boston, MA-Manchester, NH",42.5595013,-70.9786915,53.0
2026-07-01,1691,Genesis of Fairfield,Fairfield,CT,06825,501,"New York, NY",41.1661525,-73.2298512,52.0
2026-07-01,9171,Genesis of Longview,Longview,TX,75605,709,"Tyler-Longview(Lufkin & Nacogdoches), TX",32.5633713,-94.7310184,52.0
2026-07-01,69757,Genesis of Wilkes-Barre,Wilkes-Barre,PA,18702,577,"Wilkes Barre-Scranton, PA",41.2549421,-75.8381435,52.0
2026-07-01,67547,Genesis of Ogden,Ogden,UT,84401,770,"Salt Lake City, UT",41.2030548,-111.9799594,50.0
2026-07-01,70476,Genesis of Escondido,Escondido,CA,92029,825,"San Diego, CA",33.1150272,-117.1049655,49.0
2026-07-01,66747,Genesis Of Southfield,Southfield,MI,48034,505,"Detroit, MI",42.4941876,-83.2830437,48.0
2026-07-01,71974,Genesis of Columbia,Columbia,SC,29203,546,"Columbia, SC",34.1430845,-80.9485594,47.0
2026-07-01,91447,Genesis of Albany,Albany,NY,12205,532,"Albany-Schenectady-Troy, NY",42.7296031,-73.8529553,46.0
2026-07-01,3536,Genesis of Rockville,North Bethesda,MD,20852,511,"Washington, DC (Hagerstown, MD)",39.0438363,-77.1107675,46.0
2026-07-01,9254,Genesis of Bloomington-Normal,Normal,IL,61761,675,"Peoria-Bloomington, IL",40.5165466,-88.9541909,45.0
2026-07-01,2157,Genesis of Suitland,Bowie,MD,20716,511,"Washington, DC (Hagerstown, MD)",38.9227402,-76.7179222,45.0
2026-07-01,91019,Genesis of Hickory,Hickory,NC,28602,517,"Charlotte, NC",35.7151389,-81.3379647,44.0
2026-07-01,4571,Genesis of Nashua,Nashua,NH,03060,506,"Boston, MA-Manchester, NH",42.7272329,-71.4464946,42.0
2026-07-01,71500,Genesis of Waterloo,Waterloo,IA,50702,637,"Cedar Rapids-Waterloo-Iowa City & Dubuque, IA",42.4906379,-92.3401956,42.0
2026-07-01,73893,Genesis of Brunswick,South Brunswick Township,NJ,08852,501,"New York, NY",40.4111541,-74.5423003,41.0
2026-07-01,72197,Genesis of Doylestown,Doylestown,PA,18902,504,"Philadelphia, PA",40.3335783,-75.1370158,41.0
2026-07-01,70876,Doral Genesis,Doral,FL,33172,528,"Miami-Ft. Lauderdale, FL",25.7843093,-80.3669404,40.0
2026-07-01,1250,Genesis of New Orleans,Metairie,LA,70003,622,"New Orleans, LA",30.0058423,-90.2210481,40.0
2026-07-01,70200,Genesis of Chattanooga,Chattanooga,TN,37421,575,"Chattanooga, TN",35.0602866,-85.1922179,39.0
2026-07-01,42325,Genesis Memphis Covington Pike,Memphis,TN,38134,640,"Memphis, TN",35.1781733,-89.8953093,36.0
2026-07-01,69931,Genesis of Commerce,West Bloomfield Township,MI,48322,505,"Detroit, MI",42.5607276,-83.4398789,36.0
2026-07-01,36300,Delray Genesis,Delray Beach,FL,33483,548,"West Palm Beach-Ft. Pierce, FL",26.4720932,-80.0668508,35.0
2026-07-01,69370,Genesis of Northampton,Northampton,MA,01060,543,"Springfield-Holyoke, MA",42.3359481,-72.6356287,35.0
2026-07-01,9530,Genesis of Brunswick,Brunswick,OH,44212,510,"Cleveland-Akron (Canton), OH",41.2391403,-81.7926475,34.0
2026-07-01,73375,Genesis of Melbourne,Melbourne,FL,32901,534,"Orlando-Daytona Beach-Melbourne, FL",28.0781199,-80.6372008,34.0
2026-07-01,3156,Genesis of Schaumburg,Schaumburg,IL,60173,602,"Chicago, IL",42.0509027,-88.053118,34.0
2026-07-01,65171,Genesis of Selma,Selma,CA,93662,866,"Fresno-Visalia, CA",36.5705206,-119.6297571,33.0
2026-07-01,61176,Headquarter Genesis,Lake Mary,FL,32746,534,"Orlando-Daytona Beach-Melbourne, FL",28.7885443,-81.3466546,33.0
2026-07-01,61112,Homestead Genesis,Homestead,FL,33030,528,"Miami-Ft. Lauderdale, FL",25.4674062,-80.472177,32.0
2026-07-01,73397,Genesis of Daytona Beach,Daytona Beach,FL,32117,534,"Orlando-Daytona Beach-Melbourne, FL",29.2235952,-81.0481335,30.0
2026-07-01,72712,Genesis of Roswell,Roswell,GA,30076,524,"Atlanta, GA",34.056201,-84.32906,30.0
2026-07-01,69118,Hudson Hyundai,Jersey City,NJ,07304,501,"New York, NY",40.7234737,-74.0888952,30.0
2026-07-01,72341,Genesis of Auburn,Auburn,AL,36830,522,"Columbus, GA",32.6179594,-85.4635689,29.0
2026-07-01,8386,Genesis of Huntington,Huntington,NY,11743,501,"New York, NY",40.8332861,-73.3617156,29.0
2026-07-01,8750,Sid Dillon Genesis of Lincoln,Lincoln,NE,68512,722,"Lincoln & Hastings-Kearney, NE",40.7364094,-96.6846163,29.0
2026-07-01,6832,Genesis of Denton,Denton,TX,76210,623,"Dallas-Ft. Worth, TX",33.1691755,-97.0819556,28.0
2026-07-01,71271,Genesis of Cartersville,Cartersville,GA,30120,524,"Atlanta, GA",34.1915656,-84.7876903,27.0
2026-07-01,2511,Genesis of Clearwater,Clearwater,FL,33761,539,"Tampa-St Petersburg (Sarasota), FL",28.0222085,-82.7380372,27.0
2026-07-01,6292,Genesis of Harlingen,Harlingen,TX,78552,636,"Harlingen-Weslaco-Brownsville-McAllen, TX",26.1864793,-97.7753841,27.0
2026-07-01,69677,Genesis of La Quinta,La Quinta,CA,92253,804,"Palm Springs, CA",33.7072313,-116.2852619,27.0
2026-07-01,68698,GENESIS OF BAYSIDE,Queens,NY,11361,501,"New York, NY",40.7573441,-73.7811612,26.0
2026-07-01,73395,Genesis of Union City,Riverdale,GA,30274,524,"Atlanta, GA",33.5645576,-84.4132949,22.0
2026-07-01,69414,Genesis of Olive Branch,Olive Branch,MS,38654,640,"Memphis, TN",34.9790497,-89.8645852,21.0
2026-07-01,793,Genesis of Hazelwood,Hazelwood,MO,63042,609,"St. Louis, MO",38.7811015,-90.3650463,20.0
2026-07-01,3992,Genesis of New Bern,New Bern,NC,28560,545,"Greenville-New Bern-Washington, NC",35.0579658,-77.0170433,18.0
2026-07-01,52776,Genesis Of Macomb,Macomb,MI,48044,505,"Detroit, MI",42.6294783,-82.9318824,15.0
2026-07-01,648,Genesis of Calumet City,Calumet City,IL,60409,602,"Chicago, IL",41.6004518,-87.5734156,15.0
2026-07-01,64724,Genesis of Groveport,Groveport,OH,43125,535,"Columbus, OH",39.8895794,-82.8876146,15.0
2026-07-01,3152,Genesis of St. Cloud,Waite Park,MN,56387,613,"Minneapolis-St. Paul, MN",45.5485676,-94.2285831,15.0
2026-07-01,69409,Genesis of Richmond,Richmond,CA,94806,807,"San Francisco-Oakland-San Jose, CA",37.9857273,-122.3202802,14.0
2026-07-01,70356,Hampton Genesis,Fort Walton Beach,FL,32548,686,"Mobile, AL-Pensacola (Ft. Walton Beach), FL",30.4123712,-86.6281688,14.0
2026-07-01,49527,Genesis of Urbana,Urbana,IL,61802,648,"Champaign & Springfield-Decatur,IL",40.1386655,-88.1960739,13.0
2026-07-01,68638,Genesis of Downtown Chicago,Chicago,IL,60616,602,"Chicago, IL",41.8442199,-87.6240557,12.0
2026-07-01,94818,Genesis of Milwaukee,Waukesha,WI,53186,617,"Milwaukee, WI",43.0244944,-88.2038863,11.0
2026-07-01,69498,Genesis of Eastern Shore,Daphne,AL,36526,686,"Mobile, AL-Pensacola (Ft. Walton Beach), FL",30.6607867,-87.8567477,9.0
2026-07-01,73481,Genesis of Kalamazoo,Kalamazoo,MI,49009,563,"Grand Rapids-Kalamazoo-Battle Creek, MI",42.2973176,-85.6584469,9.0
2026-07-01,5541,Genesis Glenview,Glenview,IL,60026,602,"Chicago, IL",42.1061877,-87.8216753,6.0
2026-07-01,69701,Genesis of Victorville,Victorville,CA,92392,803,"Los Angeles, CA",34.5060794,-117.3405032,6.0
2026-07-01,69102,Orlando Genesis,Orlando,FL,32808,534,"Orlando-Daytona Beach-Melbourne, FL",28.5521196,-81.4309809,4.0
2026-07-01,61156,Genesis of Mattoon,Mattoon,IL,61938,648,"Champaign & Springfield-Decatur,IL",39.4823346,-88.3786268,1.0
2026-07-01,100081,Spicer's Boat City,Houghton Lake,MI,48629,540,"Traverse City-Cadillac, MI",44.2970658,-84.7217605,1.0
2026-07-01,84406,Genesis at Long of Chattanooga,Chattanooga,TN,37421,575,"Chattanooga, TN",35.059805,-85.190767,0.0
2026-07-01,70093,Genesis of Merrillville,Merrillville,IN,46410,602,"Chicago, IL",41.4717832,-87.3480253,0.0
2026-08-01,61186,Braman Genesis,Miami,FL,33137,528,"Miami-Ft. Lauderdale, FL",25.7954893,-80.1910373,753.0
2026-08-01,73396,Genesis of Cherry Hill,Evesham,NJ,08053,504,"Philadelphia, PA",39.8831146,-74.9226358,389.0
2026-08-01,29179,Genesis of White Plains,White Plains,NY,10606,501,"New York, NY",41.0350081,-73.7836873,377.0
2026-08-01,62609,Norm Reeves Genesis of Cerritos,Cerritos,CA,90703,803,"Los Angeles, CA",33.8662378,-118.1015234,360.0
2026-08-01,68783,Coconut Creek Genesis,Coconut Creek,FL,33073,528,"Miami-Ft. Lauderdale, FL",26.2914037,-80.2009677,333.0
2026-08-01,99817,Genesis Ring 1,Derwood,MD,20855,511,"Washington, DC (Hagerstown, MD)",39.10844,-77.1511615,305.0
2026-08-01,69264,Genesis of Naples,Naples,FL,34109,571,"Ft. Myers-Naples, FL",26.2279083,-81.7660554,290.0
2026-08-01,64605,Genesis of South Bay,Torrance,CA,90505,803,"Los Angeles, CA",33.7991718,-118.3411724,286.0
2026-08-01,10409,Genesis of Southwest Houston,Houston,TX,77074,618,"Houston, TX",29.6691333,-95.5474174,249.0
2026-08-01,28092,Genesis of Las Vegas,Las Vegas,NV,89117,839,"Las Vegas, NV",36.1449418,-115.2489832,247.0
2026-08-01,73840,Genesis of Braintree,Quincy,MA,02169,506,"Boston, MA-Manchester, NH",42.2364548,-70.9785026,237.0
2026-08-01,72010,Genesis of Charlotte,Charlotte,NC,28227,517,"Charlotte, NC",35.1428872,-80.7216186,237.0
2026-08-01,100307,Genesis of Mountain View,Mountain View,CA,94040,807,"San Francisco-Oakland-San Jose, CA",37.4048603,-122.1093955,237.0
2026-08-01,7692,Genesis of The South Shore,West Islip,NY,11795,501,"New York, NY",40.7207062,-73.3044797,229.0
2026-08-01,57353,Jenkins Genesis of North East Jacksonville,Jacksonville,FL,32225,561,"Jacksonville, FL",30.3253588,-81.5105439,228.0
2026-08-01,64037,Universal Genesis,Orlando,FL,32837,534,"Orlando-Daytona Beach-Melbourne, FL",28.3794594,-81.4033691,228.0
2026-08-01,72517,Genesis of Loma Linda,Ontario,CA,91764,803,"Los Angeles, CA",34.0699402,-117.6059991,221.0
2026-08-01,72673,Earnhardt Genesis North Scottsdale,Scottsdale,AZ,85260,753,"Phoenix, AZ",33.631299,-111.8982196,209.0
2026-08-01,69118,Hudson Hyundai,Jersey City,NJ,07304,501,"New York, NY",40.7234737,-74.0888952,203.0
2026-08-01,73041,Gettel Genesis of Sarasota,Sarasota,FL,34233,539,"Tampa-St Petersburg (Sarasota), FL",27.2695206,-82.4746827,202.0
2026-08-01,9001,Genesis of Chandler,Chandler,AZ,85286,753,"Phoenix, AZ",33.2846933,-111.7910889,196.0
2026-08-01,7006,Genesis of Atlanta,Atlanta,GA,30341,524,"Atlanta, GA",33.9080158,-84.2909986,187.0
2026-08-01,69570,Genesis of Cary,Cary,NC,27511,560,"Raleigh-Durham (Fayetteville), NC",35.7384809,-78.8093998,187.0
2026-08-01,73682,Wallace Genesis,Stuart,FL,34997,548,"West Palm Beach-Ft. Pierce, FL",27.1605832,-80.2229084,185.0
2026-08-01,4941,Genesis of Conshohocken,Conshohocken,PA,19428,504,"Philadelphia, PA",40.1028837,-75.3064312,184.0
2026-08-01,74040,Genesis of San Bruno,San Bruno,CA,94066,807,"San Francisco-Oakland-San Jose, CA",37.6372585,-122.419091,180.0
2026-08-01,62585,Genesis of the North Shore,Hicksville,NY,11801,501,"New York, NY",40.7702089,-73.5027249,178.0
2026-08-01,1531,Genesis of Manchester,Bedford,NH,03110,506,"Boston, MA-Manchester, NH",42.944374,-71.472789,177.0
2026-08-01,67653,Genesis of Corona,Corona,CA,92882,803,"Los Angeles, CA",33.882918,-117.6138489,174.0
2026-08-01,98536,Galpin Genesis of Van Nuys,Los Angeles,CA,91406,803,"Los Angeles, CA",34.2209833,-118.4687863,171.0
2026-08-01,6767,Tuttle-Click Genesis,Irvine,CA,92618,803,"Los Angeles, CA",33.6342181,-117.7233823,169.0
2026-08-01,71490,Genesis of West Houston,Houston,TX,77094,618,"Houston, TX",29.7836158,-95.673582,165.0
2026-08-01,3156,Genesis of Schaumburg,Schaumburg,IL,60173,602,"Chicago, IL",42.0509027,-88.053118,164.0
2026-08-01,1393,Genesis of Plano,Plano,TX,75093,623,"Dallas-Ft. Worth, TX",33.0102218,-96.7668456,163.0
2026-08-01,71992,Genesis of Brooklyn,Brooklyn,NY,11232,501,"New York, NY",40.6571085,-74.014405,161.0
2026-08-01,70287,Genesis of St. Charles,St. Peters,MO,63376,609,"St. Louis, MO",38.7975346,-90.5978187,159.0
2026-08-01,57975,Genesis of Kennesaw,Kennesaw,GA,30144,524,"Atlanta, GA",34.0233261,-84.5734338,158.0
2026-08-01,9004,Genesis of Littleton,Englewood,CO,80113,751,"Denver, CO",39.6200977,-104.9885845,157.0
2026-08-01,2734,Genesis of Carmel,Indianapolis,IN,46240,527,"Indianapolis, IN",39.9293455,-86.0966346,153.0
2026-08-01,53667,Genesis Of Cumming,Cumming,GA,30041,524,"Atlanta, GA",34.1439728,-84.1730152,152.0
2026-08-01,62581,Genesis Santa Monica,Santa Monica,CA,90404,803,"Los Angeles, CA",34.03227,-118.4751279,148.0
2026-08-01,66836,Genesis of Peoria,Peoria,AZ,85382,753,"Phoenix, AZ",33.6372458,-112.2451079,148.0
2026-08-01,94375,Castle Genesis of Downers Grove,Oakbrook Terrace,IL,60181,602,"Chicago, IL",41.8582742,-87.9545485,142.0
2026-08-01,103030,Genesis of Schererville,Schererville,IN,46375,602,"Chicago, IL",41.476484,-87.4051332,141.0
2026-08-01,71052,Lakeland Genesis,Lakeland,FL,33815,539,"Tampa-St Petersburg (Sarasota), FL",28.054301,-81.9758413,138.0
2026-08-01,69062,Genesis of Lindon,Lindon,UT,84042,770,"Salt Lake City, UT",40.3293405,-111.7338433,137.0
2026-08-01,52440,Genesis of Mentor,Mentor,OH,44060,510,"Cleveland-Akron (Canton), OH",41.6834521,-81.3348422,137.0
2026-08-01,4349,Jenkins Genesis of Leesburg,Leesburg,FL,34788,534,"Orlando-Daytona Beach-Melbourne, FL",28.8228437,-81.7874886,136.0
2026-08-01,73389,Genesis of Freehold,Freehold,NJ,07728,501,"New York, NY",40.2641336,-74.2924834,134.0
2026-08-01,61239,Genesis of Central Florida,Clermont,FL,34711,534,"Orlando-Daytona Beach-Melbourne, FL",28.5478492,-81.6689649,130.0
2026-08-01,3102,Genesis of Alexandria,Alexandria,VA,22301,511,"Washington, DC (Hagerstown, MD)",38.8213866,-77.0576309,128.0
2026-08-01,62587,Genesis of Aurora,Aurora,IL,60504,602,"Chicago, IL",41.7515762,-88.213844,124.0
2026-08-01,70074,Genesis of Fort Myers,Fort Myers,FL,33907,571,"Ft. Myers-Naples, FL",26.596538,-81.8605256,124.0
2026-08-01,100529,Genesis of San Diego,San Diego,CA,92111,825,"San Diego, CA",32.8306319,-117.1434333,124.0
2026-08-01,12986,Genesis of Buffalo,Williamsville,NY,14221,514,"Buffalo, NY",42.960953,-78.691081,123.0
2026-08-01,69980,Genesis of Minneapolis,Golden Valley,MN,55426,613,"Minneapolis-St. Paul, MN",44.9724585,-93.3935748,119.0
2026-08-01,10212,Genesis of Edmond,Edmond,OK,73013,650,"Oklahoma City, OK",35.6128747,-97.4967472,117.0
2026-08-01,99734,Genesis of Tampa,Tampa,FL,33613,539,"Tampa-St Petersburg (Sarasota), FL",28.0872094,-82.4521026,116.0
2026-08-01,4457,Genesis of Spring,Spring,TX,77373,618,"Houston, TX",30.0627988,-95.4322263,114.0
2026-08-01,71985,Genesis of Columbus,Columbus,OH,43230,535,"Columbus, OH",40.0598318,-82.9433206,113.0
2026-08-01,73379,Genesis of Milford,Milford,CT,06460,533,"Hartford & New Haven, CT",41.2076083,-73.0884209,112.0
2026-08-01,26003,Genesis of Elgin,Elgin,IL,60120,602,"Chicago, IL",42.0317119,-88.2445971,111.0
2026-08-01,103298,Grubbs Genesis of Grapevine,Grapevine,TX,76051,623,"Dallas-Ft. Worth, TX",32.9211932,-97.0637092,111.0
2026-08-01,67535,Genesis of Wolfchase,Memphis,TN,38133,640,"Memphis, TN",35.2032351,-89.8071642,110.0
2026-08-01,72695,Rick Case Genesis,Plantation,FL,33317,528,"Miami-Ft. Lauderdale, FL",26.1351086,-80.2031534,110.0
2026-08-01,17853,Genesis of Winston-Salem,Winston-Salem,NC,27127,518,"Greensboro-High Point-Winston Salem, NC",36.0674142,-80.2606633,107.0
2026-08-01,16023,Genesis of Baton Rouge,Baton Rouge,LA,70809,716,"Baton Rouge, LA",30.3805348,-91.0404825,105.0
2026-08-01,67522,Genesis of Wexford,Wexford,PA,15090,508,"Pittsburgh, PA",40.6143612,-80.0568103,105.0
2026-08-01,71564,Clay Cooley Genesis of Mesquite,Mesquite,TX,75150,623,"Dallas-Ft. Worth, TX",32.8336891,-96.6306212,101.0
2026-08-01,4899,Genesis of Conway,Conway,AR,72032,693,"Little Rock-Pine Bluff, AR",35.093494,-92.421864,101.0
2026-08-01,69670,Rick Case Genesis Davie,Davie,FL,33331,528,"Miami-Ft. Lauderdale, FL",26.0758729,-80.3619504,101.0
2026-08-01,2584,Genesis Of Norman,Norman,OK,73069,650,"Oklahoma City, OK",35.2248696,-97.4845549,100.0
2026-08-01,4844,Genesis of Miami Lakes,Miami Lakes,FL,33014,528,"Miami-Ft. Lauderdale, FL",25.9235071,-80.3016669,100.0
2026-08-01,70696,Genesis of Round Rock,Round Rock,TX,78665,635,"Austin, TX",30.5322484,-97.6891408,100.0
2026-08-01,72126,Genesis of Ocala,Ocala,FL,34471,534,"Orlando-Daytona Beach-Melbourne, FL",29.1773171,-82.1519073,99.0
2026-08-01,73680,Genesis of Wayne,Wayne,NJ,07470,501,"New York, NY",40.948967,-74.276307,98.0
2026-08-01,69032,Genesis Of NW San Antonio,Boerne,TX,78006,641,"San Antonio, TX",29.6844593,-98.6411438,95.0
2026-08-01,99924,Genesis of Avon,Simsbury,CT,06092,533,"Hartford & New Haven, CT",41.8203914,-72.8690454,95.0
2026-08-01,100501,Genesis Macon,Macon,GA,31210,503,"Macon, GA",32.8866204,-83.675043,94.0
2026-08-01,97787,Genesis Montgomery,Montgomery,AL,36106,698,"Montgomery (Selma), AL",32.3606235,-86.2242999,94.0
2026-08-01,64003,Genesis of Bel Air,Fallston,MD,21047,512,"Baltimore, MD",39.5065574,-76.3858171,94.0
2026-08-01,4919,Genesis of North Aurora,North Aurora,IL,60542,602,"Chicago, IL",41.80082,-88.3739138,93.0
2026-08-01,68812,Genesis of South Knoxville,Alcoa,TN,37701,557,"Knoxville, TN",35.8245636,-83.9755837,93.0
2026-08-01,61284,Genesis of Springfield,Springfield,VA,22150,511,"Washington, DC (Hagerstown, MD)",38.7503466,-77.1828597,93.0
2026-08-01,70835,Genesis of Tulsa,Tulsa,OK,74133,671,"Tulsa, OK",36.022119,-95.8852819,93.0
2026-08-01,1130,Genesis of Kirkland,Kirkland,WA,98034,819,"Seattle-Tacoma, WA",47.7072771,-122.1748634,92.0
2026-08-01,61217,Genesis of Weatherford,Hudson Oaks,TX,76087,623,"Dallas-Ft. Worth, TX",32.7558051,-97.6929673,91.0
2026-08-01,69823,Genesis Of Charleston,Charleston,SC,29414,519,"Charleston, SC",32.7982545,-80.0859341,90.0
2026-08-01,3566,Genesis of Highland Park,Highland Park,IL,60035,602,"Chicago, IL",42.1609423,-87.8081446,90.0
2026-08-01,69883,Genesis of North Plainfield,North Plainfield,NJ,07060,501,"New York, NY",40.6165806,-74.4551273,90.0
2026-08-01,8533,Genesis North Orlando,Winter Park,FL,32789,534,"Orlando-Daytona Beach-Melbourne, FL",28.6088331,-81.3648614,86.0
2026-08-01,10129,Genesis of Covington,Covington,LA,70433,622,"New Orleans, LA",30.4321,-90.0886416,85.0
2026-08-01,6996,Genesis of Lafayette,Lafayette,LA,70506,642,"Lafayette, LA",30.1552098,-92.0910284,84.0
2026-08-01,70876,Doral Genesis,Doral,FL,33172,528,"Miami-Ft. Lauderdale, FL",25.7843093,-80.3669404,82.0
2026-08-01,11303,Genesis of Appleton,Appleton,WI,54913,658,"Green Bay-Appleton, WI",44.2887964,-88.4759736,81.0
2026-08-01,65747,Genesis Of Clear Lake,Webster,TX,77598,618,"Houston, TX",29.5340161,-95.13376,79.0
2026-08-01,71661,Allen Turner Genesis,Pensacola,FL,32505,686,"Mobile, AL-Pensacola (Ft. Walton Beach), FL",30.4750621,-87.247943,78.0
2026-08-01,2525,Genesis of Cool Springs,Franklin,TN,37067,659,"Nashville, TN",35.9580609,-86.8090467,78.0
2026-08-01,71829,Genesis of Chantilly,Chantilly,VA,20151,511,"Washington, DC (Hagerstown, MD)",38.903778,-77.4621301,76.0
2026-08-01,68256,Genesis of Lexington,Lexington,KY,40509,541,"Lexington, KY",37.9960356,-84.441848,76.0
2026-08-01,67536,Genesis of Omaha,Omaha,NE,68118,652,"Omaha, NE",41.2639237,-96.1858719,76.0
2026-08-01,69382,Genesis of West Chester,West Chester,PA,19382,504,"Philadelphia, PA",39.9023291,-75.5655602,75.0
2026-08-01,68973,Genesis of Dublin,Dublin,CA,94568,807,"San Francisco-Oakland-San Jose, CA",37.7027037,-121.9030039,73.0
2026-08-01,96075,Genesis of Smithtown,Saint James,NY,11780,501,"New York, NY",40.861595,-73.159573,73.0
2026-08-01,96938,Genesis of North Cincinnati,Cincinnati,OH,45249,515,"Cincinnati, OH",39.2926575,-84.3036044,72.0
2026-08-01,93460,Genesis of Portland,Portland,OR,97225,820,"Portland, OR",45.4962782,-122.7698208,72.0
2026-08-01,73795,Crown Genesis,St. Petersburg,FL,33714,539,"Tampa-St Petersburg (Sarasota), FL",27.8204635,-82.6786673,71.0
2026-08-01,72560,Genesis of West Knoxville,Knoxville,TN,37923,557,"Knoxville, TN",35.9181977,-84.0733877,70.0
2026-08-01,81842,Genesis of West Warwick,West Warwick,RI,02893,521,"Providence, RI-New Bedford, MA",41.684535,-71.5014056,70.0
2026-08-01,91447,Genesis of Albany,Albany,NY,12205,532,"Albany-Schenectady-Troy, NY",42.7296031,-73.8529553,69.0
2026-08-01,68961,Genesis of Hampton,Hampton,VA,23666,544,"Norfolk-Portsmouth-Newport News,VA",37.0619771,-76.4003949,69.0
2026-08-01,70631,Genesis of Lake Norman,Cornelius,NC,28031,517,"Charlotte, NC",35.467345,-80.872696,69.0
2026-08-01,10916,Genesis of Louisville,Jeffersontown,KY,40299,529,"Louisville, KY",38.2125896,-85.5378392,69.0
2026-08-01,73042,Gettel Genesis of Lakewood,Bradenton,FL,34208,539,"Tampa-St Petersburg (Sarasota), FL",27.4953171,-82.4871204,68.0
2026-08-01,69375,Genesis of Hilton Head,Bluffton,SC,29910,507,"Savannah, GA",32.2898537,-80.9132918,67.0
2026-08-01,60611,Genesis of Huntsville,Huntsville,AL,35816,691,"Huntsville-Decatur (Florence), AL",34.7342382,-86.6214927,67.0
2026-08-01,94567,Genesis of Kansas City,Overland Park,KS,66204,616,"Kansas City, MO",38.9882713,-94.6681597,67.0
2026-08-01,94705,Genesis of Ridgefield,Norwalk,CT,06851,501,"New York, NY",41.1261307,-73.4233158,67.0
2026-08-01,70573,Genesis of Gwinnett,Duluth,GA,30096,524,"Atlanta, GA",33.9606012,-84.1164625,65.0
2026-08-01,61240,Genesis of Palm Springs,Palm Springs,CA,92264,804,"Palm Springs, CA",33.7945577,-116.5032881,65.0
2026-08-01,69447,King Genesis,Deerfield Beach,FL,33441,528,"Miami-Ft. Lauderdale, FL",26.29967,-80.0946749,65.0
2026-08-01,73383,Genesis of Newnan,Newnan,GA,30263,524,"Atlanta, GA",33.3980326,-84.751469,64.0
2026-08-01,68945,Genesis of San Antonio East,San Antonio,TX,78233,641,"San Antonio, TX",29.5452956,-98.3688609,62.0
2026-08-01,61567,Genesis of Monroeville,Monroeville,PA,15146,508,"Pittsburgh, PA",40.4308948,-79.7170895,60.0
2026-08-01,61515,Genesis Of Madison,Madison,WI,53713,669,"Madison, WI",43.0341872,-89.4116586,59.0
2026-08-01,61326,Genesis of Denville,Denville,NJ,07834,501,"New York, NY",40.8681668,-74.5137571,59.0
2026-08-01,68840,Genesis of Golden,Golden,CO,80401,751,"Denver, CO",39.730479,-105.1754951,58.0
2026-08-01,98745,Genesis of Danvers,Danvers,MA,01923,506,"Boston, MA-Manchester, NH",42.5595013,-70.9786915,57.0
2026-08-01,9171,Genesis of Longview,Longview,TX,75605,709,"Tyler-Longview(Lufkin & Nacogdoches), TX",32.5633713,-94.7310184,57.0
2026-08-01,67498,Genesis of West Palm Beach,West Palm Beach,FL,33409,548,"West Palm Beach-Ft. Pierce, FL",26.7072233,-80.0873646,57.0
2026-08-01,69757,Genesis of Wilkes-Barre,Wilkes-Barre,PA,18702,577,"Wilkes Barre-Scranton, PA",41.2549421,-75.8381435,56.0
2026-08-01,7375,Genesis of Bedford,Bedford,OH,44146,510,"Cleveland-Akron (Canton), OH",41.4061393,-81.5482726,55.0
2026-08-01,94818,Genesis of Milwaukee,Waukesha,WI,53186,617,"Milwaukee, WI",43.0244944,-88.2038863,55.0
2026-08-01,61459,Genesis of Augusta,Augusta,GA,30907,520,"Augusta, GA",33.5157506,-82.0641493,54.0
2026-08-01,9594,Genesis of Orange Park,Jacksonville,FL,32244,561,"Jacksonville, FL",30.2100757,-81.7391104,54.0
2026-08-01,2157,Genesis of Suitland,Bowie,MD,20716,511,"Washington, DC (Hagerstown, MD)",38.9227402,-76.7179222,54.0
2026-08-01,8947,Genesis of Wichita,Wichita,KS,67206,678,"Wichita-Hutchinson, KS",37.7055104,-97.2084739,54.0
2026-08-01,2687,Genesis of Parma,Parma,OH,44129,510,"Cleveland-Akron (Canton), OH",41.4180454,-81.7339114,53.0
2026-08-01,69737,Genesis of Richmond,Bon Air,VA,23235,556,"Richmond-Petersburg, VA",37.5013145,-77.5717929,52.0
2026-08-01,36300,Delray Genesis,Delray Beach,FL,33483,548,"West Palm Beach-Ft. Pierce, FL",26.4720932,-80.0668508,51.0
2026-08-01,70476,Genesis of Escondido,Escondido,CA,92029,825,"San Diego, CA",33.1150272,-117.1049655,51.0
2026-08-01,1691,Genesis of Fairfield,Fairfield,CT,06825,501,"New York, NY",41.1661525,-73.2298512,51.0
2026-08-01,73353,Genesis of Annapolis,Annapolis,MD,21401,512,"Baltimore, MD",38.976603,-76.5095064,49.0
2026-08-01,71974,Genesis of Columbia,Columbia,SC,29203,546,"Columbia, SC",34.1430845,-80.9485594,49.0
2026-08-01,72712,Genesis of Roswell,Roswell,GA,30076,524,"Atlanta, GA",34.056201,-84.32906,49.0
2026-08-01,4571,Genesis of Nashua,Nashua,NH,03060,506,"Boston, MA-Manchester, NH",42.7272329,-71.4464946,48.0
2026-08-01,42325,Genesis Memphis Covington Pike,Memphis,TN,38134,640,"Memphis, TN",35.1781733,-89.8953093,46.0
2026-08-01,64426,Genesis of Algonquin,Algonquin,IL,60102,602,"Chicago, IL",42.1629985,-88.3344476,46.0
2026-08-01,83168,Genesis of Framingham,Framingham,MA,01702,506,"Boston, MA-Manchester, NH",42.2974046,-71.417428,46.0
2026-08-01,67547,Genesis of Ogden,Ogden,UT,84401,770,"Salt Lake City, UT",41.2030548,-111.9799594,46.0
2026-08-01,3536,Genesis of Rockville,North Bethesda,MD,20852,511,"Washington, DC (Hagerstown, MD)",39.0438363,-77.1107675,46.0
2026-08-01,36882,Genesis of Virginia Beach,Virginia Beach,VA,23452,544,"Norfolk-Portsmouth-Newport News,VA",36.8356924,-76.0987758,46.0
2026-08-01,70290,Genesis of Greer,Greer,SC,29651,567,"Greenville-Spartanburg, SC-Asheville, NC-Anderson, SC",34.949924,-82.198468,43.0
2026-08-01,73375,Genesis of Melbourne,Melbourne,FL,32901,534,"Orlando-Daytona Beach-Melbourne, FL",28.0781199,-80.6372008,43.0
2026-08-01,66747,Genesis Of Southfield,Southfield,MI,48034,505,"Detroit, MI",42.4941876,-83.2830437,42.0
2026-08-01,9254,Genesis of Bloomington-Normal,Normal,IL,61761,675,"Peoria-Bloomington, IL",40.5165466,-88.9541909,41.0
2026-08-01,61112,Homestead Genesis,Homestead,FL,33030,528,"Miami-Ft. Lauderdale, FL",25.4674062,-80.472177,41.0
2026-08-01,61176,Headquarter Genesis,Lake Mary,FL,32746,534,"Orlando-Daytona Beach-Melbourne, FL",28.7885443,-81.3466546,39.0
2026-08-01,73893,Genesis of Brunswick,South Brunswick Township,NJ,08852,501,"New York, NY",40.4111541,-74.5423003,38.0
2026-08-01,91019,Genesis of Hickory,Hickory,NC,28602,517,"Charlotte, NC",35.7151389,-81.3379647,38.0
2026-08-01,71271,Genesis of Cartersville,Cartersville,GA,30120,524,"Atlanta, GA",34.1915656,-84.7876903,37.0
2026-08-01,73397,Genesis of Daytona Beach,Daytona Beach,FL,32117,534,"Orlando-Daytona Beach-Melbourne, FL",29.2235952,-81.0481335,37.0
2026-08-01,72197,Genesis of Doylestown,Doylestown,PA,18902,504,"Philadelphia, PA",40.3335783,-75.1370158,37.0
2026-08-01,71500,Genesis of Waterloo,Waterloo,IA,50702,637,"Cedar Rapids-Waterloo-Iowa City & Dubuque, IA",42.4906379,-92.3401956,37.0
2026-08-01,72341,Genesis of Auburn,Auburn,AL,36830,522,"Columbus, GA",32.6179594,-85.4635689,34.0
2026-08-01,1250,Genesis of New Orleans,Metairie,LA,70003,622,"New Orleans, LA",30.0058423,-90.2210481,33.0
2026-08-01,9530,Genesis of Brunswick,Brunswick,OH,44212,510,"Cleveland-Akron (Canton), OH",41.2391403,-81.7926475,32.0
2026-08-01,69370,Genesis of Northampton,Northampton,MA,01060,543,"Springfield-Holyoke, MA",42.3359481,-72.6356287,32.0
2026-08-01,103247,Genesis of South Nashville,Nashville,TN,37211,659,"Nashville, TN",36.0456523,-86.7012321,32.0
2026-08-01,68698,GENESIS OF BAYSIDE,Queens,NY,11361,501,"New York, NY",40.7573441,-73.7811612,31.0
2026-08-01,65171,Genesis of Selma,Selma,CA,93662,866,"Fresno-Visalia, CA",36.5705206,-119.6297571,30.0
2026-08-01,70200,Genesis of Chattanooga,Chattanooga,TN,37421,575,"Chattanooga, TN",35.0602866,-85.1922179,27.0
2026-08-01,8386,Genesis of Huntington,Huntington,NY,11743,501,"New York, NY",40.8332861,-73.3617156,27.0
2026-08-01,8750,Sid Dillon Genesis of Lincoln,Lincoln,NE,68512,722,"Lincoln & Hastings-Kearney, NE",40.7364094,-96.6846163,27.0
2026-08-01,2511,Genesis of Clearwater,Clearwater,FL,33761,539,"Tampa-St Petersburg (Sarasota), FL",28.0222085,-82.7380372,26.0
2026-08-01,69677,Genesis of La Quinta,La Quinta,CA,92253,804,"Palm Springs, CA",33.7072313,-116.2852619,24.0
2026-08-01,6292,Genesis of Harlingen,Harlingen,TX,78552,636,"Harlingen-Weslaco-Brownsville-McAllen, TX",26.1864793,-97.7753841,22.0
2026-08-01,3152,Genesis of St. Cloud,Waite Park,MN,56387,613,"Minneapolis-St. Paul, MN",45.5485676,-94.2285831,20.0
2026-08-01,6832,Genesis of Denton,Denton,TX,76210,623,"Dallas-Ft. Worth, TX",33.1691755,-97.0819556,19.0
2026-08-01,73395,Genesis of Union City,Riverdale,GA,30274,524,"Atlanta, GA",33.5645576,-84.4132949,19.0
2026-08-01,793,Genesis of Hazelwood,Hazelwood,MO,63042,609,"St. Louis, MO",38.7811015,-90.3650463,18.0
2026-08-01,69414,Genesis of Olive Branch,Olive Branch,MS,38654,640,"Memphis, TN",34.9790497,-89.8645852,18.0
2026-08-01,61127,Genesis of Hattiesburg,Hattiesburg,MS,39402,710,"Hattiesburg-Laurel, MS",31.3166979,-89.407095,17.0
2026-08-01,70356,Hampton Genesis,Fort Walton Beach,FL,32548,686,"Mobile, AL-Pensacola (Ft. Walton Beach), FL",30.4123712,-86.6281688,16.0
2026-08-01,648,Genesis of Calumet City,Calumet City,IL,60409,602,"Chicago, IL",41.6004518,-87.5734156,15.0
2026-08-01,5541,Genesis Glenview,Glenview,IL,60026,602,"Chicago, IL",42.1061877,-87.8216753,14.0
2026-08-01,52776,Genesis Of Macomb,Macomb,MI,48044,505,"Detroit, MI",42.6294783,-82.9318824,14.0
2026-08-01,3992,Genesis of New Bern,New Bern,NC,28560,545,"Greenville-New Bern-Washington, NC",35.0579658,-77.0170433,12.0
2026-08-01,103263,Genesis of Kalamazoo,Kalamazoo,MI,49009,563,"Grand Rapids-Kalamazoo-Battle Creek, MI",42.2973018,-85.6584362,9.0
2026-08-01,49527,Genesis of Urbana,Urbana,IL,61802,648,"Champaign & Springfield-Decatur,IL",40.1386655,-88.1960739,9.0
2026-08-01,64724,Genesis of Groveport,Groveport,OH,43125,535,"Columbus, OH",39.8895794,-82.8876146,8.0
2026-08-01,69701,Genesis of Victorville,Victorville,CA,92392,803,"Los Angeles, CA",34.5060794,-117.3405032,7.0
2026-08-01,69409,Genesis of Richmond,Richmond,CA,94806,807,"San Francisco-Oakland-San Jose, CA",37.9857273,-122.3202802,3.0
2026-08-01,84406,Genesis at Long of Chattanooga,Chattanooga,TN,37421,575,"Chattanooga, TN",35.059805,-85.190767,2.0
2026-08-01,68638,Genesis of Downtown Chicago,Chicago,IL,60616,602,"Chicago, IL",41.8442199,-87.6240557,1.0
2026-08-01,69498,Genesis of Eastern Shore,Daphne,AL,36526,686,"Mobile, AL-Pensacola (Ft. Walton Beach), FL",30.6607867,-87.8567477,1.0
2026-08-01,61156,Genesis of Mattoon,Mattoon,IL,61938,648,"Champaign & Springfield-Decatur,IL",39.4823346,-88.3786268,1.0
2026-08-01,69102,Orlando Genesis,Orlando,FL,32808,534,"Orlando-Daytona Beach-Melbourne, FL",28.5521196,-81.4309809,1.0
2026-08-01,100081,Spicer's Boat City,Houghton Lake,MI,48629,540,"Traverse City-Cadillac, MI",44.2970658,-84.7217605,1.0
2026-09-01,61186,Braman Genesis,Miami,FL,33137,528,"Miami-Ft. Lauderdale, FL",25.7954893,-80.1910373,737.0
2026-09-01,73396,Genesis of Cherry Hill,Evesham,NJ,08053,504,"Philadelphia, PA",39.8831146,-74.9226358,441.0
2026-09-01,29179,Genesis of White Plains,White Plains,NY,10606,501,"New York, NY",41.0350081,-73.7836873,432.0
2026-09-01,99817,Genesis Ring 1,Derwood,MD,20855,511,"Washington, DC (Hagerstown, MD)",39.10844,-77.1511615,351.0
2026-09-01,68783,Coconut Creek Genesis,Coconut Creek,FL,33073,528,"Miami-Ft. Lauderdale, FL",26.2914037,-80.2009677,309.0
2026-09-01,62609,Norm Reeves Genesis of Cerritos,Cerritos,CA,90703,803,"Los Angeles, CA",33.8662378,-118.1015234,280.0
2026-09-01,7692,Genesis of The South Shore,West Islip,NY,11795,501,"New York, NY",40.7207062,-73.3044797,270.0
2026-09-01,73840,Genesis of Braintree,Quincy,MA,02169,506,"Boston, MA-Manchester, NH",42.2364548,-70.9785026,256.0
2026-09-01,69264,Genesis of Naples,Naples,FL,34109,571,"Ft. Myers-Naples, FL",26.2279083,-81.7660554,251.0
2026-09-01,10409,Genesis of Southwest Houston,Houston,TX,77074,618,"Houston, TX",29.6691333,-95.5474174,241.0
2026-09-01,72010,Genesis of Charlotte,Charlotte,NC,28227,517,"Charlotte, NC",35.1428872,-80.7216186,239.0
2026-09-01,64605,Genesis of South Bay,Torrance,CA,90505,803,"Los Angeles, CA",33.7991718,-118.3411724,238.0
2026-09-01,28092,Genesis of Las Vegas,Las Vegas,NV,89117,839,"Las Vegas, NV",36.1449418,-115.2489832,235.0
2026-09-01,100307,Genesis of Mountain View,Mountain View,CA,94040,807,"San Francisco-Oakland-San Jose, CA",37.4048603,-122.1093955,230.0
2026-09-01,69118,Hudson Hyundai,Jersey City,NJ,07304,501,"New York, NY",40.7234737,-74.0888952,230.0
2026-09-01,57353,Jenkins Genesis of North East Jacksonville,Jacksonville,FL,32225,561,"Jacksonville, FL",30.3253588,-81.5105439,229.0
2026-09-01,64037,Universal Genesis,Orlando,FL,32837,534,"Orlando-Daytona Beach-Melbourne, FL",28.3794594,-81.4033691,215.0
2026-09-01,71992,Genesis of Brooklyn,Brooklyn,NY,11232,501,"New York, NY",40.6571085,-74.014405,210.0
2026-09-01,62585,Genesis of the North Shore,Hicksville,NY,11801,501,"New York, NY",40.7702089,-73.5027249,206.0
2026-09-01,9001,Genesis of Chandler,Chandler,AZ,85286,753,"Phoenix, AZ",33.2846933,-111.7910889,203.0
2026-09-01,73041,Gettel Genesis of Sarasota,Sarasota,FL,34233,539,"Tampa-St Petersburg (Sarasota), FL",27.2695206,-82.4746827,199.0
2026-09-01,69570,Genesis of Cary,Cary,NC,27511,560,"Raleigh-Durham (Fayetteville), NC",35.7384809,-78.8093998,194.0
2026-09-01,3156,Genesis of Schaumburg,Schaumburg,IL,60173,602,"Chicago, IL",42.0509027,-88.053118,192.0
2026-09-01,73682,Wallace Genesis,Stuart,FL,34997,548,"West Palm Beach-Ft. Pierce, FL",27.1605832,-80.2229084,189.0
2026-09-01,4941,Genesis of Conshohocken,Conshohocken,PA,19428,504,"Philadelphia, PA",40.1028837,-75.3064312,188.0
2026-09-01,6767,Tuttle-Click Genesis,Irvine,CA,92618,803,"Los Angeles, CA",33.6342181,-117.7233823,187.0
2026-09-01,74040,Genesis of San Bruno,San Bruno,CA,94066,807,"San Francisco-Oakland-San Jose, CA",37.6372585,-122.419091,186.0
2026-09-01,67653,Genesis of Corona,Corona,CA,92882,803,"Los Angeles, CA",33.882918,-117.6138489,184.0
2026-09-01,71490,Genesis of West Houston,Houston,TX,77094,618,"Houston, TX",29.7836158,-95.673582,181.0
2026-09-01,72673,Earnhardt Genesis North Scottsdale,Scottsdale,AZ,85260,753,"Phoenix, AZ",33.631299,-111.8982196,179.0
2026-09-01,7006,Genesis of Atlanta,Atlanta,GA,30341,524,"Atlanta, GA",33.9080158,-84.2909986,176.0
2026-09-01,1531,Genesis of Manchester,Bedford,NH,03110,506,"Boston, MA-Manchester, NH",42.944374,-71.472789,175.0
2026-09-01,53667,Genesis Of Cumming,Cumming,GA,30041,524,"Atlanta, GA",34.1439728,-84.1730152,165.0
2026-09-01,72517,Genesis of Loma Linda,Ontario,CA,91764,803,"Los Angeles, CA",34.0699402,-117.6059991,163.0
2026-09-01,1393,Genesis of Plano,Plano,TX,75093,623,"Dallas-Ft. Worth, TX",33.0102218,-96.7668456,163.0
2026-09-01,62581,Genesis Santa Monica,Santa Monica,CA,90404,803,"Los Angeles, CA",34.03227,-118.4751279,159.0
2026-09-01,2734,Genesis of Carmel,Indianapolis,IN,46240,527,"Indianapolis, IN",39.9293455,-86.0966346,154.0
2026-09-01,57975,Genesis of Kennesaw,Kennesaw,GA,30144,524,"Atlanta, GA",34.0233261,-84.5734338,153.0
2026-09-01,73389,Genesis of Freehold,Freehold,NJ,07728,501,"New York, NY",40.2641336,-74.2924834,152.0
2026-09-01,66836,Genesis of Peoria,Peoria,AZ,85382,753,"Phoenix, AZ",33.6372458,-112.2451079,142.0
2026-09-01,4349,Jenkins Genesis of Leesburg,Leesburg,FL,34788,534,"Orlando-Daytona Beach-Melbourne, FL",28.8228437,-81.7874886,138.0
2026-09-01,71052,Lakeland Genesis,Lakeland,FL,33815,539,"Tampa-St Petersburg (Sarasota), FL",28.054301,-81.9758413,138.0
2026-09-01,103030,Genesis of Schererville,Schererville,IN,46375,602,"Chicago, IL",41.476484,-87.4051332,137.0
2026-09-01,69062,Genesis of Lindon,Lindon,UT,84042,770,"Salt Lake City, UT",40.3293405,-111.7338433,136.0
2026-09-01,12986,Genesis of Buffalo,Williamsville,NY,14221,514,"Buffalo, NY",42.960953,-78.691081,134.0
2026-09-01,73379,Genesis of Milford,Milford,CT,06460,533,"Hartford & New Haven, CT",41.2076083,-73.0884209,132.0
2026-09-01,70287,Genesis of St. Charles,St. Peters,MO,63376,609,"St. Louis, MO",38.7975346,-90.5978187,130.0
2026-09-01,69980,Genesis of Minneapolis,Golden Valley,MN,55426,613,"Minneapolis-St. Paul, MN",44.9724585,-93.3935748,127.0
2026-09-01,52440,Genesis of Mentor,Mentor,OH,44060,510,"Cleveland-Akron (Canton), OH",41.6834521,-81.3348422,126.0
2026-09-01,61239,Genesis of Central Florida,Clermont,FL,34711,534,"Orlando-Daytona Beach-Melbourne, FL",28.5478492,-81.6689649,125.0
2026-09-01,94375,Castle Genesis of Downers Grove,Oakbrook Terrace,IL,60181,602,"Chicago, IL",41.8582742,-87.9545485,123.0
2026-09-01,17853,Genesis of Winston-Salem,Winston-Salem,NC,27127,518,"Greensboro-High Point-Winston Salem, NC",36.0674142,-80.2606633,123.0
2026-09-01,70074,Genesis of Fort Myers,Fort Myers,FL,33907,571,"Ft. Myers-Naples, FL",26.596538,-81.8605256,120.0
2026-09-01,103298,Grubbs Genesis of Grapevine,Grapevine,TX,76051,623,"Dallas-Ft. Worth, TX",32.9211932,-97.0637092,120.0
2026-09-01,72695,Rick Case Genesis,Plantation,FL,33317,528,"Miami-Ft. Lauderdale, FL",26.1351086,-80.2031534,120.0
2026-09-01,3102,Genesis of Alexandria,Alexandria,VA,22301,511,"Washington, DC (Hagerstown, MD)",38.8213866,-77.0576309,119.0
2026-09-01,62587,Genesis of Aurora,Aurora,IL,60504,602,"Chicago, IL",41.7515762,-88.213844,118.0
2026-09-01,26003,Genesis of Elgin,Elgin,IL,60120,602,"Chicago, IL",42.0317119,-88.2445971,118.0
2026-09-01,99734,Genesis of Tampa,Tampa,FL,33613,539,"Tampa-St Petersburg (Sarasota), FL",28.0872094,-82.4521026,117.0
2026-09-01,69670,Rick Case Genesis Davie,Davie,FL,33331,528,"Miami-Ft. Lauderdale, FL",26.0758729,-80.3619504,116.0
2026-09-01,16023,Genesis of Baton Rouge,Baton Rouge,LA,70809,716,"Baton Rouge, LA",30.3805348,-91.0404825,115.0
2026-09-01,67535,Genesis of Wolfchase,Memphis,TN,38133,640,"Memphis, TN",35.2032351,-89.8071642,115.0
2026-09-01,100529,Genesis of San Diego,San Diego,CA,92111,825,"San Diego, CA",32.8306319,-117.1434333,114.0
2026-09-01,2584,Genesis Of Norman,Norman,OK,73069,650,"Oklahoma City, OK",35.2248696,-97.4845549,110.0
2026-09-01,10212,Genesis of Edmond,Edmond,OK,73013,650,"Oklahoma City, OK",35.6128747,-97.4967472,109.0
2026-09-01,73680,Genesis of Wayne,Wayne,NJ,07470,501,"New York, NY",40.948967,-74.276307,107.0
2026-09-01,68812,Genesis of South Knoxville,Alcoa,TN,37701,557,"Knoxville, TN",35.8245636,-83.9755837,105.0
2026-09-01,99924,Genesis of Avon,Simsbury,CT,06092,533,"Hartford & New Haven, CT",41.8203914,-72.8690454,104.0
2026-09-01,4457,Genesis of Spring,Spring,TX,77373,618,"Houston, TX",30.0627988,-95.4322263,104.0
2026-09-01,69883,Genesis of North Plainfield,North Plainfield,NJ,07060,501,"New York, NY",40.6165806,-74.4551273,103.0
2026-09-01,4844,Genesis of Miami Lakes,Miami Lakes,FL,33014,528,"Miami-Ft. Lauderdale, FL",25.9235071,-80.3016669,101.0
2026-09-01,71564,Clay Cooley Genesis of Mesquite,Mesquite,TX,75150,623,"Dallas-Ft. Worth, TX",32.8336891,-96.6306212,99.0
2026-09-01,72126,Genesis of Ocala,Ocala,FL,34471,534,"Orlando-Daytona Beach-Melbourne, FL",29.1773171,-82.1519073,99.0
2026-09-01,4899,Genesis of Conway,Conway,AR,72032,693,"Little Rock-Pine Bluff, AR",35.093494,-92.421864,97.0
2026-09-01,69032,Genesis Of NW San Antonio,Boerne,TX,78006,641,"San Antonio, TX",29.6844593,-98.6411438,96.0
2026-09-01,91447,Genesis of Albany,Albany,NY,12205,532,"Albany-Schenectady-Troy, NY",42.7296031,-73.8529553,96.0
2026-09-01,2525,Genesis of Cool Springs,Franklin,TN,37067,659,"Nashville, TN",35.9580609,-86.8090467,96.0
2026-09-01,94567,Genesis of Kansas City,Overland Park,KS,66204,616,"Kansas City, MO",38.9882713,-94.6681597,96.0
2026-09-01,70835,Genesis of Tulsa,Tulsa,OK,74133,671,"Tulsa, OK",36.022119,-95.8852819,96.0
2026-09-01,70876,Doral Genesis,Doral,FL,33172,528,"Miami-Ft. Lauderdale, FL",25.7843093,-80.3669404,95.0
2026-09-01,100501,Genesis Macon,Macon,GA,31210,503,"Macon, GA",32.8866204,-83.675043,95.0
2026-09-01,61284,Genesis of Springfield,Springfield,VA,22150,511,"Washington, DC (Hagerstown, MD)",38.7503466,-77.1828597,94.0
2026-09-01,97787,Genesis Montgomery,Montgomery,AL,36106,698,"Montgomery (Selma), AL",32.3606235,-86.2242999,93.0
2026-09-01,65747,Genesis Of Clear Lake,Webster,TX,77598,618,"Houston, TX",29.5340161,-95.13376,93.0
2026-09-01,70696,Genesis of Round Rock,Round Rock,TX,78665,635,"Austin, TX",30.5322484,-97.6891408,92.0
2026-09-01,67522,Genesis of Wexford,Wexford,PA,15090,508,"Pittsburgh, PA",40.6143612,-80.0568103,92.0
2026-09-01,71661,Allen Turner Genesis,Pensacola,FL,32505,686,"Mobile, AL-Pensacola (Ft. Walton Beach), FL",30.4750621,-87.247943,90.0
2026-09-01,70631,Genesis of Lake Norman,Cornelius,NC,28031,517,"Charlotte, NC",35.467345,-80.872696,89.0
2026-09-01,1130,Genesis of Kirkland,Kirkland,WA,98034,819,"Seattle-Tacoma, WA",47.7072771,-122.1748634,88.0
2026-09-01,64003,Genesis of Bel Air,Fallston,MD,21047,512,"Baltimore, MD",39.5065574,-76.3858171,86.0
2026-09-01,61217,Genesis of Weatherford,Hudson Oaks,TX,76087,623,"Dallas-Ft. Worth, TX",32.7558051,-97.6929673,86.0
2026-09-01,10129,Genesis of Covington,Covington,LA,70433,622,"New Orleans, LA",30.4321,-90.0886416,85.0
2026-09-01,68973,Genesis of Dublin,Dublin,CA,94568,807,"San Francisco-Oakland-San Jose, CA",37.7027037,-121.9030039,85.0
2026-09-01,4919,Genesis of North Aurora,North Aurora,IL,60542,602,"Chicago, IL",41.80082,-88.3739138,83.0
2026-09-01,98536,Galpin Genesis of Van Nuys,Los Angeles,CA,91406,803,"Los Angeles, CA",34.2209833,-118.4687863,82.0
2026-09-01,11303,Genesis of Appleton,Appleton,WI,54913,658,"Green Bay-Appleton, WI",44.2887964,-88.4759736,82.0
2026-09-01,61326,Genesis of Denville,Denville,NJ,07834,501,"New York, NY",40.8681668,-74.5137571,82.0
2026-09-01,3566,Genesis of Highland Park,Highland Park,IL,60035,602,"Chicago, IL",42.1609423,-87.8081446,82.0
2026-09-01,69375,Genesis of Hilton Head,Bluffton,SC,29910,507,"Savannah, GA",32.2898537,-80.9132918,82.0
2026-09-01,2157,Genesis of Suitland,Bowie,MD,20716,511,"Washington, DC (Hagerstown, MD)",38.9227402,-76.7179222,82.0
2026-09-01,8533,Genesis North Orlando,Winter Park,FL,32789,534,"Orlando-Daytona Beach-Melbourne, FL",28.6088331,-81.3648614,81.0
2026-09-01,96075,Genesis of Smithtown,Saint James,NY,11780,501,"New York, NY",40.861595,-73.159573,81.0
2026-09-01,69382,Genesis of West Chester,West Chester,PA,19382,504,"Philadelphia, PA",39.9023291,-75.5655602,81.0
2026-09-01,67498,Genesis of West Palm Beach,West Palm Beach,FL,33409,548,"West Palm Beach-Ft. Pierce, FL",26.7072233,-80.0873646,81.0
2026-09-01,71985,Genesis of Columbus,Columbus,OH,43230,535,"Columbus, OH",40.0598318,-82.9433206,79.0
2026-09-01,6996,Genesis of Lafayette,Lafayette,LA,70506,642,"Lafayette, LA",30.1552098,-92.0910284,79.0
2026-09-01,73795,Crown Genesis,St. Petersburg,FL,33714,539,"Tampa-St Petersburg (Sarasota), FL",27.8204635,-82.6786673,78.0
2026-09-01,71829,Genesis of Chantilly,Chantilly,VA,20151,511,"Washington, DC (Hagerstown, MD)",38.903778,-77.4621301,78.0
2026-09-01,67536,Genesis of Omaha,Omaha,NE,68118,652,"Omaha, NE",41.2639237,-96.1858719,78.0
2026-09-01,61240,Genesis of Palm Springs,Palm Springs,CA,92264,804,"Palm Springs, CA",33.7945577,-116.5032881,78.0
2026-09-01,81842,Genesis of West Warwick,West Warwick,RI,02893,521,"Providence, RI-New Bedford, MA",41.684535,-71.5014056,76.0
2026-09-01,73042,Gettel Genesis of Lakewood,Bradenton,FL,34208,539,"Tampa-St Petersburg (Sarasota), FL",27.4953171,-82.4871204,75.0
2026-09-01,70573,Genesis of Gwinnett,Duluth,GA,30096,524,"Atlanta, GA",33.9606012,-84.1164625,73.0
2026-09-01,61567,Genesis of Monroeville,Monroeville,PA,15146,508,"Pittsburgh, PA",40.4308948,-79.7170895,73.0
2026-09-01,69823,Genesis Of Charleston,Charleston,SC,29414,519,"Charleston, SC",32.7982545,-80.0859341,72.0
2026-09-01,68256,Genesis of Lexington,Lexington,KY,40509,541,"Lexington, KY",37.9960356,-84.441848,72.0
2026-09-01,98745,Genesis of Danvers,Danvers,MA,01923,506,"Boston, MA-Manchester, NH",42.5595013,-70.9786915,70.0
2026-09-01,68840,Genesis of Golden,Golden,CO,80401,751,"Denver, CO",39.730479,-105.1754951,68.0
2026-09-01,72560,Genesis of West Knoxville,Knoxville,TN,37923,557,"Knoxville, TN",35.9181977,-84.0733877,68.0
2026-09-01,61515,Genesis Of Madison,Madison,WI,53713,669,"Madison, WI",43.0341872,-89.4116586,67.0
2026-09-01,69447,King Genesis,Deerfield Beach,FL,33441,528,"Miami-Ft. Lauderdale, FL",26.29967,-80.0946749,67.0
2026-09-01,73383,Genesis of Newnan,Newnan,GA,30263,524,"Atlanta, GA",33.3980326,-84.751469,65.0
2026-09-01,36300,Delray Genesis,Delray Beach,FL,33483,548,"West Palm Beach-Ft. Pierce, FL",26.4720932,-80.0668508,63.0
2026-09-01,10916,Genesis of Louisville,Jeffersontown,KY,40299,529,"Louisville, KY",38.2125896,-85.5378392,62.0
2026-09-01,68945,Genesis of San Antonio East,San Antonio,TX,78233,641,"San Antonio, TX",29.5452956,-98.3688609,62.0
2026-09-01,5541,Genesis Glenview,Glenview,IL,60026,602,"Chicago, IL",42.1061877,-87.8216753,61.0
2026-09-01,68961,Genesis of Hampton,Hampton,VA,23666,544,"Norfolk-Portsmouth-Newport News,VA",37.0619771,-76.4003949,61.0
2026-09-01,70476,Genesis of Escondido,Escondido,CA,92029,825,"San Diego, CA",33.1150272,-117.1049655,60.0
2026-09-01,69757,Genesis of Wilkes-Barre,Wilkes-Barre,PA,18702,577,"Wilkes Barre-Scranton, PA",41.2549421,-75.8381435,60.0
2026-09-01,7375,Genesis of Bedford,Bedford,OH,44146,510,"Cleveland-Akron (Canton), OH",41.4061393,-81.5482726,59.0
2026-09-01,96938,Genesis of North Cincinnati,Cincinnati,OH,45249,515,"Cincinnati, OH",39.2926575,-84.3036044,59.0
2026-09-01,9171,Genesis of Longview,Longview,TX,75605,709,"Tyler-Longview(Lufkin & Nacogdoches), TX",32.5633713,-94.7310184,58.0
2026-09-01,93460,Genesis of Portland,Portland,OR,97225,820,"Portland, OR",45.4962782,-122.7698208,58.0
2026-09-01,94705,Genesis of Ridgefield,Norwalk,CT,06851,501,"New York, NY",41.1261307,-73.4233158,58.0
2026-09-01,61112,Homestead Genesis,Homestead,FL,33030,528,"Miami-Ft. Lauderdale, FL",25.4674062,-80.472177,58.0
2026-09-01,73353,Genesis of Annapolis,Annapolis,MD,21401,512,"Baltimore, MD",38.976603,-76.5095064,57.0
2026-09-01,61459,Genesis of Augusta,Augusta,GA,30907,520,"Augusta, GA",33.5157506,-82.0641493,57.0
2026-09-01,9594,Genesis of Orange Park,Jacksonville,FL,32244,561,"Jacksonville, FL",30.2100757,-81.7391104,57.0
2026-09-01,60611,Genesis of Huntsville,Huntsville,AL,35816,691,"Huntsville-Decatur (Florence), AL",34.7342382,-86.6214927,56.0
2026-09-01,69737,Genesis of Richmond,Bon Air,VA,23235,556,"Richmond-Petersburg, VA",37.5013145,-77.5717929,56.0
2026-09-01,4571,Genesis of Nashua,Nashua,NH,03060,506,"Boston, MA-Manchester, NH",42.7272329,-71.4464946,55.0
2026-09-01,71974,Genesis of Columbia,Columbia,SC,29203,546,"Columbia, SC",34.1430845,-80.9485594,54.0
2026-09-01,64426,Genesis of Algonquin,Algonquin,IL,60102,602,"Chicago, IL",42.1629985,-88.3344476,53.0
2026-09-01,73893,Genesis of Brunswick,South Brunswick Township,NJ,08852,501,"New York, NY",40.4111541,-74.5423003,53.0
2026-09-01,72712,Genesis of Roswell,Roswell,GA,30076,524,"Atlanta, GA",34.056201,-84.32906,53.0
2026-09-01,8947,Genesis of Wichita,Wichita,KS,67206,678,"Wichita-Hutchinson, KS",37.7055104,-97.2084739,53.0
2026-09-01,2687,Genesis of Parma,Parma,OH,44129,510,"Cleveland-Akron (Canton), OH",41.4180454,-81.7339114,52.0
2026-09-01,1691,Genesis of Fairfield,Fairfield,CT,06825,501,"New York, NY",41.1661525,-73.2298512,51.0
2026-09-01,83168,Genesis of Framingham,Framingham,MA,01702,506,"Boston, MA-Manchester, NH",42.2974046,-71.417428,51.0
2026-09-01,3536,Genesis of Rockville,North Bethesda,MD,20852,511,"Washington, DC (Hagerstown, MD)",39.0438363,-77.1107675,50.0
2026-09-01,72197,Genesis of Doylestown,Doylestown,PA,18902,504,"Philadelphia, PA",40.3335783,-75.1370158,49.0
2026-09-01,42325,Genesis Memphis Covington Pike,Memphis,TN,38134,640,"Memphis, TN",35.1781733,-89.8953093,48.0
2026-09-01,9254,Genesis of Bloomington-Normal,Normal,IL,61761,675,"Peoria-Bloomington, IL",40.5165466,-88.9541909,46.0
2026-09-01,70290,Genesis of Greer,Greer,SC,29651,567,"Greenville-Spartanburg, SC-Asheville, NC-Anderson, SC",34.949924,-82.198468,46.0
2026-09-01,67547,Genesis of Ogden,Ogden,UT,84401,770,"Salt Lake City, UT",41.2030548,-111.9799594,45.0
2026-09-01,66747,Genesis Of Southfield,Southfield,MI,48034,505,"Detroit, MI",42.4941876,-83.2830437,44.0
2026-09-01,103247,Genesis of South Nashville,Nashville,TN,37211,659,"Nashville, TN",36.0456523,-86.7012321,44.0
2026-09-01,73375,Genesis of Melbourne,Melbourne,FL,32901,534,"Orlando-Daytona Beach-Melbourne, FL",28.0781199,-80.6372008,43.0
2026-09-01,61176,Headquarter Genesis,Lake Mary,FL,32746,534,"Orlando-Daytona Beach-Melbourne, FL",28.7885443,-81.3466546,43.0
2026-09-01,71271,Genesis of Cartersville,Cartersville,GA,30120,524,"Atlanta, GA",34.1915656,-84.7876903,42.0
2026-09-01,68698,GENESIS OF BAYSIDE,Queens,NY,11361,501,"New York, NY",40.7573441,-73.7811612,40.0
2026-09-01,72341,Genesis of Auburn,Auburn,AL,36830,522,"Columbus, GA",32.6179594,-85.4635689,40.0
2026-09-01,1250,Genesis of New Orleans,Metairie,LA,70003,622,"New Orleans, LA",30.0058423,-90.2210481,40.0
2026-09-01,73397,Genesis of Daytona Beach,Daytona Beach,FL,32117,534,"Orlando-Daytona Beach-Melbourne, FL",29.2235952,-81.0481335,38.0
2026-09-01,91019,Genesis of Hickory,Hickory,NC,28602,517,"Charlotte, NC",35.7151389,-81.3379647,34.0
2026-09-01,65171,Genesis of Selma,Selma,CA,93662,866,"Fresno-Visalia, CA",36.5705206,-119.6297571,34.0
2026-09-01,8386,Genesis of Huntington,Huntington,NY,11743,501,"New York, NY",40.8332861,-73.3617156,32.0
2026-09-01,69370,Genesis of Northampton,Northampton,MA,01060,543,"Springfield-Holyoke, MA",42.3359481,-72.6356287,32.0
2026-09-01,70200,Genesis of Chattanooga,Chattanooga,TN,37421,575,"Chattanooga, TN",35.0602866,-85.1922179,31.0
2026-09-01,2511,Genesis of Clearwater,Clearwater,FL,33761,539,"Tampa-St Petersburg (Sarasota), FL",28.0222085,-82.7380372,30.0
2026-09-01,9530,Genesis of Brunswick,Brunswick,OH,44212,510,"Cleveland-Akron (Canton), OH",41.2391403,-81.7926475,29.0
2026-09-01,6292,Genesis of Harlingen,Harlingen,TX,78552,636,"Harlingen-Weslaco-Brownsville-McAllen, TX",26.1864793,-97.7753841,27.0
2026-09-01,61127,Genesis of Hattiesburg,Hattiesburg,MS,39402,710,"Hattiesburg-Laurel, MS",31.3166979,-89.407095,27.0
2026-09-01,94818,Genesis of Milwaukee,Waukesha,WI,53186,617,"Milwaukee, WI",43.0244944,-88.2038863,27.0
2026-09-01,8750,Sid Dillon Genesis of Lincoln,Lincoln,NE,68512,722,"Lincoln & Hastings-Kearney, NE",40.7364094,-96.6846163,25.0
2026-09-01,69677,Genesis of La Quinta,La Quinta,CA,92253,804,"Palm Springs, CA",33.7072313,-116.2852619,24.0
2026-09-01,3152,Genesis of St. Cloud,Waite Park,MN,56387,613,"Minneapolis-St. Paul, MN",45.5485676,-94.2285831,22.0
2026-09-01,793,Genesis of Hazelwood,Hazelwood,MO,63042,609,"St. Louis, MO",38.7811015,-90.3650463,21.0
2026-09-01,69414,Genesis of Olive Branch,Olive Branch,MS,38654,640,"Memphis, TN",34.9790497,-89.8645852,21.0
2026-09-01,6832,Genesis of Denton,Denton,TX,76210,623,"Dallas-Ft. Worth, TX",33.1691755,-97.0819556,20.0
2026-09-01,648,Genesis of Calumet City,Calumet City,IL,60409,602,"Chicago, IL",41.6004518,-87.5734156,19.0
2026-09-01,73395,Genesis of Union City,Riverdale,GA,30274,524,"Atlanta, GA",33.5645576,-84.4132949,19.0
2026-09-01,70356,Hampton Genesis,Fort Walton Beach,FL,32548,686,"Mobile, AL-Pensacola (Ft. Walton Beach), FL",30.4123712,-86.6281688,19.0
2026-09-01,103263,Genesis of Kalamazoo,Kalamazoo,MI,49009,563,"Grand Rapids-Kalamazoo-Battle Creek, MI",42.2973018,-85.6584362,18.0
2026-09-01,71500,Genesis of Waterloo,Waterloo,IA,50702,637,"Cedar Rapids-Waterloo-Iowa City & Dubuque, IA",42.4906379,-92.3401956,18.0
2026-09-01,52776,Genesis Of Macomb,Macomb,MI,48044,505,"Detroit, MI",42.6294783,-82.9318824,17.0
2026-09-01,3992,Genesis of New Bern,New Bern,NC,28560,545,"Greenville-New Bern-Washington, NC",35.0579658,-77.0170433,11.0
2026-09-01,84406,Genesis at Long of Chattanooga,Chattanooga,TN,37421,575,"Chattanooga, TN",35.059805,-85.190767,10.0
2026-09-01,64724,Genesis of Groveport,Groveport,OH,43125,535,"Columbus, OH",39.8895794,-82.8876146,10.0
2026-09-01,49527,Genesis of Urbana,Urbana,IL,61802,648,"Champaign & Springfield-Decatur,IL",40.1386655,-88.1960739,8.0
2026-09-01,69701,Genesis of Victorville,Victorville,CA,92392,803,"Los Angeles, CA",34.5060794,-117.3405032,7.0
2026-09-01,69409,Genesis of Richmond,Richmond,CA,94806,807,"San Francisco-Oakland-San Jose, CA",37.9857273,-122.3202802,3.0
2026-09-01,69498,Genesis of Eastern Shore,Daphne,AL,36526,686,"Mobile, AL-Pensacola (Ft. Walton Beach), FL",30.6607867,-87.8567477,2.0
2026-09-01,61156,Genesis of Mattoon,Mattoon,IL,61938,648,"Champaign & Springfield-Decatur,IL",39.4823346,-88.3786268,2.0
2026-09-01,68638,Genesis of Downtown Chicago,Chicago,IL,60616,602,"Chicago, IL",41.8442199,-87.6240557,1.0
2026-09-01,69102,Orlando Genesis,Orlando,FL,32808,534,"Orlando-Daytona Beach-Melbourne, FL",28.5521196,-81.4309809,1.0
2026-09-01,100081,Spicer's Boat City,Houghton Lake,MI,48629,540,"Traverse City-Cadillac, MI",44.2970658,-84.7217605,1.0
