date_month,geo_level,region_code,region_name,entity_level,brand,model_series,display_name,segment,average_inventory,market_average_inventory,inventory_share,weighted_avg_msrp,market_weighted_avg_msrp,msrp_inventory_weighted_index,weighted_avg_price,market_weighted_avg_price,price_inventory_weighted_index,retail_sales,market_retail_sales,retail_share,inventory_retail_ratio,average_inventory_mom_pct,average_inventory_yoy_pct,inventory_share_mom_pp,inventory_share_yoy_pp,weighted_avg_msrp_mom_pct,weighted_avg_msrp_yoy_pct,msrp_inventory_weighted_index_mom_delta,msrp_inventory_weighted_index_yoy_delta,weighted_avg_price_mom_pct,weighted_avg_price_yoy_pct,price_inventory_weighted_index_mom_delta,price_inventory_weighted_index_yoy_delta,retail_sales_mom_pct,retail_sales_yoy_pct,retail_share_mom_pp,retail_share_yoy_pp,inventory_retail_ratio_mom_delta,inventory_retail_ratio_yoy_delta
2025-01-01,Region,CE,Central,Brand,Genesis,brand,Genesis,Luxury Market,3068.0,34368.0,0.08926908752327747,65951.57235984354,66603.22301551267,99.02159291072542,65551.76499348109,65266.869165378674,100.43650910752365,524.0,11048.0,0.04742939898624186,1.8821467155671172,,,,,,,,,,,,,,,,,,
2025-01-01,Region,CE,Central,Model,Genesis,g70,G70,Near Luxury Car,490.0,5210.0,0.09404990403071017,52097.010204081635,58680.060898272546,88.78145217742147,51681.18163265306,57797.72060099846,89.41733531228611,46.0,1128.0,0.040780141843971635,2.3062672118835015,,,,,,,,,,,,,,,,,,
2025-01-01,Region,CE,Central,Model,Genesis,g80,G80,Mid Luxury Car,157.0,2123.0,0.07395195478097033,66617.31847133758,80533.86362134089,82.71963553687553,66582.89171974522,79490.92686460807,83.76162456018622,26.0,426.0,0.06103286384976526,1.2116743360266677,,,,,,,,,,,,,,,,,,
2025-01-01,Region,CE,Central,Model,Genesis,g90,G90,Premium Luxury Car,70.0,789.0,0.08871989860583017,101126.28571428571,133539.762086514,75.72747182878074,98865.11428571428,132135.62261753494,74.82093952202294,10.0,131.0,0.07633587786259542,1.1622306717363753,,,,,,,,,,,,,,,,,,
2025-01-01,Region,CE,Central,Model,Genesis,gv60,GV60,Entry Luxury EV SUV,48.0,65.0,0.7384615384615385,63375.0,62120.415384615386,102.01960113694817,62871.625,61122.015384615384,102.86248678872096,14.0,74.0,0.1891891891891892,3.903296703296703,,,,,,,,,,,,,,,,,,
2025-01-01,Region,CE,Central,Model,Genesis,gv70,GV70,Near Luxury SUV,1071.0,11689.0,0.09162460432885619,59811.1802054155,58940.652363714165,101.47695657715057,59364.575163398695,57792.38066786694,102.72041829279739,220.0,2553.0,0.08617312965139053,1.0632618856889537,,,,,,,,,,,,,,,,,,
2025-01-01,Region,CE,Central,Model,Genesis,gv70_ev,GV70 EV,Near Luxury EV SUV,55.0,751.0,0.07323568575233022,70832.14545454546,65004.32490013316,108.96528125377142,67930.65454545454,63126.222963951936,107.6108332732756,14.0,1950.0,0.0071794871794871795,10.200684801217424,,,,,,,,,,,,,,,,,,
2025-01-01,Region,CE,Central,Model,Genesis,gv80,GV80,Mid Luxury SUV,1177.0,18739.0,0.0628101819734244,75003.0484282073,70359.64169824412,106.59953151819286,74835.58198810535,68712.89450984588,108.9105364021336,194.0,4786.0,0.04053489343919766,1.5495336645608722,,,,,,,,,,,,,,,,,,
2025-01-01,Region,EA,Eastern,Brand,Genesis,brand,Genesis,Luxury Market,3168.0,53818.0,0.058865063733323425,65559.94223484848,66289.49571290532,98.89944331268339,65429.17108585859,66102.40534456412,98.98152834954152,857.0,19642.0,0.043630994807046124,1.3491570383313172,,,,,,,,,,,,,,,,,,
2025-01-01,Region,EA,Eastern,Model,Genesis,g70,G70,Near Luxury Car,494.0,11188.0,0.04415445119771184,51529.94129554656,57076.81756481316,90.28173520191821,51807.24696356275,57024.58331304814,90.85072429053317,98.0,2411.0,0.040647034425549566,1.0862896105886044,,,,,,,,,,,,,,,,,,
2025-01-01,Region,EA,Eastern,Model,Genesis,g80,G80,Mid Luxury Car,168.0,4818.0,0.034869240348692404,69512.78571428571,80086.03783385255,86.79763363808529,69063.33928571429,79019.84306040834,87.39999550861852,42.0,1092.0,0.038461538461538464,0.9066002490660025,,,,,,,,,,,,,,,,,,
2025-01-01,Region,EA,Eastern,Model,Genesis,g90,G90,Premium Luxury Car,93.0,1655.0,0.056193353474320244,101713.08602150538,130189.88580060423,78.12671882767204,100764.98924731182,129237.90634441088,77.96860232227802,19.0,368.0,0.051630434782608696,1.0883765304499922,,,,,,,,,,,,,,,,,,
2025-01-01,Region,EA,Eastern,Model,Genesis,gv60,GV60,Entry Luxury EV SUV,156.0,201.0,0.7761194029850746,63208.11538461538,61061.592039801,103.5153412695418,61208.493589743586,59156.154228855725,103.46935900016088,24.0,133.0,0.18045112781954886,4.300995024875622,,,,,,,,,,,,,,,,,,
2025-01-01,Region,EA,Eastern,Model,Genesis,gv70,GV70,Near Luxury SUV,1161.0,21059.0,0.05513082292606487,60994.39448751077,58685.16354955126,103.93494845764499,61037.76830318691,58393.75311137611,104.52790761156898,371.0,5753.0,0.0644880931687815,0.8548992568562027,,,,,,,,,,,,,,,,,,
2025-01-01,Region,EA,Eastern,Model,Genesis,gv70_ev,GV70 EV,Near Luxury EV SUV,163.0,1393.0,0.11701363962670495,73350.6809815951,68749.75409906676,106.69228122023317,72003.60122699387,68416.80252692032,105.24256990621892,28.0,2219.0,0.012618296529968454,9.273330940416368,,,,,,,,,,,,,,,,,,
2025-01-01,Region,EA,Eastern,Model,Genesis,gv80,GV80,Mid Luxury SUV,933.0,24362.0,0.038297348329365405,73386.4115755627,71578.69665188834,102.52549293048168,73486.69667738478,71413.14436663233,102.90360035136797,275.0,7666.0,0.03587268458126794,1.0675908083378733,,,,,,,,,,,,,,,,,,
2025-01-01,Region,MA,Mid-Atlantic,Brand,Genesis,brand,Genesis,Luxury Market,1585.0,23948.0,0.06618506764656756,65818.86561514196,66728.60762923649,98.6366536836055,64877.91167192429,66141.91178281263,98.08895739960029,359.0,9981.0,0.03596833984570684,1.840092368190504,,,,,,,,,,,,,,,,,,
2025-01-01,Region,MA,Mid-Atlantic,Model,Genesis,g70,G70,Near Luxury Car,286.0,4394.0,0.0650887573964497,51193.41608391608,57196.210972886765,89.50490812788938,50584.881118881116,56708.2859671907,89.2019221814386,25.0,967.0,0.025853154084798345,2.5176331360946747,,,,,,,,,,,,,,,,,,
2025-01-01,Region,MA,Mid-Atlantic,Model,Genesis,g80,G80,Mid Luxury Car,93.0,1892.0,0.04915433403805497,68500.21505376344,79834.99203191488,85.80224449246487,66329.55913978495,79089.6212858661,83.86632539311265,24.0,413.0,0.05811138014527845,0.8458641649048626,,,,,,,,,,,,,,,,,,
2025-01-01,Region,MA,Mid-Atlantic,Model,Genesis,g90,G90,Premium Luxury Car,22.0,563.0,0.03907637655417407,101303.81818181818,127136.22841726619,79.68131463624593,98840.95454545454,126598.52049910874,78.07433622113332,7.0,129.0,0.05426356589147287,0.7201217964983507,,,,,,,,,,,,,,,,,,
2025-01-01,Region,MA,Mid-Atlantic,Model,Genesis,gv60,GV60,Entry Luxury EV SUV,43.0,88.0,0.48863636363636365,60132.06976744186,57457.14772727273,104.65550788017876,61246.51162790698,56566.88636363636,108.27272909134147,18.0,76.0,0.23684210526315788,2.063131313131313,,,,,,,,,,,,,,,,,,
2025-01-01,Region,MA,Mid-Atlantic,Model,Genesis,gv70,GV70,Near Luxury SUV,539.0,8919.0,0.060432783944388384,60619.33209647495,59184.45051811147,102.42442324935395,59702.499072356215,58091.45737633202,102.77328503843076,153.0,2271.0,0.06737120211360634,0.8970121067823923,,,,,,,,,,,,,,,,,,
2025-01-01,Region,MA,Mid-Atlantic,Model,Genesis,gv70_ev,GV70 EV,Near Luxury EV SUV,65.0,649.0,0.10015408320493066,73743.66153846154,65534.99229583975,112.52562784407756,69446.63076923077,64488.5262345679,107.68835143887219,17.0,2630.0,0.006463878326996198,15.494425813468684,,,,,,,,,,,,,,,,,,
2025-01-01,Region,MA,Mid-Atlantic,Model,Genesis,gv80,GV80,Mid Luxury SUV,537.0,12018.0,0.04468297553669496,76405.10986964618,71755.96230487603,106.47910977072108,75779.86219739293,71144.0893856056,106.51603366045089,115.0,3495.0,0.032904148783977114,1.357973908702164,,,,,,,,,,,,,,,,,,
2025-01-01,Region,MS,Mountain States,Brand,Genesis,brand,Genesis,Luxury Market,952.0,18306.0,0.052004807167049055,67946.44537815126,69717.20785194109,97.46007832449284,67866.8025210084,69133.6585233562,98.16752645613309,255.0,8563.0,0.029779282961578887,1.7463418187115336,,,,,,,,,,,,,,,,,,
2025-01-01,Region,MS,Mountain States,Model,Genesis,g70,G70,Near Luxury Car,99.0,2549.0,0.03883876029815614,52751.656565656565,59540.99941407786,88.59719703190602,53436.56565656565,59283.38410145497,90.137508960549,12.0,602.0,0.019933554817275746,1.9484111416241665,,,,,,,,,,,,,,,,,,
2025-01-01,Region,MS,Mountain States,Model,Genesis,g80,G80,Mid Luxury Car,32.0,1221.0,0.02620802620802621,66709.5,84757.15259075907,78.70663178375015,68243.75,82690.69865595942,82.52893143874985,7.0,243.0,0.02880658436213992,0.9097929097929098,,,,,,,,,,,,,,,,,,
2025-01-01,Region,MS,Mountain States,Model,Genesis,g90,G90,Premium Luxury Car,6.0,361.0,0.01662049861495845,102070.66666666667,141494.30640668524,72.13764939296816,98461.66666666667,140828.21944444443,69.91614823725652,2.0,97.0,0.020618556701030927,0.8060941828254848,,,,,,,,,,,,,,,,,,
2025-01-01,Region,MS,Mountain States,Model,Genesis,gv60,GV60,Entry Luxury EV SUV,78.0,184.0,0.42391304347826086,62095.88461538462,60142.74456521739,103.24750734986709,63913.743589743586,57471.72282608696,111.20902671240704,21.0,123.0,0.17073170731707318,2.482919254658385,,,,,,,,,,,,,,,,,,
2025-01-01,Region,MS,Mountain States,Model,Genesis,gv70,GV70,Near Luxury SUV,302.0,7424.0,0.04067887931034483,61939.1357615894,61890.057229419705,100.079299542393,61942.71523178808,60898.39911994516,101.71484985965893,98.0,1847.0,0.05305901461829995,0.7666723478184377,,,,,,,,,,,,,,,,,,
2025-01-01,Region,MS,Mountain States,Model,Genesis,gv70_ev,GV70 EV,Near Luxury EV SUV,58.0,685.0,0.08467153284671533,71774.0,63537.23574561404,112.96368052170816,65920.44827586207,61742.93092105263,106.76598485444593,17.0,2579.0,0.006591702210158977,12.84516960068699,,,,,,,,,,,,,,,,,,
2025-01-01,Region,MS,Mountain States,Model,Genesis,gv80,GV80,Mid Luxury SUV,377.0,9919.0,0.03800786369593709,76932.31830238727,75589.96007874812,101.77584195340322,77000.12732095491,75210.74729616368,102.37915469413572,98.0,3072.0,0.031901041666666664,1.191430176264477,,,,,,,,,,,,,,,,,,
2025-01-01,Region,SC,South Central,Brand,Genesis,brand,Genesis,Luxury Market,2381.0,35971.0,0.06619221039170443,65712.31877362453,67460.85947157526,97.40806637856805,64608.30759439966,66941.38742278692,96.51474234668599,519.0,15566.0,0.03334189901066427,1.9852561598405996,,,,,,,,,,,,,,,,,,
2025-01-01,Region,SC,South Central,Model,Genesis,g70,G70,Near Luxury Car,455.0,6393.0,0.07117159393086188,52034.14505494505,57551.11121064996,90.41379733657692,50921.71365638766,57407.00360050094,88.70296385917504,52.0,1752.0,0.02968036529680365,2.3979352416705773,,,,,,,,,,,,,,,,,,
2025-01-01,Region,SC,South Central,Model,Genesis,g80,G80,Mid Luxury Car,161.0,2975.0,0.05411764705882353,67669.59627329193,78617.95248054145,86.07397437632413,66012.93167701863,77175.1508427158,85.5365113721048,35.0,612.0,0.05718954248366013,0.9462857142857143,,,,,,,,,,,,,,,,,,
2025-01-01,Region,SC,South Central,Model,Genesis,g90,G90,Premium Luxury Car,85.0,1056.0,0.08049242424242424,101127.02352941176,133431.76325757575,75.78931812075125,99251.14457831325,131132.47343453512,75.68769350473825,31.0,262.0,0.1183206106870229,0.6802908113391984,,,,,,,,,,,,,,,,,,
2025-01-01,Region,SC,South Central,Model,Genesis,gv60,GV60,Entry Luxury EV SUV,54.0,68.0,0.7941176470588235,57714.27777777778,56643.57352941176,101.89024841063402,57714.75925925926,56650.30882352941,101.87898434772123,9.0,41.0,0.21951219512195122,3.617647058823529,,,,,,,,,,,,,,,,,,
2025-01-01,Region,SC,South Central,Model,Genesis,gv70,GV70,Near Luxury SUV,921.0,12149.0,0.07580870853568195,61511.86970684039,59041.364131795715,104.18436398171605,60651.603504928804,58124.61343695742,104.34753870786975,201.0,3079.0,0.06528093536862618,1.1612687242853965,,,,,,,,,,,,,,,,,,
2025-01-01,Region,SC,South Central,Model,Genesis,gv70_ev,GV70 EV,Near Luxury EV SUV,24.0,849.0,0.028268551236749116,72388.0,63721.6733451119,113.60028103460485,67863.75,63148.397083825264,107.46709834917174,10.0,3775.0,0.0026490066225165563,10.671378091872791,,,,,,,,,,,,,,,,,,
2025-01-01,Region,SC,South Central,Model,Genesis,gv80,GV80,Mid Luxury SUV,681.0,17767.0,0.03832948725164631,76047.83847283406,72732.25028907924,104.55862175386682,75115.50149700599,72201.27847935664,104.03624849729299,181.0,6045.0,0.029942100909842846,1.2801201681558119,,,,,,,,,,,,,,,,,,
2025-01-01,Region,SO,Southern,Brand,Genesis,brand,Genesis,Luxury Market,5108.0,49350.0,0.10350557244174266,65324.222983555206,65950.59775998055,99.05023639254195,65318.37732523987,65563.94966645625,99.62544608360894,1220.0,21620.0,0.056429232192414434,1.8342544886807182,,,,,,,,,,,,,,,,,,
2025-01-01,Region,SO,Southern,Model,Genesis,g70,G70,Near Luxury Car,997.0,8857.0,0.11256633171502767,49561.92778335005,56158.00400135486,88.25443258658967,49655.02710843374,56097.365199322405,88.51579201982469,141.0,2571.0,0.05484247374562427,2.052539282548483,,,,,,,,,,,,,,,,,,
2025-01-01,Region,SO,Southern,Model,Genesis,g80,G80,Mid Luxury Car,425.0,4548.0,0.0934476693051891,68167.57176470588,78787.27160564622,86.5210463257376,68183.03529411765,77402.06744269663,88.08942389632662,81.0,1197.0,0.06766917293233082,1.38094889084335,,,,,,,,,,,,,,,,,,
2025-01-01,Region,SO,Southern,Model,Genesis,g90,G90,Premium Luxury Car,136.0,1562.0,0.08706786171574904,100799.43382352941,132191.00448430493,76.25286926047782,100450.05147058824,131306.19071702944,76.500621122322,32.0,494.0,0.06477732793522267,1.3441101152368757,,,,,,,,,,,,,,,,,,
2025-01-01,Region,SO,Southern,Model,Genesis,gv60,GV60,Entry Luxury EV SUV,102.0,122.0,0.8360655737704918,57955.813725490196,57385.94117647059,100.99305254446757,58021.970588235294,56675.033613445376,102.37659669331079,22.0,62.0,0.3548387096774194,2.3561847988077496,,,,,,,,,,,,,,,,,,
2025-01-01,Region,SO,Southern,Model,Genesis,gv70,GV70,Near Luxury SUV,1506.0,17538.0,0.08587068080738967,60745.298140770254,58086.35107295647,104.57757634745232,60873.81208499336,57729.6729241671,105.44631383059517,434.0,5168.0,0.08397832817337461,1.0225338212271655,,,,,,,,,,,,,,,,,,
2025-01-01,Region,SO,Southern,Model,Genesis,gv70_ev,GV70 EV,Near Luxury EV SUV,145.0,1498.0,0.09679572763684913,73102.0275862069,66453.59397993311,110.00462609784718,71017.50344827586,66137.56951871658,107.37845972428468,48.0,4113.0,0.011670313639679067,8.29418391188251,,,,,,,,,,,,,,,,,,
2025-01-01,Region,SO,Southern,Model,Genesis,gv80,GV80,Mid Luxury SUV,1797.0,22374.0,0.08031643872351837,74340.14579855315,70720.88605133709,105.1176674237209,74342.68725653867,70160.3149644112,105.96116521747227,462.0,8015.0,0.05764192139737991,1.3933685202792203,,,,,,,,,,,,,,,,,,
2025-01-01,Region,WE,Western,Brand,Genesis,brand,Genesis,Luxury Market,2479.0,43709.0,0.056716008144775676,66799.98346107302,68887.0632930569,96.97028769668246,67028.9519967729,69030.55285434658,97.10041311446973,688.0,20896.0,0.032924961715160794,1.7225838752808613,,,,,,,,,,,,,,,,,,
2025-01-01,Region,WE,Western,Model,Genesis,g70,G70,Near Luxury Car,372.0,9771.0,0.0380718452563709,50881.20430107527,57466.61209480905,88.54046279451954,52351.158602150535,57682.52323092678,90.75740045657746,72.0,2904.0,0.024793388429752067,1.5355644253402927,,,,,,,,,,,,,,,,,,
2025-01-01,Region,WE,Western,Model,Genesis,g80,G80,Mid Luxury Car,119.0,5104.0,0.023315047021943574,68157.46218487395,81660.48591167812,83.46443377595293,67029.74789915966,79903.1572991522,83.88873501982489,38.0,1172.0,0.032423208191126277,0.7190851344662598,,,,,,,,,,,,,,,,,,
2025-01-01,Region,WE,Western,Model,Genesis,g90,G90,Premium Luxury Car,55.0,1901.0,0.028932140978432403,102012.52727272727,140937.14831401475,72.38157468990252,101434.4909090909,141221.4225908373,71.82656076406934,17.0,502.0,0.03386454183266932,0.854349104186651,,,,,,,,,,,,,,,,,,
2025-01-01,Region,WE,Western,Model,Genesis,gv60,GV60,Entry Luxury EV SUV,229.0,300.0,0.7633333333333333,57655.08296943231,57237.51,100.72954426115376,58028.34061135371,57109.85333333333,101.60828162639368,65.0,220.0,0.29545454545454547,2.5835897435897435,,,,,,,,,,,,,,,,,,
2025-01-01,Region,WE,Western,Model,Genesis,gv70,GV70,Near Luxury SUV,622.0,14642.0,0.042480535445977324,60995.0884244373,60835.70815169116,100.26198474150863,61465.64308681672,60979.26831720541,100.79760676543586,223.0,5030.0,0.04433399602385686,0.9581932434675602,,,,,,,,,,,,,,,,,,
2025-01-01,Region,WE,Western,Model,Genesis,gv70_ev,GV70 EV,Near Luxury EV SUV,215.0,2695.0,0.07977736549165121,73213.9488372093,63743.90150278294,114.85639741397524,70587.04186046512,63546.9614697083,111.07854762514916,58.0,5112.0,0.01134585289514867,7.031411937815879,,,,,,,,,,,,,,,,,,
2025-01-01,Region,WE,Western,Model,Genesis,gv80,GV80,Mid Luxury SUV,867.0,18981.0,0.04567725620357199,76199.49942329874,74554.12656603972,102.20695075248658,76630.184544406,74763.66033873969,102.49656610873446,215.0,5956.0,0.03609805238415044,1.2653662230161618,,,,,,,,,,,,,,,,,,
2025-01-01,National,NTL,National,Brand,Genesis,brand,Genesis,Luxury Market,18741.0,259470.0,0.07222800323736848,65886.32196787791,67148.56742223953,98.12021983071591,65604.86327206668,66713.52115402937,98.33818113212313,4422.0,107316.0,0.04120541205412054,1.7528766158800173,,,,,,,,,,,,,,,,,,
2025-01-01,National,NTL,National,Model,Genesis,g70,G70,Near Luxury Car,3193.0,48362.0,0.06602291054960506,51006.465079862195,57363.159006144364,88.91850791271575,50994.531808210595,57211.652723397216,89.133121279952,446.0,12335.0,0.036157276043777865,1.8259923803349294,,,,,,,,,,,,,,,,,,
2025-01-01,National,NTL,National,Model,Genesis,g80,G80,Mid Luxury Car,1155.0,22681.0,0.05092368061372955,68068.44329004329,80259.99221725861,84.80993009043212,67524.68917748918,78895.63478163192,85.5873577345371,253.0,5155.0,0.049078564500484964,1.0375951524259914,,,,,,,,,,,,,,,,,,
2025-01-01,National,NTL,National,Model,Genesis,g90,G90,Premium Luxury Car,467.0,7887.0,0.05921136046659059,101272.96359743041,134247.68396645915,75.43740093328742,100075.10107526882,133421.2715663874,75.00685602855592,118.0,1983.0,0.05950579929399899,0.9950519305529588,,,,,,,,,,,,,,,,,,
2025-01-01,National,NTL,National,Model,Genesis,gv60,GV60,Entry Luxury EV SUV,710.0,1028.0,0.6906614785992218,59947.4676056338,58815.26243902439,101.9250193226345,59871.215492957745,57702.93365853658,103.75766308044614,173.0,729.0,0.23731138545953362,2.9103596410337147,,,,,,,,,,,,,,,,,,
2025-01-01,National,NTL,National,Model,Genesis,gv70,GV70,Near Luxury SUV,6122.0,93420.0,0.06553200599443373,60817.62512250899,59290.082369534255,102.57638831306406,60617.13460909388,58730.93835587717,103.21158882527534,1700.0,25701.0,0.06614528617563518,0.9907282859193773,,,,,,,,,,,,,,,,,,
2025-01-01,National,NTL,National,Model,Genesis,gv70_ev,GV70 EV,Near Luxury EV SUV,725.0,8520.0,0.08509389671361503,72946.57103448275,65267.25844645374,111.76594937617801,70224.3751724138,64651.978326463315,108.6190662531816,192.0,22378.0,0.008579855214943248,9.917870940923319,,,,,,,,,,,,,,,,,,
2025-01-01,National,NTL,National,Model,Genesis,gv80,GV80,Mid Luxury SUV,6369.0,124160.0,0.05129671391752577,75086.18684251845,72197.39269803157,104.00124441691318,74980.60667086218,71677.02699070208,104.60897977895851,1540.0,39035.0,0.039451774048930445,1.3002384595913108,,,,,,,,,,,,,,,,,,
2025-02-01,Region,CE,Central,Brand,Genesis,brand,Genesis,Luxury Market,3130.0,34917.0,0.08964114901051064,66836.73610223642,66697.60104379708,100.2086057913057,65945.01565495208,65262.00277442876,101.04657051804567,631.0,11673.0,0.05405636939946886,1.6582902256730438,0.020208604954367715,,0.00037206148723316346,,0.013421419849753757,,1.1870128805802835,,0.0059990857837328715,,0.6100614105220217,,0.20419847328244267,,0.006626970413227004,,-0.22385648989407336,
2025-02-01,Region,CE,Central,Model,Genesis,g70,G70,Near Luxury Car,464.0,5255.0,0.08829686013320646,52152.09698275862,58375.80796574691,89.3385441677481,51098.0775862069,57537.897596574694,88.80768974994461,46.0,1121.0,0.04103479036574487,2.151756091507053,-0.05306122448979589,,-0.00575304389750371,,0.001057388484698052,,0.5570919903266258,,-0.011282715062338022,,-0.6096455623414982,,0.0,,0.0002546485217732389,,-0.15451112037644865,
2025-02-01,Region,CE,Central,Model,Genesis,g80,G80,Mid Luxury Car,175.0,1967.0,0.08896797153024912,68870.84571428571,80172.0929145473,85.90376427829169,68559.90285714286,78759.36028277635,87.04984729559317,27.0,391.0,0.06905370843989769,1.2883880321602743,0.1146496815286624,,0.015016016749278785,,0.03382794886764651,,3.18412874141616,,0.029692479349186174,,3.288222735406947,,0.03846153846153855,,0.008020844590132435,,0.07671369613360657,
2025-02-01,Region,CE,Central,Model,Genesis,g90,G90,Premium Luxury Car,72.0,822.0,0.08759124087591241,101156.83333333333,133005.14583333334,76.05482682609241,99679.86111111111,131379.89950980392,75.87147005213893,20.0,163.0,0.12269938650306748,0.7138686131386862,0.02857142857142847,,-0.0011286577299177564,,0.0003020739744552525,,0.32735499731167295,,0.008240994118939193,,1.0505305301159922,,1.0,,0.04636350864047206,,-0.4483620585976891,
2025-02-01,Region,CE,Central,Model,Genesis,gv60,GV60,Entry Luxury EV SUV,47.0,93.0,0.5053763440860215,64631.65957446808,58010.903225806454,111.41295167029281,64228.382978723406,57461.709677419356,111.7759693181617,14.0,51.0,0.27450980392156865,1.8410138248847925,-0.02083333333333337,,-0.233085194375517,,0.01982894792060086,,9.393350533344645,,0.021579814085024962,,8.913482529440742,,0.0,,0.08532061473237945,,-2.062282878411911,
2025-02-01,Region,CE,Central,Model,Genesis,gv70,GV70,Near Luxury SUV,1048.0,10904.0,0.09611151870873075,59868.8320610687,59053.01141009174,101.3815055853994,58084.560114503816,57654.35289972401,100.74618340705004,280.0,2890.0,0.09688581314878893,0.9920081752436852,-0.02147525676937445,,0.004486914379874557,,0.0009638976434707125,,-0.09545099175117855,,-0.021561933954242662,,-1.9742348857473502,,0.2727272727272727,,0.0107126834973984,,-0.07125371044526851,
2025-02-01,Region,CE,Central,Model,Genesis,gv70_ev,GV70 EV,Near Luxury EV SUV,57.0,853.0,0.0668229777256741,71844.9298245614,65472.03575615475,109.73376494988179,68711.61403508772,64098.371915393654,107.19712838538753,23.0,1749.0,0.013150371640937679,5.081451654008869,0.036363636363636376,,-0.006412708026656125,,0.014298372067042209,,0.7684836961103656,,0.011496422268544748,,-0.41370488788807336,,0.6428571428571428,,0.005970884461450499,,-5.119233147208555,
2025-02-01,Region,CE,Central,Model,Genesis,gv80,GV80,Mid Luxury SUV,1267.0,20081.0,0.06309446740700164,75603.26440410418,70086.59935557768,107.87121232767798,75545.02209944751,68454.25573518398,110.35840107837012,221.0,5308.0,0.04163526752072343,1.5154091990785734,0.07646559048428214,,0.0002842854335772388,,0.008002554409123785,,1.2716808094851189,,0.009479983885939847,,1.4478646762365202,,0.1391752577319587,,0.0011003740815257734,,-0.03412446548229875,
2025-02-01,Region,EA,Eastern,Brand,Genesis,brand,Genesis,Luxury Market,3188.0,54443.0,0.058556655584740006,65656.40621079046,66342.69797869018,98.9655353357499,65005.347553324966,66009.47103037137,98.4788190825156,878.0,20445.0,0.042944485204206406,1.3635430790774594,0.0063131313131312705,,-0.00030840814858341947,,0.001471385920329693,,0.06609202306651696,,-0.006477592876386384,,-0.5027092670259208,,0.02450408401400228,,-0.0006865096028397175,,0.014386040746142248,
2025-02-01,Region,EA,Eastern,Model,Genesis,g70,G70,Near Luxury Car,574.0,10791.0,0.053192475210823834,51847.71428571428,56975.01425524022,91.00079212520012,51620.95993031359,56840.01073111894,90.81799821345211,100.0,2148.0,0.04655493482309125,1.142574367528496,0.16194331983805665,,0.009038024013111996,,0.006166764063346264,,0.7190569232819115,,-0.003595771714721252,,-0.03272607708105113,,0.020408163265306145,,0.005907900397541681,,0.056284756939891656,
2025-02-01,Region,EA,Eastern,Model,Genesis,g80,G80,Mid Luxury Car,186.0,4553.0,0.04085218537228201,70897.85483870968,79542.3225076923,89.13224130695123,70802.89784946236,78645.50921656913,90.02789676711194,62.0,969.0,0.06398348813209494,0.6384801229958269,0.1071428571428572,,0.005982945023589606,,0.019925386534168643,,2.3346076688659423,,0.025187872201654304,,2.6279012584934236,,0.4761904761904763,,0.025521949670556474,,-0.26812012607017555,
2025-02-01,Region,EA,Eastern,Model,Genesis,g90,G90,Premium Luxury Car,89.0,1704.0,0.052230046948356805,101848.46067415731,128226.59037558685,79.428502602958,101317.40449438202,127199.46830985915,79.65238050175793,29.0,333.0,0.08708708708708708,0.5997450218552696,-0.043010752688172005,,-0.003963306525963439,,0.0013309462719801601,,1.3017837752859691,,0.005482214122152884,,1.6837781794799156,,0.5263157894736843,,0.035456652304478385,,-0.4886315085947226,
2025-02-01,Region,EA,Eastern,Model,Genesis,gv60,GV60,Entry Luxury EV SUV,177.0,284.0,0.6232394366197183,64773.5593220339,58995.90459363958,109.79331492277385,61169.11299435028,56453.936395759716,108.35225477553188,28.0,136.0,0.20588235294117646,3.027162977867203,0.13461538461538458,,-0.1528799663653564,,0.024766502337444152,,6.2779736532320385,,-0.000643384489369403,,4.882895775370997,,0.16666666666666674,,0.0254312251216276,,-1.273832047008419,
2025-02-01,Region,EA,Eastern,Model,Genesis,gv70,GV70,Near Luxury SUV,1100.0,20922.0,0.052576235541535225,61080.30545454546,58843.53050234204,103.801224931795,60393.03636363636,58349.737837656096,103.50181269308398,376.0,6268.0,0.05998723675813657,0.8764570329104862,-0.052540913006029255,,-0.0025545873845296413,,0.0014085059415136492,,-0.13372352584998737,,-0.010562836051738245,,-1.0260949184850006,,0.013477088948786964,,-0.004500856410644932,,0.02155777605428344,
2025-02-01,Region,EA,Eastern,Model,Genesis,gv70_ev,GV70 EV,Near Luxury EV SUV,172.0,1702.0,0.10105757931844889,73413.81395348837,68049.93325499413,107.88227179943719,70346.33139534884,67638.59024676851,104.0032489422112,24.0,2417.0,0.00992966487381051,10.177340383862123,0.05521472392638027,,-0.015956060308256068,,0.0008607005558558534,,1.1899905792040215,,-0.023016485334121373,,-1.2393209640077174,,-0.1428571428571429,,-0.0026886316561579443,,0.9040094434457551,
2025-02-01,Region,EA,Eastern,Model,Genesis,gv80,GV80,Mid Luxury SUV,890.0,25758.0,0.03455237207857753,74179.87528089888,71283.88891788002,104.0626099487292,74226.05280898877,70991.66230856694,104.55601460121255,259.0,8174.0,0.03168583312943479,1.090467526526227,-0.04608788853161838,,-0.0037449762507878737,,0.010812133858312256,,1.5371170182475282,,0.010061088129322826,,1.6524142498445826,,-0.05818181818181822,,-0.004186851451833146,,0.022876718188353573,
2025-02-01,Region,MA,Mid-Atlantic,Brand,Genesis,brand,Genesis,Luxury Market,1514.0,23743.0,0.06376616265846775,66510.12747688244,66591.53113420753,99.87775674182797,65230.849405548215,65944.52688403348,98.91776086324754,457.0,10152.0,0.04501576044129236,1.41652972277629,-0.044794952681388,,-0.00241890498809981,,0.010502488234641616,,1.241103058222464,,0.005440029195277862,,0.8288034636472474,,0.27298050139275776,,0.009047420595585519,,-0.42356264541421385,
2025-02-01,Region,MA,Mid-Atlantic,Model,Genesis,g70,G70,Near Luxury Car,277.0,4430.0,0.06252821670428894,51767.483754512636,56961.6457420375,90.88129930260848,50482.29602888087,56463.831819823885,89.40642957064958,40.0,1101.0,0.03633060853769301,1.721089164785553,-0.03146853146853146,,-0.0025605406921607593,,0.011213701184846547,,1.376391174719103,,-0.002027979264380586,,0.2045073892109741,,0.6000000000000001,,0.010477454452894663,,-0.7965439713091216,
2025-02-01,Region,MA,Mid-Atlantic,Model,Genesis,g80,G80,Mid Luxury Car,82.0,1698.0,0.048292108362779744,69218.84146341463,79414.65937648456,87.16128987630084,67882.5243902439,78515.00786476869,86.45802405975965,43.0,418.0,0.10287081339712918,0.46944421617771936,-0.11827956989247312,,-0.0008622256752752258,,0.010490863555496333,,1.3590453838359764,,0.023412868570197753,,2.591698666647005,,0.7916666666666667,,0.04475943325185073,,-0.37641994872714324,
2025-02-01,Region,MA,Mid-Atlantic,Model,Genesis,g90,G90,Premium Luxury Car,24.0,555.0,0.043243243243243246,101413.95833333333,127390.93284936479,79.6084588321931,100430.75,126412.99938517179,79.44653673946488,10.0,130.0,0.07692307692307693,0.5621621621621622,0.09090909090909083,,0.004166866689069175,,0.0010872260640508724,,-0.07285580405283554,,0.01608437981863431,,1.372200518331553,,0.4285714285714286,,0.02265951103160406,,-0.15795963433618854,
2025-02-01,Region,MA,Mid-Atlantic,Model,Genesis,gv60,GV60,Entry Luxury EV SUV,48.0,117.0,0.41025641025641024,61479.6875,56303.94017094017,109.19251354940013,62184.791666666664,55680.32478632479,111.68180484812721,18.0,72.0,0.25,1.641025641025641,0.11627906976744184,,-0.0783799533799534,,0.022410965359582535,,4.537005669221372,,0.01531973028047795,,3.4090757567857395,,0.0,,0.013157894736842118,,-0.4221056721056722,
2025-02-01,Region,MA,Mid-Atlantic,Model,Genesis,gv70,GV70,Near Luxury SUV,472.0,8527.0,0.055353582737187754,60394.28813559322,59280.143870285516,101.8794560751162,58618.688559322036,58113.928607163834,100.86856966007281,171.0,2439.0,0.07011070110701106,0.7895168906198885,-0.12430426716140996,,-0.00507920120720063,,-0.003712412411993826,,-0.5449671742377546,,-0.01815352003474191,,-1.904715378357949,,0.11764705882352944,,0.0027394989934047265,,-0.10749521616250379,
2025-02-01,Region,MA,Mid-Atlantic,Model,Genesis,gv70_ev,GV70 EV,Near Luxury EV SUV,67.0,704.0,0.09517045454545454,74104.94029850746,65901.8051846591,112.44751200799871,68355.5223880597,64780.630611664295,105.51845782086555,18.0,1888.0,0.009533898305084746,9.982323232323232,0.03076923076923066,,-0.0049836286594761164,,0.004899116107185408,,-0.07811583607885098,,-0.015711466043569433,,-2.1698936180066397,,0.05882352941176472,,0.0030700199780885487,,-5.512102581145452,
2025-02-01,Region,MA,Mid-Atlantic,Model,Genesis,gv80,GV80,Mid Luxury SUV,544.0,12473.0,0.04361420668644272,76883.63970588235,71188.28501122515,108.00041003060987,76408.99632352941,70588.49161160356,108.24568506712369,157.0,4104.0,0.038255360623781674,1.140080918733509,0.013035381750465591,,-0.0010687688502522413,,0.006263060638909801,,1.5213002598887897,,0.008302128136597808,,1.7296514066728008,,0.3652173913043477,,0.005351211839804561,,-0.21789298996865503,
2025-02-01,Region,MS,Mountain States,Brand,Genesis,brand,Genesis,Luxury Market,896.0,18192.0,0.04925241864555849,68283.81138392857,69559.86521066257,98.16553148447102,67848.38392857143,68963.67373152572,98.38278655615696,279.0,8222.0,0.033933349549987835,1.4514458283289675,-0.05882352941176472,,-0.0027523885214905675,,0.004965175203790695,,0.7054531599781768,,-0.000271393254916763,,0.21526010002386897,,0.09411764705882364,,0.004154066588408948,,-0.2948959903825661,
2025-02-01,Region,MS,Mountain States,Model,Genesis,g70,G70,Near Luxury Car,89.0,2373.0,0.03750526759376317,53218.573033707864,59813.98665822785,88.97345923085577,53076.50561797753,59492.65662731871,89.21522188942741,21.0,578.0,0.03633217993079585,1.0322878413902434,-0.101010101010101,,-0.0013334927043929662,,0.008851219060204363,,0.3762621989497461,,-0.006738083448367793,,-0.9222870711215876,,0.75,,0.016398625113520103,,-0.9161233002339231,
2025-02-01,Region,MS,Mountain States,Model,Genesis,g80,G80,Mid Luxury Car,30.0,1082.0,0.027726432532347505,67427.5,82763.13905607475,81.47044779719586,69057.0,82000.71076850985,84.21512368953692,9.0,224.0,0.04017857142857143,0.6900800985828712,-0.0625,,0.0015184063243212954,,0.010763084718068638,,2.7638160134457053,,0.011916842201666888,,1.686192250787073,,0.2857142857142858,,0.011371987066431513,,-0.2197128112100386,
2025-02-01,Region,MS,Mountain States,Model,Genesis,g90,G90,Premium Luxury Car,6.0,343.0,0.01749271137026239,102228.5,142109.71720116618,71.93631935477605,100051.66666666667,141477.60641399416,70.71908353742839,2.0,60.0,0.03333333333333333,0.5247813411078718,0.0,,0.0008722127553039416,,0.0015463143181846384,,-0.20133003819211126,,0.016148416473416027,,0.8029353001718675,,0.0,,0.012714776632302405,,-0.28131284171761306,
2025-02-01,Region,MS,Mountain States,Model,Genesis,gv60,GV60,Entry Luxury EV SUV,75.0,176.0,0.42613636363636365,61795.693333333336,58714.994318181816,105.24686930642781,64086.36,56753.931818181816,112.9196831777374,25.0,102.0,0.24509803921568626,1.7386363636363638,-0.038461538461538436,,0.0022233201581027817,,-0.004834318472321186,,1.999361956560719,,0.0027007713922129195,,1.7106564653303593,,0.19047619047619047,,0.07436633189861308,,-0.7442828910220212,
2025-02-01,Region,MS,Mountain States,Model,Genesis,gv70,GV70,Near Luxury SUV,269.0,6877.0,0.0391158935582376,61528.98884758364,61707.88420285631,99.71009319540988,60355.226765799256,60834.21028625955,99.21264117968097,108.0,1906.0,0.05666316894018888,0.690323084462971,-0.10927152317880795,,-0.0015629857521072266,,-0.006621773277309839,,-0.3692063469831197,,-0.02562833192004066,,-2.5022086799779544,,0.1020408163265305,,0.0036041543218889305,,-0.07634926335546677,
2025-02-01,Region,MS,Mountain States,Model,Genesis,gv70_ev,GV70 EV,Near Luxury EV SUV,59.0,739.0,0.07983761840324763,71948.45762711864,63256.046684709065,113.74162850507507,67556.94915254238,61924.400216508795,109.09584738219552,20.0,2461.0,0.008126777732629013,9.82401894451962,0.01724137931034475,,-0.004833914443467702,,0.0024306521458834496,,0.7779479833669143,,0.02482539059552402,,2.329862527749583,,0.17647058823529416,,0.0015350755224700363,,-3.0211506561673698,
2025-02-01,Region,MS,Mountain States,Model,Genesis,gv80,GV80,Mid Luxury SUV,368.0,10282.0,0.03579070219801595,77116.06521739131,74928.91914686403,102.91896119072581,77088.125,74456.78417636616,103.53405113146033,94.0,2891.0,0.03251470079557247,1.1007544686645117,-0.023872679045092826,,-0.002217161497921137,,0.002388422954860303,,1.143119237322594,,0.00114282511090269,,1.1548964373246093,,-0.04081632653061229,,0.0006136591289058052,,-0.09067570759996535,
2025-02-01,Region,SC,South Central,Brand,Genesis,brand,Genesis,Luxury Market,2178.0,35298.0,0.06170321264660887,66049.11432506888,67199.47154997873,98.28814542975344,64534.63434903047,66559.41719244789,96.95793183170007,633.0,14985.0,0.04224224224224224,1.4606992756863095,-0.0852582948341033,,-0.004488997745095563,,0.005125303104956513,,0.8800790511853904,,-0.0011403060707253498,,0.4431894850140736,,0.21965317919075145,,0.00890034323157797,,-0.52455688415429,
2025-02-01,Region,SC,South Central,Model,Genesis,g70,G70,Near Luxury Car,414.0,6266.0,0.06607085860197894,52113.29710144927,57097.6226373802,91.27052002219821,50666.699757869246,56953.0436180744,88.96223369138758,75.0,1714.0,0.043757292882147025,1.5099393552505587,-0.09010989010989012,,-0.005100735328882944,,0.0015211558952421544,,0.8567226856212926,,-0.005007959870306333,,0.25926983221253863,,0.4423076923076923,,0.014076927585343374,,-0.8879958864200186,
2025-02-01,Region,SC,South Central,Model,Genesis,g80,G80,Mid Luxury Car,157.0,2770.0,0.05667870036101083,68050.26114649682,79200.42809090909,85.92158247981475,67098.50955414012,78226.99101058008,85.77411541377727,32.0,648.0,0.04938271604938271,1.1477436823104694,-0.024844720496894457,,0.0025610533021873036,,0.0056253457116477446,,-0.15239189650938556,,0.016444927524699393,,0.23760404167246918,,-0.08571428571428574,,-0.0078068264342774155,,0.20145796802475513,
2025-02-01,Region,SC,South Central,Model,Genesis,g90,G90,Premium Luxury Car,75.0,983.0,0.0762970498474059,100794.49333333333,131807.27507629705,76.4711153272747,99693.76388888889,129908.64335378322,76.74144022687585,17.0,278.0,0.06115107913669065,1.247681168092873,-0.11764705882352944,,-0.004195374395018339,,-0.003288242691941945,,0.6817972065234557,,0.004459588979615292,,1.0537467221376033,,-0.4516129032258065,,-0.057169531550332255,,0.5673903567536746,
2025-02-01,Region,SC,South Central,Model,Genesis,gv60,GV60,Entry Luxury EV SUV,55.0,87.0,0.632183908045977,58078.163636363635,55405.1724137931,104.82444347001996,57543.36363636364,54804.862068965514,104.99682229644523,16.0,52.0,0.3076923076923077,2.054597701149425,0.0185185185185186,,-0.16193373901284647,,0.00630495386231722,,2.9341950593859423,,-0.002969701772915667,,3.117837948724002,,0.7777777777777777,,0.08818011257035649,,-1.563049357674104,
2025-02-01,Region,SC,South Central,Model,Genesis,gv70,GV70,Near Luxury SUV,799.0,11369.0,0.07027882839299851,61512.00625782228,58889.2413527548,104.45372506899308,59433.60450563204,57837.02710981638,102.76047624782687,273.0,3488.0,0.0782683486238532,0.897921441153036,-0.13246471226927248,,-0.005529880142683435,,2.219912718315342e-06,,0.26936108727703356,,-0.020081892792789602,,-1.5870624600428727,,0.3582089552238805,,0.012987413255227023,,-0.26334728313236055,
2025-02-01,Region,SC,South Central,Model,Genesis,gv70_ev,GV70 EV,Near Luxury EV SUV,23.0,876.0,0.026255707762557076,72831.78260869565,64261.42694063927,113.33670302088552,66476.73913043478,63824.941647597254,104.15479813123709,9.0,2113.0,0.004259346900141978,6.1642567224759,-0.04166666666666663,,-0.00201284347419204,,0.006130610165989481,,-0.2635780137193251,,-0.02043817015070959,,-3.3123002179346486,,-0.09999999999999998,,0.0016103402776254218,,-4.507121369396891,
2025-02-01,Region,SC,South Central,Model,Genesis,gv80,GV80,Mid Luxury SUV,655.0,18174.0,0.03604049741388797,76364.98473282442,72344.10087780165,105.5579982420606,75676.89953632148,71683.86129740518,105.57034479818242,211.0,6692.0,0.03153018529587567,1.1430474345674801,-0.038179148311306865,,-0.00228898983775834,,0.0041703520620597345,,0.9993764881937892,,0.007473797393709347,,1.5340963008894306,,0.16574585635359118,,0.0015880843860328273,,-0.13707273358833172,
2025-02-01,Region,SO,Southern,Brand,Genesis,brand,Genesis,Luxury Market,4606.0,48268.0,0.09542554073091904,65684.52475032567,65784.56093617198,99.84793364214534,65250.74983713355,65275.60402204028,99.96192423604639,1372.0,23379.0,0.058685144788057655,1.6260595603120673,-0.0982772122161315,,-0.008080031710823624,,0.005515592077707021,,0.7976972496033881,,-0.0010353516250040107,,0.3364781524374507,,0.12459016393442623,,0.002255912595643221,,-0.20819492836865083,
2025-02-01,Region,SO,Southern,Model,Genesis,g70,G70,Near Luxury Car,916.0,8835.0,0.10367855121675155,49955.02401746725,55591.0887566527,89.86156798645004,49427.13551912568,55439.92218406438,89.1544099846031,144.0,2769.0,0.05200433369447454,1.9936521411054517,-0.08124373119358075,,-0.008887780498276113,,0.007931415336294823,,1.6071353998603684,,-0.004589496825978978,,0.6386179647784189,,0.02127659574468077,,-0.002838140051149733,,-0.05888714144303142,
2025-02-01,Region,SO,Southern,Model,Genesis,g80,G80,Mid Luxury Car,395.0,3972.0,0.09944612286002014,68578.20253164557,79258.56307400858,86.52466039235395,68928.5670886076,78019.31704930661,88.34807800874,111.0,1073.0,0.10344827586206896,0.9613125209801947,-0.07058823529411762,,0.005998453554831043,,0.006023843248474048,,0.003614066616350442,,0.010934271131726181,,0.25865411241338165,,0.37037037037037046,,0.03577910292973814,,-0.41963636986315533,
2025-02-01,Region,SO,Southern,Model,Genesis,g90,G90,Premium Luxury Car,130.0,1448.0,0.08977900552486189,100745.69230769231,130739.68991712708,77.05823103263647,100746.62307692308,129482.14917127072,77.80734543080673,36.0,430.0,0.08372093023255814,1.0723603437691835,-0.044117647058823484,,0.0027111438091128454,,-0.0005331529533308954,,0.8053617721586477,,0.00295242861494871,,1.306724308484732,,0.125,,0.018943602297335466,,-0.2717497714676922,
2025-02-01,Region,SO,Southern,Model,Genesis,gv60,GV60,Entry Luxury EV SUV,98.0,139.0,0.7050359712230215,59424.295918367345,57235.59420289855,103.82402200230491,59481.204081632655,56487.362318840576,105.30002046456597,28.0,60.0,0.4666666666666667,1.5107913669064748,-0.039215686274509776,,-0.13102960254747031,,0.025337961776063844,,2.830969457837341,,0.025149671384881334,,2.9234237712551874,,0.2727272727272727,,0.1118279569892473,,-0.8453934319012748,
2025-02-01,Region,SO,Southern,Model,Genesis,gv70,GV70,Near Luxury SUV,1299.0,16222.0,0.08007643940327949,60415.35026943803,58249.0092882255,103.71910356533813,59507.224018475754,57688.41427837921,103.1528163199629,504.0,5334.0,0.09448818897637795,0.8474756503513746,-0.13745019920318724,,-0.005794241404110181,,-0.0054316610738761595,,-0.8584727821141911,,-0.02244952336169692,,-2.293497510632278,,0.16129032258064524,,0.01050986080300334,,-0.1750581708757909,
2025-02-01,Region,SO,Southern,Model,Genesis,gv70_ev,GV70 EV,Near Luxury EV SUV,114.0,1498.0,0.07610146862483311,73522.25438596492,66937.23280080214,109.83760653022374,68204.72807017544,66380.00572099262,102.74890357324232,25.0,4755.0,0.005257623554153523,14.474499332443257,-0.21379310344827585,,-0.02069425901201602,,0.005748497184465462,,-0.1670195676234414,,-0.03960679046045401,,-4.629556151042365,,-0.47916666666666663,,-0.006412690085525544,,6.180315420560747,
2025-02-01,Region,SO,Southern,Model,Genesis,gv80,GV80,Mid Luxury SUV,1654.0,23498.0,0.07038896927398076,74917.85429262395,70166.32414359936,106.77180999150006,74985.276904474,69548.55167031364,107.81716528035335,524.0,8958.0,0.058495199821388705,1.2033289823593887,-0.07957707289927662,,-0.00992746944953761,,0.007771150942268434,,1.6541425677791608,,0.008643616092567363,,1.8560000628810798,,0.1341991341991342,,0.0008532784240087923,,-0.19003953791983164,
2025-02-01,Region,WE,Western,Brand,Genesis,brand,Genesis,Luxury Market,2314.0,44553.0,0.05193814109038673,66774.31331028522,68309.52795168823,97.75256148382582,66507.89714779603,68456.5932154726,97.15338439126981,779.0,26252.0,0.0296739296053634,1.750295352894522,-0.0665590964098427,,-0.004777867054388943,,-0.00038428378957255926,,0.7822737871433532,,-0.007773578930518776,,0.05297127680007918,,0.13226744186046502,,-0.0032510321097973943,,0.027711477613660662,
2025-02-01,Region,WE,Western,Model,Genesis,g70,G70,Near Luxury Car,352.0,10008.0,0.035171862509992005,51029.12784090909,56721.55092453773,89.96426756524723,51765.90340909091,57036.3923815237,90.75942788039991,91.0,3191.0,0.028517706048260733,1.2333342117514778,-0.053763440860215006,,-0.0028999827463788916,,0.0029072334640218855,,1.4238047707276849,,-0.011179412427284485,,0.002027423822454466,,0.26388888888888884,,0.0037243176185086657,,-0.30223021358881486,
2025-02-01,Region,WE,Western,Model,Genesis,g80,G80,Mid Luxury Car,102.0,4753.0,0.02146013044393015,68523.06862745098,81707.7896500843,83.86356909286467,68271.70588235294,80061.98873974968,85.27355734851609,45.0,1190.0,0.037815126050420166,0.5675012272950418,-0.1428571428571429,,-0.0018549165780134234,,0.005364144010898464,,0.39913531691173887,,0.018528459708093914,,1.3848223286912003,,0.18421052631578938,,0.005391917859293889,,-0.15158390717121795,
2025-02-01,Region,WE,Western,Model,Genesis,g90,G90,Premium Luxury Car,53.0,1849.0,0.028664142779881017,102281.43396226416,140688.01547619049,72.70088615300277,102256.47169811321,140770.1314935065,72.64074460485259,7.0,401.0,0.017456359102244388,1.642045893533184,-0.036363636363636376,,-0.0002679981985513856,,0.0026360163474625775,,0.3193114631002487,,0.008103563015453785,,0.8141838407832438,,-0.5882352941176471,,-0.016408182730424933,,0.7876967893465331,
2025-02-01,Region,WE,Western,Model,Genesis,gv60,GV60,Entry Luxury EV SUV,208.0,315.0,0.6603174603174603,57309.091346153844,55752.107936507935,102.792689760572,57817.442307692305,55927.815873015876,103.37868805563018,83.0,208.0,0.39903846153846156,1.6547714668196594,-0.09170305676855894,,-0.103015873015873,,-0.0060010601920720275,,2.0631454994182405,,-0.003634401767127926,,1.7704064292365018,,0.2769230769230768,,0.1035839160839161,,-0.9288182767700841,
2025-02-01,Region,WE,Western,Model,Genesis,gv70,GV70,Near Luxury SUV,547.0,13888.0,0.03938652073732719,59767.84277879342,60699.587592019016,98.46498987853403,58853.0731261426,60731.19067028592,96.90749098870832,235.0,5096.0,0.046114599686028254,0.8541008922443377,-0.12057877813504825,,-0.0030940147086501377,,-0.020120401123186027,,-1.7969948629746,,-0.04250455749700721,,-3.8901157767275407,,0.053811659192825045,,0.0017806036621713928,,-0.10409235122322247,
2025-02-01,Region,WE,Western,Model,Genesis,gv70_ev,GV70 EV,Near Luxury EV SUV,224.0,3155.0,0.07099841521394612,73621.18303571429,62796.479353407296,117.2377556731923,69819.15625,62684.79480886605,111.38132694361931,61.0,9586.0,0.006363446693094095,11.157226364604714,0.041860465116279055,,-0.008778950277705089,,0.005562248792377877,,2.381358259217052,,-0.010878563405207653,,0.30277931847015793,,0.051724137931034475,,-0.004982406202054575,,4.1258144267888355,
2025-02-01,Region,WE,Western,Model,Genesis,gv80,GV80,Mid Luxury SUV,828.0,20134.0,0.04112446607728221,76133.8079710145,73384.572929022,103.74633922670856,76613.79106280193,73638.16924442216,104.0408688169623,257.0,6580.0,0.03905775075987842,1.0529143454806107,-0.04498269896193774,,-0.004552790126289785,,-0.0008620982129989851,,1.5393884742219797,,-0.0002139298202338269,,1.5443027082278462,,0.1953488372093024,,0.00295969837572798,,-0.21245187753555106,
2025-02-01,National,NTL,National,Brand,Genesis,brand,Genesis,Luxury Market,17826.0,259414.0,0.06871641468849021,66268.59014922024,66989.15771842262,98.92435194926445,65534.02571155897,66466.63001659268,98.59688342134858,5029.0,115108.0,0.04368940473294645,1.5728393441962083,-0.04882343524891952,,-0.003511588548878272,,0.0058019353626797,,0.8041321185485373,,-0.001079760813065711,,0.2587022892254538,,0.13726820443238363,,0.0024839926788259095,,-0.180037271683809,
2025-02-01,National,NTL,National,Model,Genesis,g70,G70,Near Luxury Car,3086.0,47958.0,0.06434797114141541,51306.275761503566,56975.85996578343,90.04914676551665,50719.88261997406,56811.05801907267,89.27818700885015,517.0,12622.0,0.040960228173031216,1.5709866378084048,-0.03351080488568747,,-0.001674939408189649,,0.005877895697573798,,1.1306388528008995,,-0.005385855669182038,,0.14506572889816027,,0.15919282511210753,,0.00480295212925335,,-0.25500574252652464,
2025-02-01,National,NTL,National,Model,Genesis,g80,G80,Mid Luxury Car,1127.0,20795.0,0.05419572012503006,68943.92457852706,80154.14417893163,86.01417342142722,68793.578527063,78966.92773335295,87.11694946441095,329.0,4913.0,0.06696519438225117,0.8093117719582756,-0.024242424242424288,,0.0032720395113005063,,0.012861779205869395,,1.204243330995098,,0.018791487454885347,,1.5295917298738573,,0.3003952569169961,,0.017886629881766203,,-0.2282833804677158,
2025-02-01,National,NTL,National,Model,Genesis,g90,G90,Premium Luxury Car,449.0,7704.0,0.05828141225337487,101275.17594654788,133216.61523462887,76.0229313499492,100671.41704035875,132258.92169830948,76.11691956025189,121.0,1795.0,0.06740947075208914,0.8645878925190734,-0.03854389721627405,,-0.0009299482132157227,,2.184540709460059e-05,,0.5855304166617827,,0.005958684614681742,,1.110063531695971,,0.025423728813559254,,0.00790367145809015,,-0.1304640380338854,
2025-02-01,National,NTL,National,Model,Genesis,gv60,GV60,Entry Luxury EV SUV,708.0,1211.0,0.5846407927332783,60771.86581920904,57314.25227460711,106.03272904623378,60250.12005649717,56248.33250620347,107.11449988291184,212.0,681.0,0.31130690161527164,1.8780206596762383,-0.0028169014084507005,,-0.10602068586594349,,0.013752010660376346,,4.107709723599285,,0.006328659948184878,,3.3568368024657076,,0.22543352601156075,,0.07399551615573802,,-1.0323389813574764,
2025-02-01,National,NTL,National,Model,Genesis,gv70,GV70,Near Luxury SUV,5534.0,88709.0,0.06238374911226595,60590.69696422118,59320.70091029069,102.1408985976937,59304.02981568486,58618.732628134734,101.16907540785213,1947.0,27421.0,0.07100397505561432,0.8785951640510757,-0.09604704344985304,,-0.0031482568821677853,,-0.0037312893726233476,,-0.43548971537035186,,-0.021662270938356598,,-2.0425134174232085,,0.1452941176470588,,0.004858688879979131,,-0.1121331218683016,
2025-02-01,National,NTL,National,Model,Genesis,gv70_ev,GV70 EV,Near Luxury EV SUV,716.0,9527.0,0.07515482313425002,73296.28491620111,65025.06297952756,112.72005217323304,69169.8407821229,64484.83732186214,107.26527918009094,180.0,24969.0,0.0072089390844647366,10.425226549106048,-0.012413793103448256,,-0.009939073579365007,,0.00479410994593632,,0.9541027970550289,,-0.01501664326242591,,-1.3537870730906576,,-0.0625,,-0.0013709161304785115,,0.5073556081827295,
2025-02-01,National,NTL,National,Model,Genesis,gv80,GV80,Mid Luxury SUV,6206.0,130400.0,0.0475920245398773,75569.58201740251,71648.26477195835,105.47301076714825,75530.24766053565,71076.2170201747,106.26655557525899,1723.0,42707.0,0.04034467417519376,1.1796358630438422,-0.025592714711885733,,-0.003704689377648472,,0.006437870868285067,,1.4717663502350717,,0.007330442017976724,,1.6575757963004776,,0.11883116883116873,,0.0008929001262633143,,-0.12060259654746863,
2025-03-01,Region,CE,Central,Brand,Genesis,brand,Genesis,Luxury Market,3043.0,34648.0,0.08782613715077349,68448.61485376273,67200.3551466428,101.8575195092288,67551.87085113375,65752.62480551054,102.73638664759801,911.0,17275.0,0.05273516642547033,1.665418791744909,-0.027795527156549538,,-0.0018150118597371478,,0.024116658674964375,,1.6489137179230937,,0.024366590563710044,,1.6898161295523408,,0.4437400950871633,,-0.0013212029739985282,,0.007128566071865183,
2025-03-01,Region,CE,Central,Model,Genesis,g70,G70,Near Luxury Car,469.0,4972.0,0.09432823813354786,52190.53518123667,57850.37973445987,90.2164089860731,50763.52665245203,56987.5130054315,89.07833308608105,97.0,1937.0,0.05007743933918431,1.8836473944812597,0.010775862068965525,,0.0060313780003413975,,0.000737040324394922,,0.8778648183250084,,-0.00654723131590329,,0.27064333613643043,,1.108695652173913,,0.009042648973439434,,-0.2681086970257931,
2025-03-01,Region,CE,Central,Model,Genesis,g80,G80,Mid Luxury Car,177.0,1760.0,0.10056818181818182,69647.51977401129,80773.1034034091,86.22612830185223,69344.62711864407,79916.43481185862,86.7714222761526,34.0,655.0,0.051908396946564885,1.9374164438502675,0.011428571428571344,,0.011600210287932705,,0.011277254572241713,,0.3223640235605387,,0.011445819331691975,,-0.2784250194405615,,0.2592592592592593,,-0.01714531149333281,,0.6490284116899931,
2025-03-01,Region,CE,Central,Model,Genesis,g90,G90,Premium Luxury Car,75.0,869.0,0.08630609896432681,101244.02666666667,132525.53517877738,76.39586328030153,99761.68,130992.83506343715,76.15811960378403,9.0,232.0,0.03879310344827586,2.2247794399693133,0.04166666666666674,,-0.0012851419115856022,,0.0008619618710881127,,0.3410364542091173,,0.0008208166421668217,,0.2866495516450982,,-0.55,,-0.08390628305479161,,1.510910826830627,
2025-03-01,Region,CE,Central,Model,Genesis,gv60,GV60,Entry Luxury EV SUV,41.0,77.0,0.5324675324675324,65457.756097560974,58218.55844155844,112.43451890563291,64808.0243902439,57763.71428571428,112.19504353491993,25.0,58.0,0.43103448275862066,1.2353246753246754,-0.12765957446808507,,0.027091188381510922,,0.012781607783737492,,1.0215672353401004,,0.009024692583534444,,0.41907421675823286,,0.7857142857142858,,0.156524678837052,,-0.6056891495601171,
2025-03-01,Region,CE,Central,Model,Genesis,gv70,GV70,Near Luxury SUV,825.0,10242.0,0.08055067369654365,60547.4496969697,59424.06087792969,101.89046120787286,58447.88484848485,57993.95748925362,100.7827149221802,401.0,4535.0,0.08842337375964719,0.9109658484135297,-0.2127862595419847,,-0.015560845012187102,,0.01133507390304156,,0.508955622473465,,0.006255100034584071,,0.036531515130164394,,0.43214285714285716,,-0.008462439389141735,,-0.08104232683015555,
2025-03-01,Region,CE,Central,Model,Genesis,gv70_ev,GV70 EV,Near Luxury EV SUV,44.0,815.0,0.053987730061349694,72115.0,65471.678490797545,110.14686298310836,68144.90909090909,64779.301808118085,105.19549792734757,27.0,1965.0,0.013740458015267175,3.929107021131561,-0.22807017543859653,,-0.012835247664324402,,0.003759070766692574,,0.413098033226575,,-0.008247585974173854,,-2.001630458039955,,0.17391304347826098,,0.0005900863743294963,,-1.1523446328773077,
2025-03-01,Region,CE,Central,Model,Genesis,gv80,GV80,Mid Luxury SUV,1412.0,20676.0,0.06829173921454827,76545.59985835695,70488.56334961788,108.59293511019175,76573.0269121813,68870.59118104118,111.18392567720615,318.0,7893.0,0.04028886354998099,1.6950525082403445,0.11444356748224149,,0.00519727180754663,,0.012464216481657742,,0.7217227825137655,,0.013607843166430378,,0.8255245988360258,,0.43891402714932126,,-0.0013464039707424408,,0.17964330916177107,
2025-03-01,Region,EA,Eastern,Brand,Genesis,brand,Genesis,Luxury Market,3320.0,57688.0,0.057550963805297464,66791.34939759035,66547.34457446991,100.36666350052089,65965.01747514312,66176.17769052474,99.68091204002576,1248.0,33104.0,0.037699371677138716,1.52657620657898,0.04140526976160608,,-0.0010056917794425413,,0.017286099747161776,,1.4011281647709808,,0.014762938095683964,,1.2020929575101604,,0.4214123006833712,,-0.005245113527067691,,0.16303312750152066,
2025-03-01,Region,EA,Eastern,Model,Genesis,g70,G70,Near Luxury Car,635.0,10254.0,0.06192705285742149,52308.0094488189,56968.31564462648,91.81947694420353,51728.28188976378,56669.034018336104,91.28138989104055,151.0,3883.0,0.03888745815091424,1.5924685181812428,0.10627177700348422,,0.008734577646597658,,0.008877829417283323,,0.8186848190034084,,0.0020790384292557196,,0.463391677588433,,0.51,,-0.007667476672177008,,0.44989415065274674,
2025-03-01,Region,EA,Eastern,Model,Genesis,g80,G80,Mid Luxury Car,268.0,4364.0,0.0614115490375802,71106.38432835821,78619.88396330277,90.44325779156375,70936.03358208956,77945.7920814901,91.0068801506667,63.0,1527.0,0.0412573673870334,1.4884989742918247,0.4408602150537635,,0.02055936366529819,,0.0029412665605035304,,1.311016484612523,,0.0018803712372092996,,0.9789833835547626,,0.016129032258064502,,-0.022726120745061536,,0.8500188512959977,
2025-03-01,Region,EA,Eastern,Model,Genesis,g90,G90,Premium Luxury Car,91.0,1861.0,0.04889844169801182,101879.37362637362,127235.58870967742,80.07144436517608,101320.75824175825,125950.07952713595,80.44517210481688,18.0,581.0,0.03098106712564544,1.5783330348080482,0.022471910112359605,,-0.0033316052503449822,,0.0003035190911251373,,0.6429417622180722,,3.3101394503409765e-05,,0.7927916030589444,,-0.3793103448275862,,-0.05610601996144164,,0.9785880129527786,
2025-03-01,Region,EA,Eastern,Model,Genesis,gv60,GV60,Entry Luxury EV SUV,195.0,413.0,0.4721549636803874,64403.21538461538,56365.72639225182,114.25953235558484,61851.52307692308,55245.23486682809,111.95811408173,43.0,121.0,0.35537190082644626,1.328622107100625,0.10169491525423724,,-0.15108447293933086,,-0.005717517167418307,,4.466217432810993,,0.011156121924406959,,3.605859306198127,,0.5357142857142858,,0.1494895478852698,,-1.698540870766578,
2025-03-01,Region,EA,Eastern,Model,Genesis,gv70,GV70,Near Luxury SUV,859.0,21534.0,0.039890405869787315,61091.807916181606,59153.37284924764,103.27696456442825,59823.37019790454,58556.95253793874,102.16271101052483,555.0,10627.0,0.05222546344217559,0.7638114291499637,-0.21909090909090911,,-0.01268582967174791,,0.00018831702871402456,,-0.5242603673667503,,-0.009432646543912182,,-1.3391016825591464,,0.47606382978723394,,-0.007761773315960979,,-0.11264560376052246,
2025-03-01,Region,EA,Eastern,Model,Genesis,gv70_ev,GV70 EV,Near Luxury EV SUV,156.0,1801.0,0.08661854525263743,73505.18589743589,66676.16211549139,110.2420768761642,68473.26923076923,66116.16212777777,103.56509970805028,67.0,3974.0,0.016859587317564168,5.137643266178823,-0.09302325581395354,,-0.014439034065811457,,0.0012446151347675904,,2.359805076727014,,-0.026626294895933267,,-0.43814923416091744,,1.7916666666666665,,0.006929922443753659,,-5.039697117683301,
2025-03-01,Region,EA,Eastern,Model,Genesis,gv80,GV80,Mid Luxury SUV,1116.0,28291.0,0.03944717401293698,75000.77150537634,71509.23632057129,104.8826352572872,75092.58834080717,71219.9210836841,105.43761801220286,351.0,12391.0,0.02832701154063433,1.3925639122344788,0.2539325842696629,,0.004894801934359448,,0.011066292864054361,,0.8200253085580016,,0.011674277413731282,,0.8816034109903086,,0.35521235521235517,,-0.003358821588800461,,0.3020963857082519,
2025-03-01,Region,MA,Mid-Atlantic,Brand,Genesis,brand,Genesis,Luxury Market,1359.0,24671.0,0.0550849175144907,67596.36497424576,66930.64746571452,100.99463778364353,66516.50331613854,66337.54117433957,100.26977506044223,566.0,14031.0,0.04033924880621481,1.3655414799396095,-0.10237780713342137,,-0.008681245143977057,,0.016331911222706275,,1.1168810418155601,,0.019709292800976108,,1.3520141971946913,,0.23851203501094087,,-0.004676511635077547,,-0.050988242836680575,
2025-03-01,Region,MA,Mid-Atlantic,Model,Genesis,g70,G70,Near Luxury Car,280.0,4330.0,0.06466512702078522,52044.38214285715,56682.71907998151,91.81701758065013,51241.78214285714,56054.86245496536,91.41362568505977,63.0,1648.0,0.03822815533980582,1.691557608416731,0.010830324909747224,,0.0021369103164962794,,0.005348886371560946,,0.935718278041648,,0.01504460323163137,,2.007196114410192,,0.575,,0.0018975468021128136,,-0.0295315563688221,
2025-03-01,Region,MA,Mid-Atlantic,Model,Genesis,g80,G80,Mid Luxury Car,90.0,1482.0,0.06072874493927125,70557.71111111112,79980.93463050848,88.21816278725643,69344.62222222223,79175.19084239131,87.58377653962573,31.0,603.0,0.05140961857379768,1.1812720386574376,0.09756097560975618,,0.012436636576491508,,0.019342560773776274,,1.0568729109555903,,0.021538648497704704,,1.1257524798660796,,-0.2790697674418605,,-0.0514611948233315,,0.7118278224797182,
2025-03-01,Region,MA,Mid-Atlantic,Model,Genesis,g90,G90,Premium Luxury Car,25.0,610.0,0.040983606557377046,101521.44,128257.54545454546,79.15436057988437,100670.08,127336.37931034483,79.05838107320957,7.0,147.0,0.047619047619047616,0.860655737704918,0.04166666666666674,,-0.0022596366858661995,,0.0010598310965577173,,-0.45409825230872514,,0.0023830350764084685,,-0.38815566625530096,,-0.30000000000000004,,-0.02930402930402931,,0.2984935755427558,
2025-03-01,Region,MA,Mid-Atlantic,Model,Genesis,gv60,GV60,Entry Luxury EV SUV,46.0,131.0,0.3511450381679389,62209.565217391304,56906.80152671756,109.31833023190403,62546.67391304348,55749.419847328245,112.19251085361921,28.0,87.0,0.3218390804597701,1.0910577971646673,-0.04166666666666663,,-0.05911137208847134,,0.011871851453234994,,0.12581668250389555,,0.005819465446095462,,0.510706005491997,,0.5555555555555556,,0.07183908045977011,,-0.5499678438609736,
2025-03-01,Region,MA,Mid-Atlantic,Model,Genesis,gv70,GV70,Near Luxury SUV,320.0,8456.0,0.03784295175023652,60488.259375,59321.143061707924,101.96745418758707,58779.63009404389,58130.65483256419,101.11640796641457,204.0,3768.0,0.054140127388535034,0.6989815793867216,-0.3220338983050848,,-0.017510630986951235,,0.0015559623651131282,,0.08799811247087064,,0.0027455669629827817,,0.2478383063417624,,0.1929824561403508,,-0.01597057371847603,,-0.09053531123316694,
2025-03-01,Region,MA,Mid-Atlantic,Model,Genesis,gv70_ev,GV70 EV,Near Luxury EV SUV,67.0,701.0,0.09557774607703282,74306.5223880597,64840.524051355205,114.598892398228,68686.73134328358,63940.15467718795,107.42346760038271,38.0,1984.0,0.019153225806451613,4.990164426758766,0.0,,0.0004072915315782716,,0.0027202247075599484,,2.151380390229292,,0.004845386936604523,,1.905009779517158,,1.1111111111111112,,0.009619327501366867,,-4.992158805564466,
2025-03-01,Region,MA,Mid-Atlantic,Model,Genesis,gv80,GV80,Mid Luxury SUV,531.0,13694.0,0.03877610632393749,77601.47457627118,71611.44888264076,108.36462016492234,77221.82641509434,71102.91288674947,108.60571428077903,195.0,5794.0,0.033655505695547115,1.1521474873891993,-0.023897058823529438,,-0.004838100362505225,,0.009336640059379286,,0.3642101343124722,,0.010637884682102916,,0.3600292136553378,,0.2420382165605095,,-0.004599854928234559,,0.012066568655690224,
2025-03-01,Region,MS,Mountain States,Brand,Genesis,brand,Genesis,Luxury Market,830.0,18527.0,0.04479948183731851,69984.08554216867,69729.55197414677,100.36502969087809,69105.03975903614,69159.07389289618,99.92186978393649,418.0,11456.0,0.03648743016759776,1.227805894565361,-0.0736607142857143,,-0.0044529368082399795,,0.024900106244512887,,2.199498206407071,,0.018521529293721528,,1.5390832277795283,,0.4982078853046594,,0.0025540806176099287,,-0.22363993376360658,
2025-03-01,Region,MS,Mountain States,Model,Genesis,g70,G70,Near Luxury Car,80.0,2145.0,0.037296037296037296,54489.075,59589.25356676004,91.44111016419072,52854.3125,59133.38533115672,89.38150962270657,39.0,935.0,0.04171122994652406,0.8941485864562788,-0.101123595505618,,-0.00020923029772587642,,0.02387328133521005,,2.4676509333349514,,-0.004186280076099558,,0.16628773327916235,,0.8571428571428572,,0.005379050015728214,,-0.13813925493396462,
2025-03-01,Region,MS,Mountain States,Model,Genesis,g80,G80,Mid Luxury Car,37.0,1040.0,0.035576923076923075,70179.35135135135,81593.5135368217,86.01094414163283,69392.72972972973,80682.11149224806,86.0075776975631,13.0,341.0,0.03812316715542522,0.9332100591715976,0.2333333333333334,,0.00785049054457557,,0.04081200328280521,,4.540496344436974,,0.00486163212606594,,1.7924540080261693,,0.4444444444444444,,-0.0020554042731462108,,0.24312996058872638,
2025-03-01,Region,MS,Mountain States,Model,Genesis,g90,G90,Premium Luxury Car,7.0,343.0,0.02040816326530612,102166.42857142857,140707.95626822158,72.60884976303399,100708.0,139759.39358600584,72.058126052204,4.0,80.0,0.05,0.4081632653061224,0.16666666666666674,,0.0029154518950437296,,-0.0006071832079257433,,0.6725304082579413,,0.006559944028918352,,1.3390425147756133,,1.0,,0.01666666666666667,,-0.11661807580174938,
2025-03-01,Region,MS,Mountain States,Model,Genesis,gv60,GV60,Entry Luxury EV SUV,72.0,196.0,0.3673469387755102,63810.569444444445,55858.357142857145,114.23638772842818,64271.23611111111,55236.19387755102,116.35710500544117,42.0,164.0,0.25609756097560976,1.434402332361516,-0.040000000000000036,,-0.05878942486085342,,0.0326054454999416,,8.989518422000373,,0.00288479656374796,,3.4374218277037727,,0.6799999999999999,,0.010999521759923497,,-0.3042340312748477,
2025-03-01,Region,MS,Mountain States,Model,Genesis,gv70,GV70,Near Luxury SUV,199.0,6593.0,0.030183527984225692,61508.08040201005,61408.889431265205,100.1615254267965,60195.65829145729,60673.20137698898,99.21292584750142,138.0,2805.0,0.04919786096256684,0.6135130144619788,-0.2602230483271375,,-0.008932365574011909,,-0.0003398145486412929,,0.4514322313866188,,-0.002643821966921811,,0.00028466782045200034,,0.2777777777777777,,-0.007465307977622036,,-0.07681007000099216,
2025-03-01,Region,MS,Mountain States,Model,Genesis,gv70_ev,GV70 EV,Near Luxury EV SUV,42.0,655.0,0.06412213740458016,72217.95238095238,63062.424854961835,114.51819771765432,64474.857142857145,61952.614082568805,104.07124557637997,32.0,2829.0,0.011311417462000707,5.668797709923664,-0.288135593220339,,-0.015715480998667472,,0.0037456640867887803,,0.7765692125792469,,-0.04562213137727589,,-5.02460180581555,,0.6000000000000001,,0.0031846397293716945,,-4.155221234595956,
2025-03-01,Region,MS,Mountain States,Model,Genesis,gv80,GV80,Mid Luxury SUV,393.0,11045.0,0.035581711181530105,77730.893129771,75112.09277646846,103.48652295056671,77714.8651399491,74656.46201894774,104.09663549315415,150.0,4302.0,0.03486750348675035,1.0204834766862834,0.06793478260869557,,-0.00020899101648584606,,0.007972760418292424,,0.5675617598408991,,0.008130177507224445,,0.5625843616938226,,0.5957446808510638,,0.00235280269117788,,-0.08027099197822829,
2025-03-01,Region,SC,South Central,Brand,Genesis,brand,Genesis,Luxury Market,2122.0,36665.0,0.05787535797081685,68790.64326107445,67562.65316759,101.81755753498666,67705.94297832233,67005.99596877566,101.04460354543919,834.0,20844.0,0.04001151410477835,1.446467579788617,-0.025711662075298403,,-0.003827854675792018,,0.04150742919144679,,3.52941210523322,,0.04914118846850646,,4.086671713739122,,0.31753554502369674,,-0.0022307281374638888,,-0.014231695897692465,
2025-03-01,Region,SC,South Central,Model,Genesis,g70,G70,Near Luxury Car,363.0,5979.0,0.06071249372804817,52321.85950413223,56907.58973697436,91.941795015327,50846.878787878784,56703.54232184677,89.67143269334775,103.0,2610.0,0.03946360153256705,1.5384428022350072,-0.12318840579710144,,-0.0053583648739307654,,0.0040020957084514475,,0.6712749931287902,,0.0035561627433915444,,0.7091990019601724,,0.3733333333333333,,-0.004293691349579978,,0.02850344698444851,
2025-03-01,Region,SC,South Central,Model,Genesis,g80,G80,Mid Luxury Car,151.0,2478.0,0.060936238902340595,68648.00662251655,79374.88578327921,86.48580208348174,67891.23841059602,78430.92066122449,86.56182770548658,39.0,835.0,0.046706586826347304,1.3046604995757538,-0.03821656050955413,,0.004257538541329764,,0.00878388217692394,,0.5642196036669986,,0.011814403355953296,,0.7877122917093118,,0.21875,,-0.002676129223035409,,0.1569168172652844,
2025-03-01,Region,SC,South Central,Model,Genesis,g90,G90,Premium Luxury Car,70.0,1002.0,0.06986027944111776,100983.37142857142,129844.98303393213,77.77225509142825,100713.22857142857,127555.64635364636,78.95630765901375,17.0,327.0,0.05198776758409786,1.3437830221909124,-0.06666666666666665,,-0.0064367704062881365,,0.00187389299744245,,1.3011397641535467,,0.010225962415020273,,2.2148674321378934,,0.0,,-0.009163311552592791,,0.0961018540980394,
2025-03-01,Region,SC,South Central,Model,Genesis,gv60,GV60,Entry Luxury EV SUV,54.0,123.0,0.43902439024390244,58787.59259259259,54067.65853658537,108.72968089197619,58371.944444444445,53869.70731707317,108.35764170922897,18.0,65.0,0.27692307692307694,1.5853658536585364,-0.018181818181818188,,-0.19315951780207458,,0.012215072099572621,,3.9052374219562296,,0.014399241819037512,,3.3608194127837407,,0.125,,-0.03076923076923077,,-0.46923184749088853,
2025-03-01,Region,SC,South Central,Model,Genesis,gv70,GV70,Near Luxury SUV,594.0,11152.0,0.05326398852223816,62209.234006734005,59073.4627150417,105.30825712184611,59981.46296296296,57950.20000539568,103.50518713891954,340.0,4796.0,0.07089241034195162,0.7513355557431007,-0.25657071339173965,,-0.01701483987076035,,0.01133482374139061,,0.8545320528530311,,0.009217991435787942,,0.7447108910926659,,0.24542124542124544,,-0.007375938281901584,,-0.14658588540993522,
2025-03-01,Region,SC,South Central,Model,Genesis,gv70_ev,GV70 EV,Near Luxury EV SUV,16.0,861.0,0.018583042973286876,72936.6875,64187.32153310105,113.63098779933813,64211.5,63976.31674473068,100.36760987070843,11.0,3193.0,0.0034450360162856246,5.394150564882272,-0.30434782608695654,,-0.0076726647892702005,,0.0014403724246043748,,0.2942847784526066,,-0.034075665564613944,,-3.7871882605286515,,0.22222222222222232,,-0.0008143108838563535,,-0.7701061575936281,
2025-03-01,Region,SC,South Central,Model,Genesis,gv80,GV80,Mid Luxury SUV,874.0,20598.0,0.04243130401009807,78092.0171624714,72598.22571477146,107.56739079173133,77922.92105263157,72154.9991101343,107.99379393476724,306.0,9018.0,0.033932135728542916,1.2504754887681844,0.334351145038168,,0.006390806596210101,,0.022615501537639027,,2.0093925496707215,,0.029679090053525536,,2.4234491365848214,,0.45023696682464465,,0.0024019504326672422,,0.10742805420070423,
2025-03-01,Region,SO,Southern,Brand,Genesis,brand,Genesis,Luxury Market,4330.0,50095.0,0.08643577203313704,66579.24665127021,65894.8341480801,101.03864363882013,65849.20050878816,65329.58744048696,100.79537172766405,1710.0,31127.0,0.054936228997333504,1.5733837871786296,-0.059921841076856275,,-0.008989768697781994,,0.013621502238852834,,1.1907099966747978,,0.009171552405885519,,0.8334474916176617,,0.24635568513119543,,-0.0037489157907241513,,-0.05267577313343774,
2025-03-01,Region,SO,Southern,Model,Genesis,g70,G70,Near Luxury Car,952.0,8719.0,0.10918683335244868,49921.55672268908,54871.4546466269,90.9791020562235,48903.00841219768,54645.705212851404,89.49103725849041,201.0,3981.0,0.050489826676714394,2.16255116207014,0.0393013100436681,,0.0055082821356971234,,-0.0006699485274288541,,1.1175340697734555,,-0.010604035646071153,,0.3366272738873022,,0.39583333333333326,,-0.0015145070177601458,,0.16889902096468834,
2025-03-01,Region,SO,Southern,Model,Genesis,g80,G80,Mid Luxury Car,379.0,3498.0,0.10834762721555175,69354.8548812665,79532.91316317751,87.20270907086137,69381.97625329815,78340.70729470007,88.56439857288856,77.0,1279.0,0.060203283815480846,1.7996963014115672,-0.040506329113924044,,0.008901504355531609,,0.01132506133071276,,0.6780486785074231,,0.006577957207607454,,0.21632056414856038,,-0.3063063063063063,,-0.04324499204658812,,0.8383837804313725,
2025-03-01,Region,SO,Southern,Model,Genesis,g90,G90,Premium Luxury Car,151.0,1510.0,0.1,100888.32450331126,129642.18364238412,77.82059949067973,100512.09271523179,128428.01344370862,78.26337106684853,30.0,463.0,0.06479481641468683,1.5433333333333332,0.16153846153846163,,0.01022099447513812,,0.0014157647076693536,,0.7623684580432553,,-0.0023279228080153036,,0.4560256360418009,,-0.16666666666666663,,-0.018926113817871307,,0.4709729895641497,
2025-03-01,Region,SO,Southern,Model,Genesis,gv60,GV60,Entry Luxury EV SUV,83.0,138.0,0.6014492753623188,60191.02409638554,56588.14598540146,106.3668424689396,60158.25301204819,55675.38686131387,108.05179165059246,59.0,96.0,0.6145833333333334,0.978629329403095,-0.15306122448979587,,-0.10358669586070268,,0.012902604333275836,,2.54282046663468,,0.011382569348904692,,2.751771186026488,,1.1071428571428572,,0.1479166666666667,,-0.5321620375033798,
2025-03-01,Region,SO,Southern,Model,Genesis,gv70,GV70,Near Luxury SUV,951.0,15859.0,0.059965949933791535,60401.45215562566,58367.528097520975,103.48468424893098,58889.41754756871,57762.902353089696,101.95023994395731,587.0,7143.0,0.08217835643287134,0.7297049069456097,-0.2678983833718245,,-0.020110489469487958,,-0.00023004275817961606,,-0.23441931640715552,,-0.01038204152684441,,-1.202576376005581,,0.16468253968253976,,-0.012309832543506607,,-0.11777074340576488,
2025-03-01,Region,SO,Southern,Model,Genesis,gv70_ev,GV70 EV,Near Luxury EV SUV,108.0,1478.0,0.07307171853856563,73671.64814814815,66300.02392276423,111.11858456336523,66211.21296296296,65818.13309704061,100.59722123285206,50.0,6054.0,0.008259002312520648,8.847523680649527,-0.052631578947368474,,-0.003029750086267477,,0.0020319529567056627,,1.2809780331414942,,-0.02922840048803299,,-2.151682340390252,,1.0,,0.003001378758367125,,-5.62697565179373,
2025-03-01,Region,SO,Southern,Model,Genesis,gv80,GV80,Mid Luxury SUV,1706.0,26388.0,0.06465059875701076,75526.97245017585,70304.88585408375,107.42777195731519,75556.12661195779,69685.10072775971,108.42508057372918,706.0,12111.0,0.058294112790025596,1.1090416452495147,0.03143893591293834,,-0.005738370516970001,,0.008130480555045283,,0.6559619658151234,,0.007612823890895459,,0.6079152933758252,,0.34732824427480913,,-0.00020108703136310913,,-0.09428733710987403,
2025-03-01,Region,WE,Western,Brand,Genesis,brand,Genesis,Luxury Market,2397.0,47135.0,0.05085393020048796,67851.0233625365,68243.24936724172,99.42525303478077,67450.82269503546,68360.21283006368,98.66970844972516,1113.0,36219.0,0.030729727491095832,1.6548773566320516,0.03586862575626615,,-0.0010842108898987748,,0.016124614374513513,,1.6726915509549514,,0.014177647883589328,,1.5163240584553535,,0.4287548138639281,,0.0010557978857324325,,-0.09541799626247038,
2025-03-01,Region,WE,Western,Model,Genesis,g70,G70,Near Luxury Car,374.0,9767.0,0.03829220845704925,50617.1229946524,56110.8437156903,90.20916393830363,50654.13101604278,56416.433403339826,89.78612783601467,147.0,4351.0,0.03378533670420593,1.133397272085859,0.0625,,0.0031203459470572417,,-0.008073915108664398,,0.244896373056406,,-0.02147692438132709,,-0.9733000443852404,,0.6153846153846154,,0.005267630655945196,,-0.0999369396656189,
2025-03-01,Region,WE,Western,Model,Genesis,g80,G80,Mid Luxury Car,142.0,4371.0,0.0324868451155342,69582.71830985915,82089.50732646049,84.76444868055636,69670.84507042254,80906.5532300885,86.11273412215083,42.0,1402.0,0.029957203994293864,1.0844418298090226,0.392156862745098,,0.01102671467160405,,0.015464130600591153,,0.9008795876916906,,0.020493690174969714,,0.8391767736347333,,-0.06666666666666665,,-0.007857922056126301,,0.5169406025139808,
2025-03-01,Region,WE,Western,Model,Genesis,g90,G90,Premium Luxury Car,61.0,2122.0,0.028746465598491987,102250.3606557377,136360.03067924528,74.98558055934843,102321.86885245901,136256.48422442243,75.09504552013017,15.0,497.0,0.030181086519114688,0.9524662268300346,0.15094339622641506,,8.232281861096993e-05,,-0.0003038020227397187,,2.2846944063456647,,0.0006395404932302284,,2.454300915277585,,1.1428571428571428,,0.0127247274168703,,-0.6895796667031495,
2025-03-01,Region,WE,Western,Model,Genesis,gv60,GV60,Entry Luxury EV SUV,181.0,377.0,0.48010610079575594,57984.4364640884,53923.63129973475,107.53065968755267,58039.4364640884,53764.61273209549,107.95099883504042,105.0,362.0,0.2900552486187845,1.6552229379815586,-0.1298076923076923,,-0.18021135952170436,,0.011784257995915315,,4.737969926980668,,0.0038395706820562037,,4.572310779410245,,0.2650602409638554,,-0.10898321291967705,,0.00045147116189925285,
2025-03-01,Region,WE,Western,Model,Genesis,gv70,GV70,Near Luxury SUV,421.0,14628.0,0.028780421110199617,59051.04275534442,60755.60901688657,97.19438865131221,57870.56532066508,60719.94626560571,95.3073394820268,306.0,7462.0,0.04100777271508979,0.7018284389683318,-0.2303473491773309,,-0.01060609962712757,,-0.011993071694120672,,-1.2706012272218175,,-0.016694248121447486,,-1.600151506681513,,0.3021276595744682,,-0.005106826970938463,,-0.15227245327600591,
2025-03-01,Region,WE,Western,Model,Genesis,gv70_ev,GV70 EV,Near Luxury EV SUV,196.0,3288.0,0.05961070559610705,73618.83673469388,62314.753333333334,118.14030032485705,68440.42857142857,62066.7038249694,110.26915294943538,114.0,13051.0,0.008734962838096697,6.824379988901695,-0.125,,-0.011387709617839067,,-3.1869917375249024e-05,,0.9025446516647548,,-0.019747126041378293,,-1.1121739941839337,,0.8688524590163935,,0.0023715161450026017,,-4.332846375703019,
2025-03-01,Region,WE,Western,Model,Genesis,gv80,GV80,Mid Luxury SUV,1022.0,22370.0,0.0456861868573983,76130.25146771038,72930.14964189914,104.3878997116067,76631.22602739726,73169.79886888879,104.7306774270501,384.0,9094.0,0.042225643281284364,1.08195360229474,0.2342995169082125,,0.004561720780116095,,-4.671385024479502e-05,,0.6415604848981502,,0.00022756953224045695,,0.6898086100877947,,0.49416342412451364,,0.0031678925214059447,,0.029039256814129333,
2025-03-01,National,NTL,National,Brand,Genesis,brand,Genesis,Luxury Market,17401.0,269429.0,0.06458473289809188,67633.32291247629,67198.46574455367,100.64712365543534,66823.9357175713,66677.40624003764,100.21975881456177,6800.0,164056.0,0.04144926122787341,1.5581636676954944,-0.023841579715022987,,-0.004131681790398328,,0.020593961033168462,,1.7227717061708887,,0.019683057648399727,,1.6228753932131923,,0.3521574865778485,,-0.002240143505073039,,-0.014675676500713886,
2025-03-01,National,NTL,National,Model,Genesis,g70,G70,Near Luxury Car,3153.0,46166.0,0.0682970151193519,51402.93720266413,56572.84578128386,90.86150164938299,50488.71192893401,56329.172493066384,89.63155270059883,801.0,19345.0,0.04140604807443784,1.6494453901171817,0.0217109526895658,,0.003949043977936495,,0.001884008139859672,,0.8123548838663339,,-0.004557792311392417,,0.35336569174867805,,0.5493230174081238,,0.00044581990140662303,,0.07845875230877697,
2025-03-01,National,NTL,National,Model,Genesis,g80,G80,Mid Luxury Car,1244.0,18993.0,0.06549781498446797,69825.5924437299,80153.69407538406,87.11462802707427,69561.10048231512,79192.29660295765,87.83821592025551,299.0,6642.0,0.045016561276723877,1.454971528852295,0.10381543921916592,,0.011302094859437908,,0.012788187945387719,,1.1004546056470588,,0.011156883704634968,,0.7212664558445567,,-0.09118541033434646,,-0.02194863310552729,,0.6456597568940194,
2025-03-01,National,NTL,National,Model,Genesis,g90,G90,Premium Luxury Car,480.0,8317.0,0.057713117710713,101370.35625,131499.23117130133,77.08817408821723,100818.56041666666,130420.92376564005,77.30244312471872,100.0,2327.0,0.042973785990545764,1.3429842491282915,0.069042316258352,,-0.0005682945426618707,,0.0009398186926117269,,1.0652427382680258,,0.00146162019601781,,1.185523564466834,,-0.17355371900826444,,-0.024435684761543376,,0.4783963566092181,
2025-03-01,National,NTL,National,Model,Genesis,gv60,GV60,Entry Luxury EV SUV,672.0,1455.0,0.4618556701030928,61553.517857142855,55637.55845942228,110.63303200487348,60823.229166666664,54963.07909215956,110.66197558670443,320.0,953.0,0.3357817418677859,1.3754639175257732,-0.05084745762711862,,-0.12278512263018548,,0.012862070752593935,,4.600302958639702,,0.00951216544684197,,3.5474757037925855,,0.509433962264151,,0.024474840252514285,,-0.5025567421504651,
2025-03-01,National,NTL,National,Model,Genesis,gv70,GV70,Near Luxury SUV,4169.0,88464.0,0.047126514740459396,60753.27776445191,59482.569861795964,102.13626934009132,59101.442229161665,58745.87034165855,100.60527129045013,2531.0,41136.0,0.06152761571373007,0.765940857512263,-0.24665702927358146,,-0.015257234371806552,,0.0026832634113242992,,-0.004629257602388748,,-0.0034160846598929595,,-0.5638041174020003,,0.2999486389316899,,-0.009476359341884247,,-0.1126543065388127,
2025-03-01,National,NTL,National,Model,Genesis,gv70_ev,GV70 EV,Near Luxury EV SUV,629.0,9599.0,0.0655276591311595,73456.87917329094,64417.76697822237,114.0320172820092,67699.01430842608,63933.480617465146,105.88976801293104,339.0,33050.0,0.010257186081694403,6.388463522964075,-0.12150837988826813,,-0.009627164003090521,,0.0021910286077042596,,1.311965108776164,,-0.02126398524365214,,-1.3755111671598996,,0.8833333333333333,,0.003048246997229666,,-4.036763026141973,
2025-03-01,National,NTL,National,Model,Genesis,gv80,GV80,Mid Luxury SUV,7054.0,143062.0,0.04930729334134851,76331.78721292883,71806.17633709956,106.30253706113446,76381.07742484401,71287.18295002329,107.14559653506277,2410.0,60603.0,0.03976700823391581,1.2399045221434621,0.13664195939413482,,0.0017152688014712078,,0.010086137506368553,,0.8295262939862056,,0.011264755388229908,,0.8790409598037741,,0.39872315728380725,,-0.0005776659412779495,,0.06026865909961998,
2025-04-01,Region,CE,Central,Brand,Genesis,brand,Genesis,Luxury Market,2819.0,31840.0,0.08853643216080402,69110.10748492373,67771.79197103452,101.97473827232015,68460.41645973749,66292.78555197778,103.26978401904708,769.0,15430.0,0.04983797796500324,1.7764852382850533,-0.07361156753204079,,0.0007102950100305316,,0.009664076220888385,,0.11721876309135837,,0.013449599502668663,,0.5333973714490696,,-0.15587266739846328,,-0.00289718846046709,,0.1110664465401443,
2025-04-01,Region,CE,Central,Model,Genesis,g70,G70,Near Luxury Car,416.0,4197.0,0.09911841791756017,52049.03125,57473.117371932334,90.56239443767976,50301.252403846156,56697.6157112223,88.71846156643568,64.0,1535.0,0.04169381107491857,2.377293304741482,-0.1130063965884861,,0.004790179784012305,,-0.002711294887957849,,0.3459854516066514,,-0.009106425008073016,,-0.3598715196453668,,-0.3402061855670103,,-0.008383628264265738,,0.4936459102602224,
2025-04-01,Region,CE,Central,Model,Genesis,g80,G80,Mid Luxury Car,177.0,1675.0,0.10567164179104478,70052.40112994351,80701.20006571087,86.80465850929528,69874.46892655367,79682.68046846848,87.69091164572953,40.0,507.0,0.07889546351084813,1.3393880597014927,0.0,,0.0051034599728629615,,0.0058132918048763305,,0.5785302074430518,,0.00764070454951149,,0.9194893695769224,,0.17647058823529416,,0.026987066564283242,,-0.5980283841487748,
2025-04-01,Region,CE,Central,Model,Genesis,g90,G90,Premium Luxury Car,73.0,994.0,0.07344064386317907,101124.35616438356,129939.93340060546,77.82392488428994,98790.91780821918,128421.72956609486,76.9269485327827,15.0,242.0,0.06198347107438017,1.184842387659289,-0.026666666666666616,,-0.01286545510114774,,-0.0011820006199192434,,1.4280616039884109,,-0.009730812389895704,,0.7688289289986727,,0.6666666666666667,,0.023190367626104304,,-1.0399370523100242,
2025-04-01,Region,CE,Central,Model,Genesis,gv60,GV60,Entry Luxury EV SUV,39.0,114.0,0.34210526315789475,65023.0,55724.47368421053,116.68661128767953,64579.07692307692,55480.06140350877,116.4005145080692,5.0,84.0,0.05952380952380952,5.747368421052632,-0.04878048780487809,,-0.19036226930963768,,-0.00664178125680015,,4.252092382046612,,-0.003532702459627002,,4.205470973149261,,-0.8,,-0.37151067323481113,,4.512043745727956,
2025-04-01,Region,CE,Central,Model,Genesis,gv70,GV70,Near Luxury SUV,776.0,8937.0,0.0868300324493678,62191.38144329897,60122.47283827644,103.44115687088869,61065.66881443299,59269.13011719195,103.03115415004198,335.0,3888.0,0.08616255144032922,1.0077467646660954,-0.05939393939393944,,0.006279358752824149,,0.027151131130326522,,1.55069566301583,,0.0447883438850567,,2.2484392278617804,,-0.1645885286783042,,-0.0022608223193179705,,0.09678091625256569,
2025-04-01,Region,CE,Central,Model,Genesis,gv70_ev,GV70 EV,Near Luxury EV SUV,25.0,781.0,0.03201024327784891,72417.12,64666.613551282055,111.9853290950076,69422.32,64153.98974326059,108.2120071998996,7.0,1746.0,0.004009163802978236,7.984269251874887,-0.43181818181818177,,-0.021977486783500783,,0.004189419676904782,,1.838466111899237,,0.018745507568096897,,3.016509272552028,,-0.7407407407407407,,-0.00973129421228894,,4.055162230743326,
2025-04-01,Region,CE,Central,Model,Genesis,gv80,GV80,Mid Luxury SUV,1313.0,18988.0,0.06914893617021277,76756.13556740289,70577.26199209903,108.7547652046853,76804.2452399086,68688.40318383754,111.81544726603971,303.0,7428.0,0.04079159935379645,1.6951759005687803,-0.07011331444759206,,0.0008571969556644965,,0.0027504612862858657,,0.16183009449355268,,0.0030195793094671686,,0.6315215888335644,,-0.047169811320754707,,0.0005027358038154559,,0.00012339232843583403,
2025-04-01,Region,EA,Eastern,Brand,Genesis,brand,Genesis,Luxury Market,3195.0,53880.0,0.05929844097995546,67056.34522691705,67035.77144745147,100.03069074767299,66397.45209768316,66666.40082269104,99.59657530376779,1126.0,26845.0,0.041944496181784315,1.4137359219421886,-0.03765060240963858,,0.0017474771746579937,,0.003967517226658446,,-0.3359727528478942,,0.0065555144088755846,,-0.084336736257967,,-0.09775641025641024,,0.004245124504645599,,-0.11284028463679152,
2025-04-01,Region,EA,Eastern,Model,Genesis,g70,G70,Near Luxury Car,516.0,8477.0,0.060870591010970865,52396.35658914729,56996.4596402029,91.92914247640236,51626.8972868217,56780.35121387283,90.92387803724607,129.0,2995.0,0.04307178631051753,1.4132358145570367,-0.18740157480314956,,-0.0010564618464506265,,0.0016889792071868026,,0.10966553219883224,,-0.0019599452995197053,,-0.3575118537944775,,-0.14569536423841056,,0.00418432815960329,,-0.17923270362420607,
2025-04-01,Region,EA,Eastern,Model,Genesis,g80,G80,Mid Luxury Car,272.0,4150.0,0.0655421686746988,70926.2830882353,78995.0086013986,89.78577804342382,70712.28676470589,78562.09712158203,90.0081456013988,75.0,1337.0,0.05609573672400898,1.1683983935742972,0.014925373134328401,,0.004130619637118596,,-0.0025328420482080283,,-0.6574797481399344,,-0.003154205360590634,,-0.9987345492679083,,0.19047619047619047,,0.014838369336975576,,-0.32010058071752745,
2025-04-01,Region,EA,Eastern,Model,Genesis,g90,G90,Premium Luxury Car,89.0,1954.0,0.045547594677584444,101662.79775280898,127647.2758974359,79.64353100217717,99509.55056179775,126139.2911975435,78.88862353440564,20.0,544.0,0.03676470588235294,1.238894575230297,-0.02197802197802201,,-0.003350847020427379,,-0.002125806881762893,,-0.4279133629989076,,-0.017875978342353438,,-1.5565485704112376,,0.11111111111111116,,0.005783638756707503,,-0.3394384595777513,
2025-04-01,Region,EA,Eastern,Model,Genesis,gv60,GV60,Entry Luxury EV SUV,178.0,523.0,0.3403441682600382,64619.79775280899,54547.20076481836,118.46583664562162,61758.393258426964,53613.227533460806,115.19245548103336,29.0,216.0,0.13425925925925927,2.534977253247181,-0.0871794871794872,,-0.13181079542034918,,0.003362912346847713,,4.206304290036783,,-0.0015056996798654687,,3.2343413993033607,,-0.32558139534883723,,-0.221112641567187,,1.206355146146556,
2025-04-01,Region,EA,Eastern,Model,Genesis,gv70,GV70,Near Luxury SUV,929.0,18970.0,0.04897206114918292,60839.334768568355,59805.78059679461,101.72818440200935,60295.27664155005,59514.79766971881,101.31140321800731,472.0,8872.0,0.05320108205590622,0.9205087426176926,0.0814901047729919,,0.009081655279395605,,-0.004132684171986645,,-1.5487801624189075,,0.007888329294795104,,-0.8513077925175168,,-0.14954954954954958,,0.0009756186137306333,,0.15669731346772886,
2025-04-01,Region,EA,Eastern,Model,Genesis,gv70_ev,GV70 EV,Near Luxury EV SUV,111.0,1678.0,0.06615017878426699,73580.57657657658,65242.1910250298,112.78066450642011,69157.18918918919,64934.32174224343,106.50329029955594,36.0,2338.0,0.015397775876817793,4.296086611044895,-0.28846153846153844,,-0.02046836646837044,,0.0010256511594417539,,2.538587630255904,,0.009988130639928983,,2.938190591505659,,-0.4626865671641791,,-0.0014618114407463755,,-0.8415566551339273,
2025-04-01,Region,EA,Eastern,Model,Genesis,gv80,GV80,Mid Luxury SUV,1100.0,26650.0,0.04127579737335835,75162.77727272727,71330.43584193342,105.37265949038392,75213.95541401274,70791.26456831803,106.24750931158538,365.0,10543.0,0.0346201270985488,1.1922485800200466,-0.014336917562724039,,0.0018286233604213678,,0.0021600546780951024,,0.49002423309671883,,0.0016162323857416006,,0.8098912993825138,,0.03988603988603989,,0.00629311555791447,,-0.2003153322144322,
2025-04-01,Region,MA,Mid-Atlantic,Brand,Genesis,brand,Genesis,Luxury Market,1350.0,23064.0,0.05853277835587929,67512.07851851852,67255.48812361648,100.38151592094675,66817.23703703703,66667.47838442058,100.22463524381844,476.0,12123.0,0.03926420852924194,1.4907413277485813,-0.0066225165562914245,,0.0034478608413885947,,-0.0012469081105078716,,-0.6131218626967723,,0.004521189568086115,,-0.045139816623787965,,-0.1590106007067138,,-0.0010750402769728745,,0.12519984780897175,
2025-04-01,Region,MA,Mid-Atlantic,Model,Genesis,g70,G70,Near Luxury Car,270.0,3770.0,0.07161803713527852,51717.26296296297,56396.63070119522,91.70275301901486,50646.748148148145,55902.41045888594,90.59850502403089,57.0,1339.0,0.04256908140403286,1.6823956442831218,-0.0357142857142857,,0.0069529101144932964,,-0.006285388862841468,,-0.11426456163526666,,-0.01161228142007431,,-0.8151206610288853,,-0.09523809523809523,,0.004340926064227035,,-0.009161964133609146,
2025-04-01,Region,MA,Mid-Atlantic,Model,Genesis,g80,G80,Mid Luxury Car,85.0,1326.0,0.0641025641025641,69436.88235294117,78808.74128517111,88.1080971737416,69149.01176470588,78454.11720242609,88.13943006494954,17.0,463.0,0.0367170626349892,1.7458521870286574,-0.05555555555555558,,0.0033738191632928446,,-0.015885276612855437,,-0.11006561351483413,,-0.0028208453842245573,,0.5556535253238053,,-0.4516129032258065,,-0.014692555938808478,,0.5645801483712198,
2025-04-01,Region,MA,Mid-Atlantic,Model,Genesis,g90,G90,Premium Luxury Car,33.0,618.0,0.05339805825242718,101737.87878787878,129948.92751235585,78.29066444446438,99666.45454545454,128942.37601296596,77.29534512023608,13.0,155.0,0.08387096774193549,0.6366691560866318,0.32000000000000006,,0.012414451695050135,,0.002131951515648156,,-0.8636961354199855,,-0.009969451246541694,,-1.763035952973496,,0.8571428571428572,,0.03625192012288787,,-0.22398658161828622,
2025-04-01,Region,MA,Mid-Atlantic,Model,Genesis,gv60,GV60,Entry Luxury EV SUV,39.0,191.0,0.20418848167539266,61075.794871794875,52731.57068062827,115.82396291910943,61679.38461538462,52322.94240837696,117.88210252776166,15.0,135.0,0.1111111111111111,1.837696335078534,-0.15217391304347827,,-0.14695655649254624,,-0.018225016388307314,,6.505632687205406,,-0.013866273670517293,,5.689591674142449,,-0.4642857142857143,,-0.210727969348659,,0.7466385379138667,
2025-04-01,Region,MA,Mid-Atlantic,Model,Genesis,gv70,GV70,Near Luxury SUV,343.0,7451.0,0.0460340893839753,60679.45481049563,60038.29718124412,101.06791441355503,60121.702623906705,59480.19919808743,101.07851593382004,186.0,3345.0,0.05560538116591928,0.8278711235989107,0.07187499999999991,,0.008191137633738785,,0.0031608685300448247,,-0.8995397740320357,,0.022832272467784964,,-0.037892032594527336,,-0.08823529411764708,,0.001465253777384247,,0.12888954421218912,
2025-04-01,Region,MA,Mid-Atlantic,Model,Genesis,gv70_ev,GV70 EV,Near Luxury EV SUV,50.0,657.0,0.076103500761035,74906.72,64330.95336377473,116.43962366984067,69841.1,64036.12865533231,109.06515035584418,8.0,1542.0,0.005188067444876783,14.668949771689498,-0.25373134328358204,,-0.019474245315997812,,0.008077320706866287,,1.8407312716126683,,0.016806283166207248,,1.6416827554614741,,-0.7894736842105263,,-0.013965158361574831,,9.67878534493073,
2025-04-01,Region,MA,Mid-Atlantic,Model,Genesis,gv80,GV80,Mid Luxury SUV,530.0,12843.0,0.041267616600482754,77316.6320754717,71571.05392025544,108.02779593216275,77061.68679245283,70712.51284225374,108.97885493669686,180.0,5144.0,0.034992223950233284,1.1793367766271292,-0.0018832391713747842,,0.0024915102765452612,,-0.00367058103412099,,-0.3368242327595965,,-0.002073761138213781,,0.37314065591783674,,-0.07692307692307687,,0.0013367182546861686,,0.02718928923792996,
2025-04-01,Region,MS,Mountain States,Brand,Genesis,brand,Genesis,Luxury Market,830.0,17346.0,0.04784964833390983,70647.48313253012,69970.83358935801,100.96704513646814,70143.03614457832,69407.01928378378,101.06043577204373,375.0,10467.0,0.03582688449412439,1.3355793842960912,0.0,,0.0030501664965913236,,0.009479263538590077,,0.6020154455900553,,0.015020559848624604,,1.1385659881072456,,-0.10287081339712922,,-0.0006605456734733728,,0.10777348973073031,
2025-04-01,Region,MS,Mountain States,Model,Genesis,g70,G70,Near Luxury Car,76.0,1783.0,0.04262478968031408,54095.10526315789,60155.87908783784,89.92488528705535,52253.06578947369,59847.34175774648,87.31058766316917,26.0,657.0,0.0395738203957382,1.0770956469217827,-0.050000000000000044,,0.005328752384276783,,-0.007230251877869187,,-1.5162248771353717,,-0.011375546896505662,,-2.070921959537401,,-0.33333333333333337,,-0.002137409550785861,,0.1829470604655039,
2025-04-01,Region,MS,Mountain States,Model,Genesis,g80,G80,Mid Luxury Car,47.0,975.0,0.048205128205128206,71836.06382978724,81126.80273760331,88.54787986916475,71697.8085106383,80796.12924273859,88.73916260918155,10.0,322.0,0.031055900621118012,1.5522051282051283,0.2702702702702702,,0.01262820512820513,,0.023606836577066526,,2.5369357275319118,,0.03321787152467359,,2.731584911618455,,-0.23076923076923073,,-0.007067266534307209,,0.6189950690335307,
2025-04-01,Region,MS,Mountain States,Model,Genesis,g90,G90,Premium Luxury Car,11.0,390.0,0.028205128205128206,102290.90909090909,142101.45897435897,71.98441861836663,99494.81818181818,141081.99743589744,70.52268892565476,1.0,100.0,0.01,2.8205128205128207,0.5714285714285714,,0.007796964939822085,,0.0012184092291480653,,-0.6244311446673549,,-0.012046528758210107,,-1.5354371265492404,,-0.75,,-0.04,,2.4123495552066982,
2025-04-01,Region,MS,Mountain States,Model,Genesis,gv60,GV60,Entry Luxury EV SUV,41.0,299.0,0.13712374581939799,64165.48780487805,51895.81939799331,123.64288404965271,64210.53658536585,51888.59197324415,123.74692421500933,25.0,210.0,0.11904761904761904,1.151839464882943,-0.4305555555555556,,-0.23022319295611224,,0.00556206226528988,,9.406496321224523,,-0.0009444275451668815,,7.389819209568159,,-0.40476190476190477,,-0.13704994192799072,,-0.28256286747857295,
2025-04-01,Region,MS,Mountain States,Model,Genesis,gv70,GV70,Near Luxury SUV,237.0,5850.0,0.04051282051282051,62880.10970464135,61586.76504977686,102.10003667804139,62512.60759493671,61347.908696275066,101.89851442928219,147.0,2541.0,0.05785123966942149,0.7002930402930403,0.19095477386934667,,0.010329292528594821,,0.022306488735526653,,1.9385112512448899,,0.03849030593304814,,2.685588581780763,,0.0652173913043479,,0.008653378706854647,,0.08678002583106148,
2025-04-01,Region,MS,Mountain States,Model,Genesis,gv70_ev,GV70 EV,Near Luxury EV SUV,25.0,618.0,0.040453074433656956,72522.0,62358.32022727272,116.29883508036212,65276.44,61605.262552845525,105.95919454771467,14.0,2337.0,0.00599058622165169,6.752773925104022,-0.40476190476190477,,-0.0236690629709232,,0.004210139017009951,,1.7806373627078074,,0.012432487525591451,,1.8879489713347084,,-0.5625,,-0.005320831240349017,,1.0839762151803578,
2025-04-01,Region,MS,Mountain States,Model,Genesis,gv80,GV80,Mid Luxury SUV,393.0,10179.0,0.038608900677866195,78061.74809160305,75077.88524419062,103.97435654681458,78125.23155216285,74283.58976023976,105.17158877798248,152.0,4300.0,0.035348837209302326,1.0922254797027937,0.0,,0.00302718949633609,,0.004256415287544613,,0.48783359624786726,,0.005280410787238177,,1.0749532848283252,,0.01333333333333342,,0.00048133372255197704,,0.07174200301651035,
2025-04-01,Region,SC,South Central,Brand,Genesis,brand,Genesis,Luxury Market,2113.0,35246.0,0.059950065255631846,70702.1306199716,67549.58229869723,104.66701379045413,69975.39611926171,66970.92289010392,104.48623536827766,691.0,19628.0,0.03520480945587936,1.7028941835565004,-0.004241281809613584,,0.002074707284814993,,0.02778702550640011,,2.849456255467473,,0.03351926051256693,,3.441631822838474,,-0.17146282973621108,,-0.004806704648898992,,0.2564266037678833,
2025-04-01,Region,SC,South Central,Model,Genesis,g70,G70,Near Luxury Car,289.0,5444.0,0.053085966201322554,52361.096885813145,56745.31114380287,92.2738739648826,50837.25605536332,56727.87835017454,89.6160010454664,86.0,2098.0,0.04099142040038131,1.2950506638415666,-0.20385674931129472,,-0.0076265275267256155,,0.0007499233026648788,,0.33207894955559425,,-0.00018924922718666082,,-0.05543164788134902,,-0.16504854368932043,,0.0015278188678142651,,-0.24339213839344054,
2025-04-01,Region,SC,South Central,Model,Genesis,g80,G80,Mid Luxury Car,174.0,2334.0,0.07455012853470437,69779.90229885057,78202.27284671532,89.23001820628221,69133.22988505747,77503.88692776328,89.19969388050487,36.0,694.0,0.05187319884726225,1.4371608111968008,0.15231788079470188,,0.013613889632363776,,0.01648839830933646,,2.7442161228004665,,0.018293840317804566,,2.6378661750182886,,-0.07692307692307687,,0.005166612020914944,,0.13250031162104703,
2025-04-01,Region,SC,South Central,Model,Genesis,g90,G90,Premium Luxury Car,68.0,1023.0,0.06647116324535679,101446.16176470589,130412.77028347996,77.78851836686778,100090.05882352941,128441.00391006842,77.92687364356813,16.0,288.0,0.05555555555555555,1.1964809384164223,-0.02857142857142858,,-0.0033891161957609744,,0.004582837051165578,,0.016263275439527547,,-0.006187565990471544,,-1.0294340154456165,,-0.05882352941176472,,0.003567787971457695,,-0.14730208377449006,
2025-04-01,Region,SC,South Central,Model,Genesis,gv60,GV60,Entry Luxury EV SUV,40.0,134.0,0.29850746268656714,57017.3,51836.46268656717,109.99458112093632,56659.775,51702.58208955224,109.58790201592173,11.0,66.0,0.16666666666666666,1.7910447761194028,-0.2592592592592593,,-0.1405169275573353,,-0.030113371113204113,,1.2649002289601299,,-0.029332061159518252,,1.230260306692756,,-0.38888888888888884,,-0.11025641025641028,,0.2056789224608664,
2025-04-01,Region,SC,South Central,Model,Genesis,gv70,GV70,Near Luxury SUV,534.0,10522.0,0.0507508078312108,63035.12546816479,59497.89268631178,105.94513960435911,61636.893258426964,59013.85793579328,104.44477858995005,266.0,4626.0,0.057501080847384346,0.8826061542375232,-0.101010101010101,,-0.002513180691027364,,0.013276026857064194,,0.636882482513002,,0.027599031662268514,,0.939591451030509,,-0.21764705882352942,,-0.013391329494567276,,0.13127059849442246,
2025-04-01,Region,SC,South Central,Model,Genesis,gv70_ev,GV70 EV,Near Luxury EV SUV,6.0,825.0,0.007272727272727273,74668.5,63224.0,118.10151208401874,70379.16666666667,63551.420918367345,110.74365553064449,3.0,2211.0,0.0013568521031207597,5.36,-0.625,,-0.011310315700559603,,0.023744051990296278,,4.470524284680607,,0.09605236860479316,,10.376045659936054,,-0.7272727272727273,,-0.002088183913164865,,-0.03415056488227197,
2025-04-01,Region,SC,South Central,Model,Genesis,gv80,GV80,Mid Luxury SUV,1002.0,19540.0,0.05127942681678608,78674.39421157684,72090.02580684784,109.13353592405504,78570.83033932136,71225.20776096356,110.31323432991616,273.0,9645.0,0.028304821150855364,1.8116852441315083,0.14645308924485123,,0.008848122806688008,,0.007457574669812894,,1.5661451323237117,,0.008314745878843066,,2.3194403951489164,,-0.10784313725490191,,-0.005627314577687552,,0.561209755363324,
2025-04-01,Region,SO,Southern,Brand,Genesis,brand,Genesis,Luxury Market,4590.0,49188.0,0.09331544279092462,67076.87211328976,66136.73775143357,101.42150095970801,66512.0816772221,65496.832975213394,101.55007296672332,1330.0,25623.0,0.05190649026265465,1.797760594460046,0.06004618937644346,,0.006879670757787573,,0.007474182827961862,,0.3828573208878794,,0.010066654770477967,,0.7547012390592727,,-0.2222222222222222,,-0.0030297387346788565,,0.2243768072814165,
2025-04-01,Region,SO,Southern,Model,Genesis,g70,G70,Near Luxury Car,945.0,8058.0,0.11727475800446761,50077.72063492063,54614.98596798213,91.69227044071484,48772.04131355932,54352.653136403125,89.73258617414915,196.0,3177.0,0.06169342146679257,1.9009280927560899,-0.007352941176470562,,0.008087924652018935,,0.0031281859477867435,,0.7131683844913397,,-0.0026780990145730543,,0.24154891565873982,,-0.02487562189054726,,0.011203594790078174,,-0.2616230693140502,
2025-04-01,Region,SO,Southern,Model,Genesis,g80,G80,Mid Luxury Car,441.0,3363.0,0.1311329170383586,69756.51473922902,79284.85519070321,87.98214308576871,69922.48072562358,78266.63705225007,89.33880815518366,86.0,1231.0,0.06986190089358245,1.8770304752816216,0.16358839050131935,,0.022785289822806865,,0.005791373345819251,,0.7794340149073378,,0.007790272078041838,,0.7744095822950925,,0.11688311688311681,,0.009658617078101603,,0.07733417387005437,
2025-04-01,Region,SO,Southern,Model,Genesis,g90,G90,Premium Luxury Car,170.0,1709.0,0.0994733762434172,100973.35294117648,129520.33176814987,77.95946131602379,99048.92941176471,127996.75956674473,77.38393514572923,30.0,438.0,0.0684931506849315,1.4523112931538913,0.1258278145695364,,-0.0005266237565828003,,0.0008427976010487725,,0.13886182534406544,,-0.014557087251306888,,-0.8794359211193097,,0.0,,0.0036983342702446714,,-0.09102204017944193,
2025-04-01,Region,SO,Southern,Model,Genesis,gv60,GV60,Entry Luxury EV SUV,63.0,173.0,0.36416184971098264,62228.90476190476,53933.773255813954,115.38021726524875,62307.01587301587,53546.558139534885,116.36044974291804,26.0,83.0,0.3132530120481928,1.1625166740773676,-0.24096385542168675,,-0.2372874256513362,,0.033856886406450126,,9.01337479630915,,0.03571850499942775,,8.308658092325572,,-0.5593220338983051,,-0.3013303212851406,,0.1838873446742726,
2025-04-01,Region,SO,Southern,Model,Genesis,gv70,GV70,Near Luxury SUV,1108.0,15397.0,0.07196207053322076,60532.00451263538,58645.47027606366,103.21684561090767,59647.736123748866,58303.12252198241,102.30624629282845,482.0,6462.0,0.07458991024450634,0.9647695016300262,0.1650893796004207,,0.011996120599429227,,0.002161410899084837,,-0.26783863802330643,,0.012876992297769174,,0.3560063488711336,,-0.17887563884156732,,-0.007588446188365003,,0.23506459468441643,
2025-04-01,Region,SO,Southern,Model,Genesis,gv70_ev,GV70 EV,Near Luxury EV SUV,89.0,1394.0,0.06384505021520803,74175.65168539326,65421.21354885058,113.38165047948195,69683.38202247191,65500.54236445783,106.38596186691088,15.0,3394.0,0.00441956393635828,14.44600669536107,-0.17592592592592593,,-0.009226668323357598,,0.0068412143601239706,,2.263065916116716,,0.05244080124995132,,5.7887406340588115,,-0.7,,-0.0038394383761623683,,5.598483014711544,
2025-04-01,Region,SO,Southern,Model,Genesis,gv80,GV80,Mid Luxury SUV,1774.0,25253.0,0.07024907931730884,76121.63979706877,70326.69055762376,108.24004256918187,76234.55047941342,69341.560649998,109.94063266647231,495.0,10838.0,0.04567263332718214,1.538100043719178,0.0398593200468933,,0.005598480560298075,,0.007873575857753501,,0.8122706118666798,,0.008979071557491114,,1.5155520927431354,,-0.2988668555240793,,-0.012621479462843456,,0.4290583984696634,
2025-04-01,Region,WE,Western,Brand,Genesis,brand,Genesis,Luxury Market,2238.0,45199.0,0.04951436978694219,68402.67605004468,68404.14021159806,99.9978595424943,68393.35746201966,68582.16171869378,99.72470354981147,893.0,27372.0,0.03262457986263335,1.517701377164817,-0.06633291614518144,,-0.0013395604135457706,,0.008130351764344512,,0.5726065077135303,,0.013973658575606507,,1.0549951000863018,,-0.1976639712488769,,0.001894852371537515,,-0.1371759794672347,
2025-04-01,Region,WE,Western,Model,Genesis,g70,G70,Near Luxury Car,304.0,8638.0,0.03519333178976615,50803.48355263158,56140.183543380066,90.49397480750171,50423.84868421053,56508.08447405005,89.2329817114336,118.0,3304.0,0.03571428571428571,0.9854132901134522,-0.1871657754010695,,-0.0030988766672830972,,0.003681769072471086,,0.28481086919808263,,-0.004546170810023842,,-0.553146124581076,,-0.19727891156462585,,0.0019289490100797835,,-0.1479839819724067,
2025-04-01,Region,WE,Western,Model,Genesis,g80,G80,Mid Luxury Car,184.0,4039.0,0.04555583065115128,69724.66847826086,82908.8380466617,84.09799259159719,70157.69565217392,82200.82097267486,85.34914228593374,49.0,1348.0,0.03635014836795252,1.253250198321468,0.295774647887324,,0.013068985535617077,,0.002040020451193003,,-0.6664560889591655,,0.006987866750565175,,-0.7635918362170884,,0.16666666666666674,,0.006392944373658657,,0.1688083685124453,
2025-04-01,Region,WE,Western,Model,Genesis,g90,G90,Premium Luxury Car,64.0,2241.0,0.0285586791610888,101799.71875,133875.80705672174,76.04041461118405,99971.34375,133699.22088353414,74.77331811610584,19.0,598.0,0.03177257525083612,0.8988468493858475,0.049180327868852514,,-0.00018778643740318887,,-0.004407240256637857,,1.0548340518356127,,-0.02297187423197189,,-0.32172740402432964,,0.2666666666666666,,0.001591488731721432,,-0.0536193774441871,
2025-04-01,Region,WE,Western,Model,Genesis,gv60,GV60,Entry Luxury EV SUV,147.0,557.0,0.2639138240574506,59335.77551020408,52634.82944344704,112.7310112668966,59316.36734693877,52548.28366247756,112.87974261525503,72.0,269.0,0.26765799256505574,0.9860113704368643,-0.18784530386740328,,-0.21619227673830532,,0.023305202715087292,,5.2003515793439306,,0.02200109030418429,,4.928743780214603,,-0.3142857142857143,,-0.022397256053728776,,-0.6692115675446944,
2025-04-01,Region,WE,Western,Model,Genesis,gv70,GV70,Near Luxury SUV,466.0,14507.0,0.032122423657544634,59601.00214592275,60922.914972425206,97.83018782489187,59862.28755364807,61209.955023474184,97.79828710981853,287.0,6371.0,0.045047873175325694,0.7130730352690483,0.10688836104513055,,0.0033420025473450167,,0.009313288384370733,,0.635799173579656,,0.034416844244508527,,2.4909476277917264,,-0.06209150326797386,,0.004040100460235903,,0.011244596300716503,
2025-04-01,Region,WE,Western,Model,Genesis,gv70_ev,GV70 EV,Near Luxury EV SUV,126.0,3186.0,0.03954802259887006,73611.28571428571,61117.98162264151,120.44129036979842,69762.30158730158,61222.37378483474,113.94903084365909,39.0,6597.0,0.005911778080945885,6.689700130378097,-0.3571428571428571,,-0.020062682997236993,,-0.00010256913506223597,,2.300990044941372,,0.01931421300925118,,3.679877894223708,,-0.6578947368421053,,-0.002823184757150812,,-0.1346798585235982,
2025-04-01,Region,WE,Western,Model,Genesis,gv80,GV80,Mid Luxury SUV,947.0,20543.0,0.046098427688263645,76583.90813093982,73217.95155216903,104.59717392717889,77109.73600844773,73287.06580781259,105.21602298918569,309.0,8885.0,0.03477771525042206,1.3255162783502346,-0.07338551859099807,,0.000412240830865343,,0.0059589539569806504,,0.2092742155721794,,0.006244321092806038,,0.485345562135592,,-0.1953125,,-0.007447928030862305,,0.24356267605549453,
2025-04-01,National,NTL,National,Brand,Genesis,brand,Genesis,Luxury Market,17135.0,255763.0,0.06699561703608418,68235.00245112344,67485.45698527138,101.11067702485241,67684.78268994919,66957.46250777492,101.08624215275455,5660.0,137488.0,0.04116722913999767,1.6274016599040888,-0.01528647778863279,,0.0024108841379923,,0.008896199576439168,,0.46355336941707037,,0.01288231474446877,,0.8664833381927792,,-0.16764705882352937,,-0.00028203208787573597,,0.06923799220859439,
2025-04-01,National,NTL,National,Model,Genesis,g70,G70,Near Luxury Car,2816.0,40367.0,0.06975995243639607,51372.11221590909,56436.41139425937,91.02653933296436,50185.53428063943,56274.5657552477,89.17978061156259,676.0,15105.0,0.044753392916252896,1.5587634342481695,-0.10688233428480809,,0.0014629373170441662,,-0.0005996736457589691,,0.1650376835813745,,-0.006004860031313952,,-0.4517720890362398,,-0.15605493133583026,,0.0033473448418150573,,-0.09068195586901218,
2025-04-01,National,NTL,National,Model,Genesis,g80,G80,Mid Luxury Car,1380.0,17862.0,0.07725898555592879,70074.86884057971,80093.33962229207,87.49150574946938,70016.6652173913,79411.30848373202,88.16964051377484,313.0,5902.0,0.05303287021348695,1.4568132036776094,0.10932475884244375,,0.011761170571460824,,0.003569986134391856,,0.37687772239510764,,0.006549130647983459,,0.33142459351932985,,0.04682274247491636,,0.008016308936763077,,0.0018416748253142767,
2025-04-01,National,NTL,National,Model,Genesis,g90,G90,Premium Luxury Car,508.0,8929.0,0.05689326912308209,101361.43307086614,130934.23357207004,77.41400419552909,99397.89566929133,129757.40703047962,76.60286834025827,114.0,2365.0,0.04820295983086681,1.1802858024218346,0.05833333333333335,,-0.0008198485876309072,,-8.802552801379093e-05,,0.3258301073118588,,-0.014091301656202537,,-0.6995747844604523,,0.1399999999999999,,0.0052291738403210455,,-0.16269844670645695,
2025-04-01,National,NTL,National,Model,Genesis,gv60,GV60,Entry Luxury EV SUV,547.0,1991.0,0.27473631341034654,62110.482632541134,53271.181407035176,116.59302645827677,61171.74588665448,52904.705527638194,115.62628555733565,183.0,1063.0,0.17215428033866415,1.595872683908188,-0.18601190476190477,,-0.18711935669274626,,0.00904846375622137,,5.959994453403283,,0.005729993700808178,,4.96430997063122,,-0.428125,,-0.16362746152912178,,0.2204087663824148,
2025-04-01,National,NTL,National,Model,Genesis,gv70,GV70,Near Luxury SUV,4393.0,81634.0,0.05381336207952569,61233.82153425905,59928.823928768405,102.17757920135688,60492.995437956204,59619.86725367273,101.4644919965495,2175.0,36105.0,0.060240963855421686,0.8933018105201265,0.05372991124970006,,0.006686847339066292,,0.007909758740429984,,0.041309861265560244,,0.02354516499612469,,0.8592207060993644,,-0.14065586724614776,,-0.0012866518583083825,,0.12736095300786343,
2025-04-01,National,NTL,National,Model,Genesis,gv70_ev,GV70 EV,Near Luxury EV SUV,432.0,9139.0,0.04726994200678411,73752.13888888889,63340.9357385492,116.43676877985156,69328.97685185185,63249.10518452047,109.61258131572644,122.0,20165.0,0.0060500867840317385,7.81310148005575,-0.31319554848966613,,-0.01825771712437539,,0.004019497137925043,,2.404751497842355,,0.024076606728717254,,3.7228133027954016,,-0.640117994100295,,-0.004207099297662664,,1.424637957091675,
2025-04-01,National,NTL,National,Model,Genesis,gv80,GV80,Mid Luxury SUV,7059.0,133996.0,0.052680677035135376,76712.34395806771,71741.87094724426,106.92827346875093,76798.18208870625,70916.00100578026,108.29457527144903,2077.0,56783.0,0.03657784900410334,1.4402344169889707,0.000708817692089525,,0.003373383693786869,,0.004985560525097021,,0.625736407616472,,0.005460837656717343,,1.148978736386269,,-0.13817427385892112,,-0.0031891592298124716,,0.20032989484550856,
2025-05-01,Region,CE,Central,Brand,Genesis,brand,Genesis,Luxury Market,2809.0,30018.0,0.09357718702112067,69239.266998932,67657.97595607839,102.33718348872887,68633.44820220719,66133.42013855421,103.78027940852786,819.0,15342.0,0.05338287055142745,1.752944082146561,-0.003547357218871894,,0.005040754860316646,,0.001868894705979729,,0.36244521640871596,,0.002527471368384937,,0.5104953894807807,,0.06501950585175553,,0.0035448925864242087,,-0.023541156138492392,
2025-05-01,Region,CE,Central,Model,Genesis,g70,G70,Near Luxury Car,387.0,3990.0,0.09699248120300752,51829.84496124031,56684.92430325815,91.43497252277572,50018.7157622739,55938.797616541364,89.41685894850757,78.0,1420.0,0.054929577464788736,1.7657605552342392,-0.06971153846153844,,-0.002125936714552648,,-0.004211150207712788,,0.8725780850959666,,-0.005616890794366225,,0.6983973820718887,,0.21875,,0.013235766389870167,,-0.6115327495072429,
2025-05-01,Region,CE,Central,Model,Genesis,g80,G80,Mid Luxury Car,179.0,1598.0,0.11201501877346684,70298.27932960894,80266.54190356919,87.58104891832022,70144.30167597765,79420.91013915245,88.3196900577929,43.0,615.0,0.06991869918699187,1.6020752685042352,0.011299435028248483,,0.006343376982422058,,0.0035099182283464536,,0.7763904090249412,,0.0038616787156924293,,0.6287784120633688,,0.07499999999999996,,-0.00897676432385626,,0.26268720880274254,
2025-05-01,Region,CE,Central,Model,Genesis,g90,G90,Premium Luxury Car,65.0,940.0,0.06914893617021277,101336.89230769231,130354.71504802561,77.73933782936622,98623.84615384616,128717.88153681964,76.62015951189726,12.0,209.0,0.05741626794258373,1.2043439716312057,-0.1095890410958904,,-0.004291707692966301,,0.002101730496689269,,-0.08458705492371621,,-0.0016911641077913542,,-0.30678902088544646,,-0.19999999999999996,,-0.004567203131796434,,0.019501583971916592,
2025-05-01,Region,CE,Central,Model,Genesis,gv60,GV60,Entry Luxury EV SUV,31.0,155.0,0.2,65430.22580645161,52693.74193548387,124.17077133478543,64831.032258064515,52455.86451612903,123.59158095303222,7.0,36.0,0.19444444444444445,1.0285714285714287,-0.20512820512820518,,-0.14210526315789473,,0.006262796340550381,,7.484160047105902,,0.0039015010277665407,,7.1910664449630275,,0.3999999999999999,,0.13492063492063494,,-4.718796992481203,
2025-05-01,Region,CE,Central,Model,Genesis,gv70,GV70,Near Luxury SUV,865.0,8993.0,0.0961859223840765,62666.95953757226,60762.15506453049,103.13485338204156,61789.70057803468,60229.92221281336,102.5897067569008,381.0,3734.0,0.10203535083020888,0.9426725306617891,0.11469072164948457,,0.009355889934708705,,0.007647009653691139,,-0.306303488847135,,0.011856609084261116,,-0.4414473931411891,,0.13731343283582098,,0.015872799389879663,,-0.06507423400430623,
2025-05-01,Region,CE,Central,Model,Genesis,gv70_ev,GV70 EV,Near Luxury EV SUV,29.0,773.0,0.037516170763260026,73727.03448275862,64430.43001293661,114.42890334265255,72058.6551724138,63715.44695201038,113.0944827659883,19.0,2079.0,0.00913900913900914,4.105058895621979,0.15999999999999992,,0.005505927485411115,,0.018088464202368648,,2.4435742476449462,,0.03797532511753832,,4.882475566088701,,1.7142857142857144,,0.005129845336030904,,-3.8792103562529077,
2025-05-01,Region,CE,Central,Model,Genesis,gv80,GV80,Mid Luxury SUV,1253.0,17592.0,0.07122555707139609,77327.47007182761,70397.78038262551,109.84361957371085,77350.5019952115,68343.89762558644,113.17835927205473,279.0,7249.0,0.038488067319630295,1.8505880401811836,-0.045696877380045686,,0.0020766209011833237,,0.00744350272719263,,1.0888543690255545,,0.00711232502313619,,1.3629120060150228,,-0.07920792079207917,,-0.002303532034166153,,0.1554121396124033,
2025-05-01,Region,EA,Eastern,Brand,Genesis,brand,Genesis,Luxury Market,3248.0,53060.0,0.06121372031662269,66507.01046798029,67017.04108189119,99.23895384565297,65991.65055418719,66622.40844524706,99.05323463114028,1243.0,26792.0,0.046394446103314425,1.3194191429790467,0.016588419405320742,,0.0019152793366672347,,-0.00819213688246545,,-0.7917369020200198,,-0.006111703546981873,,-0.5433406726275081,,0.10390763765541733,,0.004449949921530111,,-0.09431677896314183,
2025-05-01,Region,EA,Eastern,Model,Genesis,g70,G70,Near Luxury Car,520.0,8147.0,0.0638271756474776,52909.38269230769,56499.4837512279,93.64578077433818,52230.44038461539,56404.70604271511,92.59943726160267,140.0,2771.0,0.05052327679538073,1.2633221694225745,0.007751937984496138,,0.0029565846365067344,,0.009791255281033528,,1.7166382979358161,,0.01169047782284105,,1.6755592243566042,,0.0852713178294573,,0.007451490484863203,,-0.14991364513446226,
2025-05-01,Region,EA,Eastern,Model,Genesis,g80,G80,Mid Luxury Car,248.0,4034.0,0.06147744174516609,71247.74193548386,78804.600512183,90.41063779578343,71005.13306451614,78185.39781818182,90.81636091388418,57.0,1302.0,0.04377880184331797,1.4042741956527414,-0.08823529411764708,,-0.004064726929532705,,0.004532295127444463,,0.6248597523596118,,0.0041413778737589,,0.8082153124853875,,-0.24,,-0.012316934880691008,,0.23587580207844416,
2025-05-01,Region,EA,Eastern,Model,Genesis,g90,G90,Premium Luxury Car,83.0,1873.0,0.04431393486385478,101610.85542168675,128561.12439678285,79.03699963612755,99298.26506024097,127150.86368392954,78.09484118572382,15.0,438.0,0.03424657534246575,1.2939668980245596,-0.0674157303370787,,-0.001233659813729665,,-0.0005109276182673206,,-0.606531366049623,,-0.0021232685743622914,,-0.7937823486818161,,-0.25,,-0.002518130539887191,,0.05507232279426266,
2025-05-01,Region,EA,Eastern,Model,Genesis,gv60,GV60,Entry Luxury EV SUV,156.0,617.0,0.25283630470016205,64968.96153846154,52898.37439222042,122.81844628483762,61724.32692307692,51935.34197730956,118.84840760275372,26.0,126.0,0.20634920634920634,1.225283630470016,-0.1235955056179775,,-0.08750786355987616,,0.005403356212723143,,4.3526096392159985,,-0.0005516065679930238,,3.655952121720361,,-0.10344827586206895,,0.07208994708994707,,-1.309693622777165,
2025-05-01,Region,EA,Eastern,Model,Genesis,gv70,GV70,Near Luxury SUV,1072.0,19797.0,0.05414961862908522,59936.53731343283,60331.58265793996,99.3452097108957,59725.128731343284,60269.53166203446,99.09671949378344,601.0,7749.0,0.07755839463156536,0.6981786934389042,0.1539289558665231,,0.005177557479902298,,-0.01483904218495724,,-2.3829746911136453,,-0.009455929916305839,,-2.2146837242238746,,0.27330508474576276,,0.024357312575659137,,-0.2223300491787884,
2025-05-01,Region,EA,Eastern,Model,Genesis,gv70_ev,GV70 EV,Near Luxury EV SUV,95.0,1837.0,0.051714752313554706,73752.57894736843,63911.10383986928,115.39869367951646,69711.67368421053,63538.741067538125,109.7152265105645,20.0,3801.0,0.005261773217574322,9.828388677191072,-0.14414414414414412,,-0.014435426470712283,,0.0023376056398911604,,2.618029173096346,,0.008017741922744737,,3.211936211008563,,-0.4444444444444444,,-0.01013600265924347,,5.532302066146176,
2025-05-01,Region,EA,Eastern,Model,Genesis,gv80,GV80,Mid Luxury SUV,1074.0,26130.0,0.041102181400688866,75423.77001862197,71169.15473132272,105.97817313323623,75468.4180633147,70555.00462920916,106.96394743353392,384.0,10605.0,0.03620933521923621,1.1351266504018371,-0.023636363636363678,,-0.00017361597266948164,,0.0034723669795715395,,0.6055136428523014,,0.00338318398362758,,0.7164381219485421,,0.05205479452054784,,0.0015892081206874062,,-0.0571219296182095,
2025-05-01,Region,MA,Mid-Atlantic,Brand,Genesis,brand,Genesis,Luxury Market,1418.0,21889.0,0.06478139704874594,67774.04231311707,67302.12900224165,100.70118630401677,67142.63187588152,66641.90027281106,100.75137653791475,555.0,12555.0,0.04420549581839905,1.4654602521567661,0.0503703703703704,,0.00624861869286665,,0.003880250769152216,,0.3196703830700187,,0.0048699235896887405,,0.5267412940963112,,0.16596638655462193,,0.0049412872891571105,,-0.02528107559181514,
2025-05-01,Region,MA,Mid-Atlantic,Model,Genesis,g70,G70,Near Luxury Car,225.0,3603.0,0.06244796003330558,51501.84888888889,55847.29429722222,92.21905830351128,50307.182222222225,55483.46076944444,90.670591784583,60.0,1308.0,0.045871559633027525,1.3613655287260615,-0.16666666666666663,,-0.009170077101972943,,-0.004165225724113486,,0.5163052844964113,,-0.006704594832676047,,0.07208676055211072,,0.05263157894736836,,0.003302478228994668,,-0.3210301155570603,
2025-05-01,Region,MA,Mid-Atlantic,Model,Genesis,g80,G80,Mid Luxury Car,106.0,1276.0,0.08307210031347963,70457.74528301887,78519.80932324841,89.73244572329534,70060.42452830188,78243.7054459353,89.54129169753101,28.0,502.0,0.055776892430278883,1.4893640841916704,0.24705882352941178,,0.01896953621091553,,0.01470202715739366,,1.6243485495537442,,0.013180416326082467,,1.401861632581472,,0.6470588235294117,,0.01905982979528968,,-0.256488102836987,
2025-05-01,Region,MA,Mid-Atlantic,Model,Genesis,g90,G90,Premium Luxury Car,34.0,598.0,0.056856187290969896,101747.79411764706,130028.73675213676,78.25023657009038,99288.14705882352,129566.04362416107,76.63130267899034,9.0,138.0,0.06521739130434782,0.8717948717948718,0.030303030303030276,,0.003458129038542715,,9.745956851481274e-05,,-0.040427874374003636,,-0.0037957353691003837,,-0.6640424412457406,,-0.3076923076923077,,-0.018653576437587666,,0.23512571570824004,
2025-05-01,Region,MA,Mid-Atlantic,Model,Genesis,gv60,GV60,Entry Luxury EV SUV,31.0,289.0,0.10726643598615918,61328.16129032258,50245.78200692042,122.05633754864394,61849.3870967742,50076.52249134948,123.50974871998834,15.0,63.0,0.23809523809523808,0.4505190311418686,-0.20512820512820518,,-0.09692204568923349,,0.004132020206326414,,6.232374629534505,,0.0027562285591802294,,5.627646192226678,,0.0,,0.12698412698412698,,-1.3871773039366655,
2025-05-01,Region,MA,Mid-Atlantic,Model,Genesis,gv70,GV70,Near Luxury SUV,437.0,7392.0,0.05911796536796537,60476.029748283756,60662.55000135501,99.69252816924595,60207.70251716247,60401.43018295162,99.67926642597308,237.0,3188.0,0.07434127979924718,0.795223939211281,0.2740524781341107,,0.013083875983990065,,-0.003352453690415924,,-1.3753862443090838,,0.001430430102649316,,-1.3992495078469602,,0.27419354838709675,,0.018735898633327898,,-0.0326471843876297,
2025-05-01,Region,MA,Mid-Atlantic,Model,Genesis,gv70_ev,GV70 EV,Near Luxury EV SUV,43.0,672.0,0.06398809523809523,74815.09302325582,63105.22535714285,118.55609832599627,69977.3953488372,62826.9351266766,111.3812017214325,15.0,2137.0,0.0070191857744501636,9.116170634920634,-0.14,,-0.01211540552293977,,-0.0012232143757486824,,2.116474656155603,,0.0019515063313322312,,2.316051365588322,,0.875,,0.0018311183295733804,,-5.552779136768864,
2025-05-01,Region,MA,Mid-Atlantic,Model,Genesis,gv80,GV80,Mid Luxury SUV,542.0,11905.0,0.04552708945821084,77567.31180811809,71788.32042769516,108.05004399879157,77213.66974169742,70708.30135708807,109.20028944233324,191.0,5219.0,0.03659704924315003,1.2440098423162427,0.02264150943396226,,0.004259472857728083,,0.003242248477684395,,0.022248066628819174,,0.0019722245329760746,,0.22143450563638112,,0.061111111111111116,,0.0016048252929167436,,0.06467306568911346,
2025-05-01,Region,MS,Mountain States,Brand,Genesis,brand,Genesis,Luxury Market,898.0,16776.0,0.05352885073915117,69686.19265033408,69443.03205140466,100.35015838414057,69430.12360801782,68902.978906118,100.76505357281877,390.0,10296.0,0.03787878787878788,1.4131616595135907,0.08192771084337358,,0.005679202405241335,,-0.013606860988844005,,-0.6168867523275736,,-0.010163696579815085,,-0.2953821992249601,,0.040000000000000036,,0.0020519033846634893,,0.0775822752174995,
2025-05-01,Region,MS,Mountain States,Model,Genesis,g70,G70,Near Luxury Car,80.0,1787.0,0.04476776720761052,53823.1875,59499.95525518789,90.4592066820203,52154.775,59370.20915311273,87.84670922330004,29.0,664.0,0.043674698795180725,1.02502749744322,0.05263157894736836,,0.00214297752729644,,-0.005026661133850974,,0.5343213949649481,,-0.0018810530633684985,,0.5361215601308658,,0.11538461538461542,,0.004100878399442523,,-0.05206814947856264,
2025-05-01,Region,MS,Mountain States,Model,Genesis,g80,G80,Mid Luxury Car,44.0,962.0,0.04573804573804574,70602.72727272728,81779.60183524505,86.33293105897613,70273.22727272728,80406.10769067796,87.39787224008923,14.0,289.0,0.04844290657439446,0.9441639441639442,-0.06382978723404253,,-0.0024670824670824654,,-0.017168765816321763,,-2.2149488101886163,,-0.019869243809587878,,-1.3412903690923201,,0.3999999999999999,,0.01738700595327645,,-0.6080411840411841,
2025-05-01,Region,MS,Mountain States,Model,Genesis,g90,G90,Premium Luxury Car,9.0,346.0,0.02601156069364162,101173.66666666667,140898.17919075146,71.80622719736871,98368.88888888889,140296.85217391304,70.1148225100233,5.0,70.0,0.07142857142857142,0.3641618497109827,-0.18181818181818177,,-0.002193567511486586,,-0.010922206422561809,,-0.17819142099791918,,-0.011316461635939135,,-0.4078664156314602,,4.0,,0.06142857142857142,,-2.456350970801838,
2025-05-01,Region,MS,Mountain States,Model,Genesis,gv60,GV60,Entry Luxury EV SUV,25.0,394.0,0.06345177664974619,64987.8,50567.28680203046,128.51747465594795,65047.64,50675.75888324873,128.36046550356053,19.0,136.0,0.13970588235294118,0.454181138124499,-0.3902439024390244,,-0.0736719691696518,,0.01281549043346386,,4.874590606295243,,0.013036854372354467,,4.613541288551204,,-0.24,,0.02065826330532214,,-0.6976583267584441,
2025-05-01,Region,MS,Mountain States,Model,Genesis,gv70,GV70,Near Luxury SUV,331.0,6417.0,0.051581736013713575,62616.85196374622,61983.29597809077,101.02213987762025,62693.94864048338,62122.53083411727,100.91982377197726,168.0,2237.0,0.07510058113544926,0.6868353777540314,0.3966244725738397,,0.011068915500893062,,-0.004186661603036157,,-1.0778968004211436,,0.0029008715605292057,,-0.9786906573049237,,0.1428571428571428,,0.017249341466027773,,-0.01345766253900893,
2025-05-01,Region,MS,Mountain States,Model,Genesis,gv70_ev,GV70 EV,Near Luxury EV SUV,41.0,681.0,0.06020558002936858,74036.0731707317,62411.0324005891,118.62657982570542,71384.46341463414,61656.98250368188,115.77677096080947,23.0,3076.0,0.007477243172951885,8.051841920449467,0.6399999999999999,,0.019752505595711622,,0.020877432651218886,,2.3277447453432956,,0.09357163801570878,,9.817576413094798,,0.6428571428571428,,0.0014866569513001951,,1.2990679953454451,
2025-05-01,Region,MS,Mountain States,Model,Genesis,gv80,GV80,Mid Luxury SUV,368.0,9165.0,0.040152755046372064,78448.12771739131,75078.6947879318,104.48786828137709,78515.96739130435,74280.88850827502,105.70143810619273,132.0,3824.0,0.034518828451882845,1.1632131461918696,-0.06361323155216281,,0.001543854368505869,,0.0049496665810617735,,0.5135117345625133,,0.005001403917511693,,0.529849328210247,,-0.13157894736842102,,-0.0008300087574194814,,0.07098766648907584,
2025-05-01,Region,SC,South Central,Brand,Genesis,brand,Genesis,Luxury Market,2032.0,33378.0,0.06087842291329618,70850.53494094488,67779.83413124981,104.53040472738384,70039.4094488189,66967.76363957064,104.58675285288048,805.0,17954.0,0.04483680516876462,1.3577778943917014,-0.038334122101277845,,0.0009283576576643374,,0.002099007762170091,,-0.13660906307029563,,0.0009147976732863938,,0.10051748460281829,,0.16497829232995653,,0.009631995712885262,,-0.345116289164799,
2025-05-01,Region,SC,South Central,Model,Genesis,g70,G70,Near Luxury Car,246.0,5256.0,0.04680365296803653,52219.21544715447,56776.86791039085,91.97269481220842,50740.62601626016,56767.83244715291,89.38270817984167,101.0,2117.0,0.047709022201228156,0.9810231023102309,-0.1487889273356401,,-0.006282313233286027,,-0.002709672774198868,,-0.3011791526741803,,-0.0019007721226718122,,-0.23329286562473328,,0.17441860465116288,,0.006717601800846844,,-0.3140275615313357,
2025-05-01,Region,SC,South Central,Model,Genesis,g80,G80,Mid Luxury Car,187.0,2221.0,0.08419630796938316,69978.04812834224,78294.12939007739,89.37841019943816,68882.08556149733,77268.56700593336,89.14632201760381,35.0,629.0,0.05564387917329094,1.5131279346497715,0.07471264367816088,,0.009646179434678784,,0.0028395830742646844,,0.14839199315595408,,-0.0036327584285835712,,-0.05337186290105933,,-0.02777777777777779,,0.0037706803260286886,,0.07596712345297063,
2025-05-01,Region,SC,South Central,Model,Genesis,g90,G90,Premium Luxury Car,68.0,1100.0,0.06181818181818182,101446.75,131431.85,77.18581911462098,99576.39705882352,129684.75636363636,76.78342455269845,12.0,241.0,0.04979253112033195,1.2415151515151517,0.0,,-0.0046529814271749695,,5.798497290321336e-06,,-0.6026992522467935,,-0.005131995831988978,,-1.1434490908696802,,-0.25,,-0.005763024435223606,,0.04503421309872935,
2025-05-01,Region,SC,South Central,Model,Genesis,gv60,GV60,Entry Luxury EV SUV,42.0,177.0,0.23728813559322035,57427.76190476191,51474.661016949154,111.56510945424694,54601.642857142855,50842.82485875706,107.39301564936233,7.0,42.0,0.16666666666666666,1.4237288135593222,0.050000000000000044,,-0.06121932709334679,,0.007198901118816714,,1.5705283333106195,,-0.03632439667925169,,-2.194886366559402,,-0.36363636363636365,,0.0,,-0.3673159625600806,
2025-05-01,Region,SC,South Central,Model,Genesis,gv70,GV70,Near Luxury SUV,555.0,10536.0,0.052676537585421415,62558.2954954955,60271.83772083293,103.79357567501589,61464.333333333336,60188.05148039122,102.12049039892564,349.0,4231.0,0.08248640983219097,0.6386086834496219,0.0393258426966292,,0.0019257297542106186,,-0.007564512152991809,,-2.151563929343226,,-0.0027996207461354894,,-2.324288191024408,,0.3120300751879699,,0.02498532898480662,,-0.24399747078790135,
2025-05-01,Region,SC,South Central,Model,Genesis,gv70_ev,GV70 EV,Near Luxury EV SUV,9.0,849.0,0.01060070671378092,74240.77777777778,62380.237926972906,119.01329691093794,64939.555555555555,61978.862190812724,104.77694049243405,7.0,2228.0,0.0031418312387791743,3.3740535083291268,0.5,,0.0033279794410536467,,-0.005728281969267113,,0.9117848269192024,,-0.07729007558265755,,-5.966715038210438,,1.3333333333333335,,0.0017849791356584145,,-1.9859464916708736,
2025-05-01,Region,SC,South Central,Model,Genesis,gv80,GV80,Mid Luxury SUV,925.0,17873.0,0.05175404241033962,79284.43135135135,72003.25256560909,110.11229149559276,79130.06594594594,70685.83483874619,111.94614327815944,294.0,8466.0,0.03472714386959603,1.4903051804283511,-0.07684630738522957,,0.00047461559355353733,,0.007753947721973464,,0.9787555715377181,,0.0071175982767324175,,1.6329089482432835,,0.07692307692307687,,0.006422322718740665,,-0.3213800637031572,
2025-05-01,Region,SO,Southern,Brand,Genesis,brand,Genesis,Luxury Market,4892.0,48332.0,0.10121658528511131,67937.86610793132,66345.93237390566,102.39944436239739,67353.42077284808,65492.919247193124,102.84076744026751,1610.0,25231.0,0.06381039197812215,1.5862084865395303,0.06579520697167762,,0.007901142494186691,,0.01283592939735434,,0.9779434026893767,,0.012649417585649081,,1.2906944735441925,,0.21052631578947367,,0.0119039017154675,,-0.21155210792051582,
2025-05-01,Region,SO,Southern,Model,Genesis,g70,G70,Near Luxury Car,828.0,7819.0,0.10589589461567975,50315.72584541063,54688.07185062028,92.0049366210009,48824.684782608696,54392.952191377764,89.76288804994898,221.0,3010.0,0.073421926910299,1.442292501326679,-0.12380952380952381,,-0.011378863388787866,,0.0047527165268785865,,0.3126661802860582,,0.0010793780131310715,,0.030301875799835898,,0.12755102040816335,,0.011728505443506433,,-0.4586355914294109,
2025-05-01,Region,SO,Southern,Model,Genesis,g80,G80,Mid Luxury Car,437.0,3116.0,0.1402439024390244,69644.88329519451,78956.04863533955,88.20715385195011,69560.28832951945,77485.38221895426,89.7721432578851,64.0,1063.0,0.060206961429915336,2.329363567073171,-0.009070294784580546,,0.009110985400665794,,-0.0016003013403382838,,0.22501076618139848,,-0.005179913417622806,,0.4333351027014487,,-0.2558139534883721,,-0.009654939463667113,,0.45233309179154935,
2025-05-01,Region,SO,Southern,Model,Genesis,g90,G90,Premium Luxury Car,178.0,1809.0,0.09839690436705362,101377.23033707865,130124.57245575222,77.90782972336078,99044.94943820225,128639.45318559557,76.99422454424179,39.0,401.0,0.09725685785536159,1.011722016697141,0.04705882352941182,,-0.0010764718763635883,,0.003999841385255998,,-0.0516315926630142,,-4.018189379828563e-05,,-0.38971060148743675,,0.30000000000000004,,0.028763707170430086,,-0.4405892764567503,
2025-05-01,Region,SO,Southern,Model,Genesis,gv60,GV60,Entry Luxury EV SUV,56.0,227.0,0.24669603524229075,62307.517857142855,52306.15859030837,119.1208062996383,62032.767857142855,51767.396475770925,119.82980037672264,21.0,56.0,0.375,0.657856093979442,-0.11111111111111116,,-0.11746581446869189,,0.0012632890702299893,,3.740589034389558,,-0.004401559150769563,,3.469350633804609,,-0.1923076923076923,,0.06174698795180722,,-0.5046605800979256,
2025-05-01,Region,SO,Southern,Model,Genesis,gv70,GV70,Near Luxury SUV,1355.0,15900.0,0.08522012578616352,60164.52103321033,59010.46626085315,101.95567811183821,59604.31905465288,58780.798098086125,101.4010033603024,661.0,6124.0,0.10793598954931417,0.7895431926088735,0.22292418772563183,,0.013258055252942755,,-0.006070895592898196,,-1.2611674990694581,,-0.0007278913152027888,,-0.9052429325260505,,0.37136929460580914,,0.03334607930480783,,-0.17522630902115266,
2025-05-01,Region,SO,Southern,Model,Genesis,gv70_ev,GV70 EV,Near Luxury EV SUV,80.0,1451.0,0.05513439007580979,74833.825,63773.57523480663,117.34299782389628,70633.25,63436.7341752933,111.34439834941807,29.0,4353.0,0.006662072134160349,8.275862068965518,-0.101123595505618,,-0.008710660139398245,,0.008873171986385708,,3.9613473444143352,,0.01363119799813628,,4.958436482507196,,0.9333333333333333,,0.0022425081978020697,,-6.170144626395553,
2025-05-01,Region,SO,Southern,Model,Genesis,gv80,GV80,Mid Luxury SUV,1958.0,24270.0,0.08067573135558302,77227.68437180796,70507.7669021224,109.53074783805596,77192.11031664965,69209.5127929769,111.53396000279719,575.0,10224.0,0.05624021909233177,1.4344846563121405,0.10372040586245768,,0.010426652038274184,,0.014529962540057895,,1.2907052688740919,,0.01256070680832333,,1.5933273363248759,,0.16161616161616155,,0.010567585765149629,,-0.10361538740703757,
2025-05-01,Region,WE,Western,Brand,Genesis,brand,Genesis,Luxury Market,2538.0,46528.0,0.054547799174690506,68819.70921985815,68390.54322656973,100.6275224220206,68880.54925137904,68459.33998419537,100.61526924928128,880.0,27986.0,0.031444293575359106,1.7347439860260099,0.13404825737265424,,0.0050334293877483186,,0.006096737640912675,,0.6296628795263075,,0.007123378752533549,,0.8905656994698177,,-0.014557670772676334,,-0.0011802862872742417,,0.21704260886119298,
2025-05-01,Region,WE,Western,Model,Genesis,g70,G70,Near Luxury Car,240.0,9464.0,0.0253592561284869,51220.20416666667,55650.08616377486,92.03975716394883,50375.1625,56026.269784126984,89.91346861766617,115.0,3425.0,0.033576642335766425,0.7552648020875445,-0.21052631578947367,,-0.009834075661279251,,0.008202599209626626,,1.5457823564471198,,-0.0009655388368990936,,0.6804869062325736,,-0.025423728813559365,,-0.002137643378519287,,-0.2301484880259077,
2025-05-01,Region,WE,Western,Model,Genesis,g80,G80,Mid Luxury Car,171.0,3975.0,0.0430188679245283,70018.61988304094,83004.34336791499,84.3553686976173,70501.30409356725,81907.64093510475,86.07414801437791,38.0,1242.0,0.030595813204508857,1.4060377358490566,-0.07065217391304346,,-0.002536962726622974,,0.00421588816692231,,0.25737610602010363,,0.004897658598949084,,0.7250057284441738,,-0.22448979591836737,,-0.005754335163443664,,0.15278753752758867,
2025-05-01,Region,WE,Western,Model,Genesis,g90,G90,Premium Luxury Car,65.0,2352.0,0.027636054421768707,101975.4923076923,132227.44619310932,77.12127492711606,99728.01538461538,131804.9357720119,75.66333900963981,27.0,560.0,0.048214285714285716,0.5731922398589064,0.015625,,-0.0009226247393200916,,0.0017266605433750026,,1.0808603159320143,,-0.00243398114156701,,0.890020893533972,,0.42105263157894735,,0.016441710463449596,,-0.32565460952694103,
2025-05-01,Region,WE,Western,Model,Genesis,gv60,GV60,Entry Luxury EV SUV,114.0,765.0,0.14901960784313725,59778.07894736842,51476.92287581699,116.12597569512293,59658.666666666664,51393.691503267975,116.08169197745435,53.0,220.0,0.2409090909090909,0.6185719570847207,-0.22448979591836737,,-0.11489421621431337,,0.007454245492894529,,3.3949644282263307,,0.005770739764385802,,3.201949362199329,,-0.26388888888888884,,-0.02674890165596483,,-0.3674394133521436,
2025-05-01,Region,WE,Western,Model,Genesis,gv70,GV70,Near Luxury SUV,773.0,17038.0,0.04536917478577298,59951.752910737385,61499.20488832726,97.48378539137246,60492.59896507115,61896.34807769158,97.7320970360667,316.0,6039.0,0.05232654412982282,0.8670393877572247,0.6587982832618027,,0.013246751128228346,,0.005884980993371203,,-0.34640243351940114,,0.01052935724947357,,-0.06619007375182662,,0.10104529616724744,,0.007278670954497128,,0.15396635248817636,
2025-05-01,Region,WE,Western,Model,Genesis,gv70_ev,GV70 EV,Near Luxury EV SUV,147.0,3402.0,0.043209876543209874,74234.57823129251,60723.89093851133,122.24937678394494,71068.8163265306,60515.398894442806,117.43922641986737,47.0,9069.0,0.00518248980041901,8.33766745468873,0.16666666666666674,,0.0036618539443398143,,0.008467349958076298,,1.8080864141465156,,0.01872809109650775,,3.4901955762082792,,0.20512820512820507,,-0.000729288280526875,,1.6479673243106339,
2025-05-01,Region,WE,Western,Model,Genesis,gv80,GV80,Mid Luxury SUV,1028.0,19205.0,0.053527727154386875,77529.2733463035,74014.93100192779,104.74815323989719,77997.82879377432,73960.06169452968,105.4593884952685,284.0,7431.0,0.03821827479477863,1.4005793679022849,0.08553326293558605,,0.007429299466123231,,0.012344175668697055,,0.1509793127183059,,0.011517258796337915,,0.24336550608281016,,-0.08090614886731395,,0.0034405595443565695,,0.07506308955205032,
2025-05-01,National,NTL,National,Brand,Genesis,brand,Genesis,Luxury Market,17835.0,249981.0,0.07134542225209116,68414.6012895991,67509.0976265663,101.34130612742254,67918.20315128406,66886.84940583498,101.54193799619917,6302.0,136156.0,0.04628514351185405,1.5414324519447355,0.0408520571928801,,0.0043498052160069745,,0.0026320631937297723,,0.23062910257013414,,0.0034486401825963853,,0.4556958434446159,,0.11342756183745584,,0.00511791437185638,,-0.08596920795935326,
2025-05-01,National,NTL,National,Model,Genesis,g70,G70,Near Luxury Car,2526.0,40066.0,0.06304597414266461,51569.67418844022,56074.95425623861,91.96561080155111,50280.143309580366,55973.03384859383,89.82922641925639,744.0,14715.0,0.05056065239551478,1.2469375127813302,-0.10298295454545459,,-0.006713978293731465,,0.0038457046831326114,,0.9390714685867465,,0.0018851852490375798,,0.6494458076937946,,0.10059171597633143,,0.005807259479261882,,-0.3118259214668393,
2025-05-01,National,NTL,National,Model,Genesis,g80,G80,Mid Luxury Car,1372.0,17182.0,0.07985100686765219,70205.36880466473,80020.31010649505,87.73443730876811,69984.00072886297,79044.98322811374,88.53692906341453,279.0,5642.0,0.04945054945054945,1.6147648055458554,-0.005797101449275366,,0.002592021311723397,,0.0018622933762730831,,0.24293155929872512,,-0.00046652448280581904,,0.3672885496396958,,-0.10862619808306706,,-0.003582320762937505,,0.15795160186824608,
2025-05-01,National,NTL,National,Model,Genesis,g90,G90,Premium Luxury Car,502.0,9018.0,0.05566644488800177,101518.96414342629,130942.3302935943,77.52952304713382,99197.09163346613,129799.80544909516,76.423143540357,119.0,2057.0,0.05785123966942149,0.9622342616354592,-0.011811023622047223,,-0.0012268242350803177,,0.0015541519864858966,,0.11551885160473319,,-0.002020204094594691,,-0.17972479990126544,,0.04385964912280693,,0.00964827983855468,,-0.21805154078637534,
2025-05-01,National,NTL,National,Model,Genesis,gv60,GV60,Entry Luxury EV SUV,455.0,2624.0,0.17339939024390244,62429.123076923075,51682.44207317073,120.79367880592302,60990.04615384615,51326.09832317073,118.82852612296213,148.0,679.0,0.21796759941089838,0.7955282836189849,-0.1681901279707495,,-0.1013369231664441,,0.005130220067151692,,4.200652347646255,,-0.002970321186271163,,3.2022405656264823,,-0.1912568306010929,,0.04581331907223424,,-0.8003444002892032,
2025-05-01,National,NTL,National,Model,Genesis,gv70,GV70,Near Luxury SUV,5388.0,86073.0,0.06259802725593391,60912.876020786935,60507.30570938361,100.67028321067752,60537.14943382217,60451.17966911765,100.14221354351574,2713.0,33302.0,0.08146657858386884,0.7683890540645452,0.2264966992943318,,0.008784665176408225,,-0.005241311181150898,,-1.5072959906793528,,0.0007299026200686676,,-1.3222784530337606,,0.2473563218390804,,0.021225614728447154,,-0.12491275645558131,
2025-05-01,National,NTL,National,Model,Genesis,gv70_ev,GV70 EV,Near Luxury EV SUV,444.0,9665.0,0.045938954992240044,74244.28603603604,62513.957718516984,118.76433479117969,70563.81306306306,62153.734077257664,113.53109207461549,160.0,26743.0,0.005982874023108851,7.678409208484222,0.02777777777777768,,-0.001330987014544066,,0.006672988127010004,,2.3275660113281305,,0.017811256811850917,,3.9185107588890418,,0.3114754098360655,,-6.721276092288772e-05,,-0.1346922715715282,
2025-05-01,National,NTL,National,Model,Genesis,gv80,GV80,Mid Luxury SUV,7148.0,126140.0,0.056667195179958774,77372.24972020145,71827.7219279115,107.71920317597517,77397.33855623951,70804.37502937853,109.31151997899198,2139.0,53018.0,0.04034478856237504,1.404572863043971,0.012608018132880039,,0.003986518144823398,,0.008602341267194946,,0.7909297072242367,,0.007801701176223252,,1.0169447075429474,,0.029850746268656803,,0.0037669395582717036,,-0.03566155394499959,
2025-06-01,Region,CE,Central,Brand,Genesis,brand,Genesis,Luxury Market,3160.0,30220.0,0.10456651224354732,68512.74493670886,67552.56866033301,101.42137641161182,68029.74462025316,66081.02339043825,102.94898766670264,774.0,13994.0,0.05530941832213806,1.8905733492715777,0.12495550017799939,,0.010989325222426655,,-0.010492919606360784,,-0.9158070771170514,,-0.008796054952323051,,-0.8312917418252255,,-0.05494505494505497,,0.0019265477707106071,,0.13762926712501677,
2025-06-01,Region,CE,Central,Model,Genesis,g70,G70,Near Luxury Car,362.0,4194.0,0.08631378159275155,52068.0,56158.962028155576,92.71538881700742,50627.15193370166,55494.90083989501,91.2284753508489,70.0,1482.0,0.04723346828609987,1.8273860617208255,-0.06459948320413433,,-0.01067869961025597,,0.004594940211335441,,1.2804162942316992,,0.012164170194202795,,1.811616402341329,,-0.10256410256410253,,-0.007696109178688869,,0.06162550648658627,
2025-06-01,Region,CE,Central,Model,Genesis,g80,G80,Mid Luxury Car,154.0,1567.0,0.0982769623484365,69912.4025974026,80077.17887251762,87.30627574767928,69352.29220779221,79261.47103963613,87.49811389837988,34.0,403.0,0.08436724565756824,1.1648710537182325,-0.13966480446927376,,-0.013738056425030343,,-0.0054891348107835025,,-0.2747731706409411,,-0.011291144815212872,,-0.8215761594130129,,-0.2093023255813954,,0.014448546470576376,,-0.4372042147860027,
2025-06-01,Region,CE,Central,Model,Genesis,g90,G90,Premium Luxury Car,62.0,891.0,0.06958473625140292,101387.7741935484,131205.544431946,77.27400136366678,97413.98387096774,129087.42069741282,75.4635760360499,9.0,186.0,0.04838709677419355,1.4380845491956604,-0.0461538461538461,,0.0004358000811901519,,0.0005021062388768094,,-0.465336465699437,,-0.012267441699557291,,-1.1565834758473557,,-0.25,,-0.009029171168390186,,0.23374057756445477,
2025-06-01,Region,CE,Central,Model,Genesis,gv60,GV60,Entry Luxury EV SUV,27.0,141.0,0.19148936170212766,65290.03703703704,52528.81560283688,124.29375436652901,64490.07407407407,52306.21276595745,123.29333489050897,4.0,38.0,0.10526315789473684,1.819148936170213,-0.12903225806451613,,-0.008510638297872353,,-0.002142568937928857,,0.12298303174358693,,-0.00525918178555651,,-0.2982460625232477,,-0.4285714285714286,,-0.08918128654970761,,0.7905775075987842,
2025-06-01,Region,CE,Central,Model,Genesis,gv70,GV70,Near Luxury SUV,1229.0,9443.0,0.13014931695435772,62246.158665581774,61087.51361343647,101.89669702302379,61863.209926769734,60611.90553563852,102.06445314674271,411.0,3560.0,0.11544943820224719,1.1273274169282566,0.4208092485549133,,0.03396339457028122,,-0.006714876149978011,,-1.2381563590177649,,0.0011896699295737,,-0.5252536101580887,,0.07874015748031504,,0.013414087372038308,,0.18465488626646742,
2025-06-01,Region,CE,Central,Model,Genesis,gv70_ev,GV70 EV,Near Luxury EV SUV,87.0,806.0,0.10794044665012408,70154.41379310345,64295.20595533499,109.11297778848204,69385.37931034483,63528.92269326683,109.21856749461092,15.0,2296.0,0.006533101045296167,16.522084367245657,2.0,,0.07042427588686405,,-0.04845740391864872,,-5.315925554170505,,-0.03709860884404048,,-3.87591527137738,,-0.21052631578947367,,-0.002605908093712972,,12.417025471623678,
2025-06-01,Region,CE,Central,Model,Genesis,gv80,GV80,Mid Luxury SUV,1239.0,17633.0,0.0702659785629218,77669.33979015335,70494.52502042205,110.17783262977198,77578.20742534302,68492.68303981317,113.26495617093674,231.0,6029.0,0.038314811743241,1.833911622319721,-0.011173184357541888,,-0.000959578508474293,,0.004421064312697398,,0.33421305606113094,,0.0029438132172123765,,0.08659689888200717,,-0.17204301075268813,,-0.00017325557638929456,,-0.016676417861462678,
2025-06-01,Region,EA,Eastern,Brand,Genesis,brand,Genesis,Luxury Market,3799.0,53922.0,0.0704536181892363,65240.81784680179,66826.04898117056,97.62782454067359,64898.30613319294,66481.02433043769,97.61929330484139,1117.0,26792.0,0.04169154971633324,1.6898776531119237,0.1696428571428572,,0.00923989787261361,,-0.019038483496233938,,-1.6111293049793858,,-0.016567920514375944,,-1.4339413262988927,,-0.10136765888978283,,-0.004702896386981188,,0.370458510132877,
2025-06-01,Region,EA,Eastern,Model,Genesis,g70,G70,Near Luxury Car,718.0,8857.0,0.0810658236423168,52572.3635097493,56149.02573268557,93.63005470484198,52300.25766016713,56199.12844303941,93.06239991457524,142.0,2920.0,0.04863013698630137,1.666987359405388,0.38076923076923075,,0.017238647994839207,,-0.006369743236626091,,-0.01572606949619626,,0.001336716195337928,,0.4629626529725641,,0.014285714285714235,,-0.001893139809079361,,0.4036651899828134,
2025-06-01,Region,EA,Eastern,Model,Genesis,g80,G80,Mid Luxury Car,214.0,3900.0,0.054871794871794874,71673.06542056074,78850.67348663927,90.89721400122889,71479.3644859813,78101.04670722032,91.52164727566084,47.0,994.0,0.047283702213279676,1.160480087288598,-0.13709677419354838,,-0.006605646873371215,,0.005969641612810994,,0.4865762054454592,,0.006678832937814239,,0.7052863617766576,,-0.17543859649122806,,0.0035049003699617054,,-0.24379410836414328,
2025-06-01,Region,EA,Eastern,Model,Genesis,g90,G90,Premium Luxury Car,72.0,1878.0,0.038338658146964855,101638.29166666667,128251.65282215123,79.24910863145774,98375.375,127111.51118210863,77.39297101036013,25.0,427.0,0.0585480093676815,0.6548242811501597,-0.1325301204819277,,-0.005975276716889924,,0.0002700129318473632,,0.21210899533019756,,-0.009294120694667507,,-0.7018701753636947,,0.6666666666666667,,0.02430143402521575,,-0.6391426168743999,
2025-06-01,Region,EA,Eastern,Model,Genesis,gv60,GV60,Entry Luxury EV SUV,141.0,559.0,0.2522361359570662,65211.4609929078,52707.677996422186,123.72288719934575,61463.255319148935,51608.225402504475,119.09585117446456,27.0,112.0,0.24107142857142858,1.0463128602663485,-0.09615384615384615,,-0.0006001687430958746,,0.0037325431822194943,,0.9044409145081289,,-0.004229638733093788,,0.2474435717108321,,0.03846153846153855,,0.03472222222222224,,-0.17897077020366758,
2025-06-01,Region,EA,Eastern,Model,Genesis,gv70,GV70,Near Luxury SUV,1404.0,21328.0,0.06582895723930983,59461.9358974359,60390.44808163266,98.46248502256243,59490.25213675214,60444.971650007035,98.4205145817869,543.0,7149.0,0.07595467897608058,0.8666873210015211,0.3097014925373134,,0.011679338610224611,,-0.007918398981159869,,-0.8827246883332691,,-0.003932626008186113,,-0.6762049119965354,,-0.09650582362728788,,-0.0016037156554847831,,0.16850862756261697,
2025-06-01,Region,EA,Eastern,Model,Genesis,gv70_ev,GV70 EV,Near Luxury EV SUV,92.0,1860.0,0.04946236559139785,73077.55434782608,63171.55543057051,115.68110655141757,69643.52173913043,62676.72493275955,111.11544487023686,28.0,5219.0,0.005365012454493198,9.219431643625192,-0.03157894736842104,,-0.002252386722156857,,-0.009152555872304569,,0.28241287190111564,,-0.00097762600549256,,1.4002183596723512,,0.3999999999999999,,0.00010323923691887577,,-0.6089570335658792,
2025-06-01,Region,EA,Eastern,Model,Genesis,gv80,GV80,Mid Luxury SUV,1158.0,26530.0,0.043648699585375046,76031.44041450777,71445.3738988802,106.41898315504434,76010.04490500863,70871.55030253693,107.25043346806507,305.0,9971.0,0.030588707251027983,1.4269547002156544,0.07821229050279332,,0.0025465181846861806,,0.008056749161912347,,0.4408100218081188,,0.007176867563853273,,0.2864860345311513,,-0.20572916666666663,,-0.005620627968208225,,0.29182804981381727,
2025-06-01,Region,MA,Mid-Atlantic,Brand,Genesis,brand,Genesis,Luxury Market,1573.0,21800.0,0.0721559633027523,67870.4736172918,67305.4804929254,100.83944594144273,67278.37126509854,66691.9304934514,100.87932792964321,589.0,11897.0,0.049508279398167605,1.4574524540116198,0.10930888575458386,,0.007374566254006357,,0.0014228353641534408,,0.1382596374259606,,0.002021657260441456,,0.12795139172845893,,0.0612612612612613,,0.005302783579768558,,-0.008007798145146294,
2025-06-01,Region,MA,Mid-Atlantic,Model,Genesis,g70,G70,Near Luxury Car,216.0,3691.0,0.05852072609049038,51494.69907407407,55668.81690179056,92.50187437056483,50466.305555555555,55508.66011391376,90.91609390676989,61.0,1281.0,0.047619047619047616,1.2289352479002982,-0.040000000000000036,,-0.003927233942815196,,-0.00013882637165596456,,0.28281606705355955,,0.0031630341097308445,,0.24550212218689182,,0.016666666666666607,,0.001747487986020091,,-0.13243028082576336,
2025-06-01,Region,MA,Mid-Atlantic,Model,Genesis,g80,G80,Mid Luxury Car,111.0,1257.0,0.0883054892601432,70815.33333333333,78320.81275889967,90.41700518523605,70416.38738738738,77983.07338788871,90.29701488826359,26.0,345.0,0.07536231884057971,1.1717459151826692,0.04716981132075482,,0.0052333889466635725,,0.005075212794251049,,0.684559461940708,,0.005080797918112889,,0.7557231907325814,,-0.0714285714285714,,0.01958542641030083,,-0.3176181690090012,
2025-06-01,Region,MA,Mid-Atlantic,Model,Genesis,g90,G90,Premium Luxury Car,37.0,586.0,0.06313993174061433,101292.54054054055,129874.0310880829,77.99291335759196,97817.86486486487,129128.3801369863,75.75241380794402,17.0,116.0,0.14655172413793102,0.4308371812888978,0.08823529411764697,,0.006283744449644434,,-0.004474333631057648,,-0.25732321249842016,,-0.014808234794507547,,-0.8788888710463141,,0.8888888888888888,,0.0813343328335832,,-0.440957690505974,
2025-06-01,Region,MA,Mid-Atlantic,Model,Genesis,gv60,GV60,Entry Luxury EV SUV,26.0,296.0,0.08783783783783784,61318.807692307695,49889.72635135135,122.90868717231751,62073.730769230766,49800.375,124.64510712867276,15.0,67.0,0.22388059701492538,0.39234234234234233,-0.16129032258064513,,-0.019428598148321333,,-0.00015251717674380494,,0.8523496236735753,,0.0036272578110683185,,1.135358408684425,,0.0,,-0.014214641080312701,,-0.058176688799526255,
2025-06-01,Region,MA,Mid-Atlantic,Model,Genesis,gv70,GV70,Near Luxury SUV,535.0,7495.0,0.0713809206137425,61011.366355140184,60809.38561764705,100.33215388618319,60774.03364485981,60605.44859735753,100.27816813736057,263.0,2794.0,0.09413027916964925,0.7583205026418119,0.22425629290617843,,0.012262955245777134,,0.008852046159191218,,0.6396257169372461,,0.009406290292108377,,0.5989017113874837,,0.10970464135021096,,0.01978899937040207,,-0.03690343656946904,
2025-06-01,Region,MA,Mid-Atlantic,Model,Genesis,gv70_ev,GV70 EV,Near Luxury EV SUV,67.0,693.0,0.09668109668109669,71993.14925373135,63231.0447398844,113.85728252615768,68576.07462686567,62729.69715942029,109.3199516850647,21.0,2770.0,0.007581227436823105,12.752697038411325,0.558139534883721,,0.032693001443001454,,-0.037718910122149896,,-4.698815799838599,,-0.0200253341094786,,-2.0612500363678095,,0.3999999999999999,,0.0005620416623729413,,3.6365264034906915,
2025-06-01,Region,MA,Mid-Atlantic,Model,Genesis,gv80,GV80,Mid Luxury SUV,581.0,11995.0,0.048436848686952895,77401.31325301205,71971.05290898474,107.54506169430988,77056.89156626505,71003.0163556116,108.52622257670465,186.0,4524.0,0.04111405835543767,1.1781091583858865,0.0719557195571956,,0.002909759228742058,,-0.002140058115159049,,-0.5049823044816861,,-0.0020304458518398683,,-0.6740668656285891,,-0.02617801047120416,,0.00451700911228764,,-0.0659006839303562,
2025-06-01,Region,MS,Mountain States,Brand,Genesis,brand,Genesis,Luxury Market,1066.0,17141.0,0.06219007059098069,68935.74953095685,69154.9902257838,99.68297198204908,68906.29737335835,68729.3547782933,100.25744835759892,357.0,9971.0,0.03580383111021964,1.7369669295873065,0.1870824053452116,,0.008661219851829521,,-0.010768892528578045,,-0.6671864020914882,,-0.007544653637905685,,-0.5076052152198542,,-0.08461538461538465,,-0.0020749567685682396,,0.32380527007371573,
2025-06-01,Region,MS,Mountain States,Model,Genesis,g70,G70,Near Luxury Car,97.0,1932.0,0.05020703933747412,54015.58762886598,58904.526016597505,91.70023304091443,53285.701030927834,58764.06899948159,90.67735086792223,36.0,659.0,0.054628224582701064,0.9190677478720957,0.2124999999999999,,0.005439272129863601,,0.003574669910918482,,1.241026358894132,,0.02168403623499149,,2.8306416446221903,,0.24137931034482762,,0.01095352578752034,,-0.10595974957112442,
2025-06-01,Region,MS,Mountain States,Model,Genesis,g80,G80,Mid Luxury Car,45.0,988.0,0.04554655870445344,70571.33333333333,82321.37546201232,85.7266207437203,70420.17777777778,81873.67422954304,86.01077017790362,18.0,221.0,0.08144796380090498,0.5592105263157895,0.022727272727272707,,-0.00019148703359229968,,-0.0004446561854852815,,-0.6063103152558256,,0.0020911307300601756,,-1.3871020621856047,,0.2857142857142858,,0.033005057226510516,,-0.38495341784815473,
2025-06-01,Region,MS,Mountain States,Model,Genesis,g90,G90,Premium Luxury Car,9.0,349.0,0.025787965616045846,102342.77777777778,140212.38260869565,72.99125503301354,98311.77777777778,139105.17478510027,70.67442165947953,5.0,77.0,0.06493506493506493,0.39713467048710605,0.0,,-0.0002235950775957736,,0.011555488197960928,,1.1850278356448314,,-0.0005805810328468608,,0.5595991494562327,,0.0,,-0.006493506493506496,,0.032972820776123346,
2025-06-01,Region,MS,Mountain States,Model,Genesis,gv60,GV60,Entry Luxury EV SUV,20.0,351.0,0.05698005698005698,65245.3,50322.8603988604,129.65340102463162,65480.6,50456.73219373219,129.7757447877968,8.0,85.0,0.09411764705882353,0.6054131054131054,-0.19999999999999996,,-0.006471719669689208,,0.003962282151419139,,1.1359263686836698,,0.006656044708155395,,1.4152792842362771,,-0.5789473684210527,,-0.04558823529411765,,0.15123196728860644,
2025-06-01,Region,MS,Mountain States,Model,Genesis,gv70,GV70,Near Luxury SUV,416.0,6860.0,0.060641399416909623,62611.25,61775.42423679204,101.35300691745013,62758.653846153844,61949.75511610924,101.30573353926667,147.0,2208.0,0.06657608695652174,0.9108585708335812,0.25679758308157097,,0.009059663403196049,,-8.946415494448523e-05,,0.33086703982988297,,0.001032080560781301,,0.3859097672894052,,-0.125,,-0.00852449417892752,,0.22402319307954988,
2025-06-01,Region,MS,Mountain States,Model,Genesis,gv70_ev,GV70 EV,Near Luxury EV SUV,105.0,798.0,0.13157894736842105,69883.6380952381,62402.56783919598,111.98840130316424,69864.6380952381,61793.915934755336,113.06070676764388,15.0,3456.0,0.004340277777777778,30.31578947368421,1.5609756097560976,,0.07137336733905247,,-0.0560866466528801,,-6.638178522541182,,-0.02129070173951142,,-2.716064193165593,,-0.34782608695652173,,-0.0031369653951741072,,22.263947553234743,
2025-06-01,Region,MS,Mountain States,Model,Genesis,gv80,GV80,Mid Luxury SUV,374.0,9337.0,0.040055692406554565,78770.67914438502,75323.50880862938,104.5764866643609,78820.01871657754,74644.08819244507,105.59445580387587,128.0,3265.0,0.03920367534456355,1.0217330914640677,0.016304347826086918,,-9.706263981749952e-05,,0.004111652328474991,,0.0886183829838103,,0.0038724776039231745,,-0.10698230231685102,,-0.030303030303030276,,0.004684846892680707,,-0.1414800547278019,
2025-06-01,Region,SC,South Central,Brand,Genesis,brand,Genesis,Luxury Market,2160.0,33326.0,0.06481425913701014,70837.07824074074,67834.60939516858,104.4261607346795,70141.9015858209,67076.34663953453,104.57024733735207,760.0,17234.0,0.04409887431820819,1.469748607851622,0.06299212598425208,,0.003935836223713955,,-0.00018993082007578987,,-0.10424399270434037,,0.0014633495314790856,,-0.016505515528407955,,-0.05590062111801242,,-0.0007379308505564286,,0.1119707134599206,
2025-06-01,Region,SC,South Central,Model,Genesis,g70,G70,Near Luxury Car,256.0,5313.0,0.0481837003576134,51893.8515625,56760.49276122218,91.42600607927247,50769.4375,56820.46317505183,89.35062240444978,99.0,1741.0,0.05686387133831131,0.8473517406323731,0.04065040650406515,,0.001380047389576873,,-0.00623073100329774,,-0.546688732935948,,0.0005678188465905176,,-0.0320857753918915,,-0.01980198019801982,,0.009154849137083157,,-0.13367136167785787,
2025-06-01,Region,SC,South Central,Model,Genesis,g80,G80,Mid Luxury Car,187.0,2134.0,0.08762886597938144,69715.82887700535,77357.77040113261,90.12130069868796,68383.73796791444,76725.76545410628,89.12747570934089,41.0,528.0,0.07765151515151515,1.1284888106613025,0.0,,0.003432558009998282,,-0.0037471644087010425,,0.7428904992497962,,-0.0072347924648414885,,-0.018846308262922662,,0.17142857142857149,,0.022007635978224215,,-0.384639123988469,
2025-06-01,Region,SC,South Central,Model,Genesis,g90,G90,Premium Luxury Car,81.0,1106.0,0.07323688969258589,101617.09876543209,129869.79728506788,78.24536642833105,99109.75308641975,128861.16984559491,76.91203890603806,17.0,228.0,0.07456140350877193,0.9822359323476226,0.19117647058823528,,0.01141870787440407,,0.0016791939163363079,,1.0595473137100697,,-0.004686290990505659,,0.12861435333961424,,0.41666666666666674,,0.02476887238843998,,-0.25927921916752905,
2025-06-01,Region,SC,South Central,Model,Genesis,gv60,GV60,Entry Luxury EV SUV,45.0,165.0,0.2727272727272727,57833.48888888889,51739.07272727273,111.77913681163378,55980.71111111111,51278.333333333336,109.17030151352638,6.0,25.0,0.24,1.1363636363636362,0.0714285714285714,,0.03543913713405236,,0.007064997323068978,,0.21402735738683987,,0.02525690037525763,,1.7772858641640568,,-0.1428571428571429,,0.07333333333333333,,-0.287365177195686,
2025-06-01,Region,SC,South Central,Model,Genesis,gv70,GV70,Near Luxury SUV,626.0,10494.0,0.05965313512483324,62545.170926517574,60263.66049650818,103.78588092925685,61819.554119547654,60145.37444857852,102.7835551550194,319.0,4115.0,0.07752126366950182,0.7695067430679898,0.12792792792792795,,0.006976597539411822,,-0.0002097974197341479,,-0.007694745759039279,,0.005779299423746886,,0.6630647560937604,,-0.08595988538681953,,-0.0049651461626891435,,0.13089805961836798,
2025-06-01,Region,SC,South Central,Model,Genesis,gv70_ev,GV70 EV,Near Luxury EV SUV,24.0,809.0,0.029666254635352288,70327.75,62390.835396039605,112.72128278709377,69118.41666666667,61714.7841191067,111.99652992915165,6.0,3303.0,0.0018165304268846503,16.331273176761435,1.6666666666666665,,0.01906554792157137,,-0.05270725731740722,,-6.292014123844169,,0.06435001095035386,,7.219589436717598,,-0.1428571428571429,,-0.001325300811894524,,12.957219668432309,
2025-06-01,Region,SC,South Central,Model,Genesis,gv80,GV80,Mid Luxury SUV,941.0,18529.0,0.05078525554536133,79714.95005313496,72040.19018189669,110.65344199100534,79535.7660944206,70857.8240396847,112.24697790589184,272.0,7294.0,0.03729092404716205,1.3618663748083293,0.017297297297297343,,-0.0009687868649782896,,0.005430053472613716,,0.5411504954125803,,0.005127003795899698,,0.30083462773239944,,-0.07482993197278909,,0.002563780177566019,,-0.12843880562002186,
2025-06-01,Region,SO,Southern,Brand,Genesis,brand,Genesis,Luxury Market,5369.0,48781.0,0.11006334433488449,67709.21568262247,66556.72675914533,101.73158894614478,67180.76593365635,65663.47037386644,102.31071484822675,1308.0,26270.0,0.04979063570612866,2.2105229783466482,0.09750613246116102,,0.008846759049773181,,-0.0033655814998015954,,-0.6678554162526069,,-0.002563416040501032,,-0.5300525920407608,,-0.18757763975155284,,-0.014019756271993485,,0.624314491807118,
2025-06-01,Region,SO,Southern,Model,Genesis,g70,G70,Near Luxury Car,880.0,8008.0,0.10989010989010989,50598.267045454544,54847.72146996378,92.25226807856302,49521.097727272725,54635.25592805396,90.63945411454506,202.0,2656.0,0.07605421686746988,1.4448917419214449,0.06280193236714982,,0.003994215274430141,,0.0056153656793502815,,0.24733145756212593,,0.014263542053877032,,0.8765660645960764,,-0.08597285067873306,,0.00263228995717088,,0.002599240594765906,
2025-06-01,Region,SO,Southern,Model,Genesis,g80,G80,Mid Luxury Car,407.0,3154.0,0.1290424857324033,69590.42997542997,79056.1040501906,88.0266372995675,69251.69287469288,77355.21649512276,89.5242700006653,78.0,799.0,0.09762202753441802,1.3218582833357722,-0.06864988558352403,,-0.011201416706621115,,-0.0007818710749177837,,-0.18051655238261333,,-0.004436374003579435,,-0.24787325721980835,,0.21875,,0.03741506610450269,,-1.0075052837373988,
2025-06-01,Region,SO,Southern,Model,Genesis,g90,G90,Premium Luxury Car,168.0,1786.0,0.0940649496080627,101270.42857142857,128608.56494960806,78.74314483728884,97925.82142857143,127054.46801346801,77.07389040280827,32.0,343.0,0.09329446064139942,1.008258678611422,-0.0561797752808989,,-0.004331954758990911,,-0.0010535084189514654,,0.8353151139280612,,-0.01129919310352201,,0.07966585856648578,,-0.17948717948717952,,-0.003962397213962174,,-0.00346333808571897,
2025-06-01,Region,SO,Southern,Model,Genesis,gv60,GV60,Entry Luxury EV SUV,60.0,210.0,0.2857142857142857,61586.36666666667,52571.48095238095,117.1478633490492,61549.86666666667,51936.828571428574,118.50909722378853,16.0,36.0,0.4444444444444444,0.6428571428571429,0.0714285714285714,,0.03901825047199495,,-0.011574063857424433,,-1.9729429505891005,,-0.007784614602209472,,-1.320703152934115,,-0.23809523809523814,,0.06944444444444442,,-0.014998951122299098,
2025-06-01,Region,SO,Southern,Model,Genesis,gv70,GV70,Near Luxury SUV,1706.0,16432.0,0.10382181110029211,60038.97069167643,59370.88195519844,101.12528012803,59802.014076246334,59168.58982342913,101.07054140500469,539.0,5606.0,0.09614698537281484,1.079823883169272,0.2590405904059041,,0.01860168531412859,,-0.0020867836954040486,,-0.8303979838082114,,0.003316790204618947,,-0.3304619552977073,,-0.18456883509833588,,-0.011789004176499335,,0.2902806905603984,
2025-06-01,Region,SO,Southern,Model,Genesis,gv70_ev,GV70 EV,Near Luxury EV SUV,123.0,1451.0,0.08476912474155755,72118.82113821138,63451.856873706005,113.65911841123267,69175.30081300813,62846.05447131997,110.07103213548042,20.0,8011.0,0.0024965672200724003,33.95427291523088,0.5375000000000001,,0.029634734665747765,,-0.03628043684508464,,-3.6838794126636145,,-0.020641117136644183,,-1.2733662139376491,,-0.31034482758620685,,-0.004165504914087949,,25.678410846265365,
2025-06-01,Region,SO,Southern,Model,Genesis,gv80,GV80,Mid Luxury SUV,2025.0,24908.0,0.08129918098602859,78358.16592592593,70926.40325662651,110.47813272359204,78157.41917943647,69576.0556285969,112.33378850426308,421.0,8819.0,0.04773783875722871,1.7030343874484233,0.03421859039836561,,0.0006234496304455689,,0.014638294069201141,,0.9473848855360814,,0.012505278827422028,,0.7998285014658961,,-0.26782608695652177,,-0.00850238033510306,,0.2685497311362828,
2025-06-01,Region,WE,Western,Brand,Genesis,brand,Genesis,Luxury Market,2878.0,49434.0,0.05821903952745074,67298.5335652174,68007.96367106808,98.95684259966677,67445.76513569937,68054.27940693802,99.10583981412842,845.0,33980.0,0.02486756915832843,2.3411632699914513,0.13396375098502755,,0.003671240352760237,,-0.022103779162754966,,-1.6706798223538328,,-0.020830033024902717,,-1.5094294351528674,,-0.03977272727272729,,-0.006576724417030676,,0.6064192839654414,
2025-06-01,Region,WE,Western,Model,Genesis,g70,G70,Near Luxury Car,330.0,10782.0,0.03060656649972176,50973.975757575754,55248.91335375476,92.2624042054784,50770.46666666667,55649.76859476518,91.2321253954729,101.0,3163.0,0.031931710401517543,0.9585006914714845,0.375,,0.00524731037123486,,-0.004807251612853891,,0.22264704152956938,,0.007847203801410352,,1.318656777806737,,-0.12173913043478257,,-0.001644931934248882,,0.20323588938394,
2025-06-01,Region,WE,Western,Model,Genesis,g80,G80,Mid Luxury Car,148.0,4404.0,0.03360581289736603,70045.71621621621,81952.85564306853,85.47074493814858,70605.19594594595,81466.60531341107,86.66765440184959,45.0,911.0,0.04939626783754116,0.6803310122111211,-0.13450292397660824,,-0.009413055027162276,,0.00038698753589461177,,1.1153762405312904,,0.0014736160375248275,,0.5935063874716775,,0.18421052631578938,,0.018800454633032305,,-0.7257067236379354,
2025-06-01,Region,WE,Western,Model,Genesis,g90,G90,Premium Luxury Car,47.0,2387.0,0.019689987431922917,101862.0425531915,130863.96724065518,77.83811289005938,98436.51063829787,129879.09426057813,75.79088166476076,25.0,431.0,0.058004640371229696,0.3394553833263511,-0.27692307692307694,,-0.00794606698984579,,-0.0011125198018999694,,0.7168379629433161,,-0.012950270205785652,,0.12754265512094776,,-0.07407407407407407,,0.00979035465694398,,-0.23373685653255533,
2025-06-01,Region,WE,Western,Model,Genesis,gv60,GV60,Entry Luxury EV SUV,105.0,734.0,0.14305177111716622,60258.6,51282.19073569482,117.50395046609657,60064.619047619046,51201.49046321526,117.31029410319869,35.0,163.0,0.2147239263803681,0.6662125340599455,-0.07894736842105265,,-0.005967836725971037,,0.008038415772019913,,1.377974770973637,,0.006804583535541919,,1.228602125744331,,-0.339622641509434,,-0.0261851645287228,,0.047640576975224835,
2025-06-01,Region,WE,Western,Model,Genesis,gv70,GV70,Near Luxury SUV,991.0,19038.0,0.05205378716251707,59789.376387487384,61482.42929473021,97.24628169923673,60293.48282828283,61868.23432152618,97.4546687641683,314.0,5538.0,0.05669916937522571,0.9180696602102534,0.2820181112548512,,0.006684612376744094,,-0.0027084533039720693,,-0.23750369213573208,,-0.003291578477282675,,-0.27742827189840114,,-0.006329113924050667,,0.0043726252454028905,,0.05103027245302871,
2025-06-01,Region,WE,Western,Model,Genesis,gv70_ev,GV70 EV,Near Luxury EV SUV,286.0,3377.0,0.08469055374592833,72160.55830388692,61234.21084323041,117.84353437432182,71036.0,60547.891980432854,117.32200358512328,49.0,17328.0,0.002827793167128347,29.949345210396864,0.945578231292517,,0.04148067720271846,,-0.02793873120614454,,-4.405842409623119,,-0.0004617542295882737,,-0.11722283474408357,,0.042553191489361764,,-0.002354696633290663,,21.611677755708133,
2025-06-01,Region,WE,Western,Model,Genesis,gv80,GV80,Mid Luxury SUV,971.0,20665.0,0.04698766029518509,77762.84963954685,74197.55041569767,104.80514411038413,78175.35427394438,74159.09661853658,105.41573163447073,276.0,6446.0,0.042817251008377286,1.0974002110969678,-0.05544747081712065,,-0.006540066859201783,,0.0030127496771450435,,0.05699087048694196,,0.0022760310500364866,,-0.04365686079776765,,-0.028169014084507005,,0.004598976213598657,,-0.30317915680531704,
2025-06-01,National,NTL,National,Brand,Genesis,brand,Genesis,Luxury Market,20005.0,254624.0,0.0785668279502325,67724.1304369563,67419.55881500436,100.4517555844405,67336.65323791413,66829.51413092614,100.75885499630365,5750.0,140138.0,0.041030983744594615,1.9148170670069011,0.12167087188113257,,0.007221405698141337,,-0.01009244868240966,,-0.8895505429820361,,-0.008562504400691617,,-0.7830829998955124,,-0.08759124087591241,,-0.005254159767259438,,0.3733846150621656,
2025-06-01,National,NTL,National,Model,Genesis,g70,G70,Near Luxury Car,2859.0,42777.0,0.0668349814152465,51623.173487233296,55838.05521713697,92.45159647213124,50814.216509268976,55832.092649294755,91.0125594404186,711.0,13902.0,0.05114372032801036,1.3068071893597144,0.1318289786223279,,0.0037890072725818985,,0.0010374178164784809,,0.48598567058013487,,0.010621950625722354,,1.1833330211622126,,-0.04435483870967738,,0.0005830679324955804,,0.05986967657838416,
2025-06-01,National,NTL,National,Model,Genesis,g80,G80,Mid Luxury Car,1266.0,17404.0,0.07274189841415767,70195.64691943128,79759.94155573516,88.00864889097181,69814.163507109,78941.10354885232,88.43829180055083,289.0,4201.0,0.06879314448940728,1.057400398746977,-0.07725947521865895,,-0.007109108453494523,,-0.0001384778030366629,,0.274211582203705,,-0.0024268006970903366,,-0.09863726286370422,,0.03584229390680993,,0.01934259503885783,,-0.5573644067988783,
2025-06-01,National,NTL,National,Model,Genesis,g90,G90,Premium Luxury Car,476.0,8983.0,0.05298897918290103,101480.75840336134,130074.39451076649,78.01747514185936,98177.95168067227,128845.19765886287,76.1983787246873,130.0,1808.0,0.07190265486725664,0.7369544181745005,-0.05179282868525892,,-0.0026774657051007386,,-0.00037634091706229,,0.4879520947255429,,-0.010273889445867934,,-0.22476481566970108,,0.09243697478991586,,0.014051415197835149,,-0.22527984346095875,
2025-06-01,National,NTL,National,Model,Genesis,gv60,GV60,Entry Luxury EV SUV,424.0,2456.0,0.17263843648208468,62456.801886792455,51514.21986970684,121.24186689570824,60966.95518867925,51150.224348534204,119.19196047558755,111.0,526.0,0.21102661596958175,0.8180884467529418,-0.06813186813186811,,-0.0007609537618177564,,0.0004433637460401485,,0.4481880897852193,,-0.0003786021920472171,,0.36343435262541846,,-0.25,,-0.006940983441316634,,0.022560163133956923,
2025-06-01,National,NTL,National,Model,Genesis,gv70,GV70,Near Luxury SUV,6907.0,91090.0,0.07582610604896256,60735.98972057333,60630.812968337734,100.17347079329204,60611.074659321544,60621.4088714551,99.9829528671043,2536.0,30970.0,0.08188569583467872,0.9259994102272754,0.28192279138827026,,0.013228078793028647,,-0.0029039229760426943,,-0.49681241738548465,,0.0012211547155882574,,-0.15926067641143504,,-0.06524143015112427,,0.0004191172508098834,,0.15761035616273023,
2025-06-01,National,NTL,National,Model,Genesis,gv70_ev,GV70 EV,Near Luxury EV SUV,784.0,9794.0,0.08004900959771288,71661.72983354673,62515.43118338959,114.63046559388897,69967.61587708067,61889.48906895846,113.05250201552222,154.0,42383.0,0.003633532312483779,22.03063099857055,0.7657657657657657,,0.03411005460547284,,-0.034784578590139614,,-4.133869197290721,,-0.00844905001731655,,-0.47859005909326413,,-0.03749999999999998,,-0.002349341710625072,,14.352221790086329,
2025-06-01,National,NTL,National,Model,Genesis,gv80,GV80,Mid Luxury SUV,7289.0,129597.0,0.05624358588547575,77912.1824667307,72067.46936381464,108.1100573594592,77842.24154987634,71103.38105580167,109.47755281677259,1819.0,46348.0,0.03924656943125917,1.4330828579549368,0.019725797425853342,,-0.00042360929448302664,,0.006978377240958844,,0.3908541834840378,,0.005748298351545333,,0.1660328377806053,,-0.14960261804581576,,-0.0010982191311158726,,0.02850999491096573,
2025-07-01,Region,CE,Central,Brand,Genesis,brand,Genesis,Luxury Market,3328.0,28658.0,0.11612813176076488,68227.85306490384,67800.4777278598,100.63034266330608,67754.05724615848,66426.89657746725,101.99792664879878,808.0,15040.0,0.05372340425531915,2.1615929476261186,0.05316455696202538,,0.011561619517217556,,-0.004158231757729003,,-0.7910337483057361,,-0.004052453461843575,,-0.9510610179038537,,0.043927648578811374,,-0.0015860140668189082,,0.2710195983545409,
2025-07-01,Region,CE,Central,Model,Genesis,g70,G70,Near Luxury Car,384.0,4285.0,0.0896149358226371,52585.622395833336,56466.93025688931,93.12640541393264,51610.002604166664,55772.76089231488,92.53621620743215,114.0,1498.0,0.07610146862483311,1.1775717005465824,0.06077348066298338,,0.0033011542298855556,,0.009941276711864067,,0.4110165969252222,,0.01941350901492722,,1.3077408565832513,,0.6285714285714286,,0.02886800033873324,,-0.6498143611742431,
2025-07-01,Region,CE,Central,Model,Genesis,g80,G80,Mid Luxury Car,122.0,1393.0,0.08758076094759512,69446.63114754099,80067.0619258721,86.7355807458456,68923.70247933884,78733.70186403509,87.54027925469947,32.0,419.0,0.07637231503579953,1.1467605886575736,-0.20779220779220775,,-0.010696201400841376,,-0.006662214894026741,,-0.570695001833684,,-0.006179892759265115,,0.04216535631958607,,-0.05882352941176472,,-0.007994930621768717,,-0.018110465060658942,
2025-07-01,Region,CE,Central,Model,Genesis,g90,G90,Premium Luxury Car,47.0,792.0,0.059343434343434344,101230.70212765958,131590.5196451204,76.92856780310875,97292.74468085106,128864.53291139241,75.50001733040837,33.0,189.0,0.1746031746031746,0.33987603305785125,-0.24193548387096775,,-0.010241301907968577,,-0.001549220970064602,,-0.3454335605580354,,-0.0012445768594915307,,0.03644129435846821,,2.6666666666666665,,0.12621607782898103,,-1.0982085161378092,
2025-07-01,Region,CE,Central,Model,Genesis,gv60,GV60,Entry Luxury EV SUV,22.0,133.0,0.16541353383458646,66268.68181818182,51819.93984962406,127.88259116179306,65201.86363636364,50438.57894736842,129.26982678159985,9.0,61.0,0.14754098360655737,1.1211361737677528,-0.18518518518518523,,-0.0260758278675412,,0.014989190166788013,,3.5888367952640436,,0.011037195607373596,,5.976491891090873,,1.25,,0.04227782571182054,,-0.6980127624024601,
2025-07-01,Region,CE,Central,Model,Genesis,gv70,GV70,Near Luxury SUV,1410.0,8902.0,0.1583913727252303,62399.38936170213,61577.41864412491,101.33485738063762,62113.687234042554,60873.63015967615,102.03710058216282,338.0,3371.0,0.1002669830910709,1.579696205493347,0.14727420667209112,,0.028242055770872576,,0.0024616891934423624,,-0.5618396423861753,,0.00404888959963956,,-0.027352564579885552,,-0.17761557177615572,,-0.015182455111176288,,0.45236878856509044,
2025-07-01,Region,CE,Central,Model,Genesis,gv70_ev,GV70 EV,Near Luxury EV SUV,85.0,798.0,0.10651629072681704,69505.27058823529,64098.375628140704,108.43530730242223,68680.82352941176,62976.34598494354,109.05812723055107,19.0,3328.0,0.005709134615384615,18.65716923888669,-0.02298850574712641,,-0.0014241559233070383,,-0.009253062918928912,,-0.6776704860598102,,-0.01015423981155672,,-0.1604402640598579,,0.2666666666666666,,-0.0008239664299115523,,2.135084871641034,
2025-07-01,Region,CE,Central,Model,Genesis,gv80,GV80,Mid Luxury SUV,1258.0,16911.0,0.07438945065342085,78132.02384737678,71018.56098355807,110.01634328449093,77833.8704,69364.93973839961,112.20923811588361,263.0,6174.0,0.04259799157758341,1.7463135678107238,0.015334947538337307,,0.004123472090499056,,0.005957100426931872,,-0.16148934528105485,,0.0032955514588683954,,-1.0557180550531342,,0.1385281385281385,,0.004283179834342413,,-0.08759805450899716,
2025-07-01,Region,EA,Eastern,Brand,Genesis,brand,Genesis,Luxury Market,3881.0,51711.0,0.0750517298060374,64529.058747745425,66722.0673836748,96.71321839696779,64290.078587992786,66425.43145839783,96.78533835080559,1204.0,26166.0,0.04601391118245051,1.631066081482371,0.021584627533561385,,0.004598111616801098,,-0.010909720671002487,,-0.9146061437057966,,-0.009372009555255079,,-0.8339549540358036,,0.07788719785138754,,0.0043223614661172735,,-0.05881157162955275,
2025-07-01,Region,EA,Eastern,Model,Genesis,g70,G70,Near Luxury Car,821.0,9555.0,0.0859236002093145,52691.33861144945,56061.71076351068,93.98810327733536,52564.11449451888,56195.17161921708,93.53848912624998,174.0,2748.0,0.06331877729257641,1.3570003067540015,0.14345403899721454,,0.004857776566997693,,0.0022630731007191596,,0.35804857249337374,,0.005045038899544663,,0.47608921167474705,,0.22535211267605626,,0.014688640306275043,,-0.3099870526513864,
2025-07-01,Region,EA,Eastern,Model,Genesis,g80,G80,Mid Luxury Car,183.0,3575.0,0.05118881118881119,71998.39344262295,78294.38282737258,91.95856821729939,71947.7650273224,77096.08429347826,93.32220395713227,46.0,881.0,0.05221339387060159,0.9803770142900579,-0.1448598130841121,,-0.0036829836829836843,,0.0045390555036715075,,1.061354216070498,,0.006552947759250971,,1.8005566814714342,,-0.021276595744680882,,0.004929691657321912,,-0.18010307299854023,
2025-07-01,Region,EA,Eastern,Model,Genesis,g90,G90,Premium Luxury Car,50.0,1705.0,0.02932551319648094,102258.66,128696.72727272728,79.45707879835892,98747.4,127669.595657277,77.34605838737262,14.0,409.0,0.034229828850855744,0.8567239212400504,-0.3055555555555556,,-0.009013144950483915,,0.006103687135630809,,0.20797016690117687,,0.0037816882527765827,,-0.04691262298750587,,-0.43999999999999995,,-0.024318180516825758,,0.2018996400898907,
2025-07-01,Region,EA,Eastern,Model,Genesis,gv60,GV60,Entry Luxury EV SUV,121.0,482.0,0.25103734439834025,65144.87603305785,52400.85269709543,124.32025946148167,60934.12396694215,50428.060165975105,120.83376549958133,10.0,155.0,0.06451612903225806,3.891078838174274,-0.14184397163120566,,-0.0011987915587259312,,-0.0010210622310269368,,0.5973722621359201,,-0.008608905425839586,,1.7379143251167761,,-0.6296296296296297,,-0.1765552995391705,,2.844765977907925,
2025-07-01,Region,EA,Eastern,Model,Genesis,gv70,GV70,Near Luxury SUV,1511.0,21086.0,0.07165892061083183,59564.917935142286,60481.88197798026,98.48390292621548,59593.721376571804,60501.52695365495,98.49953278405926,588.0,8051.0,0.07303440566389269,0.9811666153704202,0.07621082621082631,,0.005829963371522001,,0.0017318985019931787,,0.0214179036530453,,0.0017392637634450203,,0.07901820227235135,,0.08287292817679548,,-0.0029202733121878877,,0.11447929436889903,
2025-07-01,Region,EA,Eastern,Model,Genesis,gv70_ev,GV70 EV,Near Luxury EV SUV,62.0,1670.0,0.037125748502994015,72648.6129032258,63255.683727491,114.84914654657763,69257.08064516129,62535.05367505995,110.74921436068455,28.0,3897.0,0.00718501411342058,5.167108639863131,-0.32608695652173914,,-0.012336617088403834,,-0.005869674326519636,,-0.8319600048399423,,-0.005548844807370168,,-0.3662305095523095,,0.0,,0.0018200016589273822,,-4.052323003762061,
2025-07-01,Region,EA,Eastern,Model,Genesis,gv80,GV80,Mid Luxury SUV,1133.0,25084.0,0.045168234731302825,76345.73168578994,71871.23614387686,106.22571112170066,76379.31597528685,71460.09556783279,106.88387045716242,344.0,10025.0,0.0343142144638404,1.3163126545968338,-0.021588946459412783,,0.0015195351459277792,,0.004133701394695599,,-0.19327203334368903,,0.004858187766363153,,-0.3665630109026523,,0.12786885245901636,,0.0037255072128124164,,-0.11064204561882063,
2025-07-01,Region,MA,Mid-Atlantic,Brand,Genesis,brand,Genesis,Luxury Market,1489.0,20759.0,0.0717279252372465,67740.35661517797,67219.53774198215,100.77480281878009,66901.29348556077,66690.29375403596,100.31638746757214,584.0,12672.0,0.046085858585858584,1.5563977202164172,-0.05340114431023524,,-0.0004280380655058008,,-0.001917137087440124,,-0.06464312266264471,,-0.005604740014468534,,-0.5629404620710687,,-0.008488964346349714,,-0.003422420812309021,,0.09894526620479738,
2025-07-01,Region,MA,Mid-Atlantic,Model,Genesis,g70,G70,Near Luxury Car,202.0,3928.0,0.05142566191446028,51890.0495049505,55761.466787445774,93.05718176809708,50749.89603960396,55592.10349299363,91.28975672956872,94.0,1437.0,0.06541405706332637,0.7861561294795685,-0.06481481481481477,,-0.007095064176030098,,0.007677497645101727,,0.5553073975322462,,0.005619402508793003,,0.3736628227988348,,0.540983606557377,,0.017795009444278753,,-0.4427791184207297,
2025-07-01,Region,MA,Mid-Atlantic,Model,Genesis,g80,G80,Mid Luxury Car,91.0,1156.0,0.078719723183391,70556.56043956045,78655.893309797,89.70282768471496,69962.0989010989,77891.13895759717,89.82035676636501,22.0,334.0,0.0658682634730539,1.1951085246932998,-0.18018018018018023,,-0.009585766076752197,,-0.0036541929775973925,,-0.7141775005210889,,-0.006451459711917185,,-0.4766581218985806,,-0.15384615384615385,,-0.009494055367525817,,0.023362609510630516,
2025-07-01,Region,MA,Mid-Atlantic,Model,Genesis,g90,G90,Premium Luxury Car,31.0,518.0,0.059845559845559844,101351.41935483871,129290.349609375,78.390552474374,96763.35483870968,128694.85686653772,75.18820658004816,10.0,141.0,0.07092198581560284,0.8438223938223938,-0.16216216216216217,,-0.003294371895054486,,0.0005812749288740537,,0.3976391167820452,,-0.010780341889612743,,-0.5642072278958636,,-0.4117647058823529,,-0.07562973832232818,,0.41298521253349596,
2025-07-01,Region,MA,Mid-Atlantic,Model,Genesis,gv60,GV60,Entry Luxury EV SUV,30.0,276.0,0.10869565217391304,61692.0,49809.98188405797,123.85469270717593,62586.333333333336,48908.56884057971,127.96598799964293,8.0,108.0,0.07407407407407407,1.4673913043478262,0.15384615384615374,,0.020857814336075198,,0.0060860985680764035,,0.9460055348584149,,0.008257962873349012,,3.3208808709701714,,-0.4666666666666667,,-0.1498065229408513,,1.075048962005484,
2025-07-01,Region,MA,Mid-Atlantic,Model,Genesis,gv70,GV70,Near Luxury SUV,544.0,7190.0,0.0756606397774687,61323.42279411765,61230.9709178273,100.15098874785838,60735.825367647056,60857.87803506819,99.79944639648657,253.0,3004.0,0.08422103861517977,0.8983579521403793,0.016822429906542036,,0.0042797191637262005,,0.005114726281673754,,-0.18116513832481473,,-0.0006286941136082191,,-0.47872174087399344,,-0.03802281368821292,,-0.009909240554469484,,0.14003744949856733,
2025-07-01,Region,MA,Mid-Atlantic,Model,Genesis,gv70_ev,GV70 EV,Near Luxury EV SUV,49.0,639.0,0.07668231611893583,71192.10204081633,63398.363348982784,112.29328058349411,67677.73469387754,62323.12405320813,108.59169164257226,8.0,2971.0,0.0026926960619320095,28.477895148669795,-0.26865671641791045,,-0.019998780562160853,,-0.011126714433505547,,-1.564001942663566,,-0.013099903105801003,,-0.7282600424924368,,-0.6190476190476191,,-0.004888531374891095,,15.72519811025847,
2025-07-01,Region,MA,Mid-Atlantic,Model,Genesis,gv80,GV80,Mid Luxury SUV,542.0,11477.0,0.04722488455171212,77715.76568265683,71899.61589712292,108.0892640565089,77055.80073800738,71247.71642464919,108.15195855364819,189.0,4677.0,0.040410519563822966,1.1686284923193522,-0.06712564543889843,,-0.0012119641352407728,,0.004062623958548173,,0.544202362199016,,-1.4156141462495775e-05,,-0.3742640230564689,,0.016129032258064502,,-0.000703538791614701,,-0.009480666066534305,
2025-07-01,Region,MS,Mountain States,Brand,Genesis,brand,Genesis,Luxury Market,1035.0,16734.0,0.061850125493008244,68664.88309178744,69210.69763317154,99.21137257671204,68513.31256085687,68892.87882088748,99.44904862951448,331.0,11761.0,0.028143865317575036,2.197641468046133,-0.02908067542213888,,-0.0003399450979724439,,-0.003929259361251547,,-0.47159940533704514,,-0.005703177031442519,,-0.8083997280844386,,-0.07282913165266103,,-0.007659965792644604,,0.46067453845882644,
2025-07-01,Region,MS,Mountain States,Model,Genesis,g70,G70,Near Luxury Car,95.0,2158.0,0.04402224281742354,54403.53684210526,58607.94391405885,92.82621639462593,53965.70526315789,58447.575633737186,92.33181133351874,30.0,775.0,0.03870967741935484,1.1372412727834413,-0.020618556701030966,,-0.006184796520050578,,0.007182171485476285,,1.1259833537115043,,0.012761476701514507,,1.6544604655965145,,-0.16666666666666663,,-0.015918547163346224,,0.21817352491134567,
2025-07-01,Region,MS,Mountain States,Model,Genesis,g80,G80,Mid Luxury Car,36.0,1016.0,0.03543307086614173,69771.33333333333,81770.84380664653,85.32544130070741,69637.80555555556,81050.06733333334,85.91949130548807,10.0,234.0,0.042735042735042736,0.8291338582677165,-0.19999999999999996,,-0.010113487838311709,,-0.011336047686973938,,-0.401179443012893,,-0.011110057470901546,,-0.09127887241555754,,-0.4444444444444444,,-0.038712921065862244,,0.26992333195192697,
2025-07-01,Region,MS,Mountain States,Model,Genesis,g90,G90,Premium Luxury Car,8.0,323.0,0.02476780185758514,102345.0,141279.3839009288,72.44156732150581,97518.625,140977.9226006192,69.17297630797383,10.0,78.0,0.1282051282051282,0.19318885448916412,-0.11111111111111116,,-0.001020163758460705,,2.171352263902193e-05,,-0.5496877115077297,,-0.008067728971096533,,-1.5014453515057085,,1.0,,0.06327006327006326,,-0.20394581599794193,
2025-07-01,Region,MS,Mountain States,Model,Genesis,gv60,GV60,Entry Luxury EV SUV,15.0,290.0,0.05172413793103448,63657.46666666667,50087.34827586207,127.09290640835195,63943.73333333333,49016.503448275864,130.45347757375077,11.0,121.0,0.09090909090909091,0.5689655172413793,-0.25,,-0.005255919049022499,,-0.02433636343665113,,-2.5604946162796693,,-0.023470564818689366,,0.6777327859539639,,0.375,,-0.0032085561497326165,,-0.03644758817172611,
2025-07-01,Region,MS,Mountain States,Model,Genesis,gv70,GV70,Near Luxury SUV,437.0,6793.0,0.06433092889739438,62933.11670480549,61884.11752144336,101.69510243561064,63027.27917620137,61950.65490201856,101.73787391898537,139.0,2209.0,0.06292440018107741,1.0223526757866488,0.05048076923076916,,0.003689529480484753,,0.005140716800982048,,0.3420955181605052,,0.004280291459183294,,0.4321403797187031,,-0.05442176870748294,,-0.003651686775444335,,0.11149410495306755,
2025-07-01,Region,MS,Mountain States,Model,Genesis,gv70_ev,GV70 EV,Near Luxury EV SUV,103.0,848.0,0.1214622641509434,69279.54368932039,61805.67540925267,112.09252747515292,69411.76699029126,61375.842158018866,113.09297689404086,18.0,4699.0,0.003830602255799106,31.70839884696017,-0.01904761904761909,,-0.010116683217477648,,-0.008644289598867871,,0.1041261719886819,,-0.006482121961749687,,0.03227012639698046,,0.19999999999999996,,-0.0005096755219786719,,1.3926093732759597,
2025-07-01,Region,MS,Mountain States,Model,Genesis,gv80,GV80,Mid Luxury SUV,341.0,9135.0,0.03732895457033388,79111.03519061583,75494.67269188596,104.79022210413338,78972.46546546546,75114.18496102755,105.13655377667979,113.0,3645.0,0.031001371742112482,1.204106543441301,-0.08823529411764708,,-0.002726737836220683,,0.004320846918266952,,0.21373543977247778,,0.001934112061506621,,-0.4579020271960843,,-0.1171875,,-0.00820230360245107,,0.18237345197723331,
2025-07-01,Region,SC,South Central,Brand,Genesis,brand,Genesis,Luxury Market,2082.0,31372.0,0.06636491138594926,71116.50624399616,68125.93302269172,104.38977213025224,70274.56129343629,67481.75056538683,104.13861629944432,694.0,16997.0,0.04083073483555922,1.625366568914956,-0.036111111111111094,,0.001550652248939119,,0.0039446573771124704,,-0.036388604427259,,0.0018913046925748134,,-0.43163103790774926,,-0.08684210526315794,,-0.0032681394826489726,,0.15561796106333392,
2025-07-01,Region,SC,South Central,Model,Genesis,g70,G70,Near Luxury Car,260.0,5504.0,0.047238372093023256,51297.411538461536,56498.71241121836,90.79394794893759,50485.86538461538,56552.35535649327,89.27278990656337,78.0,1894.0,0.04118268215417107,1.1470445736434107,0.015625,,-0.0009453282645901437,,-0.011493462251883968,,-0.6320581303348831,,-0.0055854886196959885,,-0.0778324978864049,,-0.21212121212121215,,-0.015681189184140243,,0.29969283301103766,
2025-07-01,Region,SC,South Central,Model,Genesis,g80,G80,Mid Luxury Car,173.0,2032.0,0.08513779527559055,69783.12138728323,77471.7948857994,90.07551908426802,68396.99421965318,76293.74226251277,89.64954685839328,28.0,482.0,0.058091286307053944,1.4655863329583803,-0.07486631016042777,,-0.0024910707037908847,,0.000965240051819638,,-0.045781614419937,,0.0001938509378496267,,0.5220711490523939,,-0.31707317073170727,,-0.019560228844461208,,0.3370975222970778,
2025-07-01,Region,SC,South Central,Model,Genesis,g90,G90,Premium Luxury Car,83.0,1064.0,0.07800751879699248,101861.30120481928,128199.69736842105,79.45518070303214,98639.8875,127254.03320683113,77.51415417983381,19.0,228.0,0.08333333333333333,0.9360902255639099,0.024691358024691468,,0.004770629104406593,,0.0024031628766620905,,1.2098142747010883,,-0.004740861235019378,,0.6021152737957465,,0.11764705882352944,,0.008771929824561403,,-0.04614570678371277,
2025-07-01,Region,SC,South Central,Model,Genesis,gv60,GV60,Entry Luxury EV SUV,38.0,143.0,0.26573426573426573,57797.05263157895,51547.06293706294,112.12482213030646,56754.47368421053,50341.65034965035,112.73860370095062,6.0,56.0,0.10714285714285714,2.48018648018648,-0.15555555555555556,,-0.006993006993006978,,-0.0006300200456511584,,0.34568531867267893,,0.013821949699132086,,3.568302187424237,,0.0,,-0.13285714285714284,,1.343822843822844,
2025-07-01,Region,SC,South Central,Model,Genesis,gv70,GV70,Near Luxury SUV,593.0,9810.0,0.060448521916411826,62881.74536256324,60957.80355710193,103.1561862357115,62068.6155143339,60688.75273814391,102.27367133765912,277.0,4022.0,0.06887120835405271,0.8777038091978642,-0.05271565495207664,,0.0007953867915785895,,0.005381301722575893,,-0.6296946935453462,,0.004028844891126315,,-0.5098838173602758,,-0.1316614420062696,,-0.008650055315449115,,0.10819706612987434,
2025-07-01,Region,SC,South Central,Model,Genesis,gv70_ev,GV70 EV,Near Luxury EV SUV,27.0,717.0,0.03765690376569038,70511.5925925926,62716.48463687151,112.42912130814533,68527.14814814815,61425.65363128491,111.56112161132357,7.0,2344.0,0.0029863481228668944,12.609683203825464,0.125,,0.00799064913033809,,0.0026140832401519987,,-0.2921614789484437,,-0.008554427995218772,,-0.43540831782807743,,0.16666666666666674,,0.0011698176959822441,,-3.7215899729359716,
2025-07-01,Region,SC,South Central,Model,Genesis,gv80,GV80,Mid Luxury SUV,908.0,17884.0,0.05077163945426079,80188.65088105727,72332.59704921699,110.86101446972079,79850.2807991121,71451.73533393098,111.75415184240154,279.0,7971.0,0.03500188182160331,1.4505402798921605,-0.03506907545164717,,-1.3616091100537853e-05,,0.00594243398015748,,0.20757247871544848,,0.0039543807790587415,,-0.49282606349029834,,0.025735294117646967,,-0.0022890422255587364,,0.08867390508383122,
2025-07-01,Region,SO,Southern,Brand,Genesis,brand,Genesis,Luxury Market,5685.0,46759.0,0.12158087213156825,66792.65945470537,66692.2500183973,100.15055637841033,66280.06108079564,65906.09409338955,100.56742398794893,1503.0,25311.0,0.05938129666943226,2.0474607149182464,0.05885639783944874,,0.01151752779668376,,-0.013536654038548201,,-1.5810325677344537,,-0.01340718344518721,,-1.743290860277824,,0.1490825688073394,,0.009590660963303597,,-0.1630622634284018,
2025-07-01,Region,SO,Southern,Model,Genesis,g70,G70,Near Luxury Car,1014.0,8419.0,0.12044185770281506,50290.344181459564,54926.2405381965,91.55977851148748,49453.69822485207,54727.95253949399,90.36277794087802,245.0,2753.0,0.08899382491827097,1.3533732010442852,0.15227272727272734,,0.010551747812705167,,-0.00608564051646987,,-0.6924895670755404,,-0.0013610260174732325,,-0.2766761736670418,,0.21287128712871284,,0.01293960805080109,,-0.09151854087715972,
2025-07-01,Region,SO,Southern,Model,Genesis,g80,G80,Mid Luxury Car,346.0,2946.0,0.11744738628649015,69867.89595375722,78467.48890518416,89.0405656260796,69464.41907514451,76854.5335968661,90.38428290972944,69.0,735.0,0.09387755102040816,1.2510699843560906,-0.14987714987714984,,-0.011595099445913137,,0.003987128379939753,,1.0139283265121009,,0.0030717833979387876,,0.8600129090641389,,-0.11538461538461542,,-0.003744476514009859,,-0.07078829897968153,
2025-07-01,Region,SO,Southern,Model,Genesis,g90,G90,Premium Luxury Car,150.0,1683.0,0.08912655971479501,101363.36666666667,130985.19024970273,77.38536430983785,97959.50666666667,129212.02378121285,75.81299619030483,28.0,333.0,0.08408408408408409,1.0599694423223833,-0.1071428571428571,,-0.004938389893267697,,0.0009177219505154266,,-1.3577805274509842,,0.0003439872916439768,,-1.2608942125034446,,-0.125,,-0.009210376557315325,,0.05171076371096128,
2025-07-01,Region,SO,Southern,Model,Genesis,gv60,GV60,Entry Luxury EV SUV,58.0,196.0,0.29591836734693877,59914.137931034486,52156.147959183676,114.87454552418643,60192.0,50240.93877551021,119.80667851162924,11.0,84.0,0.13095238095238096,2.2597402597402594,-0.033333333333333326,,0.010204081632653073,,-0.027152579802004584,,-2.2733178248627723,,-0.022061244649325018,,1.297581287840714,,-0.3125,,-0.3134920634920635,,1.6168831168831166,
2025-07-01,Region,SO,Southern,Model,Genesis,gv70,GV70,Near Luxury SUV,2003.0,15866.0,0.12624480020168916,60196.139790314526,59726.15397402761,100.78690118987285,60032.744255744255,59394.488048795865,101.07460511558585,615.0,5955.0,0.10327455919395466,1.222419162928551,0.17409144196951942,,0.022422989101397048,,0.002617784695963854,,-0.3383789381571489,,0.0038582342595308017,,0.0040637105811640595,,0.1410018552875696,,0.007127573821139821,,0.1425952797592791,
2025-07-01,Region,SO,Southern,Model,Genesis,gv70_ev,GV70 EV,Near Luxury EV SUV,120.0,1338.0,0.08968609865470852,71770.50833333333,63355.90950524738,113.28147428360889,68704.48333333334,62357.98895209582,110.17751612566111,21.0,5930.0,0.0035413153456998313,25.325645953448642,-0.024390243902439046,,0.004916973913150963,,-0.004829707410365591,,-0.37764412762378186,,-0.006806150087406038,,0.10648399018069199,,0.050000000000000044,,0.001044748125627431,,-8.628626961782238,
2025-07-01,Region,SO,Southern,Model,Genesis,gv80,GV80,Mid Luxury SUV,1994.0,24132.0,0.08262887452345434,78577.08826479438,71031.6684284471,110.62261383307937,78222.5685585133,69977.25546751254,111.78284720644511,514.0,9521.0,0.0539859258481252,1.530563257466554,-0.015308641975308679,,0.0013296935374257496,,0.00279386757310518,,0.14448110948733017,,0.0008335661509915049,,-0.5509412978179711,,0.2209026128266034,,0.006248087090896491,,-0.1724711299818693,
2025-07-01,Region,WE,Western,Brand,Genesis,brand,Genesis,Luxury Market,2761.0,46509.0,0.05936485411425745,66662.25516491482,68329.66080715654,97.55976303329302,66729.17790740066,68267.79786577096,97.74619951650476,931.0,33909.0,0.027455837683210946,2.1621942407737444,-0.04065323141070187,,0.0011458145868067093,,-0.009454565598906672,,-1.3970795663737476,,-0.010624643769063247,,-1.3596402976236561,,0.10177514792899411,,0.002588268524882517,,-0.17896902921770685,
2025-07-01,Region,WE,Western,Model,Genesis,g70,G70,Near Luxury Car,381.0,11311.0,0.03368402440102555,50874.700787401576,55102.46574234648,92.32744869401398,50879.44094488189,55433.94655434687,91.78390518344244,137.0,3680.0,0.03722826086956522,0.904797151793971,0.15454545454545454,,0.003077457901303794,,-0.001947561843053336,,0.06504448853557676,,0.002146410804743981,,0.5517797879695365,,0.35643564356435653,,0.005296550468047674,,-0.05370353967751351,
2025-07-01,Region,WE,Western,Model,Genesis,g80,G80,Mid Luxury Car,118.0,4438.0,0.02658855340243353,71458.39830508475,80712.16205302515,88.53485830070939,71696.48305084746,80314.66690371737,89.26947693974559,40.0,921.0,0.04343105320304017,0.612201442091032,-0.20270270270270274,,-0.007017259494932499,,0.020168001202355956,,3.0641133625608035,,0.01545618690353856,,2.6018225378959983,,-0.11111111111111116,,-0.00596521463450099,,-0.06812957012008913,
2025-07-01,Region,WE,Western,Model,Genesis,g90,G90,Premium Luxury Car,38.0,2270.0,0.016740088105726872,102413.05263157895,130773.6038817821,78.31324486871159,99048.02631578948,130097.91710758378,76.13344511417677,38.0,450.0,0.08444444444444445,0.19823788546255505,-0.19148936170212771,,-0.0029498993261960448,,0.005409375902704072,,0.47513197865221457,,0.0062122851930277445,,0.34256344941600503,,0.52,,0.02643980407321475,,-0.14121749786379606,
2025-07-01,Region,WE,Western,Model,Genesis,gv60,GV60,Entry Luxury EV SUV,81.0,637.0,0.1271585557299843,60148.97530864197,50857.47566718995,118.26968310864534,59791.82716049383,49868.25431711146,119.89957936020484,37.0,218.0,0.16972477064220184,0.7492044634901778,-0.22857142857142854,,-0.015893215387181914,,-0.0018192372766381304,,0.7657326425487696,,-0.004541640177705086,,2.5892852570061535,,0.05714285714285716,,-0.04499915573816626,,0.08299192943023226,
2025-07-01,Region,WE,Western,Model,Genesis,gv70,GV70,Near Luxury SUV,995.0,17531.0,0.05675660258969825,59652.76281407035,62090.264664914575,96.07426081367376,60090.98591549296,62283.85878865686,96.47922765895926,328.0,7010.0,0.046790299572039944,1.2129993419322704,0.004036326942482349,,0.004702815427181178,,-0.0022849138370611977,,-1.1720208855629721,,-0.00335852074371934,,-0.9754411052090433,,0.04458598726114649,,-0.009908869803185769,,0.29492968172201706,
2025-07-01,Region,WE,Western,Model,Genesis,gv70_ev,GV70 EV,Near Luxury EV SUV,244.0,2814.0,0.0867093105899076,71430.14876033057,62524.52047398432,114.24341717271031,70457.68595041323,60939.84280270655,115.61842418681782,72.0,13940.0,0.005164992826398852,16.787885966990444,-0.14685314685314688,,0.002018756843979272,,-0.010122005160774994,,-3.6001172016115106,,-0.008141140401863423,,-1.7035793983054646,,0.4693877551020409,,0.0023371996592705052,,-13.16145924340642,
2025-07-01,Region,WE,Western,Model,Genesis,gv80,GV80,Mid Luxury SUV,904.0,20473.0,0.0441557172861818,78209.57079646018,74168.97009636079,105.447831748034,78520.49493813273,74112.4817490941,105.94773388369565,279.0,7690.0,0.03628088426527958,1.217051849214115,-0.06900102986611745,,-0.0028319430090032946,,0.005744660322814843,,0.6426876376498711,,0.0044149549099439245,,0.5320022492249166,,0.010869565217391353,,-0.006536366743097703,,0.11965163811714707,
2025-07-01,National,NTL,National,Brand,Genesis,brand,Genesis,Luxury Market,20261.0,242502.0,0.08354982639318438,67186.68808924429,67547.5547889254,99.46575904811247,66769.67949732832,67007.961639372,99.64439726830359,6055.0,141856.0,0.04268413038574329,1.9573978815576487,0.012796800799800057,,0.004982998442951886,,-0.007935758558204165,,-0.985996536328031,,-0.008419986936127777,,-1.1144577280000618,,0.053043478260869525,,0.001653146641148677,,0.04258081455074758,
2025-07-01,National,NTL,National,Model,Genesis,g70,G70,Near Luxury Car,3157.0,45160.0,0.06990699734278122,51573.51631295534,55795.877389578716,92.43248556315021,51000.64681659803,55788.84286328385,91.41728739845033,872.0,14785.0,0.058978694622928644,1.1852923804048399,0.10423224903812511,,0.003072015927534713,,-0.0009619163434467781,,-0.01911090898103396,,0.003668861199405793,,0.404727958031728,,0.2264416315049227,,0.007834974294918286,,-0.12151480895487454,
2025-07-01,National,NTL,National,Model,Genesis,g80,G80,Mid Luxury Car,1069.0,16556.0,0.06456873640976081,70401.75210477081,79258.39929076286,88.82560427002689,69950.63202247191,78259.00546676625,89.38349216842194,247.0,4006.0,0.061657513729405894,1.0472160245242987,-0.15560821484992104,,-0.008173162004396856,,0.0029361533711071974,,0.8169553790550736,,0.001954739676126138,,0.9452003678711094,,-0.1453287197231834,,-0.007135630760001385,,-0.010184374222678372,
2025-07-01,National,NTL,National,Model,Genesis,g90,G90,Premium Luxury Car,407.0,8355.0,0.048713345302214245,101675.96805896806,130456.49340685687,77.93860267412639,98116.0495049505,129281.06656272487,75.8935953373701,152.0,1828.0,0.08315098468271334,0.585842073766103,-0.14495798319327735,,-0.004275633880686788,,0.0019236125022914496,,-0.07887246773297818,,-0.000630509953223557,,-0.304783387317201,,0.1692307692307693,,0.011248329815456704,,-0.1511123444083975,
2025-07-01,National,NTL,National,Model,Genesis,gv60,GV60,Entry Luxury EV SUV,365.0,2157.0,0.1692165044042652,62162.84383561644,51187.85164580436,121.44061889089197,60644.27397260274,49856.451089476126,121.63776732476602,92.0,803.0,0.11457036114570361,1.476965793876358,-0.13915094339622647,,-0.0034219320778194895,,-0.00470658186611661,,0.1987519951837271,,-0.005292723165817859,,2.4458068491784672,,-0.1711711711711712,,-0.09645625482387814,,0.6588773471234163,
2025-07-01,National,NTL,National,Model,Genesis,gv70,GV70,Near Luxury SUV,7493.0,87178.0,0.08595058386290119,60865.29907914053,61003.70702047005,99.77311552348273,60730.51728741156,60859.82075609224,99.7875388604924,2538.0,33622.0,0.0754862887395158,1.1386251105746508,0.08484146518025182,,0.010124477813938632,,0.002129040115459002,,-0.40035526980931024,,0.0019706403287083063,,-0.19541400661189812,,0.0007886435331230235,,-0.006399407095162929,,0.21262570034737538,
2025-07-01,National,NTL,National,Model,Genesis,gv70_ev,GV70 EV,Near Luxury EV SUV,690.0,8824.0,0.07819582955575703,70986.53779069768,62941.54606477273,112.78168750040855,69393.8386627907,61822.73349182932,112.246474303764,173.0,37109.0,0.004661941846991296,16.77323143921727,-0.11989795918367352,,-0.0018531800419558514,,-0.009421933358535584,,-1.8487780934804192,,-0.008200611198443286,,-0.8060277117582189,,0.12337662337662336,,0.001028409534507517,,-5.257399559353281,
2025-07-01,National,NTL,National,Model,Genesis,gv80,GV80,Mid Luxury SUV,7080.0,125096.0,0.05659653386199399,78260.46172316384,72302.5019562018,108.2403230950032,78048.46356016479,71569.79255919125,109.05224225096839,1981.0,49703.0,0.03985674908959218,1.419998749390554,-0.028673343394155615,,0.00035294797651824056,,0.0044701514629226224,,0.13026573554400045,,0.0026492301118579142,,-0.425310565804196,,0.0890599230346345,,0.0006101796583330085,,-0.013084108564382912,
2025-08-01,Region,CE,Central,Brand,Genesis,brand,Genesis,Luxury Market,3338.0,26766.0,0.12471045356048718,68837.14649490712,67946.3607564941,101.31101317052935,67885.33732774116,66434.23708366057,102.18426568555792,912.0,15893.0,0.05738375385389794,2.1732710947772182,0.0030048076923077094,,0.008582321799722306,,0.008930274112885606,,0.6806705072232688,,0.0019375973472071095,,0.18633903675913643,,0.1287128712871286,,0.003660349598578791,,0.011678147151099605,
2025-08-01,Region,CE,Central,Model,Genesis,g70,G70,Near Luxury Car,353.0,4083.0,0.08645603722752877,52869.54674220963,56607.73490427099,93.39632972705412,51588.48725212464,55815.37893742331,92.42701247260618,102.0,1533.0,0.06653620352250489,1.2993833830372707,-0.08072916666666663,,-0.003158898595108331,,0.00539927709211252,,0.2699243131214786,,-0.00041688337446976753,,-0.10920373482596801,,-0.10526315789473684,,-0.009565265102328219,,0.1218116824906883,
2025-08-01,Region,CE,Central,Model,Genesis,g80,G80,Mid Luxury Car,107.0,1193.0,0.08968985750209556,71827.18691588785,80583.76925738396,89.13356570163944,70886.71962616823,79084.65280879865,89.63397714794247,35.0,392.0,0.08928571428571429,1.0045264040234703,-0.12295081967213117,,0.0021090965545004364,,0.03427892367146379,,2.397984955793845,,0.02848101706982198,,2.0936978932430037,,0.09375,,0.012913399249914762,,-0.1422341846341033,
2025-08-01,Region,CE,Central,Model,Genesis,g90,G90,Premium Luxury Car,39.0,693.0,0.05627705627705628,102086.1282051282,130876.99565217391,78.0015828575696,98239.79487179487,128728.68596237338,76.31538699968536,18.0,166.0,0.10843373493975904,0.518999518999519,-0.17021276595744683,,-0.0030663780663780643,,0.00845026320562181,,1.0730150544608534,,0.00973402686963376,,0.8153696692769898,,-0.4545454545454546,,-0.06616943966341556,,0.17912348594166777,
2025-08-01,Region,CE,Central,Model,Genesis,gv60,GV60,Entry Luxury EV SUV,14.0,87.0,0.16091954022988506,65641.42857142857,51487.3908045977,127.49029916965017,63504.28571428572,49354.35632183908,128.67007179705706,11.0,54.0,0.2037037037037037,0.7899686520376176,-0.36363636363636365,,-0.004493993604701402,,-0.009465304417465625,,-0.3922919921428871,,-0.026035727008440368,,-0.5997549845427841,,0.22222222222222232,,0.05616272009714632,,-0.3311675217301352,
2025-08-01,Region,CE,Central,Model,Genesis,gv70,GV70,Near Luxury SUV,1472.0,8330.0,0.17671068427370948,62447.73097826087,61751.564811434066,101.1273660334805,61882.911005434784,60969.220583213086,101.49860932037775,399.0,3528.0,0.1130952380952381,1.5624944714727995,0.04397163120567371,,0.018319311548479184,,0.0007747129748101322,,-0.20749134715711648,,-0.0037153844649120416,,-0.5384912617850688,,0.180473372781065,,0.012828255004167191,,-0.017201734020547477,
2025-08-01,Region,CE,Central,Model,Genesis,gv70_ev,GV70 EV,Near Luxury EV SUV,61.0,693.0,0.08802308802308802,68977.72131147541,63448.99706821481,108.71365111936538,66787.6393442623,62160.72832369942,107.44346333342239,22.0,3354.0,0.00655933214072749,13.419519874065328,-0.2823529411764706,,-0.01849320270372902,,-0.007590061477282695,,0.27834381694314914,,-0.027564960462926558,,-1.614663897128679,,0.1578947368421053,,0.0008501975253428747,,-5.237649364821364,
2025-08-01,Region,CE,Central,Model,Genesis,gv80,GV80,Mid Luxury SUV,1292.0,16567.0,0.07798635842337176,79256.11145510836,71422.60387383038,110.96782692929546,78111.09752321981,69671.03287707642,112.1141660997542,325.0,6866.0,0.04733469268861054,1.6475518059534477,0.027027027027026973,,0.003596907769950905,,0.014387027909674721,,0.9514836448045259,,0.003561780003937809,,-0.09507201612940719,,0.23574144486692017,,0.004736701111027128,,-0.09876176185727603,
2025-08-01,Region,EA,Eastern,Brand,Genesis,brand,Genesis,Luxury Market,3595.0,49364.0,0.07282635118709992,65055.9421418637,66826.04555235857,97.35117738022073,64310.364673157164,66474.15172360689,96.74491965020246,1491.0,28653.0,0.05203643597529055,1.3995261170784532,-0.07369234733316155,,-0.0022253786189374847,,0.00816505624509345,,0.6379589832529433,,0.00031553990304455937,,-0.04041870060312647,,0.2383720930232558,,0.006022524792840038,,-0.23153996440391778,
2025-08-01,Region,EA,Eastern,Model,Genesis,g70,G70,Near Luxury Car,740.0,9687.0,0.07639103953752452,52889.218918918916,56390.039092318824,93.79177558705261,52370.98648648649,56492.40001446878,92.70448144011102,208.0,2968.0,0.07008086253369272,1.0900413718623692,-0.09866017052375153,,-0.00953256067178998,,0.003755461764383128,,-0.1963276902827431,,-0.003674141757919802,,-0.8340076861389605,,0.1954022988505748,,0.0067620852411163085,,-0.26695893489163236,
2025-08-01,Region,EA,Eastern,Model,Genesis,g80,G80,Mid Luxury Car,177.0,3073.0,0.05759843800846079,73161.80790960453,79442.91155933311,92.09356313050353,72503.84745762713,78619.45140471513,92.22125843182718,50.0,952.0,0.052521008403361345,1.0966742596810934,-0.032786885245901676,,0.0064096268196496,,0.016158894821850733,,0.1349949132041388,,0.0077289743481754325,,-1.100945525305093,,0.08695652173913038,,0.00030761453275975764,,0.11629724539103559,
2025-08-01,Region,EA,Eastern,Model,Genesis,g90,G90,Premium Luxury Car,51.0,1582.0,0.032237673830594185,103447.86274509804,129126.33723135272,80.11368165717646,101073.33333333333,128379.06447534767,78.73038625604116,33.0,356.0,0.09269662921348315,0.3477761176876221,0.020000000000000018,,0.002912160634113245,,0.011629359753961621,,0.6566028588175357,,0.023554375440095976,,1.3843278686685352,,1.3571428571428572,,0.05846680036262741,,-0.5089478035524282,
2025-08-01,Region,EA,Eastern,Model,Genesis,gv60,GV60,Entry Luxury EV SUV,103.0,334.0,0.3083832335329341,65416.01941747573,53070.08982035928,123.26344206106879,59950.95145631068,50704.9371257485,118.234938952063,36.0,214.0,0.16822429906542055,1.833166999334664,-0.14876033057851235,,0.057345889134593875,,0.004162159803332566,,-1.056817400412882,,-0.016135006899661963,,-2.5988265475183283,,2.6,,0.10370817003316249,,-2.05791183883961,
2025-08-01,Region,EA,Eastern,Model,Genesis,gv70,GV70,Near Luxury SUV,1461.0,20916.0,0.06985083189902468,59945.039698836415,60428.17386616922,99.20048193347228,59484.88706365503,60377.0957116893,98.52227299521873,769.0,8079.0,0.09518504765441267,0.733842484931366,-0.033090668431502324,,-0.0018080887118071542,,0.006381638334632234,,0.7165790072567972,,-0.001826271466234708,,0.02274021115947278,,0.30782312925170063,,0.022150641990519984,,-0.2473241304390542,
2025-08-01,Region,EA,Eastern,Model,Genesis,gv70_ev,GV70 EV,Near Luxury EV SUV,45.0,1305.0,0.034482758620689655,71705.91111111111,63969.58482361963,112.09375722669218,68235.22222222222,63150.85011503067,108.05115386084312,21.0,5745.0,0.0036553524804177544,9.433497536945813,-0.27419354838709675,,-0.00264298988230436,,-0.012976184326746187,,-2.7553893198854524,,-0.014754569690492159,,-2.698060499841432,,-0.25,,-0.003529661633002826,,4.266388897082682,
2025-08-01,Region,EA,Eastern,Model,Genesis,gv80,GV80,Mid Luxury SUV,1018.0,24570.0,0.041432641432641436,77571.99410609038,72457.5161948956,107.05858850783389,76915.87131630648,72030.11177366172,106.78294038748288,374.0,10339.0,0.03617371119063739,1.145379892438716,-0.10150044130626656,,-0.0037355932986613896,,0.016061964345921442,,0.8328773861332337,,0.007024877536128127,,-0.100930069679535,,0.08720930232558133,,0.0018594967267969928,,-0.1709327621581178,
2025-08-01,Region,MA,Mid-Atlantic,Brand,Genesis,brand,Genesis,Luxury Market,1422.0,18888.0,0.0752858958068615,67990.60267229255,67766.32992363579,100.33095011771995,66806.76090014065,67165.44954839392,99.46596255862946,640.0,13893.0,0.04606636435615058,1.6342921100698857,-0.04499664204163867,,0.0035579705696150016,,0.0036941945631638884,,-0.44385270106013763,,-0.0014130158102327872,,-0.850424908942685,,0.09589041095890405,,-1.9494229708004462e-05,,0.07789438985346853,
2025-08-01,Region,MA,Mid-Atlantic,Model,Genesis,g70,G70,Near Luxury Car,188.0,3766.0,0.04992033988316516,51561.21808510638,55912.503734329155,92.21768771096693,50259.36170212766,55821.31393512363,90.03614956204693,70.0,1462.0,0.047879616963064295,1.0426219558455352,-0.06930693069306926,,-0.0015053220312951227,,-0.006337080480386614,,-0.8394940571301532,,-0.009665721031103192,,-1.2536071675217926,,-0.25531914893617025,,-0.017534440100262075,,0.2564658263659667,
2025-08-01,Region,MA,Mid-Atlantic,Model,Genesis,g80,G80,Mid Luxury Car,81.0,1024.0,0.0791015625,71298.93827160494,78910.36938430983,90.35433343920158,70436.1975308642,77271.80464816651,91.15381457903545,28.0,381.0,0.07349081364829396,1.0763462611607142,-0.10989010989010994,,0.00038183931660899784,,0.010521740677543745,,0.651505754486621,,0.006776506668782156,,1.3334578126704457,,0.2727272727272727,,0.007622550175240064,,-0.11876226353258557,
2025-08-01,Region,MA,Mid-Atlantic,Model,Genesis,g90,G90,Premium Luxury Car,29.0,488.0,0.05942622950819672,102822.58620689655,129026.11618257262,79.69129758304285,98659.68965517242,129279.16427104722,76.31522853003761,13.0,120.0,0.10833333333333334,0.5485498108448927,-0.06451612903225812,,-0.000419330337363126,,0.014515503200869695,,1.300745108668849,,0.019597654707442125,,1.1270219499894552,,0.30000000000000004,,0.037411347517730495,,-0.29527258297750103,
2025-08-01,Region,MA,Mid-Atlantic,Model,Genesis,gv60,GV60,Entry Luxury EV SUV,24.0,173.0,0.13872832369942195,62410.666666666664,50319.72832369942,124.02822659372883,62799.458333333336,48732.687861271676,128.8651644089606,11.0,117.0,0.09401709401709402,1.4755648975302154,-0.19999999999999996,,0.03003267152550891,,0.011649268408653768,,0.17353388655290303,,0.003405296150916781,,0.8991764093176613,,0.375,,0.019943019943019946,,0.008173593182389194,
2025-08-01,Region,MA,Mid-Atlantic,Model,Genesis,gv70,GV70,Near Luxury SUV,523.0,6845.0,0.07640613586559533,60598.14340344168,61614.031329420395,98.35120685327786,59801.95793499044,61137.32909903311,97.81578426188757,268.0,3207.0,0.08356719675709386,0.9143077526901651,-0.03860294117647056,,0.0007454960881266293,,-0.011827118540185921,,-1.7997818945805193,,-0.015375891033071798,,-1.983662134599001,,0.059288537549407216,,-0.0006538418580859101,,0.015949800549785786,
2025-08-01,Region,MA,Mid-Atlantic,Model,Genesis,gv70_ev,GV70 EV,Near Luxury EV SUV,44.0,508.0,0.08661417322834646,70734.38636363637,64593.53709486166,109.50690973890514,67157.13636363637,63059.26980237154,106.49843642989777,25.0,3466.0,0.007212925562608194,12.008188976377953,-0.10204081632653061,,0.009931857109410622,,-0.006429304151147841,,-2.7863708445889728,,-0.007692313175019283,,-2.0932552126744923,,2.125,,0.004520229500676184,,-16.469706172291843,
2025-08-01,Region,MA,Mid-Atlantic,Model,Genesis,gv80,GV80,Mid Luxury SUV,533.0,10737.0,0.04964142684176213,78666.15572232645,72738.83907769705,108.14876442872294,77383.61350844278,72130.73196328736,107.28244591754455,225.0,5140.0,0.04377431906614786,1.1340308176295881,-0.016605166051660514,,0.0024165422900500055,,0.012229050712186718,,0.05950037221404614,,0.004254225733763661,,-0.8695126361036358,,0.19047619047619047,,0.0033637995023248907,,-0.034597674689764046,
2025-08-01,Region,MS,Mountain States,Brand,Genesis,brand,Genesis,Luxury Market,1055.0,15476.0,0.06817006978547428,69659.19431279621,69543.64555606051,100.16615286100088,68987.6597156398,69083.28734331453,99.86157632134746,430.0,11688.0,0.03678986995208761,1.8529576177967986,0.019323671497584627,,0.0063199442924660384,,0.014480636625851862,,0.9547802842888444,,0.006923430455382018,,0.41252769183297744,,0.29909365558912393,,0.008646004634512577,,-0.34468385024933434,
2025-08-01,Region,MS,Mountain States,Model,Genesis,g70,G70,Near Luxury Car,90.0,2172.0,0.04143646408839779,54187.35555555556,58703.624027906975,92.30666156112535,53371.53333333333,58472.948432282,91.27559797184392,29.0,725.0,0.04,1.0359116022099446,-0.052631578947368474,,-0.0025857787290257533,,-0.003973662359069152,,-0.5195548335005782,,-0.011010176313403952,,-1.0562133616748213,,-0.033333333333333326,,0.0012903225806451604,,-0.10132967057349673,
2025-08-01,Region,MS,Mountain States,Model,Genesis,g80,G80,Mid Luxury Car,32.0,902.0,0.03547671840354767,69903.25,83614.54271070616,83.60178473002576,69347.5,82570.59749144812,83.9857069063626,12.0,226.0,0.05309734513274336,0.6681448632668145,-0.11111111111111116,,4.364753740594002e-05,,0.0018907000965058263,,-1.723656570681655,,-0.004168792414401379,,-1.9337843991254715,,0.19999999999999996,,0.010362302397700626,,-0.1609889950009019,
2025-08-01,Region,MS,Mountain States,Model,Genesis,g90,G90,Premium Luxury Car,6.0,300.0,0.02,102276.83333333333,139553.28,73.28873483542152,97428.16666666667,139039.62666666668,70.07222976816585,7.0,72.0,0.09722222222222222,0.2057142857142857,-0.25,,-0.00476780185758514,,-0.0006660478447082507,,0.8471675139157071,,-0.0009276005822819178,,0.8992534601920283,,-0.30000000000000004,,-0.03098290598290597,,0.012525431225121592,
2025-08-01,Region,MS,Mountain States,Model,Genesis,gv60,GV60,Entry Luxury EV SUV,10.0,180.0,0.05555555555555555,63096.5,50185.2,125.72730605835984,61241.2,49147.01666666667,124.60817391086132,13.0,138.0,0.09420289855072464,0.5897435897435896,-0.33333333333333337,,0.0038314176245210704,,-0.008812268160215853,,-1.365600349992107,,-0.04226424064490031,,-5.8453036628894495,,0.18181818181818188,,0.003293807641633728,,0.02077807250221031,
2025-08-01,Region,MS,Mountain States,Model,Genesis,gv70,GV70,Near Luxury SUV,430.0,6769.0,0.06352489289407594,62875.206976744186,62094.683653070366,101.25698896870897,62405.60232558139,62055.26672252706,100.56455418138934,185.0,2291.0,0.08075076385857705,0.7866785384882593,-0.016018306636155555,,-0.0008060360033184388,,-0.0009201789311172881,,-0.43811346690166886,,-0.009863615544659643,,-1.1733197375960316,,0.3309352517985611,,0.017826363677499638,,-0.23567413729838949,
2025-08-01,Region,MS,Mountain States,Model,Genesis,gv70_ev,GV70 EV,Near Luxury EV SUV,83.0,669.0,0.12406576980568013,68548.67469879518,62665.47668168168,109.38826021702197,67356.21686746988,61744.81844544096,109.088047488531,26.0,4520.0,0.005752212389380531,21.568356904679778,-0.19417475728155342,,0.002603505654736729,,-0.010549564151327906,,-2.7042672581309546,,-0.029613856727043086,,-4.004929405509856,,0.4444444444444444,,0.0019216101335814248,,-10.14004194228039,
2025-08-01,Region,MS,Mountain States,Model,Genesis,gv80,GV80,Mid Luxury SUV,404.0,8618.0,0.046878626131352984,80213.31435643564,75812.60833585478,105.8047152276907,79548.18564356436,75376.05798114964,105.53508338610398,158.0,3716.0,0.042518837459634015,1.10253781458296,0.18475073313782997,,0.009549671561019102,,0.013933317433704406,,1.0144931235573296,,0.007290138084275144,,0.39852960942418747,,0.3982300884955752,,0.011517465717521533,,-0.1015687288583409,
2025-08-01,Region,SC,South Central,Brand,Genesis,brand,Genesis,Luxury Market,2040.0,29587.0,0.06894920066245311,70363.04215686275,68404.1009954981,102.86377736547341,68827.4931237721,67814.1806676593,101.49424861605097,879.0,19955.0,0.044049110498621896,1.5652802038899338,-0.02017291066282423,,0.002584289276503851,,-0.010594784908981913,,-1.5259947647788294,,-0.020591635764495964,,-2.644367683393355,,0.2665706051873198,,0.0032183756630626767,,-0.06008636502502207,
2025-08-01,Region,SC,South Central,Model,Genesis,g70,G70,Near Luxury Car,262.0,5610.0,0.04670231729055258,51087.38167938931,56550.43684182306,90.33949962629922,49971.19083969466,56651.15912950411,88.20859380028025,83.0,2077.0,0.03996148290804044,1.1686832893069605,0.007692307692307665,,-0.0005360548024706743,,-0.004094355889960433,,-0.4544483226383704,,-0.01019442849993335,,-1.06419610628312,,0.0641025641025641,,-0.001221199246130629,,0.0216387156635498,
2025-08-01,Region,SC,South Central,Model,Genesis,g80,G80,Mid Luxury Car,158.0,1784.0,0.08856502242152467,69960.1835443038,78764.5353473804,88.82193392718412,68040.22151898734,77450.1309028177,87.85036348661869,37.0,533.0,0.06941838649155722,1.2758150527208825,-0.08670520231213874,,0.003427227145934117,,0.002537320680138455,,-1.2535851570839043,,-0.005216204377638034,,-1.799183371774589,,0.3214285714285714,,0.01132710018450328,,-0.18977128023749779,
2025-08-01,Region,SC,South Central,Model,Genesis,g90,G90,Premium Luxury Car,91.0,1021.0,0.089128305582762,102718.37362637362,127303.21733333333,80.68796357079786,99825.68539325842,127154.58389713154,78.50734305734328,21.0,237.0,0.08860759493670886,1.0058765915768855,0.09638554216867479,,0.011120786785769513,,0.008414112242989935,,1.2327828677657209,,0.012021484647966707,,0.9931888775094677,,0.10526315789473695,,0.005274261603375532,,0.06978636601297561,
2025-08-01,Region,SC,South Central,Model,Genesis,gv60,GV60,Entry Luxury EV SUV,30.0,86.0,0.3488372093023256,58007.566666666666,52206.87209302326,111.11097895945119,54513.4,50451.67441860465,108.05072503182875,15.0,66.0,0.22727272727272727,1.5348837209302326,-0.21052631578947367,,0.08310294356805986,,0.0036422970636516006,,-1.0138431708552673,,-0.039487172353674826,,-4.687878669121872,,1.5,,0.12012987012987013,,-0.9453027592562475,
2025-08-01,Region,SC,South Central,Model,Genesis,gv70,GV70,Near Luxury SUV,680.0,9319.0,0.0729692027041528,62185.51176470588,61414.174160206705,101.25596023238388,60965.510294117645,61049.57182052382,99.86230611632575,351.0,3985.0,0.08808030112923464,0.8284395235784869,0.14671163575042168,,0.012520680787740976,,-0.011072109939745167,,-1.9002260033276173,,-0.017772350987295793,,-2.4113652213333694,,0.26714801444043323,,0.01920909277518193,,-0.049264285619377235,
2025-08-01,Region,SC,South Central,Model,Genesis,gv70_ev,GV70 EV,Near Luxury EV SUV,22.0,543.0,0.040515653775322284,70065.31818181818,63396.918669131235,110.51849151768613,67226.63636363637,62529.33148148148,107.51216232584548,12.0,4580.0,0.0026200873362445414,15.463474524248005,-0.18518518518518523,,0.0028587500096319066,,-0.0063290927685173415,,-1.910629790459197,,-0.018978052051724315,,-4.048959285478091,,0.7142857142857142,,-0.00036626078662235296,,2.853791320422541,
2025-08-01,Region,SC,South Central,Model,Genesis,gv80,GV80,Mid Luxury SUV,797.0,17652.0,0.04515069113981419,80535.53199498118,72685.11842394694,110.8005789097646,79037.16729559748,71965.97677856537,109.82574104258975,360.0,8477.0,0.042467854193700603,1.0631733577561246,-0.1222466960352423,,-0.005620948314446601,,0.0043258130684658,,-0.06043555995618988,,-0.010182976132047106,,-1.928410799811786,,0.29032258064516125,,0.007465972372097292,,-0.38736692213603585,
2025-08-01,Region,SO,Southern,Brand,Genesis,brand,Genesis,Luxury Market,5703.0,43988.0,0.12964899518050377,67319.37776218871,67188.6178633159,100.19461614635208,65900.87271448664,66297.90460580819,99.40113960813362,1805.0,29203.0,0.06180871828236825,2.097584269394045,0.0031662269129286713,,0.008068123048935519,,0.007885871168830105,,0.044059767941746486,,-0.0057210020649614,,-1.166284379815309,,0.20093147039254822,,0.0024274216129359927,,0.05012355447579875,
2025-08-01,Region,SO,Southern,Model,Genesis,g70,G70,Near Luxury Car,979.0,8594.0,0.11391668606004189,50403.497446373854,54715.0822217047,92.11993366315274,49048.30643513789,54450.21404914405,90.0791802046349,293.0,3178.0,0.09219634990560101,1.2355878098935602,-0.03451676528599601,,-0.006525171642773164,,0.00224999981121643,,0.5601551516652563,,-0.008197400887411388,,-0.2835977362431237,,0.19591836734693868,,0.0032025249873300354,,-0.11778539115072495,
2025-08-01,Region,SO,Southern,Model,Genesis,g80,G80,Mid Luxury Car,297.0,2595.0,0.11445086705202312,70094.53872053872,79318.94380062305,88.37048927016616,68372.11186440678,77673.77009397023,88.02471127858188,99.0,813.0,0.12177121771217712,0.9398843930635837,-0.14161849710982655,,-0.002996519234467032,,0.0032438756554442616,,-0.6700763559134373,,-0.01572470086528921,,-2.35957163114756,,0.4347826086956521,,0.02789366669176896,,-0.3111855912925069,
2025-08-01,Region,SO,Southern,Model,Genesis,g90,G90,Premium Luxury Car,144.0,1643.0,0.08764455264759587,102189.625,133136.3946406821,76.75558984137777,97049.78472222222,131063.69591712371,74.04780098952062,42.0,342.0,0.12280701754385964,0.713677071558995,-0.040000000000000036,,-0.0014820070671991425,,0.00815144919219657,,-0.6297744684600843,,-0.009286714229176596,,-1.7651952007842056,,0.5,,0.03872293345977555,,-0.34629237076338837,
2025-08-01,Region,SO,Southern,Model,Genesis,gv60,GV60,Entry Luxury EV SUV,44.0,115.0,0.3826086956521739,59101.045454545456,52730.53913043478,112.08124633118682,57574.47727272727,50440.87826086956,114.14249564601997,36.0,130.0,0.27692307692307694,1.3816425120772946,-0.24137931034482762,,0.08669032830523515,,-0.013570961789101554,,-2.793299192999612,,-0.04348622287467985,,-5.664182865609277,,2.272727272727273,,0.14597069597069598,,-0.8780977476629648,
2025-08-01,Region,SO,Southern,Model,Genesis,gv70,GV70,Near Luxury SUV,2064.0,15487.0,0.1332730677342287,60555.77277131783,60177.41213432354,100.6287419541235,59778.46825012118,59722.94016410389,100.09297614260903,710.0,5812.0,0.12216104611149346,1.0909620699596299,0.030454318522216584,,0.007028267532539545,,0.005974352878042266,,-0.15815923574935198,,-0.004235621888945107,,-0.9816289729768215,,0.15447154471544722,,0.018886486917538803,,-0.13145709296892116,
2025-08-01,Region,SO,Southern,Model,Genesis,gv70_ev,GV70 EV,Near Luxury EV SUV,106.0,1066.0,0.09943714821763602,71801.69811320755,63626.10786252354,112.84942694962412,67482.10377358491,62358.804476908575,108.21583951079994,52.0,8919.0,0.005830250028030048,17.055383172174917,-0.1166666666666667,,0.009751049562927508,,0.00043457654959544456,,-0.43204733398476947,,-0.017791845603696843,,-1.961676614861176,,1.4761904761904763,,0.002288934682330217,,-8.270262781273725,
2025-08-01,Region,SO,Southern,Model,Genesis,gv80,GV80,Mid Luxury SUV,2069.0,23605.0,0.08765092141495445,79196.39410058028,71616.98821440678,110.58325136974803,77623.51482741858,70540.04548778418,110.04177030316926,573.0,10009.0,0.05724847637126586,1.531061208450749,0.03761283851554653,,0.005022046891500112,,0.007881506549325401,,-0.03936246333134363,,-0.007658323449793336,,-1.7410769032758537,,0.11478599221789887,,0.0032625505231406587,,0.000497950984194917,
2025-08-01,Region,WE,Western,Brand,Genesis,brand,Genesis,Luxury Market,2863.0,41717.0,0.06862909605196922,67722.34568332751,69190.46861514462,97.87814281186157,67098.81337535015,69060.27749928008,97.15977955062462,1104.0,34322.0,0.03216595769477303,2.1335940531663837,0.03694313654473014,,0.009264241937711769,,0.01590241007883919,,0.3183797785685414,,0.005539337955915213,,-0.5864199658801397,,0.1858216970998925,,0.004710120011562086,,-0.028600187607360716,
2025-08-01,Region,WE,Western,Model,Genesis,g70,G70,Near Luxury Car,395.0,11051.0,0.03574337164057551,50713.71392405063,55465.99333756001,91.43208454847725,50050.12405063291,55717.1182096307,89.8289891130474,141.0,4117.0,0.03424823900898712,1.0436557520868752,0.036745406824147064,,0.0020593472395499593,,-0.003164379561143571,,-0.8953641455367318,,-0.0162996463571089,,-1.9549160703950434,,0.029197080291970767,,-0.0029800218605780943,,0.1388586002929042,
2025-08-01,Region,WE,Western,Model,Genesis,g80,G80,Mid Luxury Car,111.0,4047.0,0.02742772424017791,71430.41441441441,82085.16064692709,87.0198874576832,70839.05405405405,81456.88552808987,86.96509029875156,48.0,1026.0,0.04678362573099415,0.5862676056338029,-0.05932203389830504,,0.000839170837744381,,-0.00039161094194783974,,-1.514970843026191,,-0.011959150021142784,,-2.304386640994025,,0.19999999999999996,,0.0033525725279539773,,-0.02593383645722913,
2025-08-01,Region,WE,Western,Model,Genesis,g90,G90,Premium Luxury Car,43.0,2184.0,0.019688644688644688,103815.14285714286,130646.0211106012,79.4629197082519,102133.78571428571,130545.47776249427,78.23617291446978,22.0,504.0,0.04365079365079365,0.45104895104895104,0.13157894736842102,,0.002948556582917816,,0.013690542265230476,,1.1496748395403102,,0.03115417351839067,,2.1027278002930103,,-0.42105263157894735,,-0.0407936507936508,,0.252811065586396,
2025-08-01,Region,WE,Western,Model,Genesis,gv60,GV60,Entry Luxury EV SUV,50.0,454.0,0.11013215859030837,60628.32,50617.17400881057,119.77816064849227,58972.96,49065.211453744494,120.19302119098354,49.0,283.0,0.17314487632508835,0.6360694057358626,-0.3827160493827161,,-0.017026397139675936,,0.007969291062704942,,1.508477539846936,,-0.013695302508414997,,0.2934418307787041,,0.32432432432432434,,0.003420105682886504,,-0.1131350577543152,
2025-08-01,Region,WE,Western,Model,Genesis,gv70,GV70,Near Luxury SUV,1062.0,15738.0,0.06747998475028594,60654.58474576271,62610.66684143548,96.87580057144793,60287.95852968897,62783.96636716266,96.02445021890308,365.0,5734.0,0.06365538890826648,1.0600828289264097,0.06733668341708543,,0.010723382160587686,,0.01679422518643281,,0.8015397577741652,,0.0032779061816861077,,-0.4547774400561764,,0.11280487804878048,,0.01686508933622654,,-0.15291651300586073,
2025-08-01,Region,WE,Western,Model,Genesis,gv70_ev,GV70 EV,Near Luxury EV SUV,189.0,1721.0,0.10981987216734457,70738.40425531915,64480.31504079254,109.70542592815733,69213.86096256685,63685.932259755384,108.67998395668408,89.0,14644.0,0.006077574433214969,18.069687730545997,-0.22540983606557374,,0.02311056157743696,,-0.00968420921720925,,-4.537991244552984,,-0.017653503249053126,,-6.938440230133736,,0.23611111111111116,,0.0009125816068161164,,1.2818017635555528,
2025-08-01,Region,WE,Western,Model,Genesis,gv80,GV80,Mid Luxury SUV,1013.0,20130.0,0.050322901142573276,79651.82329713722,74376.08825691267,107.09332147450523,79063.85544554456,74152.07994828958,106.62392140676327,390.0,8014.0,0.04866483653606189,1.0340711019399544,0.12057522123893816,,0.006167183856391478,,0.018440869653031378,,1.6454897264712258,,0.0069199832201762845,,0.6761875230676253,,0.3978494623655915,,0.01238395227078231,,-0.18298074727416047,
2025-08-01,National,NTL,National,Brand,Genesis,brand,Genesis,Luxury Market,20016.0,225786.0,0.08865031489994951,67704.83800529655,67937.31227036733,99.65781062379152,66642.78954477239,67324.78190148307,98.98701141325841,7261.0,153607.0,0.047269981185753256,1.8754040656709192,-0.012092196831350877,,0.00510048850676513,,0.007712091945416333,,0.19205157567904507,,-0.0019004127848332164,,-0.6573858550451774,,0.19917423616845586,,0.0045858508000099635,,-0.08199381588672949,
2025-08-01,National,NTL,National,Model,Genesis,g70,G70,Near Luxury Car,3007.0,44963.0,0.06687721015056824,51590.68107748587,55952.805459995536,92.20392195413964,50581.312603924176,55908.45661983122,90.47166683185195,926.0,16060.0,0.0576587795765878,1.1598790442960323,-0.04751346214760854,,-0.0030297871922129738,,0.0003328212958444432,,-0.22856360901056405,,-0.00822213518549697,,-0.9456205665983788,,0.06192660550458706,,-0.0013199150463408457,,-0.025413336108807583,
2025-08-01,National,NTL,National,Model,Genesis,g80,G80,Mid Luxury Car,963.0,14618.0,0.0658776850458339,71077.70508826584,80381.82531025428,88.42509462048565,69849.92195629553,79283.14438973647,88.1018563200905,309.0,4323.0,0.07147814018043026,0.9216480014664722,-0.0991580916744621,,0.0013089486360730873,,0.009601365921817928,,-0.4005096495412346,,-0.001439730610926171,,-1.2816358483314332,,0.2510121457489878,,0.00982062645102437,,-0.12556802305782655,
2025-08-01,National,NTL,National,Model,Genesis,g90,G90,Premium Luxury Car,403.0,7911.0,0.0509417267096448,102675.69651741293,130687.3320050665,78.56591372867906,98952.665,129870.3331204865,76.19343280516358,156.0,1797.0,0.08681135225375626,0.5868095057514853,-0.009828009828009798,,0.002228381407430556,,0.00983249510705475,,0.6273110545526777,,0.008526795557614486,,0.2998374677934805,,0.026315789473684292,,0.003660367571042919,,0.0009674319853822944,
2025-08-01,National,NTL,National,Model,Genesis,gv60,GV60,Entry Luxury EV SUV,275.0,1429.0,0.19244226731980407,62391.781818181815,51418.7977606718,121.34041349738212,59276.123636363634,49630.26382085375,119.43543933259704,171.0,1002.0,0.17065868263473055,1.1276441628914835,-0.2465753424657534,,0.023225762915538878,,0.003682874985108109,,-0.10020539350985302,,-0.02256025584306931,,-2.202327992168975,,0.8586956521739131,,0.05608832148902694,,-0.34932163098487456,
2025-08-01,National,NTL,National,Model,Genesis,gv70,GV70,Near Luxury SUV,7692.0,83404.0,0.0922257925279363,61092.090873634945,61267.163491769796,99.71424722778562,60449.27815344604,61042.29305726597,99.02851797644037,3047.0,32636.0,0.09336315724966295,0.9878178421206857,0.026558120912852035,,0.006275208665035115,,0.0037261263466319416,,-0.05886829569710983,,-0.004630935920313939,,-0.7590208840520347,,0.20055161544523248,,0.01787686851014715,,-0.15080726845396508,
2025-08-01,National,NTL,National,Model,Genesis,gv70_ev,GV70 EV,Near Luxury EV SUV,550.0,6505.0,0.08455034588777863,70469.02914389799,63860.134946020975,110.34901383071507,68002.17518248175,62853.51870087841,108.19151670108707,247.0,45228.0,0.0054612187140709294,15.481955642965392,-0.2028985507246377,,0.006354516332021595,,-0.007290236471675149,,-2.432673669693486,,-0.020054568346788537,,-4.054957602676936,,0.4277456647398843,,0.0007992768670796336,,-1.2912757962518775,
2025-08-01,National,NTL,National,Model,Genesis,gv80,GV80,Mid Luxury SUV,7126.0,121879.0,0.058467824645755215,79207.6750877193,72765.0836907049,108.85395999048015,78064.90926993951,72007.08922262644,108.41281061727676,2405.0,52561.0,0.045756359277791515,1.2778076221228856,0.006497175141243039,,0.0018712907837612272,,0.012103344954775608,,0.6136368954769438,,0.00021071151211127237,,-0.639431633691629,,0.21403331650681467,,0.005899610188199338,,-0.14219112726766836,
2025-09-01,Region,CE,Central,Brand,Genesis,brand,Genesis,Luxury Market,3335.0,26670.0,0.12504686914135732,69008.4455772114,68019.58237183817,101.45379193886765,68410.41109445278,66569.30859080832,102.76569269325215,789.0,14131.0,0.055834689689335505,2.2395910111996455,-0.0008987417615338167,,0.00033641558087013634,,0.002488468668830679,,0.14277876833830305,,0.00773471543901505,,0.5814270076942307,,-0.13486842105263153,,-0.001549064164562436,,0.0663199164224273,
2025-09-01,Region,CE,Central,Model,Genesis,g70,G70,Near Luxury Car,311.0,3849.0,0.08080020784619382,52870.22186495177,56739.02853277836,93.18140128960515,52166.34083601286,55907.06563248308,93.30903034500028,70.0,1187.0,0.05897219882055602,1.3701406673347438,-0.11898016997167138,,-0.005655829381334951,,1.276959580209791e-05,,-0.21492843744897527,,0.011201212027484253,,0.8820178723941012,,-0.3137254901960784,,-0.007564004701948866,,0.07075728429747308,
2025-09-01,Region,CE,Central,Model,Genesis,g80,G80,Mid Luxury Car,165.0,1137.0,0.14511873350923482,72805.95757575758,84275.12656529517,86.3908018213993,71797.93939393939,83491.6146017699,85.99419203520515,44.0,368.0,0.11956521739130435,1.213720316622691,0.5420560747663552,,0.05542887600713926,,0.013626743603587066,,-2.7427638802401475,,0.01285459071285322,,-3.6397851127373286,,0.2571428571428571,,0.030279503105590064,,0.20919391259922082,
2025-09-01,Region,CE,Central,Model,Genesis,g90,G90,Premium Luxury Car,36.0,633.0,0.05687203791469194,102715.33333333333,133141.51111111112,77.14748952159172,99266.02777777778,131923.1265822785,75.24535716326207,10.0,188.0,0.05319148936170213,1.0691943127962085,-0.07692307692307687,,0.0005949816376356609,,0.006163473326570079,,-0.8540933359778791,,0.010446203672576537,,-1.0700298364232879,,-0.4444444444444444,,-0.05524224557805691,,0.5501947937966895,
2025-09-01,Region,CE,Central,Model,Genesis,gv60,GV60,Entry Luxury EV SUV,3.0,44.0,0.06818181818181818,61886.666666666664,48735.795454545456,126.98400854949965,53061.0,46226.72727272727,114.78424524183177,6.0,41.0,0.14634146341463414,0.4659090909090909,-0.7857142857142857,,-0.09273772204806688,,-0.05720109977003485,,-0.5062906201505228,,-0.16445009335702876,,-13.885826555225293,,-0.4545454545454546,,-0.057362240289069555,,-0.3240595611285267,
2025-09-01,Region,CE,Central,Model,Genesis,gv70,GV70,Near Luxury SUV,1577.0,8980.0,0.17561247216035636,62621.84273937857,61562.52970470248,101.7207106981427,62382.95688015219,61012.756550608196,102.24576040652656,327.0,3054.0,0.10707269155206287,1.6401238225618604,0.07133152173913038,,-0.0010982121133531197,,0.0027881198946733132,,0.5933446646621974,,0.00808051635892637,,0.7471510861488042,,-0.18045112781954886,,-0.006022546543175231,,0.07762935108906088,
2025-09-01,Region,CE,Central,Model,Genesis,gv70_ev,GV70 EV,Near Luxury EV SUV,44.0,569.0,0.0773286467486819,68632.86363636363,62950.37279151943,109.02693755867597,65989.18181818182,62197.613356766255,106.09600313707712,35.0,3238.0,0.010809141445336628,7.1540045192066275,-0.2786885245901639,,-0.010694441274406122,,-0.004999551573391936,,0.31328643931058764,,-0.011955169158843204,,-1.347460196345267,,0.5909090909090908,,0.0042498093046091385,,-6.2655153548587,
2025-09-01,Region,CE,Central,Model,Genesis,gv80,GV80,Mid Luxury SUV,1199.0,16463.0,0.07282998238474155,80091.44286905754,71875.7757267919,111.430370050536,79286.17347789825,70052.74200998903,113.18068529936001,297.0,6055.0,0.0490503715937242,1.4847998092242762,-0.07198142414860687,,-0.005156376038630214,,0.010539646705002959,,0.4625431212405431,,0.015043649262886483,,1.066519199605807,,-0.08615384615384614,,0.001715678905113656,,-0.1627519967291715,
2025-09-01,Region,EA,Eastern,Brand,Genesis,brand,Genesis,Luxury Market,3640.0,48548.0,0.07497734201202934,66822.1412087912,67267.9852325701,99.33721216379908,66403.32912087912,66968.8400022664,99.15556118133726,1108.0,27139.0,0.04082685434245919,1.8364711957260509,0.012517385257301727,,0.002150990824929422,,0.027148927657923316,,1.9860347835783472,,0.03254474544436148,,2.4106415311348,,-0.25687458081824277,,-0.01120958163283136,,0.4369450786475977,
2025-09-01,Region,EA,Eastern,Model,Genesis,g70,G70,Near Luxury Car,644.0,9076.0,0.07095636844424857,52673.18633540373,56350.39981808158,93.47437907353068,52592.990683229815,56467.0982473545,93.13917717685061,117.0,2185.0,0.05354691075514874,1.3251253423135312,-0.12972972972972974,,-0.0054346710932759446,,-0.004084624199997666,,-0.31739651352192766,,0.004239068454450656,,0.4346957367395845,,-0.4375,,-0.016533951778543984,,0.23508397045116203,
2025-09-01,Region,EA,Eastern,Model,Genesis,g80,G80,Mid Luxury Car,300.0,2826.0,0.10615711252653928,73985.36666666667,83564.37522079772,88.53697101328054,73343.42666666667,83293.02889557522,88.05469994207749,60.0,911.0,0.06586169045005488,1.6118188251946215,0.6949152542372881,,0.04855867451807849,,0.011256675861259335,,-3.5565921172229906,,0.011579788362682475,,-4.16655848974969,,0.19999999999999996,,0.013340682046693537,,0.515144565513528,
2025-09-01,Region,EA,Eastern,Model,Genesis,g90,G90,Premium Luxury Car,67.0,1509.0,0.04440026507620941,104639.5671641791,130674.95460569914,80.07622231813306,104419.25373134328,130292.90788601723,80.14193207100058,9.0,387.0,0.023255813953488372,1.9092113982770045,0.3137254901960784,,0.012162591245615223,,0.011519855388578693,,-0.03745933904339438,,0.03310388890584348,,1.4115458149594247,,-0.7272727272727273,,-0.06944081525999478,,1.5614352805893823,
2025-09-01,Region,EA,Eastern,Model,Genesis,gv60,GV60,Entry Luxury EV SUV,73.0,200.0,0.365,63698.87671232877,53355.58,119.38559511925233,53099.61643835616,49114.465,108.11400763167462,49.0,176.0,0.2784090909090909,1.3110204081632655,-0.2912621359223301,,0.05661676646706587,,-0.026249574957907473,,-3.8778469418164576,,-0.11428234000501947,,-10.12093132038838,,0.36111111111111116,,0.11018479184367033,,-0.5221465911713985,
2025-09-01,Region,EA,Eastern,Model,Genesis,gv70,GV70,Near Luxury SUV,1441.0,21538.0,0.0669050051072523,60626.858431644694,60319.592836160824,100.5093960039128,60565.32061068702,60339.24270995912,100.37467805456993,522.0,7185.0,0.07265135699373695,0.9209050990337313,-0.013689253935660561,,-0.0029458267917723824,,0.011374064246745474,,1.3089140704405224,,0.018163160432259406,,1.8524050593511987,,-0.3211963589076723,,-0.022533690660675718,,0.18706261410236535,
2025-09-01,Region,EA,Eastern,Model,Genesis,gv70_ev,GV70 EV,Near Luxury EV SUV,31.0,757.0,0.04095112285336856,70907.03225806452,65105.287250996014,108.91132694753564,70165.87096774194,64492.734253632756,108.79655170425593,29.0,6635.0,0.004370761115297664,9.369334487313807,-0.3111111111111111,,0.006468364232678908,,-0.011141045984461528,,-3.1824302791565344,,0.028294020047771706,,0.7453978434128175,,0.38095238095238093,,0.0007154086348799093,,-0.06416304963200581,
2025-09-01,Region,EA,Eastern,Model,Genesis,gv80,GV80,Mid Luxury SUV,1084.0,25158.0,0.04308768582558232,79237.23431734317,73067.97667395539,108.44317568955866,78886.59870848709,72673.6365163804,108.54912797807539,322.0,9660.0,0.03333333333333333,1.2926305747674696,0.06483300589390972,,0.0016550443929408826,,0.021467028538358246,,1.3845871817247684,,0.025621856171611723,,1.7661875905925086,,-0.13903743315508021,,-0.002840377857304059,,0.1472506823287536,
2025-09-01,Region,MA,Mid-Atlantic,Brand,Genesis,brand,Genesis,Luxury Market,1619.0,18767.0,0.08626844993872222,69065.77331686227,68521.47290510248,100.79435013388228,68403.80716934487,67937.62831090462,100.68618653613703,506.0,12069.0,0.04192559449830143,2.057655972945531,0.1385372714486639,,0.010982554131860722,,0.015813518373295254,,0.46340001616232485,,0.02390545878420003,,1.2202239775075725,,-0.20937499999999998,,-0.004140769857849148,,0.4233638628756451,
2025-09-01,Region,MA,Mid-Atlantic,Model,Genesis,g70,G70,Near Luxury Car,187.0,3649.0,0.05124691696355166,51363.92513368984,55691.68566327932,92.22907247635527,50695.94086021505,55616.37701975851,91.15290059653579,54.0,1017.0,0.05309734513274336,0.9651502694802229,-0.005319148936170248,,0.0013265770803864985,,-0.003826382671776596,,0.011384765388342544,,0.008686524128079132,,1.116751034488857,,-0.22857142857142854,,0.005217728169679067,,-0.07747168636531232,
2025-09-01,Region,MA,Mid-Atlantic,Model,Genesis,g80,G80,Mid Luxury Car,124.0,923.0,0.13434452871072589,73096.00806451614,81882.24227820373,89.2696707256313,72349.66129032258,80969.57810869566,89.3541290201593,36.0,346.0,0.10404624277456648,1.2912001926086432,0.5308641975308641,,0.055242966210725886,,0.025204720245138423,,-1.0846627135702818,,0.027165915062634216,,-1.7996855588761491,,0.2857142857142858,,0.030555429126272515,,0.21485393144792897,
2025-09-01,Region,MA,Mid-Atlantic,Model,Genesis,g90,G90,Premium Luxury Car,25.0,467.0,0.05353319057815846,104071.48,134379.15367965368,77.4461493098073,101617.96,134190.40430107526,75.72669635304598,10.0,137.0,0.072992700729927,0.733404710920771,-0.13793103448275867,,-0.005893038930038258,,0.012146103683780662,,-2.245148273235557,,0.029984590010034395,,-0.5885321769916345,,-0.23076923076923073,,-0.035340632603406336,,0.18485490007587824,
2025-09-01,Region,MA,Mid-Atlantic,Model,Genesis,gv60,GV60,Entry Luxury EV SUV,12.0,81.0,0.14814814814814814,60361.0,49910.59259259259,120.93825551764414,60522.5,48093.58024691358,125.84319921552118,14.0,75.0,0.18666666666666668,0.7936507936507936,-0.5,,0.009419824448726188,,-0.03284160827209015,,-3.0899710760846943,,-0.036257611033003956,,-3.0219651934394136,,0.2727272727272727,,0.09264957264957266,,-0.6819141038794218,
2025-09-01,Region,MA,Mid-Atlantic,Model,Genesis,gv70,GV70,Near Luxury SUV,597.0,7103.0,0.08404899338307757,60278.6716917923,61563.83077575243,97.91247707011385,59765.797319933,61158.361088368154,97.7230198068535,228.0,2693.0,0.08466394355737096,0.9927365753536311,0.14149139579349912,,0.0076428575174822405,,-0.0052719719401707055,,-0.4387297831640069,,-0.0006046727616635383,,-0.0927644550340716,,-0.14925373134328357,,0.0010967468002771041,,0.07842882266346607,
2025-09-01,Region,MA,Mid-Atlantic,Model,Genesis,gv70_ev,GV70 EV,Near Luxury EV SUV,28.0,322.0,0.08695652173913043,70822.03571428571,65922.73354231975,107.4318856465817,67640.5,64657.13084112149,104.61413786858157,15.0,3514.0,0.0042686397268070575,20.371014492753623,-0.36363636363636365,,0.0003423485107839769,,0.0012391335410579796,,-2.0750240923234315,,0.007197502194649319,,-1.8842985613162,,-0.4,,-0.0029442858358011362,,8.36282551637567,
2025-09-01,Region,MA,Mid-Atlantic,Model,Genesis,gv80,GV80,Mid Luxury SUV,646.0,10935.0,0.059076360310928215,80267.84055727554,73887.00050695462,108.63594408561805,79621.86222910216,73286.16699422494,108.64514477251414,149.0,4287.0,0.03475623979472825,1.6997339372681157,0.2120075046904315,,0.009434933469166087,,0.02036053268705129,,0.48717965689510834,,0.028924065692734535,,1.3626988549695938,,-0.33777777777777773,,-0.009018079271419607,,0.5657031196385276,
2025-09-01,Region,MS,Mountain States,Brand,Genesis,brand,Genesis,Luxury Market,1100.0,15279.0,0.07199424046076314,71163.3309090909,69995.87390972496,101.66789402597021,70642.33333333333,69632.34710275459,101.45045553195031,417.0,10210.0,0.040842311459353575,1.762736678907414,0.042654028436019065,,0.0038241706752888543,,0.02159279347304177,,1.5017411649693315,,0.023985066670096034,,1.5888792106028546,,-0.03023255813953485,,0.004052441507265962,,-0.09022093888938465,
2025-09-01,Region,MS,Mountain States,Model,Genesis,g70,G70,Near Luxury Car,88.0,2107.0,0.041765543426673,54393.73863636364,58431.89764705882,93.08911883182962,54314.568181818184,58415.03019570405,92.98046752668216,35.0,572.0,0.06118881118881119,0.682568309715913,-0.022222222222222254,,0.0003290793382752094,,0.003808694458183881,,0.7824572707042705,,0.017669247810346844,,1.7048695548382398,,0.2068965517241379,,0.02118881118881119,,-0.3533432924940316,
2025-09-01,Region,MS,Mountain States,Model,Genesis,g80,G80,Mid Luxury Car,32.0,849.0,0.03769140164899882,73350.53125,88117.27861612516,83.24193892726177,72086.65625,88390.50724514564,81.5547489167271,13.0,203.0,0.06403940886699508,0.5885657334420584,0.0,,0.0022146832454511475,,0.049315035423960873,,-0.35984580276398503,,0.039498990590864924,,-2.4309579896354876,,0.08333333333333326,,0.010942063734251717,,-0.07957912982475612,
2025-09-01,Region,MS,Mountain States,Model,Genesis,g90,G90,Premium Luxury Car,6.0,275.0,0.02181818181818182,104169.33333333333,141029.3127272727,73.86360418190475,100716.33333333333,141010.58909090908,71.42465965332705,8.0,78.0,0.10256410256410256,0.21272727272727276,0.0,,0.0018181818181818195,,0.018503701555093066,,0.5748693464832257,,0.03374965145260855,,1.3524298851612002,,0.1428571428571428,,0.005341880341880337,,0.007012987012987054,
2025-09-01,Region,MS,Mountain States,Model,Genesis,gv60,GV60,Entry Luxury EV SUV,3.0,86.0,0.03488372093023256,59711.666666666664,50151.441860465115,119.06271176170904,48980.333333333336,49118.98837209302,99.71771601298192,31.0,121.0,0.256198347107438,0.13615903975993998,-0.7,,-0.020671834625322995,,-0.05364534218749595,,-6.6645942966508045,,-0.20020617928235673,,-24.8904578978794,,1.3846153846153846,,0.16199544855671336,,-0.45358454998364967,
2025-09-01,Region,MS,Mountain States,Model,Genesis,gv70,GV70,Near Luxury SUV,428.0,7086.0,0.06040079029071409,63402.26869158878,61783.35418531718,102.62030854041319,63440.65962441314,61945.439386826,102.41376968569074,125.0,1922.0,0.06503642039542143,0.9287225515100199,-0.0046511627906976605,,-0.00312410260336185,,0.008382663695080117,,1.3633195717042241,,0.01658596760963338,,1.849215504301398,,-0.32432432432432434,,-0.015714343463155617,,0.14204401302176062,
2025-09-01,Region,MS,Mountain States,Model,Genesis,gv70_ev,GV70 EV,Near Luxury EV SUV,54.0,422.0,0.12796208530805686,67452.16666666667,62508.83980582524,107.90820446547586,59509.53703703704,61133.663507109006,97.34331892299714,54.0,4000.0,0.0135,9.47867298578199,-0.3493975903614458,,0.003896315502376735,,-0.015996050061457656,,-1.4800557515461037,,-0.11649525753312384,,-11.744728565533862,,1.076923076923077,,0.007747787610619469,,-12.089683918897787,
2025-09-01,Region,MS,Mountain States,Model,Genesis,gv80,GV80,Mid Luxury SUV,489.0,8613.0,0.05677464298153953,80906.05112474438,76813.33454122032,105.32813294458371,80753.27607361964,76351.23154965653,105.76551868858874,151.0,3314.0,0.04556427278213639,1.2460342174888874,0.21039603960396036,,0.009896016850186547,,0.008636181834233758,,-0.4765822831069926,,0.015149188134283564,,0.2304353024847643,,-0.044303797468354444,,0.003045435322502378,,0.14349640290592736,
2025-09-01,Region,SC,South Central,Brand,Genesis,brand,Genesis,Luxury Market,2075.0,29990.0,0.06918972990997,69629.90072289157,68658.45130440593,101.41490144334686,68685.58389585343,68193.97525917999,100.72089746169661,672.0,19057.0,0.03526263315317206,1.9621260162117533,0.017156862745097978,,0.0002405292475168852,,-0.010419410694846865,,-1.4488759221265468,,-0.002061810208073056,,-0.7733511543543585,,-0.23549488054607504,,-0.008786477345449836,,0.3968458123218195,
2025-09-01,Region,SC,South Central,Model,Genesis,g70,G70,Near Luxury Car,264.0,5508.0,0.04793028322440087,51129.51515151515,56618.09360858493,90.3059638584554,50501.753787878784,56669.275201598255,89.11663967506412,59.0,1714.0,0.03442240373395566,1.3924153465529339,0.007633587786259444,,0.001227965933848288,,0.0008247334418165497,,-0.033535767843815734,,0.010617376517724875,,0.9080458747838662,,-0.28915662650602414,,-0.005539079174084784,,0.22373205724597334,
2025-09-01,Region,SC,South Central,Model,Genesis,g80,G80,Mid Luxury Car,180.0,1640.0,0.10975609756097561,72642.91666666667,82910.06240099011,87.61652634553943,70791.03333333334,81121.01189104571,87.26596436988898,24.0,467.0,0.05139186295503212,2.135670731707317,0.139240506329114,,0.02119107513945094,,0.0383465706699293,,-1.2054075816446925,,0.04042920133025074,,-0.5843991167297133,,-0.3513513513513513,,-0.018026523536525105,,0.8598556789864347,
2025-09-01,Region,SC,South Central,Model,Genesis,g90,G90,Premium Luxury Car,92.0,1006.0,0.09145129224652088,104141.66304347826,129487.15838966203,80.42624792961145,102238.45652173914,130365.28535464534,78.42460225788632,24.0,268.0,0.08955223880597014,1.0212060967528165,0.01098901098901095,,0.0023229866637588803,,0.013856230067287534,,-0.261715641186413,,0.02416984285132351,,-0.08274079945695689,,0.1428571428571428,,0.000944643869261283,,0.015329505175931013,
2025-09-01,Region,SC,South Central,Model,Genesis,gv60,GV60,Entry Luxury EV SUV,17.0,46.0,0.3695652173913043,59796.117647058825,53417.934782608696,111.9401524795127,50833.0,48598.717391304344,104.59741064914489,8.0,32.0,0.25,1.4782608695652173,-0.43333333333333335,,0.020728008088978733,,0.030833063394468008,,0.8291735200615165,,-0.0675136755366571,,-3.453314382683857,,-0.4666666666666667,,0.022727272727272735,,-0.056622851365015325,
2025-09-01,Region,SC,South Central,Model,Genesis,gv70,GV70,Near Luxury SUV,809.0,9883.0,0.08185773550541334,61621.333745364645,61351.89324924012,100.43917225998216,61096.613102595795,61087.41570344129,100.0150561274341,313.0,3461.0,0.0904362900895695,0.9051425641668868,0.18970588235294117,,0.008888532801260535,,-0.009072499418770419,,-0.8167879724017268,,0.0021504422393197054,,0.1527500111083384,,-0.10826210826210825,,0.0023559889603348566,,0.07670304058839983,
2025-09-01,Region,SC,South Central,Model,Genesis,gv70_ev,GV70 EV,Near Luxury EV SUV,11.0,438.0,0.02511415525114155,68660.27272727272,63091.04895104895,108.82728036515104,61689.545454545456,62334.04197530864,98.96606011684838,14.0,5763.0,0.0024292903001908728,10.338062622309197,-0.5,,-0.015401498524180733,,-0.02005336578789796,,-1.6912111525350895,,-0.0823645389476304,,-8.546102208997098,,0.16666666666666674,,-0.00019079703605366866,,-5.125411901938808,
2025-09-01,Region,SC,South Central,Model,Genesis,gv80,GV80,Mid Luxury SUV,702.0,18197.0,0.03857778754739792,80774.4131054131,72924.09470254803,110.76505431419608,79890.45363766048,72369.59908154838,110.39228440057731,230.0,7352.0,0.031284004352557127,1.2331473654281284,-0.11919698870765372,,-0.006572903592416267,,0.002966157974182204,,-0.035524595568517725,,0.010796013714303943,,0.5665433579875554,,-0.36111111111111116,,-0.011183849841143477,,0.16997400767200377,
2025-09-01,Region,SO,Southern,Brand,Genesis,brand,Genesis,Luxury Market,5913.0,44328.0,0.13339198700595561,68663.24407983762,67679.25206083443,101.45390498423166,67791.84196277495,66953.34699064239,101.25235706625652,1411.0,24155.0,0.058414406955081766,2.2835460284400124,0.03682272488164129,,0.003742991825451847,,0.01996254811499032,,1.2592888378795806,,0.028694145773772606,,1.8512174581229033,,-0.21828254847645434,,-0.0033943113272864867,,0.18596175904596723,
2025-09-01,Region,SO,Southern,Model,Genesis,g70,G70,Near Luxury Car,895.0,8517.0,0.1050839497475637,50444.69497206704,54644.778038063916,92.3138436703481,49827.48715083799,54471.67518087855,91.47412299214393,165.0,2360.0,0.06991525423728813,1.5030189176015174,-0.08580183861082735,,-0.00883273631247819,,0.0008173545047547304,,0.19391000719537033,,0.01588598612941894,,1.3949427875090379,,-0.4368600682593856,,-0.022281095668312878,,0.2674311077079572,
2025-09-01,Region,SO,Southern,Model,Genesis,g80,G80,Mid Luxury Car,320.0,2298.0,0.1392515230635335,72539.553125,84448.12763986015,85.89835577451073,70192.321875,82289.93965608465,85.29878885360182,80.0,821.0,0.09744214372716199,1.4290687554395127,0.07744107744107742,,0.02480065601151038,,0.034881667660434434,,-2.4721334956554273,,0.026622111866355658,,-2.7259224249800553,,-0.19191919191919193,,-0.02432907398501513,,0.489184362375929,
2025-09-01,Region,SO,Southern,Model,Genesis,g90,G90,Premium Luxury Car,148.0,1610.0,0.09192546583850932,103708.88513513513,135404.34099378882,76.59199429942383,100889.02702702703,133984.22622747047,75.29918249909778,45.0,406.0,0.11083743842364532,0.8293719806763284,0.02777777777777768,,0.004280913190913449,,0.014867068306935627,,-0.16359554195393855,,0.03955951387005707,,1.2513815095771577,,0.0714285714285714,,-0.011969579120214319,,0.11569490911733349,
2025-09-01,Region,SO,Southern,Model,Genesis,gv60,GV60,Entry Luxury EV SUV,22.0,50.0,0.44,55928.77272727273,52630.1,106.2676543029041,52922.545454545456,49441.46,107.04082252940236,13.0,57.0,0.22807017543859648,1.9292307692307693,-0.5,,0.05739130434782608,,-0.05367540798770676,,-5.813592028282713,,-0.0807985072299634,,-7.101673116617604,,-0.6388888888888888,,-0.04885290148448046,,0.5475882571534747,
2025-09-01,Region,SO,Southern,Model,Genesis,gv70,GV70,Near Luxury SUV,2093.0,16050.0,0.130404984423676,60838.78547539417,60301.15802766872,100.89157068505843,60500.95745697897,60039.15406288994,100.76917038771948,596.0,4992.0,0.11939102564102565,1.0922511447030043,0.014050387596899139,,-0.002868083310552688,,0.004673587523110312,,0.26282873093492753,,0.01208611106987223,,0.6761942451104517,,-0.16056338028169015,,-0.0027700204704678155,,0.0012890747433744743,
2025-09-01,Region,SO,Southern,Model,Genesis,gv70_ev,GV70 EV,Near Luxury EV SUV,71.0,838.0,0.08472553699284009,71068.98591549296,62735.57228195938,113.28339462032768,67030.57746478873,61832.84115523466,108.40610945970424,37.0,6551.0,0.00564799267287437,15.000999806489066,-0.33018867924528306,,-0.014711611224795931,,-0.01020466391420638,,0.43396767070356645,,-0.006691052642803452,,0.1902699489043016,,-0.28846153846153844,,-0.0001822573551556782,,-2.054383365685851,
2025-09-01,Region,SO,Southern,Model,Genesis,gv80,GV80,Mid Luxury SUV,2364.0,24584.0,0.09616010413276928,79820.40457046128,72162.62747447216,110.6118324179619,78818.6265876376,71252.54304360229,110.61868562277886,475.0,8968.0,0.05296610169491525,1.815502766026684,0.14258095698405016,,0.008509182717814825,,0.007879278810200674,,0.028581048213879967,,0.015396259276278856,,0.5769153196095971,,-0.1710296684118674,,-0.004282374676350606,,0.28444155757593514,
2025-09-01,Region,WE,Western,Brand,Genesis,brand,Genesis,Luxury Market,2935.0,42085.0,0.06973981228466199,68767.0081799591,69297.66311951271,99.23423833407134,68393.19815825376,69222.77958797038,98.80157740753191,936.0,37763.0,0.024786166353308794,2.8136586872924045,0.02514844568634289,,0.0011107162326927655,,0.015425669121333696,,1.3560955222097704,,0.019290725391264862,,1.6417978569072886,,-0.15217391304347827,,-0.007379791341464239,,0.6800646341260208,
2025-09-01,Region,WE,Western,Model,Genesis,g70,G70,Near Luxury Car,356.0,10744.0,0.033134772896500374,50860.1404494382,55561.00888061091,91.53926732814752,51003.32584269663,55830.51161050084,91.35385718568931,104.0,2801.0,0.03712959657265263,0.8924086431067071,-0.09873417721518984,,-0.0026085987440751385,,0.002887316152921926,,0.10718277967026779,,0.01904494364688114,,1.5248680726419082,,-0.26241134751773054,,0.0028813575636655042,,-0.15124710898016813,
2025-09-01,Region,WE,Western,Model,Genesis,g80,G80,Mid Luxury Car,151.0,3496.0,0.04319221967963387,72171.68874172185,87432.48987264834,82.54561759232189,71709.44370860927,86713.24920602723,82.69721682119243,49.0,893.0,0.054871220604703244,0.7871561668145519,0.36036036036036045,,0.015764495439455958,,0.010377572822227066,,-4.4742698653613076,,0.012286861621430667,,-4.267873477559135,,0.02083333333333326,,0.008087594873709095,,0.20088856118074905,
2025-09-01,Region,WE,Western,Model,Genesis,g90,G90,Premium Luxury Car,52.0,2110.0,0.024644549763033177,104900.94117647059,133089.42619838633,78.81989138648979,104056.70588235294,133206.54506641367,78.11681162548935,21.0,500.0,0.042,0.5867749943579328,0.20930232558139528,,0.0049559050743884885,,0.010458958967304754,,-0.6430283217621167,,0.01882746394465884,,-0.11936128898042853,,-0.045454545454545414,,-0.0016507936507936458,,0.13572604330898175,
2025-09-01,Region,WE,Western,Model,Genesis,gv60,GV60,Entry Luxury EV SUV,17.0,253.0,0.06719367588932806,61403.58823529412,50215.16205533597,122.28097196545689,53946.17647058824,48485.407114624504,111.26270703070288,111.0,310.0,0.3580645161290323,0.18765801374497026,-0.6599999999999999,,-0.0429384827009803,,0.012787229388742993,,2.5028113169646105,,-0.0852387862066235,,-8.930314160280659,,1.2653061224489797,,0.18491963980394394,,-0.4484113919908923,
2025-09-01,Region,WE,Western,Model,Genesis,gv70,GV70,Near Luxury SUV,1121.0,17613.0,0.06364617044228695,60969.313113291704,61821.603818026735,98.62137076345712,60957.671428571426,62166.760069400974,98.05508821839877,296.0,5352.0,0.05530642750373692,1.1507915682672964,0.05555555555555558,,-0.0038338143079989923,,0.005188863609374206,,1.7455701920091968,,0.011108568198617164,,2.0306379994956814,,-0.18904109589041096,,-0.008348961404529565,,0.09070873934088675,
2025-09-01,Region,WE,Western,Model,Genesis,gv70_ev,GV70 EV,Near Luxury EV SUV,119.0,1171.0,0.10162254483347566,70124.28571428571,65219.656386986295,107.52017045014372,65999.77118644067,64725.16895547946,101.96925284480591,64.0,21108.0,0.0030320257722190637,33.516385567890694,-0.37037037037037035,,-0.008197327333868909,,-0.008681543604191044,,-2.1852554780136018,,-0.04643708256449475,,-6.710731111878175,,-0.2808988764044944,,-0.003045548660995905,,15.446697837344697,
2025-09-01,Region,WE,Western,Model,Genesis,gv80,GV80,Mid Luxury SUV,1119.0,20217.0,0.055349458376613744,80136.78999106344,75033.66196435643,106.80111818230486,79766.76050044682,74748.41413853028,106.71364927236597,291.0,6799.0,0.04280041182526842,1.2931992010398519,0.10463968410661395,,0.0050265572340404685,,0.0060885824561363044,,-0.29220329220036945,,0.00889034630225427,,0.08972786560269697,,-0.25384615384615383,,-0.005864424710793473,,0.2591280990998974,
2025-09-01,National,NTL,National,Brand,Genesis,brand,Genesis,Luxury Market,20617.0,225667.0,0.09136027864065194,68671.08687848655,68289.02771636215,100.5594737176685,68022.12961614985,67761.7474379857,100.38426130967541,5839.0,144524.0,0.040401594198887385,2.261303803778315,0.03002597921662664,,0.0027099637407024257,,0.01427148933011857,,0.9016630938769765,,0.02069751402664166,,1.3972498964169944,,-0.1958407932791626,,-0.006868386986865871,,0.38589973810739564,
2025-09-01,National,NTL,National,Model,Genesis,g70,G70,Near Luxury Car,2745.0,43450.0,0.06317606444188723,51551.285245901636,55933.86689841914,92.16470826078115,51161.80502915452,55916.94702407002,91.49606291475713,604.0,11836.0,0.051030753632984115,1.237999832341353,-0.08713002993016294,,-0.0037011457086810196,,-0.0007636230179838277,,-0.039213693358490787,,0.01147642074407762,,1.0243960829051844,,-0.347732181425486,,-0.006628025943603684,,0.07812078804532074,
2025-09-01,National,NTL,National,Model,Genesis,g80,G80,Mid Luxury Car,1272.0,13169.0,0.09659047763687448,72960.70911949685,84897.6538675263,85.93960586159922,71666.56761006289,83934.33600461006,85.3840883498818,306.0,4009.0,0.0763282614118234,1.265461519105326,0.3208722741433021,,0.03071279259104058,,0.026492189483223516,,-2.485488758886433,,0.02600784085204877,,-2.717767970208712,,-0.009708737864077666,,0.00485012123139314,,0.3438135176388538,
2025-09-01,National,NTL,National,Model,Genesis,g90,G90,Premium Luxury Car,426.0,7610.0,0.05597897503285151,104036.00470588235,132993.60176865378,78.2263231631669,102020.75294117647,132654.23498355047,76.90727171569559,127.0,1964.0,0.06466395112016293,0.8656906060198455,0.05707196029776673,,0.0050372483232067125,,0.013248589828058543,,-0.33959056551216804,,0.031005612038609298,,0.7138389105320044,,-0.1858974358974359,,-0.022147401133593328,,0.2788811002683602,
2025-09-01,National,NTL,National,Model,Genesis,gv60,GV60,Entry Luxury EV SUV,147.0,760.0,0.19342105263157894,61428.38775510204,51268.99868421053,119.81585233108976,53429.986394557825,48619.87368421053,109.89330565025593,232.0,812.0,0.2857142857142857,0.6769736842105263,-0.46545454545454545,,0.0009787853117748657,,-0.015441041031449276,,-1.524561166292358,,-0.09862549848349778,,-9.542133682341117,,0.35672514619883033,,0.11505560307955515,,-0.4506704786809572,
2025-09-01,National,NTL,National,Model,Genesis,gv70,GV70,Near Luxury SUV,8066.0,88253.0,0.09139632647048826,61340.72948177535,61074.945379131044,100.43517697968358,61104.71433887373,60995.80601028506,100.17855051963787,2407.0,28659.0,0.08398757807320563,1.0882124305432999,0.04862194487779514,,-0.0008294660574480472,,0.004069898485790979,,0.7209297518979554,,0.010842746273394877,,1.1500325431974971,,-0.21004266491631107,,-0.009375579176457316,,0.10039458842261417,
2025-09-01,National,NTL,National,Model,Genesis,gv70_ev,GV70 EV,Near Luxury EV SUV,358.0,4517.0,0.07925614345804738,69802.65083798883,64047.609045495105,108.98556851420594,65579.3949579832,63266.747634697065,103.65539151251994,248.0,50809.0,0.004881025015253203,16.237602390967457,-0.3490909090909091,,-0.0052942024297312484,,-0.00945632874476554,,-1.3634453165091287,,-0.03562798128143829,,-4.5361251885671265,,0.004048582995951344,,-0.0005801936988177265,,0.7556467480020643,
2025-09-01,National,NTL,National,Model,Genesis,gv80,GV80,Mid Luxury SUV,7603.0,124167.0,0.06123205038375736,80022.52144172587,73360.8991154993,109.08061706787224,79333.29986842105,72646.43813976386,109.20466563796616,1915.0,46435.0,0.041240443630881876,1.4847573157022314,0.06693797361773779,,0.0027642257380021476,,0.010287467131236516,,0.2266570773920904,,0.016247896914804327,,0.7918550206893968,,-0.20374220374220375,,-0.004515915646909639,,0.20694969357934578,
2025-10-01,Region,CE,Central,Brand,Genesis,brand,Genesis,Luxury Market,3179.0,29379.0,0.10820654208788591,68840.57187794904,67936.65831318738,101.33052403106821,68263.1450141554,66525.3509645864,102.61222830751255,669.0,14150.0,0.047279151943462897,2.288673498570382,-0.046776611694152925,,-0.01684032705347141,,-0.0024326544071265888,,-0.12326790779944474,,-0.002152685211817551,,-0.1534643857395963,,-0.15209125475285168,,-0.008555537745872609,,0.049082487370736505,
2025-10-01,Region,CE,Central,Model,Genesis,g70,G70,Near Luxury Car,320.0,4025.0,0.07950310559006211,52447.23125,56963.177304823475,92.07216614575837,51655.04375,56119.869004975124,92.04412744694875,47.0,1197.0,0.03926482873851295,2.0247918593894543,0.02893890675241151,,-0.0012971022561317075,,-0.008000545487254263,,-1.1092351438467745,,-0.009801283314467946,,-1.264902898051531,,-0.3285714285714286,,-0.019707370082043076,,0.6546511920547105,
2025-10-01,Region,CE,Central,Model,Genesis,g80,G80,Mid Luxury Car,164.0,1176.0,0.13945578231292516,73784.9512195122,84837.46422619048,86.97213181995811,72656.61585365854,84408.26648576513,86.07760694376016,45.0,365.0,0.1232876712328767,1.1311413454270596,-0.0060606060606061,,-0.005662951196309662,,0.013446614485304043,,0.5813299985588145,,0.011959625401054774,,0.08341490855501377,,0.022727272727272707,,0.003722453841572354,,-0.08257897119563151,
2025-10-01,Region,CE,Central,Model,Genesis,g90,G90,Premium Luxury Car,36.0,589.0,0.06112054329371817,103906.11111111111,134380.764604811,77.32216096305136,101064.77777777778,132621.05272108843,76.2056820573761,6.0,132.0,0.045454545454545456,1.3446519524617997,0.0,,0.004248505379026227,,0.01159298947035925,,0.17467144145963687,,0.01812049943236138,,0.9603248941140237,,-0.4,,-0.007736943907156672,,0.2754576396655912,
2025-10-01,Region,CE,Central,Model,Genesis,gv60,GV60,Entry Luxury EV SUV,2.0,32.0,0.0625,55802.5,48089.96875,116.03771316653226,51405.5,46815.96875,109.80334567999301,4.0,20.0,0.2,0.3125,-0.33333333333333337,,-0.005681818181818177,,-0.09831142949477534,,-10.946295382967392,,-0.031199939692052592,,-4.980899561838754,,-0.33333333333333337,,0.053658536585365874,,-0.15340909090909088,
2025-10-01,Region,CE,Central,Model,Genesis,gv70,GV70,Near Luxury SUV,1519.0,9863.0,0.1540099361249113,62671.50757077024,61137.364059837724,102.50933865815834,62435.51547070441,60629.26948309129,102.97916501883115,301.0,3298.0,0.09126743480897513,1.6874577054483637,-0.036778693722257505,,-0.02160253603544507,,0.0007930911838280874,,0.7886279600156456,,0.0008425152185909113,,0.7334046123045965,,-0.07951070336391441,,-0.015805256743087734,,0.04733388288650331,
2025-10-01,Region,CE,Central,Model,Genesis,gv70_ev,GV70 EV,Near Luxury EV SUV,26.0,525.0,0.049523809523809526,69273.11538461539,62735.00571428571,110.42178859456268,65692.07692307692,62122.706666666665,105.7456773021216,2.0,2605.0,0.0007677543186180423,64.5047619047619,-0.40909090909090906,,-0.02780483722487237,,0.009328646865792933,,1.3948510358867168,,-0.0045023273045498025,,-0.3503258349555125,,-0.9428571428571428,,-0.010041387126718586,,57.350757385555276,
2025-10-01,Region,CE,Central,Model,Genesis,gv80,GV80,Mid Luxury SUV,1112.0,18423.0,0.06035933344189329,80133.98021582734,72099.01156523156,111.14435340535307,79383.5917266187,70284.08892606877,112.94674646792622,264.0,6533.0,0.04041022501148018,1.4936648688480638,-0.07256046705587993,,-0.012470648942848259,,0.000531109757122783,,-0.2860166451829258,,0.0012286915164043677,,-0.23393883143378957,,-0.11111111111111116,,-0.008640146582244018,,0.008865059623787586,
2025-10-01,Region,EA,Eastern,Brand,Genesis,brand,Genesis,Luxury Market,3439.0,52519.0,0.0654810639958872,67693.08083745276,67597.11566945328,100.14196636505726,67504.33469031696,67251.53160227317,100.3759068113703,1057.0,23714.0,0.044572826178628656,1.4690803704810493,-0.055219780219780246,,-0.00949627801614214,,0.013033698305779051,,0.8047542012581772,,0.01658057787183531,,1.2203456300330373,,-0.04602888086642598,,0.0037459718361694677,,-0.36739082524500155,
2025-10-01,Region,EA,Eastern,Model,Genesis,g70,G70,Near Luxury Car,564.0,9322.0,0.06050203818922978,52459.285460992905,56871.24742437245,92.2421923850948,52422.49290780142,56881.08654469364,92.16155332513043,113.0,2544.0,0.04441823899371069,1.362098983658412,-0.12422360248447206,,-0.010454330255018796,,-0.004060906303423151,,-1.2321866884358883,,-0.003241834571745761,,-0.9776238517201818,,-0.03418803418803418,,-0.00912867176143805,,0.0369736413448809,
2025-10-01,Region,EA,Eastern,Model,Genesis,g80,G80,Mid Luxury Car,291.0,2787.0,0.10441334768568353,74145.80412371134,83561.71301399353,88.73179049272795,73346.02749140894,84078.09138748543,87.23560000117475,50.0,915.0,0.0546448087431694,1.9107642626480086,-0.030000000000000027,,-0.001743764840855755,,0.0021685025603441765,,0.19481947944741762,,3.546091122919037e-05,,-0.8190999409027455,,-0.16666666666666663,,-0.011216881706885486,,0.2989454374533871,
2025-10-01,Region,EA,Eastern,Model,Genesis,g90,G90,Premium Luxury Car,73.0,1486.0,0.04912516823687752,105481.76712328767,131958.3703578663,79.93563942721099,105510.6301369863,131755.49189736665,80.08063164393613,17.0,431.0,0.03944315545243619,1.2454675005937772,0.08955223880597019,,0.004724903160668113,,0.008048580302202124,,-0.14058289092207588,,0.01045186942679166,,-0.06130042706445238,,0.8888888888888888,,0.01618734149894782,,-0.6637438976832273,
2025-10-01,Region,EA,Eastern,Model,Genesis,gv60,GV60,Entry Luxury EV SUV,37.0,141.0,0.2624113475177305,59467.94594594595,52129.58156028369,114.07715958198519,53335.35135135135,50107.17730496454,106.44253821511309,30.0,77.0,0.38961038961038963,0.6735224586288415,-0.4931506849315068,,-0.1025886524822695,,-0.06642080653148996,,-5.308435537267144,,0.004439484290227558,,-1.6714694165615356,,-0.3877551020408163,,0.11120129870129875,,-0.637497949534424,
2025-10-01,Region,EA,Eastern,Model,Genesis,gv70,GV70,Near Luxury SUV,1345.0,23310.0,0.0577005577005577,61154.92416356877,59974.52525399004,101.96816715860572,61213.95910780669,59959.839166809674,102.09159990824529,491.0,7272.0,0.06751925192519252,0.8545793393043902,-0.06662040249826506,,-0.009204447406694592,,0.008710095584442357,,1.4587711546929256,,0.010709734392212678,,1.716921853675359,,-0.059386973180076574,,-0.005132105068544432,,-0.06632575972934107,
2025-10-01,Region,EA,Eastern,Model,Genesis,gv70_ev,GV70 EV,Near Luxury EV SUV,25.0,484.0,0.05165289256198347,71180.76,64528.20752066116,110.30952622883375,70888.16,64341.65090909091,110.17460540476142,0.0,2460.0,0.0,,-0.19354838709677424,,0.01070176970861491,,0.003860375102701541,,1.3981992812981048,,0.010294022183379381,,1.3780537005054896,,-1.0,,-0.004370761115297664,,,
2025-10-01,Region,EA,Eastern,Model,Genesis,gv80,GV80,Mid Luxury SUV,1104.0,28163.0,0.03920036927884103,79438.10144927536,73847.09244114617,107.57106180258221,79218.08333333333,73337.16891363023,108.01900933294696,356.0,10015.0,0.03554667998002996,1.1027856694595306,0.01845018450184499,,-0.003887316546741286,,0.0025350093761187242,,-0.8721138869764502,,0.004202039766870724,,-0.5301186451284252,,0.10559006211180133,,0.002213346646696625,,-0.18984490530793896,
2025-10-01,Region,MA,Mid-Atlantic,Brand,Genesis,brand,Genesis,Luxury Market,1798.0,22040.0,0.08157894736842106,70277.49221357063,68680.44482407955,102.32533058512044,69821.36004451865,68191.95759921808,102.38943491676393,516.0,11329.0,0.045546826727866536,1.7911005711954306,0.1105620753551575,,-0.004689502570301166,,0.01754441944998142,,1.5309804512381646,,0.020723303772615775,,1.7032483806269028,,0.01976284584980248,,0.003621232229565105,,-0.2665554017501002,
2025-10-01,Region,MA,Mid-Atlantic,Model,Genesis,g70,G70,Near Luxury Car,192.0,4141.0,0.046365612170973194,50848.96875,56110.10928985508,90.62354251944701,50291.69109947644,55937.60633969557,89.90676289233248,42.0,1143.0,0.03674540682414698,1.2618070169386277,0.02673796791443861,,-0.004881304792578464,,-0.010025643140579965,,-1.6055299569082564,,-0.007974006476243467,,-1.2461377042033064,,-0.2222222222222222,,-0.01635193830859638,,0.29665674745840487,
2025-10-01,Region,MA,Mid-Atlantic,Model,Genesis,g80,G80,Mid Luxury Car,113.0,1016.0,0.11122047244094488,74051.27433628318,83908.11928078819,88.25281149310439,73230.43362831858,83590.37284394252,87.60630098520409,29.0,381.0,0.07611548556430446,1.4612068965517242,-0.08870967741935487,,-0.023124056269781007,,0.013068651723414426,,-1.0168592325269117,,0.012173828077254756,,-1.7478280349552193,,-0.19444444444444442,,-0.027930757210262017,,0.17000670394308104,
2025-10-01,Region,MA,Mid-Atlantic,Model,Genesis,g90,G90,Premium Luxury Car,29.0,483.0,0.060041407867494824,105151.20689655172,135960.2625,77.33966157689032,103326.58620689655,135891.79253112033,76.03592850041619,7.0,147.0,0.047619047619047616,1.2608695652173914,0.15999999999999992,,0.006508217289336364,,0.010374858669750076,,-0.10648773291697466,,0.01681421479920031,,0.30923214737021,,-0.30000000000000004,,-0.025373653110879385,,0.5274648542966204,
2025-10-01,Region,MA,Mid-Atlantic,Model,Genesis,gv60,GV60,Entry Luxury EV SUV,13.0,78.0,0.16666666666666666,59390.46153846154,52135.0,113.91668080648611,59481.153846153844,50971.58974358974,116.69471983387427,11.0,35.0,0.3142857142857143,0.5303030303030303,0.08333333333333326,,0.018518518518518517,,-0.01607889964610365,,-7.021574711158024,,-0.017205934220267727,,-9.148479381646908,,-0.2142857142857143,,0.1276190476190476,,-0.26334776334776333,
2025-10-01,Region,MA,Mid-Atlantic,Model,Genesis,gv70,GV70,Near Luxury SUV,627.0,8249.0,0.07600921323796823,60954.30303030303,61006.8846010929,99.91381043117727,60690.20255183413,60643.05883876459,100.07773966876388,207.0,2883.0,0.07180020811654526,1.058621071328804,0.05025125628140703,,-0.008039780145109338,,0.011208464280123343,,2.0013333610634163,,0.015467127911850342,,2.3547198619103824,,-0.09210526315789469,,-0.012863735440825697,,0.06588449597517287,
2025-10-01,Region,MA,Mid-Atlantic,Model,Genesis,gv70_ev,GV70 EV,Near Luxury EV SUV,17.0,187.0,0.09090909090909091,71828.64705882352,64122.34759358289,112.01811810460268,70005.05882352941,63228.0320855615,110.71838947762458,0.0,2127.0,0.0,,-0.3928571428571429,,0.003952569169960479,,0.014213250641350372,,4.586232458020973,,0.034957737206694484,,6.104251609043018,,-1.0,,-0.0042686397268070575,,,
2025-10-01,Region,MA,Mid-Atlantic,Model,Genesis,gv80,GV80,Mid Luxury SUV,807.0,13025.0,0.06195777351247601,80504.6332094176,74549.05567380789,107.98880345536308,80019.40892193309,74017.6392421797,108.1085667432814,220.0,4613.0,0.04769130717537394,1.2991418600593265,0.24922600619195046,,0.0028814132015477917,,0.002950031426011801,,-0.6471406302549667,,0.004992933871441396,,-0.5365780292327429,,0.47651006711409405,,0.01293506738064569,,-0.4005920772087892,
2025-10-01,Region,MS,Mountain States,Brand,Genesis,brand,Genesis,Luxury Market,1102.0,16743.0,0.06581855103625396,71720.87931034483,70122.41694682061,102.27953118720433,71517.82032667876,69688.93054534536,102.62436195680084,296.0,9798.0,0.030210246989181466,2.178682983287893,0.0018181818181817189,,-0.006175689424509176,,0.00783477099977481,,0.611637161234114,,0.012393234368609507,,1.1739064248505287,,-0.290167865707434,,-0.01063206447017211,,0.4159463043804792,
2025-10-01,Region,MS,Mountain States,Model,Genesis,g70,G70,Near Luxury Car,87.0,2089.0,0.04164672091910005,54304.85057471264,58938.04043186181,92.13888038489235,54332.45977011494,58874.14634005764,92.28577083103698,18.0,598.0,0.030100334448160536,1.3835966172012129,-0.011363636363636354,,-0.00011882250757294655,,-0.0016341598110259925,,-0.9502384469372771,,0.0003294068036565623,,-0.6946966956451774,,-0.48571428571428577,,-0.031088476740650656,,0.7010283074852999,
2025-10-01,Region,MS,Mountain States,Model,Genesis,g80,G80,Mid Luxury Car,34.0,758.0,0.044854881266490766,75226.67647058824,88229.79298013245,85.26221577730297,74144.85294117648,87620.33660537482,84.62059815532399,11.0,206.0,0.05339805825242718,0.840009594627009,0.0625,,0.007163479617491947,,0.025577800032474007,,2.020276850041199,,0.028551701497133486,,3.0658492385968827,,-0.15384615384615385,,-0.010641350614567897,,0.25144386118495055,
2025-10-01,Region,MS,Mountain States,Model,Genesis,g90,G90,Premium Luxury Car,7.0,255.0,0.027450980392156862,105583.28571428571,144265.53386454182,73.1867708703197,103011.28571428571,143763.34710743802,71.65337186905,4.0,72.0,0.05555555555555555,0.49411764705882355,0.16666666666666674,,0.0056327985739750425,,0.013573595373101321,,-0.6768333115850425,,0.02278629796179077,,0.22871221572295042,,-0.5,,-0.04700854700854701,,0.2813903743315508,
2025-10-01,Region,MS,Mountain States,Model,Genesis,gv60,GV60,Entry Luxury EV SUV,3.0,61.0,0.04918032786885246,58349.666666666664,50319.65573770492,115.95800052929374,55025.666666666664,49614.54098360656,110.90633023259859,5.0,46.0,0.10869565217391304,0.4524590163934426,0.0,,0.0142966069386199,,-0.02280961286180816,,-3.1047112324152977,,0.12342368705807072,,11.188614219616667,,-0.8387096774193549,,-0.14750269493352497,,0.3162999766335026,
2025-10-01,Region,MS,Mountain States,Model,Genesis,gv70,GV70,Near Luxury SUV,438.0,7898.0,0.0554570777412003,63629.85388127854,61564.20890738153,103.35526925555823,63716.086757990866,61665.326842238865,103.32562887568658,117.0,2040.0,0.057352941176470586,0.9669439195901591,0.02336448598130847,,-0.004943712549513785,,0.0035895433142434374,,0.7349607151450357,,0.004341492273383096,,0.9118591899958375,,-0.06399999999999995,,-0.007683479218950844,,0.038221368080139206,
2025-10-01,Region,MS,Mountain States,Model,Genesis,gv70_ev,GV70 EV,Near Luxury EV SUV,21.0,235.0,0.08936170212765958,67400.95238095238,63159.76068376069,106.71502179754486,61581.857142857145,62460.48936170213,98.5932991754885,3.0,3147.0,0.0009532888465204957,93.7404255319149,-0.6111111111111112,,-0.03860038318039728,,-0.0007592682080529434,,-1.1931826679309978,,0.03482332763789375,,1.2499802524913548,,-0.9444444444444444,,-0.012546711153479504,,84.2617525461329,
2025-10-01,Region,MS,Mountain States,Model,Genesis,gv80,GV80,Mid Luxury SUV,512.0,9869.0,0.05187962306211369,81161.625,77449.02965324953,104.79359827149844,81011.265625,76984.24960566538,105.23096093027095,138.0,3689.0,0.0374085117918135,1.3868400686676623,0.04703476482617597,,-0.0048950199194258415,,0.003158896914416953,,-0.5345346730852754,,0.0031947874306073043,,-0.5345577583177885,,-0.08609271523178808,,-0.008155760990322891,,0.14080585117877487,
2025-10-01,Region,SC,South Central,Brand,Genesis,brand,Genesis,Luxury Market,2342.0,34160.0,0.06855971896955504,68777.93125533732,68842.7226553606,99.90588489600036,67962.83425886373,68451.54101376134,99.28605441505056,727.0,20104.0,0.03616195781933944,1.8959072767041738,0.1286746987951808,,-0.0006300109404149545,,-0.012235684076943754,,-1.509016547346505,,-0.010522581246242169,,-1.4348430466460513,,0.08184523809523814,,0.0008993246661673782,,-0.0662187395075795,
2025-10-01,Region,SC,South Central,Model,Genesis,g70,G70,Near Luxury Car,329.0,6255.0,0.05259792166266986,50976.55015197569,56397.3916247799,90.38813442141108,50413.95744680851,56355.44993759001,89.45711107379798,55.0,1855.0,0.029649595687331536,1.7739844488045926,0.2462121212121211,,0.004667638438268992,,-0.0029917162149136756,,0.0821705629556817,,-0.0017384810325408173,,0.3404713987338539,,-0.06779661016949157,,-0.004772808046624121,,0.38156910225165874,
2025-10-01,Region,SC,South Central,Model,Genesis,g80,G80,Mid Luxury Car,176.0,1732.0,0.10161662817551963,73207.13068181818,83274.27939095128,87.91085460869563,70862.44886363637,82760.17917598589,85.62384660012695,40.0,545.0,0.07339449541284404,1.3845265588914548,-0.022222222222222254,,-0.008139469385455983,,0.007766951563088931,,0.29432826315620275,,0.0010088216959167617,,-1.6421177697620237,,0.6666666666666667,,0.02200263245781192,,-0.7511441728158623,
2025-10-01,Region,SC,South Central,Model,Genesis,g90,G90,Premium Luxury Car,84.0,1049.0,0.08007626310772165,104306.34523809524,133414.07977099236,78.18241179427159,101950.16666666667,133175.44765550242,76.55327499284317,32.0,270.0,0.11851851851851852,0.6756434699714013,-0.08695652173913049,,-0.01137502913879923,,0.0015813286421999528,,-2.243836135339862,,-0.002819779023279456,,-1.8713272650431492,,0.33333333333333326,,0.02896627971254838,,-0.34556262678141514,
2025-10-01,Region,SC,South Central,Model,Genesis,gv60,GV60,Entry Luxury EV SUV,9.0,40.0,0.225,60195.22222222222,54700.95,110.04419890737222,48956.22222222222,49802.775,98.30018954209322,2.0,12.0,0.16666666666666666,1.35,-0.47058823529411764,,-0.14456521739130432,,0.006674422870044383,,-1.8959535721404848,,-0.036920460680616496,,-6.297221107051669,,-0.75,,-0.08333333333333334,,-0.1282608695652172,
2025-10-01,Region,SC,South Central,Model,Genesis,gv70,GV70,Near Luxury SUV,940.0,11057.0,0.08501401826896988,61182.99680851064,60906.97955501179,100.45317836398297,60712.824468085106,60627.36705221174,100.14095518249997,334.0,3990.0,0.0837092731829574,1.015586625428712,0.16192830655129797,,0.0031562827635565477,,-0.007113395803234779,,0.01400610400081348,,-0.00628166791940199,,0.1258990550658723,,0.06709265175718859,,-0.006727016906612093,,0.11044406126182527,
2025-10-01,Region,SC,South Central,Model,Genesis,gv70_ev,GV70 EV,Near Luxury EV SUV,6.0,332.0,0.018072289156626505,68815.66666666667,61910.17737003058,111.15404540898457,57692.0,61436.024242424246,93.90581619075729,0.0,5447.0,0.0,,-0.4545454545454546,,-0.007041866094515046,,0.0022632292768658413,,2.3267650438335323,,-0.06480101976907837,,-5.06024392609109,,-1.0,,-0.0024292903001908728,,,
2025-10-01,Region,SC,South Central,Model,Genesis,gv80,GV80,Mid Luxury SUV,798.0,20700.0,0.03855072463768116,80443.32581453634,73597.22543852002,109.3021174850338,79827.33375156838,73158.17295185974,109.11608441082467,264.0,7985.0,0.03306199123356293,1.1660133948177427,0.1367521367521367,,-2.7062909716761563e-05,,-0.004098912986773229,,-1.462936829162274,,-0.0007900804566509656,,-1.2761999897526408,,0.14782608695652177,,0.0017779868810058053,,-0.06713397061038573,
2025-10-01,Region,SO,Southern,Brand,Genesis,brand,Genesis,Luxury Market,5753.0,48819.0,0.11784346258628813,69527.35970097357,67880.41460572155,102.42624489673224,68641.63182608696,67238.08564836113,102.0874273325776,1551.0,24352.0,0.06369086727989487,1.8502411353328747,-0.027059022492812446,,-0.01554852441966749,,0.012584835347004608,,0.9723399125005869,,0.01253528210339283,,0.8350702663210825,,0.09922041105598867,,0.005276460324813104,,-0.4333048931071377,
2025-10-01,Region,SO,Southern,Model,Genesis,g70,G70,Near Luxury Car,821.0,9370.0,0.08762006403415155,50347.08891595615,54970.63434661823,91.58906298677901,49663.92082825822,54735.969037947616,90.73361027705013,200.0,2802.0,0.07137758743754462,1.227557097118463,-0.08268156424581008,,-0.017463885713412147,,-0.0019349122076154357,,-0.7247806835690938,,-0.003282652446121137,,-0.7405127150938,,0.21212121212121215,,0.0014623332002564882,,-0.27546182048305434,
2025-10-01,Region,SO,Southern,Model,Genesis,g80,G80,Mid Luxury Car,343.0,2659.0,0.128995863106431,74650.5889212828,83939.52014334213,88.9337808862896,70981.42274052478,83422.81420155038,85.08634408931941,81.0,914.0,0.0886214442013129,1.4555829491268881,0.07187499999999991,,-0.010255659957102509,,0.029101858301292083,,3.0354251117788635,,0.011241982662007377,,-0.21244476428240944,,0.012499999999999956,,-0.008820699525849088,,0.026514193687375398,
2025-10-01,Region,SO,Southern,Model,Genesis,g90,G90,Premium Luxury Car,144.0,1618.0,0.08899876390605686,104520.69444444444,135688.8454882571,77.0296880840437,101930.88888888889,134465.24087816945,75.8046378552522,43.0,473.0,0.09090909090909091,0.9789864029666254,-0.027027027027026973,,-0.0029267019324524524,,0.007827770091747732,,0.4376937846198672,,0.01032681048240014,,0.505455356154414,,-0.0444444444444444,,-0.019928347514554412,,0.14961442229029698,
2025-10-01,Region,SO,Southern,Model,Genesis,gv60,GV60,Entry Luxury EV SUV,13.0,29.0,0.4482758620689655,55133.53846153846,51764.92857142857,106.50751383818036,52940.07692307692,49643.92857142857,106.63957999799672,7.0,20.0,0.35,1.2807881773399017,-0.40909090909090906,,0.008275862068965523,,-0.014218696870251235,,0.2398595352762527,,0.0003312665402031012,,-0.4012425314056429,,-0.46153846153846156,,0.1219298245614035,,-0.6484425918908676,
2025-10-01,Region,SO,Southern,Model,Genesis,gv70,GV70,Near Luxury SUV,1958.0,17420.0,0.11239954075774972,61312.962717058224,60172.143058458714,101.89592658764235,61063.87685232499,59914.273495486166,101.91874705269595,655.0,5808.0,0.1127754820936639,0.9966664621694815,-0.06450071667462975,,-0.018005443665926296,,0.007793995852461988,,1.0043559025839244,,0.009304305568160753,,1.1495766649764647,,0.09899328859060397,,-0.006615543547361741,,-0.09558468253352281,
2025-10-01,Region,SO,Southern,Model,Genesis,gv70_ev,GV70 EV,Near Luxury EV SUV,53.0,660.0,0.0803030303030303,71901.7924528302,60452.29878048781,118.93971594681183,67577.56603773584,59622.76030534351,113.34189442362903,2.0,4414.0,0.00045310376076121433,177.22878787878787,-0.2535211267605634,,-0.004422506689809785,,0.01171828367338068,,5.6563213264841465,,0.008160284360289927,,4.935784963924789,,-0.9459459459459459,,-0.005194888912113156,,162.2277880722988,
2025-10-01,Region,SO,Southern,Model,Genesis,gv80,GV80,Mid Luxury SUV,2421.0,27010.0,0.08963346908552389,79897.50785123967,72820.55437421314,109.71834606017856,79007.35386523357,71985.77978924714,109.75411268245409,563.0,9921.0,0.05674831166213083,1.5794913797468606,0.024111675126903487,,-0.006526635047245391,,0.0009659595336970472,,-0.8934863577833454,,0.0023944502177557503,,-0.8645729403247628,,0.1852631578947368,,0.00378220996721558,,-0.23601138627982343,
2025-10-01,Region,WE,Western,Brand,Genesis,brand,Genesis,Luxury Market,2855.0,46369.0,0.06157130841726153,69571.31674842327,69346.2338014512,100.3245784733119,69282.23667601684,69316.7397299052,99.95022406705392,875.0,25499.0,0.034315071179261934,1.7942934780934303,-0.027257240204429323,,-0.008168503867400458,,0.01169614019500953,,1.090340139240567,,0.012998931790058288,,1.148646659522015,,-0.06517094017094016,,0.00952890482595314,,-1.0193652091989742,
2025-10-01,Region,WE,Western,Model,Genesis,g70,G70,Near Luxury Car,355.0,10692.0,0.033202394313505426,51116.2338028169,56027.195322731524,91.23468256508971,51344.7323943662,56193.03423800169,91.37205899382325,80.0,3251.0,0.024607812980621348,1.3492622989150767,-0.002808988764044895,,6.762141700505236e-05,,0.0050352466807144225,,-0.3045847630578038,,0.00669380959042809,,0.018201808133937902,,-0.23076923076923073,,-0.01252178359203128,,0.45685365580836956,
2025-10-01,Region,WE,Western,Model,Genesis,g80,G80,Mid Luxury Car,134.0,3435.0,0.03901018922852984,73229.85074626865,87061.62817942724,84.11265936279946,72333.28358208956,87168.58855303495,82.98090491402264,50.0,1040.0,0.04807692307692308,0.8114119359534206,-0.11258278145695366,,-0.0041820304511040254,,0.014661732640531833,,1.567041770477573,,0.008699549755472269,,0.2836880928302179,,0.020408163265306145,,-0.0067942975277801645,,0.024255769138868732,
2025-10-01,Region,WE,Western,Model,Genesis,g90,G90,Premium Luxury Car,74.0,2053.0,0.03604481246955674,105546.8904109589,134033.93505859375,78.74639386273218,105310.3698630137,134085.5618908382,78.53967897658438,29.0,494.0,0.058704453441295545,0.6140047365503803,0.42307692307692313,,0.011400262706523567,,0.006157706758814108,,-0.07349752375760943,,0.012047892252885273,,0.4228673510950358,,0.38095238095238093,,0.016704453441295543,,0.02722974219244756,
2025-10-01,Region,WE,Western,Model,Genesis,gv60,GV60,Entry Luxury EV SUV,12.0,139.0,0.08633093525179857,62737.583333333336,50792.85611510791,123.51654963279879,55673.083333333336,48778.532374100716,114.13439606250499,29.0,121.0,0.2396694214876033,0.36020838501612507,-0.2941176470588235,,0.019137259362470502,,0.021725034910458962,,1.2355776673419,,0.03201166376798947,,2.8716890318021058,,-0.7387387387387387,,-0.11839509464142897,,0.1725503712711548,
2025-10-01,Region,WE,Western,Model,Genesis,gv70,GV70,Near Luxury SUV,1049.0,19696.0,0.053259545085296504,61539.82078169686,61168.43774902121,100.60714814100609,61441.29961832061,61586.356685833496,99.76446558082198,344.0,5461.0,0.06299212598425197,0.845495278229082,-0.06422836752899197,,-0.01038662535699044,,0.009357292042064591,,1.9857773775489704,,0.007933836355870083,,1.7093773624232114,,0.16216216216216206,,0.007685698480515049,,-0.30529629003821446,
2025-10-01,Region,WE,Western,Model,Genesis,gv70_ev,GV70 EV,Near Luxury EV SUV,69.0,641.0,0.10764430577223089,69929.37681159421,64568.1058125,108.30328059284078,64542.970588235294,63918.985499999995,100.97621244041068,7.0,7750.0,0.0009032258064516129,119.17762424782705,-0.4201680672268907,,0.006021760938755227,,-0.0027794779042119577,,0.7831101426970548,,-0.02207281286006446,,-0.9930404043952308,,-0.890625,,-0.002128799965767451,,85.66123867993636,
2025-10-01,Region,WE,Western,Model,Genesis,gv80,GV80,Mid Luxury SUV,1162.0,23704.0,0.049021262234222075,79827.28227194492,75658.57900371653,105.50988840012923,79636.62736660929,75452.60522151229,105.54523217960947,336.0,7382.0,0.04551612029260363,1.0770088030149625,0.03842716711349414,,-0.006328196142391669,,-0.0038622425374542635,,-1.291229782175634,,-0.0016314205694338835,,-1.1684170927564992,,0.15463917525773185,,0.0027157084673352094,,-0.21619039802488937,
2025-10-01,National,NTL,National,Brand,Genesis,brand,Genesis,Luxury Market,20468.0,250029.0,0.08186250394954185,69216.84007622398,68451.0451990697,101.11874826005531,68661.82228739002,67955.73983729146,101.0390328348851,5691.0,128946.0,0.044134754083104556,1.8548308617602571,-0.007227045641945984,,-0.009497774691110086,,0.007947350515991491,,0.5592745423868166,,0.009404184709446373,,0.6547715252096964,,-0.025346805959924668,,0.0037331598842171715,,-0.4064729420180577,
2025-10-01,National,NTL,National,Model,Genesis,g70,G70,Near Luxury Car,2668.0,45894.0,0.05813396086634418,51390.62331334333,56255.402639543005,91.35233400181882,50999.69553805774,56150.00074607985,90.82759547713509,555.0,13390.0,0.041448842419716206,1.4025472720727001,-0.02805100182149367,,-0.005042103575543043,,-0.0031165456262040037,,-0.8123742589623362,,-0.0031685647330934597,,-0.6684674376220414,,-0.08112582781456956,,-0.009581911213267909,,0.1645474397313471,
2025-10-01,National,NTL,National,Model,Genesis,g80,G80,Mid Luxury Car,1255.0,13563.0,0.09253115092531151,74027.94342629482,84881.67066297118,87.21310837557395,72164.4796812749,84740.05439430296,85.15982223174792,306.0,4366.0,0.0700870361887311,1.3202320422872877,-0.013364779874213806,,-0.004059326711562963,,0.014627521027105406,,1.2735025139747336,,0.00694761989887871,,-0.22426611813386899,,0.0,,-0.006241225223092298,,0.05477052318196174,
2025-10-01,National,NTL,National,Model,Genesis,g90,G90,Premium Luxury Car,447.0,7533.0,0.05933890880127439,104813.66143497758,134386.72523974426,77.99405874947195,103111.38340807175,133894.21164246704,77.00958999139293,138.0,2019.0,0.06835066864784546,0.8681540352882102,0.04929577464788726,,0.0033599337684228764,,0.007474880752040836,,-0.2322644136949492,,0.010690280511104655,,0.10231827569734264,,0.08661417322834652,,0.0036867175276825287,,0.0024634292683647363,
2025-10-01,National,NTL,National,Model,Genesis,gv60,GV60,Entry Luxury EV SUV,89.0,520.0,0.17115384615384616,59217.84269662921,51489.098265895955,115.01044821336951,54061.29213483146,49571.96724470135,109.0561765845796,88.0,331.0,0.26586102719033233,0.6437718531468531,-0.3945578231292517,,-0.02226720647773278,,-0.035985724829465826,,-4.805404117720244,,0.011815569923819824,,-0.8371290656763222,,-0.6206896551724138,,-0.019853258523953365,,-0.03320183106367314,
2025-10-01,National,NTL,National,Model,Genesis,gv70,GV70,Near Luxury SUV,7876.0,97493.0,0.08078528714882094,61662.98717623159,60690.11083479654,101.60302284516054,61480.2222504445,60619.268893900335,101.42026351068513,2449.0,30752.0,0.07963709677419355,1.01441778293203,-0.023555665757500566,,-0.01061103932166732,,0.005253568015554544,,1.1678458654769628,,0.006145318174441972,,1.2417129910472653,,0.017449106771915357,,-0.004350481299012082,,-0.07379464761126986,
2025-10-01,National,NTL,National,Model,Genesis,gv70_ev,GV70 EV,Near Luxury EV SUV,217.0,3064.0,0.070822454308094,70349.96774193548,62942.25914182771,111.76905421112389,66111.98148148147,62333.96065445026,106.06093498209547,14.0,27950.0,0.0005008944543828265,141.39197127937337,-0.3938547486033519,,-0.008433689149953377,,0.007840918609480552,,2.78348569691795,,0.008121247898665418,,2.4055434695755338,,-0.9435483870967742,,-0.0043801305608703765,,125.15436888840591,
2025-10-01,National,NTL,National,Model,Genesis,gv80,GV80,Mid Luxury SUV,7916.0,140894.0,0.05618408165003478,80055.04560960202,74006.74940597011,108.17262783756854,79497.49576646026,73325.21369417738,108.41768030574866,2141.0,50138.0,0.04270214208783757,1.315720451083346,0.04116796001578327,,-0.005047968733722583,,0.00040643767892056815,,-0.9079892303036985,,0.002069697066824805,,-0.7869853322174976,,0.1180156657963447,,0.001461698456955693,,-0.16903686461888534,
2025-11-01,Region,CE,Central,Brand,Genesis,brand,Genesis,Luxury Market,3233.0,31346.0,0.10313915651119761,68815.26755335601,68680.1856795915,100.19668245277423,68159.60593875658,67148.0417946829,101.50646856860952,758.0,13492.0,0.05618144085383931,1.835822558903797,0.016986473733878515,,-0.005067385576688302,,-0.00036757865169823045,,-1.133841578293982,,-0.0015167639196428384,,-1.105759738903032,,0.13303437967115106,,0.008902288910376414,,-0.45285093966658496,
2025-11-01,Region,CE,Central,Model,Genesis,g70,G70,Near Luxury Car,332.0,3980.0,0.08341708542713568,51855.6234939759,57502.73457903996,90.17940429023969,51050.95481927711,56413.49349358168,90.49422692655139,66.0,1297.0,0.05088666152659985,1.6392721181665904,0.03750000000000009,,0.003913979837073561,,-0.011280056962474916,,-1.8927618555186854,,-0.01169467465067986,,-1.5499005203973582,,0.4042553191489362,,0.0116218327880869,,-0.3855197412228639,
2025-11-01,Region,CE,Central,Model,Genesis,g80,G80,Mid Luxury Car,171.0,1765.0,0.09688385269121813,74121.61403508772,83360.77597167138,88.9166555506592,73212.5321637427,83260.60224063841,87.9317830924944,48.0,430.0,0.11162790697674418,0.8679178470254958,0.04268292682926833,,-0.04257192962170703,,0.004562757174887189,,1.9445237307010927,,0.007651282729763453,,1.8541761487342399,,0.06666666666666665,,-0.011659764256132521,,-0.2632234984015638,
2025-11-01,Region,CE,Central,Model,Genesis,g90,G90,Premium Luxury Car,49.0,580.0,0.08448275862068966,105141.44897959183,138670.70639032815,75.82095145866015,103602.38775510204,137075.93598615917,75.58028840712274,11.0,159.0,0.06918238993710692,1.2211598746081505,0.36111111111111116,,0.02336221532697149,,0.011888981844000668,,-1.5012095043912126,,0.025108747410536925,,-0.6253936502533577,,0.8333333333333333,,0.02372784448256146,,-0.12349207785364924,
2025-11-01,Region,CE,Central,Model,Genesis,gv60,GV60,Entry Luxury EV SUV,1.0,66.0,0.015151515151515152,58105.0,49405.59090909091,117.60814703525455,48040.0,48720.90909090909,98.60242942175284,2.0,13.0,0.15384615384615385,0.09848484848484848,-0.5,,-0.04734848484848485,,0.04126159222257075,,1.57043386872229,,-0.06546964818939605,,-11.20091625824017,,-0.5,,-0.046153846153846156,,-0.21401515151515152,
2025-11-01,Region,CE,Central,Model,Genesis,gv70,GV70,Near Luxury SUV,1578.0,10288.0,0.15338258164852256,62968.95247148289,61397.10261182419,102.56013686768988,62462.9309252218,60431.94768931282,103.36077739269713,335.0,3467.0,0.09662532448803,1.5873952554490378,0.03884134298880837,,-0.0006273544763887307,,0.004746094553043312,,0.050798209531535576,,0.0004391003151122952,,0.3816123738659769,,0.11295681063122931,,0.0053578896790548725,,-0.1000624499993259,
2025-11-01,Region,CE,Central,Model,Genesis,gv70_ev,GV70 EV,Near Luxury EV SUV,24.0,636.0,0.03773584905660377,69286.0,62015.49842767296,111.72368481534731,65418.708333333336,61378.716088328074,106.58207356307592,3.0,1319.0,0.002274450341167551,16.59119496855346,-0.07692307692307687,,-0.011787960467205753,,0.00018599734273649915,,1.3018962207846272,,-0.004161363174187471,,0.8363962609543165,,0.5,,0.0015066960225495088,,-47.91356693620845,
2025-11-01,Region,CE,Central,Model,Genesis,gv80,GV80,Mid Luxury SUV,1078.0,20078.0,0.053690606634126906,80102.95918367348,72932.3085934931,109.83192597144817,79434.72634508349,71110.59641582971,111.70589243912003,293.0,6807.0,0.04304392537094168,1.2473445711894262,-0.030575539568345356,,-0.006668726807766381,,-0.0003871145807348153,,-1.312427433904901,,0.0006441459419079809,,-1.240854028806183,,0.10984848484848486,,0.002633700359461498,,-0.2463202976586376,
2025-11-01,Region,EA,Eastern,Brand,Genesis,brand,Genesis,Luxury Market,3775.0,58610.0,0.06440880395836888,67945.50728476822,67916.77623487654,100.04230331809671,67821.49801324503,67451.51950445597,100.54851026560583,1316.0,25925.0,0.05076181292189007,1.2688436494078368,0.09770282058738,,-0.0010722600375183133,,0.0037289844721588583,,-0.09966304696054351,,0.00469841417418726,,0.17260345423552792,,0.24503311258278138,,0.006188986743261411,,-0.20023672107321255,
2025-11-01,Region,EA,Eastern,Model,Genesis,g70,G70,Near Luxury Car,520.0,9375.0,0.055466666666666664,52236.775,57359.811228931074,91.06859642810832,52152.32307692308,57086.60965601965,91.35649041197482,125.0,2829.0,0.04418522446094026,1.2553216,-0.07801418439716312,,-0.005035371522563115,,-0.004241583907168445,,-1.1735959569864747,,-0.0051537005566199,,-0.8050629131556093,,0.10619469026548667,,-0.0002330145327704286,,-0.10677738365841205,
2025-11-01,Region,EA,Eastern,Model,Genesis,g80,G80,Mid Luxury Car,270.0,4124.0,0.06547041707080505,74170.83703703704,82575.173542677,89.82219940319425,73268.38518518518,82855.71196742503,88.42888854058832,83.0,1116.0,0.07437275985663082,0.8803010295303426,-0.07216494845360821,,-0.03894293061487848,,0.0003376173961771034,,1.0904089104662944,,-0.001058575479535695,,1.1932885394135724,,0.6599999999999999,,0.01972795111346142,,-1.030463233117666,
2025-11-01,Region,EA,Eastern,Model,Genesis,g90,G90,Premium Luxury Car,79.0,1407.0,0.05614783226723525,105670.43037974683,133426.4266095646,79.19752710530277,106087.67088607595,132910.9168353528,79.81862845585144,11.0,383.0,0.028720626631853787,1.9549654325773727,0.08219178082191791,,0.007022664030357728,,0.0017885864221316439,,-0.7381123219082184,,0.005469029502908507,,-0.2620031880846909,,-0.3529411764705882,,-0.010722528820582406,,0.7094979319835955,
2025-11-01,Region,EA,Eastern,Model,Genesis,gv60,GV60,Entry Luxury EV SUV,48.0,323.0,0.14860681114551083,60865.479166666664,52594.2693498452,115.72644685260907,59024.229166666664,51930.85758513932,113.65926139366742,0.0,76.0,0.0,,0.29729729729729737,,-0.11380453637221966,,0.023500613624540145,,1.649287270623887,,0.10666242316169106,,7.216723178554332,,-1.0,,-0.38961038961038963,,,
2025-11-01,Region,EA,Eastern,Model,Genesis,gv70,GV70,Near Luxury SUV,1597.0,25637.0,0.062292779966454735,61571.44458359424,60193.64297511312,102.28894870019873,61645.25109580463,59949.66311419765,102.8283528105522,665.0,8584.0,0.07746971109040074,0.8040920650105977,0.18736059479553901,,0.0045922222658970335,,0.006810905674764944,,0.3207815415930071,,0.0070456476640954335,,0.7367529023069181,,0.35437881873727095,,0.009950459165208217,,-0.05048727429379252,
2025-11-01,Region,EA,Eastern,Model,Genesis,gv70_ev,GV70 EV,Near Luxury EV SUV,21.0,649.0,0.032357473035439135,72935.61904761905,62785.557781201846,116.16623571584508,72678.33333333333,62841.17928902627,115.65399337759546,2.0,2087.0,0.0009583133684714902,33.76502311248073,-0.16000000000000003,,-0.019295419526544337,,0.024653558737207426,,5.856709487011329,,0.02525348849981901,,5.479387972834033,,,,0.0009583133684714902,,,
2025-11-01,Region,EA,Eastern,Model,Genesis,gv80,GV80,Mid Luxury SUV,1240.0,31422.0,0.03946279676659665,79172.81370967742,74303.32089433481,106.55353321592101,78981.19596774194,73654.29316339869,107.23230456169847,430.0,10850.0,0.03963133640552995,0.9957473137617991,0.12318840579710155,,0.00026242748775561625,,-0.003339552868938389,,-1.0175285866612,,-0.0029903193263919325,,-0.7867047712484947,,0.2078651685393258,,0.004084656425499995,,-0.10703835569773146,
2025-11-01,Region,MA,Mid-Atlantic,Brand,Genesis,brand,Genesis,Luxury Market,1890.0,25597.0,0.07383677774739228,70242.23544973545,68849.10018603924,102.02346183164599,69709.7873015873,68243.19522679118,102.1490671266523,540.0,11608.0,0.046519641626464506,1.5872172520217216,0.05116796440489435,,-0.007742169621028777,,-0.0005016793104687389,,-0.3018687534744515,,-0.0015979743571337135,,-0.2403677901116339,,0.04651162790697683,,0.0009728148985979693,,-0.20388331917370905,
2025-11-01,Region,MA,Mid-Atlantic,Model,Genesis,g70,G70,Near Luxury Car,206.0,4484.0,0.04594112399643176,50945.07281553398,56578.704602501115,90.04284062962076,50256.93203883495,56291.075586592175,89.2804614499239,54.0,1238.0,0.04361873990306947,1.0532428056959724,0.07291666666666674,,-0.0004244881745414375,,0.0018899904540146117,,-0.5807018898262584,,-0.0006911491715945184,,-0.6263014424085753,,0.2857142857142858,,0.006873333078922489,,-0.20856421124265534,
2025-11-01,Region,MA,Mid-Atlantic,Model,Genesis,g80,G80,Mid Luxury Car,107.0,1534.0,0.0697522816166884,74380.26168224298,82437.67991508819,90.22604925181732,73633.35514018692,82909.25123823318,88.81198906091589,27.0,434.0,0.06221198156682028,1.1212033415423246,-0.053097345132743334,,-0.041468190824256485,,0.004442696616749675,,1.9732377587129264,,0.005502104683871911,,1.2056880757118051,,-0.06896551724137934,,-0.013903503997484183,,-0.3400035550093996,
2025-11-01,Region,MA,Mid-Atlantic,Model,Genesis,g90,G90,Premium Luxury Car,36.0,460.0,0.0782608695652174,105511.77777777778,138263.04248366013,76.31235063429703,103926.5,136539.01419213973,76.11487501568826,5.0,132.0,0.03787878787878788,2.066086956521739,0.24137931034482762,,0.018219461697722573,,0.0034290703061619077,,-1.0273109425932887,,0.005805996453828621,,0.0789465152720652,,-0.2857142857142857,,-0.009740259740259737,,0.8052173913043477,
2025-11-01,Region,MA,Mid-Atlantic,Model,Genesis,gv60,GV60,Entry Luxury EV SUV,15.0,178.0,0.08426966292134831,59694.6,51894.752808988764,115.0301268795334,59685.86666666667,51142.062146892655,116.70602271616286,2.0,45.0,0.044444444444444446,1.896067415730337,0.15384615384615374,,-0.08239700374531835,,0.005120998450929726,,1.1134460730472853,,0.003441641718018973,,0.011302882288589444,,-0.8181818181818181,,-0.2698412698412698,,1.3657643854273067,
2025-11-01,Region,MA,Mid-Atlantic,Model,Genesis,gv70,GV70,Near Luxury SUV,721.0,9274.0,0.07774423118395514,62019.90152565881,61076.57498812607,101.54449809557286,61697.209431345356,60554.60943952484,101.88689185248832,221.0,3238.0,0.0682520074119827,1.1390761111929717,0.14992025518341312,,0.0017350179459869053,,0.01748192403784876,,1.6306876643955945,,0.01659257733818187,,1.8091521837244358,,0.06763285024154597,,-0.0035482007045625624,,0.08045503986416769,
2025-11-01,Region,MA,Mid-Atlantic,Model,Genesis,gv70_ev,GV70 EV,Near Luxury EV SUV,17.0,236.0,0.07203389830508475,71570.76470588235,63077.07203389831,113.46557853449417,68204.64705882352,62543.30084745763,109.05188267113348,2.0,1368.0,0.0014619883040935672,49.27118644067797,0.0,,-0.018875192604006163,,-0.0035902437746040405,,1.4474604298914926,,-0.02571830943309983,,-1.6665068064910997,,,,0.0014619883040935672,,,
2025-11-01,Region,MA,Mid-Atlantic,Model,Genesis,gv80,GV80,Mid Luxury SUV,788.0,15621.0,0.050444913897957876,80809.08248730964,74692.28685511237,108.18932702390353,80253.79695431472,74089.35252472704,108.32028384582024,229.0,5153.0,0.044440131961963905,1.1351207044374538,-0.023543990086741018,,-0.011512859614518131,,0.0037817609466037627,,0.20052356854044717,,0.002929139761708166,,0.21171710253884157,,0.040909090909091006,,-0.0032511752134100347,,-0.1640211556218727,
2025-11-01,Region,MS,Mountain States,Brand,Genesis,brand,Genesis,Luxury Market,1059.0,19032.0,0.05564312736443884,70862.45609065155,70149.96210794889,101.01567265511315,70565.6912181303,69504.42744043494,101.52690097131563,374.0,8874.0,0.0421455938697318,1.3202596583744124,-0.039019963702359384,,-0.01017542367181512,,-0.011968944440555074,,-1.2638585320911773,,-0.013313172915496052,,-1.0974609854852133,,0.2635135135135136,,0.011935346880550337,,-0.8584233249134807,
2025-11-01,Region,MS,Mountain States,Model,Genesis,g70,G70,Near Luxury Car,89.0,2163.0,0.041146555709662504,54173.86516853933,59620.06101946247,90.86516223264972,54074.269662921346,59285.73642026964,91.20957742617074,21.0,637.0,0.03296703296703297,1.2481121898597627,0.02298850574712641,,-0.0005001652094375475,,-0.0024120387918774577,,-1.2737181522426226,,-0.004752041565686871,,-1.0761934048662454,,0.16666666666666674,,0.002866698518872432,,-0.13548442734145016,
2025-11-01,Region,MS,Mountain States,Model,Genesis,g80,G80,Mid Luxury Car,40.0,1218.0,0.03284072249589491,75918.025,85440.11176178661,88.85525010976706,74733.0,88580.50318543799,84.36732386081724,13.0,226.0,0.05752212389380531,0.5709233295440193,0.17647058823529416,,-0.012014158770595855,,0.00919020435100637,,3.593034332464086,,0.007932405763757311,,-0.25327429450675254,,0.18181818181818188,,0.004124065641378127,,-0.2690862650829897,
2025-11-01,Region,MS,Mountain States,Model,Genesis,g90,G90,Premium Luxury Car,5.0,258.0,0.01937984496124031,105741.0,144754.57364341084,73.04846910086788,103955.0,143465.4549019608,72.45995216830362,8.0,64.0,0.125,0.15503875968992248,-0.2857142857142857,,-0.008071135430916553,,0.001493742921972352,,-0.1383017694518287,,0.009161270817760636,,0.8065802992536106,,1.0,,0.06944444444444445,,-0.33907888736890107,
2025-11-01,Region,MS,Mountain States,Model,Genesis,gv60,GV60,Entry Luxury EV SUV,9.0,154.0,0.05844155844155844,58387.11111111111,50291.792207792205,116.0966999741652,56818.0,49721.83766233766,114.27172178520948,6.0,52.0,0.11538461538461539,0.5064935064935064,2.0,,0.009261230572705982,,0.0006417250788826045,,0.13869944487146313,,0.032572678204716654,,3.3653915526108875,,0.19999999999999996,,0.0066889632107023506,,0.05403449010006384,
2025-11-01,Region,MS,Mountain States,Model,Genesis,gv70,GV70,Near Luxury SUV,467.0,8626.0,0.0541386505912358,64007.65952890792,61573.37952535685,103.95346174323367,63960.12205567452,61354.40709976798,104.24698905763915,156.0,2365.0,0.06596194503171247,0.8207558246684146,0.06621004566210043,,-0.0013184271499645031,,0.005937553280167762,,0.5981924876754476,,0.003830042146350854,,0.9213601819525792,,0.33333333333333326,,0.008609003855241888,,-0.14618809492174456,
2025-11-01,Region,MS,Mountain States,Model,Genesis,gv70_ev,GV70 EV,Near Luxury EV SUV,20.0,317.0,0.06309148264984227,67986.8,62098.59621451104,109.48202398190932,62830.8,61506.670886075946,102.15282195386033,1.0,1545.0,0.0006472491909385113,97.4763406940063,-0.04761904761904767,,-0.02627021947781731,,0.008691978352715068,,2.7670021843644577,,0.020281019688080715,,3.5595227783718286,,-0.6666666666666667,,-0.00030603965558198434,,3.735915162091402,
2025-11-01,Region,MS,Mountain States,Model,Genesis,gv80,GV80,Mid Luxury SUV,429.0,11609.0,0.036954087346024636,81304.53146853147,77225.85464775373,105.28149133393421,81048.96736596737,76571.5187809773,105.84740730792765,169.0,3985.0,0.0424090338770389,0.8713730063544862,-0.162109375,,-0.014925535716089053,,0.0017607640129366775,,0.4878930624357736,,0.0004653888650734128,,0.6164463776567004,,0.2246376811594204,,0.0050005220852253965,,-0.5154670623131761,
2025-11-01,Region,SC,South Central,Brand,Genesis,brand,Genesis,Luxury Market,2628.0,38008.0,0.06914333824458009,68844.24429223745,68885.33932158684,99.9403428512451,68183.44672754947,68331.71588910639,99.78301560318266,903.0,19794.0,0.04561988481357987,1.515640351288171,0.12211784799316816,,0.0005836192750250518,,0.0009641615513840129,,0.03445795524474704,,0.003246075168752416,,0.4969611881321043,,0.24209078404401652,,0.009457926994240431,,-0.3802669254160027,
2025-11-01,Region,SC,South Central,Model,Genesis,g70,G70,Near Luxury Car,316.0,6511.0,0.048533251420672704,50642.056962025315,56795.928331532654,89.16494271634124,50108.43037974684,56748.04508014797,88.299835366974,71.0,1893.0,0.03750660327522451,1.293992182244133,-0.03951367781155013,,-0.004064670241997158,,-0.006561707078120316,,-1.223191705069837,,-0.006060366663022565,,-1.157275706823981,,0.290909090909091,,0.007857007587892973,,-0.4799922665604597,
2025-11-01,Region,SC,South Central,Model,Genesis,g80,G80,Mid Luxury Car,175.0,2444.0,0.0716039279869067,73437.65142857142,82521.43149835797,88.9922170461048,71001.58285714286,83015.02565197216,85.52859232352246,68.0,627.0,0.10845295055821372,0.6602303359969192,-0.005681818181818232,,-0.03001270018861292,,0.0031488837850395246,,1.0813624374091688,,0.0019634375573758245,,-0.09525427660449282,,0.7,,0.03505845514536968,,-0.7242962228945357,
2025-11-01,Region,SC,South Central,Model,Genesis,g90,G90,Premium Luxury Car,59.0,960.0,0.06145833333333333,104732.52542372882,136653.57486910996,76.64089689863154,103028.1186440678,136358.48958333334,75.55680541702084,31.0,283.0,0.10954063604240283,0.5610551075268817,-0.29761904761904767,,-0.018617929774388316,,0.004085851006099039,,-1.5415148956400486,,0.01057332236567654,,-0.9964695758223314,,-0.03125,,-0.008977882476115695,,-0.11458836244451964,
2025-11-01,Region,SC,South Central,Model,Genesis,gv60,GV60,Entry Luxury EV SUV,7.0,59.0,0.11864406779661017,59237.57142857143,52666.5593220339,112.47663069531188,47433.42857142857,50075.457627118645,94.72390432182637,2.0,20.0,0.1,1.1864406779661016,-0.2222222222222222,,-0.10635593220338983,,-0.0159090831181824,,2.432431787939663,,-0.03110521158845503,,-3.576285220266854,,0.0,,-0.06666666666666665,,-0.16355932203389845,
2025-11-01,Region,SC,South Central,Model,Genesis,gv70,GV70,Near Luxury SUV,1156.0,12594.0,0.09178974114657773,61865.23269896194,60690.10658480368,101.93627294510716,61527.312283737025,60396.9438515395,101.87156561261786,384.0,4321.0,0.0888683175190928,1.0328736236832354,0.2297872340425533,,0.006775722877607845,,0.011150743278995456,,1.4830945811241918,,0.013415416310932349,,1.730610430117892,,0.14970059880239517,,0.005159044336135399,,0.0172869982545234,
2025-11-01,Region,SC,South Central,Model,Genesis,gv70_ev,GV70 EV,Near Luxury EV SUV,5.0,454.0,0.011013215859030838,69236.0,60505.45154185022,114.4293584060125,56375.2,60683.48558758315,92.90039860784678,2.0,3697.0,0.0005409791723018664,20.357929515418505,-0.16666666666666663,,-0.007059073297595668,,0.006108105227976113,,3.2753129970279247,,-0.022824655064827115,,-1.0054175829105105,,,,0.0005409791723018664,,,
2025-11-01,Region,SC,South Central,Model,Genesis,gv80,GV80,Mid Luxury SUV,910.0,22777.0,0.03995258374676208,80892.22417582417,74215.12438446635,108.9969529078299,80338.91758241758,73472.35771184199,109.34577313757397,345.0,8953.0,0.03853456941807216,1.0367984993761186,0.14035087719298245,,0.0014018591090809232,,0.005580305845668043,,-0.3051645772039109,,0.00640862981145407,,0.22968872674930196,,0.3068181818181819,,0.005472578184509226,,-0.12921489544162412,
2025-11-01,Region,SO,Southern,Brand,Genesis,brand,Genesis,Luxury Market,5271.0,53461.0,0.09859523764987561,69579.33908918405,68013.57158933084,102.30213979837346,68591.80485952923,67161.58405297116,102.12952214681246,1762.0,24955.0,0.07060709276698056,1.3963928238096743,-0.08378237441334957,,-0.01924822493641251,,0.0007476105584052206,,-0.12410509835878258,,-0.0007259000876315147,,0.042094814234857836,,0.13604126370083813,,0.006916225487085689,,-0.4538483115232004,
2025-11-01,Region,SO,Southern,Model,Genesis,g70,G70,Near Luxury Car,732.0,10065.0,0.07272727272727272,50419.178961748636,55502.510733333336,90.8412579819893,49617.08060109289,55022.31409439411,90.17628832544517,196.0,2943.0,0.06659870880054367,1.0920222634508348,-0.10840438489646775,,-0.01489279130687883,,0.0014318612524515384,,-0.7478050047897113,,-0.0009431439641526262,,-0.5573219516049619,,-0.020000000000000018,,-0.004778878637000952,,-0.1355348336676283,
2025-11-01,Region,SO,Southern,Model,Genesis,g80,G80,Mid Luxury Car,303.0,3791.0,0.07992614085993141,75361.50165016501,82180.62263686855,91.70227631781864,71234.08910891089,82245.54327748384,86.61148831928558,115.0,1051.0,0.10941960038058991,0.730455426467721,-0.11661807580174932,,-0.04906972224649958,,0.009523203221234455,,2.768495431529047,,0.003559612623006192,,1.5251442299661733,,0.4197530864197532,,0.020798156179277008,,-0.7251275226591671,
2025-11-01,Region,SO,Southern,Model,Genesis,g90,G90,Premium Luxury Car,115.0,1473.0,0.07807196198234895,104945.8347826087,137240.95451459606,76.46830725841923,102497.49565217391,136355.91542119565,75.16908623697401,54.0,468.0,0.11538461538461539,0.6766236705136909,-0.20138888888888884,,-0.010926801923707916,,0.004067523091230818,,-0.5613808256244681,,0.005558734643260621,,-0.6355516182781855,,0.2558139534883721,,0.02447552447552448,,-0.30236273245293455,
2025-11-01,Region,SO,Southern,Model,Genesis,gv60,GV60,Entry Luxury EV SUV,13.0,70.0,0.18571428571428572,57509.46153846154,51903.057971014496,110.80168257249498,56553.53846153846,50999.72463768116,110.88988982453027,1.0,25.0,0.04,4.642857142857143,0.0,,-0.2625615763546798,,0.0430939704437896,,4.294168734314624,,0.06825569112247365,,4.250309826533552,,-0.8571428571428572,,-0.31,,3.3620689655172415,
2025-11-01,Region,SO,Southern,Model,Genesis,gv70,GV70,Near Luxury SUV,1891.0,18881.0,0.10015359355966315,61875.54468535166,60282.47297427737,102.64267809941052,61600.40264550265,59810.34347113139,102.9928923167533,697.0,6397.0,0.10895732374550571,0.9192001979930633,-0.03421859039836572,,-0.012245947198086568,,0.009175579573435177,,0.7467515117681671,,0.008786304126663591,,1.07414526405735,,0.06412213740458017,,-0.0038181583481581988,,-0.07746626417641822,
2025-11-01,Region,SO,Southern,Model,Genesis,gv70_ev,GV70 EV,Near Luxury EV SUV,49.0,830.0,0.05903614457831325,72013.95918367348,59394.71549636804,121.24640817258752,67565.69387755102,58832.833333333336,114.84351517585307,2.0,3160.0,0.0006329113924050633,93.27710843373494,-0.07547169811320753,,-0.021266885724717056,,0.0015599990906605132,,2.3066922257756914,,-0.00017568197378092787,,1.5016207522240421,,0.0,,0.00017980763164384897,,-83.95167944505293,
2025-11-01,Region,SO,Southern,Model,Genesis,gv80,GV80,Mid Luxury SUV,2168.0,29265.0,0.07408166752092944,80106.1421319797,73494.32524882084,108.99636381553816,79030.52077562327,72358.89765854496,109.22018346459768,697.0,10911.0,0.06388048758133993,1.1596916417802885,-0.10450227178851712,,-0.015551801564594445,,0.00261127394772398,,-0.721982244640401,,0.000293224734867259,,-0.5339292178564108,,0.2380106571936056,,0.007132175919209102,,-0.4197997379665721,
2025-11-01,Region,WE,Western,Brand,Genesis,brand,Genesis,Luxury Market,2635.0,52146.0,0.050531200859126296,70596.58557874763,69390.50118608936,101.7381116608797,70266.7335613835,69188.04596419664,101.55906642853456,1055.0,29227.0,0.03609675984534848,1.3998819028527814,-0.07705779334500873,,-0.011040107558135233,,0.014736947326034366,,1.4135331875677934,,0.014209946627018466,,1.6088423614806402,,0.20571428571428574,,0.0017816886660865436,,-0.39441157524064896,
2025-11-01,Region,WE,Western,Model,Genesis,g70,G70,Near Luxury Car,321.0,10165.0,0.031578947368421054,51316.121495327105,56817.50326444249,90.31745245208926,51448.35825545171,56746.26162967347,90.6638724348118,115.0,3356.0,0.03426698450536353,0.9215560640732265,-0.09577464788732393,,-0.0016234469450843725,,0.003910454226367266,,-0.917230113000457,,0.0020182374365025346,,-0.7081865590114518,,0.4375,,0.009659171524742181,,-0.4277062348418501,
2025-11-01,Region,WE,Western,Model,Genesis,g80,G80,Mid Luxury Car,138.0,4776.0,0.028894472361809045,73395.87681159421,84231.6044104712,87.13579341778517,72657.77205882352,84658.67078339939,85.82437142761152,40.0,1130.0,0.035398230088495575,0.8162688442211056,0.029850746268656803,,-0.010115716866720796,,0.0022671910926161942,,3.0231340549857038,,0.004486018892889243,,2.8434665135888793,,-0.19999999999999996,,-0.012678692988427505,,0.004856908267684923,
2025-11-01,Region,WE,Western,Model,Genesis,g90,G90,Premium Luxury Car,88.0,2138.0,0.0411599625818522,106175.28409090909,135192.4132270169,78.53642194596982,106210.69318181818,134858.1373008435,78.75734850532736,28.0,478.0,0.058577405857740586,0.7026593612187626,0.18918918918918926,,0.0051151501122954565,,0.005953692027339308,,-0.20997191676235616,,0.008549237078699923,,0.21766952874297374,,-0.03448275862068961,,-0.0001270475835549595,,0.08865462466838225,
2025-11-01,Region,WE,Western,Model,Genesis,gv60,GV60,Entry Luxury EV SUV,21.0,298.0,0.07046979865771812,59972.23809523809,50658.82550335571,118.38458057276802,55760.95238095238,49414.02013422819,112.84439563808691,17.0,90.0,0.18888888888888888,0.3730754046585077,0.75,,-0.01586113659408045,,-0.044077968757619934,,-5.1319690600307695,,0.001578303955125815,,-1.290000424418082,,-0.4137931034482759,,-0.05078053259871443,,0.012867019642382627,
2025-11-01,Region,WE,Western,Model,Genesis,gv70,GV70,Near Luxury SUV,931.0,22457.0,0.04145700672396135,62471.50805585392,60982.20232130126,102.44219735900295,62239.48064516129,61060.873611606345,101.93021646079252,444.0,6874.0,0.06459121326738435,0.6418366311272755,-0.11248808388941844,,-0.011802538361335158,,0.015139583806428103,,1.835049217996854,,0.012990952857427462,,2.1657508799705454,,0.2906976744186047,,0.0015990872831323777,,-0.20365864710180648,
2025-11-01,Region,WE,Western,Model,Genesis,gv70_ev,GV70 EV,Near Luxury EV SUV,53.0,714.0,0.0742296918767507,69337.24528301887,63381.849005602235,109.39605955151333,64415.903846153844,63030.790196905764,102.19751909332095,13.0,8377.0,0.0015518682105765788,47.832471450118504,-0.23188405797101452,,-0.033414613895480186,,-0.008467564785693327,,1.0927789586725538,,-0.0019687154297886034,,1.2213066529102719,,0.8571428571428572,,0.000648642404124966,,-71.34515279770855,
2025-11-01,Region,WE,Western,Model,Genesis,gv80,GV80,Mid Luxury SUV,1083.0,27720.0,0.039069264069264066,80315.98060941829,75112.65366954262,106.92736401348253,80078.97599261311,74824.48358434941,107.02242388661504,398.0,8922.0,0.04460883210042591,0.8758190302160151,-0.06798623063683307,,-0.00995199816495801,,0.0061219463266772856,,1.4174756133533037,,0.005554587639271302,,1.4771917070055736,,0.18452380952380953,,-0.0009072881921777173,,-0.20118977279894734,
2025-11-01,National,NTL,National,Brand,Genesis,brand,Genesis,Luxury Market,20491.0,278200.0,0.07365564342199857,69321.76720351391,68668.3084979782,100.95161613825823,68749.57176332748,68018.73461166664,101.07446449251567,6708.0,133875.0,0.05010644257703081,1.4699834918187327,0.0011237052960719751,,-0.008206860527543283,,0.0015159190621008012,,-0.16713212179708137,,0.0012779951509322984,,0.03543165763056777,,0.1787032156035846,,0.005971688493926257,,-0.38484736994152446,
2025-11-01,National,NTL,National,Model,Genesis,g70,G70,Near Luxury Car,2516.0,46743.0,0.05382624136234303,51302.68402225755,56805.361842370236,90.31310136641305,50835.672893481715,56488.633782276745,89.99274630966798,648.0,14193.0,0.045656309448319596,1.17894420317243,-0.05697151424287861,,-0.004307719504001155,,-0.0017111933153561854,,-1.0392326354057673,,-0.003216149485708697,,-0.8348491674671124,,0.16756756756756763,,0.00420746702860339,,-0.22360306890027015,
2025-11-01,National,NTL,National,Model,Genesis,g80,G80,Mid Luxury Car,1204.0,19652.0,0.06126602890291064,74344.75581395348,83132.05344936547,89.429711800919,72429.74958402662,83524.12149633584,86.71716419933142,394.0,5014.0,0.07857997606701236,0.7796646419268882,-0.04063745019920317,,-0.03126512202240087,,0.004279632433313418,,2.216603425345042,,0.0036759068162526276,,1.557341967583497,,0.2875816993464053,,0.008492939878281258,,-0.5405674003603995,
2025-11-01,National,NTL,National,Model,Genesis,g90,G90,Premium Luxury Car,431.0,7276.0,0.05923584387025838,105379.20881670533,136271.25453768775,77.33047528931438,104248.22273781903,135568.84150413223,76.89688986140777,148.0,1967.0,0.07524148449415353,0.787276384410799,-0.03579418344519014,,-0.00010306493101600728,,0.005395741108410679,,-0.6635834601575681,,0.011025352314866677,,-0.1127001299851571,,0.07246376811594213,,0.006890815846308074,,-0.08087765087741128,
2025-11-01,National,NTL,National,Model,Genesis,gv60,GV60,Entry Luxury EV SUV,114.0,1148.0,0.09930313588850175,59844.333333333336,51452.3870967742,116.31012030748961,57246.166666666664,50521.26178010471,113.31103905486823,30.0,321.0,0.09345794392523364,1.0625435540069688,0.2808988764044944,,-0.07185071026534441,,0.01057942350101504,,1.2996720941200977,,0.05891229021851663,,4.254862470288629,,-0.6590909090909092,,-0.17240308326509868,,0.4187717008601156,
2025-11-01,National,NTL,National,Model,Genesis,gv70,GV70,Near Luxury SUV,8341.0,107757.0,0.07740564418088848,62221.12072892938,60732.85913278478,102.45050474717598,61973.86820961746,60419.71290149953,102.57226529800236,2902.0,35246.0,0.08233558417976508,0.9401238231563044,0.05904012188928398,,-0.0033796429679324586,,0.009051354438970982,,0.8474819020154456,,0.00802934571644931,,1.1520017873172321,,0.18497345855451197,,0.002698487405571534,,-0.07429395977572562,
2025-11-01,National,NTL,National,Model,Genesis,gv70_ev,GV70 EV,Near Luxury EV SUV,189.0,3836.0,0.04927007299270073,70479.83597883598,61728.934809498955,114.17633593766536,66247.93085106384,61386.53624050301,107.91931734267371,25.0,21553.0,0.0011599313320651418,42.47671532846715,-0.12903225806451613,,-0.02155238131539327,,0.0018460312217467578,,2.40728172654147,,0.0020563499464987256,,1.8583823605782328,,0.7857142857142858,,0.0006590368776823153,,-98.91525595090621,
2025-11-01,National,NTL,National,Model,Genesis,gv80,GV80,Mid Luxury SUV,7696.0,158492.0,0.04855765590692275,80216.58492527615,74361.39025287602,107.87397149581086,79619.36197036652,73524.77776259472,108.28915692537105,2561.0,55581.0,0.046076896781274176,1.0538395443040505,-0.027791814047498753,,-0.007626425743112029,,0.002017853021555993,,-0.2986563417576775,,0.0015329565130488554,,-0.12852338037761513,,0.19617001401214385,,0.0033747546934366074,,-0.26188090677929554,
2025-12-01,Region,CE,Central,Brand,Genesis,brand,Genesis,Luxury Market,3301.0,32204.0,0.1025027946838902,68899.56727272728,69242.08571393066,99.50533199906994,68323.88151515152,67699.29813271653,100.92258472341997,831.0,15724.0,0.0528491477995421,1.9395354315396987,0.021033096195484102,,-0.0006363618273074051,,0.0012250147731518446,,-0.6913504537042883,,0.002410160301433484,,-0.583883845189547,,0.09630606860158308,,-0.0033322930542972126,,0.10371287263590157,
2025-12-01,Region,CE,Central,Model,Genesis,g70,G70,Near Luxury Car,373.0,3975.0,0.09383647798742138,52150.87399463807,58304.14571428571,89.44625353092178,51455.35656836461,57053.88737452712,90.18729298950086,57.0,1349.0,0.04225352112676056,2.2207966457023063,0.12349397590361444,,0.010419392560285706,,0.005693702645316101,,-0.7331507593179083,,0.007921531546649874,,-0.3069339370505304,,-0.13636363636363635,,-0.008633140399839284,,0.5815245275357159,
2025-12-01,Region,CE,Central,Model,Genesis,g80,G80,Mid Luxury Car,173.0,2075.0,0.08337349397590361,74366.28488372093,82678.54775628627,89.94628824750573,73832.58139534884,82491.22931285787,89.5035532993816,37.0,459.0,0.08061002178649238,1.0342819928362097,0.011695906432748648,,-0.013510358715314516,,0.0033009379493191826,,1.0296326968465337,,0.00846916795910535,,1.5717702068871944,,-0.22916666666666663,,-0.03101788519025181,,0.1663641458107139,
2025-12-01,Region,CE,Central,Model,Genesis,g90,G90,Premium Luxury Car,63.0,614.0,0.10260586319218241,105875.76190476191,140374.26256117455,75.42391316828588,103340.36507936507,139856.90553745927,73.89006976969499,5.0,167.0,0.029940119760479042,3.427035830618893,0.2857142857142858,,0.018123104571492757,,0.006984047987702802,,-0.39703829037426885,,-0.0025291181160451703,,-1.6902186374277477,,-0.5454545454545454,,-0.039242270176627875,,2.2058759560107424,
2025-12-01,Region,CE,Central,Model,Genesis,gv60,GV60,Entry Luxury EV SUV,3.0,103.0,0.02912621359223301,59806.666666666664,49990.970873786406,119.6349373123043,52689.333333333336,49285.6213592233,106.9060952875114,1.0,37.0,0.02702702702702703,1.0776699029126213,2.0,,0.013974698440717859,,0.02928606258784372,,2.0267902770497557,,0.09678046072717184,,8.30366586575856,,-0.5,,-0.12681912681912683,,0.9791850544277728,
2025-12-01,Region,CE,Central,Model,Genesis,gv70,GV70,Near Luxury SUV,1520.0,10393.0,0.14625228519195613,63095.125657894736,61669.25624422633,102.31212357746232,62591.70789473684,60640.31931137437,103.21797214381827,414.0,4037.0,0.10255139955412435,1.4261364138162487,-0.03675538656527255,,-0.007130296456566432,,0.0020037364678884284,,-0.24801329022756136,,0.0020616542901135126,,-0.14280524887885804,,0.23582089552238816,,0.005926075066094341,,-0.16125884163278914,
2025-12-01,Region,CE,Central,Model,Genesis,gv70_ev,GV70 EV,Near Luxury EV SUV,21.0,820.0,0.025609756097560974,69223.76190476191,60342.35,114.71837259364594,64961.71428571428,59545.096083231336,109.09666548343742,1.0,1630.0,0.0006134969325153375,41.74390243902439,-0.125,,-0.012126092959042798,,-0.000898278082702042,,2.9946877782986263,,-0.0069856782449829735,,2.5145919203614966,,-0.6666666666666667,,-0.0016609534086522138,,25.15270747047093,
2025-12-01,Region,CE,Central,Model,Genesis,gv80,GV80,Mid Luxury SUV,1148.0,20790.0,0.055218855218855216,79196.35191637631,73636.96619327205,107.54972130235888,78749.69860627178,71814.10180611405,109.65770875876532,316.0,8045.0,0.03927905531385954,1.4058091463154752,0.06493506493506485,,0.0015282485847283103,,-0.011318024658968473,,-2.282204669089296,,-0.008623781692603583,,-2.048183680354711,,0.07849829351535842,,-0.003764870057082134,,0.15846457512604895,
2025-12-01,Region,EA,Eastern,Brand,Genesis,brand,Genesis,Luxury Market,3773.0,60047.0,0.06283411327793229,67760.472303207,68401.30256279148,99.0631314966609,67606.01935312831,67833.86894382813,99.66410644970215,1521.0,30512.0,0.04984923964341898,1.2604828825353518,-0.0005298013245033095,,-0.0015746906804365995,,-0.002723285011114962,,-0.9791718214358127,,-0.0031771439208646557,,-0.8844038159036813,,0.15577507598784202,,-0.0009125732784710863,,-0.008360766872484993,
2025-12-01,Region,EA,Eastern,Model,Genesis,g70,G70,Near Luxury Car,561.0,8871.0,0.06323977003719987,52675.853832442066,58215.938964040135,90.48355960552287,52518.12834224599,57874.59007225107,90.74470899350123,143.0,3125.0,0.04576,1.381987981582165,0.07884615384615379,,0.007773103370533205,,0.008405550159673147,,-0.585036822585451,,0.0070141701028993975,,-0.6117814184735835,,0.1439999999999999,,0.0015747755390597418,,0.12666638158216492,
2025-12-01,Region,EA,Eastern,Model,Genesis,g80,G80,Mid Luxury Car,268.0,5008.0,0.05351437699680511,74674.0,81649.27836363637,91.45702386667644,74356.92164179105,81872.69228070175,90.82017406592327,46.0,1211.0,0.037985136251032205,1.408824142241978,-0.007407407407407418,,-0.011956040073999932,,0.006783838272065079,,1.6348244634821896,,0.014856837008958346,,2.3912855253349505,,-0.4457831325301205,,-0.036387623605598614,,0.5285231127116354,
2025-12-01,Region,EA,Eastern,Model,Genesis,g90,G90,Premium Luxury Car,84.0,1354.0,0.0620384047267356,105642.10714285714,134903.28878698224,78.30951201617502,104442.39285714286,134431.06630952383,77.69215533607918,22.0,455.0,0.04835164835164835,1.2830670068483954,0.06329113924050622,,0.005890572459500351,,-0.0002680337043002856,,-0.8880150891277481,,-0.015508663873862516,,-2.126473119772257,,1.0,,0.019631021719794566,,-0.6718984257289773,
2025-12-01,Region,EA,Eastern,Model,Genesis,gv60,GV60,Entry Luxury EV SUV,24.0,368.0,0.06521739130434782,60820.041666666664,51501.67391304348,118.09332987769778,56363.5,50679.203804347824,111.21623026596271,2.0,117.0,0.017094017094017096,3.8152173913043472,-0.5,,-0.083389419841163,,-0.0007465233268858507,,2.366883025088711,,-0.045078592371847304,,-2.443031127704714,,,,0.017094017094017096,,,
2025-12-01,Region,EA,Eastern,Model,Genesis,gv70,GV70,Near Luxury SUV,1631.0,25733.0,0.06338165002137333,61661.709380748005,60534.878623503806,101.86145703579008,61646.65337423313,60284.49085069985,102.25955715029062,771.0,9530.0,0.08090241343126968,0.783433365374433,0.02128991859737006,,0.0010888700549185962,,0.0014660172059339782,,-0.42749166440864883,,2.2747549950352663e-05,,-0.5687956602615856,,0.15939849624060143,,0.00343270234086894,,-0.020658699636164735,
2025-12-01,Region,EA,Eastern,Model,Genesis,gv70_ev,GV70 EV,Near Luxury EV SUV,18.0,931.0,0.01933404940923738,72640.55555555556,60935.38104189044,119.20915946290435,70467.22222222222,60541.66103225807,116.3945967466528,0.0,3175.0,0.0,,-0.1428571428571429,,-0.013023423626201756,,-0.004045533525544598,,3.0429237470592767,,-0.03042325008981739,,0.7406033690573395,,-1.0,,-0.0009583133684714902,,,
2025-12-01,Region,EA,Eastern,Model,Genesis,gv80,GV80,Mid Luxury SUV,1187.0,32444.0,0.036586117618049564,79094.42291491154,74760.99719120866,105.79637228837346,78973.24347093514,74020.26041079777,106.69138832077772,537.0,12899.0,0.041631134196449336,0.8788162591344904,-0.04274193548387095,,-0.0028766791485470844,,-0.0009901226329195323,,-0.7571609275475453,,-0.00010068848299094046,,-0.5409162409207511,,0.24883720930232567,,0.001999797790919383,,-0.1169310546273088,
2025-12-01,Region,MA,Mid-Atlantic,Brand,Genesis,brand,Genesis,Luxury Market,1818.0,26335.0,0.06903360546800835,70511.18261826182,69315.0834357786,101.7255972628114,69900.75564116676,68566.81292635362,101.9454640778563,739.0,13915.0,0.05310815666546892,1.2998682274524171,-0.03809523809523807,,-0.004803172279383927,,0.0038288526383649657,,-0.29786456883458357,,0.0027394767215866977,,-0.20360304879599767,,0.36851851851851847,,0.006588515039004414,,-0.28734902456930445,
2025-12-01,Region,MA,Mid-Atlantic,Model,Genesis,g70,G70,Near Luxury Car,222.0,4154.0,0.053442465093885415,51344.96846846847,57293.20421242774,89.61790350928041,50528.68468468468,56870.93545542169,88.84799288081275,78.0,1484.0,0.05256064690026954,1.0167771564016148,0.07766990291262132,,0.007501341097453658,,0.007849545222605947,,-0.4249371203403456,,0.005407266914736031,,-0.43246856911115117,,0.4444444444444444,,0.008941906997200072,,-0.03646564929435758,
2025-12-01,Region,MA,Mid-Atlantic,Model,Genesis,g80,G80,Mid Luxury Car,110.0,1765.0,0.06232294617563739,74586.17272727273,82542.77888195231,90.36062722572179,73880.35454545454,82919.35302557705,89.09904847263537,28.0,507.0,0.055226824457593686,1.1284904896802914,0.028037383177569986,,-0.0074293354410510035,,0.0027683560177484967,,0.13457797390447013,,0.0033544499608548772,,0.2870594117194827,,0.03703703703703698,,-0.006985157109226592,,0.007287148137966826,
2025-12-01,Region,MA,Mid-Atlantic,Model,Genesis,g90,G90,Premium Luxury Car,45.0,478.0,0.09414225941422594,105573.22222222222,138854.34943396226,76.03162785507975,103020.66666666667,138705.16704402515,74.27312829230638,13.0,166.0,0.0783132530120482,1.202124235597039,0.25,,0.01588138984900854,,0.0005823467838239615,,-0.2807227792172853,,-0.008716095830546888,,-1.841746723381874,,1.6,,0.040434465133260315,,-0.8639627209247001,
2025-12-01,Region,MA,Mid-Atlantic,Model,Genesis,gv60,GV60,Entry Luxury EV SUV,11.0,251.0,0.043824701195219126,61467.181818181816,51044.69322709164,120.4183587600807,60144.27272727273,50190.04780876494,119.83306522527248,0.0,61.0,0.0,,-0.2666666666666667,,-0.040444961726129186,,0.029694173646892974,,5.388231880547295,,0.007680311708736065,,3.1270425091096143,,-1.0,,-0.044444444444444446,,,
2025-12-01,Region,MA,Mid-Atlantic,Model,Genesis,gv70,GV70,Near Luxury SUV,671.0,9377.0,0.07155806761224272,61965.743666169896,60986.7307932949,101.60528833098664,61529.77198211625,60382.227996152615,101.90046645187844,334.0,3712.0,0.08997844827586207,0.7952800807683981,-0.06934812760055475,,-0.006186163571712422,,-0.0008732335614319853,,0.06079023541377637,,-0.002713857738013692,,0.013574599390125286,,0.5113122171945701,,0.02172644086387937,,-0.34379603042457363,
2025-12-01,Region,MA,Mid-Atlantic,Model,Genesis,gv70_ev,GV70 EV,Near Luxury EV SUV,13.0,395.0,0.03291139240506329,73010.38461538461,61028.83544303798,119.63260331836048,67148.23076923077,60342.873417721516,111.27781453892558,3.0,1543.0,0.0019442644199611147,16.927426160337554,-0.23529411764705888,,-0.039122505900021455,,0.02011463640801292,,6.16702478386631,,-0.015488919525991296,,2.2259318677920987,,0.5,,0.00048227611586754756,,-32.34376028034042,
2025-12-01,Region,MA,Mid-Atlantic,Model,Genesis,gv80,GV80,Mid Luxury SUV,746.0,16419.0,0.04543516657530909,81275.04691689007,75230.27903679786,108.03501988492626,80816.8389261745,74452.79943125346,108.54775044529698,283.0,6442.0,0.04393045638000621,1.0342520956824777,-0.053299492385786795,,-0.005009747322648785,,0.005766238339033336,,-0.15430713897727344,,0.007015767393289796,,0.22746659947674175,,0.23580786026200884,,-0.0005096755819576984,,-0.10086860875497616,
2025-12-01,Region,MS,Mountain States,Brand,Genesis,brand,Genesis,Luxury Market,1015.0,19934.0,0.05091802949734123,70686.5487684729,70352.29653108366,100.47511204874678,70416.4512315271,69601.12432106989,101.17142778713762,401.0,10531.0,0.0380780552654069,1.3372014180461358,-0.041548630783758256,,-0.0047250978670976135,,-0.002482376873215064,,-0.5405606063663697,,-0.002114908591228537,,-0.35547318417800966,,0.07219251336898402,,-0.004067538604324905,,0.0169417596717234,
2025-12-01,Region,MS,Mountain States,Model,Genesis,g70,G70,Near Luxury Car,88.0,2136.0,0.04119850187265917,53907.89772727273,60697.633996247656,88.81383701151404,53713.181818181816,60064.89024516737,89.42525591729256,30.0,780.0,0.038461538461538464,1.0711610486891385,-0.011235955056179803,,5.1946162996668876e-05,,-0.004909515694314082,,-2.0513252211356843,,-0.006677627769924865,,-1.784321508878179,,0.4285714285714286,,0.005494505494505496,,-0.17695114117062416,
2025-12-01,Region,MS,Mountain States,Model,Genesis,g80,G80,Mid Luxury Car,43.0,1427.0,0.030133146461107218,76434.44186046511,83553.41317348377,91.4797360842251,76065.72093023256,87437.092312566,86.9947969659334,19.0,256.0,0.07421875,0.40600449968649727,0.07499999999999996,,-0.0027075760347876933,,0.006802295771855427,,2.6244859744580395,,0.017833098232809652,,2.6274731051161666,,0.46153846153846145,,0.01669662610619469,,-0.164918829857522,
2025-12-01,Region,MS,Mountain States,Model,Genesis,g90,G90,Premium Luxury Car,5.0,270.0,0.018518518518518517,106338.0,144008.82777777777,73.84130656496406,103876.2,144065.23106060605,72.10358754521475,7.0,81.0,0.08641975308641975,0.21428571428571427,0.0,,-0.0008613264427217923,,0.0056458705705451084,,0.7928374640961806,,-0.0007580202972440331,,-0.3563646230888651,,-0.125,,-0.03858024691358025,,0.059246954595791795,
2025-12-01,Region,MS,Mountain States,Model,Genesis,gv60,GV60,Entry Luxury EV SUV,7.0,277.0,0.02527075812274368,60404.71428571428,49961.92418772563,120.90149702551724,59090.28571428572,49475.06498194946,119.43447822826366,3.0,78.0,0.038461538461538464,0.6570397111913356,-0.2222222222222222,,-0.03317080031881476,,0.034555625997039874,,4.80479705135204,,0.03999235654696953,,5.162756443054178,,-0.5,,-0.07692307692307693,,0.1505462046978292,
2025-12-01,Region,MS,Mountain States,Model,Genesis,gv70,GV70,Near Luxury SUV,464.0,8600.0,0.053953488372093024,64079.105603448275,61807.73002792321,103.674905346789,63937.816810344826,61392.90281071637,104.14529022593184,163.0,2688.0,0.06063988095238095,0.8897360536453132,-0.0064239828693790635,,-0.00018516221914277597,,0.001116211326366079,,-0.2785563964446709,,-0.00034873675366464685,,-0.10169883170730998,,0.044871794871794934,,-0.005322064079331522,,0.0689802289768986,
2025-12-01,Region,MS,Mountain States,Model,Genesis,gv70_ev,GV70 EV,Near Luxury EV SUV,18.0,641.0,0.028081123244929798,67911.61111111111,59921.00031201248,113.33524266532768,62719.38888888889,59284.04867924529,105.79471255114579,7.0,1988.0,0.0035211267605633804,7.975039001560062,-0.09999999999999998,,-0.03501035940491247,,-0.0011059336354835025,,3.853218683418362,,-0.0017731926238582219,,3.6418905972854674,,6.0,,0.002873877569624869,,-89.50130169244623,
2025-12-01,Region,MS,Mountain States,Model,Genesis,gv80,GV80,Mid Luxury SUV,390.0,12221.0,0.03191228213730464,81555.47179487179,77620.43126136456,105.06959375200726,81400.0076923077,76930.18459199868,105.81023316662355,172.0,4660.0,0.03690987124463519,0.8646002020920909,-0.09090909090909094,,-0.005041805208719996,,0.003086424849978453,,-0.21189758192694796,,0.004331212817989982,,-0.037174141304106456,,0.01775147928994092,,-0.005499162632403708,,-0.006772804262395349,
2025-12-01,Region,SC,South Central,Brand,Genesis,brand,Genesis,Luxury Market,2564.0,38342.0,0.06687183767148297,69380.07527301092,69299.16274506213,100.11675830521425,68863.47854914196,68680.10808290837,100.2669921049225,1057.0,22978.0,0.04600052223866307,1.4537190974601093,-0.0243531202435312,,-0.002271500573097121,,0.007783235712471859,,0.17641545396914182,,0.009973561828134025,,0.4839765017398321,,0.1705426356589148,,0.0003806374250832009,,-0.061921253828061795,
2025-12-01,Region,SC,South Central,Model,Genesis,g70,G70,Near Luxury Car,286.0,6251.0,0.0457526795712686,50500.63636363636,57336.86530933634,88.07707936452742,49975.43706293706,57202.542555895125,87.36576178253591,93.0,2415.0,0.03850931677018633,1.188093775963588,-0.09493670886075944,,-0.002780571849404105,,-0.0027925524134021495,,-1.087863351813823,,-0.002654110611765126,,-0.9340735844380816,,0.3098591549295775,,0.0010027134949618238,,-0.10589840628054503,
2025-12-01,Region,SC,South Central,Model,Genesis,g80,G80,Mid Luxury Car,167.0,2835.0,0.05890652557319224,73760.8862275449,81286.04862849064,90.74236904374735,72247.07784431138,81419.57935221102,88.73428040174399,50.0,665.0,0.07518796992481203,0.7834567901234568,-0.04571428571428571,,-0.012697402413714469,,0.0044014860590670946,,1.750151997642547,,0.017541791845324006,,3.2056880782215273,,-0.2647058823529411,,-0.03326498063340169,,0.12322645412653765,
2025-12-01,Region,SC,South Central,Model,Genesis,g90,G90,Premium Luxury Car,51.0,916.0,0.055676855895196505,105240.37254901961,137905.6883756906,76.31329337359728,102272.29411764706,138197.49015350876,74.00445116915202,15.0,317.0,0.0473186119873817,1.1766375545851528,-0.13559322033898302,,-0.005781477438136826,,0.004848991497494515,,-0.32760352503426304,,-0.0073360994684557035,,-1.55235424786882,,-0.5161290322580645,,-0.06222202405502113,,0.6155824470582711,
2025-12-01,Region,SC,South Central,Model,Genesis,gv60,GV60,Entry Luxury EV SUV,6.0,87.0,0.06896551724137931,57199.5,51229.55172413793,111.65332913317138,45689.0,49514.93103448276,92.27317709113169,0.0,21.0,0.0,,-0.1428571428571429,,-0.04967855055523086,,-0.03440504698996538,,-0.8233015621405002,,-0.03677635422878378,,-2.4507272306946817,,-1.0,,-0.1,,,
2025-12-01,Region,SC,South Central,Model,Genesis,gv70,GV70,Near Luxury SUV,1118.0,12402.0,0.09014675052410902,62266.05277280859,61017.25392929212,102.04663232626561,61996.87030411449,60669.93909362631,102.18713127178265,434.0,5585.0,0.07770814682184422,1.1600682066293753,-0.03287197231833905,,-0.0016429906224687124,,0.006478922916156371,,0.11035938115844601,,0.007631700507443995,,0.31556565916478974,,0.13020833333333326,,-0.011160170697248575,,0.12719458294613983,
2025-12-01,Region,SC,South Central,Model,Genesis,gv70_ev,GV70 EV,Near Luxury EV SUV,2.0,605.0,0.003305785123966942,67376.5,58483.61652892562,115.20576872443588,53625.5,58627.06727574751,91.46884279197685,1.0,2601.0,0.00038446751249519417,8.598347107438016,-0.6,,-0.0077074307350638955,,-0.026857415217516944,,0.7764103184233875,,-0.04877499325944734,,-1.4315558158699275,,-0.5,,-0.0001565116598066722,,-11.759582407980488,
2025-12-01,Region,SC,South Central,Model,Genesis,gv80,GV80,Mid Luxury SUV,934.0,23530.0,0.03969400764980875,81017.78051391862,74674.0111163227,108.49528410589058,80618.78907922913,73836.69472635322,109.18526266378944,464.0,11374.0,0.040794795146826095,0.9730164720019929,0.02637362637362628,,-0.0002585760969533307,,0.0015521434769991682,,-0.5016688019393172,,0.0034836353940721487,,-0.16051047378452665,,0.344927536231884,,0.002260225728753937,,-0.06378202737412564,
2025-12-01,Region,SO,Southern,Brand,Genesis,brand,Genesis,Luxury Market,4995.0,51863.0,0.0963114358984247,69419.46776131357,68463.93360148156,101.39567522572399,68692.38321314103,67589.19941374152,101.6321894754907,2135.0,32948.0,0.06479907733398081,1.4863087540896005,-0.05236198064883324,,-0.0022838017514509174,,-0.002297683909667003,,-0.9064645726494689,,0.001466331930144893,,-0.4973326713217574,,0.21169125993189564,,-0.005808015432999747,,0.08991593027992617,
2025-12-01,Region,SO,Southern,Model,Genesis,g70,G70,Near Luxury Car,735.0,9425.0,0.0779840848806366,50331.19047619047,55879.42928829402,90.07105318939644,49436.85442176871,55286.09423543173,89.42005237563994,227.0,3821.0,0.05940853179795865,1.3126748384533589,0.004098360655737654,,0.005256812153363877,,-0.0017451391984172338,,-0.7702047925928639,,-0.0036323414667047693,,-0.7562359498052302,,0.15816326530612246,,-0.0071901770025850145,,0.2206525750025241,
2025-12-01,Region,SO,Southern,Model,Genesis,g80,G80,Mid Luxury Car,346.0,4171.0,0.08295372812275234,73187.59248554913,81180.44828406633,90.15421081373113,72294.3901734104,81417.60269371727,88.79454538273836,82.0,1281.0,0.06401249024199844,1.295899094210314,0.14191419141914197,,0.00302758726282093,,-0.028846415172396167,,-1.5480655040875178,,0.014884742372130333,,2.183057063452779,,-0.28695652173913044,,-0.04540711013859147,,0.5654436677425929,
2025-12-01,Region,SO,Southern,Model,Genesis,g90,G90,Premium Luxury Car,101.0,1332.0,0.07582582582582582,105559.84158415842,137221.49812312314,76.92660627378078,103150.22772277228,137189.82669172934,75.18795686983022,30.0,552.0,0.05434782608695652,1.3951951951951953,-0.12173913043478257,,-0.0022461361565231236,,0.005850701962794469,,0.45829901536154694,,0.006368273355803922,,0.01887063285620627,,-0.4444444444444444,,-0.06103678929765887,,0.7185715246815044,
2025-12-01,Region,SO,Southern,Model,Genesis,gv60,GV60,Entry Luxury EV SUV,9.0,87.0,0.10344827586206896,62615.0,51546.06976744186,121.47385878787141,57729.0,50323.29069767442,114.71626596681965,0.0,41.0,0.0,,-0.3076923076923077,,-0.08226600985221676,,0.08877736506233758,,10.672176215376425,,0.02078493354153177,,3.8263761422893765,,-1.0,,-0.04,,,
2025-12-01,Region,SO,Southern,Model,Genesis,gv70,GV70,Near Luxury SUV,1787.0,17908.0,0.09978780433325887,62108.71124790151,60676.09757738295,102.36108406393718,61798.08846584547,60247.54427305362,102.57362223058333,860.0,7909.0,0.10873688203312681,0.9176997028741215,-0.05499735589635113,,-0.0003657892264042756,,0.0037683153131911062,,-0.28159403547333284,,0.0032091644186234003,,-0.4192700861699734,,0.2338593974175036,,-0.00022044171237889376,,-0.0015004951189417914,
2025-12-01,Region,SO,Southern,Model,Genesis,gv70_ev,GV70 EV,Near Luxury EV SUV,45.0,1058.0,0.04253308128544423,72031.95555555556,58847.00568720379,122.40547282632397,68263.02222222222,58201.81196581197,117.28676464973333,5.0,5790.0,0.0008635578583765112,49.253308128544425,-0.08163265306122447,,-0.01650306329286902,,0.0002499011592485001,,1.1590646537364506,,0.010320745701730916,,2.4432494738802575,,1.5,,0.00023064646597144788,,-44.02380030519051,
2025-12-01,Region,SO,Southern,Model,Genesis,gv80,GV80,Mid Luxury SUV,1972.0,28943.0,0.06813391839132087,80623.899543379,74078.54475723123,108.83569568975481,79787.5502538071,72862.79891575067,109.50382285761948,931.0,13554.0,0.06868821012247307,0.9919303221009269,-0.09040590405904059,,-0.005947749129608576,,0.006463392164689052,,-0.16066812578334577,,0.00957895090091987,,0.28363939302180086,,0.33572453371592537,,0.004807722541133139,,-0.1677613196793616,
2025-12-01,Region,WE,Western,Brand,Genesis,brand,Genesis,Luxury Market,2448.0,52904.0,0.04627249357326478,71460.27491830065,69572.5045641278,102.71338564853995,71177.2837285364,69210.03333473338,102.84243526410171,1214.0,39001.0,0.03112740698956437,1.4865515007009058,-0.07096774193548383,,-0.0042587072858615155,,0.01223415172947151,,0.975273987660259,,0.012958481503305697,,1.2833688355671455,,0.15071090047393354,,-0.004969352855784107,,0.08666959784812445,
2025-12-01,Region,WE,Western,Model,Genesis,g70,G70,Near Luxury Car,289.0,9631.0,0.03000726819644897,50846.705882352944,58082.513867248366,87.54219212785218,50968.82352941176,57967.12438905079,87.92712087515434,133.0,4160.0,0.031971153846153844,0.9385732007310355,-0.09968847352024923,,-0.0015716791719720853,,-0.009147527118098853,,-2.775260324237081,,-0.009320700257507974,,-2.736751559657449,,0.15652173913043477,,-0.0022958306592096855,,0.017017136657808907,
2025-12-01,Region,WE,Western,Model,Genesis,g80,G80,Mid Luxury Car,158.0,5549.0,0.028473598846639032,73533.5506329114,82116.5918914533,89.54773808697823,73095.89240506329,82173.32825619359,88.95330632972613,40.0,1358.0,0.029455081001472753,0.9666786808433951,0.14492753623188404,,-0.000420873515170013,,0.0018757705105232336,,2.411944669193062,,0.0060299171558009235,,3.128934902114608,,0.0,,-0.005943149087022821,,0.15040983662228957,
2025-12-01,Region,WE,Western,Model,Genesis,g90,G90,Premium Luxury Car,80.0,2139.0,0.03740065451145395,106330.5875,136270.22097378277,78.02921778519541,104556.525,135676.6959775491,77.06299467765734,45.0,665.0,0.06766917293233082,0.5526985611137084,-0.09090909090909094,,-0.0037593080703982526,,0.0014627077329780747,,-0.5072041607744069,,-0.01557440340763494,,-1.6943538276700139,,0.6071428571428572,,0.009091767074590237,,-0.1499608001050542,
2025-12-01,Region,WE,Western,Model,Genesis,gv60,GV60,Entry Luxury EV SUV,16.0,539.0,0.029684601113172542,58540.125,49636.755102040814,117.93705063849575,54614.4375,48639.58256029685,112.28393548052418,15.0,172.0,0.0872093023255814,0.3403834260977118,-0.23809523809523814,,-0.04078519754454557,,-0.023879600640613785,,-0.44752993427226784,,-0.020561249978650387,,-0.5604601575627299,,-0.11764705882352944,,-0.10167958656330749,,-0.032691978560795865,
2025-12-01,Region,WE,Western,Model,Genesis,gv70,GV70,Near Luxury SUV,791.0,22278.0,0.0355058802405961,63258.05815423514,61565.034974628405,102.74997517715121,63024.17594936709,61390.5407326172,102.66105363669152,502.0,8325.0,0.0603003003003003,0.5888176354640688,-0.15037593984962405,,-0.005951126483365245,,0.012590541238063135,,0.3077778181482671,,0.012607677571724762,,0.7308371758989978,,0.13063063063063063,,-0.004290912967084046,,-0.05301899566320667,
2025-12-01,Region,WE,Western,Model,Genesis,gv70_ev,GV70 EV,Near Luxury EV SUV,39.0,1532.0,0.025456919060052218,68284.61538461539,57354.7130613577,119.0566768446125,63042.39473684211,56318.152009222664,111.93974320485212,8.0,13332.0,0.0006000600060006001,42.42395561357702,-0.26415094339622647,,-0.04877277281669848,,-0.015181305431256842,,9.660617293099165,,-0.021322515517163687,,9.742224111531172,,-0.3846153846153846,,-0.0009518082045759787,,-5.408515836541483,
2025-12-01,Region,WE,Western,Model,Genesis,gv80,GV80,Mid Luxury SUV,1075.0,27356.0,0.03929668080128674,80445.06139534884,75279.57855779077,106.86173187538853,80369.70418604651,74837.04728411998,107.39293852805511,471.0,10989.0,0.042861042861042864,0.916839119586709,-0.007386888273314907,,0.00022741673202267276,,0.0016071619240793922,,-0.06563213809400281,,0.0036305183705174215,,0.3705146414400673,,0.18341708542713575,,-0.0017477892393830477,,0.0410200893706939,
2025-12-01,National,NTL,National,Brand,Genesis,brand,Genesis,Luxury Market,19914.0,281629.0,0.07071004761583502,69429.04273804741,69074.57887429904,100.51316109272766,68951.02265648548,68338.77286985722,100.8959039808839,7898.0,165609.0,0.047690644832104535,1.4826817264637657,-0.02815870382118979,,-0.002945595806163548,,0.00154750143946214,,-0.43845504553057424,,0.002930213061566489,,-0.17856051163177256,,0.1774001192605843,,-0.0024157977449262777,,0.012698234645033057,
2025-12-01,National,NTL,National,Model,Genesis,g70,G70,Near Luxury Car,2554.0,44443.0,0.057466867673199376,51400.63155833986,57608.99589078129,89.22327279543002,50884.37705559906,57188.60557814228,88.97642553300388,761.0,17134.0,0.044414614217345626,1.2938729444317978,0.015103338632750374,,0.0036406263108563486,,0.001909208805524143,,-1.0898285709830304,,0.0009580705702352255,,-1.0163207766641023,,0.1743827160493827,,-0.0012416952309739701,,0.1149287412593678,
2025-12-01,National,NTL,National,Model,Genesis,g80,G80,Mid Luxury Car,1265.0,22830.0,0.055409548839246606,74014.29509493671,81913.27775461845,90.35689588280896,73301.26265822785,82201.03219349538,89.17316571607262,302.0,5737.0,0.05264075300679798,1.0525979526184033,0.05066445182724255,,-0.0058564800636640366,,-0.004444976856790572,,0.9271840818899619,,0.012032529163864769,,2.456001516741196,,-0.23350253807106602,,-0.025939223060214386,,0.27293331069151505,
2025-12-01,National,NTL,National,Model,Genesis,g90,G90,Premium Luxury Car,429.0,7103.0,0.06039701534562861,105738.56643356643,137221.0942907551,77.05707856367844,103583.90909090909,136928.7237349908,75.64804977762253,137.0,2403.0,0.0570120682480233,1.059372466244858,-0.004640371229698403,,0.0011611714753702249,,0.003410137738708574,,-0.27339672563593354,,-0.006372421797354422,,-1.2488400837852396,,-0.07432432432432434,,-0.018229416246130233,,0.2720960818340591,
2025-12-01,National,NTL,National,Model,Genesis,gv60,GV60,Entry Luxury EV SUV,76.0,1712.0,0.04439252336448598,60282.19736842105,50495.32495616598,119.38173963778007,55967.59210526316,49608.99941554647,112.81741773595225,21.0,527.0,0.03984819734345351,1.1140409434801957,-0.33333333333333337,,-0.054910612524015766,,0.007316716733208661,,3.07161933029046,,-0.02233467559231339,,-0.4936213189159844,,-0.30000000000000004,,-0.05360974658178013,,0.05149738947322691,
2025-12-01,National,NTL,National,Model,Genesis,gv70,GV70,Near Luxury SUV,7982.0,106691.0,0.07481418301449981,62443.672763718365,61082.55628745042,102.22832271436484,62169.45118435894,60686.79781579516,102.44312341716255,3478.0,41786.0,0.08323361891542622,0.8988457307199221,-0.04304040282939692,,-0.00259146116638867,,0.003576792448958699,,-0.22218203281114768,,0.0031558942565914627,,-0.1291418808398106,,0.19848380427291512,,0.0008980347356611351,,-0.04127809243638225,
2025-12-01,National,NTL,National,Model,Genesis,gv70_ev,GV70 EV,Near Luxury EV SUV,156.0,5982.0,0.026078234704112337,70333.7435897436,59217.41384177956,118.7720621803331,65865.67741935483,58572.19550831793,112.45212314092127,25.0,30059.0,0.0008316976612661765,31.355426278836507,-0.17460317460317465,,-0.023191838288588396,,-0.0020728253274632236,,4.595726242667737,,-0.0057700433326494105,,4.532805798247566,,0.0,,-0.00032823367079896524,,-11.121289049630644,
2025-12-01,National,NTL,National,Model,Genesis,gv80,GV80,Mid Luxury SUV,7452.0,161703.0,0.04608448822841877,80297.82109783922,74833.08439519223,107.30256777040996,79873.44569740904,73900.61627436543,108.08224575674541,3174.0,67963.0,0.046701881906331386,0.9867801113635869,-0.03170478170478175,,-0.0024731676785039805,,0.0010127104343664595,,-0.5714037254008986,,0.0031912303835981426,,-0.20691116862563774,,0.23935962514642717,,0.0006249851250572092,,-0.06705943294046357,
2026-01-01,Region,CE,Central,Brand,Genesis,brand,Genesis,Luxury Market,3283.0,30232.0,0.10859354326541414,69310.04936014625,69743.71351161714,99.37820323920857,68822.35344302254,68129.20953435039,101.0173960822526,589.0,10445.0,0.05639061752034466,1.9257377918629044,-0.005452893062708242,0.0700782268578879,0.006090748581523933,0.019324455742136662,0.005957687452435634,0.050923380294532805,-0.12712875986136396,0.356610328483157,0.007295720278428286,0.04989321721339923,0.09481135883262937,0.5808869747289549,-0.2912154031287605,0.12404580152671763,0.003541469720802562,0.008961218534102804,-0.01379763967679426,0.04359107629578718
2026-01-01,Region,CE,Central,Model,Genesis,g70,G70,Near Luxury Car,394.0,3310.0,0.1190332326283988,52604.97461928934,59150.46189769976,88.93417385356892,51938.52538071066,58035.76471424253,89.49399673881517,57.0,969.0,0.058823529411764705,2.0235649546827794,0.05630026809651478,-0.1959183673469388,0.025196754640977412,0.02498332859768862,0.008707440352734297,0.009750356368203095,-0.5120796773528582,0.15272167614745058,0.009390058578334859,0.004979447836289452,-0.693296250685691,0.07666142652905705,0.0,0.23913043478260865,0.016570008285004142,0.01804338756779307,-0.19723169101952687,-0.28270225720072206
2026-01-01,Region,CE,Central,Model,Genesis,g80,G80,Mid Luxury Car,180.0,1976.0,0.09109311740890688,74643.98882681564,82179.9368004063,90.82994187268174,74124.50837988827,81363.7363740857,91.10263574805163,31.0,346.0,0.08959537572254335,1.0167167297897348,0.040462427745664664,0.14649681528662417,0.007719623433003267,0.01714116262793655,0.003734272103667946,0.12048924423356322,0.8836536251760094,8.110306335806214,0.003953904618020365,0.11326658343237095,1.599082448670032,7.341011187865405,-0.16216216216216217,0.1923076923076923,0.008985353936050974,0.02856251187277809,-0.017565263046474877,-0.19495760623693292
2026-01-01,Region,CE,Central,Model,Genesis,g90,G90,Premium Luxury Car,63.0,557.0,0.11310592459605028,106068.66666666667,138082.91685920578,76.81519849035202,103715.8253968254,138216.39413669065,75.03872897614046,5.0,130.0,0.038461538461538464,2.940754039497307,0.0,-0.09999999999999998,0.01050006140386786,0.024386025990220106,0.001821991723452987,0.048873355898235715,1.391285322066139,1.0877266615712813,0.0036332397042722064,0.04906393065093573,1.1486592064454726,0.21778945411752204,0.0,-0.5,0.008521418701059422,-0.03787433940105696,-0.486281791121586,1.7785233677609316
2026-01-01,Region,CE,Central,Model,Genesis,gv60,GV60,Entry Luxury EV SUV,1.0,131.0,0.007633587786259542,58345.0,49336.75572519084,118.25868795464727,58345.0,47692.7786259542,122.33508233518798,0.0,52.0,0.0,,-0.6666666666666667,-0.9791666666666666,-0.02149262580597347,-0.730827950675279,-0.024439861776836436,-0.07936883629191327,-1.3762493576570307,16.239086817699103,0.10733987903940068,-0.07199790048372379,15.428987047676571,19.47259554646702,-1.0,-1.0,-0.02702702702702703,-0.1891891891891892,,
2026-01-01,Region,CE,Central,Model,Genesis,gv70,GV70,Near Luxury SUV,1433.0,9390.0,0.15260915867944622,63193.206559665035,61927.21321439983,102.0443247476391,62774.399860432655,61060.78638120663,102.80640584699945,221.0,2128.0,0.10385338345864661,1.4694673740717716,-0.05723684210526314,0.33800186741363203,0.006356873487490089,0.060984554350590026,0.0015544925340524873,0.056545052992338585,-0.2677988298232208,0.5673681704885212,0.002918788635757563,0.05743871134676781,-0.41156629681881896,0.08598755420206317,-0.466183574879227,0.00454545454545463,0.0013019839045222692,0.01768025380725609,0.043330960255522966,0.4062054883828179
2026-01-01,Region,CE,Central,Model,Genesis,gv70_ev,GV70 EV,Near Luxury EV SUV,19.0,814.0,0.02334152334152334,69658.31578947368,59172.35620393121,117.72104451849734,64877.15789473684,58065.53051787916,111.7309310982017,0.0,1625.0,0.0,,-0.09523809523809523,-0.6545454545454545,-0.0022682327560376338,-0.04989416241080688,0.006277524837636328,-0.016571990831832917,3.0026719248513984,8.755763264725914,-0.0013016342303644457,-0.04495020210168166,2.6342656147642742,4.120097824926091,-1.0,-1.0,-0.0006134969325153375,-0.0071794871794871795,,
2026-01-01,Region,CE,Central,Model,Genesis,gv80,GV80,Mid Luxury SUV,1193.0,19710.0,0.060527650938609845,79436.63369656328,74107.87867709021,107.19053778707122,79096.45850796312,72097.40151566168,109.70777981614364,275.0,5195.0,0.05293551491819057,1.143422351367557,0.03919860627177707,0.0135938827527613,0.005308795719754629,-0.0022825310348145583,0.003034000612057053,0.05911206759282317,-0.35918351528765413,0.5910062688783597,0.004403317191409961,0.056936505425120076,0.05007105737831807,0.7972434140100404,-0.129746835443038,0.41752577319587636,0.013656459604331025,0.012400621478992908,-0.26238679494791817,-0.40611131319331517
2026-01-01,Region,EA,Eastern,Brand,Genesis,brand,Genesis,Luxury Market,3550.0,55207.0,0.06430343978118717,67343.62901408451,68891.97101627049,97.75250732509845,67185.50985915493,68324.19037843349,98.33341527653437,874.0,18300.0,0.04775956284153005,1.3463992539996859,-0.05910416114497752,0.12058080808080818,0.0014693265032548891,0.005438376047863749,-0.00615171758628319,0.027206960812236725,-1.310624171562452,-1.1469359875849392,-0.006220000792783287,0.026843359684193713,-1.3306911731677786,-0.6481130730071527,-0.4253780407626562,0.019836639439906545,-0.002089676801888929,0.004128568034483929,0.08591637146433406,-0.002757784331631319
2026-01-01,Region,EA,Eastern,Model,Genesis,g70,G70,Near Luxury Car,583.0,7427.0,0.07849737444459405,52764.20240137221,59077.81204658678,89.31306115359202,52572.974271012004,58832.30533926885,89.36072446564673,118.0,1916.0,0.061586638830897704,1.2745844867444254,0.03921568627450989,0.18016194331983804,0.015257604407394182,0.034342923246882213,0.0016772119007539832,0.02395230956594019,-1.170498451930854,-0.9686740483261929,0.0010443237506219116,0.014780312645985783,-1.3839845278545084,-1.4899998248864392,-0.1748251748251748,0.20408163265306123,0.015826638830897702,0.020939604405348138,-0.10740349483773959,0.18829487615582097
2026-01-01,Region,EA,Eastern,Model,Genesis,g80,G80,Mid Luxury Car,261.0,4832.0,0.054014900662251654,75126.11877394636,81303.48507870754,92.40208916163797,74847.62068965517,81450.3742529243,91.89352581393194,33.0,762.0,0.04330708661417323,1.2472531607465382,-0.026119402985074647,0.5535714285714286,0.0005005236654465409,0.01914566031355925,0.006054567506044384,0.0807525263443305,0.9450652949615375,5.604455523552687,0.006599238336250979,0.08375328305530338,1.073351748008676,4.493530305313428,-0.28260869565217395,-0.2142857142857143,0.005321950363141023,0.004845548152634764,-0.1615709814954398,0.3406529116805358
2026-01-01,Region,EA,Eastern,Model,Genesis,g90,G90,Premium Luxury Car,73.0,1211.0,0.06028075970272502,106261.46575342465,135038.6645950413,78.6896597889836,104119.3698630137,134715.77072560467,77.28818185295384,11.0,292.0,0.03767123287671233,1.600180166654155,-0.13095238095238093,-0.21505376344086025,-0.0017576450240105804,0.004087406228404776,0.005862800613489982,0.04471774389932093,0.38014777280858425,0.5629409613115683,-0.0030928341001436044,0.03328914775616232,-0.4039734831253412,-0.6804204693241758,-0.5,-0.42105263157894735,-0.010680415474936027,-0.01395920190589637,0.3171131598057597,0.5118036362041629
2026-01-01,Region,EA,Eastern,Model,Genesis,gv60,GV60,Entry Luxury EV SUV,22.0,403.0,0.05459057071960298,60893.90909090909,51018.846153846156,119.35571593933135,57525.90909090909,49890.305210918115,115.30478486293161,0.0,114.0,0.0,,-0.08333333333333337,-0.858974358974359,-0.010626820584744845,-0.7215288322654717,0.001214524393903904,-0.03661248685591345,1.2623860616335634,15.84037466978954,0.020623436992186273,-0.06016459943480079,4.088554596968905,11.835425862770734,-1.0,-1.0,-0.017094017094017096,-0.18045112781954886,,
2026-01-01,Region,EA,Eastern,Model,Genesis,gv70,GV70,Near Luxury SUV,1507.0,22566.0,0.06678188425064256,61490.78102189781,60907.54866116949,100.95756991300516,61459.299933643,60801.99806195358,101.08105307825521,437.0,5128.0,0.08521840873634945,0.7836556119846569,-0.07602697731453101,0.29801894918174,0.0034002342292692306,0.011651061324577695,-0.0027720340640371433,0.008138232022103065,-0.9038871227849228,-2.9773785446398335,-0.0030391502269032644,0.006906078681682137,-1.178504072035409,-3.4468545333137683,-0.43320363164721143,0.1778975741239892,0.00431599530507977,0.02073031556756795,0.00022224661022396397,-0.07124364487154577
2026-01-01,Region,EA,Eastern,Model,Genesis,gv70_ev,GV70 EV,Near Luxury EV SUV,18.0,989.0,0.01820020222446916,72185.61111111111,60016.05771023303,120.2771622548662,72341.0,59465.604746450306,121.65183606296085,0.0,1914.0,0.0,,0.0,-0.8895705521472392,-0.0011338471847682184,-0.09881343740223579,-0.006262953813679362,-0.015883559019395088,1.0680027919618453,13.584881034633028,0.02659077112290187,0.004685859696690331,5.257239316308059,16.409266156741936,,-1.0,0.0,-0.012618296529968454,,
2026-01-01,Region,EA,Eastern,Model,Genesis,gv80,GV80,Mid Luxury SUV,1086.0,30381.0,0.035746025476449096,78856.10957642726,74970.64540208697,105.1826473595119,78762.1546961326,74172.48297009396,106.18783616545393,275.0,8174.0,0.033643259114264745,1.0625018627072542,-0.08508845829823086,0.1639871382636655,-0.0008400921416004681,-0.0025513228529163087,-0.0030130232916757427,0.07453284447942599,-0.6137249288615578,2.6571544290302285,-0.0026729150978866967,0.07178793247310722,-0.5035521553237885,3.28423581408596,-0.4878957169459963,0.0,-0.007987875082184591,-0.0022294254670031932,0.18368560357276387,-0.005088945630619124
2026-01-01,Region,MA,Mid-Atlantic,Brand,Genesis,brand,Genesis,Luxury Market,1626.0,23982.0,0.06780085063797849,70950.79889298893,69754.1071206307,101.71558610920029,70314.47601476015,68923.21870739173,102.01856113724884,345.0,8200.0,0.04207317073170732,1.6114984789316624,-0.10561056105610556,0.025867507886435437,-0.0012327548300298669,0.0016157829914109217,0.006234702899639677,0.07797055190611402,-0.010011153611117152,3.078932425594786,0.005918682420504862,0.08379684553238342,0.07309705939253774,3.9296037376485486,-0.5331529093369418,-0.03899721448467963,-0.0110349859337616,0.00610483088600048,0.3116302514792453,-0.2285938892588415
2026-01-01,Region,MA,Mid-Atlantic,Model,Genesis,g70,G70,Near Luxury Car,194.0,3217.0,0.060304631644389185,51756.42268041237,58005.99926616916,89.22598237282375,50875.845360824744,57642.92504821151,88.26034646623691,37.0,811.0,0.04562268803945746,1.3218123314486387,-0.12612612612612617,-0.32167832167832167,0.0068621665505037704,-0.004784125752060518,0.008013525457642112,0.010997636797150045,-0.39192113645665927,-0.2789257550656288,0.0068705662596693085,0.005752000113627309,-0.5876464145758433,-0.9415757152016937,-0.5256410256410257,0.48,-0.006937958860812082,0.019769533954659115,0.30503517504702393,-1.195820804646036
2026-01-01,Region,MA,Mid-Atlantic,Model,Genesis,g80,G80,Mid Luxury Car,116.0,1701.0,0.06819517930629042,74975.4827586207,81761.25484687867,91.7005039844774,74119.58620689655,81651.50882866044,90.7755254865295,17.0,344.0,0.04941860465116279,1.379949510668465,0.05454545454545445,0.24731182795698925,0.005872233130653028,0.01904084526823545,0.005219600592344387,0.09452915877380885,1.339876758755608,5.898259492012528,0.003238095741606495,0.1174442762493666,1.6764770138941287,6.909200093416857,-0.3928571428571429,-0.29166666666666663,-0.005808219806430898,-0.008692775494115665,0.2514590209881735,0.5340853457636023
2026-01-01,Region,MA,Mid-Atlantic,Model,Genesis,g90,G90,Premium Luxury Car,48.0,466.0,0.10300429184549356,105601.3125,137839.70948275863,76.6116766324213,102851.29166666667,138201.56924731183,74.42121838907212,3.0,79.0,0.0379746835443038,2.71244635193133,0.06666666666666665,1.1818181818181817,0.008862032431267625,0.0639279152913195,0.00026607388868593596,0.04242183952502909,0.5800487773415455,-3.069638003824636,-0.0016440875940749722,0.04057363812050063,0.14809009676574192,-3.6531178320611986,-0.7692307692307692,-0.5714285714285714,-0.040338569467744397,-0.01628888234716907,1.5103221163342913,1.9923245554329796
2026-01-01,Region,MA,Mid-Atlantic,Model,Genesis,gv60,GV60,Entry Luxury EV SUV,7.0,291.0,0.024054982817869417,59236.142857142855,50388.36426116838,117.55917010942343,59902.857142857145,49101.838487972505,121.99717767702394,0.0,44.0,0.0,,-0.36363636363636365,-0.8372093023255813,-0.01976971837734971,-0.4645813808184942,-0.03629642510109399,-0.014899319344302775,-2.8591886506572592,12.903662229244674,-0.004013941369119145,-0.021938465544176333,2.164112451751464,13.724448585682467,,-1.0,0.0,-0.23684210526315788,,
2026-01-01,Region,MA,Mid-Atlantic,Model,Genesis,gv70,GV70,Near Luxury SUV,592.0,8422.0,0.07029209213963429,62121.74155405405,61147.83509270264,101.59270800000513,61665.5777027027,60686.96392273757,101.6125601228149,155.0,1987.0,0.07800704579768496,0.9010992714932473,-0.1177347242921013,0.0983302411873841,-0.0012659754726084271,0.009859308195245907,0.0025174859310099773,0.024784328787853305,-0.012580330981506904,-0.831715249348818,0.002207154621439722,0.03288101270212063,-0.28790632906354574,-1.1607249156158588,-0.5359281437125749,0.013071895424836555,-0.011971402478177115,0.010635843684078619,0.10581919072484924,0.004087164710855018
2026-01-01,Region,MA,Mid-Atlantic,Model,Genesis,gv70_ev,GV70 EV,Near Luxury EV SUV,7.0,418.0,0.01674641148325359,72106.28571428571,60436.156626794254,119.30984652044788,68335.42857142857,59629.038062200954,114.60092396618187,0.0,1349.0,0.0,,-0.46153846153846156,-0.8923076923076922,-0.016164980921809704,-0.08340767172167707,-0.012383154887645853,-0.02220361438551366,-0.3227567979126036,6.784218676370315,0.017680254395352035,-0.016000807893686075,3.323109427256284,6.912572527309678,-1.0,-1.0,-0.0019442644199611147,-0.006463878326996198,,
2026-01-01,Region,MA,Mid-Atlantic,Model,Genesis,gv80,GV80,Mid Luxury SUV,662.0,14969.0,0.04422473111096266,81365.20543806646,75443.3198576869,107.84944988045378,80850.45317220544,74449.17912193484,108.59817949071866,133.0,3586.0,0.03708867819297267,1.1924051561196398,-0.11260053619302945,0.23277467411545616,-0.0012104354643464321,-0.0004582444257323001,0.0011093013735026247,0.06491837492129293,-0.1855700044724813,1.3703401097326946,0.0004159312152958172,0.0669121165937796,0.05042904542168003,2.082145830267777,-0.5300353356890459,0.15652173913043477,-0.006841778187033534,0.004184529408995559,0.15815306043716215,-0.16556875258252424
2026-01-01,Region,MS,Mountain States,Brand,Genesis,brand,Genesis,Luxury Market,962.0,18687.0,0.05147963825119067,71637.49272349272,70837.87385407175,101.12880134018167,71365.7234927235,70062.35036193686,101.86030460590247,260.0,8484.0,0.030645921735030647,1.6798201958580832,-0.05221674876847293,0.010504201680672232,0.0005616087538494394,-0.0005251689158583886,0.013452969080928634,0.054322890988618866,0.6536892914348869,3.668723015688826,0.01348083075182549,0.05155570679246302,0.6888768187648537,3.6927781497693815,-0.35162094763092266,0.019607843137254832,-0.00743213353037625,0.0008666387734517604,0.3426187778119474,-0.06652162285345042
2026-01-01,Region,MS,Mountain States,Model,Genesis,g70,G70,Near Luxury Car,84.0,1766.0,0.04756511891279728,53955.95238095238,61213.13232294617,88.14440681828435,53701.07142857143,60100.28800683371,89.35243608560634,29.0,572.0,0.050699300699300696,0.9381809661420705,-0.045454545454545414,-0.1515151515151515,0.006366617040138106,0.00872635861464114,0.0008914214003070686,0.022829535481921903,-0.6694301932296867,-0.45279021362166816,-0.00022546401461343013,0.004949902164479214,-0.07281983168621764,-0.7850728749426565,-0.033333333333333326,1.4166666666666665,0.012237762237762233,0.03076574588202495,-0.13298008254706806,-1.010230175482096
2026-01-01,Region,MS,Mountain States,Model,Genesis,g80,G80,Mid Luxury Car,46.0,1301.0,0.035357417371252885,75925.30434782608,83323.54606949807,91.12106712849054,75832.60869565218,85141.70733082706,89.06634723801884,8.0,200.0,0.04,0.8839354342813222,0.06976744186046502,0.4375,0.005224270910145667,0.009149391163226675,-0.006661100679828169,0.13814830493147268,-0.3586689557345579,12.414435344740383,-0.0030646161205019062,0.11120225215718915,2.0715502720854317,6.5374157992689845,-0.5789473684210527,0.1428571428571428,-0.03421875,0.011193415637860082,0.4779309345948249,-0.02585747551158768
2026-01-01,Region,MS,Mountain States,Model,Genesis,g90,G90,Premium Luxury Car,6.0,282.0,0.02127659574468085,106650.83333333333,144138.80319148937,73.99175723115098,103923.33333333333,144108.67343173432,72.1145583111365,0.0,66.0,0.0,,0.19999999999999996,0.0,0.002758077226162333,0.004656097129722401,0.0029418771589961867,0.044872506629394016,0.15045066618692715,1.854107838182827,0.0004537452595814173,0.055469979856797025,0.010970765921754833,2.198410073879984,-1.0,-1.0,-0.08641975308641975,-0.020618556701030927,,
2026-01-01,Region,MS,Mountain States,Model,Genesis,gv60,GV60,Entry Luxury EV SUV,4.0,359.0,0.011142061281337047,58415.0,49357.732590529245,118.35025017176063,57165.0,47904.90529247911,119.33015972160723,3.0,75.0,0.04,0.2785515320334262,-0.4285714285714286,-0.9487179487179487,-0.014128696841406633,-0.4127709821969238,-0.0329397185177126,-0.05927743260577778,-2.5512468537566093,15.102742821893543,-0.03258210196503175,-0.10559143011655125,-0.10431850665642628,8.121133009200193,0.0,-0.8571428571428572,0.0015384615384615372,-0.13073170731707318,-0.37848817915790944,-2.2043677226249585
2026-01-01,Region,MS,Mountain States,Model,Genesis,gv70,GV70,Near Luxury SUV,414.0,7757.0,0.053371148639938124,64364.78743961352,61977.97137287916,103.851071620874,64162.74154589372,61751.978287892496,103.9039449825592,102.0,1770.0,0.0576271186440678,0.9261464028695144,-0.10775862068965514,0.3708609271523178,-0.0005823397321549004,0.012692269329593296,0.004458268158940681,0.039161858624581436,0.17616627408499141,3.7717720784809927,0.003517866995929486,0.03583999031683316,-0.24134524337264907,2.1890951229002695,-0.3742331288343558,0.04081632653061229,-0.003012762308313155,0.00456810402576785,0.03641034922420128,0.1594740550510767
2026-01-01,Region,MS,Mountain States,Model,Genesis,gv70_ev,GV70 EV,Near Luxury EV SUV,15.0,701.0,0.021398002853067047,67404.53333333334,59130.082696148354,113.9936395484256,60292.2,58150.69618571428,103.68267958038963,2.0,2629.0,0.0007607455306200076,28.127674750356633,-0.16666666666666663,-0.7413793103448276,-0.006683120391862751,-0.06327352999364828,-0.007466731674913962,-0.06087812671255133,0.6583968830979217,1.0299590267174494,-0.038699179502351355,-0.08537939930731564,-2.112032970756161,-3.0833052740563005,-0.7142857142857143,-0.8823529411764706,-0.0027603812299433726,-0.005830956679538969,20.15263574879657,15.282505149669642
2026-01-01,Region,MS,Mountain States,Model,Genesis,gv80,GV80,Mid Luxury SUV,393.0,11554.0,0.03401419421845248,82337.78371501272,77999.67674058033,105.56169865788104,82276.53435114503,77171.20025173842,106.61559504420381,116.0,3172.0,0.03656998738965952,0.9301122763873386,0.007692307692307665,0.04244031830238737,0.002101912081147843,-0.003993669477484606,0.009592390343944102,0.07026260915963722,0.49210490587377365,3.7858567044778226,0.0107681397543673,0.06852465331903668,0.8053618775802676,4.236440350068094,-0.32558139534883723,0.18367346938775508,-0.00033988385497567275,0.004668945722992854,0.06551207429524775,-0.2613178998771384
2026-01-01,Region,SC,South Central,Brand,Genesis,brand,Genesis,Luxury Market,2241.0,33989.0,0.0659330960016476,70002.89201249443,69998.61062730629,100.00611638595362,69473.83801874163,69279.01145580846,100.28122018319712,585.0,15455.0,0.03785182788741508,1.7418735020606215,-0.12597503900156004,-0.05879882402351955,-0.0009387416698353745,-0.0002591143900568388,0.008976881864608988,0.06529328623527486,-0.1106419192606296,2.5980500073855666,0.008863326141215877,0.07530812376152896,0.01422807827462691,3.766477836511129,-0.4465468306527909,0.12716763005780352,-0.008148694351247994,0.004509928876750807,0.2881544046005122,-0.24338265777997803
2026-01-01,Region,SC,South Central,Model,Genesis,g70,G70,Near Luxury Car,265.0,5037.0,0.05261068096088942,50443.11698113207,58183.72229158357,86.69627001232406,49865.41132075472,58023.993482944345,85.93929567328425,71.0,1582.0,0.04487989886219975,1.172254891269395,-0.07342657342657344,-0.41758241758241754,0.006858001389620817,-0.018560912969972462,-0.0011389833207271494,-0.03057661603035755,-1.3808093522033573,-3.717527324252856,-0.0022015963971215857,-0.02074365255577848,-1.4264661092516633,-2.7636681858907934,-0.23655913978494625,0.3653846153846154,0.006370582092013417,0.0151995335653961,-0.015838884694192812,-1.2256803504011822
2026-01-01,Region,SC,South Central,Model,Genesis,g80,G80,Mid Luxury Car,157.0,2568.0,0.06113707165109034,73967.71337579619,81036.2433372411,91.27732275047788,72299.5668789809,80878.28881342062,89.3930471820069,28.0,513.0,0.05458089668615984,1.1201184913217623,-0.05988023952095811,-0.024844720496894457,0.0022305460778981046,0.007019424592266815,0.0028040220071818833,0.09307159269974874,0.5349537067305334,5.203348374153748,0.0007265212135310062,0.0952333890080943,0.6587667802629085,3.8565358099020983,-0.43999999999999995,-0.19999999999999996,-0.020607073238652185,-0.0026086457975002877,0.3366617011983055,0.17383277703604805
2026-01-01,Region,SC,South Central,Model,Genesis,g90,G90,Premium Luxury Car,59.0,817.0,0.07221542227662178,105416.32203389831,139665.1477132262,75.47790107976627,102668.62711864407,140291.99326805386,73.18210022326551,6.0,211.0,0.02843601895734597,2.5395756833945327,0.15686274509803932,-0.3058823529411765,0.016538566381425278,-0.008277001965802458,0.0016718820032373127,0.042414958482774434,-0.8353922938310063,-0.3114170409849777,0.003875272422666942,0.03443267636711522,-0.8223509458865124,-2.5055932814727413,-0.6,-0.8064516129032258,-0.01888259303003573,-0.08988459172967693,1.3629381288093798,1.8592848720553343
2026-01-01,Region,SC,South Central,Model,Genesis,gv60,GV60,Entry Luxury EV SUV,8.0,103.0,0.07766990291262135,57044.25,50139.18446601942,113.7717946702151,46762.25,48614.51456310679,96.18989394473464,0.0,22.0,0.0,,0.33333333333333326,-0.8518518518518519,0.008704385671242043,-0.7164477441462022,-0.002714184564550415,-0.011609393785670274,2.1184655370437184,11.881546259581086,0.023490336842566073,-0.1897696429791853,3.9167168536029493,-5.689090402986594,,-1.0,0.0,-0.21951219512195122,,
2026-01-01,Region,SC,South Central,Model,Genesis,gv70,GV70,Near Luxury SUV,926.0,10392.0,0.08910700538876058,62649.634989200866,61445.28912913492,101.96002960867328,62362.421166306696,61219.034589278825,101.86769782421253,238.0,2928.0,0.08128415300546447,1.0962408057911386,-0.17173524150268338,0.005428881650380024,-0.0010397451353484355,0.013298296853078637,0.0061603747035621215,0.01849667857249271,-0.08660271759232785,-2.2243343730427654,0.0058962792863423985,0.02820729482014217,-0.3194334475701197,-2.479840883657218,-0.4516129032258065,0.1840796019900497,0.0035760061836202506,0.01600321763683829,-0.06382740083823668,-0.06502791849425793
2026-01-01,Region,SC,South Central,Model,Genesis,gv70_ev,GV70 EV,Near Luxury EV SUV,1.0,601.0,0.0016638935108153079,67985.0,57602.40599001664,118.02458392412085,46495.0,57758.41736227045,80.49908935069254,0.0,3157.0,0.0,,-0.5,-0.9583333333333334,-0.0016418916131516342,-0.02660465772593381,0.009031338819915025,-0.060824998618555615,2.8188151996849626,4.4243028895159995,-0.1329684571705625,-0.31487723563758263,-10.969753441284311,-26.968008998479192,-1.0,-1.0,-0.00038446751249519417,-0.0026490066225165563,,
2026-01-01,Region,SC,South Central,Model,Genesis,gv80,GV80,Mid Luxury SUV,825.0,20939.0,0.03940016237642676,81380.19393939394,75180.87674397431,108.2458697795334,81090.7406060606,74107.7025212383,109.42282360301354,242.0,7042.0,0.03436523714853735,1.1465121630363522,-0.11670235546038543,0.21145374449339216,-0.00029384527338199157,0.00107067512478045,0.004473257884583193,0.07011843562739406,-0.24941432635718286,3.6872480256665767,0.005854113318021437,0.079547350280192,0.23756093922409605,5.386575105720553,-0.47844827586206895,0.3370165745856353,-0.006429557998288746,0.004423136238694503,0.17349569103435925,-0.1336080051194597
2026-01-01,Region,SO,Southern,Brand,Genesis,brand,Genesis,Luxury Market,4455.0,44529.0,0.10004716027757192,69472.48933782267,69152.83951164725,100.46223673305792,68858.3069840557,68266.89971230159,100.8663162883425,1479.0,20286.0,0.07290742383910086,1.372249285592173,-0.10810810810810811,-0.1278386844166014,0.0037357243791472233,-0.0034584121641707405,0.0007637854080271289,0.06350272785199063,-0.9334384926660704,1.4120003405159736,0.0024154609747610856,0.05419500305694158,-0.7658731871482019,1.240870204733568,-0.3072599531615925,0.21229508196721314,0.008108346505120045,0.016478191646686423,-0.11405946849742743,-0.4620052030885451
2026-01-01,Region,SO,Southern,Model,Genesis,g70,G70,Near Luxury Car,695.0,7037.0,0.09876367770356687,50338.640287769784,56636.330513367466,88.88047624464073,49284.78561151079,56080.74085291186,87.88183761832703,213.0,2629.0,0.08101939901103081,1.2190127168200813,-0.05442176870748294,-0.3029087261785356,0.020779592822930265,-0.013802654011460802,0.00014801580309997675,0.01567155554995714,-1.1905769447557049,0.62604365805106,-0.00307602115944805,-0.0074562741877963745,-1.5382147573129146,-0.633954401497661,-0.06167400881057272,0.5106382978723405,0.021610867213072156,0.026176925265406534,-0.09366212163327758,-0.8335265657284019
2026-01-01,Region,SO,Southern,Model,Genesis,g80,G80,Mid Luxury Car,344.0,3749.0,0.09175780208055481,73206.63953488372,80001.24621232328,91.50687395617979,72591.63081395348,79941.67852657671,90.80573757257336,77.0,1002.0,0.07684630738522955,1.1940430868144924,-0.005780346820809301,-0.19058823529411761,0.008804073957802472,-0.001689867224634281,0.0002602497047345942,0.07392177306199499,1.3526631424486624,4.985827630442188,0.00411153119668195,0.06465824674449738,2.0111921898350005,2.7163136762467417,-0.060975609756097615,-0.04938271604938271,0.012833817143231105,0.009177134452898722,-0.10185600739582146,-0.1869058040288576
2026-01-01,Region,SO,Southern,Model,Genesis,g90,G90,Premium Luxury Car,102.0,1127.0,0.09050576752440107,105215.45098039215,136874.21669626998,76.87017578618912,103085.77450980392,137218.4880212955,75.1252808541409,17.0,408.0,0.041666666666666664,2.172138420585626,0.00990099009900991,-0.25,0.014679941698575241,0.0034379058086520253,-0.003262515352409845,0.04380994008948402,-0.05643048759165481,0.6173065257112995,-0.0006248479949224617,0.026239140753326673,-0.0626760156893198,-1.3753402681811053,-0.43333333333333335,-0.46875,-0.012681159420289856,-0.02311066126855601,0.7769432253904305,0.82802830534875
2026-01-01,Region,SO,Southern,Model,Genesis,gv60,GV60,Entry Luxury EV SUV,7.0,105.0,0.06666666666666667,62746.57142857143,49218.403846153844,127.48599411046268,59935.28571428572,47940.25961538462,125.02077835025271,0.0,48.0,0.0,,-0.2222222222222222,-0.9313725490196079,-0.0367816091954023,-0.7693989071038252,0.0021012765083674445,0.08266224551298396,6.012135322591277,26.49294156599511,0.038217979079591125,0.03297570052607579,10.304512383433064,22.644181656941925,,-1.0,0.0,-0.3548387096774194,,
2026-01-01,Region,SO,Southern,Model,Genesis,gv70,GV70,Near Luxury SUV,1591.0,14864.0,0.10703713670613563,62517.82840980515,61327.26109615773,101.9413345588362,62170.85355122564,61082.26520080999,101.78216761745308,662.0,4748.0,0.13942712721145745,0.7676923339588096,-0.10968102965864579,0.05644090305444882,0.0072493323728767545,0.021166455898745953,0.006587114008382633,0.029179711406259967,-0.41974950510098097,-2.6362417886161182,0.006031984073199936,0.021307051781500386,-0.7914546131302416,-3.6641462131420894,-0.23023255813953492,0.5253456221198156,0.030690245178330633,0.055448799038082835,-0.15000736891531186,-0.25484148726835587
2026-01-01,Region,SO,Southern,Model,Genesis,gv70_ev,GV70 EV,Near Luxury EV SUV,34.0,1001.0,0.03396603396603397,72611.0,58556.57294294295,124.00145082047675,69019.91176470589,57788.73218436874,119.43489527422972,1.0,2926.0,0.0003417634996582365,99.38461538461539,-0.24444444444444446,-0.7655172413793103,-0.008567047319410263,-0.06282969367081516,0.00803871615005436,-0.00671701733071417,1.5959779941527756,13.996824722629569,0.011087841086491856,-0.028128159771553807,2.148130624496389,12.056435549945036,-0.8,-0.9791666666666666,-0.0005217943587182746,-0.01132855014002083,50.13130725607096,91.09043147273287
2026-01-01,Region,SO,Southern,Model,Genesis,gv80,GV80,Mid Luxury SUV,1682.0,25285.0,0.0665216531540439,80990.2853745541,74393.57335258287,108.8673143723136,80480.23392857143,73054.92030076681,110.16401578050407,509.0,8525.0,0.05970674486803519,1.1141396721772578,-0.1470588235294118,-0.0639955481357819,-0.0016122652372769636,-0.013794785569474471,0.004544382413281589,0.08945556273216759,0.031618682558786304,3.749646948592698,0.008681600983623028,0.08255750361637526,0.6601929228845904,4.202850563031802,-0.4532760472610097,0.10173160173160167,-0.008981465254437881,0.002064823470655279,0.12220935007633094,-0.27922884810196247
2026-01-01,Region,WE,Western,Brand,Genesis,brand,Genesis,Luxury Market,2271.0,46806.0,0.04851942058710422,71313.08366358433,70475.36356901565,101.18867083778618,71207.32892998679,70075.66942713501,101.6149107273652,906.0,23715.0,0.03820366856419987,1.2700199329174136,-0.07230392156862742,-0.08390480032271075,0.0022469270138394393,-0.008196587557671456,-0.0020597633424249695,0.06756139700455566,-1.5247148107537782,4.218383141103715,0.0004221178426109251,0.0623368978440102,-1.2275245367365102,4.514497612895468,-0.25370675453047775,0.31686046511627897,0.007076261574635499,0.005278706849039076,-0.21653156778349225,-0.45256394236344777
2026-01-01,Region,WE,Western,Model,Genesis,g70,G70,Near Luxury Car,283.0,7399.0,0.038248411947560484,50878.950530035334,59727.66262538867,85.18490142356252,51015.6925795053,59516.19797103411,85.71732455815489,123.0,2866.0,0.042916957431960924,0.8912190946480353,-0.02076124567474047,-0.239247311827957,0.008241143751111516,0.00017656669118958773,0.0006341541132870443,-4.429476603184934e-05,-2.357290704289653,-3.3555613709570196,0.0009195631142338012,-0.0255097701427065,-2.2097963169994586,-5.040075898422572,-0.07518796992481203,0.7083333333333333,0.01094580358580708,0.018123569002208857,-0.04735410608300017,-0.6443453306922574
2026-01-01,Region,WE,Western,Model,Genesis,g80,G80,Mid Luxury Car,167.0,5351.0,0.031209119790693327,72300.98203592814,80947.79704417821,89.3180354203698,72152.0,81516.97323961394,88.51162786419191,49.0,1092.0,0.04487179487179487,0.6955175267640227,0.05696202531645578,0.403361344537815,0.0027355209440542948,0.007894072768749753,-0.016761989409927902,0.06079334115778967,-0.22970266660843208,5.8536016444168695,-0.012913070406647242,0.07641759459615338,-0.4416784655342241,4.622892844367016,0.2250000000000001,0.2894736842105263,0.015416713870322118,0.012448586680668595,-0.27116115407937247,-0.023567607702237092
2026-01-01,Region,WE,Western,Model,Genesis,g90,G90,Premium Luxury Car,54.0,1895.0,0.02849604221635884,105513.64814814815,137932.98153439153,76.49631507591236,103622.75925925926,137608.71639344262,75.30246773248524,30.0,581.0,0.05163511187607573,0.5518733509234829,-0.32499999999999996,-0.018181818181818188,-0.008904612295095107,-0.0004360987620735633,-0.007683013618746792,0.034320499344759225,-1.53290270928305,4.114740386009842,-0.008930726616447338,0.021573217655615373,-1.7605269451721028,3.4759069684158987,-0.33333333333333337,0.7647058823529411,-0.016034061056255093,0.01777057004340641,-0.0008252101902255227,-0.3024757532631681
2026-01-01,Region,WE,Western,Model,Genesis,gv60,GV60,Entry Luxury EV SUV,15.0,595.0,0.025210084033613446,59464.4,48854.267226890755,121.71792429888117,56265.2,46650.621848739494,120.60975346145422,8.0,167.0,0.04790419161676647,0.5262605042016807,-0.0625,-0.9344978165938864,-0.004474517079559096,-0.7381232492997198,0.015788743191101906,0.03138174359278878,3.7808736603854243,20.98838003772741,0.030225753034625713,-0.030384129423282946,8.32581798093004,19.001471835060542,-0.4666666666666667,-0.8769230769230769,-0.03930511070881493,-0.247550353837779,0.18587707810396886,-2.057329239388063
2026-01-01,Region,WE,Western,Model,Genesis,gv70,GV70,Near Luxury SUV,693.0,18889.0,0.03668801948223834,63902.121212121216,62262.35699449211,102.63363659325356,63854.969696969696,62221.11957907013,102.62587707992506,341.0,5670.0,0.06014109347442681,0.6100324647046669,-0.12389380530973448,0.11414790996784574,0.0011821392416422397,-0.0057925159637389825,0.010181518002271295,0.04766011268735593,-0.11633858389765805,2.3716518517449288,0.013182143758135867,0.038872555303426815,-0.03517655676645859,1.8282703144892025,-0.32071713147410363,0.5291479820627802,-0.00015920682587348967,0.01580709745056995,0.021214829240598032,-0.3481607787628933
2026-01-01,Region,WE,Western,Model,Genesis,gv70_ev,GV70 EV,Near Luxury EV SUV,35.0,1871.0,0.01870657402458578,67893.94285714286,55902.94291288081,121.44967566904094,63860.25714285715,54456.25540904198,117.26890999606579,14.0,5991.0,0.0023368385912201635,8.005077498663816,-0.10256410256410253,-0.8372093023255813,-0.006750345035466437,-0.06107079146706543,-0.005721237869936835,-0.0726638306573989,2.392998824428446,6.593278255065698,0.012973212858252703,-0.09529772802925118,5.329166791213666,6.190362370916631,0.75,-0.7586206896551724,0.0017367785852195634,-0.009009014303928507,-34.418878114913205,0.9736655608479374
2026-01-01,Region,WE,Western,Model,Genesis,gv80,GV80,Mid Luxury SUV,1024.0,24080.0,0.0425249169435216,80301.6064453125,76176.77289104056,105.41481792641952,80369.9306640625,75655.3426926465,106.23166560829583,341.0,7348.0,0.04640718562874251,0.916343371557175,-0.047441860465116226,0.18108419838523648,0.0032282361422348582,-0.003152339260050395,-0.0017832660892794783,0.053833779133193316,-1.4469139489690122,3.2078671739329394,2.8179525890514867e-06,0.04880252007600694,-1.1612729197592842,3.7350994995613718,-0.2760084925690022,0.586046511627907,0.003546142767699649,0.010309133244592074,-0.0004957480295340044,-0.3490228514589867
2026-01-01,National,NTL,National,Brand,Genesis,brand,Genesis,Luxury Market,18388.0,253432.0,0.07255595189242085,69568.45412519715,69705.01090403915,99.80409331112509,69154.06276856133,68925.21183674604,100.33202789765426,5038.0,104885.0,0.04803356056633456,1.5105262036991982,-0.07662950687958225,-0.01883570780641375,0.001845904276585833,0.00032794865505236803,0.0020079693115708785,0.05588613914606455,-0.7090677816025703,1.6838734804091757,0.0029447005171685525,0.054099640171124896,-0.5638760832296441,1.9938467655311314,-0.362116991643454,0.1393034825870647,0.0003429157342300232,0.00682814851221402,0.027844477235432485,-0.2423504121808191
2026-01-01,National,NTL,National,Model,Genesis,g70,G70,Near Luxury Car,2498.0,35193.0,0.07098002443667775,51566.23698959167,58614.64623951074,87.97500334452603,51000.53162530024,58189.98308728464,87.6448641492123,648.0,11345.0,0.05711767298369326,1.2426981130156003,-0.02192638997650742,-0.21766363921077359,0.013513156763478376,0.004957113887072692,0.003221855962292075,0.010974528598541866,-1.2482694509039902,-0.9435045681897236,0.0022827157650815444,0.00011765608736657995,-1.3315613837915805,-1.4882571307396972,-0.14848883048620232,0.452914798206278,0.012703058766347634,0.020960396939915395,-0.0511748314161975,-0.5832942673193291
2026-01-01,National,NTL,National,Model,Genesis,g80,G80,Mid Luxury Car,1271.0,21478.0,0.05917683210727256,74038.73228346456,81194.01469076493,91.1874262720572,73434.35039370079,81326.3819834628,90.29585308323836,243.0,4259.0,0.05705564686546138,1.0371774812546248,0.004743083003952542,0.10043290043290054,0.003767283268025952,0.008253151493543005,0.00033016849645739477,0.08771008568510297,0.8305303892482385,6.377496181625077,0.0018156267797659886,0.08751852527122361,1.1226873671657387,4.708495348701263,-0.19536423841059603,-0.03952569169960474,0.0044148938586634,0.007977082364976414,-0.015420471363778443,-0.00041767117136659593
2026-01-01,National,NTL,National,Model,Genesis,g90,G90,Premium Luxury Car,405.0,6355.0,0.06372934697088907,105672.73333333334,137695.70566692975,76.74366663906255,103365.53086419753,137712.8646285172,75.05873263404098,72.0,1767.0,0.04074702886247878,1.5640243902439024,-0.05594405594405594,-0.13276231263383298,0.0033323316252604623,0.00451798650429848,-0.0006226025418498704,0.043444662618864704,-0.31341192461589173,1.3062657057751323,-0.0021082253858550892,0.03287960495242381,-0.5893171435815532,0.05187660548506301,-0.4744525547445255,-0.38983050847457623,-0.016265039385544522,-0.01875877043152021,0.5046519239990443,0.5689724596909436
2026-01-01,National,NTL,National,Model,Genesis,gv60,GV60,Entry Luxury EV SUV,64.0,1987.0,0.03220936084549572,59904.21875,49726.83232628399,120.4665890578688,56398.71875,48132.04682779456,117.17498520638796,11.0,522.0,0.0210727969348659,1.5284805783044333,-0.1578947368421053,-0.9098591549295775,-0.012183162518990258,-0.658452117753726,-0.00627015329436309,-0.0007214459152522501,1.0848494200887302,18.541569735234305,0.007703147991894754,-0.057999436195949494,4.357567470435711,13.417322125941823,-0.47619047619047616,-0.9364161849710982,-0.01877540040858761,-0.2162385885246677,0.4144396348242376,-1.3818790627292814
2026-01-01,National,NTL,National,Model,Genesis,gv70,GV70,Near Luxury SUV,7156.0,92280.0,0.0775465973125271,62661.98462828396,61528.58065536428,101.84207722792785,62403.18627724986,61280.49587842388,101.83205175273599,2156.0,24359.0,0.08850938051644155,0.8761398719554024,-0.10348283638185918,0.1688990525971905,0.002732414298027286,0.012014591318093362,0.00349614068012416,0.030326069162676994,-0.38624548643699086,-0.7343110851362127,0.003759645427748648,0.029464468745905137,-0.6110716644265608,-1.3795370725393497,-0.3801035077630822,0.2682352941176471,0.0052757616010153385,0.02236409434080637,-0.022705858764519693,-0.1145884139639749
2026-01-01,National,NTL,National,Model,Genesis,gv70_ev,GV70 EV,Near Luxury EV SUV,129.0,6395.0,0.020172009382329947,70168.27906976744,58179.64589422626,120.60623262873953,66246.63565891473,57269.203459968594,115.67584610325758,17.0,19591.0,0.0008677453932928386,23.24646092995447,-0.17307692307692313,-0.8220689655172414,-0.00590622532178239,-0.06492188733128508,-0.0023525623908391413,-0.038086669809359264,1.8341704484064394,8.84028325256152,0.00578386580820256,-0.056643288085269305,3.2237229623363106,7.0567798500759835,-0.31999999999999995,-0.9114583333333334,3.604773202666204e-05,-0.007712109821650409,-8.108965348882037,13.328589989031151
2026-01-01,National,NTL,National,Model,Genesis,gv80,GV80,Mid Luxury SUV,6865.0,146918.0,0.04672674553152099,80440.10473415877,75269.4845279793,106.86947737001897,80163.32740783914,74195.6709033779,108.04313301814155,1891.0,43042.0,0.04393383207100042,1.0635709049009658,-0.07877079978529256,0.07787721777359091,0.0006422573031022172,-0.004569968386004784,0.0017719489068848127,0.07130363275564022,-0.433090400390995,2.868232953105789,0.0036292626153662244,0.06912081626289357,-0.039112738603861885,3.4341532391830327,-0.4042218021424071,0.22792207792207786,-0.0027680498353309657,0.004482058022069975,0.07679079353737894,-0.23666755469034495
2026-02-01,Region,CE,Central,Brand,Genesis,brand,Genesis,Luxury Market,3609.0,31710.0,0.11381267738883633,69553.37361419068,70099.83162541827,99.22045745537935,69116.36363636363,68319.36718115506,101.16657470361994,634.0,11255.0,0.05633051976899156,2.020444296547875,0.09929942126104163,0.15303514376996796,0.005219134123422189,0.024171528378325688,0.0035106634072654685,0.04064587336818448,-0.15774578382922755,-0.9881483359263541,0.004272015974933208,0.04809079124349869,0.14917862136734072,0.12000418557427395,0.07640067911714765,0.004754358161648264,-6.0097751353099804e-05,0.0022741503695226997,0.09470650468497066,0.3621540708748312
2026-02-01,Region,CE,Central,Model,Genesis,g70,G70,Near Luxury Car,416.0,3002.0,0.13857428381079281,53120.88461538462,60757.72200066689,87.43067196430036,52376.901442307695,59367.92120080053,88.22424700563954,67.0,899.0,0.07452725250278086,1.859377330535862,0.055837563451776706,-0.10344827586206895,0.01954105118239402,0.05027742367758635,0.009807247315087642,0.018576197098004954,-1.5035018892685628,-1.907872203447738,0.008440287019774395,0.025026848690018033,-1.2697497331756296,-0.5834427443050743,0.17543859649122817,0.4565217391304348,0.015703723091016156,0.03349246213703599,-0.16418762414691734,-0.29237876097119075
2026-02-01,Region,CE,Central,Model,Genesis,g80,G80,Mid Luxury Car,200.0,1996.0,0.10020040080160321,74983.83417085427,81254.22207035177,92.28300051403058,74412.07537688442,80148.11580334515,92.84319990686377,30.0,372.0,0.08064516129032258,1.24248496993988,0.11111111111111116,0.1428571428571428,0.009107283392696328,0.011232429271354094,0.004552882949853121,0.0887601770120352,1.4530586413488322,6.379236235738887,0.0038795130420610224,0.08535852992580262,1.7405641588121483,5.793352611270606,-0.032258064516129004,0.11111111111111116,-0.008950214432220771,0.011591452850424885,0.22576824015014507,-0.04590306222039442
2026-02-01,Region,CE,Central,Model,Genesis,g90,G90,Premium Luxury Car,71.0,566.0,0.1254416961130742,106137.9014084507,136658.8018327402,77.6663485886224,102500.56338028169,136973.2901615799,74.83251899649002,17.0,138.0,0.12318840579710146,1.0182914155061318,0.12698412698412698,-0.01388888888888884,0.012335771517023933,0.037850455237161795,0.0006527351003817738,0.049241043941180784,0.8511500982703808,1.6115217625299891,-0.011717228416145864,0.028297614359899637,-0.2062099796504384,-1.0389510556489086,2.4,-0.15000000000000002,0.08472686733556299,0.000489019294033971,-1.922462623991175,0.30442280236744557
2026-02-01,Region,CE,Central,Model,Genesis,gv70,GV70,Near Luxury SUV,1560.0,9470.0,0.16473072861668428,63067.157692307694,61788.69244343413,102.06909257716363,62800.458333333336,60685.36543696502,103.48534260466027,287.0,2627.0,0.10925009516558812,1.5078314427736224,0.08862526168876483,0.4885496183206106,0.012121569937238064,0.06861920990795353,-0.0019946585118818527,0.05342221521837209,0.024767829524535045,0.6875869917642348,0.00041511305498120876,0.08119022007798504,0.6789367576608214,2.7391591976102347,0.29864253393665163,0.02499999999999991,0.005396711706941504,0.012364282016799191,0.03836406870185072,0.5158232675299371
2026-02-01,Region,CE,Central,Model,Genesis,gv70_ev,GV70 EV,Near Luxury EV SUV,16.0,746.0,0.021447721179624665,68609.5625,58837.95624664879,116.6076574998435,64203.625,56802.72638814017,113.02912568190577,0.0,1366.0,0.0,,-0.1578947368421053,-0.7192982456140351,-0.001893802161898675,-0.04537525654604943,-0.015055679678551148,-0.04503264645761185,-1.1133870186538388,6.87389254996171,-0.010381664619613096,-0.0656073809121368,1.298194583704074,5.831997296518239,,-1.0,0.0,-0.013150371640937679,,
2026-02-01,Region,CE,Central,Model,Genesis,gv80,GV80,Mid Luxury SUV,1346.0,21434.0,0.06279742465242139,79428.07652303121,74536.59383904397,106.56252510619149,79124.46731054978,72389.05617960212,109.30446048949256,233.0,5826.0,0.03999313422588397,1.5702051331545364,0.1282481139983236,0.06235201262825574,0.0022697737138115404,-0.00029704275458025675,-0.00010772326486996331,0.05059056839772391,-0.6280126808797348,-1.308687221486494,0.00035410943947433715,0.047381615778605335,-0.4033193266510864,-1.0539405888775661,-0.1527272727272727,0.05429864253393668,-0.012942380692306597,-0.0016421332948394624,0.42678278178697937,0.05479593407596295
2026-02-01,Region,EA,Eastern,Brand,Genesis,brand,Genesis,Luxury Market,4186.0,57699.0,0.07254891765888491,67435.88995215311,69284.87988244474,97.33132260108006,67197.27287933095,68557.03690589337,98.01659452051736,981.0,19969.0,0.04912614552556462,1.4767883147097582,0.17915492957746482,0.31304893350062746,0.008245477877697735,0.013992262074144904,0.0013700024697111957,0.027102972033674844,-0.4211847240183886,-1.6342127346698447,0.00017508269566879342,0.03371915401587411,-0.3168207560170089,-0.4622245619982408,0.12242562929061784,0.11731207289293843,0.0013665826840345702,0.006181660321358216,0.1303890607100724,0.11324523563229882
2026-02-01,Region,EA,Eastern,Model,Genesis,g70,G70,Near Luxury Car,623.0,6943.0,0.08973066397810744,53501.14606741573,59741.85663929704,89.55387240547142,53252.011235955055,59263.889155376186,89.85574857623774,129.0,1730.0,0.07456647398843931,1.203364718466092,0.06861063464837058,0.08536585365853666,0.011233289533513394,0.03653818876728361,0.013966735637121142,0.03189015763722902,0.240811251879407,-1.4469197197286974,0.012916084249725568,0.03159668684664774,0.49502411059101803,-0.9622496372143701,0.09322033898305082,0.29000000000000004,0.012979835157541607,0.028011539165348064,-0.07121976827833332,0.060790350937595994
2026-02-01,Region,EA,Eastern,Model,Genesis,g80,G80,Mid Luxury Car,311.0,4938.0,0.06298096395301742,74407.59807073955,79817.6015460993,93.22204204265002,74153.39549839229,79630.99221747967,93.12127531435556,33.0,710.0,0.04647887323943662,1.3550449820194657,0.1915708812260537,0.6720430107526882,0.008966063290765762,0.022128778580735406,-0.00956419305207068,0.04950422322388204,0.8199528810120427,4.0898007356987875,-0.009275180491593593,0.04732147624880545,1.227749500423613,3.093378547243617,0.0,-0.467741935483871,0.0031717866252633925,-0.017504614892658317,0.10779182127292741,0.7165648590236388
2026-02-01,Region,EA,Eastern,Model,Genesis,g90,G90,Premium Luxury Car,80.0,1247.0,0.06415396952686447,106133.6125,133425.15595505617,79.54542885132604,102968.85,132511.1580772325,77.70579586964735,16.0,288.0,0.05555555555555555,1.1547714514835605,0.09589041095890405,-0.101123595505618,0.0038732098241394536,0.011923922578507669,-0.001203194897775317,0.04207380060020882,0.8557690623424321,0.11692624836803134,-0.011050007933465111,0.016299721788763044,0.4176140166935056,-1.9465846321105857,0.4545454545454546,-0.4482758620689655,0.017884322678843226,-0.03153153153153153,-0.44540871517059455,0.555026429628291
2026-02-01,Region,EA,Eastern,Model,Genesis,gv60,GV60,Entry Luxury EV SUV,19.0,430.0,0.044186046511627906,61058.05263157895,50686.54186046511,120.4620603229661,57039.05263157895,49485.00697674419,115.26532199618529,1.0,60.0,0.016666666666666666,2.6511627906976742,-0.13636363636363635,-0.8926553672316384,-0.010404524207975073,-0.5790533901080903,0.002695565831137614,-0.05736147170765493,1.1063443836347489,10.66874540019225,-0.008463255375256273,-0.06751872244988733,-0.03946286674631949,6.913067220653417,,-0.9642857142857143,0.016666666666666666,-0.1892156862745098,,-0.37600018716952865
2026-02-01,Region,EA,Eastern,Model,Genesis,gv70,GV70,Near Luxury SUV,1878.0,22065.0,0.08511216859279402,61687.47489316239,61080.872865826,100.99311289913766,61601.5809371672,60512.04704095052,101.80052394439632,530.0,5883.0,0.09009009009009009,0.9447450713800137,0.24618447246184472,0.7072727272727273,0.018330284342151462,0.0325359330512588,0.0031987538293671847,0.009940510842218586,0.035542986132497845,-2.8081120326573483,0.0023150443249080332,0.020011323263397385,0.7194708661411084,-1.7012887486876593,0.21281464530892458,0.40957446808510634,0.004871681353740637,0.03010285333195352,0.1610894593953568,0.06828803846952758
2026-02-01,Region,EA,Eastern,Model,Genesis,gv70_ev,GV70 EV,Near Luxury EV SUV,16.0,992.0,0.016129032258064516,74271.6875,59563.32993951612,124.6936455289178,72625.8125,58065.46073662967,125.07575343182486,0.0,2500.0,0.0,,-0.11111111111111116,-0.9069767441860466,-0.002071169966404645,-0.08492854706038437,0.02889878407592783,0.011685451283802495,4.4164832740516005,16.811373729480607,0.003937082705519623,0.03240369553659295,3.4239173688640108,21.072504489613664,,-1.0,0.0,-0.00992966487381051,,
2026-02-01,Region,EA,Eastern,Model,Genesis,gv80,GV80,Mid Luxury SUV,1259.0,33406.0,0.03768784050769323,78706.87132644956,75358.21013292616,104.44365808001095,78546.77742448331,74481.89352424888,105.45754640208098,272.0,8798.0,0.030916117299386224,1.2190353705392831,0.1593001841620627,0.4146067415730337,0.0019418150312441318,0.0031354684291156967,-0.0018925388378824293,0.061027280356136915,-0.7389892795009558,0.3810481312817444,-0.002734527419675281,0.05821035137909569,-0.7302897633729515,0.9015318008684261,-0.010909090909090868,0.05019305019305009,-0.002727141814878521,-0.0007697158300485687,0.1565335078320289,0.1285678440130562
2026-02-01,Region,MA,Mid-Atlantic,Brand,Genesis,brand,Genesis,Luxury Market,1999.0,26199.0,0.07630062216115119,70601.05552776388,69924.14503341352,100.96806402713526,69945.80840420211,68961.30281658388,101.42762034272572,443.0,9794.0,0.04523177455585052,1.6868810235808458,0.22939729397293962,0.320343461030383,0.008499771523172703,0.012534459502683434,-0.004929378818588681,0.06150834776708791,-0.7475220820650321,1.09030728530729,-0.005243125334257637,0.07228112222394056,-0.5909407945231209,2.5098594794781803,0.2840579710144928,-0.03063457330415753,0.003158603824143201,0.00021601411455816205,0.07538254464918337,0.2703513008045557
2026-02-01,Region,MA,Mid-Atlantic,Model,Genesis,g70,G70,Near Luxury Car,221.0,3007.0,0.0734951779181909,52997.50226244344,59082.7456701031,89.7004728899407,52092.36199095022,58362.40032945092,89.25671613383473,45.0,844.0,0.0533175355450237,1.3784428925100691,0.1391752577319587,-0.20216606498194944,0.013190546273801708,0.010966961213901949,0.02397923808788982,0.023760446108675115,0.4744905171169478,-1.180826412667784,0.023911477470253795,0.031893675381726716,0.9963696675978184,-0.1497134368148494,0.21621621621621623,0.125,0.007694847505566239,0.01698692700733069,0.056630561061430384,-0.34264627227548394
2026-02-01,Region,MA,Mid-Atlantic,Model,Genesis,g80,G80,Mid Luxury Car,149.0,1744.0,0.08543577981651376,75304.21476510067,80043.23322802987,94.07942649014623,74529.41610738255,79503.27816657028,93.74382770888164,18.0,350.0,0.05142857142857143,1.6612512742099899,0.2844827586206897,0.8170731707317074,0.017240600510223344,0.03714367145373402,0.004384526706394221,0.08791498345002546,2.3789225056688394,6.918136613845391,0.005529306374458365,0.09791756828203568,2.9683022223521363,7.285803649121988,0.05882352941176472,-0.5813953488372092,0.0020099667774086394,-0.051442241968557754,0.2813017635415249,1.1918070580322704
2026-02-01,Region,MA,Mid-Atlantic,Model,Genesis,g90,G90,Premium Luxury Car,51.0,456.0,0.1118421052631579,105648.33333333333,135357.95594713656,78.05107028551303,101755.96078431372,135078.32967032967,75.33107718511025,9.0,99.0,0.09090909090909091,1.2302631578947367,0.0625,1.125,0.008837813417664334,0.06859886201991465,0.0004452675087094349,0.041753374679274424,1.4393936530917415,-1.557388546680059,-0.010649656067546864,0.013195269220967809,0.9098587960381224,-4.115459554354629,2.0,-0.09999999999999998,0.05293440736478711,0.013986013986013984,-1.4821831940365935,0.6681009957325745
2026-02-01,Region,MA,Mid-Atlantic,Model,Genesis,gv60,GV60,Entry Luxury EV SUV,6.0,344.0,0.01744186046511628,62466.333333333336,50180.74418604651,124.48267626669238,59704.5,48573.07848837209,122.91685406411426,0.0,61.0,0.0,,-0.1428571428571429,-0.875,-0.006613122352753138,-0.392814549791294,0.0545307361416254,0.016048322193136233,6.923506157268946,15.290162717292247,-0.0033113135552800266,-0.03988582417324704,0.9196763870903197,11.235049215987047,,-1.0,0.0,-0.25,,
2026-02-01,Region,MA,Mid-Atlantic,Model,Genesis,gv70,GV70,Near Luxury SUV,804.0,8872.0,0.09062218214607755,62142.25870646766,61029.80660383747,101.8228012909355,61693.12562189055,60249.961160482686,102.3952952559817,236.0,2508.0,0.09409888357256778,0.9630526814506886,0.3581081081081081,0.7033898305084745,0.020330090006443258,0.035268599408889795,0.00033027329724411025,0.02894264714156436,0.23009329093036968,-0.056654784180693696,0.00044673090262215,0.05244806968782978,0.7827351331667955,1.5267255959088857,0.5225806451612902,0.3801169590643274,0.016091837774882822,0.023988182465556715,0.06195340995744125,0.17353579083080006
2026-02-01,Region,MA,Mid-Atlantic,Model,Genesis,gv70_ev,GV70 EV,Near Luxury EV SUV,7.0,435.0,0.016091954022988506,72498.14285714286,59848.5743908046,121.13595619460868,68966.0,58236.391011494256,118.42423406077485,2.0,1550.0,0.0012903225806451613,12.471264367816092,0.0,-0.8955223880597015,-0.0006544574602650836,-0.07907850052246604,0.0054344380517648005,-0.021682730394116057,1.8261096741608043,8.68844418660997,0.009227591627852583,0.008930918682393596,3.8233100945929834,12.9057762399093,,-0.8888888888888888,0.0012903225806451613,-0.008243575724439584,,2.48894113549286
2026-02-01,Region,MA,Mid-Atlantic,Model,Genesis,gv80,GV80,Mid Luxury SUV,761.0,17036.0,0.04467011035454332,81427.08015768725,75614.70305858871,107.68683452290347,80910.06570302234,74551.81253364678,108.52863659955409,133.0,4382.0,0.03035143769968051,1.4717625832602168,0.14954682779456197,0.39889705882352944,0.00044537924358065833,0.0010559036681005995,0.0007604567491430458,0.059095022935773844,-0.1626153575503082,-0.3135755077064033,0.0007373184500267804,0.05890758413360886,-0.06954289116457346,0.2829515324304026,0.0,-0.15286624203821653,-0.006737240493292163,-0.007903922924101164,0.279357427140577,0.3316816645267078
2026-02-01,Region,MS,Mountain States,Brand,Genesis,brand,Genesis,Luxury Market,1023.0,19071.0,0.05364165486864873,72545.12218963832,71275.6871719029,101.78102108601746,72276.73900293255,70328.38100462622,102.77037231694295,278.0,8034.0,0.034602937515558874,1.5502052345853379,0.0634095634095635,0.1417410714285714,0.0021620166174580666,0.004389236223090245,0.012669754783977139,0.06240587218763105,0.6522197458357937,3.615489601546443,0.012765449092685843,0.06526839429253228,0.9100677110404831,4.387585760785996,0.0692307692307692,-0.0035842293906810374,0.003957015780528227,0.0006695879655710391,-0.1296149612727453,0.09875940625637036
2026-02-01,Region,MS,Mountain States,Model,Genesis,g70,G70,Near Luxury Car,76.0,1582.0,0.04804045512010114,54640.64473684211,61925.36559493671,88.23628930066384,54422.68421052631,60863.099759188844,89.41819333201119,22.0,549.0,0.04007285974499089,1.198827720951615,-0.09523809523809523,-0.1460674157303371,0.0004753362073038614,0.010535187526337968,0.012689839131287961,0.026721342232034706,0.09188248237948926,-0.737169930191925,0.013437586304301474,0.025362984561154267,0.06575724640484282,0.20297144258377386,-0.24137931034482762,0.04761904761904767,-0.010626440954309806,0.0037406798141950415,0.26064675480954447,0.1665398795613715
2026-02-01,Region,MS,Mountain States,Model,Genesis,g80,G80,Mid Luxury Car,52.0,1314.0,0.0395738203957382,74983.28846153847,83661.1979740061,89.62731861051775,74718.28846153847,83224.55523400936,89.77913820199686,15.0,193.0,0.07772020725388601,0.5091831557584982,0.13043478260869557,0.7333333333333334,0.004216403024485317,0.011847387863390697,-0.012407140075093914,0.11205796539302915,-1.49374851797279,8.156870813321888,-0.014694473172958356,0.08197993630679679,0.7127909639780228,5.564014512459934,0.875,0.6666666666666667,0.03772020725388601,0.03754163582531458,-0.374752278522824,-0.18089694282437307
2026-02-01,Region,MS,Mountain States,Model,Genesis,g90,G90,Premium Luxury Car,8.0,238.0,0.03361344537815126,105859.5,144564.19747899158,73.22663691705809,101609.0,143787.4533898305,70.66611001484388,2.0,41.0,0.04878048780487805,0.6890756302521008,0.33333333333333326,0.33333333333333326,0.012336849633470408,0.016120734007888868,-0.007419851384189768,0.03551847087651683,-0.765120314092897,1.2903175622820413,-0.022269621836610298,0.015565291266179004,-1.448448296292625,-0.052973522584508714,,0.0,0.04878048780487805,0.015447154471544718,,0.16429428914422906
2026-02-01,Region,MS,Mountain States,Model,Genesis,gv60,GV60,Entry Luxury EV SUV,8.0,423.0,0.018912529550827423,60973.0,49369.91252955083,123.50234561080909,60388.125,47637.77777777778,126.76520152073516,3.0,57.0,0.05263157894736842,0.35933806146572106,1.0,-0.8933333333333333,0.007770468269490375,-0.4072238340855362,0.04379012240006852,-0.013313117613158454,5.152095439048452,18.255476304381276,0.056382839149829334,-0.057707053419791654,7.43504179912793,13.845518342997764,0.0,-0.88,0.012631578947368417,-0.19246646026831785,0.08078652943229486,-1.3792983021706426
2026-02-01,Region,MS,Mountain States,Model,Genesis,gv70,GV70,Near Luxury SUV,419.0,7369.0,0.0568598181571448,64481.65155131265,62053.80552279552,103.91248531506301,64251.73747016706,61198.721361777534,104.98869264006605,128.0,1738.0,0.07364787111622555,0.7720497184149817,0.012077294685990392,0.5576208178438662,0.003488669517206673,0.017743924598907196,0.0018156528802144578,0.04798815581129068,0.06141369418901377,4.202392119653126,0.0013870343150734765,0.06455962330301102,1.0847476575068526,5.7760514603850766,0.2549019607843137,0.18518518518518512,0.01602075247215775,0.01698470217603667,-0.15409668445453273,0.08172663395201074
2026-02-01,Region,MS,Mountain States,Model,Genesis,gv70_ev,GV70 EV,Near Luxury EV SUV,13.0,625.0,0.0208,66726.30769230769,58680.017632,113.712146630167,60444.307692307695,56680.394656,106.640590735388,1.0,2124.0,0.00047080979284369113,44.1792,-0.1333333333333333,-0.7796610169491526,-0.0005980028530670478,-0.05903761840324763,-0.010062018197969702,-0.07258181908325756,-0.281492918258607,-0.02948187490807186,0.0025228419647598255,-0.1052836392030444,2.9579111549983708,-2.4552566468075128,-0.5,-0.95,-0.0002899357377763165,-0.007655967939785322,16.05152524964337,34.35518105548038
2026-02-01,Region,MS,Mountain States,Model,Genesis,gv80,GV80,Mid Luxury SUV,447.0,12482.0,0.035811568658868774,82644.12975391498,78547.40781615644,105.2156042467335,82582.54586129753,77608.1346119894,106.40965186726656,107.0,3332.0,0.03211284513805522,1.1151789417883249,0.13740458015267176,0.21467391304347827,0.0017973744404162911,2.086646085282251e-05,0.0037206009814714225,0.07168499223786862,-0.3460944111475328,2.296643056007696,0.003719304812311197,0.07127454275606704,-0.20594317693725372,2.8756007358062305,-0.07758620689655171,0.13829787234042556,-0.004457142251604297,-0.00040185565751724855,0.18506666540098626,0.01442447312381323
2026-02-01,Region,SC,South Central,Brand,Genesis,brand,Genesis,Luxury Market,2565.0,35761.0,0.0717261821537429,71263.45436817473,70326.6632235512,101.33205686390339,70729.10140405616,69556.49315430042,101.68583578121813,605.0,15812.0,0.03826207943334176,1.87460230118179,0.14457831325301207,0.1776859504132231,0.005793086152095311,0.010022969507134036,0.018007289691050365,0.07894640369351258,1.3259404779497714,3.0439114341499476,0.018068145090471388,0.095986707254331,1.4046155980210102,4.7279039495180655,0.03418803418803429,-0.04423380726698267,0.00041025154592668617,-0.003980162808900477,0.13272879912116853,0.4139030254954805
2026-02-01,Region,SC,South Central,Model,Genesis,g70,G70,Near Luxury Car,265.0,4628.0,0.057260155574762314,51384.64772727273,59179.09852462574,86.82904776910455,50443.52651515151,58758.25233318892,85.84926289010653,51.0,1460.0,0.03493150684931507,1.6392122968461367,0.0,-0.3599033816425121,0.004649474613872898,-0.008810703027216621,0.01866519760253582,-0.013982024064953635,0.13277775678048442,-4.441472253093664,0.011593510994587497,-0.004404732176839121,-0.09003278317771901,-3.112970801281051,-0.2816901408450704,-0.31999999999999995,-0.00994839201288468,-0.008825786032831955,0.4669574055767416,0.129272941595578
2026-02-01,Region,SC,South Central,Model,Genesis,g80,G80,Mid Luxury Car,155.0,2612.0,0.05934150076569678,74353.63225806452,80069.66246449137,92.8611785906282,72948.64516129032,79692.40121014215,91.53776778407125,29.0,535.0,0.05420560747663551,1.094748376194751,-0.01273885350318471,-0.01273885350318471,-0.0017955708853935604,0.0026628004046859513,0.005217396410615693,0.09262816931735163,1.5838558401503207,6.939596110813454,0.008977623384603062,0.08718726609612482,2.1447206020643534,5.763652370293983,0.03571428571428581,-0.09375,-0.0003752892095243293,0.004822891427252798,-0.025370115127011372,-0.052995306115718455
2026-02-01,Region,SC,South Central,Model,Genesis,g90,G90,Premium Luxury Car,74.0,831.0,0.08904933814681107,105621.5945945946,140687.09148550723,75.07554067636342,102572.02702702703,140817.62003610109,72.8403356062479,11.0,156.0,0.07051282051282051,1.2628815228093206,0.2542372881355932,-0.013333333333333308,0.016833915870189287,0.012752288299405168,0.0019472559536870548,0.04789052557958451,-0.4023604034028523,-1.3955746509112856,-0.0009408920166568135,0.02887104494666315,-0.34176461701760275,-3.9011046206279474,0.8333333333333333,-0.3529411764705882,0.04207680155547454,0.009361741376129863,-1.276694160585212,0.01520035471644765
2026-02-01,Region,SC,South Central,Model,Genesis,gv60,GV60,Entry Luxury EV SUV,7.0,135.0,0.05185185185185185,56169.857142857145,49768.8962962963,112.86136788819485,46592.71428571428,48168.65925925926,96.72827727036633,0.0,32.0,0.0,,-0.125,-0.8727272727272728,-0.025818051060769502,-0.5803320561941252,-0.015328325942454368,-0.03285755564612358,-0.9104267820202523,8.036924418174891,-0.0036254823984243068,-0.190302558951025,0.538383325631699,-8.268545026078897,,-1.0,0.0,-0.3076923076923077,,
2026-02-01,Region,SC,South Central,Model,Genesis,gv70,GV70,Near Luxury SUV,1042.0,10631.0,0.09801523845357915,63219.37619961612,61240.1906630199,103.23184091226443,62858.15451055662,60798.45953613098,103.3877420417233,295.0,3401.0,0.08673919435460159,1.1299994101038058,0.12526997840172793,0.3041301627033792,0.008908233064818569,0.02773641006058064,0.009094086669674262,0.027756694110049773,1.27181130359115,-1.221884156728649,0.007949231844734062,0.05761975961932553,1.5200442175107725,0.6272657938964272,0.23949579831932777,0.08058608058608052,0.005455041349137116,0.008470845730748383,0.033758604312667195,0.23207796895076982
2026-02-01,Region,SC,South Central,Model,Genesis,gv80,GV80,Mid Luxury SUV,1022.0,22984.0,0.04446571528019492,81746.92759295499,75645.02353756064,108.06649766241996,81517.22994129159,74649.12722476365,109.2005130828235,219.0,7690.0,0.02847854356306892,1.5613760297018215,0.23878787878787877,0.5603053435114504,0.0050655529037681585,0.008425217866306949,0.004506423932021608,0.07047657874823376,-0.17937211711343082,2.5084994203593567,0.005259408559392442,0.07717454653605382,-0.22231052019003528,3.630168284641087,-0.0950413223140496,0.03791469194312791,-0.005886693585468429,-0.0030516417328067535,0.41486386666546937,0.4183285951343414
2026-02-01,Region,SO,Southern,Brand,Genesis,brand,Genesis,Luxury Market,4874.0,46134.0,0.10564876230112281,69508.15203118589,69446.77890726393,100.08837432763285,69071.01970847875,68581.71462753949,100.7134628867135,1357.0,23116.0,0.05870392801522755,1.799688127747056,0.09405162738496076,0.0581849761181068,0.0056016020235508945,0.010223221570203778,0.0005133354757134168,0.05821199582998071,-0.3738624054250721,0.2404406854875134,0.0030891367176992812,0.05854752444808109,-0.1528534016290024,0.7515386506671149,-0.08248816768086542,-0.01093294460641403,-0.014203495823873306,1.878322716989539e-05,0.4274388421548829,0.17362856743498867
2026-02-01,Region,SO,Southern,Model,Genesis,g70,G70,Near Luxury Car,722.0,6220.0,0.11607717041800643,51273.981994459835,57579.88844233247,89.04842190830547,50698.71111111111,56953.25757702855,89.01810584327289,153.0,2474.0,0.06184316895715441,1.8769602589159993,0.03884892086330938,-0.21179039301310043,0.017313492714439563,0.012398619201254873,0.01858098870654845,0.02640290947575963,0.16794566366473873,-0.8131460781445696,0.02868888404518266,0.025726265109848212,1.1362682249458658,-0.13630414133021418,-0.2816901408450704,0.0625,-0.0191762300538764,0.009838835262679868,0.657947542095918,-0.11669188218945248
2026-02-01,Region,SO,Southern,Model,Genesis,g80,G80,Mid Luxury Car,381.0,3809.0,0.10002625360987136,73002.51443569554,78813.28041491598,92.62717406428281,72637.02624671916,78554.44209664642,92.46711491802463,96.0,958.0,0.10020876826722339,0.9981786558151745,0.10755813953488369,-0.03544303797468351,0.008268451529316545,0.0005801307498512209,-0.002788341337412681,0.06451484204486646,1.1203001081030237,6.102513671928861,0.0006253535325859705,0.05380148340156765,1.661377345451271,4.119036909284631,0.24675324675324672,-0.1351351351351351,0.02336246088199384,-0.003239507594845578,-0.19586443099931794,0.0368661348349798
2026-02-01,Region,SO,Southern,Model,Genesis,g90,G90,Premium Luxury Car,133.0,1087.0,0.12235510579576817,105100.91729323308,136360.86900369002,77.07557018457324,102456.27067669173,136517.24057037718,75.05005979363727,27.0,356.0,0.07584269662921349,1.6132747282701283,0.303921568627451,0.023076923076922995,0.0318493382713671,0.03257610027090628,-0.0010885633820113538,0.04322988790666371,0.2053943983841151,0.01733915193676694,-0.006106602352318968,0.01696977573593994,-0.07522106050362254,-2.75728563716946,0.588235294117647,-0.25,0.034176029962546824,-0.00787823360334465,-0.5588636923154975,0.5409143845009448
2026-02-01,Region,SO,Southern,Model,Genesis,gv60,GV60,Entry Luxury EV SUV,8.0,130.0,0.06153846153846154,62973.625,48940.94573643411,128.67267694240581,60574.0,47309.1007751938,128.03878959323097,1.0,53.0,0.018867924528301886,3.261538461538462,0.1428571428571428,-0.9183673469387755,-0.005128205128205124,-0.64349750968456,0.0036185813225992902,0.059728584525569506,1.1866828319431306,24.8486549401009,0.01065673214204832,0.0183721216683439,3.018011242978261,22.738769128664998,,-0.9642857142857143,0.018867924528301886,-0.4477987421383648,,1.7507470946319872
2026-02-01,Region,SO,Southern,Model,Genesis,gv70,GV70,Near Luxury SUV,1859.0,15039.0,0.1236119422833965,63123.883808499195,61446.761068,102.72939160884853,62882.42119419042,60915.01626970927,103.2297535894437,629.0,4859.0,0.1294505042189751,0.9548973411049659,0.16844751728472662,0.43110084680523486,0.016574805577260876,0.04353550288011701,0.009694121086889718,0.04483187678266787,0.788057050012327,-0.9897119564896002,0.011445357467683603,0.05671911656754047,1.4475859719906197,0.07693726948080837,-0.049848942598187285,0.24801587301587302,-0.009976622992482337,0.03496231524259716,0.1872050071461563,0.10742169075359131
2026-02-01,Region,SO,Southern,Model,Genesis,gv70_ev,GV70 EV,Near Luxury EV SUV,29.0,900.0,0.03222222222222222,73693.41379310345,58355.61091212458,126.28333872483223,68489.89655172414,56766.22717318436,120.6525428275739,2.0,4663.0,0.0004289084280506112,75.1261111111111,-0.1470588235294118,-0.7456140350877193,-0.0017438117438117462,-0.043879246402610886,0.014907022257005798,0.0023279945448899664,2.281887904355486,16.445732194608496,-0.007679163873587802,0.004181066175578119,1.2176475533441788,17.90363925433158,1.0,-0.92,8.714492839237469e-05,-0.004828715126102912,-24.258504273504286,60.65161177866784
2026-02-01,Region,SO,Southern,Model,Genesis,gv80,GV80,Mid Luxury SUV,1742.0,27582.0,0.06315713146254803,80357.25602755454,74572.91590142531,107.7566232407692,79994.97645031591,73385.45360640268,109.00658443751388,449.0,9753.0,0.046037116784579106,1.3718741718357037,0.03567181926278251,0.053204353083434075,-0.0033645216914958698,-0.007231837811432731,-0.007816114538577223,0.07260487885417355,-1.1106911315443995,0.9848132492691377,-0.006029523704990658,0.06680910910316329,-1.1574313429901935,1.189419157160529,-0.11787819253438114,-0.14312977099236646,-0.013669628083456085,-0.012458083036809599,0.25773449965844586,0.16854518947631503
2026-02-01,Region,WE,Western,Brand,Genesis,brand,Genesis,Luxury Market,2524.0,47455.0,0.05318723000737541,70282.7119651347,70833.28231961698,99.2227236456473,70090.62604208018,70250.25544240787,99.77277036315041,851.0,26123.0,0.03257665658615014,1.6326792120830407,0.11140466754733591,0.09075194468452885,0.004667809420271188,0.0012490889169886749,-0.014448564632408178,0.05254114165946944,-1.96594719213887,1.4701621618214915,-0.015682415064390054,0.053869225278954325,-1.842140364214785,2.619385971880604,-0.06070640176600439,0.09242618741976893,-0.005627011978049733,0.002902726980786738,0.3626592791656271,-0.1176161408114813
2026-02-01,Region,WE,Western,Model,Genesis,g70,G70,Near Luxury Car,343.0,6702.0,0.051178752611160845,52550.507288629735,60144.86039408867,87.37323013853842,52158.46064139942,59607.24732049559,87.50355533271716,134.0,2605.0,0.05143953934740883,0.9949302280005522,0.21201413427561833,-0.025568181818181768,0.01293034066360036,0.01600689010116884,0.03285360136521742,0.029813941803273014,2.1883287149758957,-2.5910374267088088,0.02240032437299888,0.007583316555035191,1.78623077456227,-3.255872547682756,0.08943089430894302,0.4725274725274726,0.008522581915447906,0.022921833299148098,0.10371113335251692,-0.23840398375092564
2026-02-01,Region,WE,Western,Model,Genesis,g80,G80,Mid Luxury Car,172.0,5303.0,0.03243447105412031,71994.01744186046,79627.9492925863,90.41299955788689,71849.0,79343.20094057532,90.55470304734976,38.0,1094.0,0.03473491773308958,0.9337713508738847,0.029940119760478945,0.6862745098039216,0.0012253512634269846,0.010974340610190161,-0.004245649027493803,0.050653727043084906,1.0949641375170955,6.549430465022226,-0.0041994677902206234,0.05239790146464962,2.0430751831578533,5.281145698833669,-0.22448979591836737,-0.15555555555555556,-0.010136877138705293,-0.0030802083173305864,0.23825382410986207,0.3662701235788429
2026-02-01,Region,WE,Western,Model,Genesis,g90,G90,Premium Luxury Car,54.0,1717.0,0.0314502038439138,105211.96296296296,138727.91842105263,75.84051152820912,102022.96078431372,138329.26837806302,73.75370518513714,19.0,491.0,0.038696537678207736,0.8127394782821936,0.0,0.018867924528301883,0.002954161627554963,0.0027860610640327854,-0.002859205330116077,0.02865162216810524,-0.6558035477032433,3.13962537520635,-0.01543867859128234,-0.0022835807839025613,-1.5487625473481046,1.1129605802845504,-0.3666666666666667,1.7142857142857144,-0.012938574197867994,0.02124017857596335,0.26086612735871073,-0.8293064152509905
2026-02-01,Region,WE,Western,Model,Genesis,gv60,GV60,Entry Luxury EV SUV,50.0,626.0,0.07987220447284345,61353.12,49461.9696485623,124.0409964179082,57449.94,46830.67412140575,122.67587660827695,28.0,151.0,0.18543046357615894,0.43073938840712,2.3333333333333335,-0.7596153846153846,0.05466212043923,-0.5804452558446168,0.03176219721379514,0.07056522026182077,2.3230721190270316,21.2483066573362,0.021056354549526368,-0.006356253286621261,2.066123146822733,19.297188552646773,2.5,-0.6626506024096386,0.1375262719593925,-0.21360799796230262,-0.09552111579456068,-1.2240320784125394
2026-02-01,Region,WE,Western,Model,Genesis,gv70,GV70,Near Luxury SUV,779.0,17787.0,0.043796030809017825,63631.45827984596,62553.437478759915,101.72335980968606,63783.46469833119,61815.93752447946,103.18288009960632,340.0,5508.0,0.06172839506172839,0.7094956991060888,0.12409812409812404,0.42413162705667284,0.007108011326779483,0.004409510071690638,-0.004235586035975181,0.0646437167784717,-0.9102767835674968,3.258369931152032,-0.0011198031880343962,0.08377458151796158,0.557003019681261,6.275389110898004,-0.0029325513196480912,0.44680851063829796,0.0015873015873015817,0.015613795375700137,0.09946323440142191,-0.14460519313824893
2026-02-01,Region,WE,Western,Model,Genesis,gv70_ev,GV70 EV,Near Luxury EV SUV,29.0,1547.0,0.01874595992243051,67464.96551724138,55455.33913380736,121.65639336269527,63254.607142857145,53367.59232512953,118.5262523321144,8.0,8789.0,0.0009102286949596086,20.59478021978022,-0.17142857142857137,-0.8705357142857143,3.938589784472854e-05,-0.052252455291515607,-0.006318344786722774,-0.08362019278454791,0.20671769365432624,4.418637689502972,-0.009483989371435575,-0.09402217757598375,1.257342336048609,7.144925388495082,-0.4285714285714286,-0.8688524590163934,-0.0014266098962605548,-0.005453217998134486,12.589702721116403,9.437553855175505
2026-02-01,Region,WE,Western,Model,Genesis,gv80,GV80,Mid Luxury SUV,1097.0,26560.0,0.041302710843373495,79044.00911577028,76626.39206050787,103.15507097522396,79168.31358249772,76010.33277844763,104.15467304064418,284.0,7485.0,0.037942551770207084,1.0885591220515867,0.0712890625,0.3248792270531402,-0.0012222061001481016,0.00017824476609128864,-0.015660923675277605,0.03822482051421572,-2.2597469511955524,-0.5912682514845926,-0.01495107774308535,0.03334285491239819,-2.0769925676516436,0.11380422368188192,-0.1671554252199413,0.10505836575875493,-0.00846463385853543,-0.0011151989896713357,0.17221575049441162,0.03564477657097598
2026-02-01,National,NTL,National,Brand,Genesis,brand,Genesis,Luxury Market,20780.0,264029.0,0.07870347575455726,69664.52710379357,70037.41282148818,99.46759067379458,69271.79170879677,69140.4764414119,100.18992531458204,5149.0,114103.0,0.045125895024670695,1.7440867535486981,0.13008483793778547,0.16571300347806583,0.006147523862136406,0.009987061066067046,0.0013809848127934732,0.05124504606068325,-0.33650263733051133,0.5432387245301271,0.0017024153827294164,0.057035501125616284,-0.1421025830722158,1.5930418932334618,0.022032552600238287,0.023861602704315032,-0.0029076655416638633,0.0014364902917242475,0.23356054984949992,0.17124740935248983
2026-02-01,National,NTL,National,Model,Genesis,g70,G70,Near Luxury Car,2666.0,32084.0,0.0830943772596933,52497.12007504691,59467.204570902504,88.27911191361754,51942.863312054076,58819.62855243031,88.30872378895344,601.0,10561.0,0.05690748982103967,1.4601659205318154,0.06725380304243389,-0.13609850939727808,0.012114352823015553,0.018746406118277895,0.01805218181119428,0.023210499999628986,0.30410856909151107,-1.770034851899112,0.018476899293464744,0.024112451151422798,0.6638596397411476,-0.9694632198967099,-0.07253086419753085,0.1624758220502902,-0.00021018316265358772,0.015947261648008457,0.21746780751621508,-0.11082071727658938
2026-02-01,National,NTL,National,Model,Genesis,g80,G80,Mid Luxury Car,1420.0,21716.0,0.06538957450727574,73927.94009866103,80006.92010743268,92.40193223210086,73432.91184767277,79629.54065668737,92.2181783821527,259.0,4212.0,0.06149097815764482,1.0634011112920674,0.11723052714398108,0.25998225377107365,0.006212742400003184,0.011193854382245683,-0.0014964084525292964,0.07229085884800734,1.2145059600436667,6.387758810673645,-1.9589552032628355e-05,0.06743846475125137,1.9223252989143447,5.10122891774175,0.06584362139917688,-0.21276595744680848,0.004435331292183445,-0.0054742162246063444,0.026223630037442547,0.25408933933379174
2026-02-01,National,NTL,National,Model,Genesis,g90,G90,Premium Luxury Car,471.0,6142.0,0.07668511885379355,105599.33545647559,137281.54462593925,76.9217273481367,102430.8952991453,137009.6390429528,74.76181677044855,101.0,1569.0,0.06437221159974506,1.191276747342595,0.16296296296296298,0.04899777282850781,0.012955771882904477,0.01840370660041868,-0.0006945772532089833,0.042697131547912104,0.1780607090741455,0.8987959981874951,-0.009042042905774483,0.017477436103647825,-0.2969158635924316,-1.3551027898033396,0.4027777777777777,-0.1652892561983471,0.023625182737266277,-0.0030372591523440823,-0.37274764290130746,0.3266888548235215
2026-02-01,National,NTL,National,Model,Genesis,gv60,GV60,Entry Luxury EV SUV,98.0,2232.0,0.04390681003584229,61095.0918367347,49773.777678171224,122.74553929132155,57227.67346938775,47904.07664724339,119.46305507734046,33.0,441.0,0.07482993197278912,0.586754643206256,0.53125,-0.8615819209039548,0.01169744919034657,-0.540733982697436,0.019879619692639627,0.0053186785228418465,2.278950233452747,16.712810245087766,0.014698112612491876,-0.05016498862201835,2.288069870952498,12.348555194428613,2.0,-0.8443396226415094,0.05375713503792322,-0.23647696964248252,-0.9417259350981773,-1.2912660164699823
2026-02-01,National,NTL,National,Model,Genesis,gv70,GV70,Near Luxury SUV,8341.0,91233.0,0.09142525182773777,62823.59964007199,61593.899413941544,101.99646432167941,62613.9757822803,60913.872635771186,102.79099501139046,2445.0,26524.0,0.09218066656612879,0.9918050631815609,0.16559530463946337,0.507228044813878,0.01387865451521067,0.029041502715471817,0.0025791556514966896,0.036852236196743826,0.15438709375156634,-0.14443427601429448,0.003377864458617985,0.055813171160250974,0.9589432586544717,1.6219196035383305,0.13404452690166968,0.25577812018489987,0.0036712860496872363,0.021176691510514475,0.11566519122615848,0.11320989913048518
2026-02-01,National,NTL,National,Model,Genesis,gv70_ev,GV70 EV,Near Luxury EV SUV,110.0,5817.0,0.018910091112257176,70496.56363636363,57858.27205811554,121.84353443108982,66193.99082568807,56147.36269171118,117.8933215245389,13.0,23530.0,0.0005524861878453039,34.227264913185486,-0.1472868217054264,-0.8463687150837989,-0.0012619182700727705,-0.056244732021992844,0.004678532393102897,-0.03819731495311629,1.237301802350288,9.123482257856779,-0.0007946793479099989,-0.043022362387798774,2.2174754212813212,10.628042344447962,-0.23529411764705888,-0.9277777777777778,-0.00031525920544753466,-0.0066564528966194325,10.980803983231016,23.802038364079436
2026-02-01,National,NTL,National,Model,Genesis,gv80,GV80,Mid Luxury SUV,7674.0,161484.0,0.04752173589953184,80160.15819650769,75637.96246631212,105.97873816631389,79930.89676746611,74540.9388821389,107.23086932651813,1697.0,47266.0,0.03590318622265476,1.3236077601810678,0.11784413692643847,0.236545278762488,0.0007949903680108533,-7.02886403454589e-05,-0.0034801861406851264,0.06074634868362816,-0.8907392037050812,0.5057273991656359,-0.0028994634814809572,0.05826340099808491,-0.8122636916234143,0.9643137512591409,-0.10259122157588574,-0.015089959373186357,-0.00803064584834566,-0.004441487952539,0.260036855280102,0.1439718971372257
2026-03-01,Region,CE,Central,Brand,Genesis,brand,Genesis,Luxury Market,3748.0,31015.0,0.12084475253909399,69819.51082598236,70464.52563931668,99.08462477043282,69120.80667556742,68582.43517797158,100.78499909809089,804.0,14187.0,0.05667160076126031,2.1323687864081173,0.03851482405098361,0.23167926388432458,0.007032075150257666,0.0330186153883205,0.0038263738760959676,0.020028103930934016,-0.13583268494652145,-2.7728947387959693,6.428346298958942e-05,0.02322564578398123,-0.3815756055290507,-1.9513875495071176,0.26813880126182976,-0.11745334796926454,0.0003410809922687469,0.003936434335789975,0.11192448986024228,0.4669499946632083
2026-03-01,Region,CE,Central,Model,Genesis,g70,G70,Near Luxury Car,403.0,2672.0,0.15082335329341318,53591.76865671642,61119.681990254874,87.68332378637257,52820.439205955336,59713.25112401648,88.45681354085764,74.0,992.0,0.07459677419354839,2.02184819550089,-0.03125,-0.14072494669509594,0.012249069482620362,0.056495115159865314,0.008864386290649673,0.026848421282016588,0.2526518220722096,-2.533085199700537,0.008468194021293618,0.04051949675572741,0.23256653521809767,-0.621519545223407,0.10447761194029859,-0.23711340206185572,6.952169076752945e-05,0.024519334854364083,0.16247086496502794,0.13820080101963028
2026-03-01,Region,CE,Central,Model,Genesis,g80,G80,Mid Luxury Car,194.0,1816.0,0.10682819383259912,75663.96907216495,80126.77815673288,94.43031507414614,75212.07731958762,77984.44504410143,96.44497345214677,34.0,493.0,0.06896551724137931,1.5490088105726871,-0.030000000000000027,0.09604519774011289,0.006627793030995907,0.006260012014417296,0.009070420429034831,0.08638425772626968,2.1473145601155608,8.204186772293909,0.010750969364197172,0.08461290289880319,3.6017735452829953,9.673551175994163,0.1333333333333333,0.0,-0.011679644048943269,0.017057120294814425,0.30652384063280724,-0.3884076332775803
2026-03-01,Region,CE,Central,Model,Genesis,g90,G90,Premium Luxury Car,67.0,591.0,0.11336717428087986,106114.92537313433,133768.8933502538,79.32705632488735,102041.6119402985,131952.72093062603,77.3319498231088,14.0,172.0,0.08139534883720931,1.3927967125936669,-0.05633802816901412,-0.10666666666666669,-0.012074521832194346,0.02706107531655305,-0.00021647342760200416,0.04811047986568617,1.6607077362649534,2.931193044585825,-0.0044775504138494515,0.022853784542306466,2.4994308266187772,1.1738302193247705,-0.17647058823529416,0.5555555555555556,-0.04179305695989215,0.042602245388933445,0.3745052970875351,-0.8319827273756464
2026-03-01,Region,CE,Central,Model,Genesis,gv60,GV60,Entry Luxury EV SUV,3.0,159.0,0.018867924528301886,59568.666666666664,49207.14465408805,121.05694627358913,59568.666666666664,47237.339622641506,126.1050413561279,1.0,22.0,0.045454545454545456,0.4150943396226415,,-0.926829268292683,,-0.5135996079392305,,-0.08996778658463278,,8.62242736795622,,-0.08084427465383381,,13.909997821207966,,-0.96,,-0.3855799373040752,,-0.820230335702034
2026-03-01,Region,CE,Central,Model,Genesis,gv70,GV70,Near Luxury SUV,1663.0,9265.0,0.17949271451699947,63202.715662650604,61804.5077294424,102.26230736976186,62437.29379891632,60685.592298465526,102.88651957425994,387.0,3271.0,0.1183124426780801,1.5171076723129335,0.06602564102564101,1.0157575757575756,0.014761985900315189,0.09894204082045582,0.0021494225410358947,0.043854299049259415,0.19321479259822638,0.3718461618889961,-0.0057828325470079545,0.06825583099838872,-0.5988230304003395,2.103804652079731,0.34843205574912894,-0.034912718204488824,0.009062347512491978,0.029889068918432904,0.009276229539311176,0.6061418238994039
2026-03-01,Region,CE,Central,Model,Genesis,gv70_ev,GV70 EV,Near Luxury EV SUV,11.0,622.0,0.017684887459807074,70281.0,58727.683381642506,119.67269259248341,65569.27272727272,56405.986387096775,116.24523730033043,4.0,2162.0,0.0018501387604070306,9.558681672025724,-0.3125,-0.75,-0.003762833719817591,-0.03630284260154262,0.024361582250287617,-0.02543160230187891,3.065035092639917,9.525829609375052,0.021270570427646796,-0.03779646048394203,3.2161116184246623,11.049739372982856,,-0.8518518518518519,0.0018501387604070306,-0.011890319254860145,,5.629574650894163
2026-03-01,Region,CE,Central,Model,Genesis,gv80,GV80,Mid Luxury SUV,1407.0,21283.0,0.06610910116055067,79767.8660968661,75246.21373651226,106.00914270077055,79327.5533428165,73059.83201450025,108.5788882283117,290.0,7075.0,0.04098939929328622,1.6128341058996416,0.04531946508172369,-0.003541076487252104,0.003311676508129288,-0.0021826380539975987,0.00427795294446498,0.04209603484030122,-0.5533824054209333,-2.583792409421193,0.0025666653965537023,0.03597254205184108,-0.7255722611808579,-2.60503744889445,0.24463519313304727,-0.08805031446540879,0.0009962650674022466,0.0007005357433052251,0.04262897274510524,-0.08221840234070288
2026-03-01,Region,EA,Eastern,Brand,Genesis,brand,Genesis,Luxury Market,4591.0,59576.0,0.07706123271115886,67281.60636442894,69646.6268194958,96.60425699984535,66761.40309570526,68852.28513266901,96.96323508662798,1482.0,29447.0,0.05032770740652698,1.5311890146055973,0.09675107501194469,0.3828313253012048,0.004512315052273952,0.019510268905861397,-0.0022878557372586483,0.007340126696950167,-0.7270656012347132,-3.7624065006755387,-0.006486420727347064,0.012072847867617531,-1.0533594338893835,-2.7176769533977847,0.510703363914373,0.1875,0.0012015618809623554,0.012628335729388263,0.054400699895839066,0.004612808026617232
2026-03-01,Region,EA,Eastern,Model,Genesis,g70,G70,Near Luxury Car,737.0,6806.0,0.10828680575962386,54089.64857530529,60320.036069644426,89.6711144417327,53599.49525101764,59742.801431721295,89.71707714824069,173.0,2740.0,0.06313868613138686,1.7150627039385515,0.1829855537720706,0.16062992125984255,0.01855614178151642,0.04635975290220237,0.010999811240454571,0.034060541497562546,0.11724203626127405,-2.1483625024708317,0.006525274952018378,0.03617389352388578,-0.13867142799705334,-1.5643127427998564,0.3410852713178294,0.14569536423841067,-0.011427787857052452,0.02425122798047262,0.5116979854724595,0.12259418575730874
2026-03-01,Region,EA,Eastern,Model,Genesis,g80,G80,Mid Luxury Car,297.0,4834.0,0.06143980140670252,74133.70945945945,79148.95036645963,93.66354085078879,73960.26351351352,77810.66170600413,95.05158019727584,73.0,1275.0,0.05725490196078432,1.0730924218293934,-0.045016077170418,0.10820895522388052,-0.0015411625463148948,2.825236912232243e-05,-0.0036809226259354455,0.04257458960536553,0.44149880813877473,3.2202830592250393,-0.0026044928028002845,0.04263319752610961,1.9303048829202822,4.044700046609137,1.212121212121212,0.15873015873015883,0.010776028721347697,0.015997534573750916,-0.2819525601900723,-0.4154065524624313
2026-03-01,Region,EA,Eastern,Model,Genesis,g90,G90,Premium Luxury Car,90.0,1392.0,0.06465517241379311,105767.77777777778,132724.06318934486,79.68997876962891,102517.16666666667,131265.400625,78.09915345441141,24.0,574.0,0.041811846689895474,1.5463362068965516,0.125,-0.01098901098901095,0.0005012028869286339,0.015756730715781285,-0.0034469261302325638,0.038166745760179754,0.14454991830287156,-0.3814655955471693,-0.0043866017085102404,0.011808127432817894,0.39335758476406113,-2.346018650405469,0.5,0.33333333333333326,-0.013743708865660079,0.010830779564250034,0.3915647554129911,-0.031996827911496606
2026-03-01,Region,EA,Eastern,Model,Genesis,gv60,GV60,Entry Luxury EV SUV,42.0,499.0,0.0841683366733467,61925.95238095238,51099.88376753507,121.1860924433166,59225.357142857145,50317.330661322645,117.70369446164166,0.0,163.0,0.0,,1.210526315789474,-0.7846153846153846,0.03998229016171879,-0.3879866270070407,0.014214337208071415,-0.0384648963389298,0.7240321203505005,6.926560087731758,0.03832995834274744,-0.04245919588430891,2.438372465456368,5.745580379911658,-1.0,-1.0,-0.016666666666666666,-0.35537190082644626,,
2026-03-01,Region,EA,Eastern,Model,Genesis,gv70,GV70,Near Luxury SUV,2074.0,22644.0,0.0915915915915916,61809.78426640927,61305.75199832074,100.8221614639069,61394.63561776062,60685.23299946982,101.16898722016441,804.0,8282.0,0.09707800048297513,0.9434845293054248,0.10436634717784887,1.4144353899883586,0.006479422998797571,0.05170118572180428,0.001982726209148744,0.01175241615394218,-0.17095143523076217,-2.45480310052136,-0.0033594157204773767,0.02626507691990776,-0.631536724231907,-0.9937237903604199,0.5169811320754718,0.44864864864864873,0.006987910392885044,0.04485253704079954,-0.0012605420745889218,0.17967310015546112
2026-03-01,Region,EA,Eastern,Model,Genesis,gv70_ev,GV70 EV,Near Luxury EV SUV,12.0,828.0,0.014492753623188406,76219.33333333333,59501.563478260876,128.09635390703698,76174.0,57490.56293478261,132.49826773554454,1.0,4275.0,0.00023391812865497077,61.95652173913043,-0.25,-0.9230769230769231,-0.0016362786348761097,-0.07212579162944903,0.02622326082645321,0.03692457073279942,3.4027083781191862,17.85427703087278,0.048855735693146274,0.11246331387037611,7.42251430371968,28.93316802749426,,-0.9850746268656716,0.00023391812865497077,-0.016625669188909196,,56.81887847295161
2026-03-01,Region,EA,Eastern,Model,Genesis,gv80,GV80,Mid Luxury SUV,1339.0,34908.0,0.03835796951988083,78996.16579536968,75905.68917534647,104.07146902109542,78476.61210762332,75000.72950648457,104.63446505655418,407.0,12138.0,0.033531059482616574,1.143953400570795,0.06354249404289125,0.19982078853046592,0.0006701290121876036,-0.0010892044930561479,0.0036755935542174267,0.05327137587787267,-0.3721890589155237,-0.8111662361917809,-0.0008932933872105586,0.045064684033233604,-0.823081345526802,-0.8031529556486845,0.4963235294117647,0.15954415954415957,0.0026149421832303496,0.005204047941982242,-0.07508196996848815,-0.24861051166368386
2026-03-01,Region,MA,Mid-Atlantic,Brand,Genesis,brand,Genesis,Luxury Market,2261.0,27122.0,0.08336405869773615,70802.84550686144,70335.44526658046,100.6645301504945,70114.2168141593,69438.86641949779,100.97258268961585,602.0,12772.0,0.04713435640463514,1.76864743801908,0.13106553276638322,0.6637233259749815,0.007063436536584963,0.028279141183245454,0.002858172269367909,0.04743569471283471,-0.30353387664075626,-0.33010763314902647,0.0024076983853555944,0.05408753194559268,-0.4550376531098692,0.7028076291736198,0.35891647855530473,0.06360424028268552,0.0019025818487846194,0.006795107598420329,0.08176641443823418,0.40310595807947047
2026-03-01,Region,MA,Mid-Atlantic,Model,Genesis,g70,G70,Near Luxury Car,237.0,2727.0,0.08690869086908691,53798.34599156118,59741.43672900624,90.05197888962132,52847.426160337556,58946.834944974325,89.65269502538949,60.0,1059.0,0.056657223796033995,1.533938393839384,0.07239819004524883,-0.15357142857142858,0.013413512950896017,0.022243563848301687,0.015110971176565346,0.03370130985299369,0.3515059996806258,-1.7650386910288063,0.014494719389351207,0.03133466382968564,0.39597889155476196,-1.7609306596702794,0.33333333333333326,-0.04761904761904767,0.0033396882510102963,0.018429068456228173,0.1554955013293149,-0.15761921457734696
2026-03-01,Region,MA,Mid-Atlantic,Model,Genesis,g80,G80,Mid Luxury Car,162.0,1777.0,0.0911648846370287,75017.81481481482,78587.18943406905,95.45807065380704,74237.58641975309,76811.0120576597,96.6496657588956,26.0,429.0,0.06060606060606061,1.5042205965109734,0.08724832214765099,0.8,0.0057291048205149325,0.030436139697757443,-0.0038032393164078027,0.06321213703602324,1.3786441636608089,7.23990786655061,-0.003915630939721693,0.07056011036949394,2.905838050013955,9.065889219269863,0.4444444444444444,-0.16129032258064513,0.00917748917748918,0.009196442032262928,-0.15703067769901646,0.3229485578535358
2026-03-01,Region,MA,Mid-Atlantic,Model,Genesis,g90,G90,Premium Luxury Car,49.0,462.0,0.10606060606060606,105471.95918367348,133570.11764705883,78.963739077006,102328.30612244898,132631.77826086956,77.15217835742384,18.0,121.0,0.1487603305785124,0.7129629629629629,-0.039215686274509776,0.96,-0.005781499202551832,0.06507699950322901,-0.001669445641923839,0.0389131515832859,0.9126687914929619,-0.19062150287837198,0.005624686099209741,0.016471886408046643,1.8211011723135897,-1.9062027157857386,1.0,1.5714285714285716,0.05785123966942149,0.10114128295946478,-0.5173001949317738,-0.14769277474195508
2026-03-01,Region,MA,Mid-Atlantic,Model,Genesis,gv60,GV60,Entry Luxury EV SUV,23.0,355.0,0.0647887323943662,64641.04347826087,51017.1352112676,126.70457329792266,63782.34782608696,50417.81690140845,126.50755575318288,0.0,60.0,0.0,,2.8333333333333335,-0.5,0.04734687192924991,-0.28635630577357274,0.03481411552240199,0.0390852797696426,2.2218970312302844,17.386243066018636,0.06830051044874264,0.019756029149709864,3.5907016890686236,14.315044899563674,,-1.0,0.0,-0.3218390804597701,,
2026-03-01,Region,MA,Mid-Atlantic,Model,Genesis,gv70,GV70,Near Luxury SUV,902.0,9006.0,0.1001554519209416,62423.862527716185,61042.69772737381,102.2626208404335,61796.60199556541,60326.404606928714,102.4370711270067,297.0,2968.0,0.10006738544474393,1.0008800717217328,0.12189054726368154,1.81875,0.009533269774864045,0.062312500170705075,0.004531599383580387,0.031999650390273526,0.4398195494979973,0.29516665284643295,0.0016772755899752134,0.05132682694148549,0.04177587102500979,1.320663160592133,0.2584745762711864,0.4558823529411764,0.005968501872176152,0.0459272580562089,0.0378273902710442,0.3018984923350112
2026-03-01,Region,MA,Mid-Atlantic,Model,Genesis,gv70_ev,GV70 EV,Near Luxury EV SUV,5.0,384.0,0.013020833333333334,74807.0,58967.8372845953,126.8606810844367,71683.4,56904.76544270833,125.97082061988425,0.0,2821.0,0.0,,-0.2857142857142857,-0.9253731343283582,-0.0030711206896551716,-0.08255691274369949,0.03184712120704569,0.006735312000292426,5.724724889828025,12.261788686208703,0.03940202418583061,0.043628057386216446,7.5465865591094,18.547353019501543,-1.0,-1.0,-0.0012903225806451613,-0.019153225806451613,,
2026-03-01,Region,MA,Mid-Atlantic,Model,Genesis,gv80,GV80,Mid Luxury SUV,883.0,18122.0,0.04872530625758746,81390.81157775255,76485.70186971189,106.41310674823403,80869.3514739229,75550.93470227235,107.03951154622919,201.0,5314.0,0.037824614226571324,1.2881904350886555,0.16031537450722744,0.6629001883239172,0.004055195903044144,0.009949199933649969,-0.000445411770438775,0.04883073449534758,-1.2737277746694389,-1.9515134166883144,-0.0005032035105357879,0.04723437955509935,-1.4891250533248979,-1.566202734549833,0.5112781954887218,0.03076923076923066,0.007473176526890814,0.0041691085310242085,-0.1835721481715613,0.13604294769945624
2026-03-01,Region,MS,Mountain States,Brand,Genesis,brand,Genesis,Luxury Market,1068.0,19278.0,0.05539993775287893,73111.58419567262,72083.25988556567,101.42657853118664,72671.73000940734,71061.70326819127,102.2656742903273,386.0,10098.0,0.03822539116656764,1.4492968171724647,0.04398826979472137,0.2867469879518072,0.001758282884230196,0.01060045591556042,0.007808409289786988,0.04468871214469883,-0.35444255483082543,1.0615488403085465,0.005464981014967618,0.05161259240726834,-0.5046980266156567,2.3438045063908106,0.38848920863309355,-0.07655502392344493,0.0036224536510087654,0.0017379609989698758,-0.10090841741287315,0.2214909226071038
2026-03-01,Region,MS,Mountain States,Model,Genesis,g70,G70,Near Luxury Car,74.0,1507.0,0.0491041804910418,55442.2972972973,62982.52764314247,88.0280601176124,55052.10810810811,62007.0039162234,88.78369318164133,32.0,500.0,0.064,0.7672528201725282,-0.02631578947368418,-0.07499999999999996,0.0010637253709406616,0.011808143195004506,0.014671359833253739,0.017493824171126215,-0.20822918305144356,-3.41305004657832,0.011565469559475572,0.04158214352155487,-0.6345001503698597,-0.5978164410652482,0.4545454545454546,-0.17948717948717952,0.02392714025500911,0.02228877005347594,-0.4315749007790868,-0.12689576628375066
2026-03-01,Region,MS,Mountain States,Model,Genesis,g80,G80,Mid Luxury Car,45.0,1260.0,0.03571428571428571,74026.97777777778,81295.15858393,91.05951580296326,73268.42222222222,79499.0964892772,92.1625848063627,12.0,240.0,0.05,0.7142857142857142,-0.13461538461538458,0.21621621621621623,-0.0038595346814524895,0.00013736263736263687,-0.012753650891841217,0.05482561967783628,1.4321971924455141,5.048571661330428,-0.01940443590410368,0.055851564098825524,2.3834466043658438,6.155007108799609,-0.19999999999999996,-0.07692307692307687,-0.027720207253886006,0.011876832844574782,0.20510255852721604,-0.21892434488588342
2026-03-01,Region,MS,Mountain States,Model,Genesis,g90,G90,Premium Luxury Car,10.0,238.0,0.04201680672268908,107322.2,142878.69537815126,75.11420769622418,104662.0,141256.51470588235,74.09357382059318,6.0,61.0,0.09836065573770492,0.427170868347339,0.25,0.4285714285714286,0.00840336134453782,0.021608643457382958,0.013817371138159507,0.050464438276481616,1.8875707791660972,2.505357933190197,0.03004655099449849,0.03926202486396324,3.427463805749298,2.035447768389176,2.0,0.5,0.049580167932826866,0.04836065573770491,-0.26190476190476186,0.01900760304121657
2026-03-01,Region,MS,Mountain States,Model,Genesis,gv60,GV60,Entry Luxury EV SUV,24.0,500.0,0.048,63653.666666666664,49845.026,127.70314668241254,61753.125,48026.748,128.58069215929424,17.0,77.0,0.22077922077922077,0.21741176470588236,2.0,-0.6666666666666667,0.02908747044917258,-0.31934693877551024,0.04396481502741656,-0.0024588838360765086,4.2008010716034505,13.466758953984353,0.022603781786568078,-0.039179441122897285,1.8154906385590834,12.223587153853074,4.666666666666667,-0.5952380952380952,0.16814764183185235,-0.03531834019638899,-0.1419262967598387,-1.2169905676556336
2026-03-01,Region,MS,Mountain States,Model,Genesis,gv70,GV70,Near Luxury SUV,396.0,6941.0,0.05705229793977813,63910.78680203046,62400.580877801876,102.42017927234683,63203.3807106599,61506.61056252704,102.75867932343294,168.0,1971.0,0.0852359208523592,0.6693457097577542,-0.054892601431980936,0.9899497487437185,0.00019247978263333548,0.02686876995555244,-0.008853134737529356,0.03906326427871898,-1.49230604271618,2.2586538455503273,-0.016316395490377666,0.049965770033441936,-2.230013316633105,3.5457534759315195,0.3125,0.21739130434782616,0.011588049736133657,0.03603805988979236,-0.10270400865722751,0.05583269529577539
2026-03-01,Region,MS,Mountain States,Model,Genesis,gv70_ev,GV70 EV,Near Luxury EV SUV,9.0,494.0,0.018218623481781375,66734.11111111111,58538.60224696356,114.00017859936631,59753.555555555555,55847.20775303643,106.9947056615498,4.0,3702.0,0.0010804970286331713,16.861336032388664,-0.3076923076923077,-0.7857142857142857,-0.002581376518218624,-0.04590351392279878,0.00011694665977035612,-0.07593459921037093,0.2880319691993094,-0.5180191182880094,-0.011427910470385716,-0.07322701897331219,0.35411492616179885,2.923460085169836,3.0,-0.875,0.0006096872357894802,-0.010230920433367536,-27.317863967611338,11.192538322465
2026-03-01,Region,MS,Mountain States,Model,Genesis,gv80,GV80,Mid Luxury SUV,510.0,13166.0,0.03873613853866018,82645.56804733728,79495.21190700859,103.96295080515527,82663.71794871795,78543.53917193088,105.24572589957788,147.0,3547.0,0.04144347335776713,0.9346740367117528,0.14093959731543615,0.2977099236641221,0.0029245698797914083,0.003154427357130077,1.7403455352171804e-05,0.0632267907865316,-1.2526534415782322,0.4764278545885645,0.0009829206229212684,0.06367961650395904,-1.1639259676886837,1.1490904064237242,0.3738317757009346,-0.020000000000000018,0.009330628219711909,0.0065759698710167805,-0.18050490507657213,-0.08580943997453061
2026-03-01,Region,SC,South Central,Brand,Genesis,brand,Genesis,Luxury Market,2829.0,37237.0,0.0759728227300803,72604.72367011782,70752.9701548858,102.6172095831148,71691.39093181006,69955.33171555436,102.48166819266143,912.0,18670.0,0.04884841992501339,1.5552769740905692,0.10292397660818708,0.33317624882186614,0.0042466405763373904,0.018097464759263444,0.01882127822507118,0.055444755685277736,1.2851527192114105,0.799652048128138,0.013605284227444114,0.05886407866387389,0.7958324114432997,1.4370646472222433,0.5074380165289256,0.09352517985611519,0.010586340491671627,0.008836905820235039,-0.31932532709122086,0.10880939430195213
2026-03-01,Region,SC,South Central,Model,Genesis,g70,G70,Near Luxury Car,280.0,4511.0,0.06207049434715141,51941.31899641577,60132.57391556845,86.3780071502445,50911.93548387097,59656.93668293765,85.34118296159879,85.0,1608.0,0.05286069651741294,1.1742277048261114,0.05660377358490565,-0.2286501377410468,0.0048103387723890945,0.001358000619103239,0.010833416083683378,-0.007273069254857156,-0.4510406188600484,-5.563787865082503,0.009285809321415428,0.0012794629197121488,-0.5080799285077404,-4.330249731748964,0.6666666666666667,-0.1747572815533981,0.017929189668097867,0.01339709498484589,-0.4649845920200253,-0.3642150974088958
2026-03-01,Region,SC,South Central,Model,Genesis,g80,G80,Mid Luxury Car,136.0,2615.0,0.0520076481835564,74623.33823529411,79634.04997693196,93.70782756485532,73565.33088235294,78373.0511089719,93.86559517769165,42.0,624.0,0.0673076923076923,0.7726850587271238,-0.1225806451612903,-0.09933774834437081,-0.007333852582140379,-0.008928590718784192,0.0036273409790326117,0.08704304621159453,0.8466489742271222,7.222025481373578,0.008453696702647617,0.08357621107809021,2.327827393620396,7.303767472205067,0.4482758620689655,0.07692307692307687,0.013102084831056793,0.020601105481345,-0.3220633174676272,-0.53197544084863
2026-03-01,Region,SC,South Central,Model,Genesis,g90,G90,Premium Luxury Car,109.0,933.0,0.11682743837084673,105732.63888888889,137135.3772874058,77.10092098794928,102075.80555555556,136013.75938841203,75.04814660997607,18.0,206.0,0.08737864077669903,1.3370251280219125,0.472972972972973,0.5571428571428572,0.027778100224035665,0.04696715892972897,0.0010513408240095945,0.0470301931212187,2.025380311585863,-0.6713341034789693,-0.004837785562536556,0.013529275185142353,2.2078110037281675,-3.9081610490376733,0.6363636363636365,0.05882352941176472,0.01686582026387852,0.035390873192601174,0.07414360521259189,-0.006757894168999856
2026-03-01,Region,SC,South Central,Model,Genesis,gv60,GV60,Entry Luxury EV SUV,7.0,167.0,0.041916167664670656,57133.42857142857,49296.305389221554,115.89799300440187,47099.42857142857,47924.26946107784,98.27886601313939,2.0,24.0,0.08333333333333333,0.5029940119760479,0.0,-0.8703703703703703,-0.009935684187181194,-0.3971082225792318,0.017154599950659932,-0.02813797858040623,3.03662511620702,7.1683121124256814,0.01087539744104693,-0.19311530531151833,1.5505887427730585,-10.07877569608958,,-0.8888888888888888,0.08333333333333333,-0.19358974358974362,,-1.0823718416824886
2026-03-01,Region,SC,South Central,Model,Genesis,gv70,GV70,Near Luxury SUV,1085.0,11039.0,0.09828788839568801,63795.05550416281,61269.4521557213,104.12212490822095,62743.205365402406,60792.39172545109,103.20897662451172,407.0,3872.0,0.10511363636363637,0.935063154467086,0.041266794625719694,0.8265993265993266,0.00027264994210886295,0.04502389987344985,0.009106057970723613,0.025491738047395796,0.8902839959565227,-1.1861322136251573,-0.0018287069680816836,0.04604326513584289,-0.17876541721157935,-0.296210514407818,0.37966101694915255,0.19705882352941173,0.018374442009034778,0.034221226021684745,-0.1949362556367198,0.18372759872398525
2026-03-01,Region,SC,South Central,Model,Genesis,gv80,GV80,Mid Luxury SUV,1212.0,24427.0,0.04961722683915339,82305.81092436975,76173.22885557573,108.05083644336699,81864.69159663866,75260.19221095834,108.77555476760882,357.0,8717.0,0.040954456808535045,1.2115220346131657,0.18590998043052842,0.38672768878718533,0.005151511558958474,0.007185922829055322,0.00683675029595765,0.05395934072405262,-0.015661219052972797,0.48344565163566244,0.004262432072303035,0.05058550797068673,-0.4249583152146812,0.7817608328415844,0.6301369863013699,0.16666666666666674,0.012475913245466125,0.007022321079992129,-0.3498539950886559,-0.03895345415501872
2026-03-01,Region,SO,Southern,Brand,Genesis,brand,Genesis,Luxury Market,5401.0,48497.0,0.11136771346681237,69436.04301872799,69598.18714285715,99.76702823624365,68862.10575139147,68663.92630468008,100.28862236311977,1638.0,28528.0,0.057417274256870446,1.9396203478517846,0.10812474353713575,0.24734411085450336,0.005718951165689559,0.02493194143367533,-0.0010374180632158891,0.04290821105893783,-0.3213460913892021,-1.2716154025764865,-0.0030246253489382147,0.04575462145817877,-0.4248405235937298,-0.5067493645442767,0.20707442888725125,-0.04210526315789476,-0.001286653758357105,0.0024810452595369417,0.1399322201047286,0.366236560673155
2026-03-01,Region,SO,Southern,Model,Genesis,g70,G70,Near Luxury Car,862.0,6203.0,0.13896501692729324,51487.678281068525,58063.45292123952,88.67484741375829,51095.544819557625,57469.95336670433,88.90827610999983,238.0,2617.0,0.09094382881161635,1.528031299574481,0.19390581717451516,-0.09453781512605042,0.02288784650928681,0.02977818357484456,0.0041677333863356925,0.03137164906693801,-0.37357449454718505,-2.30425464246521,0.007827293825612536,0.04483438705609499,-0.10982973327305956,-0.5827611484905759,0.5555555555555556,0.1840796019900497,0.02910065985446194,0.040454002134901954,-0.34892895934151835,-0.6345198624956592
2026-03-01,Region,SO,Southern,Model,Genesis,g80,G80,Mid Luxury Car,376.0,3772.0,0.09968186638388123,73596.78723404255,78424.27710337497,93.84439353777012,73309.42021276595,77180.9246558597,94.98385843347134,77.0,1053.0,0.0731244064577398,1.3631818870419081,-0.013123359580052507,-0.0079155672823219,-0.00034438722599013094,-0.008665760831670519,0.008140442872970777,0.06116273129023364,1.2172194734873045,6.6416844669087425,0.009256903824269136,0.05660611258937864,2.5167435154467057,6.419459860582776,-0.19791666666666663,0.0,-0.027084361809483593,0.012921122642258948,0.3650032312267336,-0.4365144143696591
2026-03-01,Region,SO,Southern,Model,Genesis,g90,G90,Premium Luxury Car,183.0,1142.0,0.16024518388791595,105220.84615384616,133313.94288224957,78.92711285779251,102718.62637362638,132686.2865907099,77.41465151593012,31.0,385.0,0.08051948051948052,1.990141799898311,0.37593984962406024,0.21192052980132448,0.03789007809214778,0.06024518388791594,0.0011410829106131004,0.042943736768992435,1.8515426732192708,1.1065133671127825,0.0025606602231553754,0.021952917293704077,2.364591722292843,-0.8487195509184176,0.14814814814814814,0.03333333333333344,0.0046767838902670306,0.015724664104793687,0.3768670716281828,0.44680846656497786
2026-03-01,Region,SO,Southern,Model,Genesis,gv60,GV60,Entry Luxury EV SUV,15.0,167.0,0.08982035928143713,65649.93333333333,49609.11976047904,132.33440474312377,65199.2,48565.77245508982,134.24928031422044,3.0,33.0,0.09090909090909091,0.9880239520958084,0.875,-0.8192771084337349,0.028281897742975584,-0.5116289160808817,0.04249887684460485,0.09069307789490821,3.661727800717955,25.967562274184175,0.07635619242579317,0.08379477021951143,6.210490720989469,26.19748866362798,2.0,-0.9491525423728814,0.07204116638078903,-0.5236742424242424,-2.2735145094426534,0.009394622692713406
2026-03-01,Region,SO,Southern,Model,Genesis,gv70,GV70,Near Luxury SUV,2018.0,15572.0,0.1295915746211148,63014.314299900696,61637.17250612508,102.23427152444211,62272.770491803276,60928.27579644028,102.20668429852655,740.0,5704.0,0.1297335203366059,0.9989058670795119,0.08552985476062402,1.1219768664563619,0.00597963233771831,0.06962562468732328,-0.001735785284234126,0.04325826699568314,-0.4951200844064232,-1.2504127244888679,-0.009695089514833555,0.057452647438763105,-1.0230692909171495,0.25644435456923986,0.17647058823529416,0.2606473594548553,0.00028301611763079104,0.04755516390373456,0.044008525974545964,0.26920096013390216
2026-03-01,Region,SO,Southern,Model,Genesis,gv70_ev,GV70 EV,Near Luxury EV SUV,26.0,705.0,0.03687943262411347,71359.23076923077,59482.798005738885,119.96616359967808,68736.92307692308,57771.02064285715,118.98166643421033,1.0,7477.0,0.00013374348000534973,275.74751773049644,-0.10344827586206895,-0.7592592592592593,0.004657210401891251,-0.03619228591445216,-0.031674242021491605,-0.03138815863420463,-6.317175125154151,8.847579036312851,0.0036067586262504836,0.03814625953723194,-1.6708763933635709,18.38444520135826,-0.5,-0.98,-0.0002951649480452615,-0.008125258832515298,200.62140661938534,266.8999940498469
2026-03-01,Region,SO,Southern,Model,Genesis,gv80,GV80,Mid Luxury SUV,1921.0,29801.0,0.06446092413006276,80023.02501302763,74870.31355819349,106.88218228287391,79674.99218342887,73745.41980028914,108.04059750313671,548.0,11259.0,0.04867217337241318,1.3243896802561614,0.1027554535017221,0.12602579132473624,0.0013037926675147221,-0.00018967462694800818,-0.004159313434150991,0.05952909824126418,-0.8744409578952883,-0.545589674441274,-0.004000054516995588,0.05451398524734863,-0.9659869343771703,-0.38448307059246645,0.22048997772828516,-0.22379603399433423,0.0026350565878340768,-0.009621939417612413,-0.047484491579542265,0.2153480350066468
2026-03-01,Region,WE,Western,Brand,Genesis,brand,Genesis,Luxury Market,2658.0,48022.0,0.05534963141893299,70505.39427063701,71094.06450401751,99.17198399404042,69868.25706747078,70418.49037361536,99.21862382560995,1031.0,34224.0,0.030125058438522673,1.8373285991091781,0.05309033280507136,0.1088861076345431,0.002162401411557581,0.004495701218445031,0.003168379524295828,0.039120572933997844,-0.050739651606889424,-0.2532690407403493,-0.003172592216195924,0.03583995384852812,-0.5541465375404613,0.5489153758847891,0.2115158636897767,-0.07367475292003589,-0.002451598147627465,-0.0006046690525731598,0.20464938702613744,0.18245124247712652
2026-03-01,Region,WE,Western,Model,Genesis,g70,G70,Near Luxury Car,333.0,6650.0,0.050075187969924814,53937.56797583082,60028.32625150603,89.85352639992624,52262.018126888215,59338.5633142599,88.07428964888489,146.0,3090.0,0.04724919093851133,1.059810485116902,-0.029154518950437303,-0.10962566844919786,-0.0011035646412360309,0.011782979512875567,0.026394810607303087,0.0655992435905377,2.4802962613878208,-0.355637538377394,0.0019854398349823388,0.03174246756569965,0.5707343161677301,-1.7118381871297856,0.08955223880597019,-0.006802721088435382,-0.004190348408897503,0.013463854234305399,0.0648802571163497,-0.07358678696895704
2026-03-01,Region,WE,Western,Model,Genesis,g80,G80,Mid Luxury Car,190.0,5329.0,0.035653968849690375,72293.04210526316,78714.16626714259,91.84247961150066,72308.71052631579,77315.32047529588,93.52442708870382,53.0,1268.0,0.0417981072555205,0.8530043868190075,0.10465116279069764,0.3380281690140845,0.003219497795570063,0.003167123734156174,0.004153465440988713,0.0389511054071594,1.4294800536137728,7.078030930944308,0.006398287050839668,0.03786182661092918,2.9697240413540555,7.411692966552991,0.39473684210526305,0.26190476190476186,0.007063189522430922,0.011840903261226637,-0.08076696405487727,-0.23143744299001512
2026-03-01,Region,WE,Western,Model,Genesis,g90,G90,Premium Luxury Car,61.0,1620.0,0.037654320987654324,105371.0,137500.2257266543,76.63332874047343,102355.32786885246,136465.9138888889,75.00431789303121,21.0,637.0,0.03296703296703297,1.1421810699588477,0.12962962962962954,0.0,0.0062041171437405215,0.008907855389162337,0.0015115870149957633,0.0305195925398154,0.7928172122643105,1.6477481811249959,0.0032577674866876016,0.00032699770604938116,1.2506127078940779,-0.09072762709895699,0.10526315789473695,0.3999999999999999,-0.005729504711174768,0.00278594644791828,0.3294415916766541,0.18971484312881315
2026-03-01,Region,WE,Western,Model,Genesis,gv60,GV60,Entry Luxury EV SUV,62.0,648.0,0.09567901234567901,63904.75806451613,50134.99537037037,127.46537142852443,60029.16129032258,47845.16049382716,125.46548213181845,48.0,150.0,0.32,0.2989969135802469,0.24,-0.6574585635359116,0.01580680787283556,-0.38442708845007695,0.04158937743534685,0.10210190805414432,3.424375010616231,19.934711740971764,0.044895108512255755,0.034282290584701114,2.7896055235414963,17.514483296778025,0.7142857142857142,-0.5428571428571429,0.13456953642384106,0.029944751381215495,-0.13174247482687312,-1.3562260244013118
2026-03-01,Region,WE,Western,Model,Genesis,gv70,GV70,Near Luxury SUV,819.0,17163.0,0.04771893025694809,62896.63202933985,62491.8085210035,100.64780251670953,62430.87041564792,61466.733785722616,101.56855028817108,393.0,6004.0,0.06545636242504997,0.7290189752231967,0.051347881899871606,0.9453681710213777,0.003922899447930263,0.01893850914674847,-0.011548159831170302,0.06512313914469181,-1.0755572929765265,3.453413865397323,-0.021206033398788682,0.07880180657841951,-1.6143298114352405,6.261210806144277,0.15588235294117636,0.2843137254901962,0.00372796736332158,0.02444858970996018,0.019523276117107913,0.027190536254864894
2026-03-01,Region,WE,Western,Model,Genesis,gv70_ev,GV70 EV,Near Luxury EV SUV,14.0,930.0,0.015053763440860216,67457.0,57434.745161290324,117.44981162633319,63048.57142857143,55285.393670613565,114.04200502615632,6.0,15150.0,0.00039603960396039607,38.01075268817204,-0.5172413793103448,-0.9285714285714286,-0.003692196481570294,-0.04455694215524684,-0.00011806894408539215,-0.0836991863495451,-4.206581736362082,-0.6904886985238647,-0.003257244390442504,-0.07878175597965276,-4.484247305958078,3.7728520767209375,-0.25,-0.9473684210526316,-0.0005141890909992126,-0.0083389232341363,17.41597246839182,31.186372699270343
2026-03-01,Region,WE,Western,Model,Genesis,gv80,GV80,Mid Luxury SUV,1179.0,28591.0,0.04123675282431535,78741.06117247239,77168.22150568181,102.03819608136851,78510.1852166525,76564.76994320969,102.54087522875834,364.0,7925.0,0.045930599369085175,0.8978056761887339,0.07474931631722881,0.1536203522504893,-6.59580190581488e-05,-0.004449434033082955,-0.0038326490101759925,0.034293985037857855,-1.116874893855453,-2.3497036302381957,-0.008313027473541013,0.02451949794700492,-1.6137978118858456,-2.1898021982917584,0.2816901408450705,-0.05208333333333337,0.007988047598878091,0.0037049560878008106,-0.1907534458628528,-0.18414792610600617
2026-03-01,National,NTL,National,Brand,Genesis,brand,Genesis,Luxury Market,22556.0,270747.0,0.0833102490516977,69891.95768512756,70382.65853754661,99.30281000659093,69253.52140095115,69433.06716141825,99.7414117396691,6855.0,147926.0,0.046340737936535835,1.7977756238105667,0.08546679499518772,0.2962473421067755,0.004606773297140446,0.01872551615360582,0.0032646540612433217,0.03339529503192029,-0.16478066720364382,-1.3443136488444054,-0.0002637481635008321,0.03635801539209549,-0.448513574912937,-0.4783470748926675,0.33132647115944835,0.008088235294117618,0.0012148429118651397,0.004891476708662426,0.053688870261868527,0.23961195611507224
2026-03-01,National,NTL,National,Model,Genesis,g70,G70,Near Luxury Car,2926.0,31076.0,0.09415626206719012,53042.36699760356,59926.58323284756,88.51224971646548,52322.73698630137,59227.690143993816,88.34168082377484,808.0,12606.0,0.06409646200222116,1.468977524280939,0.09752438109527373,-0.07199492546780839,0.011061884807496813,0.025859246947838213,0.010386225411550098,0.031893698768140855,0.23313780284793495,-2.349251932917511,0.007313298690623693,0.03632544755645295,0.03295703482139345,-1.2898718768239945,0.34442595673876863,0.008739076154806513,0.007188972181181488,0.022690413927783322,0.008811603749123709,-0.18046786583624264
2026-03-01,National,NTL,National,Model,Genesis,g80,G80,Mid Luxury Car,1400.0,21403.0,0.06541139092650564,74098.1644031451,79134.77994333349,93.63539578451474,73706.09792709078,77676.11361554671,94.88901348990593,317.0,5382.0,0.05890003716090673,1.1105492301780862,-0.014084507042253502,0.12540192926045024,2.1816419229894746e-05,-8.642405796233099e-05,0.0023025706418560166,0.0611891973971912,1.2334635524138804,6.520767757440467,0.003720213083538093,0.059587864712253635,2.670835107753234,7.0507975696504275,0.22393822393822393,0.06020066889632103,-0.0025909409967380947,0.013883475884182851,0.047148118886018775,-0.3444222986742089
2026-03-01,National,NTL,National,Model,Genesis,g90,G90,Premium Luxury Car,569.0,6378.0,0.0892129194104735,105585.71075837742,135226.04161924226,78.08090031628412,102445.66490299824,134071.19885315344,76.41138870937205,132.0,2156.0,0.061224489795918366,1.4571443503710673,0.20806794055201694,0.18541666666666656,0.012527800556679958,0.03149980169976051,-0.00012902257423563768,0.04158370024843849,1.1591729681474163,0.9927262280668856,0.00014419090851247596,0.016138937905947337,1.6495719389235006,-0.8910544153466731,0.306930693069307,0.32000000000000006,-0.003147721803826692,0.018250703805372602,0.26586760302847234,0.11416010124277576
2026-03-01,National,NTL,National,Model,Genesis,gv60,GV60,Entry Luxury EV SUV,176.0,2495.0,0.07054108216432865,63300.03409090909,50244.9126252505,125.98297177473398,60481.431818181816,48756.82765531062,124.04710217358482,71.0,529.0,0.1342155009451796,0.525580738942674,0.7959183673469388,-0.7380952380952381,0.02663427212848636,-0.39131458793876417,0.036090333738538094,0.028373946681969464,3.2374324834124337,15.349939769860498,0.0568563799913091,-0.005619519929602301,4.584047096244362,13.38512658688039,1.1515151515151514,-0.778125,0.05938556897239047,-0.20156624092260633,-0.061173904263582046,-0.8498831785830993
2026-03-01,National,NTL,National,Model,Genesis,gv70,GV70,Near Luxury SUV,8957.0,91630.0,0.09775182800392884,62833.71927077508,61687.290535776796,101.85845208152462,62164.14729895985,60912.724597935885,102.05445202013894,3196.0,32072.0,0.09965078573210277,0.9809438760143948,0.07385205610838019,1.1484768529623413,0.006326576176191076,0.050625313263469446,0.0001610800839344506,0.034244103081800814,-0.13801224015479363,-0.27781725856669937,-0.007184154618843919,0.05182115620669214,-0.7365429912515253,1.4491807296888055,0.30715746421267887,0.26274199920979857,0.007470119165973982,0.038123170018372704,-0.010861187167166109,0.21500301850213177
2026-03-01,National,NTL,National,Model,Genesis,gv70_ev,GV70 EV,Near Luxury EV SUV,77.0,4411.0,0.017456359102244388,70936.4025974026,58582.978663636364,121.08705329699163,67550.50649350649,56595.994594594595,119.3556310431165,17.0,39206.0,0.0004336071009539356,40.25847146838785,-0.30000000000000004,-0.8775834658187599,-0.0014537320100127885,-0.04807130002891512,0.006239154624724019,-0.03431232859678568,-0.7564811340981947,7.05503601498242,0.02049303344454012,-0.0021936481119653184,1.462309518577598,13.46586303018546,0.3076923076923077,-0.9498525073746312,-0.0001188790868913683,-0.009823578980740467,6.031206555202367,33.87000794542378
2026-03-01,National,NTL,National,Model,Genesis,gv80,GV80,Mid Luxury SUV,8451.0,170298.0,0.04962477539372159,80261.71878341452,76231.71703112575,105.28651578271982,79878.28732628578,75170.62873535625,106.26263032534047,2314.0,55975.0,0.04133988387673068,1.2004091627759577,0.10125097732603594,0.1980436631698328,0.0021030394941897526,0.0003174820523730859,0.0012669708891772657,0.0514848625189801,-0.6922223835940713,-1.016021278414641,-0.0006581865499818429,0.0457863389644233,-0.9682390011776647,-0.8829662097222979,0.3635827931644078,-0.03983402489626553,0.005436697654075923,0.0015728756428148721,-0.12319859740511019,-0.03949535936750448
2026-04-01,Region,CE,Central,Brand,Genesis,brand,Genesis,Luxury Market,3442.0,29299.0,0.1174784122324994,70384.27664599942,70545.22957150215,99.77184435222568,70108.63466042155,69230.90352454249,101.26783140359841,613.0,14505.0,0.04226128921061703,2.779811369384019,-0.08164354322305234,0.221000354735722,-0.0033663403065945924,0.028941980071695378,0.00808893980114922,0.01843679900734685,0.6872195817928599,-2.2028939200944677,0.01429132604731742,0.02407549188155178,0.48283230550751455,-2.0019526154486726,-0.23756218905472637,-0.20286085825747724,-0.014410311550643276,-0.007576688754386211,0.6474425829759016,1.0033261310989656
2026-04-01,Region,CE,Central,Model,Genesis,g70,G70,Near Luxury Car,352.0,2661.0,0.13228109733183013,53792.09649122807,60552.78042264151,88.83505615394412,53276.28034682081,59707.31342878673,89.22906975267568,54.0,1054.0,0.051233396584440226,2.581931047921277,-0.12655086848635233,-0.15384615384615385,-0.018542255961583043,0.033162679414269966,0.0037380336483174847,0.03348890842666874,1.1517323675715545,-1.7273382837356337,0.008630014208857117,0.05914421213789045,0.7722562118180463,0.510608186240006,-0.2702702702702703,-0.15625,-0.023363377609108164,0.009539585509521657,0.5600828524203871,0.204637743179795
2026-04-01,Region,CE,Central,Model,Genesis,g80,G80,Mid Luxury Car,181.0,1697.0,0.10665880966411315,75632.02259887005,79863.82582691169,94.7012265137245,75399.58426966293,78122.9804028436,96.51396283252713,33.0,475.0,0.06947368421052631,1.5352404421349621,-0.0670103092783505,0.02259887005649719,-0.00016938416848596982,0.0009871678730683647,-0.000422215140001847,0.07964925368620324,0.27091143957837005,7.896568004429227,0.0024930430957059713,0.07907201912213169,0.06898938038035851,8.8230511867976,-0.02941176470588236,-0.17500000000000004,0.0005081669691470031,-0.009421779300321814,-0.013768368437724998,0.19585238243346947
2026-04-01,Region,CE,Central,Model,Genesis,g90,G90,Premium Luxury Car,71.0,624.0,0.11378205128205128,106116.8115942029,133550.50691437803,79.4581870529601,103177.5142857143,131732.12886035314,78.3237279912867,0.0,157.0,0.0,,0.05970149253731338,-0.0273972602739726,0.0004148770011714181,0.04034140741887221,1.77752664098918e-05,0.049369465667636,0.13113072807274762,1.634262168670162,0.011131756190605469,0.04440283150330404,0.9917781681779019,1.3967794585039996,-1.0,-1.0,-0.08139534883720931,-0.06198347107438017,,
2026-04-01,Region,CE,Central,Model,Genesis,gv60,GV60,Entry Luxury EV SUV,5.0,137.0,0.0364963503649635,62261.8,49442.620437956204,125.92738703671691,60427.2,48141.98540145985,125.51871198516795,1.0,45.0,0.022222222222222223,1.6423357664233575,0.6666666666666667,-0.8717948717948718,0.017628425836661615,-0.30560891279293123,0.045210569314964255,-0.042464973932300865,4.870440763127775,9.240775749037383,0.014412498740948854,-0.06429136371866095,-0.5863293709599446,9.11819747709876,0.0,-0.8,-0.023232323232323233,-0.037301587301587294,1.2272414268007161,-4.105032654629274
2026-04-01,Region,CE,Central,Model,Genesis,gv70,GV70,Near Luxury SUV,1476.0,8996.0,0.16407292129835482,63212.93870523416,62009.92034157303,101.94004178208014,63055.468345813475,61434.4876216999,102.6385517107186,304.0,3135.0,0.09696969696969697,1.6920020008892842,-0.11244738424533973,0.902061855670103,-0.015419793218644645,0.07724288884898703,0.0001617500526105431,0.016426026215007994,-0.3222655876817129,-1.5011150888085467,0.009900726141143013,0.032584585905824026,-0.2479678635413336,-0.3926024393233831,-0.21447028423772607,-0.09253731343283578,-0.021342745708383126,0.010807145529367748,0.17489432857635068,0.6842552362231888
2026-04-01,Region,CE,Central,Model,Genesis,gv70_ev,GV70 EV,Near Luxury EV SUV,8.0,546.0,0.014652014652014652,70433.875,59442.773547794124,118.49022311075143,66428.375,57798.56748161765,114.93083288115574,0.0,2967.0,0.0,,-0.2727272727272727,-0.6799999999999999,-0.003032872807792422,-0.01735822862583426,0.0021751967103484926,-0.027386410837658248,-1.1824694817319852,6.5048940157438295,0.01310220835147291,-0.043126547773108204,-1.3144044191746929,6.718825681256135,-1.0,-1.0,-0.0018501387604070306,-0.004009163802978236,,
2026-04-01,Region,CE,Central,Model,Genesis,gv80,GV80,Mid Luxury SUV,1349.0,19614.0,0.06877740389517692,79929.35007496252,75417.09044185333,105.9830730762388,79814.85447761194,73793.03346067415,108.16041939805461,221.0,6672.0,0.03312350119904077,2.076392935695115,-0.0412224591329069,0.027418126428027323,0.002668302734626246,-0.00037153227503584907,0.0020244239441020717,0.041341509497610174,-0.02606962453175754,-2.771692128446503,0.006142898832257382,0.039198474359057656,-0.41846883025708337,-3.6550278679850976,-0.23793103448275865,-0.2706270627062707,-0.007865898094245448,-0.007668098154755679,0.46355882979547336,0.38121703512633465
2026-04-01,Region,EA,Eastern,Brand,Genesis,brand,Genesis,Luxury Market,4682.0,56711.0,0.08255893918287457,67163.1643806258,69711.03258958374,96.34510046070004,67216.6234462066,69369.93808509887,96.89589655356085,1175.0,25698.0,0.04572340259942408,1.8056166971246899,0.019821389675451995,0.46541471048513294,0.005497706471715713,0.023260498202919117,-0.00176039173561926,0.001592976076272512,-0.2591565391453088,-3.6855902869729533,0.006818615688001239,0.012337391310110801,-0.06733853306712945,-2.700678750206947,-0.20715249662618085,0.043516873889875685,-0.004604304807102895,0.0037789064176397685,0.27442768251909255,0.3918807751825013
2026-04-01,Region,EA,Eastern,Model,Genesis,g70,G70,Near Luxury Car,773.0,6577.0,0.11753078911357762,54044.47279792746,60002.52380170316,90.07033266889587,54027.808538163,59743.02468602706,90.43366790031179,153.0,2320.0,0.06594827586206897,1.7821662140098042,0.048846675712347354,0.49806201550387597,0.009243983353953752,0.05666019810260675,-0.0008352019021705681,0.031454786478828156,0.3992182271631748,-1.8588098075064892,0.007990994787161476,0.04650504635214947,0.7165907520710988,-0.49021013693428017,-0.11560693641618502,0.18604651162790709,0.0028095897306821133,0.022876489551551443,0.0671035100712527,0.3689303994527675
2026-04-01,Region,EA,Eastern,Model,Genesis,g80,G80,Mid Luxury Car,267.0,4385.0,0.06088939566704675,74054.98484848485,78050.66553747421,94.88065776060432,73975.23106060606,76827.02941311325,96.28802730719609,61.0,1159.0,0.05263157894736842,1.1568985176738884,-0.101010101010101,-0.018382352941176516,-0.000550405739655771,-0.004652773007652045,-0.0010619273141546648,0.044112022003991225,1.2171169098155303,5.094879717180504,0.0002023728199644914,0.04614395100468993,1.236447109920249,6.279881705797294,-0.1643835616438356,-0.18666666666666665,-0.004623323013415899,-0.00346415777664056,0.08380609584449505,-0.011499875900408796
2026-04-01,Region,EA,Eastern,Model,Genesis,g90,G90,Premium Luxury Car,87.0,1410.0,0.06170212765957447,105762.13793103448,132438.60323633783,79.85748516412623,104372.91954022988,130878.79556028369,79.74776898993923,6.0,377.0,0.015915119363395226,3.876950354609929,-0.033333333333333326,-0.022471910112359605,-0.002953044754218641,0.016154532981990023,-5.332291990811644e-05,0.04032291328626392,0.16750639449732319,0.21395416194906147,0.018101874387507877,0.04887338904632954,1.6486155355278242,0.8591454555335929,-0.75,-0.7,-0.02589672732650025,-0.020849586518957717,2.3306141477133773,2.638055779379632
2026-04-01,Region,EA,Eastern,Model,Genesis,gv60,GV60,Entry Luxury EV SUV,58.0,460.0,0.12608695652173912,64331.43103448276,51868.57608695652,124.0277560861369,63588.65517241379,51469.76956521739,123.54563797267548,9.0,210.0,0.04285714285714286,2.942028985507246,0.38095238095238093,-0.6741573033707865,0.04191861984839243,-0.2142572117382991,0.03884443534646831,-0.004462513476586882,2.8416636428203077,5.5619194405152825,0.07367280232742135,0.02963584085369786,5.8419435110338185,8.353182491642116,,-0.6896551724137931,0.04285714285714286,-0.09140211640211642,,0.4070517322600651
2026-04-01,Region,EA,Eastern,Model,Genesis,gv70,GV70,Near Luxury SUV,2098.0,22469.0,0.0933730918153901,61723.875478927206,61503.365810148025,100.35853268495885,61838.37164750958,61287.40795571002,100.89898351093215,626.0,7783.0,0.08043171013747911,1.1608989993597143,0.011571841851494735,1.2583423035522068,0.001781500223798499,0.044401030666207174,-0.0013898897804234256,0.014538960916052446,-0.4636287789480491,-1.3696517170505018,0.007227602628210539,0.025592303276641193,-0.27000370923225603,-0.4124197070751592,-0.2213930348258707,0.326271186440678,-0.016646290345496015,0.027230628081572894,0.2174144700542895,0.24039025674202175
2026-04-01,Region,EA,Eastern,Model,Genesis,gv70_ev,GV70 EV,Near Luxury EV SUV,12.0,744.0,0.016129032258064516,76206.33333333333,60290.41094086021,126.39876249655238,76206.33333333333,58766.5933467742,129.67628203943937,0.0,3209.0,0.0,,0.0,-0.8918918918918919,0.0016362786348761097,-0.05002114652620247,-0.00017056040024843178,0.03568546046963994,-1.6975914104846055,13.61809799013227,0.0004244667909434341,0.10192930376132292,-2.8219856961051732,23.17299173988343,-1.0,-1.0,-0.00023391812865497077,-0.015397775876817793,,
2026-04-01,Region,EA,Eastern,Model,Genesis,gv80,GV80,Mid Luxury SUV,1387.0,32428.0,0.042771678796102136,78977.6310469314,76151.55160429789,103.71112522738673,79146.11705202312,75751.31180333436,104.48151347860795,320.0,10640.0,0.03007518796992481,1.4221583199703962,0.03584764749813285,0.260909090909091,0.0044137092762213045,0.0014958814227437889,-0.00023462845635180418,0.05075456113552046,-0.36034379370869374,-1.6615342629971934,0.008531267168893963,0.05227968156129981,-0.15295157794622583,-1.7659958329774241,-0.2137592137592138,-0.12328767123287676,-0.0034558715126917633,-0.004544939128623991,0.27820491939960124,0.22990973995034958
2026-04-01,Region,MA,Mid-Atlantic,Brand,Genesis,brand,Genesis,Luxury Market,2218.0,27468.0,0.08074850735401194,71137.30538922155,70331.57958806974,101.14561027332378,70850.23098201936,70093.59006351988,101.07947234235513,430.0,11734.0,0.03664564513379922,2.2034953146325025,-0.01901813356921711,0.642962962962963,-0.0026155513437242095,0.02221572899813265,0.004723819783877259,0.05369745607385834,0.48108012282928314,0.7640943523770289,0.010497359897934766,0.060358585955100574,0.10688965273928375,0.8548370985366915,-0.2857142857142857,-0.09663865546218486,-0.010488711270835921,-0.0026185633954427176,0.4348478766134225,0.7127539868839212
2026-04-01,Region,MA,Mid-Atlantic,Model,Genesis,g70,G70,Near Luxury Car,222.0,2677.0,0.08292865147553231,54063.20547945205,59821.60405091727,90.37404853510122,53511.4703196347,59493.99293148633,89.9443249358954,34.0,940.0,0.036170212765957444,2.292733305500011,-0.06329113924050633,-0.1777777777777778,-0.003980039393554596,0.011310614340253794,0.0049231901652220245,0.04536091784611873,0.3220696454798997,-1.32870448391364,0.01256530748124729,0.056562805633777025,0.2916299105059039,-0.6541800881354902,-0.43333333333333335,-0.4035087719298246,-0.020487011030076552,-0.006398868638075414,0.7587949116606272,0.6103376612168894
2026-04-01,Region,MA,Mid-Atlantic,Model,Genesis,g80,G80,Mid Luxury Car,151.0,1647.0,0.09168184578020644,75527.6554054054,78728.37550306748,95.93447714726773,75132.35135135135,77398.51779141104,97.07208031274318,21.0,457.0,0.045951859956236324,1.9951715962644925,-0.0679012345679012,0.776470588235294,0.0005169611431777438,0.027579281677642342,0.006796260219644523,0.08771668378636877,0.4764064934606864,7.82637997352613,0.0120527211989232,0.08652820096699343,0.4224145538475881,8.932650247793646,-0.1923076923076923,0.23529411764705888,-0.014654200649824284,0.009234797321247122,0.4909509997535191,0.24931940923583507
2026-04-01,Region,MA,Mid-Atlantic,Model,Genesis,g90,G90,Premium Luxury Car,47.0,520.0,0.09038461538461538,105405.5,132588.05642023345,79.49848790747845,102869.82608695653,132332.38416988417,77.73594251494438,0.0,105.0,0.0,,-0.04081632653061229,0.4242424242424243,-0.01567599067599068,0.0369865571321882,-0.0006301123463321456,0.036049711826291686,0.5347488304724521,1.2078234630140656,0.005291986010787175,0.03214091999270452,0.5837641575205481,0.4405973947083055,-1.0,-1.0,-0.1487603305785124,-0.08387096774193549,,
2026-04-01,Region,MA,Mid-Atlantic,Model,Genesis,gv60,GV60,Entry Luxury EV SUV,30.0,362.0,0.08287292817679558,66254.5,52110.03591160221,127.14345488533534,65714.06666666667,52162.23756906077,125.98015294045581,8.0,85.0,0.09411764705882353,0.880524861878453,0.30434782608695654,-0.23076923076923073,0.018084195782429383,-0.12131555349859709,0.024960248704551713,0.08479144870854038,0.4388815874126806,11.319491966225911,0.030286104328533847,0.06541378576393386,-0.5274028127270753,8.09805041269415,,-0.4666666666666667,0.09411764705882353,-0.016993464052287577,,-0.957171473200081
2026-04-01,Region,MA,Mid-Atlantic,Model,Genesis,gv70,GV70,Near Luxury SUV,860.0,9570.0,0.08986415882967608,62609.35976331361,61369.94781243436,102.01957471866731,62475.568208778175,61431.25621166126,101.69996848757046,198.0,2818.0,0.07026259758694109,1.2789757554647838,-0.04656319290465627,1.5072886297376091,-0.010291293091265516,0.043830069445700774,0.002971575741809618,0.031804915829338753,-0.24304612176618434,0.9516603051122843,0.010987112418600065,0.039151678714026916,-0.7371026394362445,0.6214525537504159,-0.33333333333333337,0.06451612903225801,-0.029804787857802842,0.014657216421021808,0.27809568374305105,0.45110463186587313
2026-04-01,Region,MA,Mid-Atlantic,Model,Genesis,gv70_ev,GV70 EV,Near Luxury EV SUV,5.0,358.0,0.013966480446927373,74807.0,59306.608841807916,126.13602676143094,71781.4,58249.92446927375,123.23003103268222,0.0,2704.0,0.0,,0.0,-0.9,0.0009456471135940395,-0.06213702031410763,0.0,-0.001331255727123004,-0.7246543230057654,9.69640309159027,0.0013671226532223635,0.02778163574170489,-2.7407895872020305,14.164880676838038,,-1.0,0.0,-0.005188067444876783,,
2026-04-01,Region,MA,Mid-Atlantic,Model,Genesis,gv80,GV80,Mid Luxury SUV,903.0,17869.0,0.05053444512843472,81214.03530751709,76453.95382630161,106.22607627596352,80986.68109339407,76069.67818747897,106.46381452251816,169.0,4625.0,0.03654054054054054,1.3829692823610094,0.022650056625141524,0.7037735849056603,0.0018091388708472572,0.009266828527951965,-0.0021719438202996155,0.05040834200125244,-0.18703047227050718,-1.801719656199225,0.0014508539679460863,0.05093314803129423,-0.5756970237110295,-2.5150404141786993,-0.15920398009950254,-0.061111111111111116,-0.0012840736860307844,0.0015483165903072554,0.09477884727235386,0.20363250573388014
2026-04-01,Region,MS,Mountain States,Brand,Genesis,brand,Genesis,Luxury Market,1024.0,19620.0,0.05219164118246687,73149.24158415842,71959.10967831023,101.65390026525985,73184.61188118812,71473.46294087588,102.39410386723213,292.0,10126.0,0.028836658107841202,1.809906022649519,-0.041198501872659166,0.23373493975903625,-0.0032082965704120572,0.00434199284855704,0.0005150673303015996,0.03541185532307156,0.22732173407321454,0.6868551287917057,0.007057515648992929,0.043362476217033485,0.12842957690483559,1.3336680951884006,-0.24352331606217614,-0.22133333333333338,-0.009388733058726437,-0.006990226386283188,0.3606092054770542,0.4743266383534277
2026-04-01,Region,MS,Mountain States,Model,Genesis,g70,G70,Near Luxury Car,66.0,1553.0,0.04249839021249195,55301.88888888889,62564.643706111834,88.39159885359747,55330.53968253968,61766.614576051776,89.58001027304563,27.0,556.0,0.048561151079136694,0.8751520354868713,-0.10810810810810811,-0.13157894736842102,-0.00660579027854985,-0.00012639946782212752,-0.002532514258121399,0.022308554902709332,0.3635387359850739,-1.5332864334578744,0.005057600589696065,0.05889556615615743,0.7963170914043047,2.2694226098764574,-0.15625,0.03846153846153855,-0.015438848920863307,0.008987330683398492,0.1078992153143431,-0.20194361143491146
2026-04-01,Region,MS,Mountain States,Model,Genesis,g80,G80,Mid Luxury Car,38.0,1174.0,0.03236797274275979,74835.42105263157,81005.62695911413,92.38299098703743,74568.3947368421,79109.63804088587,94.259557474278,6.0,291.0,0.020618556701030927,1.56984667802385,-0.15555555555555556,-0.19148936170212771,-0.0033463129715259193,-0.015837155462368413,0.010920927736381092,0.04175280580449403,1.3234751840741694,3.8351111178726853,0.01774260281840223,0.04003729382855381,2.0969726679152956,5.520394865096449,-0.5,-0.4,-0.029381443298969075,-0.010437343920087085,0.8555609637381358,0.01764154981872168
2026-04-01,Region,MS,Mountain States,Model,Genesis,g90,G90,Premium Luxury Car,9.0,267.0,0.033707865168539325,107214.44444444444,140920.376754717,76.08157664172273,105447.33333333333,139715.34397003747,75.47297980094937,-1.0,65.0,-0.015384615384615385,-2.191011235955056,-0.09999999999999998,-0.18181818181818177,-0.008308941554149754,0.005502736963411119,-0.0010040378929574434,0.048132677647430455,0.9673689454985492,4.097158023356101,0.007503519265190217,0.0598273886046754,1.3794059803561964,4.950290875294613,-1.1666666666666667,-2.0,-0.1137452711223203,-0.025384615384615387,-2.618182104302395,-5.011524056467877
2026-04-01,Region,MS,Mountain States,Model,Genesis,gv60,GV60,Entry Luxury EV SUV,21.0,491.0,0.04276985743380855,66173.42857142857,49802.75763747454,132.87101299313545,65058.95238095238,49168.896130346235,132.31729304738056,14.0,96.0,0.14583333333333334,0.29327902240325865,-0.125,-0.4878048780487805,-0.005230142566191448,-0.09435388838558943,0.03958549501880326,0.0312931582887126,5.167866310722914,9.228128943482744,0.05353295693055826,0.013213030768845613,3.736600888086315,8.57036883237123,-0.17647058823529416,-0.43999999999999995,-0.07494588744588743,0.0267857142857143,0.07586725769737629,-0.8585604424796844
2026-04-01,Region,MS,Mountain States,Model,Genesis,gv70,GV70,Near Luxury SUV,384.0,7697.0,0.04988956736390802,63188.265957446805,62846.1655890411,100.54434564972945,63294.42287234042,62503.8817428088,101.26478725398935,129.0,2084.0,0.06190019193857965,0.8059678944680955,-0.030303030303030276,0.620253164556962,-0.007162730575870115,0.009376746851087504,-0.011305147076685618,0.0049006952159103,-1.8758336226173782,-1.5556910283119407,0.0014404634792766213,0.012506521603924181,-1.4938920694435893,-0.6337271752928331,-0.2321428571428571,-0.12244897959183676,-0.023335728913779552,0.0040489522691581625,0.13662218471034127,0.10567485417505518
2026-04-01,Region,MS,Mountain States,Model,Genesis,gv70_ev,GV70 EV,Near Luxury EV SUV,7.0,408.0,0.01715686274509804,66732.14285714286,60036.26867321868,111.15304853532831,66089.14285714286,58710.04325980392,112.56871769738768,2.0,3409.0,0.0005866823115283074,29.24387254901961,-0.2222222222222222,-0.72,-0.0010617607366833343,-0.023296211688558915,-2.9493971456018286e-05,-0.07983587246431623,-2.847130064037998,-5.145786545033815,0.10602862445058725,0.012450171258464149,5.574012035837882,6.609523149673009,-0.5,-0.8571428571428572,-0.0004938147171048639,-0.005403903910123383,12.382536516630946,22.491098623915587
2026-04-01,Region,MS,Mountain States,Model,Genesis,gv80,GV80,Mid Luxury SUV,499.0,13057.0,0.03821704832656812,82605.81451612903,79431.26717521498,103.9965966222236,82702.50806451614,78910.2509483222,104.80578514276613,115.0,3625.0,0.031724137931034485,1.2046678276852993,-0.021568627450980427,0.26972010178117056,-0.000519090212092059,-0.00039185235129807205,-0.00048101225688812477,0.05821117942674903,0.03364581706833292,0.02224007540903017,0.00046925200995984184,0.05858896570817995,-0.43994075681175104,-0.36580363521635206,-0.217687074829932,-0.24342105263157898,-0.009719335426732645,-0.0036246992782678414,0.2699937909735466,0.11244234798250563
2026-04-01,Region,SC,South Central,Brand,Genesis,brand,Genesis,Luxury Market,2635.0,37010.0,0.07119697379086733,73571.1539050536,70700.2245193015,104.06070759360647,73110.93838499808,70176.19804579038,104.18195972556501,631.0,14073.0,0.04483763234562638,1.5878843298872836,-0.06857546836337924,0.24704212020823468,-0.0047758489392129705,0.01124690853523548,0.013310845163832408,0.04057902159276039,1.4434980104916662,-0.6063061968476688,0.019800807806033882,0.04480921066016319,1.7002915329035773,-0.3042756427126534,-0.3081140350877193,-0.08683068017366136,-0.004010787579387012,0.009632822889747018,0.032607355796714366,-0.11500985366921679
2026-04-01,Region,SC,South Central,Model,Genesis,g70,G70,Near Luxury Car,244.0,4513.0,0.05406603146465765,52277.19246861924,60065.502645218956,87.03363855522545,51575.05416666667,59700.650324228285,86.38943443089428,65.0,1775.0,0.036619718309859155,1.476418551534882,-0.12857142857142856,-0.1557093425605537,-0.008004462882493756,0.000980065263335099,0.006466402445934216,-0.0016024190130484728,0.6556314049809515,-5.240235409657146,0.013024817785719067,0.014512941266929591,1.0482514692954936,-3.2265666145721212,-0.23529411764705888,-0.2441860465116279,-0.016240978207553783,-0.004371702090522157,0.3021908467087706,0.18136788769331535
2026-04-01,Region,SC,South Central,Model,Genesis,g80,G80,Mid Luxury Car,115.0,2484.0,0.046296296296296294,75333.46017699115,79170.7138436614,95.1531905165745,74269.18584070797,78107.51375659229,95.08584036121574,30.0,611.0,0.049099836333878884,0.9429012345679012,-0.15441176470588236,-0.3390804597701149,-0.005711351887260109,-0.028253832238408078,0.009516083821631716,0.07958678208456105,1.4453629517191757,5.923172310292287,0.009567753586001704,0.07429069875933259,1.2202451835240993,5.886146480710877,-0.2857142857142857,-0.16666666666666663,-0.01820785597381342,-0.002773362513383365,0.17021617584077742,-0.49425957662889963
2026-04-01,Region,SC,South Central,Model,Genesis,g90,G90,Premium Luxury Car,134.0,989.0,0.13549039433771487,105668.23308270676,136076.842877551,77.65335441959989,103554.4962406015,135105.2564979757,76.64727407712154,8.0,190.0,0.042105263157894736,3.217896865520728,0.22935779816513757,0.9705882352941178,0.018662955966868136,0.06901923109235808,-0.000609138359346284,0.04161883746566519,0.5524334316506128,-0.13516394726788405,0.014486201475443217,0.034613201928278325,1.5991274671454647,-1.279599566446592,-0.5555555555555556,-0.5,-0.045273377618804296,-0.013450292397660817,1.8808717374988155,2.0214159271043055
2026-04-01,Region,SC,South Central,Model,Genesis,gv60,GV60,Entry Luxury EV SUV,7.0,177.0,0.03954802259887006,59435.28571428572,49346.745762711864,120.44418491157549,49694.857142857145,48554.61016949153,102.34838045117715,3.0,26.0,0.11538461538461539,0.3427495291902072,0.0,-0.825,-0.002368145065800596,-0.25895944008769706,0.040289147709372086,0.04240793082600747,4.546191907173622,10.449603790639173,0.05510530913326228,-0.12292526500754475,4.069514438037757,-7.239521564744578,0.5,-0.7272727272727273,0.03205128205128206,-0.051282051282051266,-0.1602444827858407,-1.4482952469291956
2026-04-01,Region,SC,South Central,Model,Genesis,gv70,GV70,Near Luxury SUV,999.0,11965.0,0.08349352277475972,63538.82056451613,61342.8064947324,103.57990479286647,63222.02923387097,61223.96171908984,103.26353842299316,275.0,3566.0,0.07711721817162086,1.082683280781066,-0.07926267281105992,0.8707865168539326,-0.014794365620928299,0.03274271494354892,-0.004016532905594228,0.007990705064999437,-0.5422201153544819,-2.365234811492641,0.007631485603580401,0.025717324343359715,0.05456179848144416,-1.1812401669568828,-0.32432432432432434,0.03383458646616533,-0.02799641819201551,0.01961613732423651,0.14762012631398003,0.20007712654354282
2026-04-01,Region,SC,South Central,Model,Genesis,gv80,GV80,Mid Luxury SUV,1136.0,23698.0,0.047936534728669086,83032.35106382979,76084.10209445673,109.13232696200707,82829.42021276595,75377.43509869395,109.88622802608616,250.0,7905.0,0.031625553447185324,1.5157532281205166,-0.06270627062706269,0.1337325349301397,-0.0016806921104843067,-0.003342892088116993,0.0088273249640618,0.055392315326041386,1.0814905186400807,-0.0012089620479684982,0.011784428638425437,0.05420064742924513,1.110673258477334,-0.42700630382999805,-0.2997198879551821,-0.08424908424908428,-0.00932890336134972,0.0033207322963299604,0.30423119350735095,-0.2959320160109917
2026-04-01,Region,SO,Southern,Brand,Genesis,brand,Genesis,Luxury Market,5643.0,49750.0,0.11342713567839197,69356.05549568965,69432.53135913119,99.88985586159033,69521.25611510791,68991.3761221734,100.76803801100615,1500.0,24734.0,0.06064526562626344,1.8703378492462313,0.044806517311609007,0.22941176470588243,0.0020594222115795924,0.02011169288746735,-0.0011519596964469914,0.03397867715940084,0.12282762534668734,-1.5316450981176786,0.009572033218039122,0.04524252379423488,0.479415647886384,-0.7820349557171653,-0.08424908424908428,0.1278195488721805,0.003227991369392995,0.008738775363608793,-0.06928249860555336,0.07257725478618515
2026-04-01,Region,SO,Southern,Model,Genesis,g70,G70,Near Luxury Car,841.0,6467.0,0.13004484304932734,51566.66142684402,57836.84126358273,89.15884806335929,51738.85333333333,57593.900035730934,89.8339117532149,242.0,2477.0,0.09769882922890594,1.3310788274098504,-0.02436194895591648,-0.11005291005291007,-0.008920173877965898,0.012770085044859728,0.0015340203406399855,0.029732599108856173,0.48400064960100053,-2.5334223773555493,0.012590305398396895,0.06083017933779189,0.9256356432150739,0.10132557906575812,0.01680672268907557,0.23469387755102034,0.006755000417289589,0.03600540776211337,-0.19695247216463052,-0.5698492653462395
2026-04-01,Region,SO,Southern,Model,Genesis,g80,G80,Mid Luxury Car,357.0,3401.0,0.10496912672743311,73440.23796033995,78315.70287356322,93.7746010897783,73513.48441926346,77165.07193044503,95.26782335604761,79.0,1008.0,0.07837301587301587,1.3393529081171212,-0.05053191489361697,-0.19047619047619047,0.005287260343551883,-0.0261637903109255,-0.002127121027780343,0.0528083037818301,-0.06979244799181572,5.792458004009589,0.002783601424008797,0.051356926361509014,0.28396492257627415,5.929015200863958,0.025974025974025983,-0.08139534883720934,0.005248609415276079,0.008511114979433423,-0.02382897892478697,-0.5376775671645004
2026-04-01,Region,SO,Southern,Model,Genesis,g90,G90,Premium Luxury Car,212.0,1312.0,0.16158536585365854,105283.42857142857,133415.67503834356,78.91383717930461,103770.7,132855.0780534351,78.10819241569584,10.0,331.0,0.030211480362537766,5.348475609756098,0.1584699453551912,0.24705882352941178,0.0013401819657425929,0.062111989610241336,0.0005947720425181213,0.04268527789468357,-0.013275678487900677,0.9543758632808164,0.010242286754758911,0.04767109161378236,0.693540899765722,0.7242572699666141,-0.6774193548387097,-0.6666666666666667,-0.050308000156942756,-0.03828167032239374,3.3583338098577866,3.8961643166022064
2026-04-01,Region,SO,Southern,Model,Genesis,gv60,GV60,Entry Luxury EV SUV,34.0,173.0,0.19653179190751446,61911.029411764706,50815.05202312139,121.83600517341698,61911.73529411765,50166.84971098266,123.41164663677053,20.0,67.0,0.29850746268656714,0.6583815028901735,1.2666666666666666,-0.46031746031746035,0.10671143262607734,-0.16763005780346818,-0.05695213584733716,-0.005108162378179126,-10.498399569706791,6.455787908168233,-0.05042185649336717,-0.006344078164549183,-10.837633677449915,7.051196893852492,5.666666666666667,-0.23076923076923073,0.20759837177747623,-0.014745549361625643,-0.3296424492056349,-0.5041351711871941
2026-04-01,Region,SO,Southern,Model,Genesis,gv70,GV70,Near Luxury SUV,2199.0,16825.0,0.13069836552748887,62614.60557586837,61366.35999402128,102.03408770207115,62923.56404391583,61345.20933472181,102.57290622415508,676.0,5502.0,0.12286441294074882,1.0637609572962186,0.08969276511397428,0.9846570397111913,0.0011067909063740555,0.05873629499426811,-0.006343141688886944,0.034404957840084016,-0.20018382237095977,-1.1827579088365212,0.010450692123906924,0.05491956833652045,0.3662219256285226,0.2666599313266289,-0.08648648648648649,0.4024896265560165,-0.0068691073958570825,0.04827450269624248,0.06485509021670666,0.09899145566619239
2026-04-01,Region,SO,Southern,Model,Genesis,gv70_ev,GV70 EV,Near Luxury EV SUV,23.0,588.0,0.0391156462585034,70901.95652173914,60863.98192109777,116.4924710539877,71513.30434782608,60130.10219761499,118.93095427112476,1.0,5299.0,0.0001887148518588413,207.27380952380955,-0.11538461538461542,-0.7415730337078652,0.0022362136343899303,-0.02472940395670463,-0.006408060212566125,-0.04413436335603882,-3.4736925456903833,3.110820574505752,0.04039141041847283,0.026260526860823807,-0.05071216308556359,12.544992404213886,0.0,-0.9333333333333333,5.497137185349156e-05,-0.004230849084499438,-68.4737082066869,192.82780282844848
2026-04-01,Region,SO,Southern,Model,Genesis,gv80,GV80,Mid Luxury SUV,1977.0,29675.0,0.0666217354675653,80061.29694774961,75002.28909702275,106.74513793063376,80254.43597719025,74240.09739549186,108.10119974608709,472.0,10050.0,0.046965174129353235,1.418534833578456,0.029151483602290584,0.11443066516347233,0.0021608113375025384,-0.0036273438497435445,0.0004782615342990848,0.05175475937175689,-0.137044352240153,-1.4949046385481068,0.00727259304183403,0.05273049388364104,0.06060224295038097,-1.8394329203852209,-0.13868613138686137,-0.04646464646464643,-0.0017069992430599479,0.0012925408021710952,0.09414515332229456,-0.11956521014072208
2026-04-01,Region,WE,Western,Brand,Genesis,brand,Genesis,Luxury Market,2422.0,49759.0,0.04867461162804719,70753.05236907731,71346.83426597652,99.16775298720945,70900.1774729842,70960.61733989653,99.9148261822148,709.0,29595.0,0.023956749450920762,2.031770283684142,-0.0887885628291949,0.08221626452189446,-0.006675019790885799,-0.0008397581588949973,0.0035126120632651414,0.03436088256712422,-0.004231006830963224,-0.8301065552848428,0.0147695169283657,0.036652974850030384,0.696202356604843,0.19012263240333027,-0.3123181377303589,-0.20604703247480405,-0.006168308987601911,-0.008667830411712586,0.1944416845749637,0.5140689065193249
2026-04-01,Region,WE,Western,Model,Genesis,g70,G70,Near Luxury Car,311.0,6740.0,0.04614243323442137,52491.166666666664,59458.19551888194,88.2824751215284,52627.297385620914,58940.01451382694,89.28959013621365,93.0,2603.0,0.03572800614675375,1.2914919753677292,-0.06606606606606602,0.023026315789473673,-0.0039327547355034465,0.010949101444655218,-0.026816212955917518,0.03321983053163424,-1.5710512783978317,-2.2114996859733083,0.006989382955817414,0.04369854263227557,1.2153004873287614,0.05660842478005179,-0.363013698630137,-0.211864406779661,-0.01152118479175758,1.3720432468035393e-05,0.2316814902508273,0.30607868525427695
2026-04-01,Region,WE,Western,Model,Genesis,g80,G80,Mid Luxury Car,148.0,5085.0,0.02910521140609636,72260.4693877551,78502.68045742574,92.04841027937132,72296.59183673469,76917.32353861387,93.99259947005373,34.0,1216.0,0.027960526315789474,1.0409393255827404,-0.2210526315789474,-0.19565217391304346,-0.0065487574435940145,-0.016450619245054917,-0.000450565041385631,0.03636877685958262,0.2059306678706605,7.950417687774134,-0.00016759653840991984,0.030486978864940673,0.4681723813499161,8.643457184119995,-0.3584905660377359,-0.30612244897959184,-0.013837580939731028,-0.008389622052163048,0.1879349387637329,-0.2123108727387275
2026-04-01,Region,WE,Western,Model,Genesis,g90,G90,Premium Luxury Car,68.0,1772.0,0.03837471783295711,105244.04411764706,139691.27354875283,75.3404571695858,103771.55882352941,138730.19470288625,74.80098982472666,6.0,504.0,0.011904761904761904,3.2234762979683973,0.11475409836065564,0.0625,0.0007203968453027843,0.00981603867186831,-0.0012048465170961808,0.03383433087969179,-1.2928715708876268,-0.6999574415982437,0.013836416571217036,0.038013043848171835,-0.20332806830455752,0.02767170862081514,-0.7142857142857143,-0.6842105263157895,-0.021062271062271064,-0.019867813346074216,2.08129522800955,2.3246294485825496
2026-04-01,Region,WE,Western,Model,Genesis,gv60,GV60,Entry Luxury EV SUV,58.0,601.0,0.09650582362728785,62319.0,50313.84525790349,123.86053914297217,60630.25862068965,49252.440931780366,123.10102296182379,32.0,161.0,0.19875776397515527,0.485544925124792,-0.06451612903225812,-0.6054421768707483,0.0008268112816088441,-0.16740800043016277,-0.024814397433680968,0.05027699501935201,-3.6048322855522628,11.12952787607557,0.010013422100967562,0.022150568764030876,-2.36445916999466,10.221280346568761,-0.33333333333333337,-0.5555555555555556,-0.12124223602484474,-0.06890022858990047,0.18654801154454514,-0.5004664453120722
2026-04-01,Region,WE,Western,Model,Genesis,gv70,GV70,Near Luxury SUV,776.0,18634.0,0.04164430610711602,62919.72207792208,62433.270078477755,100.77915508643527,63197.21688311688,61906.26463125101,102.08533378577356,291.0,6061.0,0.04801187922785019,0.8673750491932309,-0.05250305250305254,0.6652360515021458,-0.006074624149832064,0.00952188244957139,0.00036711104930797767,0.055682284064184406,0.13135256972573472,2.9489672615434017,0.012275120663332695,0.055710021547039634,0.516783497602475,4.287046675955025,-0.2595419847328244,0.013937282229965264,-0.01744448319719978,0.002964006052524497,0.13835607397003424,0.15430201392418263
2026-04-01,Region,WE,Western,Model,Genesis,gv70_ev,GV70 EV,Near Luxury EV SUV,7.0,763.0,0.009174311926605505,68221.42857142857,58730.38332457293,116.16036659322222,65347.142857142855,57424.18021024967,113.79725860758394,4.0,11345.0,0.00035257822829440284,26.02064220183486,-0.5,-0.9444444444444444,-0.005879451514254711,-0.030373710672264555,0.011332086683792042,-0.0732205271319033,-1.2894450331109653,-4.280923776576202,0.03645715321520826,-0.06328860472921083,-0.244746418572376,-0.15177223607514634,-0.33333333333333337,-0.8974358974358975,-4.346137566599322e-05,-0.005559199852651482,-11.99011048633718,19.330942071456764
2026-04-01,Region,WE,Western,Model,Genesis,gv80,GV80,Mid Luxury SUV,1054.0,29469.0,0.03576639858834708,79857.54761904762,77472.89808737038,103.07804353593167,80154.25428571428,77085.42042860543,103.981082077578,249.0,7705.0,0.03231667748215444,1.1067473940691335,-0.10602205258693809,0.11298838437170011,-0.005470354235968269,-0.010332029099916568,0.014179215138207413,0.0427457878293529,1.0398474545631586,-1.5191303912472165,0.02094083798840729,0.0394829295866479,1.4402068488196562,-1.2349409116076941,-0.3159340659340659,-0.19417475728155342,-0.013613921886930731,-0.0024610377682676154,0.2089417178803996,-0.21876888428110108
2026-04-01,National,NTL,National,Brand,Genesis,brand,Genesis,Luxury Market,22066.0,269938.0,0.08174469693040624,70058.15348304308,70398.84760820893,99.51605155944893,70003.54226190476,69899.61602717912,100.14867926411102,5350.0,135637.0,0.03944351467519924,2.072449618233554,-0.02172370987763783,0.28777356288298805,-0.0015655521212914608,0.014749079894322059,0.0023778958755775736,0.026718706916227575,0.21324155285799407,-1.5946254654034817,0.010830075435605213,0.03425821107496718,0.40726752444192016,-0.9375628886435265,-0.21954777534646241,-0.05477031802120136,-0.006897223261336592,-0.00172371446479843,0.27467399442298723,0.4450479583294651
2026-04-01,National,NTL,National,Model,Genesis,g70,G70,Near Luxury Car,2809.0,31188.0,0.09006669231755804,52978.78106936416,59603.054647832934,88.88601663520677,52874.619408369406,59194.724340307905,89.32319560168152,668.0,11725.0,0.05697228144989339,1.580886178777497,-0.03998632946001368,-0.002485795454545414,-0.00408956974963208,0.020306739881161967,-0.0011987762205686314,0.03127511764948432,0.3737669187412962,-2.1405226977575893,0.010547659657263786,0.053582873357340466,0.981514777906682,0.14341499011892722,-0.1732673267326733,-0.011834319526627168,-0.007124180552327768,0.012218888533640497,0.11190865449655796,0.022122744529327498
2026-04-01,National,NTL,National,Model,Genesis,g80,G80,Mid Luxury Car,1257.0,19873.0,0.06325164796457505,74208.54596774194,78737.70083324902,94.2477938553236,74032.27316680097,77361.29878656006,95.69678163115658,264.0,5217.0,0.05060379528464635,1.2499388160272276,-0.10214285714285709,-0.08913043478260874,-0.002159742961930583,-0.014007337591353738,0.0014896666534989222,0.05898943794766631,0.612398070808851,6.75628810585421,0.004425349447108484,0.05735217375665913,0.8077681412506479,7.5271411173817455,-0.16719242902208198,-0.1565495207667732,-0.00829624187626038,-0.002429074928840605,0.1393895858491414,-0.2068743876503818
2026-04-01,National,NTL,National,Model,Genesis,g90,G90,Premium Luxury Car,628.0,6894.0,0.09109370467072817,105557.77974276527,135450.4258774617,77.93093233849298,103699.7897271268,134406.62350283307,77.15377934848648,29.0,1729.0,0.0167727009832273,5.431069495713413,0.1036906854130053,0.2362204724409449,0.001880785260254661,0.034200435547646076,-0.0002645340492717363,0.0413998356649643,-0.14996797779113535,0.5169281429638914,0.012241853526120838,0.04327952849372574,0.7423906391144328,0.550911008228212,-0.7803030303030303,-0.7456140350877193,-0.044451788812691066,-0.03143025884763951,3.973925145342346,4.250783693291579
2026-04-01,National,NTL,National,Model,Genesis,gv60,GV60,Entry Luxury EV SUV,213.0,2401.0,0.08871303623490212,63640.06103286385,50693.11536859642,125.53985007654089,62428.90140845071,50049.95918367347,124.7331714684301,87.0,690.0,0.12608695652173912,0.7035861494492237,0.2102272727272727,-0.6106032906764168,0.018171954070573468,-0.18602327717544442,0.005371670755602187,0.02462673506132651,-0.4431216981930959,8.94682361826412,0.03219946240894789,0.020551244754819065,0.6860692948452822,9.106885911094452,0.22535211267605626,-0.5245901639344263,-0.008128544423440465,-0.04606732381692502,0.17800541050654972,-0.8922865344589643
2026-04-01,National,NTL,National,Model,Genesis,gv70,GV70,Near Luxury SUV,8792.0,96156.0,0.0914347518615583,62657.30559063253,61781.64219621775,101.41735208597026,62716.83069692802,61534.98017379623,101.92061575350122,2499.0,30949.0,0.0807457429965427,1.1323786055875822,-0.018421346432957453,1.001365809241976,-0.006317076142370537,0.03762138978203262,-0.0028076275316810673,0.023246696363333763,-0.4410999955543531,-0.7602271153866127,0.008890709870276181,0.03676186379715074,-0.13383626663771508,0.456123756951726,-0.21808510638297873,0.1489655172413793,-0.018905042735560068,0.02050477914112102,0.15143472957318738,0.23907679506745572
2026-04-01,National,NTL,National,Model,Genesis,gv70_ev,GV70 EV,Near Luxury EV SUV,62.0,3744.0,0.01655982905982906,71409.70967741935,59763.26445427729,119.48763229299888,70478.54838709677,58535.03303022198,120.40404649760474,7.0,34105.0,0.00020524849728778771,80.68185286935287,-0.19480519480519476,-0.8564814814814815,-0.0008965300424153277,-0.03071011294695505,0.006672273511006521,-0.03176083089601678,-1.5994210039927452,3.05086351314732,0.043345965050191726,0.01658140055494295,1.0484154544882358,10.791465181878294,-0.5882352941176471,-0.9426229508196722,-0.0002283586036661479,-0.00584483828674395,40.42338140096501,72.86875138929712
2026-04-01,National,NTL,National,Model,Genesis,gv80,GV80,Mid Luxury SUV,8305.0,165810.0,0.050087449490380555,80516.52645051194,76375.45843291798,105.42198777272303,80563.2225472273,75716.00990633875,106.40183317489206,1796.0,51222.0,0.03506305884190387,1.4284962905324459,-0.017276062004496495,0.1765122538603201,0.0004626740966589618,-0.002593227544754821,0.003174709823807964,0.04959022624212439,0.13547199000321086,-1.506285696027902,0.008574735937235456,0.04902512476365928,0.13920284955159445,-1.8927420965569723,-0.22385479688850474,-0.13529128550794411,-0.006276825034826815,-0.001514790162199471,0.2280871277564882,-0.011738126456524833
2026-05-01,Region,CE,Central,Brand,Genesis,brand,Genesis,Luxury Market,3240.0,29285.0,0.1106368448010927,70936.01353478125,70744.373810556,100.27089040994048,70252.43306351182,69648.05915950562,100.86775412165052,787.0,15042.0,0.05232017019013429,2.114611714737022,-0.058686809994189404,0.153435386258455,-0.006841567431406695,0.017059657779972037,0.007838922484872723,0.024505553126023427,0.4990460577147928,-2.066293078788391,0.002051079781923759,0.02358886087924361,-0.40007728194788683,-2.91252528687734,0.2838499184339316,-0.039072039072039044,0.010058880979517258,-0.0010627003612931618,-0.6651996546469969,0.3616676325904611
2026-05-01,Region,CE,Central,Model,Genesis,g70,G70,Near Luxury Car,351.0,2841.0,0.1235480464625132,54663.26956521739,60771.31909957627,89.9491246448829,54397.19373219373,60033.05103132699,90.61207584436728,64.0,1223.0,0.05233033524121014,2.3609259503695883,-0.0028409090909090606,-0.09302325581395354,-0.00873305086931693,0.026555565259505684,0.01619518722664748,0.054667819402045126,1.1140684909387772,-1.485847877892823,0.021039632986310952,0.08753679304222062,1.3830060916915983,1.1952168958597156,0.18518518518518512,-0.17948717948717952,0.001096938656769915,-0.0025992422235785947,-0.22100509755168884,0.595165395135349
2026-05-01,Region,CE,Central,Model,Genesis,g80,G80,Mid Luxury Car,154.0,1683.0,0.0915032679738562,75160.23684210527,79164.20636525878,94.94219710271653,74965.94117647059,77317.53328180737,96.9585267331723,38.0,511.0,0.07436399217221135,1.2304781561747506,-0.149171270718232,-0.13966480446927376,-0.015155541690256943,-0.020511750799610637,-0.006237910088257248,0.06916182812526572,0.2409705889920275,7.361148184396313,-0.005751266368279051,0.06873886239207083,0.4445639006451785,8.638836675379409,0.1515151515151516,-0.11627906976744184,0.004890307961685034,0.004445292985219479,-0.3047622859602115,-0.37159711232948456
2026-05-01,Region,CE,Central,Model,Genesis,g90,G90,Premium Luxury Car,59.0,620.0,0.09516129032258064,106101.5090909091,136051.08968903436,77.98651913293776,102915.17543859649,133870.14833063207,76.87686666665738,19.0,187.0,0.10160427807486631,0.9365874363327673,-0.16901408450704225,-0.09230769230769231,-0.018620760959470642,0.02601235415236787,-0.00014420432600559252,0.0470175932448158,-1.471667920022341,0.24718130357153711,-0.002542597085556375,0.043512086093825175,-1.4468613246293245,0.2567071547601216,,0.5833333333333333,0.10160427807486631,0.04418801013228258,,-0.26775653529843835
2026-05-01,Region,CE,Central,Model,Genesis,gv60,GV60,Entry Luxury EV SUV,10.0,142.0,0.07042253521126761,62430.444444444445,49885.5390070922,125.14737875352763,61349.11111111111,48565.89361702128,126.32138841075415,5.0,32.0,0.15625,0.4507042253521127,1.0,-0.6774193548387097,0.03392618484630411,-0.1295774647887324,0.0027086342579951683,-0.04584702750194969,-0.7800082831892752,0.9766074187422049,0.015256558488745409,-0.05370763083168828,0.8026764255861991,2.7298074577219325,4.0,-0.2857142857142857,0.13402777777777777,-0.03819444444444445,-1.1916315410712448,-0.577867203219316
2026-05-01,Region,CE,Central,Model,Genesis,gv70,GV70,Near Luxury SUV,1269.0,9105.0,0.13937397034596374,63311.70483870968,61534.43947831902,102.88824498192895,62451.10680379747,61143.83188668867,102.13803236854935,404.0,3298.0,0.12249848392965433,1.137760777725219,-0.1402439024390244,0.46705202312138727,-0.02469895095239108,0.043188047961887244,0.0015624354048160427,0.010288440765198859,0.9482031998488054,-0.24660840011260632,-0.009584601587629527,0.01070415003755354,-0.5005193421692553,-0.45167438835144935,0.32894736842105265,0.06036745406824151,0.02552878695995736,0.020463133099445446,-0.5542412231640652,0.19508824706342986
2026-05-01,Region,CE,Central,Model,Genesis,gv70_ev,GV70 EV,Near Luxury EV SUV,6.0,537.0,0.0111731843575419,69771.66666666667,59884.35357009346,116.51067851137493,66321.66666666667,58206.566249999996,113.94189855112211,1.0,2841.0,0.00035198873636043646,31.743016759776538,-0.25,-0.7931034482758621,-0.003478830294472752,-0.026342986405718125,-0.00940184440133851,-0.05364881205166239,-1.9795445993764957,2.0817751687223875,-0.0016063667571776241,-0.07961553670437382,-0.9889343300336293,0.8474157851338049,,-0.9473684210526316,0.00035198873636043646,-0.008787020402648702,,27.637957864154558
2026-05-01,Region,CE,Central,Model,Genesis,gv80,GV80,Mid Luxury SUV,1391.0,19808.0,0.07022415185783522,80115.27737226278,76120.38287038913,105.24812717859785,79688.9030612245,74794.17231999998,106.54426754036778,256.0,6950.0,0.03683453237410072,1.9064759977029484,0.031134173461823567,0.11013567438148453,0.0014467479626582985,-0.0010014052135608742,0.002326145491310383,0.036051965722474044,-0.7349458976409409,-4.5954923951129985,-0.0015780448039627304,0.03023123322661525,-1.6161518576868303,-6.634091731686951,0.158371040723982,-0.08243727598566308,0.0037110311750599492,-0.0016535349455295764,-0.16991693799216656,0.055887957521764786
2026-05-01,Region,EA,Eastern,Brand,Genesis,brand,Genesis,Luxury Market,4215.0,55631.0,0.07576710826697346,67522.59114707282,69938.78293739301,96.54527618462693,67474.79071428571,69719.3968433192,96.7805141314148,1417.0,27972.0,0.05065780065780066,1.4956651746251104,-0.09974369927381466,0.2977216748768472,-0.0067918309159011175,0.014553387950350764,0.0053515460410720195,0.015270280109515255,0.20017572392688976,-2.693677661026044,0.003840824707383783,0.02247466380433516,-0.11538242214604111,-2.27272049972548,0.20595744680851058,0.13998390989541432,0.004934398058376574,0.004263354554486232,-0.30995152249957947,0.17624603164606367
2026-05-01,Region,EA,Eastern,Model,Genesis,g70,G70,Near Luxury Car,680.0,6625.0,0.10264150943396226,54604.61356932153,59965.95319389913,91.05936062211539,54719.79646017699,59820.50382361825,91.47331259783304,183.0,2434.0,0.07518488085456039,1.3651881637282195,-0.12031047865459255,0.3076923076923077,-0.014889279679615355,0.03881433378648466,0.010364441401592428,0.032040269433351476,0.9890279532195194,-2.586420152222786,0.012807995377513759,0.047661020225570505,1.039644697521254,-1.1261246637696303,0.196078431372549,0.30714285714285716,0.009236604992491418,0.024661604059179658,-0.41697805028158474,0.10186599430564502
2026-05-01,Region,EA,Eastern,Model,Genesis,g80,G80,Mid Luxury Car,204.0,4275.0,0.047719298245614036,73685.52736318408,76977.68692091058,95.72322878302518,73612.54228855722,75844.8154539057,97.05678871787204,56.0,1202.0,0.04658901830282862,1.0242606516290726,-0.2359550561797753,-0.17741935483870963,-0.013170097421432714,-0.013758143499552053,-0.004988961729675112,0.034215616684493355,0.8425710224208558,5.312590987241748,-0.004902840678546849,0.03672141874126145,0.7687614106759497,6.240427803987856,-0.08196721311475408,-0.01754385964912286,-0.006042560644539799,0.002810216459510649,-0.13263786604481576,-0.3800135440236687
2026-05-01,Region,EA,Eastern,Model,Genesis,g90,G90,Premium Luxury Car,76.0,1397.0,0.05440229062276306,105931.53947368421,135547.43450359712,78.15089961800275,104053.98684210527,134079.77289511493,77.60602855697138,26.0,451.0,0.057649667405764965,0.9436705027256208,-0.12643678160919536,-0.08433734939759041,-0.007299837036811405,0.010088355758908284,0.0016017219958261997,0.04252187459761614,-1.7065855461234776,-0.8861000181247931,-0.0030557035247220643,0.047893301851539505,-2.1417404329678504,-0.48881262875244147,3.333333333333333,0.7333333333333334,0.04173454804236974,0.023403092063299213,-2.933279851884308,-0.35029639529893875
2026-05-01,Region,EA,Eastern,Model,Genesis,gv60,GV60,Entry Luxury EV SUV,57.0,436.0,0.13073394495412843,64178.52631578947,52046.48853211009,123.31000251091776,61740.84210526316,50710.720183486235,121.7510654194354,14.0,65.0,0.2153846153846154,0.6069790301441677,-0.017241379310344862,-0.6346153846153846,0.00464698843238931,-0.12210235974603362,-0.002376827566781925,-0.012166351500079498,-0.7177535752191488,0.49155622608013516,-0.029058848030996787,0.00026756358488633225,-1.794572553240073,2.902657816681682,0.5555555555555556,-0.46153846153846156,0.17252747252747253,0.009035409035409059,-2.3350499553630786,-0.6183046003258484
2026-05-01,Region,EA,Eastern,Model,Genesis,gv70,GV70,Near Luxury SUV,1885.0,21634.0,0.0871313672922252,61715.42834394905,61475.80149990745,100.38979051626022,61775.73779193206,61389.52865204922,100.62911240461192,761.0,8227.0,0.0925003038774766,0.9419576330001798,-0.1015252621544328,0.7583955223880596,-0.0062417245231648905,0.032981748663139986,-0.00013685360668969082,0.02967957626937401,0.031257831301374495,1.044580805364518,-0.0010128639210382762,0.034334108676648656,-0.26987110632023814,1.5323929108284773,0.2156549520766773,0.26622296173044924,0.012068593739997482,0.014941909245911239,-0.21894136635953454,0.2437789395612756
2026-05-01,Region,EA,Eastern,Model,Genesis,gv70_ev,GV70 EV,Near Luxury EV SUV,10.0,690.0,0.014492753623188406,76213.8,60778.03715942029,125.39694199089028,76213.8,59193.881956521735,128.75283303091948,0.0,4320.0,0.0,,-0.16666666666666663,-0.8947368421052632,-0.0016362786348761097,-0.0372219986903663,9.797960799429184e-05,0.033371321894899,-1.0018205056620957,9.998248311373828,9.797960799429184e-05,0.09327170002033935,-0.9234490085198956,19.03760652035497,,-1.0,0.0,-0.005261773217574322,,
2026-05-01,Region,EA,Eastern,Model,Genesis,gv80,GV80,Mid Luxury SUV,1303.0,32667.0,0.03988734808828481,79594.31404320987,76161.00880217284,104.50795662378238,79538.6545595054,75902.51892864822,104.79053354510582,377.0,11273.0,0.0334427392885656,1.1927057692287393,-0.06056236481614996,0.21322160148975788,-0.002884330707817323,-0.0012148333124040525,0.007808324814301049,0.05529482315135148,0.7968313963956462,-1.4702165094538486,0.004959655913685079,0.053932977537384685,0.3090200664978653,-2.173413888428101,0.1781250000000001,-0.01822916666666663,0.0033675513186407907,-0.0027665959306706067,-0.22945255074165694,0.05757911882690214
2026-05-01,Region,MA,Mid-Atlantic,Brand,Genesis,brand,Genesis,Luxury Market,2012.0,26226.0,0.07671776100053382,71142.73007063572,70240.2910867566,101.28478821758367,70782.33433433433,70227.47656512765,100.79008643958909,555.0,12845.0,0.043207473725184894,1.7755669190123549,-0.0928764652840397,0.41889985895627646,-0.0040307463534781235,0.011936363951787876,7.625649277098745e-05,0.049704689915871736,0.1391779442598846,0.5836019135668948,-0.0009583122982657066,0.0542085163593391,-0.2893859027660426,0.03870990167433774,0.2906976744186047,0.0,0.006561828591385675,-0.0009980220932141529,-0.4279283956201476,0.31010666685558874
2026-05-01,Region,MA,Mid-Atlantic,Model,Genesis,g70,G70,Near Luxury Car,229.0,2755.0,0.08312159709618874,54803.70616113744,59860.70958653495,91.55204898116504,54788.09502262443,59840.155579446066,91.55740738321724,58.0,1036.0,0.055984555984555984,1.4847236998560611,0.03153153153153143,0.01777777777777767,0.00019294562065642895,0.020673637062883166,0.013696943699848418,0.0641114317929059,1.1780004460638196,-0.6670093223462317,0.02385702906992071,0.08907103523724791,1.613082447321844,0.886815598634243,0.7058823529411764,-0.033333333333333326,0.01981434321859854,0.010112996351528458,-0.8080096056439501,0.12335817112999958
2026-05-01,Region,MA,Mid-Atlantic,Model,Genesis,g80,G80,Mid Luxury Car,114.0,1410.0,0.08085106382978724,75449.58558558559,77972.18945907473,96.76473895245282,75333.18421052632,76516.0764964539,98.45406045358011,23.0,410.0,0.05609756097560976,1.4412580943570767,-0.2450331125827815,0.07547169811320753,-0.0108307819504192,-0.0022210364836923874,-0.001033658722765285,0.07084870914496633,0.8302618051850885,7.0322932291574745,0.00267305435758014,0.07526017316801203,1.38198014083693,8.912768756049104,0.09523809523809534,-0.1785714285714286,0.010145701019373433,0.00032066854533087386,-0.5539135019074157,-0.04810598983459369
2026-05-01,Region,MA,Mid-Atlantic,Model,Genesis,g90,G90,Premium Luxury Car,43.0,491.0,0.08757637474541752,105651.34146341463,137435.68644957984,76.87329557026972,102802.32558139534,137416.28360488798,74.81087603633794,4.0,108.0,0.037037037037037035,2.364562118126273,-0.08510638297872342,0.2647058823529411,-0.002808240639197865,0.03072018745444762,0.002332339995679833,0.03836493340832581,-2.6251923372087305,-1.3769409998206612,-0.0006561740029007446,0.03539373658055922,-2.925066478606439,-1.820426642652393,,-0.5555555555555556,0.037037037037037035,-0.02818035426731079,,1.4927672463314012
2026-05-01,Region,MA,Mid-Atlantic,Model,Genesis,gv60,GV60,Entry Luxury EV SUV,31.0,346.0,0.08959537572254335,65045.0,52129.84104046243,124.77498243187239,64028.903225806454,51862.384393063585,123.45923538827903,17.0,72.0,0.2361111111111111,0.37946276776606597,0.03333333333333344,0.0,0.006722447545747773,-0.017671060263615826,-0.018255363786610745,0.060605741823600345,-2.3684724534629567,2.7186448832284498,-0.02564387697094095,0.03523909017274529,-2.5209175521767833,-0.05051333170931116,1.125,0.1333333333333333,0.14199346405228758,-0.001984126984126977,-0.5010620941123871,-0.07105626337580262
2026-05-01,Region,MA,Mid-Atlantic,Model,Genesis,gv70,GV70,Near Luxury SUV,784.0,9067.0,0.0864674092864233,62716.22094508301,61596.96190919158,101.81706857156605,62641.70753512133,61956.88611846459,101.1053192946904,248.0,3029.0,0.08187520633872565,1.0560878335829684,-0.08837209302325577,0.7940503432494279,-0.0033967495432527806,0.02734944391845793,0.0017067924376383825,0.037042630049020975,-0.20250614710126058,2.1245404023201075,0.00265926875267386,0.04042680448178593,-0.5946491928800555,1.4260528687173206,0.2525252525252526,0.04641350210970474,0.011612608751784562,0.007533926539478472,-0.2228879218818154,0.26086389437168744
2026-05-01,Region,MA,Mid-Atlantic,Model,Genesis,gv70_ev,GV70 EV,Near Luxury EV SUV,4.0,284.0,0.014084507042253521,74357.5,60174.33677419355,123.57011973231928,74602.5,59923.318127208484,124.4966105542249,0.0,2961.0,0.0,,-0.19999999999999996,-0.9069767441860466,0.000118026595326148,-0.04990358819584171,-0.006008795968291736,-0.006116319645737445,-2.5659070291116564,5.01402140632301,0.03930126745925833,0.06609426698588394,1.2665795215426812,13.115408832792397,,-1.0,0.0,-0.0070191857744501636,,
2026-05-01,Region,MA,Mid-Atlantic,Model,Genesis,gv80,GV80,Mid Luxury SUV,807.0,17150.0,0.04705539358600583,81540.66666666667,76195.60977012168,107.01491452417109,81015.8216957606,75993.16562606,106.60935233888745,205.0,5229.0,0.03920443679479824,1.200256844201095,-0.10631229235880402,0.4889298892988929,-0.0034790515424288904,0.001528304127794991,0.004021858511435772,0.051224604358826475,0.7888382482075684,-1.0351294746204758,0.0003598196885352678,0.049241953747082734,0.1455378163692842,-2.590937103445796,0.21301775147928992,0.0732984293193717,0.002663896254257704,0.002607387551648216,-0.18271243815991434,-0.04375299811514766
2026-05-01,Region,MS,Mountain States,Brand,Genesis,brand,Genesis,Luxury Market,1011.0,19270.0,0.05246497145822522,72965.7358490566,72446.42798339947,100.7168163843442,72121.86350148368,71857.5718449588,100.36779931430904,373.0,10373.0,0.03595873903403066,1.459032570874451,-0.0126953125,0.12583518930957682,0.0002733302757583489,-0.001063879280925946,-0.0025086484989826907,0.04706159246177144,-0.937083880915651,0.3666580002036284,-0.014521473194799017,0.038769049421006896,-2.0263045529230936,-0.39725425850973295,0.2773972602739727,-0.043589743589743546,0.007122080926189454,-0.001920048844757223,-0.350873451775068,0.04587091136086019
2026-05-01,Region,MS,Mountain States,Model,Genesis,g70,G70,Near Luxury Car,66.0,1647.0,0.04007285974499089,55866.8,62374.636798780484,89.56653355790327,56039.21212121212,61835.18978088862,90.62673264169739,30.0,599.0,0.05008347245409015,0.800121432908318,0.0,-0.17500000000000004,-0.002425530467501061,-0.004694907462619628,0.01021504188122968,0.03796899802710496,1.174934704305798,-0.8926731241170245,0.012807979874016384,0.07447903132957845,1.046722368651757,2.7800234183973487,0.11111111111111116,0.034482758620689724,0.0015223213749534573,0.006408773658909427,-0.07503060257855321,-0.22490606453490203
2026-05-01,Region,MS,Mountain States,Model,Genesis,g80,G80,Mid Luxury Car,28.0,1149.0,0.024369016536118365,73979.07142857143,79391.22914035087,93.18292742109885,73901.32142857143,76974.95859649121,96.00696483120956,21.0,290.0,0.07241379310344828,0.33652451407020595,-0.26315789473684215,-0.36363636363636365,-0.007998956206641428,-0.021369029201927375,-0.011443105577743307,0.04782172426288667,0.7999364340614221,6.849996362122724,-0.00894579145259633,0.0516283981346648,1.7474073569315607,8.60909259112033,2.5,0.5,0.05179523640241736,0.02397088652905382,-1.233322163953644,-0.6076394300937382
2026-05-01,Region,MS,Mountain States,Model,Genesis,g90,G90,Premium Luxury Car,9.0,291.0,0.030927835051546393,106987.0,140129.47894736842,76.34867467121855,103862.22222222222,139847.1580756014,74.26838246228378,7.0,52.0,0.1346153846153846,0.2297496318114875,0.0,0.0,-0.002780030116992932,0.0049162743579047735,-0.0021213974070657393,0.057458956711397224,0.26709802949581274,4.542447473849833,-0.015032254121594146,0.05584421452130295,-1.204597338665593,4.15355995226048,-8.0,0.3999999999999999,0.15,0.06318681318681318,2.4207608677665435,-0.1344122178994952
2026-05-01,Region,MS,Mountain States,Model,Genesis,gv60,GV60,Entry Luxury EV SUV,36.0,448.0,0.08035714285714286,66219.83333333333,50374.18080357143,131.45590117197196,63109.944444444445,49496.908482142855,127.50280043694609,22.0,89.0,0.24719101123595505,0.3250811688311689,0.7142857142857142,0.43999999999999995,0.03758728542333431,0.016905366207396674,0.000701259748913774,0.018957917229592613,-1.4151118211634923,2.938426516024009,-0.029957567178388156,-0.029788867905977123,-4.8144926104344705,-0.8576650666144445,0.5714285714285714,0.1578947368421053,0.1013576779026217,0.10748512888301387,0.03180214642791024,-0.12909996929333012
2026-05-01,Region,MS,Mountain States,Model,Genesis,gv70,GV70,Near Luxury SUV,361.0,7404.0,0.048757428417071855,63059.68802228412,63237.0342440678,99.71955322714979,62410.31024930748,62944.32086609918,99.15161430063294,154.0,2238.0,0.06881143878462913,0.7085657454377066,-0.05989583333333337,0.0906344410876132,-0.0011321389468361628,-0.0028243075966417203,-0.002034838798223637,0.007072154614133019,-0.8247924225796623,-1.3025866504704595,-0.013968254751546283,-0.0045241749375593,-2.113172953356411,-1.7682094713443206,0.193798449612403,-0.08333333333333337,0.006911246846049476,-0.006289142350820134,-0.09740214903038891,0.0217303676836752
2026-05-01,Region,MS,Mountain States,Model,Genesis,gv70_ev,GV70 EV,Near Luxury EV SUV,4.0,346.0,0.011560693641618497,66839.5,60135.64861271677,111.14788239910258,59920.25,59148.94884393064,101.30399807797855,3.0,3096.0,0.0009689922480620155,11.93063583815029,-0.4285714285714286,-0.9024390243902439,-0.005596169103479544,-0.04864488638775008,0.0016087770939257062,-0.09720360443936515,-0.005166136225724927,-7.478697426602835,-0.09334200127965686,-0.16059815912665287,-11.264719619409135,-14.472772882830924,0.5,-0.8695652173913043,0.00038230993653370806,-0.00650825092488987,-17.31323671086932,3.878793917700822
2026-05-01,Region,MS,Mountain States,Model,Genesis,gv80,GV80,Mid Luxury SUV,507.0,13056.0,0.038832720588235295,82057.62252964427,79910.71009245704,102.68663916852101,81204.84812623274,79216.4010088632,102.51014574260581,136.0,4009.0,0.03392367173858818,1.1447086532223183,0.01603206412825653,0.3777173913043479,0.0006156722616671717,-0.0013200344581367693,-0.0066362397089823055,0.04601122955102421,-1.3099574537025944,-1.8012291128560776,-0.018109002657030304,0.034246291859688416,-2.2956394001603115,-3.1912923635869106,0.18260869565217397,0.030303030303030276,0.002199533807553694,-0.0005951567132946659,-0.059959174462981046,-0.018504492969551256
2026-05-01,Region,SC,South Central,Brand,Genesis,brand,Genesis,Luxury Market,2768.0,37944.0,0.07294960995150748,73046.6780399274,70777.91991623763,103.20546029944752,72343.93519188993,70338.90432011631,102.85052900831182,773.0,15531.0,0.04977142489215118,1.465692615985592,0.05047438330170784,0.36220472440944884,0.0017526361606401558,0.0120711870382113,-0.007128824781014731,0.03099684569513883,-0.8552472941589429,-1.324944427936316,-0.0104909499187269,0.03290327204650478,-1.331430717253184,-1.7362238445686557,0.2250396196513471,-0.039751552795031064,0.004933792546524804,0.00493461972338656,-0.12219171390169148,0.1079147215938907
2026-05-01,Region,SC,South Central,Model,Genesis,g70,G70,Near Luxury Car,252.0,4527.0,0.055666003976143144,53115.55952380953,60394.66656937583,87.94743400527804,52887.93253968254,60133.294383713226,87.95116429544386,77.0,1693.0,0.045481393975191964,1.223929152358576,0.032786885245901676,0.024390243902439046,0.001599972511485491,0.008862351008106617,0.01603695637812863,0.017165023813162206,0.9137954500525893,-4.025260806930376,0.025455685781216042,0.04231927534229185,1.5617298645495765,-1.4315438843978114,0.18461538461538463,-0.2376237623762376,0.008861675665332809,-0.002227628226036192,-0.252489399176306,0.2429060500483451
2026-05-01,Region,SC,South Central,Model,Genesis,g80,G80,Mid Luxury Car,87.0,2456.0,0.035423452768729644,75611.42528735632,77661.32250000001,97.36046574194808,75229.24137931035,76458.0323877551,98.39285557047431,20.0,580.0,0.034482758620689655,1.0272801302931598,-0.24347826086956526,-0.53475935828877,-0.01087284352756665,-0.04877285520065351,0.0036897961372290844,0.08050206185634479,2.2072752253735786,7.982055542509912,0.012926700727021512,0.09214523291613075,3.307015209258566,9.246533552870503,-0.33333333333333337,-0.4285714285714286,-0.014617077713189229,-0.021161120552601283,0.08437889572525858,-0.4858478043566117
2026-05-01,Region,SC,South Central,Model,Genesis,g90,G90,Premium Luxury Car,129.0,1006.0,0.12823061630218688,105756.55813953489,136981.63104522612,77.20491961773918,103605.10852713179,136184.5128528827,76.0770122510584,26.0,215.0,0.12093023255813953,1.0603685578834685,-0.03731343283582089,0.8970588235294117,-0.007259778035527992,0.06641243448400505,0.0008358714274987467,0.04248345205277526,-0.4484348018607136,0.01910050311819589,0.0004887502558332812,0.040458498070866655,-0.5702618260631311,-0.706412301640043,2.25,1.1666666666666665,0.0788249694002448,0.0711377014378076,-2.15752830763726,-0.18114659363168317
2026-05-01,Region,SC,South Central,Model,Genesis,gv60,GV60,Entry Luxury EV SUV,13.0,181.0,0.0718232044198895,59122.3,49800.988764044945,118.71712081886376,54241.63636363636,48887.72471910113,110.95144369122866,1.0,30.0,0.03333333333333333,2.154696132596685,0.8571428571428572,-0.6904761904761905,0.03227518182101944,-0.16546493117333083,-0.005265991582681817,0.0295072981957456,-1.7270640927117284,7.1520113646168255,0.09149395897665324,-0.006593327135749338,8.603063240051512,3.5584280418663354,-0.6666666666666667,-0.8571428571428572,-0.08205128205128207,-0.13333333333333333,1.811946603406478,0.7309673190373629
2026-05-01,Region,SC,South Central,Model,Genesis,gv70,GV70,Near Luxury SUV,1079.0,12687.0,0.08504768660833925,62307.81488372093,61391.756033189726,101.49215287152882,61713.742354031514,61285.11438722398,100.69939979894514,357.0,3917.0,0.09114117947408731,0.9331422645514421,0.08008008008008005,0.944144144144144,0.001554163833579536,0.032371149022917836,-0.019374071943077054,-0.004003955187567465,-2.087751921337656,-2.301422803487071,-0.023856983050322578,0.00405778452595551,-2.5641386240480273,-1.4210905999805021,0.2981818181818181,0.022922636103151817,0.014023961302466456,0.008654769641896348,-0.1495410162296239,0.29453358110182026
2026-05-01,Region,SC,South Central,Model,Genesis,gv80,GV80,Mid Luxury SUV,1208.0,24399.0,0.04951022582892742,83249.22046589019,76204.9152562086,109.2438987511474,82550.16694352159,75648.55498086025,109.12325683472407,292.0,9096.0,0.03210202286719437,1.5422774456846704,0.06338028169014076,0.30594594594594593,0.0015736911002583315,-0.002243816581412199,0.00261186633019328,0.050007158365918736,0.11157178914032784,-0.8683927444453587,-0.0033714261011007496,0.043221258022354325,-0.7629711913620838,-2.8228864434353653,0.16799999999999993,-0.006802721088435382,0.00047646942000904857,-0.0026251210024016564,0.026524217564153796,0.05197226525631926
2026-05-01,Region,SO,Southern,Brand,Genesis,brand,Genesis,Luxury Market,5761.0,52080.0,0.11061827956989247,69308.41257022473,69872.10616930889,99.19324945248071,69479.44235169864,69824.85999518109,99.50530850544307,1770.0,27766.0,0.06374702874018584,1.7352695765749346,0.020910863016126102,0.17763695829926407,-0.0028088561084994995,0.009401694284781159,-0.0006869324549156897,0.020173528266490548,-0.69660640910962,-3.2061949099166753,-0.000601452933186919,0.03156516112256047,-1.2627295055630867,-3.3354589348244446,0.17999999999999994,0.0993788819875776,0.0031017631139223997,-6.336323793630638e-05,-0.13506827267129662,0.14906109003540435
2026-05-01,Region,SO,Southern,Model,Genesis,g70,G70,Near Luxury Car,757.0,6786.0,0.11155319776009431,52489.0067114094,58294.78628322505,90.04065381832213,53034.79380053908,58441.99254875886,90.74775086816473,261.0,2638.0,0.09893858984078847,1.127499370464095,-0.0998810939357907,-0.08574879227053145,-0.018491645289233027,0.005657303144414566,0.017886464995874984,0.04319287517934112,0.8818057549628406,-1.9642828026787669,0.02504772301110947,0.08622910801525596,0.9138391149498233,0.9848628182157455,0.07851239669421495,0.1809954751131222,0.0012397606118825372,0.025516662930489473,-0.2035794569457554,-0.314793130862584
2026-05-01,Region,SO,Southern,Model,Genesis,g80,G80,Mid Luxury Car,297.0,3455.0,0.08596237337192475,73430.39393939394,77794.7545752392,94.38990371564927,73737.56565656565,77443.51494056248,95.21464219845764,80.0,1011.0,0.0791295746785361,1.0863494934876992,-0.16806722689075626,-0.3203661327231121,-0.01900675335550836,-0.054281529067099654,-0.00013404124522753413,0.054354468915602805,0.6153026258709673,6.182749863699158,0.0030481650961367013,0.06005261662024308,-0.053181157589975214,5.442498940572534,0.012658227848101333,0.25,0.0007565588055202244,0.01892261324862076,-0.253003414629422,-1.2430140735854718
2026-05-01,Region,SO,Southern,Model,Genesis,g90,G90,Premium Luxury Car,199.0,1390.0,0.14316546762589927,105159.92424242424,136730.53781818182,76.91034199123916,103525.10606060606,136282.6393088553,75.96353180832422,53.0,417.0,0.12709832134292565,1.1264150943396227,-0.061320754716981174,0.1179775280898876,-0.018419898227759274,0.04476856325884565,-0.0011730652266945807,0.03731305237643756,-2.0034951880654432,-0.9974877321216127,-0.002366698301099812,0.04523356968544001,-2.1446606073716197,-1.0306927359175688,4.3,0.35897435897435903,0.09688684098038788,0.029841463487564057,-4.222060515416475,0.11469307764248171
2026-05-01,Region,SO,Southern,Model,Genesis,gv60,GV60,Entry Luxury EV SUV,52.0,175.0,0.29714285714285715,59000.34,51152.42196531792,115.34222180135103,58216.56,49360.173410404626,117.94237332992945,15.0,45.0,0.3333333333333333,0.8914285714285715,0.5294117647058822,-0.0714285714285714,0.10061106523534269,0.0504468219005664,-0.04701406905070138,-0.05307831174924149,-6.493783372065948,-3.778584498287273,-0.059684569921411024,-0.06151922586996794,-5.469273306841075,-1.8874270467931922,-0.25,-0.2857142857142857,0.03482587064676618,-0.041666666666666685,0.23304706853839796,0.23357247744912946
2026-05-01,Region,SO,Southern,Model,Genesis,gv70,GV70,Near Luxury SUV,2375.0,17492.0,0.13577635490509948,62041.92242833052,61421.0565315393,101.01083558611926,62369.31110173069,61883.886544227025,100.7844118794264,831.0,5974.0,0.13910277870773352,0.9760865754549509,0.0800363801728059,0.7527675276752768,0.005077989377610614,0.050556229118935966,-0.009146159147228716,0.03120446008510358,-1.023252115951891,-0.9448425257189541,-0.008808352651453744,0.04638912231414816,-1.7884943447286759,-0.6165914808759965,0.22928994082840237,0.2571860816944025,0.016238365766984703,0.031166789158419347,-0.08767438184126763,0.1865433828460774
2026-05-01,Region,SO,Southern,Model,Genesis,gv70_ev,GV70 EV,Near Luxury EV SUV,18.0,673.0,0.02674591381872214,71316.66666666667,59835.62213751869,119.18764127288823,69407.72222222222,59752.33552083333,116.15901138796897,0.0,6775.0,0.0,,-0.21739130434782605,-0.775,-0.012369732439781265,-0.02838847625708765,0.0058490648956970315,-0.04699957984685832,2.695170218900529,1.8446434489919454,-0.029443222415828307,-0.017350578909759662,-2.7719428831557877,4.8146130385509025,-1.0,-1.0,-0.0001887148518588413,-0.006662072134160349,,
2026-05-01,Region,SO,Southern,Model,Genesis,gv80,GV80,Mid Luxury SUV,2063.0,31488.0,0.06551702235772358,80182.91617063493,75781.91363978804,105.80745763661506,80244.04683607374,75420.58971457761,106.395411570965,530.0,10906.0,0.048597102512378504,1.3481672562893083,0.04350025290844717,0.05362614913176711,-0.0011047131098417123,-0.01515870899785944,0.0015190763517693995,0.03826648206359762,-0.9376802940187048,-3.7232902014409035,-0.00012945254664131767,0.03953689705987773,-1.7057881751220947,-5.1385484318321915,0.12288135593220328,-0.07826086956521738,0.001631928383025269,-0.007643116579953264,-0.07036757728914766,-0.08631740002283217
2026-05-01,Region,WE,Western,Brand,Genesis,brand,Genesis,Luxury Market,3114.0,50724.0,0.06139105748757984,69643.22930978083,71399.13351644223,97.54072056594771,69323.5014720314,71125.3141200443,97.46670693788174,922.0,33608.0,0.027433944298976436,2.2377772885494394,0.2857142857142858,0.22695035460992918,0.012716445859532653,0.006843258312889337,-0.015685868271904102,0.01196634073665992,-1.6270324212617453,-3.0868018560728956,-0.022237969736444874,0.006430730089503456,-2.448119244333057,-3.1485623113995445,0.3004231311706629,0.04772727272727262,0.0034771948480556737,-0.00401034927638267,0.20600700486529755,0.5030333025234295
2026-05-01,Region,WE,Western,Model,Genesis,g70,G70,Near Luxury Car,359.0,7602.0,0.04722441462772955,53087.34482758621,59195.33315671544,89.68163873162305,53349.52011494253,58898.8214619035,90.57824722256908,128.0,2981.0,0.04293861120429386,1.0998123437911076,0.15434083601286175,0.49583333333333335,0.0010819813933081804,0.02186515849924265,0.011357685469356005,0.03645320613803116,1.3991636100946465,-2.3581184323257816,0.013723348247005829,0.05904412943466997,1.2886570863554283,0.6647786049029065,0.3763440860215055,0.11304347826086958,0.0072106050575401134,0.009361968868527436,-0.1916796315766216,0.34454754170356305
2026-05-01,Region,WE,Western,Model,Genesis,g80,G80,Mid Luxury Car,134.0,5079.0,0.026383146288639497,72764.70895522388,77734.223377549,93.60704435395387,72970.35074626865,76321.09856153541,95.60967035535376,40.0,1217.0,0.03286770747740345,0.8027072258318566,-0.09459459459459463,-0.216374269005848,-0.002722065117456863,-0.016635721635888806,0.006978083200137819,0.03921941159037412,1.5586340745825424,9.251675656336573,0.009319373049500035,0.03502129052002445,1.6170708853000235,9.535522340975845,0.17647058823529416,0.05263157894736836,0.004907181161613979,0.002271894272894596,-0.23823209975088377,-0.6033305100172
2026-05-01,Region,WE,Western,Model,Genesis,g90,G90,Premium Luxury Car,98.0,1824.0,0.0537280701754386,104431.18556701031,139556.28227071822,74.83087387239902,103053.61855670103,138388.6220385675,74.46682902007726,16.0,489.0,0.032719836400818,1.642064144736842,0.4411764705882353,0.5076923076923077,0.015353352342481488,0.02609201575366989,-0.007723558681649423,0.02408121013927933,-0.5095832971867793,-2.2904010547170373,-0.006918468556970314,0.03334672969536179,-0.33416080464940023,-1.196509989562557,1.6666666666666665,-0.40740740740740744,0.020815074496056095,-0.015494449313467717,-1.5814121532315553,1.0688719048779356
2026-05-01,Region,WE,Western,Model,Genesis,gv60,GV60,Entry Luxury EV SUV,150.0,640.0,0.234375,61110.59333333333,51968.1359375,117.59242895844599,58204.94,50133.342723004695,116.10025751044024,51.0,173.0,0.2947976878612717,0.7950367647058822,1.5862068965517242,0.3157894736842106,0.13786917637271215,0.08535539215686275,-0.01939066202388784,0.022291020545142093,-6.268110184526179,1.4664532633230607,-0.04000178583869718,-0.024367401215805384,-7.000765451383543,0.018565532985888922,0.59375,-0.037735849056603765,0.09603992388611643,0.05388859695218079,0.3094918395810902,0.17646480762116157
2026-05-01,Region,WE,Western,Model,Genesis,gv70,GV70,Near Luxury SUV,1193.0,18450.0,0.06466124661246613,62132.32525951557,62570.70584348488,99.29938366834813,61965.31574394464,62243.23328804348,99.55349757810184,397.0,6626.0,0.059915484455176575,1.079207607189422,0.5373711340206186,0.5433376455368693,0.0230169405053501,0.019292071826693145,-0.012514308588829515,0.036372119961610716,-1.4797714180871395,1.8155982769756633,-0.019492965037537058,0.024345404298529827,-2.5318362076717165,1.8214005420351356,0.36426116838487976,0.25632911392405067,0.011903605227326385,0.007588940325353753,0.21183255799619116,0.21216821943219744
2026-05-01,Region,WE,Western,Model,Genesis,gv70_ev,GV70 EV,Near Luxury EV SUV,8.0,866.0,0.009237875288683603,67853.25,57941.0554050926,117.10737667031896,66616.375,56962.14870520231,116.94849389330703,8.0,13148.0,0.000608457560085184,15.182448036951502,0.1428571428571428,-0.9455782312925171,6.356336207809753e-05,-0.03397200125452627,-0.005396817087215955,-0.08596166885208434,0.9470100770967349,-5.142000113625983,0.019422917167654097,-0.06264971835289268,3.1512352857230894,-0.49073252656033617,1.0,-0.8297872340425532,0.0002558793317907812,-0.004574032240333826,-10.838194164883358,6.844780582262771
2026-05-01,Region,WE,Western,Model,Genesis,gv80,GV80,Mid Luxury SUV,1172.0,29727.0,0.03942543815386686,79905.73625429554,77858.24139644651,102.62977280391345,79627.5824742268,77595.13177463457,102.61930182101531,282.0,8974.0,0.03142411410742144,1.2546236950099332,0.11195445920303615,0.1400778210116731,0.0036590395655197797,-0.014102289000520019,0.0006034324454564644,0.030652459457177983,-0.44827073201821577,-2.118380435983738,-0.006570728106459978,0.02089485958335513,-1.3617802565626818,-2.840086674253186,0.1325301204819278,-0.007042253521126751,-0.0008925633747330006,-0.0067941606873571855,0.14787630094079973,-0.14595567289235167
2026-05-01,National,NTL,National,Brand,Genesis,brand,Genesis,Luxury Market,22121.0,271548.0,0.08146257751852343,70053.88087401718,70591.50793496854,99.23839697340559,69788.41517266548,70263.06939223112,99.32446130852045,6597.0,147101.0,0.04484673795555435,1.816466062687936,0.002492522432701927,0.24031398934679005,-0.00028211941188281686,0.010117155266432268,-6.0986606318813585e-05,0.02396096086972732,-0.27765458604334015,-2.102909154016956,-0.003073088622207454,0.027536241163736763,-0.8242179555905693,-2.2174766876787118,0.23308411214953262,0.046810536337670516,0.005403223280355106,-0.0014384055562997045,-0.2559835555456178,0.27503361074320054
2026-05-01,National,NTL,National,Model,Genesis,g70,G70,Near Luxury Car,2694.0,32783.0,0.08217673794344629,53721.44742813918,59680.691533700985,90.0147871071556,53892.17569601204,59486.17487760902,90.5961356683188,801.0,12604.0,0.06355125357029515,1.2930781586007454,-0.040939836240655,0.0665083135391924,-0.007889954374111746,0.019130763800781686,0.01401818508815178,0.04172555428285607,1.128770471948826,-1.9508236943955097,0.01924470188208227,0.07183814819683376,1.2729400666372754,0.7669092490624081,0.19910179640718573,0.0766129032258065,0.0065789721204017534,0.012990601174780368,-0.28780802017675167,0.04614064581941513
2026-05-01,National,NTL,National,Model,Genesis,g80,G80,Mid Luxury Car,1018.0,19507.0,0.05218639462756959,74078.17524752475,77808.05991609616,95.20630038508413,74108.63708086785,76571.64512700534,96.78339411142045,278.0,5221.0,0.053246504501053435,0.9800905264407944,-0.19013524264120918,-0.2580174927113703,-0.011065253337005462,-0.027664612240082598,-0.0017568154518734502,0.05516396407852353,0.9585065297605411,7.471863076316026,0.001031494925123111,0.05893684712288505,1.0866124802638666,8.246465048005916,0.05303030303030298,-0.0035842293906810374,0.0026427092164070867,0.0037959550505039866,-0.26984828958643314,-0.634674279105061
2026-05-01,National,NTL,National,Model,Genesis,g90,G90,Premium Luxury Car,613.0,7019.0,0.08733437811654082,105413.31239669422,137394.48592768653,76.72310259392458,103429.81773399014,136391.57242822455,75.83299751780457,151.0,1919.0,0.07868681605002606,1.1098984874545816,-0.023885350318471388,0.2211155378486056,-0.003759326554187342,0.03166793322853905,-0.0013686091771075715,0.03836079579935414,-1.2078297445684,-0.8064204532092418,-0.002603399619681479,0.042669860888300715,-1.3207818306819092,-0.5901460225524318,4.206896551724138,0.26890756302521,0.06191411506679876,0.02083557638060457,-4.3211710082588315,0.14766422581912242
2026-05-01,National,NTL,National,Model,Genesis,gv60,GV60,Entry Luxury EV SUV,349.0,2368.0,0.14738175675675674,62181.30612244898,51356.57917019475,121.0775856319816,59786.19476744186,50128.41846675138,119.26607021742804,125.0,506.0,0.24703557312252963,0.5966013513513513,0.6384976525821595,-0.23296703296703292,0.05866872052185462,-0.026017633487145697,-0.022921959638938283,-0.003969572889382822,-4.462264444559281,0.2839068260585833,-0.04233146157287837,-0.019738489512987067,-5.467101251002063,0.43754409446590614,0.4367816091954022,-0.15540540540540537,0.12094861660079051,0.02906797371163125,-0.10698479809787242,-0.19892693226763358
2026-05-01,National,NTL,National,Model,Genesis,gv70,GV70,Near Luxury SUV,8946.0,95839.0,0.09334404574338213,62294.83808772128,61819.32560594771,100.769197135544,62148.853304856115,61780.63596126727,100.59600769376944,3152.0,33309.0,0.09462907922783632,0.9864203108078412,0.01751592356687892,0.6603563474387528,0.0019092938818238286,0.03074601848744822,-0.005784920042355646,0.022687519572425652,-0.6481549504262603,0.09891392486647987,-0.009056219610595218,0.026623385575758274,-1.324608059731787,0.4537941502536995,0.26130452180872354,0.16181349060081085,0.01388333623129362,0.013162500643967484,-0.14595829477974098,0.21803125674329604
2026-05-01,National,NTL,National,Model,Genesis,gv70_ev,GV70 EV,Near Luxury EV SUV,50.0,3798.0,0.013164823591363875,71441.64,59539.88632302406,119.98954719598369,69608.58,58661.505158144435,118.66142849956466,12.0,37105.0,0.0003234065489826169,40.70673161312972,-0.19354838709677424,-0.8873873873873874,-0.0033950054684651846,-0.03277413140087617,0.0004471425906209525,-0.03774897956020096,0.501914902984808,1.2252124048039974,-0.012343733050779515,-0.01353715199899086,-1.7426179980400747,5.130336424949178,0.7142857142857142,-0.925,0.00011815805169482918,-0.0056594674741262336,-39.97512125622315,33.02832240464549
2026-05-01,National,NTL,National,Model,Genesis,gv80,GV80,Mid Luxury SUV,8451.0,168295.0,0.05021539558513325,80726.74937163375,76686.154608337,105.26900166520731,80422.56886227545,76209.95637223261,105.52764060048423,2078.0,56437.0,0.03681981678685969,1.363814379517885,0.01757977122215526,0.18228875209848905,0.00012794609475269558,-0.006451799594825523,0.0026109288414351006,0.04335533299811045,-0.15298610751571573,-2.4502015107678545,-0.001745879577612408,0.039087006898017584,-0.8741925744078287,-3.7838793785077485,0.15701559020044553,-0.028517999064983646,0.0017567579449558196,-0.003524971775515355,-0.06468191101456089,-0.04075848352608613
2026-06-01,Region,CE,Central,Brand,Genesis,brand,Genesis,Luxury Market,3060.0,28364.0,0.107883232266253,70195.71007853403,71177.92540317438,98.6200562617177,69365.52407468064,70284.61185217851,98.69233427733671,806.0,15715.0,0.051288577791918546,2.1034553288637294,-0.05555555555555558,-0.03164556962025311,-0.002753612534839703,0.0033167200227056798,-0.010436214545440081,0.024564263822444588,-1.6508341482227706,-2.80132014989411,-0.012624601741969221,0.019635226648047732,-2.175419844313808,-4.256653389365923,0.02414231257941557,0.04134366925064592,-0.001031592398215743,-0.004020840530219512,-0.011156385873292596,0.21288197959215172
2026-06-01,Region,CE,Central,Model,Genesis,g70,G70,Near Luxury Car,331.0,2894.0,0.11437456807187284,55076.32727272727,60882.65127033576,90.46308944098573,54836.166666666664,60320.097756653995,90.90861703820367,80.0,1082.0,0.07393715341959335,1.54691603317208,-0.056980056980056926,-0.08563535911602205,-0.009173478390640366,0.02806078647912129,0.007556403244724841,0.05777689315370815,0.513964796102826,-2.2522993760216963,0.008069771698776762,0.08313749780901936,0.29654119383639,-0.31985831264522346,0.25,0.1428571428571428,0.02160681817838321,0.026703685133493485,-0.8140099171975084,-0.2804700285487456
2026-06-01,Region,CE,Central,Model,Genesis,g80,G80,Mid Luxury Car,118.0,1655.0,0.07129909365558912,75302.82203389831,78443.02477602907,95.99683623738798,74887.80508474576,76682.905968523,97.65905991549917,33.0,446.0,0.07399103139013453,0.963618053648265,-0.23376623376623373,-0.23376623376623373,-0.020204174318267085,-0.02697786869284738,0.001897082789834581,0.07710247733205455,1.0546391346714472,8.690560489708702,-0.0010422878776495947,0.07981730236641837,0.7005331823268648,10.160946017119286,-0.13157894736842102,-0.02941176470588236,-0.0003729607820768116,-0.010376214267433709,-0.2668601025264856,-0.2012530000699675
2026-06-01,Region,CE,Central,Model,Genesis,g90,G90,Premium Luxury Car,60.0,612.0,0.09803921568627451,106014.4,136633.0255280528,77.5906114867036,103464.7627118644,134306.58672667757,77.03625356991743,17.0,170.0,0.1,0.9803921568627451,0.016949152542372836,-0.032258064516129004,0.00287792536369387,0.028454479434871588,-0.0008209976621017523,0.045632975408054666,-0.3959076462341642,0.3166101230368099,0.005340196632087846,0.06211406823184018,0.15938690326005656,1.5726775338675338,-0.10526315789473684,0.8888888888888888,-0.0016042780748663082,0.05161290322580646,0.04380472052997775,-0.45769239233291537
2026-06-01,Region,CE,Central,Model,Genesis,gv60,GV60,Entry Luxury EV SUV,5.0,127.0,0.03937007874015748,64071.5,49150.46031746032,130.35788390620445,61663.5,47473.87301587302,129.88933929907645,12.0,38.0,0.3157894736842105,0.12467191601049869,-0.5,-0.8148148148148149,-0.03105245647111013,-0.1521192829619702,0.026286142444747362,-0.01866344533310338,5.2105051526768165,6.064129539675434,0.005124587515530354,-0.04382959881279458,3.567950888322301,6.596004408567481,1.4,2.0,0.1595394736842105,0.21052631578947367,-0.326032309341614,-1.6944770201597141
2026-06-01,Region,CE,Central,Model,Genesis,gv70,GV70,Near Luxury SUV,1303.0,7727.0,0.16862948104050732,62441.6267281106,61792.44643053916,101.05058196441725,61809.21401077752,61417.31691260373,100.6380889265017,374.0,3375.0,0.11081481481481481,1.5217232580527065,0.026792750197005555,0.060211554109031784,0.029255510694543574,0.0384801640861496,-0.013742768620994439,0.0031402429759397332,-1.8376630175117015,-0.8461150586065429,-0.010278325331152027,-0.0008728275829226195,-1.4999434420476518,-1.4263642202410125,-0.07425742574257421,-0.09002433090024331,-0.01168366911483952,-0.004634623387432382,0.3839624803274875,0.3943958411244499
2026-06-01,Region,CE,Central,Model,Genesis,gv70_ev,GV70 EV,Near Luxury EV SUV,2.0,430.0,0.004651162790697674,71330.5,60280.03255813954,118.33188698297796,66069.5,58699.70676744186,112.5550767429827,2.0,3271.0,0.0006114338122898196,7.6069767441860465,-0.6666666666666667,-0.9770114942528736,-0.0065220215668442254,-0.1032892838594264,0.02234192485010622,0.016764251075705783,1.821208471603029,9.218909194495922,-0.003802176262156731,-0.047789308688703125,-1.386821808139402,3.336509248371783,1.0,-0.8666666666666667,0.00025944507592938314,-0.005921667233006348,-24.136040015590492,-8.915107623059612
2026-06-01,Region,CE,Central,Model,Genesis,gv80,GV80,Mid Luxury SUV,1241.0,20841.0,0.05954608703996929,80159.96774193548,75711.10111612936,105.87610873467848,79022.45447219984,74710.1782171138,105.77200638252289,288.0,7333.0,0.039274512477839904,1.5161508898058846,-0.10783608914450038,0.0016142050040355294,-0.010678064817865929,-0.01071989152295251,0.00055782581223629,0.0320670673719039,0.627981556080627,-4.301723895093502,-0.00836312916131654,0.01861665917257338,-0.7722611578448948,-7.492949788413853,0.125,0.24675324675324672,0.0024399801037391852,0.0009597007345989034,-0.39032510789706376,-0.3177607325138363
2026-06-01,Region,EA,Eastern,Brand,Genesis,brand,Genesis,Luxury Market,3959.0,54256.0,0.07296888823355942,68024.67004048583,70692.6849823739,96.22589672106344,67870.02074373893,70452.66755843772,96.33421003887953,1441.0,28665.0,0.05027036455607884,1.4515289252012358,-0.060735468564650064,0.04211634640694917,-0.0027982200334140395,0.0025152700443231146,0.007435717215286131,0.042670406128584526,-0.319379463563493,-1.401927819610151,0.005857447281708117,0.04579032624437129,-0.4463040925352715,-1.285083265961859,0.016937191249117856,0.2900626678603402,-0.0003874361017218164,0.008578814839745603,-0.04413624942387462,-0.23834872791068795
2026-06-01,Region,EA,Eastern,Model,Genesis,g70,G70,Near Luxury Car,651.0,7333.0,0.08877676258011728,55097.88,59994.45339879978,91.8382898394775,55233.21725731895,59952.16710777626,92.12880855170084,169.0,2480.0,0.06814516129032258,1.302759592891662,-0.04264705882352937,-0.0933147632311978,-0.013864746853844978,0.007710938937800477,0.009033420409655601,0.048038861516704445,0.778929217362105,-1.7917648653644846,0.009382724906800588,0.0560792571273625,0.6554959538677991,-0.9335913628743953,-0.07650273224043713,0.1901408450704225,-0.007039719564237809,0.01951502430402121,-0.062428570836557506,-0.3642277665137259
2026-06-01,Region,EA,Eastern,Model,Genesis,g80,G80,Mid Luxury Car,170.0,4034.0,0.0421417947446703,74110.39411764705,76677.01301638529,96.65268794679082,74248.33529411764,75691.5173951873,98.09333707298433,50.0,1097.0,0.04557885141294439,0.9245909766980664,-0.16666666666666663,-0.20560747663551404,-0.005577503500943735,-0.012730000127124573,0.00576594576529077,0.03400620139217758,0.9294591637656424,5.755473945561931,0.008637020075575652,0.038738044581795306,1.0365483551122878,6.5716897973234865,-0.1071428571428571,0.06382978723404253,-0.0010101668898842286,-0.001704850800335285,-0.0996696749310062,-0.23588911059053164
2026-06-01,Region,EA,Eastern,Model,Genesis,g90,G90,Premium Luxury Car,76.0,1375.0,0.05527272727272727,105738.80263157895,135898.25404099558,77.80732973926315,103333.30263157895,133718.8457425018,77.2765439738873,23.0,420.0,0.05476190476190476,1.0093280632411068,0.0,0.05555555555555558,0.0008704366499642097,0.016934069125762417,-0.0018194471926196165,0.04034415472428754,-0.34356987873960065,-1.4417788921945913,-0.006926060522985167,0.0503980557286714,-0.32948458308408135,-0.11642703647282815,-0.11538461538461542,-0.07999999999999996,-0.0028877626438602033,-0.0037861046057767397,0.06565756051548599,0.35450378209094713
2026-06-01,Region,EA,Eastern,Model,Genesis,gv60,GV60,Entry Luxury EV SUV,50.0,398.0,0.12562814070351758,64386.9,52011.115577889446,123.79449908852109,61661.56,49581.253768844224,124.36466469257938,15.0,73.0,0.2054794520547945,0.6113902847571189,-0.1228070175438597,-0.6453900709219857,-0.005105804250610857,-0.1266079952535486,0.0032467820028341254,-0.012644418333112917,0.48449657760333764,0.07161188917534389,-0.0012841111743826517,0.003226394043422509,2.6135992731439757,5.2688135181148255,0.0714285714285714,-0.4444444444444444,-0.009905163329820887,-0.035591976516634066,0.004411254612951221,-0.43492257550922964
2026-06-01,Region,EA,Eastern,Model,Genesis,gv70,GV70,Near Luxury SUV,1688.0,17562.0,0.09611661541965608,61647.90284360189,62038.03098099641,99.37114680910163,61692.132701421804,61982.53928208641,99.53147033982756,725.0,8152.0,0.08893523061825319,1.0807484812428088,-0.10450928381962865,0.20227920227920237,0.008985248127430873,0.030287658180346247,-0.0010941429421963411,0.03676245842275483,-1.0186437071585885,0.9086617865391986,-0.0013533645003455108,0.03701245978262335,-1.0976420647843526,1.1109557580406602,-0.047306176084099816,0.3351749539594844,-0.0035650732592234086,0.012980551642172614,0.138790848242629,0.21406116024128763
2026-06-01,Region,EA,Eastern,Model,Genesis,gv70_ev,GV70 EV,Near Luxury EV SUV,7.0,630.0,0.011111111111111112,76230.57142857143,61031.96151033386,124.90270596278339,76230.57142857143,59701.136857142854,127.68696785620917,0.0,4587.0,0.0,,-0.30000000000000004,-0.9239130434782609,-0.0033816425120772944,-0.038351254480286735,0.00022005763485655194,0.04314617681015953,-0.49423602810689715,9.221599411365816,0.00022005763485655194,0.09458237499985511,-1.0658651747103107,16.571522985972308,,-1.0,0.0,-0.005365012454493198,,
2026-06-01,Region,EA,Eastern,Model,Genesis,gv80,GV80,Mid Luxury SUV,1317.0,35810.0,0.0367774364702597,79763.79786422578,75997.84696485981,104.95533893362436,79371.87661843108,75738.90181503214,104.79670911029488,459.0,11856.0,0.03871457489878542,0.9499635877808259,0.01074443591711427,0.13730569948186533,-0.00310991161802511,-0.006871263115115343,0.002129345833973728,0.049089658559274385,0.44738230984198424,-1.4636442214199832,-0.002096816220967801,0.04422878209878456,0.006175565189067811,-2.4537243577701844,0.2175066312997347,0.5049180327868852,0.005271835610219822,0.00812586764775744,-0.24274218144791337,-0.4769911124348285
2026-06-01,Region,MA,Mid-Atlantic,Brand,Genesis,brand,Genesis,Luxury Market,2144.0,26466.0,0.08100959721907353,70768.81410256411,70931.75838296254,99.77028021846198,70889.11440677966,70935.37038470266,99.93479137745788,570.0,12988.0,0.043886664613489376,1.8458818397918015,0.0656063618290259,0.3630006357279085,0.004291836218539707,0.008853633916321227,-0.005255856328543529,0.04270399675734504,-1.5145079991216903,-1.069165722980756,0.001508569524437453,0.05366870620951292,-0.855295062131205,-0.9445365521853262,0.027027027027026973,-0.032258064516129004,0.0006791908883044817,-0.005621614784678229,0.07031492077944668,0.3884293857801817
2026-06-01,Region,MA,Mid-Atlantic,Model,Genesis,g70,G70,Near Luxury Car,245.0,3298.0,0.0742874469375379,55145.125560538116,59603.986060513445,92.519190754376,55519.966386554624,59842.17611804077,92.77731858721107,50.0,991.0,0.050454086781029264,1.472377198302001,0.06986899563318771,0.1342592592592593,-0.008834150158650841,0.01576672084704752,0.006229859681329053,0.07088936438317628,0.9671417732109546,0.017316383811163405,0.013358218854442105,0.10013930632262702,1.2199112039938314,1.8612246804411825,-0.13793103448275867,-0.180327868852459,-0.0055304692035267194,0.002835039161981648,-0.01234650155406003,0.2434419504017029
2026-06-01,Region,MA,Mid-Atlantic,Model,Genesis,g80,G80,Mid Luxury Car,100.0,1480.0,0.06756756756756757,75119.18,77756.4759214092,96.60826202556453,74925.52,76586.35840785908,97.83141744510907,21.0,399.0,0.05263157894736842,1.283783783783784,-0.1228070175438597,-0.09909909909909909,-0.013283496262219668,-0.020737921692575628,-0.004379157062576633,0.06077563239599715,-0.1564769268882884,6.191256840328478,-0.005411482533209444,0.06403527332077075,-0.6226430084710444,7.534402556845478,-0.08695652173913049,-0.1923076923076923,-0.0034659820282413392,-0.022730739893211296,-0.15747431057329275,0.11203786860111475
2026-06-01,Region,MA,Mid-Atlantic,Model,Genesis,g90,G90,Premium Luxury Car,60.0,491.0,0.12219959266802444,105511.83636363636,136016.7103164557,77.57270126453811,102763.5,134677.25918367348,76.3035278731435,7.0,107.0,0.06542056074766354,1.867908059354088,0.39534883720930236,0.6216216216216217,0.03462321792260692,0.05905966092741011,-0.0013204290437388577,0.041654556205025894,0.6994056942683926,-0.42021209305384843,-0.0003776722090260698,0.05055963081966186,1.4926518368055497,0.5511140651994708,0.75,-0.5882352941176471,0.02838352371062651,-0.08113116339026748,-0.49665405877218505,1.4370708780651902
2026-06-01,Region,MA,Mid-Atlantic,Model,Genesis,gv60,GV60,Entry Luxury EV SUV,20.0,305.0,0.06557377049180328,62395.1,51331.11475409836,121.55414956192487,60891.9,50420.311475409835,120.76859150244876,13.0,59.0,0.22033898305084745,0.29760403530895335,-0.3548387096774194,-0.23076923076923073,-0.024021605230740067,-0.02226406734603456,-0.04073948804673688,0.017552401101682324,-3.2208328699475146,-1.35453761039264,-0.048993549284194304,-0.019039145135716362,-2.6906438858302693,-3.8765156262240055,-0.23529411764705888,-0.1333333333333333,-0.01577212806026365,-0.0035416139640779276,-0.08185873245711262,-0.09473830703338898
2026-06-01,Region,MA,Mid-Atlantic,Model,Genesis,gv70,GV70,Near Luxury SUV,877.0,7845.0,0.11179094964945825,62266.53575615475,62040.44053835283,100.36443199925725,62384.855835240276,62292.56174234694,100.1481623011028,316.0,2972.0,0.1063257065948856,1.051400956829715,0.11862244897959173,0.639252336448598,0.025323540363034955,0.04041002903571575,-0.007170157610772221,0.020572714167854667,-1.4526365723088048,0.03227811307405659,-0.004100330434591681,0.026505105779114357,-0.9571569935876028,-0.13000583625776585,0.27419354838709675,0.20152091254752857,0.024450500256159954,0.012195427425236355,-0.004686876753253522,0.29308045418790296
2026-06-01,Region,MA,Mid-Atlantic,Model,Genesis,gv70_ev,GV70 EV,Near Luxury EV SUV,4.0,204.0,0.0196078431372549,74357.5,60385.3031443299,123.13840641368392,74602.5,62226.680882352935,119.8882841606883,0.0,3239.0,0.0,,0.0,-0.9402985074626866,0.00552333609500138,-0.07707325354384179,0.0,0.03284132963729336,-0.4317133186353601,9.281123887526249,0.0,0.08787941575724711,-4.608326393536601,10.568332475623606,,-1.0,0.0,-0.007581227436823105,,
2026-06-01,Region,MA,Mid-Atlantic,Model,Genesis,gv80,GV80,Mid Luxury SUV,838.0,18803.0,0.04456735627293517,81821.5213454075,76463.54504403054,107.00722978288756,81709.8466183575,76401.13430761042,106.94847315927647,163.0,5221.0,0.031220072782991763,1.4275224975521137,0.038413878562577386,0.44234079173838214,-0.002488037313070658,-0.003869492414017725,0.003444351024120884,0.05710766273366086,-0.007684741283526364,-0.537831911422316,0.008566535623167004,0.06038337334294264,0.33912082038902724,-1.5777494174281799,-0.20487804878048776,-0.12365591397849462,-0.00798436401180648,-0.009893985572445904,0.22726565335101867,0.2494133391662272
2026-06-01,Region,MS,Mountain States,Brand,Genesis,brand,Genesis,Luxury Market,1065.0,18530.0,0.05747436589314625,72142.15114068441,73205.41327191937,98.54756351516588,71135.50798122065,72598.71764070433,97.98452409762223,391.0,10835.0,0.0360867558837102,1.5926720062717126,0.05341246290801194,-0.0009380863039399889,0.00500939443492103,-0.004715704697834437,-0.011287280238986841,0.04651289978776063,-2.1692528691783224,-1.1354084668832058,-0.013676234533828047,0.03235133351867203,-2.383275216686812,-2.2729242599766906,0.04825737265415553,0.09523809523809534,0.00012801684967954363,0.00028292477349056017,0.13363943539726164,-0.1442949233155939
2026-06-01,Region,MS,Mountain States,Model,Genesis,g70,G70,Near Luxury Car,79.0,1954.0,0.040429887410440124,56640.36363636364,61816.76343589744,91.62621995746896,56907.037974683546,61546.072441025644,92.46250120868835,27.0,637.0,0.0423861852433281,0.9538458622389022,0.19696969696969702,-0.18556701030927836,0.00035702766544923326,-0.009777151927033996,0.01384657142280643,0.04859293627484251,2.0596863995656918,-0.07401308344546464,0.015486046655943886,0.06796076383894878,1.8357685669909642,1.7851503407661227,-0.09999999999999998,-0.25,-0.007697287210762051,-0.012242039339372963,0.15372442933058417,0.034778114366806556
2026-06-01,Region,MS,Mountain States,Model,Genesis,g80,G80,Mid Luxury Car,19.0,1092.0,0.0173992673992674,72101.63157894737,78831.41851540616,91.46306502762782,71333.21052631579,76740.55906220984,92.9537279869038,14.0,213.0,0.06572769953051644,0.2647174254317111,-0.3214285714285714,-0.5777777777777777,-0.006969749136850965,-0.02814729130518604,-0.0253779861435105,0.0216844173594668,-1.7198623934710326,5.736444283907517,-0.034750541027034676,0.012965499056523777,-3.053236844305758,6.942957809000177,-0.33333333333333337,-0.2222222222222222,-0.006686093572931845,-0.015720264270388543,-0.07180708863849483,-0.2944931008840784
2026-06-01,Region,MS,Mountain States,Model,Genesis,g90,G90,Premium Luxury Car,9.0,288.0,0.03125,106919.66666666667,139160.61209964412,76.83184563036289,103355.22222222222,139068.93055555556,74.31941973619597,5.0,61.0,0.08196721311475409,0.38125000000000003,0.0,0.0,0.0003221649484536071,0.005462034383954154,-0.0006293599533899741,0.04472117122741115,0.4831709591443456,3.8405905973493475,-0.004881466900594766,0.05130051107248357,0.051037273912186265,3.6449980767164334,-0.2857142857142857,0.0,-0.05264817150063052,0.017032148179689163,0.15150036818851254,-0.015884670487106012
2026-06-01,Region,MS,Mountain States,Model,Genesis,gv60,GV60,Entry Luxury EV SUV,18.0,352.0,0.05113636363636364,66119.4705882353,49695.900284900286,133.0481392009819,61603.055555555555,47256.28409090909,130.35949978006508,18.0,76.0,0.23684210526315788,0.21590909090909094,-0.5,-0.09999999999999998,-0.029220779220779224,-0.005843693343693342,-0.0015155994819985308,0.013398215476598363,1.592238029009934,3.3947381763502733,-0.02387720195531784,-0.05921669081291936,2.85669934311899,0.5837549922682683,-0.18181818181818177,1.25,-0.010348905972797168,0.14272445820433435,-0.10917207792207795,-0.3895040145040145
2026-06-01,Region,MS,Mountain States,Model,Genesis,gv70,GV70,Near Luxury SUV,478.0,6285.0,0.0760540970564837,64287.78846153846,63756.43280628608,100.83341496985383,63794.67991631799,63362.998315286626,100.68128341857083,162.0,2149.0,0.07538389948813401,1.0088904603357005,0.32409972299168976,0.14903846153846145,0.02729666863941184,0.01541269763957407,0.01947520639208289,0.02677695240932687,1.1138617427040458,-0.5195919475962967,0.02218174627686409,0.01650809898988359,1.5296691179378854,-0.6244501206958404,0.051948051948051965,0.1020408163265305,0.0065724607035048815,0.008807812531612266,0.30032471489799395,0.09803188950211927
2026-06-01,Region,MS,Mountain States,Model,Genesis,gv70_ev,GV70 EV,Near Luxury EV SUV,2.0,347.0,0.005763688760806916,66719.0,59192.69670520232,112.71491875472573,60409.0,58305.37714697407,103.60793970635538,0.0,3587.0,0.0,,-0.5,-0.9809523809523809,-0.0057970048808115805,-0.12581525860761414,-0.0018028261731460882,-0.045284392477181856,1.567036355623145,0.7265174515614916,0.008156674913739614,-0.1353422611643441,2.3039416283768333,-9.452767061288498,-1.0,-1.0,-0.0009689922480620155,-0.004340277777777778,,
2026-06-01,Region,MS,Mountain States,Model,Genesis,gv80,GV80,Mid Luxury SUV,460.0,13450.0,0.03420074349442379,82295.37608695652,80040.68263823772,102.81693430690666,80988.26521739131,79457.22504165427,101.92687345289796,165.0,4112.0,0.040126459143968875,0.8523239833277008,-0.09270216962524658,0.22994652406417115,-0.004631977093811503,-0.005854948912130772,0.002897397584561423,0.04474630637766608,0.1302951383856481,-1.7595523574542398,-0.002667117959567533,0.027508830067782375,-0.5832722897078497,-3.6675823509779093,0.21323529411764697,0.2890625,0.0062027874053806956,0.0009227837994053231,-0.29238466989461753,-0.1694091081363669
2026-06-01,Region,SC,South Central,Brand,Genesis,brand,Genesis,Luxury Market,2730.0,36392.0,0.07501648714003077,71597.01987486197,71421.5749240992,100.24564699245182,70972.29327453142,70961.91290177958,100.01462809037605,809.0,14818.0,0.054595761911189096,1.3740349894202422,-0.013728323699422007,0.26388888888888884,0.002066877188523289,0.010202228003020633,-0.019845641225095023,0.010728020593093301,-2.9598133069956987,-4.180513742227674,-0.018960012525172765,0.011838739326086145,-2.835900917935774,-4.555619246976022,0.04657179818887447,0.06447368421052624,0.004824337019037915,0.010496887592980904,-0.09165762656534993,-0.09571361843137982
2026-06-01,Region,SC,South Central,Model,Genesis,g70,G70,Near Luxury Car,243.0,4866.0,0.0499383477188656,53381.43153526971,60473.92458905556,88.27181615550475,53270.57676348548,60330.44230595017,88.29800466792135,80.0,1628.0,0.04914004914004914,1.016245376078915,-0.0357142857142857,-0.05078125,-0.005727656257277544,0.0017546473612521998,0.005005539127211911,0.02866582317518085,0.324382150226711,-3.154189923767717,0.007235000602752617,0.04926466367655702,0.34684037247748734,-1.0526177365284326,0.03896103896103886,-0.19191919191919193,0.0036586551648571733,-0.007723822198262176,-0.20768377627966106,0.1688936354465419
2026-06-01,Region,SC,South Central,Model,Genesis,g80,G80,Mid Luxury Car,69.0,2439.0,0.028290282902829027,75332.59420289854,77296.18880363036,97.45964887645329,75153.1884057971,76074.01241038319,98.78956824359588,14.0,535.0,0.026168224299065422,1.0810929537866807,-0.2068965517241379,-0.6310160427807487,-0.007133169865900617,-0.05933858307655241,-0.0036876845450022344,0.08056657170070314,0.09918313450521055,7.338348177765326,-0.0010109496270177543,0.0989921089288639,0.39671267312157,9.662092534254995,-0.30000000000000004,-0.6585365853658536,-0.008314534321624233,-0.05148329085244973,0.0538128234935209,-0.04739585687462178
2026-06-01,Region,SC,South Central,Model,Genesis,g90,G90,Premium Luxury Car,105.0,968.0,0.10847107438016529,105686.72380952381,135939.79258064515,77.74524427556857,103269.75238095238,134034.89690082645,77.04691447434212,25.0,232.0,0.10775862068965517,1.006611570247934,-0.18604651162790697,0.2962962962962963,-0.01975954192202159,0.0352341846875794,-0.0006603309642408961,0.04004862462650949,0.5403246578293874,-0.5001221527624864,-0.0032368688276753765,0.04197366217737697,0.9699022232837109,0.13487556830405367,-0.038461538461538436,0.47058823529411775,-0.013171611868484367,0.03319721718088324,-0.0537569876355346,0.024375637900311276
2026-06-01,Region,SC,South Central,Model,Genesis,gv60,GV60,Entry Luxury EV SUV,5.0,140.0,0.03571428571428571,55452.0,48969.17985611511,113.23857202210289,42818.0,46913.29496402878,91.27050238707623,6.0,35.0,0.17142857142857143,0.20833333333333331,-0.6153846153846154,-0.8888888888888888,-0.03610891870560379,-0.237012987012987,-0.06207979053588919,-0.041178371470278474,-5.478548796760876,1.4594352104691097,-0.21060641104284195,-0.23512940171455876,-19.680941304152427,-17.899799126450148,5.0,0.0,0.1380952380952381,-0.06857142857142856,-1.9463627992633519,-0.928030303030303
2026-06-01,Region,SC,South Central,Model,Genesis,gv70,GV70,Near Luxury SUV,1212.0,9818.0,0.12344673049500916,61882.59405940594,61853.8363656047,100.0464929832828,61615.54290429043,61681.978605007665,99.89229317505739,388.0,3696.0,0.10497835497835498,1.1759255564679223,0.12326227988878591,0.9361022364217253,0.03839904388666991,0.06379359537017593,-0.0068245183225977835,-0.010593573529282918,-1.4456598882460128,-3.7393879459740447,-0.0015912087971873268,-0.003300108164201676,-0.8071066238877478,-2.8912619799620103,0.08683473389355734,0.21630094043887138,0.013837175504267663,0.027457091308853154,0.24278329191648018,0.40641881339993247
2026-06-01,Region,SC,South Central,Model,Genesis,gv80,GV80,Mid Luxury SUV,1096.0,26321.0,0.041639755328444966,83007.00828729282,76080.63651888091,109.10398767062495,82017.6119266055,75557.8388977575,108.54944122685824,296.0,8692.0,0.03405430280717901,1.2227457882258232,-0.0927152317880795,0.16471838469713074,-0.007870470500482452,-0.00914550021691636,-0.002909482842504363,0.041297877398950744,-0.13991108052245238,-1.5494543203803914,-0.006451289399335147,0.031204148197159443,-0.5738156078658392,-3.697536679033604,0.013698630136986356,0.08823529411764697,0.00195227993998464,-0.0032366212399830355,-0.31953165745884715,-0.13912058658250603
2026-06-01,Region,SO,Southern,Brand,Genesis,brand,Genesis,Luxury Market,5589.0,50349.0,0.11100518381695763,68998.44930916921,70574.3199655241,97.7670763853981,68911.22572417563,70440.93333220482,97.8283825388642,1576.0,26970.0,0.05843529847979236,1.8996255124006012,-0.029855927790314207,0.04097597317936308,0.00038690424706516735,0.0009418394820731452,-0.004472231429935691,0.01904074081421725,-1.4261730670826154,-3.964512560746684,-0.008178197871058779,0.025758262301269097,-1.6769259665788638,-4.482332309362548,-0.10960451977401131,0.2048929663608563,-0.005311730260393478,0.0086446627736637,0.16435593582566654,-0.31089746594604706
2026-06-01,Region,SO,Southern,Model,Genesis,g70,G70,Near Luxury Car,824.0,7460.0,0.11045576407506702,53001.21200980392,58464.17154931469,90.65588480133898,53433.954830614806,58755.04521604523,90.94360260320707,197.0,2510.0,0.07848605577689242,1.407329785931057,0.08850726552179666,-0.0636363636363636,-0.0010974336850272937,0.0005656541849571317,0.009758334753993125,0.047490657381422,0.6152309830168576,-1.5963832772240352,0.007526399208356516,0.07901394118707428,0.19585173504233921,0.3041484886620083,-0.24521072796934862,-0.024752475247524774,-0.02045253406389605,0.002431838909422543,0.27983041546696197,-0.03756195599038792
2026-06-01,Region,SO,Southern,Model,Genesis,g80,G80,Mid Luxury Car,236.0,3447.0,0.06846533217290397,73275.04661016949,76978.7262598082,95.18869715103034,73934.59322033898,76688.37252252252,96.4091306001118,47.0,790.0,0.05949367088607595,1.150800264182854,-0.20538720538720534,-0.4201474201474201,-0.017497041199020777,-0.06057715355949932,-0.002115572597263471,0.05294717443246766,0.7987934353810715,7.162059851462843,0.002672010691144644,0.06762145662084484,1.194488401654155,6.8848605994464975,-0.4125,-0.39743589743589747,-0.01963590379246015,-0.03812835664834208,0.06445077069515492,-0.17105801915291807
2026-06-01,Region,SO,Southern,Model,Genesis,g90,G90,Premium Luxury Car,184.0,1340.0,0.1373134328358209,105477.93478260869,136690.06066314995,77.16576777483596,103171.9344262295,135594.14413741598,76.08878324544116,28.0,350.0,0.08,1.7164179104477613,-0.07537688442211055,0.09523809523809534,-0.00585203479007837,0.04324848322775819,0.0030240658927382924,0.04154723417816353,0.2554257835967917,-1.5773770624528822,-0.003411458802754619,0.053572315464156306,0.12525143711694398,-0.9851071573671106,-0.4716981132075472,-0.125,-0.047098321342925645,-0.013294460641399414,0.5900028161081385,0.7081592318363392
2026-06-01,Region,SO,Southern,Model,Genesis,gv60,GV60,Entry Luxury EV SUV,37.0,147.0,0.25170068027210885,57504.0,50399.986394557825,114.09526889517029,55067.194444444445,48290.02739726027,114.034299445373,20.0,53.0,0.37735849056603776,0.6670068027210884,-0.28846153846153844,-0.3833333333333333,-0.04544217687074831,-0.03401360544217685,-0.025361548763956243,-0.06628685677728463,-1.2469529061807378,-3.0525944538789105,-0.05409741756564712,-0.10532390358098076,-3.908073884556458,-4.474797778415535,0.33333333333333326,0.25,0.04402515723270445,-0.06708595387840666,-0.2244217687074831,0.02414965986394546
2026-06-01,Region,SO,Southern,Model,Genesis,gv70,GV70,Near Luxury SUV,2318.0,14013.0,0.16541782630414614,61815.689387402934,62132.708046638836,99.48977170124641,62126.15798611111,62331.316407189915,99.67085819311343,765.0,5536.0,0.1381864161849711,1.1970628580650367,-0.02400000000000002,0.3587338804220399,0.02964147139904666,0.061596015203854035,-0.003646454398458232,0.029592757425017213,-1.521063884872845,-1.6355084267835878,-0.0038986019137355887,0.03886397382706108,-1.1135536863129687,-1.3996832118912579,-0.07942238267148016,0.41929499072356213,-0.0009163625227624206,0.04203943081215626,0.22097628261008573,0.11723897489576474
2026-06-01,Region,SO,Southern,Model,Genesis,gv70_ev,GV70 EV,Near Luxury EV SUV,10.0,725.0,0.013793103448275862,68809.6,58407.522552301256,117.80948239738154,70797.4,59250.88075966851,119.48750650166046,0.0,7385.0,0.0,,-0.4444444444444444,-0.9186991869918699,-0.012952810370446276,-0.07097602129328169,-0.03515400794578172,-0.04588567985421521,-1.378158875506685,4.150363986148875,0.02002194760589404,0.023449109261941103,3.3284951136914884,9.41647436618004,,-1.0,0.0,-0.0024965672200724003,,
2026-06-01,Region,SO,Southern,Model,Genesis,gv80,GV80,Mid Luxury SUV,1980.0,33494.0,0.059115065384845046,80362.0720081136,75997.88372948737,105.74251290228088,79827.751950078,75696.41975047124,105.45776433446319,519.0,10346.0,0.05016431471099942,1.1784286444539631,-0.04023267086766846,-0.022222222222222254,-0.006401956972878535,-0.022184115601183545,0.002234339258719631,0.025573672616099774,-0.06494473433417625,-4.735619821311161,-0.0051878600645125506,0.02137139107429742,-0.9376472365018031,-6.876024169799891,-0.02075471698113207,0.2327790973871735,0.0015672121986209167,0.0024264759537707126,-0.16973861183534522,-0.5246057429944602
2026-06-01,Region,WE,Western,Brand,Genesis,brand,Genesis,Luxury Market,3307.0,50728.0,0.06519082163696578,68291.34859048197,71836.44051996763,95.06505068482582,67679.8204257945,71602.08420464197,94.52213741762397,1000.0,34728.0,0.028795208477309375,2.2639468538085477,0.061978163134232434,0.14906184850590698,0.0037997641493859383,0.006971782109515039,-0.01941151685091369,0.014752402060922432,-2.4756698811218882,-3.891791914840951,-0.02371030042243394,0.003470274073164026,-2.9445695202577724,-4.583702396504449,0.08459869848156187,0.18343195266272194,0.0013612641783329396,0.003927639318980946,0.026169565259108296,-0.07721641618290365
2026-06-01,Region,WE,Western,Model,Genesis,g70,G70,Near Luxury Car,386.0,9565.0,0.040355462624150545,53197.97911227154,58857.12295994143,90.38494652291865,53353.97547683924,58779.10302547437,90.7703124590317,129.0,2967.0,0.043478260869565216,0.9281756403554625,0.07520891364902504,0.16969696969696968,-0.006868952003579003,0.009748896124428787,0.0020840048611330264,0.04363017248787493,0.7033077912956003,-1.8774576825597507,8.351268928219469e-05,0.050886056004459945,0.19206523646262497,-0.4618129364412056,0.0078125,0.27722772277227725,0.000539649665271355,0.011546550468047673,-0.17163670343564508,-0.030325051116022017
2026-06-01,Region,WE,Western,Model,Genesis,g80,G80,Mid Luxury Car,108.0,5243.0,0.020598893763112722,72995.16666666667,77252.69087272728,94.48883377658026,73251.19444444444,75850.22911489199,96.5734649706717,39.0,1101.0,0.035422343324250684,0.5815226162355668,-0.19402985074626866,-0.2702702702702703,-0.005784252525526775,-0.013006919134253305,0.0031671632409691064,0.04210750649398931,0.8817894226263974,9.01808883843168,0.0038487371282116545,0.03747597415527637,0.9637946153179371,9.905810568822105,-0.025000000000000022,-0.1333333333333333,0.0025546358468472308,-0.013973924513290478,-0.22118460959628983,-0.09880839597555435
2026-06-01,Region,WE,Western,Model,Genesis,g90,G90,Premium Luxury Car,99.0,1950.0,0.05076923076923077,105051.39393939394,137043.20526044353,76.65567493094547,102551.95959595959,135687.1022205049,75.57974038630626,21.0,438.0,0.04794520547945205,1.058901098901099,0.010204081632652962,1.106382978723404,-0.002958839406207829,0.03107924333730785,0.005938919193689163,0.031310499046168117,1.8248010585464414,-1.182437959113912,-0.004867941250072838,0.04180815564241014,1.1129113662289996,-0.21114127845450525,0.3125,-0.16000000000000003,0.015225369078634053,-0.010059434891777644,-0.5831630458357431,0.7194457155747478
2026-06-01,Region,WE,Western,Model,Genesis,gv60,GV60,Entry Luxury EV SUV,116.0,578.0,0.20069204152249134,60043.78448275862,51179.58650519031,117.3197920945871,57596.293103448275,48868.84748700173,117.85891434981744,62.0,188.0,0.32978723404255317,0.6085500613907803,-0.22666666666666668,0.10476190476190483,-0.03368295847750866,0.05764027040532513,-0.01745702000888294,-0.003564893927860524,-0.2726368638588923,-0.18415837150946857,-0.010456962872081421,-0.04109450760378397,1.7586568393771955,0.5486202466187535,0.21568627450980382,0.7714285714285714,0.03498954618128147,0.11506330766218506,-0.18648670331510198,-0.05766247266916524
2026-06-01,Region,WE,Western,Model,Genesis,gv70,GV70,Near Luxury SUV,1453.0,15631.0,0.09295630477896488,61391.51686166552,62938.34642728905,97.54230981042609,61213.118930330755,62735.399443659255,97.57349036297185,453.0,6295.0,0.07196187450357426,1.291743793782746,0.21793797150041905,0.4661957618567103,0.028295058166498757,0.04090251761644781,-0.011923075383961979,0.02679640717098075,-1.7570738579220375,0.2960281111893579,-0.012138997511481064,0.015252661795422728,-1.9800072151299872,0.11882159880354948,0.1410579345088161,0.4426751592356688,0.012046390048397686,0.015262705128348548,0.21253618659332396,0.3736741335724927
2026-06-01,Region,WE,Western,Model,Genesis,gv70_ev,GV70 EV,Near Luxury EV SUV,3.0,890.0,0.0033707865168539327,69733.33333333333,57837.27708333333,120.56814713607606,69790.0,56676.976898876404,123.13641943980176,3.0,15595.0,0.0001923693491503687,17.522471910112362,-0.625,-0.9895104895104895,-0.00586708877182967,-0.0813197672290744,0.02770808079691589,-0.03363644943449462,3.4607704657571077,2.724612761754244,0.04764031366161858,-0.017540402049665005,6.187925546494725,5.814415854678472,-0.625,-0.9387755102040817,-0.0004160882109348153,-0.0026354238179779783,2.3400238731608596,-12.426873300284502
2026-06-01,Region,WE,Western,Model,Genesis,gv80,GV80,Mid Luxury SUV,1142.0,31593.0,0.036147247808058745,79383.12576956904,78248.70749817882,101.44975975662808,77933.65927240462,77985.80230035796,99.93313779378391,293.0,8144.0,0.03597740667976424,1.0047207718390117,-0.025597269624573427,0.17610710607621005,-0.0032781903458081116,-0.010840412487126347,-0.006540337517988881,0.020836120815178827,-1.180013047285371,-3.355384353756051,-0.021273070827818485,-0.0030917033096237168,-2.686164027231399,-5.4825938406868175,0.03900709219858145,0.061594202898550776,0.004553292572342799,-0.006839844328613044,-0.24990292317092155,-0.09267943925795619
2026-06-01,National,NTL,National,Brand,Genesis,brand,Genesis,Luxury Market,21854.0,265551.0,0.08229680927580767,69525.99086589472,71214.35330378517,97.62918237747907,69163.38159475192,70894.79039399,97.55777710940964,6593.0,150206.0,0.043893053539805334,1.8749392589233986,-0.012069978753220911,0.09242689327668074,0.00083423175728424,0.0037299813255751713,-0.007535485565343558,0.026605885041458777,-1.6092145959265167,-2.8225732069614367,-0.008956122249905718,0.027128291487603207,-1.7666841991108129,-3.201077886894012,-0.0006063362134303141,0.14660869565217394,-0.0009536844157490149,0.0028620697952107185,0.05847319623546254,-0.0398778080835025
2026-06-01,National,NTL,National,Model,Genesis,g70,G70,Near Luxury Car,2759.0,37370.0,0.07382927481937383,54094.19889705882,59586.93470238576,90.78197958535527,54297.54942613847,59565.014210004025,91.1567807819294,732.0,12295.0,0.05953639690931273,1.2400695818363405,0.024127691165553022,-0.03497726477789442,-0.00834746312407246,0.0069942934041273275,0.006938596906165939,0.04786659251850578,0.7671924781996751,-1.6696168867759695,0.007521940335328159,0.06855036161453154,0.5606451136106045,0.14422134151080002,-0.08614232209737827,0.029535864978903037,-0.004014856660982419,0.008392676581302369,-0.05300857676440485,-0.06673760752337388
2026-06-01,National,NTL,National,Model,Genesis,g80,G80,Mid Luxury Car,820.0,19390.0,0.042289840123775145,74074.00853658536,77317.12800020707,95.80543205948749,74209.90731707317,76171.32562037755,97.4249912452887,218.0,4581.0,0.04758786291202794,0.8886686128762108,-0.19449901768172884,-0.3522906793048973,-0.009896554503794446,-0.03045205829038252,-5.624748349253306e-05,0.05525074256535545,0.5991316744033526,7.796783168515674,0.0013665105741293981,0.06296349607507024,0.6415971338682454,8.986699444737866,-0.2158273381294964,-0.24567474048442905,-0.005658641589025494,-0.021205281577379338,-0.09142191356458362,-0.16873178587076632
2026-06-01,National,NTL,National,Model,Genesis,g90,G90,Premium Luxury Car,593.0,7024.0,0.0844248291571754,105557.10034013605,136581.13155857287,77.2852729623695,103096.76988155668,135004.81156910336,76.36525593666396,126.0,1778.0,0.07086614173228346,1.1913281447734752,-0.03262642740619903,0.2457983193277311,-0.0029095489593654184,0.03143584997427437,0.0013640397040244334,0.04016861916396253,0.5621703684449244,-0.7322021794898603,-0.003220037120146735,0.05010104729912346,0.5322584188593851,0.1668772119766544,-0.16556291390728473,-0.03076923076923077,-0.007820674317742596,-0.0010365131349731743,0.08142965731889351,0.4543737265989747
2026-06-01,National,NTL,National,Model,Genesis,gv60,GV60,Entry Luxury EV SUV,251.0,2047.0,0.12261846604787494,61137.49596774193,50777.86105675147,120.40187336645019,58432.604838709674,48700.964757709255,119.98243798539929,146.0,522.0,0.2796934865900383,0.4384030087465118,-0.2808022922636103,-0.40801886792452835,-0.024763290708881808,-0.05001997043420975,-0.01678655885181235,-0.0211234946266039,-0.6757122655314163,-0.8399935292580523,-0.022640509803265152,-0.04156924586649147,0.7163677679712492,0.7904775098117369,0.16799999999999993,0.3153153153153154,0.032657913467508654,0.06866687062045654,-0.1581983426048395,-0.37968543800643
2026-06-01,National,NTL,National,Model,Genesis,gv70,GV70,Near Luxury SUV,9329.0,78881.0,0.11826675625309009,61981.17538196686,62324.33258161677,99.44940092346673,61906.56080206986,62241.713334816326,99.4615306764716,3183.0,32175.0,0.09892773892773893,1.195486296714789,0.0428124301363737,0.35065875199073404,0.024922710509707957,0.04244065020412753,-0.005035131567606488,0.02050161143536533,-1.3197962120772786,-0.7240698698253141,-0.0038985836407592345,0.021373753064598988,-1.13447701729784,-0.5214221906327055,0.009835025380710682,0.25512618296529976,0.0042986596999026044,0.017042043093060205,0.2090659859069478,0.2694868864875136
2026-06-01,National,NTL,National,Model,Genesis,gv70_ev,GV70 EV,Near Luxury EV SUV,28.0,3703.0,0.007561436672967864,71587.10714285714,59002.795493340585,121.3283312159962,71511.60714285714,58518.78172339276,122.2028296502805,5.0,43151.0,0.00011587216982225209,65.25671077504727,-0.43999999999999995,-0.9642857142857143,-0.005603386918396011,-0.07248757292474502,0.0020361674628011084,-0.0010413185791484647,1.3387840200125112,6.69786562210723,0.027338973771008357,0.02206722705099695,3.541401150715842,9.150327634758284,-0.5833333333333333,-0.9675324675324676,-0.0002075343791603648,-0.003517660142661527,24.54997916191755,43.226079776476716
2026-06-01,National,NTL,National,Model,Genesis,gv80,GV80,Mid Luxury SUV,8074.0,180312.0,0.04477794045876037,80705.70735681163,76722.0208018894,105.1923639566388,79921.2845151591,76325.84658398227,104.71064271422227,2183.0,55704.0,0.03918928622720092,1.1426066858977497,-0.04461010531298071,0.10769652901632587,-0.005437455126372878,-0.011465645426715375,-0.00026065727885615786,0.0358547893491985,-0.07663770856851215,-2.9176934028204045,-0.0062331302544539335,0.026708415943426322,-0.8169978862619587,-4.7669101025503124,0.05052935514918189,0.200109950522265,0.0023694694403412347,-5.7283204058247716e-05,-0.22120769362013526,-0.2904761720571871
2026-07-01,Region,CE,Central,Brand,Genesis,brand,Genesis,Luxury Market,2296.0,30477.0,0.07533549890081044,69999.59301310044,70431.78850359665,99.38636303339914,69037.95017482518,69393.6291021092,99.48744728891371,710.0,14096.0,0.0503688989784336,1.4956749190222873,-0.2496732026143791,-0.31009615384615385,-0.03254773336544256,-0.040792632859954436,-0.0027938611236238975,0.025967986219809225,0.7663067716814282,-1.2439796299069457,-0.004722430980306336,0.01894931434145941,0.7951130115770013,-2.5104793598850677,-0.11910669975186106,-0.12128712871287128,-0.0009196788134849462,-0.00335450527688555,-0.6077804098414421,-0.6659180286038313
2026-07-01,Region,CE,Central,Model,Genesis,g70,G70,Near Luxury Car,263.0,3567.0,0.07373142696944211,55320.58076923077,60607.95210053355,91.27610957299407,55044.89230769231,59893.53531144781,91.90456369198705,58.0,1100.0,0.05272727272727273,1.398354649420454,-0.20543806646525675,-0.31510416666666663,-0.040643141102430724,-0.01588350885319499,0.004434818162329712,0.05200962256965025,0.8130201320083472,-1.8502958409385712,0.0038063499641474152,0.06655472835121179,0.9959466537833777,-0.6316525154450972,-0.275,-0.49122807017543857,-0.021209880692320625,-0.02337419589756038,-0.14856138375162597,0.2207829488738715
2026-07-01,Region,CE,Central,Model,Genesis,g80,G80,Mid Luxury Car,110.0,1694.0,0.06493506493506493,75790.39090909091,77496.13379228486,97.79893163733058,75198.66972477065,75336.0512782402,99.81764168530395,36.0,407.0,0.08845208845208845,0.7341269841269841,-0.06779661016949157,-0.09836065573770492,-0.00636402872052419,-0.022645696012530192,0.006474775606326144,0.09134726417574468,1.8020953999426013,11.063350891484987,0.004151071588666566,0.09104222523902927,2.1585817698047833,12.277362430604484,0.09090909090909083,0.125,0.014461057061953914,0.012079773416288922,-0.22949106952128095,-0.4126336045305895
2026-07-01,Region,CE,Central,Model,Genesis,g90,G90,Premium Luxury Car,51.0,598.0,0.08528428093645485,106098.82352941176,135887.11784511784,78.07864734488051,103371.62745098039,133256.02591973243,77.5736982530508,23.0,183.0,0.12568306010928962,0.6785662352770103,-0.15000000000000002,0.0851063829787233,-0.01275493474981966,0.025940846593020504,0.0007963402086110793,0.04808937703122029,0.4880358581769144,1.1500795417717598,-0.0009001640601388194,0.06248032975192408,0.5374446831333586,2.073680922642424,0.3529411764705883,-0.303030303030303,0.025683060109289613,-0.048920114493884975,-0.30182592158573474,0.3386902022191591
2026-07-01,Region,CE,Central,Model,Genesis,gv60,GV60,Entry Luxury EV SUV,2.0,120.0,0.016666666666666666,61775.0,48702.95798319328,126.84034514149572,62364.0,46601.94957983193,133.8227275087853,2.0,21.0,0.09523809523809523,0.17500000000000002,-0.6,-0.9090909090909091,-0.022703412073490813,-0.1487468671679198,-0.03584276940605413,-0.06781003778694317,-3.517538764708732,-1.0422460202973411,0.011360042813009397,-0.043524271824355365,3.933388209708852,4.55290072718546,-0.8333333333333334,-0.7777777777777778,-0.22055137844611528,-0.05230288836846214,0.050328083989501324,-0.9461361737677527
2026-07-01,Region,CE,Central,Model,Genesis,gv70,GV70,Near Luxury SUV,968.0,9035.0,0.10713890426120642,62475.83884297521,61949.825931670035,100.84909505942012,61701.17701863354,61424.76944160178,100.44999367444846,306.0,3159.0,0.09686609686609686,1.1060516292848075,-0.25709900230237914,-0.31347517730496455,-0.06149057677930089,-0.05125246846402387,0.0005479055664834309,0.0012251639327740538,-0.2014869049971253,-0.48576232121749285,-0.0017479107908594527,-0.006641212811190678,-0.1880952520532304,-1.5871069077143574,-0.18181818181818177,-0.09467455621301779,-0.01394871794871795,-0.003400886224974045,-0.415671628767899,-0.4736445762085395
2026-07-01,Region,CE,Central,Model,Genesis,gv70_ev,GV70 EV,Near Luxury EV SUV,1.0,436.0,0.0022935779816513763,75690.0,60762.00152073733,124.56798345289519,65299.0,59713.444013761466,109.35393373886004,1.0,2710.0,0.00036900369003690036,6.21559633027523,-0.5,-0.9882352941176471,-0.002357584809046298,-0.10422271274516566,0.061116913522266,0.08898216436569872,6.2360964699172285,16.13267615047296,-0.011661962024837491,-0.049239705577547976,-3.2011430041226703,0.2958065083089707,-0.5,-0.9473684210526316,-0.00024243012225291924,-0.0053401309253477145,-1.3913804139108166,-12.441572908611462
2026-07-01,Region,CE,Central,Model,Genesis,gv80,GV80,Mid Luxury SUV,901.0,21762.0,0.04140244462825108,79592.49944382647,75050.35777839132,106.05212526614088,78275.05555555556,73859.72522864102,105.9779945203511,284.0,6516.0,0.04358502148557397,0.9499236943580424,-0.273972602739726,-0.28378378378378377,-0.01814364241171821,-0.032987006025169775,-0.0070791981845090834,0.018692407089090368,0.1760165314623947,-3.964218018350053,-0.009458057480449589,0.005668292650593543,0.20598813782821424,-6.231243595532504,-0.01388888888888884,0.07984790874524705,0.004310509007734067,0.0009870299079905581,-0.5662271954478423,-0.7963898734526814
2026-07-01,Region,EA,Eastern,Brand,Genesis,brand,Genesis,Luxury Market,3368.0,58436.0,0.057635704018071054,68479.18595656054,69854.73408333477,98.03084480268261,68302.94191242181,69492.83764726028,98.2877433486336,1285.0,25814.0,0.04977918958704579,1.1578272867879271,-0.14928012124273804,-0.13218242720948215,-0.015333184215488363,-0.017416025787966347,0.006681633528015762,0.06121470366175341,1.8049480816191732,1.3176264057148188,0.006378680364891753,0.06241808086976719,1.9535333097540644,1.502404997828009,-0.10825815405968076,0.06727574750830567,-0.0004911749690330522,0.003765278404595278,-0.29370163841330865,-0.47323879469444385
2026-07-01,Region,EA,Eastern,Model,Genesis,g70,G70,Near Luxury Car,575.0,8543.0,0.06730656677981973,55190.75218150087,59815.23081274154,92.2687272649367,55389.598245614034,59655.91969306466,92.84845247646629,148.0,2485.0,0.05955734406438632,1.1301136381611623,-0.11674347158218124,-0.29963459196102316,-0.021470195800297548,-0.018617033429494764,0.0016855853891450945,0.047434998538987916,0.4304374254592034,-1.719376012398655,0.0028312851588299104,0.0537530933083592,0.7196439247654496,-0.6900366497836927,-0.12426035502958577,-0.14942528735632188,-0.00858781722593626,-0.0037614332281900933,-0.1726459547304997,-0.22688666859283924
2026-07-01,Region,EA,Eastern,Model,Genesis,g80,G80,Mid Luxury Car,211.0,3961.0,0.05326937642009594,74004.57894736843,76350.92801366397,96.92688860851091,73793.2,75050.91042477875,98.32419031606644,54.0,854.0,0.06323185011709602,0.8424453233844802,0.24117647058823533,0.15300546448087426,0.011127581675425637,0.002080565231284748,-0.0014278047167128882,0.027864309310515978,0.27420066172008717,4.96832039121152,-0.006129905705154592,0.025649649742098157,0.23085324308210886,5.001986358934161,0.08000000000000007,0.17391304347826098,0.01765299870415163,0.011018456246494432,-0.08214565331358625,-0.13793169090557766
2026-07-01,Region,EA,Eastern,Model,Genesis,g90,G90,Premium Luxury Car,68.0,1334.0,0.050974512743628186,105793.19117647059,134412.61286037735,78.70778562006267,103089.92647058824,132209.94462697813,77.97441165371474,23.0,532.0,0.043233082706766915,1.1790626425917476,-0.10526315789473684,0.3600000000000001,-0.004298214529099086,0.021648999547147246,0.0005143669451330712,0.03456461463968519,0.9004558807995124,-0.7492931782962557,-0.00235525387065616,0.043976109452889434,0.6978676798274392,0.628353266342117,0.0,0.6428571428571428,-0.011528822055137847,0.009003253855911171,0.16973457935064085,0.3223387213516973
2026-07-01,Region,EA,Eastern,Model,Genesis,gv60,GV60,Entry Luxury EV SUV,30.0,345.0,0.08695652173913043,62885.73333333333,51275.93913043478,122.64179730256284,59970.333333333336,48545.81739130435,123.53347117413121,18.0,72.0,0.25,0.34782608695652173,-0.4,-0.7520661157024793,-0.038671618964387144,-0.1640808226592098,-0.023314784011447487,-0.03467874739032606,-1.1527017859582571,-1.6784621589188333,-0.027427568596491314,-0.015816927705922024,-0.831193518448174,2.6997056745498753,0.19999999999999996,0.8,0.04452054794520549,0.18548387096774194,-0.26356419780059714,-3.543252751217752
2026-07-01,Region,EA,Eastern,Model,Genesis,gv70,GV70,Near Luxury SUV,1318.0,19871.0,0.0663278144028987,62001.20456273764,62010.019406369676,99.98578480749333,62020.8,61835.89710665525,100.2990219306204,632.0,7437.0,0.08498050289095065,0.7805062590417051,-0.2191943127962085,-0.1277299801455989,-0.029788801016757377,-0.005331106207933131,0.005730960873593149,0.04090136798724586,0.6146379983917001,1.5018818812778534,0.0053275399015444425,0.04072708613196885,0.7675515907928343,1.7994891465611431,-0.12827586206896546,0.0748299319727892,-0.003954727727302543,0.011946097227057959,-0.30024222220110364,-0.20066035632871504
2026-07-01,Region,EA,Eastern,Model,Genesis,gv70_ev,GV70 EV,Near Luxury EV SUV,6.0,626.0,0.009584664536741214,76185.0,60991.95967999999,124.9099068134746,76185.0,60113.28763578275,126.73570685668251,0.0,3313.0,0.0,,-0.1428571428571429,-0.9032258064516129,-0.0015264465743698979,-0.0275410839662528,-0.0005978104022759112,0.04867797133972762,0.0072008506912197845,10.060760266896978,-0.0005978104022759112,0.10003192872558286,-0.951260999526653,15.986492495997965,,-1.0,0.0,-0.00718501411342058,,
2026-07-01,Region,EA,Eastern,Model,Genesis,gv80,GV80,Mid Luxury SUV,1160.0,37501.0,0.030932508466440894,79308.6922413793,75463.98830715066,105.09475316700738,78929.74611398963,75033.00295423024,105.19337225798677,410.0,11121.0,0.036867188202499776,0.839025430866559,-0.11921032649962038,0.02383053839364524,-0.005844928003818809,-0.014235726264861932,-0.005705666418005295,0.03880977351535231,0.13941423338302172,-1.1309579546932724,-0.005570367279671751,0.0333916336659521,0.39666314769188205,-1.69049819917565,-0.10675381263616557,0.19186046511627897,-0.0018473866962856467,0.0025529737386593768,-0.1109381569142669,-0.47728722373027477
2026-07-01,Region,MA,Mid-Atlantic,Brand,Genesis,brand,Genesis,Luxury Market,2078.0,27390.0,0.07586710478276744,70895.42728635682,70219.42362034146,100.9627018154839,70939.13907603465,70361.07087024796,100.82157391670843,521.0,11230.0,0.04639358860195904,1.6352928727648337,-0.03078358208955223,0.39556749496306254,-0.005142492436306087,0.004139179545520941,0.0017891098699098773,0.046575938315505105,1.1924215970219194,0.18789899670380805,0.0007056749075455837,0.06035526938422153,0.8867825392505466,0.5051864491362892,-0.0859649122807018,-0.10787671232876717,0.0025069239884696615,0.0003077300161004534,-0.21058896702696783,0.0788951525484165
2026-07-01,Region,MA,Mid-Atlantic,Model,Genesis,g70,G70,Near Luxury Car,251.0,4128.0,0.06080426356589147,55355.50212765957,59038.93473120895,93.76101106783308,55568.67330677291,59319.9307705355,93.67622750897434,49.0,1025.0,0.04780487804878049,1.2719259215314032,0.02448979591836742,0.24257425742574257,-0.013483183371646432,0.009378601651431187,0.0038149621563652314,0.0667845310569315,1.241820313457083,0.7038292997360003,0.0008772865581214706,0.09495147070662946,0.8989089217632653,2.386470779405613,-0.020000000000000018,-0.4787234042553191,-0.0026492087322487756,-0.01760917901454588,-0.20045127677059793,0.4857697920518347
2026-07-01,Region,MA,Mid-Atlantic,Model,Genesis,g80,G80,Mid Luxury Car,96.0,1444.0,0.0664819944598338,75136.45833333333,77601.1315218902,96.82392106890654,74215.8125,76210.95631688672,97.38207744226321,23.0,312.0,0.07371794871794872,0.9018427074551367,-0.040000000000000036,0.05494505494505497,-0.0010855731077337727,-0.012237728723557204,0.00023001227294194848,0.06491101415999534,0.2156590433420149,7.121093384191582,-0.00947217316609883,0.06080025707796888,-0.44934000284585807,7.561720675898201,0.09523809523809534,0.045454545454545414,0.0210863697705803,0.007849685244894822,-0.38194107632864727,-0.29326581723816303
2026-07-01,Region,MA,Mid-Atlantic,Model,Genesis,g90,G90,Premium Luxury Car,60.0,475.0,0.12631578947368421,105699.80357142857,133912.75490196078,78.93184159254488,103037.81666666667,132376.8924050633,77.83670910734082,14.0,109.0,0.12844036697247707,0.9834586466165414,0.0,0.935483870967742,0.0041161968056597775,0.06647022962812438,0.0017814798251107877,0.042904028816467266,1.3591403280067738,0.5412891181708801,0.0026693978568914645,0.0648433680127729,1.533181234197329,2.6485025272926634,1.0,0.3999999999999999,0.06301980622481353,0.05751838115687423,-0.8844494127375466,0.1396362527941476
2026-07-01,Region,MA,Mid-Atlantic,Model,Genesis,gv60,GV60,Entry Luxury EV SUV,17.0,247.0,0.06882591093117409,61026.76470588235,51119.85425101215,119.3797705412551,58119.58823529412,49857.072874493926,116.57240364190567,9.0,64.0,0.140625,0.4894286999550157,-0.15000000000000002,-0.43333333333333335,0.003252140439370804,-0.039869741242738954,-0.021930172307082607,-0.010783169521455749,-2.1743790206697753,-4.47492216592083,-0.04552841617203407,-0.07136933672483159,-4.196187860543091,-11.393584357737268,-0.3076923076923077,0.125,-0.07971398305084745,0.06655092592592593,0.19182466464606235,-0.9779626043928105
2026-07-01,Region,MA,Mid-Atlantic,Model,Genesis,gv70,GV70,Near Luxury SUV,832.0,8705.0,0.09557725445146467,62428.067714631194,61963.130252431685,100.75034534295702,62592.11658653846,62426.20622457189,100.26577037433562,221.0,2747.0,0.08045140152894066,1.1880122985437713,-0.05131128848346633,0.5294117647058822,-0.01621369519799358,0.01991661467399597,0.0025942017893691993,0.01801342570557729,0.3859133436997695,0.5993565950986408,0.0033222927026643756,0.03056336532277082,0.11760807323281597,0.46632397784904356,-0.3006329113924051,-0.12648221343873522,-0.025874305065944944,-0.0037696370862391054,0.13661134171405642,0.28965434640339205
2026-07-01,Region,MA,Mid-Atlantic,Model,Genesis,gv70_ev,GV70 EV,Near Luxury EV SUV,4.0,235.0,0.01702127659574468,74357.5,59959.727885462555,124.01240402898533,74062.0,61116.63412765957,121.18141166822167,0.0,2180.0,0.0,,0.0,-0.9183673469387755,-0.0025865665415102206,-0.059661039523191156,0.0,0.04446276859993348,0.8739976153014055,11.71912344549122,-0.007245065513890259,0.0943333185574251,1.2931275075333701,12.589720025649413,,-1.0,0.0,-0.0026926960619320095,,
2026-07-01,Region,MA,Mid-Atlantic,Model,Genesis,gv80,GV80,Mid Luxury SUV,818.0,18439.0,0.044362492542979554,81929.53133159269,76458.85332245608,107.15506154148649,81657.56112469437,76474.93236739343,106.77689877828603,205.0,4793.0,0.04277070728145212,1.0372167158951269,-0.023866348448687402,0.5092250922509225,-0.00020486372995561636,-0.0028623920087325685,0.0013200681728859909,0.05422021660498433,0.14783175859892594,-0.934202515022406,-0.0006398922018214792,0.059719843835419395,-0.17157438099044953,-1.3750597753621605,0.2576687116564418,0.08465608465608465,0.011550634498460353,0.0023601877176291503,-0.3903057816569868,-0.1314117764242253
2026-07-01,Region,MS,Mountain States,Brand,Genesis,brand,Genesis,Luxury Market,1061.0,19990.0,0.05307653826913457,72424.47821969698,72297.57848704768,100.17552418117577,71290.06032045241,71761.67382685069,99.34280587220387,357.0,9647.0,0.03700632320928786,1.4342559234799475,-0.003755868544600971,0.02512077294685988,-0.004397827624011683,-0.008773587223873676,0.003913482957584646,0.05475280752876133,1.6279606660098977,0.964151604463737,0.002172646876614115,0.04052858715784757,1.3582817745816413,-0.10624275731061061,-0.08695652173913049,0.0785498489425982,0.0009195673255776582,0.008862457891712822,-0.1584160827917651,-0.7633855445661855
2026-07-01,Region,MS,Mountain States,Model,Genesis,g70,G70,Near Luxury Car,89.0,2456.0,0.03623778501628665,56081.58426966292,60961.151905344756,91.99561116683226,56330.61797752809,60699.83383143322,92.80193111230142,24.0,627.0,0.03827751196172249,0.9467121335504887,0.12658227848101267,-0.06315789473684208,-0.004192102394153477,-0.0077844578011368945,-0.009865391583432248,0.03084445469837438,0.3693912093633003,-0.8306052277936686,-0.010129151290775185,0.0438225110343311,0.33942990361306613,0.4701197787826743,-0.11111111111111116,-0.19999999999999996,-0.004108673281605614,-0.00043216545763235387,-0.007133728688413554,-0.19052913923295267
2026-07-01,Region,MS,Mountain States,Model,Genesis,g80,G80,Mid Luxury Car,24.0,1140.0,0.021052631578947368,74048.70833333333,78394.24322925959,94.45681887225062,73179.875,75933.41426418441,96.37374495685864,13.0,163.0,0.07975460122699386,0.2639676113360324,0.26315789473684204,-0.33333333333333337,0.003653364179679968,-0.014380439287194364,0.02700461434432322,0.06130562217529656,2.993753844622802,9.131377571543212,0.02588786429292922,0.0508641737944866,3.420016969954844,10.454253651370578,-0.0714285714285714,0.30000000000000004,0.014026901696477426,0.03701955849195113,-0.0007498140956787025,-0.565166246931684
2026-07-01,Region,MS,Mountain States,Model,Genesis,g90,G90,Premium Luxury Car,13.0,269.0,0.048327137546468404,106596.61538461539,135200.07279693487,78.84360797994485,102089.30769230769,135086.84758364313,75.57309206515903,4.0,67.0,0.05970149253731343,0.8094795539033458,0.4444444444444444,0.625,0.017077137546468404,0.023559335688883264,-0.0030214392929078793,0.04154199408486381,2.011762349581957,6.402040658439034,-0.012248191264034203,0.04686984350228163,1.253672328963063,6.400115757185205,-0.19999999999999996,-0.6,-0.02226572057744066,-0.06850363566781476,0.42822955390334577,0.6162906994141817
2026-07-01,Region,MS,Mountain States,Model,Genesis,gv60,GV60,Entry Luxury EV SUV,5.0,271.0,0.01845018450184502,64783.8,49156.10701107011,131.7919663276233,60049.2,46175.89667896679,130.04446977496923,12.0,62.0,0.1935483870967742,0.0953259532595326,-0.7222222222222222,-0.6666666666666667,-0.03268617913451862,-0.033273953429189464,-0.020200866346212876,0.01769365625608721,-1.2561728733585937,4.699059919271349,-0.025223676675489637,-0.06090562953263079,-0.3150300050958492,-0.4090077987815448,-0.33333333333333337,0.09090909090909083,-0.04329371816638369,0.10263929618768328,-0.12058313764955834,-0.47363956398184676
2026-07-01,Region,MS,Mountain States,Model,Genesis,gv70,GV70,Near Luxury SUV,468.0,7554.0,0.061953931691818905,64595.16559139785,63493.0392151281,101.7358223671346,63907.07478632479,63035.75120515921,101.38226889424975,150.0,2130.0,0.07042253521126761,0.8797458300238284,-0.02092050209205021,0.07093821510297493,-0.01410016536466479,-0.002376997205575472,0.004781267752635099,0.026409766012199354,0.9024073972807685,0.04071993152396658,0.001761821991335788,0.013958965413433555,0.7009854756789196,-0.35560502473562394,-0.07407407407407407,0.07913669064748197,-0.004961364276866401,0.0074981350301902006,-0.12914463031187207,-0.14260684576282034
2026-07-01,Region,MS,Mountain States,Model,Genesis,gv70_ev,GV70 EV,Near Luxury EV SUV,1.0,345.0,0.002898550724637681,66853.0,59064.234985507246,113.18693963682745,60557.0,57851.99446376812,104.67573427900743,1.0,3088.0,0.0003238341968911917,8.950724637681159,-0.5,-0.9902912621359223,-0.002865138036169235,-0.11856371342630571,0.0020084233876407342,-0.03502539941951788,0.47202088210171667,1.0944121616745264,0.0024499660646593036,-0.12756867278036288,1.0677945726520477,-8.41724261503343,,-0.9444444444444444,0.0003238341968911917,-0.0035067680589079145,,-22.75767420927901
2026-07-01,Region,MS,Mountain States,Model,Genesis,gv80,GV80,Mid Luxury SUV,461.0,13768.0,0.033483439860546194,82567.62309368192,79723.2874136552,103.56776015177158,80851.49023861172,79200.47009007698,102.08460902650829,153.0,3510.0,0.04358974358974359,0.7681495026831185,0.0021739130434783593,0.35190615835777117,-0.0007173036338775987,-0.0038455147097876882,0.003308168935733935,0.043692866548106,0.7508258448649201,-1.2224619523617974,-0.001688824651478238,0.02379341663035639,0.1577355736103243,-3.0519447501715007,-0.07272727272727275,0.35398230088495586,0.0034632844457747128,0.012588371847631105,-0.08417448064458222,-0.4359570407581824
2026-07-01,Region,SC,South Central,Brand,Genesis,brand,Genesis,Luxury Market,2544.0,39784.0,0.06394530464508345,71583.63737133809,70309.35688419771,101.81239104382531,70648.49466613987,69868.23803996075,101.11675440524614,655.0,14068.0,0.04655956781347739,1.373408466789365,-0.06813186813186811,0.22190201729106618,-0.011071182494947318,-0.002419606740865804,-0.00018691425351602398,0.006568533129836629,1.5667440513734903,-2.577381086426925,-0.004562324161332176,0.005321034607988606,1.102126314870091,-3.0218618941981816,-0.19035846724351047,-0.05619596541786742,-0.008036194097711703,0.005728832977918173,-0.0006265226308772576,-0.251958102125591
2026-07-01,Region,SC,South Central,Model,Genesis,g70,G70,Near Luxury Car,261.0,6043.0,0.043190468310441835,53571.2874015748,60230.90526975112,88.94318815506684,53553.503937007874,60140.84164731254,89.04681489338779,60.0,1639.0,0.036607687614399025,1.1798196260135694,0.07407407407407418,0.0038461538461538325,-0.006747879408423765,-0.004047903782581422,0.003556590013507943,0.044327302195518614,0.6713719995620835,-1.8507597938707505,0.005311134038937793,0.0607623248412672,0.7488102254664426,-0.2259750131755851,-0.25,-0.23076923076923073,-0.012532361525650113,-0.004574994539772045,0.16357424993465441,0.03277505237015865
2026-07-01,Region,SC,South Central,Model,Genesis,g80,G80,Mid Luxury Car,127.0,2470.0,0.051417004048582994,76890.13385826771,77659.92109438569,99.0087715448714,76722.14173228346,76191.46557224027,100.6965034155171,26.0,530.0,0.04905660377358491,1.0481158517595763,0.8405797101449275,-0.2658959537572254,0.023126721145753967,-0.03372079122700756,0.020675508016810618,0.10184429027675468,1.5491226684181072,8.93325246060337,0.020876736699641185,0.12171803172950169,1.9069351719212193,11.04695655712382,0.8571428571428572,-0.0714285714285714,0.022888379474519487,-0.009034682533469035,-0.032977102027104355,-0.4174704811988039
2026-07-01,Region,SC,South Central,Model,Genesis,g90,G90,Premium Luxury Car,96.0,895.0,0.10726256983240223,105849.32291666667,133283.82713631156,79.41647924651265,102911.82291666667,131603.53387709497,78.19837346676147,21.0,204.0,0.10294117647058823,1.041979249800479,-0.08571428571428574,0.15662650602409633,-0.0012085045477630563,0.02925505103540975,0.0015385007811947737,0.03915148996406814,1.6712349709440844,-0.03870145651949031,-0.0034659661327098856,0.04330839708902423,1.1514589924193501,0.6842192869276573,-0.16000000000000003,0.10526315789473695,-0.004817444219066935,0.0196078431372549,0.03536767955254505,0.1058890242365691
2026-07-01,Region,SC,South Central,Model,Genesis,gv60,GV60,Entry Luxury EV SUV,6.0,113.0,0.05309734513274336,59632.166666666664,49211.44247787611,121.17540893761726,50241.833333333336,46471.08849557522,108.11417369342908,2.0,27.0,0.07407407407407407,0.7168141592920354,0.19999999999999996,-0.8421052631578947,0.01738305941845765,-0.21263692060152237,0.07538351487172079,0.031750996833445067,7.936836915514377,9.050586807310808,0.1733811325455028,-0.11475113639700707,16.843671306352846,-4.624430007521539,-0.6666666666666667,-0.6666666666666667,-0.09735449735449736,-0.03306878306878307,0.5084808259587021,-1.7633723208944447
2026-07-01,Region,SC,South Central,Model,Genesis,gv70,GV70,Near Luxury SUV,1059.0,12350.0,0.08574898785425102,62126.22989593188,61389.14207567301,101.2006810900701,61767.61720226843,61237.84790795999,100.86510109745312,267.0,3675.0,0.07265306122448979,1.1802529227130056,-0.12623762376237624,0.7858347386172007,-0.03769774264075815,0.02530046593783919,0.003937065668127238,-0.012014861583043102,1.154188106787302,-1.9555051456413963,0.0024681158488568666,-0.004849444595650065,0.9728079223957309,-1.4085702402060036,-0.3118556701030928,-0.03610108303249093,-0.032325293753865184,0.0037818528704370857,0.004327366245083342,0.30254911351514147
2026-07-01,Region,SC,South Central,Model,Genesis,gv80,GV80,Mid Luxury SUV,995.0,26671.0,0.03730643770387312,82415.17342799189,76035.83059455588,108.3899166794829,80741.32626262626,75408.1039642174,107.07247897512391,279.0,7993.0,0.03490554234955586,1.0687826400252969,-0.09215328467153283,0.0958149779735682,-0.004333317624571849,-0.013465201750387672,-0.007129938441493344,0.027766055700789716,-0.7140709911420515,-2.4710977902378914,-0.01556111710642516,0.011158952161431479,-1.4769622517343208,-4.681672867277626,-0.057432432432432456,0.0,0.0008512395423768485,-9.633947204745058e-05,-0.15396314820052637,-0.3817576398668636
2026-07-01,Region,SO,Southern,Brand,Genesis,brand,Genesis,Luxury Market,5679.0,53820.0,0.10551839464882944,68454.77707006369,69745.06340969772,98.14999617671202,68442.16931879135,69576.772899004,98.36927823332707,1520.0,24163.0,0.06290609609733891,1.6773953749339905,0.016103059581320522,-0.0010554089709762238,-0.005486789168128198,-0.016062477482738813,-0.00787948489493484,0.024884734773668704,0.38291979131392395,-2.000560201698306,-0.00680667627741427,0.03262079428925224,0.5408956944628613,-2.198145754621862,-0.035532994923857864,0.011310711909514382,0.004470797617546547,0.0035247994279066497,-0.2222301374666107,-0.37006533998425595
2026-07-01,Region,SO,Southern,Model,Genesis,g70,G70,Near Luxury Car,943.0,8630.0,0.10926998841251448,52790.227176220804,58662.99570499419,89.98897267656344,53390.53779697624,58830.44995587552,90.75323720457796,217.0,2355.0,0.09214437367303609,1.1858563258593162,0.14441747572815533,-0.07001972386587774,-0.0011857756625525406,-0.011171869290300576,-0.003980754884324034,0.049709005485050195,-0.6669121247755498,-1.5708058349240446,-0.0008125364064142104,0.07960657571501462,-0.19036539862911184,0.3904592636999382,0.10152284263959399,-0.11428571428571432,0.013658317896143662,0.0031505487547651145,-0.22147346007174074,-0.16751687518496894
2026-07-01,Region,SO,Southern,Model,Genesis,g80,G80,Mid Luxury Car,380.0,3636.0,0.10451045104510451,72728.58666666667,76484.63595310344,95.08914536935262,73078.84823848239,75700.75434097816,96.53648616143778,51.0,781.0,0.06530089628681178,1.6004443581613064,0.6101694915254237,0.09826589595375723,0.036045118872200535,-0.012936935241385644,-0.007457653987039348,0.04094428025717023,-0.09955178167771805,6.048579743273024,-0.01157435166115428,0.05203281351029365,0.12735556132598447,6.152203251708343,0.0851063829787233,-0.26086956521739135,0.005807225400735833,-0.028576654733596385,0.4496440939784523,0.34937437380521574
2026-07-01,Region,SO,Southern,Model,Genesis,g90,G90,Premium Luxury Car,192.0,1325.0,0.1449056603773585,105350.42708333333,134308.1114503817,78.43936300321937,103249.58730158731,132659.10665658093,77.83075727237706,35.0,432.0,0.08101851851851852,1.7885498652291105,0.04347826086956519,0.28,0.0075922275415375995,0.05577910066256349,-0.0012088566157287817,0.0393343329822311,1.2735952283834138,1.0539986933815157,0.0007526550295839929,0.054002728422485324,1.7419740269358925,2.0177610820722265,0.25,0.25,0.0010185185185185158,-0.003065565565565573,0.07213195478134926,0.7285804229067272
2026-07-01,Region,SO,Southern,Model,Genesis,gv60,GV60,Entry Luxury EV SUV,32.0,136.0,0.23529411764705882,58412.875,50682.279411764706,115.25305427845618,55013.4375,47621.30882352941,115.52273311904055,15.0,37.0,0.40540540540540543,0.580392156862745,-0.1351351351351351,-0.4482758620689655,-0.016406562625050025,-0.06062424969987995,0.015805422231496946,-0.025056906147302827,1.1577853832858835,0.3785087542697454,-0.0009762063418480293,-0.08603406598883567,1.4884336736675579,-4.2839453925886914,-0.25,0.36363636363636354,0.028046914839367665,0.27445302445302444,-0.08661464585834333,-1.6793481028775143
2026-07-01,Region,SO,Southern,Model,Genesis,gv70,GV70,Near Luxury SUV,2237.0,17165.0,0.1303233323623653,61689.78658262044,62030.872975377,99.45013446305688,62027.93450767841,62140.9465850952,99.81813589327605,734.0,5559.0,0.1320381363554596,0.9870128128097939,-0.03494391716997414,0.11682476285571641,-0.03509449394178085,0.004078532160676135,-0.002036745137524054,0.024812999596134366,-0.03963723818952758,-1.3367667268159664,-0.001581032557246842,0.033235033258424584,0.14727770016261843,-1.2564692223098035,-0.04052287581699343,0.1934959349593497,-0.006148279829511494,0.028763577161504947,-0.21005004525524273,-0.2354063501187571
2026-07-01,Region,SO,Southern,Model,Genesis,gv70_ev,GV70 EV,Near Luxury EV SUV,4.0,713.0,0.005610098176718092,66451.0,58054.16238700565,114.46379943787429,68742.0,58842.558174157304,116.8236088521902,5.0,5185.0,0.0009643201542912247,5.8176718092566615,-0.6,-0.9666666666666667,-0.00818300527155777,-0.08407600047799042,-0.034277193879923784,-0.07411830369972061,-3.3456829595072577,1.1823251542653992,-0.029032139598346718,0.0005460584935139678,-2.6638976494702575,6.6460927265290906,,-0.7619047619047619,0.0009643201542912247,-0.0025769951914086067,,-19.50797414419198
2026-07-01,Region,SO,Southern,Model,Genesis,gv80,GV80,Mid Luxury SUV,1891.0,33155.0,0.05703513798823707,79814.14209968186,75893.4813645289,105.16600459573253,79350.13609467456,75496.988028926,105.10371097754556,463.0,9814.0,0.04717750152842878,1.208947827681552,-0.04494949494949496,-0.05165496489468402,-0.002079927396607978,-0.025593736535217272,-0.006818265068830098,0.015743187514390744,-0.5765083065483481,-5.456609237346839,-0.005983080366614102,0.014414862065259326,-0.35405335691763185,-6.6791362288995515,-0.10789980732177262,-0.09922178988326846,-0.002986813182570644,-0.0068084243196964225,0.030519183227588842,-0.321615429785002
2026-07-01,Region,WE,Western,Brand,Genesis,brand,Genesis,Luxury Market,3423.0,55960.0,0.061168691922802,67317.87992988607,70557.9355927558,95.40795002624427,66605.18118059615,70347.47333047025,94.68027496553573,800.0,29783.0,0.02686096095087802,2.277233939421015,0.035077109162382714,0.2397681999275625,-0.004022129714163783,0.0018038378085445464,-0.014254641044408545,0.009835022282839168,0.3428993414184447,-2.1518130070487587,-0.01587828156808735,-0.0018582085182674568,0.15813754791176393,-3.0659245509690294,-0.19999999999999996,-0.1407089151450054,-0.0019342475264313569,-0.0005948767323329281,0.013287085612467386,0.1150396986472706
2026-07-01,Region,WE,Western,Model,Genesis,g70,G70,Near Luxury Car,454.0,12076.0,0.037595230208678374,52426.25330396476,58120.77105921325,90.20226736247712,52811.359030837004,57988.29357048202,91.07244890151372,98.0,3100.0,0.031612903225806455,1.1892368739479893,0.17616580310880825,0.19160104986876636,-0.002760232415472172,0.0039112058076528206,-0.014506675275729797,0.030497526128888897,-0.18267916044153765,-2.125181331536865,-0.010170122116538116,0.037970505376581754,0.3021364424820234,-0.7114562819287187,-0.24031007751937983,-0.2846715328467153,-0.011865357643758762,-0.005615357643758763,0.26106123359252675,0.28443972215401825
2026-07-01,Region,WE,Western,Model,Genesis,g80,G80,Mid Luxury Car,124.0,5297.0,0.0234094770624882,73619.30645161291,77214.82917961349,95.34348160035833,72984.15322580645,75323.20964681175,96.89464053381015,36.0,905.0,0.039779005524861875,0.588488242820884,0.14814814814814814,0.05084745762711873,0.0028105832993754777,-0.0031790763399453283,0.00855042619186519,0.030240086508829478,0.8546478237780661,6.808623299648943,-0.0036455544604192536,0.01796001868105268,0.3211755631384534,7.62516359406456,-0.07692307692307687,-0.09999999999999998,0.004356662200611192,-0.003652047678178297,0.006965626585317186,-0.023713199270148033
2026-07-01,Region,WE,Western,Model,Genesis,g90,G90,Premium Luxury Car,108.0,1910.0,0.05654450261780105,105350.13888888889,136985.602530311,76.90599372702536,102151.00925925926,134575.945754717,75.90584534731296,15.0,582.0,0.02577319587628866,2.193926701570681,0.09090909090909083,1.8421052631578947,0.005775271848570282,0.03980441451207418,0.0028437980524780304,0.028678827374434723,0.2503187960798954,-1.4072511416862312,-0.003909728671007584,0.03132806436320812,0.32610496100670616,-0.22759976686380412,-0.2857142857142857,-0.6052631578947368,-0.022172009603163394,-0.05867124856815579,1.135025602669582,1.9956888161081259
2026-07-01,Region,WE,Western,Model,Genesis,gv60,GV60,Entry Luxury EV SUV,63.0,461.0,0.13665943600867678,58245.333333333336,50171.66594360087,116.09208551856393,56052.88888888889,47244.898047722345,118.64326351655907,50.0,147.0,0.3401360544217687,0.4017787418655097,-0.4568965517241379,-0.2222222222222222,-0.06403260551381457,0.009500880278692475,-0.029952328370336234,-0.0316487847970891,-1.2277065760231665,-2.1775975900814046,-0.02679693659776483,-0.06253259766704977,0.7843491667416345,-1.2563158436457655,-0.19354838709677424,0.3513513513513513,0.010348820379215529,0.17041128377956685,-0.20677131952527056,-0.34742572162466806
2026-07-01,Region,WE,Western,Model,Genesis,gv70,GV70,Near Luxury SUV,1600.0,19612.0,0.08158270446665307,60727.933125,62406.386383885045,97.31044632425879,60643.771875,62257.985442713674,97.40721843754649,369.0,6455.0,0.05716498838109992,1.4271445998163836,0.10116999311768748,0.6080402010050252,-0.011373600312311813,0.024826101876954818,-0.010809046112360776,0.018023814157289042,-0.23186348616729902,1.236185510585031,-0.009301062668915061,0.009199149441222909,-0.16627192542536307,0.9279907785872297,-0.1854304635761589,0.125,-0.014796886122474338,0.010374688809059979,0.13540080603363758,0.2141452578841132
2026-07-01,Region,WE,Western,Model,Genesis,gv70_ev,GV70 EV,Near Luxury EV SUV,2.0,962.0,0.002079002079002079,66675.0,58629.67974816369,113.72226538912366,64278.5,58196.70993762994,110.45040186788565,0.0,11115.0,0.0,,-0.33333333333333337,-0.9918032786885246,-0.0012917844378518535,-0.08463030851090553,-0.043857552581261894,-0.06657061258944752,-6.845881746952401,-0.5211517835866459,-0.07897263218226103,-0.08770066554218114,-12.68601757191611,-5.168022318932174,-1.0,-1.0,-0.0001923693491503687,-0.005164992826398852,,
2026-07-01,Region,WE,Western,Model,Genesis,gv80,GV80,Mid Luxury SUV,1072.0,31789.0,0.03372235679008462,79434.21268656716,78407.08891780478,101.30998839893053,77660.41549953315,78180.95473382834,99.33418664933498,232.0,7479.0,0.031020189864955208,1.0871099415217365,-0.06129597197898429,0.18584070796460184,-0.0024248910179741276,-0.01043336049609718,0.0006435488210227991,0.015658465807133926,-0.13977135769755478,-4.137843349103477,-0.003506107315151108,-0.010953566190295305,-0.5989511444489324,-6.6135472343606665,-0.20819112627986347,-0.1684587813620072,-0.004957216814809033,-0.005260694400324374,0.0823891696827248,-0.12994190769237846
2026-07-01,National,NTL,National,Brand,Genesis,brand,Genesis,Luxury Market,20449.0,286336.0,0.07141609856951274,69277.4327637993,70278.63851004041,98.57537686064012,68855.5540580423,69936.47184817615,98.45442905315498,5848.0,131849.0,0.04435376832588795,1.6101472606517928,-0.06429029010707421,0.009278910221607983,-0.010880710706294927,-0.012133727823671642,-0.003575038615053483,0.03111843631550748,0.9461944831610509,-0.8903821874723548,-0.004450729990521207,0.031239846834931084,0.89665194374534,-1.1899682151486104,-0.11299863491581985,-0.034186622625928975,0.0004607147860826166,0.0016696379401446582,-0.2647919982716058,-0.3472506209058559
2026-07-01,National,NTL,National,Model,Genesis,g70,G70,Near Luxury Car,2836.0,45443.0,0.06240785159430495,53845.55610972569,59253.786357921206,90.87276850878825,54159.589871611985,59164.77127497412,91.54026746744265,654.0,12331.0,0.05303706106560701,1.1766838195861993,0.027908662558898234,-0.10167880899588222,-0.01142142322506888,-0.007499145748476266,-0.004596477855348224,0.04405438991173871,0.0907889234329815,-1.559717054361954,-0.002540806279188512,0.061939274346337836,0.3834866855132475,0.1229800689923195,-0.10655737704918034,-0.25,-0.006499335843705718,-0.005941633557321635,-0.06338576225014125,-0.008608560818640587
2026-07-01,National,NTL,National,Model,Genesis,g80,G80,Mid Luxury Car,1072.0,19642.0,0.054576926993177885,74142.0,77081.12218324983,96.18697535790609,73969.88101983003,75549.38897157491,97.90930413436017,239.0,3952.0,0.06047570850202429,0.9024603158035105,0.30731707317073176,0.00280636108512633,0.01228708686940274,-0.009991809416582925,0.0009178855682026033,0.053127199017192206,0.381543298418606,7.361371087879206,-0.0032344238919149726,0.0574583657237997,0.4843128890714752,8.525811965938232,0.09633027522935778,-0.03238866396761131,0.012887845589996352,-0.0011818052273816007,0.013791702927299698,-0.14475570872078825
2026-07-01,National,NTL,National,Model,Genesis,g90,G90,Premium Luxury Car,588.0,6806.0,0.08639435791948281,105610.53767123287,135098.8136076797,78.17280910987174,102935.92136752137,133099.678395407,77.3374681355154,135.0,2109.0,0.06401137980085349,1.3496718581643647,-0.00843170320404718,0.4447174447174447,0.00196952876230741,0.03768101261726857,0.0005062409911282817,0.03869714434371474,0.8875361475022316,0.2342064357453495,-0.0015601702577113796,0.04912419412409874,0.9722121988514374,1.4438727981452928,0.0714285714285714,-0.11184210526315785,-0.006854761931429976,-0.019139604881859854,0.1583437133908896,0.7638297843982618
2026-07-01,National,NTL,National,Model,Genesis,gv60,GV60,Entry Luxury EV SUV,155.0,1693.0,0.0915534554046072,59780.4025974026,50246.206264775414,118.97495759657191,56772.506493506495,47653.624704491725,119.1357569241847,108.0,430.0,0.25116279069767444,0.3645183872590842,-0.38247011952191234,-0.5753424657534247,-0.031065010643267735,-0.077663048999658,-0.02219739864804693,-0.03832580833196708,-1.4269157698782777,-2.465661294320057,-0.02841047989877421,-0.06384390850891208,-0.8466810612145821,-2.5020104005813124,-0.26027397260273977,0.17391304347826098,-0.028530695892363844,0.13659242955197082,-0.07388462148742758,-1.1124474066172738
2026-07-01,National,NTL,National,Model,Genesis,gv70,GV70,Near Luxury SUV,8482.0,94292.0,0.08995460908666696,61932.81604164202,62122.569215845826,99.69455034362068,61854.473204779366,62011.32174488926,99.74706467190757,2679.0,31162.0,0.08597009177844811,1.0463477149528615,-0.09079215349983916,0.1319898572000533,-0.028312147166423135,0.004004025223765764,-0.000780226254613825,0.017539007918345062,0.24514942015395036,-0.07856517986205347,-0.0008413905830922941,0.01850726731090746,0.28553399543596925,-0.04047418858483809,-0.1583411875589067,0.05555555555555558,-0.012957647149290819,0.010483803038932316,-0.1491385817619275,-0.09227739562178927
2026-07-01,National,NTL,National,Model,Genesis,gv70_ev,GV70 EV,Near Luxury EV SUV,18.0,3805.0,0.004730617608409987,72013.16666666667,59125.48449973531,121.79716965700138,71263.27777777778,58870.5575893796,121.05079465161013,7.0,30639.0,0.0002284669865204478,20.705913272010513,-0.3571428571428571,-0.9739130434782609,-0.0028308190645578773,-0.07346521194734705,0.005951623704521181,0.01446230381028002,0.46883844100517535,9.015482156592824,-0.0034725742435529616,0.0269395547358513,-1.1520349986703735,8.80432034784613,0.3999999999999999,-0.9595375722543352,0.00011259481669819571,-0.004433474860470848,-44.550797503036755,3.932681832793243
2026-07-01,National,NTL,National,Model,Genesis,gv80,GV80,Mid Luxury SUV,7298.0,183085.0,0.039861266624791766,80402.96195351411,76507.88287251735,105.09108203593478,79445.60272840016,76037.53300935969,104.48208875822019,2026.0,51226.0,0.039550228399640806,1.0078643850550755,-0.09611097349516973,0.03079096045197738,-0.004916673833968606,-0.01673526723720222,-0.0037512266878355627,0.02737653450000188,-0.1012819207040252,-3.14924105906843,-0.005951878647154629,0.017900918282117928,-0.22855395600208794,-4.570153492748204,-0.07191937700412276,0.022715800100959083,0.0003609421724398848,-0.00030652068995137144,-0.13474230084267425,-0.41213436433547845
2026-08-01,Region,CE,Central,Brand,Genesis,brand,Genesis,Luxury Market,2207.0,29876.0,0.07387200428437542,69683.5497049478,69671.5179534227,100.01726925417806,68665.53719008264,68484.87519848456,100.26379838040806,728.0,14714.0,0.049476688867745006,1.4930668558245876,-0.03876306620209058,-0.33882564409826244,-0.0014634946164350238,-0.050838449276111766,-0.0045149306524324695,0.012295733526712871,0.6309062207789253,-1.2937439163512892,-0.005394322742773627,0.011492906908229461,0.7763510914943481,-1.920467305149856,0.025352112676056304,-0.20175438596491224,-0.0008922101106885946,-0.007907064986152935,-0.0026080631976996838,-0.6802042389526306
2026-08-01,Region,CE,Central,Model,Genesis,g70,G70,Near Luxury Car,271.0,4187.0,0.06472414616670648,55171.9335793358,60092.70047345768,91.8113733359423,55062.20295202952,59569.13303464755,92.43411838813125,69.0,1247.0,0.05533279871692061,1.169724786520043,0.03041825095057038,-0.23229461756373937,-0.009007280802735634,-0.021731891060822295,-0.0026870142689762178,0.04354845045962907,0.5352637629482331,-1.5849563911118167,0.0003144823000187369,0.06733509519145309,0.5295546961442028,0.007105915525073669,0.18965517241379315,-0.32352941176470584,0.002605525989647882,-0.01120340480558428,-0.22862986290041087,-0.12965859651722766
2026-08-01,Region,CE,Central,Model,Genesis,g80,G80,Mid Luxury Car,121.0,1626.0,0.07441574415744158,75880.42148760331,77860.56022797289,97.45681416294487,75309.02479338842,75644.14195317314,99.5569820066276,32.0,399.0,0.08020050125313283,0.9278713099630997,0.10000000000000009,0.13084112149532712,0.00948067922237665,-0.015274113344653978,0.0011878890903251893,0.05643036774448551,-0.3421174743857165,8.323248461305425,0.0014675135746640144,0.06238552426380983,-0.26065967867634754,9.923004858685132,-0.11111111111111116,-0.08571428571428574,-0.00825158719895562,-0.00908521303258146,0.19374432583611567,-0.07665509406037052
2026-08-01,Region,CE,Central,Model,Genesis,g90,G90,Premium Luxury Car,49.0,640.0,0.0765625,106116.83673469388,132826.101,79.89155439765102,102759.95918367348,129621.25892384106,79.27708775305913,11.0,165.0,0.06666666666666667,1.1484375,-0.039215686274509776,0.2564102564102564,-0.008721780936454843,0.020285443722943726,0.00016977761565017957,0.03948341072811101,1.8129070527705125,1.8899715400814188,-0.005917177492411718,0.04601154061627999,1.7033895000083419,2.9617007533737763,-0.5217391304347826,-0.38888888888888884,-0.05901639344262295,-0.04176706827309237,0.4698712647229897,0.629437981000481
2026-08-01,Region,CE,Central,Model,Genesis,gv60,GV60,Entry Luxury EV SUV,1.0,113.0,0.008849557522123894,,48422.17857142857,,,46094.419642857145,,1.0,22.0,0.045454545454545456,0.19469026548672566,-0.5,-0.9285714285714286,-0.007817109144542773,-0.15206998270776118,,,,,,,,,-0.5,-0.9090909090909091,-0.04978354978354978,-0.15824915824915825,0.019690265486725644,-0.5952783865508919
2026-08-01,Region,CE,Central,Model,Genesis,gv70,GV70,Near Luxury SUV,891.0,8776.0,0.10152689152233364,62050.299663299666,62162.03313892078,99.82025447048778,61109.91136363636,61346.24612715442,99.61475268914059,306.0,3163.0,0.09674359785014228,1.0494429996246448,-0.07954545454545459,-0.39470108695652173,-0.005612012738872782,-0.07518379275137584,-0.006811259961552185,-0.006364223467135388,-1.02884058893234,-1.3071115629927164,-0.00958272894565071,-0.012491326429852845,-0.8352409853078768,-1.8838566312371654,0.0,-0.23308270676691734,-0.000122499015954583,-0.01635164024509582,-0.05660862966016267,-0.5130514718481547
2026-08-01,Region,CE,Central,Model,Genesis,gv70_ev,GV70 EV,Near Luxury EV SUV,4.0,498.0,0.008032128514056224,70940.25,60452.50334004024,117.34873839875095,68464.0,59663.77004016064,114.74970481066782,3.0,2535.0,0.001183431952662722,6.787148594377509,3.0,-0.9344262295081968,0.005738550532404848,-0.07999095950903179,-0.06275267538644469,0.028451631210932637,-7.219245054144238,8.635087279385573,0.04846934868834141,0.025099863869971095,5.395771071807786,7.306241477245436,2.0,-0.8636363636363636,0.0008144282626258216,-0.005375900188064768,0.5715522641022792,-6.632371279687819
2026-08-01,Region,CE,Central,Model,Genesis,gv80,GV80,Mid Luxury SUV,870.0,20563.0,0.042309001604824197,79134.29296424452,73882.3902080187,107.10846352079149,77882.15123094959,72477.34094498541,107.45724141572295,306.0,7183.0,0.04260058471390784,0.9931554200243535,-0.03440621531631516,-0.326625386996904,0.0009065569765731168,-0.03567735681854756,-0.005756905271021573,-0.0015370233112286247,1.056338254650612,-3.8593634085039668,-0.005019534279692817,-0.002931034123572096,1.479246895371844,-4.656924684031253,0.07746478873239426,-0.058461538461538454,-0.000984436771666132,-0.004734107974702702,0.04323172566631117,-0.6543963859290942
2026-08-01,Region,EA,Eastern,Brand,Genesis,brand,Genesis,Luxury Market,3873.0,56187.0,0.06893053553313044,68630.73667873771,69111.53907451623,99.30430952310276,68547.75045489993,68700.0055044891,99.77837694703062,1379.0,28365.0,0.04861625242376168,1.4178496304548551,0.14994061757719712,0.07732962447844227,0.01129483151505939,-0.0038958156539694727,0.0022130917600760025,0.05494954679279962,1.2734647204201508,1.9531321428820263,0.0035841580995443767,0.0658896245306384,1.4906335983970251,3.0334572968281606,0.07315175097276261,-0.07511737089201875,-0.0011629371632841112,-0.0034201835515288714,0.260022343666928,0.018323513376401923
2026-08-01,Region,EA,Eastern,Model,Genesis,g70,G70,Near Luxury Car,563.0,9098.0,0.0618817322488459,54534.342245989305,59418.1354255553,91.78063541612666,54765.28952042629,59308.4424150819,92.3397872045611,135.0,3057.0,0.04416094210009813,1.4012774480349772,-0.02086956521739125,-0.2391891891891892,-0.005424834530973838,-0.014509307288678622,-0.011893476888173105,0.03110507889315639,-0.4880918488100434,-2.0111401709259553,-0.011271226818063806,0.04571811979439455,-0.508665271905187,-0.3646942355499192,-0.08783783783783783,-0.35096153846153844,-0.015396401964288188,-0.02591992043359459,0.27116380987381494,0.31123607617260807
2026-08-01,Region,EA,Eastern,Model,Genesis,g80,G80,Mid Luxury Car,298.0,3938.0,0.07567293042153378,73887.71621621621,76411.44316017315,96.69718717566069,73947.83333333333,75178.97489047375,98.3623858147387,84.0,988.0,0.08502024291497975,0.8900578006723259,0.4123222748815165,0.6836158192090396,0.022403554001437842,0.01807449241307299,-0.0015791283838710868,0.009921956924692,-0.22970143285022004,4.6036240451571615,0.002095495700597416,0.019915989652136812,0.038195498672266126,6.14112738291152,0.5555555555555556,0.6799999999999999,0.021788392797883735,0.03249923451161841,0.04761247728784568,-0.20661645900876757
2026-08-01,Region,EA,Eastern,Model,Genesis,g90,G90,Premium Luxury Car,71.0,1384.0,0.05130057803468208,105826.8309859155,129319.53902654868,81.83359744592792,103289.47887323944,127470.08960235641,81.03036500205772,24.0,474.0,0.05063291139240506,1.013186416184971,0.044117647058823595,0.392156862745098,0.00032606529105389664,0.019062904204087898,0.0003179770746191135,0.022996784831402328,3.125811825865256,1.7199157887514644,0.0019357119505574172,0.021926115097019805,3.0559533483429817,2.2999787460165635,0.04347826086956519,-0.2727272727272727,0.007399828685638148,-0.04206371782107809,-0.16587622640677657,0.6654102984973489
2026-08-01,Region,EA,Eastern,Model,Genesis,gv60,GV60,Entry Luxury EV SUV,21.0,379.0,0.055408970976253295,63899.28571428572,50456.810026385225,126.64154884320087,61130.142857142855,46961.3746701847,130.17111037840584,13.0,73.0,0.1780821917808219,0.31114268317434546,-0.30000000000000004,-0.7961165048543689,-0.03154755076287714,-0.2529742625566808,0.01611736601018765,-0.023185967545815256,3.99975154063803,3.378106782132079,0.01933972114783722,0.01966926916400169,6.637639204274635,11.936171426342838,-0.2777777777777778,-0.6388888888888888,-0.07191780821917809,0.009857892715401356,-0.03668340378217627,-1.5220243161603184
2026-08-01,Region,EA,Eastern,Model,Genesis,gv70,GV70,Near Luxury SUV,1511.0,19836.0,0.07617463198225449,62217.88063660477,61865.372205213695,100.56979925736447,62328.71981320881,61570.22420733861,101.23191951245127,660.0,7691.0,0.0858145884800416,0.887665294811393,0.14643399089529585,0.03422313483915129,0.009846817579355793,0.006323800083229816,0.0034947074882694107,0.03791541300476409,0.5840144498711339,1.36931732389219,0.004964782995524164,0.04780765148819377,0.932897581830872,2.7096465172325424,0.044303797468354444,-0.14174252275682708,0.0008340855890909549,-0.00937045917437107,0.10715903576968788,0.15382280988002706
2026-08-01,Region,EA,Eastern,Model,Genesis,gv70_ev,GV70 EV,Near Luxury EV SUV,20.0,694.0,0.02881844380403458,68451.0,60169.97513708513,113.7627194361444,68887.9,59369.74543227666,116.03199491326899,8.0,4043.0,0.001978728666831561,14.564121037463975,2.3333333333333335,-0.5555555555555556,0.019233779267293367,-0.005664314816655074,-0.10151604646583978,-0.04539250754470581,-11.147187377330212,1.6689622094522178,-0.0957813217825032,0.009565115442171424,-10.703711943413523,7.980841052425873,,-0.6190476190476191,0.001978728666831561,-0.0016766238135861936,,5.130623500518162
2026-08-01,Region,EA,Eastern,Model,Genesis,gv80,GV80,Mid Luxury SUV,1389.0,34145.0,0.040679455264313956,78338.89416846652,74591.14887694427,105.02438338589614,78102.88614938362,74072.4520600041,105.44120516776543,455.0,12039.0,0.037793836697400114,1.0763515646748918,0.1974137931034483,0.3644400785854618,0.009746946797873062,-0.0007531861683274799,-0.012228143542717507,0.009886300735382658,-0.07036978111123915,-2.0342051219377453,-0.010475897938552525,0.015432638449816016,0.24783290977866557,-1.3417352197174495,0.10975609756097571,0.21657754010695185,0.0009266484949003381,0.001620125506762722,0.23732613380833278,-0.06902832776382417
2026-08-01,Region,MA,Mid-Atlantic,Brand,Genesis,brand,Genesis,Luxury Market,2011.0,25935.0,0.07754000385579334,71660.13998970664,69564.1889570076,103.01297415254045,71285.25012431626,69509.32273162078,102.55494849166122,555.0,12100.0,0.045867768595041325,1.6905117957749538,-0.03224254090471612,0.4142053445850915,0.0016728990730258964,0.0022541080489318355,0.010786488390302607,0.05397124268924158,2.0502723370565548,2.6820240348205004,0.004878985744535491,0.06703646702569244,1.7333745749527907,3.088985933031765,0.06525911708253362,-0.1328125,-0.0005258200069177127,-0.0001985957611092548,0.0552189230101201,0.05621968570506808
2026-08-01,Region,MA,Mid-Atlantic,Model,Genesis,g70,G70,Near Luxury Car,246.0,4234.0,0.05810108644307983,55348.718614718615,59039.147339971554,93.74918356458988,55643.382113821135,59258.09689345618,93.90004915930025,56.0,1476.0,0.037940379403794036,1.5313786355354613,-0.019920318725099584,0.3085106382978724,-0.002703177122811637,0.008180746559914673,-0.00012254451102822195,0.07345638195282023,-0.011827503243196702,1.5314958536229568,0.0013444410780834026,0.1071247272021274,0.22382165032591672,3.8638995972533223,0.1428571428571428,-0.19999999999999996,-0.009864498644986452,-0.009939237559270259,0.2594527140040581,0.4887566796899261
2026-08-01,Region,MA,Mid-Atlantic,Model,Genesis,g80,G80,Mid Luxury Car,105.0,1372.0,0.07653061224489796,75763.45544554456,77646.59461820852,97.57473050566684,75112.44761904761,76417.57523009497,98.29211067333975,25.0,340.0,0.07352941176470588,1.0408163265306123,0.09375,0.2962962962962963,0.010048617785064162,-0.002570950255102039,0.008344778635022143,0.0626168815716801,0.7508094367602922,7.220397066465253,0.012081456617450748,0.06638987128932317,0.9100332310765396,7.138296094304295,0.08695652173913038,-0.1071428571428571,-0.00018853695324283493,3.859811641192257e-05,0.13897361907547556,-0.0355299346301019
2026-08-01,Region,MA,Mid-Atlantic,Model,Genesis,g90,G90,Premium Luxury Car,69.0,471.0,0.1464968152866242,106097.984375,131263.65695067265,80.8281491158443,103083.97101449275,128888.05837004405,79.9794583905776,8.0,126.0,0.06349206349206349,2.3073248407643314,0.1499999999999999,1.3793103448275863,0.020181025812939984,0.08707058577842748,0.00376709123496477,0.031854851049095245,1.8963075232994129,1.136851532801444,0.00044793600368486786,0.04484386049443012,2.142749283236782,3.66422986053999,-0.4285714285714286,-0.3846153846153846,-0.06494830348041358,-0.04484126984126985,1.32386619414779,1.7587750299194387
2026-08-01,Region,MA,Mid-Atlantic,Model,Genesis,gv60,GV60,Entry Luxury EV SUV,16.0,220.0,0.07272727272727272,59616.875,50347.35,118.41114775653536,57613.125,49211.55454545454,117.07235329618638,6.0,45.0,0.13333333333333333,0.5454545454545454,-0.05882352941176472,-0.33333333333333337,0.0039013617960986374,-0.06600105097214923,-0.023102809278474634,-0.04476465027345744,-0.9686227847197415,-5.617078837193475,-0.00871415732065628,-0.08258563801306673,0.49994965428071225,-11.792811112774217,-0.33333333333333337,-0.4545454545454546,-0.0072916666666666685,0.039316239316239315,0.056025845499529714,-0.9301103520756699
2026-08-01,Region,MA,Mid-Atlantic,Model,Genesis,gv70,GV70,Near Luxury SUV,759.0,8434.0,0.08999288593787053,62671.04884667571,62106.677475704855,100.90871286938771,62517.03820816864,62194.819423692636,100.51807978134148,230.0,2764.0,0.08321273516642547,1.081479724922931,-0.08774038461538458,0.45124282982791586,-0.005584368513594146,0.013586750072275194,0.0038921776844866862,0.034207408458594823,0.15836752643069474,2.557506016109855,-0.001199486172767772,0.045401193655393524,0.25230940700586757,2.702295519453912,0.040723981900452566,-0.14179104477611937,0.0027613336374848058,-0.00035446159066838956,-0.10653257362084023,0.16717197223276603
2026-08-01,Region,MA,Mid-Atlantic,Model,Genesis,gv70_ev,GV70 EV,Near Luxury EV SUV,8.0,298.0,0.026845637583892617,74444.125,59483.74595890411,125.15036469194737,72912.0,59842.9834228188,121.83884530763191,3.0,2253.0,0.0013315579227696406,20.161073825503355,1.0,-0.8181818181818181,0.009824360988147936,-0.059768535644453835,0.0011649799952930806,0.0524460425413511,1.137960662962044,15.643454953042237,-0.015527530987550997,0.08569251084803131,0.6574336394102431,15.340408877734149,,-0.88,0.0013315579227696406,-0.005881367639838553,,8.152884849125401
2026-08-01,Region,MA,Mid-Atlantic,Model,Genesis,gv80,GV80,Mid Luxury SUV,808.0,16728.0,0.048302247728359636,81768.106870229,75244.94976532568,108.6692291313208,81325.775990099,75107.11406109882,108.27972424015834,227.0,5096.0,0.0445447409733124,1.0843535437168312,-0.012224938875305624,0.5159474671669793,0.0039397551853800825,-0.0013391791134024916,-0.0019702842032667256,0.039431838500558314,1.5141675898343152,0.520464702597863,-0.00406312814178611,0.050943117062194565,1.5028254618723196,0.9972783226137949,0.1073170731707318,0.008888888888888946,0.0017740336918602856,0.0007704219071645452,0.047136827821704363,-0.04967727391275689
2026-08-01,Region,MS,Mountain States,Brand,Genesis,brand,Genesis,Luxury Market,997.0,19088.0,0.05223176865046102,71863.90030832477,71779.89973767549,100.117025199194,70603.76629889669,71006.80260245147,99.43239761715328,413.0,10063.0,0.04104143893471132,1.272659292807722,-0.06032045240339301,-0.05497630331753556,-0.0008447696186735451,-0.01593830113501326,-0.0077401719025398386,0.03164989226875892,-0.058498981981770726,-0.04912766180687811,-0.009626784133310973,0.023426024160238423,0.08959174494941635,-0.4291787041941717,0.15686274509803932,-0.03953488372093028,0.004035115725423463,0.004251568982623709,-0.1615966306722254,-0.5802983249890765
2026-08-01,Region,MS,Mountain States,Model,Genesis,g70,G70,Near Luxury Car,86.0,2547.0,0.03376521397722811,55996.14117647059,60740.36329787235,92.18934187446992,56296.86046511628,60415.11393011386,93.18340528206,31.0,739.0,0.04194857916102842,0.804919133199083,-0.0337078651685393,-0.0444444444444444,-0.002472571039058534,-0.007671250111169675,-0.0015235499193725355,0.03338021577857919,0.19373070763765554,-0.11731968665543491,-0.0005992746684454486,0.054810625610336894,0.38147416975857595,1.9078073102160715,0.29166666666666674,0.06896551724137923,0.003671067199305933,0.0019485791610284187,-0.14179300035140563,-0.23099246901086157
2026-08-01,Region,MS,Mountain States,Model,Genesis,g80,G80,Mid Luxury Car,37.0,1155.0,0.032034632034632034,75276.05405405405,78684.43120629371,95.66829536671159,74709.94594594595,76182.2739965096,98.0673613777516,18.0,189.0,0.09523809523809523,0.33636363636363636,0.5416666666666667,0.15625,0.010982000455684666,-0.003442086368915638,0.01657484307755608,0.07686057592535467,1.2114764944609675,12.066510636685834,0.020908356921160998,0.07732717035143222,1.6936164208929512,14.081654471389001,0.3846153846153846,0.5,0.01548349401110137,0.04214075010535187,0.07239602502760395,-0.3317812269031782
2026-08-01,Region,MS,Mountain States,Model,Genesis,g90,G90,Premium Luxury Car,10.0,274.0,0.0364963503649635,106151.2,132738.6561264822,79.9700728466409,100762.8,129814.06225680934,77.62086652882209,5.0,64.0,0.078125,0.46715328467153283,-0.23076923076923073,0.6666666666666667,-0.011830787181504904,0.0164963503649635,-0.004178513389081595,0.03788117543725278,1.126464866696054,6.681338011219381,-0.012993600625696433,0.034226584030285556,2.0477744636630604,7.548636760656237,0.25,-0.2857142857142857,0.01842350746268657,-0.019097222222222224,-0.342326269231813,0.2614389989572471
2026-08-01,Region,MS,Mountain States,Model,Genesis,gv60,GV60,Entry Luxury EV SUV,18.0,244.0,0.07377049180327869,60077.0,49602.14049586777,121.11775701495154,60583.88888888889,46494.58606557377,130.30310411505596,18.0,76.0,0.23684210526315788,0.3114754098360656,2.6,0.8,0.05532030730143367,0.018214936247723135,-0.07265396596062601,-0.04785526930970818,-10.674209312671763,-4.6095490434083075,0.008904180053837418,-0.010733152046516148,0.25863434008672925,5.694930204194634,0.5,0.3846153846153846,0.04329371816638369,0.14263920671243324,0.216149456576533,-0.27826817990752406
2026-08-01,Region,MS,Mountain States,Model,Genesis,gv70,GV70,Near Luxury SUV,419.0,7498.0,0.05588156841824486,64566.0193236715,63884.25776322894,101.06718240817531,63181.75894988067,63029.92065729585,100.2408987525312,158.0,2166.0,0.0729455216989843,0.7660726404678379,-0.10470085470085466,-0.025581395348837188,-0.006072363273574043,-0.007643324475831076,-0.0004512143820594172,0.026891559141152266,-0.6686399589592895,-0.18980656053365408,-0.011349538980922391,0.012437290810044965,-1.1413701417185536,-0.3236554288581459,0.05333333333333323,-0.1459459459459459,0.0025229864877166913,-0.007805242159592746,-0.1136731895559906,-0.020605898020421454
2026-08-01,Region,MS,Mountain States,Model,Genesis,gv70_ev,GV70 EV,Near Luxury EV SUV,8.0,346.0,0.023121387283236993,72379.42857142857,59510.59860869565,121.62443373717389,72747.625,58526.76959537573,124.29803575857683,11.0,3108.0,0.0035392535392535394,6.532842879663688,7.0,-0.9036144578313253,0.020222836558599314,-0.10094438252244313,0.08266537883757752,0.05588370438182544,8.437494100346441,12.236173520151922,0.20130827154581632,0.08004321476573217,19.6223014795694,15.209988270045827,10.0,-0.5769230769230769,0.003215419342362348,-0.0022129588501269915,-2.4178817580174705,-15.03551402501609
2026-08-01,Region,MS,Mountain States,Model,Genesis,gv80,GV80,Mid Luxury SUV,419.0,12746.0,0.032873058214341756,81977.61633663367,78924.3985215816,103.86853479056563,80269.40572792363,78215.64287166153,102.62576996219536,172.0,3721.0,0.04622413329750067,0.7111665675323586,-0.09110629067245124,0.03712871287128716,-0.0006103816462044373,-0.014005567917011227,-0.007145739878921087,0.021995126299833245,0.30077463879405286,-1.9361804371250741,-0.007199428346592263,0.009066455488889291,0.5411609356870741,-2.909313423908614,0.12418300653594772,0.08860759493670889,0.002634389707757083,0.0037052958378666553,-0.05698293515075992,-0.39137124705060145
2026-08-01,Region,SC,South Central,Brand,Genesis,brand,Genesis,Luxury Market,2402.0,39240.0,0.061213047910295616,71932.92566148678,69366.1559901143,103.70031989625932,70792.66931770615,68791.09293410883,102.90964469123134,815.0,18771.0,0.043418038463587445,1.409852910827189,-0.0558176100628931,0.1774509803921569,-0.002732256734787837,-0.007736152752157492,0.004879443165716202,0.022311194293223258,1.8879288524340012,0.8365425307859056,0.002040732109687582,0.028552197744585728,1.7928902859851945,1.415396075180368,0.2442748091603053,-0.07281001137656429,-0.0031415293498899474,-0.0006310720350344509,0.03644444403782421,-0.15542729306274472
2026-08-01,Region,SC,South Central,Model,Genesis,g70,G70,Near Luxury Car,241.0,6474.0,0.037225826382452885,53648.53164556962,60064.4978134247,89.3182055932863,53624.04219409283,59877.70698422517,89.55593808597267,77.0,1901.0,0.04050499736980537,0.9190428045849731,-0.07662835249042144,-0.08015267175572516,-0.005964641927988949,-0.009476490908099697,0.0014418963542128793,0.05013273105780591,0.37501743821945865,-1.0212940330129214,0.0013171548432746594,0.07309914558803188,0.5091231925848803,1.3473442856924152,0.28333333333333344,-0.07228915662650603,0.0038973097554063432,0.0005435144617649268,-0.26077682142859626,-0.2496404847219874
2026-08-01,Region,SC,South Central,Model,Genesis,g80,G80,Mid Luxury Car,150.0,2353.0,0.06374840628984275,77364.04697986577,77591.84552270781,99.70641432574848,77123.74,75877.00725607158,101.6430968866773,39.0,535.0,0.07289719626168224,0.8744973683350225,0.1811023622047243,-0.05063291139240511,0.01233140224125976,-0.024816616131681915,0.0061635101646673185,0.10582967425854894,0.6976427808770893,10.884480398564364,0.0052344506898398535,0.13350218853237883,0.9465934711601989,13.792733400058609,0.5,0.054054054054053946,0.023840592488097334,0.0034788097701250187,-0.17361848342455388,-0.40131768438586
2026-08-01,Region,SC,South Central,Model,Genesis,g90,G90,Premium Luxury Car,88.0,871.0,0.1010332950631458,105709.79310344828,132230.19186746987,79.94376443875832,101818.2643678161,130037.25757396451,78.29930149818978,19.0,241.0,0.07883817427385892,1.2815275847483232,-0.08333333333333337,-0.03296703296703296,-0.006229274769256429,0.011904989480383807,-0.0013181927798276982,0.02912253544780219,0.5272851922456709,-0.7441991320395402,-0.010626170228624665,0.019960583959008238,0.1009280314283103,-0.2080415591535001,-0.09523809523809523,-0.09523809523809523,-0.024103002196729312,-0.009769420662849942,0.23954833494784422,0.2756509931714377
2026-08-01,Region,SC,South Central,Model,Genesis,gv60,GV60,Entry Luxury EV SUV,3.0,95.0,0.031578947368421054,55816.0,48769.57894736842,114.44839427511975,42660.0,45351.81052631579,94.06460184262359,2.0,28.0,0.07142857142857142,0.4421052631578948,-0.5,-0.9,-0.02151839776432231,-0.31725826193390455,-0.06399510331392733,-0.03778070332203787,-6.72701466249751,3.337415315668565,-0.15090678086985954,-0.21744011564129184,-14.049571850805492,-13.98612318920516,0.0,-0.8666666666666667,-0.0026455026455026454,-0.15584415584415584,-0.2747088961341406,-1.0927784577723378
2026-08-01,Region,SC,South Central,Model,Genesis,gv70,GV70,Near Luxury SUV,927.0,12301.0,0.07535972685147549,62379.8722943723,61482.03777613534,101.46032003933587,61556.436893203885,61015.16695202412,100.88710720337022,346.0,3729.0,0.09278626977742022,0.8121861891015957,-0.12464589235127477,0.3632352941176471,-0.010389261002775527,0.002390524147322687,0.004082694199620596,0.0031254953790815776,0.2596389492657636,0.20435980695198452,-0.0034189486114221124,0.009692801655155847,0.02200610591710017,1.024801087044466,0.29588014981273414,-0.014245014245014231,0.020133208552930423,0.0047059686481855795,-0.36806673361140996,-0.016253334476891257
2026-08-01,Region,SC,South Central,Model,Genesis,gv80,GV80,Mid Luxury SUV,993.0,25156.0,0.039473684210526314,81577.11416921508,74864.67920636192,108.96609059707659,79997.2,74097.49704422527,107.96208129979543,332.0,8835.0,0.037577815506508204,1.0504518072289157,-0.0020100502512563345,0.24592220828105393,0.0021672465066531962,-0.005677006929287874,-0.010168749562955659,0.012933200395308875,0.5761739175936924,-1.8344883126880092,-0.009216175867682086,0.012146598078496496,0.8896023246715146,-1.8636597427943258,0.1899641577060931,-0.07777777777777772,0.002672273156952343,-0.0048900386871923995,-0.018330832796381147,-0.012721550527208914
2026-08-01,Region,SO,Southern,Brand,Genesis,brand,Genesis,Luxury Market,6215.0,53224.0,0.1167706297910717,68639.02801932367,69107.68482426304,99.32184560062873,68686.07217504899,68827.3114701283,99.79479178822696,1617.0,26841.0,0.060243657091762604,1.938305797292613,0.09438281387568237,0.08977731018762047,0.011252235142242259,-0.012878365389432073,0.0026915718251685483,0.01960282909620359,1.1718494239167114,-0.8727705457233412,0.0035636342138949395,0.04226346853749763,1.4255135548998936,0.3936521800933406,0.06381578947368416,-0.10415512465373966,-0.002662439005576306,-0.0015650611906056489,0.2609104223586225,-0.1592784721014322
2026-08-01,Region,SO,Southern,Model,Genesis,g70,G70,Near Luxury Car,938.0,9588.0,0.09783062161034627,52460.65991471215,58312.75633291615,89.96429463084627,53156.06008583691,58451.96537835299,90.93973101120505,216.0,3177.0,0.0679886685552408,1.4389253928521761,-0.005302226935312793,-0.04187946884576099,-0.011439366802168213,-0.016086064449695625,-0.006242959713139928,0.04081388341209835,-0.024678045717166697,-2.1556390323064676,-0.004391746568108479,0.08374914343130602,0.18649380662709802,0.8605508065701599,-0.004608294930875556,-0.2627986348122867,-0.024155705117795287,-0.024207681350360208,0.2530690669928599,0.20333758295861593
2026-08-01,Region,SO,Southern,Model,Genesis,g80,G80,Mid Luxury Car,403.0,3720.0,0.10833333333333334,73934.09452736318,76489.32506186122,96.65936320861573,74342.98,75599.9041987611,98.33739974662336,96.0,878.0,0.10933940774487472,0.9907986111111111,0.06052631578947376,0.35690235690235683,0.0038228822882288294,-0.006117533718689783,0.016575433621742963,0.054776818235903635,1.5702178392631083,8.28887393844957,0.017298189448639034,0.08732899968680852,1.800913585185583,10.312688468041486,0.8823529411764706,-0.030303030303030276,0.04403851145806294,-0.012431809967302407,-0.6096457470501953,0.05091421804752738
2026-08-01,Region,SO,Southern,Model,Genesis,g90,G90,Premium Luxury Car,194.0,1374.0,0.14119359534206696,105050.40721649484,130972.33976261127,80.2080862317187,103053.15706806282,128460.89771891096,80.22142060189898,41.0,489.0,0.08384458077709611,1.6839919054212378,0.01041666666666674,0.3472222222222223,-0.003712065035291534,0.0535490426944711,-0.0028478277226267057,0.027994840146392974,1.7687232284993257,3.452496390340926,-0.0019024795997558686,0.06185868792005644,2.390663329521928,6.17361961237836,0.17142857142857149,-0.023809523809523836,0.002826062258577594,-0.03896243676676353,-0.10455795980787275,0.9703148338622428
2026-08-01,Region,SO,Southern,Model,Genesis,gv60,GV60,Entry Luxury EV SUV,29.0,145.0,0.2,57824.642857142855,50123.181818181816,115.3650681373292,55772.03571428572,47250.708333333336,118.03428494836119,11.0,49.0,0.22448979591836735,0.890909090909091,-0.09375,-0.34090909090909094,-0.03529411764705881,-0.1826086956521739,-0.0100702480892636,-0.021596954632287835,0.11201385887302706,3.2838218061423845,0.013789325822181508,-0.031306260062136326,2.511551829320638,3.8917893023412233,-0.2666666666666667,-0.6944444444444444,-0.18091560948703808,-0.05243328100470959,0.31051693404634595,-0.4907334211682036
2026-08-01,Region,SO,Southern,Model,Genesis,gv70,GV70,Near Luxury SUV,2480.0,17188.0,0.14428671165929718,62137.6655909641,62126.973983235934,100.01720928453888,62378.32201309329,62206.83216145226,100.27567687612824,718.0,5398.0,0.1330122267506484,1.0847627709427385,0.1086276262852035,0.20155038759689914,0.013963379296931894,0.011013643925068484,0.007260180868737809,0.026122906987251282,0.5670748214819952,-0.6115326695846193,0.005648866243829431,0.043491475092569676,0.45754098285219413,0.18270073351921212,-0.021798365122615793,0.011267605633802802,0.0009740903951887814,0.010851180639154925,0.09774995813294463,-0.006199299016891313
2026-08-01,Region,SO,Southern,Model,Genesis,gv70_ev,GV70 EV,Near Luxury EV SUV,17.0,777.0,0.021879021879021878,67714.41176470589,58356.24369987064,116.03627559197405,69214.41176470589,59030.75368556701,117.25144512533774,7.0,6236.0,0.0011225144323284157,19.491082919654346,3.25,-0.839622641509434,0.016268923702303786,-0.07755812633861414,0.01901268249847088,-0.05692464740955505,1.5724761540997605,3.186848642349929,0.006872243529514543,0.02567062812583898,0.42783627314753403,9.0356056145378,0.3999999999999999,-0.8653846153846154,0.000158194278037191,-0.004707735595701632,13.673411110397684,2.435699747479429
2026-08-01,Region,SO,Southern,Model,Genesis,gv80,GV80,Mid Luxury SUV,2154.0,31273.0,0.06887730630256131,79056.44609665427,75049.26577804815,105.3393997623601,78826.15151515152,74421.19849746747,105.91894931366087,528.0,10614.0,0.0497456189937818,1.384590396013988,0.13907985193019567,0.041082648622522866,0.01184216831432424,-0.018773615112393144,-0.009493254993348077,-0.0017671007059775201,0.17339516662757148,-5.243851607387924,-0.006603449033759201,0.015493200615905867,0.8152383361153142,-4.122820989508384,0.14038876889848817,-0.07853403141361259,0.0025681174653530217,-0.0075028573774840596,0.17564256833243608,-0.14647081243676086
2026-08-01,Region,WE,Western,Brand,Genesis,brand,Genesis,Luxury Market,3359.0,53801.0,0.0624337837586662,67647.34772253646,70182.59322323589,96.38764345364761,66757.71539148556,69878.91597859867,95.53341584739377,983.0,31065.0,0.03164332850474811,1.9730472965035253,-0.01869704937189598,0.1732448480614739,0.0012650918358642002,-0.006195312293303022,0.0048942092798160974,-0.0011074330050784287,0.9796934274033475,-1.4904993582139525,0.002290125305354662,-0.005083517378414504,0.8531408818580388,-1.6263637032308509,0.22875,-0.1096014492753623,0.004782367553870091,-0.000522629190024923,-0.30418664291748976,-0.16054675666285845
2026-08-01,Region,WE,Western,Model,Genesis,g70,G70,Near Luxury Car,437.0,12276.0,0.03559791463017269,52268.30434782609,58446.5689873727,89.42920902528698,52547.615560640734,58265.46037643607,90.18656202344576,114.0,3819.0,0.029850746268656716,1.1925301401107853,-0.037444933920704804,0.10632911392405053,-0.0019973155785056804,-0.0001454570104028191,-0.0030127835995239494,0.030654241298588847,-0.7730583371901361,-2.0028755231902693,-0.0049940670915563645,0.04989980659151305,-0.8858868780679643,0.3575729103983605,0.16326530612244894,-0.19148936170212771,-0.0017621569571497388,-0.0043974927403304075,0.003293266162796016,0.14887438802391006
2026-08-01,Region,WE,Western,Model,Genesis,g80,G80,Mid Luxury Car,156.0,5486.0,0.02843601895734597,74632.32051282052,77066.5371713293,96.84140906305781,74467.41025641025,75077.70788747931,99.18711206263286,33.0,1032.0,0.03197674418604651,0.889271865575183,0.25806451612903225,0.4054054054054055,0.00502654189485777,0.001008294717168061,0.01376016849429873,0.04482552879827573,1.4979274626994794,9.821521605374613,0.020323001159097354,0.05121971560472227,2.292471528822716,12.222021763881301,-0.08333333333333337,-0.3125,-0.0078022613388153625,-0.014806881544947637,0.30078362275429904,0.30300425994138014
2026-08-01,Region,WE,Western,Model,Genesis,g90,G90,Premium Luxury Car,99.0,1861.0,0.053197205803331545,105463.77777777778,133887.6688695652,78.77034432537751,102245.36363636363,131681.7063473054,77.645837430672,20.0,574.0,0.03484320557491289,1.5267598065556154,-0.08333333333333337,1.302325581395349,-0.0033472968144695053,0.033508561114686856,0.001078678111746445,0.015880485979810954,1.8643505983521464,-0.692575382874395,0.000923675427081827,0.0010924682885060655,1.7399920833590414,-0.590335483797773,0.33333333333333326,-0.09090909090909094,0.009070009698624232,-0.008807588075880758,-0.6671668950150655,1.0757108555066643
2026-08-01,Region,WE,Western,Model,Genesis,gv60,GV60,Entry Luxury EV SUV,74.0,447.0,0.16554809843400448,58210.75675675676,50256.90561797753,115.82638453556926,57952.39189189189,47635.12304250559,121.65895287009134,49.0,154.0,0.3181818181818182,0.5202940236497283,0.17460317460317465,0.48,0.0288886624253277,0.05541593984369611,-0.0005936368563417282,-0.03987514816909388,-0.26570098299467304,-3.951776112923014,0.03388769144028059,-0.017305695832600332,3.0156893535322666,1.465931679107797,-0.020000000000000018,0.0,-0.02195423623995052,0.14503694185672983,0.1185152817842186,-0.11577538208613425
2026-08-01,Region,WE,Western,Model,Genesis,gv70,GV70,Near Luxury SUV,1478.0,19210.0,0.0769390942217595,61451.282814614344,62722.23320658134,97.97368440664252,60718.895128552096,62165.764969991134,97.67256167098165,440.0,6026.0,0.07301692665117823,1.0537158676825515,-0.07625000000000004,0.3917137476459511,-0.00464361024489357,0.009459109471473562,0.011911317451319015,0.013135001619268172,0.6632380823837281,1.0978838351945939,0.0012387628808270268,0.007147971325831337,0.26534323343516064,1.6481114520785667,0.19241192411924124,0.20547945205479445,0.01585193827007831,0.009361537742911749,-0.3734287321338321,-0.00636696124385816
2026-08-01,Region,WE,Western,Model,Genesis,gv70_ev,GV70 EV,Near Luxury EV SUV,55.0,1185.0,0.046413502109704644,69388.6,59495.5537883959,116.62821098663957,69734.52727272727,59351.917195945956,117.49330193075971,36.0,11423.0,0.0031515363739823164,14.727262072198782,26.5,-0.7089947089947091,0.044334500030702564,-0.06340637005763992,0.040698912635920514,-0.019081632806519644,2.9059455975159096,6.922785058482248,0.0848810608948134,0.0075225728332366515,7.042900062874068,8.81331797407563,,-0.5955056179775281,0.0031515363739823164,-0.0029260380592326524,,-3.3424256583472154
2026-08-01,Region,WE,Western,Model,Genesis,gv80,GV80,Mid Luxury SUV,1060.0,29229.0,0.03626535290293886,78635.53867924528,78094.7541452231,100.6924722920781,77047.40377358491,77812.74040447593,99.01643789061694,291.0,8037.0,0.036207540126913025,1.0015967054327135,-0.011194029850746245,0.04639684106614017,0.0025429961128542455,-0.014057548239634413,-0.01005453419011404,-0.01275908793827285,-0.6175161068524346,-6.400849182427137,-0.007893490164908035,-0.025504089834684107,-0.3177487587180394,-7.607483516146331,0.2543103448275863,-0.25384615384615383,0.005187350261957817,-0.012457296409148867,-0.08551323608902295,-0.03247439650724093
2026-08-01,National,NTL,National,Brand,Genesis,brand,Genesis,Luxury Market,21064.0,277351.0,0.07594708510155002,69393.19875806067,69640.73785406652,99.64454843008042,68930.86285577613,69177.02792820771,99.64415199697932,6490.0,141919.0,0.04573031095202193,1.6607603036250964,0.030074820284610393,0.052358113509192616,0.004530986532037276,-0.012703229798399496,0.0016710491374019032,0.024937076913647438,1.0691715694403001,-0.013262193711099712,0.0010937214690096564,0.034333396405421324,1.1897229438243357,0.6571405837209028,0.10978112175102606,-0.10618372125051645,0.0013765426261339794,-0.0015396702337313259,0.0506130429733036,-0.2146437620458228
2026-08-01,National,NTL,National,Model,Genesis,g70,G70,Near Luxury Car,2782.0,48404.0,0.057474588876952316,53570.52028985507,59132.602967340004,90.59388155032347,53931.51911976912,59026.74694266463,91.36793388284681,698.0,15416.0,0.0452776336274001,1.2693814643654684,-0.019040902679830718,-0.07482540738277355,-0.004933262717352636,-0.009402621273615928,-0.005107864784795857,0.03837590764494103,-0.2788869584647813,-1.6100404038161713,-0.0042110871294173124,0.06623407625022826,-0.17233358459583314,0.8962670509948651,0.06727828746177367,-0.24622030237580994,-0.0077594274382069076,-0.012381145949187697,0.09269764477926912,0.10950242006943611
2026-08-01,National,NTL,National,Model,Genesis,g80,G80,Mid Luxury Car,1270.0,19650.0,0.06463104325699745,74786.85340729002,77088.86180364712,97.01382489960673,74763.89469517022,75498.49602923887,99.02699871824711,327.0,4361.0,0.0749828021096079,0.8619448918769598,0.18470149253731338,0.31879543094496365,0.010054116263819565,-0.0012466417888364473,0.008697545349329872,0.05218441302259391,0.8268495417006392,8.58873027912108,0.010734283527201072,0.0703504399324788,1.1176945838869443,10.92514239815661,0.36820083682008375,0.058252427184465994,0.0145070936075836,0.00350466192917763,-0.04051542392655072,-0.059703109589512415
2026-08-01,National,NTL,National,Model,Genesis,g90,G90,Premium Luxury Car,580.0,6875.0,0.08436363636363636,105544.70034843206,131849.91915030722,80.04912026386035,102695.91319444444,129525.19389037832,79.2864384988758,128.0,2133.0,0.06000937646507267,1.405840909090909,-0.013605442176870763,0.43920595533498763,-0.0020307215558464514,0.03342190965399156,-0.0006233972883062933,0.027942384890786487,1.8763111539886097,1.4832065351812815,-0.002331626995594749,0.03782867489667363,1.9489703633604023,3.0930056937122146,-0.051851851851851816,-0.17948717948717952,-0.004002003335780817,-0.02680197578868359,0.05616905092654423,0.8190314033394237
2026-08-01,National,NTL,National,Model,Genesis,gv60,GV60,Entry Luxury EV SUV,162.0,1643.0,0.09860012172854535,59184.31012658228,49994.86430317848,118.3807796090359,57963.29375,47250.20170627666,122.67311388493019,100.0,447.0,0.22371364653243847,0.44074254412659775,0.04516129032258065,-0.4109090909090909,0.007046666323938147,-0.09384214559125872,-0.009971369293625743,-0.0514085605207838,-0.594177987536014,-2.959633888346218,0.020974716989634823,-0.022147701398582464,3.537356960745484,3.2376745523331465,-0.07407407407407407,-0.41520467836257313,-0.027449144165235972,0.05305496389770792,0.07622415686751355,-0.6869016187648858
2026-08-01,National,NTL,National,Model,Genesis,gv70,GV70,Near Luxury SUV,8465.0,93243.0,0.09078429479960962,62214.867394140674,62251.48869668144,99.94117200518818,61906.855222460144,61889.54624974475,100.02796752240766,2858.0,30937.0,0.09238129101076381,0.9827129909781395,-0.00200424428200896,0.10049401976079042,0.0008296857129426599,-0.0014414977283266905,0.004554150295846604,0.018378426805331083,0.24662166156750231,0.22692477740255868,0.0008468590057724157,0.024112398254188427,0.2809028505000981,0.9994495459672947,0.06681597611048895,-0.06202822448309808,0.006411199232315701,-0.0009818662388991345,-0.06363472397472203,-0.005104851142546218
2026-08-01,National,NTL,National,Model,Genesis,gv70_ev,GV70 EV,Near Luxury EV SUV,112.0,4258.0,0.026303428839830906,69572.14414414414,59225.563761229314,117.46978791899316,69901.20535714286,59075.79355263158,118.32461513168968,68.0,33100.0,0.002054380664652568,12.803580802917692,5.222222222222222,-0.7963636363636364,0.02157281123142092,-0.058246917047947724,-0.03389689185342304,-0.012727364214460857,-4.327381738008214,7.120774088278097,-0.01911324405933601,0.02792602103631414,-2.72617951992045,10.133098430602615,8.714285714285714,-0.7246963562753037,0.00182591367813212,-0.0034068380494183615,-7.902332469092821,-2.6783748400477005
2026-08-01,National,NTL,National,Model,Genesis,gv80,GV80,Mid Luxury SUV,7693.0,169840.0,0.04529557230334432,79633.60871841865,75623.18274641114,105.30317004172616,78837.94445903362,75003.4384539528,105.11244028823418,2311.0,55525.0,0.041620891490319674,1.0882893345491966,0.05412441764867082,0.0795677799607073,0.005434305678552555,-0.013172252342410894,-0.009568717574612196,0.005377428768457593,0.21208800579138654,-3.5507899487539873,-0.007648733831675192,0.009902467015250549,0.6303515300139964,-3.300370329042579,0.14067127344521224,-0.03908523908523909,0.0020706630906788676,-0.0041354677874718415,0.08042494949412116,-0.18951828757368894
2026-09-01,Region,CE,Central,Model,Genesis,g70,G70,Near Luxury Car,247.0,4277.0,0.057750759878419454,55040.88259109312,59990.09176924878,91.74995564735468,54802.534412955465,59487.43730886135,92.12455081636537,,,,,-0.08856088560885611,-0.20578778135048237,-0.006973386288287024,-0.02304944796777437,-0.002375319836384393,0.04105639525564975,-0.06141768858762475,-1.4314456422504662,-0.0047159126433840015,0.05053437781326453,-0.3095675717658821,-1.1844795286349097,,,,,,
2026-09-01,Region,CE,Central,Model,Genesis,g80,G80,Mid Luxury Car,122.0,1564.0,0.07800511508951406,79993.85123966943,79084.03493589743,101.15044244329397,75453.73553719008,77413.24038461539,97.46877299323756,,,,,0.008264462809917328,-0.2606060606060606,0.003589370932072483,-0.06711361841972076,0.054209368786098944,0.0987267237908731,3.6936282803491025,14.759640621894675,0.0019215591251999786,0.05091784212903572,-2.088209013390042,11.47458095803242,,,,,,
2026-09-01,Region,CE,Central,Model,Genesis,g90,G90,Premium Luxury Car,55.0,708.0,0.07768361581920905,105853.72727272728,132188.9439102564,80.07759510098802,102926.56363636363,128381.27866242039,80.17256465174324,,,,,0.12244897959183665,0.5277777777777777,0.0011211158192090398,0.020811577904517105,-0.0024794318230989543,0.030554288610534774,0.1860407033369995,2.9301055793962973,0.001621297380941522,0.03687601831696652,0.8954768986841088,4.927207488481173,,,,,,
2026-09-01,Region,CE,Central,Model,Genesis,gv60,GV60,Entry Luxury EV SUV,1.0,108.0,0.009259259259259259,,48424.6168224299,,,46295.11214953271,,,,,,0.0,-0.6666666666666667,0.00040970173713536506,-0.05892255892255892,,,,,,,,,,,,,,
2026-09-01,Region,CE,Central,Model,Genesis,gv70,GV70,Near Luxury SUV,806.0,9076.0,0.08880564125165272,61793.81047381546,62086.05207154835,99.52929589177919,60852.99244332494,61531.58264777507,98.89716764099084,,,,,-0.09539842873176207,-0.4889029803424223,-0.012721250270680926,-0.08680683090870364,-0.004133568909029939,-0.013222738733659423,-0.2909585787085973,-2.191414806363511,-0.004204210324944113,-0.02452535938247624,-0.7175850481497434,-3.348592765535713,,,,,,
2026-09-01,Region,CE,Central,Model,Genesis,gv70_ev,GV70 EV,Near Luxury EV SUV,4.0,577.0,0.006932409012131715,66772.75,60422.428819444445,110.50987407264232,64393.5,59876.269497400346,107.54427512020564,,,,,0.0,-0.9090909090909091,-0.0010997195019245088,-0.07039623773655018,-0.05874662127635577,-0.027102375419143843,-6.838864326108634,1.4829365139663508,-0.05945460387941104,-0.024180960791093886,-7.205429690462182,1.448271983128521,,,,,,
2026-09-01,Region,CE,Central,Model,Genesis,gv80,GV80,Mid Luxury SUV,828.0,19110.0,0.043328100470957615,79391.12727272727,73225.66628649445,108.41980865303505,78362.31386861314,71891.9345852764,109.00014628993151,,,,,-0.0482758620689655,-0.3094245204336947,0.001019098866133418,-0.02950188191378393,0.0032455500499486423,-0.00874395030534314,1.3113451322435594,-3.0105613975009504,0.006165246209490105,-0.011652215875226246,1.5429048742085598,-4.1805390094285,,,,,,
2026-09-01,Region,EA,Eastern,Model,Genesis,g70,G70,Near Luxury Car,494.0,8375.0,0.05898507462686567,54560.16463414634,59382.49917323775,91.87919908014798,54747.59109311741,59373.15621686171,92.2093326033581,,,,,-0.12255772646536411,-0.23291925465838514,-0.002896657621980228,-0.011971293817382905,0.00047350691497394237,0.03582426714660891,0.09856366402132721,-1.5951799933827004,-0.00032316869798121317,0.04096744417644649,-0.1304546012029988,-0.9298445734925025,,,,,,
2026-09-01,Region,EA,Eastern,Model,Genesis,g80,G80,Mid Luxury Car,293.0,3916.0,0.07482124616956078,74042.26573426573,77544.26327696643,95.4838728299055,74263.37062937063,76916.10479785057,96.55113298385065,,,,,-0.016778523489932917,-0.023333333333333317,-0.0008516842519730033,-0.031335866356978506,0.0020916808092601435,0.0007690583984725219,-1.2133143457551938,6.946901816624958,0.0042670255748396,0.012542964032550064,-1.8112528308880513,8.496433041773159,,,,,,
2026-09-01,Region,EA,Eastern,Model,Genesis,g90,G90,Premium Luxury Car,70.0,1481.0,0.04726536124240378,105818.69565217392,126738.70430927834,83.49359118738214,103118.1,125578.73087465567,82.11430333925387,,,,,-0.014084507042253502,0.04477611940298498,-0.0040352167922783,0.0028650961661943752,-7.68740182974792e-05,0.011268476351252277,1.6599937414542154,3.4173688692490742,-0.0016592093900459348,-0.012460860280528063,1.0839383371961446,1.9723712682532835,,,,,,
2026-09-01,Region,EA,Eastern,Model,Genesis,gv60,GV60,Entry Luxury EV SUV,23.0,351.0,0.06552706552706553,63869.086956521736,50381.475783475784,126.77097278970469,61558.782608695656,47034.207977207974,130.88087427458342,,,,,0.09523809523809534,-0.6849315068493151,0.01011809455081223,-0.29947293447293444,-0.00047259930101584136,0.0026721074684197266,0.12942394650382028,7.385377670452357,0.0070119213127719515,0.15930748163049002,0.7097638961775772,22.766866642908795,,,,,,
2026-09-01,Region,EA,Eastern,Model,Genesis,gv70,GV70,Near Luxury SUV,1950.0,20686.0,0.09426665377550034,61248.99178222907,61573.612385725355,99.4727926608192,61517.61382536383,61590.48608173542,99.88168260878005,,,,,0.2905360688285903,0.35322692574600967,0.018092021793245844,0.027361648668248043,-0.015572514596481901,0.010261678844629918,-1.0970065965452704,-1.0366033430936028,-0.01301335869364495,0.015723407472704176,-1.3502369036712167,-0.4929954457898731,,,,,,
2026-09-01,Region,EA,Eastern,Model,Genesis,gv70_ev,GV70 EV,Near Luxury EV SUV,29.0,744.0,0.038978494623655914,67734.41379310345,60146.69851951548,112.61534790829131,68190.10344827586,59737.18615591398,114.15017652538867,,,,,0.44999999999999996,-0.06451612903225812,0.010160050819621333,-0.001972628229712649,-0.010468600997743605,-0.044743354275699976,-1.1473715278530818,3.7040209607556704,-0.010129450189716005,-0.02815852624952697,-1.8818183878803154,5.35362482113274,,,,,,
2026-09-01,Region,EA,Eastern,Model,Genesis,gv80,GV80,Mid Luxury SUV,1351.0,30895.0,0.04372875869881858,78313.66142322097,73834.46745213025,106.06653521811442,78253.22996254681,73396.36569970516,106.61730893149819,,,,,-0.02735781137508997,0.24630996309963105,0.003049303434504623,0.0006410728732362606,-0.0003220972865827232,-0.011655794174028289,1.0421518322182806,-2.376640471444233,0.001924945678392076,-0.008028850987488845,1.1761037637327547,-1.9318190465772034,,,,,,
2026-09-01,Region,MA,Mid-Atlantic,Model,Genesis,g70,G70,Near Luxury Car,221.0,3812.0,0.057974816369359916,54905.855769230766,59528.47910911967,92.23460197695404,55405.656108597286,59772.27444852941,92.69457556999564,,,,,-0.10162601626016265,0.18181818181818188,-0.00012627007371991683,0.0067278994058082575,-0.008001320655146693,0.06895755389258129,-1.5145815876358455,0.005529500598768777,-0.00427231408647244,0.09290122973293724,-1.2054735893046171,1.5416749734598483,,,,,,
2026-09-01,Region,MA,Mid-Atlantic,Model,Genesis,g80,G80,Mid Luxury Car,123.0,1484.0,0.08288409703504043,75649.6218487395,78748.46637907608,96.06488269191237,75372.918699187,78240.21374661247,96.3352668530387,,,,,0.17142857142857149,-0.008064516129032251,0.006353484790142472,-0.05146043167568545,-0.0015024868669947233,0.0349350648802802,-1.5098478137544618,6.795211966281073,0.003467748534309978,0.04178675276353783,-1.9568438203010459,6.981137832879398,,,,,,
2026-09-01,Region,MA,Mid-Atlantic,Model,Genesis,g90,G90,Premium Luxury Car,71.0,563.0,0.1261101243339254,106160.30303030302,130293.986,81.47751580053972,103138.64788732394,128390.98821218075,80.33168785715363,,,,,0.02898550724637672,1.8399999999999999,-0.020386690952698794,0.07257693375576695,0.0005873688899005192,0.02007104184838182,0.6493666846954227,4.031366490732424,0.0005304110066102208,0.014964755121279039,0.35222946657601995,4.604991504107645,,,,,,
2026-09-01,Region,MA,Mid-Atlantic,Model,Genesis,gv60,GV60,Entry Luxury EV SUV,15.0,201.0,0.07462686567164178,58775.86666666667,50193.935323383084,117.09754632306274,56778.73333333333,48971.05472636816,115.94345608970758,,,,,-0.0625,0.25,0.0018995929443690607,-0.07352128247650636,-0.01410688388704262,-0.026260885892104735,-1.3136014334726127,-3.840709194581393,-0.014482666348452189,-0.061857435939802086,-1.128897206478797,-9.8997431258136,,,,,,
2026-09-01,Region,MA,Mid-Atlantic,Model,Genesis,gv70,GV70,Near Luxury SUV,802.0,8581.0,0.09346230043118518,62644.254237288136,62195.281721204956,100.72187552440992,62730.24314214464,62323.6686372652,100.65235971143768,,,,,0.0566534914361001,0.3433835845896147,0.003469414493314657,0.009413307048107611,-0.00042754365661124005,0.03924410540416634,-0.18683734497778914,2.8093984542960726,0.003410349243770483,0.049601041986315764,0.13427993009619854,2.9293399045841824,,,,,,
2026-09-01,Region,MA,Mid-Atlantic,Model,Genesis,gv70_ev,GV70 EV,Near Luxury EV SUV,11.0,315.0,0.03492063492063492,71415.2,58997.019672131144,121.04882652866434,70492.27272727272,60536.07667731629,116.44671507707262,,,,,0.375,-0.6071428571428572,0.008074997336742305,-0.05203588681849551,-0.0406872268295182,0.008375419877893142,-4.101538163283038,13.61694088208263,-0.03318695513395986,0.042160728073753484,-5.392130230559289,11.83257720849106,,,,,,
2026-09-01,Region,MA,Mid-Atlantic,Model,Genesis,gv80,GV80,Mid Luxury SUV,769.0,15288.0,0.05030088958660387,81460.54200542005,74363.69945272,109.54342320907821,81524.51235370612,74270.90860060217,109.76641310814009,,,,,-0.04826732673267331,0.19040247678018574,0.001998641858244235,-0.008775470724324344,-0.003761428221605745,0.014859019999341472,0.8741940777574086,0.9074791234601634,0.0024437069451548332,0.023896076672124344,1.4866888679817407,1.1212683356259419,,,,,,
2026-09-01,Region,MS,Mountain States,Model,Genesis,g70,G70,Near Luxury Car,61.0,2449.0,0.02490812576561862,56115.13114754098,61089.171128372844,91.85773863197552,56291.016393442624,60864.18963993454,92.48626610565871,,,,,-0.2906976744186046,-0.30681818181818177,-0.008857088211609493,-0.016857417661054377,0.0021249673382921497,0.031646887203052865,-0.33160324249439554,-1.231380199854101,-0.00010380812758248315,0.03638891512509623,-0.6971391764012793,-0.49420142102344755,,,,,,
2026-09-01,Region,MS,Mountain States,Model,Genesis,g80,G80,Mid Luxury Car,38.0,1157.0,0.032843560933448576,75468.0,79575.60542432196,94.8381097417746,74602.31578947368,78047.76698606272,95.58545832937885,,,,,0.027027027027026973,0.1875,0.0008089288988165425,-0.004847840715550243,0.0025498938322154885,0.028867803871563735,-0.8301856249369877,11.596170814512831,-0.001440640266961779,0.0348977143668483,-2.481903048372743,14.030709412651746,,,,,,
2026-09-01,Region,MS,Mountain States,Model,Genesis,g90,G90,Premium Luxury Car,15.0,315.0,0.047619047619047616,105608.57142857143,134894.3253012048,78.28985481246792,100674.06666666667,132027.73333333334,76.25221165654085,,,,,0.5,1.5,0.011122697254084116,0.025800865800865797,-0.005111845852223684,0.01381633201618615,-1.6802180341729809,4.426250630563175,-0.0008806159945271563,-0.00041966049862807164,-1.3686548722812404,4.827552003213796,,,,,,
2026-09-01,Region,MS,Mountain States,Model,Genesis,gv60,GV60,Entry Luxury EV SUV,17.0,236.0,0.07203389830508475,59227.35294117647,49604.06779661017,119.40019351643562,59459.41176470588,46530.877118644064,127.78485050495985,,,,,-0.05555555555555558,4.666666666666667,-0.001736593498193939,0.03715017737485219,-0.014142634599323078,-0.008110872674075953,-1.717563498515915,0.33748175472658204,-0.01856066265810874,0.21394461242347362,-2.51825361009611,28.067134491977924,,,,,,
2026-09-01,Region,MS,Mountain States,Model,Genesis,gv70,GV70,Near Luxury SUV,347.0,7561.0,0.04589340034386986,64374.82058823529,63965.00303792361,100.6406902694411,62949.13832853026,63585.938744340885,98.99852006845255,,,,,-0.17183770883054894,-0.18925233644859818,-0.009988168074375005,-0.01450738994684423,-0.002961290434798536,0.015339386377124065,-0.42649213873421843,-1.9796182709720966,-0.003681768681605413,-0.0077477330594106775,-1.2423786840786448,-3.4152496172381888,,,,,,
2026-09-01,Region,MS,Mountain States,Model,Genesis,gv70_ev,GV70 EV,Near Luxury EV SUV,5.0,334.0,0.014970059880239521,69097.75,60022.677177177175,115.1194069468689,70317.0,58991.975975975976,119.19756684983065,,,,,-0.375,-0.9074074074074074,-0.008151327402997472,-0.11299202542781733,-0.04533993478810072,0.0243963005883181,-6.505026790304981,7.211202481393045,-0.03341174368235389,0.18160892356189406,-5.10046890874618,21.85424792683351,,,,,,
2026-09-01,Region,MS,Mountain States,Model,Genesis,gv80,GV80,Mid Luxury SUV,327.0,12068.0,0.02709645343056016,81146.0551948052,78245.201032989,103.7073892373197,79645.29663608562,77605.21178114087,102.62879877281712,,,,,-0.21957040572792363,-0.3312883435582822,-0.005776604783781596,-0.02967818955097937,-0.010143758491509947,0.0029664538897191672,-0.16114555324593027,-1.6207437072640118,-0.007775180172050256,-0.013720550934972708,0.003028810621756861,-3.1367199157716215,,,,,,
2026-09-01,Region,SC,South Central,Model,Genesis,g70,G70,Near Luxury Car,235.0,6717.0,0.03498585678130118,53728.90557939914,59900.401601738085,89.69707070852114,53433.44017094017,59815.75533204287,89.33004335450774,,,,,-0.024896265560165998,-0.10984848484848486,-0.002239969601151706,-0.01294442644309969,0.0014981571976753205,0.0508393326277603,0.378865115234845,-0.6088931499342607,-0.0035544135681299105,0.05805117967536888,-0.22589473146493333,0.2134036794436156,,,,,,
2026-09-01,Region,SC,South Central,Model,Genesis,g80,G80,Mid Luxury Car,160.0,2578.0,0.062063615205585725,77174.20253164557,78745.09235593885,98.00509494967301,76942.8,77347.11407956318,99.47727321907928,,,,,0.06666666666666665,-0.11111111111111116,-0.00168479108425703,-0.047692482355389886,-0.002453910513104507,0.06237753208301644,-1.7013193760754746,10.388568604133582,-0.002346099916834987,0.0869003654417626,-2.165823667598019,12.211308849190303,,,,,,
2026-09-01,Region,SC,South Central,Model,Genesis,g90,G90,Premium Luxury Car,105.0,998.0,0.10521042084168336,105601.90476190476,130900.51218161684,80.67340837856179,102305.6761904762,127274.52113166485,80.38189834133533,,,,,0.19318181818181812,0.14130434782608692,0.004177125778537558,0.013759128595162484,-0.0010206087664738073,0.014021686189290783,0.7296439398034664,0.24716044895033917,0.004787076519978228,0.0006574792991203005,2.082596843145552,1.957296083449009,,,,,,
2026-09-01,Region,SC,South Central,Model,Genesis,gv60,GV60,Entry Luxury EV SUV,4.0,88.0,0.045454545454545456,56870.0,49064.47727272727,115.90870454786536,47043.75,46118.60227272727,102.00601857316008,,,,,0.33333333333333326,-0.7647058823529411,0.013875598086124402,-0.32411067193675885,0.018883474272610057,-0.04893491019483853,1.4603102727456019,3.9685520683526505,0.10276019690576654,-0.0745431117581099,7.9414167305364884,-2.591392075984814,,,,,,
2026-09-01,Region,SC,South Central,Model,Genesis,gv70,GV70,Near Luxury SUV,840.0,12680.0,0.06624605678233439,62723.378896882496,61521.61780581591,101.95339643840278,61783.945172824795,61301.15731394151,100.78756728263838,,,,,-0.09385113268608414,0.03831891223732997,-0.0091136700691411,-0.015611678723078948,0.005506689736221038,0.017884149604287858,0.4930763990669078,1.5142241784206192,0.003695929964491196,0.011249920991116324,-0.09953992073184281,0.7725111552042847,,,,,,
2026-09-01,Region,SC,South Central,Model,Genesis,gv70_ev,GV70 EV,Near Luxury EV SUV,6.0,473.0,0.012684989429175475,68624.16666666667,57105.22921108742,120.17142320364378,68861.5,57903.22621564482,118.92515236291683,,,,,,-0.4545454545454546,,-0.012429165821966076,,-0.0005258653828752458,,11.344142838492743,,0.11625883271808246,,19.95909224606845,,,,,,
2026-09-01,Region,SC,South Central,Model,Genesis,gv80,GV80,Mid Luxury SUV,1043.0,23956.0,0.04353815328101519,81719.57818532818,74049.12933549637,110.35859424501683,80450.0701923077,73349.9830423159,109.67973932031549,,,,,0.05035246727089637,0.48575498575498566,0.00406446907048888,0.004960365733617272,0.0017463723443020829,0.011701293065188967,1.392503647940245,-0.4064600691792464,0.0056610755414903124,0.007004798810948509,1.7176580205200622,-0.712545080261819,,,,,,
2026-09-01,Region,SO,Southern,Model,Genesis,g70,G70,Near Luxury Car,849.0,9031.0,0.09400952275495515,52632.260613207545,58461.03454132507,90.02964286580104,53275.93026004728,58561.48316524437,90.9743527323536,,,,,-0.09488272921108742,-0.05139664804469268,-0.003821098855391114,-0.01107442699260855,0.003271035834744973,0.04336562332970462,0.06534823495476871,-2.284200804547069,0.002255061304709205,0.0692076463492961,0.034621721148539564,-0.4997702597903384,,,,,,
2026-09-01,Region,SO,Southern,Model,Genesis,g80,G80,Mid Luxury Car,399.0,4184.0,0.09536328871892925,74116.35427135679,77758.13207614943,95.31653126488916,74564.68844221106,77466.64706657088,96.25392509647924,,,,,-0.00992555831265507,0.24687499999999996,-0.012970044614404083,-0.043888234344604246,0.0024651650251312773,0.02173712241705772,-1.3428319437265657,9.418175490378431,0.002982237760862816,0.062291237138407674,-2.083474650144126,10.955136242877415,,,,,,
2026-09-01,Region,SO,Southern,Model,Genesis,g90,G90,Premium Luxury Car,203.0,1619.0,0.12538604076590487,105002.49504950496,130378.95994747209,80.53638032686334,102584.23880597015,127132.50484183345,80.69080282308289,,,,,0.046391752577319645,0.3716216216216217,-0.01580755457616209,0.033460574927395556,-0.0004560873989869485,0.01247347238073404,0.32829409514464203,3.9443860274395064,-0.004550256153559418,0.016802736916959216,0.46938222118390627,5.391620323985109,,,,,,
2026-09-01,Region,SO,Southern,Model,Genesis,gv60,GV60,Entry Luxury EV SUV,36.0,138.0,0.2608695652173913,56541.67647058824,50339.53333333333,112.32062104387455,55682.35294117647,47817.51470588235,116.44760980086363,,,,,0.24137931034482762,0.6363636363636365,0.060869565217391286,-0.1791304347826087,-0.022187190843948934,0.010958648177463726,-3.04444709345465,6.052966740970447,-0.0016080240206522989,0.052148048868915,-1.5866751474975587,9.406787271461269,,,,,,
2026-09-01,Region,SO,Southern,Model,Genesis,gv70,GV70,Near Luxury SUV,2351.0,17881.0,0.13148034226273697,62257.39880444065,62189.795953464556,100.10870408873296,62612.384549356226,62435.621309650945,100.28311280643565,,,,,-0.05201612903225805,0.12326803631151462,-0.012806369396560213,0.0010753578390609586,0.0019269023439780764,0.023317581341597116,0.09149480419408462,-0.7828665963254622,0.0037523057483623834,0.0348990690581823,0.007435930307408967,-0.4860575812838306,,,,,,
2026-09-01,Region,SO,Southern,Model,Genesis,gv70_ev,GV70 EV,Near Luxury EV SUV,21.0,765.0,0.027450980392156862,66476.09523809524,58215.244736842105,114.19018426976596,67871.38095238095,59419.01570680628,114.22501726935619,,,,,0.23529411764705888,-0.704225352112676,0.005571958513134984,-0.05727455660068323,-0.018287340823598286,-0.06462580854691047,-1.846091322208082,0.9067896494382808,-0.01940391860716184,0.01254358114449916,-3.0264278559815523,5.818907809651947,,,,,,
2026-09-01,Region,SO,Southern,Model,Genesis,gv80,GV80,Mid Luxury SUV,2190.0,29213.0,0.07496662444801971,79346.64519098021,74178.10639733644,106.96774162171032,79335.0623556582,73538.32906780244,107.88260130647132,,,,,0.01671309192200554,-0.07360406091370564,0.0060893181454584056,-0.021193479684749564,0.003670783454787996,-0.0059353166903940435,1.6283418593502148,-3.6440907962515894,0.00645611679277347,0.006552204604153733,1.9636519928104406,-2.73608431630754,,,,,,
2026-09-01,Region,WE,Western,Model,Genesis,g70,G70,Near Luxury Car,371.0,11371.0,0.032626857796148094,52599.73045822103,58619.91874416968,89.73013198427981,52830.29380053908,58465.27589705236,90.36183100130145,,,,,-0.15102974828375282,0.042134831460674205,-0.002971056834024599,-0.0005079151003522797,0.0063408621062091,0.03420340552366774,0.30092295899282817,-1.809135343867709,0.005379468447471947,0.035820565181909014,0.17526897785569417,-0.9920261843878535,,,,,,
2026-09-01,Region,WE,Western,Model,Genesis,g80,G80,Mid Luxury Car,139.0,5892.0,0.02359131025118805,75008.8273381295,77589.8559073096,96.67349740633176,75102.43884892086,76161.95693092888,98.60886179307488,,,,,-0.10897435897435892,-0.07947019867549665,-0.00484470870615792,-0.019600909428445817,0.005044822708471397,0.03931096314734739,-0.1679116567260479,14.127879814009873,0.00852760409317388,0.04731587591306674,-0.5782502695579836,15.911644971882453,,,,,,
2026-09-01,Region,WE,Western,Model,Genesis,g90,G90,Premium Luxury Car,95.0,2113.0,0.04495977283483199,105314.37894736842,131684.23690773066,79.97493201951025,102142.30526315789,129020.49492017417,79.16750383445205,,,,,-0.04040404040404044,0.8269230769230769,-0.008237432968499554,0.020315223071798814,-0.0014165890276011117,0.003941220796125355,1.2045876941327407,1.1550406330204623,-0.0010079515543831574,-0.01839766695439582,1.5216664037800456,1.050692208962701,,,,,,
2026-09-01,Region,WE,Western,Model,Genesis,gv60,GV60,Entry Luxury EV SUV,68.0,413.0,0.16464891041162227,57311.82352941176,50088.92944038929,114.42014067722972,57185.294117647056,47812.174334140436,119.6040441875778,,,,,-0.08108108108108103,3.0,-0.0008991880223822024,0.09745523452229421,-0.015442733910870476,-0.0666372246879614,-1.4062438583395362,-7.8608312882271605,-0.013236688757831239,0.060043507417523845,-2.054908682513542,8.341337156874914,,,,,,
2026-09-01,Region,WE,Western,Model,Genesis,gv70,GV70,Near Luxury SUV,1183.0,19011.0,0.06222713166061754,62259.21724429417,62642.43928495594,99.38823895583229,61523.37954353339,62328.591578336156,98.70811771225289,,,,,-0.19959404600811903,0.05530776092774303,-0.014711962561141961,-0.0014190387816694072,0.013147560029254324,0.02115661248480194,1.4145545491897735,0.7668681923751706,0.013249325655186217,0.009280343256301116,1.035556041271235,0.6530294938541203,,,,,,
2026-09-01,Region,WE,Western,Model,Genesis,gv70_ev,GV70 EV,Near Luxury EV SUV,60.0,1143.0,0.05249343832020997,67809.53333333334,60189.3912322695,112.66027441888866,68382.58333333333,60702.096453590195,112.65275390548537,,,,,0.09090909090909083,-0.4957983193277311,0.0060799362105053295,-0.049129106513265686,-0.02275686015666356,-0.033009282837954235,-3.967936567750911,5.140103968744938,-0.019387009452384696,0.036103339512519206,-4.8405480252743445,10.683501060679461,,,,,,
2026-09-01,Region,WE,Western,Model,Genesis,gv80,GV80,Mid Luxury SUV,1054.0,26667.0,0.0395245059436757,78222.88614800759,77365.97669456851,101.1076050352496,77130.99335863377,77167.79437718146,99.95231039212055,,,,,-0.005660377358490565,-0.0580875781948168,0.0032591530407368383,-0.015824952432938043,-0.005247659495548174,-0.023882961162648098,0.4151327431715117,-5.693513147055256,0.0010849111190625038,-0.033043427177894324,0.93587250150361,-6.761338880245418,,,,,,
2026-09-01,National,NTL,National,Model,Genesis,g70,G70,Near Luxury Car,2478.0,46032.0,0.053832116788321165,53637.248780487804,59247.53095546946,90.5307747268011,53934.85812449474,59177.17338861478,91.1413219592394,,,,,-0.10927390366642709,-0.0972677595628415,-0.003642472088631152,-0.00934394765356606,0.0012456196107799578,0.04046385118500995,-0.06310682352237507,-1.6339335339800556,6.191193536020378e-05,0.05420162743984491,-0.22661192360740756,-0.3547409555177268,,,,,,
2026-09-01,National,NTL,National,Model,Genesis,g80,G80,Mid Luxury Car,1274.0,20775.0,0.061323706377858,75332.2933227345,78062.81164989842,96.50215221633326,75021.19841897233,77060.97952824722,97.35302987093851,,,,,0.0031496062992126816,0.0015723270440251014,-0.0033073368791394497,-0.03526677125901648,0.0072932593175703,0.03250495001841891,-0.5116726832734741,10.562546354734039,0.0034415505619549425,0.046808866683304196,-1.6739688473086005,11.96894152105672,,,,,,
2026-09-01,National,NTL,National,Model,Genesis,g90,G90,Premium Luxury Car,614.0,7797.0,0.07874823650121841,105465.53630363036,130379.33727372916,80.89129651135386,102577.17320261437,127735.56622171025,80.30431635976113,,,,,0.05862068965517242,0.44131455399061026,-0.00561539986241795,0.0227692614683669,-0.0007500522957605282,0.013740739100750687,0.8421762474935122,2.6649733481869617,-0.001156228988443253,0.0054539909322048885,1.017877860885335,3.397044644065545,,,,,,
2026-09-01,National,NTL,National,Model,Genesis,gv60,GV60,Entry Luxury EV SUV,164.0,1535.0,0.10684039087947883,58413.62111801242,49941.74885546108,116.96350739953103,57442.96894409938,47385.83550913838,121.22392340854998,,,,,0.012345679012345734,0.11564625850340127,0.008240269150933482,-0.08658066175210011,-0.013021846616468435,-0.049077743161820564,-1.4172722095048726,-2.852344931558733,-0.00897679845705135,0.07510730996462134,-1.4491904763802097,11.330617758294053,,,,,,
2026-09-01,National,NTL,National,Model,Genesis,gv70,GV70,Near Luxury SUV,8279.0,95476.0,0.08671289119778793,62144.46561168594,62187.4599904658,99.93086326602429,61970.545686823214,62075.203476382216,99.83140161659104,,,,,-0.021972829297105756,0.026407141086040253,-0.004071403601821691,-0.004683435272700334,-0.001131590975011254,0.013102813362357857,-0.010308739163889413,-0.5043137136592861,0.0010288111734022554,0.014169632528642007,-0.1965659058166267,-0.3471489030468291,,,,,,
2026-09-01,National,NTL,National,Model,Genesis,gv70_ev,GV70 EV,Near Luxury EV SUV,136.0,4351.0,0.031257182256952426,67897.36567164179,59432.89993277701,114.24205406170441,68408.16176470589,59754.105418775885,114.48278120018634,,,,,0.2142857142857142,-0.6201117318435754,0.00495375341712152,-0.04799896120109495,-0.0240725435891761,-0.02729531247701722,-3.2277338572887544,5.256485547498471,-0.021359339725382842,0.043134993979970115,-3.841833931503345,10.827389687666397,,,,,,
2026-09-01,National,NTL,National,Model,Genesis,gv80,GV80,Mid Luxury SUV,7562.0,157197.0,0.048105243738748193,79620.55803989824,74846.8974659611,106.37790040142694,79119.11554845581,74280.57892539025,106.5138649874088,,,,,-0.017028467437930628,-0.005392608180981195,0.0028096714354038724,-0.013126806645009169,-0.00016388405260592265,-0.0050231284216699645,1.07473035970078,-2.7027166664452977,0.00356644368839798,-0.0026998034913520153,1.401424699174612,-2.690800650557364,,,,,,
