date_month,segment,make,model,trim,average_inventory,weighted_advertised_price
2025-01-01,Entry Luxury EV SUV,genesis,gv60,Advanced,113,61047.85840707965
2025-01-01,Entry Luxury EV SUV,genesis,gv60,Performance,115,69790.86086956522
2025-01-01,Entry Luxury EV SUV,genesis,gv60,Standard,333,55824.13513513513
2025-01-01,Entry Luxury EV SUV,volvo,c40_recharge,Core,11,52352.0
2025-01-01,Entry Luxury EV SUV,volvo,c40_recharge,Plus,20,54442.05
2025-01-01,Entry Luxury EV SUV,volvo,c40_recharge,Twin Core,19,51699.470588235294
2025-01-01,Entry Luxury EV SUV,volvo,c40_recharge,Twin Plus,103,54968.17475728155
2025-01-01,Entry Luxury EV SUV,volvo,c40_recharge,Twin Ultimate,50,55214.14
2025-01-01,Entry Luxury EV SUV,volvo,c40_recharge,Ultimate,5,59338.0
2025-01-01,Entry Luxury EV SUV,volvo,ex30,Twin Motor Plus,3,47505.0
2025-01-01,Entry Luxury EV SUV,volvo,ex30,Twin Motor Ultra,94,48662.255319148935
2025-01-01,Entry Luxury EV SUV,volvo,ex40,Single Motor Extended Range Core,2,54375.0
2025-01-01,Mid Luxury Car,audi,a6_s6,2.9T quattro Premium,7,80661.71428571429
2025-01-01,Mid Luxury Car,audi,a6_s6,2.9T quattro Premium Plus,80,86215.925
2025-01-01,Mid Luxury Car,audi,a6_s6,2.9T quattro Prestige,54,91923.33333333333
2025-01-01,Mid Luxury Car,audi,a6_s6,4.0T quattro Avant performance,426,148759.45774647887
2025-01-01,Mid Luxury Car,audi,a6_s6,Prestige TFSI quattro Tiptronic,16,93790.8125
2025-01-01,Mid Luxury Car,audi,a6_s6,quattro Premium 45 TFSI,181,59990.044198895026
2025-01-01,Mid Luxury Car,audi,a6_s6,quattro Premium 55 TFSI,85,65863.65882352942
2025-01-01,Mid Luxury Car,audi,a6_s6,quattro Premium Plus 45 TFSI,134,63742.46268656717
2025-01-01,Mid Luxury Car,audi,a6_s6,quattro Premium Plus 55 TFSI,402,70629.77559701493
2025-01-01,Mid Luxury Car,audi,a6_s6,quattro Prestige 55 TFSI,217,78635.24387096775
2025-01-01,Mid Luxury Car,audi,a6_s6,quattro Progressiv 45 TFSI,1,58371.0
2025-01-01,Mid Luxury Car,audi,a6_s6,quattro Progressiv 55 TFSI,1,69935.0
2025-01-01,Mid Luxury Car,audi,a6_s6,quattro Technik 55 TFSI,1,84740.0
2025-01-01,Mid Luxury Car,audi,a7_s7,2.9T quattro Premium,1,86283.0
2025-01-01,Mid Luxury Car,audi,a7_s7,2.9T quattro Premium Plus,71,95170.60563380281
2025-01-01,Mid Luxury Car,audi,a7_s7,2.9T quattro Prestige,80,101221.2375
2025-01-01,Mid Luxury Car,audi,a7_s7,quattro Premium 55 TFSI,30,76461.43333333333
2025-01-01,Mid Luxury Car,audi,a7_s7,quattro Premium Plus 55 TFSI,196,81093.3469387755
2025-01-01,Mid Luxury Car,audi,a7_s7,quattro Prestige 55 TFSI,182,87560.70879120879
2025-01-01,Mid Luxury Car,audi,a7_s7,quattro Progressiv 55 TFSI,3,77940.33333333333
2025-01-01,Mid Luxury Car,audi,a7_s7_rs_7,4.0T quattro performance,156,149399.4294871795
2025-01-01,Mid Luxury Car,bmw,5_series,530i,1124,65136.638790035584
2025-01-01,Mid Luxury Car,bmw,5_series,530i xDrive,1338,66925.28325859492
2025-01-01,Mid Luxury Car,bmw,5_series,540i,2,64102.5
2025-01-01,Mid Luxury Car,bmw,5_series,540i xDrive,229,75615.7423580786
2025-01-01,Mid Luxury Car,bmw,5_series,550e xDrive,124,82009.87903225806
2025-01-01,Mid Luxury Car,bmw,5_series,M550i xDrive,1,86890.0
2025-01-01,Mid Luxury Car,bmw,m5,Base,253,131168.2490118577
2025-01-01,Mid Luxury Car,genesis,g80,2.5T,443,62433.708803611735
2025-01-01,Mid Luxury Car,genesis,g80,2.5T Advanced,109,63092.247706422015
2025-01-01,Mid Luxury Car,genesis,g80,2.5T Sport Prestige,1,69760.0
2025-01-01,Mid Luxury Car,genesis,g80,3.5T Sport,343,72376.06413994169
2025-01-01,Mid Luxury Car,genesis,g80,3.5T Sport Advanced,74,71485.12162162163
2025-01-01,Mid Luxury Car,genesis,g80,3.5T Sport Prestige,2,78366.5
2025-01-01,Mid Luxury Car,genesis,g80,Advanced,86,71820.02325581395
2025-01-01,Mid Luxury Car,genesis,g80,Base,23,71368.26086956522
2025-01-01,Mid Luxury Car,jaguar,xf,P250 R-Dynamic SE,44,53815.65909090909
2025-01-01,Mid Luxury Car,jaguar,xf,P300 R-Dynamic SE,287,58051.81403508772
2025-01-01,Mid Luxury Car,maserati,ghibli,334 Ultima,6,160315.16666666666
2025-01-01,Mid Luxury Car,maserati,ghibli,GT,5,78015.0
2025-01-01,Mid Luxury Car,maserati,ghibli,Modena,10,90804.8
2025-01-01,Mid Luxury Car,maserati,ghibli,Modena Q4,79,99826.87341772152
2025-01-01,Mid Luxury Car,maserati,ghibli,Modena Ultima Q4,64,103718.21875
2025-01-01,Mid Luxury Car,maserati,ghibli,Trofeo,2,122495.0
2025-01-01,Mid Luxury Car,mercedes_benz,cle,AMG CLE 53,41,85914.31707317074
2025-01-01,Mid Luxury Car,mercedes_benz,cle,CLE 300 4MATIC,3367,67919.03317668055
2025-01-01,Mid Luxury Car,mercedes_benz,cle,CLE 450 4MATIC,534,77343.07855534709
2025-01-01,Mid Luxury Car,mercedes_benz,cls,CLS 450 4MATIC,9,86863.66666666667
2025-01-01,Mid Luxury Car,mercedes_benz,e_class,AMG E 53,2,87175.0
2025-01-01,Mid Luxury Car,mercedes_benz,e_class,E 350,755,70150.63311258279
2025-01-01,Mid Luxury Car,mercedes_benz,e_class,E 350 4MATIC,1847,73467.95560368165
2025-01-01,Mid Luxury Car,mercedes_benz,e_class,E 450,5,78283.0
2025-01-01,Mid Luxury Car,mercedes_benz,e_class,E 450 4MATIC,440,80816.17272727273
2025-01-01,Mid Luxury Car,mercedes_benz,e_class,E 450 4MATIC All-Terrain,673,86105.64784546805
2025-01-01,Mid Luxury Car,volvo,s90,B6 Plus,120,59343.46666666667
2025-01-01,Mid Luxury Car,volvo,s90,B6 Ultimate,29,64126.55172413793
2025-01-01,Mid Luxury Car,volvo,s90,B6 Ultra,80,66117.3
2025-01-01,Mid Luxury Car,volvo,s90,T8 Plus,11,66805.18181818182
2025-01-01,Mid Luxury Car,volvo,s90,T8 Ultimate,100,71356.47
2025-01-01,Mid Luxury Car,volvo,s90,T8 Ultra,63,73770.14285714286
2025-01-01,Mid Luxury Car,volvo,v90,B6 Plus,37,63565.45945945946
2025-01-01,Mid Luxury Car,volvo,v90,B6 Ultimate,3,64260.666666666664
2025-01-01,Mid Luxury Car,volvo,v90,B6 Ultra,75,70281.30666666667
2025-01-01,Mid Luxury SUV,acura,mdx,Base,162,52876.79012345679
2025-01-01,Mid Luxury SUV,acura,mdx,SH-AWD,1085,55144.60276497696
2025-01-01,Mid Luxury SUV,acura,mdx,SH-AWD  w/A-SPEC w/Advance,7,59217.0
2025-01-01,Mid Luxury SUV,acura,mdx,SH-AWD Type S w/Advance Package,319,76473.86520376176
2025-01-01,Mid Luxury SUV,acura,mdx,SH-AWD Type S w/Ultra Package,56,66452.0
2025-01-01,Mid Luxury SUV,acura,mdx,SH-AWD w/A-SPEC,1995,63602.00100300903
2025-01-01,Mid Luxury SUV,acura,mdx,SH-AWD w/Advance,445,67891.02696629213
2025-01-01,Mid Luxury SUV,acura,mdx,SH-AWD w/Platinum Elite w/A-Spec,714,70008.14985994398
2025-01-01,Mid Luxury SUV,acura,mdx,SH-AWD w/Tech,2032,60489.51011346818
2025-01-01,Mid Luxury SUV,acura,mdx,w/Tech,1348,58324.969584569735
2025-01-01,Mid Luxury SUV,audi,q7,quattro Premium 45 TFSI,395,63462.98987341772
2025-01-01,Mid Luxury SUV,audi,q7,quattro Premium 55 TFSI,302,67071.32450331126
2025-01-01,Mid Luxury SUV,audi,q7,quattro Premium Plus 45 TFSI,423,68151.36492890996
2025-01-01,Mid Luxury SUV,audi,q7,quattro Premium Plus 55 TFSI,2292,73113.28403141361
2025-01-01,Mid Luxury SUV,audi,q7,quattro Prestige 55 TFSI,752,81010.44680851063
2025-01-01,Mid Luxury SUV,audi,q7_sq7,4.0T quattro Premium Plus,211,98160.8009478673
2025-01-01,Mid Luxury SUV,audi,q7_sq7,4.0T quattro Prestige,140,108529.29285714286
2025-01-01,Mid Luxury SUV,bmw,x5,Base,1,115470.0
2025-01-01,Mid Luxury SUV,bmw,x5,Competition,153,137605.77124183008
2025-01-01,Mid Luxury SUV,bmw,x5,M60i,724,100382.66712707182
2025-01-01,Mid Luxury SUV,bmw,x5,sDrive40i,802,74025.48129675811
2025-01-01,Mid Luxury SUV,bmw,x5,xDrive40i,1746,77725.59736540665
2025-01-01,Mid Luxury SUV,bmw,x5,xDrive45e,2,77722.5
2025-01-01,Mid Luxury SUV,bmw,x5,xDrive50e,1680,81329.82142857143
2025-01-01,Mid Luxury SUV,bmw,x5_xdrive45e,Competition,118,141789.19491525425
2025-01-01,Mid Luxury SUV,bmw,x6,M60i,248,106037.57258064517
2025-01-01,Mid Luxury SUV,bmw,x6,xDrive40i,596,83177.84395973154
2025-01-01,Mid Luxury SUV,cadillac,xt5,Coachbuilder- Funeral Hearse,75,46352.0
2025-01-01,Mid Luxury SUV,cadillac,xt5,Luxury,921,45356.77741585233
2025-01-01,Mid Luxury SUV,cadillac,xt5,Premium Luxury,3992,54714.77630260521
2025-01-01,Mid Luxury SUV,cadillac,xt5,Sport,765,61310.79477124183
2025-01-01,Mid Luxury SUV,cadillac,xt6,Luxury,554,48846.498194945845
2025-01-01,Mid Luxury SUV,cadillac,xt6,Premium Luxury,2666,59433.75093773443
2025-01-01,Mid Luxury SUV,cadillac,xt6,Sport,899,65854.33036707452
2025-01-01,Mid Luxury SUV,genesis,gv80,2.5T,292,63533.92808219178
2025-01-01,Mid Luxury SUV,genesis,gv80,2.5T Advanced,588,68078.3231292517
2025-01-01,Mid Luxury SUV,genesis,gv80,2.5T Prestige,597,72911.30653266332
2025-01-01,Mid Luxury SUV,genesis,gv80,2.5T Select,483,64115.70393374741
2025-01-01,Mid Luxury SUV,genesis,gv80,2.5T Standard,294,60249.244897959186
2025-01-01,Mid Luxury SUV,genesis,gv80,3.5T,320,74121.11875
2025-01-01,Mid Luxury SUV,genesis,gv80,3.5T Advanced,607,75642.67215815486
2025-01-01,Mid Luxury SUV,genesis,gv80,3.5T Advanced+,3,67717.0
2025-01-01,Mid Luxury SUV,genesis,gv80,3.5T Prestige,1,76635.0
2025-01-01,Mid Luxury SUV,genesis,gv80,3.5T Prestige Signature,1310,81795.99236641222
2025-01-01,Mid Luxury SUV,genesis,gv80_coupe,3.5T E-SC,13,88387.61538461539
2025-01-01,Mid Luxury SUV,genesis,gv80_coupe,3.5T V6 AWD,86,81995.03488372093
2025-01-01,Mid Luxury SUV,genesis,gv80_coupe,3.5T e-SC,317,87955.18611987382
2025-01-01,Mid Luxury SUV,ineos,grenadier,Base,482,82214.79045643154
2025-01-01,Mid Luxury SUV,ineos,grenadier,Fieldmaster,236,86513.50847457627
2025-01-01,Mid Luxury SUV,ineos,grenadier,Trialmaster,161,86661.32919254659
2025-01-01,Mid Luxury SUV,infiniti,qx60,Autograph,1283,69078.2587685113
2025-01-01,Mid Luxury SUV,infiniti,qx60,Luxe,2677,60519.46469929025
2025-01-01,Mid Luxury SUV,infiniti,qx60,Pure,918,52600.46187363834
2025-01-01,Mid Luxury SUV,infiniti,qx60,Sensory,608,64821.97861842105
2025-01-01,Mid Luxury SUV,jaguar,f_pace,P250 R-Dynamic S,985,65626.80203045685
2025-01-01,Mid Luxury SUV,jaguar,f_pace,P250 S,1,49850.0
2025-01-01,Mid Luxury SUV,jaguar,f_pace,P400 R-Dynamic S,369,78009.72404371585
2025-01-01,Mid Luxury SUV,jaguar,f_pace,SVR,9,99023.88888888889
2025-01-01,Mid Luxury SUV,jaguar,f_pace,SVR 575 EDITION,65,102358.47692307692
2025-01-01,Mid Luxury SUV,land_rover,defender,110 75th Anniversary Edition,1,81740.0
2025-01-01,Mid Luxury SUV,land_rover,defender,110 P300 S,1102,74169.11524500907
2025-01-01,Mid Luxury SUV,land_rover,defender,110 P400 S,739,79262.74695534506
2025-01-01,Mid Luxury SUV,land_rover,defender,110 P400 X,234,101255.76495726495
2025-01-01,Mid Luxury SUV,land_rover,defender,110 P400 X-Dynamic SE,1117,86481.05282005371
2025-01-01,Mid Luxury SUV,land_rover,defender,110 P500 X-Dynamic SE,322,107561.8447204969
2025-01-01,Mid Luxury SUV,land_rover,defender,110 S,1,88535.0
2025-01-01,Mid Luxury SUV,land_rover,defender,110 V8,1,100960.0
2025-01-01,Mid Luxury SUV,land_rover,defender,110 V8 P500 SE,189,104620.78835978836
2025-01-01,Mid Luxury SUV,land_rover,defender,110 V8 P525,240,120847.60833333334
2025-01-01,Mid Luxury SUV,land_rover,defender,110 V8 P525 Carpathian Edition,8,124420.375
2025-01-01,Mid Luxury SUV,land_rover,defender,110 X,1,101415.0
2025-01-01,Mid Luxury SUV,land_rover,defender,130 First Edition,1,80064.0
2025-01-01,Mid Luxury SUV,land_rover,defender,130 P300 S,106,81256.0
2025-01-01,Mid Luxury SUV,land_rover,defender,130 P400 Outbound,85,97191.51764705882
2025-01-01,Mid Luxury SUV,land_rover,defender,130 P400 S,146,89043.24657534246
2025-01-01,Mid Luxury SUV,land_rover,defender,130 P400 X,73,109924.47945205479
2025-01-01,Mid Luxury SUV,land_rover,defender,130 P400 X-Dynamic SE,323,95351.23839009288
2025-01-01,Mid Luxury SUV,land_rover,defender,130 P500 V8,150,127432.96666666666
2025-01-01,Mid Luxury SUV,land_rover,defender,130 SE,12,109195.0
2025-01-01,Mid Luxury SUV,land_rover,defender,130 V8 P500,75,122680.05333333333
2025-01-01,Mid Luxury SUV,land_rover,defender,130 X,1,98915.0
2025-01-01,Mid Luxury SUV,land_rover,defender,90 75th Anniversary Edition,5,92749.0
2025-01-01,Mid Luxury SUV,land_rover,defender,90 Carpathian Edition,1,109580.0
2025-01-01,Mid Luxury SUV,land_rover,defender,90 P300 S,205,67359.9268292683
2025-01-01,Mid Luxury SUV,land_rover,defender,90 P400 X-Dynamic SE,169,80727.30177514793
2025-01-01,Mid Luxury SUV,land_rover,defender,90 S,2,62024.5
2025-01-01,Mid Luxury SUV,land_rover,defender,90 SE,3,69643.33333333333
2025-01-01,Mid Luxury SUV,land_rover,defender,90 V8,61,112671.81967213115
2025-01-01,Mid Luxury SUV,land_rover,defender,90 V8 Carpathian Edition,37,116591.18918918919
2025-01-01,Mid Luxury SUV,land_rover,defender,90 X,2,119401.0
2025-01-01,Mid Luxury SUV,land_rover,defender,90 X-Dynamic SE,4,92831.5
2025-01-01,Mid Luxury SUV,land_rover,defender,P400 Sedona Red Edition,22,86179.68181818182
2025-01-01,Mid Luxury SUV,land_rover,discovery,P300 Dynamic SE,270,73503.62962962964
2025-01-01,Mid Luxury SUV,land_rover,discovery,P300 S,345,67413.13043478261
2025-01-01,Mid Luxury SUV,land_rover,discovery,P300 S R-Dynamic,2,67239.0
2025-01-01,Mid Luxury SUV,land_rover,discovery,P360 Dynamic SE,822,79869.55109489051
2025-01-01,Mid Luxury SUV,land_rover,discovery,P360 HSE R-Dynamic,1,83330.0
2025-01-01,Mid Luxury SUV,land_rover,discovery,P360 Metropolitan,182,87341.05494505494
2025-01-01,Mid Luxury SUV,land_rover,discovery,P360 Metropolitan Edition,1,86150.0
2025-01-01,Mid Luxury SUV,land_rover,discovery,P360 S R-Dynamic,1,66918.0
2025-01-01,Mid Luxury SUV,land_rover,range_rover_velar,P250 Dynamic SE,882,73392.90362811791
2025-01-01,Mid Luxury SUV,land_rover,range_rover_velar,P250 S,387,68576.16020671834
2025-01-01,Mid Luxury SUV,land_rover,range_rover_velar,P340 R-Dynamic S,2,78570.0
2025-01-01,Mid Luxury SUV,land_rover,range_rover_velar,P400 Dynamic HSE,72,87005.19444444444
2025-01-01,Mid Luxury SUV,land_rover,range_rover_velar,P400 Dynamic SE,255,80556.49803921569
2025-01-01,Mid Luxury SUV,land_rover,range_rover_velar,P400 HST,1,85570.0
2025-01-01,Mid Luxury SUV,lexus,gx_series,Luxury,126,83471.39682539682
2025-01-01,Mid Luxury SUV,lexus,gx_series,Luxury+,186,86601.33333333333
2025-01-01,Mid Luxury SUV,lexus,gx_series,Overtrail,1,73597.0
2025-01-01,Mid Luxury SUV,lexus,gx_series,Overtrail+,253,80495.16205533597
2025-01-01,Mid Luxury SUV,lexus,gx_series,Premium+,272,73472.45220588235
2025-01-01,Mid Luxury SUV,lexus,rx_series,Base,7,51824.28571428572
2025-01-01,Mid Luxury SUV,lexus,rx_series,F SPORT Design,112,59105.40133928571
2025-01-01,Mid Luxury SUV,lexus,rx_series,F SPORT Handling,55,63505.25454545455
2025-01-01,Mid Luxury SUV,lexus,rx_series,F SPORT Performance,117,74547.09401709402
2025-01-01,Mid Luxury SUV,lexus,rx_series,Luxury,394,73892.08192893401
2025-01-01,Mid Luxury SUV,lexus,rx_series,Premium,1008,57564.684349553114
2025-01-01,Mid Luxury SUV,lexus,rx_series,Premium+,376,61946.8252393617
2025-01-01,Mid Luxury SUV,lexus,tx,Base,14,60544.5
2025-01-01,Mid Luxury SUV,lexus,tx,F SPORT Handling,3,64725.666666666664
2025-01-01,Mid Luxury SUV,lexus,tx,F SPORT Performance Luxury,29,77384.13793103448
2025-01-01,Mid Luxury SUV,lexus,tx,F SPORT Performance Premium,86,74370.56976744186
2025-01-01,Mid Luxury SUV,lexus,tx,Luxury,95,68969.7335483871
2025-01-01,Mid Luxury SUV,lexus,tx,Premium,561,64162.638146167556
2025-01-01,Mid Luxury SUV,lincoln,aviator,Black Label,1015,89997.55172413793
2025-01-01,Mid Luxury SUV,lincoln,aviator,Black Label Grand Touring,7,81529.42857142857
2025-01-01,Mid Luxury SUV,lincoln,aviator,Grand Touring,22,76476.22727272728
2025-01-01,Mid Luxury SUV,lincoln,aviator,Livery,7,56982.42857142857
2025-01-01,Mid Luxury SUV,lincoln,aviator,Premiere,1604,64086.56608478803
2025-01-01,Mid Luxury SUV,lincoln,aviator,Reserve,5743,75924.2032039004
2025-01-01,Mid Luxury SUV,lincoln,aviator,Standard,2,62041.5
2025-01-01,Mid Luxury SUV,lincoln,nautilus,Black Label,1323,77136.2940287226
2025-01-01,Mid Luxury SUV,lincoln,nautilus,Premiere,4548,56846.779023746705
2025-01-01,Mid Luxury SUV,lincoln,nautilus,Reserve,5905,63623.77425910246
2025-01-01,Mid Luxury SUV,lincoln,nautilus,Standard,4,46197.5
2025-01-01,Mid Luxury SUV,mercedes_benz,benz_amg_gle,4MATIC+,51,100204.17647058824
2025-01-01,Mid Luxury SUV,mercedes_benz,gle_class,4MATIC,847,81478.81530106258
2025-01-01,Mid Luxury SUV,mercedes_benz,gle_class,AMG GLE 53,2038,99406.76545632974
2025-01-01,Mid Luxury SUV,mercedes_benz,gle_class,AMG GLE 63 S,906,139267.71964679912
2025-01-01,Mid Luxury SUV,mercedes_benz,gle_class,GLE 350 4MATIC,3043,72251.30167597765
2025-01-01,Mid Luxury SUV,mercedes_benz,gle_class,GLE 450 4MATIC,2414,83023.08077879039
2025-01-01,Mid Luxury SUV,mercedes_benz,gle_class,GLE 450e 4MATIC,1624,81435.70628078817
2025-01-01,Mid Luxury SUV,mercedes_benz,gle_class,GLE 580 4MATIC,371,99629.18328840971
2025-01-01,Mid Luxury SUV,volvo,xc90,B5 Core,366,59858.17759562842
2025-01-01,Mid Luxury SUV,volvo,xc90,B5 Core Bright Theme,17,56014.23529411765
2025-01-01,Mid Luxury SUV,volvo,xc90,B5 Plus,398,63331.84422110553
2025-01-01,Mid Luxury SUV,volvo,xc90,B5 Plus 6-Seater,32,65652.0
2025-01-01,Mid Luxury SUV,volvo,xc90,B5 Plus 7-Seater,80,65488.6125
2025-01-01,Mid Luxury SUV,volvo,xc90,B5 Plus Bright Theme,32,61504.375
2025-01-01,Mid Luxury SUV,volvo,xc90,B5 Ultra,44,69215.34090909091
2025-01-01,Mid Luxury SUV,volvo,xc90,B5 Ultra 6-Seater,5,70289.2
2025-01-01,Mid Luxury SUV,volvo,xc90,B5 Ultra 7-Seater,5,73434.8
2025-01-01,Mid Luxury SUV,volvo,xc90,B6 Core,77,64587.207792207795
2025-01-01,Mid Luxury SUV,volvo,xc90,B6 Core Bright Theme,4,60096.25
2025-01-01,Mid Luxury SUV,volvo,xc90,B6 Plus 6-Seater,57,69678.57894736843
2025-01-01,Mid Luxury SUV,volvo,xc90,B6 Plus 6P,398,67552.61306532663
2025-01-01,Mid Luxury SUV,volvo,xc90,B6 Plus 7-Seater,144,69109.68055555556
2025-01-01,Mid Luxury SUV,volvo,xc90,B6 Plus 7P,1944,66571.43518518518
2025-01-01,Mid Luxury SUV,volvo,xc90,B6 Plus Bright Theme 6P,39,65444.5641025641
2025-01-01,Mid Luxury SUV,volvo,xc90,B6 Plus Bright Theme 7P,162,64285.253086419754
2025-01-01,Mid Luxury SUV,volvo,xc90,B6 Ultimate Bright Theme 6P,20,71983.65
2025-01-01,Mid Luxury SUV,volvo,xc90,B6 Ultimate Bright Theme 7P,70,70807.52857142857
2025-01-01,Mid Luxury SUV,volvo,xc90,B6 Ultra,313,75694.82747603834
2025-01-01,Mid Luxury SUV,volvo,xc90,B6 Ultra 6P,190,74336.01578947369
2025-01-01,Mid Luxury SUV,volvo,xc90,B6 Ultra 7P,462,73546.14069264069
2025-01-01,Mid Luxury SUV,volvo,xc90,B6 Ultra Bright Theme 6P,4,74059.5
2025-01-01,Mid Luxury SUV,volvo,xc90,B6 Ultra Bright Theme 7P,13,73844.0
2025-01-01,Mid Luxury SUV,volvo,xc90,T8 Core,82,74885.36585365854
2025-01-01,Mid Luxury SUV,volvo,xc90,T8 Core 7-Seater,40,75328.35
2025-01-01,Mid Luxury SUV,volvo,xc90,T8 Core Bright Theme,10,73652.1
2025-01-01,Mid Luxury SUV,volvo,xc90,T8 Plus 6-Seater,123,79472.12195121951
2025-01-01,Mid Luxury SUV,volvo,xc90,T8 Plus 6P,222,77520.78378378379
2025-01-01,Mid Luxury SUV,volvo,xc90,T8 Plus 7-Seater,685,77871.10072992701
2025-01-01,Mid Luxury SUV,volvo,xc90,T8 Plus 7P,382,76134.1439790576
2025-01-01,Mid Luxury SUV,volvo,xc90,T8 Plus Bright Theme 6P,15,72994.46666666666
2025-01-01,Mid Luxury SUV,volvo,xc90,T8 Plus Bright Theme 7P,68,74039.67647058824
2025-01-01,Mid Luxury SUV,volvo,xc90,T8 Ultimate Bright Theme 6P,8,78229.375
2025-01-01,Mid Luxury SUV,volvo,xc90,T8 Ultimate Bright Theme 7P,21,82348.90476190476
2025-01-01,Mid Luxury SUV,volvo,xc90,T8 Ultra 6-Seater,129,86431.17054263566
2025-01-01,Mid Luxury SUV,volvo,xc90,T8 Ultra 6P,180,84338.72777777778
2025-01-01,Mid Luxury SUV,volvo,xc90,T8 Ultra 7-Seater,430,82609.27674418605
2025-01-01,Mid Luxury SUV,volvo,xc90,T8 Ultra 7P,386,81882.16321243523
2025-01-01,Mid Luxury SUV,volvo,xc90,T8 Ultra Bright Theme,4,83440.0
2025-01-01,Mid Luxury SUV,volvo,xc90,T8 Ultra Bright Theme 6P,6,84083.33333333333
2025-01-01,Near Luxury Car,acura,tlx,Base,7,41349.57142857143
2025-01-01,Near Luxury Car,acura,tlx,SH-AWD Type S,21,56736.2
2025-01-01,Near Luxury Car,acura,tlx,SH-AWD Type S w/Perf. Wheel+Tire,2,58245.0
2025-01-01,Near Luxury Car,acura,tlx,SH-AWD w/A-SPEC,861,52096.34262485482
2025-01-01,Near Luxury Car,acura,tlx,SH-AWD w/Advance,1,52445.0
2025-01-01,Near Luxury Car,acura,tlx,w/A-SPEC,1,46223.0
2025-01-01,Near Luxury Car,acura,tlx,w/Tech,719,47071.923504867875
2025-01-01,Near Luxury Car,alfa_romeo,giulia,Base,181,52399.5138121547
2025-01-01,Near Luxury Car,alfa_romeo,giulia,Competizione,9,49563.0
2025-01-01,Near Luxury Car,alfa_romeo,giulia,Estrema,1,52888.0
2025-01-01,Near Luxury Car,alfa_romeo,giulia,Quadrifoglio,94,86818.28260869565
2025-01-01,Near Luxury Car,alfa_romeo,giulia,Quadrifoglio Carbon,31,88627.87096774194
2025-01-01,Near Luxury Car,alfa_romeo,giulia,Special Edition AWD,11,53553.90909090909
2025-01-01,Near Luxury Car,alfa_romeo,giulia,Sprint,191,46117.10994764398
2025-01-01,Near Luxury Car,alfa_romeo,giulia,Ti,181,46334.016574585636
2025-01-01,Near Luxury Car,alfa_romeo,giulia,Veloce,206,49530.553398058255
2025-01-01,Near Luxury Car,audi,a4_allroad,quattro Premium 45 TFSI,9,51849.666666666664
2025-01-01,Near Luxury Car,audi,a4_allroad,quattro Premium Plus 45 TFSI,67,56028.388059701494
2025-01-01,Near Luxury Car,audi,a4_allroad,quattro Prestige 45 TFSI,5,59302.4
2025-01-01,Near Luxury Car,audi,a4_s4,3.0 TFSI quattro Technik,1,65811.0
2025-01-01,Near Luxury Car,audi,a4_s4,3.0T quattro Premium Plus,26,64531.653846153844
2025-01-01,Near Luxury Car,audi,a4_s4,3.0T quattro Prestige,2,69091.0
2025-01-01,Near Luxury Car,audi,a4_s4,Premium Plus 45 TFSI S line quattro S tronic,1,52518.0
2025-01-01,Near Luxury Car,audi,a4_s4,quattro Premium 40 TFSI,7,45229.0
2025-01-01,Near Luxury Car,audi,a4_s4,quattro Premium Plus 40 TFSI,2,46466.5
2025-01-01,Near Luxury Car,audi,a4_s4,quattro S line Prem Plus 45 TFSI,144,50621.833333333336
2025-01-01,Near Luxury Car,audi,a4_s4,quattro S line Premium 45 TFSI,119,46878.83193277311
2025-01-01,Near Luxury Car,audi,a4_s4,quattro S line Prestige 45 TFSI,6,54579.166666666664
2025-01-01,Near Luxury Car,audi,a5,quattro Premium 40 TFSI,1,47590.0
2025-01-01,Near Luxury Car,audi,a5,quattro Premium 45 TFSI,57,58564.070175438595
2025-01-01,Near Luxury Car,audi,a5,quattro Premium Plus 40 TFSI,6,53427.833333333336
2025-01-01,Near Luxury Car,audi,a5,quattro Premium Plus 45 TFSI,194,62162.072164948455
2025-01-01,Near Luxury Car,audi,a5,quattro Prestige 40 TFSI,1,53120.0
2025-01-01,Near Luxury Car,audi,a5,quattro Prestige 45 TFSI,37,65921.7027027027
2025-01-01,Near Luxury Car,audi,a5,quattro S line Prem Plus 45 TFSI,989,55699.59881698686
2025-01-01,Near Luxury Car,audi,a5,quattro S line Premium 45 TFSI,748,50952.48529411765
2025-01-01,Near Luxury Car,audi,a5,quattro S line Prestige 45 TFSI,52,58926.394230769234
2025-01-01,Near Luxury Car,audi,a5_s5,Premium TFSI quattro Tiptronic,1,57534.0
2025-01-01,Near Luxury Car,audi,a5_s5_rs_5,2.9T quattro,193,90406.1670984456
2025-01-01,Near Luxury Car,audi,s5,3.0 TFSI quattro Progressiv,22,60972.0
2025-01-01,Near Luxury Car,audi,s5,3.0T quattro Premium,58,62374.31034482759
2025-01-01,Near Luxury Car,audi,s5,3.0T quattro Premium Plus,1321,68335.43575321727
2025-01-01,Near Luxury Car,audi,s5,3.0T quattro Prestige,202,71008.96537313433
2025-01-01,Near Luxury Car,audi,s5,S5 Sportback,1,60453.0
2025-01-01,Near Luxury Car,bmw,3_series,330e,12,50998.833333333336
2025-01-01,Near Luxury Car,bmw,3_series,330e xDrive,4,54467.5
2025-01-01,Near Luxury Car,bmw,3_series,330i,1217,51113.774034511094
2025-01-01,Near Luxury Car,bmw,3_series,330i xDrive,1582,53292.145385587864
2025-01-01,Near Luxury Car,bmw,3_series,M340i,181,65563.34254143646
2025-01-01,Near Luxury Car,bmw,3_series,M340i xDrive,220,68409.0
2025-01-01,Near Luxury Car,bmw,3_series,xDrive,109,53070.1376146789
2025-01-01,Near Luxury Car,bmw,4_series,430i,716,61593.77248603352
2025-01-01,Near Luxury Car,bmw,4_series,430i Gran Coupe,86,55259.91860465116
2025-01-01,Near Luxury Car,bmw,4_series,430i xDrive,667,64003.26226386808
2025-01-01,Near Luxury Car,bmw,4_series,430i xDrive Gran Coupe,73,57572.6301369863
2025-01-01,Near Luxury Car,bmw,4_series,M440i,262,71158.17786259543
2025-01-01,Near Luxury Car,bmw,4_series,M440i Gran Coupe,4,67856.5
2025-01-01,Near Luxury Car,bmw,4_series,M440i xDrive,328,75595.37859756098
2025-01-01,Near Luxury Car,bmw,4_series,M440i xDrive Gran Coupe,5,69424.8
2025-01-01,Near Luxury Car,bmw,4_series,xDrive,45,58807.0
2025-01-01,Near Luxury Car,bmw,4_series_gran_coupe,xDrive,36,71552.69444444444
2025-01-01,Near Luxury Car,bmw,m3,Base,33,90640.54545454546
2025-01-01,Near Luxury Car,bmw,m3,Competition,16,91709.0
2025-01-01,Near Luxury Car,bmw,m3,Competition xDrive,157,100065.76433121019
2025-01-01,Near Luxury Car,bmw,m4,Base,36,87765.19444444444
2025-01-01,Near Luxury Car,bmw,m4,CS,55,130944.67272727273
2025-01-01,Near Luxury Car,bmw,m4,Competition,308,101764.89285714286
2025-01-01,Near Luxury Car,bmw,m4,Competition xDrive,180,98576.48611111111
2025-01-01,Near Luxury Car,cadillac,ct5,Base,310,65845.32580645161
2025-01-01,Near Luxury Car,cadillac,ct5,Blackwing,227,115313.91189427313
2025-01-01,Near Luxury Car,cadillac,ct5,Luxury,8,42237.625
2025-01-01,Near Luxury Car,cadillac,ct5,Premium Luxury,1556,53207.050771208225
2025-01-01,Near Luxury Car,cadillac,ct5,Premium Luxury RWD,192,59094.494791666664
2025-01-01,Near Luxury Car,cadillac,ct5,Sport,1111,54607.655265526555
2025-01-01,Near Luxury Car,cadillac,ct5,V-Series RWD,31,65583.19354838709
2025-01-01,Near Luxury Car,genesis,g70,2.0T,3,42630.0
2025-01-01,Near Luxury Car,genesis,g70,2.0T Prestige,23,43320.739130434784
2025-01-01,Near Luxury Car,genesis,g70,2.5T,179,45553.754189944135
2025-01-01,Near Luxury Car,genesis,g70,2.5T Prestige,408,49162.96068796069
2025-01-01,Near Luxury Car,genesis,g70,2.5T Standard,1036,46615.44691119691
2025-01-01,Near Luxury Car,genesis,g70,3.3T Sport,24,47659.458333333336
2025-01-01,Near Luxury Car,genesis,g70,3.3T Sport Advanced,1320,55967.1106060606
2025-01-01,Near Luxury Car,genesis,g70,3.3T Standard,7,49750.57142857143
2025-01-01,Near Luxury Car,infiniti,q50,Luxe,137,45104.34306569343
2025-01-01,Near Luxury Car,infiniti,q50,Red Sport 400,199,60013.040201005024
2025-01-01,Near Luxury Car,infiniti,q50,Sensory,145,51685.17931034483
2025-01-01,Near Luxury Car,kia,stinger,GT-Line,2,38885.0
2025-01-01,Near Luxury Car,kia,stinger,GT2,2,53535.0
2025-01-01,Near Luxury Car,lexus,es_series,Base,1471,49213.233704962615
2025-01-01,Near Luxury Car,lexus,es_series,F SPORT Design,6,51535.833333333336
2025-01-01,Near Luxury Car,lexus,es_series,F SPORT Handling,176,51948.39261363636
2025-01-01,Near Luxury Car,lexus,es_series,Luxury,151,54440.07304635762
2025-01-01,Near Luxury Car,lexus,es_series,Ultra Luxury,232,54059.38017316018
2025-01-01,Near Luxury Car,lexus,is_series,Base,210,45802.3380952381
2025-01-01,Near Luxury Car,lexus,is_series,F SPORT,380,52815.69736842105
2025-01-01,Near Luxury Car,lexus,is_series,F SPORT Design,298,46717.883221476506
2025-01-01,Near Luxury Car,lexus,is_series,F SPORT Performance,40,72279.25
2025-01-01,Near Luxury Car,lexus,is_series,F SPORT Performance Premium,27,68180.0
2025-01-01,Near Luxury Car,lexus,rc_series,Base,48,55304.954999999994
2025-01-01,Near Luxury Car,lexus,rc_series,F SPORT,162,59787.541172839505
2025-01-01,Near Luxury Car,lexus,rc_series,Track Edition,15,105354.13333333333
2025-01-01,Near Luxury Car,mercedes_benz,c_class,AMG C 43,842,72380.59976247032
2025-01-01,Near Luxury Car,mercedes_benz,c_class,AMG C 63 S E Performance,429,99035.78787878787
2025-01-01,Near Luxury Car,mercedes_benz,c_class,C 300,4079,54374.96396175533
2025-01-01,Near Luxury Car,mercedes_benz,c_class,C 300 4MATIC,3649,56687.26864035088
2025-01-01,Near Luxury Car,volvo,s60_v60,B5 Core,116,45867.78448275862
2025-01-01,Near Luxury Car,volvo,s60_v60,B5 Core Dark Theme,223,43859.439461883405
2025-01-01,Near Luxury Car,volvo,s60_v60,B5 Plus,426,52864.203098591555
2025-01-01,Near Luxury Car,volvo,s60_v60,B5 Plus Black Edition,152,48305.56578947369
2025-01-01,Near Luxury Car,volvo,s60_v60,B5 Plus Dark Theme,359,47516.74094707521
2025-01-01,Near Luxury Car,volvo,s60_v60,B5 Ultimate,13,57119.846153846156
2025-01-01,Near Luxury Car,volvo,s60_v60,B5 Ultimate Dark Theme,16,49809.75
2025-01-01,Near Luxury Car,volvo,s60_v60,B5 Ultra,104,58968.668269230766
2025-01-01,Near Luxury Car,volvo,s60_v60,T8 Core Dark Theme,11,52797.181818181816
2025-01-01,Near Luxury Car,volvo,s60_v60,T8 Plus,46,58728.95652173913
2025-01-01,Near Luxury Car,volvo,s60_v60,T8 Plus Black Edition,2,53183.0
2025-01-01,Near Luxury Car,volvo,s60_v60,T8 Plus Dark Theme,32,56220.15625
2025-01-01,Near Luxury Car,volvo,s60_v60,T8 Polestar Engineered,17,72901.11764705883
2025-01-01,Near Luxury Car,volvo,s60_v60,T8 Ultimate Black Edition,2,59845.5
2025-01-01,Near Luxury Car,volvo,s60_v60,T8 Ultra,3,59889.0
2025-01-01,Near Luxury Car,volvo,s60_v60,T8 Ultra Black Edition,2,60915.0
2025-01-01,Near Luxury EV SUV,audi,q4_e_tron,Premium 45 RWD,148,52946.85810810811
2025-01-01,Near Luxury EV SUV,audi,q4_e_tron,Premium 45 quattro,154,55860.993506493505
2025-01-01,Near Luxury EV SUV,audi,q4_e_tron,quattro Premium 50 TFSI,1,63135.0
2025-01-01,Near Luxury EV SUV,audi,q4_e_tron,quattro Premium 55 TFSI,316,59094.73101265823
2025-01-01,Near Luxury EV SUV,audi,q4_e_tron,quattro Premium Plus 50 TFSI,5,63079.0
2025-01-01,Near Luxury EV SUV,audi,q4_e_tron,quattro Premium Plus 55,191,64509.32984293194
2025-01-01,Near Luxury EV SUV,audi,q4_e_tron,quattro Premium Plus 55 TFSI,764,59731.15706806283
2025-01-01,Near Luxury EV SUV,audi,q4_e_tron,quattro Prestige 55 TFSI,194,63924.6030927835
2025-01-01,Near Luxury EV SUV,cadillac,optiq,Luxury,81,56791.2962962963
2025-01-01,Near Luxury EV SUV,cadillac,optiq,Luxury 1 AWD,6,55486.333333333336
2025-01-01,Near Luxury EV SUV,cadillac,optiq,Sport,82,58449.68292682927
2025-01-01,Near Luxury EV SUV,cadillac,optiq,Sport 1 AWD,3,57747.333333333336
2025-01-01,Near Luxury EV SUV,cadillac,optiq,Sport 2 AWD,2,60316.0
2025-01-01,Near Luxury EV SUV,genesis,gv70_ev,Advanced,375,69072.14133333333
2025-01-01,Near Luxury EV SUV,genesis,gv70_ev,Base,265,71705.91320754717
2025-01-01,Near Luxury EV SUV,genesis,gv70_ev,Prestige,1,76240.0
2025-01-01,Near Luxury EV SUV,lexus,rz_series,Luxury,22,65359.20590909091
2025-01-01,Near Luxury EV SUV,lexus,rz_series,Premium,259,55412.01926640927
2025-01-01,Near Luxury EV SUV,mercedes_benz,eqb,EQB 250,283,58849.93992932862
2025-01-01,Near Luxury EV SUV,mercedes_benz,eqb,EQB 250+,382,59399.075916230366
2025-01-01,Near Luxury EV SUV,mercedes_benz,eqb,EQB 300 4MATIC,1281,62818.12880562061
2025-01-01,Near Luxury EV SUV,mercedes_benz,eqb,EQB 350 4MATIC,214,65568.83644859813
2025-01-01,Near Luxury EV SUV,porsche,macan_electric,4S,553,102714.85533453888
2025-01-01,Near Luxury SUV,acura,rdx,A-SPEC Advance Package,34,54335.0
2025-01-01,Near Luxury SUV,acura,rdx,SH-AWD,798,46483.179197994985
2025-01-01,Near Luxury SUV,acura,rdx,SH-AWD w/A-SPEC,1942,52187.23338485317
2025-01-01,Near Luxury SUV,acura,rdx,SH-AWD w/Advance,973,54194.1378600823
2025-01-01,Near Luxury SUV,acura,rdx,SH-AWD w/Advance w/A-SPEC,1720,56287.70564281559
2025-01-01,Near Luxury SUV,acura,rdx,SH-AWD w/Platinum Elite w/A-SPEC,115,56368.54782608696
2025-01-01,Near Luxury SUV,acura,rdx,SH-AWD w/Tech,1843,49076.12139357648
2025-01-01,Near Luxury SUV,acura,rdx,w/A-SPEC,3,48393.666666666664
2025-01-01,Near Luxury SUV,alfa_romeo,stelvio,AWD,54,54695.0
2025-01-01,Near Luxury SUV,alfa_romeo,stelvio,Base,23,54298.82608695652
2025-01-01,Near Luxury SUV,alfa_romeo,stelvio,Competizione,1,53601.0
2025-01-01,Near Luxury SUV,alfa_romeo,stelvio,Quadrifoglio,139,91626.44927536232
2025-01-01,Near Luxury SUV,alfa_romeo,stelvio,Quadrifoglio Carbon,12,92280.16666666667
2025-01-01,Near Luxury SUV,alfa_romeo,stelvio,Special Edition Tributo Italiano AWD,107,58448.280373831774
2025-01-01,Near Luxury SUV,alfa_romeo,stelvio,Sprint,372,51966.15053763441
2025-01-01,Near Luxury SUV,alfa_romeo,stelvio,Ti,226,49938.41150442478
2025-01-01,Near Luxury SUV,alfa_romeo,stelvio,Ti Lusso,1,40000.0
2025-01-01,Near Luxury SUV,alfa_romeo,stelvio,Veloce,249,52790.23293172691
2025-01-01,Near Luxury SUV,audi,q5_sq5,Premium 55 TFSI e S line quattro S tronic,7,59092.0
2025-01-01,Near Luxury SUV,audi,q5_sq5,Premium Plus 40 TFSI quattro S tronic,4,51618.0
2025-01-01,Near Luxury SUV,audi,q5_sq5,Premium Plus 45 TFSI S line quattro S tronic,25,56152.375
2025-01-01,Near Luxury SUV,audi,q5_sq5,Premium Plus 55 TFSI e S line quattro S tronic,15,64904.73333333333
2025-01-01,Near Luxury SUV,audi,q5_sq5,Prestige 55 TFSI e S line quattro S tronic,6,70068.33333333333
2025-01-01,Near Luxury SUV,audi,q5_sq5,e quattro S line Prem Pl 55 TFSI,1771,64397.30660643704
2025-01-01,Near Luxury SUV,audi,q5_sq5,e quattro S line Premium 55 TFSI,348,59592.84149855908
2025-01-01,Near Luxury SUV,audi,q5_sq5,e quattro S line Prestg 55 TFSI,260,69197.86923076923
2025-01-01,Near Luxury SUV,audi,q5_sq5,quattro Premium 40 TFSI,681,48077.63436123348
2025-01-01,Near Luxury SUV,audi,q5_sq5,quattro Premium Plus 40 TFSI,247,52135.87449392713
2025-01-01,Near Luxury SUV,audi,q5_sq5,quattro Prestige 40 TFSI,8,55293.875
2025-01-01,Near Luxury SUV,audi,q5_sq5,quattro Progressiv 45 TFSI,27,56710.2962962963
2025-01-01,Near Luxury SUV,audi,q5_sq5,quattro S line Prem Plus 45 TFSI,3212,56684.59402241594
2025-01-01,Near Luxury SUV,audi,q5_sq5,quattro S line Premium 45 TFSI,2154,51478.70055710307
2025-01-01,Near Luxury SUV,audi,q5_sq5,quattro S line Prestige 45 TFSI,307,60009.47557003258
2025-01-01,Near Luxury SUV,audi,sq5,3.0 TFSI quattro Progressiv,2,60363.5
2025-01-01,Near Luxury SUV,audi,sq5,3.0 TFSI quattro Technik,25,72062.04
2025-01-01,Near Luxury SUV,audi,sq5,3.0T quattro Premium,50,60607.7
2025-01-01,Near Luxury SUV,audi,sq5,3.0T quattro Premium Plus,1201,68657.43713572023
2025-01-01,Near Luxury SUV,audi,sq5,3.0T quattro Prestige,151,73346.38410596027
2025-01-01,Near Luxury SUV,audi,sq5,Premium Plus TFSI quattro Tiptronic,2,69733.5
2025-01-01,Near Luxury SUV,audi,sq5,Prestige TFSI quattro Tiptronic,2,73594.0
2025-01-01,Near Luxury SUV,bmw,x3,30 xDrive,1539,56517.29239766082
2025-01-01,Near Luxury SUV,bmw,x3,M40i,12,68576.66666666667
2025-01-01,Near Luxury SUV,bmw,x3,M50 xDrive,750,71318.42533333333
2025-01-01,Near Luxury SUV,bmw,x3,sDrive30i,321,52798.96875
2025-01-01,Near Luxury SUV,bmw,x3,xDrive30i,264,54626.41287878788
2025-01-01,Near Luxury SUV,bmw,x3_m,Base,2,84328.0
2025-01-01,Near Luxury SUV,bmw,x4,Base,86,91630.48837209302
2025-01-01,Near Luxury SUV,bmw,x4,M40i,44,74109.93023255814
2025-01-01,Near Luxury SUV,bmw,x4,xDrive30i,122,62034.75409836065
2025-01-01,Near Luxury SUV,cadillac,xt4,Luxury,196,42639.54081632653
2025-01-01,Near Luxury SUV,cadillac,xt4,Premium Luxury,4230,46606.28723404255
2025-01-01,Near Luxury SUV,cadillac,xt4,Sport,2243,49405.255907267056
2025-01-01,Near Luxury SUV,genesis,gv70,2.5T Advanced Plus,104,54053.04807692308
2025-01-01,Near Luxury SUV,genesis,gv70,2.5T Prestige,174,59854.51724137931
2025-01-01,Near Luxury SUV,genesis,gv70,2.5T Standard,2281,54377.03068829461
2025-01-01,Near Luxury SUV,genesis,gv70,3.5T Sport,2993,66182.79852990311
2025-01-01,Near Luxury SUV,infiniti,qx50,Autograph,16,59702.25
2025-01-01,Near Luxury SUV,infiniti,qx50,Luxe,1308,48263.964067278284
2025-01-01,Near Luxury SUV,infiniti,qx50,Pure,199,43230.43216080402
2025-01-01,Near Luxury SUV,infiniti,qx50,Sensory,21,55856.0
2025-01-01,Near Luxury SUV,infiniti,qx50,Sport,954,53090.07023060797
2025-01-01,Near Luxury SUV,infiniti,qx55,Essential,377,56695.32360742705
2025-01-01,Near Luxury SUV,infiniti,qx55,Luxe,784,51719.24234693877
2025-01-01,Near Luxury SUV,infiniti,qx55,Sensory,204,60343.99509803922
2025-01-01,Near Luxury SUV,jaguar,e_pace,P250 R-Dynamic SE,356,54657.8595505618
2025-01-01,Near Luxury SUV,jaguar,e_pace,P250 SE,2,53290.0
2025-01-01,Near Luxury SUV,land_rover,discovery_sport,P250 Dynamic SE,496,58972.9939516129
2025-01-01,Near Luxury SUV,land_rover,discovery_sport,P250 S,1045,53979.83444976077
2025-01-01,Near Luxury SUV,land_rover,discovery_sport,P250 S R-Dynamic,1,54089.0
2025-01-01,Near Luxury SUV,land_rover,discovery_sport,P250 SE,4,49962.0
2025-01-01,Near Luxury SUV,land_rover,discovery_sport,P250 SE R-Dynamic,17,53198.705882352944
2025-01-01,Near Luxury SUV,land_rover,discovery_sport,P250 SE-Dynamic,1,62039.0
2025-01-01,Near Luxury SUV,land_rover,range_rover_evoque,P250 Dynamic SE,536,62058.022388059704
2025-01-01,Near Luxury SUV,land_rover,range_rover_evoque,P250 R-Dynamic SE,4,54661.0
2025-01-01,Near Luxury SUV,land_rover,range_rover_evoque,P250 S,766,56662.87336814621
2025-01-01,Near Luxury SUV,land_rover,range_rover_evoque,P250 SE,1,46129.0
2025-01-01,Near Luxury SUV,land_rover,range_rover_evoque,P300 R-Dynamic HST,1,62480.0
2025-01-01,Near Luxury SUV,lexus,nx_series,Base,865,54873.51304046243
2025-01-01,Near Luxury SUV,lexus,nx_series,F SPORT Handling,191,63968.49230366492
2025-01-01,Near Luxury SUV,lexus,nx_series,Luxury,315,57449.15314285714
2025-01-01,Near Luxury SUV,lexus,nx_series,Premium,1292,51508.67677244582
2025-01-01,Near Luxury SUV,maserati,grecale,Folgore,44,117835.04545454546
2025-01-01,Near Luxury SUV,maserati,grecale,GT,442,75482.23529411765
2025-01-01,Near Luxury SUV,maserati,grecale,Modena,358,84983.09217877095
2025-01-01,Near Luxury SUV,maserati,grecale,Trofeo,70,107758.63768115942
2025-01-01,Near Luxury SUV,mercedes_benz,benz_amg_glc,4MATIC,372,99719.48518817205
2025-01-01,Near Luxury SUV,mercedes_benz,glb,AMG GLB 35,489,65035.14344262295
2025-01-01,Near Luxury SUV,mercedes_benz,glb,GLB 250,1708,50201.38173302108
2025-01-01,Near Luxury SUV,mercedes_benz,glb,GLB 250 4MATIC,1281,52455.87041373926
2025-01-01,Near Luxury SUV,mercedes_benz,glc_class,4MATIC,822,66673.70316301704
2025-01-01,Near Luxury SUV,mercedes_benz,glc_class,4MATIC SUV,58,58429.44827586207
2025-01-01,Near Luxury SUV,mercedes_benz,glc_class,AMG GLC 43,1742,77129.67336394948
2025-01-01,Near Luxury SUV,mercedes_benz,glc_class,AMG GLC 63 S E Performance,1,69960.0
2025-01-01,Near Luxury SUV,mercedes_benz,glc_class,GLC 300,1644,55023.91301703163
2025-01-01,Near Luxury SUV,mercedes_benz,glc_class,GLC 300 4MATIC,3573,58857.54324097397
2025-01-01,Near Luxury SUV,mercedes_benz,glc_class,GLC 350e 4MATIC,1234,67378.17423014587
2025-01-01,Near Luxury SUV,porsche,macan,4 Electric,940,98271.29787234042
2025-01-01,Near Luxury SUV,porsche,macan,4S Electric,12,104528.08333333333
2025-01-01,Near Luxury SUV,porsche,macan,Base,2034,76783.67224409449
2025-01-01,Near Luxury SUV,porsche,macan,Electric,293,89000.12969283276
2025-01-01,Near Luxury SUV,porsche,macan,GTS,50,109496.48
2025-01-01,Near Luxury SUV,porsche,macan,S,262,91766.85114503816
2025-01-01,Near Luxury SUV,porsche,macan,T,236,79949.75213675214
2025-01-01,Near Luxury SUV,porsche,macan,Turbo Electric,156,128446.02564102564
2025-01-01,Near Luxury SUV,volvo,xc60,B5 Core,1797,49624.26878130217
2025-01-01,Near Luxury SUV,volvo,xc60,B5 Core Dark Theme,38,47760.583333333336
2025-01-01,Near Luxury SUV,volvo,xc60,B5 Plus,3702,54564.61021069692
2025-01-01,Near Luxury SUV,volvo,xc60,B5 Plus Dark Theme,159,52864.93710691824
2025-01-01,Near Luxury SUV,volvo,xc60,B5 Ultimate Black Edition,3,59266.666666666664
2025-01-01,Near Luxury SUV,volvo,xc60,B5 Ultimate Bright Theme,4,63620.0
2025-01-01,Near Luxury SUV,volvo,xc60,B5 Ultimate Dark Theme,10,59044.444444444445
2025-01-01,Near Luxury SUV,volvo,xc60,B5 Ultra,1186,60185.39123102867
2025-01-01,Near Luxury SUV,volvo,xc60,B5 Ultra Black Edition,37,61335.54054054054
2025-01-01,Near Luxury SUV,volvo,xc60,B6 Ultimate Bright Theme,1,68955.0
2025-01-01,Near Luxury SUV,volvo,xc60,B6 Ultimate Dark Theme,1,70135.0
2025-01-01,Near Luxury SUV,volvo,xc60,T8 Core,422,60921.90758293839
2025-01-01,Near Luxury SUV,volvo,xc60,T8 Core Dark Theme,1,60665.0
2025-01-01,Near Luxury SUV,volvo,xc60,T8 Plus,2275,65890.6523076923
2025-01-01,Near Luxury SUV,volvo,xc60,T8 Plus Dark Theme,18,66044.88888888889
2025-01-01,Near Luxury SUV,volvo,xc60,T8 Polestar Engineered,11,76881.18181818182
2025-01-01,Near Luxury SUV,volvo,xc60,T8 Ultra,1064,71494.51879699249
2025-01-01,Near Luxury SUV,volvo,xc60,T8 Ultra Black Edition,47,73775.53191489361
2025-01-01,Near Luxury SUV,volvo,xc60,T8 Ultra Dark Theme,15,72705.33333333333
2025-01-01,Near Luxury SUV,volvo,xc60_recharge,T8 Core Dark Theme,14,58330.71428571428
2025-01-01,Near Luxury SUV,volvo,xc60_recharge,T8 Plus Bright Theme,1,66724.0
2025-01-01,Near Luxury SUV,volvo,xc60_recharge,T8 Plus Dark Theme,161,63388.95652173913
2025-01-01,Near Luxury SUV,volvo,xc60_recharge,T8 Polestar Engineered,22,76263.18181818182
2025-01-01,Near Luxury SUV,volvo,xc60_recharge,T8 Ultimate Black Edition,18,70707.22222222222
2025-01-01,Near Luxury SUV,volvo,xc60_recharge,T8 Ultimate Bright Theme,1,70440.0
2025-01-01,Near Luxury SUV,volvo,xc60_recharge,T8 Ultimate Dark Theme,42,72899.85714285714
2025-01-01,Premium Luxury Car,audi,a8_s8,4.0T quattro,214,135072.7289719626
2025-01-01,Premium Luxury Car,audi,a8_s8,quattro 55 TFSI,302,98560.62582781457
2025-01-01,Premium Luxury Car,bentley,flying_spur,Azure Hybrid,3,281965.0
2025-01-01,Premium Luxury Car,bentley,flying_spur,Azure V8,4,272348.75
2025-01-01,Premium Luxury Car,bentley,flying_spur,Edition 8,9,270447.3333333333
2025-01-01,Premium Luxury Car,bentley,flying_spur,Hybrid,2,276282.5
2025-01-01,Premium Luxury Car,bentley,flying_spur,Mulliner V8,2,284947.5
2025-01-01,Premium Luxury Car,bentley,flying_spur,S Hybrid,2,336197.5
2025-01-01,Premium Luxury Car,bentley,flying_spur,S V8,8,273097.75
2025-01-01,Premium Luxury Car,bentley,flying_spur,Speed,11,372040.63636363635
2025-01-01,Premium Luxury Car,bentley,flying_spur,V8,12,261034.16666666666
2025-01-01,Premium Luxury Car,bmw,7_series,740i,134,104800.13432835821
2025-01-01,Premium Luxury Car,bmw,7_series,740i xDrive,145,106967.51034482759
2025-01-01,Premium Luxury Car,bmw,7_series,750e xDrive,57,118449.43859649122
2025-01-01,Premium Luxury Car,bmw,7_series,760i xDrive,400,132197.11
2025-01-01,Premium Luxury Car,genesis,g90,3.5T,23,91262.47826086957
2025-01-01,Premium Luxury Car,genesis,g90,3.5T e-Supercharger,378,100272.25925925926
2025-01-01,Premium Luxury Car,lexus,ls_series,Base,135,94738.46814814814
2025-01-01,Premium Luxury Car,lexus,ls_series,F SPORT,15,92858.06666666667
2025-01-01,Premium Luxury Car,maserati,quattroporte,GT,2,92482.5
2025-01-01,Premium Luxury Car,maserati,quattroporte,Modena,3,107318.33333333333
2025-01-01,Premium Luxury Car,maserati,quattroporte,Modena Q4,13,131452.76923076922
2025-01-01,Premium Luxury Car,maserati,quattroporte,Modena Ultima Q4,21,129901.61904761905
2025-01-01,Premium Luxury Car,mercedes_benz,s_class,AMG S 63 E Performance,428,207664.44158878503
2025-01-01,Premium Luxury Car,mercedes_benz,s_class,Mercedes-Maybach S 580 4MATIC,151,226403.9205298013
2025-01-01,Premium Luxury Car,mercedes_benz,s_class,Mercedes-Maybach S 680 4MATIC,78,272904.9342105263
2025-01-01,Premium Luxury Car,mercedes_benz,s_class,S 500 4MATIC,95,126762.37894736842
2025-01-01,Premium Luxury Car,mercedes_benz,s_class,S 580 4MATIC,1242,142348.69645732688
2025-01-01,Premium Luxury Car,mercedes_benz,s_class,S 580e 4MATIC,372,138802.0483870968
2025-01-01,Premium Luxury Car,porsche,panamera,4,795,130507.29937106918
2025-01-01,Premium Luxury Car,porsche,panamera,4 E-Hybrid,188,139871.56914893616
2025-01-01,Premium Luxury Car,porsche,panamera,4 Platinum Edition,2,120045.0
2025-01-01,Premium Luxury Car,porsche,panamera,4S,91,156047.73626373627
2025-01-01,Premium Luxury Car,porsche,panamera,4S Sport Turismo,1,149750.0
2025-01-01,Premium Luxury Car,porsche,panamera,Base,121,126317.92561983471
2025-01-01,Premium Luxury Car,porsche,panamera,GTS,1,154830.0
2025-01-01,Premium Luxury Car,porsche,panamera,Platinum Edition,1,120820.0
2025-01-01,Premium Luxury Car,porsche,panamera,Turbo,16,223852.9375
2025-01-01,Premium Luxury Car,porsche,panamera,Turbo E-Hybrid,2,241835.0
2025-01-01,Premium Luxury Car,rolls_royce,ghost,Base,18,445605.86666666664
2025-01-01,Premium Luxury Car,rolls_royce,phantom,Base,4,610381.25
2025-02-01,Entry Luxury EV SUV,genesis,gv60,Advanced,132,61728.06060606061
2025-02-01,Entry Luxury EV SUV,genesis,gv60,Performance,130,70193.69230769231
2025-02-01,Entry Luxury EV SUV,genesis,gv60,Standard,376,55991.47606382979
2025-02-01,Entry Luxury EV SUV,volvo,c40_recharge,Core,8,54464.625
2025-02-01,Entry Luxury EV SUV,volvo,c40_recharge,Plus,17,54081.76470588235
2025-02-01,Entry Luxury EV SUV,volvo,c40_recharge,Twin Core,14,51726.5
2025-02-01,Entry Luxury EV SUV,volvo,c40_recharge,Twin Plus,95,54675.47368421053
2025-02-01,Entry Luxury EV SUV,volvo,c40_recharge,Twin Ultimate,34,54650.26470588235
2025-02-01,Entry Luxury EV SUV,volvo,c40_recharge,Ultimate,4,59081.25
2025-02-01,Entry Luxury EV SUV,volvo,ex30,Twin Motor Plus,16,46799.1875
2025-02-01,Entry Luxury EV SUV,volvo,ex30,Twin Motor Ultra,260,48410.807692307695
2025-02-01,Entry Luxury EV SUV,volvo,ex30,Twin Ultra,11,48479.181818181816
2025-02-01,Entry Luxury EV SUV,volvo,ex40,Single Motor Extended Range Core,2,53795.0
2025-02-01,Mid Luxury Car,audi,a6_s6,2.9T quattro Premium,7,80873.42857142857
2025-02-01,Mid Luxury Car,audi,a6_s6,2.9T quattro Premium Plus,75,86164.8
2025-02-01,Mid Luxury Car,audi,a6_s6,2.9T quattro Prestige,47,92416.4255319149
2025-02-01,Mid Luxury Car,audi,a6_s6,4.0T quattro Avant performance,406,148289.87160493826
2025-02-01,Mid Luxury Car,audi,a6_s6,Prestige TFSI quattro Tiptronic,12,94048.58333333333
2025-02-01,Mid Luxury Car,audi,a6_s6,quattro Premium 45 TFSI,143,59119.657342657345
2025-02-01,Mid Luxury Car,audi,a6_s6,quattro Premium 55 TFSI,78,65007.01282051282
2025-02-01,Mid Luxury Car,audi,a6_s6,quattro Premium Plus 45 TFSI,135,63523.661654135336
2025-02-01,Mid Luxury Car,audi,a6_s6,quattro Premium Plus 55 TFSI,346,69850.2922383721
2025-02-01,Mid Luxury Car,audi,a6_s6,quattro Prestige 55 TFSI,200,78500.0793
2025-02-01,Mid Luxury Car,audi,a6_s6,quattro Technik 55 TFSI,2,81590.0
2025-02-01,Mid Luxury Car,audi,a7_s7,2.9T quattro Premium,1,86090.0
2025-02-01,Mid Luxury Car,audi,a7_s7,2.9T quattro Premium Plus,65,94796.23076923077
2025-02-01,Mid Luxury Car,audi,a7_s7,2.9T quattro Prestige,79,102503.91139240506
2025-02-01,Mid Luxury Car,audi,a7_s7,quattro Premium 55 TFSI,31,76080.45161290323
2025-02-01,Mid Luxury Car,audi,a7_s7,quattro Premium Plus 55 TFSI,182,80993.61538461539
2025-02-01,Mid Luxury Car,audi,a7_s7,quattro Prestige 55 TFSI,179,87462.83240223464
2025-02-01,Mid Luxury Car,audi,a7_s7,quattro Progressiv 55 TFSI,3,77521.66666666667
2025-02-01,Mid Luxury Car,audi,a7_s7_rs_7,4.0T quattro performance,165,149178.1320754717
2025-02-01,Mid Luxury Car,bmw,5_series,530i,1345,65208.70111524164
2025-02-01,Mid Luxury Car,bmw,5_series,530i xDrive,1402,66924.23751783167
2025-02-01,Mid Luxury Car,bmw,5_series,540i,2,64102.5
2025-02-01,Mid Luxury Car,bmw,5_series,540i xDrive,252,75811.16269841269
2025-02-01,Mid Luxury Car,bmw,5_series,550e xDrive,129,82101.11627906977
2025-02-01,Mid Luxury Car,bmw,5_series,M550i xDrive,1,86890.0
2025-02-01,Mid Luxury Car,bmw,m5,Base,259,131333.3281853282
2025-02-01,Mid Luxury Car,genesis,g80,2.5T,401,62969.07730673317
2025-02-01,Mid Luxury Car,genesis,g80,2.5T Advanced,91,63183.79120879121
2025-02-01,Mid Luxury Car,genesis,g80,2.5T Sport Prestige,2,70173.0
2025-02-01,Mid Luxury Car,genesis,g80,3.5T Sport,309,74192.3786407767
2025-02-01,Mid Luxury Car,genesis,g80,3.5T Sport Advanced,77,71559.61038961039
2025-02-01,Mid Luxury Car,genesis,g80,3.5T Sport Prestige,2,78310.5
2025-02-01,Mid Luxury Car,genesis,g80,Advanced,66,72217.12121212122
2025-02-01,Mid Luxury Car,genesis,g80,Base,20,69990.05
2025-02-01,Mid Luxury Car,jaguar,xf,P250 R-Dynamic SE,34,53946.58823529412
2025-02-01,Mid Luxury Car,jaguar,xf,P300 R-Dynamic SE,256,57909.77647058824
2025-02-01,Mid Luxury Car,maserati,ghibli,334 Ultima,5,162651.6
2025-02-01,Mid Luxury Car,maserati,ghibli,Modena,8,88335.125
2025-02-01,Mid Luxury Car,maserati,ghibli,Modena Q4,77,99528.24675324676
2025-02-01,Mid Luxury Car,maserati,ghibli,Modena Ultima Q4,61,101779.6393442623
2025-02-01,Mid Luxury Car,maserati,ghibli,Trofeo,1,130000.0
2025-02-01,Mid Luxury Car,mercedes_benz,cle,AMG CLE 53,27,86036.70370370371
2025-02-01,Mid Luxury Car,mercedes_benz,cle,CLE 300 4MATIC,2924,68335.50360425239
2025-02-01,Mid Luxury Car,mercedes_benz,cle,CLE 450 4MATIC,496,77643.72965725805
2025-02-01,Mid Luxury Car,mercedes_benz,cls,CLS 450 4MATIC,7,85204.85714285714
2025-02-01,Mid Luxury Car,mercedes_benz,e_class,AMG E 53,1,87175.0
2025-02-01,Mid Luxury Car,mercedes_benz,e_class,E 350,999,69645.31931931931
2025-02-01,Mid Luxury Car,mercedes_benz,e_class,E 350 4MATIC,1568,73387.78571428571
2025-02-01,Mid Luxury Car,mercedes_benz,e_class,E 450,4,77030.0
2025-02-01,Mid Luxury Car,mercedes_benz,e_class,E 450 4MATIC,330,80398.13551515152
2025-02-01,Mid Luxury Car,mercedes_benz,e_class,E 450 4MATIC All-Terrain,657,85765.35159817351
2025-02-01,Mid Luxury Car,volvo,s90,B6 Plus,111,59386.55855855856
2025-02-01,Mid Luxury Car,volvo,s90,B6 Ultimate,20,63963.9
2025-02-01,Mid Luxury Car,volvo,s90,B6 Ultra,72,65875.80555555556
2025-02-01,Mid Luxury Car,volvo,s90,T8 Plus,7,67707.42857142857
2025-02-01,Mid Luxury Car,volvo,s90,T8 Ultimate,76,71207.01315789473
2025-02-01,Mid Luxury Car,volvo,s90,T8 Ultra,49,73373.08163265306
2025-02-01,Mid Luxury Car,volvo,v90,B6 Plus,37,63664.89189189189
2025-02-01,Mid Luxury Car,volvo,v90,B6 Ultimate,2,64128.0
2025-02-01,Mid Luxury Car,volvo,v90,B6 Ultra,70,70368.1
2025-02-01,Mid Luxury SUV,acura,mdx,Base,144,52894.20138888889
2025-02-01,Mid Luxury SUV,acura,mdx,SH-AWD,936,55166.00961538462
2025-02-01,Mid Luxury SUV,acura,mdx,SH-AWD  w/A-SPEC w/Advance,7,58529.0
2025-02-01,Mid Luxury SUV,acura,mdx,SH-AWD Type S w/Advance Package,300,76690.27
2025-02-01,Mid Luxury SUV,acura,mdx,SH-AWD Type S w/Ultra Package,66,65676.0
2025-02-01,Mid Luxury SUV,acura,mdx,SH-AWD w/A-SPEC,1660,63619.17480409885
2025-02-01,Mid Luxury SUV,acura,mdx,SH-AWD w/Advance,672,68078.11160714286
2025-02-01,Mid Luxury SUV,acura,mdx,SH-AWD w/Platinum Elite w/A-Spec,606,69982.22772277228
2025-02-01,Mid Luxury SUV,acura,mdx,SH-AWD w/Tech,1619,60538.56141439206
2025-02-01,Mid Luxury SUV,acura,mdx,w/Tech,1174,58365.42163543441
2025-02-01,Mid Luxury SUV,audi,q7,quattro Premium 45 TFSI,293,62901.92832764505
2025-02-01,Mid Luxury SUV,audi,q7,quattro Premium 55 TFSI,256,66381.82421875
2025-02-01,Mid Luxury SUV,audi,q7,quattro Premium Plus 45 TFSI,316,67962.6835443038
2025-02-01,Mid Luxury SUV,audi,q7,quattro Premium Plus 55 TFSI,1930,72520.83592938734
2025-02-01,Mid Luxury SUV,audi,q7,quattro Prestige 55 TFSI,740,81347.41463414633
2025-02-01,Mid Luxury SUV,audi,q7_sq7,4.0T quattro Premium Plus,198,97692.9797979798
2025-02-01,Mid Luxury SUV,audi,q7_sq7,4.0T quattro Prestige,138,109530.51851851853
2025-02-01,Mid Luxury SUV,bmw,x5,Base,1,115470.0
2025-02-01,Mid Luxury SUV,bmw,x5,Competition,149,138652.0067114094
2025-02-01,Mid Luxury SUV,bmw,x5,M60i,686,100932.03498542274
2025-02-01,Mid Luxury SUV,bmw,x5,sDrive40i,882,74764.72335600907
2025-02-01,Mid Luxury SUV,bmw,x5,xDrive40i,1627,78256.28334357713
2025-02-01,Mid Luxury SUV,bmw,x5,xDrive45e,2,77722.5
2025-02-01,Mid Luxury SUV,bmw,x5,xDrive50e,1426,81795.66900420758
2025-02-01,Mid Luxury SUV,bmw,x5_xdrive45e,Competition,121,142313.22314049586
2025-02-01,Mid Luxury SUV,bmw,x6,M60i,184,106256.21195652174
2025-02-01,Mid Luxury SUV,bmw,x6,xDrive40i,377,83559.81432360742
2025-02-01,Mid Luxury SUV,cadillac,xt5,Coachbuilder- Funeral Hearse,56,46362.0
2025-02-01,Mid Luxury SUV,cadillac,xt5,Luxury,978,45421.19529652352
2025-02-01,Mid Luxury SUV,cadillac,xt5,Premium Luxury,4448,54926.14950539568
2025-02-01,Mid Luxury SUV,cadillac,xt5,Sport,851,61333.45828437133
2025-02-01,Mid Luxury SUV,cadillac,xt6,Luxury,760,49114.16973684211
2025-02-01,Mid Luxury SUV,cadillac,xt6,Premium Luxury,2812,59744.21692745377
2025-02-01,Mid Luxury SUV,cadillac,xt6,Sport,938,66051.95095948827
2025-02-01,Mid Luxury SUV,genesis,gv80,2.5T,249,63794.128514056225
2025-02-01,Mid Luxury SUV,genesis,gv80,2.5T Advanced,608,68270.51480263157
2025-02-01,Mid Luxury SUV,genesis,gv80,2.5T Prestige,604,73152.07284768212
2025-02-01,Mid Luxury SUV,genesis,gv80,2.5T Select,457,64369.404814004374
2025-02-01,Mid Luxury SUV,genesis,gv80,2.5T Standard,326,60479.55521472393
2025-02-01,Mid Luxury SUV,genesis,gv80,3.5T,263,73976.43726235742
2025-02-01,Mid Luxury SUV,genesis,gv80,3.5T Advanced,538,75819.27137546468
2025-02-01,Mid Luxury SUV,genesis,gv80,3.5T Advanced+,1,72680.0
2025-02-01,Mid Luxury SUV,genesis,gv80,3.5T Prestige Signature,1607,82028.76104542626
2025-02-01,Mid Luxury SUV,genesis,gv80_coupe,3.5T E-SC,97,88472.0824742268
2025-02-01,Mid Luxury SUV,genesis,gv80_coupe,3.5T V6 AWD,127,82094.1653543307
2025-02-01,Mid Luxury SUV,genesis,gv80_coupe,3.5T e-SC,223,87969.7533632287
2025-02-01,Mid Luxury SUV,ineos,grenadier,Base,510,82521.5137254902
2025-02-01,Mid Luxury SUV,ineos,grenadier,Fieldmaster,296,86533.02364864865
2025-02-01,Mid Luxury SUV,ineos,grenadier,Trialmaster,201,86749.74129353234
2025-02-01,Mid Luxury SUV,infiniti,qx60,Autograph,1399,69075.82130092924
2025-02-01,Mid Luxury SUV,infiniti,qx60,Luxe,2945,60461.66689303905
2025-02-01,Mid Luxury SUV,infiniti,qx60,Pure,895,52550.10726256983
2025-02-01,Mid Luxury SUV,infiniti,qx60,Sensory,663,64631.5580693816
2025-02-01,Mid Luxury SUV,jaguar,f_pace,P250 R-Dynamic S,912,65785.32127192983
2025-02-01,Mid Luxury SUV,jaguar,f_pace,P250 S,1,49850.0
2025-02-01,Mid Luxury SUV,jaguar,f_pace,P400 R-Dynamic S,379,77900.5744680851
2025-02-01,Mid Luxury SUV,jaguar,f_pace,SVR,4,101099.5
2025-02-01,Mid Luxury SUV,jaguar,f_pace,SVR 575 EDITION,87,102158.50574712643
2025-02-01,Mid Luxury SUV,land_rover,defender,110 75th Anniversary Edition,1,81160.0
2025-02-01,Mid Luxury SUV,land_rover,defender,110 P300 S,922,74199.66377440347
2025-02-01,Mid Luxury SUV,land_rover,defender,110 P400 S,754,79273.6074270557
2025-02-01,Mid Luxury SUV,land_rover,defender,110 P400 X,218,101239.99082568807
2025-02-01,Mid Luxury SUV,land_rover,defender,110 P400 X-Dynamic SE,1050,86482.42190476191
2025-02-01,Mid Luxury SUV,land_rover,defender,110 P500 X-Dynamic SE,313,107519.34504792333
2025-02-01,Mid Luxury SUV,land_rover,defender,110 S,1,88535.0
2025-02-01,Mid Luxury SUV,land_rover,defender,110 V8,1,100165.0
2025-02-01,Mid Luxury SUV,land_rover,defender,110 V8 P500 SE,167,103543.46107784432
2025-02-01,Mid Luxury SUV,land_rover,defender,110 V8 P525,203,121039.5172413793
2025-02-01,Mid Luxury SUV,land_rover,defender,110 V8 P525 Carpathian Edition,5,122561.6
2025-02-01,Mid Luxury SUV,land_rover,defender,110 X,1,101415.0
2025-02-01,Mid Luxury SUV,land_rover,defender,130 First Edition,1,79000.0
2025-02-01,Mid Luxury SUV,land_rover,defender,130 P300 S,104,81334.64423076923
2025-02-01,Mid Luxury SUV,land_rover,defender,130 P400 Outbound,71,97070.0
2025-02-01,Mid Luxury SUV,land_rover,defender,130 P400 S,122,89199.32786885246
2025-02-01,Mid Luxury SUV,land_rover,defender,130 P400 X,55,109274.70909090909
2025-02-01,Mid Luxury SUV,land_rover,defender,130 P400 X-Dynamic SE,310,95538.47096774193
2025-02-01,Mid Luxury SUV,land_rover,defender,130 P500 V8,152,127417.88157894737
2025-02-01,Mid Luxury SUV,land_rover,defender,130 SE,9,109775.75
2025-02-01,Mid Luxury SUV,land_rover,defender,130 V8 P500,50,118982.94
2025-02-01,Mid Luxury SUV,land_rover,defender,130 X,1,96975.0
2025-02-01,Mid Luxury SUV,land_rover,defender,90 75th Anniversary Edition,2,97686.0
2025-02-01,Mid Luxury SUV,land_rover,defender,90 P300 S,239,67298.34309623431
2025-02-01,Mid Luxury SUV,land_rover,defender,90 P400 X-Dynamic SE,173,80642.66473988439
2025-02-01,Mid Luxury SUV,land_rover,defender,90 S,2,61960.0
2025-02-01,Mid Luxury SUV,land_rover,defender,90 SE,2,72500.0
2025-02-01,Mid Luxury SUV,land_rover,defender,90 V8,57,111390.36842105263
2025-02-01,Mid Luxury SUV,land_rover,defender,90 V8 Carpathian Edition,32,116767.8125
2025-02-01,Mid Luxury SUV,land_rover,defender,90 X,2,121925.5
2025-02-01,Mid Luxury SUV,land_rover,defender,90 X-Dynamic SE,3,92560.33333333333
2025-02-01,Mid Luxury SUV,land_rover,defender,P400 Sedona Red Edition,13,86535.38461538461
2025-02-01,Mid Luxury SUV,land_rover,discovery,P300 Dynamic SE,256,73329.1953125
2025-02-01,Mid Luxury SUV,land_rover,discovery,P300 S,300,67404.72666666667
2025-02-01,Mid Luxury SUV,land_rover,discovery,P360 Dynamic SE,751,79816.932
2025-02-01,Mid Luxury SUV,land_rover,discovery,P360 Metropolitan,171,87108.83625730994
2025-02-01,Mid Luxury SUV,land_rover,discovery,P360 Metropolitan Edition,1,86150.0
2025-02-01,Mid Luxury SUV,land_rover,discovery,P360 S R-Dynamic,1,67990.0
2025-02-01,Mid Luxury SUV,land_rover,range_rover_velar,Dynamic SE,103,70974.1359223301
2025-02-01,Mid Luxury SUV,land_rover,range_rover_velar,P250 Dynamic SE,797,73364.51819322459
2025-02-01,Mid Luxury SUV,land_rover,range_rover_velar,P250 S,332,68488.47590361445
2025-02-01,Mid Luxury SUV,land_rover,range_rover_velar,P340 R-Dynamic S,1,78620.0
2025-02-01,Mid Luxury SUV,land_rover,range_rover_velar,P400 Dynamic HSE,70,87085.12857142858
2025-02-01,Mid Luxury SUV,land_rover,range_rover_velar,P400 Dynamic SE,247,80517.87449392713
2025-02-01,Mid Luxury SUV,land_rover,range_rover_velar,S,61,67361.01639344262
2025-02-01,Mid Luxury SUV,lexus,gx_series,Luxury,62,83912.80645161291
2025-02-01,Mid Luxury SUV,lexus,gx_series,Luxury+,164,87192.05487804877
2025-02-01,Mid Luxury SUV,lexus,gx_series,Overtrail,25,74607.36
2025-02-01,Mid Luxury SUV,lexus,gx_series,Overtrail+,153,80995.05882352941
2025-02-01,Mid Luxury SUV,lexus,gx_series,Premium,5,68767.8
2025-02-01,Mid Luxury SUV,lexus,gx_series,Premium+,231,73552.38095238095
2025-02-01,Mid Luxury SUV,lexus,rx_series,Base,1,52597.0
2025-02-01,Mid Luxury SUV,lexus,rx_series,F SPORT Design,126,59639.28555555555
2025-02-01,Mid Luxury SUV,lexus,rx_series,F SPORT Handling,42,63967.76190476191
2025-02-01,Mid Luxury SUV,lexus,rx_series,F SPORT Performance,58,74544.41379310345
2025-02-01,Mid Luxury SUV,lexus,rx_series,Luxury,585,73502.08097435896
2025-02-01,Mid Luxury SUV,lexus,rx_series,Premium,1267,57872.193149171304
2025-02-01,Mid Luxury SUV,lexus,rx_series,Premium+,468,61986.596987179495
2025-02-01,Mid Luxury SUV,lexus,tx,Base,30,63680.86666666667
2025-02-01,Mid Luxury SUV,lexus,tx,F SPORT Handling,34,66073.73529411765
2025-02-01,Mid Luxury SUV,lexus,tx,F SPORT Luxury,1,83883.0
2025-02-01,Mid Luxury SUV,lexus,tx,F SPORT Performance Luxury,44,77118.52272727272
2025-02-01,Mid Luxury SUV,lexus,tx,F SPORT Performance Premium,175,74363.82285714286
2025-02-01,Mid Luxury SUV,lexus,tx,F SPORT Premium,1,72896.0
2025-02-01,Mid Luxury SUV,lexus,tx,Luxury,164,69938.47658536586
2025-02-01,Mid Luxury SUV,lexus,tx,Premium,957,64403.00835945664
2025-02-01,Mid Luxury SUV,lincoln,aviator,Black Label,936,90179.1655982906
2025-02-01,Mid Luxury SUV,lincoln,aviator,Black Label Grand Touring,8,80011.75
2025-02-01,Mid Luxury SUV,lincoln,aviator,Grand Touring,19,75329.31578947368
2025-02-01,Mid Luxury SUV,lincoln,aviator,Livery,9,55570.11111111111
2025-02-01,Mid Luxury SUV,lincoln,aviator,Premiere,1444,64046.089335180055
2025-02-01,Mid Luxury SUV,lincoln,aviator,Reserve,5178,75710.95326380842
2025-02-01,Mid Luxury SUV,lincoln,aviator,Standard,1,60350.0
2025-02-01,Mid Luxury SUV,lincoln,nautilus,Black Label,1406,76955.40327169275
2025-02-01,Mid Luxury SUV,lincoln,nautilus,Premiere,5039,57001.48501686843
2025-02-01,Mid Luxury SUV,lincoln,nautilus,Reserve,6637,64096.52674401085
2025-02-01,Mid Luxury SUV,lincoln,nautilus,Standard,3,48598.333333333336
2025-02-01,Mid Luxury SUV,mercedes_benz,benz_amg_gle,4MATIC+,41,100358.09756097561
2025-02-01,Mid Luxury SUV,mercedes_benz,gle_class,4MATIC,1095,82635.80547945206
2025-02-01,Mid Luxury SUV,mercedes_benz,gle_class,AMG GLE 53,2165,99874.59353348729
2025-02-01,Mid Luxury SUV,mercedes_benz,gle_class,AMG GLE 63 S,839,139681.38498212158
2025-02-01,Mid Luxury SUV,mercedes_benz,gle_class,GLE 350 4MATIC,2588,72355.00270479135
2025-02-01,Mid Luxury SUV,mercedes_benz,gle_class,GLE 450 4MATIC,2136,83083.24719101124
2025-02-01,Mid Luxury SUV,mercedes_benz,gle_class,GLE 450e 4MATIC,1629,81465.1503990178
2025-02-01,Mid Luxury SUV,mercedes_benz,gle_class,GLE 580 4MATIC,331,99712.62235649547
2025-02-01,Mid Luxury SUV,volvo,xc90,B5 Core,431,59359.26218097448
2025-02-01,Mid Luxury SUV,volvo,xc90,B5 Core Bright Theme,12,55580.666666666664
2025-02-01,Mid Luxury SUV,volvo,xc90,B5 Plus,324,62671.864197530864
2025-02-01,Mid Luxury SUV,volvo,xc90,B5 Plus 6-Seater,81,65019.8024691358
2025-02-01,Mid Luxury SUV,volvo,xc90,B5 Plus 7-Seater,240,64582.816666666666
2025-02-01,Mid Luxury SUV,volvo,xc90,B5 Plus Bright Theme,24,60726.083333333336
2025-02-01,Mid Luxury SUV,volvo,xc90,B5 Ultra,33,67686.87878787878
2025-02-01,Mid Luxury SUV,volvo,xc90,B5 Ultra 6-Seater,12,69958.5
2025-02-01,Mid Luxury SUV,volvo,xc90,B5 Ultra 7-Seater,9,71834.55555555556
2025-02-01,Mid Luxury SUV,volvo,xc90,B6 Core,117,64156.017094017094
2025-02-01,Mid Luxury SUV,volvo,xc90,B6 Core Bright Theme,2,60065.0
2025-02-01,Mid Luxury SUV,volvo,xc90,B6 Plus 6-Seater,89,68766.23595505618
2025-02-01,Mid Luxury SUV,volvo,xc90,B6 Plus 6P,336,66735.17261904762
2025-02-01,Mid Luxury SUV,volvo,xc90,B6 Plus 7-Seater,259,68321.02702702703
2025-02-01,Mid Luxury SUV,volvo,xc90,B6 Plus 7P,1678,65729.57806912992
2025-02-01,Mid Luxury SUV,volvo,xc90,B6 Plus Bright Theme 6P,32,65286.1875
2025-02-01,Mid Luxury SUV,volvo,xc90,B6 Plus Bright Theme 7P,116,63919.88695652174
2025-02-01,Mid Luxury SUV,volvo,xc90,B6 Ultimate Bright Theme 6P,16,72846.25
2025-02-01,Mid Luxury SUV,volvo,xc90,B6 Ultimate Bright Theme 7P,51,70466.96078431372
2025-02-01,Mid Luxury SUV,volvo,xc90,B6 Ultra,465,74923.85129310345
2025-02-01,Mid Luxury SUV,volvo,xc90,B6 Ultra 6P,164,73399.25609756098
2025-02-01,Mid Luxury SUV,volvo,xc90,B6 Ultra 7P,375,72970.89066666667
2025-02-01,Mid Luxury SUV,volvo,xc90,B6 Ultra Bright Theme 6P,2,70941.5
2025-02-01,Mid Luxury SUV,volvo,xc90,B6 Ultra Bright Theme 7P,11,73691.72727272728
2025-02-01,Mid Luxury SUV,volvo,xc90,T8 Core,75,74323.08
2025-02-01,Mid Luxury SUV,volvo,xc90,T8 Core 7-Seater,102,75272.17647058824
2025-02-01,Mid Luxury SUV,volvo,xc90,T8 Core Bright Theme,9,74055.77777777778
2025-02-01,Mid Luxury SUV,volvo,xc90,T8 Plus 6-Seater,193,78973.14507772021
2025-02-01,Mid Luxury SUV,volvo,xc90,T8 Plus 6P,191,77008.89528795812
2025-02-01,Mid Luxury SUV,volvo,xc90,T8 Plus 7-Seater,859,77503.19906868452
2025-02-01,Mid Luxury SUV,volvo,xc90,T8 Plus 7P,285,75357.68771929825
2025-02-01,Mid Luxury SUV,volvo,xc90,T8 Plus Bright Theme 6P,12,73060.75
2025-02-01,Mid Luxury SUV,volvo,xc90,T8 Plus Bright Theme 7P,52,74504.86538461539
2025-02-01,Mid Luxury SUV,volvo,xc90,T8 Ultimate Bright Theme 6P,6,77823.83333333333
2025-02-01,Mid Luxury SUV,volvo,xc90,T8 Ultimate Bright Theme 7P,18,81367.66666666667
2025-02-01,Mid Luxury SUV,volvo,xc90,T8 Ultra 6-Seater,300,86045.14
2025-02-01,Mid Luxury SUV,volvo,xc90,T8 Ultra 6P,153,83964.80392156863
2025-02-01,Mid Luxury SUV,volvo,xc90,T8 Ultra 7-Seater,661,82025.63842662632
2025-02-01,Mid Luxury SUV,volvo,xc90,T8 Ultra 7P,296,81346.34797297297
2025-02-01,Mid Luxury SUV,volvo,xc90,T8 Ultra Bright Theme,3,81765.0
2025-02-01,Mid Luxury SUV,volvo,xc90,T8 Ultra Bright Theme 6P,2,81894.5
2025-02-01,Near Luxury Car,acura,tlx,Base,5,41485.0
2025-02-01,Near Luxury Car,acura,tlx,SH-AWD Type S,23,55240.954545454544
2025-02-01,Near Luxury Car,acura,tlx,SH-AWD Type S w/Perf. Wheel+Tire,1,58145.0
2025-02-01,Near Luxury Car,acura,tlx,SH-AWD w/A-SPEC,897,52124.256410256414
2025-02-01,Near Luxury Car,acura,tlx,SH-AWD w/Advance,1,52445.0
2025-02-01,Near Luxury Car,acura,tlx,w/A-SPEC,1,46223.0
2025-02-01,Near Luxury Car,acura,tlx,w/Tech,650,47075.36769230769
2025-02-01,Near Luxury Car,alfa_romeo,giulia,Base,218,52502.91743119266
2025-02-01,Near Luxury Car,alfa_romeo,giulia,Competizione,8,50099.125
2025-02-01,Near Luxury Car,alfa_romeo,giulia,Estrema,1,52888.0
2025-02-01,Near Luxury Car,alfa_romeo,giulia,Quadrifoglio,123,86489.76666666666
2025-02-01,Near Luxury Car,alfa_romeo,giulia,Quadrifoglio Carbon,34,87103.79411764706
2025-02-01,Near Luxury Car,alfa_romeo,giulia,Special Edition AWD,17,53301.529411764706
2025-02-01,Near Luxury Car,alfa_romeo,giulia,Special Edition RWD,2,52736.0
2025-02-01,Near Luxury Car,alfa_romeo,giulia,Sprint,230,47218.8
2025-02-01,Near Luxury Car,alfa_romeo,giulia,Ti,148,45947.83108108108
2025-02-01,Near Luxury Car,alfa_romeo,giulia,Veloce,177,49070.90960451977
2025-02-01,Near Luxury Car,audi,a4_allroad,quattro Premium 45 TFSI,8,51609.875
2025-02-01,Near Luxury Car,audi,a4_allroad,quattro Premium Plus 45 TFSI,30,56071.63333333333
2025-02-01,Near Luxury Car,audi,a4_allroad,quattro Prestige 45 TFSI,2,59464.0
2025-02-01,Near Luxury Car,audi,a4_s4,3.0T quattro Premium Plus,18,64107.61111111111
2025-02-01,Near Luxury Car,audi,a4_s4,Premium Plus 45 TFSI S line quattro S tronic,1,52325.0
2025-02-01,Near Luxury Car,audi,a4_s4,quattro Premium 40 TFSI,6,44862.166666666664
2025-02-01,Near Luxury Car,audi,a4_s4,quattro Premium Plus 40 TFSI,1,48285.0
2025-02-01,Near Luxury Car,audi,a4_s4,quattro S line Prem Plus 45 TFSI,88,50604.13636363636
2025-02-01,Near Luxury Car,audi,a4_s4,quattro S line Premium 45 TFSI,92,46555.467391304344
2025-02-01,Near Luxury Car,audi,a4_s4,quattro S line Prestige 45 TFSI,2,53472.5
2025-02-01,Near Luxury Car,audi,a5,quattro Premium 40 TFSI,1,47590.0
2025-02-01,Near Luxury Car,audi,a5,quattro Premium 45 TFSI,38,57649.84210526316
2025-02-01,Near Luxury Car,audi,a5,quattro Premium Plus 40 TFSI,1,54985.0
2025-02-01,Near Luxury Car,audi,a5,quattro Premium Plus 45 TFSI,132,62096.871212121216
2025-02-01,Near Luxury Car,audi,a5,quattro Prestige 40 TFSI,1,52185.0
2025-02-01,Near Luxury Car,audi,a5,quattro Prestige 45 TFSI,23,65149.04347826087
2025-02-01,Near Luxury Car,audi,a5,quattro S line Prem Plus 45 TFSI,998,55763.270751503
2025-02-01,Near Luxury Car,audi,a5,quattro S line Premium 45 TFSI,910,50730.64807692308
2025-02-01,Near Luxury Car,audi,a5,quattro S line Prestige 45 TFSI,44,58996.0
2025-02-01,Near Luxury Car,audi,a5,quattro Technik 45 TFSI,1,58616.0
2025-02-01,Near Luxury Car,audi,a5_s5,Premium TFSI quattro Tiptronic,1,57239.0
2025-02-01,Near Luxury Car,audi,a5_s5_rs_5,2.9T quattro,144,90290.16861111112
2025-02-01,Near Luxury Car,audi,s5,3.0 TFSI quattro Progressiv,24,60578.625
2025-02-01,Near Luxury Car,audi,s5,3.0T quattro Premium,53,62100.84905660377
2025-02-01,Near Luxury Car,audi,s5,3.0T quattro Premium Plus,1189,68291.40226240539
2025-02-01,Near Luxury Car,audi,s5,3.0T quattro Prestige,173,72037.21307692307
2025-02-01,Near Luxury Car,audi,s5,S5 Sportback,1,60260.0
2025-02-01,Near Luxury Car,bmw,3_series,330e,5,50756.6
2025-02-01,Near Luxury Car,bmw,3_series,330e xDrive,2,56121.5
2025-02-01,Near Luxury Car,bmw,3_series,330i,1336,51347.18488023952
2025-02-01,Near Luxury Car,bmw,3_series,330i xDrive,1452,53338.84090909091
2025-02-01,Near Luxury Car,bmw,3_series,M340i,154,65672.37662337662
2025-02-01,Near Luxury Car,bmw,3_series,M340i xDrive,208,68759.77884615384
2025-02-01,Near Luxury Car,bmw,3_series,xDrive,84,52908.75
2025-02-01,Near Luxury Car,bmw,4_series,430i,846,62602.06563829787
2025-02-01,Near Luxury Car,bmw,4_series,430i Gran Coupe,125,55735.6
2025-02-01,Near Luxury Car,bmw,4_series,430i xDrive,742,64301.08801886793
2025-02-01,Near Luxury Car,bmw,4_series,430i xDrive Gran Coupe,121,57846.57851239669
2025-02-01,Near Luxury Car,bmw,4_series,M440i,319,72963.4727586207
2025-02-01,Near Luxury Car,bmw,4_series,M440i Gran Coupe,4,67805.0
2025-02-01,Near Luxury Car,bmw,4_series,M440i xDrive,353,76534.96201133143
2025-02-01,Near Luxury Car,bmw,4_series,M440i xDrive Gran Coupe,4,70290.75
2025-02-01,Near Luxury Car,bmw,4_series,xDrive,36,58772.13888888889
2025-02-01,Near Luxury Car,bmw,4_series_gran_coupe,xDrive,27,70855.51851851853
2025-02-01,Near Luxury Car,bmw,m3,Base,27,89396.77777777778
2025-02-01,Near Luxury Car,bmw,m3,Competition,11,91177.90909090909
2025-02-01,Near Luxury Car,bmw,m3,Competition xDrive,117,100306.81196581197
2025-02-01,Near Luxury Car,bmw,m4,Base,33,88089.27272727272
2025-02-01,Near Luxury Car,bmw,m4,CS,60,131275.45
2025-02-01,Near Luxury Car,bmw,m4,Competition,341,102292.05278592375
2025-02-01,Near Luxury Car,bmw,m4,Competition xDrive,185,99382.55837837838
2025-02-01,Near Luxury Car,cadillac,ct5,Base,470,65859.98936170213
2025-02-01,Near Luxury Car,cadillac,ct5,Blackwing,270,116700.45925925925
2025-02-01,Near Luxury Car,cadillac,ct5,Luxury,6,41360.5
2025-02-01,Near Luxury Car,cadillac,ct5,Premium Luxury,1439,53382.0743571925
2025-02-01,Near Luxury Car,cadillac,ct5,Premium Luxury RWD,213,59396.15962441314
2025-02-01,Near Luxury Car,cadillac,ct5,Sport,1054,54755.16129032258
2025-02-01,Near Luxury Car,cadillac,ct5,V-Series RWD,75,66201.12
2025-02-01,Near Luxury Car,genesis,g70,2.0T,1,45825.0
2025-02-01,Near Luxury Car,genesis,g70,2.0T Prestige,14,43695.642857142855
2025-02-01,Near Luxury Car,genesis,g70,2.5T,138,45037.15217391304
2025-02-01,Near Luxury Car,genesis,g70,2.5T Prestige,427,48681.396713615024
2025-02-01,Near Luxury Car,genesis,g70,2.5T Standard,923,45977.814734561216
2025-02-01,Near Luxury Car,genesis,g70,3.3T Sport,24,47051.958333333336
2025-02-01,Near Luxury Car,genesis,g70,3.3T Sport Advanced,1251,55486.85211830535
2025-02-01,Near Luxury Car,genesis,g70,3.3T Standard,7,49556.28571428572
2025-02-01,Near Luxury Car,infiniti,q50,Luxe,76,45150.88157894737
2025-02-01,Near Luxury Car,infiniti,q50,Red Sport 400,145,59822.83448275862
2025-02-01,Near Luxury Car,infiniti,q50,Sensory,99,51805.121212121216
2025-02-01,Near Luxury Car,kia,stinger,GT2,1,53535.0
2025-02-01,Near Luxury Car,lexus,es_series,Base,1564,49260.37431585676
2025-02-01,Near Luxury Car,lexus,es_series,F SPORT Design,10,51384.6
2025-02-01,Near Luxury Car,lexus,es_series,F SPORT Handling,192,52452.29984375
2025-02-01,Near Luxury Car,lexus,es_series,Luxury,163,54623.99570552147
2025-02-01,Near Luxury Car,lexus,es_series,Ultra Luxury,307,54528.000228013036
2025-02-01,Near Luxury Car,lexus,is_series,Base,287,45812.51916376306
2025-02-01,Near Luxury Car,lexus,is_series,F SPORT,500,53813.048
2025-02-01,Near Luxury Car,lexus,is_series,F SPORT Design,357,46803.649187675066
2025-02-01,Near Luxury Car,lexus,is_series,F SPORT Performance,33,72705.21212121213
2025-02-01,Near Luxury Car,lexus,is_series,F SPORT Performance Premium,18,67804.27777777778
2025-02-01,Near Luxury Car,lexus,rc_series,Base,34,51813.64705882353
2025-02-01,Near Luxury Car,lexus,rc_series,F SPORT,152,59694.42789473684
2025-02-01,Near Luxury Car,lexus,rc_series,Track Edition,18,104806.77777777778
2025-02-01,Near Luxury Car,mercedes_benz,c_class,AMG C 43,746,72437.69839142091
2025-02-01,Near Luxury Car,mercedes_benz,c_class,AMG C 63 S E Performance,402,99089.01741293533
2025-02-01,Near Luxury Car,mercedes_benz,c_class,C 300,3842,54278.23766267569
2025-02-01,Near Luxury Car,mercedes_benz,c_class,C 300 4MATIC,3195,56693.082028804005
2025-02-01,Near Luxury Car,volvo,s60_v60,B5 Core,113,45908.20353982301
2025-02-01,Near Luxury Car,volvo,s60_v60,B5 Core Dark Theme,181,43945.19889502762
2025-02-01,Near Luxury Car,volvo,s60_v60,B5 Plus,367,52313.463434065925
2025-02-01,Near Luxury Car,volvo,s60_v60,B5 Plus Black Edition,115,48689.13043478261
2025-02-01,Near Luxury Car,volvo,s60_v60,B5 Plus Dark Theme,292,47414.32534246575
2025-02-01,Near Luxury Car,volvo,s60_v60,B5 Ultimate,10,58025.4
2025-02-01,Near Luxury Car,volvo,s60_v60,B5 Ultimate Dark Theme,15,49372.066666666666
2025-02-01,Near Luxury Car,volvo,s60_v60,B5 Ultra,101,59154.23564356437
2025-02-01,Near Luxury Car,volvo,s60_v60,T8 Core Dark Theme,7,53204.857142857145
2025-02-01,Near Luxury Car,volvo,s60_v60,T8 Plus,32,58761.875
2025-02-01,Near Luxury Car,volvo,s60_v60,T8 Plus Black Edition,1,51355.0
2025-02-01,Near Luxury Car,volvo,s60_v60,T8 Plus Dark Theme,19,55734.26315789474
2025-02-01,Near Luxury Car,volvo,s60_v60,T8 Polestar Engineered,1,72706.0
2025-02-01,Near Luxury Car,volvo,s60_v60,T8 Ultimate Black Edition,1,59196.0
2025-02-01,Near Luxury Car,volvo,s60_v60,T8 Ultimate Dark Theme,1,59845.0
2025-02-01,Near Luxury Car,volvo,s60_v60,T8 Ultra,4,59866.0
2025-02-01,Near Luxury EV SUV,audi,q4_e_tron,Premium 45 RWD,121,52511.52892561984
2025-02-01,Near Luxury EV SUV,audi,q4_e_tron,Premium 45 quattro,126,55443.8253968254
2025-02-01,Near Luxury EV SUV,audi,q4_e_tron,quattro Premium 50 TFSI,1,63135.0
2025-02-01,Near Luxury EV SUV,audi,q4_e_tron,quattro Premium 55 TFSI,266,59181.03007518797
2025-02-01,Near Luxury EV SUV,audi,q4_e_tron,quattro Premium Plus 50 TFSI,4,62596.0
2025-02-01,Near Luxury EV SUV,audi,q4_e_tron,quattro Premium Plus 55,220,64754.62727272727
2025-02-01,Near Luxury EV SUV,audi,q4_e_tron,quattro Premium Plus 55 TFSI,477,59608.909853249475
2025-02-01,Near Luxury EV SUV,audi,q4_e_tron,quattro Prestige 55 TFSI,166,64153.60843373494
2025-02-01,Near Luxury EV SUV,cadillac,optiq,Luxury,297,56811.85858585859
2025-02-01,Near Luxury EV SUV,cadillac,optiq,Luxury 1 AWD,25,55615.88
2025-02-01,Near Luxury EV SUV,cadillac,optiq,Luxury 2 AWD,6,58574.333333333336
2025-02-01,Near Luxury EV SUV,cadillac,optiq,Sport,329,58354.49240121581
2025-02-01,Near Luxury EV SUV,cadillac,optiq,Sport 1 AWD,22,57336.86363636364
2025-02-01,Near Luxury EV SUV,cadillac,optiq,Sport 2 AWD,18,59852.055555555555
2025-02-01,Near Luxury EV SUV,genesis,gv70_ev,Advanced,348,67666.9051724138
2025-02-01,Near Luxury EV SUV,genesis,gv70_ev,Base,282,70854.32624113475
2025-02-01,Near Luxury EV SUV,genesis,gv70_ev,Prestige,1,69007.0
2025-02-01,Near Luxury EV SUV,lexus,rz_series,Luxury,13,64155.07692307692
2025-02-01,Near Luxury EV SUV,lexus,rz_series,Premium,498,53113.53807228916
2025-02-01,Near Luxury EV SUV,mercedes_benz,eqb,EQB 250,232,58811.64224137931
2025-02-01,Near Luxury EV SUV,mercedes_benz,eqb,EQB 250+,426,58841.79342723005
2025-02-01,Near Luxury EV SUV,mercedes_benz,eqb,EQB 300 4MATIC,1289,62662.66020170675
2025-02-01,Near Luxury EV SUV,mercedes_benz,eqb,EQB 350 4MATIC,219,65632.5890410959
2025-02-01,Near Luxury EV SUV,porsche,macan_electric,4S,785,102594.59363057325
2025-02-01,Near Luxury SUV,acura,rdx,A-SPEC Advance Package,34,54335.0
2025-02-01,Near Luxury SUV,acura,rdx,SH-AWD,530,46632.647169811324
2025-02-01,Near Luxury SUV,acura,rdx,SH-AWD w/A-SPEC,1702,52202.20564042303
2025-02-01,Near Luxury SUV,acura,rdx,SH-AWD w/Advance,805,54259.560248447204
2025-02-01,Near Luxury SUV,acura,rdx,SH-AWD w/Advance w/A-SPEC,1548,56297.53492884864
2025-02-01,Near Luxury SUV,acura,rdx,SH-AWD w/Platinum Elite w/A-SPEC,101,56391.574257425746
2025-02-01,Near Luxury SUV,acura,rdx,SH-AWD w/Tech,1352,49101.70007423905
2025-02-01,Near Luxury SUV,acura,rdx,w/A-SPEC,2,47585.5
2025-02-01,Near Luxury SUV,alfa_romeo,stelvio,AWD,55,54637.0
2025-02-01,Near Luxury SUV,alfa_romeo,stelvio,Base,33,54427.0
2025-02-01,Near Luxury SUV,alfa_romeo,stelvio,Quadrifoglio,134,90929.37593984962
2025-02-01,Near Luxury SUV,alfa_romeo,stelvio,Quadrifoglio Carbon,9,90890.0
2025-02-01,Near Luxury SUV,alfa_romeo,stelvio,Special Edition Tributo Italiano AWD,164,58310.018404907976
2025-02-01,Near Luxury SUV,alfa_romeo,stelvio,Sprint,480,52833.93291404612
2025-02-01,Near Luxury SUV,alfa_romeo,stelvio,Ti,170,48925.67058823529
2025-02-01,Near Luxury SUV,alfa_romeo,stelvio,Ti Lusso,1,40000.0
2025-02-01,Near Luxury SUV,alfa_romeo,stelvio,Veloce,184,52237.407608695656
2025-02-01,Near Luxury SUV,audi,q5_sq5,Premium 55 TFSI e S line quattro S tronic,6,58375.0
2025-02-01,Near Luxury SUV,audi,q5_sq5,Premium Plus 40 TFSI quattro S tronic,3,50282.666666666664
2025-02-01,Near Luxury SUV,audi,q5_sq5,Premium Plus 45 TFSI S line quattro S tronic,20,55930.0
2025-02-01,Near Luxury SUV,audi,q5_sq5,Premium Plus 55 TFSI e S line quattro S tronic,12,64315.5
2025-02-01,Near Luxury SUV,audi,q5_sq5,Prestige 55 TFSI e S line quattro S tronic,3,68052.33333333333
2025-02-01,Near Luxury SUV,audi,q5_sq5,e quattro S line Prem Pl 55 TFSI,1235,63755.936032388665
2025-02-01,Near Luxury SUV,audi,q5_sq5,e quattro S line Premium 55 TFSI,225,58948.92444444444
2025-02-01,Near Luxury SUV,audi,q5_sq5,e quattro S line Prestg 55 TFSI,136,68655.86029411765
2025-02-01,Near Luxury SUV,audi,q5_sq5,quattro Premium 40 TFSI,672,47655.21162444113
2025-02-01,Near Luxury SUV,audi,q5_sq5,quattro Premium Plus 40 TFSI,231,52111.80952380953
2025-02-01,Near Luxury SUV,audi,q5_sq5,quattro Prestige 40 TFSI,8,55751.0
2025-02-01,Near Luxury SUV,audi,q5_sq5,quattro Progressiv 45 TFSI,31,56578.74193548387
2025-02-01,Near Luxury SUV,audi,q5_sq5,quattro S line Prem Plus 45 TFSI,2955,56523.81184433164
2025-02-01,Near Luxury SUV,audi,q5_sq5,quattro S line Premium 45 TFSI,2020,51167.091584158414
2025-02-01,Near Luxury SUV,audi,q5_sq5,quattro S line Prestige 45 TFSI,261,59997.37164750958
2025-02-01,Near Luxury SUV,audi,sq5,3.0 TFSI quattro Progressiv,2,60502.5
2025-02-01,Near Luxury SUV,audi,sq5,3.0 TFSI quattro Technik,27,73209.5925925926
2025-02-01,Near Luxury SUV,audi,sq5,3.0T quattro Premium,37,60399.13513513513
2025-02-01,Near Luxury SUV,audi,sq5,3.0T quattro Premium Plus,1290,68854.26356589147
2025-02-01,Near Luxury SUV,audi,sq5,3.0T quattro Prestige,139,73379.47482014388
2025-02-01,Near Luxury SUV,audi,sq5,Premium Plus TFSI quattro Tiptronic,5,68927.25
2025-02-01,Near Luxury SUV,audi,sq5,Prestige TFSI quattro Tiptronic,2,73903.0
2025-02-01,Near Luxury SUV,bmw,x3,30 xDrive,1409,56954.11355571327
2025-02-01,Near Luxury SUV,bmw,x3,M40i,6,68808.83333333333
2025-02-01,Near Luxury SUV,bmw,x3,M50 xDrive,534,71451.43445692884
2025-02-01,Near Luxury SUV,bmw,x3,sDrive30i,204,52747.083333333336
2025-02-01,Near Luxury SUV,bmw,x3,xDrive30i,187,54656.641711229946
2025-02-01,Near Luxury SUV,bmw,x4,Base,70,91221.87142857142
2025-02-01,Near Luxury SUV,bmw,x4,M40i,28,73606.57142857143
2025-02-01,Near Luxury SUV,bmw,x4,xDrive30i,100,62313.45
2025-02-01,Near Luxury SUV,cadillac,xt4,Luxury,148,42575.47297297297
2025-02-01,Near Luxury SUV,cadillac,xt4,Premium Luxury,4373,46455.65858678253
2025-02-01,Near Luxury SUV,cadillac,xt4,Sport,2340,49292.42521367521
2025-02-01,Near Luxury SUV,genesis,gv70,2.5T Advanced Plus,74,53747.28378378379
2025-02-01,Near Luxury SUV,genesis,gv70,2.5T Prestige,153,59018.54248366013
2025-02-01,Near Luxury SUV,genesis,gv70,2.5T Standard,2181,53502.155891792754
2025-02-01,Near Luxury SUV,genesis,gv70,3.5T Sport,2728,64571.47030791789
2025-02-01,Near Luxury SUV,infiniti,qx50,Autograph,15,59517.86666666667
2025-02-01,Near Luxury SUV,infiniti,qx50,Luxe,1317,48310.6886864085
2025-02-01,Near Luxury SUV,infiniti,qx50,Pure,189,43268.62962962963
2025-02-01,Near Luxury SUV,infiniti,qx50,Sensory,16,55466.1875
2025-02-01,Near Luxury SUV,infiniti,qx50,Sport,890,53053.755056179776
2025-02-01,Near Luxury SUV,infiniti,qx55,Essential,357,56638.100840336134
2025-02-01,Near Luxury SUV,infiniti,qx55,Luxe,753,51670.205843293494
2025-02-01,Near Luxury SUV,infiniti,qx55,Sensory,176,59960.65909090909
2025-02-01,Near Luxury SUV,jaguar,e_pace,P250 R-Dynamic SE,350,54344.83620689655
2025-02-01,Near Luxury SUV,jaguar,e_pace,P250 SE,1,49047.0
2025-02-01,Near Luxury SUV,land_rover,discovery_sport,P250 Dynamic SE,467,58716.584582441115
2025-02-01,Near Luxury SUV,land_rover,discovery_sport,P250 S,995,53859.391959798995
2025-02-01,Near Luxury SUV,land_rover,discovery_sport,P250 S R-Dynamic,1,52661.0
2025-02-01,Near Luxury SUV,land_rover,discovery_sport,P250 SE,4,49234.5
2025-02-01,Near Luxury SUV,land_rover,discovery_sport,P250 SE R-Dynamic,11,53495.27272727273
2025-02-01,Near Luxury SUV,land_rover,discovery_sport,P250 SE-Dynamic,1,62039.0
2025-02-01,Near Luxury SUV,land_rover,range_rover_evoque,P250 Dynamic SE,454,61871.05066079295
2025-02-01,Near Luxury SUV,land_rover,range_rover_evoque,P250 R-Dynamic SE,2,60135.0
2025-02-01,Near Luxury SUV,land_rover,range_rover_evoque,P250 S,606,56663.17656765677
2025-02-01,Near Luxury SUV,land_rover,range_rover_evoque,P250 SE,1,45035.0
2025-02-01,Near Luxury SUV,land_rover,range_rover_evoque,P300 R-Dynamic HST,1,62480.0
2025-02-01,Near Luxury SUV,lexus,nx_series,Base,1030,57108.124932038845
2025-02-01,Near Luxury SUV,lexus,nx_series,F SPORT Handling,198,66422.68515151515
2025-02-01,Near Luxury SUV,lexus,nx_series,Luxury,269,57850.35152416356
2025-02-01,Near Luxury SUV,lexus,nx_series,Premium,1337,51949.369326851156
2025-02-01,Near Luxury SUV,maserati,grecale,Folgore,44,118099.77272727272
2025-02-01,Near Luxury SUV,maserati,grecale,GT,377,75074.12466843502
2025-02-01,Near Luxury SUV,maserati,grecale,Modena,355,85016.91267605634
2025-02-01,Near Luxury SUV,maserati,grecale,Trofeo,60,107241.78333333334
2025-02-01,Near Luxury SUV,mercedes_benz,benz_amg_glc,4MATIC,389,99897.4593059126
2025-02-01,Near Luxury SUV,mercedes_benz,glb,AMG GLB 35,470,64997.7255319149
2025-02-01,Near Luxury SUV,mercedes_benz,glb,GLB 250,1628,49995.218673218675
2025-02-01,Near Luxury SUV,mercedes_benz,glb,GLB 250 4MATIC,1153,52172.353859496965
2025-02-01,Near Luxury SUV,mercedes_benz,glc_class,4MATIC,908,66729.16740088105
2025-02-01,Near Luxury SUV,mercedes_benz,glc_class,4MATIC SUV,146,58200.5625
2025-02-01,Near Luxury SUV,mercedes_benz,glc_class,AMG GLC 43,1485,76969.47474747474
2025-02-01,Near Luxury SUV,mercedes_benz,glc_class,GLC 300,1684,54306.66330166271
2025-02-01,Near Luxury SUV,mercedes_benz,glc_class,GLC 300 4MATIC,2914,59019.508922443376
2025-02-01,Near Luxury SUV,mercedes_benz,glc_class,GLC 350e 4MATIC,847,67467.36835891381
2025-02-01,Near Luxury SUV,porsche,macan,4 Electric,811,98145.12453760789
2025-02-01,Near Luxury SUV,porsche,macan,4S Electric,8,104383.75
2025-02-01,Near Luxury SUV,porsche,macan,Base,1797,76850.55982192543
2025-02-01,Near Luxury SUV,porsche,macan,Electric,416,89484.47596153847
2025-02-01,Near Luxury SUV,porsche,macan,GTS,43,109262.72093023256
2025-02-01,Near Luxury SUV,porsche,macan,S,268,92419.76119402985
2025-02-01,Near Luxury SUV,porsche,macan,T,224,80255.69196428571
2025-02-01,Near Luxury SUV,porsche,macan,Turbo Electric,183,128498.2349726776
2025-02-01,Near Luxury SUV,volvo,xc60,B5 Core,1814,49534.78996692393
2025-02-01,Near Luxury SUV,volvo,xc60,B5 Core Dark Theme,27,47735.96
2025-02-01,Near Luxury SUV,volvo,xc60,B5 Plus,3336,54446.46642685851
2025-02-01,Near Luxury SUV,volvo,xc60,B5 Plus Dark Theme,126,52359.166666666664
2025-02-01,Near Luxury SUV,volvo,xc60,B5 Ultimate Black Edition,1,63393.0
2025-02-01,Near Luxury SUV,volvo,xc60,B5 Ultimate Bright Theme,4,63620.0
2025-02-01,Near Luxury SUV,volvo,xc60,B5 Ultimate Dark Theme,7,58730.857142857145
2025-02-01,Near Luxury SUV,volvo,xc60,B5 Ultra,1098,59991.243169398906
2025-02-01,Near Luxury SUV,volvo,xc60,B5 Ultra Black Edition,25,61487.68
2025-02-01,Near Luxury SUV,volvo,xc60,B6 Ultimate Bright Theme,2,67920.0
2025-02-01,Near Luxury SUV,volvo,xc60,T8 Core,405,60879.99259259259
2025-02-01,Near Luxury SUV,volvo,xc60,T8 Core Dark Theme,1,60500.0
2025-02-01,Near Luxury SUV,volvo,xc60,T8 Plus,2164,65781.64741219963
2025-02-01,Near Luxury SUV,volvo,xc60,T8 Plus Dark Theme,16,66085.0
2025-02-01,Near Luxury SUV,volvo,xc60,T8 Polestar Engineered,6,76877.33333333333
2025-02-01,Near Luxury SUV,volvo,xc60,T8 Ultra,1000,71399.185
2025-02-01,Near Luxury SUV,volvo,xc60,T8 Ultra Black Edition,40,73518.775
2025-02-01,Near Luxury SUV,volvo,xc60,T8 Ultra Dark Theme,12,72313.36363636363
2025-02-01,Near Luxury SUV,volvo,xc60_recharge,T8 Core Dark Theme,14,58295.0
2025-02-01,Near Luxury SUV,volvo,xc60_recharge,T8 Plus Bright Theme,1,66724.0
2025-02-01,Near Luxury SUV,volvo,xc60_recharge,T8 Plus Dark Theme,139,63343.30215827338
2025-02-01,Near Luxury SUV,volvo,xc60_recharge,T8 Polestar Engineered,14,76277.92857142857
2025-02-01,Near Luxury SUV,volvo,xc60_recharge,T8 Ultimate Black Edition,13,70845.15384615384
2025-02-01,Near Luxury SUV,volvo,xc60_recharge,T8 Ultimate Bright Theme,1,70440.0
2025-02-01,Near Luxury SUV,volvo,xc60_recharge,T8 Ultimate Dark Theme,33,72439.09090909091
2025-02-01,Premium Luxury Car,audi,a8_s8,4.0T quattro,186,134710.9193548387
2025-02-01,Premium Luxury Car,audi,a8_s8,quattro 55 TFSI,273,97914.69117647059
2025-02-01,Premium Luxury Car,bentley,flying_spur,Azure Hybrid,1,289115.0
2025-02-01,Premium Luxury Car,bentley,flying_spur,Azure V8,1,296310.0
2025-02-01,Premium Luxury Car,bentley,flying_spur,Edition 8,5,277417.6
2025-02-01,Premium Luxury Car,bentley,flying_spur,Hybrid,2,276282.5
2025-02-01,Premium Luxury Car,bentley,flying_spur,Mulliner V8,2,279302.5
2025-02-01,Premium Luxury Car,bentley,flying_spur,S Hybrid,2,336197.5
2025-02-01,Premium Luxury Car,bentley,flying_spur,S V8,5,285509.4
2025-02-01,Premium Luxury Car,bentley,flying_spur,Speed,10,374675.3
2025-02-01,Premium Luxury Car,bentley,flying_spur,V8,10,263141.8
2025-02-01,Premium Luxury Car,bmw,7_series,740i,124,105458.67741935483
2025-02-01,Premium Luxury Car,bmw,7_series,740i xDrive,161,107070.86956521739
2025-02-01,Premium Luxury Car,bmw,7_series,750e xDrive,82,118784.39024390244
2025-02-01,Premium Luxury Car,bmw,7_series,760i xDrive,334,132588.09580838322
2025-02-01,Premium Luxury Car,genesis,g90,3.5T,19,91419.94736842105
2025-02-01,Premium Luxury Car,genesis,g90,3.5T e-Supercharger,366,101022.3087431694
2025-02-01,Premium Luxury Car,lexus,ls_series,Base,125,93648.18744
2025-02-01,Premium Luxury Car,lexus,ls_series,F SPORT,10,95735.6
2025-02-01,Premium Luxury Car,maserati,quattroporte,GT,2,92482.5
2025-02-01,Premium Luxury Car,maserati,quattroporte,Modena,2,106630.0
2025-02-01,Premium Luxury Car,maserati,quattroporte,Modena Q4,10,133737.1
2025-02-01,Premium Luxury Car,maserati,quattroporte,Modena Ultima Q4,20,129319.55
2025-02-01,Premium Luxury Car,mercedes_benz,s_class,AMG S 63 E Performance,456,207188.40308370045
2025-02-01,Premium Luxury Car,mercedes_benz,s_class,Mercedes-Maybach S 580 4MATIC,124,226548.89516129033
2025-02-01,Premium Luxury Car,mercedes_benz,s_class,Mercedes-Maybach S 680 4MATIC,77,287485.6842105263
2025-02-01,Premium Luxury Car,mercedes_benz,s_class,S 500 4MATIC,89,126583.69662921349
2025-02-01,Premium Luxury Car,mercedes_benz,s_class,S 580 4MATIC,1117,142333.9588182632
2025-02-01,Premium Luxury Car,mercedes_benz,s_class,S 580e 4MATIC,291,138802.3470790378
2025-02-01,Premium Luxury Car,porsche,panamera,4,739,130584.84844384303
2025-02-01,Premium Luxury Car,porsche,panamera,4 E-Hybrid,160,139440.3875
2025-02-01,Premium Luxury Car,porsche,panamera,4 Platinum Edition,2,120045.0
2025-02-01,Premium Luxury Car,porsche,panamera,4S,69,155487.79710144928
2025-02-01,Premium Luxury Car,porsche,panamera,4S Sport Turismo,1,149750.0
2025-02-01,Premium Luxury Car,porsche,panamera,Base,103,125862.60194174758
2025-02-01,Premium Luxury Car,porsche,panamera,GTS,4,167673.0
2025-02-01,Premium Luxury Car,porsche,panamera,Platinum Edition,1,120820.0
2025-02-01,Premium Luxury Car,porsche,panamera,Turbo,16,224514.5
2025-02-01,Premium Luxury Car,porsche,panamera,Turbo E-Hybrid,1,241835.0
2025-02-01,Premium Luxury Car,rolls_royce,ghost,Base,15,426589.8333333333
2025-02-01,Premium Luxury Car,rolls_royce,phantom,Base,3,608091.6666666666
2025-03-01,Entry Luxury EV SUV,genesis,gv60,Advanced,118,62493.42372881356
2025-03-01,Entry Luxury EV SUV,genesis,gv60,Performance,118,70478.70338983051
2025-03-01,Entry Luxury EV SUV,genesis,gv60,Standard,357,56324.142857142855
2025-03-01,Entry Luxury EV SUV,volvo,c40_recharge,Core,7,52871.0
2025-03-01,Entry Luxury EV SUV,volvo,c40_recharge,Plus,12,54622.916666666664
2025-03-01,Entry Luxury EV SUV,volvo,c40_recharge,Twin Core,11,52510.36363636364
2025-03-01,Entry Luxury EV SUV,volvo,c40_recharge,Twin Plus,87,55981.816091954024
2025-03-01,Entry Luxury EV SUV,volvo,c40_recharge,Twin Ultimate,13,55217.61538461538
2025-03-01,Entry Luxury EV SUV,volvo,c40_recharge,Ultimate,2,56036.0
2025-03-01,Entry Luxury EV SUV,volvo,ex30,Twin Motor Plus,68,47119.75
2025-03-01,Entry Luxury EV SUV,volvo,ex30,Twin Motor Ultra,287,48528.20905923345
2025-03-01,Entry Luxury EV SUV,volvo,ex30,Twin Ultra,23,48610.913043478264
2025-03-01,Entry Luxury EV SUV,volvo,ex40,Single Motor Extended Range Core,2,53795.0
2025-03-01,Entry Luxury EV SUV,volvo,ex40,Single Motor Extended Range Plus,1,56885.0
2025-03-01,Entry Luxury EV SUV,volvo,ex40,Twin Motor Plus,3,60957.0
2025-03-01,Entry Luxury EV SUV,volvo,ex40,Twin Plus,1,60281.0
2025-03-01,Mid Luxury Car,audi,a6_s6,2.9T quattro Premium,6,80740.16666666667
2025-03-01,Mid Luxury Car,audi,a6_s6,2.9T quattro Premium Plus,61,85638.24590163934
2025-03-01,Mid Luxury Car,audi,a6_s6,2.9T quattro Prestige,37,91968.54054054055
2025-03-01,Mid Luxury Car,audi,a6_s6,4.0T quattro Avant performance,367,148129.03278688525
2025-03-01,Mid Luxury Car,audi,a6_s6,Prestige TFSI quattro Tiptronic,18,94595.55555555556
2025-03-01,Mid Luxury Car,audi,a6_s6,performance TFSI quattro Tiptronic,11,202273.45454545456
2025-03-01,Mid Luxury Car,audi,a6_s6,quattro Premium 45 TFSI,128,60356.390625
2025-03-01,Mid Luxury Car,audi,a6_s6,quattro Premium 55 TFSI,69,65434.188405797104
2025-03-01,Mid Luxury Car,audi,a6_s6,quattro Premium Plus 45 TFSI,167,64545.96407185629
2025-03-01,Mid Luxury Car,audi,a6_s6,quattro Premium Plus 55 TFSI,305,70036.69740983607
2025-03-01,Mid Luxury Car,audi,a6_s6,quattro Prestige 55 TFSI,190,78641.66468085107
2025-03-01,Mid Luxury Car,audi,a7_s7,2.9T quattro Premium,2,86090.0
2025-03-01,Mid Luxury Car,audi,a7_s7,2.9T quattro Premium Plus,49,95029.3469387755
2025-03-01,Mid Luxury Car,audi,a7_s7,2.9T quattro Prestige,77,103510.01298701299
2025-03-01,Mid Luxury Car,audi,a7_s7,quattro Premium 55 TFSI,23,76371.21739130435
2025-03-01,Mid Luxury Car,audi,a7_s7,quattro Premium Plus 55 TFSI,164,81034.86585365854
2025-03-01,Mid Luxury Car,audi,a7_s7,quattro Prestige 55 TFSI,157,87526.41401273885
2025-03-01,Mid Luxury Car,audi,a7_s7,quattro Progressiv 55 TFSI,3,77585.66666666667
2025-03-01,Mid Luxury Car,audi,a7_s7_rs_7,4.0T quattro performance,161,147268.6645962733
2025-03-01,Mid Luxury Car,bmw,5_series,530i,989,65257.9868554095
2025-03-01,Mid Luxury Car,bmw,5_series,530i xDrive,1034,67022.52611218569
2025-03-01,Mid Luxury Car,bmw,5_series,540i xDrive,152,75392.07894736843
2025-03-01,Mid Luxury Car,bmw,5_series,550e xDrive,144,82630.05555555556
2025-03-01,Mid Luxury Car,bmw,5_series,M550i xDrive,1,86890.0
2025-03-01,Mid Luxury Car,bmw,5_series,xDrive,1,70354.0
2025-03-01,Mid Luxury Car,bmw,m5,Base,246,131550.28861788617
2025-03-01,Mid Luxury Car,genesis,g80,2.5T,430,63681.483720930235
2025-03-01,Mid Luxury Car,genesis,g80,2.5T Advanced,90,63368.51111111111
2025-03-01,Mid Luxury Car,genesis,g80,2.5T Sport Prestige,2,70324.0
2025-03-01,Mid Luxury Car,genesis,g80,3.5T Sport,360,75825.89722222222
2025-03-01,Mid Luxury Car,genesis,g80,3.5T Sport Advanced,91,71615.37362637362
2025-03-01,Mid Luxury Car,genesis,g80,3.5T Sport Prestige,1,77547.0
2025-03-01,Mid Luxury Car,genesis,g80,Advanced,61,71376.29508196721
2025-03-01,Mid Luxury Car,genesis,g80,Base,13,64358.769230769234
2025-03-01,Mid Luxury Car,jaguar,xf,P250 R-Dynamic SE,30,53352.666666666664
2025-03-01,Mid Luxury Car,jaguar,xf,P300 R-Dynamic SE,217,57740.7037037037
2025-03-01,Mid Luxury Car,maserati,ghibli,334 Ultima,4,165220.0
2025-03-01,Mid Luxury Car,maserati,ghibli,Modena,6,89614.33333333333
2025-03-01,Mid Luxury Car,maserati,ghibli,Modena Q4,73,100952.02739726027
2025-03-01,Mid Luxury Car,maserati,ghibli,Modena Ultima Q4,57,100755.36842105263
2025-03-01,Mid Luxury Car,maserati,ghibli,Trofeo,1,130000.0
2025-03-01,Mid Luxury Car,mercedes_benz,cle,AMG CLE 53,14,86299.85714285714
2025-03-01,Mid Luxury Car,mercedes_benz,cle,CLE 300 4MATIC,2454,68232.77837815812
2025-03-01,Mid Luxury Car,mercedes_benz,cle,CLE 450 4MATIC,453,77682.65579646017
2025-03-01,Mid Luxury Car,mercedes_benz,cls,CLS 450 4MATIC,7,85501.57142857143
2025-03-01,Mid Luxury Car,mercedes_benz,e_class,E 350,899,69660.72969966629
2025-03-01,Mid Luxury Car,mercedes_benz,e_class,E 350 4MATIC,1360,73253.36764705883
2025-03-01,Mid Luxury Car,mercedes_benz,e_class,E 450,3,77005.0
2025-03-01,Mid Luxury Car,mercedes_benz,e_class,E 450 4MATIC,253,80128.1876494024
2025-03-01,Mid Luxury Car,mercedes_benz,e_class,E 450 4MATIC All-Terrain,607,85596.90774299836
2025-03-01,Mid Luxury Car,volvo,s90,B6 Plus,131,59436.0534351145
2025-03-01,Mid Luxury Car,volvo,s90,B6 Ultimate,17,63697.882352941175
2025-03-01,Mid Luxury Car,volvo,s90,B6 Ultra,87,65711.4827586207
2025-03-01,Mid Luxury Car,volvo,s90,T8 Plus,5,67382.0
2025-03-01,Mid Luxury Car,volvo,s90,T8 Ultimate,58,70082.25862068965
2025-03-01,Mid Luxury Car,volvo,s90,T8 Ultra,41,73049.09756097561
2025-03-01,Mid Luxury Car,volvo,v90,B6 Plus,36,63442.86111111111
2025-03-01,Mid Luxury Car,volvo,v90,B6 Ultimate,2,65426.0
2025-03-01,Mid Luxury Car,volvo,v90,B6 Ultra,77,70212.15584415584
2025-03-01,Mid Luxury SUV,acura,mdx,Base,155,52945.625806451615
2025-03-01,Mid Luxury SUV,acura,mdx,SH-AWD,904,55183.78539823009
2025-03-01,Mid Luxury SUV,acura,mdx,SH-AWD Type S w/Advance Package,363,76854.76859504133
2025-03-01,Mid Luxury SUV,acura,mdx,SH-AWD Type S w/Ultra Package,19,66181.0
2025-03-01,Mid Luxury SUV,acura,mdx,SH-AWD w/A-SPEC,1517,63592.71390903098
2025-03-01,Mid Luxury SUV,acura,mdx,SH-AWD w/Advance,687,67988.45851528384
2025-03-01,Mid Luxury SUV,acura,mdx,SH-AWD w/Platinum Elite w/A-Spec,612,70031.86579378069
2025-03-01,Mid Luxury SUV,acura,mdx,SH-AWD w/Tech,1569,60531.560866794134
2025-03-01,Mid Luxury SUV,acura,mdx,w/Tech,1147,58378.70444638187
2025-03-01,Mid Luxury SUV,audi,q7,quattro Premium 45 TFSI,251,63752.31075697211
2025-03-01,Mid Luxury SUV,audi,q7,quattro Premium 55 TFSI,210,67807.55714285714
2025-03-01,Mid Luxury SUV,audi,q7,quattro Premium Plus 45 TFSI,250,68573.352
2025-03-01,Mid Luxury SUV,audi,q7,quattro Premium Plus 55 TFSI,1844,73840.23752711496
2025-03-01,Mid Luxury SUV,audi,q7,quattro Prestige 55 TFSI,784,82670.56978233035
2025-03-01,Mid Luxury SUV,audi,q7_sq7,4.0T quattro Premium Plus,163,97383.21472392639
2025-03-01,Mid Luxury SUV,audi,q7_sq7,4.0T quattro Prestige,127,109535.3606557377
2025-03-01,Mid Luxury SUV,bmw,x5,Base,1,115470.0
2025-03-01,Mid Luxury SUV,bmw,x5,Competition,179,139559.35195530727
2025-03-01,Mid Luxury SUV,bmw,x5,M60i,682,101350.87390029326
2025-03-01,Mid Luxury SUV,bmw,x5,sDrive40i,891,75450.93602693603
2025-03-01,Mid Luxury SUV,bmw,x5,xDrive40i,1771,78955.08695652174
2025-03-01,Mid Luxury SUV,bmw,x5,xDrive45e,1,76450.0
2025-03-01,Mid Luxury SUV,bmw,x5,xDrive50e,1490,82622.85033557047
2025-03-01,Mid Luxury SUV,bmw,x5_xdrive45e,Competition,127,143535.77952755906
2025-03-01,Mid Luxury SUV,bmw,x6,M60i,170,107290.42352941177
2025-03-01,Mid Luxury SUV,bmw,x6,xDrive40i,279,84392.22222222222
2025-03-01,Mid Luxury SUV,cadillac,xt5,Coachbuilder- Funeral Hearse,39,46190.0
2025-03-01,Mid Luxury SUV,cadillac,xt5,Luxury,963,45330.95015576324
2025-03-01,Mid Luxury SUV,cadillac,xt5,Premium Luxury,4379,54849.835350536654
2025-03-01,Mid Luxury SUV,cadillac,xt5,Sport,823,61344.99756986634
2025-03-01,Mid Luxury SUV,cadillac,xt6,Luxury,890,49054.13595505618
2025-03-01,Mid Luxury SUV,cadillac,xt6,Premium Luxury,2845,59874.005975395434
2025-03-01,Mid Luxury SUV,cadillac,xt6,Sport,939,65879.11182108626
2025-03-01,Mid Luxury SUV,genesis,gv80,2.5T,192,63861.09375
2025-03-01,Mid Luxury SUV,genesis,gv80,2.5T Advanced,581,68390.28571428571
2025-03-01,Mid Luxury SUV,genesis,gv80,2.5T Prestige,515,73126.21747572816
2025-03-01,Mid Luxury SUV,genesis,gv80,2.5T Select,439,64493.18223234624
2025-03-01,Mid Luxury SUV,genesis,gv80,2.5T Standard,380,60580.67105263158
2025-03-01,Mid Luxury SUV,genesis,gv80,3.5T,207,73811.72463768115
2025-03-01,Mid Luxury SUV,genesis,gv80,3.5T Advanced,464,75999.47844827586
2025-03-01,Mid Luxury SUV,genesis,gv80,3.5T Advanced+,1,72680.0
2025-03-01,Mid Luxury SUV,genesis,gv80,3.5T Prestige Signature,2052,82158.57358674463
2025-03-01,Mid Luxury SUV,genesis,gv80_coupe,3.5T E-SC,52,87849.64705882352
2025-03-01,Mid Luxury SUV,genesis,gv80_coupe,3.5T V6 AWD,144,82148.86111111111
2025-03-01,Mid Luxury SUV,genesis,gv80_coupe,3.5T e-SC,332,88233.60542168675
2025-03-01,Mid Luxury SUV,ineos,grenadier,Base,507,82498.29783037475
2025-03-01,Mid Luxury SUV,ineos,grenadier,Fieldmaster,295,86724.63050847457
2025-03-01,Mid Luxury SUV,ineos,grenadier,Trialmaster,197,86781.2385786802
2025-03-01,Mid Luxury SUV,infiniti,qx60,Autograph,1577,68805.68230818008
2025-03-01,Mid Luxury SUV,infiniti,qx60,Luxe,3397,60348.11274654107
2025-03-01,Mid Luxury SUV,infiniti,qx60,Pure,925,52407.62378378378
2025-03-01,Mid Luxury SUV,infiniti,qx60,Sensory,762,64496.26640419947
2025-03-01,Mid Luxury SUV,jaguar,f_pace,P250 R-Dynamic S,1384,65488.867774566475
2025-03-01,Mid Luxury SUV,jaguar,f_pace,P250 S,1,49850.0
2025-03-01,Mid Luxury SUV,jaguar,f_pace,P400 R-Dynamic S,468,77276.41666666667
2025-03-01,Mid Luxury SUV,jaguar,f_pace,SVR,3,97451.0
2025-03-01,Mid Luxury SUV,jaguar,f_pace,SVR 575 EDITION,79,101959.16455696203
2025-03-01,Mid Luxury SUV,land_rover,defender,110 P300 S,955,73665.51308900524
2025-03-01,Mid Luxury SUV,land_rover,defender,110 P400 S,731,79466.69630642954
2025-03-01,Mid Luxury SUV,land_rover,defender,110 P400 Sedona Red,1,86725.0
2025-03-01,Mid Luxury SUV,land_rover,defender,110 P400 X,187,101148.29946524065
2025-03-01,Mid Luxury SUV,land_rover,defender,110 P400 X-Dynamic SE,1073,86413.58620689655
2025-03-01,Mid Luxury SUV,land_rover,defender,110 P500 X-Dynamic SE,285,107502.21052631579
2025-03-01,Mid Luxury SUV,land_rover,defender,110 V8 P500 SE,137,102419.29197080292
2025-03-01,Mid Luxury SUV,land_rover,defender,110 V8 P525,202,120646.900990099
2025-03-01,Mid Luxury SUV,land_rover,defender,110 V8 P525 Carpathian Edition,3,120424.66666666667
2025-03-01,Mid Luxury SUV,land_rover,defender,110 X,1,101415.0
2025-03-01,Mid Luxury SUV,land_rover,defender,130 First Edition,1,78258.0
2025-03-01,Mid Luxury SUV,land_rover,defender,130 P300 S,126,81131.35714285714
2025-03-01,Mid Luxury SUV,land_rover,defender,130 P400 Outbound,56,96708.03571428571
2025-03-01,Mid Luxury SUV,land_rover,defender,130 P400 S,132,89037.43939393939
2025-03-01,Mid Luxury SUV,land_rover,defender,130 P400 X,48,109106.97916666667
2025-03-01,Mid Luxury SUV,land_rover,defender,130 P400 X-Dynamic SE,368,95264.57880434782
2025-03-01,Mid Luxury SUV,land_rover,defender,130 P500 V8,145,127137.2275862069
2025-03-01,Mid Luxury SUV,land_rover,defender,130 SE,8,105652.125
2025-03-01,Mid Luxury SUV,land_rover,defender,130 V8 P500,28,117257.5
2025-03-01,Mid Luxury SUV,land_rover,defender,90 75th Anniversary Edition,2,97686.0
2025-03-01,Mid Luxury SUV,land_rover,defender,90 P300 S,249,67158.06827309237
2025-03-01,Mid Luxury SUV,land_rover,defender,90 P400 X-Dynamic SE,181,80262.48618784531
2025-03-01,Mid Luxury SUV,land_rover,defender,90 SE,2,72129.0
2025-03-01,Mid Luxury SUV,land_rover,defender,90 V8,46,110285.84782608696
2025-03-01,Mid Luxury SUV,land_rover,defender,90 V8 Carpathian Edition,23,117497.43478260869
2025-03-01,Mid Luxury SUV,land_rover,defender,90 X,2,121925.5
2025-03-01,Mid Luxury SUV,land_rover,defender,90 X-Dynamic SE,3,91592.33333333333
2025-03-01,Mid Luxury SUV,land_rover,defender,P400 Sedona Red Edition,109,87252.25688073394
2025-03-01,Mid Luxury SUV,land_rover,defender,P635 OCTA,10,166914.4
2025-03-01,Mid Luxury SUV,land_rover,defender,P635 OCTA Edition One,2,174090.0
2025-03-01,Mid Luxury SUV,land_rover,discovery,P300 Dynamic SE,225,73250.02222222222
2025-03-01,Mid Luxury SUV,land_rover,discovery,P300 S,279,67212.6917562724
2025-03-01,Mid Luxury SUV,land_rover,discovery,P360 Dynamic SE,661,79743.15885022693
2025-03-01,Mid Luxury SUV,land_rover,discovery,P360 HSE R-Dynamic,1,78022.0
2025-03-01,Mid Luxury SUV,land_rover,discovery,P360 Metropolitan,156,87027.94871794872
2025-03-01,Mid Luxury SUV,land_rover,discovery,P360 Metropolitan Edition,2,82331.0
2025-03-01,Mid Luxury SUV,land_rover,discovery,P360 S R-Dynamic,1,70570.0
2025-03-01,Mid Luxury SUV,land_rover,range_rover_velar,Autobiography,7,87953.57142857143
2025-03-01,Mid Luxury SUV,land_rover,range_rover_velar,Dynamic SE,450,72463.38444444444
2025-03-01,Mid Luxury SUV,land_rover,range_rover_velar,P250 Dynamic SE,695,73182.78273381294
2025-03-01,Mid Luxury SUV,land_rover,range_rover_velar,P250 S,320,68294.084375
2025-03-01,Mid Luxury SUV,land_rover,range_rover_velar,P340 R-Dynamic S,1,78620.0
2025-03-01,Mid Luxury SUV,land_rover,range_rover_velar,P400 Dynamic HSE,63,87251.77777777778
2025-03-01,Mid Luxury SUV,land_rover,range_rover_velar,P400 Dynamic SE,207,80330.11111111111
2025-03-01,Mid Luxury SUV,land_rover,range_rover_velar,S,189,67771.74074074074
2025-03-01,Mid Luxury SUV,lexus,gx_series,Luxury,16,83577.8125
2025-03-01,Mid Luxury SUV,lexus,gx_series,Luxury+,293,86072.66211604096
2025-03-01,Mid Luxury SUV,lexus,gx_series,Overtrail,50,78398.1
2025-03-01,Mid Luxury SUV,lexus,gx_series,Overtrail+,153,82886.60130718954
2025-03-01,Mid Luxury SUV,lexus,gx_series,Premium,10,69027.9
2025-03-01,Mid Luxury SUV,lexus,gx_series,Premium+,289,73472.85813148788
2025-03-01,Mid Luxury SUV,lexus,rx_series,Base,3,56172.333333333336
2025-03-01,Mid Luxury SUV,lexus,rx_series,F SPORT Design,112,59759.55312499999
2025-03-01,Mid Luxury SUV,lexus,rx_series,F SPORT Handling,40,62737.025
2025-03-01,Mid Luxury SUV,lexus,rx_series,F SPORT Performance,37,74929.4054054054
2025-03-01,Mid Luxury SUV,lexus,rx_series,Luxury,740,74576.59510810809
2025-03-01,Mid Luxury SUV,lexus,rx_series,Premium,1395,57391.50305376345
2025-03-01,Mid Luxury SUV,lexus,rx_series,Premium+,612,62341.21972222223
2025-03-01,Mid Luxury SUV,lexus,tx,Base,48,63287.833333333336
2025-03-01,Mid Luxury SUV,lexus,tx,F SPORT Handling,68,67437.26470588235
2025-03-01,Mid Luxury SUV,lexus,tx,F SPORT Performance Luxury,27,77831.88888888889
2025-03-01,Mid Luxury SUV,lexus,tx,F SPORT Performance Premium,221,74234.85972850678
2025-03-01,Mid Luxury SUV,lexus,tx,F SPORT Premium,8,75340.75
2025-03-01,Mid Luxury SUV,lexus,tx,Luxury,267,71556.18329588015
2025-03-01,Mid Luxury SUV,lexus,tx,Premium,938,64319.52878464819
2025-03-01,Mid Luxury SUV,lincoln,aviator,Black Label,820,90172.83048780488
2025-03-01,Mid Luxury SUV,lincoln,aviator,Black Label Grand Touring,4,76796.0
2025-03-01,Mid Luxury SUV,lincoln,aviator,Grand Touring,17,74180.4705882353
2025-03-01,Mid Luxury SUV,lincoln,aviator,Livery,10,54469.4
2025-03-01,Mid Luxury SUV,lincoln,aviator,Premiere,1278,64065.72535211268
2025-03-01,Mid Luxury SUV,lincoln,aviator,Reserve,4540,75539.2537444934
2025-03-01,Mid Luxury SUV,lincoln,aviator,Standard,1,60350.0
2025-03-01,Mid Luxury SUV,lincoln,nautilus,Black Label,1271,76745.24311565697
2025-03-01,Mid Luxury SUV,lincoln,nautilus,Premiere,4804,57129.18380516236
2025-03-01,Mid Luxury SUV,lincoln,nautilus,Reserve,6335,64329.34632991318
2025-03-01,Mid Luxury SUV,lincoln,nautilus,Standard,2,49933.5
2025-03-01,Mid Luxury SUV,mercedes_benz,benz_amg_gle,4MATIC+,38,100482.15789473684
2025-03-01,Mid Luxury SUV,mercedes_benz,gle_class,4MATIC,1444,81304.98486149585
2025-03-01,Mid Luxury SUV,mercedes_benz,gle_class,AMG GLE 53,2492,99889.14085072231
2025-03-01,Mid Luxury SUV,mercedes_benz,gle_class,AMG GLE 63 S,853,140524.39976553342
2025-03-01,Mid Luxury SUV,mercedes_benz,gle_class,GLE 350 4MATIC,2612,72403.49846860643
2025-03-01,Mid Luxury SUV,mercedes_benz,gle_class,GLE 450 4MATIC,2062,83114.96653734239
2025-03-01,Mid Luxury SUV,mercedes_benz,gle_class,GLE 450e 4MATIC,1670,81489.66047904192
2025-03-01,Mid Luxury SUV,mercedes_benz,gle_class,GLE 580 4MATIC,355,99637.14366197183
2025-03-01,Mid Luxury SUV,volvo,xc90,B5 Core,584,59402.95719178082
2025-03-01,Mid Luxury SUV,volvo,xc90,B5 Core Bright Theme,11,56454.63636363636
2025-03-01,Mid Luxury SUV,volvo,xc90,B5 Plus,236,61970.233050847455
2025-03-01,Mid Luxury SUV,volvo,xc90,B5 Plus 6-Seater,153,64852.006535947716
2025-03-01,Mid Luxury SUV,volvo,xc90,B5 Plus 7-Seater,396,64432.07070707071
2025-03-01,Mid Luxury SUV,volvo,xc90,B5 Plus Bright Theme,19,59607.36842105263
2025-03-01,Mid Luxury SUV,volvo,xc90,B5 Ultra,29,66828.79310344828
2025-03-01,Mid Luxury SUV,volvo,xc90,B5 Ultra 6-Seater,21,69785.47619047618
2025-03-01,Mid Luxury SUV,volvo,xc90,B5 Ultra 7-Seater,14,70479.5
2025-03-01,Mid Luxury SUV,volvo,xc90,B6 Core,202,64340.91584158416
2025-03-01,Mid Luxury SUV,volvo,xc90,B6 Core Bright Theme,1,65605.0
2025-03-01,Mid Luxury SUV,volvo,xc90,B6 Plus 6-Seater,138,68374.47445255474
2025-03-01,Mid Luxury SUV,volvo,xc90,B6 Plus 6P,269,66223.73977695167
2025-03-01,Mid Luxury SUV,volvo,xc90,B6 Plus 7-Seater,667,67987.62668665667
2025-03-01,Mid Luxury SUV,volvo,xc90,B6 Plus 7P,1389,65033.841612670985
2025-03-01,Mid Luxury SUV,volvo,xc90,B6 Plus Bright Theme 6P,18,66727.11111111111
2025-03-01,Mid Luxury SUV,volvo,xc90,B6 Plus Bright Theme 7P,89,64418.10227272727
2025-03-01,Mid Luxury SUV,volvo,xc90,B6 Ultimate Bright Theme 6P,13,74002.07692307692
2025-03-01,Mid Luxury SUV,volvo,xc90,B6 Ultimate Bright Theme 7P,41,70177.24390243902
2025-03-01,Mid Luxury SUV,volvo,xc90,B6 Ultra,676,74434.05177514793
2025-03-01,Mid Luxury SUV,volvo,xc90,B6 Ultra 6P,131,73204.38167938932
2025-03-01,Mid Luxury SUV,volvo,xc90,B6 Ultra 7P,306,72540.51307189543
2025-03-01,Mid Luxury SUV,volvo,xc90,B6 Ultra Bright Theme 6P,2,71169.0
2025-03-01,Mid Luxury SUV,volvo,xc90,B6 Ultra Bright Theme 7P,7,72828.0
2025-03-01,Mid Luxury SUV,volvo,xc90,T8 Core,67,73605.34328358209
2025-03-01,Mid Luxury SUV,volvo,xc90,T8 Core 7-Seater,134,75013.66417910448
2025-03-01,Mid Luxury SUV,volvo,xc90,T8 Core Bright Theme,9,73790.44444444444
2025-03-01,Mid Luxury SUV,volvo,xc90,T8 Plus 6-Seater,211,78636.94786729857
2025-03-01,Mid Luxury SUV,volvo,xc90,T8 Plus 6P,162,76465.86419753087
2025-03-01,Mid Luxury SUV,volvo,xc90,T8 Plus 7-Seater,1015,77450.60689655172
2025-03-01,Mid Luxury SUV,volvo,xc90,T8 Plus 7P,211,74988.24644549763
2025-03-01,Mid Luxury SUV,volvo,xc90,T8 Plus Bright Theme 6P,6,72576.5
2025-03-01,Mid Luxury SUV,volvo,xc90,T8 Plus Bright Theme 7P,42,74031.21428571429
2025-03-01,Mid Luxury SUV,volvo,xc90,T8 Ultimate Bright Theme 6P,4,83106.75
2025-03-01,Mid Luxury SUV,volvo,xc90,T8 Ultimate Bright Theme 7P,13,79983.69230769231
2025-03-01,Mid Luxury SUV,volvo,xc90,T8 Ultra 6-Seater,312,85640.02243589744
2025-03-01,Mid Luxury SUV,volvo,xc90,T8 Ultra 6P,120,83522.13333333333
2025-03-01,Mid Luxury SUV,volvo,xc90,T8 Ultra 7-Seater,856,81764.68691588785
2025-03-01,Mid Luxury SUV,volvo,xc90,T8 Ultra 7P,233,80877.5965665236
2025-03-01,Mid Luxury SUV,volvo,xc90,T8 Ultra Bright Theme,2,81765.0
2025-03-01,Mid Luxury SUV,volvo,xc90,T8 Ultra Bright Theme 6P,1,81041.0
2025-03-01,Near Luxury Car,acura,tlx,Base,6,41618.666666666664
2025-03-01,Near Luxury Car,acura,tlx,SH-AWD Type S,42,59705.26190476191
2025-03-01,Near Luxury Car,acura,tlx,SH-AWD Type S w/Perf. Wheel+Tire,1,58145.0
2025-03-01,Near Luxury Car,acura,tlx,SH-AWD w/A-SPEC,1119,52119.9168157424
2025-03-01,Near Luxury Car,acura,tlx,SH-AWD w/Advance,1,52445.0
2025-03-01,Near Luxury Car,acura,tlx,w/A-SPEC,1,46569.0
2025-03-01,Near Luxury Car,acura,tlx,w/Tech,738,47089.76287262873
2025-03-01,Near Luxury Car,alfa_romeo,giulia,Base,221,52224.06787330317
2025-03-01,Near Luxury Car,alfa_romeo,giulia,Competizione,3,50968.666666666664
2025-03-01,Near Luxury Car,alfa_romeo,giulia,Quadrifoglio,115,85109.27678571429
2025-03-01,Near Luxury Car,alfa_romeo,giulia,Quadrifoglio Carbon,29,85843.93103448275
2025-03-01,Near Luxury Car,alfa_romeo,giulia,Special Edition AWD,19,53359.94736842105
2025-03-01,Near Luxury Car,alfa_romeo,giulia,Special Edition RWD,3,51059.333333333336
2025-03-01,Near Luxury Car,alfa_romeo,giulia,Sprint,231,47807.05194805195
2025-03-01,Near Luxury Car,alfa_romeo,giulia,Ti,109,45462.550458715596
2025-03-01,Near Luxury Car,alfa_romeo,giulia,Veloce,121,48899.00826446281
2025-03-01,Near Luxury Car,audi,a4_allroad,quattro Premium 45 TFSI,5,52306.2
2025-03-01,Near Luxury Car,audi,a4_allroad,quattro Premium Plus 45 TFSI,12,56357.833333333336
2025-03-01,Near Luxury Car,audi,a4_allroad,quattro Prestige 45 TFSI,1,60035.0
2025-03-01,Near Luxury Car,audi,a4_s4,3.0T quattro Premium Plus,7,66052.0
2025-03-01,Near Luxury Car,audi,a4_s4,Premium Plus 45 TFSI S line quattro S tronic,1,48876.0
2025-03-01,Near Luxury Car,audi,a4_s4,quattro Premium 40 TFSI,6,43559.166666666664
2025-03-01,Near Luxury Car,audi,a4_s4,quattro Premium Plus 40 TFSI,1,46768.0
2025-03-01,Near Luxury Car,audi,a4_s4,quattro S line Prem Plus 45 TFSI,47,51054.70212765958
2025-03-01,Near Luxury Car,audi,a4_s4,quattro S line Premium 45 TFSI,57,46154.38596491228
2025-03-01,Near Luxury Car,audi,a4_s4,quattro S line Prestige 45 TFSI,2,53681.5
2025-03-01,Near Luxury Car,audi,a5,quattro Premium 40 TFSI,1,49045.0
2025-03-01,Near Luxury Car,audi,a5,quattro Premium 45 TFSI,24,58263.875
2025-03-01,Near Luxury Car,audi,a5,quattro Premium Plus 45 TFSI,84,63052.083333333336
2025-03-01,Near Luxury Car,audi,a5,quattro Prestige 40 TFSI,1,51701.0
2025-03-01,Near Luxury Car,audi,a5,quattro Prestige 45 TFSI,10,66034.6
2025-03-01,Near Luxury Car,audi,a5,quattro S line Prem Plus 45 TFSI,940,55392.87728723405
2025-03-01,Near Luxury Car,audi,a5,quattro S line Premium 45 TFSI,962,49895.37837837838
2025-03-01,Near Luxury Car,audi,a5,quattro S line Prestige 45 TFSI,21,59510.619047619046
2025-03-01,Near Luxury Car,audi,a5_s5,Premium TFSI quattro Tiptronic,1,55787.0
2025-03-01,Near Luxury Car,audi,a5_s5_rs_5,2.9T quattro,103,89982.06796116506
2025-03-01,Near Luxury Car,audi,s5,3.0 TFSI quattro Progressiv,21,60812.19047619047
2025-03-01,Near Luxury Car,audi,s5,3.0T quattro Premium,49,59512.71428571428
2025-03-01,Near Luxury Car,audi,s5,3.0T quattro Premium Plus,882,67727.51775510205
2025-03-01,Near Luxury Car,audi,s5,3.0T quattro Prestige,117,72524.46923076922
2025-03-01,Near Luxury Car,bmw,3_series,330e,3,51491.333333333336
2025-03-01,Near Luxury Car,bmw,3_series,330e xDrive,1,54245.0
2025-03-01,Near Luxury Car,bmw,3_series,330i,1466,51584.55388813097
2025-03-01,Near Luxury Car,bmw,3_series,330i xDrive,1544,53571.025906735755
2025-03-01,Near Luxury Car,bmw,3_series,M340i,154,65845.5
2025-03-01,Near Luxury Car,bmw,3_series,M340i xDrive,240,68783.33333333333
2025-03-01,Near Luxury Car,bmw,3_series,xDrive,77,52604.31168831169
2025-03-01,Near Luxury Car,bmw,4_series,430i,744,62547.89130376344
2025-03-01,Near Luxury Car,bmw,4_series,430i Gran Coupe,212,56262.27358490566
2025-03-01,Near Luxury Car,bmw,4_series,430i xDrive,682,64874.60589442816
2025-03-01,Near Luxury Car,bmw,4_series,430i xDrive Gran Coupe,197,57802.553299492385
2025-03-01,Near Luxury Car,bmw,4_series,M440i,304,73636.93588815788
2025-03-01,Near Luxury Car,bmw,4_series,M440i Gran Coupe,7,69548.57142857143
2025-03-01,Near Luxury Car,bmw,4_series,M440i xDrive,337,76905.60732937684
2025-03-01,Near Luxury Car,bmw,4_series,M440i xDrive Gran Coupe,2,70852.5
2025-03-01,Near Luxury Car,bmw,4_series,xDrive,35,58585.08571428571
2025-03-01,Near Luxury Car,bmw,4_series_gran_coupe,xDrive,39,71597.89743589744
2025-03-01,Near Luxury Car,bmw,m3,Base,31,87703.2258064516
2025-03-01,Near Luxury Car,bmw,m3,Competition,15,90861.13333333333
2025-03-01,Near Luxury Car,bmw,m3,Competition xDrive,104,100286.92307692308
2025-03-01,Near Luxury Car,bmw,m4,Base,29,87883.89655172414
2025-03-01,Near Luxury Car,bmw,m4,CS,75,131485.38666666666
2025-03-01,Near Luxury Car,bmw,m4,Competition,340,102675.98823529412
2025-03-01,Near Luxury Car,bmw,m4,Competition xDrive,146,99599.53150684931
2025-03-01,Near Luxury Car,cadillac,ct5,Base,293,65601.0409556314
2025-03-01,Near Luxury Car,cadillac,ct5,Blackwing,178,116763.5
2025-03-01,Near Luxury Car,cadillac,ct5,Luxury,4,42038.75
2025-03-01,Near Luxury Car,cadillac,ct5,Premium Luxury,1491,53464.38698859826
2025-03-01,Near Luxury Car,cadillac,ct5,Premium Luxury RWD,231,59464.943722943724
2025-03-01,Near Luxury Car,cadillac,ct5,Sport,1072,54840.5447761194
2025-03-01,Near Luxury Car,cadillac,ct5,V-Series RWD,88,66338.03409090909
2025-03-01,Near Luxury Car,genesis,g70,2.0T Prestige,6,41936.333333333336
2025-03-01,Near Luxury Car,genesis,g70,2.5T,103,45228.59223300971
2025-03-01,Near Luxury Car,genesis,g70,2.5T Prestige,503,48457.38170974155
2025-03-01,Near Luxury Car,genesis,g70,2.5T Standard,976,45626.20696721312
2025-03-01,Near Luxury Car,genesis,g70,3.3T Sport,20,47037.8
2025-03-01,Near Luxury Car,genesis,g70,3.3T Sport Advanced,1236,55420.594660194176
2025-03-01,Near Luxury Car,genesis,g70,3.3T Standard,5,50159.6
2025-03-01,Near Luxury Car,infiniti,q50,Luxe,36,45402.52777777778
2025-03-01,Near Luxury Car,infiniti,q50,Red Sport 400,96,59520.03125
2025-03-01,Near Luxury Car,infiniti,q50,Sensory,62,51504.854838709674
2025-03-01,Near Luxury Car,kia,stinger,GT2,1,53535.0
2025-03-01,Near Luxury Car,lexus,es_series,Base,1505,49263.05936212628
2025-03-01,Near Luxury Car,lexus,es_series,F SPORT Design,8,50916.875
2025-03-01,Near Luxury Car,lexus,es_series,F SPORT Handling,106,53870.69254716981
2025-03-01,Near Luxury Car,lexus,es_series,Luxury,172,54445.6965116279
2025-03-01,Near Luxury Car,lexus,es_series,Ultra Luxury,215,56414.76795348837
2025-03-01,Near Luxury Car,lexus,is_series,Base,303,45364.91749174918
2025-03-01,Near Luxury Car,lexus,is_series,F SPORT,568,53394.16873239436
2025-03-01,Near Luxury Car,lexus,is_series,F SPORT Design,410,46627.29024390244
2025-03-01,Near Luxury Car,lexus,is_series,F SPORT Performance,32,73133.4375
2025-03-01,Near Luxury Car,lexus,is_series,F SPORT Performance Premium,14,66737.42857142857
2025-03-01,Near Luxury Car,lexus,rc_series,Base,18,50292.0
2025-03-01,Near Luxury Car,lexus,rc_series,F SPORT,125,59821.98544
2025-03-01,Near Luxury Car,lexus,rc_series,Track Edition,17,104032.64705882352
2025-03-01,Near Luxury Car,mercedes_benz,c_class,AMG C 43,611,72222.41571194763
2025-03-01,Near Luxury Car,mercedes_benz,c_class,AMG C 63 S E Performance,348,98747.61494252873
2025-03-01,Near Luxury Car,mercedes_benz,c_class,C 300,3160,54259.16265822785
2025-03-01,Near Luxury Car,mercedes_benz,c_class,C 300 4MATIC,2749,56558.240174672486
2025-03-01,Near Luxury Car,volvo,s60_v60,B5 Core,100,45558.39
2025-03-01,Near Luxury Car,volvo,s60_v60,B5 Core Dark Theme,131,43182.770992366415
2025-03-01,Near Luxury Car,volvo,s60_v60,B5 Plus,291,52008.2895862069
2025-03-01,Near Luxury Car,volvo,s60_v60,B5 Plus Black Edition,74,47683.95945945946
2025-03-01,Near Luxury Car,volvo,s60_v60,B5 Plus Dark Theme,217,46449.12903225807
2025-03-01,Near Luxury Car,volvo,s60_v60,B5 Ultimate,7,58813.0
2025-03-01,Near Luxury Car,volvo,s60_v60,B5 Ultimate Dark Theme,7,46684.857142857145
2025-03-01,Near Luxury Car,volvo,s60_v60,B5 Ultra,110,58817.354545454546
2025-03-01,Near Luxury Car,volvo,s60_v60,T8 Core Dark Theme,6,53220.333333333336
2025-03-01,Near Luxury Car,volvo,s60_v60,T8 Plus,15,58375.86666666667
2025-03-01,Near Luxury Car,volvo,s60_v60,T8 Plus Black Edition,1,53048.0
2025-03-01,Near Luxury Car,volvo,s60_v60,T8 Plus Dark Theme,10,55477.2
2025-03-01,Near Luxury Car,volvo,s60_v60,T8 Polestar Engineered,1,72645.0
2025-03-01,Near Luxury Car,volvo,s60_v60,T8 Ultra,1,58198.0
2025-03-01,Near Luxury EV SUV,audi,q4_e_tron,Premium 45 RWD,152,53327.67763157895
2025-03-01,Near Luxury EV SUV,audi,q4_e_tron,Premium 45 quattro,113,55764.4778761062
2025-03-01,Near Luxury EV SUV,audi,q4_e_tron,quattro Premium 50 TFSI,1,63135.0
2025-03-01,Near Luxury EV SUV,audi,q4_e_tron,quattro Premium 55 TFSI,234,59972.692307692305
2025-03-01,Near Luxury EV SUV,audi,q4_e_tron,quattro Premium Plus 50 TFSI,4,63985.333333333336
2025-03-01,Near Luxury EV SUV,audi,q4_e_tron,quattro Premium Plus 55,221,65052.23981900453
2025-03-01,Near Luxury EV SUV,audi,q4_e_tron,quattro Premium Plus 55 TFSI,380,62230.19210526316
2025-03-01,Near Luxury EV SUV,audi,q4_e_tron,quattro Prestige 55 TFSI,161,65232.28571428572
2025-03-01,Near Luxury EV SUV,cadillac,optiq,Luxury,688,56809.11191860465
2025-03-01,Near Luxury EV SUV,cadillac,optiq,Luxury 1 AWD,70,55849.114285714284
2025-03-01,Near Luxury EV SUV,cadillac,optiq,Luxury 2 AWD,18,58707.944444444445
2025-03-01,Near Luxury EV SUV,cadillac,optiq,Sport,749,58257.3738317757
2025-03-01,Near Luxury EV SUV,cadillac,optiq,Sport 1 AWD,83,57406.87951807229
2025-03-01,Near Luxury EV SUV,cadillac,optiq,Sport 2 AWD,56,59914.07142857143
2025-03-01,Near Luxury EV SUV,genesis,gv70_ev,Advanced,321,66184.33956386293
2025-03-01,Near Luxury EV SUV,genesis,gv70_ev,Base,260,69237.2923076923
2025-03-01,Near Luxury EV SUV,genesis,gv70_ev,Prestige,1,68740.0
2025-03-01,Near Luxury EV SUV,lexus,rz_series,Luxury,7,63389.333333333336
2025-03-01,Near Luxury EV SUV,lexus,rz_series,Premium,606,52735.576551155114
2025-03-01,Near Luxury EV SUV,mercedes_benz,eqb,EQB 250,199,58536.0703517588
2025-03-01,Near Luxury EV SUV,mercedes_benz,eqb,EQB 250+,489,58530.30061349693
2025-03-01,Near Luxury EV SUV,mercedes_benz,eqb,EQB 300 4MATIC,1302,62582.10829493088
2025-03-01,Near Luxury EV SUV,mercedes_benz,eqb,EQB 350 4MATIC,234,65581.32905982906
2025-03-01,Near Luxury EV SUV,porsche,macan_electric,4S,847,102855.7308146399
2025-03-01,Near Luxury SUV,acura,rdx,A-SPEC Advance Package,11,54220.0
2025-03-01,Near Luxury SUV,acura,rdx,SH-AWD,577,46448.39514731369
2025-03-01,Near Luxury SUV,acura,rdx,SH-AWD w/A-SPEC,1797,52174.47690595437
2025-03-01,Near Luxury SUV,acura,rdx,SH-AWD w/Advance,835,54244.39088729017
2025-03-01,Near Luxury SUV,acura,rdx,SH-AWD w/Advance w/A-SPEC,1458,56266.20027434842
2025-03-01,Near Luxury SUV,acura,rdx,SH-AWD w/Platinum Elite w/A-SPEC,106,56361.95283018868
2025-03-01,Near Luxury SUV,acura,rdx,SH-AWD w/Tech,1440,49093.970138888886
2025-03-01,Near Luxury SUV,acura,rdx,w/A-SPEC,1,49195.0
2025-03-01,Near Luxury SUV,alfa_romeo,stelvio,AWD,53,54585.0
2025-03-01,Near Luxury SUV,alfa_romeo,stelvio,Base,29,54091.44827586207
2025-03-01,Near Luxury SUV,alfa_romeo,stelvio,Quadrifoglio,124,89410.99193548386
2025-03-01,Near Luxury SUV,alfa_romeo,stelvio,Quadrifoglio Carbon,7,87716.57142857143
2025-03-01,Near Luxury SUV,alfa_romeo,stelvio,Special Edition Tributo Italiano AWD,172,58060.28488372093
2025-03-01,Near Luxury SUV,alfa_romeo,stelvio,Sprint,516,53351.58139534884
2025-03-01,Near Luxury SUV,alfa_romeo,stelvio,Ti,108,49098.5
2025-03-01,Near Luxury SUV,alfa_romeo,stelvio,Ti Lusso,1,40000.0
2025-03-01,Near Luxury SUV,alfa_romeo,stelvio,Veloce,103,51645.82524271845
2025-03-01,Near Luxury SUV,audi,q5_sq5,Premium 55 TFSI e S line quattro S tronic,4,63149.0
2025-03-01,Near Luxury SUV,audi,q5_sq5,Premium Plus 40 TFSI quattro S tronic,2,49369.0
2025-03-01,Near Luxury SUV,audi,q5_sq5,Premium Plus 45 TFSI S line quattro S tronic,19,57143.05263157895
2025-03-01,Near Luxury SUV,audi,q5_sq5,Premium Plus 55 TFSI e S line quattro S tronic,7,66570.0
2025-03-01,Near Luxury SUV,audi,q5_sq5,Prestige 55 TFSI e S line quattro S tronic,1,72201.0
2025-03-01,Near Luxury SUV,audi,q5_sq5,e quattro S line Prem Pl 55 TFSI,847,63818.40377804014
2025-03-01,Near Luxury SUV,audi,q5_sq5,e quattro S line Premium 55 TFSI,135,58880.61481481481
2025-03-01,Near Luxury SUV,audi,q5_sq5,e quattro S line Prestg 55 TFSI,63,69198.8253968254
2025-03-01,Near Luxury SUV,audi,q5_sq5,quattro Premium 40 TFSI,519,47042.89402697495
2025-03-01,Near Luxury SUV,audi,q5_sq5,quattro Premium Plus 40 TFSI,184,51846.157608695656
2025-03-01,Near Luxury SUV,audi,q5_sq5,quattro Prestige 40 TFSI,3,52211.333333333336
2025-03-01,Near Luxury SUV,audi,q5_sq5,quattro Progressiv 45 TFSI,34,57561.029411764706
2025-03-01,Near Luxury SUV,audi,q5_sq5,quattro S line Prem Plus 45 TFSI,2677,56275.92827792305
2025-03-01,Near Luxury SUV,audi,q5_sq5,quattro S line Premium 45 TFSI,1896,50772.28533755274
2025-03-01,Near Luxury SUV,audi,q5_sq5,quattro S line Prestige 45 TFSI,157,60464.509554140124
2025-03-01,Near Luxury SUV,audi,sq5,3.0 TFSI quattro Progressiv,2,57764.0
2025-03-01,Near Luxury SUV,audi,sq5,3.0 TFSI quattro Technik,31,73506.45161290323
2025-03-01,Near Luxury SUV,audi,sq5,3.0T quattro Premium,21,60821.71428571428
2025-03-01,Near Luxury SUV,audi,sq5,3.0T quattro Premium Plus,1374,68162.50582241631
2025-03-01,Near Luxury SUV,audi,sq5,3.0T quattro Prestige,126,73686.72222222222
2025-03-01,Near Luxury SUV,audi,sq5,Premium Plus TFSI quattro Tiptronic,5,70400.33333333333
2025-03-01,Near Luxury SUV,audi,sq5,Prestige TFSI quattro Tiptronic,1,71188.0
2025-03-01,Near Luxury SUV,bmw,x3,30 xDrive,3066,57055.89595564253
2025-03-01,Near Luxury SUV,bmw,x3,M40i,5,69030.0
2025-03-01,Near Luxury SUV,bmw,x3,M50 xDrive,639,71921.41158059468
2025-03-01,Near Luxury SUV,bmw,x3,sDrive30i,134,52761.42537313433
2025-03-01,Near Luxury SUV,bmw,x3,xDrive30i,137,54391.30656934307
2025-03-01,Near Luxury SUV,bmw,x4,Base,58,91261.1724137931
2025-03-01,Near Luxury SUV,bmw,x4,M40i,44,73971.34090909091
2025-03-01,Near Luxury SUV,bmw,x4,xDrive30i,175,62845.93714285714
2025-03-01,Near Luxury SUV,cadillac,xt4,Luxury,104,42399.653846153844
2025-03-01,Near Luxury SUV,cadillac,xt4,Premium Luxury,3753,46286.85718092193
2025-03-01,Near Luxury SUV,cadillac,xt4,Sport,1993,49170.17059708981
2025-03-01,Near Luxury SUV,genesis,gv70,2.5T,49,51690.63265306123
2025-03-01,Near Luxury SUV,genesis,gv70,2.5T Advanced,11,57775.09090909091
2025-03-01,Near Luxury SUV,genesis,gv70,2.5T Advanced Plus,49,53076.36734693877
2025-03-01,Near Luxury SUV,genesis,gv70,2.5T Prestige,111,58459.68468468468
2025-03-01,Near Luxury SUV,genesis,gv70,2.5T Select,42,53318.92857142857
2025-03-01,Near Luxury SUV,genesis,gv70,2.5T Sport Prestige,28,61176.42857142857
2025-03-01,Near Luxury SUV,genesis,gv70,2.5T Standard,1522,52763.95860709593
2025-03-01,Near Luxury SUV,genesis,gv70,3.5T Sport,2031,63954.510585918266
2025-03-01,Near Luxury SUV,genesis,gv70,3.5T Sport Prestige,57,72565.1052631579
2025-03-01,Near Luxury SUV,infiniti,qx50,Autograph,11,58426.545454545456
2025-03-01,Near Luxury SUV,infiniti,qx50,Luxe,1313,48194.175932977916
2025-03-01,Near Luxury SUV,infiniti,qx50,Pure,187,43164.470588235294
2025-03-01,Near Luxury SUV,infiniti,qx50,Sensory,10,54198.8
2025-03-01,Near Luxury SUV,infiniti,qx50,Sport,962,52917.42307692308
2025-03-01,Near Luxury SUV,infiniti,qx55,Essential,348,56598.80172413793
2025-03-01,Near Luxury SUV,infiniti,qx55,Luxe,708,51595.19491525424
2025-03-01,Near Luxury SUV,infiniti,qx55,Sensory,157,60070.97452229299
2025-03-01,Near Luxury SUV,jaguar,e_pace,P250 R-Dynamic SE,293,54188.03448275862
2025-03-01,Near Luxury SUV,jaguar,e_pace,P250 SE,1,45575.0
2025-03-01,Near Luxury SUV,land_rover,discovery_sport,P250 Dynamic SE,416,58706.699519230766
2025-03-01,Near Luxury SUV,land_rover,discovery_sport,P250 S,954,53870.55031446541
2025-03-01,Near Luxury SUV,land_rover,discovery_sport,P250 SE,4,52816.75
2025-03-01,Near Luxury SUV,land_rover,discovery_sport,P250 SE R-Dynamic,8,53630.5
2025-03-01,Near Luxury SUV,land_rover,range_rover_evoque,P250 Dynamic SE,483,61750.12629399586
2025-03-01,Near Luxury SUV,land_rover,range_rover_evoque,P250 R-Dynamic SE,2,60695.0
2025-03-01,Near Luxury SUV,land_rover,range_rover_evoque,P250 S,787,56491.1499364676
2025-03-01,Near Luxury SUV,land_rover,range_rover_evoque,P250 SE,1,43516.0
2025-03-01,Near Luxury SUV,lexus,nx_series,Base,1021,56747.92851126347
2025-03-01,Near Luxury SUV,lexus,nx_series,F SPORT Handling,188,64183.99335106384
2025-03-01,Near Luxury SUV,lexus,nx_series,Luxury,230,57929.692956521736
2025-03-01,Near Luxury SUV,lexus,nx_series,Premium,1187,51058.68541701771
2025-03-01,Near Luxury SUV,maserati,grecale,Folgore,45,116508.11111111111
2025-03-01,Near Luxury SUV,maserati,grecale,GT,312,74000.625
2025-03-01,Near Luxury SUV,maserati,grecale,Modena,322,84194.13043478261
2025-03-01,Near Luxury SUV,maserati,grecale,Trofeo,42,107056.5
2025-03-01,Near Luxury SUV,mercedes_benz,benz_amg_glc,4MATIC,428,100019.74093457944
2025-03-01,Near Luxury SUV,mercedes_benz,glb,AMG GLB 35,419,64830.2338902148
2025-03-01,Near Luxury SUV,mercedes_benz,glb,GLB 250,1521,49806.56738987508
2025-03-01,Near Luxury SUV,mercedes_benz,glb,GLB 250 4MATIC,1135,52136.45286343613
2025-03-01,Near Luxury SUV,mercedes_benz,glc_class,4MATIC,1468,66833.38487738419
2025-03-01,Near Luxury SUV,mercedes_benz,glc_class,4MATIC SUV,509,58747.96837944664
2025-03-01,Near Luxury SUV,mercedes_benz,glc_class,AMG GLC 43,1557,77254.04945407835
2025-03-01,Near Luxury SUV,mercedes_benz,glc_class,GLC 300,2010,54841.66865671642
2025-03-01,Near Luxury SUV,mercedes_benz,glc_class,GLC 300 4MATIC,3485,60013.727168294085
2025-03-01,Near Luxury SUV,mercedes_benz,glc_class,GLC 350e 4MATIC,1092,67445.29304029304
2025-03-01,Near Luxury SUV,porsche,macan,4 Electric,704,97868.77272727272
2025-03-01,Near Luxury SUV,porsche,macan,4S Electric,3,105889.33333333333
2025-03-01,Near Luxury SUV,porsche,macan,Base,1900,76753.67789473684
2025-03-01,Near Luxury SUV,porsche,macan,Electric,486,89980.9074074074
2025-03-01,Near Luxury SUV,porsche,macan,GTS,46,108919.26086956522
2025-03-01,Near Luxury SUV,porsche,macan,S,258,92947.55813953489
2025-03-01,Near Luxury SUV,porsche,macan,T,222,80326.85135135135
2025-03-01,Near Luxury SUV,porsche,macan,Turbo Electric,205,127947.77560975609
2025-03-01,Near Luxury SUV,volvo,xc60,B5 Core,1825,49027.098630136985
2025-03-01,Near Luxury SUV,volvo,xc60,B5 Core Dark Theme,22,47418.7
2025-03-01,Near Luxury SUV,volvo,xc60,B5 Plus,2940,53996.42653061225
2025-03-01,Near Luxury SUV,volvo,xc60,B5 Plus Dark Theme,102,52100.63725490196
2025-03-01,Near Luxury SUV,volvo,xc60,B5 Ultimate Black Edition,1,59350.0
2025-03-01,Near Luxury SUV,volvo,xc60,B5 Ultimate Bright Theme,4,63620.0
2025-03-01,Near Luxury SUV,volvo,xc60,B5 Ultimate Dark Theme,4,57403.5
2025-03-01,Near Luxury SUV,volvo,xc60,B5 Ultra,1077,59537.80315691736
2025-03-01,Near Luxury SUV,volvo,xc60,B5 Ultra Black Edition,23,61263.34782608696
2025-03-01,Near Luxury SUV,volvo,xc60,B6 Ultimate Bright Theme,2,67920.0
2025-03-01,Near Luxury SUV,volvo,xc60,T8 Core,374,60636.01336898396
2025-03-01,Near Luxury SUV,volvo,xc60,T8 Core Dark Theme,1,60500.0
2025-03-01,Near Luxury SUV,volvo,xc60,T8 Plus,2064,65557.45639534884
2025-03-01,Near Luxury SUV,volvo,xc60,T8 Plus Dark Theme,13,66262.15384615384
2025-03-01,Near Luxury SUV,volvo,xc60,T8 Polestar Engineered,9,76955.77777777778
2025-03-01,Near Luxury SUV,volvo,xc60,T8 Ultra,934,71199.76338329764
2025-03-01,Near Luxury SUV,volvo,xc60,T8 Ultra Black Edition,28,73318.57142857143
2025-03-01,Near Luxury SUV,volvo,xc60,T8 Ultra Dark Theme,7,72081.14285714286
2025-03-01,Near Luxury SUV,volvo,xc60_recharge,T8 Core Dark Theme,12,56310.25
2025-03-01,Near Luxury SUV,volvo,xc60_recharge,T8 Plus Bright Theme,1,66724.0
2025-03-01,Near Luxury SUV,volvo,xc60_recharge,T8 Plus Dark Theme,99,63115.292929292926
2025-03-01,Near Luxury SUV,volvo,xc60_recharge,T8 Polestar Engineered,8,75538.625
2025-03-01,Near Luxury SUV,volvo,xc60_recharge,T8 Ultimate Black Edition,9,71009.11111111111
2025-03-01,Near Luxury SUV,volvo,xc60_recharge,T8 Ultimate Bright Theme,1,70440.0
2025-03-01,Near Luxury SUV,volvo,xc60_recharge,T8 Ultimate Dark Theme,26,71948.34615384616
2025-03-01,Premium Luxury Car,audi,a8_s8,4.0T quattro,170,134676.68823529413
2025-03-01,Premium Luxury Car,audi,a8_s8,quattro 55 TFSI,275,97101.24727272727
2025-03-01,Premium Luxury Car,bentley,flying_spur,Azure Hybrid,1,289115.0
2025-03-01,Premium Luxury Car,bentley,flying_spur,Azure V8,1,271252.0
2025-03-01,Premium Luxury Car,bentley,flying_spur,Edition 8,3,283974.0
2025-03-01,Premium Luxury Car,bentley,flying_spur,Hybrid,2,276282.5
2025-03-01,Premium Luxury Car,bentley,flying_spur,Mulliner V8,2,278138.5
2025-03-01,Premium Luxury Car,bentley,flying_spur,S Hybrid,2,336197.5
2025-03-01,Premium Luxury Car,bentley,flying_spur,S V8,5,285014.8
2025-03-01,Premium Luxury Car,bentley,flying_spur,Speed,10,370838.3
2025-03-01,Premium Luxury Car,bentley,flying_spur,Speed First Edition,15,339194.93333333335
2025-03-01,Premium Luxury Car,bentley,flying_spur,V8,9,252518.55555555556
2025-03-01,Premium Luxury Car,bmw,7_series,740i,169,106173.63313609468
2025-03-01,Premium Luxury Car,bmw,7_series,740i xDrive,229,107371.87336244542
2025-03-01,Premium Luxury Car,bmw,7_series,750e xDrive,112,119586.66964285714
2025-03-01,Premium Luxury Car,bmw,7_series,760i xDrive,344,133952.7558139535
2025-03-01,Premium Luxury Car,genesis,g90,3.5T,21,91425.71428571429
2025-03-01,Premium Luxury Car,genesis,g90,3.5T e-Supercharger,396,101210.0
2025-03-01,Premium Luxury Car,lexus,ls_series,Base,87,93411.1456321839
2025-03-01,Premium Luxury Car,lexus,ls_series,F SPORT,10,92289.8
2025-03-01,Premium Luxury Car,maserati,quattroporte,GT,2,92482.5
2025-03-01,Premium Luxury Car,maserati,quattroporte,Modena,1,97310.0
2025-03-01,Premium Luxury Car,maserati,quattroporte,Modena Q4,11,131105.18181818182
2025-03-01,Premium Luxury Car,maserati,quattroporte,Modena Ultima Q4,17,129639.70588235294
2025-03-01,Premium Luxury Car,mercedes_benz,s_class,AMG S 63 E Performance,419,206643.77511961723
2025-03-01,Premium Luxury Car,mercedes_benz,s_class,Mercedes-Maybach S 580 4MATIC,104,225417.76923076922
2025-03-01,Premium Luxury Car,mercedes_benz,s_class,Mercedes-Maybach S 680 4MATIC,76,289021.82666666666
2025-03-01,Premium Luxury Car,mercedes_benz,s_class,S 500 4MATIC,96,126043.65625
2025-03-01,Premium Luxury Car,mercedes_benz,s_class,S 580 4MATIC,1071,142128.2268907563
2025-03-01,Premium Luxury Car,mercedes_benz,s_class,S 580e 4MATIC,251,138775.390438247
2025-03-01,Premium Luxury Car,porsche,panamera,4,733,130553.54160982264
2025-03-01,Premium Luxury Car,porsche,panamera,4 E-Hybrid,119,139198.29411764705
2025-03-01,Premium Luxury Car,porsche,panamera,4 Platinum Edition,2,120045.0
2025-03-01,Premium Luxury Car,porsche,panamera,4S,55,155060.14545454545
2025-03-01,Premium Luxury Car,porsche,panamera,4S E-Hybrid,1,148485.0
2025-03-01,Premium Luxury Car,porsche,panamera,4S Sport Turismo,1,149750.0
2025-03-01,Premium Luxury Car,porsche,panamera,Base,84,125102.86904761905
2025-03-01,Premium Luxury Car,porsche,panamera,GTS,15,176444.06666666668
2025-03-01,Premium Luxury Car,porsche,panamera,Turbo,14,223501.14285714287
2025-03-01,Premium Luxury Car,porsche,panamera,Turbo S,1,259855.0
2025-03-01,Premium Luxury Car,rolls_royce,ghost,Base,14,431830.5833333333
2025-03-01,Premium Luxury Car,rolls_royce,phantom,Base,2,597519.0
2025-04-01,Entry Luxury EV SUV,genesis,gv60,Advanced,97,62545.092783505155
2025-04-01,Entry Luxury EV SUV,genesis,gv60,Performance,116,70827.28448275862
2025-04-01,Entry Luxury EV SUV,genesis,gv60,Standard,285,56639.44912280702
2025-04-01,Entry Luxury EV SUV,volvo,c40_recharge,Core,7,52503.57142857143
2025-04-01,Entry Luxury EV SUV,volvo,c40_recharge,Plus,8,53980.0
2025-04-01,Entry Luxury EV SUV,volvo,c40_recharge,Twin Core,11,52710.90909090909
2025-04-01,Entry Luxury EV SUV,volvo,c40_recharge,Twin Plus,40,55938.675
2025-04-01,Entry Luxury EV SUV,volvo,c40_recharge,Twin Ultimate,5,54223.4
2025-04-01,Entry Luxury EV SUV,volvo,c40_recharge,Ultimate,2,54030.0
2025-04-01,Entry Luxury EV SUV,volvo,ex30,Twin Motor Plus,209,47209.39234449761
2025-04-01,Entry Luxury EV SUV,volvo,ex30,Twin Motor Ultra,274,48749.49635036496
2025-04-01,Entry Luxury EV SUV,volvo,ex30,Twin Ultra,25,48600.68
2025-04-01,Entry Luxury EV SUV,volvo,ex40,Plus,2,59016.5
2025-04-01,Entry Luxury EV SUV,volvo,ex40,Single Motor Extended Range Core,37,54527.416666666664
2025-04-01,Entry Luxury EV SUV,volvo,ex40,Single Motor Extended Range Plus,24,59681.5
2025-04-01,Entry Luxury EV SUV,volvo,ex40,Twin Motor Core,24,56392.25
2025-04-01,Entry Luxury EV SUV,volvo,ex40,Twin Motor Plus,42,61371.09523809524
2025-04-01,Entry Luxury EV SUV,volvo,ex40,Twin Motor Ultra,3,62597.666666666664
2025-04-01,Entry Luxury EV SUV,volvo,ex40,Twin Plus,3,61299.333333333336
2025-04-01,Mid Luxury Car,audi,a6_s6,2.9T quattro Premium,6,80671.83333333333
2025-04-01,Mid Luxury Car,audi,a6_s6,2.9T quattro Premium Plus,69,86231.89855072464
2025-04-01,Mid Luxury Car,audi,a6_s6,2.9T quattro Prestige,29,93050.93103448275
2025-04-01,Mid Luxury Car,audi,a6_s6,4.0T quattro Avant performance,338,147904.24556213018
2025-04-01,Mid Luxury Car,audi,a6_s6,Prestige TFSI quattro Tiptronic,22,95284.40909090909
2025-04-01,Mid Luxury Car,audi,a6_s6,performance TFSI quattro Tiptronic,15,208819.07142857142
2025-04-01,Mid Luxury Car,audi,a6_s6,quattro Premium 45 TFSI,125,60765.376
2025-04-01,Mid Luxury Car,audi,a6_s6,quattro Premium 55 TFSI,89,66935.96629213484
2025-04-01,Mid Luxury Car,audi,a6_s6,quattro Premium Plus 45 TFSI,210,65170.119047619046
2025-04-01,Mid Luxury Car,audi,a6_s6,quattro Premium Plus 55 TFSI,300,71035.329
2025-04-01,Mid Luxury Car,audi,a6_s6,quattro Prestige 55 TFSI,198,79379.91919191918
2025-04-01,Mid Luxury Car,audi,a7_s7,2.9T quattro Premium,1,87340.0
2025-04-01,Mid Luxury Car,audi,a7_s7,2.9T quattro Premium Plus,42,95790.59523809524
2025-04-01,Mid Luxury Car,audi,a7_s7,2.9T quattro Prestige,76,105071.76315789473
2025-04-01,Mid Luxury Car,audi,a7_s7,quattro Premium 55 TFSI,21,77421.0
2025-04-01,Mid Luxury Car,audi,a7_s7,quattro Premium Plus 55 TFSI,141,81890.70921985815
2025-04-01,Mid Luxury Car,audi,a7_s7,quattro Prestige 55 TFSI,121,88518.28925619835
2025-04-01,Mid Luxury Car,audi,a7_s7,quattro Progressiv 55 TFSI,3,78805.0
2025-04-01,Mid Luxury Car,audi,a7_s7_rs_7,4.0T quattro performance,157,146599.66233766233
2025-04-01,Mid Luxury Car,bmw,5_series,530i,702,65348.349002849005
2025-04-01,Mid Luxury Car,bmw,5_series,530i xDrive,728,67151.81593406593
2025-04-01,Mid Luxury Car,bmw,5_series,540i xDrive,73,75559.19178082192
2025-04-01,Mid Luxury Car,bmw,5_series,550e xDrive,134,83242.72388059701
2025-04-01,Mid Luxury Car,bmw,5_series,xDrive,6,68174.0
2025-04-01,Mid Luxury Car,bmw,m5,Base,255,131073.10588235295
2025-04-01,Mid Luxury Car,genesis,g80,2.5T,466,64484.76824034335
2025-04-01,Mid Luxury Car,genesis,g80,2.5T Advanced,112,63665.044642857145
2025-04-01,Mid Luxury Car,genesis,g80,3.5T Sport,424,76810.40566037736
2025-04-01,Mid Luxury Car,genesis,g80,3.5T Sport Advanced,106,71716.07547169812
2025-04-01,Mid Luxury Car,genesis,g80,3.5T Sport Prestige,1,80117.0
2025-04-01,Mid Luxury Car,genesis,g80,Advanced,55,70571.3090909091
2025-04-01,Mid Luxury Car,genesis,g80,Base,6,60477.833333333336
2025-04-01,Mid Luxury Car,jaguar,xf,P250 R-Dynamic SE,24,53569.541666666664
2025-04-01,Mid Luxury Car,jaguar,xf,P300 R-Dynamic SE,200,57562.89949748744
2025-04-01,Mid Luxury Car,maserati,ghibli,334 Ultima,2,165288.5
2025-04-01,Mid Luxury Car,maserati,ghibli,Modena,1,82472.0
2025-04-01,Mid Luxury Car,maserati,ghibli,Modena Q4,69,101595.02898550725
2025-04-01,Mid Luxury Car,maserati,ghibli,Modena Ultima Q4,58,100951.25862068965
2025-04-01,Mid Luxury Car,maserati,ghibli,Trofeo,1,130000.0
2025-04-01,Mid Luxury Car,mercedes_benz,cle,AMG CLE 53,7,85598.57142857143
2025-04-01,Mid Luxury Car,mercedes_benz,cle,CLE 300 4MATIC,1901,67984.02751183588
2025-04-01,Mid Luxury Car,mercedes_benz,cle,CLE 450 4MATIC,328,77556.08039634147
2025-04-01,Mid Luxury Car,mercedes_benz,cls,CLS 450 4MATIC,5,86116.2
2025-04-01,Mid Luxury Car,mercedes_benz,e_class,E 350,1021,70085.68952007835
2025-04-01,Mid Luxury Car,mercedes_benz,e_class,E 350 4MATIC,1145,73332.72751091703
2025-04-01,Mid Luxury Car,mercedes_benz,e_class,E 450 4MATIC,252,80815.74900398406
2025-04-01,Mid Luxury Car,mercedes_benz,e_class,E 450 4MATIC All-Terrain,553,85394.09782608696
2025-04-01,Mid Luxury Car,volvo,s90,B6 Plus,150,59655.27333333333
2025-04-01,Mid Luxury Car,volvo,s90,B6 Ultimate,16,62962.1875
2025-04-01,Mid Luxury Car,volvo,s90,B6 Ultra,130,65929.72307692308
2025-04-01,Mid Luxury Car,volvo,s90,T8 Plus,6,66524.0
2025-04-01,Mid Luxury Car,volvo,s90,T8 Ultimate,49,69085.1836734694
2025-04-01,Mid Luxury Car,volvo,s90,T8 Ultra,37,73231.32432432432
2025-04-01,Mid Luxury Car,volvo,v90,B6 Plus,43,63555.93023255814
2025-04-01,Mid Luxury Car,volvo,v90,B6 Ultimate,2,65268.0
2025-04-01,Mid Luxury Car,volvo,v90,B6 Ultra,90,69768.16666666667
2025-04-01,Mid Luxury SUV,acura,mdx,Base,188,52934.585106382976
2025-04-01,Mid Luxury SUV,acura,mdx,SH-AWD,849,55184.54299175501
2025-04-01,Mid Luxury SUV,acura,mdx,SH-AWD Type S w/Advance Package,455,76935.14285714286
2025-04-01,Mid Luxury SUV,acura,mdx,SH-AWD w/A-SPEC,1383,63590.69125090383
2025-04-01,Mid Luxury SUV,acura,mdx,SH-AWD w/Advance,778,68061.43573264782
2025-04-01,Mid Luxury SUV,acura,mdx,SH-AWD w/Platinum Elite w/A-Spec,585,70032.86153846154
2025-04-01,Mid Luxury SUV,acura,mdx,SH-AWD w/Tech,1680,60574.79523809524
2025-04-01,Mid Luxury SUV,acura,mdx,w/Tech,1047,58338.14135625597
2025-04-01,Mid Luxury SUV,audi,q7,quattro Premium 45 TFSI,161,64854.857142857145
2025-04-01,Mid Luxury SUV,audi,q7,quattro Premium 55 TFSI,185,68886.41621621621
2025-04-01,Mid Luxury SUV,audi,q7,quattro Premium Plus 45 TFSI,151,69593.00662251655
2025-04-01,Mid Luxury SUV,audi,q7,quattro Premium Plus 55 TFSI,1963,75170.64729867483
2025-04-01,Mid Luxury SUV,audi,q7,quattro Prestige 55 TFSI,768,83474.9412532637
2025-04-01,Mid Luxury SUV,audi,q7_sq7,4.0T quattro Premium Plus,123,97940.22314049587
2025-04-01,Mid Luxury SUV,audi,q7_sq7,4.0T quattro Prestige,104,109522.97802197802
2025-04-01,Mid Luxury SUV,bmw,x5,Base,1,115470.0
2025-04-01,Mid Luxury SUV,bmw,x5,Competition,162,139657.16666666666
2025-04-01,Mid Luxury SUV,bmw,x5,M60i,467,101205.17773019272
2025-04-01,Mid Luxury SUV,bmw,x5,sDrive40i,543,75392.67219152855
2025-04-01,Mid Luxury SUV,bmw,x5,xDrive40i,1122,79118.0926916221
2025-04-01,Mid Luxury SUV,bmw,x5,xDrive50e,1159,82822.26488352027
2025-04-01,Mid Luxury SUV,bmw,x5_xdrive45e,Competition,125,143753.944
2025-04-01,Mid Luxury SUV,bmw,x6,M60i,128,107734.0546875
2025-04-01,Mid Luxury SUV,bmw,x6,xDrive40i,189,85266.37566137566
2025-04-01,Mid Luxury SUV,cadillac,xt5,Coachbuilder- Funeral Hearse,14,46170.0
2025-04-01,Mid Luxury SUV,cadillac,xt5,Luxury,853,45357.888628370456
2025-04-01,Mid Luxury SUV,cadillac,xt5,Premium Luxury,3944,54795.913286004055
2025-04-01,Mid Luxury SUV,cadillac,xt5,Sport,743,61454.41453566622
2025-04-01,Mid Luxury SUV,cadillac,xt6,Luxury,981,49297.67686034658
2025-04-01,Mid Luxury SUV,cadillac,xt6,Premium Luxury,2697,59908.18316648128
2025-04-01,Mid Luxury SUV,cadillac,xt6,Sport,862,65870.48839907192
2025-04-01,Mid Luxury SUV,genesis,gv80,2.5T,142,63180.14788732395
2025-04-01,Mid Luxury SUV,genesis,gv80,2.5T Advanced,584,68532.7345890411
2025-04-01,Mid Luxury SUV,genesis,gv80,2.5T Prestige,459,73215.41612200436
2025-04-01,Mid Luxury SUV,genesis,gv80,2.5T Select,454,64615.09030837005
2025-04-01,Mid Luxury SUV,genesis,gv80,2.5T Standard,405,60716.27901234568
2025-04-01,Mid Luxury SUV,genesis,gv80,3.5T,165,74235.05454545455
2025-04-01,Mid Luxury SUV,genesis,gv80,3.5T Advanced,418,76139.85885167464
2025-04-01,Mid Luxury SUV,genesis,gv80,3.5T Prestige Signature,2321,82296.35071090047
2025-04-01,Mid Luxury SUV,genesis,gv80_coupe,3.5T E-SC,116,87944.65217391304
2025-04-01,Mid Luxury SUV,genesis,gv80_coupe,3.5T V6 AWD,120,82192.075
2025-04-01,Mid Luxury SUV,genesis,gv80_coupe,3.5T e-SC,379,88323.89973614775
2025-04-01,Mid Luxury SUV,ineos,grenadier,1924 Limited Edition,18,91115.2
2025-04-01,Mid Luxury SUV,ineos,grenadier,Base,479,82823.40083507307
2025-04-01,Mid Luxury SUV,ineos,grenadier,Fieldmaster,278,86696.58633093526
2025-04-01,Mid Luxury SUV,ineos,grenadier,Trialmaster,172,86473.22093023256
2025-04-01,Mid Luxury SUV,infiniti,qx60,Autograph,1765,68581.77337110482
2025-04-01,Mid Luxury SUV,infiniti,qx60,Luxe,3723,60197.11388665055
2025-04-01,Mid Luxury SUV,infiniti,qx60,Pure,1036,52427.04536679537
2025-04-01,Mid Luxury SUV,infiniti,qx60,Sensory,770,64254.38441558441
2025-04-01,Mid Luxury SUV,jaguar,f_pace,P250 R-Dynamic S,1930,65318.95751295337
2025-04-01,Mid Luxury SUV,jaguar,f_pace,P250 S,1,49850.0
2025-04-01,Mid Luxury SUV,jaguar,f_pace,P400 R-Dynamic S,596,76866.79026845637
2025-04-01,Mid Luxury SUV,jaguar,f_pace,SVR,1,97073.0
2025-04-01,Mid Luxury SUV,jaguar,f_pace,SVR 575 EDITION,58,101797.5
2025-04-01,Mid Luxury SUV,land_rover,defender,110 P300 S,1134,73362.7204585538
2025-04-01,Mid Luxury SUV,land_rover,defender,110 P400 S,727,79610.13067400275
2025-04-01,Mid Luxury SUV,land_rover,defender,110 P400 X,172,100606.52325581395
2025-04-01,Mid Luxury SUV,land_rover,defender,110 P400 X-Dynamic SE,1074,86416.99534450652
2025-04-01,Mid Luxury SUV,land_rover,defender,110 P500 X-Dynamic SE,260,107373.7923076923
2025-04-01,Mid Luxury SUV,land_rover,defender,110 S,1,88435.0
2025-04-01,Mid Luxury SUV,land_rover,defender,110 V8,1,115140.0
2025-04-01,Mid Luxury SUV,land_rover,defender,110 V8 P500 SE,111,102459.16216216216
2025-04-01,Mid Luxury SUV,land_rover,defender,110 V8 P525,221,120441.2669683258
2025-04-01,Mid Luxury SUV,land_rover,defender,110 V8 P525 Carpathian Edition,3,120424.66666666667
2025-04-01,Mid Luxury SUV,land_rover,defender,110 X,1,101415.0
2025-04-01,Mid Luxury SUV,land_rover,defender,130 First Edition,1,76166.0
2025-04-01,Mid Luxury SUV,land_rover,defender,130 P300 S,153,81411.70588235294
2025-04-01,Mid Luxury SUV,land_rover,defender,130 P400 Outbound,45,94841.0
2025-04-01,Mid Luxury SUV,land_rover,defender,130 P400 S,148,88691.27027027027
2025-04-01,Mid Luxury SUV,land_rover,defender,130 P400 X,50,108692.94
2025-04-01,Mid Luxury SUV,land_rover,defender,130 P400 X-Dynamic SE,476,95448.77052631578
2025-04-01,Mid Luxury SUV,land_rover,defender,130 P500 V8,144,126909.70138888889
2025-04-01,Mid Luxury SUV,land_rover,defender,130 SE,8,105793.25
2025-04-01,Mid Luxury SUV,land_rover,defender,130 V8 P500,19,118513.78947368421
2025-04-01,Mid Luxury SUV,land_rover,defender,90 75th Anniversary Edition,2,97686.0
2025-04-01,Mid Luxury SUV,land_rover,defender,90 P300 S,245,66905.88163265307
2025-04-01,Mid Luxury SUV,land_rover,defender,90 P400 X-Dynamic SE,203,80024.75862068965
2025-04-01,Mid Luxury SUV,land_rover,defender,90 SE,1,64800.0
2025-04-01,Mid Luxury SUV,land_rover,defender,90 V8,37,110299.8918918919
2025-04-01,Mid Luxury SUV,land_rover,defender,90 V8 Carpathian Edition,19,117901.05263157895
2025-04-01,Mid Luxury SUV,land_rover,defender,90 X,2,121925.5
2025-04-01,Mid Luxury SUV,land_rover,defender,90 X-Dynamic SE,2,74772.5
2025-04-01,Mid Luxury SUV,land_rover,defender,P400 Sedona Red Edition,87,86894.3908045977
2025-04-01,Mid Luxury SUV,land_rover,defender,P635 OCTA,23,167543.08695652173
2025-04-01,Mid Luxury SUV,land_rover,defender,P635 OCTA Edition One,5,170064.6
2025-04-01,Mid Luxury SUV,land_rover,discovery,P300 Dynamic SE,257,73110.69649805447
2025-04-01,Mid Luxury SUV,land_rover,discovery,P300 S,319,67353.28213166144
2025-04-01,Mid Luxury SUV,land_rover,discovery,P360 Dynamic SE,635,79680.31023622047
2025-04-01,Mid Luxury SUV,land_rover,discovery,P360 HSE R-Dynamic,1,77454.0
2025-04-01,Mid Luxury SUV,land_rover,discovery,P360 Metropolitan,158,86755.76582278482
2025-04-01,Mid Luxury SUV,land_rover,discovery,P360 Metropolitan Edition,2,81825.0
2025-04-01,Mid Luxury SUV,land_rover,range_rover_velar,Autobiography,23,88291.08695652174
2025-04-01,Mid Luxury SUV,land_rover,range_rover_velar,Dynamic SE,719,73275.80806675939
2025-04-01,Mid Luxury SUV,land_rover,range_rover_velar,P250 Dynamic SE,610,73013.23770491804
2025-04-01,Mid Luxury SUV,land_rover,range_rover_velar,P250 S,328,68253.23170731707
2025-04-01,Mid Luxury SUV,land_rover,range_rover_velar,P340 R-Dynamic S,2,78020.0
2025-04-01,Mid Luxury SUV,land_rover,range_rover_velar,P400 Autobiography,3,86815.66666666667
2025-04-01,Mid Luxury SUV,land_rover,range_rover_velar,P400 Dynamic HSE,53,87227.77358490566
2025-04-01,Mid Luxury SUV,land_rover,range_rover_velar,P400 Dynamic SE,184,80016.57608695653
2025-04-01,Mid Luxury SUV,land_rover,range_rover_velar,S,319,67987.63009404388
2025-04-01,Mid Luxury SUV,lexus,gx_series,Luxury,3,83929.33333333333
2025-04-01,Mid Luxury SUV,lexus,gx_series,Luxury+,323,85821.39318885449
2025-04-01,Mid Luxury SUV,lexus,gx_series,Overtrail,71,79428.01408450704
2025-04-01,Mid Luxury SUV,lexus,gx_series,Overtrail+,161,83113.16149068323
2025-04-01,Mid Luxury SUV,lexus,gx_series,Premium,4,68461.5
2025-04-01,Mid Luxury SUV,lexus,gx_series,Premium+,229,73822.41048034934
2025-04-01,Mid Luxury SUV,lexus,rx_series,Base,3,54900.666666666664
2025-04-01,Mid Luxury SUV,lexus,rx_series,F SPORT Design,127,60856.10669291339
2025-04-01,Mid Luxury SUV,lexus,rx_series,F SPORT Handling,30,62452.066666666666
2025-04-01,Mid Luxury SUV,lexus,rx_series,F SPORT Performance,33,76384.72727272728
2025-04-01,Mid Luxury SUV,lexus,rx_series,Luxury,491,74374.20892057025
2025-04-01,Mid Luxury SUV,lexus,rx_series,Premium,1365,57839.06639560438
2025-04-01,Mid Luxury SUV,lexus,rx_series,Premium+,589,62240.407487266566
2025-04-01,Mid Luxury SUV,lexus,tx,Base,58,63463.224137931036
2025-04-01,Mid Luxury SUV,lexus,tx,F SPORT Handling,130,68581.56923076924
2025-04-01,Mid Luxury SUV,lexus,tx,F SPORT Performance Luxury,25,77536.76
2025-04-01,Mid Luxury SUV,lexus,tx,F SPORT Performance Premium,146,74294.06849315068
2025-04-01,Mid Luxury SUV,lexus,tx,F SPORT Premium,3,74181.33333333333
2025-04-01,Mid Luxury SUV,lexus,tx,Luxury,343,72460.36034985424
2025-04-01,Mid Luxury SUV,lexus,tx,Premium,1088,64496.86397058824
2025-04-01,Mid Luxury SUV,lincoln,aviator,Black Label,831,86257.78580024067
2025-04-01,Mid Luxury SUV,lincoln,aviator,Black Label Grand Touring,3,73546.33333333333
2025-04-01,Mid Luxury SUV,lincoln,aviator,Grand Touring,12,71828.58333333333
2025-04-01,Mid Luxury SUV,lincoln,aviator,Livery,15,58120.86666666667
2025-04-01,Mid Luxury SUV,lincoln,aviator,Premiere,1617,62012.903525046386
2025-04-01,Mid Luxury SUV,lincoln,aviator,Reserve,4679,72634.99593930328
2025-04-01,Mid Luxury SUV,lincoln,aviator,Standard,1,60350.0
2025-04-01,Mid Luxury SUV,lincoln,nautilus,Black Label,1155,74872.67792207793
2025-04-01,Mid Luxury SUV,lincoln,nautilus,Premiere,4564,56187.910166520596
2025-04-01,Mid Luxury SUV,lincoln,nautilus,Reserve,5792,62999.71167127072
2025-04-01,Mid Luxury SUV,lincoln,nautilus,Standard,1,50970.0
2025-04-01,Mid Luxury SUV,mercedes_benz,benz_amg_gle,4MATIC+,38,100718.97297297297
2025-04-01,Mid Luxury SUV,mercedes_benz,gle_class,4MATIC,1914,81728.06403343783
2025-04-01,Mid Luxury SUV,mercedes_benz,gle_class,AMG GLE 53,2836,100011.69037508847
2025-04-01,Mid Luxury SUV,mercedes_benz,gle_class,AMG GLE 63 S,806,140772.03846153847
2025-04-01,Mid Luxury SUV,mercedes_benz,gle_class,GLE 350 4MATIC,2707,72856.03952715184
2025-04-01,Mid Luxury SUV,mercedes_benz,gle_class,GLE 450 4MATIC,1766,83279.53057757644
2025-04-01,Mid Luxury SUV,mercedes_benz,gle_class,GLE 450e 4MATIC,1128,81542.86436170213
2025-04-01,Mid Luxury SUV,mercedes_benz,gle_class,GLE 580 4MATIC,358,99922.32402234637
2025-04-01,Mid Luxury SUV,volvo,xc90,B5 Core,735,60276.96870748299
2025-04-01,Mid Luxury SUV,volvo,xc90,B5 Core Bright Theme,9,56713.0
2025-04-01,Mid Luxury SUV,volvo,xc90,B5 Plus,166,62713.7891566265
2025-04-01,Mid Luxury SUV,volvo,xc90,B5 Plus 6-Seater,228,65354.06140350877
2025-04-01,Mid Luxury SUV,volvo,xc90,B5 Plus 7-Seater,449,64824.93541202672
2025-04-01,Mid Luxury SUV,volvo,xc90,B5 Plus Bright Theme,13,59809.0
2025-04-01,Mid Luxury SUV,volvo,xc90,B5 Ultra,22,68172.68181818182
2025-04-01,Mid Luxury SUV,volvo,xc90,B5 Ultra 6-Seater,24,69836.0
2025-04-01,Mid Luxury SUV,volvo,xc90,B5 Ultra 7-Seater,15,71850.26666666666
2025-04-01,Mid Luxury SUV,volvo,xc90,B6 Core,290,65201.97586206897
2025-04-01,Mid Luxury SUV,volvo,xc90,B6 Plus 6-Seater,157,68800.05095541402
2025-04-01,Mid Luxury SUV,volvo,xc90,B6 Plus 6P,190,67052.72105263158
2025-04-01,Mid Luxury SUV,volvo,xc90,B6 Plus 7-Seater,902,68353.0066518847
2025-04-01,Mid Luxury SUV,volvo,xc90,B6 Plus 7P,1026,65607.17153996101
2025-04-01,Mid Luxury SUV,volvo,xc90,B6 Plus Bright Theme 6P,15,66167.33333333333
2025-04-01,Mid Luxury SUV,volvo,xc90,B6 Plus Bright Theme 7P,64,63792.4126984127
2025-04-01,Mid Luxury SUV,volvo,xc90,B6 Ultimate Bright Theme 6P,10,74656.6
2025-04-01,Mid Luxury SUV,volvo,xc90,B6 Ultimate Bright Theme 7P,36,69643.11111111111
2025-04-01,Mid Luxury SUV,volvo,xc90,B6 Ultra,790,74701.52531645569
2025-04-01,Mid Luxury SUV,volvo,xc90,B6 Ultra 6P,98,74271.94897959183
2025-04-01,Mid Luxury SUV,volvo,xc90,B6 Ultra 7P,240,73342.35833333334
2025-04-01,Mid Luxury SUV,volvo,xc90,B6 Ultra Bright Theme 6P,2,72293.0
2025-04-01,Mid Luxury SUV,volvo,xc90,B6 Ultra Bright Theme 7P,6,73000.5
2025-04-01,Mid Luxury SUV,volvo,xc90,T8 Core,61,73629.88524590163
2025-04-01,Mid Luxury SUV,volvo,xc90,T8 Core 7-Seater,176,75213.57386363637
2025-04-01,Mid Luxury SUV,volvo,xc90,T8 Core Bright Theme,8,73685.0
2025-04-01,Mid Luxury SUV,volvo,xc90,T8 Plus 6-Seater,206,78789.77669902913
2025-04-01,Mid Luxury SUV,volvo,xc90,T8 Plus 6P,135,76755.17037037037
2025-04-01,Mid Luxury SUV,volvo,xc90,T8 Plus 7-Seater,1479,77772.22920892495
2025-04-01,Mid Luxury SUV,volvo,xc90,T8 Plus 7P,145,75014.59310344828
2025-04-01,Mid Luxury SUV,volvo,xc90,T8 Plus Bright Theme 6P,6,69857.83333333333
2025-04-01,Mid Luxury SUV,volvo,xc90,T8 Plus Bright Theme 7P,34,73369.82352941176
2025-04-01,Mid Luxury SUV,volvo,xc90,T8 Ultimate Bright Theme 6P,4,83236.25
2025-04-01,Mid Luxury SUV,volvo,xc90,T8 Ultimate Bright Theme 7P,9,81601.77777777778
2025-04-01,Mid Luxury SUV,volvo,xc90,T8 Ultra 6-Seater,238,85379.8949579832
2025-04-01,Mid Luxury SUV,volvo,xc90,T8 Ultra 6P,95,83826.14736842105
2025-04-01,Mid Luxury SUV,volvo,xc90,T8 Ultra 7-Seater,1127,81823.21206743567
2025-04-01,Mid Luxury SUV,volvo,xc90,T8 Ultra 7P,185,81093.03783783784
2025-04-01,Near Luxury Car,acura,tlx,Base,6,41645.0
2025-04-01,Near Luxury Car,acura,tlx,SH-AWD Type S,37,59705.86111111111
2025-04-01,Near Luxury Car,acura,tlx,SH-AWD w/A-SPEC,944,52098.49258474576
2025-04-01,Near Luxury Car,acura,tlx,SH-AWD w/Advance,1,52445.0
2025-04-01,Near Luxury Car,acura,tlx,w/Tech,831,47082.76052948255
2025-04-01,Near Luxury Car,alfa_romeo,giulia,Base,222,51920.48198198198
2025-04-01,Near Luxury Car,alfa_romeo,giulia,Competizione,1,49606.0
2025-04-01,Near Luxury Car,alfa_romeo,giulia,Quadrifoglio,100,84931.9693877551
2025-04-01,Near Luxury Car,alfa_romeo,giulia,Quadrifoglio Carbon,24,85822.16666666667
2025-04-01,Near Luxury Car,alfa_romeo,giulia,Special Edition AWD,18,53312.27777777778
2025-04-01,Near Luxury Car,alfa_romeo,giulia,Special Edition RWD,3,51106.666666666664
2025-04-01,Near Luxury Car,alfa_romeo,giulia,Sprint,223,48372.39910313901
2025-04-01,Near Luxury Car,alfa_romeo,giulia,Ti,74,45835.33783783784
2025-04-01,Near Luxury Car,alfa_romeo,giulia,Veloce,76,48952.77631578947
2025-04-01,Near Luxury Car,audi,a4_allroad,quattro Premium 45 TFSI,1,53519.0
2025-04-01,Near Luxury Car,audi,a4_allroad,quattro Prestige 45 TFSI,1,60035.0
2025-04-01,Near Luxury Car,audi,a4_s4,3.0T quattro Premium Plus,4,66144.5
2025-04-01,Near Luxury Car,audi,a4_s4,quattro Premium 40 TFSI,4,42799.75
2025-04-01,Near Luxury Car,audi,a4_s4,quattro Premium Plus 40 TFSI,1,45785.0
2025-04-01,Near Luxury Car,audi,a4_s4,quattro S line Prem Plus 45 TFSI,24,50582.916666666664
2025-04-01,Near Luxury Car,audi,a4_s4,quattro S line Premium 45 TFSI,26,45926.07692307692
2025-04-01,Near Luxury Car,audi,a4_s4,quattro S line Prestige 45 TFSI,1,51540.0
2025-04-01,Near Luxury Car,audi,a5,quattro Premium 40 TFSI,1,49045.0
2025-04-01,Near Luxury Car,audi,a5,quattro Premium 45 TFSI,13,58966.769230769234
2025-04-01,Near Luxury Car,audi,a5,quattro Premium Plus 45 TFSI,36,63295.72222222222
2025-04-01,Near Luxury Car,audi,a5,quattro Prestige 45 TFSI,6,64906.0
2025-04-01,Near Luxury Car,audi,a5,quattro S line Prem Plus 45 TFSI,706,55912.251317280454
2025-04-01,Near Luxury Car,audi,a5,quattro S line Premium 45 TFSI,734,50125.83923705722
2025-04-01,Near Luxury Car,audi,a5,quattro S line Prestige 45 TFSI,12,60261.083333333336
2025-04-01,Near Luxury Car,audi,a5_s5,Premium TFSI quattro Tiptronic,1,55872.0
2025-04-01,Near Luxury Car,audi,a5_s5_rs_5,2.9T quattro,62,89704.9344262295
2025-04-01,Near Luxury Car,audi,s5,3.0 TFSI quattro Progressiv,18,60425.11111111111
2025-04-01,Near Luxury Car,audi,s5,3.0T quattro Premium,31,59375.41935483871
2025-04-01,Near Luxury Car,audi,s5,3.0T quattro Premium Plus,472,67717.9358898305
2025-04-01,Near Luxury Car,audi,s5,3.0T quattro Prestige,41,72273.96731707317
2025-04-01,Near Luxury Car,bmw,3_series,330e,4,51184.75
2025-04-01,Near Luxury Car,bmw,3_series,330i,1382,51682.96309696093
2025-04-01,Near Luxury Car,bmw,3_series,330i xDrive,1313,53626.97410510282
2025-04-01,Near Luxury Car,bmw,3_series,M340i,82,65733.51219512195
2025-04-01,Near Luxury Car,bmw,3_series,M340i xDrive,172,69090.92441860466
2025-04-01,Near Luxury Car,bmw,3_series,xDrive,76,52858.09210526316
2025-04-01,Near Luxury Car,bmw,4_series,430i,594,62944.33616161617
2025-04-01,Near Luxury Car,bmw,4_series,430i Gran Coupe,240,56277.075
2025-04-01,Near Luxury Car,bmw,4_series,430i xDrive,548,64793.07927007299
2025-04-01,Near Luxury Car,bmw,4_series,430i xDrive Gran Coupe,193,57760.29533678757
2025-04-01,Near Luxury Car,bmw,4_series,M440i,240,73655.93250000001
2025-04-01,Near Luxury Car,bmw,4_series,M440i Gran Coupe,6,68923.83333333333
2025-04-01,Near Luxury Car,bmw,4_series,M440i xDrive,257,75641.31607003891
2025-04-01,Near Luxury Car,bmw,4_series,M440i xDrive Gran Coupe,4,70165.0
2025-04-01,Near Luxury Car,bmw,4_series,xDrive,33,58930.333333333336
2025-04-01,Near Luxury Car,bmw,4_series_gran_coupe,xDrive,64,71928.765625
2025-04-01,Near Luxury Car,bmw,m3,Base,19,86669.52631578948
2025-04-01,Near Luxury Car,bmw,m3,Competition,12,91698.0
2025-04-01,Near Luxury Car,bmw,m3,Competition xDrive,78,100179.46153846153
2025-04-01,Near Luxury Car,bmw,m4,Base,26,88249.88461538461
2025-04-01,Near Luxury Car,bmw,m4,CS,67,130936.07462686567
2025-04-01,Near Luxury Car,bmw,m4,Competition,324,102640.02469135802
2025-04-01,Near Luxury Car,bmw,m4,Competition xDrive,119,100499.1974789916
2025-04-01,Near Luxury Car,cadillac,ct5,Base,123,65986.22764227643
2025-04-01,Near Luxury Car,cadillac,ct5,Blackwing,149,117485.08724832215
2025-04-01,Near Luxury Car,cadillac,ct5,Luxury,1,37199.0
2025-04-01,Near Luxury Car,cadillac,ct5,Premium Luxury,1405,53409.28540925267
2025-04-01,Near Luxury Car,cadillac,ct5,Premium Luxury RWD,202,59651.455445544554
2025-04-01,Near Luxury Car,cadillac,ct5,Sport,1009,54752.688800792865
2025-04-01,Near Luxury Car,cadillac,ct5,V-Series RWD,92,66164.68478260869
2025-04-01,Near Luxury Car,genesis,g70,2.0T Prestige,4,40895.25
2025-04-01,Near Luxury Car,genesis,g70,2.5T,94,44858.48936170213
2025-04-01,Near Luxury Car,genesis,g70,2.5T Prestige,491,48401.038696537675
2025-04-01,Near Luxury Car,genesis,g70,2.5T Standard,953,45519.41657922351
2025-04-01,Near Luxury Car,genesis,g70,3.3T Sport,17,47754.117647058825
2025-04-01,Near Luxury Car,genesis,g70,3.3T Sport Advanced,1145,55287.4096069869
2025-04-01,Near Luxury Car,genesis,g70,3.3T Standard,2,49602.5
2025-04-01,Near Luxury Car,infiniti,q50,Luxe,14,44967.5
2025-04-01,Near Luxury Car,infiniti,q50,Red Sport 400,60,58298.71666666667
2025-04-01,Near Luxury Car,infiniti,q50,Sensory,32,51855.96875
2025-04-01,Near Luxury Car,lexus,es_series,Base,1167,49442.662767780654
2025-04-01,Near Luxury Car,lexus,es_series,F SPORT Design,30,51558.4
2025-04-01,Near Luxury Car,lexus,es_series,F SPORT Handling,68,54510.69117647059
2025-04-01,Near Luxury Car,lexus,es_series,Luxury,133,54697.371374045804
2025-04-01,Near Luxury Car,lexus,es_series,Ultra Luxury,173,56417.85693641619
2025-04-01,Near Luxury Car,lexus,is_series,Base,217,45393.88940092166
2025-04-01,Near Luxury Car,lexus,is_series,F SPORT,582,53487.882474226804
2025-04-01,Near Luxury Car,lexus,is_series,F SPORT Design,388,46587.776958762886
2025-04-01,Near Luxury Car,lexus,is_series,F SPORT Performance,27,71133.55555555556
2025-04-01,Near Luxury Car,lexus,is_series,F SPORT Performance Premium,4,65084.75
2025-04-01,Near Luxury Car,lexus,rc_series,Base,9,50835.444444444445
2025-04-01,Near Luxury Car,lexus,rc_series,F SPORT,89,60064.24640449438
2025-04-01,Near Luxury Car,lexus,rc_series,Track Edition,10,102694.4
2025-04-01,Near Luxury Car,mercedes_benz,c_class,AMG C 43,484,71919.62396694215
2025-04-01,Near Luxury Car,mercedes_benz,c_class,AMG C 63 S E Performance,298,99015.80536912751
2025-04-01,Near Luxury Car,mercedes_benz,c_class,C 300,2685,54223.17690875233
2025-04-01,Near Luxury Car,mercedes_benz,c_class,C 300 4MATIC,2341,56432.564957264956
2025-04-01,Near Luxury Car,volvo,s60_v60,B5 Core,84,45516.65476190476
2025-04-01,Near Luxury Car,volvo,s60_v60,B5 Core Dark Theme,98,42946.04081632653
2025-04-01,Near Luxury Car,volvo,s60_v60,B5 Plus,232,52049.39435344827
2025-04-01,Near Luxury Car,volvo,s60_v60,B5 Plus Black Edition,57,47565.36842105263
2025-04-01,Near Luxury Car,volvo,s60_v60,B5 Plus Dark Theme,162,46427.97530864197
2025-04-01,Near Luxury Car,volvo,s60_v60,B5 Ultimate,5,58528.0
2025-04-01,Near Luxury Car,volvo,s60_v60,B5 Ultimate Dark Theme,6,48606.0
2025-04-01,Near Luxury Car,volvo,s60_v60,B5 Ultra,157,58706.608280254775
2025-04-01,Near Luxury Car,volvo,s60_v60,T8 Core Dark Theme,5,53861.8
2025-04-01,Near Luxury Car,volvo,s60_v60,T8 Plus,8,58305.25
2025-04-01,Near Luxury Car,volvo,s60_v60,T8 Plus Black Edition,1,53105.0
2025-04-01,Near Luxury Car,volvo,s60_v60,T8 Plus Dark Theme,8,55608.375
2025-04-01,Near Luxury Car,volvo,s60_v60,T8 Polestar Engineered,1,72645.0
2025-04-01,Near Luxury EV SUV,audi,q4_e_tron,Premium 45 RWD,117,53891.29914529915
2025-04-01,Near Luxury EV SUV,audi,q4_e_tron,Premium 45 quattro,84,56224.75903614458
2025-04-01,Near Luxury EV SUV,audi,q4_e_tron,quattro Premium 55 TFSI,258,60695.96124031008
2025-04-01,Near Luxury EV SUV,audi,q4_e_tron,quattro Premium Plus 50 TFSI,1,63138.0
2025-04-01,Near Luxury EV SUV,audi,q4_e_tron,quattro Premium Plus 55,230,65608.04347826086
2025-04-01,Near Luxury EV SUV,audi,q4_e_tron,quattro Premium Plus 55 TFSI,419,62655.51312649165
2025-04-01,Near Luxury EV SUV,audi,q4_e_tron,quattro Prestige 55 TFSI,165,65851.10909090909
2025-04-01,Near Luxury EV SUV,cadillac,optiq,Luxury,666,56626.74024024024
2025-04-01,Near Luxury EV SUV,cadillac,optiq,Luxury 1 AWD,135,55893.18518518518
2025-04-01,Near Luxury EV SUV,cadillac,optiq,Luxury 2 AWD,37,58808.35135135135
2025-04-01,Near Luxury EV SUV,cadillac,optiq,Sport,721,57993.271844660194
2025-04-01,Near Luxury EV SUV,cadillac,optiq,Sport 1 AWD,156,57101.5641025641
2025-04-01,Near Luxury EV SUV,cadillac,optiq,Sport 2 AWD,106,59769.735849056604
2025-04-01,Near Luxury EV SUV,genesis,gv70_ev,Advanced,210,68143.94285714286
2025-04-01,Near Luxury EV SUV,genesis,gv70_ev,Base,195,70327.95384615385
2025-04-01,Near Luxury EV SUV,genesis,gv70_ev,Prestige,1,68740.0
2025-04-01,Near Luxury EV SUV,lexus,rz_series,Luxury,8,59441.142857142855
2025-04-01,Near Luxury EV SUV,lexus,rz_series,Premium,712,52696.89133426967
2025-04-01,Near Luxury EV SUV,mercedes_benz,eqb,EQB 250,103,58445.30097087379
2025-04-01,Near Luxury EV SUV,mercedes_benz,eqb,EQB 250+,406,58487.34236453202
2025-04-01,Near Luxury EV SUV,mercedes_benz,eqb,EQB 300 4MATIC,1048,62679.340974212035
2025-04-01,Near Luxury EV SUV,mercedes_benz,eqb,EQB 350 4MATIC,209,65596.84688995215
2025-04-01,Near Luxury EV SUV,porsche,macan_electric,4S,746,103113.30965147453
2025-04-01,Near Luxury SUV,acura,rdx,SH-AWD,735,46473.755102040814
2025-04-01,Near Luxury SUV,acura,rdx,SH-AWD w/A-SPEC,1647,52149.063145112326
2025-04-01,Near Luxury SUV,acura,rdx,SH-AWD w/Advance,941,54252.70638297872
2025-04-01,Near Luxury SUV,acura,rdx,SH-AWD w/Advance w/A-SPEC,1289,56269.05818463925
2025-04-01,Near Luxury SUV,acura,rdx,SH-AWD w/Platinum Elite w/A-SPEC,102,56356.549019607846
2025-04-01,Near Luxury SUV,acura,rdx,SH-AWD w/Tech,1537,49069.02992843201
2025-04-01,Near Luxury SUV,alfa_romeo,stelvio,AWD,50,54219.0
2025-04-01,Near Luxury SUV,alfa_romeo,stelvio,Base,31,54248.22580645161
2025-04-01,Near Luxury SUV,alfa_romeo,stelvio,Quadrifoglio,111,88567.07207207207
2025-04-01,Near Luxury SUV,alfa_romeo,stelvio,Quadrifoglio Carbon,5,87117.8
2025-04-01,Near Luxury SUV,alfa_romeo,stelvio,Special Edition Tributo Italiano AWD,158,57669.27848101266
2025-04-01,Near Luxury SUV,alfa_romeo,stelvio,Sprint,522,53520.93103448276
2025-04-01,Near Luxury SUV,alfa_romeo,stelvio,Ti,62,49782.032258064515
2025-04-01,Near Luxury SUV,alfa_romeo,stelvio,Veloce,49,51718.333333333336
2025-04-01,Near Luxury SUV,audi,q5_sq5,Premium,5,56151.6
2025-04-01,Near Luxury SUV,audi,q5_sq5,Premium Plus,17,59413.083333333336
2025-04-01,Near Luxury SUV,audi,q5_sq5,Premium Plus 45 TFSI S line quattro S tronic,10,59395.1
2025-04-01,Near Luxury SUV,audi,q5_sq5,Premium Plus 55 TFSI e S line quattro S tronic,2,70375.0
2025-04-01,Near Luxury SUV,audi,q5_sq5,Premium Plus TFSI quattro S tronic,6,59194.666666666664
2025-04-01,Near Luxury SUV,audi,q5_sq5,Premium TFSI quattro S tronic,1,55337.0
2025-04-01,Near Luxury SUV,audi,q5_sq5,e quattro S line Prem Pl 55 TFSI,468,65126.81974248927
2025-04-01,Near Luxury SUV,audi,q5_sq5,e quattro S line Premium 55 TFSI,77,60695.74025974026
2025-04-01,Near Luxury SUV,audi,q5_sq5,e quattro S line Prestg 55 TFSI,23,68991.69565217392
2025-04-01,Near Luxury SUV,audi,q5_sq5,quattro Premium 40 TFSI,179,47928.977401129945
2025-04-01,Near Luxury SUV,audi,q5_sq5,quattro Premium Plus 40 TFSI,59,53271.983050847455
2025-04-01,Near Luxury SUV,audi,q5_sq5,quattro Prestige 40 TFSI,1,51400.0
2025-04-01,Near Luxury SUV,audi,q5_sq5,quattro Progressiv 45 TFSI,3,57250.666666666664
2025-04-01,Near Luxury SUV,audi,q5_sq5,quattro S line Prem Plus 45 TFSI,1401,57410.89221984297
2025-04-01,Near Luxury SUV,audi,q5_sq5,quattro S line Premium 45 TFSI,847,51490.964580873675
2025-04-01,Near Luxury SUV,audi,q5_sq5,quattro S line Prestige 45 TFSI,52,62453.557692307695
2025-04-01,Near Luxury SUV,audi,q5_sq5,quattro Technik 45 TFSI,1,62443.0
2025-04-01,Near Luxury SUV,audi,sq5,3.0 TFSI quattro Progressiv,1,59087.0
2025-04-01,Near Luxury SUV,audi,sq5,3.0 TFSI quattro Technik,22,74307.86363636363
2025-04-01,Near Luxury SUV,audi,sq5,3.0T quattro Premium,6,60435.333333333336
2025-04-01,Near Luxury SUV,audi,sq5,3.0T quattro Premium Plus,915,68250.84262295082
2025-04-01,Near Luxury SUV,audi,sq5,3.0T quattro Prestige,60,73951.48333333334
2025-04-01,Near Luxury SUV,audi,sq5,Premium Plus TFSI quattro Tiptronic,4,71279.0
2025-04-01,Near Luxury SUV,audi,sq5,Prestige TFSI quattro Tiptronic,1,71124.0
2025-04-01,Near Luxury SUV,bmw,x3,30 xDrive,4305,57081.67502903601
2025-04-01,Near Luxury SUV,bmw,x3,M40i,3,68968.33333333333
2025-04-01,Near Luxury SUV,bmw,x3,M50 xDrive,569,71928.55887521968
2025-04-01,Near Luxury SUV,bmw,x3,sDrive30i,114,52653.84210526316
2025-04-01,Near Luxury SUV,bmw,x3,xDrive30i,116,54432.793103448275
2025-04-01,Near Luxury SUV,bmw,x4,Base,52,92081.01923076923
2025-04-01,Near Luxury SUV,bmw,x4,M40i,48,74609.02083333333
2025-04-01,Near Luxury SUV,bmw,x4,xDrive30i,189,63021.63492063492
2025-04-01,Near Luxury SUV,cadillac,xt4,Luxury,51,42413.58823529412
2025-04-01,Near Luxury SUV,cadillac,xt4,Premium Luxury,2856,46122.35294117647
2025-04-01,Near Luxury SUV,cadillac,xt4,Sport,1467,49001.654396728016
2025-04-01,Near Luxury SUV,genesis,gv70,2.5T,191,51011.01570680628
2025-04-01,Near Luxury SUV,genesis,gv70,2.5T Advanced,317,57816.62460567823
2025-04-01,Near Luxury SUV,genesis,gv70,2.5T Advanced Plus,24,53195.916666666664
2025-04-01,Near Luxury SUV,genesis,gv70,2.5T Prestige,56,58487.66071428572
2025-04-01,Near Luxury SUV,genesis,gv70,2.5T Select,298,53384.9932885906
2025-04-01,Near Luxury SUV,genesis,gv70,2.5T Sport Prestige,184,61265.30434782609
2025-04-01,Near Luxury SUV,genesis,gv70,2.5T Standard,735,52608.83129251701
2025-04-01,Near Luxury SUV,genesis,gv70,3.5T Sport,1233,64020.323600973235
2025-04-01,Near Luxury SUV,genesis,gv70,3.5T Sport Advanced,62,65783.48387096774
2025-04-01,Near Luxury SUV,genesis,gv70,3.5T Sport Prestige,464,72588.93534482758
2025-04-01,Near Luxury SUV,infiniti,qx50,Autograph,9,57034.444444444445
2025-04-01,Near Luxury SUV,infiniti,qx50,Luxe,1333,48424.10352588147
2025-04-01,Near Luxury SUV,infiniti,qx50,Pure,188,43413.60106382979
2025-04-01,Near Luxury SUV,infiniti,qx50,Sensory,7,52661.71428571428
2025-04-01,Near Luxury SUV,infiniti,qx50,Sport,1005,53070.28258706468
2025-04-01,Near Luxury SUV,infiniti,qx55,Essential,327,56617.672782874615
2025-04-01,Near Luxury SUV,infiniti,qx55,Luxe,709,51720.38928067701
2025-04-01,Near Luxury SUV,infiniti,qx55,Sensory,149,60351.711409395975
2025-04-01,Near Luxury SUV,jaguar,e_pace,P250 R-Dynamic SE,249,54045.23694779116
2025-04-01,Near Luxury SUV,land_rover,discovery_sport,P250 Dynamic SE,364,58744.78021978022
2025-04-01,Near Luxury SUV,land_rover,discovery_sport,P250 S,892,53863.043721973096
2025-04-01,Near Luxury SUV,land_rover,discovery_sport,P250 S R-Dynamic,1,56770.0
2025-04-01,Near Luxury SUV,land_rover,discovery_sport,P250 SE,5,51347.0
2025-04-01,Near Luxury SUV,land_rover,discovery_sport,P250 SE R-Dynamic,8,54510.5
2025-04-01,Near Luxury SUV,land_rover,range_rover_evoque,P250 Dynamic SE,509,61843.5815324165
2025-04-01,Near Luxury SUV,land_rover,range_rover_evoque,P250 R-Dynamic SE,2,60695.0
2025-04-01,Near Luxury SUV,land_rover,range_rover_evoque,P250 S,931,56371.581095596135
2025-04-01,Near Luxury SUV,land_rover,range_rover_evoque,P250 SE,1,41166.0
2025-04-01,Near Luxury SUV,lexus,nx_series,Base,713,54181.003436185136
2025-04-01,Near Luxury SUV,lexus,nx_series,F SPORT Handling,117,63072.500427350424
2025-04-01,Near Luxury SUV,lexus,nx_series,Luxury,219,58478.88858447489
2025-04-01,Near Luxury SUV,lexus,nx_series,Premium,1158,50691.05559585492
2025-04-01,Near Luxury SUV,maserati,grecale,Folgore,46,115670.30434782608
2025-04-01,Near Luxury SUV,maserati,grecale,GT,234,72989.28205128205
2025-04-01,Near Luxury SUV,maserati,grecale,Modena,301,83736.77333333333
2025-04-01,Near Luxury SUV,maserati,grecale,Trofeo,43,108278.09302325582
2025-04-01,Near Luxury SUV,mercedes_benz,benz_amg_glc,4MATIC,524,100646.15175572518
2025-04-01,Near Luxury SUV,mercedes_benz,glb,AMG GLB 35,363,64846.39944903581
2025-04-01,Near Luxury SUV,mercedes_benz,glb,GLB 250,1324,49741.69033232628
2025-04-01,Near Luxury SUV,mercedes_benz,glb,GLB 250 4MATIC,1015,51836.1842364532
2025-04-01,Near Luxury SUV,mercedes_benz,glc_class,4MATIC,2163,67031.53259361997
2025-04-01,Near Luxury SUV,mercedes_benz,glc_class,4MATIC SUV,914,58103.83186813187
2025-04-01,Near Luxury SUV,mercedes_benz,glc_class,AMG GLC 43,1548,77549.3708010336
2025-04-01,Near Luxury SUV,mercedes_benz,glc_class,GLC 300,2318,55181.885677308026
2025-04-01,Near Luxury SUV,mercedes_benz,glc_class,GLC 300 4MATIC,4350,60459.39029438823
2025-04-01,Near Luxury SUV,mercedes_benz,glc_class,GLC 350e 4MATIC,866,67569.24971098267
2025-04-01,Near Luxury SUV,porsche,macan,4 Electric,634,97710.84069400631
2025-04-01,Near Luxury SUV,porsche,macan,Base,2134,76867.64432989691
2025-04-01,Near Luxury SUV,porsche,macan,Electric,557,90019.40754039497
2025-04-01,Near Luxury SUV,porsche,macan,GTS,33,107548.12121212122
2025-04-01,Near Luxury SUV,porsche,macan,S,220,93104.54545454546
2025-04-01,Near Luxury SUV,porsche,macan,T,241,80268.12083333333
2025-04-01,Near Luxury SUV,porsche,macan,Turbo Electric,216,128114.5925925926
2025-04-01,Near Luxury SUV,volvo,xc60,B5 Core,1494,49620.454484605085
2025-04-01,Near Luxury SUV,volvo,xc60,B5 Core Dark Theme,14,46850.75
2025-04-01,Near Luxury SUV,volvo,xc60,B5 Plus,2358,54507.92748091603
2025-04-01,Near Luxury SUV,volvo,xc60,B5 Plus Dark Theme,78,52363.14102564102
2025-04-01,Near Luxury SUV,volvo,xc60,B5 Ultimate Bright Theme,4,63620.0
2025-04-01,Near Luxury SUV,volvo,xc60,B5 Ultimate Dark Theme,2,54950.0
2025-04-01,Near Luxury SUV,volvo,xc60,B5 Ultra,937,60255.942369263605
2025-04-01,Near Luxury SUV,volvo,xc60,B5 Ultra Black Edition,21,62498.333333333336
2025-04-01,Near Luxury SUV,volvo,xc60,B6 Ultimate Bright Theme,2,65375.0
2025-04-01,Near Luxury SUV,volvo,xc60,T8 Core,346,60780.239884393064
2025-04-01,Near Luxury SUV,volvo,xc60,T8 Plus,1933,65747.06518365235
2025-04-01,Near Luxury SUV,volvo,xc60,T8 Polestar Engineered,20,77121.55
2025-04-01,Near Luxury SUV,volvo,xc60,T8 Ultra,824,71333.00606796116
2025-04-01,Near Luxury SUV,volvo,xc60,T8 Ultra Black Edition,21,73229.76190476191
2025-04-01,Near Luxury SUV,volvo,xc60,T8 Ultra Dark Theme,1,78724.0
2025-04-01,Near Luxury SUV,volvo,xc60_recharge,T8 Core Dark Theme,9,56506.77777777778
2025-04-01,Near Luxury SUV,volvo,xc60_recharge,T8 Plus Dark Theme,79,62426.6582278481
2025-04-01,Near Luxury SUV,volvo,xc60_recharge,T8 Polestar Engineered,7,75126.57142857143
2025-04-01,Near Luxury SUV,volvo,xc60_recharge,T8 Ultimate Black Edition,7,69756.85714285714
2025-04-01,Near Luxury SUV,volvo,xc60_recharge,T8 Ultimate Bright Theme,1,70440.0
2025-04-01,Near Luxury SUV,volvo,xc60_recharge,T8 Ultimate Dark Theme,19,71272.68421052632
2025-04-01,Premium Luxury Car,audi,a8_s8,4.0T quattro,189,135539.78306878306
2025-04-01,Premium Luxury Car,audi,a8_s8,quattro 55 TFSI,311,97924.95498392283
2025-04-01,Premium Luxury Car,bentley,flying_spur,Azure Hybrid,1,279691.0
2025-04-01,Premium Luxury Car,bentley,flying_spur,Edition 8,2,290272.5
2025-04-01,Premium Luxury Car,bentley,flying_spur,Hybrid,2,276282.5
2025-04-01,Premium Luxury Car,bentley,flying_spur,Mulliner V8,2,277219.0
2025-04-01,Premium Luxury Car,bentley,flying_spur,S Hybrid,2,336197.5
2025-04-01,Premium Luxury Car,bentley,flying_spur,S V8,5,284509.4
2025-04-01,Premium Luxury Car,bentley,flying_spur,Speed,22,350415.36363636365
2025-04-01,Premium Luxury Car,bentley,flying_spur,Speed First Edition,43,338555.3023255814
2025-04-01,Premium Luxury Car,bentley,flying_spur,V8,6,258811.0
2025-04-01,Premium Luxury Car,bmw,7_series,740i,229,105817.00436681222
2025-04-01,Premium Luxury Car,bmw,7_series,740i xDrive,283,107095.32508833922
2025-04-01,Premium Luxury Car,bmw,7_series,750e xDrive,179,118617.6312849162
2025-04-01,Premium Luxury Car,bmw,7_series,760i xDrive,519,134526.45086705202
2025-04-01,Premium Luxury Car,genesis,g90,3.5T,24,89930.5
2025-04-01,Premium Luxury Car,genesis,g90,3.5T e-Supercharger,419,99810.51551312649
2025-04-01,Premium Luxury Car,lexus,ls_series,Base,50,93236.2334
2025-04-01,Premium Luxury Car,lexus,ls_series,F SPORT,5,92237.6
2025-04-01,Premium Luxury Car,maserati,quattroporte,GT,2,92482.5
2025-04-01,Premium Luxury Car,maserati,quattroporte,Modena,1,97310.0
2025-04-01,Premium Luxury Car,maserati,quattroporte,Modena Q4,12,130454.25
2025-04-01,Premium Luxury Car,maserati,quattroporte,Modena Ultima Q4,16,132329.4375
2025-04-01,Premium Luxury Car,mercedes_benz,s_class,AMG S 63 E Performance,453,206782.3752759382
2025-04-01,Premium Luxury Car,mercedes_benz,s_class,Mercedes-Maybach S 580 4MATIC,87,226199.19540229885
2025-04-01,Premium Luxury Car,mercedes_benz,s_class,Mercedes-Maybach S 680 4MATIC,66,285489.1818181818
2025-04-01,Premium Luxury Car,mercedes_benz,s_class,S 500 4MATIC,100,126472.11
2025-04-01,Premium Luxury Car,mercedes_benz,s_class,S 580 4MATIC,1009,141938.00496031746
2025-04-01,Premium Luxury Car,mercedes_benz,s_class,S 580e 4MATIC,198,139003.97474747474
2025-04-01,Premium Luxury Car,porsche,panamera,4,680,130761.95294117647
2025-04-01,Premium Luxury Car,porsche,panamera,4 E-Hybrid,69,139303.39130434784
2025-04-01,Premium Luxury Car,porsche,panamera,4 Platinum Edition,2,120045.0
2025-04-01,Premium Luxury Car,porsche,panamera,4S,32,154505.71875
2025-04-01,Premium Luxury Car,porsche,panamera,4S Sport Turismo,1,149750.0
2025-04-01,Premium Luxury Car,porsche,panamera,Base,71,124974.04225352113
2025-04-01,Premium Luxury Car,porsche,panamera,GTS,5,174102.2
2025-04-01,Premium Luxury Car,porsche,panamera,Turbo,11,224165.0909090909
2025-04-01,Premium Luxury Car,porsche,panamera,Turbo S,1,248796.0
2025-04-01,Premium Luxury Car,rolls_royce,ghost,Base,11,451396.6666666667
2025-04-01,Premium Luxury Car,rolls_royce,ghost,Black Badge,1,485596.0
2025-04-01,Premium Luxury Car,rolls_royce,phantom,Base,1,623950.0
2025-05-01,Entry Luxury EV SUV,genesis,gv60,Advanced,77,62469.72727272727
2025-05-01,Entry Luxury EV SUV,genesis,gv60,Performance,108,70226.33333333333
2025-05-01,Entry Luxury EV SUV,genesis,gv60,Standard,246,56491.84146341463
2025-05-01,Entry Luxury EV SUV,volvo,c40_recharge,Core,6,50989.666666666664
2025-05-01,Entry Luxury EV SUV,volvo,c40_recharge,Plus,6,54998.0
2025-05-01,Entry Luxury EV SUV,volvo,c40_recharge,Twin Core,12,52683.25
2025-05-01,Entry Luxury EV SUV,volvo,c40_recharge,Twin Plus,28,54609.607142857145
2025-05-01,Entry Luxury EV SUV,volvo,c40_recharge,Twin Ultimate,3,53318.0
2025-05-01,Entry Luxury EV SUV,volvo,c40_recharge,Ultimate,1,53090.0
2025-05-01,Entry Luxury EV SUV,volvo,ex30,Twin Motor Plus,475,47040.96842105263
2025-05-01,Entry Luxury EV SUV,volvo,ex30,Twin Motor Ultra,415,48777.48915662651
2025-05-01,Entry Luxury EV SUV,volvo,ex40,Plus,4,59502.0
2025-05-01,Entry Luxury EV SUV,volvo,ex40,Single Motor Extended Range Core,54,54780.37037037037
2025-05-01,Entry Luxury EV SUV,volvo,ex40,Single Motor Extended Range Plus,27,59604.07407407407
2025-05-01,Entry Luxury EV SUV,volvo,ex40,Twin Motor Core,93,56822.086021505376
2025-05-01,Entry Luxury EV SUV,volvo,ex40,Twin Motor Plus,53,61142.77358490566
2025-05-01,Entry Luxury EV SUV,volvo,ex40,Twin Motor Ultra,13,62771.230769230766
2025-05-01,Mid Luxury Car,audi,a6_s6,2.9T quattro Premium,7,80465.0
2025-05-01,Mid Luxury Car,audi,a6_s6,2.9T quattro Premium Plus,70,85449.1
2025-05-01,Mid Luxury Car,audi,a6_s6,2.9T quattro Prestige,28,91391.92857142857
2025-05-01,Mid Luxury Car,audi,a6_s6,4.0T quattro Avant performance,287,147666.73758865247
2025-05-01,Mid Luxury Car,audi,a6_s6,Prestige TFSI quattro Tiptronic,28,94705.25
2025-05-01,Mid Luxury Car,audi,a6_s6,performance TFSI quattro Tiptronic,14,206753.0
2025-05-01,Mid Luxury Car,audi,a6_s6,quattro Premium 45 TFSI,120,60734.833333333336
2025-05-01,Mid Luxury Car,audi,a6_s6,quattro Premium 55 TFSI,86,66656.54651162791
2025-05-01,Mid Luxury Car,audi,a6_s6,quattro Premium Plus 45 TFSI,239,65128.3179916318
2025-05-01,Mid Luxury Car,audi,a6_s6,quattro Premium Plus 55 TFSI,310,70601.51498381878
2025-05-01,Mid Luxury Car,audi,a6_s6,quattro Prestige 55 TFSI,216,78635.79144859813
2025-05-01,Mid Luxury Car,audi,a7_s7,2.9T quattro Premium,1,87590.0
2025-05-01,Mid Luxury Car,audi,a7_s7,2.9T quattro Premium Plus,41,95047.29268292683
2025-05-01,Mid Luxury Car,audi,a7_s7,2.9T quattro Prestige,64,104773.625
2025-05-01,Mid Luxury Car,audi,a7_s7,quattro Premium 55 TFSI,18,76571.5
2025-05-01,Mid Luxury Car,audi,a7_s7,quattro Premium Plus 55 TFSI,111,81269.83783783784
2025-05-01,Mid Luxury Car,audi,a7_s7,quattro Prestige 55 TFSI,103,87854.79611650485
2025-05-01,Mid Luxury Car,audi,a7_s7,quattro Progressiv 55 TFSI,3,77908.66666666667
2025-05-01,Mid Luxury Car,audi,a7_s7_rs_7,4.0T quattro performance,153,147144.0794701987
2025-05-01,Mid Luxury Car,bmw,5_series,530i,727,65849.25584594223
2025-05-01,Mid Luxury Car,bmw,5_series,530i xDrive,713,67363.5463483146
2025-05-01,Mid Luxury Car,bmw,5_series,540i xDrive,94,76841.46808510639
2025-05-01,Mid Luxury Car,bmw,5_series,550e xDrive,155,83794.13548387097
2025-05-01,Mid Luxury Car,bmw,5_series,xDrive,15,67101.4
2025-05-01,Mid Luxury Car,bmw,m5,Base,289,131061.21107266436
2025-05-01,Mid Luxury Car,bmw,m5,Base (A8),3,129934.0
2025-05-01,Mid Luxury Car,genesis,g80,2.5T,487,65097.570841889115
2025-05-01,Mid Luxury Car,genesis,g80,2.5T Advanced,146,63884.92465753425
2025-05-01,Mid Luxury Car,genesis,g80,3.5T Sport,431,76722.11136890951
2025-05-01,Mid Luxury Car,genesis,g80,3.5T Sport Advanced,118,71574.68644067796
2025-05-01,Mid Luxury Car,genesis,g80,Advanced,52,69610.26923076923
2025-05-01,Mid Luxury Car,genesis,g80,Base,3,66771.66666666667
2025-05-01,Mid Luxury Car,jaguar,xf,P250 R-Dynamic SE,23,53671.34782608696
2025-05-01,Mid Luxury Car,jaguar,xf,P300 R-Dynamic SE,182,57466.591160220996
2025-05-01,Mid Luxury Car,maserati,ghibli,334 Ultima,4,157444.0
2025-05-01,Mid Luxury Car,maserati,ghibli,Modena,1,82472.0
2025-05-01,Mid Luxury Car,maserati,ghibli,Modena Q4,61,103249.6393442623
2025-05-01,Mid Luxury Car,maserati,ghibli,Modena Ultima Q4,65,102651.07692307692
2025-05-01,Mid Luxury Car,maserati,ghibli,Trofeo,1,130000.0
2025-05-01,Mid Luxury Car,mercedes_benz,cle,AMG CLE 53,4,86783.0
2025-05-01,Mid Luxury Car,mercedes_benz,cle,CLE 300 4MATIC,1471,68464.39598912303
2025-05-01,Mid Luxury Car,mercedes_benz,cle,CLE 450 4MATIC,214,76701.46107476635
2025-05-01,Mid Luxury Car,mercedes_benz,cls,CLS 450 4MATIC,4,84592.0
2025-05-01,Mid Luxury Car,mercedes_benz,e_class,E 350,1156,70488.42474048444
2025-05-01,Mid Luxury Car,mercedes_benz,e_class,E 350 4MATIC,1031,73559.88824101069
2025-05-01,Mid Luxury Car,mercedes_benz,e_class,E 450 4MATIC,342,81220.15249266863
2025-05-01,Mid Luxury Car,mercedes_benz,e_class,E 450 4MATIC All-Terrain,492,85195.56415478615
2025-05-01,Mid Luxury Car,volvo,s90,B6 Plus,127,60549.44094488189
2025-05-01,Mid Luxury Car,volvo,s90,B6 Ultimate,14,61717.92857142857
2025-05-01,Mid Luxury Car,volvo,s90,B6 Ultra,103,66641.4854368932
2025-05-01,Mid Luxury Car,volvo,s90,T8 Plus,6,66190.83333333333
2025-05-01,Mid Luxury Car,volvo,s90,T8 Ultimate,43,68309.53488372093
2025-05-01,Mid Luxury Car,volvo,s90,T8 Ultra,29,73219.4827586207
2025-05-01,Mid Luxury Car,volvo,v90,B6 Plus,54,63752.72222222222
2025-05-01,Mid Luxury Car,volvo,v90,B6 Ultimate,2,61310.0
2025-05-01,Mid Luxury Car,volvo,v90,B6 Ultra,103,69588.49514563107
2025-05-01,Mid Luxury SUV,acura,mdx,Base,237,52982.47257383966
2025-05-01,Mid Luxury SUV,acura,mdx,SH-AWD,815,55200.904294478525
2025-05-01,Mid Luxury SUV,acura,mdx,SH-AWD Type S w/Advance Package,454,76956.2422907489
2025-05-01,Mid Luxury SUV,acura,mdx,SH-AWD Type S w/Ultra Package,39,69148.0
2025-05-01,Mid Luxury SUV,acura,mdx,SH-AWD w/A-SPEC,1255,63521.670119521914
2025-05-01,Mid Luxury SUV,acura,mdx,SH-AWD w/Advance,844,68052.94786729857
2025-05-01,Mid Luxury SUV,acura,mdx,SH-AWD w/Platinum Elite w/A-Spec,627,69899.93779904307
2025-05-01,Mid Luxury SUV,acura,mdx,SH-AWD w/Tech,1948,60558.40862422998
2025-05-01,Mid Luxury SUV,acura,mdx,w/A-Spec Advance Package,34,70772.88235294117
2025-05-01,Mid Luxury SUV,acura,mdx,w/A-Spec Package,39,64334.68421052631
2025-05-01,Mid Luxury SUV,acura,mdx,w/Tech,1057,58304.54115421003
2025-05-01,Mid Luxury SUV,acura,mdx,w/Technology Package,6,59062.5
2025-05-01,Mid Luxury SUV,audi,q7,quattro Premium 45 TFSI,133,64779.00751879699
2025-05-01,Mid Luxury SUV,audi,q7,quattro Premium 55 TFSI,140,67745.32142857143
2025-05-01,Mid Luxury SUV,audi,q7,quattro Premium Plus 45 TFSI,137,69800.26277372263
2025-05-01,Mid Luxury SUV,audi,q7,quattro Premium Plus 55 TFSI,1971,74600.85424073134
2025-05-01,Mid Luxury SUV,audi,q7,quattro Prestige 55 TFSI,697,82643.48923959828
2025-05-01,Mid Luxury SUV,audi,q7_sq7,4.0T quattro Premium Plus,90,97706.46666666666
2025-05-01,Mid Luxury SUV,audi,q7_sq7,4.0T quattro Prestige,74,110254.18055555556
2025-05-01,Mid Luxury SUV,bmw,x5,Base,1,115470.0
2025-05-01,Mid Luxury SUV,bmw,x5,Competition,136,139714.11029411765
2025-05-01,Mid Luxury SUV,bmw,x5,M60i,266,101157.57518796992
2025-05-01,Mid Luxury SUV,bmw,x5,sDrive40i,424,75593.27830188679
2025-05-01,Mid Luxury SUV,bmw,x5,xDrive40i,1067,79158.06185567011
2025-05-01,Mid Luxury SUV,bmw,x5,xDrive50e,1184,82996.19172297297
2025-05-01,Mid Luxury SUV,bmw,x5_xdrive45e,Competition,100,143539.31
2025-05-01,Mid Luxury SUV,bmw,x6,M60i,73,109274.45205479451
2025-05-01,Mid Luxury SUV,bmw,x6,xDrive40i,104,85152.20192307692
2025-05-01,Mid Luxury SUV,cadillac,xt5,Luxury,826,45182.03389830508
2025-05-01,Mid Luxury SUV,cadillac,xt5,Premium Luxury,3927,54732.171886936594
2025-05-01,Mid Luxury SUV,cadillac,xt5,Sport,684,61491.27631578947
2025-05-01,Mid Luxury SUV,cadillac,xt6,Luxury,1117,49170.948075201435
2025-05-01,Mid Luxury SUV,cadillac,xt6,Premium Luxury,2483,59634.149416028995
2025-05-01,Mid Luxury SUV,cadillac,xt6,Sport,773,65787.18369987063
2025-05-01,Mid Luxury SUV,genesis,gv80,2.5T,99,61894.48484848485
2025-05-01,Mid Luxury SUV,genesis,gv80,2.5T Advanced,593,68556.52613827994
2025-05-01,Mid Luxury SUV,genesis,gv80,2.5T Prestige,543,73314.71086556169
2025-05-01,Mid Luxury SUV,genesis,gv80,2.5T Select,417,64611.66426858513
2025-05-01,Mid Luxury SUV,genesis,gv80,2.5T Standard,413,60709.941888619855
2025-05-01,Mid Luxury SUV,genesis,gv80,3.5T,133,73563.07518796992
2025-05-01,Mid Luxury SUV,genesis,gv80,3.5T Advanced,475,76270.63578947369
2025-05-01,Mid Luxury SUV,genesis,gv80,3.5T Prestige,1,65520.0
2025-05-01,Mid Luxury SUV,genesis,gv80,3.5T Prestige Signature,2523,82307.72572334523
2025-05-01,Mid Luxury SUV,genesis,gv80_coupe,3.5T E-SC,308,88172.51298701299
2025-05-01,Mid Luxury SUV,genesis,gv80_coupe,3.5T V6 AWD,82,82173.4512195122
2025-05-01,Mid Luxury SUV,genesis,gv80_coupe,3.5T e-SC,304,88299.63157894737
2025-05-01,Mid Luxury SUV,ineos,grenadier,1924 Limited Edition,82,93585.14634146342
2025-05-01,Mid Luxury SUV,ineos,grenadier,Base,508,84935.36220472441
2025-05-01,Mid Luxury SUV,ineos,grenadier,Fieldmaster,231,86963.52380952382
2025-05-01,Mid Luxury SUV,ineos,grenadier,Trialmaster,131,86568.30534351146
2025-05-01,Mid Luxury SUV,infiniti,qx60,Autograph,1621,68220.13448488587
2025-05-01,Mid Luxury SUV,infiniti,qx60,Luxe,3399,59831.78670197117
2025-05-01,Mid Luxury SUV,infiniti,qx60,Pure,932,52303.7017167382
2025-05-01,Mid Luxury SUV,infiniti,qx60,Sensory,657,63884.23439878234
2025-05-01,Mid Luxury SUV,jaguar,f_pace,P250 R-Dynamic S,1888,65203.780190677964
2025-05-01,Mid Luxury SUV,jaguar,f_pace,P400 R-Dynamic S,594,76620.59021922428
2025-05-01,Mid Luxury SUV,jaguar,f_pace,SVR,1,97073.0
2025-05-01,Mid Luxury SUV,jaguar,f_pace,SVR 575 EDITION,56,101512.83636363636
2025-05-01,Mid Luxury SUV,land_rover,defender,110 P300 S,1059,73143.60623229462
2025-05-01,Mid Luxury SUV,land_rover,defender,110 P400 S,722,79691.53739612189
2025-05-01,Mid Luxury SUV,land_rover,defender,110 P400 X,166,100466.0843373494
2025-05-01,Mid Luxury SUV,land_rover,defender,110 P400 X-Dynamic SE,971,86220.28733264675
2025-05-01,Mid Luxury SUV,land_rover,defender,110 P500 X-Dynamic SE,261,107207.04980842912
2025-05-01,Mid Luxury SUV,land_rover,defender,110 S,1,88435.0
2025-05-01,Mid Luxury SUV,land_rover,defender,110 V8,1,115140.0
2025-05-01,Mid Luxury SUV,land_rover,defender,110 V8 P500 SE,96,101791.88541666667
2025-05-01,Mid Luxury SUV,land_rover,defender,110 V8 P525,233,120177.43347639484
2025-05-01,Mid Luxury SUV,land_rover,defender,110 V8 P525 Carpathian Edition,2,123148.0
2025-05-01,Mid Luxury SUV,land_rover,defender,110 X,1,101415.0
2025-05-01,Mid Luxury SUV,land_rover,defender,130 P300 S,172,81484.01162790698
2025-05-01,Mid Luxury SUV,land_rover,defender,130 P400 Outbound,39,93599.02564102564
2025-05-01,Mid Luxury SUV,land_rover,defender,130 P400 S,155,88624.10967741936
2025-05-01,Mid Luxury SUV,land_rover,defender,130 P400 X,43,107549.6046511628
2025-05-01,Mid Luxury SUV,land_rover,defender,130 P400 X-Dynamic SE,450,95267.76222222223
2025-05-01,Mid Luxury SUV,land_rover,defender,130 P500 V8,128,126780.453125
2025-05-01,Mid Luxury SUV,land_rover,defender,130 SE,8,108829.75
2025-05-01,Mid Luxury SUV,land_rover,defender,130 V8 P500,17,119038.05882352941
2025-05-01,Mid Luxury SUV,land_rover,defender,90 75th Anniversary Edition,1,98676.0
2025-05-01,Mid Luxury SUV,land_rover,defender,90 P300 S,215,66922.37674418604
2025-05-01,Mid Luxury SUV,land_rover,defender,90 P400 X-Dynamic SE,207,79653.05314009661
2025-05-01,Mid Luxury SUV,land_rover,defender,90 SE,1,60322.0
2025-05-01,Mid Luxury SUV,land_rover,defender,90 V8,30,111071.13333333333
2025-05-01,Mid Luxury SUV,land_rover,defender,90 V8 Carpathian Edition,16,116785.1875
2025-05-01,Mid Luxury SUV,land_rover,defender,90 X-Dynamic SE,1,70465.0
2025-05-01,Mid Luxury SUV,land_rover,defender,P400 Sedona Red Edition,52,86785.84615384616
2025-05-01,Mid Luxury SUV,land_rover,defender,P635 OCTA,34,163112.36363636365
2025-05-01,Mid Luxury SUV,land_rover,defender,P635 OCTA Edition One,16,171498.625
2025-05-01,Mid Luxury SUV,land_rover,discovery,P300 Dynamic SE,251,73285.390438247
2025-05-01,Mid Luxury SUV,land_rover,discovery,P300 S,315,67272.95555555556
2025-05-01,Mid Luxury SUV,land_rover,discovery,P360 Dynamic SE,620,79587.91935483871
2025-05-01,Mid Luxury SUV,land_rover,discovery,P360 HSE R-Dynamic,1,75497.0
2025-05-01,Mid Luxury SUV,land_rover,discovery,P360 Metropolitan,136,86697.08823529411
2025-05-01,Mid Luxury SUV,land_rover,discovery,P360 Metropolitan Edition,2,80082.0
2025-05-01,Mid Luxury SUV,land_rover,range_rover_velar,Autobiography,33,87898.36363636363
2025-05-01,Mid Luxury SUV,land_rover,range_rover_velar,Dynamic SE,865,73852.3479768786
2025-05-01,Mid Luxury SUV,land_rover,range_rover_velar,P250 Dynamic SE,586,72930.52901023891
2025-05-01,Mid Luxury SUV,land_rover,range_rover_velar,P250 S,343,68185.57142857143
2025-05-01,Mid Luxury SUV,land_rover,range_rover_velar,P340 R-Dynamic S,2,78020.0
2025-05-01,Mid Luxury SUV,land_rover,range_rover_velar,P400 Autobiography,5,86995.2
2025-05-01,Mid Luxury SUV,land_rover,range_rover_velar,P400 Dynamic HSE,47,87317.74468085106
2025-05-01,Mid Luxury SUV,land_rover,range_rover_velar,P400 Dynamic SE,197,79754.0812182741
2025-05-01,Mid Luxury SUV,land_rover,range_rover_velar,S,389,67977.58097686376
2025-05-01,Mid Luxury SUV,lexus,gx_series,Luxury,2,83686.0
2025-05-01,Mid Luxury SUV,lexus,gx_series,Luxury+,243,85682.78189300411
2025-05-01,Mid Luxury SUV,lexus,gx_series,Overtrail,34,78555.44117647059
2025-05-01,Mid Luxury SUV,lexus,gx_series,Overtrail+,60,82771.46666666666
2025-05-01,Mid Luxury SUV,lexus,gx_series,Premium,3,68988.33333333333
2025-05-01,Mid Luxury SUV,lexus,gx_series,Premium+,190,73633.62631578947
2025-05-01,Mid Luxury SUV,lexus,rx_series,Base,3,52182.0
2025-05-01,Mid Luxury SUV,lexus,rx_series,F SPORT Design,86,61052.04988372093
2025-05-01,Mid Luxury SUV,lexus,rx_series,F SPORT Handling,17,65498.17647058824
2025-05-01,Mid Luxury SUV,lexus,rx_series,F SPORT Performance,18,77152.66666666667
2025-05-01,Mid Luxury SUV,lexus,rx_series,Luxury,370,73682.70856756755
2025-05-01,Mid Luxury SUV,lexus,rx_series,Premium,1242,57753.306215781005
2025-05-01,Mid Luxury SUV,lexus,rx_series,Premium+,441,61862.29464852608
2025-05-01,Mid Luxury SUV,lexus,tx,Base,126,62550.24603174603
2025-05-01,Mid Luxury SUV,lexus,tx,F SPORT Handling,187,68397.01604278074
2025-05-01,Mid Luxury SUV,lexus,tx,F SPORT Performance Luxury,24,77446.5
2025-05-01,Mid Luxury SUV,lexus,tx,F SPORT Performance Premium,161,74262.44099378883
2025-05-01,Mid Luxury SUV,lexus,tx,F SPORT Premium,5,75662.6
2025-05-01,Mid Luxury SUV,lexus,tx,Luxury,492,72285.34449186991
2025-05-01,Mid Luxury SUV,lexus,tx,Premium,1803,64390.600110926236
2025-05-01,Mid Luxury SUV,lincoln,aviator,Black Label,807,84286.02354399009
2025-05-01,Mid Luxury SUV,lincoln,aviator,Black Label Grand Touring,1,83212.0
2025-05-01,Mid Luxury SUV,lincoln,aviator,Grand Touring,5,74597.8
2025-05-01,Mid Luxury SUV,lincoln,aviator,Livery,13,59829.92307692308
2025-05-01,Mid Luxury SUV,lincoln,aviator,Premiere,1649,61211.442692540935
2025-05-01,Mid Luxury SUV,lincoln,aviator,Reserve,4302,71266.41445839145
2025-05-01,Mid Luxury SUV,lincoln,nautilus,Black Label,1002,73683.72754491017
2025-05-01,Mid Luxury SUV,lincoln,nautilus,Premiere,4223,55334.829464708666
2025-05-01,Mid Luxury SUV,lincoln,nautilus,Reserve,5038,62185.24672489083
2025-05-01,Mid Luxury SUV,lincoln,nautilus,Standard,1,50970.0
2025-05-01,Mid Luxury SUV,mercedes_benz,benz_amg_gle,4MATIC+,34,101894.9705882353
2025-05-01,Mid Luxury SUV,mercedes_benz,gle_class,4MATIC,2451,81254.57202774378
2025-05-01,Mid Luxury SUV,mercedes_benz,gle_class,AMG GLE 53,3044,100220.30026281209
2025-05-01,Mid Luxury SUV,mercedes_benz,gle_class,AMG GLE 63 S,802,141021.4089775561
2025-05-01,Mid Luxury SUV,mercedes_benz,gle_class,GLE 350 4MATIC,2587,72995.75840742173
2025-05-01,Mid Luxury SUV,mercedes_benz,gle_class,GLE 450 4MATIC,1439,83267.32175121612
2025-05-01,Mid Luxury SUV,mercedes_benz,gle_class,GLE 450e 4MATIC,604,81679.71096345515
2025-05-01,Mid Luxury SUV,mercedes_benz,gle_class,GLE 580 4MATIC,343,99802.08746355685
2025-05-01,Mid Luxury SUV,volvo,xc90,B5 Core,817,60740.653610771114
2025-05-01,Mid Luxury SUV,volvo,xc90,B5 Core Bright Theme,7,57101.857142857145
2025-05-01,Mid Luxury SUV,volvo,xc90,B5 Plus,128,62842.296875
2025-05-01,Mid Luxury SUV,volvo,xc90,B5 Plus 6-Seater,308,65926.74025974025
2025-05-01,Mid Luxury SUV,volvo,xc90,B5 Plus 7-Seater,476,65151.33823529412
2025-05-01,Mid Luxury SUV,volvo,xc90,B5 Plus Bright Theme,10,60034.333333333336
2025-05-01,Mid Luxury SUV,volvo,xc90,B5 Ultra,20,68292.0
2025-05-01,Mid Luxury SUV,volvo,xc90,B5 Ultra 6-Seater,30,70864.73333333334
2025-05-01,Mid Luxury SUV,volvo,xc90,B5 Ultra 7-Seater,14,71797.0
2025-05-01,Mid Luxury SUV,volvo,xc90,B6 Core,341,65707.60703812317
2025-05-01,Mid Luxury SUV,volvo,xc90,B6 Plus 6-Seater,177,69382.82386363637
2025-05-01,Mid Luxury SUV,volvo,xc90,B6 Plus 6P,144,67457.51388888889
2025-05-01,Mid Luxury SUV,volvo,xc90,B6 Plus 7-Seater,1153,68901.31396357328
2025-05-01,Mid Luxury SUV,volvo,xc90,B6 Plus 7P,861,65810.2450638792
2025-05-01,Mid Luxury SUV,volvo,xc90,B6 Plus Bright Theme 6P,10,65820.1
2025-05-01,Mid Luxury SUV,volvo,xc90,B6 Plus Bright Theme 7P,48,62564.04255319149
2025-05-01,Mid Luxury SUV,volvo,xc90,B6 Ultimate Bright Theme 6P,7,76093.14285714286
2025-05-01,Mid Luxury SUV,volvo,xc90,B6 Ultimate Bright Theme 7P,31,69430.93548387097
2025-05-01,Mid Luxury SUV,volvo,xc90,B6 Ultra,813,75109.79950799508
2025-05-01,Mid Luxury SUV,volvo,xc90,B6 Ultra 6P,85,74560.97647058824
2025-05-01,Mid Luxury SUV,volvo,xc90,B6 Ultra 7P,198,73911.66666666667
2025-05-01,Mid Luxury SUV,volvo,xc90,B6 Ultra Bright Theme 6P,1,67842.0
2025-05-01,Mid Luxury SUV,volvo,xc90,B6 Ultra Bright Theme 7P,4,70179.25
2025-05-01,Mid Luxury SUV,volvo,xc90,T8 Core,51,74192.5294117647
2025-05-01,Mid Luxury SUV,volvo,xc90,T8 Core 7-Seater,243,75108.13991769547
2025-05-01,Mid Luxury SUV,volvo,xc90,T8 Core Bright Theme,4,74001.0
2025-05-01,Mid Luxury SUV,volvo,xc90,T8 Plus 6-Seater,253,79102.45849802371
2025-05-01,Mid Luxury SUV,volvo,xc90,T8 Plus 6P,116,77189.89655172414
2025-05-01,Mid Luxury SUV,volvo,xc90,T8 Plus 7-Seater,1748,78050.36098398169
2025-05-01,Mid Luxury SUV,volvo,xc90,T8 Plus 7P,100,75168.25
2025-05-01,Mid Luxury SUV,volvo,xc90,T8 Plus Bright Theme 6P,6,68761.5
2025-05-01,Mid Luxury SUV,volvo,xc90,T8 Plus Bright Theme 7P,28,73645.92857142857
2025-05-01,Mid Luxury SUV,volvo,xc90,T8 Ultimate Bright Theme 6P,5,82734.0
2025-05-01,Mid Luxury SUV,volvo,xc90,T8 Ultimate Bright Theme 7P,6,82187.5
2025-05-01,Mid Luxury SUV,volvo,xc90,T8 Ultra 6-Seater,233,85307.09012875537
2025-05-01,Mid Luxury SUV,volvo,xc90,T8 Ultra 6P,83,83939.7108433735
2025-05-01,Mid Luxury SUV,volvo,xc90,T8 Ultra 7-Seater,1187,82115.97556866049
2025-05-01,Mid Luxury SUV,volvo,xc90,T8 Ultra 7P,145,81227.41379310345
2025-05-01,Near Luxury Car,acura,tlx,Base,5,41605.0
2025-05-01,Near Luxury Car,acura,tlx,SH-AWD Type S,50,59483.22
2025-05-01,Near Luxury Car,acura,tlx,SH-AWD w/A-SPEC,1099,51996.789808917194
2025-05-01,Near Luxury Car,acura,tlx,SH-AWD w/Advance,1,52445.0
2025-05-01,Near Luxury Car,acura,tlx,w/Tech,904,47047.35840707965
2025-05-01,Near Luxury Car,alfa_romeo,giulia,Base,210,50893.41904761905
2025-05-01,Near Luxury Car,alfa_romeo,giulia,Competizione,1,48996.0
2025-05-01,Near Luxury Car,alfa_romeo,giulia,Quadrifoglio,81,84433.79746835443
2025-05-01,Near Luxury Car,alfa_romeo,giulia,Quadrifoglio Carbon,20,86327.85
2025-05-01,Near Luxury Car,alfa_romeo,giulia,Special Edition AWD,12,50318.083333333336
2025-05-01,Near Luxury Car,alfa_romeo,giulia,Special Edition RWD,3,50448.666666666664
2025-05-01,Near Luxury Car,alfa_romeo,giulia,Sprint,211,47517.748815165876
2025-05-01,Near Luxury Car,alfa_romeo,giulia,Ti,54,46258.2962962963
2025-05-01,Near Luxury Car,alfa_romeo,giulia,Veloce,55,49485.41818181818
2025-05-01,Near Luxury Car,audi,a4_allroad,quattro Prestige 45 TFSI,1,60035.0
2025-05-01,Near Luxury Car,audi,a4_s4,3.0T quattro Premium Plus,1,68615.0
2025-05-01,Near Luxury Car,audi,a4_s4,quattro Premium 40 TFSI,4,43140.0
2025-05-01,Near Luxury Car,audi,a4_s4,quattro S line Prem Plus 45 TFSI,12,50962.0
2025-05-01,Near Luxury Car,audi,a4_s4,quattro S line Premium 45 TFSI,14,45705.857142857145
2025-05-01,Near Luxury Car,audi,a5,Premium,129,53789.03100775194
2025-05-01,Near Luxury Car,audi,a5,Premium Plus,489,57197.9345603272
2025-05-01,Near Luxury Car,audi,a5,Premium Plus TFSI quattro S tronic,69,57071.217391304344
2025-05-01,Near Luxury Car,audi,a5,Premium TFSI quattro S tronic,127,53873.38582677166
2025-05-01,Near Luxury Car,audi,a5,Prestige,29,59212.51724137931
2025-05-01,Near Luxury Car,audi,a5,Prestige TFSI quattro S tronic,10,58997.0
2025-05-01,Near Luxury Car,audi,a5,quattro Premium 40 TFSI,1,49045.0
2025-05-01,Near Luxury Car,audi,a5,quattro Premium 45 TFSI,6,59430.0
2025-05-01,Near Luxury Car,audi,a5,quattro Premium Plus 45 TFSI,16,63813.8125
2025-05-01,Near Luxury Car,audi,a5,quattro Prestige 45 TFSI,3,66216.66666666667
2025-05-01,Near Luxury Car,audi,a5,quattro S line Prem Plus 45 TFSI,513,55958.88360623782
2025-05-01,Near Luxury Car,audi,a5,quattro S line Premium 45 TFSI,523,49795.10325047801
2025-05-01,Near Luxury Car,audi,a5,quattro S line Prestige 45 TFSI,5,61635.0
2025-05-01,Near Luxury Car,audi,a5_s5,Premium TFSI quattro Tiptronic,1,56694.0
2025-05-01,Near Luxury Car,audi,a5_s5_rs_5,2.9T quattro,30,89036.0
2025-05-01,Near Luxury Car,audi,s5,3.0 TFSI quattro Progressiv,15,60976.53333333333
2025-05-01,Near Luxury Car,audi,s5,3.0T quattro Premium,15,60504.86666666667
2025-05-01,Near Luxury Car,audi,s5,3.0T quattro Premium Plus,255,67529.17262745099
2025-05-01,Near Luxury Car,audi,s5,3.0T quattro Prestige,23,72807.10130434783
2025-05-01,Near Luxury Car,audi,s5,Premium Plus,69,72353.27536231885
2025-05-01,Near Luxury Car,audi,s5,Premium Plus TFSI quattro S tronic,11,72125.18181818182
2025-05-01,Near Luxury Car,audi,s5,Prestige,37,74129.45945945945
2025-05-01,Near Luxury Car,audi,s5,Prestige TFSI quattro S tronic,2,74429.0
2025-05-01,Near Luxury Car,bmw,3_series,330e,4,50508.25
2025-05-01,Near Luxury Car,bmw,3_series,330i,1084,51710.29612546125
2025-05-01,Near Luxury Car,bmw,3_series,330i xDrive,965,53545.88186528497
2025-05-01,Near Luxury Car,bmw,3_series,M340i,40,66085.9
2025-05-01,Near Luxury Car,bmw,3_series,M340i xDrive,107,69046.67289719626
2025-05-01,Near Luxury Car,bmw,3_series,xDrive,68,52683.720588235294
2025-05-01,Near Luxury Car,bmw,4_series,430i,649,62512.47006163329
2025-05-01,Near Luxury Car,bmw,4_series,430i Gran Coupe,191,55900.188481675395
2025-05-01,Near Luxury Car,bmw,4_series,430i xDrive,506,64422.41099403578
2025-05-01,Near Luxury Car,bmw,4_series,430i xDrive Gran Coupe,116,57616.68965517241
2025-05-01,Near Luxury Car,bmw,4_series,M440i,250,74239.70648000001
2025-05-01,Near Luxury Car,bmw,4_series,M440i Gran Coupe,5,68555.0
2025-05-01,Near Luxury Car,bmw,4_series,M440i xDrive,250,76092.27372
2025-05-01,Near Luxury Car,bmw,4_series,M440i xDrive Gran Coupe,8,69623.5
2025-05-01,Near Luxury Car,bmw,4_series,xDrive,41,59191.31707317073
2025-05-01,Near Luxury Car,bmw,4_series_gran_coupe,xDrive,49,71739.83673469388
2025-05-01,Near Luxury Car,bmw,m3,Base,15,88427.26666666666
2025-05-01,Near Luxury Car,bmw,m3,Competition,17,89857.23529411765
2025-05-01,Near Luxury Car,bmw,m3,Competition xDrive,86,99429.02325581395
2025-05-01,Near Luxury Car,bmw,m4,Base,26,88675.46153846153
2025-05-01,Near Luxury Car,bmw,m4,CS,52,130655.44230769231
2025-05-01,Near Luxury Car,bmw,m4,Competition,325,102333.28307692308
2025-05-01,Near Luxury Car,bmw,m4,Competition xDrive,122,100297.80959016393
2025-05-01,Near Luxury Car,cadillac,ct5,Base,37,65556.51351351352
2025-05-01,Near Luxury Car,cadillac,ct5,Blackwing,124,116409.6370967742
2025-05-01,Near Luxury Car,cadillac,ct5,Premium Luxury,1362,53442.84140969163
2025-05-01,Near Luxury Car,cadillac,ct5,Premium Luxury RWD,190,59696.46315789474
2025-05-01,Near Luxury Car,cadillac,ct5,Sport,995,54563.054271356785
2025-05-01,Near Luxury Car,cadillac,ct5,V-Series RWD,174,65856.86781609195
2025-05-01,Near Luxury Car,genesis,g70,2.0T Prestige,4,40127.0
2025-05-01,Near Luxury Car,genesis,g70,2.5T,88,45385.0
2025-05-01,Near Luxury Car,genesis,g70,2.5T Prestige,391,48170.452685421995
2025-05-01,Near Luxury Car,genesis,g70,2.5T RWD Prestige,21,50016.04761904762
2025-05-01,Near Luxury Car,genesis,g70,2.5T Standard,787,45266.88182973317
2025-05-01,Near Luxury Car,genesis,g70,3.3T AWD Sport Prestige,72,53926.833333333336
2025-05-01,Near Luxury Car,genesis,g70,3.3T Sport,14,47821.142857142855
2025-05-01,Near Luxury Car,genesis,g70,3.3T Sport Advanced,950,55085.28315789474
2025-05-01,Near Luxury Car,genesis,g70,3.3T Standard,1,51030.0
2025-05-01,Near Luxury Car,infiniti,q50,Luxe,9,44156.0
2025-05-01,Near Luxury Car,infiniti,q50,Red Sport 400,44,58176.22727272727
2025-05-01,Near Luxury Car,infiniti,q50,Sensory,21,51775.857142857145
2025-05-01,Near Luxury Car,lexus,es_series,Base,1300,49431.12624615385
2025-05-01,Near Luxury Car,lexus,es_series,F SPORT 2,1,50632.0
2025-05-01,Near Luxury Car,lexus,es_series,F SPORT Design,92,51149.19565217391
2025-05-01,Near Luxury Car,lexus,es_series,F SPORT Handling,74,53703.94932432433
2025-05-01,Near Luxury Car,lexus,es_series,Luxury,229,54619.0235371179
2025-05-01,Near Luxury Car,lexus,es_series,Ultra Luxury,150,56004.593533333325
2025-05-01,Near Luxury Car,lexus,is_series,Base,244,46130.237704918036
2025-05-01,Near Luxury Car,lexus,is_series,F SPORT,566,53522.742667844526
2025-05-01,Near Luxury Car,lexus,is_series,F SPORT Design,408,46601.64215686275
2025-05-01,Near Luxury Car,lexus,is_series,F SPORT Performance,13,74133.0
2025-05-01,Near Luxury Car,lexus,is_series,F SPORT Performance Premium,1,66034.0
2025-05-01,Near Luxury Car,lexus,rc_series,Base,8,49620.75
2025-05-01,Near Luxury Car,lexus,rc_series,F SPORT,72,60206.03125
2025-05-01,Near Luxury Car,lexus,rc_series,Final Edition,1,94471.0
2025-05-01,Near Luxury Car,lexus,rc_series,Track Edition,6,101062.16666666667
2025-05-01,Near Luxury Car,mercedes_benz,c_class,AMG C 43,409,71608.40342298288
2025-05-01,Near Luxury Car,mercedes_benz,c_class,AMG C 63 S E Performance,253,98409.68774703557
2025-05-01,Near Luxury Car,mercedes_benz,c_class,C 300,2533,53760.45558626135
2025-05-01,Near Luxury Car,mercedes_benz,c_class,C 300 4MATIC,2218,56096.55570590888
2025-05-01,Near Luxury Car,volvo,s60_v60,B5 Core,77,45485.7012987013
2025-05-01,Near Luxury Car,volvo,s60_v60,B5 Core Dark Theme,82,43154.10975609756
2025-05-01,Near Luxury Car,volvo,s60_v60,B5 Plus,220,52761.523863636365
2025-05-01,Near Luxury Car,volvo,s60_v60,B5 Plus Black Edition,41,47042.170731707316
2025-05-01,Near Luxury Car,volvo,s60_v60,B5 Plus Dark Theme,131,46016.14503816794
2025-05-01,Near Luxury Car,volvo,s60_v60,B5 Ultimate,3,58025.0
2025-05-01,Near Luxury Car,volvo,s60_v60,B5 Ultimate Dark Theme,5,48906.8
2025-05-01,Near Luxury Car,volvo,s60_v60,B5 Ultra,201,59036.19651741294
2025-05-01,Near Luxury Car,volvo,s60_v60,T8 Core Dark Theme,4,53825.75
2025-05-01,Near Luxury Car,volvo,s60_v60,T8 Plus,7,58691.857142857145
2025-05-01,Near Luxury Car,volvo,s60_v60,T8 Plus Black Edition,1,54276.0
2025-05-01,Near Luxury Car,volvo,s60_v60,T8 Plus Dark Theme,5,54706.6
2025-05-01,Near Luxury Car,volvo,s60_v60,T8 Polestar Engineered,1,72645.0
2025-05-01,Near Luxury EV SUV,audi,q4_e_tron,Premium 45 RWD,135,53588.75555555556
2025-05-01,Near Luxury EV SUV,audi,q4_e_tron,Premium 45 quattro,110,56006.218181818185
2025-05-01,Near Luxury EV SUV,audi,q4_e_tron,quattro Premium 55 TFSI,267,60203.80524344569
2025-05-01,Near Luxury EV SUV,audi,q4_e_tron,quattro Premium Plus 50 TFSI,1,65390.0
2025-05-01,Near Luxury EV SUV,audi,q4_e_tron,quattro Premium Plus 55,220,65394.318181818184
2025-05-01,Near Luxury EV SUV,audi,q4_e_tron,quattro Premium Plus 55 TFSI,531,62414.4538606403
2025-05-01,Near Luxury EV SUV,audi,q4_e_tron,quattro Prestige 55 TFSI,183,65892.043715847
2025-05-01,Near Luxury EV SUV,cadillac,optiq,Luxury,584,56329.12157534246
2025-05-01,Near Luxury EV SUV,cadillac,optiq,Luxury 1 AWD,221,55640.33936651584
2025-05-01,Near Luxury EV SUV,cadillac,optiq,Luxury 2 AWD,66,59004.65151515151
2025-05-01,Near Luxury EV SUV,cadillac,optiq,Sport,633,57730.47551342812
2025-05-01,Near Luxury EV SUV,cadillac,optiq,Sport 1 AWD,251,56610.44621513944
2025-05-01,Near Luxury EV SUV,cadillac,optiq,Sport 2 AWD,197,59463.649746192896
2025-05-01,Near Luxury EV SUV,genesis,gv70_ev,Advanced,175,68251.08
2025-05-01,Near Luxury EV SUV,genesis,gv70_ev,Advanced AWD,17,71737.82352941176
2025-05-01,Near Luxury EV SUV,genesis,gv70_ev,Base,165,70162.12121212122
2025-05-01,Near Luxury EV SUV,genesis,gv70_ev,Prestige,1,68740.0
2025-05-01,Near Luxury EV SUV,genesis,gv70_ev,Prestige AWD,27,77751.25925925926
2025-05-01,Near Luxury EV SUV,genesis,gv70_ev,Standard,3,66785.66666666667
2025-05-01,Near Luxury EV SUV,lexus,rz_series,Luxury,6,58337.0
2025-05-01,Near Luxury EV SUV,lexus,rz_series,Premium,865,52062.06238150288
2025-05-01,Near Luxury EV SUV,mercedes_benz,eqb,EQB 250,71,58301.42253521127
2025-05-01,Near Luxury EV SUV,mercedes_benz,eqb,EQB 250+,379,58410.33509234829
2025-05-01,Near Luxury EV SUV,mercedes_benz,eqb,EQB 300 4MATIC,920,62796.56086956522
2025-05-01,Near Luxury EV SUV,mercedes_benz,eqb,EQB 350 4MATIC,183,65705.21857923498
2025-05-01,Near Luxury EV SUV,porsche,macan_electric,4S,622,103339.95498392283
2025-05-01,Near Luxury SUV,acura,rdx,A-SPEC Advance Package,48,54335.0
2025-05-01,Near Luxury SUV,acura,rdx,SH-AWD,933,46463.37620578778
2025-05-01,Near Luxury SUV,acura,rdx,SH-AWD w/A-SPEC,1433,52087.7194696441
2025-05-01,Near Luxury SUV,acura,rdx,SH-AWD w/Advance,1044,54193.26436781609
2025-05-01,Near Luxury SUV,acura,rdx,SH-AWD w/Advance w/A-SPEC,1256,56206.71496815287
2025-05-01,Near Luxury SUV,acura,rdx,SH-AWD w/Platinum Elite w/A-SPEC,101,56292.86138613861
2025-05-01,Near Luxury SUV,acura,rdx,SH-AWD w/Tech,1587,49024.65595463138
2025-05-01,Near Luxury SUV,alfa_romeo,stelvio,AWD,40,50933.0
2025-05-01,Near Luxury SUV,alfa_romeo,stelvio,Base,32,53209.15625
2025-05-01,Near Luxury SUV,alfa_romeo,stelvio,Quadrifoglio,100,88014.92
2025-05-01,Near Luxury SUV,alfa_romeo,stelvio,Quadrifoglio Carbon,5,84249.2
2025-05-01,Near Luxury SUV,alfa_romeo,stelvio,Special Edition Tributo Italiano AWD,138,55496.29710144927
2025-05-01,Near Luxury SUV,alfa_romeo,stelvio,Sprint,499,52540.62925851704
2025-05-01,Near Luxury SUV,alfa_romeo,stelvio,Ti,40,50460.3
2025-05-01,Near Luxury SUV,alfa_romeo,stelvio,Veloce,36,51172.0
2025-05-01,Near Luxury SUV,audi,q5_sq5,Premium,373,57738.43163538874
2025-05-01,Near Luxury SUV,audi,q5_sq5,Premium Plus,849,60920.586572438166
2025-05-01,Near Luxury SUV,audi,q5_sq5,Premium Plus 45 TFSI S line quattro S tronic,4,59643.0
2025-05-01,Near Luxury SUV,audi,q5_sq5,Premium Plus 55 TFSI e S line quattro S tronic,1,69850.0
2025-05-01,Near Luxury SUV,audi,q5_sq5,Premium Plus TFSI quattro S tronic,223,60942.93721973094
2025-05-01,Near Luxury SUV,audi,q5_sq5,Premium TFSI quattro S tronic,138,57737.362318840576
2025-05-01,Near Luxury SUV,audi,q5_sq5,Prestige,159,64155.06918238994
2025-05-01,Near Luxury SUV,audi,q5_sq5,Prestige 55 TFSI e S line quattro S tronic,1,73680.0
2025-05-01,Near Luxury SUV,audi,q5_sq5,Prestige TFSI quattro S tronic,23,64247.47826086957
2025-05-01,Near Luxury SUV,audi,q5_sq5,e quattro S line Prem Pl 55 TFSI,611,66425.34206219313
2025-05-01,Near Luxury SUV,audi,q5_sq5,e quattro S line Premium 55 TFSI,70,61492.42857142857
2025-05-01,Near Luxury SUV,audi,q5_sq5,e quattro S line Prestg 55 TFSI,13,70997.15384615384
2025-05-01,Near Luxury SUV,audi,q5_sq5,quattro Premium 40 TFSI,75,48504.08108108108
2025-05-01,Near Luxury SUV,audi,q5_sq5,quattro Premium Plus 40 TFSI,34,53465.73529411765
2025-05-01,Near Luxury SUV,audi,q5_sq5,quattro Prestige 40 TFSI,1,51400.0
2025-05-01,Near Luxury SUV,audi,q5_sq5,quattro Progressiv 45 TFSI,2,57273.0
2025-05-01,Near Luxury SUV,audi,q5_sq5,quattro S line Prem Plus 45 TFSI,818,57871.388753056235
2025-05-01,Near Luxury SUV,audi,q5_sq5,quattro S line Premium 45 TFSI,409,52039.704156479216
2025-05-01,Near Luxury SUV,audi,q5_sq5,quattro S line Prestige 45 TFSI,32,62252.125
2025-05-01,Near Luxury SUV,audi,q5_sq5,quattro Technik 45 TFSI,1,62610.0
2025-05-01,Near Luxury SUV,audi,sq5,3.0 TFSI quattro Progressiv,1,59735.0
2025-05-01,Near Luxury SUV,audi,sq5,3.0 TFSI quattro Technik,17,74330.41176470589
2025-05-01,Near Luxury SUV,audi,sq5,3.0T quattro Premium,5,61306.8
2025-05-01,Near Luxury SUV,audi,sq5,3.0T quattro Premium Plus,549,68191.26277372263
2025-05-01,Near Luxury SUV,audi,sq5,3.0T quattro Prestige,28,74313.46428571429
2025-05-01,Near Luxury SUV,audi,sq5,Premium Plus,90,74125.07777777778
2025-05-01,Near Luxury SUV,audi,sq5,Premium Plus TFSI quattro S tronic,5,73714.0
2025-05-01,Near Luxury SUV,audi,sq5,Premium Plus TFSI quattro Tiptronic,3,67875.0
2025-05-01,Near Luxury SUV,bmw,x3,30 xDrive,4480,57091.924776785716
2025-05-01,Near Luxury SUV,bmw,x3,M40i,3,68968.33333333333
2025-05-01,Near Luxury SUV,bmw,x3,M50 xDrive,396,71970.98484848485
2025-05-01,Near Luxury SUV,bmw,x3,sDrive30i,88,52517.61627906977
2025-05-01,Near Luxury SUV,bmw,x3,xDrive30i,86,54395.058139534885
2025-05-01,Near Luxury SUV,bmw,x4,Base,51,92199.90196078431
2025-05-01,Near Luxury SUV,bmw,x4,M40i,40,74954.975
2025-05-01,Near Luxury SUV,bmw,x4,xDrive30i,169,62832.89940828402
2025-05-01,Near Luxury SUV,cadillac,xt4,Luxury,29,42857.0
2025-05-01,Near Luxury SUV,cadillac,xt4,Premium Luxury,2108,45955.917457305506
2025-05-01,Near Luxury SUV,cadillac,xt4,Sport,1037,48751.53519768563
2025-05-01,Near Luxury SUV,genesis,gv70,2.5T,262,50469.725190839694
2025-05-01,Near Luxury SUV,genesis,gv70,2.5T Advanced,777,57931.534105534105
2025-05-01,Near Luxury SUV,genesis,gv70,2.5T Advanced Plus,9,52627.333333333336
2025-05-01,Near Luxury SUV,genesis,gv70,2.5T Prestige,29,57940.793103448275
2025-05-01,Near Luxury SUV,genesis,gv70,2.5T Select,569,53392.592267135326
2025-05-01,Near Luxury SUV,genesis,gv70,2.5T Sport Prestige,416,61257.79807692308
2025-05-01,Near Luxury SUV,genesis,gv70,2.5T Standard,480,52336.03340292275
2025-05-01,Near Luxury SUV,genesis,gv70,3.5T Sport,784,63568.76530612245
2025-05-01,Near Luxury SUV,genesis,gv70,3.5T Sport Advanced,83,65707.421686747
2025-05-01,Near Luxury SUV,genesis,gv70,3.5T Sport Prestige,819,72566.57997557998
2025-05-01,Near Luxury SUV,infiniti,qx50,Autograph,7,54944.0
2025-05-01,Near Luxury SUV,infiniti,qx50,Luxe,1183,48385.89940828402
2025-05-01,Near Luxury SUV,infiniti,qx50,Pure,180,43318.86111111111
2025-05-01,Near Luxury SUV,infiniti,qx50,Sensory,7,52947.42857142857
2025-05-01,Near Luxury SUV,infiniti,qx50,Sport,835,52959.4502994012
2025-05-01,Near Luxury SUV,infiniti,qx55,Essential,279,56548.609318996416
2025-05-01,Near Luxury SUV,infiniti,qx55,Luxe,646,51658.76470588235
2025-05-01,Near Luxury SUV,infiniti,qx55,Sensory,135,60424.525925925926
2025-05-01,Near Luxury SUV,jaguar,e_pace,P250 R-Dynamic SE,220,53815.76818181818
2025-05-01,Near Luxury SUV,jaguar,e_pace,P250 SE,1,55575.0
2025-05-01,Near Luxury SUV,land_rover,discovery_sport,P250 Dynamic SE,327,58635.51987767584
2025-05-01,Near Luxury SUV,land_rover,discovery_sport,P250 S,840,53804.889285714286
2025-05-01,Near Luxury SUV,land_rover,discovery_sport,P250 S R-Dynamic,1,56770.0
2025-05-01,Near Luxury SUV,land_rover,discovery_sport,P250 SE,4,51917.5
2025-05-01,Near Luxury SUV,land_rover,discovery_sport,P250 SE R-Dynamic,7,54335.42857142857
2025-05-01,Near Luxury SUV,land_rover,range_rover_evoque,P250 Dynamic SE,479,61863.29227557411
2025-05-01,Near Luxury SUV,land_rover,range_rover_evoque,P250 R-Dynamic SE,2,60695.0
2025-05-01,Near Luxury SUV,land_rover,range_rover_evoque,P250 S,953,56125.99160545645
2025-05-01,Near Luxury SUV,lexus,nx_series,Base,688,51277.51574963611
2025-05-01,Near Luxury SUV,lexus,nx_series,F SPORT Handling,106,59777.0470754717
2025-05-01,Near Luxury SUV,lexus,nx_series,Luxury,239,58145.144351464434
2025-05-01,Near Luxury SUV,lexus,nx_series,Premium,1298,50567.50502311246
2025-05-01,Near Luxury SUV,maserati,grecale,Folgore,49,114265.85714285714
2025-05-01,Near Luxury SUV,maserati,grecale,GT,188,73849.60638297872
2025-05-01,Near Luxury SUV,maserati,grecale,Modena,282,84281.87588652482
2025-05-01,Near Luxury SUV,maserati,grecale,Trofeo,39,111749.17948717948
2025-05-01,Near Luxury SUV,mercedes_benz,benz_amg_glc,4MATIC,650,101921.57667180277
2025-05-01,Near Luxury SUV,mercedes_benz,glb,AMG GLB 35,316,64800.03164556962
2025-05-01,Near Luxury SUV,mercedes_benz,glb,GLB 250,1132,49781.951154529306
2025-05-01,Near Luxury SUV,mercedes_benz,glb,GLB 250 4MATIC,941,51506.863974495216
2025-05-01,Near Luxury SUV,mercedes_benz,glc_class,4MATIC,3190,67067.39184952978
2025-05-01,Near Luxury SUV,mercedes_benz,glc_class,4MATIC SUV,925,58401.04121475054
2025-05-01,Near Luxury SUV,mercedes_benz,glc_class,AMG GLC 43,1389,77528.30093592513
2025-05-01,Near Luxury SUV,mercedes_benz,glc_class,GLC 300,2740,55529.39452554745
2025-05-01,Near Luxury SUV,mercedes_benz,glc_class,GLC 300 4MATIC,5327,60910.418058945
2025-05-01,Near Luxury SUV,mercedes_benz,glc_class,GLC 350e 4MATIC,633,67723.34810126582
2025-05-01,Near Luxury SUV,porsche,macan,4 Electric,577,97603.95320623917
2025-05-01,Near Luxury SUV,porsche,macan,Base,1915,76899.94360313316
2025-05-01,Near Luxury SUV,porsche,macan,Electric,516,90256.83720930232
2025-05-01,Near Luxury SUV,porsche,macan,GTS,47,108843.85106382979
2025-05-01,Near Luxury SUV,porsche,macan,S,205,92559.47804878048
2025-05-01,Near Luxury SUV,porsche,macan,T,212,80248.50710900474
2025-05-01,Near Luxury SUV,porsche,macan,Turbo Electric,204,128018.48529411765
2025-05-01,Near Luxury SUV,volvo,xc60,B5 Core,1326,50108.55052790347
2025-05-01,Near Luxury SUV,volvo,xc60,B5 Core Dark Theme,10,47489.0
2025-05-01,Near Luxury SUV,volvo,xc60,B5 Plus,2464,54960.85551948052
2025-05-01,Near Luxury SUV,volvo,xc60,B5 Plus Dark Theme,73,53207.69863013698
2025-05-01,Near Luxury SUV,volvo,xc60,B5 Ultimate Bright Theme,2,63555.0
2025-05-01,Near Luxury SUV,volvo,xc60,B5 Ultimate Dark Theme,1,58070.0
2025-05-01,Near Luxury SUV,volvo,xc60,B5 Ultra,1051,60751.613701236914
2025-05-01,Near Luxury SUV,volvo,xc60,B5 Ultra Black Edition,37,62881.81081081081
2025-05-01,Near Luxury SUV,volvo,xc60,B6 Ultimate Bright Theme,2,66670.0
2025-05-01,Near Luxury SUV,volvo,xc60,T8 Core,306,61132.48039215686
2025-05-01,Near Luxury SUV,volvo,xc60,T8 Plus,1988,66047.03772635815
2025-05-01,Near Luxury SUV,volvo,xc60,T8 Polestar Engineered,25,77867.4
2025-05-01,Near Luxury SUV,volvo,xc60,T8 Ultra,805,71602.44347826087
2025-05-01,Near Luxury SUV,volvo,xc60,T8 Ultra Black Edition,25,73760.52
2025-05-01,Near Luxury SUV,volvo,xc60_recharge,T8 Core Dark Theme,8,56027.625
2025-05-01,Near Luxury SUV,volvo,xc60_recharge,T8 Plus Dark Theme,64,61054.96875
2025-05-01,Near Luxury SUV,volvo,xc60_recharge,T8 Polestar Engineered,5,73950.8
2025-05-01,Near Luxury SUV,volvo,xc60_recharge,T8 Ultimate Black Edition,3,73390.66666666667
2025-05-01,Near Luxury SUV,volvo,xc60_recharge,T8 Ultimate Bright Theme,1,70440.0
2025-05-01,Near Luxury SUV,volvo,xc60_recharge,T8 Ultimate Dark Theme,12,71054.83333333333
2025-05-01,Premium Luxury Car,audi,a8_s8,4.0T quattro,192,136374.82291666666
2025-05-01,Premium Luxury Car,audi,a8_s8,quattro 55 TFSI,340,98602.19411764706
2025-05-01,Premium Luxury Car,bentley,flying_spur,Edition 8,2,290272.5
2025-05-01,Premium Luxury Car,bentley,flying_spur,Hybrid,2,276282.5
2025-05-01,Premium Luxury Car,bentley,flying_spur,Mulliner V8,1,256741.0
2025-05-01,Premium Luxury Car,bentley,flying_spur,S Hybrid,1,343430.0
2025-05-01,Premium Luxury Car,bentley,flying_spur,S V8,4,299723.0
2025-05-01,Premium Luxury Car,bentley,flying_spur,Speed,19,343665.94736842107
2025-05-01,Premium Luxury Car,bentley,flying_spur,Speed First Edition,41,341457.68292682926
2025-05-01,Premium Luxury Car,bentley,flying_spur,V8,5,256821.6
2025-05-01,Premium Luxury Car,bmw,7_series,740i,364,106106.64010989011
2025-05-01,Premium Luxury Car,bmw,7_series,740i xDrive,262,107417.75190839695
2025-05-01,Premium Luxury Car,bmw,7_series,750e xDrive,269,118316.35315985131
2025-05-01,Premium Luxury Car,bmw,7_series,760i xDrive,766,134862.60313315928
2025-05-01,Premium Luxury Car,genesis,g90,3.5T,23,90048.82608695653
2025-05-01,Premium Luxury Car,genesis,g90,3.5T e-Supercharger,427,99498.20843091335
2025-05-01,Premium Luxury Car,lexus,ls_series,Base,31,97233.02709677418
2025-05-01,Premium Luxury Car,lexus,ls_series,F SPORT,4,94546.5
2025-05-01,Premium Luxury Car,maserati,quattroporte,GT,1,94970.0
2025-05-01,Premium Luxury Car,maserati,quattroporte,Modena,1,97310.0
2025-05-01,Premium Luxury Car,maserati,quattroporte,Modena Q4,12,130566.0
2025-05-01,Premium Luxury Car,maserati,quattroporte,Modena Ultima Q4,16,133934.3125
2025-05-01,Premium Luxury Car,mercedes_benz,s_class,AMG S 63 E Performance,477,206887.55555555556
2025-05-01,Premium Luxury Car,mercedes_benz,s_class,Mercedes-Maybach S 580 4MATIC,72,226164.41666666666
2025-05-01,Premium Luxury Car,mercedes_benz,s_class,Mercedes-Maybach S 680 4MATIC,57,282771.1754385965
2025-05-01,Premium Luxury Car,mercedes_benz,s_class,S 500 4MATIC,99,126826.28282828283
2025-05-01,Premium Luxury Car,mercedes_benz,s_class,S 580 4MATIC,975,141570.32546201232
2025-05-01,Premium Luxury Car,mercedes_benz,s_class,S 580e 4MATIC,211,138760.78672985782
2025-05-01,Premium Luxury Car,porsche,panamera,4,590,130852.07966101695
2025-05-01,Premium Luxury Car,porsche,panamera,4 E-Hybrid,34,141109.9411764706
2025-05-01,Premium Luxury Car,porsche,panamera,4S,20,153507.4
2025-05-01,Premium Luxury Car,porsche,panamera,4S Sport Turismo,1,149750.0
2025-05-01,Premium Luxury Car,porsche,panamera,Base,62,124728.5
2025-05-01,Premium Luxury Car,porsche,panamera,GTS,4,171980.75
2025-05-01,Premium Luxury Car,porsche,panamera,Turbo,12,225487.33333333334
2025-05-01,Premium Luxury Car,porsche,panamera,Turbo E-Hybrid,1,226145.0
2025-05-01,Premium Luxury Car,rolls_royce,ghost,Base,9,452711.85714285716
2025-05-01,Premium Luxury Car,rolls_royce,ghost,Black Badge,9,517273.75
2025-06-01,Entry Luxury EV SUV,genesis,gv60,Advanced,75,62222.82666666667
2025-06-01,Entry Luxury EV SUV,genesis,gv60,Performance,102,70438.54901960785
2025-06-01,Entry Luxury EV SUV,genesis,gv60,Standard,222,56314.33783783784
2025-06-01,Entry Luxury EV SUV,volvo,c40_recharge,Core,4,51974.0
2025-06-01,Entry Luxury EV SUV,volvo,c40_recharge,Plus,6,55442.666666666664
2025-06-01,Entry Luxury EV SUV,volvo,c40_recharge,Twin Core,12,52799.25
2025-06-01,Entry Luxury EV SUV,volvo,c40_recharge,Twin Plus,21,53556.23809523809
2025-06-01,Entry Luxury EV SUV,volvo,c40_recharge,Twin Ultimate,3,53031.333333333336
2025-06-01,Entry Luxury EV SUV,volvo,c40_recharge,Ultimate,1,53590.0
2025-06-01,Entry Luxury EV SUV,volvo,ex30,Twin Motor Plus,745,47085.01476510067
2025-06-01,Entry Luxury EV SUV,volvo,ex30,Twin Motor Ultra,597,48797.61139028476
2025-06-01,Entry Luxury EV SUV,volvo,ex40,Plus,4,59462.5
2025-06-01,Entry Luxury EV SUV,volvo,ex40,Single Motor Extended Range Core,47,54583.51063829787
2025-06-01,Entry Luxury EV SUV,volvo,ex40,Single Motor Extended Range Plus,25,59426.24
2025-06-01,Entry Luxury EV SUV,volvo,ex40,Single Motor Extended Range Ultra,1,60935.0
2025-06-01,Entry Luxury EV SUV,volvo,ex40,Twin Motor Core,97,56768.19587628866
2025-06-01,Entry Luxury EV SUV,volvo,ex40,Twin Motor Plus,37,61135.13513513513
2025-06-01,Entry Luxury EV SUV,volvo,ex40,Twin Motor Ultra,9,62894.22222222222
2025-06-01,Mid Luxury Car,audi,a6_e_tron,Premium,34,71088.5294117647
2025-06-01,Mid Luxury Car,audi,a6_e_tron,Premium Plus,231,73572.68398268399
2025-06-01,Mid Luxury Car,audi,a6_e_tron,Prestige,65,77186.25
2025-06-01,Mid Luxury Car,audi,a6_s6,2.9T quattro Premium,7,80103.71428571429
2025-06-01,Mid Luxury Car,audi,a6_s6,2.9T quattro Premium Plus,57,85663.64912280702
2025-06-01,Mid Luxury Car,audi,a6_s6,2.9T quattro Prestige,22,92704.95454545454
2025-06-01,Mid Luxury Car,audi,a6_s6,4.0T quattro Avant performance,251,148660.08764940238
2025-06-01,Mid Luxury Car,audi,a6_s6,Prestige TFSI quattro Tiptronic,25,95622.44
2025-06-01,Mid Luxury Car,audi,a6_s6,performance TFSI quattro Tiptronic,9,205927.5
2025-06-01,Mid Luxury Car,audi,a6_s6,quattro Premium 45 TFSI,113,61075.50442477876
2025-06-01,Mid Luxury Car,audi,a6_s6,quattro Premium 55 TFSI,98,66722.72448979592
2025-06-01,Mid Luxury Car,audi,a6_s6,quattro Premium Plus 45 TFSI,280,65118.87857142857
2025-06-01,Mid Luxury Car,audi,a6_s6,quattro Premium Plus 55 TFSI,385,71902.40072916666
2025-06-01,Mid Luxury Car,audi,a6_s6,quattro Prestige 55 TFSI,270,79135.22522222223
2025-06-01,Mid Luxury Car,audi,a7_s7,2.9T quattro Premium,1,87590.0
2025-06-01,Mid Luxury Car,audi,a7_s7,2.9T quattro Premium Plus,35,95083.82857142857
2025-06-01,Mid Luxury Car,audi,a7_s7,2.9T quattro Prestige,57,104950.52631578948
2025-06-01,Mid Luxury Car,audi,a7_s7,quattro Premium 55 TFSI,15,76687.8
2025-06-01,Mid Luxury Car,audi,a7_s7,quattro Premium Plus 55 TFSI,95,81216.6
2025-06-01,Mid Luxury Car,audi,a7_s7,quattro Prestige 55 TFSI,78,87909.84615384616
2025-06-01,Mid Luxury Car,audi,a7_s7,quattro Progressiv 55 TFSI,3,78021.66666666667
2025-06-01,Mid Luxury Car,audi,a7_s7_rs_7,4.0T quattro performance,156,147809.80128205128
2025-06-01,Mid Luxury Car,bmw,5_series,530i,775,66301.8206451613
2025-06-01,Mid Luxury Car,bmw,5_series,530i xDrive,731,67716.69083447332
2025-06-01,Mid Luxury Car,bmw,5_series,540i xDrive,114,77639.51754385965
2025-06-01,Mid Luxury Car,bmw,5_series,550e xDrive,246,83851.51219512195
2025-06-01,Mid Luxury Car,bmw,5_series,xDrive,31,68889.03225806452
2025-06-01,Mid Luxury Car,bmw,m5,Base,310,131131.9
2025-06-01,Mid Luxury Car,bmw,m5,Base (A8),15,129085.6
2025-06-01,Mid Luxury Car,genesis,g80,2.5T,489,65282.1472392638
2025-06-01,Mid Luxury Car,genesis,g80,2.5T Advanced,151,63877.35761589404
2025-06-01,Mid Luxury Car,genesis,g80,3.5T Sport,418,76778.91626794258
2025-06-01,Mid Luxury Car,genesis,g80,3.5T Sport Advanced,123,71374.9593495935
2025-06-01,Mid Luxury Car,genesis,g80,Advanced,35,67553.62857142858
2025-06-01,Mid Luxury Car,genesis,g80,Base,4,65938.75
2025-06-01,Mid Luxury Car,jaguar,xf,P250 R-Dynamic SE,22,54036.09090909091
2025-06-01,Mid Luxury Car,jaguar,xf,P300 R-Dynamic SE,166,57273.98795180723
2025-06-01,Mid Luxury Car,maserati,ghibli,334 Ultima,3,148248.0
2025-06-01,Mid Luxury Car,maserati,ghibli,Modena Q4,54,101534.53703703704
2025-06-01,Mid Luxury Car,maserati,ghibli,Modena Ultima Q4,57,101421.28070175438
2025-06-01,Mid Luxury Car,maserati,ghibli,Trofeo,1,130000.0
2025-06-01,Mid Luxury Car,mercedes_benz,cle,AMG CLE 53,4,85020.0
2025-06-01,Mid Luxury Car,mercedes_benz,cle,CLE 300 4MATIC,1118,68692.33555456172
2025-06-01,Mid Luxury Car,mercedes_benz,cle,CLE 450 4MATIC,164,76574.55207317072
2025-06-01,Mid Luxury Car,mercedes_benz,cls,CLS 450 4MATIC,3,82005.66666666667
2025-06-01,Mid Luxury Car,mercedes_benz,e_class,E 350,1119,70512.47899910634
2025-06-01,Mid Luxury Car,mercedes_benz,e_class,E 350 4MATIC,844,73625.3202846975
2025-06-01,Mid Luxury Car,mercedes_benz,e_class,E 450 4MATIC,282,80702.46263345196
2025-06-01,Mid Luxury Car,mercedes_benz,e_class,E 450 4MATIC All-Terrain,454,85028.28854625551
2025-06-01,Mid Luxury Car,volvo,s90,B6 Plus,125,60583.312
2025-06-01,Mid Luxury Car,volvo,s90,B6 Ultimate,12,60232.916666666664
2025-06-01,Mid Luxury Car,volvo,s90,B6 Ultra,73,66676.68493150685
2025-06-01,Mid Luxury Car,volvo,s90,T8 Plus,4,67496.5
2025-06-01,Mid Luxury Car,volvo,s90,T8 Ultimate,38,67684.0
2025-06-01,Mid Luxury Car,volvo,s90,T8 Ultra,20,72705.25
2025-06-01,Mid Luxury Car,volvo,v90,B6 Plus,55,63619.25454545455
2025-06-01,Mid Luxury Car,volvo,v90,B6 Ultimate,2,60543.0
2025-06-01,Mid Luxury Car,volvo,v90,B6 Ultra,110,69749.0090909091
2025-06-01,Mid Luxury SUV,acura,mdx,Base,206,52919.0
2025-06-01,Mid Luxury SUV,acura,mdx,SH-AWD,799,55177.42302878598
2025-06-01,Mid Luxury SUV,acura,mdx,SH-AWD Type S w/Advance Package,420,76955.58333333333
2025-06-01,Mid Luxury SUV,acura,mdx,SH-AWD Type S w/Ultra Package,35,65863.0
2025-06-01,Mid Luxury SUV,acura,mdx,SH-AWD w/A-SPEC,888,63411.17792792793
2025-06-01,Mid Luxury SUV,acura,mdx,SH-AWD w/Advance,575,67985.94782608695
2025-06-01,Mid Luxury SUV,acura,mdx,SH-AWD w/Platinum Elite w/A-Spec,459,69721.29847494554
2025-06-01,Mid Luxury SUV,acura,mdx,SH-AWD w/Tech,1706,60429.38452520516
2025-06-01,Mid Luxury SUV,acura,mdx,w/A-Spec Advance Package,481,70808.45322245322
2025-06-01,Mid Luxury SUV,acura,mdx,w/A-Spec Package,501,64338.32335329341
2025-06-01,Mid Luxury SUV,acura,mdx,w/Advance Package,6,68554.0
2025-06-01,Mid Luxury SUV,acura,mdx,w/Tech,890,58173.85842696629
2025-06-01,Mid Luxury SUV,acura,mdx,w/Technology Package,197,58951.89340101523
2025-06-01,Mid Luxury SUV,audi,q7,quattro Premium 45 TFSI,156,63377.44516129032
2025-06-01,Mid Luxury SUV,audi,q7,quattro Premium 55 TFSI,119,67033.29411764706
2025-06-01,Mid Luxury SUV,audi,q7,quattro Premium Plus 45 TFSI,230,68600.5
2025-06-01,Mid Luxury SUV,audi,q7,quattro Premium Plus 55 TFSI,2077,73377.79458675689
2025-06-01,Mid Luxury SUV,audi,q7,quattro Prestige 55 TFSI,711,81682.3985915493
2025-06-01,Mid Luxury SUV,audi,q7_sq7,4.0T quattro Premium Plus,74,97640.0
2025-06-01,Mid Luxury SUV,audi,q7_sq7,4.0T quattro Prestige,83,109406.4756097561
2025-06-01,Mid Luxury SUV,bmw,x5,Competition,192,139388.3125
2025-06-01,Mid Luxury SUV,bmw,x5,M60i,262,102408.09160305343
2025-06-01,Mid Luxury SUV,bmw,x5,sDrive40i,713,76295.75455820478
2025-06-01,Mid Luxury SUV,bmw,x5,xDrive40i,2250,79407.90133333333
2025-06-01,Mid Luxury SUV,bmw,x5,xDrive50e,1391,83352.66930265995
2025-06-01,Mid Luxury SUV,bmw,x5_xdrive45e,Competition,94,144031.48936170212
2025-06-01,Mid Luxury SUV,bmw,x6,M60i,70,108475.97142857143
2025-06-01,Mid Luxury SUV,bmw,x6,xDrive40i,173,86072.93063583814
2025-06-01,Mid Luxury SUV,cadillac,xt5,Coachbuilder- Funeral Hearse,7,46213.0
2025-06-01,Mid Luxury SUV,cadillac,xt5,Luxury,808,45418.11633663366
2025-06-01,Mid Luxury SUV,cadillac,xt5,Premium Luxury,3985,54980.30740276035
2025-06-01,Mid Luxury SUV,cadillac,xt5,Sport,664,61683.02710843374
2025-06-01,Mid Luxury SUV,cadillac,xt6,Luxury,1194,49649.87018425461
2025-06-01,Mid Luxury SUV,cadillac,xt6,Premium Luxury,2511,60365.60254878535
2025-06-01,Mid Luxury SUV,cadillac,xt6,Sport,795,66451.16729559748
2025-06-01,Mid Luxury SUV,genesis,gv80,2.5T,67,61529.32835820896
2025-06-01,Mid Luxury SUV,genesis,gv80,2.5T Advanced,630,68477.64603174603
2025-06-01,Mid Luxury SUV,genesis,gv80,2.5T Prestige,603,73271.09452736318
2025-06-01,Mid Luxury SUV,genesis,gv80,2.5T Select,398,64554.73366834171
2025-06-01,Mid Luxury SUV,genesis,gv80,2.5T Standard,340,60597.26764705883
2025-06-01,Mid Luxury SUV,genesis,gv80,3.5T,108,73392.07476635514
2025-06-01,Mid Luxury SUV,genesis,gv80,3.5T Advanced,516,76340.41472868217
2025-06-01,Mid Luxury SUV,genesis,gv80,3.5T Prestige,1,64810.0
2025-06-01,Mid Luxury SUV,genesis,gv80,3.5T Prestige Signature,2818,82283.56777856636
2025-06-01,Mid Luxury SUV,genesis,gv80_coupe,3.5T E-SC,741,88132.14304993252
2025-06-01,Mid Luxury SUV,genesis,gv80_coupe,3.5T V6 AWD,65,82112.84615384616
2025-06-01,Mid Luxury SUV,genesis,gv80_coupe,3.5T e-SC,4,88146.0
2025-06-01,Mid Luxury SUV,ineos,grenadier,1924 Limited Edition,221,94504.99095022625
2025-06-01,Mid Luxury SUV,ineos,grenadier,Base,496,85881.18145161291
2025-06-01,Mid Luxury SUV,ineos,grenadier,Fieldmaster,177,87279.90960451978
2025-06-01,Mid Luxury SUV,ineos,grenadier,Trialmaster,92,86827.90217391304
2025-06-01,Mid Luxury SUV,infiniti,qx60,Autograph,1472,68039.78940217392
2025-06-01,Mid Luxury SUV,infiniti,qx60,Luxe,3014,59476.411413404116
2025-06-01,Mid Luxury SUV,infiniti,qx60,Pure,742,52153.28706199461
2025-06-01,Mid Luxury SUV,infiniti,qx60,Sensory,505,63562.78613861386
2025-06-01,Mid Luxury SUV,jaguar,f_pace,P250 R-Dynamic S,1823,65219.63960504663
2025-06-01,Mid Luxury SUV,jaguar,f_pace,P400 R-Dynamic S,594,76473.58754208754
2025-06-01,Mid Luxury SUV,jaguar,f_pace,SVR 575 EDITION,63,100569.2258064516
2025-06-01,Mid Luxury SUV,land_rover,defender,110 P300 S,1065,73023.76995305164
2025-06-01,Mid Luxury SUV,land_rover,defender,110 P400 S,715,79507.40979020979
2025-06-01,Mid Luxury SUV,land_rover,defender,110 P400 X,163,100204.93251533742
2025-06-01,Mid Luxury SUV,land_rover,defender,110 P400 X-Dynamic SE,943,85982.55143160127
2025-06-01,Mid Luxury SUV,land_rover,defender,110 P500 X-Dynamic SE,303,107137.83828382839
2025-06-01,Mid Luxury SUV,land_rover,defender,110 S,1,85898.0
2025-06-01,Mid Luxury SUV,land_rover,defender,110 V8,1,111602.0
2025-06-01,Mid Luxury SUV,land_rover,defender,110 V8 P500 SE,78,101030.5
2025-06-01,Mid Luxury SUV,land_rover,defender,110 V8 P525,290,119887.86551724139
2025-06-01,Mid Luxury SUV,land_rover,defender,110 V8 P525 Carpathian Edition,1,123168.0
2025-06-01,Mid Luxury SUV,land_rover,defender,130 P300 S,193,81356.8031088083
2025-06-01,Mid Luxury SUV,land_rover,defender,130 P400 Outbound,36,93534.86111111111
2025-06-01,Mid Luxury SUV,land_rover,defender,130 P400 S,183,88805.30601092897
2025-06-01,Mid Luxury SUV,land_rover,defender,130 P400 X,52,107583.32692307692
2025-06-01,Mid Luxury SUV,land_rover,defender,130 P400 X-Dynamic SE,496,95207.37298387097
2025-06-01,Mid Luxury SUV,land_rover,defender,130 P500 V8,129,126826.25581395348
2025-06-01,Mid Luxury SUV,land_rover,defender,130 SE,5,109737.8
2025-06-01,Mid Luxury SUV,land_rover,defender,130 V8 P500,16,117004.0625
2025-06-01,Mid Luxury SUV,land_rover,defender,90 P300 S,169,67103.52380952382
2025-06-01,Mid Luxury SUV,land_rover,defender,90 P400 X-Dynamic SE,215,79349.86046511628
2025-06-01,Mid Luxury SUV,land_rover,defender,90 V8,26,110312.11538461539
2025-06-01,Mid Luxury SUV,land_rover,defender,90 V8 Carpathian Edition,13,116883.23076923077
2025-06-01,Mid Luxury SUV,land_rover,defender,90 X-Dynamic SE,1,70465.0
2025-06-01,Mid Luxury SUV,land_rover,defender,P400 Sedona Red Edition,23,87036.47826086957
2025-06-01,Mid Luxury SUV,land_rover,defender,P635 OCTA,66,163199.4090909091
2025-06-01,Mid Luxury SUV,land_rover,defender,P635 OCTA Edition One,31,170440.32258064515
2025-06-01,Mid Luxury SUV,land_rover,discovery,P300 Dynamic SE,267,73050.68164794007
2025-06-01,Mid Luxury SUV,land_rover,discovery,P300 S,308,67369.44155844155
2025-06-01,Mid Luxury SUV,land_rover,discovery,P360 Dynamic SE,606,79394.18151815182
2025-06-01,Mid Luxury SUV,land_rover,discovery,P360 HSE R-Dynamic,1,75497.0
2025-06-01,Mid Luxury SUV,land_rover,discovery,P360 Metropolitan,135,85985.65925925926
2025-06-01,Mid Luxury SUV,land_rover,discovery,P360 Metropolitan Edition,2,80082.0
2025-06-01,Mid Luxury SUV,land_rover,range_rover_velar,Autobiography,43,87756.6046511628
2025-06-01,Mid Luxury SUV,land_rover,range_rover_velar,Dynamic SE,1072,74319.23227611941
2025-06-01,Mid Luxury SUV,land_rover,range_rover_velar,P250 Dynamic SE,590,72721.85254237289
2025-06-01,Mid Luxury SUV,land_rover,range_rover_velar,P250 S,336,68013.02380952382
2025-06-01,Mid Luxury SUV,land_rover,range_rover_velar,P340 R-Dynamic S,1,78620.0
2025-06-01,Mid Luxury SUV,land_rover,range_rover_velar,P400 Autobiography,5,88079.0
2025-06-01,Mid Luxury SUV,land_rover,range_rover_velar,P400 Dynamic HSE,39,86704.61538461539
2025-06-01,Mid Luxury SUV,land_rover,range_rover_velar,P400 Dynamic SE,231,79596.4025974026
2025-06-01,Mid Luxury SUV,land_rover,range_rover_velar,S,452,68080.42256637168
2025-06-01,Mid Luxury SUV,lexus,gx_series,Base,1,62560.0
2025-06-01,Mid Luxury SUV,lexus,gx_series,Luxury,1,81844.0
2025-06-01,Mid Luxury SUV,lexus,gx_series,Luxury+,236,85535.63983050847
2025-06-01,Mid Luxury SUV,lexus,gx_series,Overtrail,25,77992.72
2025-06-01,Mid Luxury SUV,lexus,gx_series,Overtrail+,48,83419.625
2025-06-01,Mid Luxury SUV,lexus,gx_series,Premium,5,69185.8
2025-06-01,Mid Luxury SUV,lexus,gx_series,Premium+,159,73347.44025157233
2025-06-01,Mid Luxury SUV,lexus,rx_series,Base,10,52136.8
2025-06-01,Mid Luxury SUV,lexus,rx_series,F SPORT Design,139,59863.69294964028
2025-06-01,Mid Luxury SUV,lexus,rx_series,F SPORT Handling,29,64308.642857142855
2025-06-01,Mid Luxury SUV,lexus,rx_series,F SPORT Performance,21,77459.71428571429
2025-06-01,Mid Luxury SUV,lexus,rx_series,Luxury,369,73096.51596205962
2025-06-01,Mid Luxury SUV,lexus,rx_series,Premium,1831,57377.19496450029
2025-06-01,Mid Luxury SUV,lexus,rx_series,Premium+,553,61190.58526220616
2025-06-01,Mid Luxury SUV,lexus,tx,Base,155,62613.23225806452
2025-06-01,Mid Luxury SUV,lexus,tx,F SPORT Handling,197,68421.16751269036
2025-06-01,Mid Luxury SUV,lexus,tx,F SPORT Performance Luxury,72,77816.84722222222
2025-06-01,Mid Luxury SUV,lexus,tx,F SPORT Performance Premium,459,74128.25490196078
2025-06-01,Mid Luxury SUV,lexus,tx,F SPORT Premium,13,74613.0
2025-06-01,Mid Luxury SUV,lexus,tx,Luxury,601,71913.14357737104
2025-06-01,Mid Luxury SUV,lexus,tx,Premium,2103,64275.79267712791
2025-06-01,Mid Luxury SUV,lincoln,aviator,Black Label,696,84164.4051724138
2025-06-01,Mid Luxury SUV,lincoln,aviator,Black Label Grand Touring,1,83212.0
2025-06-01,Mid Luxury SUV,lincoln,aviator,Grand Touring,5,74498.6
2025-06-01,Mid Luxury SUV,lincoln,aviator,Livery,13,59840.38461538462
2025-06-01,Mid Luxury SUV,lincoln,aviator,Premiere,1327,61089.09193669932
2025-06-01,Mid Luxury SUV,lincoln,aviator,Reserve,3364,70927.3938763377
2025-06-01,Mid Luxury SUV,lincoln,nautilus,Black Label,805,73060.35652173913
2025-06-01,Mid Luxury SUV,lincoln,nautilus,Premiere,3894,55080.18438623523
2025-06-01,Mid Luxury SUV,lincoln,nautilus,Reserve,4140,62135.703140096615
2025-06-01,Mid Luxury SUV,lincoln,nautilus,Standard,1,50970.0
2025-06-01,Mid Luxury SUV,mercedes_benz,benz_amg_gle,4MATIC+,31,101942.51612903226
2025-06-01,Mid Luxury SUV,mercedes_benz,gle_class,4MATIC,2523,81442.89508521602
2025-06-01,Mid Luxury SUV,mercedes_benz,gle_class,AMG GLE 53,2800,100275.29392857142
2025-06-01,Mid Luxury SUV,mercedes_benz,gle_class,AMG GLE 63 S,785,141095.27168367346
2025-06-01,Mid Luxury SUV,mercedes_benz,gle_class,GLE 350 4MATIC,2391,73152.89753241322
2025-06-01,Mid Luxury SUV,mercedes_benz,gle_class,GLE 450 4MATIC,1505,83346.42126245848
2025-06-01,Mid Luxury SUV,mercedes_benz,gle_class,GLE 450e 4MATIC,537,81710.87523277468
2025-06-01,Mid Luxury SUV,mercedes_benz,gle_class,GLE 580 4MATIC,308,99270.87012987013
2025-06-01,Mid Luxury SUV,volvo,xc90,B5 Core,681,60516.77826725404
2025-06-01,Mid Luxury SUV,volvo,xc90,B5 Core Bright Theme,4,59208.75
2025-06-01,Mid Luxury SUV,volvo,xc90,B5 Plus,93,62447.2688172043
2025-06-01,Mid Luxury SUV,volvo,xc90,B5 Plus 6-Seater,313,65708.47923322684
2025-06-01,Mid Luxury SUV,volvo,xc90,B5 Plus 7-Seater,571,65139.73204903678
2025-06-01,Mid Luxury SUV,volvo,xc90,B5 Plus Bright Theme,8,61278.57142857143
2025-06-01,Mid Luxury SUV,volvo,xc90,B5 Ultra,20,67527.05
2025-06-01,Mid Luxury SUV,volvo,xc90,B5 Ultra 6-Seater,32,70113.15625
2025-06-01,Mid Luxury SUV,volvo,xc90,B5 Ultra 7-Seater,15,71685.46666666666
2025-06-01,Mid Luxury SUV,volvo,xc90,B6 Core,384,65271.205729166664
2025-06-01,Mid Luxury SUV,volvo,xc90,B6 Plus 6-Seater,175,69692.99428571429
2025-06-01,Mid Luxury SUV,volvo,xc90,B6 Plus 6P,113,66886.81415929203
2025-06-01,Mid Luxury SUV,volvo,xc90,B6 Plus 7-Seater,1376,68870.91569767441
2025-06-01,Mid Luxury SUV,volvo,xc90,B6 Plus 7P,710,65305.597183098595
2025-06-01,Mid Luxury SUV,volvo,xc90,B6 Plus Bright Theme 6P,9,66730.22222222222
2025-06-01,Mid Luxury SUV,volvo,xc90,B6 Plus Bright Theme 7P,36,61977.71428571428
2025-06-01,Mid Luxury SUV,volvo,xc90,B6 Ultimate Bright Theme 6P,5,77369.6
2025-06-01,Mid Luxury SUV,volvo,xc90,B6 Ultimate Bright Theme 7P,27,69658.07407407407
2025-06-01,Mid Luxury SUV,volvo,xc90,B6 Ultra,700,74531.05142857143
2025-06-01,Mid Luxury SUV,volvo,xc90,B6 Ultra 6-Seater,5,78385.0
2025-06-01,Mid Luxury SUV,volvo,xc90,B6 Ultra 6P,74,74219.2027027027
2025-06-01,Mid Luxury SUV,volvo,xc90,B6 Ultra 7-Seater,31,75286.45161290323
2025-06-01,Mid Luxury SUV,volvo,xc90,B6 Ultra 7P,168,73292.48809523809
2025-06-01,Mid Luxury SUV,volvo,xc90,B6 Ultra Bright Theme 6P,1,64200.0
2025-06-01,Mid Luxury SUV,volvo,xc90,B6 Ultra Bright Theme 7P,3,68596.33333333333
2025-06-01,Mid Luxury SUV,volvo,xc90,B6 Ultra Dark Theme 6-Seater,46,77768.45652173914
2025-06-01,Mid Luxury SUV,volvo,xc90,B6 Ultra Dark Theme 7-Seater,36,77869.13888888889
2025-06-01,Mid Luxury SUV,volvo,xc90,T8 Core,43,73179.48837209302
2025-06-01,Mid Luxury SUV,volvo,xc90,T8 Core 7-Seater,226,74402.53982300885
2025-06-01,Mid Luxury SUV,volvo,xc90,T8 Core Bright Theme,2,76502.5
2025-06-01,Mid Luxury SUV,volvo,xc90,T8 Plus 6-Seater,237,78824.32067510548
2025-06-01,Mid Luxury SUV,volvo,xc90,T8 Plus 6P,101,76586.08910891089
2025-06-01,Mid Luxury SUV,volvo,xc90,T8 Plus 7-Seater,1649,77540.23165554882
2025-06-01,Mid Luxury SUV,volvo,xc90,T8 Plus 7P,66,74395.95454545454
2025-06-01,Mid Luxury SUV,volvo,xc90,T8 Plus Bright Theme 6P,5,69626.4
2025-06-01,Mid Luxury SUV,volvo,xc90,T8 Plus Bright Theme 7P,28,73491.71428571429
2025-06-01,Mid Luxury SUV,volvo,xc90,T8 Ultimate Bright Theme 6P,5,80621.6
2025-06-01,Mid Luxury SUV,volvo,xc90,T8 Ultimate Bright Theme 7P,7,81581.57142857143
2025-06-01,Mid Luxury SUV,volvo,xc90,T8 Ultra 6-Seater,174,85163.8908045977
2025-06-01,Mid Luxury SUV,volvo,xc90,T8 Ultra 6P,73,83068.95890410959
2025-06-01,Mid Luxury SUV,volvo,xc90,T8 Ultra 7-Seater,1123,81659.68655387356
2025-06-01,Mid Luxury SUV,volvo,xc90,T8 Ultra 7P,117,80452.1452991453
2025-06-01,Mid Luxury SUV,volvo,xc90,T8 Ultra Dark Theme 6-Seater,4,88291.75
2025-06-01,Mid Luxury SUV,volvo,xc90,T8 Ultra Dark Theme 7-Seater,4,88403.75
2025-06-01,Near Luxury Car,acura,tlx,Base,3,42134.0
2025-06-01,Near Luxury Car,acura,tlx,SH-AWD Type S,73,59709.24657534246
2025-06-01,Near Luxury Car,acura,tlx,SH-AWD w/A-SPEC,1627,52058.03384615385
2025-06-01,Near Luxury Car,acura,tlx,SH-AWD w/Advance,1,53134.0
2025-06-01,Near Luxury Car,acura,tlx,w/Tech,1014,47043.989151873764
2025-06-01,Near Luxury Car,alfa_romeo,giulia,Base,188,51629.03191489362
2025-06-01,Near Luxury Car,alfa_romeo,giulia,Competizione,1,48996.0
2025-06-01,Near Luxury Car,alfa_romeo,giulia,Quadrifoglio,68,84984.15151515152
2025-06-01,Near Luxury Car,alfa_romeo,giulia,Quadrifoglio Carbon,17,83230.4705882353
2025-06-01,Near Luxury Car,alfa_romeo,giulia,Special Edition AWD,12,52109.916666666664
2025-06-01,Near Luxury Car,alfa_romeo,giulia,Special Edition RWD,2,49952.5
2025-06-01,Near Luxury Car,alfa_romeo,giulia,Sprint,191,48160.523560209425
2025-06-01,Near Luxury Car,alfa_romeo,giulia,Ti,44,46215.704545454544
2025-06-01,Near Luxury Car,alfa_romeo,giulia,Veloce,38,49524.94736842105
2025-06-01,Near Luxury Car,audi,a4_s4,quattro Premium 40 TFSI,2,44073.0
2025-06-01,Near Luxury Car,audi,a4_s4,quattro S line Prem Plus 45 TFSI,7,51813.0
2025-06-01,Near Luxury Car,audi,a4_s4,quattro S line Premium 45 TFSI,8,47009.5
2025-06-01,Near Luxury Car,audi,a5,Premium,346,53678.43641618497
2025-06-01,Near Luxury Car,audi,a5,Premium Plus,1194,57023.7621440536
2025-06-01,Near Luxury Car,audi,a5,Premium Plus TFSI quattro S tronic,204,56874.33823529412
2025-06-01,Near Luxury Car,audi,a5,Premium TFSI quattro S tronic,379,53769.34036939314
2025-06-01,Near Luxury Car,audi,a5,Prestige,120,59013.058333333334
2025-06-01,Near Luxury Car,audi,a5,Prestige TFSI quattro S tronic,66,59047.34848484849
2025-06-01,Near Luxury Car,audi,a5,quattro Premium 40 TFSI,1,49905.0
2025-06-01,Near Luxury Car,audi,a5,quattro Premium 45 TFSI,4,59363.0
2025-06-01,Near Luxury Car,audi,a5,quattro Premium Plus 45 TFSI,9,63747.444444444445
2025-06-01,Near Luxury Car,audi,a5,quattro Prestige 45 TFSI,3,68125.0
2025-06-01,Near Luxury Car,audi,a5,quattro S line Prem Plus 45 TFSI,348,56281.30172413793
2025-06-01,Near Luxury Car,audi,a5,quattro S line Premium 45 TFSI,326,49751.315950920245
2025-06-01,Near Luxury Car,audi,a5,quattro S line Prestige 45 TFSI,2,62190.0
2025-06-01,Near Luxury Car,audi,a5_s5,Premium TFSI quattro Tiptronic,1,58175.0
2025-06-01,Near Luxury Car,audi,a5_s5_rs_5,2.9T quattro,16,89380.3125
2025-06-01,Near Luxury Car,audi,s5,3.0 TFSI quattro Progressiv,10,61235.2
2025-06-01,Near Luxury Car,audi,s5,3.0T quattro Premium,4,59756.0
2025-06-01,Near Luxury Car,audi,s5,3.0T quattro Premium Plus,157,68301.36108974359
2025-06-01,Near Luxury Car,audi,s5,3.0T quattro Prestige,12,74139.83333333333
2025-06-01,Near Luxury Car,audi,s5,Premium,6,66944.0
2025-06-01,Near Luxury Car,audi,s5,Premium Plus,175,72100.75428571428
2025-06-01,Near Luxury Car,audi,s5,Premium Plus TFSI quattro S tronic,55,71741.74545454545
2025-06-01,Near Luxury Car,audi,s5,Prestige,108,74240.17592592593
2025-06-01,Near Luxury Car,audi,s5,Prestige TFSI quattro S tronic,18,74679.44444444444
2025-06-01,Near Luxury Car,bmw,3_series,330e,3,50676.666666666664
2025-06-01,Near Luxury Car,bmw,3_series,330i,1276,51850.03369905956
2025-06-01,Near Luxury Car,bmw,3_series,330i xDrive,1156,53580.1929065744
2025-06-01,Near Luxury Car,bmw,3_series,M340i,61,66423.6393442623
2025-06-01,Near Luxury Car,bmw,3_series,M340i xDrive,193,69314.39378238341
2025-06-01,Near Luxury Car,bmw,3_series,xDrive,103,52624.796116504855
2025-06-01,Near Luxury Car,bmw,4_series,430i,625,62177.45368
2025-06-01,Near Luxury Car,bmw,4_series,430i Gran Coupe,111,55644.61261261261
2025-06-01,Near Luxury Car,bmw,4_series,430i xDrive,416,64247.82326923077
2025-06-01,Near Luxury Car,bmw,4_series,430i xDrive Gran Coupe,56,57263.33928571428
2025-06-01,Near Luxury Car,bmw,4_series,M440i,197,73658.62045685279
2025-06-01,Near Luxury Car,bmw,4_series,M440i Gran Coupe,4,68827.0
2025-06-01,Near Luxury Car,bmw,4_series,M440i xDrive,209,76921.72971153846
2025-06-01,Near Luxury Car,bmw,4_series,M440i xDrive Gran Coupe,5,69568.4
2025-06-01,Near Luxury Car,bmw,4_series,xDrive,50,60499.57959183673
2025-06-01,Near Luxury Car,bmw,4_series_gran_coupe,xDrive,35,71953.34285714285
2025-06-01,Near Luxury Car,bmw,m3,Base,24,89384.16666666667
2025-06-01,Near Luxury Car,bmw,m3,Competition,10,91074.9
2025-06-01,Near Luxury Car,bmw,m3,Competition xDrive,83,99462.51807228915
2025-06-01,Near Luxury Car,bmw,m4,Base,25,88532.0
2025-06-01,Near Luxury Car,bmw,m4,CS,20,131992.52631578947
2025-06-01,Near Luxury Car,bmw,m4,Competition,283,102303.42402826855
2025-06-01,Near Luxury Car,bmw,m4,Competition xDrive,92,100961.0956043956
2025-06-01,Near Luxury Car,cadillac,ct5,Base,23,65578.43478260869
2025-06-01,Near Luxury Car,cadillac,ct5,Blackwing,86,117828.16279069768
2025-06-01,Near Luxury Car,cadillac,ct5,Luxury,1,43815.0
2025-06-01,Near Luxury Car,cadillac,ct5,Premium Luxury,1225,53395.181224489796
2025-06-01,Near Luxury Car,cadillac,ct5,Premium Luxury RWD,205,59384.336585365854
2025-06-01,Near Luxury Car,cadillac,ct5,Sport,873,54530.98510882016
2025-06-01,Near Luxury Car,cadillac,ct5,Sport RWD,4,57312.25
2025-06-01,Near Luxury Car,cadillac,ct5,V-Series RWD,173,65593.98265895953
2025-06-01,Near Luxury Car,genesis,g70,2.0T Prestige,4,42391.25
2025-06-01,Near Luxury Car,genesis,g70,2.5T,71,45061.77464788732
2025-06-01,Near Luxury Car,genesis,g70,2.5T AWD,78,47203.179487179485
2025-06-01,Near Luxury Car,genesis,g70,2.5T AWD Prestige,1,52245.0
2025-06-01,Near Luxury Car,genesis,g70,2.5T Prestige,265,48197.70566037736
2025-06-01,Near Luxury Car,genesis,g70,2.5T RWD,74,45133.28378378379
2025-06-01,Near Luxury Car,genesis,g70,2.5T RWD Prestige,253,50022.52569169961
2025-06-01,Near Luxury Car,genesis,g70,2.5T Standard,570,45230.638596491226
2025-06-01,Near Luxury Car,genesis,g70,3.3T AWD Sport Prestige,424,54507.04009433962
2025-06-01,Near Luxury Car,genesis,g70,3.3T RWD Sport Prestige,105,55231.36190476191
2025-06-01,Near Luxury Car,genesis,g70,3.3T Sport,8,47634.75
2025-06-01,Near Luxury Car,genesis,g70,3.3T Sport Advanced,714,54943.93697478992
2025-06-01,Near Luxury Car,genesis,g70,3.3T Standard,1,54348.0
2025-06-01,Near Luxury Car,infiniti,q50,Luxe,5,44946.2
2025-06-01,Near Luxury Car,infiniti,q50,Red Sport 400,30,58048.9
2025-06-01,Near Luxury Car,infiniti,q50,Sensory,14,51343.21428571428
2025-06-01,Near Luxury Car,lexus,es_series,Base,1555,49321.98987781351
2025-06-01,Near Luxury Car,lexus,es_series,F SPORT 2,2,50757.0
2025-06-01,Near Luxury Car,lexus,es_series,F SPORT Design,115,50661.66086956522
2025-06-01,Near Luxury Car,lexus,es_series,F SPORT Handling,61,53619.2131147541
2025-06-01,Near Luxury Car,lexus,es_series,Luxury,310,54701.556580645156
2025-06-01,Near Luxury Car,lexus,es_series,Ultra Luxury,176,55910.56886363637
2025-06-01,Near Luxury Car,lexus,is_series,Base,219,46451.479452054795
2025-06-01,Near Luxury Car,lexus,is_series,F SPORT,415,53811.45874698795
2025-06-01,Near Luxury Car,lexus,is_series,F SPORT Design,324,46431.41512345679
2025-06-01,Near Luxury Car,lexus,is_series,F SPORT Performance,5,80756.0
2025-06-01,Near Luxury Car,lexus,rc_series,Base,4,47476.0
2025-06-01,Near Luxury Car,lexus,rc_series,F SPORT,51,58676.3
2025-06-01,Near Luxury Car,lexus,rc_series,Final Edition,13,98576.30769230769
2025-06-01,Near Luxury Car,lexus,rc_series,Track Edition,4,100794.5
2025-06-01,Near Luxury Car,mercedes_benz,c_class,AMG C 43,432,71439.125
2025-06-01,Near Luxury Car,mercedes_benz,c_class,AMG C 63 S E Performance,241,98094.65560165975
2025-06-01,Near Luxury Car,mercedes_benz,c_class,C 300,3148,53884.574015247774
2025-06-01,Near Luxury Car,mercedes_benz,c_class,C 300 4MATIC,2545,56093.82389937107
2025-06-01,Near Luxury Car,volvo,s60_v60,B5 Core,69,45387.42028985507
2025-06-01,Near Luxury Car,volvo,s60_v60,B5 Core Dark Theme,66,43197.969696969696
2025-06-01,Near Luxury Car,volvo,s60_v60,B5 Plus,197,52728.519695431474
2025-06-01,Near Luxury Car,volvo,s60_v60,B5 Plus Black Edition,22,47845.318181818184
2025-06-01,Near Luxury Car,volvo,s60_v60,B5 Plus Dark Theme,103,45939.06796116505
2025-06-01,Near Luxury Car,volvo,s60_v60,B5 Ultimate,3,58025.0
2025-06-01,Near Luxury Car,volvo,s60_v60,B5 Ultimate Dark Theme,3,49575.0
2025-06-01,Near Luxury Car,volvo,s60_v60,B5 Ultra,199,58627.94472361809
2025-06-01,Near Luxury Car,volvo,s60_v60,T8 Core Dark Theme,3,53006.333333333336
2025-06-01,Near Luxury Car,volvo,s60_v60,T8 Plus,5,57499.2
2025-06-01,Near Luxury Car,volvo,s60_v60,T8 Plus Dark Theme,3,50440.333333333336
2025-06-01,Near Luxury Car,volvo,s60_v60,T8 Polestar Engineered,1,72645.0
2025-06-01,Near Luxury EV SUV,audi,q4_e_tron,Premium 45 RWD,182,52633.414364640885
2025-06-01,Near Luxury EV SUV,audi,q4_e_tron,Premium 45 quattro,174,55276.5632183908
2025-06-01,Near Luxury EV SUV,audi,q4_e_tron,quattro Premium 55 TFSI,318,59430.48427672956
2025-06-01,Near Luxury EV SUV,audi,q4_e_tron,quattro Premium Plus 50 TFSI,1,65390.0
2025-06-01,Near Luxury EV SUV,audi,q4_e_tron,quattro Premium Plus 55,236,64401.45338983051
2025-06-01,Near Luxury EV SUV,audi,q4_e_tron,quattro Premium Plus 55 TFSI,694,61875.873198847265
2025-06-01,Near Luxury EV SUV,audi,q4_e_tron,quattro Prestige 55 TFSI,204,65339.799019607846
2025-06-01,Near Luxury EV SUV,cadillac,optiq,Luxury,430,55944.46744186046
2025-06-01,Near Luxury EV SUV,cadillac,optiq,Luxury 1 AWD,325,55495.68615384615
2025-06-01,Near Luxury EV SUV,cadillac,optiq,Luxury 2 AWD,144,58696.23611111111
2025-06-01,Near Luxury EV SUV,cadillac,optiq,Sport,446,57425.64349775785
2025-06-01,Near Luxury EV SUV,cadillac,optiq,Sport 1 AWD,380,56281.0552631579
2025-06-01,Near Luxury EV SUV,cadillac,optiq,Sport 2 AWD,311,59259.897106109325
2025-06-01,Near Luxury EV SUV,genesis,gv70_ev,Advanced,134,67631.08208955223
2025-06-01,Near Luxury EV SUV,genesis,gv70_ev,Advanced AWD,161,71681.8875
2025-06-01,Near Luxury EV SUV,genesis,gv70_ev,Base,137,69754.79562043796
2025-06-01,Near Luxury EV SUV,genesis,gv70_ev,Prestige,1,68740.0
2025-06-01,Near Luxury EV SUV,genesis,gv70_ev,Prestige AWD,58,77826.3448275862
2025-06-01,Near Luxury EV SUV,genesis,gv70_ev,Standard,213,66718.09952606635
2025-06-01,Near Luxury EV SUV,lexus,rz_series,Luxury,6,60247.166666666664
2025-06-01,Near Luxury EV SUV,lexus,rz_series,Premium,871,52774.51663605052
2025-06-01,Near Luxury EV SUV,mercedes_benz,eqb,EQB 250,25,58425.96
2025-06-01,Near Luxury EV SUV,mercedes_benz,eqb,EQB 250+,316,58310.29746835443
2025-06-01,Near Luxury EV SUV,mercedes_benz,eqb,EQB 300 4MATIC,707,62911.91513437058
2025-06-01,Near Luxury EV SUV,mercedes_benz,eqb,EQB 350 4MATIC,122,66097.73770491804
2025-06-01,Near Luxury EV SUV,porsche,macan_electric,4S,516,103208.01162790698
2025-06-01,Near Luxury SUV,acura,rdx,A-SPEC Advance Package,41,54335.0
2025-06-01,Near Luxury SUV,acura,rdx,SH-AWD,888,46490.00789177001
2025-06-01,Near Luxury SUV,acura,rdx,SH-AWD w/A-SPEC,1251,52109.86011191047
2025-06-01,Near Luxury SUV,acura,rdx,SH-AWD w/Advance,1048,54208.16125954199
2025-06-01,Near Luxury SUV,acura,rdx,SH-AWD w/Advance w/A-SPEC,1185,56219.94087837838
2025-06-01,Near Luxury SUV,acura,rdx,SH-AWD w/Platinum Elite w/A-SPEC,90,56298.42222222222
2025-06-01,Near Luxury SUV,acura,rdx,SH-AWD w/Tech,1602,49067.910112359554
2025-06-01,Near Luxury SUV,alfa_romeo,stelvio,AWD,30,55085.0
2025-06-01,Near Luxury SUV,alfa_romeo,stelvio,Base,29,54486.206896551725
2025-06-01,Near Luxury SUV,alfa_romeo,stelvio,Competizione,1,56000.0
2025-06-01,Near Luxury SUV,alfa_romeo,stelvio,Quadrifoglio,91,89638.07692307692
2025-06-01,Near Luxury SUV,alfa_romeo,stelvio,Quadrifoglio Carbon,6,87017.33333333333
2025-06-01,Near Luxury SUV,alfa_romeo,stelvio,Special Edition Tributo Italiano AWD,114,57068.36842105263
2025-06-01,Near Luxury SUV,alfa_romeo,stelvio,Sprint,440,53365.9
2025-06-01,Near Luxury SUV,alfa_romeo,stelvio,Ti,29,49668.51724137931
2025-06-01,Near Luxury SUV,alfa_romeo,stelvio,Veloce,29,51994.58620689655
2025-06-01,Near Luxury SUV,audi,q5_sq5,Premium,790,57616.08860759494
2025-06-01,Near Luxury SUV,audi,q5_sq5,Premium 55 TFSI e S line quattro S tronic,1,63985.0
2025-06-01,Near Luxury SUV,audi,q5_sq5,Premium Plus,2016,60675.274305555555
2025-06-01,Near Luxury SUV,audi,q5_sq5,Premium Plus 40 TFSI quattro S tronic,1,57330.0
2025-06-01,Near Luxury SUV,audi,q5_sq5,Premium Plus 45 TFSI S line quattro S tronic,2,58740.0
2025-06-01,Near Luxury SUV,audi,q5_sq5,Premium Plus 55 TFSI e S line quattro S tronic,8,67294.75
2025-06-01,Near Luxury SUV,audi,q5_sq5,Premium Plus TFSI quattro S tronic,804,60742.39054726368
2025-06-01,Near Luxury SUV,audi,q5_sq5,Premium TFSI quattro S tronic,482,57651.433609958505
2025-06-01,Near Luxury SUV,audi,q5_sq5,Prestige,294,63995.54081632653
2025-06-01,Near Luxury SUV,audi,q5_sq5,Prestige TFSI quattro S tronic,89,64133.089887640446
2025-06-01,Near Luxury SUV,audi,q5_sq5,e quattro S line Prem Pl 55 TFSI,886,66745.94469525959
2025-06-01,Near Luxury SUV,audi,q5_sq5,e quattro S line Premium 55 TFSI,88,61567.306818181816
2025-06-01,Near Luxury SUV,audi,q5_sq5,e quattro S line Prestg 55 TFSI,9,71684.55555555556
2025-06-01,Near Luxury SUV,audi,q5_sq5,quattro Premium 40 TFSI,67,48729.27272727273
2025-06-01,Near Luxury SUV,audi,q5_sq5,quattro Premium Plus 40 TFSI,22,53358.318181818184
2025-06-01,Near Luxury SUV,audi,q5_sq5,quattro Prestige 40 TFSI,1,51400.0
2025-06-01,Near Luxury SUV,audi,q5_sq5,quattro Progressiv 45 TFSI,2,56725.0
2025-06-01,Near Luxury SUV,audi,q5_sq5,quattro S line Prem Plus 45 TFSI,599,57905.27045075125
2025-06-01,Near Luxury SUV,audi,q5_sq5,quattro S line Premium 45 TFSI,286,52149.228070175435
2025-06-01,Near Luxury SUV,audi,q5_sq5,quattro S line Prestige 45 TFSI,27,61919.38461538462
2025-06-01,Near Luxury SUV,audi,q5_sq5,quattro Technik 45 TFSI,1,62810.0
2025-06-01,Near Luxury SUV,audi,sq5,3.0 TFSI quattro Technik,13,74886.84615384616
2025-06-01,Near Luxury SUV,audi,sq5,3.0T quattro Premium,2,60239.0
2025-06-01,Near Luxury SUV,audi,sq5,3.0T quattro Premium Plus,327,68470.14373088685
2025-06-01,Near Luxury SUV,audi,sq5,3.0T quattro Prestige,16,74603.8125
2025-06-01,Near Luxury SUV,audi,sq5,Premium Plus,378,73971.60582010582
2025-06-01,Near Luxury SUV,audi,sq5,Premium Plus TFSI quattro S tronic,34,73460.55882352941
2025-06-01,Near Luxury SUV,audi,sq5,Premium Plus TFSI quattro Tiptronic,2,70242.5
2025-06-01,Near Luxury SUV,audi,sq5,Prestige,2,74984.5
2025-06-01,Near Luxury SUV,bmw,x3,30 xDrive,6785,57114.15106853353
2025-06-01,Near Luxury SUV,bmw,x3,M40i,2,68317.5
2025-06-01,Near Luxury SUV,bmw,x3,M50 xDrive,437,72127.74828375287
2025-06-01,Near Luxury SUV,bmw,x3,sDrive30i,79,52282.4025974026
2025-06-01,Near Luxury SUV,bmw,x3,xDrive30i,51,54638.882352941175
2025-06-01,Near Luxury SUV,bmw,x4,Base,46,92445.69565217392
2025-06-01,Near Luxury SUV,bmw,x4,M40i,40,74372.45
2025-06-01,Near Luxury SUV,bmw,x4,xDrive30i,160,63212.83125
2025-06-01,Near Luxury SUV,cadillac,xt4,Luxury,19,42895.05263157895
2025-06-01,Near Luxury SUV,cadillac,xt4,Premium Luxury,1525,45908.15803278689
2025-06-01,Near Luxury SUV,cadillac,xt4,Sport,720,48591.05416666667
2025-06-01,Near Luxury SUV,genesis,gv70,2.5T,431,50410.97679814385
2025-06-01,Near Luxury SUV,genesis,gv70,2.5T Advanced,1525,57953.48196721311
2025-06-01,Near Luxury SUV,genesis,gv70,2.5T Advanced Plus,8,52154.25
2025-06-01,Near Luxury SUV,genesis,gv70,2.5T Prestige,15,57104.933333333334
2025-06-01,Near Luxury SUV,genesis,gv70,2.5T Select,865,53344.15953757225
2025-06-01,Near Luxury SUV,genesis,gv70,2.5T Sport Prestige,494,61250.85020242915
2025-06-01,Near Luxury SUV,genesis,gv70,2.5T Standard,322,52227.21183800623
2025-06-01,Near Luxury SUV,genesis,gv70,3.5T Sport,482,63746.78630705394
2025-06-01,Near Luxury SUV,genesis,gv70,3.5T Sport Advanced,105,65724.24761904762
2025-06-01,Near Luxury SUV,genesis,gv70,3.5T Sport Prestige,1289,72591.0232738557
2025-06-01,Near Luxury SUV,infiniti,qx50,Autograph,6,53655.833333333336
2025-06-01,Near Luxury SUV,infiniti,qx50,Luxe,990,48150.18383838384
2025-06-01,Near Luxury SUV,infiniti,qx50,Pure,161,43126.98757763975
2025-06-01,Near Luxury SUV,infiniti,qx50,Sensory,4,53747.25
2025-06-01,Near Luxury SUV,infiniti,qx50,Sport,656,52629.11737804878
2025-06-01,Near Luxury SUV,infiniti,qx55,Essential,235,56185.05957446808
2025-06-01,Near Luxury SUV,infiniti,qx55,Luxe,569,51403.6151142355
2025-06-01,Near Luxury SUV,infiniti,qx55,Sensory,120,59930.458333333336
2025-06-01,Near Luxury SUV,jaguar,e_pace,P250 R-Dynamic SE,181,53868.872928176796
2025-06-01,Near Luxury SUV,jaguar,e_pace,P250 SE,1,55575.0
2025-06-01,Near Luxury SUV,land_rover,discovery_sport,P250 Dynamic SE,269,58625.676579925654
2025-06-01,Near Luxury SUV,land_rover,discovery_sport,P250 S,687,53703.91266375546
2025-06-01,Near Luxury SUV,land_rover,discovery_sport,P250 S R-Dynamic,1,56770.0
2025-06-01,Near Luxury SUV,land_rover,discovery_sport,P250 SE,3,51494.666666666664
2025-06-01,Near Luxury SUV,land_rover,discovery_sport,P250 SE R-Dynamic,5,55780.6
2025-06-01,Near Luxury SUV,land_rover,range_rover_evoque,P250 Dynamic SE,397,61923.11335012595
2025-06-01,Near Luxury SUV,land_rover,range_rover_evoque,P250 R-Dynamic SE,1,60135.0
2025-06-01,Near Luxury SUV,land_rover,range_rover_evoque,P250 S,812,56110.46428571428
2025-06-01,Near Luxury SUV,lexus,nx_series,Base,785,51366.129554140134
2025-06-01,Near Luxury SUV,lexus,nx_series,F SPORT Handling,157,60347.52171974522
2025-06-01,Near Luxury SUV,lexus,nx_series,Luxury,432,58110.13627314815
2025-06-01,Near Luxury SUV,lexus,nx_series,Premium,1699,50851.842672160106
2025-06-01,Near Luxury SUV,maserati,grecale,Folgore,48,113429.29166666667
2025-06-01,Near Luxury SUV,maserati,grecale,GT,169,73277.76923076923
2025-06-01,Near Luxury SUV,maserati,grecale,Modena,306,85658.3366013072
2025-06-01,Near Luxury SUV,maserati,grecale,Trofeo,46,115692.73913043478
2025-06-01,Near Luxury SUV,mercedes_benz,benz_amg_glc,4MATIC,676,101844.14624071322
2025-06-01,Near Luxury SUV,mercedes_benz,glb,AMG GLB 35,284,64749.45070422535
2025-06-01,Near Luxury SUV,mercedes_benz,glb,GLB 250,1330,49695.46692015209
2025-06-01,Near Luxury SUV,mercedes_benz,glb,GLB 250 4MATIC,1272,51809.507474429585
2025-06-01,Near Luxury SUV,mercedes_benz,glc_class,4MATIC,3709,67082.0819627932
2025-06-01,Near Luxury SUV,mercedes_benz,glc_class,4MATIC SUV,772,58375.74642392718
2025-06-01,Near Luxury SUV,mercedes_benz,glc_class,AMG GLC 43,1157,77081.93431287813
2025-06-01,Near Luxury SUV,mercedes_benz,glc_class,GLC 300,2777,55714.930860640976
2025-06-01,Near Luxury SUV,mercedes_benz,glc_class,GLC 300 4MATIC,5227,60968.39162043237
2025-06-01,Near Luxury SUV,mercedes_benz,glc_class,GLC 350e 4MATIC,680,67809.31415929203
2025-06-01,Near Luxury SUV,porsche,macan,4 Electric,492,97337.34349593495
2025-06-01,Near Luxury SUV,porsche,macan,Base,2278,76992.43327480246
2025-06-01,Near Luxury SUV,porsche,macan,Electric,463,90186.18142548596
2025-06-01,Near Luxury SUV,porsche,macan,GTS,67,108026.10447761194
2025-06-01,Near Luxury SUV,porsche,macan,S,206,92346.02912621359
2025-06-01,Near Luxury SUV,porsche,macan,T,208,80436.90384615384
2025-06-01,Near Luxury SUV,porsche,macan,Turbo Electric,177,127725.23163841807
2025-06-01,Near Luxury SUV,volvo,xc60,B5 Core,1252,50163.039936102236
2025-06-01,Near Luxury SUV,volvo,xc60,B5 Core Dark Theme,8,43910.666666666664
2025-06-01,Near Luxury SUV,volvo,xc60,B5 Plus,2679,55124.547219111606
2025-06-01,Near Luxury SUV,volvo,xc60,B5 Plus Dark Theme,64,54128.65625
2025-06-01,Near Luxury SUV,volvo,xc60,B5 Ultimate Bright Theme,2,63555.0
2025-06-01,Near Luxury SUV,volvo,xc60,B5 Ultimate Dark Theme,1,58070.0
2025-06-01,Near Luxury SUV,volvo,xc60,B5 Ultra,1090,61014.87614678899
2025-06-01,Near Luxury SUV,volvo,xc60,B5 Ultra Black Edition,38,64036.15789473684
2025-06-01,Near Luxury SUV,volvo,xc60,B6 Ultimate Bright Theme,2,66670.0
2025-06-01,Near Luxury SUV,volvo,xc60,Plus Dark Theme,63,59039.52380952381
2025-06-01,Near Luxury SUV,volvo,xc60,T8 Core,280,61019.360714285714
2025-06-01,Near Luxury SUV,volvo,xc60,T8 Plus,1829,65988.1809732094
2025-06-01,Near Luxury SUV,volvo,xc60,T8 Polestar Engineered,23,78149.39130434782
2025-06-01,Near Luxury SUV,volvo,xc60,T8 Ultra,721,71487.23578363385
2025-06-01,Near Luxury SUV,volvo,xc60,T8 Ultra Black Edition,21,73850.61904761905
2025-06-01,Near Luxury SUV,volvo,xc60,Ultra Dark Theme,26,65877.42307692308
2025-06-01,Near Luxury SUV,volvo,xc60_recharge,T8 Core Bright Theme,3,42652.0
2025-06-01,Near Luxury SUV,volvo,xc60_recharge,T8 Core Dark Theme,4,54393.0
2025-06-01,Near Luxury SUV,volvo,xc60_recharge,T8 Plus Dark Theme,52,59870.38461538462
2025-06-01,Near Luxury SUV,volvo,xc60_recharge,T8 Polestar Engineered,5,70781.0
2025-06-01,Near Luxury SUV,volvo,xc60_recharge,T8 Ultimate Black Edition,4,71508.0
2025-06-01,Near Luxury SUV,volvo,xc60_recharge,T8 Ultimate Bright Theme,1,70440.0
2025-06-01,Near Luxury SUV,volvo,xc60_recharge,T8 Ultimate Dark Theme,7,70726.66666666667
2025-06-01,Premium Luxury Car,audi,a8_s8,4.0T quattro,233,135942.63948497854
2025-06-01,Premium Luxury Car,audi,a8_s8,quattro 55 TFSI,365,98698.77808219178
2025-06-01,Premium Luxury Car,bentley,flying_spur,Edition 8,2,290272.5
2025-06-01,Premium Luxury Car,bentley,flying_spur,Hybrid,2,276282.5
2025-06-01,Premium Luxury Car,bentley,flying_spur,Mulliner V8,2,280302.5
2025-06-01,Premium Luxury Car,bentley,flying_spur,S V8,4,299723.0
2025-06-01,Premium Luxury Car,bentley,flying_spur,Speed,15,336992.6666666667
2025-06-01,Premium Luxury Car,bentley,flying_spur,Speed First Edition,42,338836.0238095238
2025-06-01,Premium Luxury Car,bentley,flying_spur,V8,1,260935.0
2025-06-01,Premium Luxury Car,bmw,7_series,740i,404,106244.7301980198
2025-06-01,Premium Luxury Car,bmw,7_series,740i xDrive,246,107639.47967479675
2025-06-01,Premium Luxury Car,bmw,7_series,750e xDrive,292,118083.8595890411
2025-06-01,Premium Luxury Car,bmw,7_series,760i xDrive,903,134682.25470653377
2025-06-01,Premium Luxury Car,genesis,g90,3.5T,22,89114.09090909091
2025-06-01,Premium Luxury Car,genesis,g90,3.5T e-Supercharger,418,98424.93779904307
2025-06-01,Premium Luxury Car,lexus,ls_series,Base,31,97181.32258064517
2025-06-01,Premium Luxury Car,lexus,ls_series,F SPORT,4,93937.5
2025-06-01,Premium Luxury Car,maserati,quattroporte,Modena,1,97310.0
2025-06-01,Premium Luxury Car,maserati,quattroporte,Modena Q4,11,125258.63636363637
2025-06-01,Premium Luxury Car,maserati,quattroporte,Modena Ultima Q4,16,126847.5625
2025-06-01,Premium Luxury Car,mercedes_benz,s_class,AMG S 63 E Performance,433,206825.61342592593
2025-06-01,Premium Luxury Car,mercedes_benz,s_class,Mercedes-Maybach S 580 4MATIC,60,226549.68333333332
2025-06-01,Premium Luxury Car,mercedes_benz,s_class,Mercedes-Maybach S 680 4MATIC,46,286562.32608695654
2025-06-01,Premium Luxury Car,mercedes_benz,s_class,S 500 4MATIC,90,127503.82222222222
2025-06-01,Premium Luxury Car,mercedes_benz,s_class,S 580 4MATIC,992,141471.19052419355
2025-06-01,Premium Luxury Car,mercedes_benz,s_class,S 580e 4MATIC,216,138679.63888888888
2025-06-01,Premium Luxury Car,porsche,panamera,4,466,130827.03862660944
2025-06-01,Premium Luxury Car,porsche,panamera,4 E-Hybrid,12,141517.08333333334
2025-06-01,Premium Luxury Car,porsche,panamera,4S,11,153803.27272727274
2025-06-01,Premium Luxury Car,porsche,panamera,4S Sport Turismo,1,149750.0
2025-06-01,Premium Luxury Car,porsche,panamera,Base,52,123311.07692307692
2025-06-01,Premium Luxury Car,porsche,panamera,GTS,5,169293.0
2025-06-01,Premium Luxury Car,porsche,panamera,Turbo,12,223004.58333333334
2025-06-01,Premium Luxury Car,porsche,panamera,Turbo E-Hybrid,1,226145.0
2025-06-01,Premium Luxury Car,porsche,panamera,Turbo S,1,279265.0
2025-06-01,Premium Luxury Car,rolls_royce,ghost,Base,4,465538.3333333333
2025-06-01,Premium Luxury Car,rolls_royce,ghost,Black Badge,8,519397.5714285714
2025-07-01,Entry Luxury EV SUV,genesis,gv60,Advanced,67,62121.34328358209
2025-07-01,Entry Luxury EV SUV,genesis,gv60,Performance,81,70305.01234567902
2025-07-01,Entry Luxury EV SUV,genesis,gv60,Standard,201,56451.19402985075
2025-07-01,Entry Luxury EV SUV,volvo,c40_recharge,Core,4,55036.5
2025-07-01,Entry Luxury EV SUV,volvo,c40_recharge,Plus,6,56823.333333333336
2025-07-01,Entry Luxury EV SUV,volvo,c40_recharge,Twin Core,10,55851.1
2025-07-01,Entry Luxury EV SUV,volvo,c40_recharge,Twin Plus,13,53754.230769230766
2025-07-01,Entry Luxury EV SUV,volvo,c40_recharge,Twin Ultimate,3,53794.0
2025-07-01,Entry Luxury EV SUV,volvo,c40_recharge,Ultimate,2,60530.0
2025-07-01,Entry Luxury EV SUV,volvo,ex30,Twin Motor Plus,914,45906.155361050325
2025-07-01,Entry Luxury EV SUV,volvo,ex30,Twin Motor Ultra,664,47627.64909638554
2025-07-01,Entry Luxury EV SUV,volvo,ex40,Plus,1,60135.0
2025-07-01,Entry Luxury EV SUV,volvo,ex40,Single Motor Extended Range Core,40,53040.0
2025-07-01,Entry Luxury EV SUV,volvo,ex40,Single Motor Extended Range Plus,12,58850.583333333336
2025-07-01,Entry Luxury EV SUV,volvo,ex40,Single Motor Extended Range Ultra,1,58645.0
2025-07-01,Entry Luxury EV SUV,volvo,ex40,Twin Motor Core,89,55571.5393258427
2025-07-01,Entry Luxury EV SUV,volvo,ex40,Twin Motor Plus,20,59070.6
2025-07-01,Entry Luxury EV SUV,volvo,ex40,Twin Motor Ultra,1,61432.0
2025-07-01,Mid Luxury Car,audi,a6_e_tron,Premium,134,67710.76119402985
2025-07-01,Mid Luxury Car,audi,a6_e_tron,Premium Plus,734,71565.32833787466
2025-07-01,Mid Luxury Car,audi,a6_e_tron,Prestige,189,75414.6577540107
2025-07-01,Mid Luxury Car,audi,a6_s6,2.9T quattro Premium,7,80343.28571428571
2025-07-01,Mid Luxury Car,audi,a6_s6,2.9T quattro Premium Plus,49,85639.57142857143
2025-07-01,Mid Luxury Car,audi,a6_s6,2.9T quattro Prestige,22,91504.81818181818
2025-07-01,Mid Luxury Car,audi,a6_s6,4.0T quattro Avant performance,192,148810.3052631579
2025-07-01,Mid Luxury Car,audi,a6_s6,Prestige TFSI quattro Tiptronic,31,94524.16129032258
2025-07-01,Mid Luxury Car,audi,a6_s6,performance TFSI quattro Tiptronic,4,201686.25
2025-07-01,Mid Luxury Car,audi,a6_s6,quattro Premium 45 TFSI,109,60098.22935779816
2025-07-01,Mid Luxury Car,audi,a6_s6,quattro Premium 55 TFSI,94,66586.63829787234
2025-07-01,Mid Luxury Car,audi,a6_s6,quattro Premium Plus 45 TFSI,283,64452.27561837456
2025-07-01,Mid Luxury Car,audi,a6_s6,quattro Premium Plus 55 TFSI,372,71551.94725806452
2025-07-01,Mid Luxury Car,audi,a6_s6,quattro Prestige 55 TFSI,268,78469.90783582091
2025-07-01,Mid Luxury Car,audi,a7_s7,2.9T quattro Premium,1,87590.0
2025-07-01,Mid Luxury Car,audi,a7_s7,2.9T quattro Premium Plus,26,94802.46153846153
2025-07-01,Mid Luxury Car,audi,a7_s7,2.9T quattro Prestige,45,105363.75555555556
2025-07-01,Mid Luxury Car,audi,a7_s7,quattro Premium 55 TFSI,13,76813.92307692308
2025-07-01,Mid Luxury Car,audi,a7_s7,quattro Premium Plus 55 TFSI,76,81127.30263157895
2025-07-01,Mid Luxury Car,audi,a7_s7,quattro Prestige 55 TFSI,65,87836.86153846154
2025-07-01,Mid Luxury Car,audi,a7_s7,quattro Progressiv 55 TFSI,3,78328.0
2025-07-01,Mid Luxury Car,audi,a7_s7_rs_7,4.0T quattro performance,147,148095.4794520548
2025-07-01,Mid Luxury Car,bmw,5_series,530i,676,66503.78550295858
2025-07-01,Mid Luxury Car,bmw,5_series,530i xDrive,708,68068.69491525424
2025-07-01,Mid Luxury Car,bmw,5_series,540i xDrive,158,78598.23417721518
2025-07-01,Mid Luxury Car,bmw,5_series,550e xDrive,399,83771.74686716792
2025-07-01,Mid Luxury Car,bmw,5_series,xDrive,46,69437.16304347826
2025-07-01,Mid Luxury Car,bmw,m5,Base,326,131544.99079754602
2025-07-01,Mid Luxury Car,bmw,m5,Base (A8),26,130599.38461538461
2025-07-01,Mid Luxury Car,genesis,g80,2.5T,401,65328.249376558604
2025-07-01,Mid Luxury Car,genesis,g80,2.5T Advanced,122,63824.483606557376
2025-07-01,Mid Luxury Car,genesis,g80,3.5T Sport,365,76703.3808219178
2025-07-01,Mid Luxury Car,genesis,g80,3.5T Sport Advanced,132,71187.2196969697
2025-07-01,Mid Luxury Car,genesis,g80,Advanced,19,67111.31578947368
2025-07-01,Mid Luxury Car,genesis,g80,Base,4,66778.0
2025-07-01,Mid Luxury Car,jaguar,xf,P250 R-Dynamic SE,19,53734.73684210526
2025-07-01,Mid Luxury Car,jaguar,xf,P300 R-Dynamic SE,157,56935.71337579618
2025-07-01,Mid Luxury Car,maserati,ghibli,334 Ultima,2,135377.0
2025-07-01,Mid Luxury Car,maserati,ghibli,Modena Q4,47,98958.36170212766
2025-07-01,Mid Luxury Car,maserati,ghibli,Modena Ultima Q4,43,101136.51162790698
2025-07-01,Mid Luxury Car,maserati,ghibli,Trofeo,1,130000.0
2025-07-01,Mid Luxury Car,mercedes_benz,cle,AMG CLE 53,3,87175.33333333333
2025-07-01,Mid Luxury Car,mercedes_benz,cle,CLE 300 4MATIC,870,68356.5610229885
2025-07-01,Mid Luxury Car,mercedes_benz,cle,CLE 450 4MATIC,116,75483.42853448277
2025-07-01,Mid Luxury Car,mercedes_benz,cls,CLS 450 4MATIC,3,81041.66666666667
2025-07-01,Mid Luxury Car,mercedes_benz,e_class,E 350,931,70326.52953813104
2025-07-01,Mid Luxury Car,mercedes_benz,e_class,E 350 4MATIC,621,73824.61129032259
2025-07-01,Mid Luxury Car,mercedes_benz,e_class,E 450 4MATIC,192,79993.64583333333
2025-07-01,Mid Luxury Car,mercedes_benz,e_class,E 450 4MATIC All-Terrain,382,84826.60209424084
2025-07-01,Mid Luxury Car,volvo,s90,B6 Plus,108,59754.62037037037
2025-07-01,Mid Luxury Car,volvo,s90,B6 Ultimate,9,60478.555555555555
2025-07-01,Mid Luxury Car,volvo,s90,B6 Ultra,50,66136.52
2025-07-01,Mid Luxury Car,volvo,s90,T8 Plus,2,68145.0
2025-07-01,Mid Luxury Car,volvo,s90,T8 Ultimate,31,68180.0
2025-07-01,Mid Luxury Car,volvo,s90,T8 Ultra,14,71214.71428571429
2025-07-01,Mid Luxury Car,volvo,v90,B6 Plus,46,62840.17391304348
2025-07-01,Mid Luxury Car,volvo,v90,B6 Ultimate,2,60280.0
2025-07-01,Mid Luxury Car,volvo,v90,B6 Ultra,130,69831.46153846153
2025-07-01,Mid Luxury SUV,acura,mdx,Base,180,52957.666666666664
2025-07-01,Mid Luxury SUV,acura,mdx,SH-AWD,637,55206.07849293564
2025-07-01,Mid Luxury SUV,acura,mdx,SH-AWD Type S w/Advance Package,354,76965.36158192091
2025-07-01,Mid Luxury SUV,acura,mdx,SH-AWD Type S w/Ultra Package,12,65145.0
2025-07-01,Mid Luxury SUV,acura,mdx,SH-AWD w/A-SPEC,617,63488.69529983793
2025-07-01,Mid Luxury SUV,acura,mdx,SH-AWD w/Advance,389,67958.58611825193
2025-07-01,Mid Luxury SUV,acura,mdx,SH-AWD w/Platinum Elite w/A-Spec,273,69887.17216117216
2025-07-01,Mid Luxury SUV,acura,mdx,SH-AWD w/Tech,1233,60427.82224025974
2025-07-01,Mid Luxury SUV,acura,mdx,w/A-Spec Advance Package,700,70801.02142857143
2025-07-01,Mid Luxury SUV,acura,mdx,w/A-Spec Package,792,64289.98358585859
2025-07-01,Mid Luxury SUV,acura,mdx,w/Advance Package,4,67597.25
2025-07-01,Mid Luxury SUV,acura,mdx,w/Tech,558,58032.01612903226
2025-07-01,Mid Luxury SUV,acura,mdx,w/Technology Package,375,58963.92533333333
2025-07-01,Mid Luxury SUV,audi,q7,quattro Premium 45 TFSI,140,63453.23021582734
2025-07-01,Mid Luxury SUV,audi,q7,quattro Premium 55 TFSI,117,66814.4017094017
2025-07-01,Mid Luxury SUV,audi,q7,quattro Premium Plus 45 TFSI,280,68486.15942028986
2025-07-01,Mid Luxury SUV,audi,q7,quattro Premium Plus 55 TFSI,2612,73372.85681470137
2025-07-01,Mid Luxury SUV,audi,q7,quattro Prestige 55 TFSI,703,82016.07407407407
2025-07-01,Mid Luxury SUV,audi,q7_sq7,4.0T quattro Premium Plus,68,98290.01470588235
2025-07-01,Mid Luxury SUV,audi,q7_sq7,4.0T quattro Prestige,89,109490.3595505618
2025-07-01,Mid Luxury SUV,bmw,x5,Competition,238,139909.7394957983
2025-07-01,Mid Luxury SUV,bmw,x5,M60i,311,102809.64630225081
2025-07-01,Mid Luxury SUV,bmw,x5,sDrive40i,984,77074.52647657841
2025-07-01,Mid Luxury SUV,bmw,x5,xDrive40i,2850,79670.47679324895
2025-07-01,Mid Luxury SUV,bmw,x5,xDrive50e,1363,83764.27826725403
2025-07-01,Mid Luxury SUV,bmw,x5_xdrive45e,Competition,79,144616.83544303797
2025-07-01,Mid Luxury SUV,bmw,x6,M60i,83,108498.50602409638
2025-07-01,Mid Luxury SUV,bmw,x6,xDrive40i,262,86861.29770992366
2025-07-01,Mid Luxury SUV,cadillac,xt5,Luxury,786,45403.86259541985
2025-07-01,Mid Luxury SUV,cadillac,xt5,Premium Luxury,3833,54973.783981215754
2025-07-01,Mid Luxury SUV,cadillac,xt5,Sport,632,61522.273734177215
2025-07-01,Mid Luxury SUV,cadillac,xt6,Luxury,1116,49638.9435483871
2025-07-01,Mid Luxury SUV,cadillac,xt6,Premium Luxury,2420,60372.878925619836
2025-07-01,Mid Luxury SUV,cadillac,xt6,Sport,765,66454.01437908497
2025-07-01,Mid Luxury SUV,genesis,gv80,2.5T,48,61550.083333333336
2025-07-01,Mid Luxury SUV,genesis,gv80,2.5T Advanced,671,68830.44262295082
2025-07-01,Mid Luxury SUV,genesis,gv80,2.5T Prestige,619,73262.62843295638
2025-07-01,Mid Luxury SUV,genesis,gv80,2.5T Select,385,64484.26753246753
2025-07-01,Mid Luxury SUV,genesis,gv80,2.5T Standard,281,60628.334519572956
2025-07-01,Mid Luxury SUV,genesis,gv80,3.5T,91,73724.24444444444
2025-07-01,Mid Luxury SUV,genesis,gv80,3.5T Advanced,552,76509.5664845173
2025-07-01,Mid Luxury SUV,genesis,gv80,3.5T Prestige,1,64810.0
2025-07-01,Mid Luxury SUV,genesis,gv80,3.5T Prestige Signature,2855,82259.82872154115
2025-07-01,Mid Luxury SUV,genesis,gv80_coupe,3.5T E-SC,798,88139.7067669173
2025-07-01,Mid Luxury SUV,genesis,gv80_coupe,3.5T E-SC MHEV AWD,3,90307.66666666667
2025-07-01,Mid Luxury SUV,genesis,gv80_coupe,3.5T V6 AWD,55,82234.47272727273
2025-07-01,Mid Luxury SUV,genesis,gv80_coupe,3.5T e-SC,3,88239.0
2025-07-01,Mid Luxury SUV,ineos,grenadier,1924 Limited Edition,321,94825.90654205608
2025-07-01,Mid Luxury SUV,ineos,grenadier,Base,413,85868.90314769976
2025-07-01,Mid Luxury SUV,ineos,grenadier,Fieldmaster,138,85460.30434782608
2025-07-01,Mid Luxury SUV,ineos,grenadier,Trialmaster,64,84864.4375
2025-07-01,Mid Luxury SUV,infiniti,qx60,Autograph,1243,66854.291230893
2025-07-01,Mid Luxury SUV,infiniti,qx60,Luxe,2286,58218.46019247594
2025-07-01,Mid Luxury SUV,infiniti,qx60,Pure,487,50873.09650924025
2025-07-01,Mid Luxury SUV,infiniti,qx60,Sensory,322,61975.88819875776
2025-07-01,Mid Luxury SUV,jaguar,f_pace,P250 R-Dynamic S,1776,65113.05743243243
2025-07-01,Mid Luxury SUV,jaguar,f_pace,P400 R-Dynamic S,561,76367.06060606061
2025-07-01,Mid Luxury SUV,jaguar,f_pace,SVR 575 EDITION,59,100450.7627118644
2025-07-01,Mid Luxury SUV,land_rover,defender,110 P300 S,989,73055.32861476239
2025-07-01,Mid Luxury SUV,land_rover,defender,110 P400 S,656,79382.95426829268
2025-07-01,Mid Luxury SUV,land_rover,defender,110 P400 X,162,100181.08024691358
2025-07-01,Mid Luxury SUV,land_rover,defender,110 P400 X-Dynamic SE,834,86031.4856115108
2025-07-01,Mid Luxury SUV,land_rover,defender,110 P500 X-Dynamic SE,307,106933.003257329
2025-07-01,Mid Luxury SUV,land_rover,defender,110 S,1,79980.0
2025-07-01,Mid Luxury SUV,land_rover,defender,110 V8,1,115140.0
2025-07-01,Mid Luxury SUV,land_rover,defender,110 V8 P500 SE,64,101090.65625
2025-07-01,Mid Luxury SUV,land_rover,defender,110 V8 P525,292,119544.9897260274
2025-07-01,Mid Luxury SUV,land_rover,defender,110 V8 P525 Carpathian Edition,1,123168.0
2025-07-01,Mid Luxury SUV,land_rover,defender,130 P300 S,174,80973.47126436782
2025-07-01,Mid Luxury SUV,land_rover,defender,130 P400 Outbound,34,93195.05882352941
2025-07-01,Mid Luxury SUV,land_rover,defender,130 P400 S,167,88900.51497005988
2025-07-01,Mid Luxury SUV,land_rover,defender,130 P400 X,50,107324.04
2025-07-01,Mid Luxury SUV,land_rover,defender,130 P400 X-Dynamic SE,482,95138.17012448133
2025-07-01,Mid Luxury SUV,land_rover,defender,130 P500 V8,135,126749.55555555556
2025-07-01,Mid Luxury SUV,land_rover,defender,130 SE,3,110646.33333333333
2025-07-01,Mid Luxury SUV,land_rover,defender,130 V8 P500,8,114325.5
2025-07-01,Mid Luxury SUV,land_rover,defender,90 P300 S,133,66895.40151515152
2025-07-01,Mid Luxury SUV,land_rover,defender,90 P400 X-Dynamic SE,207,79168.99516908213
2025-07-01,Mid Luxury SUV,land_rover,defender,90 V8,20,109995.65
2025-07-01,Mid Luxury SUV,land_rover,defender,90 V8 Carpathian Edition,11,113880.81818181818
2025-07-01,Mid Luxury SUV,land_rover,defender,90 X-Dynamic SE,1,70465.0
2025-07-01,Mid Luxury SUV,land_rover,defender,P400 Sedona Red Edition,14,87073.71428571429
2025-07-01,Mid Luxury SUV,land_rover,defender,P635 OCTA,88,163823.18181818182
2025-07-01,Mid Luxury SUV,land_rover,defender,P635 OCTA Edition One,48,173086.72916666666
2025-07-01,Mid Luxury SUV,land_rover,discovery,P300 Dynamic SE,269,72449.53903345724
2025-07-01,Mid Luxury SUV,land_rover,discovery,P300 S,288,67284.81533101045
2025-07-01,Mid Luxury SUV,land_rover,discovery,P360 Dynamic SE,535,79000.48971962617
2025-07-01,Mid Luxury SUV,land_rover,discovery,P360 HSE R-Dynamic,1,75497.0
2025-07-01,Mid Luxury SUV,land_rover,discovery,P360 Metropolitan,132,86290.22727272728
2025-07-01,Mid Luxury SUV,land_rover,discovery,P360 Metropolitan Edition,2,80082.0
2025-07-01,Mid Luxury SUV,land_rover,range_rover_velar,Autobiography,45,87727.33333333333
2025-07-01,Mid Luxury SUV,land_rover,range_rover_velar,Dynamic SE,1021,74634.64348677767
2025-07-01,Mid Luxury SUV,land_rover,range_rover_velar,P250 Dynamic SE,472,72701.89194915254
2025-07-01,Mid Luxury SUV,land_rover,range_rover_velar,P250 S,281,68000.29537366547
2025-07-01,Mid Luxury SUV,land_rover,range_rover_velar,P400 Autobiography,7,88551.85714285714
2025-07-01,Mid Luxury SUV,land_rover,range_rover_velar,P400 Dynamic HSE,27,85881.77777777778
2025-07-01,Mid Luxury SUV,land_rover,range_rover_velar,P400 Dynamic SE,217,79292.87096774194
2025-07-01,Mid Luxury SUV,land_rover,range_rover_velar,S,380,68013.01842105263
2025-07-01,Mid Luxury SUV,lexus,gx_series,Base,3,62560.0
2025-07-01,Mid Luxury SUV,lexus,gx_series,Luxury,1,81844.0
2025-07-01,Mid Luxury SUV,lexus,gx_series,Luxury+,298,85445.35234899328
2025-07-01,Mid Luxury SUV,lexus,gx_series,Overtrail,30,76754.03333333334
2025-07-01,Mid Luxury SUV,lexus,gx_series,Overtrail+,66,83191.83333333333
2025-07-01,Mid Luxury SUV,lexus,gx_series,Premium,7,69168.14285714286
2025-07-01,Mid Luxury SUV,lexus,gx_series,Premium+,208,73578.13461538461
2025-07-01,Mid Luxury SUV,lexus,rx_series,Base,26,52238.153846153844
2025-07-01,Mid Luxury SUV,lexus,rx_series,F SPORT Design,152,61655.82032894737
2025-07-01,Mid Luxury SUV,lexus,rx_series,F SPORT Handling,39,65997.84615384616
2025-07-01,Mid Luxury SUV,lexus,rx_series,F SPORT Performance,23,80043.43478260869
2025-07-01,Mid Luxury SUV,lexus,rx_series,Luxury,456,72315.37085526316
2025-07-01,Mid Luxury SUV,lexus,rx_series,Premium,2285,57289.83993435447
2025-07-01,Mid Luxury SUV,lexus,rx_series,Premium+,630,60957.27123809523
2025-07-01,Mid Luxury SUV,lexus,tx,Base,118,63553.4406779661
2025-07-01,Mid Luxury SUV,lexus,tx,F SPORT Handling,180,69431.2122905028
2025-07-01,Mid Luxury SUV,lexus,tx,F SPORT Performance Luxury,85,77778.22352941177
2025-07-01,Mid Luxury SUV,lexus,tx,F SPORT Performance Premium,623,74035.83146067416
2025-07-01,Mid Luxury SUV,lexus,tx,F SPORT Premium,23,75470.91304347826
2025-07-01,Mid Luxury SUV,lexus,tx,Luxury,569,71872.01927943762
2025-07-01,Mid Luxury SUV,lexus,tx,Premium,2168,64275.806734317346
2025-07-01,Mid Luxury SUV,lincoln,aviator,Black Label,624,88235.4935897436
2025-07-01,Mid Luxury SUV,lincoln,aviator,Black Label Grand Touring,1,84376.0
2025-07-01,Mid Luxury SUV,lincoln,aviator,Grand Touring,5,76178.0
2025-07-01,Mid Luxury SUV,lincoln,aviator,Livery,10,59723.6
2025-07-01,Mid Luxury SUV,lincoln,aviator,Premiere,1374,63184.93809176984
2025-07-01,Mid Luxury SUV,lincoln,aviator,Reserve,3136,73614.02359693877
2025-07-01,Mid Luxury SUV,lincoln,nautilus,Black Label,660,75386.48333333334
2025-07-01,Mid Luxury SUV,lincoln,nautilus,Premiere,3861,56654.64206164206
2025-07-01,Mid Luxury SUV,lincoln,nautilus,Reserve,3761,64340.88832757245
2025-07-01,Mid Luxury SUV,lincoln,nautilus,Standard,1,50970.0
2025-07-01,Mid Luxury SUV,mercedes_benz,benz_amg_gle,4MATIC+,35,102449.74285714286
2025-07-01,Mid Luxury SUV,mercedes_benz,gle_class,4MATIC,1913,81445.40655514899
2025-07-01,Mid Luxury SUV,mercedes_benz,gle_class,AMG GLE 53,2522,100325.36558287074
2025-07-01,Mid Luxury SUV,mercedes_benz,gle_class,AMG GLE 63 S,743,141211.5013477089
2025-07-01,Mid Luxury SUV,mercedes_benz,gle_class,GLE 350 4MATIC,2222,73164.37848784878
2025-07-01,Mid Luxury SUV,mercedes_benz,gle_class,GLE 450 4MATIC,1362,83423.54992657856
2025-07-01,Mid Luxury SUV,mercedes_benz,gle_class,GLE 450e 4MATIC,397,81667.60453400503
2025-07-01,Mid Luxury SUV,mercedes_benz,gle_class,GLE 580 4MATIC,284,98883.96830985915
2025-07-01,Mid Luxury SUV,volvo,xc90,B5 Core,578,60579.970588235294
2025-07-01,Mid Luxury SUV,volvo,xc90,B5 Core Bright Theme,4,59582.75
2025-07-01,Mid Luxury SUV,volvo,xc90,B5 Plus,70,61427.45714285714
2025-07-01,Mid Luxury SUV,volvo,xc90,B5 Plus 6-Seater,264,65764.60227272728
2025-07-01,Mid Luxury SUV,volvo,xc90,B5 Plus 7-Seater,680,65621.1705882353
2025-07-01,Mid Luxury SUV,volvo,xc90,B5 Plus Bright Theme,6,59694.0
2025-07-01,Mid Luxury SUV,volvo,xc90,B5 Ultra,15,67670.26666666666
2025-07-01,Mid Luxury SUV,volvo,xc90,B5 Ultra 6-Seater,51,71647.62745098039
2025-07-01,Mid Luxury SUV,volvo,xc90,B5 Ultra 7-Seater,30,71350.3
2025-07-01,Mid Luxury SUV,volvo,xc90,B6 Core,384,64934.854166666664
2025-07-01,Mid Luxury SUV,volvo,xc90,B6 Plus 6-Seater,256,70775.83984375
2025-07-01,Mid Luxury SUV,volvo,xc90,B6 Plus 6P,97,66439.88659793814
2025-07-01,Mid Luxury SUV,volvo,xc90,B6 Plus 7-Seater,1691,69298.9160260201
2025-07-01,Mid Luxury SUV,volvo,xc90,B6 Plus 7P,563,64741.699822380106
2025-07-01,Mid Luxury SUV,volvo,xc90,B6 Plus Bright Theme 6P,7,65837.71428571429
2025-07-01,Mid Luxury SUV,volvo,xc90,B6 Plus Bright Theme 7P,26,61304.36
2025-07-01,Mid Luxury SUV,volvo,xc90,B6 Ultimate Bright Theme 6P,2,77109.0
2025-07-01,Mid Luxury SUV,volvo,xc90,B6 Ultimate Bright Theme 7P,24,70046.45833333333
2025-07-01,Mid Luxury SUV,volvo,xc90,B6 Ultra,518,73934.0694980695
2025-07-01,Mid Luxury SUV,volvo,xc90,B6 Ultra 6-Seater,30,77798.13333333333
2025-07-01,Mid Luxury SUV,volvo,xc90,B6 Ultra 6P,66,73627.81818181818
2025-07-01,Mid Luxury SUV,volvo,xc90,B6 Ultra 7-Seater,143,75069.67832167832
2025-07-01,Mid Luxury SUV,volvo,xc90,B6 Ultra 7P,143,72629.47552447552
2025-07-01,Mid Luxury SUV,volvo,xc90,B6 Ultra Bright Theme 6P,1,64336.0
2025-07-01,Mid Luxury SUV,volvo,xc90,B6 Ultra Bright Theme 7P,1,71655.0
2025-07-01,Mid Luxury SUV,volvo,xc90,B6 Ultra Dark Theme 6-Seater,131,77710.38461538461
2025-07-01,Mid Luxury SUV,volvo,xc90,B6 Ultra Dark Theme 7-Seater,147,77203.1836734694
2025-07-01,Mid Luxury SUV,volvo,xc90,"Core, B5 AWD Gas (mild hybrid), Gasoline, Bright",1,62242.0
2025-07-01,Mid Luxury SUV,volvo,xc90,"Plus, B6 AWD Gas (mild hybrid), Gasoline, Bright",2,72036.5
2025-07-01,Mid Luxury SUV,volvo,xc90,T8 Core,36,73330.61111111111
2025-07-01,Mid Luxury SUV,volvo,xc90,T8 Core 7-Seater,176,73689.79545454546
2025-07-01,Mid Luxury SUV,volvo,xc90,T8 Core Bright Theme,1,75035.0
2025-07-01,Mid Luxury SUV,volvo,xc90,T8 Plus 6-Seater,159,79148.74213836477
2025-07-01,Mid Luxury SUV,volvo,xc90,T8 Plus 6P,87,75575.11494252873
2025-07-01,Mid Luxury SUV,volvo,xc90,T8 Plus 7-Seater,1326,77179.8310708899
2025-07-01,Mid Luxury SUV,volvo,xc90,T8 Plus 7P,49,73700.51020408163
2025-07-01,Mid Luxury SUV,volvo,xc90,T8 Plus Bright Theme 6P,4,70303.0
2025-07-01,Mid Luxury SUV,volvo,xc90,T8 Plus Bright Theme 7P,22,72911.31818181818
2025-07-01,Mid Luxury SUV,volvo,xc90,T8 Ultimate Bright Theme 6P,4,79070.5
2025-07-01,Mid Luxury SUV,volvo,xc90,T8 Ultimate Bright Theme 7P,4,79099.0
2025-07-01,Mid Luxury SUV,volvo,xc90,T8 Ultra 6-Seater,86,84991.95348837209
2025-07-01,Mid Luxury SUV,volvo,xc90,T8 Ultra 6P,56,81678.08928571429
2025-07-01,Mid Luxury SUV,volvo,xc90,T8 Ultra 7-Seater,917,81248.00981461287
2025-07-01,Mid Luxury SUV,volvo,xc90,T8 Ultra 7P,89,79828.51685393258
2025-07-01,Mid Luxury SUV,volvo,xc90,T8 Ultra Dark Theme 6-Seater,16,88438.625
2025-07-01,Mid Luxury SUV,volvo,xc90,T8 Ultra Dark Theme 7-Seater,27,87947.37037037036
2025-07-01,Mid Luxury SUV,volvo,xc90,"Ultra, T8 AWD, Electric/Gasoline, Bright, 7 Seat",1,85625.0
2025-07-01,Near Luxury Car,acura,tlx,Base,4,42069.25
2025-07-01,Near Luxury Car,acura,tlx,SH-AWD Type S,100,59707.64
2025-07-01,Near Luxury Car,acura,tlx,SH-AWD w/A-SPEC,1969,52054.56510681587
2025-07-01,Near Luxury Car,acura,tlx,w/Tech,1093,47052.48764867338
2025-07-01,Near Luxury Car,alfa_romeo,giulia,Base,186,51524.467741935485
2025-07-01,Near Luxury Car,alfa_romeo,giulia,Competizione,1,48996.0
2025-07-01,Near Luxury Car,alfa_romeo,giulia,Quadrifoglio,57,85042.64912280702
2025-07-01,Near Luxury Car,alfa_romeo,giulia,Quadrifoglio Carbon,14,83606.28571428571
2025-07-01,Near Luxury Car,alfa_romeo,giulia,Special Edition AWD,11,51929.818181818184
2025-07-01,Near Luxury Car,alfa_romeo,giulia,Special Edition RWD,1,52040.0
2025-07-01,Near Luxury Car,alfa_romeo,giulia,Sprint,175,47753.32
2025-07-01,Near Luxury Car,alfa_romeo,giulia,Ti,36,46351.11111111111
2025-07-01,Near Luxury Car,alfa_romeo,giulia,Veloce,34,48172.82352941176
2025-07-01,Near Luxury Car,audi,a4_s4,quattro S line Prem Plus 45 TFSI,6,52666.666666666664
2025-07-01,Near Luxury Car,audi,a4_s4,quattro S line Premium 45 TFSI,4,46917.5
2025-07-01,Near Luxury Car,audi,a5,Premium,379,53516.35092348285
2025-07-01,Near Luxury Car,audi,a5,Premium Plus,1489,56712.51376762928
2025-07-01,Near Luxury Car,audi,a5,Premium Plus TFSI quattro S tronic,267,56762.12359550562
2025-07-01,Near Luxury Car,audi,a5,Premium TFSI quattro S tronic,510,53638.603921568625
2025-07-01,Near Luxury Car,audi,a5,Prestige,162,58787.40740740741
2025-07-01,Near Luxury Car,audi,a5,Prestige TFSI quattro S tronic,134,58870.32330827068
2025-07-01,Near Luxury Car,audi,a5,quattro Premium 45 TFSI,3,59388.0
2025-07-01,Near Luxury Car,audi,a5,quattro Premium Plus 45 TFSI,5,64006.0
2025-07-01,Near Luxury Car,audi,a5,quattro Prestige 45 TFSI,2,68345.0
2025-07-01,Near Luxury Car,audi,a5,quattro S line Prem Plus 45 TFSI,201,56512.984676616914
2025-07-01,Near Luxury Car,audi,a5,quattro S line Premium 45 TFSI,149,49698.44594594595
2025-07-01,Near Luxury Car,audi,a5,quattro S line Prestige 45 TFSI,1,62190.0
2025-07-01,Near Luxury Car,audi,a5_s5_rs_5,2.9T quattro,11,88404.0
2025-07-01,Near Luxury Car,audi,s5,3.0 TFSI quattro Progressiv,8,61132.875
2025-07-01,Near Luxury Car,audi,s5,3.0T quattro Premium,2,58309.0
2025-07-01,Near Luxury Car,audi,s5,3.0T quattro Premium Plus,87,68316.74418604652
2025-07-01,Near Luxury Car,audi,s5,3.0T quattro Prestige,8,73204.5
2025-07-01,Near Luxury Car,audi,s5,Premium,8,66754.25
2025-07-01,Near Luxury Car,audi,s5,Premium Plus,177,71935.81920903955
2025-07-01,Near Luxury Car,audi,s5,Premium Plus TFSI quattro S tronic,89,71721.12359550562
2025-07-01,Near Luxury Car,audi,s5,Prestige,103,74295.33009708738
2025-07-01,Near Luxury Car,audi,s5,Prestige TFSI quattro S tronic,38,74978.26315789473
2025-07-01,Near Luxury Car,bmw,3_series,330e,3,50676.666666666664
2025-07-01,Near Luxury Car,bmw,3_series,330i,1362,51907.91182953711
2025-07-01,Near Luxury Car,bmw,3_series,330i NA,24,54748.541666666664
2025-07-01,Near Luxury Car,bmw,3_series,330i NA xDrive,4,57997.0
2025-07-01,Near Luxury Car,bmw,3_series,330i xDrive,1321,53725.722727272725
2025-07-01,Near Luxury Car,bmw,3_series,M340i,84,66382.2048192771
2025-07-01,Near Luxury Car,bmw,3_series,M340i NA,1,69649.0
2025-07-01,Near Luxury Car,bmw,3_series,M340i xDrive,199,69612.1055276382
2025-07-01,Near Luxury Car,bmw,3_series,xDrive,112,52789.107142857145
2025-07-01,Near Luxury Car,bmw,4_series,430i,584,61846.916981132075
2025-07-01,Near Luxury Car,bmw,4_series,430i Gran Coupe,48,55588.4375
2025-07-01,Near Luxury Car,bmw,4_series,430i xDrive,418,64136.689736842105
2025-07-01,Near Luxury Car,bmw,4_series,430i xDrive Gran Coupe,30,56885.13333333333
2025-07-01,Near Luxury Car,bmw,4_series,M440i,187,73381.39575268817
2025-07-01,Near Luxury Car,bmw,4_series,M440i Gran Coupe,2,70455.0
2025-07-01,Near Luxury Car,bmw,4_series,M440i xDrive,207,75751.3458937198
2025-07-01,Near Luxury Car,bmw,4_series,M440i xDrive Gran Coupe,4,70064.0
2025-07-01,Near Luxury Car,bmw,4_series,xDrive,47,61243.564680851065
2025-07-01,Near Luxury Car,bmw,4_series_gran_coupe,xDrive,32,72542.84375
2025-07-01,Near Luxury Car,bmw,m3,Base,21,87327.95238095238
2025-07-01,Near Luxury Car,bmw,m3,Base (M6),1,87215.0
2025-07-01,Near Luxury Car,bmw,m3,Competition,8,90488.125
2025-07-01,Near Luxury Car,bmw,m3,Competition xDrive,96,100004.16666666667
2025-07-01,Near Luxury Car,bmw,m4,Base,29,88821.27586206897
2025-07-01,Near Luxury Car,bmw,m4,CS,6,136776.16666666666
2025-07-01,Near Luxury Car,bmw,m4,Competition,258,102046.6007751938
2025-07-01,Near Luxury Car,bmw,m4,Competition xDrive,111,100337.39639639639
2025-07-01,Near Luxury Car,cadillac,ct5,Base,19,66112.8947368421
2025-07-01,Near Luxury Car,cadillac,ct5,Blackwing,68,120913.23529411765
2025-07-01,Near Luxury Car,cadillac,ct5,Luxury,1,43815.0
2025-07-01,Near Luxury Car,cadillac,ct5,Premium Luxury,1009,53363.06739345887
2025-07-01,Near Luxury Car,cadillac,ct5,Premium Luxury RWD,404,57429.53712871287
2025-07-01,Near Luxury Car,cadillac,ct5,Sport,715,54457.155244755246
2025-07-01,Near Luxury Car,cadillac,ct5,Sport RWD,125,56425.768
2025-07-01,Near Luxury Car,cadillac,ct5,V-Series Blackwing RWD,33,113463.75757575757
2025-07-01,Near Luxury Car,cadillac,ct5,V-Series RWD,294,66037.62925170068
2025-07-01,Near Luxury Car,genesis,g70,2.0T Prestige,4,41334.75
2025-07-01,Near Luxury Car,genesis,g70,2.5T,50,44917.7
2025-07-01,Near Luxury Car,genesis,g70,2.5T AWD,157,47219.56687898089
2025-07-01,Near Luxury Car,genesis,g70,2.5T AWD Prestige,3,52275.0
2025-07-01,Near Luxury Car,genesis,g70,2.5T Prestige,168,48092.58928571428
2025-07-01,Near Luxury Car,genesis,g70,2.5T RWD,215,45044.92093023256
2025-07-01,Near Luxury Car,genesis,g70,2.5T RWD Prestige,400,50123.35
2025-07-01,Near Luxury Car,genesis,g70,2.5T Standard,416,44931.35096153846
2025-07-01,Near Luxury Car,genesis,g70,3.3T AWD Sport Prestige,684,54407.99707602339
2025-07-01,Near Luxury Car,genesis,g70,3.3T RWD Sport Prestige,187,55300.51871657754
2025-07-01,Near Luxury Car,genesis,g70,3.3T Sport,4,53985.0
2025-07-01,Near Luxury Car,genesis,g70,3.3T Sport Advanced,518,54932.28185328186
2025-07-01,Near Luxury Car,genesis,g70,3.3T Standard,2,54348.0
2025-07-01,Near Luxury Car,infiniti,q50,Luxe,5,44946.2
2025-07-01,Near Luxury Car,infiniti,q50,Red Sport 400,19,58125.26315789474
2025-07-01,Near Luxury Car,infiniti,q50,Sensory,12,51248.333333333336
2025-07-01,Near Luxury Car,lexus,es_series,Base,1718,49457.280669383
2025-07-01,Near Luxury Car,lexus,es_series,F SPORT 2,3,50833.0
2025-07-01,Near Luxury Car,lexus,es_series,F SPORT Design,108,50569.916666666664
2025-07-01,Near Luxury Car,lexus,es_series,F SPORT Handling,66,53596.97727272727
2025-07-01,Near Luxury Car,lexus,es_series,Luxury,337,54662.61442136498
2025-07-01,Near Luxury Car,lexus,es_series,Ultra Luxury,153,56112.98699346405
2025-07-01,Near Luxury Car,lexus,is_series,Base,153,47017.339869281044
2025-07-01,Near Luxury Car,lexus,is_series,F SPORT,343,53618.36588921283
2025-07-01,Near Luxury Car,lexus,is_series,F SPORT Design,244,46665.304426229515
2025-07-01,Near Luxury Car,lexus,is_series,F SPORT Performance,15,70667.46666666666
2025-07-01,Near Luxury Car,lexus,rc_series,Base,4,53578.0
2025-07-01,Near Luxury Car,lexus,rc_series,F SPORT,36,60425.38888888889
2025-07-01,Near Luxury Car,lexus,rc_series,Final Edition,7,101771.57142857143
2025-07-01,Near Luxury Car,lexus,rc_series,Track Edition,2,102448.0
2025-07-01,Near Luxury Car,mercedes_benz,c_class,AMG C 43,387,71379.91214470284
2025-07-01,Near Luxury Car,mercedes_benz,c_class,AMG C 63 S E Performance,221,97772.42081447964
2025-07-01,Near Luxury Car,mercedes_benz,c_class,C 300,3319,54193.43507080446
2025-07-01,Near Luxury Car,mercedes_benz,c_class,C 300 4MATIC,2660,56229.39436090225
2025-07-01,Near Luxury Car,volvo,s60_v60,B5 Core,59,45007.67796610169
2025-07-01,Near Luxury Car,volvo,s60_v60,B5 Core Dark Theme,46,41983.54347826087
2025-07-01,Near Luxury Car,volvo,s60_v60,B5 Plus,311,53862.7407073955
2025-07-01,Near Luxury Car,volvo,s60_v60,B5 Plus Black Edition,15,47772.666666666664
2025-07-01,Near Luxury Car,volvo,s60_v60,B5 Plus Dark Theme,68,45448.17647058824
2025-07-01,Near Luxury Car,volvo,s60_v60,B5 Ultimate,2,60562.5
2025-07-01,Near Luxury Car,volvo,s60_v60,B5 Ultra,223,58796.34977578475
2025-07-01,Near Luxury Car,volvo,s60_v60,T8 Core Dark Theme,3,53006.333333333336
2025-07-01,Near Luxury Car,volvo,s60_v60,T8 Plus,1,53366.0
2025-07-01,Near Luxury Car,volvo,s60_v60,T8 Plus Dark Theme,3,50235.666666666664
2025-07-01,Near Luxury Car,volvo,s60_v60,T8 Polestar Engineered,1,72645.0
2025-07-01,Near Luxury EV SUV,audi,q4_e_tron,Premium 45 RWD,155,50255.506493506495
2025-07-01,Near Luxury EV SUV,audi,q4_e_tron,Premium 45 quattro,189,52884.28571428572
2025-07-01,Near Luxury EV SUV,audi,q4_e_tron,quattro Premium 55 TFSI,345,56732.20579710145
2025-07-01,Near Luxury EV SUV,audi,q4_e_tron,quattro Premium Plus 55,222,62511.78828828829
2025-07-01,Near Luxury EV SUV,audi,q4_e_tron,quattro Premium Plus 55 TFSI,768,59544.626302083336
2025-07-01,Near Luxury EV SUV,audi,q4_e_tron,quattro Prestige 50 TFSI,1,45779.0
2025-07-01,Near Luxury EV SUV,audi,q4_e_tron,quattro Prestige 55 TFSI,212,63079.5
2025-07-01,Near Luxury EV SUV,cadillac,optiq,Luxury,186,55716.666666666664
2025-07-01,Near Luxury EV SUV,cadillac,optiq,Luxury 1 AWD,513,55251.10526315789
2025-07-01,Near Luxury EV SUV,cadillac,optiq,Luxury 2 AWD,262,58546.21374045801
2025-07-01,Near Luxury EV SUV,cadillac,optiq,Sport,209,57281.004784688994
2025-07-01,Near Luxury EV SUV,cadillac,optiq,Sport 1 AWD,587,56036.41056218058
2025-07-01,Near Luxury EV SUV,cadillac,optiq,Sport 2 AWD,481,59203.128898128896
2025-07-01,Near Luxury EV SUV,genesis,gv70_ev,Advanced,104,66796.95192307692
2025-07-01,Near Luxury EV SUV,genesis,gv70_ev,Advanced AWD,192,71756.30208333333
2025-07-01,Near Luxury EV SUV,genesis,gv70_ev,Base,98,69354.16326530612
2025-07-01,Near Luxury EV SUV,genesis,gv70_ev,Prestige,1,68740.0
2025-07-01,Near Luxury EV SUV,genesis,gv70_ev,Prestige AWD,43,77855.20930232559
2025-07-01,Near Luxury EV SUV,genesis,gv70_ev,Standard,232,66739.82608695653
2025-07-01,Near Luxury EV SUV,lexus,rz_series,Luxury,2,45392.75
2025-07-01,Near Luxury EV SUV,lexus,rz_series,Premium,900,52760.290588888885
2025-07-01,Near Luxury EV SUV,mercedes_benz,eqb,EQB 250,3,59874.333333333336
2025-07-01,Near Luxury EV SUV,mercedes_benz,eqb,EQB 250+,191,58409.041884816754
2025-07-01,Near Luxury EV SUV,mercedes_benz,eqb,EQB 300 4MATIC,384,63364.572916666664
2025-07-01,Near Luxury EV SUV,mercedes_benz,eqb,EQB 350 4MATIC,65,66660.76923076923
2025-07-01,Near Luxury EV SUV,porsche,macan_electric,4S,512,103372.96875
2025-07-01,Near Luxury SUV,acura,rdx,A-SPEC Advance Package,13,54335.0
2025-07-01,Near Luxury SUV,acura,rdx,SH-AWD,657,46486.22256097561
2025-07-01,Near Luxury SUV,acura,rdx,SH-AWD w/A-SPEC,981,52097.075433231395
2025-07-01,Near Luxury SUV,acura,rdx,SH-AWD w/Advance,784,54148.301020408166
2025-07-01,Near Luxury SUV,acura,rdx,SH-AWD w/Advance w/A-SPEC,931,56234.072043010754
2025-07-01,Near Luxury SUV,acura,rdx,SH-AWD w/Platinum Elite w/A-SPEC,71,56308.41428571429
2025-07-01,Near Luxury SUV,acura,rdx,SH-AWD w/Tech,1187,49056.610783487784
2025-07-01,Near Luxury SUV,alfa_romeo,stelvio,AWD,23,56555.0
2025-07-01,Near Luxury SUV,alfa_romeo,stelvio,Base,29,54591.58620689655
2025-07-01,Near Luxury SUV,alfa_romeo,stelvio,Competizione,1,56000.0
2025-07-01,Near Luxury SUV,alfa_romeo,stelvio,Quadrifoglio,85,89829.58823529411
2025-07-01,Near Luxury SUV,alfa_romeo,stelvio,Quadrifoglio Carbon,3,89962.33333333333
2025-07-01,Near Luxury SUV,alfa_romeo,stelvio,Special Edition Tributo Italiano AWD,102,56753.14705882353
2025-07-01,Near Luxury SUV,alfa_romeo,stelvio,Sprint,429,53374.41258741259
2025-07-01,Near Luxury SUV,alfa_romeo,stelvio,Ti,23,48554.86956521739
2025-07-01,Near Luxury SUV,alfa_romeo,stelvio,Veloce,21,49578.90476190476
2025-07-01,Near Luxury SUV,audi,q5_sq5,Premium,810,57363.54197530864
2025-07-01,Near Luxury SUV,audi,q5_sq5,Premium 55 TFSI e S line quattro S tronic,2,59542.0
2025-07-01,Near Luxury SUV,audi,q5_sq5,Premium Plus,2172,60552.49447513812
2025-07-01,Near Luxury SUV,audi,q5_sq5,Premium Plus 40 TFSI quattro S tronic,1,57330.0
2025-07-01,Near Luxury SUV,audi,q5_sq5,Premium Plus 45 TFSI S line quattro S tronic,3,59710.0
2025-07-01,Near Luxury SUV,audi,q5_sq5,Premium Plus 55 TFSI e S line quattro S tronic,12,65616.09090909091
2025-07-01,Near Luxury SUV,audi,q5_sq5,Premium Plus TFSI quattro S tronic,1232,60706.520292207795
2025-07-01,Near Luxury SUV,audi,q5_sq5,Premium TFSI quattro S tronic,758,57551.71899736148
2025-07-01,Near Luxury SUV,audi,q5_sq5,Prestige,272,64004.22794117647
2025-07-01,Near Luxury SUV,audi,q5_sq5,Prestige TFSI quattro S tronic,145,64179.38620689655
2025-07-01,Near Luxury SUV,audi,q5_sq5,e quattro S line Prem Pl 55 TFSI,737,65131.420624151964
2025-07-01,Near Luxury SUV,audi,q5_sq5,e quattro S line Premium 55 TFSI,70,59926.15714285714
2025-07-01,Near Luxury SUV,audi,q5_sq5,e quattro S line Prestg 55 TFSI,7,71343.28571428571
2025-07-01,Near Luxury SUV,audi,q5_sq5,quattro Premium 40 TFSI,48,48725.382978723406
2025-07-01,Near Luxury SUV,audi,q5_sq5,quattro Premium Plus 40 TFSI,14,53430.5
2025-07-01,Near Luxury SUV,audi,q5_sq5,quattro Prestige 40 TFSI,1,51400.0
2025-07-01,Near Luxury SUV,audi,q5_sq5,quattro Progressiv 45 TFSI,2,55582.5
2025-07-01,Near Luxury SUV,audi,q5_sq5,quattro S line Prem Plus 45 TFSI,434,57927.366359447005
2025-07-01,Near Luxury SUV,audi,q5_sq5,quattro S line Premium 45 TFSI,192,52300.15183246073
2025-07-01,Near Luxury SUV,audi,q5_sq5,quattro S line Prestige 45 TFSI,17,61875.470588235294
2025-07-01,Near Luxury SUV,audi,sq5,3.0 TFSI quattro Progressiv,1,59735.0
2025-07-01,Near Luxury SUV,audi,sq5,3.0 TFSI quattro Technik,10,74340.8
2025-07-01,Near Luxury SUV,audi,sq5,3.0T quattro Premium,1,59680.0
2025-07-01,Near Luxury SUV,audi,sq5,3.0T quattro Premium Plus,185,68735.62162162163
2025-07-01,Near Luxury SUV,audi,sq5,3.0T quattro Prestige,10,74805.2
2025-07-01,Near Luxury SUV,audi,sq5,Premium Plus,334,73940.6736526946
2025-07-01,Near Luxury SUV,audi,sq5,Premium Plus TFSI quattro S tronic,47,73590.06382978724
2025-07-01,Near Luxury SUV,audi,sq5,Premium Plus TFSI quattro Tiptronic,1,70735.0
2025-07-01,Near Luxury SUV,audi,sq5,Prestige,20,75074.45
2025-07-01,Near Luxury SUV,bmw,x3,30 xDrive,8210,57164.66231388821
2025-07-01,Near Luxury SUV,bmw,x3,M40i,2,68317.5
2025-07-01,Near Luxury SUV,bmw,x3,M50 xDrive,546,72176.13944954128
2025-07-01,Near Luxury SUV,bmw,x3,sDrive30i,59,52188.14035087719
2025-07-01,Near Luxury SUV,bmw,x3,xDrive30i,31,54787.67741935484
2025-07-01,Near Luxury SUV,bmw,x4,Base,49,92877.24489795919
2025-07-01,Near Luxury SUV,bmw,x4,M40i,41,74372.14634146342
2025-07-01,Near Luxury SUV,bmw,x4,xDrive30i,221,63472.73303167421
2025-07-01,Near Luxury SUV,cadillac,xt4,Luxury,15,42247.73333333333
2025-07-01,Near Luxury SUV,cadillac,xt4,Premium Luxury,1077,45700.88207985144
2025-07-01,Near Luxury SUV,cadillac,xt4,Sport,463,48395.280777537795
2025-07-01,Near Luxury SUV,genesis,gv70,2.5T,567,50438.497354497355
2025-07-01,Near Luxury SUV,genesis,gv70,2.5T Advanced,1818,57939.826182618264
2025-07-01,Near Luxury SUV,genesis,gv70,2.5T Advanced Plus,6,52232.166666666664
2025-07-01,Near Luxury SUV,genesis,gv70,2.5T Prestige,13,57053.61538461538
2025-07-01,Near Luxury SUV,genesis,gv70,2.5T Select,975,53375.29743589744
2025-07-01,Near Luxury SUV,genesis,gv70,2.5T Sport Prestige,566,61272.26325088339
2025-07-01,Near Luxury SUV,genesis,gv70,2.5T Standard,258,52187.00389105058
2025-07-01,Near Luxury SUV,genesis,gv70,3.5T Sport,408,63474.19362745098
2025-07-01,Near Luxury SUV,genesis,gv70,3.5T Sport Advanced,183,65738.7868852459
2025-07-01,Near Luxury SUV,genesis,gv70,3.5T Sport Prestige,1599,72564.94434021263
2025-07-01,Near Luxury SUV,infiniti,qx50,Autograph,4,52833.5
2025-07-01,Near Luxury SUV,infiniti,qx50,Luxe,866,46794.92840646651
2025-07-01,Near Luxury SUV,infiniti,qx50,Pure,144,41264.90972222222
2025-07-01,Near Luxury SUV,infiniti,qx50,Sensory,2,56293.0
2025-07-01,Near Luxury SUV,infiniti,qx50,Sport,577,51334.298093587524
2025-07-01,Near Luxury SUV,infiniti,qx55,Essential,200,54663.385
2025-07-01,Near Luxury SUV,infiniti,qx55,Luxe,507,49944.06311637081
2025-07-01,Near Luxury SUV,infiniti,qx55,Sensory,107,58407.71028037383
2025-07-01,Near Luxury SUV,jaguar,e_pace,P250 R-Dynamic SE,158,53728.259493670885
2025-07-01,Near Luxury SUV,jaguar,e_pace,P250 SE,1,55575.0
2025-07-01,Near Luxury SUV,land_rover,discovery_sport,P250 Dynamic SE,207,58444.942028985504
2025-07-01,Near Luxury SUV,land_rover,discovery_sport,P250 S,513,53482.17153996101
2025-07-01,Near Luxury SUV,land_rover,discovery_sport,P250 S R-Dynamic,1,56770.0
2025-07-01,Near Luxury SUV,land_rover,discovery_sport,P250 SE,3,51028.333333333336
2025-07-01,Near Luxury SUV,land_rover,discovery_sport,P250 SE R-Dynamic,4,51342.5
2025-07-01,Near Luxury SUV,land_rover,range_rover_evoque,P250 Dynamic SE,323,62021.52321981424
2025-07-01,Near Luxury SUV,land_rover,range_rover_evoque,P250 S,627,55942.70494417863
2025-07-01,Near Luxury SUV,lexus,nx_series,Base,888,51959.11847972972
2025-07-01,Near Luxury SUV,lexus,nx_series,F SPORT Handling,176,60350.149545454544
2025-07-01,Near Luxury SUV,lexus,nx_series,Luxury,563,58261.54056838365
2025-07-01,Near Luxury SUV,lexus,nx_series,Premium,2070,51383.052763285006
2025-07-01,Near Luxury SUV,maserati,grecale,Folgore,47,113795.40425531915
2025-07-01,Near Luxury SUV,maserati,grecale,GT,144,72646.47222222222
2025-07-01,Near Luxury SUV,maserati,grecale,Modena,305,86234.05901639344
2025-07-01,Near Luxury SUV,maserati,grecale,Trofeo,46,117148.84444444445
2025-07-01,Near Luxury SUV,mercedes_benz,benz_amg_glc,4MATIC,638,102028.39478806908
2025-07-01,Near Luxury SUV,mercedes_benz,glb,AMG GLB 35,252,64741.23412698413
2025-07-01,Near Luxury SUV,mercedes_benz,glb,GLB 250,1304,49645.23963133641
2025-07-01,Near Luxury SUV,mercedes_benz,glb,GLB 250 4MATIC,1303,52011.34612432847
2025-07-01,Near Luxury SUV,mercedes_benz,glc_class,4MATIC,3558,67148.27880831929
2025-07-01,Near Luxury SUV,mercedes_benz,glc_class,4MATIC SUV,579,58292.00518134715
2025-07-01,Near Luxury SUV,mercedes_benz,glc_class,AMG GLC 43,926,76688.36285097193
2025-07-01,Near Luxury SUV,mercedes_benz,glc_class,GLC 300,2137,55758.77866167525
2025-07-01,Near Luxury SUV,mercedes_benz,glc_class,GLC 300 4MATIC,4046,60993.41052891745
2025-07-01,Near Luxury SUV,mercedes_benz,glc_class,GLC 350e 4MATIC,610,67690.73770491804
2025-07-01,Near Luxury SUV,porsche,macan,4 Electric,470,97620.81489361702
2025-07-01,Near Luxury SUV,porsche,macan,Base,2487,77122.77121029353
2025-07-01,Near Luxury SUV,porsche,macan,Electric,477,90576.74423480083
2025-07-01,Near Luxury SUV,porsche,macan,GTS,174,109572.48850574713
2025-07-01,Near Luxury SUV,porsche,macan,S,373,92894.98391420912
2025-07-01,Near Luxury SUV,porsche,macan,T,235,80664.1659574468
2025-07-01,Near Luxury SUV,porsche,macan,Turbo Electric,200,128485.845
2025-07-01,Near Luxury SUV,volvo,xc60,B5 Core,1260,49748.65476190476
2025-07-01,Near Luxury SUV,volvo,xc60,B5 Core Dark Theme,7,48731.8
2025-07-01,Near Luxury SUV,volvo,xc60,B5 Plus,2796,55013.17775393419
2025-07-01,Near Luxury SUV,volvo,xc60,B5 Plus Dark Theme,57,53562.43859649123
2025-07-01,Near Luxury SUV,volvo,xc60,B5 Ultimate Bright Theme,2,63555.0
2025-07-01,Near Luxury SUV,volvo,xc60,B5 Ultimate Dark Theme,1,58070.0
2025-07-01,Near Luxury SUV,volvo,xc60,B5 Ultra,1082,61078.89741219963
2025-07-01,Near Luxury SUV,volvo,xc60,B5 Ultra Black Edition,79,64074.22784810127
2025-07-01,Near Luxury SUV,volvo,xc60,B6 Ultimate Bright Theme,1,64385.0
2025-07-01,Near Luxury SUV,volvo,xc60,Plus Dark Theme,234,58887.09829059829
2025-07-01,Near Luxury SUV,volvo,xc60,T8 Core,247,59874.692307692305
2025-07-01,Near Luxury SUV,volvo,xc60,T8 Plus,1561,65081.101217168485
2025-07-01,Near Luxury SUV,volvo,xc60,T8 Polestar Engineered,21,77386.76190476191
2025-07-01,Near Luxury SUV,volvo,xc60,T8 Ultra,667,72114.03448275862
2025-07-01,Near Luxury SUV,volvo,xc60,T8 Ultra Black Edition,19,73941.57894736843
2025-07-01,Near Luxury SUV,volvo,xc60,Ultra Dark Theme,128,68603.9609375
2025-07-01,Near Luxury SUV,volvo,xc60_recharge,T8 Core Bright Theme,3,42225.0
2025-07-01,Near Luxury SUV,volvo,xc60_recharge,T8 Core Dark Theme,4,53889.75
2025-07-01,Near Luxury SUV,volvo,xc60_recharge,T8 Plus Dark Theme,41,59479.21951219512
2025-07-01,Near Luxury SUV,volvo,xc60_recharge,T8 Polestar Engineered,3,70317.66666666667
2025-07-01,Near Luxury SUV,volvo,xc60_recharge,T8 Ultimate Black Edition,4,70632.5
2025-07-01,Near Luxury SUV,volvo,xc60_recharge,T8 Ultimate Bright Theme,1,70440.0
2025-07-01,Near Luxury SUV,volvo,xc60_recharge,T8 Ultimate Dark Theme,8,71380.5
2025-07-01,Premium Luxury Car,audi,a8_s8,4.0T quattro,240,135165.50416666668
2025-07-01,Premium Luxury Car,audi,a8_s8,quattro 55 TFSI,358,97930.76815642459
2025-07-01,Premium Luxury Car,bentley,flying_spur,Edition 8,2,290272.5
2025-07-01,Premium Luxury Car,bentley,flying_spur,Hybrid,2,276282.5
2025-07-01,Premium Luxury Car,bentley,flying_spur,Mulliner V8,2,276616.5
2025-07-01,Premium Luxury Car,bentley,flying_spur,S V8,4,299723.0
2025-07-01,Premium Luxury Car,bentley,flying_spur,Speed,32,333709.15625
2025-07-01,Premium Luxury Car,bentley,flying_spur,Speed First Edition,45,336806.55555555556
2025-07-01,Premium Luxury Car,bmw,7_series,740i,404,106382.00247524753
2025-07-01,Premium Luxury Car,bmw,7_series,740i xDrive,239,107466.99581589959
2025-07-01,Premium Luxury Car,bmw,7_series,750e xDrive,306,117976.34967320261
2025-07-01,Premium Luxury Car,bmw,7_series,760i xDrive,1070,134434.1261682243
2025-07-01,Premium Luxury Car,genesis,g90,3.5T,16,88137.4375
2025-07-01,Premium Luxury Car,genesis,g90,3.5T e-Supercharger,357,98197.25770308124
2025-07-01,Premium Luxury Car,lexus,ls_series,Base,23,101613.21739130435
2025-07-01,Premium Luxury Car,lexus,ls_series,F SPORT,5,93860.2
2025-07-01,Premium Luxury Car,maserati,quattroporte,Modena,2,80150.5
2025-07-01,Premium Luxury Car,maserati,quattroporte,Modena Q4,12,118620.83333333333
2025-07-01,Premium Luxury Car,maserati,quattroporte,Modena Ultima Q4,13,126085.61538461539
2025-07-01,Premium Luxury Car,mercedes_benz,s_class,AMG S 63 E Performance,373,206513.19946091645
2025-07-01,Premium Luxury Car,mercedes_benz,s_class,Mercedes-Maybach S 580 4MATIC,55,228560.9090909091
2025-07-01,Premium Luxury Car,mercedes_benz,s_class,Mercedes-Maybach S 680 4MATIC,37,289326.7027027027
2025-07-01,Premium Luxury Car,mercedes_benz,s_class,S 500 4MATIC,74,128088.75342465754
2025-07-01,Premium Luxury Car,mercedes_benz,s_class,S 580 4MATIC,906,141608.04746136867
2025-07-01,Premium Luxury Car,mercedes_benz,s_class,S 580e 4MATIC,184,138460.50543478262
2025-07-01,Premium Luxury Car,porsche,panamera,4,486,131585.3230452675
2025-07-01,Premium Luxury Car,porsche,panamera,4 E-Hybrid,8,140169.75
2025-07-01,Premium Luxury Car,porsche,panamera,4S,9,155131.77777777778
2025-07-01,Premium Luxury Car,porsche,panamera,4S Sport Turismo,1,149750.0
2025-07-01,Premium Luxury Car,porsche,panamera,Base,54,125095.16666666667
2025-07-01,Premium Luxury Car,porsche,panamera,GTS,5,171448.8
2025-07-01,Premium Luxury Car,porsche,panamera,Turbo,11,224764.0
2025-07-01,Premium Luxury Car,porsche,panamera,Turbo S,2,275285.0
2025-07-01,Premium Luxury Car,rolls_royce,ghost,Base,3,465538.3333333333
2025-07-01,Premium Luxury Car,rolls_royce,ghost,Black Badge,8,516056.5714285714
2025-08-01,Entry Luxury EV SUV,genesis,gv60,Advanced,48,61053.75
2025-08-01,Entry Luxury EV SUV,genesis,gv60,Performance,58,69013.5172413793
2025-08-01,Entry Luxury EV SUV,genesis,gv60,Standard,166,55358.73493975904
2025-08-01,Entry Luxury EV SUV,volvo,c40_recharge,Core,2,56887.5
2025-08-01,Entry Luxury EV SUV,volvo,c40_recharge,Plus,4,58437.25
2025-08-01,Entry Luxury EV SUV,volvo,c40_recharge,Twin Core,8,54796.625
2025-08-01,Entry Luxury EV SUV,volvo,c40_recharge,Twin Plus,13,54201.769230769234
2025-08-01,Entry Luxury EV SUV,volvo,c40_recharge,Twin Ultimate,4,54512.5
2025-08-01,Entry Luxury EV SUV,volvo,ex30,Twin Motor Plus,665,45855.33082706767
2025-08-01,Entry Luxury EV SUV,volvo,ex30,Twin Motor Ultra,359,47375.52367688022
2025-08-01,Entry Luxury EV SUV,volvo,ex40,Plus,1,60135.0
2025-08-01,Entry Luxury EV SUV,volvo,ex40,Single Motor Extended Range Core,28,52491.857142857145
2025-08-01,Entry Luxury EV SUV,volvo,ex40,Single Motor Extended Range Plus,2,57149.5
2025-08-01,Entry Luxury EV SUV,volvo,ex40,Twin Motor Core,63,55200.142857142855
2025-08-01,Entry Luxury EV SUV,volvo,ex40,Twin Motor Plus,5,57744.0
2025-08-01,Mid Luxury Car,audi,a6_e_tron,Premium,210,67102.73809523809
2025-08-01,Mid Luxury Car,audi,a6_e_tron,Premium Plus,814,69378.91400491401
2025-08-01,Mid Luxury Car,audi,a6_e_tron,Prestige,227,72887.40707964601
2025-08-01,Mid Luxury Car,audi,a6_s6,2.9T quattro Premium,6,81210.16666666667
2025-08-01,Mid Luxury Car,audi,a6_s6,2.9T quattro Premium Plus,37,85855.83783783784
2025-08-01,Mid Luxury Car,audi,a6_s6,2.9T quattro Prestige,18,90517.22222222222
2025-08-01,Mid Luxury Car,audi,a6_s6,4.0T quattro Avant performance,152,148597.49668874172
2025-08-01,Mid Luxury Car,audi,a6_s6,Prestige TFSI quattro Tiptronic,36,95298.72222222222
2025-08-01,Mid Luxury Car,audi,a6_s6,performance,1,153495.0
2025-08-01,Mid Luxury Car,audi,a6_s6,performance TFSI quattro Tiptronic,4,201665.0
2025-08-01,Mid Luxury Car,audi,a6_s6,quattro Premium 45 TFSI,107,60082.86915887851
2025-08-01,Mid Luxury Car,audi,a6_s6,quattro Premium 55 TFSI,97,66885.59793814433
2025-08-01,Mid Luxury Car,audi,a6_s6,quattro Premium Plus 45 TFSI,276,64626.692028985504
2025-08-01,Mid Luxury Car,audi,a6_s6,quattro Premium Plus 55 TFSI,358,72046.50825352113
2025-08-01,Mid Luxury Car,audi,a6_s6,quattro Prestige 55 TFSI,243,78843.73238683127
2025-08-01,Mid Luxury Car,audi,a6_s6,quattro tiptronic,2,148246.5
2025-08-01,Mid Luxury Car,audi,a7_s7,2.9T quattro Premium,1,87590.0
2025-08-01,Mid Luxury Car,audi,a7_s7,2.9T quattro Premium Plus,20,95077.45
2025-08-01,Mid Luxury Car,audi,a7_s7,2.9T quattro Prestige,26,106209.23076923077
2025-08-01,Mid Luxury Car,audi,a7_s7,quattro Premium 55 TFSI,13,76972.46153846153
2025-08-01,Mid Luxury Car,audi,a7_s7,quattro Premium Plus 55 TFSI,62,81238.83870967742
2025-08-01,Mid Luxury Car,audi,a7_s7,quattro Prestige 55 TFSI,49,88150.57142857143
2025-08-01,Mid Luxury Car,audi,a7_s7,quattro Progressiv 55 TFSI,2,79062.5
2025-08-01,Mid Luxury Car,audi,a7_s7_rs_7,4.0T quattro performance,142,148448.21830985916
2025-08-01,Mid Luxury Car,bmw,5_series,530i,689,66787.03918722787
2025-08-01,Mid Luxury Car,bmw,5_series,530i xDrive,731,68439.71819425444
2025-08-01,Mid Luxury Car,bmw,5_series,540i xDrive,190,78457.18947368421
2025-08-01,Mid Luxury Car,bmw,5_series,550e xDrive,552,83651.6551724138
2025-08-01,Mid Luxury Car,bmw,5_series,xDrive,65,70489.87692307692
2025-08-01,Mid Luxury Car,bmw,m5,Base,347,131861.91354466858
2025-08-01,Mid Luxury Car,bmw,m5,Base (A8),43,133495.2093023256
2025-08-01,Mid Luxury Car,genesis,g80,2.5T,321,64206.105919003116
2025-08-01,Mid Luxury Car,genesis,g80,2.5T Advanced,107,63179.457943925234
2025-08-01,Mid Luxury Car,genesis,g80,2.5T Sport Prestige,2,72123.5
2025-08-01,Mid Luxury Car,genesis,g80,3.5T Prestige Black,11,81677.54545454546
2025-08-01,Mid Luxury Car,genesis,g80,3.5T Sport,317,76110.64984227129
2025-08-01,Mid Luxury Car,genesis,g80,3.5T Sport Advanced,111,70304.97297297297
2025-08-01,Mid Luxury Car,genesis,g80,3.5T Sport Prestige,7,80753.57142857143
2025-08-01,Mid Luxury Car,genesis,g80,Advanced,14,66293.92857142857
2025-08-01,Mid Luxury Car,genesis,g80,Base,4,66753.75
2025-08-01,Mid Luxury Car,jaguar,xf,P250 R-Dynamic SE,16,52870.875
2025-08-01,Mid Luxury Car,jaguar,xf,P300 R-Dynamic SE,153,56904.686274509804
2025-08-01,Mid Luxury Car,maserati,ghibli,334 Ultima,3,126577.66666666667
2025-08-01,Mid Luxury Car,maserati,ghibli,Modena Q4,34,95513.0
2025-08-01,Mid Luxury Car,maserati,ghibli,Modena Ultima Q4,35,100671.94285714286
2025-08-01,Mid Luxury Car,maserati,ghibli,Trofeo,1,130000.0
2025-08-01,Mid Luxury Car,mercedes_benz,cle,AMG CLE 53,3,88091.66666666667
2025-08-01,Mid Luxury Car,mercedes_benz,cle,CLE 300 4MATIC,570,68463.20133567663
2025-08-01,Mid Luxury Car,mercedes_benz,cle,CLE 450 4MATIC,77,76329.16675324675
2025-08-01,Mid Luxury Car,mercedes_benz,cls,CLS 450 4MATIC,2,78817.5
2025-08-01,Mid Luxury Car,mercedes_benz,e_class,E 350,640,70303.7
2025-08-01,Mid Luxury Car,mercedes_benz,e_class,E 350 4MATIC,504,73904.43452380953
2025-08-01,Mid Luxury Car,mercedes_benz,e_class,E 450 4MATIC,118,79342.70338983051
2025-08-01,Mid Luxury Car,mercedes_benz,e_class,E 450 4MATIC All-Terrain,299,84744.80201342281
2025-08-01,Mid Luxury Car,volvo,s90,B6 Plus,83,59215.7108433735
2025-08-01,Mid Luxury Car,volvo,s90,B6 Ultimate,7,63425.42857142857
2025-08-01,Mid Luxury Car,volvo,s90,B6 Ultra,34,65569.05882352941
2025-08-01,Mid Luxury Car,volvo,s90,T8 Plus,2,67945.0
2025-08-01,Mid Luxury Car,volvo,s90,T8 Ultimate,18,68776.05555555556
2025-08-01,Mid Luxury Car,volvo,s90,T8 Ultra,10,72123.5
2025-08-01,Mid Luxury Car,volvo,v90,B6 Plus,33,62522.57575757576
2025-08-01,Mid Luxury Car,volvo,v90,B6 Ultimate,1,59042.0
2025-08-01,Mid Luxury Car,volvo,v90,B6 Ultra,122,70219.95901639345
2025-08-01,Mid Luxury SUV,acura,mdx,Base,156,53066.1217948718
2025-08-01,Mid Luxury SUV,acura,mdx,SH-AWD,462,55324.5367965368
2025-08-01,Mid Luxury SUV,acura,mdx,SH-AWD Type S w/Advance Package,245,77039.62448979591
2025-08-01,Mid Luxury SUV,acura,mdx,SH-AWD w/A-SPEC,419,63501.21241050119
2025-08-01,Mid Luxury SUV,acura,mdx,SH-AWD w/Advance,235,68110.34763948497
2025-08-01,Mid Luxury SUV,acura,mdx,SH-AWD w/Platinum Elite w/A-Spec,163,69985.88957055214
2025-08-01,Mid Luxury SUV,acura,mdx,SH-AWD w/Tech,816,60501.240196078434
2025-08-01,Mid Luxury SUV,acura,mdx,w/A-Spec Advance Package,655,70743.30534351146
2025-08-01,Mid Luxury SUV,acura,mdx,w/A-Spec Package,821,64234.236585365856
2025-08-01,Mid Luxury SUV,acura,mdx,w/Advance Package,4,67310.0
2025-08-01,Mid Luxury SUV,acura,mdx,w/Tech,350,57945.07163323782
2025-08-01,Mid Luxury SUV,acura,mdx,w/Technology Package,430,58923.66744186047
2025-08-01,Mid Luxury SUV,audi,q7,quattro Premium 45 TFSI,121,63809.816666666666
2025-08-01,Mid Luxury SUV,audi,q7,quattro Premium 55 TFSI,98,67314.75510204081
2025-08-01,Mid Luxury SUV,audi,q7,quattro Premium Plus 45 TFSI,279,68829.35164835164
2025-08-01,Mid Luxury SUV,audi,q7,quattro Premium Plus 55 TFSI,2665,73587.46716697936
2025-08-01,Mid Luxury SUV,audi,q7,quattro Prestige 55 TFSI,603,82421.40531561461
2025-08-01,Mid Luxury SUV,audi,q7,quattro Technik 55 TFSI,1,76480.0
2025-08-01,Mid Luxury SUV,audi,q7_sq7,4.0T quattro Premium Plus,55,98539.61818181818
2025-08-01,Mid Luxury SUV,audi,q7_sq7,4.0T quattro Prestige,78,109371.7435897436
2025-08-01,Mid Luxury SUV,bmw,x5,Competition,294,141616.54761904763
2025-08-01,Mid Luxury SUV,bmw,x5,M60i,375,103995.10933333333
2025-08-01,Mid Luxury SUV,bmw,x5,sDrive40i,1301,77725.95618754804
2025-08-01,Mid Luxury SUV,bmw,x5,xDrive40i,3491,80364.52621025495
2025-08-01,Mid Luxury SUV,bmw,x5,xDrive50e,1208,84269.23675496689
2025-08-01,Mid Luxury SUV,bmw,x5_xdrive45e,Competition,94,145917.914893617
2025-08-01,Mid Luxury SUV,bmw,x6,M60i,141,109033.0354609929
2025-08-01,Mid Luxury SUV,bmw,x6,xDrive40i,326,87626.61656441719
2025-08-01,Mid Luxury SUV,cadillac,xt5,Coachbuilder- Funeral Hearse,31,46422.0
2025-08-01,Mid Luxury SUV,cadillac,xt5,Luxury,773,45529.29236739974
2025-08-01,Mid Luxury SUV,cadillac,xt5,Premium Luxury,3795,55005.61581027668
2025-08-01,Mid Luxury SUV,cadillac,xt5,Sport,572,61675.49825174825
2025-08-01,Mid Luxury SUV,cadillac,xt6,Luxury,1083,49578.50138504155
2025-08-01,Mid Luxury SUV,cadillac,xt6,Premium Luxury,2357,60101.030984719866
2025-08-01,Mid Luxury SUV,cadillac,xt6,Sport,721,66386.11927877947
2025-08-01,Mid Luxury SUV,genesis,gv80,2.5T,34,60836.029411764706
2025-08-01,Mid Luxury SUV,genesis,gv80,2.5T AWD,7,61848.142857142855
2025-08-01,Mid Luxury SUV,genesis,gv80,2.5T Advanced,722,68737.75207756233
2025-08-01,Mid Luxury SUV,genesis,gv80,2.5T Prestige,569,72350.8172231986
2025-08-01,Mid Luxury SUV,genesis,gv80,2.5T Select,287,63258.78745644599
2025-08-01,Mid Luxury SUV,genesis,gv80,2.5T Standard,203,58981.24137931035
2025-08-01,Mid Luxury SUV,genesis,gv80,3.5T,67,73676.66666666667
2025-08-01,Mid Luxury SUV,genesis,gv80,3.5T Advanced,521,75876.74856046065
2025-08-01,Mid Luxury SUV,genesis,gv80,3.5T Prestige,1,64810.0
2025-08-01,Mid Luxury SUV,genesis,gv80,3.5T Prestige Black AWD,96,85937.15625
2025-08-01,Mid Luxury SUV,genesis,gv80,3.5T Prestige Signature,2670,81105.36329588015
2025-08-01,Mid Luxury SUV,genesis,gv80_coupe,3.5T,5,83996.6
2025-08-01,Mid Luxury SUV,genesis,gv80_coupe,3.5T E-SC,784,87616.9094387755
2025-08-01,Mid Luxury SUV,genesis,gv80_coupe,3.5T E-SC MHEV AWD,12,90029.25
2025-08-01,Mid Luxury SUV,genesis,gv80_coupe,3.5T V6 AWD,40,81035.975
2025-08-01,Mid Luxury SUV,genesis,gv80_coupe,3.5T e-SC,2,88538.0
2025-08-01,Mid Luxury SUV,genesis,gv80_coupe,3.5T e-SC Prestige Black,27,92190.92592592593
2025-08-01,Mid Luxury SUV,ineos,grenadier,1924 Limited Edition,347,90090.66858789626
2025-08-01,Mid Luxury SUV,ineos,grenadier,Base,337,83039.16617210682
2025-08-01,Mid Luxury SUV,ineos,grenadier,Fieldmaster,90,83209.74444444444
2025-08-01,Mid Luxury SUV,ineos,grenadier,Trialmaster,36,84084.97222222222
2025-08-01,Mid Luxury SUV,infiniti,qx60,Autograph,1229,67421.14727420667
2025-08-01,Mid Luxury SUV,infiniti,qx60,Luxe,2780,58990.12841726618
2025-08-01,Mid Luxury SUV,infiniti,qx60,Pure,344,49640.479651162794
2025-08-01,Mid Luxury SUV,infiniti,qx60,SPORT,91,64018.57142857143
2025-08-01,Mid Luxury SUV,infiniti,qx60,Sensory,184,60967.63043478261
2025-08-01,Mid Luxury SUV,jaguar,f_pace,P250 R-Dynamic S,1857,65054.83037156704
2025-08-01,Mid Luxury SUV,jaguar,f_pace,P400 R-Dynamic S,554,76256.05776173285
2025-08-01,Mid Luxury SUV,jaguar,f_pace,SVR 575 EDITION,62,100790.3870967742
2025-08-01,Mid Luxury SUV,land_rover,defender,110 P300 S,923,73127.44853737812
2025-08-01,Mid Luxury SUV,land_rover,defender,110 P400 S,646,79404.16718266254
2025-08-01,Mid Luxury SUV,land_rover,defender,110 P400 X,125,100085.376
2025-08-01,Mid Luxury SUV,land_rover,defender,110 P400 X-Dynamic SE,675,86040.98814814814
2025-08-01,Mid Luxury SUV,land_rover,defender,110 P500 X-Dynamic SE,294,106884.19387755102
2025-08-01,Mid Luxury SUV,land_rover,defender,110 S,1,79980.0
2025-08-01,Mid Luxury SUV,land_rover,defender,110 V8,1,115140.0
2025-08-01,Mid Luxury SUV,land_rover,defender,110 V8 P500 SE,48,100961.58333333333
2025-08-01,Mid Luxury SUV,land_rover,defender,110 V8 P525,309,119546.81877022654
2025-08-01,Mid Luxury SUV,land_rover,defender,130 P300 S,179,81011.97206703911
2025-08-01,Mid Luxury SUV,land_rover,defender,130 P400 Outbound,30,92587.43333333333
2025-08-01,Mid Luxury SUV,land_rover,defender,130 P400 S,155,89880.6064516129
2025-08-01,Mid Luxury SUV,land_rover,defender,130 P400 X,43,107774.58139534884
2025-08-01,Mid Luxury SUV,land_rover,defender,130 P400 X-Dynamic SE,462,95068.09956709956
2025-08-01,Mid Luxury SUV,land_rover,defender,130 P500 V8,131,126519.19083969465
2025-08-01,Mid Luxury SUV,land_rover,defender,130 SE,1,115445.0
2025-08-01,Mid Luxury SUV,land_rover,defender,130 V8 P500,6,114110.5
2025-08-01,Mid Luxury SUV,land_rover,defender,90 P300 S,99,67448.68686868687
2025-08-01,Mid Luxury SUV,land_rover,defender,90 P400 X-Dynamic SE,159,79258.21383647798
2025-08-01,Mid Luxury SUV,land_rover,defender,90 P525 V8,23,115904.78260869565
2025-08-01,Mid Luxury SUV,land_rover,defender,90 V8,15,109792.86666666667
2025-08-01,Mid Luxury SUV,land_rover,defender,90 V8 Carpathian Edition,10,113707.2
2025-08-01,Mid Luxury SUV,land_rover,defender,90 X-Dynamic SE,1,70465.0
2025-08-01,Mid Luxury SUV,land_rover,defender,P400 Sedona Red Edition,4,86224.0
2025-08-01,Mid Luxury SUV,land_rover,defender,P635 OCTA,65,163907.03076923077
2025-08-01,Mid Luxury SUV,land_rover,defender,P635 OCTA Edition One,58,173677.44827586206
2025-08-01,Mid Luxury SUV,land_rover,discovery,P300 Dynamic SE,277,72469.91696750902
2025-08-01,Mid Luxury SUV,land_rover,discovery,P300 S,328,67364.80792682926
2025-08-01,Mid Luxury SUV,land_rover,discovery,P360 Dynamic SE,505,78835.56150793651
2025-08-01,Mid Luxury SUV,land_rover,discovery,P360 HSE R-Dynamic,1,78969.0
2025-08-01,Mid Luxury SUV,land_rover,discovery,P360 Metropolitan,112,86024.86607142857
2025-08-01,Mid Luxury SUV,land_rover,discovery,P360 Metropolitan Edition,2,83174.5
2025-08-01,Mid Luxury SUV,land_rover,range_rover_velar,Autobiography,38,87740.07894736843
2025-08-01,Mid Luxury SUV,land_rover,range_rover_velar,Dynamic SE,983,74721.97863682604
2025-08-01,Mid Luxury SUV,land_rover,range_rover_velar,P250 Dynamic SE,428,72484.34579439252
2025-08-01,Mid Luxury SUV,land_rover,range_rover_velar,P250 S,260,67801.77692307692
2025-08-01,Mid Luxury SUV,land_rover,range_rover_velar,P400 Autobiography,6,88314.66666666667
2025-08-01,Mid Luxury SUV,land_rover,range_rover_velar,P400 Dynamic HSE,23,84929.30434782608
2025-08-01,Mid Luxury SUV,land_rover,range_rover_velar,P400 Dynamic SE,188,79244.60638297872
2025-08-01,Mid Luxury SUV,land_rover,range_rover_velar,S,373,68113.94101876675
2025-08-01,Mid Luxury SUV,lexus,gx_series,Base,2,62564.0
2025-08-01,Mid Luxury SUV,lexus,gx_series,Luxury,1,81844.0
2025-08-01,Mid Luxury SUV,lexus,gx_series,Luxury+,366,85965.31420765027
2025-08-01,Mid Luxury SUV,lexus,gx_series,Overtrail,69,77641.0
2025-08-01,Mid Luxury SUV,lexus,gx_series,Overtrail+,79,84790.79746835443
2025-08-01,Mid Luxury SUV,lexus,gx_series,Premium,2,69293.0
2025-08-01,Mid Luxury SUV,lexus,gx_series,Premium+,307,73935.34527687296
2025-08-01,Mid Luxury SUV,lexus,rx_series,Base,27,52185.25925925926
2025-08-01,Mid Luxury SUV,lexus,rx_series,F SPORT Design,163,61151.88797546012
2025-08-01,Mid Luxury SUV,lexus,rx_series,F SPORT Handling,41,66351.17073170732
2025-08-01,Mid Luxury SUV,lexus,rx_series,F SPORT Performance,22,79152.22727272728
2025-08-01,Mid Luxury SUV,lexus,rx_series,Luxury,550,72367.31553734062
2025-08-01,Mid Luxury SUV,lexus,rx_series,Premium,2182,57397.45434463795
2025-08-01,Mid Luxury SUV,lexus,rx_series,Premium+,797,60878.784466750294
2025-08-01,Mid Luxury SUV,lexus,tx,Base,135,64309.88148148148
2025-08-01,Mid Luxury SUV,lexus,tx,F SPORT Handling,283,69545.32862190812
2025-08-01,Mid Luxury SUV,lexus,tx,F SPORT Luxury,1,84174.0
2025-08-01,Mid Luxury SUV,lexus,tx,F SPORT Performance Luxury,71,78163.7042253521
2025-08-01,Mid Luxury SUV,lexus,tx,F SPORT Performance Premium,614,74039.4983713355
2025-08-01,Mid Luxury SUV,lexus,tx,F SPORT Premium,12,74264.75
2025-08-01,Mid Luxury SUV,lexus,tx,Luxury,655,71439.90709923663
2025-08-01,Mid Luxury SUV,lexus,tx,Premium,1931,64352.906784049715
2025-08-01,Mid Luxury SUV,lincoln,aviator,Black Label,659,90438.3535660091
2025-08-01,Mid Luxury SUV,lincoln,aviator,Black Label Grand Touring,1,90430.0
2025-08-01,Mid Luxury SUV,lincoln,aviator,Grand Touring,4,77343.5
2025-08-01,Mid Luxury SUV,lincoln,aviator,Livery,14,59884.0
2025-08-01,Mid Luxury SUV,lincoln,aviator,Premiere,1647,63917.62234365513
2025-08-01,Mid Luxury SUV,lincoln,aviator,Reserve,3414,74978.00673696544
2025-08-01,Mid Luxury SUV,lincoln,nautilus,Black Label,581,77267.57314974183
2025-08-01,Mid Luxury SUV,lincoln,nautilus,Premiere,3712,57595.80630387931
2025-08-01,Mid Luxury SUV,lincoln,nautilus,Reserve,3686,65748.00786760716
2025-08-01,Mid Luxury SUV,lincoln,nautilus,Standard,2,57993.0
2025-08-01,Mid Luxury SUV,mercedes_benz,benz_amg_gle,4MATIC+,329,102466.6333130699
2025-08-01,Mid Luxury SUV,mercedes_benz,benz_amg_gle,S 4MATIC+,40,143687.2
2025-08-01,Mid Luxury SUV,mercedes_benz,gle_class,4MATIC,1025,81915.05255609757
2025-08-01,Mid Luxury SUV,mercedes_benz,gle_class,AMG GLE 53,2071,100273.84355383873
2025-08-01,Mid Luxury SUV,mercedes_benz,gle_class,AMG GLE 63 S,719,141385.05702364395
2025-08-01,Mid Luxury SUV,mercedes_benz,gle_class,GLE 350 4MATIC,1836,73275.41122004358
2025-08-01,Mid Luxury SUV,mercedes_benz,gle_class,GLE 450 4MATIC,1696,83291.31485849057
2025-08-01,Mid Luxury SUV,mercedes_benz,gle_class,GLE 450e 4MATIC,132,81947.31818181818
2025-08-01,Mid Luxury SUV,mercedes_benz,gle_class,GLE 580 4MATIC,327,99156.61773700306
2025-08-01,Mid Luxury SUV,volvo,xc90,B5 Core,520,60143.16923076923
2025-08-01,Mid Luxury SUV,volvo,xc90,B5 Core Bright Theme,3,60777.0
2025-08-01,Mid Luxury SUV,volvo,xc90,B5 Plus,48,60343.645833333336
2025-08-01,Mid Luxury SUV,volvo,xc90,B5 Plus 6-Seater,192,65573.05208333333
2025-08-01,Mid Luxury SUV,volvo,xc90,B5 Plus 7-Seater,720,65253.38888888889
2025-08-01,Mid Luxury SUV,volvo,xc90,B5 Plus Bright Theme,5,59220.75
2025-08-01,Mid Luxury SUV,volvo,xc90,B5 Ultra,12,67588.0
2025-08-01,Mid Luxury SUV,volvo,xc90,B5 Ultra 6-Seater,57,71118.38596491228
2025-08-01,Mid Luxury SUV,volvo,xc90,B5 Ultra 7-Seater,36,70562.47222222222
2025-08-01,Mid Luxury SUV,volvo,xc90,B6 Core,353,64173.57790368272
2025-08-01,Mid Luxury SUV,volvo,xc90,B6 Plus 6-Seater,285,70763.50175438597
2025-08-01,Mid Luxury SUV,volvo,xc90,B6 Plus 6P,70,65395.44285714286
2025-08-01,Mid Luxury SUV,volvo,xc90,B6 Plus 7-Seater,1862,69053.84640171858
2025-08-01,Mid Luxury SUV,volvo,xc90,B6 Plus 7P,409,63454.78728606357
2025-08-01,Mid Luxury SUV,volvo,xc90,B6 Plus Bright Theme 6P,4,63554.5
2025-08-01,Mid Luxury SUV,volvo,xc90,B6 Plus Bright Theme 7P,14,61335.846153846156
2025-08-01,Mid Luxury SUV,volvo,xc90,B6 Ultimate Bright Theme 6P,2,77717.5
2025-08-01,Mid Luxury SUV,volvo,xc90,B6 Ultimate Bright Theme 7P,20,70439.95
2025-08-01,Mid Luxury SUV,volvo,xc90,B6 Ultra,346,73095.08092485549
2025-08-01,Mid Luxury SUV,volvo,xc90,B6 Ultra 6-Seater,57,77071.85964912281
2025-08-01,Mid Luxury SUV,volvo,xc90,B6 Ultra 6P,52,72861.11538461539
2025-08-01,Mid Luxury SUV,volvo,xc90,B6 Ultra 7-Seater,304,74122.9802631579
2025-08-01,Mid Luxury SUV,volvo,xc90,B6 Ultra 7P,118,71776.38983050847
2025-08-01,Mid Luxury SUV,volvo,xc90,B6 Ultra Bright Theme 7P,1,70235.0
2025-08-01,Mid Luxury SUV,volvo,xc90,B6 Ultra Dark Theme 6-Seater,160,76768.38125
2025-08-01,Mid Luxury SUV,volvo,xc90,B6 Ultra Dark Theme 7-Seater,230,76329.25652173912
2025-08-01,Mid Luxury SUV,volvo,xc90,"Core, B5 AWD Gas (mild hybrid), Gasoline, Bright",1,59925.0
2025-08-01,Mid Luxury SUV,volvo,xc90,"Plus, B5 AWD Gas (mild hybrid), Gasoline, Bright",1,67235.0
2025-08-01,Mid Luxury SUV,volvo,xc90,"Plus, B6 AWD Gas (mild hybrid), Gasoline, Bright",6,71288.33333333333
2025-08-01,Mid Luxury SUV,volvo,xc90,T8 Core,33,73562.33333333333
2025-08-01,Mid Luxury SUV,volvo,xc90,T8 Core 7-Seater,145,72727.0275862069
2025-08-01,Mid Luxury SUV,volvo,xc90,T8 Plus 6-Seater,126,78859.42063492064
2025-08-01,Mid Luxury SUV,volvo,xc90,T8 Plus 6P,66,74655.66666666667
2025-08-01,Mid Luxury SUV,volvo,xc90,T8 Plus 7-Seater,1047,76518.79274116523
2025-08-01,Mid Luxury SUV,volvo,xc90,T8 Plus 7P,35,73230.97142857143
2025-08-01,Mid Luxury SUV,volvo,xc90,T8 Plus Bright Theme 6P,4,68851.0
2025-08-01,Mid Luxury SUV,volvo,xc90,T8 Plus Bright Theme 7P,16,73080.0625
2025-08-01,Mid Luxury SUV,volvo,xc90,T8 Ultimate Bright Theme 6P,3,81120.33333333333
2025-08-01,Mid Luxury SUV,volvo,xc90,T8 Ultimate Bright Theme 7P,1,74396.0
2025-08-01,Mid Luxury SUV,volvo,xc90,T8 Ultra 6-Seater,48,84189.5
2025-08-01,Mid Luxury SUV,volvo,xc90,T8 Ultra 6P,40,80592.05
2025-08-01,Mid Luxury SUV,volvo,xc90,T8 Ultra 7-Seater,648,80785.48456790124
2025-08-01,Mid Luxury SUV,volvo,xc90,T8 Ultra 7P,58,78782.68965517242
2025-08-01,Mid Luxury SUV,volvo,xc90,T8 Ultra Dark Theme 6-Seater,20,86112.85
2025-08-01,Mid Luxury SUV,volvo,xc90,T8 Ultra Dark Theme 7-Seater,44,86854.40909090909
2025-08-01,Mid Luxury SUV,volvo,xc90,"Ultra Dark Theme, B6 AWD Gas (mild hybrid), Gaso",1,73704.0
2025-08-01,Mid Luxury SUV,volvo,xc90,"Ultra, T8 AWD, Electric/Gasoline, Bright, 7 Seat",1,85625.0
2025-08-01,Near Luxury Car,acura,tlx,Base,4,42069.25
2025-08-01,Near Luxury Car,acura,tlx,SH-AWD Type S,109,59628.192660550456
2025-08-01,Near Luxury Car,acura,tlx,SH-AWD w/A-SPEC,2253,51674.441084926635
2025-08-01,Near Luxury Car,acura,tlx,w/Tech,1154,46689.560658578856
2025-08-01,Near Luxury Car,alfa_romeo,giulia,Base,189,51761.10582010582
2025-08-01,Near Luxury Car,alfa_romeo,giulia,Competizione,1,48996.0
2025-08-01,Near Luxury Car,alfa_romeo,giulia,Quadrifoglio,45,84566.97727272728
2025-08-01,Near Luxury Car,alfa_romeo,giulia,Quadrifoglio Carbon,11,82697.45454545454
2025-08-01,Near Luxury Car,alfa_romeo,giulia,Special Edition AWD,8,51878.625
2025-08-01,Near Luxury Car,alfa_romeo,giulia,Sprint,174,49083.62643678161
2025-08-01,Near Luxury Car,alfa_romeo,giulia,Ti,31,46880.1935483871
2025-08-01,Near Luxury Car,alfa_romeo,giulia,Veloce,26,48839.807692307695
2025-08-01,Near Luxury Car,audi,a4_s4,quattro S line Prem Plus 45 TFSI,5,52843.0
2025-08-01,Near Luxury Car,audi,a4_s4,quattro S line Premium 45 TFSI,2,44204.0
2025-08-01,Near Luxury Car,audi,a5,Premium,335,53347.68862275449
2025-08-01,Near Luxury Car,audi,a5,Premium Plus,1442,56648.50346740638
2025-08-01,Near Luxury Car,audi,a5,Premium Plus TFSI quattro S tronic,298,56679.65100671141
2025-08-01,Near Luxury Car,audi,a5,Premium TFSI quattro S tronic,548,53665.50912408759
2025-08-01,Near Luxury Car,audi,a5,Prestige,145,58652.13103448276
2025-08-01,Near Luxury Car,audi,a5,Prestige TFSI quattro S tronic,165,58847.29268292683
2025-08-01,Near Luxury Car,audi,a5,quattro Premium 45 TFSI,2,59340.0
2025-08-01,Near Luxury Car,audi,a5,quattro Premium Plus 45 TFSI,6,63804.0
2025-08-01,Near Luxury Car,audi,a5,quattro Prestige 45 TFSI,2,68345.0
2025-08-01,Near Luxury Car,audi,a5,quattro S line Prem Plus 45 TFSI,102,56905.30198019802
2025-08-01,Near Luxury Car,audi,a5,quattro S line Premium 45 TFSI,70,50848.2
2025-08-01,Near Luxury Car,audi,a5_s5_rs_5,2.9T quattro,7,88339.0
2025-08-01,Near Luxury Car,audi,s5,3.0 TFSI quattro Progressiv,3,61528.666666666664
2025-08-01,Near Luxury Car,audi,s5,3.0T quattro Premium,1,58345.0
2025-08-01,Near Luxury Car,audi,s5,3.0T quattro Premium Plus,53,68041.56
2025-08-01,Near Luxury Car,audi,s5,3.0T quattro Prestige,7,73358.0
2025-08-01,Near Luxury Car,audi,s5,Premium,10,66620.1
2025-08-01,Near Luxury Car,audi,s5,Premium Plus,131,71917.32061068702
2025-08-01,Near Luxury Car,audi,s5,Premium Plus TFSI quattro S tronic,117,71786.92307692308
2025-08-01,Near Luxury Car,audi,s5,Prestige,83,74659.15662650602
2025-08-01,Near Luxury Car,audi,s5,Prestige TFSI quattro S tronic,53,76193.0
2025-08-01,Near Luxury Car,bmw,3_series,330e,2,50741.0
2025-08-01,Near Luxury Car,bmw,3_series,330i,1239,52004.179176755446
2025-08-01,Near Luxury Car,bmw,3_series,330i NA,79,54475.354430379746
2025-08-01,Near Luxury Car,bmw,3_series,330i NA xDrive,26,57165.346153846156
2025-08-01,Near Luxury Car,bmw,3_series,330i xDrive,1316,53770.31762917933
2025-08-01,Near Luxury Car,bmw,3_series,M340i,102,66458.51960784313
2025-08-01,Near Luxury Car,bmw,3_series,M340i NA,11,68377.90909090909
2025-08-01,Near Luxury Car,bmw,3_series,M340i NA xDrive,8,70420.625
2025-08-01,Near Luxury Car,bmw,3_series,M340i xDrive,157,69396.28025477707
2025-08-01,Near Luxury Car,bmw,3_series,NA,3,54675.333333333336
2025-08-01,Near Luxury Car,bmw,3_series,xDrive,104,52993.95192307692
2025-08-01,Near Luxury Car,bmw,3_series,xDrive NA,9,57607.77777777778
2025-08-01,Near Luxury Car,bmw,4_series,430i,577,61629.633916811086
2025-08-01,Near Luxury Car,bmw,4_series,430i Gran Coupe,23,55431.52173913043
2025-08-01,Near Luxury Car,bmw,4_series,430i xDrive,440,64087.82511363637
2025-08-01,Near Luxury Car,bmw,4_series,430i xDrive Gran Coupe,18,57128.77777777778
2025-08-01,Near Luxury Car,bmw,4_series,M440i,169,73057.94568047336
2025-08-01,Near Luxury Car,bmw,4_series,M440i Gran Coupe,2,70329.5
2025-08-01,Near Luxury Car,bmw,4_series,M440i xDrive,221,76940.6643438914
2025-08-01,Near Luxury Car,bmw,4_series,M440i xDrive Gran Coupe,3,70780.0
2025-08-01,Near Luxury Car,bmw,4_series,xDrive,49,61171.17346938775
2025-08-01,Near Luxury Car,bmw,4_series_gran_coupe,xDrive,29,72693.72413793103
2025-08-01,Near Luxury Car,bmw,m3,Base,10,86731.9
2025-08-01,Near Luxury Car,bmw,m3,Base (M6),11,88288.36363636363
2025-08-01,Near Luxury Car,bmw,m3,Competition,21,93998.57142857143
2025-08-01,Near Luxury Car,bmw,m3,Competition xDrive,143,99252.23776223777
2025-08-01,Near Luxury Car,bmw,m4,Base,38,89480.13157894737
2025-08-01,Near Luxury Car,bmw,m4,CS,2,137230.0
2025-08-01,Near Luxury Car,bmw,m4,Competition,246,102446.40650406505
2025-08-01,Near Luxury Car,bmw,m4,Competition xDrive,132,100440.24242424243
2025-08-01,Near Luxury Car,cadillac,ct5,Base,12,65681.83333333333
2025-08-01,Near Luxury Car,cadillac,ct5,Blackwing,40,121162.25
2025-08-01,Near Luxury Car,cadillac,ct5,Luxury,1,43815.0
2025-08-01,Near Luxury Car,cadillac,ct5,Premium Luxury,731,53069.33515731874
2025-08-01,Near Luxury Car,cadillac,ct5,Premium Luxury RWD,527,56042.23908918406
2025-08-01,Near Luxury Car,cadillac,ct5,Sport,502,54299.498007968126
2025-08-01,Near Luxury Car,cadillac,ct5,Sport RWD,254,56366.24803149606
2025-08-01,Near Luxury Car,cadillac,ct5,V-Series Blackwing RWD,47,112594.25531914894
2025-08-01,Near Luxury Car,cadillac,ct5,V-Series RWD,327,66435.22935779816
2025-08-01,Near Luxury Car,genesis,g70,2.0T Prestige,3,41092.666666666664
2025-08-01,Near Luxury Car,genesis,g70,2.5T,44,44432.568181818184
2025-08-01,Near Luxury Car,genesis,g70,2.5T AWD,156,46830.570512820515
2025-08-01,Near Luxury Car,genesis,g70,2.5T AWD Prestige,2,52290.0
2025-08-01,Near Luxury Car,genesis,g70,2.5T Prestige,75,47216.21333333333
2025-08-01,Near Luxury Car,genesis,g70,2.5T RWD,253,44347.324110671936
2025-08-01,Near Luxury Car,genesis,g70,2.5T RWD Prestige,492,49521.936991869916
2025-08-01,Near Luxury Car,genesis,g70,2.5T Standard,296,44046.8277027027
2025-08-01,Near Luxury Car,genesis,g70,3.3T AWD Sport Prestige,804,53787.17537313433
2025-08-01,Near Luxury Car,genesis,g70,3.3T RWD Sport Prestige,236,54721.53813559322
2025-08-01,Near Luxury Car,genesis,g70,3.3T Sport,2,55761.5
2025-08-01,Near Luxury Car,genesis,g70,3.3T Sport Advanced,355,54190.96338028169
2025-08-01,Near Luxury Car,genesis,g70,3.3T Standard,3,54587.0
2025-08-01,Near Luxury Car,infiniti,q50,Luxe,5,44894.6
2025-08-01,Near Luxury Car,infiniti,q50,Red Sport 400,14,58393.21428571428
2025-08-01,Near Luxury Car,infiniti,q50,Sensory,8,51943.0
2025-08-01,Near Luxury Car,lexus,es_series,Base,1768,49291.375933257914
2025-08-01,Near Luxury Car,lexus,es_series,F SPORT 2,5,50083.0
2025-08-01,Near Luxury Car,lexus,es_series,F SPORT Design,73,50757.3698630137
2025-08-01,Near Luxury Car,lexus,es_series,F SPORT Handling,53,53572.86320754717
2025-08-01,Near Luxury Car,lexus,es_series,Luxury,248,54877.49584677419
2025-08-01,Near Luxury Car,lexus,es_series,Ultra Luxury,169,56326.516035502966
2025-08-01,Near Luxury Car,lexus,is_series,Base,97,47940.134020618556
2025-08-01,Near Luxury Car,lexus,is_series,F SPORT,402,53683.58004975125
2025-08-01,Near Luxury Car,lexus,is_series,F SPORT Design,238,47015.600840336134
2025-08-01,Near Luxury Car,lexus,is_series,F SPORT Performance,36,68941.86111111111
2025-08-01,Near Luxury Car,lexus,rc_series,Base,2,52446.0
2025-08-01,Near Luxury Car,lexus,rc_series,F SPORT,21,61056.9680952381
2025-08-01,Near Luxury Car,lexus,rc_series,Final Edition,7,95000.0
2025-08-01,Near Luxury Car,lexus,rc_series,Track Edition,2,100899.0
2025-08-01,Near Luxury Car,mercedes_benz,c_class,AMG C 43,288,71450.03125
2025-08-01,Near Luxury Car,mercedes_benz,c_class,AMG C 63 S E Performance,193,97815.39378238341
2025-08-01,Near Luxury Car,mercedes_benz,c_class,C 300,2964,54370.08434547908
2025-08-01,Near Luxury Car,mercedes_benz,c_class,C 300 4MATIC,2307,56199.23363675769
2025-08-01,Near Luxury Car,volvo,s60_v60,B5 Core,33,44898.78787878788
2025-08-01,Near Luxury Car,volvo,s60_v60,B5 Core Dark Theme,28,41697.857142857145
2025-08-01,Near Luxury Car,volvo,s60_v60,B5 Plus,405,54726.816123456796
2025-08-01,Near Luxury Car,volvo,s60_v60,B5 Plus Black Edition,9,48647.11111111111
2025-08-01,Near Luxury Car,volvo,s60_v60,B5 Plus Dark Theme,39,46130.717948717946
2025-08-01,Near Luxury Car,volvo,s60_v60,B5 Ultimate,2,60562.5
2025-08-01,Near Luxury Car,volvo,s60_v60,B5 Ultra,238,59445.01680672269
2025-08-01,Near Luxury Car,volvo,s60_v60,T8 Core Dark Theme,2,55115.0
2025-08-01,Near Luxury Car,volvo,s60_v60,T8 Plus Dark Theme,3,52524.0
2025-08-01,Near Luxury Car,volvo,s60_v60,T8 Polestar Engineered,1,72645.0
2025-08-01,Near Luxury EV SUV,audi,q4_e_tron,Premium 45 RWD,56,50689.94545454546
2025-08-01,Near Luxury EV SUV,audi,q4_e_tron,Premium 45 quattro,91,52892.32967032967
2025-08-01,Near Luxury EV SUV,audi,q4_e_tron,quattro Premium 55 TFSI,190,57999.3
2025-08-01,Near Luxury EV SUV,audi,q4_e_tron,quattro Premium Plus 55,120,62543.125
2025-08-01,Near Luxury EV SUV,audi,q4_e_tron,quattro Premium Plus 55 TFSI,623,60101.52969502407
2025-08-01,Near Luxury EV SUV,audi,q4_e_tron,quattro Prestige 50 TFSI,1,45779.0
2025-08-01,Near Luxury EV SUV,audi,q4_e_tron,quattro Prestige 55 TFSI,205,62268.034146341466
2025-08-01,Near Luxury EV SUV,cadillac,optiq,Luxury,111,56156.63063063063
2025-08-01,Near Luxury EV SUV,cadillac,optiq,Luxury 1 AWD,590,55119.70338983051
2025-08-01,Near Luxury EV SUV,cadillac,optiq,Luxury 2 AWD,245,58306.00408163265
2025-08-01,Near Luxury EV SUV,cadillac,optiq,Sport,133,57408.12030075188
2025-08-01,Near Luxury EV SUV,cadillac,optiq,Sport 1 AWD,675,56035.74962962963
2025-08-01,Near Luxury EV SUV,cadillac,optiq,Sport 2 AWD,508,59199.586614173226
2025-08-01,Near Luxury EV SUV,genesis,gv70_ev,Advanced,83,66127.06024096385
2025-08-01,Near Luxury EV SUV,genesis,gv70_ev,Advanced AWD,158,70996.71337579619
2025-08-01,Near Luxury EV SUV,genesis,gv70_ev,Base,73,67591.57534246576
2025-08-01,Near Luxury EV SUV,genesis,gv70_ev,Prestige,1,68740.0
2025-08-01,Near Luxury EV SUV,genesis,gv70_ev,Prestige AWD,17,77256.35294117648
2025-08-01,Near Luxury EV SUV,genesis,gv70_ev,Standard,215,65891.19158878505
2025-08-01,Near Luxury EV SUV,lexus,rz_series,Luxury,1,54855.0
2025-08-01,Near Luxury EV SUV,lexus,rz_series,Premium,508,54237.62962598426
2025-08-01,Near Luxury EV SUV,mercedes_benz,eqb,EQB 250+,126,58872.02380952381
2025-08-01,Near Luxury EV SUV,mercedes_benz,eqb,EQB 300 4MATIC,284,63681.19366197183
2025-08-01,Near Luxury EV SUV,mercedes_benz,eqb,EQB 350 4MATIC,48,66904.58333333333
2025-08-01,Near Luxury EV SUV,porsche,macan_electric,4S,532,104394.3947368421
2025-08-01,Near Luxury SUV,acura,rdx,SH-AWD,559,46459.68817204301
2025-08-01,Near Luxury SUV,acura,rdx,SH-AWD w/A-SPEC,708,52075.27683615819
2025-08-01,Near Luxury SUV,acura,rdx,SH-AWD w/Advance,580,54170.55689655172
2025-08-01,Near Luxury SUV,acura,rdx,SH-AWD w/Advance w/A-SPEC,700,56253.602857142854
2025-08-01,Near Luxury SUV,acura,rdx,SH-AWD w/Platinum Elite w/A-SPEC,55,56331.29090909091
2025-08-01,Near Luxury SUV,acura,rdx,SH-AWD w/Tech,905,49029.772375690605
2025-08-01,Near Luxury SUV,alfa_romeo,stelvio,AWD,23,55082.0
2025-08-01,Near Luxury SUV,alfa_romeo,stelvio,Base,38,55958.0
2025-08-01,Near Luxury SUV,alfa_romeo,stelvio,Competizione,1,56000.0
2025-08-01,Near Luxury SUV,alfa_romeo,stelvio,Quadrifoglio,76,88825.27631578948
2025-08-01,Near Luxury SUV,alfa_romeo,stelvio,Quadrifoglio Carbon,2,87333.5
2025-08-01,Near Luxury SUV,alfa_romeo,stelvio,Special Edition Tributo Italiano AWD,86,55664.813953488374
2025-08-01,Near Luxury SUV,alfa_romeo,stelvio,Sprint,465,54033.14870689655
2025-08-01,Near Luxury SUV,alfa_romeo,stelvio,Ti,16,45906.25
2025-08-01,Near Luxury SUV,alfa_romeo,stelvio,Veloce,15,48551.86666666667
2025-08-01,Near Luxury SUV,audi,q5_sq5,Premium,690,57274.11465892598
2025-08-01,Near Luxury SUV,audi,q5_sq5,Premium Plus,2376,60756.55597643097
2025-08-01,Near Luxury SUV,audi,q5_sq5,Premium Plus 40 TFSI quattro S tronic,1,57330.0
2025-08-01,Near Luxury SUV,audi,q5_sq5,Premium Plus 45 TFSI S line quattro S tronic,2,58672.5
2025-08-01,Near Luxury SUV,audi,q5_sq5,Premium Plus 55 TFSI e S line quattro S tronic,6,66558.2
2025-08-01,Near Luxury SUV,audi,q5_sq5,Premium Plus TFSI quattro S tronic,1841,60804.53394894079
2025-08-01,Near Luxury SUV,audi,q5_sq5,Premium TFSI quattro S tronic,964,57507.04564315353
2025-08-01,Near Luxury SUV,audi,q5_sq5,Prestige,349,64205.04011461318
2025-08-01,Near Luxury SUV,audi,q5_sq5,Prestige 55 TFSI e S line quattro S tronic,1,73680.0
2025-08-01,Near Luxury SUV,audi,q5_sq5,Prestige TFSI quattro S tronic,220,64192.413636363635
2025-08-01,Near Luxury SUV,audi,q5_sq5,e quattro S line Prem Pl 55 TFSI,459,65660.91938997821
2025-08-01,Near Luxury SUV,audi,q5_sq5,e quattro S line Premium 55 TFSI,34,60252.82352941176
2025-08-01,Near Luxury SUV,audi,q5_sq5,e quattro S line Prestg 55 TFSI,5,73476.0
2025-08-01,Near Luxury SUV,audi,q5_sq5,quattro Premium 40 TFSI,44,48964.16279069767
2025-08-01,Near Luxury SUV,audi,q5_sq5,quattro Premium Plus 40 TFSI,12,53756.416666666664
2025-08-01,Near Luxury SUV,audi,q5_sq5,quattro Prestige 40 TFSI,1,51400.0
2025-08-01,Near Luxury SUV,audi,q5_sq5,quattro Progressiv 45 TFSI,1,55980.0
2025-08-01,Near Luxury SUV,audi,q5_sq5,quattro S line Prem Plus 45 TFSI,317,58263.12063492063
2025-08-01,Near Luxury SUV,audi,q5_sq5,quattro S line Premium 45 TFSI,151,52497.2119205298
2025-08-01,Near Luxury SUV,audi,q5_sq5,quattro S line Prestige 45 TFSI,14,62272.846153846156
2025-08-01,Near Luxury SUV,audi,q5_sq5,quattro Technik 45 TFSI,1,65610.0
2025-08-01,Near Luxury SUV,audi,sq5,3.0 TFSI quattro Technik,9,74862.625
2025-08-01,Near Luxury SUV,audi,sq5,3.0T quattro Premium,1,61938.0
2025-08-01,Near Luxury SUV,audi,sq5,3.0T quattro Premium Plus,118,69161.40677966102
2025-08-01,Near Luxury SUV,audi,sq5,3.0T quattro Prestige,8,73874.5
2025-08-01,Near Luxury SUV,audi,sq5,Premium,4,67750.0
2025-08-01,Near Luxury SUV,audi,sq5,Premium Plus,216,73983.79629629629
2025-08-01,Near Luxury SUV,audi,sq5,Premium Plus TFSI quattro S tronic,59,73616.10169491525
2025-08-01,Near Luxury SUV,audi,sq5,Prestige,47,75674.93617021276
2025-08-01,Near Luxury SUV,audi,sq5,Prestige TFSI quattro S tronic,2,74402.5
2025-08-01,Near Luxury SUV,bmw,x3,30 xDrive,9250,57437.883783783785
2025-08-01,Near Luxury SUV,bmw,x3,M40i,1,69195.0
2025-08-01,Near Luxury SUV,bmw,x3,M50 xDrive,765,72706.24183006537
2025-08-01,Near Luxury SUV,bmw,x3,sDrive30i,37,52333.833333333336
2025-08-01,Near Luxury SUV,bmw,x3,xDrive30i,22,54860.13636363636
2025-08-01,Near Luxury SUV,bmw,x4,Base,49,92728.44897959183
2025-08-01,Near Luxury SUV,bmw,x4,M40i,88,74423.76136363637
2025-08-01,Near Luxury SUV,bmw,x4,xDrive30i,305,63548.554098360655
2025-08-01,Near Luxury SUV,cadillac,xt4,Luxury,9,42055.11111111111
2025-08-01,Near Luxury SUV,cadillac,xt4,Premium Luxury,713,45719.81206171108
2025-08-01,Near Luxury SUV,cadillac,xt4,Sport,255,48309.32156862745
2025-08-01,Near Luxury SUV,genesis,gv70,2.5T,659,49965.83004552352
2025-08-01,Near Luxury SUV,genesis,gv70,2.5T Advanced,1766,57504.43261608154
2025-08-01,Near Luxury SUV,genesis,gv70,2.5T Advanced Plus,5,51339.4
2025-08-01,Near Luxury SUV,genesis,gv70,2.5T Prestige,10,56487.2
2025-08-01,Near Luxury SUV,genesis,gv70,2.5T Select,1098,52903.00546448088
2025-08-01,Near Luxury SUV,genesis,gv70,2.5T Sport Prestige,613,60846.06688417618
2025-08-01,Near Luxury SUV,genesis,gv70,2.5T Standard,207,52147.78155339806
2025-08-01,Near Luxury SUV,genesis,gv70,3.5T Sport,329,63199.088145896654
2025-08-01,Near Luxury SUV,genesis,gv70,3.5T Sport Advanced,242,65357.979338842975
2025-08-01,Near Luxury SUV,genesis,gv70,3.5T Sport Prestige,1741,72111.15795519816
2025-08-01,Near Luxury SUV,infiniti,qx50,Autograph,3,49067.333333333336
2025-08-01,Near Luxury SUV,infiniti,qx50,Luxe,738,46069.150406504064
2025-08-01,Near Luxury SUV,infiniti,qx50,Pure,115,40713.260869565216
2025-08-01,Near Luxury SUV,infiniti,qx50,Sensory,2,56813.5
2025-08-01,Near Luxury SUV,infiniti,qx50,Sport,484,50225.520661157025
2025-08-01,Near Luxury SUV,infiniti,qx55,Essential,173,54144.011560693645
2025-08-01,Near Luxury SUV,infiniti,qx55,Luxe,435,49270.05287356322
2025-08-01,Near Luxury SUV,infiniti,qx55,Sensory,97,57992.69072164949
2025-08-01,Near Luxury SUV,jaguar,e_pace,P250 R-Dynamic SE,127,53840.06299212598
2025-08-01,Near Luxury SUV,land_rover,discovery_sport,P250 Dynamic SE,199,58315.44221105528
2025-08-01,Near Luxury SUV,land_rover,discovery_sport,P250 S,472,53493.0593220339
2025-08-01,Near Luxury SUV,land_rover,discovery_sport,P250 S R-Dynamic,1,56770.0
2025-08-01,Near Luxury SUV,land_rover,discovery_sport,P250 SE,3,51028.333333333336
2025-08-01,Near Luxury SUV,land_rover,discovery_sport,P250 SE R-Dynamic,3,53463.333333333336
2025-08-01,Near Luxury SUV,land_rover,range_rover_evoque,P250 Dynamic SE,318,62011.908805031446
2025-08-01,Near Luxury SUV,land_rover,range_rover_evoque,P250 S,673,55928.88261515602
2025-08-01,Near Luxury SUV,lexus,nx_series,Base,967,54473.898084886125
2025-08-01,Near Luxury SUV,lexus,nx_series,F SPORT Handling,155,62055.99587096774
2025-08-01,Near Luxury SUV,lexus,nx_series,Luxury,471,58149.856772823776
2025-08-01,Near Luxury SUV,lexus,nx_series,Premium,1549,51247.83433182699
2025-08-01,Near Luxury SUV,maserati,grecale,Folgore,41,111614.14634146342
2025-08-01,Near Luxury SUV,maserati,grecale,GT,132,72508.32575757576
2025-08-01,Near Luxury SUV,maserati,grecale,Modena,309,86588.41747572816
2025-08-01,Near Luxury SUV,maserati,grecale,Trofeo,44,118100.30232558139
2025-08-01,Near Luxury SUV,mercedes_benz,benz_amg_glc,4MATIC,610,99732.12821018064
2025-08-01,Near Luxury SUV,mercedes_benz,glb,AMG GLB 35,222,64897.585585585584
2025-08-01,Near Luxury SUV,mercedes_benz,glb,GLB 250,1359,49545.17586460633
2025-08-01,Near Luxury SUV,mercedes_benz,glb,GLB 250 4MATIC,1142,51915.298598949215
2025-08-01,Near Luxury SUV,mercedes_benz,glc_class,4MATIC,2146,67222.0321528425
2025-08-01,Near Luxury SUV,mercedes_benz,glc_class,4MATIC SUV,412,58120.33252427184
2025-08-01,Near Luxury SUV,mercedes_benz,glc_class,AMG GLC 43,754,76468.93103448275
2025-08-01,Near Luxury SUV,mercedes_benz,glc_class,GLC 300,1420,55829.398591549296
2025-08-01,Near Luxury SUV,mercedes_benz,glc_class,GLC 300 4MATIC,3040,61155.77467105263
2025-08-01,Near Luxury SUV,mercedes_benz,glc_class,GLC 350e 4MATIC,330,67362.64545454546
2025-08-01,Near Luxury SUV,porsche,macan,4 Electric,543,98399.4014732965
2025-08-01,Near Luxury SUV,porsche,macan,Base,2211,77843.3749434645
2025-08-01,Near Luxury SUV,porsche,macan,Electric,458,91720.99563318778
2025-08-01,Near Luxury SUV,porsche,macan,GTS,177,110033.67796610169
2025-08-01,Near Luxury SUV,porsche,macan,S,538,94124.61338289962
2025-08-01,Near Luxury SUV,porsche,macan,T,201,81031.0248756219
2025-08-01,Near Luxury SUV,porsche,macan,Turbo Electric,265,129632.41509433962
2025-08-01,Near Luxury SUV,volvo,xc60,B5 Core,1249,49120.11769415533
2025-08-01,Near Luxury SUV,volvo,xc60,B5 Core Dark Theme,6,47291.0
2025-08-01,Near Luxury SUV,volvo,xc60,B5 Plus,3047,54934.51099442074
2025-08-01,Near Luxury SUV,volvo,xc60,B5 Plus Dark Theme,37,53430.67567567567
2025-08-01,Near Luxury SUV,volvo,xc60,B5 Ultimate Bright Theme,1,63486.0
2025-08-01,Near Luxury SUV,volvo,xc60,B5 Ultimate Dark Theme,1,58070.0
2025-08-01,Near Luxury SUV,volvo,xc60,B5 Ultra,1210,60964.569421487606
2025-08-01,Near Luxury SUV,volvo,xc60,B5 Ultra Black Edition,114,63362.95614035088
2025-08-01,Near Luxury SUV,volvo,xc60,B6 Ultimate Bright Theme,1,64385.0
2025-08-01,Near Luxury SUV,volvo,xc60,Plus Dark Theme,425,57708.529411764706
2025-08-01,Near Luxury SUV,volvo,xc60,T8 Core,206,58687.78640776699
2025-08-01,Near Luxury SUV,volvo,xc60,T8 Plus,1309,64239.660809778456
2025-08-01,Near Luxury SUV,volvo,xc60,T8 Polestar Engineered,26,78844.38461538461
2025-08-01,Near Luxury SUV,volvo,xc60,T8 Ultra,591,72133.29949238579
2025-08-01,Near Luxury SUV,volvo,xc60,T8 Ultra Black Edition,17,74634.29411764706
2025-08-01,Near Luxury SUV,volvo,xc60,Ultra Dark Theme,220,66310.51818181819
2025-08-01,Near Luxury SUV,volvo,xc60_recharge,T8 Core Bright Theme,2,40794.0
2025-08-01,Near Luxury SUV,volvo,xc60_recharge,T8 Core Dark Theme,4,53717.5
2025-08-01,Near Luxury SUV,volvo,xc60_recharge,T8 Plus Dark Theme,38,58846.68421052631
2025-08-01,Near Luxury SUV,volvo,xc60_recharge,T8 Polestar Engineered,2,74297.5
2025-08-01,Near Luxury SUV,volvo,xc60_recharge,T8 Ultimate Black Edition,1,76795.0
2025-08-01,Near Luxury SUV,volvo,xc60_recharge,T8 Ultimate Bright Theme,1,70440.0
2025-08-01,Near Luxury SUV,volvo,xc60_recharge,T8 Ultimate Dark Theme,7,73280.0
2025-08-01,Premium Luxury Car,audi,a8_s8,4.0T quattro,224,135846.0
2025-08-01,Premium Luxury Car,audi,a8_s8,quattro 55 TFSI,335,98262.39402985075
2025-08-01,Premium Luxury Car,bentley,flying_spur,Edition 8,1,310300.0
2025-08-01,Premium Luxury Car,bentley,flying_spur,Mulliner V8,1,323960.0
2025-08-01,Premium Luxury Car,bentley,flying_spur,S V8,4,280148.0
2025-08-01,Premium Luxury Car,bentley,flying_spur,Speed,46,333930.4666666667
2025-08-01,Premium Luxury Car,bentley,flying_spur,Speed First Edition,58,335426.5344827586
2025-08-01,Premium Luxury Car,bmw,7_series,740i,491,106782.47250509165
2025-08-01,Premium Luxury Car,bmw,7_series,740i xDrive,285,108136.26666666666
2025-08-01,Premium Luxury Car,bmw,7_series,750e xDrive,312,118252.19230769231
2025-08-01,Premium Luxury Car,bmw,7_series,760i xDrive,1059,134330.7148253069
2025-08-01,Premium Luxury Car,bmw,7_series,xDrive,3,120897.0
2025-08-01,Premium Luxury Car,genesis,g90,3.5T,8,84584.375
2025-08-01,Premium Luxury Car,genesis,g90,3.5T E-SC MHEV AWD,7,105153.85714285714
2025-08-01,Premium Luxury Car,genesis,g90,3.5T e-Supercharger,306,97651.01960784313
2025-08-01,Premium Luxury Car,genesis,g90,e-SC Prestige Black,1,108320.0
2025-08-01,Premium Luxury Car,lexus,ls_series,Base,18,96561.87
2025-08-01,Premium Luxury Car,lexus,ls_series,F SPORT,4,93597.25
2025-08-01,Premium Luxury Car,maserati,quattroporte,Modena,2,80150.5
2025-08-01,Premium Luxury Car,maserati,quattroporte,Modena Q4,9,113277.88888888889
2025-08-01,Premium Luxury Car,maserati,quattroporte,Modena Ultima Q4,10,130850.6
2025-08-01,Premium Luxury Car,mercedes_benz,s_class,AMG S 63 E Performance,318,206573.88924050634
2025-08-01,Premium Luxury Car,mercedes_benz,s_class,Mercedes-Maybach S 580 4MATIC,42,229150.2142857143
2025-08-01,Premium Luxury Car,mercedes_benz,s_class,Mercedes-Maybach S 680 4MATIC,39,291592.25641025644
2025-08-01,Premium Luxury Car,mercedes_benz,s_class,S 500 4MATIC,59,128274.0
2025-08-01,Premium Luxury Car,mercedes_benz,s_class,S 580 4MATIC,773,141593.96895213454
2025-08-01,Premium Luxury Car,mercedes_benz,s_class,S 580e 4MATIC,133,138218.24060150376
2025-08-01,Premium Luxury Car,porsche,panamera,4,646,133455.0511627907
2025-08-01,Premium Luxury Car,porsche,panamera,4 E-Hybrid,8,143828.125
2025-08-01,Premium Luxury Car,porsche,panamera,4S,6,155079.83333333334
2025-08-01,Premium Luxury Car,porsche,panamera,4S Sport Turismo,1,149750.0
2025-08-01,Premium Luxury Car,porsche,panamera,Base,72,127590.0
2025-08-01,Premium Luxury Car,porsche,panamera,GTS,11,180866.72727272726
2025-08-01,Premium Luxury Car,porsche,panamera,Turbo,11,232299.9090909091
2025-08-01,Premium Luxury Car,porsche,panamera,Turbo S,1,279265.0
2025-08-01,Premium Luxury Car,rolls_royce,ghost,Base,1,463820.0
2025-08-01,Premium Luxury Car,rolls_royce,ghost,Black Badge,7,514785.1666666667
2025-09-01,Entry Luxury EV SUV,genesis,gv60,Advanced,20,55641.15
2025-09-01,Entry Luxury EV SUV,genesis,gv60,Performance,26,64482.307692307695
2025-09-01,Entry Luxury EV SUV,genesis,gv60,Standard,100,50021.05
2025-09-01,Entry Luxury EV SUV,volvo,c40_recharge,Core,1,57385.0
2025-09-01,Entry Luxury EV SUV,volvo,c40_recharge,Plus,3,58990.0
2025-09-01,Entry Luxury EV SUV,volvo,c40_recharge,Twin Core,5,57816.0
2025-09-01,Entry Luxury EV SUV,volvo,c40_recharge,Twin Plus,11,51184.72727272727
2025-09-01,Entry Luxury EV SUV,volvo,c40_recharge,Twin Ultimate,2,54743.0
2025-09-01,Entry Luxury EV SUV,volvo,ex30,Twin Motor Plus,391,45953.67774936061
2025-09-01,Entry Luxury EV SUV,volvo,ex30,Twin Motor Ultra,115,47230.260869565216
2025-09-01,Entry Luxury EV SUV,volvo,ex40,Single Motor Extended Range Core,16,52504.1875
2025-09-01,Entry Luxury EV SUV,volvo,ex40,Single Motor Extended Range Plus,1,59835.0
2025-09-01,Entry Luxury EV SUV,volvo,ex40,Twin Motor Core,42,55787.119047619046
2025-09-01,Entry Luxury EV SUV,volvo,ex40,Twin Motor Plus,1,59085.0
2025-09-01,Mid Luxury Car,audi,a6_e_tron,Premium,152,66015.75
2025-09-01,Mid Luxury Car,audi,a6_e_tron,Premium Plus,439,69288.11617312072
2025-09-01,Mid Luxury Car,audi,a6_e_tron,Prestige,143,73118.88111888112
2025-09-01,Mid Luxury Car,audi,a6_s6,2.9T quattro Premium,4,81350.75
2025-09-01,Mid Luxury Car,audi,a6_s6,2.9T quattro Premium Plus,31,85873.45161290323
2025-09-01,Mid Luxury Car,audi,a6_s6,2.9T quattro Prestige,15,91069.33333333333
2025-09-01,Mid Luxury Car,audi,a6_s6,4.0T quattro Avant performance,116,148059.87068965516
2025-09-01,Mid Luxury Car,audi,a6_s6,Premium Plus,1,77640.0
2025-09-01,Mid Luxury Car,audi,a6_s6,Prestige TFSI quattro Tiptronic,35,96145.4857142857
2025-09-01,Mid Luxury Car,audi,a6_s6,performance,20,152165.05
2025-09-01,Mid Luxury Car,audi,a6_s6,performance TFSI quattro Tiptronic,4,201665.0
2025-09-01,Mid Luxury Car,audi,a6_s6,quattro Premium 45 TFSI,91,60964.945054945056
2025-09-01,Mid Luxury Car,audi,a6_s6,quattro Premium 55 TFSI,74,67344.71621621621
2025-09-01,Mid Luxury Car,audi,a6_s6,quattro Premium Plus 45 TFSI,239,65034.04184100418
2025-09-01,Mid Luxury Car,audi,a6_s6,quattro Premium Plus 55 TFSI,304,72534.48381578947
2025-09-01,Mid Luxury Car,audi,a6_s6,quattro Prestige 55 TFSI,181,78390.58370165747
2025-09-01,Mid Luxury Car,audi,a6_s6,quattro tiptronic,39,150325.33333333334
2025-09-01,Mid Luxury Car,audi,a7_s7,2.9T quattro Premium,1,87590.0
2025-09-01,Mid Luxury Car,audi,a7_s7,2.9T quattro Premium Plus,13,94986.15384615384
2025-09-01,Mid Luxury Car,audi,a7_s7,2.9T quattro Prestige,21,106589.57142857143
2025-09-01,Mid Luxury Car,audi,a7_s7,quattro Premium 55 TFSI,13,76504.23076923077
2025-09-01,Mid Luxury Car,audi,a7_s7,quattro Premium Plus 55 TFSI,51,81336.5294117647
2025-09-01,Mid Luxury Car,audi,a7_s7,quattro Prestige 55 TFSI,37,88853.37837837837
2025-09-01,Mid Luxury Car,audi,a7_s7_rs_7,4.0T quattro performance,134,148577.52985074627
2025-09-01,Mid Luxury Car,audi,a7_s7_rs_7,performance,5,153381.8
2025-09-01,Mid Luxury Car,audi,a7_s7_rs_7,quattro tiptronic,44,151030.77272727274
2025-09-01,Mid Luxury Car,bmw,5_series,530i,643,67306.31104199067
2025-09-01,Mid Luxury Car,bmw,5_series,530i xDrive,626,68758.8322683706
2025-09-01,Mid Luxury Car,bmw,5_series,540i xDrive,180,78880.83333333333
2025-09-01,Mid Luxury Car,bmw,5_series,550e xDrive,478,84123.87238493723
2025-09-01,Mid Luxury Car,bmw,5_series,xDrive,72,71322.5457746479
2025-09-01,Mid Luxury Car,bmw,m5,Base,379,132466.2480211082
2025-09-01,Mid Luxury Car,bmw,m5,Base (A8),38,135511.15789473685
2025-09-01,Mid Luxury Car,genesis,g80,2.5T,285,63481.80701754386
2025-09-01,Mid Luxury Car,genesis,g80,2.5T Advanced,171,64504.27485380117
2025-09-01,Mid Luxury Car,genesis,g80,2.5T Sport Prestige,87,72285.49425287357
2025-09-01,Mid Luxury Car,genesis,g80,3.5T Prestige Black,106,81570.52830188679
2025-09-01,Mid Luxury Car,genesis,g80,3.5T Sport,246,75206.59349593495
2025-09-01,Mid Luxury Car,genesis,g80,3.5T Sport Advanced,92,69753.13043478261
2025-09-01,Mid Luxury Car,genesis,g80,3.5T Sport Prestige,119,80693.32773109243
2025-09-01,Mid Luxury Car,genesis,g80,Advanced,16,67783.4375
2025-09-01,Mid Luxury Car,genesis,g80,Base,3,62469.666666666664
2025-09-01,Mid Luxury Car,jaguar,xf,P250 R-Dynamic SE,12,53536.166666666664
2025-09-01,Mid Luxury Car,jaguar,xf,P300 R-Dynamic SE,126,56955.89682539683
2025-09-01,Mid Luxury Car,maserati,ghibli,334 Ultima,3,124965.0
2025-09-01,Mid Luxury Car,maserati,ghibli,Modena Q4,29,92867.75862068965
2025-09-01,Mid Luxury Car,maserati,ghibli,Modena Ultima Q4,32,101073.96875
2025-09-01,Mid Luxury Car,maserati,ghibli,Trofeo,1,130000.0
2025-09-01,Mid Luxury Car,mercedes_benz,cle,AMG CLE 53,3,87471.66666666667
2025-09-01,Mid Luxury Car,mercedes_benz,cle,CLE 300 4MATIC,398,67794.30788413099
2025-09-01,Mid Luxury Car,mercedes_benz,cle,CLE 450 4MATIC,56,76061.10589285714
2025-09-01,Mid Luxury Car,mercedes_benz,cls,CLS 450 4MATIC,2,84150.0
2025-09-01,Mid Luxury Car,mercedes_benz,e_class,E 350,422,70919.10900473934
2025-09-01,Mid Luxury Car,mercedes_benz,e_class,E 350 4MATIC,685,74853.85693430658
2025-09-01,Mid Luxury Car,mercedes_benz,e_class,E 450 4MATIC,124,81637.54032258065
2025-09-01,Mid Luxury Car,mercedes_benz,e_class,E 450 4MATIC All-Terrain,253,85195.209486166
2025-09-01,Mid Luxury Car,volvo,s90,B6 Plus,100,59549.88
2025-09-01,Mid Luxury Car,volvo,s90,B6 Ultimate,6,63999.333333333336
2025-09-01,Mid Luxury Car,volvo,s90,B6 Ultra,18,65439.61111111111
2025-09-01,Mid Luxury Car,volvo,s90,T8 Plus,1,67645.0
2025-09-01,Mid Luxury Car,volvo,s90,T8 Ultimate,13,67586.15384615384
2025-09-01,Mid Luxury Car,volvo,s90,T8 Ultra,6,70606.0
2025-09-01,Mid Luxury Car,volvo,v90,B6 Plus,26,62889.807692307695
2025-09-01,Mid Luxury Car,volvo,v90,B6 Ultimate,1,58970.0
2025-09-01,Mid Luxury Car,volvo,v90,B6 Ultra,85,70247.30588235294
2025-09-01,Mid Luxury SUV,acura,mdx,Base,162,53311.41975308642
2025-09-01,Mid Luxury SUV,acura,mdx,SH-AWD,514,55529.55165692008
2025-09-01,Mid Luxury SUV,acura,mdx,SH-AWD Type S w/Advance Package,319,77396.88714733542
2025-09-01,Mid Luxury SUV,acura,mdx,SH-AWD w/A-SPEC,324,63717.72530864197
2025-09-01,Mid Luxury SUV,acura,mdx,SH-AWD w/Advance,144,68306.90277777778
2025-09-01,Mid Luxury SUV,acura,mdx,SH-AWD w/Platinum Elite w/A-Spec,110,69874.05454545455
2025-09-01,Mid Luxury SUV,acura,mdx,SH-AWD w/Tech,929,60768.875
2025-09-01,Mid Luxury SUV,acura,mdx,w/A-Spec Advance Package,764,70735.95937090433
2025-09-01,Mid Luxury SUV,acura,mdx,w/A-Spec Package,1084,64231.07386888273
2025-09-01,Mid Luxury SUV,acura,mdx,w/Advance Package,6,68294.33333333333
2025-09-01,Mid Luxury SUV,acura,mdx,w/Tech,193,58056.891191709845
2025-09-01,Mid Luxury SUV,acura,mdx,w/Technology Package,749,58920.7743658211
2025-09-01,Mid Luxury SUV,audi,q7,Premium,5,76079.2
2025-09-01,Mid Luxury SUV,audi,q7,Prestige 55 TFSI quattro tiptronic,3,81795.0
2025-09-01,Mid Luxury SUV,audi,q7,quattro Premium 45 TFSI,83,64370.819277108436
2025-09-01,Mid Luxury SUV,audi,q7,quattro Premium 55 TFSI,67,68411.9104477612
2025-09-01,Mid Luxury SUV,audi,q7,quattro Premium Plus 45 TFSI,222,69377.592760181
2025-09-01,Mid Luxury SUV,audi,q7,quattro Premium Plus 55 TFSI,2147,74288.00558919422
2025-09-01,Mid Luxury SUV,audi,q7,quattro Prestige 55 TFSI,438,83044.78538812786
2025-09-01,Mid Luxury SUV,audi,q7,quattro Technik 55 TFSI,1,75547.0
2025-09-01,Mid Luxury SUV,audi,q7_sq7,4.0T quattro Premium Plus,36,98903.5
2025-09-01,Mid Luxury SUV,audi,q7_sq7,4.0T quattro Prestige,50,109972.44
2025-09-01,Mid Luxury SUV,audi,q7_sq7,Prestige,2,111376.0
2025-09-01,Mid Luxury SUV,bmw,x5,Competition,323,141853.25386996905
2025-09-01,Mid Luxury SUV,bmw,x5,M60i,616,104286.67207792208
2025-09-01,Mid Luxury SUV,bmw,x5,sDrive40i,1494,77841.42101740294
2025-09-01,Mid Luxury SUV,bmw,x5,xDrive40i,4165,80597.63025210085
2025-09-01,Mid Luxury SUV,bmw,x5,xDrive50e,1009,84601.79881070367
2025-09-01,Mid Luxury SUV,bmw,x5_xdrive45e,Competition,101,145913.59405940594
2025-09-01,Mid Luxury SUV,bmw,x6,M60i,177,108847.60451977402
2025-09-01,Mid Luxury SUV,bmw,x6,xDrive40i,451,87620.91796008869
2025-09-01,Mid Luxury SUV,cadillac,xt5,Coachbuilder- Funeral Hearse,64,45738.0
2025-09-01,Mid Luxury SUV,cadillac,xt5,Luxury,755,45582.807947019865
2025-09-01,Mid Luxury SUV,cadillac,xt5,Premium Luxury,3770,54819.730769230766
2025-09-01,Mid Luxury SUV,cadillac,xt5,Sport,540,61676.57777777778
2025-09-01,Mid Luxury SUV,cadillac,xt6,Luxury,995,49270.813065326634
2025-09-01,Mid Luxury SUV,cadillac,xt6,Premium Luxury,2189,59649.281407035174
2025-09-01,Mid Luxury SUV,cadillac,xt6,Sport,658,66101.92705167174
2025-09-01,Mid Luxury SUV,genesis,gv80,2.5T,29,60026.75862068965
2025-09-01,Mid Luxury SUV,genesis,gv80,2.5T AWD,44,62632.568181818184
2025-09-01,Mid Luxury SUV,genesis,gv80,2.5T Advanced,706,69713.28470254957
2025-09-01,Mid Luxury SUV,genesis,gv80,2.5T Prestige,651,74026.30261136712
2025-09-01,Mid Luxury SUV,genesis,gv80,2.5T Select,319,64782.54858934169
2025-09-01,Mid Luxury SUV,genesis,gv80,2.5T Standard,144,59102.916666666664
2025-09-01,Mid Luxury SUV,genesis,gv80,2.5T Standard AWD,13,59434.307692307695
2025-09-01,Mid Luxury SUV,genesis,gv80,3.5T,53,73338.32692307692
2025-09-01,Mid Luxury SUV,genesis,gv80,3.5T Advanced,522,76690.41762452107
2025-09-01,Mid Luxury SUV,genesis,gv80,3.5T Prestige,1,64810.0
2025-09-01,Mid Luxury SUV,genesis,gv80,3.5T Prestige Black AWD,420,85951.05476190476
2025-09-01,Mid Luxury SUV,genesis,gv80,3.5T Prestige Signature,2464,82047.64082792208
2025-09-01,Mid Luxury SUV,genesis,gv80_coupe,3.5T,15,83892.73333333334
2025-09-01,Mid Luxury SUV,genesis,gv80_coupe,3.5T E-SC,782,88487.21483375959
2025-09-01,Mid Luxury SUV,genesis,gv80_coupe,3.5T E-SC MHEV AWD,43,89862.81395348837
2025-09-01,Mid Luxury SUV,genesis,gv80_coupe,3.5T V6 AWD,27,81399.81481481482
2025-09-01,Mid Luxury SUV,genesis,gv80_coupe,3.5T e-SC,2,88383.0
2025-09-01,Mid Luxury SUV,genesis,gv80_coupe,3.5T e-SC Prestige Black,138,91941.7536231884
2025-09-01,Mid Luxury SUV,ineos,grenadier,1924 Limited Edition,383,87855.65274151436
2025-09-01,Mid Luxury SUV,ineos,grenadier,Base,273,81713.10622710623
2025-09-01,Mid Luxury SUV,ineos,grenadier,Fieldmaster,66,80651.12121212122
2025-09-01,Mid Luxury SUV,ineos,grenadier,Trialmaster,24,81479.625
2025-09-01,Mid Luxury SUV,infiniti,qx60,Autograph,1498,68695.9132176235
2025-09-01,Mid Luxury SUV,infiniti,qx60,Luxe,3836,59942.165015641294
2025-09-01,Mid Luxury SUV,infiniti,qx60,Pure,303,50895.77887788779
2025-09-01,Mid Luxury SUV,infiniti,qx60,SPORT,452,64444.130820399114
2025-09-01,Mid Luxury SUV,infiniti,qx60,Sensory,102,59852.08823529412
2025-09-01,Mid Luxury SUV,jaguar,f_pace,P250 R-Dynamic S,1814,65023.34197462769
2025-09-01,Mid Luxury SUV,jaguar,f_pace,P400 R-Dynamic S,528,76083.07765151515
2025-09-01,Mid Luxury SUV,jaguar,f_pace,SVR 575 EDITION,56,100326.07142857143
2025-09-01,Mid Luxury SUV,land_rover,defender,110 P300 S,651,73577.63287250385
2025-09-01,Mid Luxury SUV,land_rover,defender,110 P400 S,506,79680.66798418973
2025-09-01,Mid Luxury SUV,land_rover,defender,110 P400 X,91,99883.47252747252
2025-09-01,Mid Luxury SUV,land_rover,defender,110 P400 X-Dynamic SE,425,86095.29176470588
2025-09-01,Mid Luxury SUV,land_rover,defender,110 P500 X-Dynamic SE,259,106883.31007751937
2025-09-01,Mid Luxury SUV,land_rover,defender,110 S,1,79980.0
2025-09-01,Mid Luxury SUV,land_rover,defender,110 V8,1,115140.0
2025-09-01,Mid Luxury SUV,land_rover,defender,110 V8 P500 SE,33,100104.0303030303
2025-09-01,Mid Luxury SUV,land_rover,defender,110 V8 P525,270,119521.22962962963
2025-09-01,Mid Luxury SUV,land_rover,defender,130 P300 S,138,80798.81884057971
2025-09-01,Mid Luxury SUV,land_rover,defender,130 P400 Outbound,24,92532.83333333333
2025-09-01,Mid Luxury SUV,land_rover,defender,130 P400 S,131,90306.12977099237
2025-09-01,Mid Luxury SUV,land_rover,defender,130 P400 X,32,108275.4375
2025-09-01,Mid Luxury SUV,land_rover,defender,130 P400 X-Dynamic SE,346,95109.85549132948
2025-09-01,Mid Luxury SUV,land_rover,defender,130 P500 V8,127,126726.38582677166
2025-09-01,Mid Luxury SUV,land_rover,defender,130 SE,2,109960.0
2025-09-01,Mid Luxury SUV,land_rover,defender,130 V8 P500,4,112742.25
2025-09-01,Mid Luxury SUV,land_rover,defender,90 P300 S,80,67316.225
2025-09-01,Mid Luxury SUV,land_rover,defender,90 P400 X-Dynamic SE,132,79170.67424242424
2025-09-01,Mid Luxury SUV,land_rover,defender,90 P525 V8,25,116064.96
2025-09-01,Mid Luxury SUV,land_rover,defender,90 V8,10,113295.4
2025-09-01,Mid Luxury SUV,land_rover,defender,90 V8 Carpathian Edition,8,112096.625
2025-09-01,Mid Luxury SUV,land_rover,defender,90 X-Dynamic SE,1,70465.0
2025-09-01,Mid Luxury SUV,land_rover,defender,P400 Sedona Red Edition,5,86405.0
2025-09-01,Mid Luxury SUV,land_rover,defender,P635 OCTA,46,162898.02173913043
2025-09-01,Mid Luxury SUV,land_rover,defender,P635 OCTA Edition One,52,172022.98076923078
2025-09-01,Mid Luxury SUV,land_rover,discovery,P300 Dynamic SE,258,72557.74806201551
2025-09-01,Mid Luxury SUV,land_rover,discovery,P300 S,306,67791.58496732026
2025-09-01,Mid Luxury SUV,land_rover,discovery,P360 Dynamic SE,450,79130.93763919822
2025-09-01,Mid Luxury SUV,land_rover,discovery,P360 HSE R-Dynamic,1,80390.0
2025-09-01,Mid Luxury SUV,land_rover,discovery,P360 Metropolitan,100,85574.03
2025-09-01,Mid Luxury SUV,land_rover,discovery,P360 Metropolitan Edition,1,82730.0
2025-09-01,Mid Luxury SUV,land_rover,range_rover_velar,Autobiography,33,87424.33333333333
2025-09-01,Mid Luxury SUV,land_rover,range_rover_velar,Dynamic SE,874,75006.71510297483
2025-09-01,Mid Luxury SUV,land_rover,range_rover_velar,P250 Dynamic SE,402,72721.05472636817
2025-09-01,Mid Luxury SUV,land_rover,range_rover_velar,P250 S,228,67878.48684210527
2025-09-01,Mid Luxury SUV,land_rover,range_rover_velar,P400 Autobiography,9,87175.0
2025-09-01,Mid Luxury SUV,land_rover,range_rover_velar,P400 Dynamic HSE,21,84920.71428571429
2025-09-01,Mid Luxury SUV,land_rover,range_rover_velar,P400 Dynamic SE,168,79283.49404761905
2025-09-01,Mid Luxury SUV,land_rover,range_rover_velar,S,353,68336.61473087818
2025-09-01,Mid Luxury SUV,lexus,gx_series,Luxury,2,81921.5
2025-09-01,Mid Luxury SUV,lexus,gx_series,Luxury+,328,86074.36585365854
2025-09-01,Mid Luxury SUV,lexus,gx_series,Overtrail,68,77185.35294117648
2025-09-01,Mid Luxury SUV,lexus,gx_series,Overtrail+,84,84768.66666666667
2025-09-01,Mid Luxury SUV,lexus,gx_series,Premium,4,69419.75
2025-09-01,Mid Luxury SUV,lexus,gx_series,Premium+,309,73890.91262135922
2025-09-01,Mid Luxury SUV,lexus,rx_series,Base,21,51835.23809523809
2025-09-01,Mid Luxury SUV,lexus,rx_series,F SPORT Design,208,60145.99221153847
2025-09-01,Mid Luxury SUV,lexus,rx_series,F SPORT Handling,46,65522.608695652176
2025-09-01,Mid Luxury SUV,lexus,rx_series,F SPORT Performance,29,77309.44827586207
2025-09-01,Mid Luxury SUV,lexus,rx_series,Luxury,681,72030.55155653451
2025-09-01,Mid Luxury SUV,lexus,rx_series,Premium,2230,57579.48741255602
2025-09-01,Mid Luxury SUV,lexus,rx_series,Premium+,1052,61486.9649714829
2025-09-01,Mid Luxury SUV,lexus,tx,Base,143,64357.657342657345
2025-09-01,Mid Luxury SUV,lexus,tx,F SPORT Handling,306,70003.48692810457
2025-09-01,Mid Luxury SUV,lexus,tx,F SPORT Luxury,1,84174.0
2025-09-01,Mid Luxury SUV,lexus,tx,F SPORT Performance Luxury,77,78185.75324675324
2025-09-01,Mid Luxury SUV,lexus,tx,F SPORT Performance Premium,655,74082.1038167939
2025-09-01,Mid Luxury SUV,lexus,tx,F SPORT Premium,16,74874.25
2025-09-01,Mid Luxury SUV,lexus,tx,Luxury,697,71797.76437589669
2025-09-01,Mid Luxury SUV,lexus,tx,Premium,1823,64713.369171695005
2025-09-01,Mid Luxury SUV,lincoln,aviator,Black Label,666,90665.24474474475
2025-09-01,Mid Luxury SUV,lincoln,aviator,Black Label Grand Touring,1,90430.0
2025-09-01,Mid Luxury SUV,lincoln,aviator,Grand Touring,4,76628.25
2025-09-01,Mid Luxury SUV,lincoln,aviator,Livery,16,59975.0
2025-09-01,Mid Luxury SUV,lincoln,aviator,Premiere,1888,63935.7531779661
2025-09-01,Mid Luxury SUV,lincoln,aviator,Reserve,3491,74903.55800630192
2025-09-01,Mid Luxury SUV,lincoln,nautilus,Black Label,483,77747.3933747412
2025-09-01,Mid Luxury SUV,lincoln,nautilus,Premiere,3621,57897.8834576084
2025-09-01,Mid Luxury SUV,lincoln,nautilus,Reserve,3354,66296.94782349434
2025-09-01,Mid Luxury SUV,lincoln,nautilus,Standard,2,57993.0
2025-09-01,Mid Luxury SUV,mercedes_benz,benz_amg_gle,4MATIC+,586,102326.22030716723
2025-09-01,Mid Luxury SUV,mercedes_benz,benz_amg_gle,S 4MATIC+,107,143823.8878504673
2025-09-01,Mid Luxury SUV,mercedes_benz,gle_class,4MATIC,1356,82259.69435840708
2025-09-01,Mid Luxury SUV,mercedes_benz,gle_class,AMG GLE 53,1753,100287.86879634911
2025-09-01,Mid Luxury SUV,mercedes_benz,gle_class,AMG GLE 63 S,705,141771.9560283688
2025-09-01,Mid Luxury SUV,mercedes_benz,gle_class,GLE 350 4MATIC,1371,73147.41605839416
2025-09-01,Mid Luxury SUV,mercedes_benz,gle_class,GLE 450 4MATIC,3399,83214.44660194175
2025-09-01,Mid Luxury SUV,mercedes_benz,gle_class,GLE 450e 4MATIC,62,81879.70967741935
2025-09-01,Mid Luxury SUV,mercedes_benz,gle_class,GLE 580 4MATIC,342,99057.12023460411
2025-09-01,Mid Luxury SUV,volvo,xc90,B5 Core,438,60087.175799086755
2025-09-01,Mid Luxury SUV,volvo,xc90,B5 Core Bright Theme,3,60777.0
2025-09-01,Mid Luxury SUV,volvo,xc90,B5 Plus,31,59432.032258064515
2025-09-01,Mid Luxury SUV,volvo,xc90,B5 Plus 6-Seater,116,65460.05172413793
2025-09-01,Mid Luxury SUV,volvo,xc90,B5 Plus 7-Seater,633,65204.16587677725
2025-09-01,Mid Luxury SUV,volvo,xc90,B5 Plus Bright Theme,5,59220.75
2025-09-01,Mid Luxury SUV,volvo,xc90,B5 Ultra,8,66952.25
2025-09-01,Mid Luxury SUV,volvo,xc90,B5 Ultra 6-Seater,42,70956.04761904762
2025-09-01,Mid Luxury SUV,volvo,xc90,B5 Ultra 7-Seater,28,70208.17857142857
2025-09-01,Mid Luxury SUV,volvo,xc90,B6 Core,302,63790.93377483444
2025-09-01,Mid Luxury SUV,volvo,xc90,B6 Plus 6-Seater,272,70621.88602941176
2025-09-01,Mid Luxury SUV,volvo,xc90,B6 Plus 6P,49,65266.795918367345
2025-09-01,Mid Luxury SUV,volvo,xc90,B6 Plus 7-Seater,1976,69203.12854251012
2025-09-01,Mid Luxury SUV,volvo,xc90,B6 Plus 7P,282,62920.402135231314
2025-09-01,Mid Luxury SUV,volvo,xc90,B6 Plus Bright Theme 6P,3,60406.333333333336
2025-09-01,Mid Luxury SUV,volvo,xc90,B6 Plus Bright Theme 7P,10,59042.22222222222
2025-09-01,Mid Luxury SUV,volvo,xc90,B6 Ultimate Bright Theme 6P,2,75235.0
2025-09-01,Mid Luxury SUV,volvo,xc90,B6 Ultimate Bright Theme 7P,19,70531.31578947368
2025-09-01,Mid Luxury SUV,volvo,xc90,B6 Ultra,215,72680.93488372093
2025-09-01,Mid Luxury SUV,volvo,xc90,B6 Ultra 6-Seater,52,76427.69230769231
2025-09-01,Mid Luxury SUV,volvo,xc90,B6 Ultra 6P,37,72445.91891891892
2025-09-01,Mid Luxury SUV,volvo,xc90,B6 Ultra 7-Seater,458,73634.55240174673
2025-09-01,Mid Luxury SUV,volvo,xc90,B6 Ultra 7P,82,71507.0243902439
2025-09-01,Mid Luxury SUV,volvo,xc90,B6 Ultra Dark Theme 6-Seater,145,76515.70344827586
2025-09-01,Mid Luxury SUV,volvo,xc90,B6 Ultra Dark Theme 7-Seater,293,76050.52901023891
2025-09-01,Mid Luxury SUV,volvo,xc90,"Core, B5 AWD Gas (mild hybrid), Gasoline, Bright",1,59345.0
2025-09-01,Mid Luxury SUV,volvo,xc90,"Plus, B5 AWD Gas (mild hybrid), Gasoline, Bright",1,63855.0
2025-09-01,Mid Luxury SUV,volvo,xc90,"Plus, B6 AWD Gas (mild hybrid), Gasoline, Bright",9,70768.44444444444
2025-09-01,Mid Luxury SUV,volvo,xc90,"Plus, T8 AWD, Electric/Gasoline, Bright, 7 Seats",1,80945.0
2025-09-01,Mid Luxury SUV,volvo,xc90,T8 Core,30,73620.43333333333
2025-09-01,Mid Luxury SUV,volvo,xc90,T8 Core 7-Seater,99,71782.69696969698
2025-09-01,Mid Luxury SUV,volvo,xc90,T8 Core Bright Theme,1,77000.0
2025-09-01,Mid Luxury SUV,volvo,xc90,T8 Plus 6-Seater,83,79073.27710843373
2025-09-01,Mid Luxury SUV,volvo,xc90,T8 Plus 6P,44,74306.47727272728
2025-09-01,Mid Luxury SUV,volvo,xc90,T8 Plus 7-Seater,764,76479.28534031413
2025-09-01,Mid Luxury SUV,volvo,xc90,T8 Plus 7P,24,73279.75
2025-09-01,Mid Luxury SUV,volvo,xc90,T8 Plus Bright Theme 6P,3,68832.66666666667
2025-09-01,Mid Luxury SUV,volvo,xc90,T8 Plus Bright Theme 7P,14,72768.71428571429
2025-09-01,Mid Luxury SUV,volvo,xc90,T8 Ultimate Bright Theme 6P,3,81553.0
2025-09-01,Mid Luxury SUV,volvo,xc90,T8 Ultimate Bright Theme 7P,1,72830.0
2025-09-01,Mid Luxury SUV,volvo,xc90,T8 Ultra 6-Seater,23,83730.34782608696
2025-09-01,Mid Luxury SUV,volvo,xc90,T8 Ultra 6P,26,79340.84615384616
2025-09-01,Mid Luxury SUV,volvo,xc90,T8 Ultra 7-Seater,346,80739.04624277457
2025-09-01,Mid Luxury SUV,volvo,xc90,T8 Ultra 7P,38,78697.23684210527
2025-09-01,Mid Luxury SUV,volvo,xc90,T8 Ultra Dark Theme 6-Seater,13,85387.15384615384
2025-09-01,Mid Luxury SUV,volvo,xc90,T8 Ultra Dark Theme 7-Seater,38,86184.26315789473
2025-09-01,Mid Luxury SUV,volvo,xc90,"Ultra Dark Theme, B6 AWD Gas (mild hybrid), Gaso",1,73175.0
2025-09-01,Mid Luxury SUV,volvo,xc90,"Ultra, T8 AWD, Electric/Gasoline, Bright, 7 Seat",2,84125.0
2025-09-01,Near Luxury Car,acura,tlx,Base,2,41245.0
2025-09-01,Near Luxury Car,acura,tlx,SH-AWD Type S,55,59878.67272727273
2025-09-01,Near Luxury Car,acura,tlx,SH-AWD w/A-SPEC,2090,51508.96883988495
2025-09-01,Near Luxury Car,acura,tlx,w/Tech,1060,46554.47924528302
2025-09-01,Near Luxury Car,alfa_romeo,giulia,Base,188,51734.117021276594
2025-09-01,Near Luxury Car,alfa_romeo,giulia,Competizione,1,48996.0
2025-09-01,Near Luxury Car,alfa_romeo,giulia,Quadrifoglio,35,84495.61764705883
2025-09-01,Near Luxury Car,alfa_romeo,giulia,Quadrifoglio Carbon,9,81327.44444444444
2025-09-01,Near Luxury Car,alfa_romeo,giulia,Special Edition AWD,7,51893.28571428572
2025-09-01,Near Luxury Car,alfa_romeo,giulia,Sprint,168,49111.64880952381
2025-09-01,Near Luxury Car,alfa_romeo,giulia,Ti,26,47599.61538461538
2025-09-01,Near Luxury Car,alfa_romeo,giulia,Veloce,17,49112.64705882353
2025-09-01,Near Luxury Car,audi,a4_s4,quattro S line Prem Plus 45 TFSI,5,52700.4
2025-09-01,Near Luxury Car,audi,a4_s4,quattro S line Premium 45 TFSI,2,48075.0
2025-09-01,Near Luxury Car,audi,a5,Premium,332,53263.117469879515
2025-09-01,Near Luxury Car,audi,a5,Premium Plus,1951,56652.01076371092
2025-09-01,Near Luxury Car,audi,a5,Premium Plus TFSI quattro S tronic,526,56703.08174904943
2025-09-01,Near Luxury Car,audi,a5,Premium TFSI quattro S tronic,732,53732.28825136612
2025-09-01,Near Luxury Car,audi,a5,Prestige,153,58491.660130718956
2025-09-01,Near Luxury Car,audi,a5,Prestige TFSI quattro S tronic,256,58898.23921568628
2025-09-01,Near Luxury Car,audi,a5,quattro Premium Plus 45 TFSI,4,64110.0
2025-09-01,Near Luxury Car,audi,a5,quattro Prestige 45 TFSI,2,68345.0
2025-09-01,Near Luxury Car,audi,a5,quattro S line Prem Plus 45 TFSI,57,57561.69642857143
2025-09-01,Near Luxury Car,audi,a5,quattro S line Premium 45 TFSI,56,52145.33928571428
2025-09-01,Near Luxury Car,audi,a5_s5_rs_5,2.9T quattro,6,87383.0
2025-09-01,Near Luxury Car,audi,s5,3.0 TFSI quattro Progressiv,3,61930.0
2025-09-01,Near Luxury Car,audi,s5,3.0T quattro Premium Plus,40,71036.525
2025-09-01,Near Luxury Car,audi,s5,3.0T quattro Prestige,6,73948.66666666667
2025-09-01,Near Luxury Car,audi,s5,Premium,11,66441.72727272728
2025-09-01,Near Luxury Car,audi,s5,Premium Plus,114,71824.33333333333
2025-09-01,Near Luxury Car,audi,s5,Premium Plus TFSI quattro S tronic,192,71955.07291666667
2025-09-01,Near Luxury Car,audi,s5,Prestige,90,75293.72222222222
2025-09-01,Near Luxury Car,audi,s5,Prestige TFSI quattro S tronic,98,76583.58163265306
2025-09-01,Near Luxury Car,bmw,3_series,330e,1,50994.0
2025-09-01,Near Luxury Car,bmw,3_series,330i,951,52031.39432176656
2025-09-01,Near Luxury Car,bmw,3_series,330i NA,167,54449.05389221557
2025-09-01,Near Luxury Car,bmw,3_series,330i NA xDrive,87,56370.96551724138
2025-09-01,Near Luxury Car,bmw,3_series,330i xDrive,1209,53739.62861869313
2025-09-01,Near Luxury Car,bmw,3_series,M340i,85,66464.48235294118
2025-09-01,Near Luxury Car,bmw,3_series,M340i NA,26,68747.26923076923
2025-09-01,Near Luxury Car,bmw,3_series,M340i NA xDrive,25,70529.44
2025-09-01,Near Luxury Car,bmw,3_series,M340i xDrive,93,69226.04301075269
2025-09-01,Near Luxury Car,bmw,3_series,NA,13,54945.230769230766
2025-09-01,Near Luxury Car,bmw,3_series,xDrive,105,53178.46666666667
2025-09-01,Near Luxury Car,bmw,3_series,xDrive NA,23,56666.739130434784
2025-09-01,Near Luxury Car,bmw,4_series,430i,531,62070.58719397364
2025-09-01,Near Luxury Car,bmw,4_series,430i Gran Coupe,13,55815.692307692305
2025-09-01,Near Luxury Car,bmw,4_series,430i xDrive,416,65198.788236714965
2025-09-01,Near Luxury Car,bmw,4_series,430i xDrive Gran Coupe,17,57342.529411764706
2025-09-01,Near Luxury Car,bmw,4_series,M440i,161,73013.09695652174
2025-09-01,Near Luxury Car,bmw,4_series,M440i Gran Coupe,2,68498.0
2025-09-01,Near Luxury Car,bmw,4_series,M440i xDrive,211,77317.65909952606
2025-09-01,Near Luxury Car,bmw,4_series,M440i xDrive Gran Coupe,2,72665.0
2025-09-01,Near Luxury Car,bmw,4_series,xDrive,58,64528.01724137931
2025-09-01,Near Luxury Car,bmw,4_series_gran_coupe,xDrive,25,70077.48
2025-09-01,Near Luxury Car,bmw,m3,Base,3,84902.66666666667
2025-09-01,Near Luxury Car,bmw,m3,Base (M6),13,87885.53846153847
2025-09-01,Near Luxury Car,bmw,m3,Competition,22,92253.77272727272
2025-09-01,Near Luxury Car,bmw,m3,Competition xDrive,137,99362.91970802919
2025-09-01,Near Luxury Car,bmw,m4,Base,43,89802.88372093023
2025-09-01,Near Luxury Car,bmw,m4,CS,1,136785.0
2025-09-01,Near Luxury Car,bmw,m4,Competition,237,102888.52118644067
2025-09-01,Near Luxury Car,bmw,m4,Competition xDrive,145,101201.89655172414
2025-09-01,Near Luxury Car,cadillac,ct5,Base,10,66060.5
2025-09-01,Near Luxury Car,cadillac,ct5,Blackwing,29,124809.62068965517
2025-09-01,Near Luxury Car,cadillac,ct5,Premium Luxury,537,52832.208566108005
2025-09-01,Near Luxury Car,cadillac,ct5,Premium Luxury RWD,730,55469.61643835616
2025-09-01,Near Luxury Car,cadillac,ct5,Sport,372,54141.43548387097
2025-09-01,Near Luxury Car,cadillac,ct5,Sport RWD,447,56307.73825503356
2025-09-01,Near Luxury Car,cadillac,ct5,V-Series Blackwing RWD,67,113429.92537313433
2025-09-01,Near Luxury Car,cadillac,ct5,V-Series RWD,408,66612.23284313726
2025-09-01,Near Luxury Car,genesis,g70,2.0T Prestige,4,41291.666666666664
2025-09-01,Near Luxury Car,genesis,g70,2.5T,33,44439.30303030303
2025-09-01,Near Luxury Car,genesis,g70,2.5T AWD,161,47252.30434782609
2025-09-01,Near Luxury Car,genesis,g70,2.5T AWD Prestige,1,52190.0
2025-09-01,Near Luxury Car,genesis,g70,2.5T Prestige,35,47065.6
2025-09-01,Near Luxury Car,genesis,g70,2.5T RWD,262,44966.47328244275
2025-09-01,Near Luxury Car,genesis,g70,2.5T RWD Prestige,536,50119.986940298506
2025-09-01,Near Luxury Car,genesis,g70,2.5T Standard,233,45084.30472103004
2025-09-01,Near Luxury Car,genesis,g70,3.3T AWD Sport Prestige,869,54066.714614499426
2025-09-01,Near Luxury Car,genesis,g70,3.3T RWD Sport Prestige,266,55420.003759398496
2025-09-01,Near Luxury Car,genesis,g70,3.3T Sport,1,58445.0
2025-09-01,Near Luxury Car,genesis,g70,3.3T Sport Advanced,227,54935.251101321584
2025-09-01,Near Luxury Car,genesis,g70,3.3T Standard,3,54587.0
2025-09-01,Near Luxury Car,infiniti,q50,Luxe,3,45585.0
2025-09-01,Near Luxury Car,infiniti,q50,Red Sport 400,7,57499.857142857145
2025-09-01,Near Luxury Car,infiniti,q50,Sensory,7,52909.28571428572
2025-09-01,Near Luxury Car,lexus,es_series,Base,1901,49441.08880589164
2025-09-01,Near Luxury Car,lexus,es_series,F SPORT 2,3,49629.333333333336
2025-09-01,Near Luxury Car,lexus,es_series,F SPORT Design,64,50819.015625
2025-09-01,Near Luxury Car,lexus,es_series,F SPORT Handling,29,53570.40896551724
2025-09-01,Near Luxury Car,lexus,es_series,Luxury,337,54904.908308605336
2025-09-01,Near Luxury Car,lexus,es_series,Ultra Luxury,239,56235.04949790794
2025-09-01,Near Luxury Car,lexus,is_series,Base,90,48204.96666666667
2025-09-01,Near Luxury Car,lexus,is_series,F SPORT,536,53287.80742537314
2025-09-01,Near Luxury Car,lexus,is_series,F SPORT Design,231,47041.47575757576
2025-09-01,Near Luxury Car,lexus,is_series,F SPORT Performance,29,68801.96551724138
2025-09-01,Near Luxury Car,lexus,is_series,F SPORT Performance Premium,1,67297.0
2025-09-01,Near Luxury Car,lexus,rc_series,F SPORT,27,60899.641481481485
2025-09-01,Near Luxury Car,lexus,rc_series,Final Edition,11,95850.54545454546
2025-09-01,Near Luxury Car,mercedes_benz,c_class,AMG C 43,218,71502.28440366972
2025-09-01,Near Luxury Car,mercedes_benz,c_class,AMG C 63 S E Performance,157,97784.3949044586
2025-09-01,Near Luxury Car,mercedes_benz,c_class,C 300,2940,54268.9231292517
2025-09-01,Near Luxury Car,mercedes_benz,c_class,C 300 4MATIC,2027,56089.723729649726
2025-09-01,Near Luxury Car,volvo,s60_v60,B5 Core,21,44725.80952380953
2025-09-01,Near Luxury Car,volvo,s60_v60,B5 Core Dark Theme,19,42779.94736842105
2025-09-01,Near Luxury Car,volvo,s60_v60,B5 Plus,378,54484.80867724868
2025-09-01,Near Luxury Car,volvo,s60_v60,B5 Plus Black Edition,8,48962.625
2025-09-01,Near Luxury Car,volvo,s60_v60,B5 Plus Dark Theme,22,45807.318181818184
2025-09-01,Near Luxury Car,volvo,s60_v60,B5 Ultimate,2,60562.5
2025-09-01,Near Luxury Car,volvo,s60_v60,B5 Ultra,189,59731.084656084655
2025-09-01,Near Luxury Car,volvo,s60_v60,T8 Core Dark Theme,2,55115.0
2025-09-01,Near Luxury Car,volvo,s60_v60,T8 Plus Dark Theme,2,49251.0
2025-09-01,Near Luxury Car,volvo,s60_v60,T8 Polestar Engineered,1,72645.0
2025-09-01,Near Luxury EV SUV,audi,q4_e_tron,Premium,14,53238.78571428572
2025-09-01,Near Luxury EV SUV,audi,q4_e_tron,Premium 45 RWD,16,51327.125
2025-09-01,Near Luxury EV SUV,audi,q4_e_tron,Premium 45 quattro,22,56129.818181818184
2025-09-01,Near Luxury EV SUV,audi,q4_e_tron,Premium Plus,32,60370.375
2025-09-01,Near Luxury EV SUV,audi,q4_e_tron,quattro Premium 55 TFSI,51,59123.27450980392
2025-09-01,Near Luxury EV SUV,audi,q4_e_tron,quattro Premium Plus 55,26,64106.96153846154
2025-09-01,Near Luxury EV SUV,audi,q4_e_tron,quattro Premium Plus 55 TFSI,212,61287.40094339623
2025-09-01,Near Luxury EV SUV,audi,q4_e_tron,quattro Prestige 50 TFSI,1,45779.0
2025-09-01,Near Luxury EV SUV,audi,q4_e_tron,quattro Prestige 55 TFSI,85,63761.49411764706
2025-09-01,Near Luxury EV SUV,cadillac,optiq,Luxury,85,55991.18823529412
2025-09-01,Near Luxury EV SUV,cadillac,optiq,Luxury 1 AWD,573,55038.0
2025-09-01,Near Luxury EV SUV,cadillac,optiq,Luxury 2 AWD,236,58202.77118644068
2025-09-01,Near Luxury EV SUV,cadillac,optiq,Sport,117,57051.10256410256
2025-09-01,Near Luxury EV SUV,cadillac,optiq,Sport 1 AWD,743,56007.65275908479
2025-09-01,Near Luxury EV SUV,cadillac,optiq,Sport 2 AWD,455,59186.474725274726
2025-09-01,Near Luxury EV SUV,genesis,gv70_ev,Advanced,56,70196.125
2025-09-01,Near Luxury EV SUV,genesis,gv70_ev,Advanced AWD,76,67263.05263157895
2025-09-01,Near Luxury EV SUV,genesis,gv70_ev,Base,44,69614.15909090909
2025-09-01,Near Luxury EV SUV,genesis,gv70_ev,Prestige,1,74240.0
2025-09-01,Near Luxury EV SUV,genesis,gv70_ev,Prestige AWD,2,71487.5
2025-09-01,Near Luxury EV SUV,genesis,gv70_ev,Standard,178,62295.6797752809
2025-09-01,Near Luxury EV SUV,lexus,rz_series,Premium,103,54405.56475728155
2025-09-01,Near Luxury EV SUV,mercedes_benz,eqb,EQB 250+,75,58567.32
2025-09-01,Near Luxury EV SUV,mercedes_benz,eqb,EQB 300 4MATIC,216,63823.291666666664
2025-09-01,Near Luxury EV SUV,mercedes_benz,eqb,EQB 350 4MATIC,27,67120.51851851853
2025-09-01,Near Luxury EV SUV,porsche,macan_electric,4S,423,104798.74704491725
2025-09-01,Near Luxury SUV,acura,rdx,SH-AWD,714,46449.04488078541
2025-09-01,Near Luxury SUV,acura,rdx,SH-AWD w/A-SPEC,744,52079.462987886945
2025-09-01,Near Luxury SUV,acura,rdx,SH-AWD w/Advance,556,54231.72661870503
2025-09-01,Near Luxury SUV,acura,rdx,SH-AWD w/Advance w/A-SPEC,534,56243.89811320755
2025-09-01,Near Luxury SUV,acura,rdx,SH-AWD w/Platinum Elite w/A-SPEC,44,56353.431818181816
2025-09-01,Near Luxury SUV,acura,rdx,SH-AWD w/Tech,1108,49058.36462093863
2025-09-01,Near Luxury SUV,acura,rdx,w/Tech,11,45000.0
2025-09-01,Near Luxury SUV,alfa_romeo,stelvio,AWD,19,53903.0
2025-09-01,Near Luxury SUV,alfa_romeo,stelvio,Base,43,55703.813953488374
2025-09-01,Near Luxury SUV,alfa_romeo,stelvio,Competizione,1,56000.0
2025-09-01,Near Luxury SUV,alfa_romeo,stelvio,Quadrifoglio,67,88220.62686567164
2025-09-01,Near Luxury SUV,alfa_romeo,stelvio,Quadrifoglio Carbon,2,81159.5
2025-09-01,Near Luxury SUV,alfa_romeo,stelvio,Special Edition Tributo Italiano AWD,66,54990.621212121216
2025-09-01,Near Luxury SUV,alfa_romeo,stelvio,Sprint,408,53801.87254901961
2025-09-01,Near Luxury SUV,alfa_romeo,stelvio,Ti,8,46890.0
2025-09-01,Near Luxury SUV,alfa_romeo,stelvio,Veloce,9,49291.0
2025-09-01,Near Luxury SUV,audi,q5_sq5,Premium,606,57236.102819237145
2025-09-01,Near Luxury SUV,audi,q5_sq5,Premium Plus,2353,60821.03017424564
2025-09-01,Near Luxury SUV,audi,q5_sq5,Premium Plus 40 TFSI quattro S tronic,1,57330.0
2025-09-01,Near Luxury SUV,audi,q5_sq5,Premium Plus 45 TFSI S line quattro S tronic,1,62070.0
2025-09-01,Near Luxury SUV,audi,q5_sq5,Premium Plus 55 TFSI e S line quattro S tronic,2,70900.0
2025-09-01,Near Luxury SUV,audi,q5_sq5,Premium Plus TFSI quattro S tronic,2423,60897.30334296327
2025-09-01,Near Luxury SUV,audi,q5_sq5,Premium TFSI quattro S tronic,1232,57430.99107142857
2025-09-01,Near Luxury SUV,audi,q5_sq5,Prestige,372,64084.153225806454
2025-09-01,Near Luxury SUV,audi,q5_sq5,Prestige 55 TFSI e S line quattro S tronic,1,73680.0
2025-09-01,Near Luxury SUV,audi,q5_sq5,Prestige TFSI quattro S tronic,359,64095.49025069638
2025-09-01,Near Luxury SUV,audi,q5_sq5,e quattro S line Prem Pl 55 TFSI,195,66665.6358974359
2025-09-01,Near Luxury SUV,audi,q5_sq5,e quattro S line Premium 55 TFSI,16,61114.3125
2025-09-01,Near Luxury SUV,audi,q5_sq5,e quattro S line Prestg 55 TFSI,5,74041.8
2025-09-01,Near Luxury SUV,audi,q5_sq5,quattro Premium 40 TFSI,36,49589.52777777778
2025-09-01,Near Luxury SUV,audi,q5_sq5,quattro Premium Plus 40 TFSI,11,53962.09090909091
2025-09-01,Near Luxury SUV,audi,q5_sq5,quattro S line Prem Plus 45 TFSI,264,58745.08712121212
2025-09-01,Near Luxury SUV,audi,q5_sq5,quattro S line Premium 45 TFSI,114,53176.53097345133
2025-09-01,Near Luxury SUV,audi,q5_sq5,quattro S line Prestige 45 TFSI,14,63123.92307692308
2025-09-01,Near Luxury SUV,audi,sq5,3.0 TFSI quattro Technik,8,75716.25
2025-09-01,Near Luxury SUV,audi,sq5,3.0T quattro Premium Plus,89,70585.94382022473
2025-09-01,Near Luxury SUV,audi,sq5,3.0T quattro Prestige,4,75976.0
2025-09-01,Near Luxury SUV,audi,sq5,Premium,5,68144.0
2025-09-01,Near Luxury SUV,audi,sq5,Premium Plus,140,74013.66428571429
2025-09-01,Near Luxury SUV,audi,sq5,Premium Plus TFSI quattro S tronic,77,73698.0
2025-09-01,Near Luxury SUV,audi,sq5,Prestige,46,75910.23913043478
2025-09-01,Near Luxury SUV,audi,sq5,Prestige TFSI quattro S tronic,6,75160.0
2025-09-01,Near Luxury SUV,bmw,x3,30 xDrive,10327,57795.055098286044
2025-09-01,Near Luxury SUV,bmw,x3,M40i,1,69195.0
2025-09-01,Near Luxury SUV,bmw,x3,M50 xDrive,1045,73288.97703349282
2025-09-01,Near Luxury SUV,bmw,x3,sDrive30i,21,51919.04761904762
2025-09-01,Near Luxury SUV,bmw,x3,xDrive30i,11,54854.09090909091
2025-09-01,Near Luxury SUV,bmw,x4,Base,51,92829.66666666667
2025-09-01,Near Luxury SUV,bmw,x4,M40i,113,74737.63716814159
2025-09-01,Near Luxury SUV,bmw,x4,xDrive30i,338,63496.24852071006
2025-09-01,Near Luxury SUV,cadillac,xt4,Luxury,5,42292.4
2025-09-01,Near Luxury SUV,cadillac,xt4,Premium Luxury,450,45596.137777777774
2025-09-01,Near Luxury SUV,cadillac,xt4,Sport,151,48230.62913907285
2025-09-01,Near Luxury SUV,genesis,gv70,2.5T,857,50567.48308051342
2025-09-01,Near Luxury SUV,genesis,gv70,2.5T Advanced,1768,58262.121040723985
2025-09-01,Near Luxury SUV,genesis,gv70,2.5T Advanced Plus,3,51817.0
2025-09-01,Near Luxury SUV,genesis,gv70,2.5T Prestige,8,55289.625
2025-09-01,Near Luxury SUV,genesis,gv70,2.5T Select,1164,53612.32702237521
2025-09-01,Near Luxury SUV,genesis,gv70,2.5T Sport Prestige,665,61723.24661654135
2025-09-01,Near Luxury SUV,genesis,gv70,2.5T Standard,181,52996.955555555556
2025-09-01,Near Luxury SUV,genesis,gv70,3.5T Sport,274,63328.653284671534
2025-09-01,Near Luxury SUV,genesis,gv70,3.5T Sport Advanced,364,66208.7967032967
2025-09-01,Near Luxury SUV,genesis,gv70,3.5T Sport Prestige,1847,72763.26962642123
2025-09-01,Near Luxury SUV,infiniti,qx50,Autograph,1,50159.0
2025-09-01,Near Luxury SUV,infiniti,qx50,Luxe,589,45635.96943972835
2025-09-01,Near Luxury SUV,infiniti,qx50,Pure,90,40158.64444444444
2025-09-01,Near Luxury SUV,infiniti,qx50,Sensory,1,55828.0
2025-09-01,Near Luxury SUV,infiniti,qx50,Sport,365,49729.62739726027
2025-09-01,Near Luxury SUV,infiniti,qx55,Essential,130,53797.269230769234
2025-09-01,Near Luxury SUV,infiniti,qx55,Luxe,341,48891.91495601173
2025-09-01,Near Luxury SUV,infiniti,qx55,Sensory,83,57521.89156626506
2025-09-01,Near Luxury SUV,jaguar,e_pace,P250 R-Dynamic SE,109,53928.54128440367
2025-09-01,Near Luxury SUV,land_rover,discovery_sport,P250 Dynamic SE,207,58558.95652173913
2025-09-01,Near Luxury SUV,land_rover,discovery_sport,P250 S,489,53508.924335378324
2025-09-01,Near Luxury SUV,land_rover,discovery_sport,P250 S R-Dynamic,1,56770.0
2025-09-01,Near Luxury SUV,land_rover,discovery_sport,P250 SE,2,49495.0
2025-09-01,Near Luxury SUV,land_rover,discovery_sport,P250 SE R-Dynamic,1,59584.0
2025-09-01,Near Luxury SUV,land_rover,range_rover_evoque,P250 Dynamic SE,309,62036.21035598705
2025-09-01,Near Luxury SUV,land_rover,range_rover_evoque,P250 S,663,55979.95022624434
2025-09-01,Near Luxury SUV,lexus,nx_series,Base,890,54410.95843820226
2025-09-01,Near Luxury SUV,lexus,nx_series,F SPORT Handling,202,60099.38168316831
2025-09-01,Near Luxury SUV,lexus,nx_series,Luxury,413,58022.890387409214
2025-09-01,Near Luxury SUV,lexus,nx_series,Premium,1485,52493.583018867925
2025-09-01,Near Luxury SUV,maserati,grecale,Folgore,34,108732.64705882352
2025-09-01,Near Luxury SUV,maserati,grecale,GT,114,72205.07894736843
2025-09-01,Near Luxury SUV,maserati,grecale,Modena,288,86837.47569444444
2025-09-01,Near Luxury SUV,maserati,grecale,Trofeo,41,119311.51219512195
2025-09-01,Near Luxury SUV,mercedes_benz,benz_amg_glc,4MATIC,701,93223.84710000001
2025-09-01,Near Luxury SUV,mercedes_benz,glb,AMG GLB 35,238,65058.43277310924
2025-09-01,Near Luxury SUV,mercedes_benz,glb,GLB 250,1781,49604.09320606401
2025-09-01,Near Luxury SUV,mercedes_benz,glb,GLB 250 4MATIC,1236,51876.35841423948
2025-09-01,Near Luxury SUV,mercedes_benz,glc_class,4MATIC,2376,67435.04587542088
2025-09-01,Near Luxury SUV,mercedes_benz,glc_class,4MATIC Coupe,1,64770.0
2025-09-01,Near Luxury SUV,mercedes_benz,glc_class,4MATIC SUV,285,58082.41403508772
2025-09-01,Near Luxury SUV,mercedes_benz,glc_class,AMG GLC 43,729,76418.01371742113
2025-09-01,Near Luxury SUV,mercedes_benz,glc_class,GLC 300,950,55697.49684210526
2025-09-01,Near Luxury SUV,mercedes_benz,glc_class,GLC 300 4MATIC,2372,61832.65177065767
2025-09-01,Near Luxury SUV,mercedes_benz,glc_class,GLC 350e 4MATIC,191,67033.74869109948
2025-09-01,Near Luxury SUV,porsche,macan,4 Electric,321,98205.70093457944
2025-09-01,Near Luxury SUV,porsche,macan,Base,2090,78504.4947368421
2025-09-01,Near Luxury SUV,porsche,macan,Electric,254,92024.67322834645
2025-09-01,Near Luxury SUV,porsche,macan,GTS,189,111482.88888888889
2025-09-01,Near Luxury SUV,porsche,macan,S,473,94720.36786469344
2025-09-01,Near Luxury SUV,porsche,macan,T,162,81561.72222222222
2025-09-01,Near Luxury SUV,porsche,macan,Turbo Electric,223,129942.22421524664
2025-09-01,Near Luxury SUV,volvo,xc60,B5 Core,982,48834.170061099794
2025-09-01,Near Luxury SUV,volvo,xc60,B5 Core Dark Theme,3,51355.0
2025-09-01,Near Luxury SUV,volvo,xc60,B5 Plus,2901,55014.666666666664
2025-09-01,Near Luxury SUV,volvo,xc60,B5 Plus Dark Theme,20,52795.4
2025-09-01,Near Luxury SUV,volvo,xc60,B5 Ultimate Dark Theme,1,58070.0
2025-09-01,Near Luxury SUV,volvo,xc60,B5 Ultra,1087,61167.86660533579
2025-09-01,Near Luxury SUV,volvo,xc60,B5 Ultra Black Edition,126,63437.45238095238
2025-09-01,Near Luxury SUV,volvo,xc60,B6 Ultimate Bright Theme,1,64385.0
2025-09-01,Near Luxury SUV,volvo,xc60,Plus Dark Theme,564,57314.35638297872
2025-09-01,Near Luxury SUV,volvo,xc60,T8 Core,151,58340.06622516556
2025-09-01,Near Luxury SUV,volvo,xc60,T8 Plus,940,64251.67234042553
2025-09-01,Near Luxury SUV,volvo,xc60,T8 Polestar Engineered,41,80976.68292682926
2025-09-01,Near Luxury SUV,volvo,xc60,T8 Ultra,392,72562.10714285714
2025-09-01,Near Luxury SUV,volvo,xc60,T8 Ultra Black Edition,24,73863.45833333333
2025-09-01,Near Luxury SUV,volvo,xc60,Ultra Dark Theme,236,65278.63559322034
2025-09-01,Near Luxury SUV,volvo,xc60_recharge,T8 Core Dark Theme,2,56672.5
2025-09-01,Near Luxury SUV,volvo,xc60_recharge,T8 Plus Dark Theme,33,59222.27272727273
2025-09-01,Near Luxury SUV,volvo,xc60_recharge,T8 Polestar Engineered,2,74297.5
2025-09-01,Near Luxury SUV,volvo,xc60_recharge,T8 Ultimate Black Edition,1,76795.0
2025-09-01,Near Luxury SUV,volvo,xc60_recharge,T8 Ultimate Bright Theme,1,70440.0
2025-09-01,Near Luxury SUV,volvo,xc60_recharge,T8 Ultimate Dark Theme,5,72046.0
2025-09-01,Premium Luxury Car,audi,a8_s8,4.0T quattro,193,136631.71502590674
2025-09-01,Premium Luxury Car,audi,a8_s8,quattro 55 TFSI,286,99272.50699300699
2025-09-01,Premium Luxury Car,bentley,flying_spur,Mulliner V8,1,323960.0
2025-09-01,Premium Luxury Car,bentley,flying_spur,S V8,4,288878.0
2025-09-01,Premium Luxury Car,bentley,flying_spur,Speed,45,333226.02222222224
2025-09-01,Premium Luxury Car,bentley,flying_spur,Speed First Edition,57,334303.77192982455
2025-09-01,Premium Luxury Car,bmw,7_series,740i,451,107646.68514412417
2025-09-01,Premium Luxury Car,bmw,7_series,740i xDrive,292,108807.53767123287
2025-09-01,Premium Luxury Car,bmw,7_series,750e xDrive,417,119048.36930455636
2025-09-01,Premium Luxury Car,bmw,7_series,760i xDrive,926,134438.86933045357
2025-09-01,Premium Luxury Car,bmw,7_series,xDrive,15,111260.93333333333
2025-09-01,Premium Luxury Car,genesis,g90,3.5T,4,86873.0
2025-09-01,Premium Luxury Car,genesis,g90,3.5T E-SC MHEV AWD,19,104927.52631578948
2025-09-01,Premium Luxury Car,genesis,g90,3.5T e-Supercharger,280,99849.075
2025-09-01,Premium Luxury Car,genesis,g90,e-SC Prestige Black,29,108180.55172413793
2025-09-01,Premium Luxury Car,lexus,ls_series,Base,12,99427.36
2025-09-01,Premium Luxury Car,lexus,ls_series,F SPORT,4,93714.25
2025-09-01,Premium Luxury Car,maserati,quattroporte,Modena,1,97310.0
2025-09-01,Premium Luxury Car,maserati,quattroporte,Modena Q4,9,109943.33333333333
2025-09-01,Premium Luxury Car,maserati,quattroporte,Modena Ultima Q4,10,130676.0
2025-09-01,Premium Luxury Car,mercedes_benz,s_class,AMG S 63 E Performance,346,208031.36705202312
2025-09-01,Premium Luxury Car,mercedes_benz,s_class,Mercedes-Maybach S 580 4MATIC,31,231126.4516129032
2025-09-01,Premium Luxury Car,mercedes_benz,s_class,Mercedes-Maybach S 680 4MATIC,33,290457.0606060606
2025-09-01,Premium Luxury Car,mercedes_benz,s_class,S 500 4MATIC,72,129177.30555555556
2025-09-01,Premium Luxury Car,mercedes_benz,s_class,S 580 4MATIC,996,142928.6234939759
2025-09-01,Premium Luxury Car,mercedes_benz,s_class,S 580e 4MATIC,141,139310.9929078014
2025-09-01,Premium Luxury Car,porsche,panamera,4,588,133868.57482993198
2025-09-01,Premium Luxury Car,porsche,panamera,4 E-Hybrid,27,148525.11111111112
2025-09-01,Premium Luxury Car,porsche,panamera,4S,7,155977.57142857142
2025-09-01,Premium Luxury Car,porsche,panamera,4S E-Hybrid,2,169227.0
2025-09-01,Premium Luxury Car,porsche,panamera,Base,75,128498.50666666667
2025-09-01,Premium Luxury Car,porsche,panamera,GTS,15,185608.73333333334
2025-09-01,Premium Luxury Car,porsche,panamera,Turbo,7,233644.2857142857
2025-09-01,Premium Luxury Car,porsche,panamera,Turbo E-Hybrid,5,230825.4
2025-09-01,Premium Luxury Car,porsche,panamera,Turbo S,1,279265.0
2025-09-01,Premium Luxury Car,rolls_royce,ghost,Base,1,463820.0
2025-09-01,Premium Luxury Car,rolls_royce,ghost,Black Badge,7,509418.6
2025-10-01,Entry Luxury EV SUV,genesis,gv60,"19""""",4,55462.5
2025-10-01,Entry Luxury EV SUV,genesis,gv60,Advanced,9,58233.0
2025-10-01,Entry Luxury EV SUV,genesis,gv60,"Advanced 20""""",1,59849.0
2025-10-01,Entry Luxury EV SUV,genesis,gv60,Performance,18,63724.11111111111
2025-10-01,Entry Luxury EV SUV,genesis,gv60,Standard,57,50151.31578947369
2025-10-01,Entry Luxury EV SUV,volvo,c40_recharge,Twin Core,2,57067.5
2025-10-01,Entry Luxury EV SUV,volvo,c40_recharge,Twin Plus,9,50146.0
2025-10-01,Entry Luxury EV SUV,volvo,c40_recharge,Twin Ultimate,2,54455.5
2025-10-01,Entry Luxury EV SUV,volvo,c40_recharge,Ultimate,1,60590.0
2025-10-01,Entry Luxury EV SUV,volvo,ex30,Twin Motor Plus,209,46071.354066985645
2025-10-01,Entry Luxury EV SUV,volvo,ex30,Twin Motor Ultra,75,47569.17333333333
2025-10-01,Entry Luxury EV SUV,volvo,ex40,Single Motor Extended Range Core,7,52498.142857142855
2025-10-01,Entry Luxury EV SUV,volvo,ex40,Single Motor Extended Range Plus,2,59175.5
2025-10-01,Entry Luxury EV SUV,volvo,ex40,Twin Motor Core,23,55120.22727272727
2025-10-01,Mid Luxury Car,audi,a6_e_tron,Premium,30,66023.13333333333
2025-10-01,Mid Luxury Car,audi,a6_e_tron,Premium Plus,92,68898.38043478261
2025-10-01,Mid Luxury Car,audi,a6_e_tron,Prestige,39,72800.89743589744
2025-10-01,Mid Luxury Car,audi,a6_s6,2.9T quattro Premium,4,76287.75
2025-10-01,Mid Luxury Car,audi,a6_s6,2.9T quattro Premium Plus,24,84915.04166666667
2025-10-01,Mid Luxury Car,audi,a6_s6,2.9T quattro Prestige,9,90129.0
2025-10-01,Mid Luxury Car,audi,a6_s6,4.0T quattro Avant performance,80,146815.1
2025-10-01,Mid Luxury Car,audi,a6_s6,Premium 55 TFSI quattro S tronic,2,81982.0
2025-10-01,Mid Luxury Car,audi,a6_s6,Premium Plus,11,77575.27272727272
2025-10-01,Mid Luxury Car,audi,a6_s6,Prestige,1,81340.0
2025-10-01,Mid Luxury Car,audi,a6_s6,Prestige TFSI quattro Tiptronic,25,93770.08
2025-10-01,Mid Luxury Car,audi,a6_s6,performance,20,149475.9
2025-10-01,Mid Luxury Car,audi,a6_s6,performance TFSI quattro Tiptronic,4,207595.25
2025-10-01,Mid Luxury Car,audi,a6_s6,quattro Premium 45 TFSI,53,58983.79245283019
2025-10-01,Mid Luxury Car,audi,a6_s6,quattro Premium 55 TFSI,48,65413.3125
2025-10-01,Mid Luxury Car,audi,a6_s6,quattro Premium Plus 45 TFSI,172,63481.29069767442
2025-10-01,Mid Luxury Car,audi,a6_s6,quattro Premium Plus 55 TFSI,276,71331.54119565217
2025-10-01,Mid Luxury Car,audi,a6_s6,quattro Prestige 55 TFSI,127,77897.18503937007
2025-10-01,Mid Luxury Car,audi,a6_s6,quattro tiptronic,154,150618.46103896105
2025-10-01,Mid Luxury Car,audi,a7_s7,2.9T quattro Premium Plus,9,94583.44444444444
2025-10-01,Mid Luxury Car,audi,a7_s7,2.9T quattro Prestige,12,107435.66666666667
2025-10-01,Mid Luxury Car,audi,a7_s7,quattro Premium 55 TFSI,11,76483.18181818182
2025-10-01,Mid Luxury Car,audi,a7_s7,quattro Premium Plus 55 TFSI,38,80558.71052631579
2025-10-01,Mid Luxury Car,audi,a7_s7,quattro Prestige 55 TFSI,28,88853.67857142857
2025-10-01,Mid Luxury Car,audi,a7_s7_rs_7,4.0T quattro performance,124,148106.42741935485
2025-10-01,Mid Luxury Car,audi,a7_s7_rs_7,performance,3,148572.0
2025-10-01,Mid Luxury Car,audi,a7_s7_rs_7,quattro tiptronic,125,150952.616
2025-10-01,Mid Luxury Car,bmw,5_series,530i,697,67740.46341463414
2025-10-01,Mid Luxury Car,bmw,5_series,530i xDrive,553,69268.83725135624
2025-10-01,Mid Luxury Car,bmw,5_series,540i xDrive,179,79246.01117318436
2025-10-01,Mid Luxury Car,bmw,5_series,550e xDrive,418,84791.68181818182
2025-10-01,Mid Luxury Car,bmw,5_series,xDrive,108,73062.04629629629
2025-10-01,Mid Luxury Car,bmw,m5,Base,401,132823.13466334165
2025-10-01,Mid Luxury Car,bmw,m5,Base (A8),47,136100.55319148937
2025-10-01,Mid Luxury Car,bmw,m5,Touring,3,132430.66666666666
2025-10-01,Mid Luxury Car,genesis,g80,2.5T,246,63299.939024390245
2025-10-01,Mid Luxury Car,genesis,g80,2.5T Advanced,184,64870.038043478264
2025-10-01,Mid Luxury Car,genesis,g80,2.5T Sport Prestige,120,72252.89166666666
2025-10-01,Mid Luxury Car,genesis,g80,3.5T Prestige Black,189,81605.37037037036
2025-10-01,Mid Luxury Car,genesis,g80,3.5T Sport,193,74018.19170984456
2025-10-01,Mid Luxury Car,genesis,g80,3.5T Sport Advanced,69,69106.0
2025-10-01,Mid Luxury Car,genesis,g80,3.5T Sport Prestige,187,80679.3101604278
2025-10-01,Mid Luxury Car,genesis,g80,Advanced,14,66436.5
2025-10-01,Mid Luxury Car,genesis,g80,Base,3,60057.666666666664
2025-10-01,Mid Luxury Car,jaguar,xf,P250 R-Dynamic SE,12,53757.916666666664
2025-10-01,Mid Luxury Car,jaguar,xf,P300 R-Dynamic SE,108,56935.82407407407
2025-10-01,Mid Luxury Car,maserati,ghibli,334 Ultima,3,122454.0
2025-10-01,Mid Luxury Car,maserati,ghibli,Modena Q4,27,92515.74074074074
2025-10-01,Mid Luxury Car,maserati,ghibli,Modena Ultima Q4,28,103031.32142857143
2025-10-01,Mid Luxury Car,maserati,ghibli,Trofeo,1,130000.0
2025-10-01,Mid Luxury Car,mercedes_benz,cle,AMG CLE 53,213,91519.15328638497
2025-10-01,Mid Luxury Car,mercedes_benz,cle,CLE 300 4MATIC,711,70228.17180028128
2025-10-01,Mid Luxury Car,mercedes_benz,cle,CLE 450 4MATIC,38,74821.27894736842
2025-10-01,Mid Luxury Car,mercedes_benz,cls,CLS 450 4MATIC,1,82640.0
2025-10-01,Mid Luxury Car,mercedes_benz,e_class,AMG E 53,70,108584.16728571428
2025-10-01,Mid Luxury Car,mercedes_benz,e_class,E 350,1074,72452.93947858473
2025-10-01,Mid Luxury Car,mercedes_benz,e_class,E 350 4MATIC,874,75186.64302059497
2025-10-01,Mid Luxury Car,mercedes_benz,e_class,E 450 4MATIC,132,82497.94696969698
2025-10-01,Mid Luxury Car,mercedes_benz,e_class,E 450 4MATIC All-Terrain,301,86034.93
2025-10-01,Mid Luxury Car,volvo,s90,B6 Plus,84,59659.416666666664
2025-10-01,Mid Luxury Car,volvo,s90,B6 Ultimate,4,65894.0
2025-10-01,Mid Luxury Car,volvo,s90,B6 Ultra,7,66413.0
2025-10-01,Mid Luxury Car,volvo,s90,T8 Ultimate,9,67480.0
2025-10-01,Mid Luxury Car,volvo,s90,T8 Ultra,3,68504.66666666667
2025-10-01,Mid Luxury Car,volvo,v90,B6 Plus,13,63142.307692307695
2025-10-01,Mid Luxury Car,volvo,v90,B6 Ultra,53,69909.16981132075
2025-10-01,Mid Luxury SUV,acura,mdx,Base,194,53345.51813471503
2025-10-01,Mid Luxury SUV,acura,mdx,SH-AWD,607,55615.84019769358
2025-10-01,Mid Luxury SUV,acura,mdx,SH-AWD Type S w/Advance Package,468,77586.91025641025
2025-10-01,Mid Luxury SUV,acura,mdx,SH-AWD w/A-SPEC,283,63990.46996466431
2025-10-01,Mid Luxury SUV,acura,mdx,SH-AWD w/Advance,79,67983.73417721518
2025-10-01,Mid Luxury SUV,acura,mdx,SH-AWD w/Platinum Elite w/A-Spec,88,69832.35227272728
2025-10-01,Mid Luxury SUV,acura,mdx,SH-AWD w/Tech,1293,60856.36581593194
2025-10-01,Mid Luxury SUV,acura,mdx,w/A-Spec Advance Package,988,70706.21761133603
2025-10-01,Mid Luxury SUV,acura,mdx,w/A-Spec Package,1429,64178.11266620014
2025-10-01,Mid Luxury SUV,acura,mdx,w/Advance Package,8,67584.875
2025-10-01,Mid Luxury SUV,acura,mdx,w/Tech,96,58136.778947368424
2025-10-01,Mid Luxury SUV,acura,mdx,w/Technology Package,1063,58929.62088428975
2025-10-01,Mid Luxury SUV,audi,q7,Premium,37,71112.64864864865
2025-10-01,Mid Luxury SUV,audi,q7,Prestige,7,85733.57142857143
2025-10-01,Mid Luxury SUV,audi,q7,Prestige 55 TFSI quattro tiptronic,54,83611.88888888889
2025-10-01,Mid Luxury SUV,audi,q7,quattro Premium 45 TFSI,132,65360.568181818184
2025-10-01,Mid Luxury SUV,audi,q7,quattro Premium 55 TFSI,73,69025.08219178082
2025-10-01,Mid Luxury SUV,audi,q7,quattro Premium Plus 45 TFSI,239,69544.53974895398
2025-10-01,Mid Luxury SUV,audi,q7,quattro Premium Plus 55 TFSI,2049,73786.2981942411
2025-10-01,Mid Luxury SUV,audi,q7,quattro Prestige 55 TFSI,370,82040.46486486486
2025-10-01,Mid Luxury SUV,audi,q7_sq7,4.0T quattro Premium Plus,20,99637.2
2025-10-01,Mid Luxury SUV,audi,q7_sq7,4.0T quattro Prestige,44,111048.58139534884
2025-10-01,Mid Luxury SUV,audi,q7_sq7,Prestige,18,108245.61111111111
2025-10-01,Mid Luxury SUV,bmw,x5,Competition,322,141916.98757763975
2025-10-01,Mid Luxury SUV,bmw,x5,M60i,936,104348.33867521367
2025-10-01,Mid Luxury SUV,bmw,x5,sDrive40i,1861,77978.66254701774
2025-10-01,Mid Luxury SUV,bmw,x5,xDrive40i,5241,80850.47471856516
2025-10-01,Mid Luxury SUV,bmw,x5,xDrive50e,1393,85178.23905240488
2025-10-01,Mid Luxury SUV,bmw,x5_xdrive45e,Competition,117,145915.02564102566
2025-10-01,Mid Luxury SUV,bmw,x6,M60i,288,108877.23263888889
2025-10-01,Mid Luxury SUV,bmw,x6,xDrive40i,695,87868.0690647482
2025-10-01,Mid Luxury SUV,cadillac,xt5,Coachbuilder- Funeral Hearse,52,45529.0
2025-10-01,Mid Luxury SUV,cadillac,xt5,Luxury,747,45448.208835341364
2025-10-01,Mid Luxury SUV,cadillac,xt5,Luxury AWD,1,48828.0
2025-10-01,Mid Luxury SUV,cadillac,xt5,Premium Luxury,3801,54677.85398579321
2025-10-01,Mid Luxury SUV,cadillac,xt5,Premium Luxury AWD,1,61008.0
2025-10-01,Mid Luxury SUV,cadillac,xt5,Sport,532,61471.14473684211
2025-10-01,Mid Luxury SUV,cadillac,xt6,Luxury,902,49076.10199556541
2025-10-01,Mid Luxury SUV,cadillac,xt6,Premium Luxury,2006,59268.31405782652
2025-10-01,Mid Luxury SUV,cadillac,xt6,Sport,596,65753.68456375839
2025-10-01,Mid Luxury SUV,genesis,gv80,2.5T,22,60229.0
2025-10-01,Mid Luxury SUV,genesis,gv80,2.5T AWD,56,62663.357142857145
2025-10-01,Mid Luxury SUV,genesis,gv80,2.5T Advanced,740,70373.17432432433
2025-10-01,Mid Luxury SUV,genesis,gv80,2.5T Prestige,695,74757.67625899281
2025-10-01,Mid Luxury SUV,genesis,gv80,2.5T Select,385,65441.04935064935
2025-10-01,Mid Luxury SUV,genesis,gv80,2.5T Standard,98,58944.56122448979
2025-10-01,Mid Luxury SUV,genesis,gv80,2.5T Standard AWD,80,59626.1
2025-10-01,Mid Luxury SUV,genesis,gv80,3.5T,38,72398.48648648648
2025-10-01,Mid Luxury SUV,genesis,gv80,3.5T Advanced,587,77307.74105621806
2025-10-01,Mid Luxury SUV,genesis,gv80,3.5T Prestige,1,64810.0
2025-10-01,Mid Luxury SUV,genesis,gv80,3.5T Prestige Black AWD,623,85913.24398073836
2025-10-01,Mid Luxury SUV,genesis,gv80,3.5T Prestige Signature,2441,82694.87709954937
2025-10-01,Mid Luxury SUV,genesis,gv80_coupe,3.5T,31,84108.58064516129
2025-10-01,Mid Luxury SUV,genesis,gv80_coupe,3.5T E-SC,791,88470.98103666246
2025-10-01,Mid Luxury SUV,genesis,gv80_coupe,3.5T E-SC MHEV AWD,67,90011.44776119402
2025-10-01,Mid Luxury SUV,genesis,gv80_coupe,3.5T V6 AWD,20,80968.75
2025-10-01,Mid Luxury SUV,genesis,gv80_coupe,3.5T e-SC Prestige Black,207,91841.2850241546
2025-10-01,Mid Luxury SUV,ineos,grenadier,1924 Limited Edition,432,88139.01620370371
2025-10-01,Mid Luxury SUV,ineos,grenadier,Base,235,81572.85106382979
2025-10-01,Mid Luxury SUV,ineos,grenadier,Fieldmaster,50,78543.28
2025-10-01,Mid Luxury SUV,ineos,grenadier,Trialmaster,16,80923.9375
2025-10-01,Mid Luxury SUV,infiniti,qx60,Autograph,1509,69255.42743538767
2025-10-01,Mid Luxury SUV,infiniti,qx60,Luxe,3895,59717.04107830552
2025-10-01,Mid Luxury SUV,infiniti,qx60,Pure,434,52707.79262672811
2025-10-01,Mid Luxury SUV,infiniti,qx60,SPORT,768,64378.91796875
2025-10-01,Mid Luxury SUV,infiniti,qx60,Sensory,51,58871.450980392154
2025-10-01,Mid Luxury SUV,jaguar,f_pace,P250 R-Dynamic S,1677,64891.14737470167
2025-10-01,Mid Luxury SUV,jaguar,f_pace,P250 S,8,64035.0
2025-10-01,Mid Luxury SUV,jaguar,f_pace,P400 R-Dynamic S,494,76005.25708502025
2025-10-01,Mid Luxury SUV,jaguar,f_pace,SVR 575 EDITION,50,100114.24
2025-10-01,Mid Luxury SUV,land_rover,defender,110 P300 S,913,74784.07236842105
2025-10-01,Mid Luxury SUV,land_rover,defender,110 P400 S,371,79921.94070080863
2025-10-01,Mid Luxury SUV,land_rover,defender,110 P400 X,58,99117.91379310345
2025-10-01,Mid Luxury SUV,land_rover,defender,110 P400 X-Dynamic SE,265,86054.96226415095
2025-10-01,Mid Luxury SUV,land_rover,defender,110 P500 X-Dynamic SE,207,106837.1504854369
2025-10-01,Mid Luxury SUV,land_rover,defender,110 S,1,79980.0
2025-10-01,Mid Luxury SUV,land_rover,defender,110 V8,1,115140.0
2025-10-01,Mid Luxury SUV,land_rover,defender,110 V8 P500 SE,23,102649.26086956522
2025-10-01,Mid Luxury SUV,land_rover,defender,110 V8 P525,251,120447.80876494024
2025-10-01,Mid Luxury SUV,land_rover,defender,130 P300 S,79,80667.58227848102
2025-10-01,Mid Luxury SUV,land_rover,defender,130 P400 Outbound,20,93535.2
2025-10-01,Mid Luxury SUV,land_rover,defender,130 P400 S,102,90318.26470588235
2025-10-01,Mid Luxury SUV,land_rover,defender,130 P400 X,27,108085.62962962964
2025-10-01,Mid Luxury SUV,land_rover,defender,130 P400 X-Dynamic SE,267,95105.69662921349
2025-10-01,Mid Luxury SUV,land_rover,defender,130 P500 V8,117,126912.28205128205
2025-10-01,Mid Luxury SUV,land_rover,defender,130 SE,2,109960.0
2025-10-01,Mid Luxury SUV,land_rover,defender,130 V8 P500,3,126140.33333333333
2025-10-01,Mid Luxury SUV,land_rover,defender,90 P300 S,59,67311.31578947368
2025-10-01,Mid Luxury SUV,land_rover,defender,90 P400 X-Dynamic SE,94,78864.85106382979
2025-10-01,Mid Luxury SUV,land_rover,defender,90 P525 V8,24,116229.95833333333
2025-10-01,Mid Luxury SUV,land_rover,defender,90 V8,8,116643.125
2025-10-01,Mid Luxury SUV,land_rover,defender,90 V8 Carpathian Edition,5,111631.6
2025-10-01,Mid Luxury SUV,land_rover,defender,90 X-Dynamic SE,1,70465.0
2025-10-01,Mid Luxury SUV,land_rover,defender,P400 Sedona Red Edition,5,85953.2
2025-10-01,Mid Luxury SUV,land_rover,defender,P635 OCTA,34,162560.64705882352
2025-10-01,Mid Luxury SUV,land_rover,defender,P635 OCTA Edition One,30,172218.06666666668
2025-10-01,Mid Luxury SUV,land_rover,defender,S,47,78206.8085106383
2025-10-01,Mid Luxury SUV,land_rover,discovery,Gemini Edition,46,80220.58695652174
2025-10-01,Mid Luxury SUV,land_rover,discovery,P300 Dynamic SE,212,72502.64150943396
2025-10-01,Mid Luxury SUV,land_rover,discovery,P300 S,261,67720.41379310345
2025-10-01,Mid Luxury SUV,land_rover,discovery,P360 Dynamic SE,377,79155.4920212766
2025-10-01,Mid Luxury SUV,land_rover,discovery,P360 HSE R-Dynamic,1,67486.0
2025-10-01,Mid Luxury SUV,land_rover,discovery,P360 Metropolitan,90,84965.85555555555
2025-10-01,Mid Luxury SUV,land_rover,discovery,P360 Metropolitan Edition,1,69826.0
2025-10-01,Mid Luxury SUV,land_rover,discovery,Tempest Edition,8,87374.625
2025-10-01,Mid Luxury SUV,land_rover,range_rover_velar,Autobiography,29,87453.1724137931
2025-10-01,Mid Luxury SUV,land_rover,range_rover_velar,Dynamic SE,682,75229.16568914957
2025-10-01,Mid Luxury SUV,land_rover,range_rover_velar,P250 Dynamic SE,362,72622.48618784531
2025-10-01,Mid Luxury SUV,land_rover,range_rover_velar,P250 S,193,67675.38341968913
2025-10-01,Mid Luxury SUV,land_rover,range_rover_velar,P400 Autobiography,9,87718.66666666667
2025-10-01,Mid Luxury SUV,land_rover,range_rover_velar,P400 Dynamic HSE,20,85527.85
2025-10-01,Mid Luxury SUV,land_rover,range_rover_velar,P400 Dynamic SE,153,79228.8366013072
2025-10-01,Mid Luxury SUV,land_rover,range_rover_velar,S,275,68242.99636363637
2025-10-01,Mid Luxury SUV,lexus,gx_series,Luxury,1,81844.0
2025-10-01,Mid Luxury SUV,lexus,gx_series,Luxury+,370,86164.92702702702
2025-10-01,Mid Luxury SUV,lexus,gx_series,Overtrail,68,77264.41176470589
2025-10-01,Mid Luxury SUV,lexus,gx_series,Overtrail+,91,85166.78021978022
2025-10-01,Mid Luxury SUV,lexus,gx_series,Premium,5,69453.0
2025-10-01,Mid Luxury SUV,lexus,gx_series,Premium+,409,74130.9315403423
2025-10-01,Mid Luxury SUV,lexus,rx_series,Base,32,53814.0625
2025-10-01,Mid Luxury SUV,lexus,rx_series,F SPORT Design,226,61218.80991150443
2025-10-01,Mid Luxury SUV,lexus,rx_series,F SPORT Handling,37,66194.75675675676
2025-10-01,Mid Luxury SUV,lexus,rx_series,F SPORT Performance,25,76813.44
2025-10-01,Mid Luxury SUV,lexus,rx_series,Luxury,798,70793.46822055137
2025-10-01,Mid Luxury SUV,lexus,rx_series,Premium,2152,57556.00075278811
2025-10-01,Mid Luxury SUV,lexus,rx_series,Premium+,1460,61334.01920547944
2025-10-01,Mid Luxury SUV,lexus,tx,Base,62,65139.16129032258
2025-10-01,Mid Luxury SUV,lexus,tx,F SPORT Handling,311,69857.86816720257
2025-10-01,Mid Luxury SUV,lexus,tx,F SPORT Performance Luxury,138,78040.73913043478
2025-10-01,Mid Luxury SUV,lexus,tx,F SPORT Performance Premium,835,74486.89700598802
2025-10-01,Mid Luxury SUV,lexus,tx,F SPORT Premium,14,74940.57142857143
2025-10-01,Mid Luxury SUV,lexus,tx,Luxury,856,72194.35648364486
2025-10-01,Mid Luxury SUV,lexus,tx,Premium,2374,65208.56360572873
2025-10-01,Mid Luxury SUV,lincoln,aviator,Black Label,668,90680.66017964072
2025-10-01,Mid Luxury SUV,lincoln,aviator,Black Label Grand Touring,1,78671.0
2025-10-01,Mid Luxury SUV,lincoln,aviator,Grand Touring,3,66260.0
2025-10-01,Mid Luxury SUV,lincoln,aviator,Livery,15,60305.0
2025-10-01,Mid Luxury SUV,lincoln,aviator,Premiere,2183,63986.95602382043
2025-10-01,Mid Luxury SUV,lincoln,aviator,Reserve,3843,74980.47228727557
2025-10-01,Mid Luxury SUV,lincoln,nautilus,Black Label,470,78201.4085106383
2025-10-01,Mid Luxury SUV,lincoln,nautilus,Premiere,3288,58122.59397810219
2025-10-01,Mid Luxury SUV,lincoln,nautilus,Reserve,3136,66551.42091836735
2025-10-01,Mid Luxury SUV,lincoln,nautilus,Standard,1,50970.0
2025-10-01,Mid Luxury SUV,mercedes_benz,benz_amg_gle,4MATIC+,674,102063.49054896142
2025-10-01,Mid Luxury SUV,mercedes_benz,benz_amg_gle,S 4MATIC+,142,143962.31690140846
2025-10-01,Mid Luxury SUV,mercedes_benz,gle_class,4MATIC,714,81815.55649859943
2025-10-01,Mid Luxury SUV,mercedes_benz,gle_class,AMG GLE 53,1552,100445.4175257732
2025-10-01,Mid Luxury SUV,mercedes_benz,gle_class,AMG GLE 63 S,651,141832.79723502306
2025-10-01,Mid Luxury SUV,mercedes_benz,gle_class,GLE 350,970,70503.6762886598
2025-10-01,Mid Luxury SUV,mercedes_benz,gle_class,GLE 350 4MATIC,3284,73236.42904993909
2025-10-01,Mid Luxury SUV,mercedes_benz,gle_class,GLE 450 4MATIC,4708,83188.94859813084
2025-10-01,Mid Luxury SUV,mercedes_benz,gle_class,GLE 450e 4MATIC,37,81484.16216216216
2025-10-01,Mid Luxury SUV,mercedes_benz,gle_class,GLE 580 4MATIC,376,99240.736
2025-10-01,Mid Luxury SUV,volvo,xc90,B5 Core,469,60376.98933901919
2025-10-01,Mid Luxury SUV,volvo,xc90,B5 Core Bright Theme,2,60705.0
2025-10-01,Mid Luxury SUV,volvo,xc90,B5 Plus,15,60102.5
2025-10-01,Mid Luxury SUV,volvo,xc90,B5 Plus 6-Seater,89,65672.78651685393
2025-10-01,Mid Luxury SUV,volvo,xc90,B5 Plus 7-Seater,611,65392.852700491
2025-10-01,Mid Luxury SUV,volvo,xc90,B5 Plus Bright Theme,2,63855.0
2025-10-01,Mid Luxury SUV,volvo,xc90,B5 Ultra,4,72371.0
2025-10-01,Mid Luxury SUV,volvo,xc90,B5 Ultra 6-Seater,40,71081.55
2025-10-01,Mid Luxury SUV,volvo,xc90,B5 Ultra 7-Seater,28,70602.32142857143
2025-10-01,Mid Luxury SUV,volvo,xc90,B6 Core,247,64168.81376518219
2025-10-01,Mid Luxury SUV,volvo,xc90,B6 Plus 6-Seater,357,70435.64705882352
2025-10-01,Mid Luxury SUV,volvo,xc90,B6 Plus 6P,28,65932.17857142857
2025-10-01,Mid Luxury SUV,volvo,xc90,B6 Plus 7-Seater,2753,69352.57065019978
2025-10-01,Mid Luxury SUV,volvo,xc90,B6 Plus 7P,158,63226.24840764331
2025-10-01,Mid Luxury SUV,volvo,xc90,B6 Plus Bright Theme 7P,3,62355.0
2025-10-01,Mid Luxury SUV,volvo,xc90,B6 Ultimate Bright Theme 6P,1,67258.0
2025-10-01,Mid Luxury SUV,volvo,xc90,B6 Ultimate Bright Theme 7P,12,71080.58333333333
2025-10-01,Mid Luxury SUV,volvo,xc90,B6 Ultra,128,72411.7578125
2025-10-01,Mid Luxury SUV,volvo,xc90,B6 Ultra 6-Seater,109,76046.50458715597
2025-10-01,Mid Luxury SUV,volvo,xc90,B6 Ultra 6P,16,71096.1875
2025-10-01,Mid Luxury SUV,volvo,xc90,B6 Ultra 7-Seater,911,73493.7069154775
2025-10-01,Mid Luxury SUV,volvo,xc90,B6 Ultra 7P,40,71884.425
2025-10-01,Mid Luxury SUV,volvo,xc90,B6 Ultra Dark Theme 6-Seater,198,76107.10606060606
2025-10-01,Mid Luxury SUV,volvo,xc90,B6 Ultra Dark Theme 7-Seater,562,75737.13523131673
2025-10-01,Mid Luxury SUV,volvo,xc90,"Core, B5 AWD Gas (mild hybrid), Gasoline, Bright",1,59855.0
2025-10-01,Mid Luxury SUV,volvo,xc90,"Plus, B5 AWD Gas (mild hybrid), Gasoline, Bright",1,63855.0
2025-10-01,Mid Luxury SUV,volvo,xc90,"Plus, B6 AWD Gas (mild hybrid), Gasoline, Bright",11,69637.54545454546
2025-10-01,Mid Luxury SUV,volvo,xc90,"Plus, T8 AWD, Electric/Gasoline, Bright, 7 Seats",1,80945.0
2025-10-01,Mid Luxury SUV,volvo,xc90,T8 Core,25,74116.44
2025-10-01,Mid Luxury SUV,volvo,xc90,T8 Core 7-Seater,66,71649.9696969697
2025-10-01,Mid Luxury SUV,volvo,xc90,T8 Plus 6-Seater,68,79564.42647058824
2025-10-01,Mid Luxury SUV,volvo,xc90,T8 Plus 6P,27,75098.85185185185
2025-10-01,Mid Luxury SUV,volvo,xc90,T8 Plus 7-Seater,587,77215.1465076661
2025-10-01,Mid Luxury SUV,volvo,xc90,T8 Plus 7P,17,72909.94117647059
2025-10-01,Mid Luxury SUV,volvo,xc90,T8 Plus Bright Theme 7P,5,70442.0
2025-10-01,Mid Luxury SUV,volvo,xc90,T8 Ultra 6-Seater,17,84763.5294117647
2025-10-01,Mid Luxury SUV,volvo,xc90,T8 Ultra 6P,19,79898.68421052632
2025-10-01,Mid Luxury SUV,volvo,xc90,T8 Ultra 7-Seater,219,81653.31506849315
2025-10-01,Mid Luxury SUV,volvo,xc90,T8 Ultra 7P,29,78152.62068965517
2025-10-01,Mid Luxury SUV,volvo,xc90,T8 Ultra Dark Theme 6-Seater,7,84765.71428571429
2025-10-01,Mid Luxury SUV,volvo,xc90,T8 Ultra Dark Theme 7-Seater,43,85716.41860465116
2025-10-01,Mid Luxury SUV,volvo,xc90,"Ultra Dark Theme, B6 AWD Gas (mild hybrid), Gaso",1,72575.0
2025-10-01,Mid Luxury SUV,volvo,xc90,"Ultra, T8 AWD, Electric/Gasoline, Bright, 7 Seat",1,82625.0
2025-10-01,Near Luxury Car,acura,tlx,Base,2,41245.0
2025-10-01,Near Luxury Car,acura,tlx,SH-AWD Type S,26,60033.92307692308
2025-10-01,Near Luxury Car,acura,tlx,SH-AWD w/A-SPEC,1686,51439.70047449585
2025-10-01,Near Luxury Car,acura,tlx,SH-AWD w/Advance,1,51250.0
2025-10-01,Near Luxury Car,acura,tlx,w/A-SPEC,3,47995.0
2025-10-01,Near Luxury Car,acura,tlx,w/Tech,884,46482.805209513026
2025-10-01,Near Luxury Car,alfa_romeo,giulia,Base,166,51574.25903614458
2025-10-01,Near Luxury Car,alfa_romeo,giulia,Quadrifoglio,18,84567.88888888889
2025-10-01,Near Luxury Car,alfa_romeo,giulia,Quadrifoglio Carbon,1,82898.0
2025-10-01,Near Luxury Car,alfa_romeo,giulia,Special Edition AWD,4,53380.25
2025-10-01,Near Luxury Car,alfa_romeo,giulia,Sprint,142,49138.2323943662
2025-10-01,Near Luxury Car,alfa_romeo,giulia,Ti,13,46799.46153846154
2025-10-01,Near Luxury Car,alfa_romeo,giulia,Veloce,5,49250.0
2025-10-01,Near Luxury Car,audi,a4_s4,quattro S line Prem Plus 45 TFSI,2,53175.0
2025-10-01,Near Luxury Car,audi,a5,Premium,269,52779.81412639405
2025-10-01,Near Luxury Car,audi,a5,Premium Plus,2306,55951.3395490026
2025-10-01,Near Luxury Car,audi,a5,Premium Plus TFSI quattro S tronic,723,55987.66804979253
2025-10-01,Near Luxury Car,audi,a5,Premium TFSI quattro S tronic,873,53015.445589919815
2025-10-01,Near Luxury Car,audi,a5,Prestige,125,57743.496
2025-10-01,Near Luxury Car,audi,a5,Prestige TFSI quattro S tronic,339,58045.4395280236
2025-10-01,Near Luxury Car,audi,a5,quattro Premium Plus 45 TFSI,2,64585.0
2025-10-01,Near Luxury Car,audi,a5,quattro Prestige 45 TFSI,1,68345.0
2025-10-01,Near Luxury Car,audi,a5,quattro S line Prem Plus 45 TFSI,30,57548.9
2025-10-01,Near Luxury Car,audi,a5,quattro S line Premium 45 TFSI,36,51811.694444444445
2025-10-01,Near Luxury Car,audi,a5_s5_rs_5,2.9T quattro,4,87383.0
2025-10-01,Near Luxury Car,audi,s5,3.0 TFSI quattro Progressiv,3,62027.666666666664
2025-10-01,Near Luxury Car,audi,s5,3.0T quattro Premium Plus,22,70521.35636363635
2025-10-01,Near Luxury Car,audi,s5,3.0T quattro Prestige,3,74159.0
2025-10-01,Near Luxury Car,audi,s5,Premium,13,65399.153846153844
2025-10-01,Near Luxury Car,audi,s5,Premium Plus,87,71107.14942528735
2025-10-01,Near Luxury Car,audi,s5,Premium Plus TFSI quattro S tronic,283,71421.96466431096
2025-10-01,Near Luxury Car,audi,s5,Prestige,62,75411.6129032258
2025-10-01,Near Luxury Car,audi,s5,Prestige TFSI quattro S tronic,131,76431.15267175573
2025-10-01,Near Luxury Car,bmw,3_series,330e xDrive,1,57740.0
2025-10-01,Near Luxury Car,bmw,3_series,330i,643,52367.53188180405
2025-10-01,Near Luxury Car,bmw,3_series,330i NA,598,54179.24414715719
2025-10-01,Near Luxury Car,bmw,3_series,330i NA xDrive,308,56536.14332247557
2025-10-01,Near Luxury Car,bmw,3_series,330i xDrive,809,53589.18170580964
2025-10-01,Near Luxury Car,bmw,3_series,M340i,28,66433.89285714286
2025-10-01,Near Luxury Car,bmw,3_series,M340i NA,100,68390.7
2025-10-01,Near Luxury Car,bmw,3_series,M340i NA xDrive,114,70871.18421052632
2025-10-01,Near Luxury Car,bmw,3_series,M340i xDrive,39,69299.97435897436
2025-10-01,Near Luxury Car,bmw,3_series,NA,69,54397.50724637681
2025-10-01,Near Luxury Car,bmw,3_series,xDrive,120,53755.13333333333
2025-10-01,Near Luxury Car,bmw,3_series,xDrive NA,103,56481.970873786406
2025-10-01,Near Luxury Car,bmw,4_series,430i,541,62452.262698706094
2025-10-01,Near Luxury Car,bmw,4_series,430i Gran Coupe,8,56514.25
2025-10-01,Near Luxury Car,bmw,4_series,430i xDrive,404,65388.65311881188
2025-10-01,Near Luxury Car,bmw,4_series,430i xDrive Gran Coupe,12,56850.833333333336
2025-10-01,Near Luxury Car,bmw,4_series,M440i,150,73632.04133333334
2025-10-01,Near Luxury Car,bmw,4_series,M440i Gran Coupe,1,68895.0
2025-10-01,Near Luxury Car,bmw,4_series,M440i xDrive,203,78191.75187192118
2025-10-01,Near Luxury Car,bmw,4_series,M440i xDrive Gran Coupe,1,73790.0
2025-10-01,Near Luxury Car,bmw,4_series,xDrive,74,66521.77027027027
2025-10-01,Near Luxury Car,bmw,4_series_gran_coupe,xDrive,29,66812.5048275862
2025-10-01,Near Luxury Car,bmw,m3,Base,3,88872.33333333333
2025-10-01,Near Luxury Car,bmw,m3,Base (M6),25,88957.16666666667
2025-10-01,Near Luxury Car,bmw,m3,Competition,28,92249.46428571429
2025-10-01,Near Luxury Car,bmw,m3,Competition xDrive,147,99661.34013605442
2025-10-01,Near Luxury Car,bmw,m3,xDrive NA,6,70459.0
2025-10-01,Near Luxury Car,bmw,m4,Base,40,90178.51282051283
2025-10-01,Near Luxury Car,bmw,m4,Competition,243,102256.38016528926
2025-10-01,Near Luxury Car,bmw,m4,Competition xDrive,175,101521.37142857142
2025-10-01,Near Luxury Car,cadillac,ct5,Base,11,65825.81818181818
2025-10-01,Near Luxury Car,cadillac,ct5,Blackwing,17,124162.4705882353
2025-10-01,Near Luxury Car,cadillac,ct5,Premium Luxury,423,52523.47990543735
2025-10-01,Near Luxury Car,cadillac,ct5,Premium Luxury RWD,888,55272.30855855856
2025-10-01,Near Luxury Car,cadillac,ct5,Sport,275,53870.90181818182
2025-10-01,Near Luxury Car,cadillac,ct5,Sport RWD,579,56435.05526770293
2025-10-01,Near Luxury Car,cadillac,ct5,V-Series Blackwing RWD,95,118006.4
2025-10-01,Near Luxury Car,cadillac,ct5,V-Series RWD,536,66542.63432835821
2025-10-01,Near Luxury Car,genesis,g70,2.0T Prestige,2,47530.0
2025-10-01,Near Luxury Car,genesis,g70,2.5T,23,45096.565217391304
2025-10-01,Near Luxury Car,genesis,g70,2.5T AWD,196,47282.836734693876
2025-10-01,Near Luxury Car,genesis,g70,2.5T AWD Prestige,1,52190.0
2025-10-01,Near Luxury Car,genesis,g70,2.5T Prestige,28,47206.75
2025-10-01,Near Luxury Car,genesis,g70,2.5T RWD,269,45227.95167286245
2025-10-01,Near Luxury Car,genesis,g70,2.5T RWD Prestige,521,50203.53742802303
2025-10-01,Near Luxury Car,genesis,g70,2.5T Standard,204,45030.85784313725
2025-10-01,Near Luxury Car,genesis,g70,3.3T AWD Sport Prestige,779,53956.45186136072
2025-10-01,Near Luxury Car,genesis,g70,3.3T RWD Sport Prestige,278,55510.74100719424
2025-10-01,Near Luxury Car,genesis,g70,3.3T Sport,1,58445.0
2025-10-01,Near Luxury Car,genesis,g70,3.3T Sport Advanced,182,54618.5989010989
2025-10-01,Near Luxury Car,genesis,g70,3.3T Standard,3,54587.0
2025-10-01,Near Luxury Car,infiniti,q50,Luxe,3,45585.0
2025-10-01,Near Luxury Car,infiniti,q50,Red Sport 400,6,57333.333333333336
2025-10-01,Near Luxury Car,infiniti,q50,Sensory,5,53821.0
2025-10-01,Near Luxury Car,lexus,es_series,Base,2431,49662.03065816537
2025-10-01,Near Luxury Car,lexus,es_series,F SPORT 2,2,49561.5
2025-10-01,Near Luxury Car,lexus,es_series,F SPORT Design,61,50727.62295081967
2025-10-01,Near Luxury Car,lexus,es_series,F SPORT Handling,34,54879.221176470586
2025-10-01,Near Luxury Car,lexus,es_series,Luxury,407,54395.813488943495
2025-10-01,Near Luxury Car,lexus,es_series,Ultra Luxury,250,56078.91416
2025-10-01,Near Luxury Car,lexus,is_series,Base,76,48093.67105263158
2025-10-01,Near Luxury Car,lexus,is_series,F SPORT,673,53262.22251114413
2025-10-01,Near Luxury Car,lexus,is_series,F SPORT Design,258,47334.501124031005
2025-10-01,Near Luxury Car,lexus,is_series,F SPORT Performance,5,68499.8
2025-10-01,Near Luxury Car,lexus,rc_series,F SPORT,32,61275.46875
2025-10-01,Near Luxury Car,lexus,rc_series,Final Edition,9,95902.55555555556
2025-10-01,Near Luxury Car,mercedes_benz,c_class,AMG C 43,188,72300.06914893616
2025-10-01,Near Luxury Car,mercedes_benz,c_class,AMG C 63 S E Performance,126,97841.93650793651
2025-10-01,Near Luxury Car,mercedes_benz,c_class,C 300,2678,54424.710978342046
2025-10-01,Near Luxury Car,mercedes_benz,c_class,C 300 4MATIC,2034,56340.65634218289
2025-10-01,Near Luxury Car,volvo,s60_v60,B5 Core,2,45416.5
2025-10-01,Near Luxury Car,volvo,s60_v60,B5 Core Dark Theme,11,42399.1
2025-10-01,Near Luxury Car,volvo,s60_v60,B5 Plus,297,54549.65872053872
2025-10-01,Near Luxury Car,volvo,s60_v60,B5 Plus Black Edition,4,50433.25
2025-10-01,Near Luxury Car,volvo,s60_v60,B5 Plus Dark Theme,14,45344.57142857143
2025-10-01,Near Luxury Car,volvo,s60_v60,B5 Ultimate,2,60562.5
2025-10-01,Near Luxury Car,volvo,s60_v60,B5 Ultra,148,60044.83108108108
2025-10-01,Near Luxury Car,volvo,s60_v60,T8 Core Dark Theme,2,55035.0
2025-10-01,Near Luxury Car,volvo,s60_v60,T8 Plus Dark Theme,2,46473.0
2025-10-01,Near Luxury Car,volvo,s60_v60,T8 Polestar Engineered,1,72645.0
2025-10-01,Near Luxury EV SUV,audi,q4_e_tron,Premium,11,56165.545454545456
2025-10-01,Near Luxury EV SUV,audi,q4_e_tron,Premium 45 RWD,5,49649.6
2025-10-01,Near Luxury EV SUV,audi,q4_e_tron,Premium 45 quattro,13,56290.92307692308
2025-10-01,Near Luxury EV SUV,audi,q4_e_tron,Premium Plus,6,63341.833333333336
2025-10-01,Near Luxury EV SUV,audi,q4_e_tron,quattro Premium 55 TFSI,14,58045.28571428572
2025-10-01,Near Luxury EV SUV,audi,q4_e_tron,quattro Premium Plus 55,10,64926.5
2025-10-01,Near Luxury EV SUV,audi,q4_e_tron,quattro Premium Plus 55 TFSI,59,60893.372881355936
2025-10-01,Near Luxury EV SUV,audi,q4_e_tron,quattro Prestige 55 TFSI,17,63112.82352941176
2025-10-01,Near Luxury EV SUV,cadillac,optiq,Luxury,73,55946.46575342466
2025-10-01,Near Luxury EV SUV,cadillac,optiq,Luxury 1 AWD,321,55117.345794392524
2025-10-01,Near Luxury EV SUV,cadillac,optiq,Luxury 2 AWD,126,58222.59523809524
2025-10-01,Near Luxury EV SUV,cadillac,optiq,Premium Luxury,2,59914.5
2025-10-01,Near Luxury EV SUV,cadillac,optiq,Premium Sport,4,59724.5
2025-10-01,Near Luxury EV SUV,cadillac,optiq,Sport,92,57004.315217391304
2025-10-01,Near Luxury EV SUV,cadillac,optiq,Sport 1 AWD,457,55838.56455142232
2025-10-01,Near Luxury EV SUV,cadillac,optiq,Sport 2 AWD,281,59186.31672597865
2025-10-01,Near Luxury EV SUV,genesis,gv70_ev,Advanced,49,70008.42857142857
2025-10-01,Near Luxury EV SUV,genesis,gv70_ev,Advanced AWD,17,67541.11764705883
2025-10-01,Near Luxury EV SUV,genesis,gv70_ev,Base,37,70117.18918918919
2025-10-01,Near Luxury EV SUV,genesis,gv70_ev,Prestige,1,72369.0
2025-10-01,Near Luxury EV SUV,genesis,gv70_ev,Prestige AWD,2,73234.0
2025-10-01,Near Luxury EV SUV,genesis,gv70_ev,Standard,110,62621.84545454545
2025-10-01,Near Luxury EV SUV,lexus,rz_series,Luxury,2,54855.0
2025-10-01,Near Luxury EV SUV,lexus,rz_series,Premium,42,52611.51809523809
2025-10-01,Near Luxury EV SUV,mercedes_benz,eqb,EQB 250+,21,58956.52380952381
2025-10-01,Near Luxury EV SUV,mercedes_benz,eqb,EQB 300 4MATIC,70,63592.52857142857
2025-10-01,Near Luxury EV SUV,mercedes_benz,eqb,EQB 350 4MATIC,11,66961.45454545454
2025-10-01,Near Luxury EV SUV,porsche,macan_electric,4S,231,104425.81818181818
2025-10-01,Near Luxury SUV,acura,rdx,SH-AWD,1007,46358.314796425024
2025-10-01,Near Luxury SUV,acura,rdx,SH-AWD w/A-SPEC,891,52035.29854096521
2025-10-01,Near Luxury SUV,acura,rdx,SH-AWD w/Advance,588,54186.551020408166
2025-10-01,Near Luxury SUV,acura,rdx,SH-AWD w/Advance w/A-SPEC,435,56192.756944444445
2025-10-01,Near Luxury SUV,acura,rdx,SH-AWD w/Platinum Elite w/A-SPEC,46,56304.434782608696
2025-10-01,Near Luxury SUV,acura,rdx,SH-AWD w/Tech,1533,48960.72863666014
2025-10-01,Near Luxury SUV,acura,rdx,w/A-Spec Advance Package,30,56603.46666666667
2025-10-01,Near Luxury SUV,acura,rdx,w/A-Spec Package,23,52320.217391304344
2025-10-01,Near Luxury SUV,acura,rdx,w/Advance Package,31,54595.74193548387
2025-10-01,Near Luxury SUV,acura,rdx,w/Tech,10,45000.0
2025-10-01,Near Luxury SUV,acura,rdx,w/Technology Package,10,49571.1
2025-10-01,Near Luxury SUV,alfa_romeo,stelvio,AWD,9,54084.0
2025-10-01,Near Luxury SUV,alfa_romeo,stelvio,Base,40,55490.425
2025-10-01,Near Luxury SUV,alfa_romeo,stelvio,Competizione,1,56000.0
2025-10-01,Near Luxury SUV,alfa_romeo,stelvio,Quadrifoglio,39,88684.7435897436
2025-10-01,Near Luxury SUV,alfa_romeo,stelvio,Quadrifoglio Carbon,1,77185.0
2025-10-01,Near Luxury SUV,alfa_romeo,stelvio,Special Edition Tributo Italiano AWD,52,54899.96153846154
2025-10-01,Near Luxury SUV,alfa_romeo,stelvio,Sprint,353,53800.85269121813
2025-10-01,Near Luxury SUV,alfa_romeo,stelvio,Ti,4,47576.5
2025-10-01,Near Luxury SUV,alfa_romeo,stelvio,Veloce,3,46000.0
2025-10-01,Near Luxury SUV,audi,q5_sq5,Premium,470,56975.550321199145
2025-10-01,Near Luxury SUV,audi,q5_sq5,Premium Plus,2154,60670.67177344475
2025-10-01,Near Luxury SUV,audi,q5_sq5,Premium Plus 40 TFSI quattro S tronic,1,57330.0
2025-10-01,Near Luxury SUV,audi,q5_sq5,Premium Plus TFSI quattro S tronic,3329,60715.27545809552
2025-10-01,Near Luxury SUV,audi,q5_sq5,Premium TFSI quattro S tronic,1576,57267.81979695432
2025-10-01,Near Luxury SUV,audi,q5_sq5,Prestige,314,63675.81210191083
2025-10-01,Near Luxury SUV,audi,q5_sq5,Prestige TFSI quattro S tronic,571,63822.618213660244
2025-10-01,Near Luxury SUV,audi,q5_sq5,e quattro S line Prem Pl 55 TFSI,59,67996.83050847458
2025-10-01,Near Luxury SUV,audi,q5_sq5,e quattro S line Premium 55 TFSI,4,62828.75
2025-10-01,Near Luxury SUV,audi,q5_sq5,e quattro S line Prestg 55 TFSI,3,73581.66666666667
2025-10-01,Near Luxury SUV,audi,q5_sq5,quattro Premium 40 TFSI,22,49555.90909090909
2025-10-01,Near Luxury SUV,audi,q5_sq5,quattro Premium Plus 40 TFSI,8,53437.25
2025-10-01,Near Luxury SUV,audi,q5_sq5,quattro S line Prem Plus 45 TFSI,191,58622.43979057592
2025-10-01,Near Luxury SUV,audi,q5_sq5,quattro S line Premium 45 TFSI,70,53060.15714285714
2025-10-01,Near Luxury SUV,audi,q5_sq5,quattro S line Prestige 45 TFSI,5,62336.8
2025-10-01,Near Luxury SUV,audi,sq5,3.0 TFSI quattro Technik,5,76449.8
2025-10-01,Near Luxury SUV,audi,sq5,3.0T quattro Premium Plus,62,70090.58064516129
2025-10-01,Near Luxury SUV,audi,sq5,3.0T quattro Prestige,3,75042.33333333333
2025-10-01,Near Luxury SUV,audi,sq5,Premium,4,68176.0
2025-10-01,Near Luxury SUV,audi,sq5,Premium Plus,77,74422.2987012987
2025-10-01,Near Luxury SUV,audi,sq5,Premium Plus TFSI quattro S tronic,116,73714.7672413793
2025-10-01,Near Luxury SUV,audi,sq5,Prestige,34,76073.73529411765
2025-10-01,Near Luxury SUV,audi,sq5,Prestige TFSI quattro S tronic,16,75395.0625
2025-10-01,Near Luxury SUV,bmw,x3,30 xDrive,11813,58044.8746296453
2025-10-01,Near Luxury SUV,bmw,x3,M40i,1,69195.0
2025-10-01,Near Luxury SUV,bmw,x3,M50 xDrive,1287,73554.81662781663
2025-10-01,Near Luxury SUV,bmw,x3,sDrive30i,17,51301.705882352944
2025-10-01,Near Luxury SUV,bmw,x3,xDrive30i,8,54957.625
2025-10-01,Near Luxury SUV,bmw,x4,Base,57,93370.54385964913
2025-10-01,Near Luxury SUV,bmw,x4,M40i,80,74674.5375
2025-10-01,Near Luxury SUV,bmw,x4,xDrive30i,294,63644.32653061225
2025-10-01,Near Luxury SUV,cadillac,xt4,Luxury,4,42507.25
2025-10-01,Near Luxury SUV,cadillac,xt4,Premium Luxury,282,45390.57092198582
2025-10-01,Near Luxury SUV,cadillac,xt4,Sport,82,47731.743902439026
2025-10-01,Near Luxury SUV,genesis,gv70,2.5T,855,50855.74736842105
2025-10-01,Near Luxury SUV,genesis,gv70,2.5T Advanced,1723,58587.22576900754
2025-10-01,Near Luxury SUV,genesis,gv70,2.5T Advanced Plus,3,50917.0
2025-10-01,Near Luxury SUV,genesis,gv70,2.5T Prestige,7,54988.142857142855
2025-10-01,Near Luxury SUV,genesis,gv70,2.5T Select,1197,53945.39598997494
2025-10-01,Near Luxury SUV,genesis,gv70,2.5T Sport Prestige,700,62150.13428571429
2025-10-01,Near Luxury SUV,genesis,gv70,2.5T Standard,145,52404.104166666664
2025-10-01,Near Luxury SUV,genesis,gv70,3.5T Sport,230,62998.57391304348
2025-10-01,Near Luxury SUV,genesis,gv70,3.5T Sport Advanced,432,66542.6574074074
2025-10-01,Near Luxury SUV,genesis,gv70,3.5T Sport Prestige,1849,73043.87614926987
2025-10-01,Near Luxury SUV,infiniti,qx50,Autograph,1,47888.0
2025-10-01,Near Luxury SUV,infiniti,qx50,Luxe,395,44344.39240506329
2025-10-01,Near Luxury SUV,infiniti,qx50,Pure,52,39496.88461538462
2025-10-01,Near Luxury SUV,infiniti,qx50,Sport,235,47912.391489361704
2025-10-01,Near Luxury SUV,infiniti,qx55,Essential,87,52286.49425287356
2025-10-01,Near Luxury SUV,infiniti,qx55,Luxe,230,47935.58260869565
2025-10-01,Near Luxury SUV,infiniti,qx55,Sensory,63,55595.36507936508
2025-10-01,Near Luxury SUV,jaguar,e_pace,P250 R-Dynamic SE,93,53750.44086021505
2025-10-01,Near Luxury SUV,land_rover,discovery_sport,P250 Dynamic SE,186,58572.0376344086
2025-10-01,Near Luxury SUV,land_rover,discovery_sport,P250 S,435,53557.60368663594
2025-10-01,Near Luxury SUV,land_rover,discovery_sport,P250 S R-Dynamic,1,56770.0
2025-10-01,Near Luxury SUV,land_rover,discovery_sport,P250 SE,1,51995.0
2025-10-01,Near Luxury SUV,land_rover,range_rover_evoque,P250 Dynamic SE,282,62134.04964539007
2025-10-01,Near Luxury SUV,land_rover,range_rover_evoque,P250 S,640,55936.846875
2025-10-01,Near Luxury SUV,lexus,nx_series,Base,1289,50762.79354863814
2025-10-01,Near Luxury SUV,lexus,nx_series,F SPORT Handling,318,58190.35672955975
2025-10-01,Near Luxury SUV,lexus,nx_series,Luxury,561,58205.20745098038
2025-10-01,Near Luxury SUV,lexus,nx_series,Premium,2002,52646.603341658345
2025-10-01,Near Luxury SUV,maserati,grecale,Base,26,85530.73076923077
2025-10-01,Near Luxury SUV,maserati,grecale,Folgore,32,107911.875
2025-10-01,Near Luxury SUV,maserati,grecale,GT,97,72336.13402061856
2025-10-01,Near Luxury SUV,maserati,grecale,Modena,276,87187.51449275362
2025-10-01,Near Luxury SUV,maserati,grecale,Trofeo,41,120390.56097560975
2025-10-01,Near Luxury SUV,mercedes_benz,benz_amg_glc,4MATIC,937,89243.93517609392
2025-10-01,Near Luxury SUV,mercedes_benz,glb,AMG GLB 35,239,64547.49790794979
2025-10-01,Near Luxury SUV,mercedes_benz,glb,GLB 250,1763,49579.60692002269
2025-10-01,Near Luxury SUV,mercedes_benz,glb,GLB 250 4MATIC,1172,51891.76535836177
2025-10-01,Near Luxury SUV,mercedes_benz,glc_class,4MATIC,1027,67881.91236611489
2025-10-01,Near Luxury SUV,mercedes_benz,glc_class,4MATIC SUV,208,57911.70531400966
2025-10-01,Near Luxury SUV,mercedes_benz,glc_class,AMG GLC 43,775,76788.25548387096
2025-10-01,Near Luxury SUV,mercedes_benz,glc_class,GLC 300,1749,57658.084708237984
2025-10-01,Near Luxury SUV,mercedes_benz,glc_class,GLC 300 4MATIC,3727,60997.067632850245
2025-10-01,Near Luxury SUV,mercedes_benz,glc_class,GLC 350e 4MATIC,100,67283.09
2025-10-01,Near Luxury SUV,porsche,macan,4 Electric,153,98377.45751633987
2025-10-01,Near Luxury SUV,porsche,macan,Base,2240,78985.75625
2025-10-01,Near Luxury SUV,porsche,macan,Electric,106,90806.88679245283
2025-10-01,Near Luxury SUV,porsche,macan,GTS,200,112586.03
2025-10-01,Near Luxury SUV,porsche,macan,S,502,95727.48406374503
2025-10-01,Near Luxury SUV,porsche,macan,T,175,82206.86781609195
2025-10-01,Near Luxury SUV,porsche,macan,Turbo Electric,156,130108.98076923077
2025-10-01,Near Luxury SUV,volvo,xc60,B5 Core,789,48866.45120405577
2025-10-01,Near Luxury SUV,volvo,xc60,B5 Plus,2923,55268.42353746151
2025-10-01,Near Luxury SUV,volvo,xc60,B5 Plus Dark Theme,6,49170.0
2025-10-01,Near Luxury SUV,volvo,xc60,B5 Ultra,1220,61470.79344262295
2025-10-01,Near Luxury SUV,volvo,xc60,B5 Ultra Black Edition,149,63560.30201342282
2025-10-01,Near Luxury SUV,volvo,xc60,Plus Dark Theme,645,56575.46511627907
2025-10-01,Near Luxury SUV,volvo,xc60,T8 Core,99,57917.09090909091
2025-10-01,Near Luxury SUV,volvo,xc60,T8 Plus,578,64321.876949740035
2025-10-01,Near Luxury SUV,volvo,xc60,T8 Polestar Engineered,57,80942.87719298246
2025-10-01,Near Luxury SUV,volvo,xc60,T8 Ultra,238,73160.39075630253
2025-10-01,Near Luxury SUV,volvo,xc60,T8 Ultra Black Edition,13,74016.76923076923
2025-10-01,Near Luxury SUV,volvo,xc60,Ultra Dark Theme,292,64108.38698630137
2025-10-01,Near Luxury SUV,volvo,xc60_recharge,T8 Core Dark Theme,2,56672.5
2025-10-01,Near Luxury SUV,volvo,xc60_recharge,T8 Plus Dark Theme,12,60503.0
2025-10-01,Near Luxury SUV,volvo,xc60_recharge,T8 Polestar Engineered,1,78725.0
2025-10-01,Near Luxury SUV,volvo,xc60_recharge,T8 Ultimate Black Edition,1,76795.0
2025-10-01,Near Luxury SUV,volvo,xc60_recharge,T8 Ultimate Bright Theme,1,70440.0
2025-10-01,Near Luxury SUV,volvo,xc60_recharge,T8 Ultimate Dark Theme,1,72675.0
2025-10-01,Premium Luxury Car,audi,a8_s8,4.0T quattro,151,134226.40397350994
2025-10-01,Premium Luxury Car,audi,a8_s8,55 TFSI quattro Tiptronic,4,102931.0
2025-10-01,Premium Luxury Car,audi,a8_s8,quattro 55 TFSI,224,96822.59375
2025-10-01,Premium Luxury Car,bentley,flying_spur,Black Edition,4,307194.0
2025-10-01,Premium Luxury Car,bentley,flying_spur,S V8,3,271873.0
2025-10-01,Premium Luxury Car,bentley,flying_spur,Speed,39,334359.92307692306
2025-10-01,Premium Luxury Car,bentley,flying_spur,Speed First Edition,49,333586.67346938775
2025-10-01,Premium Luxury Car,bmw,7_series,740i,426,108468.3661971831
2025-10-01,Premium Luxury Car,bmw,7_series,740i xDrive,245,109585.88571428572
2025-10-01,Premium Luxury Car,bmw,7_series,750e xDrive,460,119533.52643171806
2025-10-01,Premium Luxury Car,bmw,7_series,760i xDrive,754,134603.79893475366
2025-10-01,Premium Luxury Car,bmw,7_series,xDrive,35,122789.68571428572
2025-10-01,Premium Luxury Car,genesis,g90,3.5T,3,84283.66666666667
2025-10-01,Premium Luxury Car,genesis,g90,3.5T E-SC MHEV AWD,41,104829.31707317074
2025-10-01,Premium Luxury Car,genesis,g90,3.5T e-Supercharger,246,100288.75203252032
2025-10-01,Premium Luxury Car,genesis,g90,e-SC Prestige Black,90,108128.23333333334
2025-10-01,Premium Luxury Car,lexus,ls_series,Base,11,99442.4
2025-10-01,Premium Luxury Car,maserati,quattroporte,Modena,1,97310.0
2025-10-01,Premium Luxury Car,maserati,quattroporte,Modena Q4,8,109967.375
2025-10-01,Premium Luxury Car,maserati,quattroporte,Modena Ultima Q4,9,131756.875
2025-10-01,Premium Luxury Car,mercedes_benz,s_class,AMG S 63 E Performance,363,208998.79063360882
2025-10-01,Premium Luxury Car,mercedes_benz,s_class,Maybach S 680,1,270758.0
2025-10-01,Premium Luxury Car,mercedes_benz,s_class,Mercedes-Maybach S 580 4MATIC,27,227143.8148148148
2025-10-01,Premium Luxury Car,mercedes_benz,s_class,Mercedes-Maybach S 680 4MATIC,24,286711.9583333333
2025-10-01,Premium Luxury Car,mercedes_benz,s_class,S 500 4MATIC,225,130446.99111111111
2025-10-01,Premium Luxury Car,mercedes_benz,s_class,S 580 4MATIC,1263,144166.7331749802
2025-10-01,Premium Luxury Car,mercedes_benz,s_class,S 580e 4MATIC,106,139372.9716981132
2025-10-01,Premium Luxury Car,porsche,panamera,4,523,134884.48565965582
2025-10-01,Premium Luxury Car,porsche,panamera,4 E-Hybrid,51,148992.6862745098
2025-10-01,Premium Luxury Car,porsche,panamera,4S,8,156714.25
2025-10-01,Premium Luxury Car,porsche,panamera,4S E-Hybrid,3,163404.0
2025-10-01,Premium Luxury Car,porsche,panamera,Base,117,132162.5128205128
2025-10-01,Premium Luxury Car,porsche,panamera,GTS,30,187035.33333333334
2025-10-01,Premium Luxury Car,porsche,panamera,Turbo,9,235791.55555555556
2025-10-01,Premium Luxury Car,porsche,panamera,Turbo E-Hybrid,9,235293.55555555556
2025-10-01,Premium Luxury Car,porsche,panamera,Turbo S,1,279265.0
2025-10-01,Premium Luxury Car,porsche,panamera,Turbo S E-Hybrid,1,273871.0
2025-10-01,Premium Luxury Car,rolls_royce,ghost,Base,3,438291.0
2025-10-01,Premium Luxury Car,rolls_royce,ghost,Black Badge,6,514411.0
2025-11-01,Entry Luxury EV SUV,genesis,gv60,"19""""",26,55270.53846153846
2025-11-01,Entry Luxury EV SUV,genesis,gv60,Advanced,10,58786.9
2025-11-01,Entry Luxury EV SUV,genesis,gv60,"Advanced 20""""",5,58361.2
2025-11-01,Entry Luxury EV SUV,genesis,gv60,Performance,19,67440.57894736843
2025-11-01,Entry Luxury EV SUV,genesis,gv60,Standard,53,54064.24528301887
2025-11-01,Entry Luxury EV SUV,volvo,c40_recharge,Core,1,57385.0
2025-11-01,Entry Luxury EV SUV,volvo,c40_recharge,Twin Core,1,58140.0
2025-11-01,Entry Luxury EV SUV,volvo,c40_recharge,Twin Plus,5,44782.0
2025-11-01,Entry Luxury EV SUV,volvo,c40_recharge,Twin Ultimate,1,62920.0
2025-11-01,Entry Luxury EV SUV,volvo,c40_recharge,Ultimate,1,60590.0
2025-11-01,Entry Luxury EV SUV,volvo,ex30,Cross Country Ultra,32,50066.65625
2025-11-01,Entry Luxury EV SUV,volvo,ex30,"Cross Country Ultra, Twin Motor Performance, Ful",3,52177.666666666664
2025-11-01,Entry Luxury EV SUV,volvo,ex30,Twin Motor Plus,168,46006.21428571428
2025-11-01,Entry Luxury EV SUV,volvo,ex30,Twin Motor Ultra,83,47558.072289156626
2025-11-01,Entry Luxury EV SUV,volvo,ex30,Ultra,55,48472.03636363636
2025-11-01,Entry Luxury EV SUV,volvo,ex30,"Ultra Twin Motor Performance, Fully electric",11,48470.36363636364
2025-11-01,Entry Luxury EV SUV,volvo,ex40,Single Motor Extended Range Core,7,52355.0
2025-11-01,Entry Luxury EV SUV,volvo,ex40,Single Motor Extended Range Plus,30,58659.566666666666
2025-11-01,Entry Luxury EV SUV,volvo,ex40,Twin Motor Core,17,55044.8125
2025-11-01,Entry Luxury EV SUV,volvo,ex40,Twin Motor Plus,15,60397.2
2025-11-01,Entry Luxury EV SUV,volvo,ex40,Twin Motor Ultra Black Edition,1,62695.0
2025-11-01,Mid Luxury Car,audi,a6_e_tron,Premium,31,67433.12903225806
2025-11-01,Mid Luxury Car,audi,a6_e_tron,Premium Plus,73,67004.79452054795
2025-11-01,Mid Luxury Car,audi,a6_e_tron,Prestige,27,73460.11538461539
2025-11-01,Mid Luxury Car,audi,a6_s6,2.9T quattro Premium,1,78285.0
2025-11-01,Mid Luxury Car,audi,a6_s6,2.9T quattro Premium Plus,15,83253.93333333333
2025-11-01,Mid Luxury Car,audi,a6_s6,2.9T quattro Prestige,7,89923.0
2025-11-01,Mid Luxury Car,audi,a6_s6,4.0T quattro Avant performance,45,145832.88888888888
2025-11-01,Mid Luxury Car,audi,a6_s6,Premium 55 TFSI quattro S tronic,8,81382.375
2025-11-01,Mid Luxury Car,audi,a6_s6,Premium Plus,13,76987.30769230769
2025-11-01,Mid Luxury Car,audi,a6_s6,Premium Plus quattro S tronic,263,72345.84410646388
2025-11-01,Mid Luxury Car,audi,a6_s6,Prestige,1,81340.0
2025-11-01,Mid Luxury Car,audi,a6_s6,Prestige TFSI quattro Tiptronic,16,94057.5
2025-11-01,Mid Luxury Car,audi,a6_s6,Prestige quattro S tronic,18,74795.16666666667
2025-11-01,Mid Luxury Car,audi,a6_s6,performance,12,147203.25
2025-11-01,Mid Luxury Car,audi,a6_s6,performance TFSI quattro Tiptronic,3,218416.66666666666
2025-11-01,Mid Luxury Car,audi,a6_s6,quattro Premium 45 TFSI,30,55491.5
2025-11-01,Mid Luxury Car,audi,a6_s6,quattro Premium 55 TFSI,27,62530.444444444445
2025-11-01,Mid Luxury Car,audi,a6_s6,quattro Premium Plus 45 TFSI,116,59789.137931034486
2025-11-01,Mid Luxury Car,audi,a6_s6,quattro Premium Plus 55 TFSI,212,72992.07127358491
2025-11-01,Mid Luxury Car,audi,a6_s6,quattro Prestige 55 TFSI,89,76549.27483146067
2025-11-01,Mid Luxury Car,audi,a6_s6,quattro tiptronic,261,150653.60536398468
2025-11-01,Mid Luxury Car,audi,a7_s7,2.9T quattro Premium Plus,5,93576.2
2025-11-01,Mid Luxury Car,audi,a7_s7,2.9T quattro Prestige,11,106649.0
2025-11-01,Mid Luxury Car,audi,a7_s7,quattro Premium 55 TFSI,7,75431.28571428571
2025-11-01,Mid Luxury Car,audi,a7_s7,quattro Premium Plus 55 TFSI,24,78154.04166666667
2025-11-01,Mid Luxury Car,audi,a7_s7,quattro Prestige 55 TFSI,15,87352.66666666667
2025-11-01,Mid Luxury Car,audi,a7_s7_rs_7,4.0T quattro performance,105,146857.74285714285
2025-11-01,Mid Luxury Car,audi,a7_s7_rs_7,performance,2,143620.0
2025-11-01,Mid Luxury Car,audi,a7_s7_rs_7,quattro tiptronic,186,150884.60215053763
2025-11-01,Mid Luxury Car,bmw,5_series,530i,811,68079.65474722565
2025-11-01,Mid Luxury Car,bmw,5_series,530i xDrive,591,69599.32656514383
2025-11-01,Mid Luxury Car,bmw,5_series,540i xDrive,172,79374.56395348837
2025-11-01,Mid Luxury Car,bmw,5_series,550e xDrive,383,85024.59791122716
2025-11-01,Mid Luxury Car,bmw,5_series,xDrive,206,75291.68291262137
2025-11-01,Mid Luxury Car,bmw,m5,Base,439,132930.75398633257
2025-11-01,Mid Luxury Car,bmw,m5,Base (A8),95,136205.52631578947
2025-11-01,Mid Luxury Car,bmw,m5,Touring,3,131667.0
2025-11-01,Mid Luxury Car,genesis,g80,2.5T,215,63241.77674418605
2025-11-01,Mid Luxury Car,genesis,g80,2.5T Advanced,179,65215.91061452514
2025-11-01,Mid Luxury Car,genesis,g80,2.5T Sport Prestige,134,72262.79104477612
2025-11-01,Mid Luxury Car,genesis,g80,3.5T Prestige Black,201,81652.82587064676
2025-11-01,Mid Luxury Car,genesis,g80,3.5T Sport,148,73022.33108108108
2025-11-01,Mid Luxury Car,genesis,g80,3.5T Sport Advanced,51,68120.72549019608
2025-11-01,Mid Luxury Car,genesis,g80,3.5T Sport Prestige,200,80626.085
2025-11-01,Mid Luxury Car,genesis,g80,Advanced,11,66138.54545454546
2025-11-01,Mid Luxury Car,genesis,g80,Base,3,60057.666666666664
2025-11-01,Mid Luxury Car,jaguar,xf,P250 R-Dynamic SE,11,53608.181818181816
2025-11-01,Mid Luxury Car,jaguar,xf,P300 R-Dynamic SE,98,57096.102040816324
2025-11-01,Mid Luxury Car,maserati,ghibli,334 Ultima,2,130185.5
2025-11-01,Mid Luxury Car,maserati,ghibli,Modena Q4,18,91977.77777777778
2025-11-01,Mid Luxury Car,maserati,ghibli,Modena Ultima Q4,22,102238.09090909091
2025-11-01,Mid Luxury Car,maserati,ghibli,Trofeo,1,130000.0
2025-11-01,Mid Luxury Car,mercedes_benz,cle,AMG CLE 53,906,92389.2113686534
2025-11-01,Mid Luxury Car,mercedes_benz,cle,CLE 300 4MATIC,1485,71563.89003367005
2025-11-01,Mid Luxury Car,mercedes_benz,cle,CLE 450 4MATIC,26,75237.96153846153
2025-11-01,Mid Luxury Car,mercedes_benz,e_class,AMG E 53,433,108617.34357967669
2025-11-01,Mid Luxury Car,mercedes_benz,e_class,E 350,1323,72547.44368858654
2025-11-01,Mid Luxury Car,mercedes_benz,e_class,E 350 4MATIC,940,75288.43936170213
2025-11-01,Mid Luxury Car,mercedes_benz,e_class,E 450 4MATIC,146,83237.78767123287
2025-11-01,Mid Luxury Car,mercedes_benz,e_class,E 450 4MATIC All-Terrain,244,85976.59670781893
2025-11-01,Mid Luxury Car,volvo,s90,B6 Plus,56,59375.19642857143
2025-11-01,Mid Luxury Car,volvo,s90,B6 Ultimate,5,65900.2
2025-11-01,Mid Luxury Car,volvo,s90,B6 Ultra,3,65915.0
2025-11-01,Mid Luxury Car,volvo,s90,T8 Ultimate,7,66501.71428571429
2025-11-01,Mid Luxury Car,volvo,s90,T8 Ultra,2,66942.5
2025-11-01,Mid Luxury Car,volvo,v90,B6 Plus,11,62085.0
2025-11-01,Mid Luxury Car,volvo,v90,B6 Ultra,29,68750.10344827586
2025-11-01,Mid Luxury SUV,acura,mdx,Base,225,53339.794642857145
2025-11-01,Mid Luxury SUV,acura,mdx,SH-AWD,696,55656.11925287356
2025-11-01,Mid Luxury SUV,acura,mdx,SH-AWD Type S w/Advance Package,554,77629.3880866426
2025-11-01,Mid Luxury SUV,acura,mdx,SH-AWD w/A-SPEC,295,64137.537414965984
2025-11-01,Mid Luxury SUV,acura,mdx,SH-AWD w/Advance,67,68145.27272727272
2025-11-01,Mid Luxury SUV,acura,mdx,SH-AWD w/Platinum Elite w/A-Spec,67,70059.35820895522
2025-11-01,Mid Luxury SUV,acura,mdx,SH-AWD w/Tech,1492,60887.16219839142
2025-11-01,Mid Luxury SUV,acura,mdx,w/A-Spec Advance Package,1066,70635.8574108818
2025-11-01,Mid Luxury SUV,acura,mdx,w/A-Spec Package,1629,64127.27562922038
2025-11-01,Mid Luxury SUV,acura,mdx,w/Advance Package,23,67840.34782608696
2025-11-01,Mid Luxury SUV,acura,mdx,w/Tech,62,58227.91935483871
2025-11-01,Mid Luxury SUV,acura,mdx,w/Technology Package,1256,58906.354299363054
2025-11-01,Mid Luxury SUV,audi,q7,Premium,41,69482.58536585367
2025-11-01,Mid Luxury SUV,audi,q7,Prestige,10,84970.4
2025-11-01,Mid Luxury SUV,audi,q7,Prestige 55 TFSI quattro tiptronic,93,82627.02150537634
2025-11-01,Mid Luxury SUV,audi,q7,quattro Premium 45 TFSI,211,64918.9336492891
2025-11-01,Mid Luxury SUV,audi,q7,quattro Premium 55 TFSI,85,68396.90588235293
2025-11-01,Mid Luxury SUV,audi,q7,quattro Premium Plus 45 TFSI,281,68386.34163701067
2025-11-01,Mid Luxury SUV,audi,q7,quattro Premium Plus 55 TFSI,1876,71649.72014925373
2025-11-01,Mid Luxury SUV,audi,q7,quattro Prestige 55 TFSI,264,79791.95833333333
2025-11-01,Mid Luxury SUV,audi,q7_sq7,4.0T quattro Premium Plus,15,99320.0
2025-11-01,Mid Luxury SUV,audi,q7_sq7,4.0T quattro Prestige,48,111281.5625
2025-11-01,Mid Luxury SUV,audi,q7_sq7,Prestige,37,107053.32432432432
2025-11-01,Mid Luxury SUV,bmw,x5,Competition,324,142249.91049382716
2025-11-01,Mid Luxury SUV,bmw,x5,M60i,1294,104100.22952086553
2025-11-01,Mid Luxury SUV,bmw,x5,sDrive40i,2415,78042.31180124223
2025-11-01,Mid Luxury SUV,bmw,x5,xDrive40i,6470,80778.29211746523
2025-11-01,Mid Luxury SUV,bmw,x5,xDrive50e,2304,85149.10763888889
2025-11-01,Mid Luxury SUV,bmw,x5_xdrive45e,Competition,140,146412.52142857143
2025-11-01,Mid Luxury SUV,bmw,x6,M60i,447,108511.62416107382
2025-11-01,Mid Luxury SUV,bmw,x6,xDrive40i,1166,87698.6166380789
2025-11-01,Mid Luxury SUV,cadillac,xt5,Coachbuilder- Funeral Hearse,23,45407.0
2025-11-01,Mid Luxury SUV,cadillac,xt5,Luxury,625,45183.8464
2025-11-01,Mid Luxury SUV,cadillac,xt5,Luxury AWD,46,48011.34782608696
2025-11-01,Mid Luxury SUV,cadillac,xt5,Luxury FWD,68,46232.23529411765
2025-11-01,Mid Luxury SUV,cadillac,xt5,Premium Luxury,2816,54597.95241477273
2025-11-01,Mid Luxury SUV,cadillac,xt5,Premium Luxury AWD,375,59963.98933333333
2025-11-01,Mid Luxury SUV,cadillac,xt5,Premium Luxury FWD,155,57935.67741935484
2025-11-01,Mid Luxury SUV,cadillac,xt5,Sport,407,61521.388206388205
2025-11-01,Mid Luxury SUV,cadillac,xt5,Sport AWD,75,65559.72
2025-11-01,Mid Luxury SUV,cadillac,xt6,Luxury,782,48895.28516624041
2025-11-01,Mid Luxury SUV,cadillac,xt6,Premium Luxury,1655,59180.958308157096
2025-11-01,Mid Luxury SUV,cadillac,xt6,Sport,505,65655.57821782178
2025-11-01,Mid Luxury SUV,genesis,gv80,2.5T,16,60294.5625
2025-11-01,Mid Luxury SUV,genesis,gv80,2.5T AWD,67,62463.89552238806
2025-11-01,Mid Luxury SUV,genesis,gv80,2.5T Advanced,758,70562.10817941952
2025-11-01,Mid Luxury SUV,genesis,gv80,2.5T Prestige,750,75067.396
2025-11-01,Mid Luxury SUV,genesis,gv80,2.5T RWD,1,60825.0
2025-11-01,Mid Luxury SUV,genesis,gv80,2.5T Select,445,65735.65315315315
2025-11-01,Mid Luxury SUV,genesis,gv80,2.5T Standard,67,58906.41791044776
2025-11-01,Mid Luxury SUV,genesis,gv80,2.5T Standard AWD,86,59951.66279069767
2025-11-01,Mid Luxury SUV,genesis,gv80,3.5T,27,72013.44444444444
2025-11-01,Mid Luxury SUV,genesis,gv80,3.5T Advanced,633,77673.97788309636
2025-11-01,Mid Luxury SUV,genesis,gv80,3.5T Prestige,1,64810.0
2025-11-01,Mid Luxury SUV,genesis,gv80,3.5T Prestige Black AWD,675,85947.92888888888
2025-11-01,Mid Luxury SUV,genesis,gv80,3.5T Prestige Signature,2194,82969.3195077484
2025-11-01,Mid Luxury SUV,genesis,gv80_coupe,3.5T,45,84245.62222222223
2025-11-01,Mid Luxury SUV,genesis,gv80_coupe,3.5T E-SC,725,87861.4096551724
2025-11-01,Mid Luxury SUV,genesis,gv80_coupe,3.5T E-SC MHEV AWD,106,90141.31132075471
2025-11-01,Mid Luxury SUV,genesis,gv80_coupe,3.5T V6 AWD,11,78538.45454545454
2025-11-01,Mid Luxury SUV,genesis,gv80_coupe,3.5T e-SC,5,88422.0
2025-11-01,Mid Luxury SUV,genesis,gv80_coupe,3.5T e-SC Prestige Black,206,91998.6213592233
2025-11-01,Mid Luxury SUV,ineos,grenadier,1924 Limited Edition,533,87987.46153846153
2025-11-01,Mid Luxury SUV,ineos,grenadier,Base,197,82376.20304568528
2025-11-01,Mid Luxury SUV,ineos,grenadier,Fieldmaster,44,78265.47727272728
2025-11-01,Mid Luxury SUV,ineos,grenadier,Trialmaster,14,79883.23076923077
2025-11-01,Mid Luxury SUV,infiniti,qx60,Autograph,1415,68306.16749116608
2025-11-01,Mid Luxury SUV,infiniti,qx60,Luxe,3415,58560.29516837482
2025-11-01,Mid Luxury SUV,infiniti,qx60,Pure,281,51796.985765124555
2025-11-01,Mid Luxury SUV,infiniti,qx60,SPORT,933,63213.32154340836
2025-11-01,Mid Luxury SUV,infiniti,qx60,SPORT AWD,2,65249.0
2025-11-01,Mid Luxury SUV,infiniti,qx60,Sensory,35,57485.142857142855
2025-11-01,Mid Luxury SUV,jaguar,f_pace,P250 R-Dynamic S,1531,64904.42679738562
2025-11-01,Mid Luxury SUV,jaguar,f_pace,P250 S,13,64035.0
2025-11-01,Mid Luxury SUV,jaguar,f_pace,P400 R-Dynamic S,455,76162.71428571429
2025-11-01,Mid Luxury SUV,jaguar,f_pace,SVR 575 EDITION,53,99394.0
2025-11-01,Mid Luxury SUV,land_rover,defender,110 P300 S,1032,75164.3246124031
2025-11-01,Mid Luxury SUV,land_rover,defender,110 P400 S,270,79862.98888888888
2025-11-01,Mid Luxury SUV,land_rover,defender,110 P400 X,35,98714.82857142857
2025-11-01,Mid Luxury SUV,land_rover,defender,110 P400 X-Dynamic SE,158,85783.72784810126
2025-11-01,Mid Luxury SUV,land_rover,defender,110 P500 X-Dynamic SE,177,107825.7231638418
2025-11-01,Mid Luxury SUV,land_rover,defender,110 S,1,79980.0
2025-11-01,Mid Luxury SUV,land_rover,defender,110 V8,1,115140.0
2025-11-01,Mid Luxury SUV,land_rover,defender,110 V8 P500 SE,18,102382.77777777778
2025-11-01,Mid Luxury SUV,land_rover,defender,110 V8 P525,229,121215.88209606986
2025-11-01,Mid Luxury SUV,land_rover,defender,130 P300 S,74,81614.45945945945
2025-11-01,Mid Luxury SUV,land_rover,defender,130 P400 Outbound,17,92985.41176470589
2025-11-01,Mid Luxury SUV,land_rover,defender,130 P400 S,87,90182.70114942528
2025-11-01,Mid Luxury SUV,land_rover,defender,130 P400 X,27,106694.55555555556
2025-11-01,Mid Luxury SUV,land_rover,defender,130 P400 X-Dynamic SE,195,95133.01538461538
2025-11-01,Mid Luxury SUV,land_rover,defender,130 P500 V8,107,126599.00934579439
2025-11-01,Mid Luxury SUV,land_rover,defender,130 SE,1,97947.0
2025-11-01,Mid Luxury SUV,land_rover,defender,130 V8 P500,70,132412.07246376813
2025-11-01,Mid Luxury SUV,land_rover,defender,90 P300 S,42,67458.57142857143
2025-11-01,Mid Luxury SUV,land_rover,defender,90 P400 X-Dynamic SE,70,78745.65714285715
2025-11-01,Mid Luxury SUV,land_rover,defender,90 P525 V8,20,116153.4
2025-11-01,Mid Luxury SUV,land_rover,defender,90 V8,7,112832.0
2025-11-01,Mid Luxury SUV,land_rover,defender,90 V8 Carpathian Edition,3,112655.0
2025-11-01,Mid Luxury SUV,land_rover,defender,OCTA,48,176779.27083333334
2025-11-01,Mid Luxury SUV,land_rover,defender,P300 S,3,77317.33333333333
2025-11-01,Mid Luxury SUV,land_rover,defender,P400 Sedona Red Edition,2,84675.0
2025-11-01,Mid Luxury SUV,land_rover,defender,P635 OCTA,23,163021.60869565216
2025-11-01,Mid Luxury SUV,land_rover,defender,P635 OCTA Edition One,20,170675.05
2025-11-01,Mid Luxury SUV,land_rover,defender,S,75,78290.16
2025-11-01,Mid Luxury SUV,land_rover,discovery,Gemini Edition,64,79973.84375
2025-11-01,Mid Luxury SUV,land_rover,discovery,P300 Dynamic SE,201,72246.16915422886
2025-11-01,Mid Luxury SUV,land_rover,discovery,P300 S,244,67669.88524590163
2025-11-01,Mid Luxury SUV,land_rover,discovery,P360 Dynamic SE,320,78828.5
2025-11-01,Mid Luxury SUV,land_rover,discovery,P360 HSE R-Dynamic,1,60390.0
2025-11-01,Mid Luxury SUV,land_rover,discovery,P360 Metropolitan,78,84895.15384615384
2025-11-01,Mid Luxury SUV,land_rover,discovery,Tempest Edition,11,88188.63636363637
2025-11-01,Mid Luxury SUV,land_rover,range_rover_velar,Autobiography,25,87343.16
2025-11-01,Mid Luxury SUV,land_rover,range_rover_velar,Dynamic SE,563,75279.01420959148
2025-11-01,Mid Luxury SUV,land_rover,range_rover_velar,P250 Dynamic SE,305,72195.68852459016
2025-11-01,Mid Luxury SUV,land_rover,range_rover_velar,P250 S,169,67357.21301775148
2025-11-01,Mid Luxury SUV,land_rover,range_rover_velar,P400 Autobiography,6,88718.66666666667
2025-11-01,Mid Luxury SUV,land_rover,range_rover_velar,P400 Dynamic HSE,15,84873.33333333333
2025-11-01,Mid Luxury SUV,land_rover,range_rover_velar,P400 Dynamic SE,122,78958.84426229508
2025-11-01,Mid Luxury SUV,land_rover,range_rover_velar,S,231,68210.52813852814
2025-11-01,Mid Luxury SUV,lexus,gx_series,Luxury,1,81844.0
2025-11-01,Mid Luxury SUV,lexus,gx_series,Luxury+,338,86238.77218934911
2025-11-01,Mid Luxury SUV,lexus,gx_series,Overtrail,46,77411.71739130435
2025-11-01,Mid Luxury SUV,lexus,gx_series,Overtrail+,98,85535.13265306123
2025-11-01,Mid Luxury SUV,lexus,gx_series,Premium,7,70396.28571428571
2025-11-01,Mid Luxury SUV,lexus,gx_series,Premium+,410,74412.64634146342
2025-11-01,Mid Luxury SUV,lexus,rx_series,Base,87,58893.252873563215
2025-11-01,Mid Luxury SUV,lexus,rx_series,F SPORT Design,170,61753.818529411765
2025-11-01,Mid Luxury SUV,lexus,rx_series,F SPORT Handling,46,65027.86956521739
2025-11-01,Mid Luxury SUV,lexus,rx_series,F SPORT Performance,42,76339.97619047618
2025-11-01,Mid Luxury SUV,lexus,rx_series,Luxury,821,71707.75176613886
2025-11-01,Mid Luxury SUV,lexus,rx_series,Premium,1451,57914.12262577533
2025-11-01,Mid Luxury SUV,lexus,rx_series,Premium+,2648,61005.55263217524
2025-11-01,Mid Luxury SUV,lexus,tx,Base,33,64670.63636363636
2025-11-01,Mid Luxury SUV,lexus,tx,F SPORT Handling,373,70485.4235924933
2025-11-01,Mid Luxury SUV,lexus,tx,F SPORT Performance Luxury,117,78014.2564102564
2025-11-01,Mid Luxury SUV,lexus,tx,F SPORT Performance Premium,866,74599.82448036951
2025-11-01,Mid Luxury SUV,lexus,tx,F SPORT Premium,6,77142.66666666667
2025-11-01,Mid Luxury SUV,lexus,tx,Luxury,891,72311.93861952864
2025-11-01,Mid Luxury SUV,lexus,tx,Premium,2529,65347.596678529066
2025-11-01,Mid Luxury SUV,lincoln,aviator,Black Label,661,88847.08018154312
2025-11-01,Mid Luxury SUV,lincoln,aviator,Black Label Grand Touring,1,83507.0
2025-11-01,Mid Luxury SUV,lincoln,aviator,Grand Touring,3,67040.0
2025-11-01,Mid Luxury SUV,lincoln,aviator,Livery,10,60494.3
2025-11-01,Mid Luxury SUV,lincoln,aviator,Premiere,2301,61839.18122555411
2025-11-01,Mid Luxury SUV,lincoln,aviator,Reserve,3915,73427.6853128991
2025-11-01,Mid Luxury SUV,lincoln,nautilus,Black Label,486,78081.72016460905
2025-11-01,Mid Luxury SUV,lincoln,nautilus,Premiere,3623,57509.36075075904
2025-11-01,Mid Luxury SUV,lincoln,nautilus,Reserve,3496,66142.67419908466
2025-11-01,Mid Luxury SUV,lincoln,nautilus,Standard,1,50970.0
2025-11-01,Mid Luxury SUV,mercedes_benz,benz_amg_gle,4MATIC+,999,101807.687997998
2025-11-01,Mid Luxury SUV,mercedes_benz,benz_amg_gle,S 4MATIC+,236,143871.0127118644
2025-11-01,Mid Luxury SUV,mercedes_benz,gle_class,4MATIC,525,82977.4308413002
2025-11-01,Mid Luxury SUV,mercedes_benz,gle_class,AMG GLE 53,1387,100810.21268925739
2025-11-01,Mid Luxury SUV,mercedes_benz,gle_class,AMG GLE 63 S,633,142282.47709320695
2025-11-01,Mid Luxury SUV,mercedes_benz,gle_class,GLE 350,1280,71373.915625
2025-11-01,Mid Luxury SUV,mercedes_benz,gle_class,GLE 350 4MATIC,5322,73894.22153325817
2025-11-01,Mid Luxury SUV,mercedes_benz,gle_class,GLE 450 4MATIC,4850,83522.2830927835
2025-11-01,Mid Luxury SUV,mercedes_benz,gle_class,GLE 450e 4MATIC,21,81019.90476190476
2025-11-01,Mid Luxury SUV,mercedes_benz,gle_class,GLE 580 4MATIC,415,99696.92995169082
2025-11-01,Mid Luxury SUV,volvo,xc90,B5 Core,528,60465.691287878784
2025-11-01,Mid Luxury SUV,volvo,xc90,B5 Core Bright Theme,2,60705.0
2025-11-01,Mid Luxury SUV,volvo,xc90,B5 Plus,10,58773.22222222222
2025-11-01,Mid Luxury SUV,volvo,xc90,B5 Plus 6-Seater,66,65728.69696969698
2025-11-01,Mid Luxury SUV,volvo,xc90,B5 Plus 7-Seater,653,65592.22205206739
2025-11-01,Mid Luxury SUV,volvo,xc90,B5 Plus Bright Theme,3,63662.5
2025-11-01,Mid Luxury SUV,volvo,xc90,B5 Ultra,3,74781.66666666667
2025-11-01,Mid Luxury SUV,volvo,xc90,B5 Ultra 6-Seater,45,70912.02222222222
2025-11-01,Mid Luxury SUV,volvo,xc90,B5 Ultra 7-Seater,32,70014.21875
2025-11-01,Mid Luxury SUV,volvo,xc90,B6 Core,219,64486.849315068495
2025-11-01,Mid Luxury SUV,volvo,xc90,B6 Plus 6-Seater,442,70551.82126696833
2025-11-01,Mid Luxury SUV,volvo,xc90,B6 Plus 6P,25,62513.08
2025-11-01,Mid Luxury SUV,volvo,xc90,B6 Plus 7-Seater,3514,69360.96044393853
2025-11-01,Mid Luxury SUV,volvo,xc90,B6 Plus 7P,113,60933.84821428572
2025-11-01,Mid Luxury SUV,volvo,xc90,B6 Plus Bright Theme 7P,1,59295.0
2025-11-01,Mid Luxury SUV,volvo,xc90,B6 Ultimate Bright Theme 6P,2,74235.0
2025-11-01,Mid Luxury SUV,volvo,xc90,B6 Ultimate Bright Theme 7P,5,67794.6
2025-11-01,Mid Luxury SUV,volvo,xc90,B6 Ultra,89,72072.34831460674
2025-11-01,Mid Luxury SUV,volvo,xc90,B6 Ultra 6-Seater,169,76043.94674556213
2025-11-01,Mid Luxury SUV,volvo,xc90,B6 Ultra 6P,11,70097.27272727272
2025-11-01,Mid Luxury SUV,volvo,xc90,B6 Ultra 7-Seater,1520,73324.8427631579
2025-11-01,Mid Luxury SUV,volvo,xc90,B6 Ultra 7P,33,69907.45454545454
2025-11-01,Mid Luxury SUV,volvo,xc90,B6 Ultra Dark Theme 6-Seater,231,76147.06060606061
2025-11-01,Mid Luxury SUV,volvo,xc90,B6 Ultra Dark Theme 7-Seater,844,75518.12677725118
2025-11-01,Mid Luxury SUV,volvo,xc90,"Core, B5 AWD Gas (mild hybrid), Gasoline, Bright",1,59855.0
2025-11-01,Mid Luxury SUV,volvo,xc90,"Plus, B5 AWD Gas (mild hybrid), Gasoline, Bright",5,64876.4
2025-11-01,Mid Luxury SUV,volvo,xc90,"Plus, B6 AWD Gas (mild hybrid), Gasoline, Bright",22,69842.72727272728
2025-11-01,Mid Luxury SUV,volvo,xc90,"Plus, T8 AWD, Electric/Gasoline, Bright, 7 Seats",2,79910.0
2025-11-01,Mid Luxury SUV,volvo,xc90,T8 Core,30,74483.7
2025-11-01,Mid Luxury SUV,volvo,xc90,T8 Core 7-Seater,52,71308.17307692308
2025-11-01,Mid Luxury SUV,volvo,xc90,T8 Plus 6-Seater,59,79215.45762711864
2025-11-01,Mid Luxury SUV,volvo,xc90,T8 Plus 6P,22,74028.5
2025-11-01,Mid Luxury SUV,volvo,xc90,T8 Plus 7-Seater,601,77526.72545757072
2025-11-01,Mid Luxury SUV,volvo,xc90,T8 Plus 7P,10,70664.7
2025-11-01,Mid Luxury SUV,volvo,xc90,T8 Plus Bright Theme 6P,1,63800.0
2025-11-01,Mid Luxury SUV,volvo,xc90,T8 Plus Bright Theme 7P,7,74131.0
2025-11-01,Mid Luxury SUV,volvo,xc90,T8 Ultra 6-Seater,26,86045.34615384616
2025-11-01,Mid Luxury SUV,volvo,xc90,T8 Ultra 6P,13,79173.84615384616
2025-11-01,Mid Luxury SUV,volvo,xc90,T8 Ultra 7-Seater,275,82541.55636363637
2025-11-01,Mid Luxury SUV,volvo,xc90,T8 Ultra 7P,26,76301.11538461539
2025-11-01,Mid Luxury SUV,volvo,xc90,T8 Ultra Dark Theme 6-Seater,12,85336.58333333333
2025-11-01,Mid Luxury SUV,volvo,xc90,T8 Ultra Dark Theme 7-Seater,63,85814.85714285714
2025-11-01,Mid Luxury SUV,volvo,xc90,"Ultra Dark Theme, B6 AWD Gas (mild hybrid), Gaso",1,72091.0
2025-11-01,Mid Luxury SUV,volvo,xc90,"Ultra, T8 AWD, Electric/Gasoline, Bright, 7 Seat",3,83538.0
2025-11-01,Near Luxury Car,acura,tlx,Base,2,41245.0
2025-11-01,Near Luxury Car,acura,tlx,SH-AWD Type S,7,60846.0
2025-11-01,Near Luxury Car,acura,tlx,SH-AWD w/A-SPEC,1321,51382.29977289932
2025-11-01,Near Luxury Car,acura,tlx,w/A-SPEC,2,47995.0
2025-11-01,Near Luxury Car,acura,tlx,w/Tech,717,46412.26153846154
2025-11-01,Near Luxury Car,alfa_romeo,giulia,Base,198,51651.08585858586
2025-11-01,Near Luxury Car,alfa_romeo,giulia,Quadrifoglio,12,85204.91666666667
2025-11-01,Near Luxury Car,alfa_romeo,giulia,Quadrifoglio Carbon,1,82898.0
2025-11-01,Near Luxury Car,alfa_romeo,giulia,Special Edition AWD,4,53728.75
2025-11-01,Near Luxury Car,alfa_romeo,giulia,Sprint,174,49220.488505747126
2025-11-01,Near Luxury Car,alfa_romeo,giulia,Ti,6,42860.666666666664
2025-11-01,Near Luxury Car,alfa_romeo,giulia,Veloce,2,43214.0
2025-11-01,Near Luxury Car,audi,a4_s4,quattro S line Prem Plus 45 TFSI,1,55041.0
2025-11-01,Near Luxury Car,audi,a5,Premium,226,51802.78761061947
2025-11-01,Near Luxury Car,audi,a5,Premium Plus,2119,54564.54270882492
2025-11-01,Near Luxury Car,audi,a5,Premium Plus TFSI quattro S tronic,867,54627.74509803922
2025-11-01,Near Luxury Car,audi,a5,Premium TFSI quattro S tronic,845,51680.85443786982
2025-11-01,Near Luxury Car,audi,a5,Prestige,108,56528.398148148146
2025-11-01,Near Luxury Car,audi,a5,Prestige TFSI quattro S tronic,331,56473.25679758308
2025-11-01,Near Luxury Car,audi,a5,quattro S line Prem Plus 45 TFSI,6,56657.166666666664
2025-11-01,Near Luxury Car,audi,a5,quattro S line Premium 45 TFSI,13,51453.61538461538
2025-11-01,Near Luxury Car,audi,s5,3.0 TFSI quattro Progressiv,1,61885.0
2025-11-01,Near Luxury Car,audi,s5,3.0T quattro Premium Plus,5,66260.0
2025-11-01,Near Luxury Car,audi,s5,3.0T quattro Prestige,2,74005.0
2025-11-01,Near Luxury Car,audi,s5,Premium,15,64175.46666666667
2025-11-01,Near Luxury Car,audi,s5,Premium Plus,86,69807.67441860466
2025-11-01,Near Luxury Car,audi,s5,Premium Plus TFSI quattro S tronic,408,70143.44852941176
2025-11-01,Near Luxury Car,audi,s5,Prestige,38,75904.97368421052
2025-11-01,Near Luxury Car,audi,s5,Prestige TFSI quattro S tronic,133,75562.27067669173
2025-11-01,Near Luxury Car,bmw,3_series,330i,571,52764.739054290716
2025-11-01,Near Luxury Car,bmw,3_series,330i NA,952,54048.486344537814
2025-11-01,Near Luxury Car,bmw,3_series,330i NA xDrive,715,56179.029411764706
2025-11-01,Near Luxury Car,bmw,3_series,330i xDrive,548,53924.67883211679
2025-11-01,Near Luxury Car,bmw,3_series,M340i,14,66592.28571428571
2025-11-01,Near Luxury Car,bmw,3_series,M340i NA,160,68522.20625
2025-11-01,Near Luxury Car,bmw,3_series,M340i NA xDrive,214,70882.31308411215
2025-11-01,Near Luxury Car,bmw,3_series,M340i xDrive,32,69843.33333333333
2025-11-01,Near Luxury Car,bmw,3_series,NA,258,54384.31007751938
2025-11-01,Near Luxury Car,bmw,3_series,xDrive,127,54183.35433070866
2025-11-01,Near Luxury Car,bmw,3_series,xDrive NA,340,56184.41764705882
2025-11-01,Near Luxury Car,bmw,4_series,430i,620,63927.63016129032
2025-11-01,Near Luxury Car,bmw,4_series,430i Gran Coupe,6,56519.833333333336
2025-11-01,Near Luxury Car,bmw,4_series,430i xDrive,420,65915.44083333333
2025-11-01,Near Luxury Car,bmw,4_series,430i xDrive Gran Coupe,10,57707.8
2025-11-01,Near Luxury Car,bmw,4_series,M440i,192,75109.87499999999
2025-11-01,Near Luxury Car,bmw,4_series,M440i Gran Coupe,3,72155.66666666667
2025-11-01,Near Luxury Car,bmw,4_series,M440i xDrive,248,78048.19169354839
2025-11-01,Near Luxury Car,bmw,4_series,M440i xDrive Gran Coupe,1,73790.0
2025-11-01,Near Luxury Car,bmw,4_series,xDrive,107,66195.9585046729
2025-11-01,Near Luxury Car,bmw,4_series_gran_coupe,xDrive,52,68998.43173076924
2025-11-01,Near Luxury Car,bmw,m3,Base,1,94560.0
2025-11-01,Near Luxury Car,bmw,m3,Base (M6),30,89173.0
2025-11-01,Near Luxury Car,bmw,m3,Competition,32,92561.71875
2025-11-01,Near Luxury Car,bmw,m3,Competition xDrive,195,99613.85128205128
2025-11-01,Near Luxury Car,bmw,m3,NA,4,67301.0
2025-11-01,Near Luxury Car,bmw,m3,xDrive,2,70644.0
2025-11-01,Near Luxury Car,bmw,m3,xDrive NA,24,70877.41666666667
2025-11-01,Near Luxury Car,bmw,m4,Base,35,90505.94285714286
2025-11-01,Near Luxury Car,bmw,m4,Competition,276,102095.97101449275
2025-11-01,Near Luxury Car,bmw,m4,Competition xDrive,208,101227.67307692308
2025-11-01,Near Luxury Car,cadillac,ct5,Base,9,65851.22222222222
2025-11-01,Near Luxury Car,cadillac,ct5,Blackwing,13,122294.15384615384
2025-11-01,Near Luxury Car,cadillac,ct5,Premium Luxury,322,52322.84782608696
2025-11-01,Near Luxury Car,cadillac,ct5,Premium Luxury RWD,974,55066.74640657084
2025-11-01,Near Luxury Car,cadillac,ct5,Sport,213,53617.45070422535
2025-11-01,Near Luxury Car,cadillac,ct5,Sport RWD,639,56433.85289514867
2025-11-01,Near Luxury Car,cadillac,ct5,V-Series Blackwing RWD,114,121213.21052631579
2025-11-01,Near Luxury Car,cadillac,ct5,V-Series RWD,531,66426.9868173258
2025-11-01,Near Luxury Car,genesis,g70,2.5T,19,45429.78947368421
2025-11-01,Near Luxury Car,genesis,g70,2.5T AWD,284,47312.471830985916
2025-11-01,Near Luxury Car,genesis,g70,2.5T AWD Prestige,1,52190.0
2025-11-01,Near Luxury Car,genesis,g70,2.5T Prestige,26,46917.11538461538
2025-11-01,Near Luxury Car,genesis,g70,2.5T RWD,266,45358.357142857145
2025-11-01,Near Luxury Car,genesis,g70,2.5T RWD Prestige,480,50273.88125
2025-11-01,Near Luxury Car,genesis,g70,2.5T Standard,185,45077.40540540541
2025-11-01,Near Luxury Car,genesis,g70,3.3T AWD Sport Prestige,706,53823.71671388102
2025-11-01,Near Luxury Car,genesis,g70,3.3T RWD Sport Prestige,256,55593.921875
2025-11-01,Near Luxury Car,genesis,g70,3.3T Sport,1,58445.0
2025-11-01,Near Luxury Car,genesis,g70,3.3T Sport Advanced,178,54509.62359550562
2025-11-01,Near Luxury Car,genesis,g70,3.3T Standard,3,54587.0
2025-11-01,Near Luxury Car,infiniti,q50,Luxe,2,45585.0
2025-11-01,Near Luxury Car,infiniti,q50,Red Sport 400,4,57250.0
2025-11-01,Near Luxury Car,infiniti,q50,Sensory,5,53821.0
2025-11-01,Near Luxury Car,lexus,es_series,Base,3053,49073.278434326894
2025-11-01,Near Luxury Car,lexus,es_series,F SPORT 2,2,49561.5
2025-11-01,Near Luxury Car,lexus,es_series,F SPORT Design,25,51030.12
2025-11-01,Near Luxury Car,lexus,es_series,F SPORT Handling,79,54873.9935443038
2025-11-01,Near Luxury Car,lexus,es_series,Luxury,224,54313.450669642865
2025-11-01,Near Luxury Car,lexus,es_series,Ultra Luxury,280,55726.71710714285
2025-11-01,Near Luxury Car,lexus,is_series,Base,54,47970.87037037037
2025-11-01,Near Luxury Car,lexus,is_series,F SPORT,712,53360.70664325842
2025-11-01,Near Luxury Car,lexus,is_series,F SPORT Design,270,47502.46407407407
2025-11-01,Near Luxury Car,lexus,is_series,F SPORT Performance,4,67565.25
2025-11-01,Near Luxury Car,lexus,is_series,F SPORT Performance Ultimate Edition,16,75644.8125
2025-11-01,Near Luxury Car,lexus,rc_series,F SPORT,26,60880.17923076924
2025-11-01,Near Luxury Car,lexus,rc_series,Final Edition,13,94902.84615384616
2025-11-01,Near Luxury Car,mercedes_benz,c_class,AMG C 43,321,73859.85358255451
2025-11-01,Near Luxury Car,mercedes_benz,c_class,AMG C 63 S E Performance,139,99563.69784172662
2025-11-01,Near Luxury Car,mercedes_benz,c_class,C 300,2474,54821.99959579628
2025-11-01,Near Luxury Car,mercedes_benz,c_class,C 300 4MATIC,2335,56599.82740899357
2025-11-01,Near Luxury Car,volvo,s60_v60,B5 Core,1,47465.0
2025-11-01,Near Luxury Car,volvo,s60_v60,B5 Core Dark Theme,9,43664.0
2025-11-01,Near Luxury Car,volvo,s60_v60,B5 Plus,301,54891.797940199336
2025-11-01,Near Luxury Car,volvo,s60_v60,B5 Plus Black Edition,4,51227.5
2025-11-01,Near Luxury Car,volvo,s60_v60,B5 Plus Dark Theme,14,45480.78571428572
2025-11-01,Near Luxury Car,volvo,s60_v60,B5 Ultimate,2,60562.5
2025-11-01,Near Luxury Car,volvo,s60_v60,B5 Ultra,177,60558.63276836158
2025-11-01,Near Luxury Car,volvo,s60_v60,T8 Core Dark Theme,2,55035.0
2025-11-01,Near Luxury Car,volvo,s60_v60,T8 Plus Dark Theme,2,46950.0
2025-11-01,Near Luxury Car,volvo,s60_v60,T8 Polestar Engineered,1,72645.0
2025-11-01,Near Luxury EV SUV,audi,q4_e_tron,Premium,13,56388.0
2025-11-01,Near Luxury EV SUV,audi,q4_e_tron,Premium 45 RWD,2,44138.0
2025-11-01,Near Luxury EV SUV,audi,q4_e_tron,Premium 45 quattro,1,47466.0
2025-11-01,Near Luxury EV SUV,audi,q4_e_tron,Premium Plus,5,60811.333333333336
2025-11-01,Near Luxury EV SUV,audi,q4_e_tron,quattro Premium 55 TFSI,6,54862.25
2025-11-01,Near Luxury EV SUV,audi,q4_e_tron,quattro Premium Plus 55,2,58944.0
2025-11-01,Near Luxury EV SUV,audi,q4_e_tron,quattro Premium Plus 55 TFSI,46,59559.64444444444
2025-11-01,Near Luxury EV SUV,audi,q4_e_tron,quattro Prestige 55 TFSI,8,60333.75
2025-11-01,Near Luxury EV SUV,cadillac,optiq,Luxury,423,55428.93144208038
2025-11-01,Near Luxury EV SUV,cadillac,optiq,Luxury 1 AWD,196,55212.51530612245
2025-11-01,Near Luxury EV SUV,cadillac,optiq,Luxury 2 AWD,94,58030.131868131866
2025-11-01,Near Luxury EV SUV,cadillac,optiq,Premium Luxury,135,59054.31851851852
2025-11-01,Near Luxury EV SUV,cadillac,optiq,Premium Sport,235,59518.68085106383
2025-11-01,Near Luxury EV SUV,cadillac,optiq,Sport,534,56307.00187265917
2025-11-01,Near Luxury EV SUV,cadillac,optiq,Sport 1 AWD,285,55877.38596491228
2025-11-01,Near Luxury EV SUV,cadillac,optiq,Sport 2 AWD,193,59170.12565445026
2025-11-01,Near Luxury EV SUV,genesis,gv70_ev,Advanced,44,69547.11363636363
2025-11-01,Near Luxury EV SUV,genesis,gv70_ev,Advanced AWD,11,69102.90909090909
2025-11-01,Near Luxury EV SUV,genesis,gv70_ev,Base,31,70360.06451612903
2025-11-01,Near Luxury EV SUV,genesis,gv70_ev,Prestige,1,76073.0
2025-11-01,Near Luxury EV SUV,genesis,gv70_ev,Prestige AWD,1,72450.0
2025-11-01,Near Luxury EV SUV,genesis,gv70_ev,Standard,100,63047.21
2025-11-01,Near Luxury EV SUV,lexus,rz_series,Luxury,2,67435.0
2025-11-01,Near Luxury EV SUV,lexus,rz_series,Premium,19,53947.615263157895
2025-11-01,Near Luxury EV SUV,mercedes_benz,eqb,EQB 250+,15,58468.4
2025-11-01,Near Luxury EV SUV,mercedes_benz,eqb,EQB 300 4MATIC,50,62806.08
2025-11-01,Near Luxury EV SUV,mercedes_benz,eqb,EQB 350 4MATIC,7,65820.71428571429
2025-11-01,Near Luxury EV SUV,porsche,macan_electric,4S,245,105496.95102040816
2025-11-01,Near Luxury SUV,acura,rdx,SH-AWD,780,46339.95256410256
2025-11-01,Near Luxury SUV,acura,rdx,SH-AWD w/A-SPEC,693,51987.99134199134
2025-11-01,Near Luxury SUV,acura,rdx,SH-AWD w/Advance,336,54105.63283582089
2025-11-01,Near Luxury SUV,acura,rdx,SH-AWD w/Advance w/A-SPEC,295,56120.5918367347
2025-11-01,Near Luxury SUV,acura,rdx,SH-AWD w/Platinum Elite w/A-SPEC,36,56216.77777777778
2025-11-01,Near Luxury SUV,acura,rdx,SH-AWD w/Tech,1027,48960.94255111977
2025-11-01,Near Luxury SUV,acura,rdx,w/A-Spec Advance Package,342,56659.69411764706
2025-11-01,Near Luxury SUV,acura,rdx,w/A-Spec Package,358,52530.82072829131
2025-11-01,Near Luxury SUV,acura,rdx,w/Advance Package,284,54644.95744680851
2025-11-01,Near Luxury SUV,acura,rdx,w/Technology Package,373,49628.08152173913
2025-11-01,Near Luxury SUV,alfa_romeo,stelvio,AWD,4,54195.0
2025-11-01,Near Luxury SUV,alfa_romeo,stelvio,Base,63,55288.1746031746
2025-11-01,Near Luxury SUV,alfa_romeo,stelvio,Competizione,1,56000.0
2025-11-01,Near Luxury SUV,alfa_romeo,stelvio,Quadrifoglio,31,88756.48387096774
2025-11-01,Near Luxury SUV,alfa_romeo,stelvio,Special Edition Tributo Italiano AWD,45,55247.48888888889
2025-11-01,Near Luxury SUV,alfa_romeo,stelvio,Sprint,498,54264.110441767065
2025-11-01,Near Luxury SUV,alfa_romeo,stelvio,Ti,3,45131.666666666664
2025-11-01,Near Luxury SUV,alfa_romeo,stelvio,Veloce,4,49013.75
2025-11-01,Near Luxury SUV,audi,q5_sq5,Premium,414,56134.04106280193
2025-11-01,Near Luxury SUV,audi,q5_sq5,Premium Plus,1880,60076.176063829786
2025-11-01,Near Luxury SUV,audi,q5_sq5,Premium Plus 40 TFSI quattro S tronic,1,57330.0
2025-11-01,Near Luxury SUV,audi,q5_sq5,Premium Plus TFSI quattro S tronic,4398,59427.44952251023
2025-11-01,Near Luxury SUV,audi,q5_sq5,Premium TFSI quattro S tronic,1642,55904.15225334957
2025-11-01,Near Luxury SUV,audi,q5_sq5,Prestige,306,63136.356209150326
2025-11-01,Near Luxury SUV,audi,q5_sq5,Prestige TFSI quattro S tronic,687,62683.17903930131
2025-11-01,Near Luxury SUV,audi,q5_sq5,e quattro S line Prem Pl 55 TFSI,29,66966.3448275862
2025-11-01,Near Luxury SUV,audi,q5_sq5,e quattro S line Premium 55 TFSI,4,62662.5
2025-11-01,Near Luxury SUV,audi,q5_sq5,e quattro S line Prestg 55 TFSI,1,72685.0
2025-11-01,Near Luxury SUV,audi,q5_sq5,quattro Premium 40 TFSI,4,49421.5
2025-11-01,Near Luxury SUV,audi,q5_sq5,quattro Premium Plus 40 TFSI,3,54285.333333333336
2025-11-01,Near Luxury SUV,audi,q5_sq5,quattro S line Prem Plus 45 TFSI,74,57646.51351351351
2025-11-01,Near Luxury SUV,audi,q5_sq5,quattro S line Premium 45 TFSI,16,50920.1875
2025-11-01,Near Luxury SUV,audi,q5_sq5,quattro S line Prestige 45 TFSI,3,59221.666666666664
2025-11-01,Near Luxury SUV,audi,sq5,3.0 TFSI quattro Technik,2,77274.5
2025-11-01,Near Luxury SUV,audi,sq5,3.0T quattro Premium Plus,19,70193.1052631579
2025-11-01,Near Luxury SUV,audi,sq5,3.0T quattro Prestige,2,72061.5
2025-11-01,Near Luxury SUV,audi,sq5,Premium,3,66808.66666666667
2025-11-01,Near Luxury SUV,audi,sq5,Premium Plus,93,74051.05376344085
2025-11-01,Near Luxury SUV,audi,sq5,Premium Plus TFSI quattro S tronic,173,72958.32369942196
2025-11-01,Near Luxury SUV,audi,sq5,Prestige,24,75966.45833333333
2025-11-01,Near Luxury SUV,audi,sq5,Prestige TFSI quattro S tronic,32,74899.53125
2025-11-01,Near Luxury SUV,bmw,x3,30 xDrive,12992,58126.076893472906
2025-11-01,Near Luxury SUV,bmw,x3,M40i,1,69195.0
2025-11-01,Near Luxury SUV,bmw,x3,M50 xDrive,1320,73574.1840909091
2025-11-01,Near Luxury SUV,bmw,x3,sDrive30i,17,51350.529411764706
2025-11-01,Near Luxury SUV,bmw,x3,xDrive30i,7,54130.5
2025-11-01,Near Luxury SUV,bmw,x4,Base,51,93051.0
2025-11-01,Near Luxury SUV,bmw,x4,M40i,33,74593.51515151515
2025-11-01,Near Luxury SUV,bmw,x4,xDrive30i,188,63473.21276595745
2025-11-01,Near Luxury SUV,cadillac,xt4,Luxury,3,41649.333333333336
2025-11-01,Near Luxury SUV,cadillac,xt4,Premium Luxury,184,45200.04347826087
2025-11-01,Near Luxury SUV,cadillac,xt4,Sport,50,47736.14
2025-11-01,Near Luxury SUV,genesis,gv70,2.5T,813,51039.49815498155
2025-11-01,Near Luxury SUV,genesis,gv70,2.5T Advanced,1747,58779.69089868346
2025-11-01,Near Luxury SUV,genesis,gv70,2.5T Advanced Plus,3,50013.0
2025-11-01,Near Luxury SUV,genesis,gv70,2.5T Prestige,6,54603.0
2025-11-01,Near Luxury SUV,genesis,gv70,2.5T Select,1098,54102.73406193078
2025-11-01,Near Luxury SUV,genesis,gv70,2.5T Sport Prestige,925,62377.76540540541
2025-11-01,Near Luxury SUV,genesis,gv70,2.5T Standard,109,52272.194444444445
2025-11-01,Near Luxury SUV,genesis,gv70,3.5T Sport,198,62844.181818181816
2025-11-01,Near Luxury SUV,genesis,gv70,3.5T Sport Advanced,498,66632.140562249
2025-11-01,Near Luxury SUV,genesis,gv70,3.5T Sport Prestige,1920,73167.7546875
2025-11-01,Near Luxury SUV,infiniti,qx50,Luxe,264,43339.094696969696
2025-11-01,Near Luxury SUV,infiniti,qx50,Pure,29,39903.8275862069
2025-11-01,Near Luxury SUV,infiniti,qx50,Sport,159,47676.54088050315
2025-11-01,Near Luxury SUV,infiniti,qx55,Essential,56,52023.55357142857
2025-11-01,Near Luxury SUV,infiniti,qx55,Luxe,149,47436.68456375839
2025-11-01,Near Luxury SUV,infiniti,qx55,Sensory,45,54728.931818181816
2025-11-01,Near Luxury SUV,jaguar,e_pace,P250 R-Dynamic SE,80,53921.55
2025-11-01,Near Luxury SUV,land_rover,discovery_sport,P250 Dynamic SE,168,58136.97619047619
2025-11-01,Near Luxury SUV,land_rover,discovery_sport,P250 S,388,53409.59020618557
2025-11-01,Near Luxury SUV,land_rover,discovery_sport,P250 S R-Dynamic,1,56770.0
2025-11-01,Near Luxury SUV,land_rover,discovery_sport,P250 SE,1,51995.0
2025-11-01,Near Luxury SUV,land_rover,range_rover_evoque,P250 Dynamic SE,242,62250.11983471074
2025-11-01,Near Luxury SUV,land_rover,range_rover_evoque,P250 S,589,55916.90662139219
2025-11-01,Near Luxury SUV,lexus,nx_series,Base,1636,51407.71544621027
2025-11-01,Near Luxury SUV,lexus,nx_series,F SPORT Handling,437,59938.2014416476
2025-11-01,Near Luxury SUV,lexus,nx_series,Luxury,514,58187.32046692607
2025-11-01,Near Luxury SUV,lexus,nx_series,Premium,2390,52697.14115481171
2025-11-01,Near Luxury SUV,maserati,grecale,Base,182,85244.6043956044
2025-11-01,Near Luxury SUV,maserati,grecale,Folgore,31,107475.90322580645
2025-11-01,Near Luxury SUV,maserati,grecale,GT,74,71780.48648648648
2025-11-01,Near Luxury SUV,maserati,grecale,Modena,266,87526.86842105263
2025-11-01,Near Luxury SUV,maserati,grecale,Trofeo,41,120472.19512195123
2025-11-01,Near Luxury SUV,mercedes_benz,benz_amg_glc,4MATIC,1007,89232.11877855017
2025-11-01,Near Luxury SUV,mercedes_benz,glb,AMG GLB 35,243,64962.44855967078
2025-11-01,Near Luxury SUV,mercedes_benz,glb,GLB 250,1953,49562.09267793139
2025-11-01,Near Luxury SUV,mercedes_benz,glb,GLB 250 4MATIC,1341,52146.69202087994
2025-11-01,Near Luxury SUV,mercedes_benz,glc_class,4MATIC,775,67721.07096774194
2025-11-01,Near Luxury SUV,mercedes_benz,glc_class,4MATIC SUV,144,57538.57342657343
2025-11-01,Near Luxury SUV,mercedes_benz,glc_class,AMG GLC 43,976,76932.05020491804
2025-11-01,Near Luxury SUV,mercedes_benz,glc_class,GLC 300,5195,57309.22945139557
2025-11-01,Near Luxury SUV,mercedes_benz,glc_class,GLC 300 4MATIC,6034,60036.35449121644
2025-11-01,Near Luxury SUV,mercedes_benz,glc_class,GLC 350e 4MATIC,79,67007.58227848102
2025-11-01,Near Luxury SUV,porsche,macan,4 Electric,157,98779.28025477707
2025-11-01,Near Luxury SUV,porsche,macan,Base,2455,79472.26435845214
2025-11-01,Near Luxury SUV,porsche,macan,Electric,112,91245.34821428571
2025-11-01,Near Luxury SUV,porsche,macan,Electric Turbo,1,127250.0
2025-11-01,Near Luxury SUV,porsche,macan,GTS,236,112881.08898305085
2025-11-01,Near Luxury SUV,porsche,macan,S,698,96165.80802292263
2025-11-01,Near Luxury SUV,porsche,macan,T,265,82435.63396226415
2025-11-01,Near Luxury SUV,porsche,macan,Turbo Electric,155,129877.33548387096
2025-11-01,Near Luxury SUV,volvo,xc60,B5 Core,723,48748.609958506226
2025-11-01,Near Luxury SUV,volvo,xc60,B5 Plus,3214,55539.1182327318
2025-11-01,Near Luxury SUV,volvo,xc60,B5 Plus Dark Theme,2,48338.0
2025-11-01,Near Luxury SUV,volvo,xc60,B5 Ultra,1375,61784.76654545454
2025-11-01,Near Luxury SUV,volvo,xc60,B5 Ultra Black Edition,153,63849.38562091503
2025-11-01,Near Luxury SUV,volvo,xc60,Plus Dark Theme,771,56705.249027237354
2025-11-01,Near Luxury SUV,volvo,xc60,T8 Core,79,57451.18987341772
2025-11-01,Near Luxury SUV,volvo,xc60,T8 Plus,462,64029.12147505423
2025-11-01,Near Luxury SUV,volvo,xc60,T8 Polestar Engineered,59,81567.0
2025-11-01,Near Luxury SUV,volvo,xc60,T8 Ultra,239,73373.20083682008
2025-11-01,Near Luxury SUV,volvo,xc60,T8 Ultra Black Edition,15,75226.66666666667
2025-11-01,Near Luxury SUV,volvo,xc60,Ultra Dark Theme,383,64318.16187989556
2025-11-01,Near Luxury SUV,volvo,xc60_recharge,T8 Core Dark Theme,2,52467.5
2025-11-01,Near Luxury SUV,volvo,xc60_recharge,T8 Plus Dark Theme,24,57451.65217391304
2025-11-01,Near Luxury SUV,volvo,xc60_recharge,T8 Ultimate Black Edition,1,76795.0
2025-11-01,Near Luxury SUV,volvo,xc60_recharge,T8 Ultimate Bright Theme,1,70440.0
2025-11-01,Near Luxury SUV,volvo,xc60_recharge,T8 Ultimate Dark Theme,2,63898.0
2025-11-01,Premium Luxury Car,audi,a8_s8,4.0T quattro,123,129716.10569105692
2025-11-01,Premium Luxury Car,audi,a8_s8,55 TFSI quattro Tiptronic,5,104376.8
2025-11-01,Premium Luxury Car,audi,a8_s8,quattro 55 TFSI,156,91119.7435897436
2025-11-01,Premium Luxury Car,bentley,flying_spur,Black Edition,19,311761.05263157893
2025-11-01,Premium Luxury Car,bentley,flying_spur,Speed,30,334628.9666666667
2025-11-01,Premium Luxury Car,bentley,flying_spur,Speed First Edition,39,334646.358974359
2025-11-01,Premium Luxury Car,bmw,7_series,740i,384,108884.234375
2025-11-01,Premium Luxury Car,bmw,7_series,740i xDrive,227,110359.17621145374
2025-11-01,Premium Luxury Car,bmw,7_series,750e xDrive,463,119839.68466522679
2025-11-01,Premium Luxury Car,bmw,7_series,760i xDrive,594,135128.05922165822
2025-11-01,Premium Luxury Car,bmw,7_series,xDrive,81,127894.99777777778
2025-11-01,Premium Luxury Car,genesis,g90,3.5T,3,84176.0
2025-11-01,Premium Luxury Car,genesis,g90,3.5T E-SC MHEV AWD,66,104771.86363636363
2025-11-01,Premium Luxury Car,genesis,g90,3.5T e-Supercharger,182,101050.12637362638
2025-11-01,Premium Luxury Car,genesis,g90,e-SC Prestige Black,140,108018.44285714286
2025-11-01,Premium Luxury Car,lexus,ls_series,Base,6,95780.0
2025-11-01,Premium Luxury Car,maserati,quattroporte,Modena,1,97310.0
2025-11-01,Premium Luxury Car,maserati,quattroporte,Modena Q4,6,110730.83333333333
2025-11-01,Premium Luxury Car,maserati,quattroporte,Modena Ultima Q4,8,124484.25
2025-11-01,Premium Luxury Car,mercedes_benz,s_class,AMG S 63 E Performance,382,209612.95800524935
2025-11-01,Premium Luxury Car,mercedes_benz,s_class,Maybach S 680,9,278793.22222222225
2025-11-01,Premium Luxury Car,mercedes_benz,s_class,Mercedes-Maybach S 580 4MATIC,35,223225.11428571428
2025-11-01,Premium Luxury Car,mercedes_benz,s_class,Mercedes-Maybach S 680 4MATIC,11,290632.54545454547
2025-11-01,Premium Luxury Car,mercedes_benz,s_class,S 500 4MATIC,245,130551.75918367346
2025-11-01,Premium Luxury Car,mercedes_benz,s_class,S 580 4MATIC,1267,144559.38279400158
2025-11-01,Premium Luxury Car,mercedes_benz,s_class,S 580e 4MATIC,79,139446.98734177215
2025-11-01,Premium Luxury Car,porsche,panamera,4,585,137366.73675213676
2025-11-01,Premium Luxury Car,porsche,panamera,4 E-Hybrid,62,148474.75806451612
2025-11-01,Premium Luxury Car,porsche,panamera,4S,5,167590.2
2025-11-01,Premium Luxury Car,porsche,panamera,4S E-Hybrid,4,165064.0
2025-11-01,Premium Luxury Car,porsche,panamera,Base,215,133284.60930232558
2025-11-01,Premium Luxury Car,porsche,panamera,GTS,34,187926.4411764706
2025-11-01,Premium Luxury Car,porsche,panamera,Turbo,11,233411.0
2025-11-01,Premium Luxury Car,porsche,panamera,Turbo E-Hybrid,17,238991.5294117647
2025-11-01,Premium Luxury Car,porsche,panamera,Turbo S E-Hybrid,3,264210.0
2025-11-01,Premium Luxury Car,rolls_royce,ghost,Base,14,440557.23076923075
2025-11-01,Premium Luxury Car,rolls_royce,ghost,Black Badge,5,518232.5
2025-12-01,Entry Luxury EV SUV,genesis,gv60,"19""""",21,55242.142857142855
2025-12-01,Entry Luxury EV SUV,genesis,gv60,Advanced,10,57292.4
2025-12-01,Entry Luxury EV SUV,genesis,gv60,"Advanced 20""""",3,58274.0
2025-12-01,Entry Luxury EV SUV,genesis,gv60,Performance,11,67636.90909090909
2025-12-01,Entry Luxury EV SUV,genesis,gv60,Standard,31,51667.74193548387
2025-12-01,Entry Luxury EV SUV,volvo,c40_recharge,Core,3,49388.333333333336
2025-12-01,Entry Luxury EV SUV,volvo,c40_recharge,Twin Core,4,49516.5
2025-12-01,Entry Luxury EV SUV,volvo,c40_recharge,Twin Plus,2,52488.5
2025-12-01,Entry Luxury EV SUV,volvo,c40_recharge,Twin Ultimate,1,62920.0
2025-12-01,Entry Luxury EV SUV,volvo,c40_recharge,Ultimate,1,60590.0
2025-12-01,Entry Luxury EV SUV,volvo,ex30,Cross Country Ultra,130,50263.7
2025-12-01,Entry Luxury EV SUV,volvo,ex30,"Cross Country Ultra, Twin Motor Performance, Ful",11,50732.36363636364
2025-12-01,Entry Luxury EV SUV,volvo,ex30,Plus,1,42090.0
2025-12-01,Entry Luxury EV SUV,volvo,ex30,"Plus Twin Motor Performance, Fully electric",56,46903.017857142855
2025-12-01,Entry Luxury EV SUV,volvo,ex30,"Plus, Single Motor, Fuly electric",6,41441.0
2025-12-01,Entry Luxury EV SUV,volvo,ex30,Twin Motor Plus,157,45742.91082802548
2025-12-01,Entry Luxury EV SUV,volvo,ex30,Twin Motor Ultra,82,47643.30487804878
2025-12-01,Entry Luxury EV SUV,volvo,ex30,Ultra,155,48508.6129032258
2025-12-01,Entry Luxury EV SUV,volvo,ex30,"Ultra Twin Motor Performance, Fully electric",40,48462.0
2025-12-01,Entry Luxury EV SUV,volvo,ex40,Single Motor Extended Range Core,4,52241.75
2025-12-01,Entry Luxury EV SUV,volvo,ex40,Single Motor Extended Range Plus,43,58549.27906976744
2025-12-01,Entry Luxury EV SUV,volvo,ex40,Twin Motor Core,13,53902.166666666664
2025-12-01,Entry Luxury EV SUV,volvo,ex40,Twin Motor Plus,35,60297.77142857143
2025-12-01,Entry Luxury EV SUV,volvo,ex40,Twin Motor Ultra Black Edition,4,61889.75
2025-12-01,Mid Luxury Car,audi,a6_e_tron,Premium,37,66959.05405405405
2025-12-01,Mid Luxury Car,audi,a6_e_tron,Premium Plus,76,67149.27631578948
2025-12-01,Mid Luxury Car,audi,a6_e_tron,Prestige,29,73853.10714285714
2025-12-01,Mid Luxury Car,audi,a6_s6,2.9T quattro Premium,1,78285.0
2025-12-01,Mid Luxury Car,audi,a6_s6,2.9T quattro Premium Plus,8,81310.125
2025-12-01,Mid Luxury Car,audi,a6_s6,2.9T quattro Prestige,3,88001.66666666667
2025-12-01,Mid Luxury Car,audi,a6_s6,4.0T quattro Avant performance,34,146627.79411764705
2025-12-01,Mid Luxury Car,audi,a6_s6,Premium 55 TFSI quattro S tronic,5,81494.0
2025-12-01,Mid Luxury Car,audi,a6_s6,Premium Plus,8,74872.5
2025-12-01,Mid Luxury Car,audi,a6_s6,Premium Plus quattro S tronic,635,72124.45826771653
2025-12-01,Mid Luxury Car,audi,a6_s6,Premium quattro S tronic,24,67651.34782608696
2025-12-01,Mid Luxury Car,audi,a6_s6,Prestige,2,81340.0
2025-12-01,Mid Luxury Car,audi,a6_s6,Prestige TFSI quattro Tiptronic,10,93578.4
2025-12-01,Mid Luxury Car,audi,a6_s6,Prestige quattro S tronic,51,75504.2156862745
2025-12-01,Mid Luxury Car,audi,a6_s6,Technik,80,77525.925
2025-12-01,Mid Luxury Car,audi,a6_s6,performance,9,146669.22222222222
2025-12-01,Mid Luxury Car,audi,a6_s6,performance TFSI quattro Tiptronic,1,226340.0
2025-12-01,Mid Luxury Car,audi,a6_s6,quattro Premium 45 TFSI,20,55333.35
2025-12-01,Mid Luxury Car,audi,a6_s6,quattro Premium 55 TFSI,13,62709.230769230766
2025-12-01,Mid Luxury Car,audi,a6_s6,quattro Premium Plus 45 TFSI,74,59478.808219178085
2025-12-01,Mid Luxury Car,audi,a6_s6,quattro Premium Plus 55 TFSI,150,71117.84333333334
2025-12-01,Mid Luxury Car,audi,a6_s6,quattro Prestige 55 TFSI,58,71972.71385964913
2025-12-01,Mid Luxury Car,audi,a6_s6,quattro tiptronic,277,150880.3032490975
2025-12-01,Mid Luxury Car,audi,a7_s7,2.9T quattro Premium Plus,3,89418.0
2025-12-01,Mid Luxury Car,audi,a7_s7,2.9T quattro Prestige,8,106152.5
2025-12-01,Mid Luxury Car,audi,a7_s7,quattro Premium 55 TFSI,4,75169.75
2025-12-01,Mid Luxury Car,audi,a7_s7,quattro Premium Plus 55 TFSI,17,77722.1875
2025-12-01,Mid Luxury Car,audi,a7_s7,quattro Prestige 55 TFSI,10,85841.8
2025-12-01,Mid Luxury Car,audi,a7_s7_rs_7,4.0T quattro performance,94,145816.46808510637
2025-12-01,Mid Luxury Car,audi,a7_s7_rs_7,performance,2,143620.0
2025-12-01,Mid Luxury Car,audi,a7_s7_rs_7,quattro tiptronic,186,150788.1935483871
2025-12-01,Mid Luxury Car,bmw,5_series,530i,1032,68355.45833333333
2025-12-01,Mid Luxury Car,bmw,5_series,530i xDrive,776,69787.78092783505
2025-12-01,Mid Luxury Car,bmw,5_series,540i xDrive,196,79478.74489795919
2025-12-01,Mid Luxury Car,bmw,5_series,550e xDrive,297,84981.99663299663
2025-12-01,Mid Luxury Car,bmw,5_series,xDrive,415,73996.72754216868
2025-12-01,Mid Luxury Car,bmw,m5,Base,482,133179.4460580913
2025-12-01,Mid Luxury Car,bmw,m5,Base (A8),128,135413.15625
2025-12-01,Mid Luxury Car,bmw,m5,Touring,9,137025.55555555556
2025-12-01,Mid Luxury Car,genesis,g80,2.5T,191,64989.61256544503
2025-12-01,Mid Luxury Car,genesis,g80,2.5T Advanced,193,66072.9792746114
2025-12-01,Mid Luxury Car,genesis,g80,2.5T Sport Prestige,166,72297.27108433735
2025-12-01,Mid Luxury Car,genesis,g80,3.5T Prestige Black,210,81607.19523809524
2025-12-01,Mid Luxury Car,genesis,g80,3.5T Sport,100,73624.44
2025-12-01,Mid Luxury Car,genesis,g80,3.5T Sport Advanced,30,69392.63333333333
2025-12-01,Mid Luxury Car,genesis,g80,3.5T Sport Prestige,230,80621.88695652173
2025-12-01,Mid Luxury Car,genesis,g80,Advanced,8,64639.42857142857
2025-12-01,Mid Luxury Car,genesis,g80,Base,2,60586.0
2025-12-01,Mid Luxury Car,jaguar,xf,P250 R-Dynamic SE,7,54353.0
2025-12-01,Mid Luxury Car,jaguar,xf,P300 R-Dynamic SE,90,56908.5
2025-12-01,Mid Luxury Car,maserati,ghibli,334 Ultima,2,163195.0
2025-12-01,Mid Luxury Car,maserati,ghibli,Modena Q4,17,91095.70588235294
2025-12-01,Mid Luxury Car,maserati,ghibli,Modena Ultima Q4,20,102244.75
2025-12-01,Mid Luxury Car,maserati,ghibli,Trofeo,1,130000.0
2025-12-01,Mid Luxury Car,mercedes_benz,cle,AMG CLE 53,1114,93336.0763734291
2025-12-01,Mid Luxury Car,mercedes_benz,cle,CLE 300,1,75285.0
2025-12-01,Mid Luxury Car,mercedes_benz,cle,CLE 300 4MATIC,1555,71692.3906949807
2025-12-01,Mid Luxury Car,mercedes_benz,cle,CLE 450 4MATIC,19,74817.63157894737
2025-12-01,Mid Luxury Car,mercedes_benz,e_class,AMG E 53,572,108060.11564685313
2025-12-01,Mid Luxury Car,mercedes_benz,e_class,E 350,1352,72616.97411242603
2025-12-01,Mid Luxury Car,mercedes_benz,e_class,E 350 4MATIC,892,75150.2903587444
2025-12-01,Mid Luxury Car,mercedes_benz,e_class,E 450 4MATIC,226,83595.8982300885
2025-12-01,Mid Luxury Car,mercedes_benz,e_class,E 450 4MATIC All-Terrain,226,86350.34222222223
2025-12-01,Mid Luxury Car,volvo,s90,B6 Plus,34,59019.0
2025-12-01,Mid Luxury Car,volvo,s90,B6 Ultimate,1,65925.0
2025-12-01,Mid Luxury Car,volvo,s90,B6 Ultra,4,65321.5
2025-12-01,Mid Luxury Car,volvo,s90,T8 Ultimate,10,61765.8
2025-12-01,Mid Luxury Car,volvo,s90,T8 Ultra,2,66716.5
2025-12-01,Mid Luxury Car,volvo,v90,B6 Plus,10,61055.1
2025-12-01,Mid Luxury Car,volvo,v90,B6 Ultra,19,68394.1052631579
2025-12-01,Mid Luxury SUV,acura,mdx,Base,210,53422.65071770335
2025-12-01,Mid Luxury SUV,acura,mdx,SH-AWD,658,55678.784194528875
2025-12-01,Mid Luxury SUV,acura,mdx,SH-AWD Type S w/Advance Package,569,77603.460456942
2025-12-01,Mid Luxury SUV,acura,mdx,SH-AWD w/A-SPEC,277,64123.375451263535
2025-12-01,Mid Luxury SUV,acura,mdx,SH-AWD w/Advance,42,68153.66666666667
2025-12-01,Mid Luxury SUV,acura,mdx,SH-AWD w/Platinum Elite w/A-Spec,49,70275.8163265306
2025-12-01,Mid Luxury SUV,acura,mdx,SH-AWD w/Tech,1434,60959.77057182706
2025-12-01,Mid Luxury SUV,acura,mdx,Type S Advance Package,1,77800.0
2025-12-01,Mid Luxury SUV,acura,mdx,w/A-Spec Advance Package,1000,70603.413
2025-12-01,Mid Luxury SUV,acura,mdx,w/A-Spec Package,1548,64157.27906976744
2025-12-01,Mid Luxury SUV,acura,mdx,w/Advance Package,27,67670.85185185185
2025-12-01,Mid Luxury SUV,acura,mdx,w/Tech,43,58034.075
2025-12-01,Mid Luxury SUV,acura,mdx,w/Technology Package,1236,58907.33090614887
2025-12-01,Mid Luxury SUV,audi,q7,Premium,53,67107.46153846153
2025-12-01,Mid Luxury SUV,audi,q7,Premium TFSI quattro tiptronic,1,65187.0
2025-12-01,Mid Luxury SUV,audi,q7,Prestige,12,82868.0
2025-12-01,Mid Luxury SUV,audi,q7,Prestige 55 TFSI quattro tiptronic,102,83102.6568627451
2025-12-01,Mid Luxury SUV,audi,q7,quattro Premium 45 TFSI,297,64936.59259259259
2025-12-01,Mid Luxury SUV,audi,q7,quattro Premium 55 TFSI,89,68364.42696629213
2025-12-01,Mid Luxury SUV,audi,q7,quattro Premium Plus 45 TFSI,292,68158.21575342465
2025-12-01,Mid Luxury SUV,audi,q7,quattro Premium Plus 55 TFSI,1928,72291.83506224066
2025-12-01,Mid Luxury SUV,audi,q7,quattro Prestige 55 TFSI,190,79512.95263157894
2025-12-01,Mid Luxury SUV,audi,q7_sq7,4.0T quattro Premium Plus,14,97996.07142857143
2025-12-01,Mid Luxury SUV,audi,q7_sq7,4.0T quattro Prestige,46,112633.30434782608
2025-12-01,Mid Luxury SUV,audi,q7_sq7,Prestige,50,106385.88
2025-12-01,Mid Luxury SUV,bmw,x5,Competition,322,142240.8788819876
2025-12-01,Mid Luxury SUV,bmw,x5,M60i,1345,103853.71598513011
2025-12-01,Mid Luxury SUV,bmw,x5,sDrive40i,2507,77942.45033905066
2025-12-01,Mid Luxury SUV,bmw,x5,xDrive40i,6937,80494.87689202826
2025-12-01,Mid Luxury SUV,bmw,x5,xDrive50e,2915,84972.25934819898
2025-12-01,Mid Luxury SUV,bmw,x5_xdrive45e,Competition,136,146639.82352941178
2025-12-01,Mid Luxury SUV,bmw,x6,M60i,476,108384.0
2025-12-01,Mid Luxury SUV,bmw,x6,xDrive40i,1269,87564.35145784082
2025-12-01,Mid Luxury SUV,cadillac,xt5,Coachbuilder- Funeral Hearse,9,45402.0
2025-12-01,Mid Luxury SUV,cadillac,xt5,Luxury,476,44796.3487394958
2025-12-01,Mid Luxury SUV,cadillac,xt5,Luxury AWD,148,47859.47297297297
2025-12-01,Mid Luxury SUV,cadillac,xt5,Luxury FWD,192,46162.098958333336
2025-12-01,Mid Luxury SUV,cadillac,xt5,Premium Luxury,2060,54278.792233009706
2025-12-01,Mid Luxury SUV,cadillac,xt5,Premium Luxury AWD,737,59711.880597014926
2025-12-01,Mid Luxury SUV,cadillac,xt5,Premium Luxury FWD,343,57948.7084548105
2025-12-01,Mid Luxury SUV,cadillac,xt5,Sport,310,61163.76129032258
2025-12-01,Mid Luxury SUV,cadillac,xt5,Sport AWD,154,65172.954545454544
2025-12-01,Mid Luxury SUV,cadillac,xt6,Luxury,629,48696.20031796503
2025-12-01,Mid Luxury SUV,cadillac,xt6,Premium Luxury,1261,58824.70023790642
2025-12-01,Mid Luxury SUV,cadillac,xt6,Sport,381,65198.02887139108
2025-12-01,Mid Luxury SUV,genesis,gv80,2.5T,10,59393.6
2025-12-01,Mid Luxury SUV,genesis,gv80,2.5T AWD,101,62675.35643564357
2025-12-01,Mid Luxury SUV,genesis,gv80,2.5T Advanced,676,70786.31952662722
2025-12-01,Mid Luxury SUV,genesis,gv80,2.5T Prestige,696,75448.1551724138
2025-12-01,Mid Luxury SUV,genesis,gv80,2.5T Select,442,65833.43990929706
2025-12-01,Mid Luxury SUV,genesis,gv80,2.5T Standard,38,59040.34210526316
2025-12-01,Mid Luxury SUV,genesis,gv80,2.5T Standard AWD,74,60047.43243243243
2025-12-01,Mid Luxury SUV,genesis,gv80,3.5T,17,71359.17647058824
2025-12-01,Mid Luxury SUV,genesis,gv80,3.5T Advanced,631,77987.9619651347
2025-12-01,Mid Luxury SUV,genesis,gv80,3.5T Prestige Black AWD,734,85976.4591280654
2025-12-01,Mid Luxury SUV,genesis,gv80,3.5T Prestige Signature,1883,83467.13011152417
2025-12-01,Mid Luxury SUV,genesis,gv80_coupe,3.5T,58,84435.91379310345
2025-12-01,Mid Luxury SUV,genesis,gv80_coupe,3.5T E-SC,654,88447.88532110091
2025-12-01,Mid Luxury SUV,genesis,gv80_coupe,3.5T E-SC MHEV AWD,190,90185.16315789474
2025-12-01,Mid Luxury SUV,genesis,gv80_coupe,3.5T E-SC Prestige Black AWD,2,91988.0
2025-12-01,Mid Luxury SUV,genesis,gv80_coupe,3.5T V6 AWD,10,78257.1
2025-12-01,Mid Luxury SUV,genesis,gv80_coupe,3.5T e-SC Prestige Black,219,91953.4633027523
2025-12-01,Mid Luxury SUV,ineos,grenadier,1924 Limited Edition,572,88824.24475524476
2025-12-01,Mid Luxury SUV,ineos,grenadier,Base,147,84334.6462585034
2025-12-01,Mid Luxury SUV,ineos,grenadier,Fieldmaster,29,77468.55172413793
2025-12-01,Mid Luxury SUV,ineos,grenadier,Trialmaster,12,77421.72727272728
2025-12-01,Mid Luxury SUV,infiniti,qx60,Autograph,1307,67224.5623565417
2025-12-01,Mid Luxury SUV,infiniti,qx60,Luxe,2936,56626.10490463215
2025-12-01,Mid Luxury SUV,infiniti,qx60,Pure,188,49823.90425531915
2025-12-01,Mid Luxury SUV,infiniti,qx60,SPORT,1002,61009.67365269461
2025-12-01,Mid Luxury SUV,infiniti,qx60,SPORT AWD,2,63885.0
2025-12-01,Mid Luxury SUV,infiniti,qx60,Sensory,21,58019.619047619046
2025-12-01,Mid Luxury SUV,jaguar,f_pace,P250 R-Dynamic S,1412,64908.44989339019
2025-12-01,Mid Luxury SUV,jaguar,f_pace,P250 S,13,64035.0
2025-12-01,Mid Luxury SUV,jaguar,f_pace,P400 R-Dynamic S,418,76317.77511961723
2025-12-01,Mid Luxury SUV,jaguar,f_pace,SVR 575 EDITION,56,99880.30357142857
2025-12-01,Mid Luxury SUV,land_rover,defender,110 P300 S,866,75118.04503464203
2025-12-01,Mid Luxury SUV,land_rover,defender,110 P400 S,155,80063.05806451612
2025-12-01,Mid Luxury SUV,land_rover,defender,110 P400 X,13,98073.0
2025-12-01,Mid Luxury SUV,land_rover,defender,110 P400 X-Dynamic SE,510,88465.95294117647
2025-12-01,Mid Luxury SUV,land_rover,defender,110 P500 X-Dynamic SE,184,109709.06521739131
2025-12-01,Mid Luxury SUV,land_rover,defender,110 V8 P500 SE,12,101068.91666666667
2025-12-01,Mid Luxury SUV,land_rover,defender,110 V8 P525,190,122258.98421052631
2025-12-01,Mid Luxury SUV,land_rover,defender,130 P300 S,142,84284.18309859154
2025-12-01,Mid Luxury SUV,land_rover,defender,130 P400 Outbound,14,90847.71428571429
2025-12-01,Mid Luxury SUV,land_rover,defender,130 P400 S,55,90948.29090909091
2025-12-01,Mid Luxury SUV,land_rover,defender,130 P400 X,15,104747.46666666666
2025-12-01,Mid Luxury SUV,land_rover,defender,130 P400 X-Dynamic SE,224,96665.47767857143
2025-12-01,Mid Luxury SUV,land_rover,defender,130 P500 V8,81,126124.23456790124
2025-12-01,Mid Luxury SUV,land_rover,defender,130 V8 P500,68,132843.07352941178
2025-12-01,Mid Luxury SUV,land_rover,defender,90 P300 S,26,67718.38461538461
2025-12-01,Mid Luxury SUV,land_rover,defender,90 P400 X-Dynamic SE,38,78078.13157894737
2025-12-01,Mid Luxury SUV,land_rover,defender,90 P525 V8,19,115691.78947368421
2025-12-01,Mid Luxury SUV,land_rover,defender,90 V8,2,102008.0
2025-12-01,Mid Luxury SUV,land_rover,defender,90 V8 Carpathian Edition,2,109980.0
2025-12-01,Mid Luxury SUV,land_rover,defender,OCTA,106,176280.75238095238
2025-12-01,Mid Luxury SUV,land_rover,defender,P300 S,4,81217.75
2025-12-01,Mid Luxury SUV,land_rover,defender,P400 X-Dynamic SE,1,91580.0
2025-12-01,Mid Luxury SUV,land_rover,defender,P635 OCTA,8,164800.25
2025-12-01,Mid Luxury SUV,land_rover,defender,P635 OCTA Black,1,228785.0
2025-12-01,Mid Luxury SUV,land_rover,defender,P635 OCTA Edition One,11,171908.9090909091
2025-12-01,Mid Luxury SUV,land_rover,defender,S,66,78584.01515151515
2025-12-01,Mid Luxury SUV,land_rover,defender,X,2,103887.5
2025-12-01,Mid Luxury SUV,land_rover,defender,X-Dynamic SE,30,91054.06666666667
2025-12-01,Mid Luxury SUV,land_rover,discovery,Gemini Edition,195,79419.75384615385
2025-12-01,Mid Luxury SUV,land_rover,discovery,P300 Dynamic SE,172,72066.71511627907
2025-12-01,Mid Luxury SUV,land_rover,discovery,P300 S,219,67552.08675799087
2025-12-01,Mid Luxury SUV,land_rover,discovery,P360 Dynamic SE,234,78708.1452991453
2025-12-01,Mid Luxury SUV,land_rover,discovery,P360 HSE R-Dynamic,1,60390.0
2025-12-01,Mid Luxury SUV,land_rover,discovery,P360 Metropolitan,57,84770.64912280702
2025-12-01,Mid Luxury SUV,land_rover,discovery,Tempest Edition,12,86620.33333333333
2025-12-01,Mid Luxury SUV,land_rover,range_rover_velar,Autobiography,22,87097.95454545454
2025-12-01,Mid Luxury SUV,land_rover,range_rover_velar,Dynamic SE,454,75159.40748898678
2025-12-01,Mid Luxury SUV,land_rover,range_rover_velar,P250 Dynamic SE,240,72050.69583333333
2025-12-01,Mid Luxury SUV,land_rover,range_rover_velar,P250 S,129,66988.7054263566
2025-12-01,Mid Luxury SUV,land_rover,range_rover_velar,P400 Autobiography,7,88493.14285714286
2025-12-01,Mid Luxury SUV,land_rover,range_rover_velar,P400 Dynamic HSE,12,84910.16666666667
2025-12-01,Mid Luxury SUV,land_rover,range_rover_velar,P400 Dynamic SE,92,78751.03260869565
2025-12-01,Mid Luxury SUV,land_rover,range_rover_velar,S,207,68277.85507246378
2025-12-01,Mid Luxury SUV,lexus,gx_series,Luxury+,176,86274.15340909091
2025-12-01,Mid Luxury SUV,lexus,gx_series,Overtrail,32,78131.15625
2025-12-01,Mid Luxury SUV,lexus,gx_series,Overtrail+,120,84920.36666666667
2025-12-01,Mid Luxury SUV,lexus,gx_series,Premium,2,69703.5
2025-12-01,Mid Luxury SUV,lexus,gx_series,Premium+,353,74466.17847025496
2025-12-01,Mid Luxury SUV,lexus,rx_series,Base,89,59531.520561797755
2025-12-01,Mid Luxury SUV,lexus,rx_series,F SPORT Design,146,61693.44650684931
2025-12-01,Mid Luxury SUV,lexus,rx_series,F SPORT Handling,51,64838.82352941176
2025-12-01,Mid Luxury SUV,lexus,rx_series,F SPORT Performance,69,75920.49275362318
2025-12-01,Mid Luxury SUV,lexus,rx_series,Luxury,997,71682.69325977933
2025-12-01,Mid Luxury SUV,lexus,rx_series,Premium,1183,58693.01001690618
2025-12-01,Mid Luxury SUV,lexus,rx_series,Premium+,2908,61320.691760660215
2025-12-01,Mid Luxury SUV,lexus,tx,Base,21,65887.28571428571
2025-12-01,Mid Luxury SUV,lexus,tx,F SPORT Handling,372,70598.25268817204
2025-12-01,Mid Luxury SUV,lexus,tx,F SPORT Performance Luxury,95,78087.26315789473
2025-12-01,Mid Luxury SUV,lexus,tx,F SPORT Performance Premium,868,74683.55760368664
2025-12-01,Mid Luxury SUV,lexus,tx,F SPORT Premium,4,77719.5
2025-12-01,Mid Luxury SUV,lexus,tx,Luxury,807,72316.26338289965
2025-12-01,Mid Luxury SUV,lexus,tx,Premium,1994,65493.68706118355
2025-12-01,Mid Luxury SUV,lincoln,aviator,Black Label,617,88266.16369529984
2025-12-01,Mid Luxury SUV,lincoln,aviator,Grand Touring,1,67150.0
2025-12-01,Mid Luxury SUV,lincoln,aviator,Livery,8,60525.0
2025-12-01,Mid Luxury SUV,lincoln,aviator,Premiere,2363,61476.93525179856
2025-12-01,Mid Luxury SUV,lincoln,aviator,Reserve,3797,73690.9670792731
2025-12-01,Mid Luxury SUV,lincoln,nautilus,Black Label,524,79339.106870229
2025-12-01,Mid Luxury SUV,lincoln,nautilus,Premiere,4459,58425.21170666069
2025-12-01,Mid Luxury SUV,lincoln,nautilus,Reserve,3794,67044.29045861887
2025-12-01,Mid Luxury SUV,lincoln,nautilus,Standard,1,50970.0
2025-12-01,Mid Luxury SUV,mercedes_benz,benz_amg_gle,4MATIC+,1414,101528.13711960368
2025-12-01,Mid Luxury SUV,mercedes_benz,benz_amg_gle,S 4MATIC+,296,143695.4391891892
2025-12-01,Mid Luxury SUV,mercedes_benz,gle_class,4MATIC,387,83168.68248062015
2025-12-01,Mid Luxury SUV,mercedes_benz,gle_class,AMG GLE 53,1346,100836.12555720654
2025-12-01,Mid Luxury SUV,mercedes_benz,gle_class,AMG GLE 63 S,589,142261.6349745331
2025-12-01,Mid Luxury SUV,mercedes_benz,gle_class,GLE 350,1194,72344.77470686767
2025-12-01,Mid Luxury SUV,mercedes_benz,gle_class,GLE 350 4MATIC,5469,74153.08959590418
2025-12-01,Mid Luxury SUV,mercedes_benz,gle_class,GLE 450 4MATIC,4736,83438.78441722973
2025-12-01,Mid Luxury SUV,mercedes_benz,gle_class,GLE 450e 4MATIC,15,78931.13333333333
2025-12-01,Mid Luxury SUV,mercedes_benz,gle_class,GLE 580 4MATIC,399,99792.92713567839
2025-12-01,Mid Luxury SUV,volvo,xc90,B5 Core,479,60617.020876826726
2025-12-01,Mid Luxury SUV,volvo,xc90,B5 Core Bright Theme,2,60705.0
2025-12-01,Mid Luxury SUV,volvo,xc90,B5 Plus,8,56616.28571428572
2025-12-01,Mid Luxury SUV,volvo,xc90,B5 Plus 6-Seater,53,65891.96226415095
2025-12-01,Mid Luxury SUV,volvo,xc90,B5 Plus 7-Seater,631,65684.79080824088
2025-12-01,Mid Luxury SUV,volvo,xc90,B5 Plus Bright Theme,3,57958.0
2025-12-01,Mid Luxury SUV,volvo,xc90,B5 Ultra,3,69032.0
2025-12-01,Mid Luxury SUV,volvo,xc90,B5 Ultra 6-Seater,55,70937.61818181818
2025-12-01,Mid Luxury SUV,volvo,xc90,B5 Ultra 7-Seater,32,69739.9375
2025-12-01,Mid Luxury SUV,volvo,xc90,B6 Core,221,64792.972850678736
2025-12-01,Mid Luxury SUV,volvo,xc90,B6 Plus 6-Seater,518,70541.36679536679
2025-12-01,Mid Luxury SUV,volvo,xc90,B6 Plus 6P,21,61173.42857142857
2025-12-01,Mid Luxury SUV,volvo,xc90,B6 Plus 7-Seater,3756,69201.68024494142
2025-12-01,Mid Luxury SUV,volvo,xc90,B6 Plus 7P,107,60200.07692307692
2025-12-01,Mid Luxury SUV,volvo,xc90,B6 Plus Bright Theme 7P,2,56896.5
2025-12-01,Mid Luxury SUV,volvo,xc90,B6 Ultimate Bright Theme 6P,2,73428.5
2025-12-01,Mid Luxury SUV,volvo,xc90,B6 Ultimate Bright Theme 7P,5,63475.4
2025-12-01,Mid Luxury SUV,volvo,xc90,B6 Ultra,76,71437.18421052632
2025-12-01,Mid Luxury SUV,volvo,xc90,B6 Ultra 6-Seater,226,75415.28761061947
2025-12-01,Mid Luxury SUV,volvo,xc90,B6 Ultra 6P,10,70361.3
2025-12-01,Mid Luxury SUV,volvo,xc90,B6 Ultra 7-Seater,2124,73093.45951035782
2025-12-01,Mid Luxury SUV,volvo,xc90,B6 Ultra 7P,28,67999.71428571429
2025-12-01,Mid Luxury SUV,volvo,xc90,B6 Ultra Dark Theme 6-Seater,253,75673.54545454546
2025-12-01,Mid Luxury SUV,volvo,xc90,B6 Ultra Dark Theme 7-Seater,942,75152.38535031847
2025-12-01,Mid Luxury SUV,volvo,xc90,"Core, B5 AWD Gas (mild hybrid), Gasoline, Bright",2,59350.0
2025-12-01,Mid Luxury SUV,volvo,xc90,"Core, B6 AWD Gas (mild hybrid), Gasoline, Bright",1,64673.0
2025-12-01,Mid Luxury SUV,volvo,xc90,"Plus, B5 AWD Gas (mild hybrid), Gasoline, Bright",6,65196.833333333336
2025-12-01,Mid Luxury SUV,volvo,xc90,"Plus, B6 AWD Gas (mild hybrid), Gasoline, Bright",30,69211.46666666666
2025-12-01,Mid Luxury SUV,volvo,xc90,"Plus, T8 AWD, Electric/Gasoline, Bright, 7 Seats",6,80313.66666666667
2025-12-01,Mid Luxury SUV,volvo,xc90,T8 Core,62,74520.64516129032
2025-12-01,Mid Luxury SUV,volvo,xc90,T8 Core 7-Seater,46,70789.39130434782
2025-12-01,Mid Luxury SUV,volvo,xc90,T8 Plus 6-Seater,82,78946.10975609756
2025-12-01,Mid Luxury SUV,volvo,xc90,T8 Plus 6P,19,72590.73684210527
2025-12-01,Mid Luxury SUV,volvo,xc90,T8 Plus 7-Seater,845,78140.95384615385
2025-12-01,Mid Luxury SUV,volvo,xc90,T8 Plus 7P,7,70009.0
2025-12-01,Mid Luxury SUV,volvo,xc90,T8 Plus Bright Theme 6P,1,62070.0
2025-12-01,Mid Luxury SUV,volvo,xc90,T8 Plus Bright Theme 7P,12,69953.83333333333
2025-12-01,Mid Luxury SUV,volvo,xc90,T8 Ultimate Bright Theme 6P,2,70995.0
2025-12-01,Mid Luxury SUV,volvo,xc90,T8 Ultimate Bright Theme 7P,4,73641.5
2025-12-01,Mid Luxury SUV,volvo,xc90,T8 Ultra 6-Seater,29,87142.72413793103
2025-12-01,Mid Luxury SUV,volvo,xc90,T8 Ultra 6P,11,79127.0
2025-12-01,Mid Luxury SUV,volvo,xc90,T8 Ultra 7-Seater,463,83109.63498920086
2025-12-01,Mid Luxury SUV,volvo,xc90,T8 Ultra 7P,18,74630.27777777778
2025-12-01,Mid Luxury SUV,volvo,xc90,T8 Ultra Dark Theme 6-Seater,19,85260.21052631579
2025-12-01,Mid Luxury SUV,volvo,xc90,T8 Ultra Dark Theme 7-Seater,111,85693.64545454546
2025-12-01,Mid Luxury SUV,volvo,xc90,"Ultra Dark Theme, B6 AWD Gas (mild hybrid), Gaso",1,72075.0
2025-12-01,Mid Luxury SUV,volvo,xc90,"Ultra Dark Theme, T8 AWD, Electric/Gasoline, 7 S",1,89719.0
2025-12-01,Mid Luxury SUV,volvo,xc90,"Ultra, T8 AWD, Electric/Gasoline, Bright, 6 Seat",1,83995.0
2025-12-01,Mid Luxury SUV,volvo,xc90,"Ultra, T8 AWD, Electric/Gasoline, Bright, 7 Seat",6,84431.66666666667
2025-12-01,Near Luxury Car,acura,tlx,Base,2,41245.0
2025-12-01,Near Luxury Car,acura,tlx,SH-AWD Type S,2,59845.0
2025-12-01,Near Luxury Car,acura,tlx,SH-AWD w/A-SPEC,931,51305.273899033295
2025-12-01,Near Luxury Car,acura,tlx,w/Tech,524,46379.86259541985
2025-12-01,Near Luxury Car,alfa_romeo,giulia,Base,211,51557.056872037916
2025-12-01,Near Luxury Car,alfa_romeo,giulia,Quadrifoglio,9,83982.77777777778
2025-12-01,Near Luxury Car,alfa_romeo,giulia,Special Edition AWD,3,52405.666666666664
2025-12-01,Near Luxury Car,alfa_romeo,giulia,Sprint,202,48877.5
2025-12-01,Near Luxury Car,alfa_romeo,giulia,Ti,10,44659.6
2025-12-01,Near Luxury Car,alfa_romeo,giulia,Veloce,4,46673.5
2025-12-01,Near Luxury Car,audi,a4_s4,quattro S line Prem Plus 45 TFSI,1,19599.0
2025-12-01,Near Luxury Car,audi,a5,Premium,241,51417.44398340249
2025-12-01,Near Luxury Car,audi,a5,Premium Plus,1906,53957.083945435465
2025-12-01,Near Luxury Car,audi,a5,Premium Plus TFSI quattro S tronic,1272,54325.698113207545
2025-12-01,Near Luxury Car,audi,a5,Premium TFSI quattro S tronic,807,51257.85997521685
2025-12-01,Near Luxury Car,audi,a5,Prestige,112,56193.330357142855
2025-12-01,Near Luxury Car,audi,a5,Prestige TFSI quattro S tronic,308,56207.96103896104
2025-12-01,Near Luxury Car,audi,a5,quattro S line Prem Plus 45 TFSI,6,55553.333333333336
2025-12-01,Near Luxury Car,audi,a5,quattro S line Premium 45 TFSI,10,51225.9
2025-12-01,Near Luxury Car,audi,s5,3.0 TFSI quattro Progressiv,1,61885.0
2025-12-01,Near Luxury Car,audi,s5,3.0T quattro Premium Plus,5,65877.0
2025-12-01,Near Luxury Car,audi,s5,Premium,14,63867.5
2025-12-01,Near Luxury Car,audi,s5,Premium Plus,135,69004.87407407408
2025-12-01,Near Luxury Car,audi,s5,Premium Plus TFSI quattro S tronic,512,69611.966796875
2025-12-01,Near Luxury Car,audi,s5,Prestige,38,75727.02631578948
2025-12-01,Near Luxury Car,audi,s5,Prestige TFSI quattro S tronic,126,75153.97619047618
2025-12-01,Near Luxury Car,bmw,3_series,330i,773,53179.29754204398
2025-12-01,Near Luxury Car,bmw,3_series,330i NA,1119,54384.26720285969
2025-12-01,Near Luxury Car,bmw,3_series,330i NA xDrive,876,56105.97714285714
2025-12-01,Near Luxury Car,bmw,3_series,330i xDrive,497,54579.43863179074
2025-12-01,Near Luxury Car,bmw,3_series,M340i,7,66844.5
2025-12-01,Near Luxury Car,bmw,3_series,M340i NA,208,68631.26923076923
2025-12-01,Near Luxury Car,bmw,3_series,M340i NA xDrive,287,70834.50174216028
2025-12-01,Near Luxury Car,bmw,3_series,M340i xDrive,53,71807.11320754717
2025-12-01,Near Luxury Car,bmw,3_series,NA,507,54379.20118343195
2025-12-01,Near Luxury Car,bmw,3_series,xDrive,168,54883.119047619046
2025-12-01,Near Luxury Car,bmw,3_series,xDrive NA,594,56054.75925925926
2025-12-01,Near Luxury Car,bmw,4_series,430i,815,63727.36254299755
2025-12-01,Near Luxury Car,bmw,4_series,430i Gran Coupe,3,57261.333333333336
2025-12-01,Near Luxury Car,bmw,4_series,430i xDrive,487,66006.29905544149
2025-12-01,Near Luxury Car,bmw,4_series,430i xDrive Gran Coupe,8,57862.75
2025-12-01,Near Luxury Car,bmw,4_series,M440i,255,74990.52333333335
2025-12-01,Near Luxury Car,bmw,4_series,M440i Gran Coupe,11,72153.27272727272
2025-12-01,Near Luxury Car,bmw,4_series,M440i xDrive,312,78511.70182692308
2025-12-01,Near Luxury Car,bmw,4_series,M440i xDrive Gran Coupe,1,73790.0
2025-12-01,Near Luxury Car,bmw,4_series,xDrive,161,66613.80745341614
2025-12-01,Near Luxury Car,bmw,4_series_gran_coupe,xDrive,188,67393.04871657754
2025-12-01,Near Luxury Car,bmw,m3,Base,1,94560.0
2025-12-01,Near Luxury Car,bmw,m3,Base (M6),29,89030.44827586207
2025-12-01,Near Luxury Car,bmw,m3,Competition,42,92596.69047619047
2025-12-01,Near Luxury Car,bmw,m3,Competition xDrive,252,99960.26984126984
2025-12-01,Near Luxury Car,bmw,m3,NA,17,68208.94117647059
2025-12-01,Near Luxury Car,bmw,m3,xDrive,3,71658.33333333333
2025-12-01,Near Luxury Car,bmw,m3,xDrive NA,32,70934.1875
2025-12-01,Near Luxury Car,bmw,m4,Base,37,91326.51351351352
2025-12-01,Near Luxury Car,bmw,m4,Competition,302,102150.29801324503
2025-12-01,Near Luxury Car,bmw,m4,Competition xDrive,253,101228.93675889328
2025-12-01,Near Luxury Car,cadillac,ct5,Base,10,66719.6
2025-12-01,Near Luxury Car,cadillac,ct5,Blackwing,9,120977.11111111111
2025-12-01,Near Luxury Car,cadillac,ct5,Premium Luxury,254,52062.06299212598
2025-12-01,Near Luxury Car,cadillac,ct5,Premium Luxury RWD,890,54921.42808988764
2025-12-01,Near Luxury Car,cadillac,ct5,Sport,160,53562.39375
2025-12-01,Near Luxury Car,cadillac,ct5,Sport RWD,610,56424.45409836066
2025-12-01,Near Luxury Car,cadillac,ct5,V-Series Blackwing RWD,131,122898.0534351145
2025-12-01,Near Luxury Car,cadillac,ct5,V-Series RWD,440,66537.15
2025-12-01,Near Luxury Car,genesis,g70,2.5T,11,44751.0
2025-12-01,Near Luxury Car,genesis,g70,2.5T AWD,340,47451.120588235295
2025-12-01,Near Luxury Car,genesis,g70,2.5T Prestige,23,46662.913043478264
2025-12-01,Near Luxury Car,genesis,g70,2.5T RWD,245,45406.820408163265
2025-12-01,Near Luxury Car,genesis,g70,2.5T RWD Prestige,432,50365.48148148148
2025-12-01,Near Luxury Car,genesis,g70,2.5T Standard,164,44241.365853658535
2025-12-01,Near Luxury Car,genesis,g70,3.3T AWD Sport Prestige,666,53958.06456456456
2025-12-01,Near Luxury Car,genesis,g70,3.3T RWD Sport Prestige,221,55616.69683257918
2025-12-01,Near Luxury Car,genesis,g70,3.3T Sport,1,58445.0
2025-12-01,Near Luxury Car,genesis,g70,3.3T Sport Advanced,135,53768.65925925926
2025-12-01,Near Luxury Car,genesis,g70,3.3T Standard,3,52445.0
2025-12-01,Near Luxury Car,infiniti,q50,Luxe,2,45585.0
2025-12-01,Near Luxury Car,infiniti,q50,Red Sport 400,3,57333.333333333336
2025-12-01,Near Luxury Car,infiniti,q50,Sensory,5,53821.0
2025-12-01,Near Luxury Car,lexus,es_series,Base,3128,48893.02743606139
2025-12-01,Near Luxury Car,lexus,es_series,F SPORT 2,2,49561.5
2025-12-01,Near Luxury Car,lexus,es_series,F SPORT Design,7,51250.42857142857
2025-12-01,Near Luxury Car,lexus,es_series,F SPORT Handling,100,55209.2565
2025-12-01,Near Luxury Car,lexus,es_series,Luxury,187,53593.63887700535
2025-12-01,Near Luxury Car,lexus,es_series,Ultra Luxury,457,55514.51231947485
2025-12-01,Near Luxury Car,lexus,is_series,Base,46,48000.69565217391
2025-12-01,Near Luxury Car,lexus,is_series,F SPORT,617,53014.757893030794
2025-12-01,Near Luxury Car,lexus,is_series,F SPORT Design,289,47312.498235294115
2025-12-01,Near Luxury Car,lexus,is_series,F SPORT Performance,10,67843.8
2025-12-01,Near Luxury Car,lexus,is_series,F SPORT Performance Ultimate Edition,19,72250.42105263157
2025-12-01,Near Luxury Car,lexus,rc_series,F SPORT,35,61585.71428571428
2025-12-01,Near Luxury Car,lexus,rc_series,Final Edition,12,94794.5
2025-12-01,Near Luxury Car,lexus,rc_series,Track Edition,1,106350.0
2025-12-01,Near Luxury Car,mercedes_benz,c_class,AMG C 43,354,73919.8163841808
2025-12-01,Near Luxury Car,mercedes_benz,c_class,AMG C 63 S E Performance,117,100212.17948717948
2025-12-01,Near Luxury Car,mercedes_benz,c_class,C 300,1988,54923.12625754527
2025-12-01,Near Luxury Car,mercedes_benz,c_class,C 300 4MATIC,1990,56757.29949748744
2025-12-01,Near Luxury Car,volvo,s60_v60,B5 Core,1,47465.0
2025-12-01,Near Luxury Car,volvo,s60_v60,B5 Core Dark Theme,5,43542.0
2025-12-01,Near Luxury Car,volvo,s60_v60,B5 Plus,302,54680.77599337748
2025-12-01,Near Luxury Car,volvo,s60_v60,B5 Plus Black Edition,1,51445.0
2025-12-01,Near Luxury Car,volvo,s60_v60,B5 Plus Dark Theme,8,43834.75
2025-12-01,Near Luxury Car,volvo,s60_v60,B5 Ultimate,1,59185.0
2025-12-01,Near Luxury Car,volvo,s60_v60,B5 Ultra,176,60911.39772727273
2025-12-01,Near Luxury Car,volvo,s60_v60,T8 Plus Dark Theme,1,52538.0
2025-12-01,Near Luxury Car,volvo,s60_v60,T8 Polestar Engineered,1,72645.0
2025-12-01,Near Luxury EV SUV,audi,q4_e_tron,Premium,19,56827.52631578947
2025-12-01,Near Luxury EV SUV,audi,q4_e_tron,Premium 45 quattro,1,48000.0
2025-12-01,Near Luxury EV SUV,audi,q4_e_tron,Premium Plus,4,62191.25
2025-12-01,Near Luxury EV SUV,audi,q4_e_tron,quattro Premium 55 TFSI,3,53602.0
2025-12-01,Near Luxury EV SUV,audi,q4_e_tron,quattro Premium Plus 55,1,57500.0
2025-12-01,Near Luxury EV SUV,audi,q4_e_tron,quattro Premium Plus 55 TFSI,53,59733.52830188679
2025-12-01,Near Luxury EV SUV,audi,q4_e_tron,quattro Prestige 55 TFSI,6,60525.0
2025-12-01,Near Luxury EV SUV,cadillac,optiq,Luxury,851,55309.341950646296
2025-12-01,Near Luxury EV SUV,cadillac,optiq,Luxury 1 AWD,162,55183.0
2025-12-01,Near Luxury EV SUV,cadillac,optiq,Luxury 2 AWD,81,57633.320512820515
2025-12-01,Near Luxury EV SUV,cadillac,optiq,Premium Luxury,321,58875.056074766355
2025-12-01,Near Luxury EV SUV,cadillac,optiq,Premium Sport,512,59381.58203125
2025-12-01,Near Luxury EV SUV,cadillac,optiq,Sport,1107,56243.30081300813
2025-12-01,Near Luxury EV SUV,cadillac,optiq,Sport 1 AWD,218,55908.16055045871
2025-12-01,Near Luxury EV SUV,cadillac,optiq,Sport 2 AWD,162,59042.857142857145
2025-12-01,Near Luxury EV SUV,genesis,gv70_ev,Advanced,39,68800.94871794872
2025-12-01,Near Luxury EV SUV,genesis,gv70_ev,Advanced AWD,2,67744.5
2025-12-01,Near Luxury EV SUV,genesis,gv70_ev,Base,24,69834.75
2025-12-01,Near Luxury EV SUV,genesis,gv70_ev,Prestige,1,76240.0
2025-12-01,Near Luxury EV SUV,genesis,gv70_ev,Prestige AWD,1,72450.0
2025-12-01,Near Luxury EV SUV,genesis,gv70_ev,Standard,88,63246.931818181816
2025-12-01,Near Luxury EV SUV,lexus,rz_series,F SPORT,16,61539.030625
2025-12-01,Near Luxury EV SUV,lexus,rz_series,Luxury,15,57746.5
2025-12-01,Near Luxury EV SUV,lexus,rz_series,Premium,649,50400.52020030817
2025-12-01,Near Luxury EV SUV,mercedes_benz,eqb,EQB 250+,9,58567.666666666664
2025-12-01,Near Luxury EV SUV,mercedes_benz,eqb,EQB 300 4MATIC,33,63064.48484848485
2025-12-01,Near Luxury EV SUV,mercedes_benz,eqb,EQB 350 4MATIC,4,65183.75
2025-12-01,Near Luxury EV SUV,porsche,macan_electric,4S,286,106039.33916083915
2025-12-01,Near Luxury SUV,acura,rdx,A-Spec,1,52650.0
2025-12-01,Near Luxury SUV,acura,rdx,SH-AWD,415,46325.67710843374
2025-12-01,Near Luxury SUV,acura,rdx,SH-AWD w/A-SPEC,428,51910.27570093458
2025-12-01,Near Luxury SUV,acura,rdx,SH-AWD w/Advance,161,53965.31055900621
2025-12-01,Near Luxury SUV,acura,rdx,SH-AWD w/Advance w/A-SPEC,178,56083.57062146893
2025-12-01,Near Luxury SUV,acura,rdx,SH-AWD w/Platinum Elite w/A-SPEC,29,56268.24137931035
2025-12-01,Near Luxury SUV,acura,rdx,SH-AWD w/Tech,534,48971.71722846442
2025-12-01,Near Luxury SUV,acura,rdx,w/A-Spec Advance Package,450,56611.29977628635
2025-12-01,Near Luxury SUV,acura,rdx,w/A-Spec Package,622,52499.68327974276
2025-12-01,Near Luxury SUV,acura,rdx,w/Advance Package,409,54586.54523227384
2025-12-01,Near Luxury SUV,acura,rdx,w/Technology Package,740,49490.704054054055
2025-12-01,Near Luxury SUV,alfa_romeo,stelvio,AWD,4,54636.0
2025-12-01,Near Luxury SUV,alfa_romeo,stelvio,Base,94,54796.234042553195
2025-12-01,Near Luxury SUV,alfa_romeo,stelvio,Quadrifoglio,50,88037.04
2025-12-01,Near Luxury SUV,alfa_romeo,stelvio,Quadrifoglio Carbon,1,80377.0
2025-12-01,Near Luxury SUV,alfa_romeo,stelvio,Special Edition Tributo Italiano AWD,34,55177.73529411765
2025-12-01,Near Luxury SUV,alfa_romeo,stelvio,Sprint,526,54053.119771863116
2025-12-01,Near Luxury SUV,alfa_romeo,stelvio,Ti,4,43814.25
2025-12-01,Near Luxury SUV,alfa_romeo,stelvio,Ti Lusso,2,60903.0
2025-12-01,Near Luxury SUV,alfa_romeo,stelvio,Veloce,1,45995.0
2025-12-01,Near Luxury SUV,audi,q5_sq5,Premium,441,55451.62811791383
2025-12-01,Near Luxury SUV,audi,q5_sq5,Premium Plus,2095,59557.9661097852
2025-12-01,Near Luxury SUV,audi,q5_sq5,Premium Plus TFSI quattro S tronic,4596,58798.36183637946
2025-12-01,Near Luxury SUV,audi,q5_sq5,Premium TFSI quattro S tronic,1529,55150.583387835184
2025-12-01,Near Luxury SUV,audi,q5_sq5,Prestige,350,62437.93142857143
2025-12-01,Near Luxury SUV,audi,q5_sq5,Prestige TFSI quattro S tronic,690,61922.65217391304
2025-12-01,Near Luxury SUV,audi,q5_sq5,e quattro S line Prem Pl 55 TFSI,24,66219.70833333333
2025-12-01,Near Luxury SUV,audi,q5_sq5,e quattro S line Premium 55 TFSI,4,62662.5
2025-12-01,Near Luxury SUV,audi,q5_sq5,e quattro S line Prestg 55 TFSI,1,72685.0
2025-12-01,Near Luxury SUV,audi,q5_sq5,quattro Premium 40 TFSI,4,48985.0
2025-12-01,Near Luxury SUV,audi,q5_sq5,quattro Premium Plus 40 TFSI,3,54842.666666666664
2025-12-01,Near Luxury SUV,audi,q5_sq5,quattro S line Prem Plus 45 TFSI,49,57375.32653061225
2025-12-01,Near Luxury SUV,audi,q5_sq5,quattro S line Premium 45 TFSI,14,50900.142857142855
2025-12-01,Near Luxury SUV,audi,sq5,3.0 TFSI quattro Technik,1,76372.0
2025-12-01,Near Luxury SUV,audi,sq5,3.0T quattro Premium Plus,13,69976.23076923077
2025-12-01,Near Luxury SUV,audi,sq5,3.0T quattro Prestige,2,67571.0
2025-12-01,Near Luxury SUV,audi,sq5,Premium,4,67193.75
2025-12-01,Near Luxury SUV,audi,sq5,Premium Plus,182,73477.63186813187
2025-12-01,Near Luxury SUV,audi,sq5,Premium Plus TFSI quattro S tronic,314,72522.97452229299
2025-12-01,Near Luxury SUV,audi,sq5,Prestige,25,74860.36
2025-12-01,Near Luxury SUV,audi,sq5,Prestige TFSI quattro S tronic,62,74340.56451612903
2025-12-01,Near Luxury SUV,bmw,x3,30 xDrive,12907,58187.106608816925
2025-12-01,Near Luxury SUV,bmw,x3,M40i,1,69195.0
2025-12-01,Near Luxury SUV,bmw,x3,M50 xDrive,1153,73541.63746747615
2025-12-01,Near Luxury SUV,bmw,x3,sDrive30i,13,51406.07692307692
2025-12-01,Near Luxury SUV,bmw,x3,xDrive30i,2,53486.0
2025-12-01,Near Luxury SUV,bmw,x4,Base,42,93048.30952380953
2025-12-01,Near Luxury SUV,bmw,x4,M40i,15,74379.0
2025-12-01,Near Luxury SUV,bmw,x4,xDrive30i,73,63315.58904109589
2025-12-01,Near Luxury SUV,cadillac,xt4,Luxury,2,40143.5
2025-12-01,Near Luxury SUV,cadillac,xt4,Premium Luxury,110,45046.74545454545
2025-12-01,Near Luxury SUV,cadillac,xt4,Sport,33,48046.21212121212
2025-12-01,Near Luxury SUV,genesis,gv70,2.5T,719,51236.388038942976
2025-12-01,Near Luxury SUV,genesis,gv70,2.5T Advanced,1770,58939.02826455625
2025-12-01,Near Luxury SUV,genesis,gv70,2.5T Advanced Plus,3,49982.333333333336
2025-12-01,Near Luxury SUV,genesis,gv70,2.5T Prestige,5,52933.2
2025-12-01,Near Luxury SUV,genesis,gv70,2.5T Select,951,54243.82649842271
2025-12-01,Near Luxury SUV,genesis,gv70,2.5T Sport Prestige,1007,62517.4230387289
2025-12-01,Near Luxury SUV,genesis,gv70,2.5T Standard,76,51907.48
2025-12-01,Near Luxury SUV,genesis,gv70,3.5T Sport,173,62882.76878612717
2025-12-01,Near Luxury SUV,genesis,gv70,3.5T Sport Advanced,555,66703.82162162162
2025-12-01,Near Luxury SUV,genesis,gv70,3.5T Sport Prestige,1857,73253.68497576736
2025-12-01,Near Luxury SUV,infiniti,qx50,Luxe,197,42902.43147208122
2025-12-01,Near Luxury SUV,infiniti,qx50,Pure,22,39658.86363636364
2025-12-01,Near Luxury SUV,infiniti,qx50,Sport,224,48497.66071428572
2025-12-01,Near Luxury SUV,infiniti,qx55,Essential,37,52006.91891891892
2025-12-01,Near Luxury SUV,infiniti,qx55,Luxe,85,46751.458823529414
2025-12-01,Near Luxury SUV,infiniti,qx55,Sensory,31,54866.76666666667
2025-12-01,Near Luxury SUV,jaguar,e_pace,P250 R-Dynamic SE,67,53740.58208955224
2025-12-01,Near Luxury SUV,land_rover,discovery_sport,Landmark,10,53805.8
2025-12-01,Near Luxury SUV,land_rover,discovery_sport,P250 Dynamic SE,139,58005.338129496406
2025-12-01,Near Luxury SUV,land_rover,discovery_sport,P250 S,328,53025.08536585366
2025-12-01,Near Luxury SUV,land_rover,discovery_sport,P250 S R-Dynamic,1,56770.0
2025-12-01,Near Luxury SUV,land_rover,discovery_sport,P250 SE,1,51995.0
2025-12-01,Near Luxury SUV,land_rover,range_rover_evoque,P250 Dynamic SE,227,62126.55947136564
2025-12-01,Near Luxury SUV,land_rover,range_rover_evoque,P250 S,536,55914.628731343284
2025-12-01,Near Luxury SUV,lexus,nx_series,Base,1710,52451.509684210505
2025-12-01,Near Luxury SUV,lexus,nx_series,F SPORT Handling,566,61081.661607773865
2025-12-01,Near Luxury SUV,lexus,nx_series,Luxury,606,58698.21077557758
2025-12-01,Near Luxury SUV,lexus,nx_series,Premium,2658,52893.71373212942
2025-12-01,Near Luxury SUV,maserati,grecale,Base,191,84185.41361256545
2025-12-01,Near Luxury SUV,maserati,grecale,Folgore,25,112795.76
2025-12-01,Near Luxury SUV,maserati,grecale,GT,66,71202.65151515152
2025-12-01,Near Luxury SUV,maserati,grecale,Modena,257,86805.96498054474
2025-12-01,Near Luxury SUV,maserati,grecale,Trofeo,34,120190.26470588235
2025-12-01,Near Luxury SUV,mercedes_benz,benz_amg_glc,4MATIC,959,88809.07929092804
2025-12-01,Near Luxury SUV,mercedes_benz,glb,AMG GLB 35,256,65646.328125
2025-12-01,Near Luxury SUV,mercedes_benz,glb,GLB 250,1625,49696.70769230769
2025-12-01,Near Luxury SUV,mercedes_benz,glb,GLB 250 4MATIC,1226,52306.60195758564
2025-12-01,Near Luxury SUV,mercedes_benz,glc_class,4MATIC,593,67473.68802698146
2025-12-01,Near Luxury SUV,mercedes_benz,glc_class,4MATIC SUV,109,57059.72222222222
2025-12-01,Near Luxury SUV,mercedes_benz,glc_class,AMG GLC 43,1238,77026.48061389338
2025-12-01,Near Luxury SUV,mercedes_benz,glc_class,GLC 300,5571,57674.76646921558
2025-12-01,Near Luxury SUV,mercedes_benz,glc_class,GLC 300 4MATIC,6338,59788.24124329441
2025-12-01,Near Luxury SUV,mercedes_benz,glc_class,GLC 350e 4MATIC,67,66775.20895522388
2025-12-01,Near Luxury SUV,porsche,macan,4 Electric,188,99031.48404255319
2025-12-01,Near Luxury SUV,porsche,macan,Base,2677,79561.69480762047
2025-12-01,Near Luxury SUV,porsche,macan,Electric,139,92838.3165467626
2025-12-01,Near Luxury SUV,porsche,macan,Electric 4S,1,113580.0
2025-12-01,Near Luxury SUV,porsche,macan,Electric Turbo,1,127250.0
2025-12-01,Near Luxury SUV,porsche,macan,GTS,292,113163.13356164383
2025-12-01,Near Luxury SUV,porsche,macan,S,911,96639.33699231614
2025-12-01,Near Luxury SUV,porsche,macan,T,363,82629.77685950413
2025-12-01,Near Luxury SUV,porsche,macan,Turbo Electric,156,129807.56410256411
2025-12-01,Near Luxury SUV,volvo,xc60,B5 Core,672,48784.51488095238
2025-12-01,Near Luxury SUV,volvo,xc60,B5 Core Dark Theme,1,37750.0
2025-12-01,Near Luxury SUV,volvo,xc60,B5 Plus,3548,55660.06285231116
2025-12-01,Near Luxury SUV,volvo,xc60,B5 Plus Dark Theme,3,48338.0
2025-12-01,Near Luxury SUV,volvo,xc60,B5 Ultra,1689,61898.48845470693
2025-12-01,Near Luxury SUV,volvo,xc60,B5 Ultra Black Edition,185,63831.56216216216
2025-12-01,Near Luxury SUV,volvo,xc60,Plus Dark Theme,869,56833.57767548907
2025-12-01,Near Luxury SUV,volvo,xc60,T8 Core,85,56990.788235294116
2025-12-01,Near Luxury SUV,volvo,xc60,T8 Plus,523,64243.70114942529
2025-12-01,Near Luxury SUV,volvo,xc60,T8 Polestar Engineered,65,81352.61538461539
2025-12-01,Near Luxury SUV,volvo,xc60,T8 Ultra,372,73303.45698924731
2025-12-01,Near Luxury SUV,volvo,xc60,T8 Ultra Black Edition,27,75305.55555555556
2025-12-01,Near Luxury SUV,volvo,xc60,Ultra Dark Theme,479,64724.86221294363
2025-12-01,Near Luxury SUV,volvo,xc60_recharge,T8 Core Dark Theme,3,50677.333333333336
2025-12-01,Near Luxury SUV,volvo,xc60_recharge,T8 Plus Dark Theme,35,55860.55882352941
2025-12-01,Near Luxury SUV,volvo,xc60_recharge,T8 Polestar Engineered,2,73700.0
2025-12-01,Near Luxury SUV,volvo,xc60_recharge,T8 Ultimate Black Edition,1,76795.0
2025-12-01,Near Luxury SUV,volvo,xc60_recharge,T8 Ultimate Bright Theme,1,70440.0
2025-12-01,Near Luxury SUV,volvo,xc60_recharge,T8 Ultimate Dark Theme,4,65766.25
2025-12-01,Premium Luxury Car,audi,a8_s8,4.0T quattro,101,128903.30693069307
2025-12-01,Premium Luxury Car,audi,a8_s8,55 TFSI quattro Tiptronic,5,103739.0
2025-12-01,Premium Luxury Car,audi,a8_s8,quattro 55 TFSI,100,90690.3
2025-12-01,Premium Luxury Car,bentley,flying_spur,Black Edition,17,312354.1176470588
2025-12-01,Premium Luxury Car,bentley,flying_spur,Speed,24,335135.73913043475
2025-12-01,Premium Luxury Car,bentley,flying_spur,Speed First Edition,36,332445.5833333333
2025-12-01,Premium Luxury Car,bmw,7_series,740i,380,108891.48157894737
2025-12-01,Premium Luxury Car,bmw,7_series,740i xDrive,255,110329.78823529412
2025-12-01,Premium Luxury Car,bmw,7_series,750e xDrive,446,120075.80717488789
2025-12-01,Premium Luxury Car,bmw,7_series,760i xDrive,465,135831.77753779697
2025-12-01,Premium Luxury Car,bmw,7_series,xDrive,159,125848.24616352201
2025-12-01,Premium Luxury Car,genesis,g90,3.5T,3,89509.33333333333
2025-12-01,Premium Luxury Car,genesis,g90,3.5T E-SC MHEV AWD,106,103163.64150943396
2025-12-01,Premium Luxury Car,genesis,g90,3.5T e-Supercharger,123,100807.50406504064
2025-12-01,Premium Luxury Car,genesis,g90,e-SC Prestige Black,150,106160.48666666666
2025-12-01,Premium Luxury Car,lexus,ls_series,Base,3,99247.66666666667
2025-12-01,Premium Luxury Car,maserati,quattroporte,Modena,1,97310.0
2025-12-01,Premium Luxury Car,maserati,quattroporte,Modena Q4,5,105667.4
2025-12-01,Premium Luxury Car,maserati,quattroporte,Modena Ultima Q4,8,130500.33333333333
2025-12-01,Premium Luxury Car,mercedes_benz,s_class,AMG S 63 E Performance,362,209945.88397790055
2025-12-01,Premium Luxury Car,mercedes_benz,s_class,Maybach S 680,27,276076.55555555556
2025-12-01,Premium Luxury Car,mercedes_benz,s_class,Mercedes-Maybach S 580 4MATIC,46,220849.60869565216
2025-12-01,Premium Luxury Car,mercedes_benz,s_class,Mercedes-Maybach S 680 4MATIC,12,297990.5
2025-12-01,Premium Luxury Car,mercedes_benz,s_class,S 500 4MATIC,240,130993.66666666667
2025-12-01,Premium Luxury Car,mercedes_benz,s_class,S 580 4MATIC,1216,144990.48601973685
2025-12-01,Premium Luxury Car,mercedes_benz,s_class,S 580e 4MATIC,76,138425.73684210525
2025-12-01,Premium Luxury Car,porsche,panamera,4,706,139192.60056657225
2025-12-01,Premium Luxury Car,porsche,panamera,4 E-Hybrid,84,148352.94047619047
2025-12-01,Premium Luxury Car,porsche,panamera,4S,7,165867.0
2025-12-01,Premium Luxury Car,porsche,panamera,4S E-Hybrid,7,166208.14285714287
2025-12-01,Premium Luxury Car,porsche,panamera,Base,298,132758.61744966442
2025-12-01,Premium Luxury Car,porsche,panamera,GTS,45,189169.77777777778
2025-12-01,Premium Luxury Car,porsche,panamera,Turbo,14,233895.64285714287
2025-12-01,Premium Luxury Car,porsche,panamera,Turbo E-Hybrid,18,238305.5
2025-12-01,Premium Luxury Car,porsche,panamera,Turbo S,1,276995.0
2025-12-01,Premium Luxury Car,porsche,panamera,Turbo S E-Hybrid,4,271778.5
2025-12-01,Premium Luxury Car,rolls_royce,ghost,Base,9,439324.0
2025-12-01,Premium Luxury Car,rolls_royce,ghost,Black Badge,6,513422.8333333333
2026-01-01,Entry Luxury EV SUV,genesis,gv60,"19""""",16,55656.4375
2026-01-01,Entry Luxury EV SUV,genesis,gv60,Advanced,6,57506.5
2026-01-01,Entry Luxury EV SUV,genesis,gv60,"Advanced 20""""",1,56775.0
2026-01-01,Entry Luxury EV SUV,genesis,gv60,Performance,8,70948.5
2026-01-01,Entry Luxury EV SUV,genesis,gv60,Standard,28,52085.53571428572
2026-01-01,Entry Luxury EV SUV,volvo,c40_recharge,Core,1,57385.0
2026-01-01,Entry Luxury EV SUV,volvo,c40_recharge,Twin Plus,1,38414.0
2026-01-01,Entry Luxury EV SUV,volvo,c40_recharge,Ultimate,1,60590.0
2026-01-01,Entry Luxury EV SUV,volvo,ex30,Cross Country Ultra,369,49482.355013550135
2026-01-01,Entry Luxury EV SUV,volvo,ex30,"Cross Country Ultra, Twin Motor Performance, Ful",25,51068.52
2026-01-01,Entry Luxury EV SUV,volvo,ex30,Plus,3,39491.0
2026-01-01,Entry Luxury EV SUV,volvo,ex30,"Plus Twin Motor Performance, Fully electric",248,45907.6129032258
2026-01-01,Entry Luxury EV SUV,volvo,ex30,"Plus, Single Motor, Fuly electric",13,40797.769230769234
2026-01-01,Entry Luxury EV SUV,volvo,ex30,Twin Motor Plus,141,45651.02836879432
2026-01-01,Entry Luxury EV SUV,volvo,ex30,Twin Motor Ultra,75,47810.68
2026-01-01,Entry Luxury EV SUV,volvo,ex30,Ultra,221,47250.98642533937
2026-01-01,Entry Luxury EV SUV,volvo,ex30,"Ultra Twin Motor Performance, Fully electric",88,47659.48863636364
2026-01-01,Entry Luxury EV SUV,volvo,ex40,Single Motor Extended Range Core,4,51155.75
2026-01-01,Entry Luxury EV SUV,volvo,ex40,Single Motor Extended Range Plus,37,57743.51351351351
2026-01-01,Entry Luxury EV SUV,volvo,ex40,Twin Motor Core,12,54475.63636363636
2026-01-01,Entry Luxury EV SUV,volvo,ex40,Twin Motor Plus,31,59831.645161290326
2026-01-01,Entry Luxury EV SUV,volvo,ex40,Twin Motor Ultra,1,62045.0
2026-01-01,Entry Luxury EV SUV,volvo,ex40,Twin Motor Ultra Black Edition,1,61525.0
2026-01-01,Mid Luxury Car,audi,a6_e_tron,Premium,41,64777.12195121951
2026-01-01,Mid Luxury Car,audi,a6_e_tron,Premium Plus,77,66615.09090909091
2026-01-01,Mid Luxury Car,audi,a6_e_tron,Prestige,25,72139.56
2026-01-01,Mid Luxury Car,audi,a6_s6,2.9T quattro Premium,1,78285.0
2026-01-01,Mid Luxury Car,audi,a6_s6,2.9T quattro Premium Plus,5,80990.2
2026-01-01,Mid Luxury Car,audi,a6_s6,2.9T quattro Prestige,2,92135.5
2026-01-01,Mid Luxury Car,audi,a6_s6,4.0T quattro Avant performance,22,146689.95454545456
2026-01-01,Mid Luxury Car,audi,a6_s6,Premium 55 TFSI quattro S tronic,1,82190.0
2026-01-01,Mid Luxury Car,audi,a6_s6,Premium Plus,9,75322.44444444444
2026-01-01,Mid Luxury Car,audi,a6_s6,Premium Plus quattro S tronic,1109,71917.01713255185
2026-01-01,Mid Luxury Car,audi,a6_s6,Premium quattro S tronic,51,67374.9
2026-01-01,Mid Luxury Car,audi,a6_s6,Prestige TFSI quattro Tiptronic,7,93788.57142857143
2026-01-01,Mid Luxury Car,audi,a6_s6,Prestige quattro S tronic,80,75969.8125
2026-01-01,Mid Luxury Car,audi,a6_s6,Technik,206,77731.02427184465
2026-01-01,Mid Luxury Car,audi,a6_s6,performance,5,143777.0
2026-01-01,Mid Luxury Car,audi,a6_s6,performance TFSI quattro Tiptronic,1,201750.0
2026-01-01,Mid Luxury Car,audi,a6_s6,quattro Premium 45 TFSI,13,56079.38461538462
2026-01-01,Mid Luxury Car,audi,a6_s6,quattro Premium 55 TFSI,10,61777.9
2026-01-01,Mid Luxury Car,audi,a6_s6,quattro Premium Plus 45 TFSI,42,60080.12195121951
2026-01-01,Mid Luxury Car,audi,a6_s6,quattro Premium Plus 55 TFSI,98,72510.73541666666
2026-01-01,Mid Luxury Car,audi,a6_s6,quattro Prestige 55 TFSI,30,74479.822
2026-01-01,Mid Luxury Car,audi,a6_s6,quattro tiptronic,194,150787.29896907217
2026-01-01,Mid Luxury Car,audi,a7_s7,2.9T quattro Premium Plus,3,89646.0
2026-01-01,Mid Luxury Car,audi,a7_s7,2.9T quattro Prestige,5,103965.0
2026-01-01,Mid Luxury Car,audi,a7_s7,quattro Premium 55 TFSI,3,74927.0
2026-01-01,Mid Luxury Car,audi,a7_s7,quattro Premium Plus 55 TFSI,10,77959.44444444444
2026-01-01,Mid Luxury Car,audi,a7_s7,quattro Prestige 55 TFSI,3,84852.33333333333
2026-01-01,Mid Luxury Car,audi,a7_s7_rs_7,4.0T quattro performance,79,144307.13924050634
2026-01-01,Mid Luxury Car,audi,a7_s7_rs_7,performance,1,144257.0
2026-01-01,Mid Luxury Car,audi,a7_s7_rs_7,quattro tiptronic,161,151298.00621118012
2026-01-01,Mid Luxury Car,bmw,5_series,530i,1237,68485.53354890864
2026-01-01,Mid Luxury Car,bmw,5_series,530i xDrive,840,69886.17023809523
2026-01-01,Mid Luxury Car,bmw,5_series,540i xDrive,172,79954.19186046511
2026-01-01,Mid Luxury Car,bmw,5_series,550e xDrive,275,84900.18181818182
2026-01-01,Mid Luxury Car,bmw,5_series,xDrive,608,74512.63286184211
2026-01-01,Mid Luxury Car,bmw,m5,Base,473,133212.22832980973
2026-01-01,Mid Luxury Car,bmw,m5,Base (A8),148,135575.40410958903
2026-01-01,Mid Luxury Car,bmw,m5,Touring,20,137790.7
2026-01-01,Mid Luxury Car,genesis,g80,2.5T,220,65866.70909090909
2026-01-01,Mid Luxury Car,genesis,g80,2.5T Advanced,207,66190.08212560386
2026-01-01,Mid Luxury Car,genesis,g80,2.5T Sport Prestige,196,72416.27040816327
2026-01-01,Mid Luxury Car,genesis,g80,3.5T Prestige Black,191,81504.20418848167
2026-01-01,Mid Luxury Car,genesis,g80,3.5T Prestige Black AWD,1,81595.0
2026-01-01,Mid Luxury Car,genesis,g80,3.5T Sport,74,73413.12162162163
2026-01-01,Mid Luxury Car,genesis,g80,3.5T Sport Advanced,28,68955.53571428571
2026-01-01,Mid Luxury Car,genesis,g80,3.5T Sport Prestige,287,80567.84668989546
2026-01-01,Mid Luxury Car,genesis,g80,Advanced,7,62547.5
2026-01-01,Mid Luxury Car,jaguar,xf,P250 R-Dynamic SE,4,53858.5
2026-01-01,Mid Luxury Car,jaguar,xf,P300 R-Dynamic SE,70,57202.31428571429
2026-01-01,Mid Luxury Car,maserati,ghibli,334 Ultima,1,163195.0
2026-01-01,Mid Luxury Car,maserati,ghibli,Modena Q4,11,85725.63636363637
2026-01-01,Mid Luxury Car,maserati,ghibli,Modena Ultima Q4,18,102085.44444444444
2026-01-01,Mid Luxury Car,mercedes_benz,cle,AMG CLE 53,1094,94526.13899359561
2026-01-01,Mid Luxury Car,mercedes_benz,cle,CLE 300,1,77061.0
2026-01-01,Mid Luxury Car,mercedes_benz,cle,CLE 300 4MATIC,1523,72108.45175427069
2026-01-01,Mid Luxury Car,mercedes_benz,cle,CLE 450 4MATIC,18,73249.0
2026-01-01,Mid Luxury Car,mercedes_benz,e_class,AMG E 53,642,107633.65243369734
2026-01-01,Mid Luxury Car,mercedes_benz,e_class,E 350,1193,72821.6077116513
2026-01-01,Mid Luxury Car,mercedes_benz,e_class,E 350 4MATIC,793,75090.20933165196
2026-01-01,Mid Luxury Car,mercedes_benz,e_class,E 450 4MATIC,311,83722.13504823152
2026-01-01,Mid Luxury Car,mercedes_benz,e_class,E 450 4MATIC All-Terrain,212,86472.61320754717
2026-01-01,Mid Luxury Car,volvo,s90,B6 Plus,23,59409.86956521739
2026-01-01,Mid Luxury Car,volvo,s90,B6 Ultimate,1,65925.0
2026-01-01,Mid Luxury Car,volvo,s90,B6 Ultra,2,61112.0
2026-01-01,Mid Luxury Car,volvo,s90,T8 Ultimate,4,61807.5
2026-01-01,Mid Luxury Car,volvo,s90,T8 Ultra,2,67845.5
2026-01-01,Mid Luxury Car,volvo,v90,B6 Plus,5,59634.6
2026-01-01,Mid Luxury Car,volvo,v90,B6 Ultra,11,68265.18181818182
2026-01-01,Mid Luxury SUV,acura,mdx,Base,209,53458.06796116505
2026-01-01,Mid Luxury SUV,acura,mdx,SH-AWD,745,55740.079194630875
2026-01-01,Mid Luxury SUV,acura,mdx,SH-AWD Type S w/Advance Package,700,77607.35142857143
2026-01-01,Mid Luxury SUV,acura,mdx,SH-AWD w/A-SPEC,270,64224.251851851855
2026-01-01,Mid Luxury SUV,acura,mdx,SH-AWD w/Advance,47,68327.6170212766
2026-01-01,Mid Luxury SUV,acura,mdx,SH-AWD w/Platinum Elite w/A-Spec,53,70419.62264150943
2026-01-01,Mid Luxury SUV,acura,mdx,SH-AWD w/Tech,1346,61024.620356612184
2026-01-01,Mid Luxury SUV,acura,mdx,Type S Advance Package,3,77800.0
2026-01-01,Mid Luxury SUV,acura,mdx,w/A-Spec Advance Package,1266,70607.58893280632
2026-01-01,Mid Luxury SUV,acura,mdx,w/A-Spec Package,1674,64136.46356033453
2026-01-01,Mid Luxury SUV,acura,mdx,w/Advance Package,39,68440.56410256411
2026-01-01,Mid Luxury SUV,acura,mdx,w/Tech,33,57877.48387096774
2026-01-01,Mid Luxury SUV,acura,mdx,w/Technology Package,1352,58857.488905325445
2026-01-01,Mid Luxury SUV,audi,q7,Premium,58,65521.01754385965
2026-01-01,Mid Luxury SUV,audi,q7,Prestige,17,79687.23529411765
2026-01-01,Mid Luxury SUV,audi,q7,Prestige 55 TFSI quattro tiptronic,95,81503.81052631579
2026-01-01,Mid Luxury SUV,audi,q7,quattro Premium 45 TFSI,332,64148.12048192771
2026-01-01,Mid Luxury SUV,audi,q7,quattro Premium 55 TFSI,89,66825.13483146067
2026-01-01,Mid Luxury SUV,audi,q7,quattro Premium Plus 45 TFSI,323,67663.97204968944
2026-01-01,Mid Luxury SUV,audi,q7,quattro Premium Plus 55 TFSI,1962,71464.8873598369
2026-01-01,Mid Luxury SUV,audi,q7,quattro Prestige 55 TFSI,122,78502.48360655738
2026-01-01,Mid Luxury SUV,audi,q7_sq7,4.0T quattro Premium Plus,14,98743.28571428571
2026-01-01,Mid Luxury SUV,audi,q7_sq7,4.0T quattro Prestige,47,114369.6170212766
2026-01-01,Mid Luxury SUV,audi,q7_sq7,Prestige,65,105092.32307692307
2026-01-01,Mid Luxury SUV,bmw,x5,Competition,289,141890.48442906575
2026-01-01,Mid Luxury SUV,bmw,x5,M60i,1131,103880.6525198939
2026-01-01,Mid Luxury SUV,bmw,x5,sDrive40i,2088,77967.49090038314
2026-01-01,Mid Luxury SUV,bmw,x5,xDrive40i,5922,80426.71563660925
2026-01-01,Mid Luxury SUV,bmw,x5,xDrive50e,2853,84925.39992989835
2026-01-01,Mid Luxury SUV,bmw,x5_xdrive45e,Competition,113,146568.40707964601
2026-01-01,Mid Luxury SUV,bmw,x6,M60i,375,108321.06933333333
2026-01-01,Mid Luxury SUV,bmw,x6,xDrive40i,980,87575.58469387755
2026-01-01,Mid Luxury SUV,cadillac,xt5,Luxury,344,44819.6976744186
2026-01-01,Mid Luxury SUV,cadillac,xt5,Luxury AWD,129,47753.90697674418
2026-01-01,Mid Luxury SUV,cadillac,xt5,Luxury FWD,161,46052.8198757764
2026-01-01,Mid Luxury SUV,cadillac,xt5,Premium Luxury,1472,54118.658967391304
2026-01-01,Mid Luxury SUV,cadillac,xt5,Premium Luxury AWD,492,59711.80081300813
2026-01-01,Mid Luxury SUV,cadillac,xt5,Premium Luxury FWD,281,57870.096085409255
2026-01-01,Mid Luxury SUV,cadillac,xt5,Sport,215,61188.59534883721
2026-01-01,Mid Luxury SUV,cadillac,xt5,Sport AWD,114,65339.28947368421
2026-01-01,Mid Luxury SUV,cadillac,xt6,Luxury,444,48809.14864864865
2026-01-01,Mid Luxury SUV,cadillac,xt6,Premium Luxury,876,58694.134703196345
2026-01-01,Mid Luxury SUV,cadillac,xt6,Sport,238,64999.924369747896
2026-01-01,Mid Luxury SUV,genesis,gv80,2.5T,8,59744.75
2026-01-01,Mid Luxury SUV,genesis,gv80,2.5T AWD,128,62692.3671875
2026-01-01,Mid Luxury SUV,genesis,gv80,2.5T Advanced,696,71064.9683908046
2026-01-01,Mid Luxury SUV,genesis,gv80,2.5T Prestige,648,75736.87345679013
2026-01-01,Mid Luxury SUV,genesis,gv80,2.5T Select,390,65908.90231362468
2026-01-01,Mid Luxury SUV,genesis,gv80,2.5T Standard,27,58929.48148148148
2026-01-01,Mid Luxury SUV,genesis,gv80,2.5T Standard AWD,81,60070.358024691355
2026-01-01,Mid Luxury SUV,genesis,gv80,3.5T,12,69790.58333333333
2026-01-01,Mid Luxury SUV,genesis,gv80,3.5T Advanced,592,78199.25675675676
2026-01-01,Mid Luxury SUV,genesis,gv80,3.5T Prestige Black AWD,622,85972.91318327974
2026-01-01,Mid Luxury SUV,genesis,gv80,3.5T Prestige Signature,1642,84058.30633373934
2026-01-01,Mid Luxury SUV,genesis,gv80_coupe,3.5T,61,84348.59016393442
2026-01-01,Mid Luxury SUV,genesis,gv80_coupe,3.5T E-SC,602,89355.86877076412
2026-01-01,Mid Luxury SUV,genesis,gv80_coupe,3.5T E-SC MHEV AWD,217,90259.58064516129
2026-01-01,Mid Luxury SUV,genesis,gv80_coupe,3.5T E-SC Prestige Black AWD,2,91988.0
2026-01-01,Mid Luxury SUV,genesis,gv80_coupe,3.5T V6 AWD,6,79390.33333333333
2026-01-01,Mid Luxury SUV,genesis,gv80_coupe,3.5T e-SC,8,89242.0
2026-01-01,Mid Luxury SUV,genesis,gv80_coupe,3.5T e-SC Prestige Black,217,91926.4331797235
2026-01-01,Mid Luxury SUV,ineos,grenadier,1924 Limited Edition,482,88156.50207468879
2026-01-01,Mid Luxury SUV,ineos,grenadier,Base,107,84364.72897196261
2026-01-01,Mid Luxury SUV,ineos,grenadier,Fieldmaster,24,76793.95833333333
2026-01-01,Mid Luxury SUV,ineos,grenadier,Trialmaster,8,75572.25
2026-01-01,Mid Luxury SUV,infiniti,qx60,Autograph,1090,67174.64954128441
2026-01-01,Mid Luxury SUV,infiniti,qx60,Luxe,2377,56555.88472864956
2026-01-01,Mid Luxury SUV,infiniti,qx60,Pure,129,49644.93798449612
2026-01-01,Mid Luxury SUV,infiniti,qx60,SPORT,981,60951.86034658512
2026-01-01,Mid Luxury SUV,infiniti,qx60,SPORT AWD,4,64619.5
2026-01-01,Mid Luxury SUV,infiniti,qx60,Sensory,15,57116.2
2026-01-01,Mid Luxury SUV,jaguar,f_pace,P250 R-Dynamic S,1261,65101.750198886235
2026-01-01,Mid Luxury SUV,jaguar,f_pace,P400 R-Dynamic S,375,76371.38133333334
2026-01-01,Mid Luxury SUV,jaguar,f_pace,SVR 575 EDITION,42,99550.90476190476
2026-01-01,Mid Luxury SUV,land_rover,defender,110 P300 S,735,75104.64081632653
2026-01-01,Mid Luxury SUV,land_rover,defender,110 P400 S,80,79915.225
2026-01-01,Mid Luxury SUV,land_rover,defender,110 P400 X,6,97836.0
2026-01-01,Mid Luxury SUV,land_rover,defender,110 P400 X-Dynamic SE,1145,88675.07161572052
2026-01-01,Mid Luxury SUV,land_rover,defender,110 P500 X-Dynamic SE,153,110303.39869281046
2026-01-01,Mid Luxury SUV,land_rover,defender,110 V8 P500 SE,9,99938.11111111111
2026-01-01,Mid Luxury SUV,land_rover,defender,110 V8 P525,176,122720.39772727272
2026-01-01,Mid Luxury SUV,land_rover,defender,130 P300 S,249,85296.15261044177
2026-01-01,Mid Luxury SUV,land_rover,defender,130 P400 Outbound,9,91212.22222222222
2026-01-01,Mid Luxury SUV,land_rover,defender,130 P400 S,40,90456.2
2026-01-01,Mid Luxury SUV,land_rover,defender,130 P400 X,11,103985.72727272728
2026-01-01,Mid Luxury SUV,land_rover,defender,130 P400 X-Dynamic SE,337,97729.3590504451
2026-01-01,Mid Luxury SUV,land_rover,defender,130 P500 V8,61,125116.27868852459
2026-01-01,Mid Luxury SUV,land_rover,defender,130 V8 P500,96,133191.78125
2026-01-01,Mid Luxury SUV,land_rover,defender,90 P300 S,13,67496.69230769231
2026-01-01,Mid Luxury SUV,land_rover,defender,90 P400 X-Dynamic SE,21,77142.57142857143
2026-01-01,Mid Luxury SUV,land_rover,defender,90 P525 V8,13,114005.15384615384
2026-01-01,Mid Luxury SUV,land_rover,defender,90 V8,2,100073.0
2026-01-01,Mid Luxury SUV,land_rover,defender,90 V8 Carpathian Edition,2,109980.0
2026-01-01,Mid Luxury SUV,land_rover,defender,OCTA,174,175379.82183908045
2026-01-01,Mid Luxury SUV,land_rover,defender,P300 S,6,79522.16666666667
2026-01-01,Mid Luxury SUV,land_rover,defender,P400 Trophy Edition Keswick,4,96323.0
2026-01-01,Mid Luxury SUV,land_rover,defender,P400 X-Dynamic SE,4,94539.0
2026-01-01,Mid Luxury SUV,land_rover,defender,P525 V8,1,125496.0
2026-01-01,Mid Luxury SUV,land_rover,defender,P635 OCTA,1,170289.0
2026-01-01,Mid Luxury SUV,land_rover,defender,P635 OCTA Black,8,192846.125
2026-01-01,Mid Luxury SUV,land_rover,defender,P635 OCTA Edition One,5,171388.8
2026-01-01,Mid Luxury SUV,land_rover,defender,S,40,79508.7
2026-01-01,Mid Luxury SUV,land_rover,defender,X,6,106197.0
2026-01-01,Mid Luxury SUV,land_rover,defender,X-Dynamic SE,95,91473.52631578948
2026-01-01,Mid Luxury SUV,land_rover,discovery,Gemini Edition,325,79530.67692307693
2026-01-01,Mid Luxury SUV,land_rover,discovery,P300 Dynamic SE,173,72083.45664739884
2026-01-01,Mid Luxury SUV,land_rover,discovery,P300 S,221,67534.99545454545
2026-01-01,Mid Luxury SUV,land_rover,discovery,P360 Dynamic SE,166,78670.82530120482
2026-01-01,Mid Luxury SUV,land_rover,discovery,P360 Metropolitan,36,83937.80555555556
2026-01-01,Mid Luxury SUV,land_rover,discovery,Tempest Edition,25,88235.08
2026-01-01,Mid Luxury SUV,land_rover,range_rover_velar,Autobiography,24,87951.20833333333
2026-01-01,Mid Luxury SUV,land_rover,range_rover_velar,Dynamic SE,451,75323.27494456763
2026-01-01,Mid Luxury SUV,land_rover,range_rover_velar,P250 Dynamic SE,226,72453.00442477876
2026-01-01,Mid Luxury SUV,land_rover,range_rover_velar,P250 S,130,67559.85384615384
2026-01-01,Mid Luxury SUV,land_rover,range_rover_velar,P400 Autobiography,8,88235.5
2026-01-01,Mid Luxury SUV,land_rover,range_rover_velar,P400 Dynamic HSE,8,84758.25
2026-01-01,Mid Luxury SUV,land_rover,range_rover_velar,P400 Dynamic SE,103,78816.69902912622
2026-01-01,Mid Luxury SUV,land_rover,range_rover_velar,S,202,68275.4900990099
2026-01-01,Mid Luxury SUV,lexus,gx_series,Luxury+,330,86610.8303030303
2026-01-01,Mid Luxury SUV,lexus,gx_series,Overtrail,11,77359.09090909091
2026-01-01,Mid Luxury SUV,lexus,gx_series,Overtrail+,163,83965.27607361964
2026-01-01,Mid Luxury SUV,lexus,gx_series,Premium+,369,74788.16531165312
2026-01-01,Mid Luxury SUV,lexus,rx_series,Base,63,59589.57142857143
2026-01-01,Mid Luxury SUV,lexus,rx_series,F SPORT Design,131,63193.22656488551
2026-01-01,Mid Luxury SUV,lexus,rx_series,F SPORT Handling,36,63950.0
2026-01-01,Mid Luxury SUV,lexus,rx_series,F SPORT Performance,44,78496.93181818182
2026-01-01,Mid Luxury SUV,lexus,rx_series,Luxury,1014,72492.81641025645
2026-01-01,Mid Luxury SUV,lexus,rx_series,Premium,755,60859.751006622515
2026-01-01,Mid Luxury SUV,lexus,rx_series,Premium+,2198,61474.08379890807
2026-01-01,Mid Luxury SUV,lexus,tx,Base,10,68353.0
2026-01-01,Mid Luxury SUV,lexus,tx,F SPORT Handling,219,70916.49771689497
2026-01-01,Mid Luxury SUV,lexus,tx,F SPORT Performance Luxury,89,78464.48314606742
2026-01-01,Mid Luxury SUV,lexus,tx,F SPORT Performance Premium,623,74986.91974317816
2026-01-01,Mid Luxury SUV,lexus,tx,F SPORT Premium,2,78757.0
2026-01-01,Mid Luxury SUV,lexus,tx,Luxury,556,73109.09241007194
2026-01-01,Mid Luxury SUV,lexus,tx,Premium,1209,65854.19189412738
2026-01-01,Mid Luxury SUV,lincoln,aviator,Black Label,567,87651.3950617284
2026-01-01,Mid Luxury SUV,lincoln,aviator,Livery,6,60329.166666666664
2026-01-01,Mid Luxury SUV,lincoln,aviator,Premiere,2229,60853.0556303275
2026-01-01,Mid Luxury SUV,lincoln,aviator,Reserve,3481,73352.29215742603
2026-01-01,Mid Luxury SUV,lincoln,nautilus,Black Label,585,79155.1094017094
2026-01-01,Mid Luxury SUV,lincoln,nautilus,Premiere,4634,57739.81527837721
2026-01-01,Mid Luxury SUV,lincoln,nautilus,Reserve,3898,66584.06490507953
2026-01-01,Mid Luxury SUV,mercedes_benz,benz_amg_gle,4MATIC+,1367,101403.22319180088
2026-01-01,Mid Luxury SUV,mercedes_benz,benz_amg_gle,S 4MATIC+,289,143570.42560553632
2026-01-01,Mid Luxury SUV,mercedes_benz,gle_class,4MATIC,265,84890.84673003803
2026-01-01,Mid Luxury SUV,mercedes_benz,gle_class,AMG GLE 53,1265,100817.81739130434
2026-01-01,Mid Luxury SUV,mercedes_benz,gle_class,AMG GLE 63 S,470,141803.03617021276
2026-01-01,Mid Luxury SUV,mercedes_benz,gle_class,GLE 350,1126,72573.1296625222
2026-01-01,Mid Luxury SUV,mercedes_benz,gle_class,GLE 350 4MATIC,4583,74388.90726598298
2026-01-01,Mid Luxury SUV,mercedes_benz,gle_class,GLE 450 4MATIC,3608,83641.63525498891
2026-01-01,Mid Luxury SUV,mercedes_benz,gle_class,GLE 450e 4MATIC,10,79067.5
2026-01-01,Mid Luxury SUV,mercedes_benz,gle_class,GLE 580 4MATIC,329,99402.53353658537
2026-01-01,Mid Luxury SUV,volvo,xc90,B5 Core,435,61231.39540229885
2026-01-01,Mid Luxury SUV,volvo,xc90,B5 Core Bright Theme,2,60705.0
2026-01-01,Mid Luxury SUV,volvo,xc90,B5 Plus,5,58542.5
2026-01-01,Mid Luxury SUV,volvo,xc90,B5 Plus 6-Seater,56,66387.67857142857
2026-01-01,Mid Luxury SUV,volvo,xc90,B5 Plus 7-Seater,620,66182.24032258065
2026-01-01,Mid Luxury SUV,volvo,xc90,B5 Plus Bright Theme,3,57490.0
2026-01-01,Mid Luxury SUV,volvo,xc90,B5 Ultra,1,75561.0
2026-01-01,Mid Luxury SUV,volvo,xc90,B5 Ultra 6-Seater,52,71009.09615384616
2026-01-01,Mid Luxury SUV,volvo,xc90,B5 Ultra 7-Seater,27,69887.92592592593
2026-01-01,Mid Luxury SUV,volvo,xc90,B6 Core,227,65347.80616740088
2026-01-01,Mid Luxury SUV,volvo,xc90,B6 Plus 6-Seater,493,71129.59229208925
2026-01-01,Mid Luxury SUV,volvo,xc90,B6 Plus 6P,10,61459.2
2026-01-01,Mid Luxury SUV,volvo,xc90,B6 Plus 7-Seater,3940,69890.13934010152
2026-01-01,Mid Luxury SUV,volvo,xc90,B6 Plus 7P,64,60280.0
2026-01-01,Mid Luxury SUV,volvo,xc90,B6 Plus Bright Theme 7P,2,55234.5
2026-01-01,Mid Luxury SUV,volvo,xc90,B6 Ultimate Bright Theme 7P,4,62094.0
2026-01-01,Mid Luxury SUV,volvo,xc90,B6 Ultra,64,71755.46875
2026-01-01,Mid Luxury SUV,volvo,xc90,B6 Ultra 6-Seater,253,75896.95256916997
2026-01-01,Mid Luxury SUV,volvo,xc90,B6 Ultra 6P,7,68459.14285714286
2026-01-01,Mid Luxury SUV,volvo,xc90,B6 Ultra 7-Seater,2398,73695.95204336947
2026-01-01,Mid Luxury SUV,volvo,xc90,B6 Ultra 7P,21,66448.0
2026-01-01,Mid Luxury SUV,volvo,xc90,B6 Ultra Dark Theme 6-Seater,259,75863.18918918919
2026-01-01,Mid Luxury SUV,volvo,xc90,B6 Ultra Dark Theme 7-Seater,955,75612.81780104712
2026-01-01,Mid Luxury SUV,volvo,xc90,"Core, B5 AWD Gas (mild hybrid), Gasoline, Bright",6,59791.333333333336
2026-01-01,Mid Luxury SUV,volvo,xc90,"Core, B6 AWD Gas (mild hybrid), Gasoline, Bright",1,66286.0
2026-01-01,Mid Luxury SUV,volvo,xc90,"Plus, B5 AWD Gas (mild hybrid), Gasoline, Bright",6,65886.33333333333
2026-01-01,Mid Luxury SUV,volvo,xc90,"Plus, B6 AWD Gas (mild hybrid), Gasoline, Bright",29,69947.20689655172
2026-01-01,Mid Luxury SUV,volvo,xc90,"Plus, T8 AWD, Electric/Gasoline, Bright, 6 Seats",2,80064.5
2026-01-01,Mid Luxury SUV,volvo,xc90,"Plus, T8 AWD, Electric/Gasoline, Bright, 7 Seats",12,80980.91666666667
2026-01-01,Mid Luxury SUV,volvo,xc90,T8 Core,66,75412.68181818182
2026-01-01,Mid Luxury SUV,volvo,xc90,T8 Core 7-Seater,36,70787.63888888889
2026-01-01,Mid Luxury SUV,volvo,xc90,T8 Plus 6-Seater,93,79913.83870967742
2026-01-01,Mid Luxury SUV,volvo,xc90,T8 Plus 6P,15,72450.66666666667
2026-01-01,Mid Luxury SUV,volvo,xc90,T8 Plus 7-Seater,1171,79123.30828351836
2026-01-01,Mid Luxury SUV,volvo,xc90,T8 Plus 7P,4,64739.5
2026-01-01,Mid Luxury SUV,volvo,xc90,T8 Plus Bright Theme 7P,7,69139.42857142857
2026-01-01,Mid Luxury SUV,volvo,xc90,T8 Ultimate Bright Theme 6P,1,70664.0
2026-01-01,Mid Luxury SUV,volvo,xc90,T8 Ultimate Bright Theme 7P,1,71547.0
2026-01-01,Mid Luxury SUV,volvo,xc90,T8 Ultra 6-Seater,67,87462.19402985074
2026-01-01,Mid Luxury SUV,volvo,xc90,T8 Ultra 6P,8,78034.875
2026-01-01,Mid Luxury SUV,volvo,xc90,T8 Ultra 7-Seater,807,83887.99380421314
2026-01-01,Mid Luxury SUV,volvo,xc90,T8 Ultra 7P,11,74158.45454545454
2026-01-01,Mid Luxury SUV,volvo,xc90,T8 Ultra Dark Theme 6-Seater,37,86680.54054054055
2026-01-01,Mid Luxury SUV,volvo,xc90,T8 Ultra Dark Theme 7-Seater,136,85796.56296296297
2026-01-01,Mid Luxury SUV,volvo,xc90,Ultra Dark Theme,1,72451.0
2026-01-01,Mid Luxury SUV,volvo,xc90,"Ultra Dark Theme, B6 AWD Gas (mild hybrid), Gaso",1,72978.0
2026-01-01,Mid Luxury SUV,volvo,xc90,"Ultra Dark Theme, T8 AWD, Electric/Gasoline, 7 S",2,90712.0
2026-01-01,Mid Luxury SUV,volvo,xc90,"Ultra, B6 AWD Gas (mild hybrid), Gasoline, Brigh",2,74692.5
2026-01-01,Mid Luxury SUV,volvo,xc90,"Ultra, T8 AWD, Electric/Gasoline, Bright, 6 Seat",3,85382.33333333333
2026-01-01,Mid Luxury SUV,volvo,xc90,"Ultra, T8 AWD, Electric/Gasoline, Bright, 7 Seat",12,85073.58333333333
2026-01-01,Near Luxury Car,acura,tlx,SH-AWD w/A-SPEC,617,51359.32414910859
2026-01-01,Near Luxury Car,acura,tlx,w/Tech,381,46548.68169761273
2026-01-01,Near Luxury Car,alfa_romeo,giulia,Base,227,51895.740088105726
2026-01-01,Near Luxury Car,alfa_romeo,giulia,Quadrifoglio,7,81920.28571428571
2026-01-01,Near Luxury Car,alfa_romeo,giulia,Special Edition AWD,2,51831.5
2026-01-01,Near Luxury Car,alfa_romeo,giulia,Special Edition RWD,1,54240.0
2026-01-01,Near Luxury Car,alfa_romeo,giulia,Sprint,182,48817.318681318684
2026-01-01,Near Luxury Car,alfa_romeo,giulia,Ti,11,45517.818181818184
2026-01-01,Near Luxury Car,alfa_romeo,giulia,Veloce,5,47449.0
2026-01-01,Near Luxury Car,audi,a5,Premium,200,52009.70351758794
2026-01-01,Near Luxury Car,audi,a5,Premium Plus,1549,54671.1065203357
2026-01-01,Near Luxury Car,audi,a5,Premium Plus TFSI quattro S tronic,1208,55075.220198675495
2026-01-01,Near Luxury Car,audi,a5,Premium TFSI quattro S tronic,624,51866.394230769234
2026-01-01,Near Luxury Car,audi,a5,Prestige,93,56965.50537634409
2026-01-01,Near Luxury Car,audi,a5,Prestige TFSI quattro S tronic,262,56991.583969465646
2026-01-01,Near Luxury Car,audi,a5,quattro S line Prem Plus 45 TFSI,5,56109.8
2026-01-01,Near Luxury Car,audi,a5,quattro S line Premium 45 TFSI,5,51468.4
2026-01-01,Near Luxury Car,audi,s5,3.0T quattro Premium Plus,5,65432.666666666664
2026-01-01,Near Luxury Car,audi,s5,Premium,13,64838.53846153846
2026-01-01,Near Luxury Car,audi,s5,Premium Plus,145,69925.93793103448
2026-01-01,Near Luxury Car,audi,s5,Premium Plus TFSI quattro S tronic,507,70229.89546351085
2026-01-01,Near Luxury Car,audi,s5,Prestige,40,75375.4
2026-01-01,Near Luxury Car,audi,s5,Prestige TFSI quattro S tronic,102,75657.1862745098
2026-01-01,Near Luxury Car,bmw,3_series,330i,767,53314.780964797916
2026-01-01,Near Luxury Car,bmw,3_series,330i NA,1081,54148.556891766886
2026-01-01,Near Luxury Car,bmw,3_series,330i NA xDrive,887,56161.03498871332
2026-01-01,Near Luxury Car,bmw,3_series,330i xDrive,361,54784.13573407202
2026-01-01,Near Luxury Car,bmw,3_series,M340i,3,66835.66666666667
2026-01-01,Near Luxury Car,bmw,3_series,M340i NA,175,68616.80571428571
2026-01-01,Near Luxury Car,bmw,3_series,M340i NA xDrive,244,70825.99590163934
2026-01-01,Near Luxury Car,bmw,3_series,M340i xDrive,98,72532.57142857143
2026-01-01,Near Luxury Car,bmw,3_series,NA,636,54284.55503144654
2026-01-01,Near Luxury Car,bmw,3_series,xDrive,162,55068.30864197531
2026-01-01,Near Luxury Car,bmw,3_series,xDrive NA,759,55993.581027667984
2026-01-01,Near Luxury Car,bmw,4_series,430i,889,63275.30908886389
2026-01-01,Near Luxury Car,bmw,4_series,430i Gran Coupe,2,57759.5
2026-01-01,Near Luxury Car,bmw,4_series,430i xDrive,493,65504.99784989857
2026-01-01,Near Luxury Car,bmw,4_series,430i xDrive Gran Coupe,6,57251.666666666664
2026-01-01,Near Luxury Car,bmw,4_series,M440i,303,75873.92533333333
2026-01-01,Near Luxury Car,bmw,4_series,M440i Gran Coupe,16,72207.625
2026-01-01,Near Luxury Car,bmw,4_series,M440i xDrive,337,77924.55949554897
2026-01-01,Near Luxury Car,bmw,4_series,M440i xDrive Gran Coupe,1,73790.0
2026-01-01,Near Luxury Car,bmw,4_series,xDrive,194,65934.80417525773
2026-01-01,Near Luxury Car,bmw,4_series_gran_coupe,xDrive,256,64349.0018359375
2026-01-01,Near Luxury Car,bmw,m3,Base (M6),36,89674.91666666667
2026-01-01,Near Luxury Car,bmw,m3,Competition,41,92500.65853658537
2026-01-01,Near Luxury Car,bmw,m3,Competition xDrive,235,101100.0
2026-01-01,Near Luxury Car,bmw,m3,NA,22,68072.72727272728
2026-01-01,Near Luxury Car,bmw,m3,xDrive,7,72254.28571428571
2026-01-01,Near Luxury Car,bmw,m3,xDrive NA,29,70972.0
2026-01-01,Near Luxury Car,bmw,m4,Base,37,90411.11428571428
2026-01-01,Near Luxury Car,bmw,m4,Competition,312,102247.33653846153
2026-01-01,Near Luxury Car,bmw,m4,Competition xDrive,229,101277.62008733624
2026-01-01,Near Luxury Car,cadillac,ct5,Base,4,67368.5
2026-01-01,Near Luxury Car,cadillac,ct5,Blackwing,6,120977.66666666667
2026-01-01,Near Luxury Car,cadillac,ct5,Premium Luxury,179,51972.17877094972
2026-01-01,Near Luxury Car,cadillac,ct5,Premium Luxury RWD,658,54604.94680851064
2026-01-01,Near Luxury Car,cadillac,ct5,Sport,108,54262.416666666664
2026-01-01,Near Luxury Car,cadillac,ct5,Sport RWD,515,56667.09902912621
2026-01-01,Near Luxury Car,cadillac,ct5,V-Series Blackwing RWD,85,126100.63529411764
2026-01-01,Near Luxury Car,cadillac,ct5,V-Series RWD,265,66857.4
2026-01-01,Near Luxury Car,genesis,g70,2.5T,9,45045.22222222222
2026-01-01,Near Luxury Car,genesis,g70,2.5T AWD,320,47507.646875
2026-01-01,Near Luxury Car,genesis,g70,2.5T Prestige,27,46464.444444444445
2026-01-01,Near Luxury Car,genesis,g70,2.5T RWD,271,45388.54243542435
2026-01-01,Near Luxury Car,genesis,g70,2.5T RWD Prestige,392,50428.13265306123
2026-01-01,Near Luxury Car,genesis,g70,2.5T Standard,146,43625.260273972606
2026-01-01,Near Luxury Car,genesis,g70,3.3T AWD Sport Prestige,757,54182.99603698811
2026-01-01,Near Luxury Car,genesis,g70,3.3T Prestige Graphite,20,60811.2
2026-01-01,Near Luxury Car,genesis,g70,3.3T RWD Sport Prestige,193,55593.709844559584
2026-01-01,Near Luxury Car,genesis,g70,3.3T Sport Advanced,108,53499.083333333336
2026-01-01,Near Luxury Car,genesis,g70,3.3T Standard,1,54348.0
2026-01-01,Near Luxury Car,infiniti,q50,Luxe,1,45585.0
2026-01-01,Near Luxury Car,infiniti,q50,Red Sport 400,2,57000.0
2026-01-01,Near Luxury Car,infiniti,q50,Sensory,4,53611.25
2026-01-01,Near Luxury Car,lexus,es_series,Base,1866,48955.04958735262
2026-01-01,Near Luxury Car,lexus,es_series,F SPORT 2,2,49561.5
2026-01-01,Near Luxury Car,lexus,es_series,F SPORT Design,2,51177.5
2026-01-01,Near Luxury Car,lexus,es_series,F SPORT Handling,47,55004.74893617022
2026-01-01,Near Luxury Car,lexus,es_series,Luxury,122,53095.67344262295
2026-01-01,Near Luxury Car,lexus,es_series,Ultra Luxury,211,55703.46090047393
2026-01-01,Near Luxury Car,lexus,is_series,Base,17,48064.882352941175
2026-01-01,Near Luxury Car,lexus,is_series,F SPORT,517,53150.342437137326
2026-01-01,Near Luxury Car,lexus,is_series,F SPORT Design,218,47197.3183027523
2026-01-01,Near Luxury Car,lexus,is_series,F SPORT Performance,20,68424.3
2026-01-01,Near Luxury Car,lexus,is_series,F SPORT Performance Ultimate Edition,17,72462.23529411765
2026-01-01,Near Luxury Car,lexus,rc_series,F SPORT,46,61516.2102173913
2026-01-01,Near Luxury Car,lexus,rc_series,Final Edition,15,95675.86666666667
2026-01-01,Near Luxury Car,lexus,rc_series,Track Edition,1,106350.0
2026-01-01,Near Luxury Car,mercedes_benz,c_class,AMG C 43,436,74010.32110091743
2026-01-01,Near Luxury Car,mercedes_benz,c_class,AMG C 63 S E Performance,107,100302.10280373832
2026-01-01,Near Luxury Car,mercedes_benz,c_class,C 300,1833,54902.230223677034
2026-01-01,Near Luxury Car,mercedes_benz,c_class,C 300 4MATIC,1708,56920.947892271666
2026-01-01,Near Luxury Car,volvo,s60_v60,B5 Core,9,45649.88888888889
2026-01-01,Near Luxury Car,volvo,s60_v60,B5 Core Dark Theme,5,42405.0
2026-01-01,Near Luxury Car,volvo,s60_v60,B5 Plus,267,53276.6336329588
2026-01-01,Near Luxury Car,volvo,s60_v60,B5 Plus Black Edition,3,46670.0
2026-01-01,Near Luxury Car,volvo,s60_v60,B5 Plus Dark Theme,8,42057.5
2026-01-01,Near Luxury Car,volvo,s60_v60,B5 Ultimate,1,59185.0
2026-01-01,Near Luxury Car,volvo,s60_v60,B5 Ultra,157,60544.08280254777
2026-01-01,Near Luxury Car,volvo,s60_v60,T8 Plus Dark Theme,2,50383.0
2026-01-01,Near Luxury Car,volvo,s60_v60,T8 Polestar Engineered,1,72645.0
2026-01-01,Near Luxury EV SUV,audi,q4_e_tron,Premium,25,57369.4
2026-01-01,Near Luxury EV SUV,audi,q4_e_tron,Premium 45 quattro,1,48000.0
2026-01-01,Near Luxury EV SUV,audi,q4_e_tron,Premium Plus,3,62316.333333333336
2026-01-01,Near Luxury EV SUV,audi,q4_e_tron,quattro Premium 55 TFSI,4,54297.25
2026-01-01,Near Luxury EV SUV,audi,q4_e_tron,quattro Premium Plus 55,1,57500.0
2026-01-01,Near Luxury EV SUV,audi,q4_e_tron,quattro Premium Plus 55 TFSI,57,60246.912280701756
2026-01-01,Near Luxury EV SUV,audi,q4_e_tron,quattro Prestige 55 TFSI,6,60321.833333333336
2026-01-01,Near Luxury EV SUV,cadillac,optiq,Luxury,911,55262.75631174533
2026-01-01,Near Luxury EV SUV,cadillac,optiq,Luxury 1 AWD,128,55354.03125
2026-01-01,Near Luxury EV SUV,cadillac,optiq,Luxury 2 AWD,66,57371.765625
2026-01-01,Near Luxury EV SUV,cadillac,optiq,Premium Luxury,371,58824.598382749326
2026-01-01,Near Luxury EV SUV,cadillac,optiq,Premium Sport,576,59277.85590277778
2026-01-01,Near Luxury EV SUV,cadillac,optiq,Sport,1164,56288.10738831615
2026-01-01,Near Luxury EV SUV,cadillac,optiq,Sport 1 AWD,158,56302.36708860759
2026-01-01,Near Luxury EV SUV,cadillac,optiq,Sport 2 AWD,125,59136.47457627119
2026-01-01,Near Luxury EV SUV,genesis,gv70_ev,Advanced,31,69564.7741935484
2026-01-01,Near Luxury EV SUV,genesis,gv70_ev,Advanced AWD,2,68785.0
2026-01-01,Near Luxury EV SUV,genesis,gv70_ev,Base,21,71170.38095238095
2026-01-01,Near Luxury EV SUV,genesis,gv70_ev,Prestige,1,76240.0
2026-01-01,Near Luxury EV SUV,genesis,gv70_ev,Standard,74,63255.67567567567
2026-01-01,Near Luxury EV SUV,lexus,rz_series,F SPORT,38,59949.95888888889
2026-01-01,Near Luxury EV SUV,lexus,rz_series,Luxury,35,56600.114285714284
2026-01-01,Near Luxury EV SUV,lexus,rz_series,Premium,1241,49860.51369057211
2026-01-01,Near Luxury EV SUV,mercedes_benz,eqb,EQB 250+,6,58897.0
2026-01-01,Near Luxury EV SUV,mercedes_benz,eqb,EQB 300 4MATIC,25,62882.52
2026-01-01,Near Luxury EV SUV,mercedes_benz,eqb,EQB 350 4MATIC,4,65183.75
2026-01-01,Near Luxury EV SUV,porsche,macan_electric,4S,263,106746.10266159696
2026-01-01,Near Luxury SUV,acura,rdx,A-Spec,1,52650.0
2026-01-01,Near Luxury SUV,acura,rdx,SH-AWD,192,46417.515625
2026-01-01,Near Luxury SUV,acura,rdx,SH-AWD w/A-SPEC,253,51950.20948616601
2026-01-01,Near Luxury SUV,acura,rdx,SH-AWD w/Advance,75,53753.28
2026-01-01,Near Luxury SUV,acura,rdx,SH-AWD w/Advance w/A-SPEC,103,56173.009803921566
2026-01-01,Near Luxury SUV,acura,rdx,SH-AWD w/Platinum Elite w/A-SPEC,20,56315.3
2026-01-01,Near Luxury SUV,acura,rdx,SH-AWD w/Tech,255,48986.54509803921
2026-01-01,Near Luxury SUV,acura,rdx,w/A-Spec Advance Package,641,56651.346333853355
2026-01-01,Near Luxury SUV,acura,rdx,w/A-Spec Package,923,52560.73889490791
2026-01-01,Near Luxury SUV,acura,rdx,w/Advance Package,618,54606.49514563107
2026-01-01,Near Luxury SUV,acura,rdx,w/Technology Package,1065,49453.95492957746
2026-01-01,Near Luxury SUV,alfa_romeo,stelvio,AWD,3,53368.0
2026-01-01,Near Luxury SUV,alfa_romeo,stelvio,Base,106,54991.33018867925
2026-01-01,Near Luxury SUV,alfa_romeo,stelvio,Quadrifoglio,37,87532.37837837837
2026-01-01,Near Luxury SUV,alfa_romeo,stelvio,Quadrifoglio Carbon,2,85925.0
2026-01-01,Near Luxury SUV,alfa_romeo,stelvio,Special Edition Tributo Italiano AWD,21,55882.0
2026-01-01,Near Luxury SUV,alfa_romeo,stelvio,Sprint,441,54017.73922902494
2026-01-01,Near Luxury SUV,alfa_romeo,stelvio,Ti,4,41350.75
2026-01-01,Near Luxury SUV,alfa_romeo,stelvio,Veloce,2,49101.0
2026-01-01,Near Luxury SUV,audi,q5_sq5,Premium,427,55668.852459016394
2026-01-01,Near Luxury SUV,audi,q5_sq5,Premium Plus,2014,59627.553128103275
2026-01-01,Near Luxury SUV,audi,q5_sq5,Premium Plus TFSI quattro S tronic,4276,58790.51028999065
2026-01-01,Near Luxury SUV,audi,q5_sq5,Premium TFSI quattro S tronic,1242,55146.77294685991
2026-01-01,Near Luxury SUV,audi,q5_sq5,Prestige,357,62594.470588235294
2026-01-01,Near Luxury SUV,audi,q5_sq5,Prestige TFSI quattro S tronic,605,61906.19008264463
2026-01-01,Near Luxury SUV,audi,q5_sq5,e quattro S line Prem Pl 55 TFSI,14,64486.92307692308
2026-01-01,Near Luxury SUV,audi,q5_sq5,e quattro S line Premium 55 TFSI,3,62350.0
2026-01-01,Near Luxury SUV,audi,q5_sq5,e quattro S line Prestg 55 TFSI,1,72685.0
2026-01-01,Near Luxury SUV,audi,q5_sq5,quattro Premium 40 TFSI,1,50380.0
2026-01-01,Near Luxury SUV,audi,q5_sq5,quattro Premium Plus 40 TFSI,2,56242.5
2026-01-01,Near Luxury SUV,audi,q5_sq5,quattro S line Prem Plus 45 TFSI,35,57245.91428571429
2026-01-01,Near Luxury SUV,audi,q5_sq5,quattro S line Premium 45 TFSI,5,53402.4
2026-01-01,Near Luxury SUV,audi,sq5,3.0 TFSI quattro Technik,1,76811.0
2026-01-01,Near Luxury SUV,audi,sq5,3.0T quattro Premium Plus,10,68345.1
2026-01-01,Near Luxury SUV,audi,sq5,3.0T quattro Prestige,2,67028.5
2026-01-01,Near Luxury SUV,audi,sq5,Premium,5,68726.4
2026-01-01,Near Luxury SUV,audi,sq5,Premium Plus,232,73155.0948275862
2026-01-01,Near Luxury SUV,audi,sq5,Premium Plus TFSI quattro S tronic,347,72274.56484149856
2026-01-01,Near Luxury SUV,audi,sq5,Prestige,19,74638.84210526316
2026-01-01,Near Luxury SUV,audi,sq5,Prestige TFSI quattro S tronic,53,74312.35849056604
2026-01-01,Near Luxury SUV,bmw,x3,30 xDrive,10419,58180.082829446204
2026-01-01,Near Luxury SUV,bmw,x3,M40i,1,69195.0
2026-01-01,Near Luxury SUV,bmw,x3,M50 xDrive,783,73619.1877394636
2026-01-01,Near Luxury SUV,bmw,x3,sDrive30i,7,51396.57142857143
2026-01-01,Near Luxury SUV,bmw,x4,Base,36,92808.88888888889
2026-01-01,Near Luxury SUV,bmw,x4,M40i,1,73507.0
2026-01-01,Near Luxury SUV,bmw,x4,xDrive30i,27,62749.03703703704
2026-01-01,Near Luxury SUV,cadillac,xt4,Luxury,1,44006.0
2026-01-01,Near Luxury SUV,cadillac,xt4,Premium Luxury,59,45185.06779661017
2026-01-01,Near Luxury SUV,cadillac,xt4,Sport,12,47148.166666666664
2026-01-01,Near Luxury SUV,genesis,gv70,2.5T,601,51337.291181364395
2026-01-01,Near Luxury SUV,genesis,gv70,2.5T Advanced,1552,59012.28737113402
2026-01-01,Near Luxury SUV,genesis,gv70,2.5T Advanced Plus,3,49982.333333333336
2026-01-01,Near Luxury SUV,genesis,gv70,2.5T Prestige,3,54916.666666666664
2026-01-01,Near Luxury SUV,genesis,gv70,2.5T Select,833,54298.36974789916
2026-01-01,Near Luxury SUV,genesis,gv70,2.5T Sport Prestige,917,62472.03271537623
2026-01-01,Near Luxury SUV,genesis,gv70,2.5T Standard,47,51783.8085106383
2026-01-01,Near Luxury SUV,genesis,gv70,3.5T Sport,137,63004.788321167885
2026-01-01,Near Luxury SUV,genesis,gv70,3.5T Sport Advanced,507,66690.90729783037
2026-01-01,Near Luxury SUV,genesis,gv70,3.5T Sport Prestige,1691,73281.40153755175
2026-01-01,Near Luxury SUV,infiniti,qx50,Luxe,115,43494.8
2026-01-01,Near Luxury SUV,infiniti,qx50,Pure,17,39148.05882352941
2026-01-01,Near Luxury SUV,infiniti,qx50,Sport,169,47942.692307692305
2026-01-01,Near Luxury SUV,infiniti,qx55,Essential,24,51935.333333333336
2026-01-01,Near Luxury SUV,infiniti,qx55,Luxe,50,47257.42
2026-01-01,Near Luxury SUV,infiniti,qx55,Sensory,17,56669.05882352941
2026-01-01,Near Luxury SUV,jaguar,e_pace,P250 R-Dynamic SE,40,53148.9
2026-01-01,Near Luxury SUV,land_rover,discovery_sport,Landmark,68,54051.029411764706
2026-01-01,Near Luxury SUV,land_rover,discovery_sport,P250 Dynamic SE,105,57734.34285714286
2026-01-01,Near Luxury SUV,land_rover,discovery_sport,P250 S,288,53069.979094076654
2026-01-01,Near Luxury SUV,land_rover,range_rover_evoque,P250 Dynamic SE,234,62084.02136752137
2026-01-01,Near Luxury SUV,land_rover,range_rover_evoque,P250 S,555,55935.46666666667
2026-01-01,Near Luxury SUV,lexus,nx_series,Base,1233,56282.40111922141
2026-01-01,Near Luxury SUV,lexus,nx_series,F SPORT Handling,533,61751.60628517825
2026-01-01,Near Luxury SUV,lexus,nx_series,Luxury,496,58747.2775201613
2026-01-01,Near Luxury SUV,lexus,nx_series,Premium,1719,53593.8881035486
2026-01-01,Near Luxury SUV,maserati,grecale,Base,193,83845.21243523316
2026-01-01,Near Luxury SUV,maserati,grecale,Folgore,20,114338.1
2026-01-01,Near Luxury SUV,maserati,grecale,GT,47,69894.78723404255
2026-01-01,Near Luxury SUV,maserati,grecale,Modena,244,86745.97540983607
2026-01-01,Near Luxury SUV,maserati,grecale,Trofeo,28,122969.25
2026-01-01,Near Luxury SUV,mercedes_benz,benz_amg_glc,4MATIC,831,87705.28691937425
2026-01-01,Near Luxury SUV,mercedes_benz,glb,AMG GLB 35,244,65933.36885245901
2026-01-01,Near Luxury SUV,mercedes_benz,glb,GLB 250,1389,49923.59179265659
2026-01-01,Near Luxury SUV,mercedes_benz,glb,GLB 250 4MATIC,1105,52396.972850678736
2026-01-01,Near Luxury SUV,mercedes_benz,glc_class,4MATIC,410,67530.91707317073
2026-01-01,Near Luxury SUV,mercedes_benz,glc_class,4MATIC SUV,69,56936.66176470588
2026-01-01,Near Luxury SUV,mercedes_benz,glc_class,AMG GLC 43,1284,76912.90109034268
2026-01-01,Near Luxury SUV,mercedes_benz,glc_class,GLC 300,6139,57728.37758592605
2026-01-01,Near Luxury SUV,mercedes_benz,glc_class,GLC 300 4MATIC,6020,60028.197009966774
2026-01-01,Near Luxury SUV,mercedes_benz,glc_class,GLC 350e 4MATIC,52,66217.13461538461
2026-01-01,Near Luxury SUV,porsche,macan,4 Electric,229,99985.38427947598
2026-01-01,Near Luxury SUV,porsche,macan,Base,2623,79897.96568814335
2026-01-01,Near Luxury SUV,porsche,macan,Electric,148,94586.72972972973
2026-01-01,Near Luxury SUV,porsche,macan,Electric 4S,1,113580.0
2026-01-01,Near Luxury SUV,porsche,macan,Electric Turbo,11,132757.54545454544
2026-01-01,Near Luxury SUV,porsche,macan,GTS,298,113761.55369127517
2026-01-01,Near Luxury SUV,porsche,macan,S,959,97181.52971845673
2026-01-01,Near Luxury SUV,porsche,macan,T,371,83124.19137466307
2026-01-01,Near Luxury SUV,porsche,macan,Turbo Electric,149,129186.52348993288
2026-01-01,Near Luxury SUV,volvo,xc60,B5 Core,678,49759.426253687314
2026-01-01,Near Luxury SUV,volvo,xc60,B5 Plus,3643,56330.105407631076
2026-01-01,Near Luxury SUV,volvo,xc60,B5 Plus Dark Theme,2,48338.0
2026-01-01,Near Luxury SUV,volvo,xc60,B5 Ultra,1824,62597.34703947369
2026-01-01,Near Luxury SUV,volvo,xc60,B5 Ultra Black Edition,237,64203.40928270042
2026-01-01,Near Luxury SUV,volvo,xc60,Plus Dark Theme,881,57775.098751418845
2026-01-01,Near Luxury SUV,volvo,xc60,T8 Core,119,58690.88888888889
2026-01-01,Near Luxury SUV,volvo,xc60,T8 Plus,630,65351.20985691574
2026-01-01,Near Luxury SUV,volvo,xc60,T8 Polestar Engineered,64,82160.359375
2026-01-01,Near Luxury SUV,volvo,xc60,T8 Ultra,597,73785.73701842545
2026-01-01,Near Luxury SUV,volvo,xc60,T8 Ultra Black Edition,58,75231.46551724138
2026-01-01,Near Luxury SUV,volvo,xc60,Ultra Dark Theme,523,65862.63862332696
2026-01-01,Near Luxury SUV,volvo,xc60,"Ultra, T8 AWD Electric/Gasoline, Dark",1,75235.0
2026-01-01,Near Luxury SUV,volvo,xc60_recharge,T8 Core Dark Theme,2,50638.5
2026-01-01,Near Luxury SUV,volvo,xc60_recharge,T8 Plus Dark Theme,30,55636.10344827586
2026-01-01,Near Luxury SUV,volvo,xc60_recharge,T8 Polestar Engineered,2,73501.0
2026-01-01,Near Luxury SUV,volvo,xc60_recharge,T8 Ultimate Black Edition,1,76795.0
2026-01-01,Near Luxury SUV,volvo,xc60_recharge,T8 Ultimate Dark Theme,2,68437.5
2026-01-01,Premium Luxury Car,audi,a8_s8,4.0T quattro,79,128882.69620253165
2026-01-01,Premium Luxury Car,audi,a8_s8,55 TFSI quattro Tiptronic,9,104148.0
2026-01-01,Premium Luxury Car,audi,a8_s8,quattro 55 TFSI,57,90083.56140350878
2026-01-01,Premium Luxury Car,bentley,flying_spur,Black Edition,19,311906.0
2026-01-01,Premium Luxury Car,bentley,flying_spur,Speed,16,339523.6666666667
2026-01-01,Premium Luxury Car,bentley,flying_spur,Speed First Edition,31,332960.12903225806
2026-01-01,Premium Luxury Car,bmw,7_series,740i,377,108617.10344827586
2026-01-01,Premium Luxury Car,bmw,7_series,740i xDrive,220,110481.60909090909
2026-01-01,Premium Luxury Car,bmw,7_series,750e xDrive,435,120363.9540229885
2026-01-01,Premium Luxury Car,bmw,7_series,760i xDrive,349,136865.34293948126
2026-01-01,Premium Luxury Car,bmw,7_series,xDrive,188,123289.93281914895
2026-01-01,Premium Luxury Car,genesis,g90,3.5T,10,92761.3
2026-01-01,Premium Luxury Car,genesis,g90,3.5T E-SC MHEV AWD,129,103173.77519379844
2026-01-01,Premium Luxury Car,genesis,g90,3.5T e-Supercharger,91,100386.25274725274
2026-01-01,Premium Luxury Car,genesis,g90,e-SC Prestige Black,138,106013.15217391304
2026-01-01,Premium Luxury Car,lexus,ls_series,Base,2,89385.0
2026-01-01,Premium Luxury Car,lexus,ls_series,Heritage Edition,12,100067.91666666667
2026-01-01,Premium Luxury Car,maserati,quattroporte,Modena Q4,6,108578.16666666667
2026-01-01,Premium Luxury Car,maserati,quattroporte,Modena Ultima Q4,6,120899.66666666667
2026-01-01,Premium Luxury Car,mercedes_benz,s_class,AMG S 63 E Performance,321,210690.52024922118
2026-01-01,Premium Luxury Car,mercedes_benz,s_class,Maybach S 680,30,274239.6
2026-01-01,Premium Luxury Car,mercedes_benz,s_class,Mercedes-Maybach S 580 4MATIC,42,219396.02380952382
2026-01-01,Premium Luxury Car,mercedes_benz,s_class,Mercedes-Maybach S 680 4MATIC,10,287213.5
2026-01-01,Premium Luxury Car,mercedes_benz,s_class,S 500 4MATIC,200,131486.49
2026-01-01,Premium Luxury Car,mercedes_benz,s_class,S 580 4MATIC,1140,145091.97368421053
2026-01-01,Premium Luxury Car,mercedes_benz,s_class,S 580e 4MATIC,71,139158.61971830987
2026-01-01,Premium Luxury Car,porsche,panamera,4,705,140845.93333333332
2026-01-01,Premium Luxury Car,porsche,panamera,4 E-Hybrid,82,149697.32098765433
2026-01-01,Premium Luxury Car,porsche,panamera,4S,9,165765.22222222222
2026-01-01,Premium Luxury Car,porsche,panamera,4S E-Hybrid,7,168686.57142857142
2026-01-01,Premium Luxury Car,porsche,panamera,Base,291,133195.323024055
2026-01-01,Premium Luxury Car,porsche,panamera,GTS,51,191096.39215686274
2026-01-01,Premium Luxury Car,porsche,panamera,Turbo,16,233850.5625
2026-01-01,Premium Luxury Car,porsche,panamera,Turbo E-Hybrid,18,239367.11111111112
2026-01-01,Premium Luxury Car,porsche,panamera,Turbo S,1,249980.0
2026-01-01,Premium Luxury Car,porsche,panamera,Turbo S E-Hybrid,6,273971.6666666667
2026-01-01,Premium Luxury Car,rolls_royce,ghost,Base,7,442286.5714285714
2026-01-01,Premium Luxury Car,rolls_royce,ghost,Black Badge,4,512863.75
2026-02-01,Entry Luxury EV SUV,genesis,gv60,"19""""",9,56768.22222222222
2026-02-01,Entry Luxury EV SUV,genesis,gv60,Advanced,5,59738.0
2026-02-01,Entry Luxury EV SUV,genesis,gv60,"Advanced 20""""",15,59304.46666666667
2026-02-01,Entry Luxury EV SUV,genesis,gv60,Performance,8,70925.75
2026-02-01,Entry Luxury EV SUV,genesis,gv60,Standard,26,51087.42307692308
2026-02-01,Entry Luxury EV SUV,volvo,c40_recharge,Core,1,57385.0
2026-02-01,Entry Luxury EV SUV,volvo,ex30,Cross Country Ultra,520,49156.782692307694
2026-02-01,Entry Luxury EV SUV,volvo,ex30,"Cross Country Ultra, Twin Motor Performance, Ful",28,50256.75
2026-02-01,Entry Luxury EV SUV,volvo,ex30,Plus,22,38350.454545454544
2026-02-01,Entry Luxury EV SUV,volvo,ex30,"Plus Twin Motor Performance, Fully electric",333,45601.24024024024
2026-02-01,Entry Luxury EV SUV,volvo,ex30,"Plus, Single Motor, Fuly electric",62,39723.32258064516
2026-02-01,Entry Luxury EV SUV,volvo,ex30,Twin Motor Plus,118,45090.813559322036
2026-02-01,Entry Luxury EV SUV,volvo,ex30,Twin Motor Ultra,66,47095.57575757576
2026-02-01,Entry Luxury EV SUV,volvo,ex30,Ultra,226,47078.14159292035
2026-02-01,Entry Luxury EV SUV,volvo,ex30,"Ultra Twin Motor Performance, Fully electric",141,47378.44680851064
2026-02-01,Entry Luxury EV SUV,volvo,ex40,Single Motor Extended Range Core,3,54795.0
2026-02-01,Entry Luxury EV SUV,volvo,ex40,Single Motor Extended Range Plus,32,57537.0625
2026-02-01,Entry Luxury EV SUV,volvo,ex40,Twin Motor Core,12,53851.09090909091
2026-02-01,Entry Luxury EV SUV,volvo,ex40,Twin Motor Plus,37,59001.78378378379
2026-02-01,Entry Luxury EV SUV,volvo,ex40,Twin Motor Ultra,1,62045.0
2026-02-01,Entry Luxury EV SUV,volvo,ex40,Twin Motor Ultra Black Edition,4,61685.5
2026-02-01,Mid Luxury Car,audi,a6_e_tron,Premium,40,61799.925
2026-02-01,Mid Luxury Car,audi,a6_e_tron,Premium Plus,61,64608.983606557376
2026-02-01,Mid Luxury Car,audi,a6_e_tron,Prestige,19,69308.21052631579
2026-02-01,Mid Luxury Car,audi,a6_s6,2.9T quattro Premium Plus,2,77185.0
2026-02-01,Mid Luxury Car,audi,a6_s6,2.9T quattro Prestige,2,92135.5
2026-02-01,Mid Luxury Car,audi,a6_s6,4.0T quattro Avant performance,13,146152.46153846153
2026-02-01,Mid Luxury Car,audi,a6_s6,Premium 55 TFSI quattro S tronic,1,82190.0
2026-02-01,Mid Luxury Car,audi,a6_s6,Premium Plus,5,74867.2
2026-02-01,Mid Luxury Car,audi,a6_s6,Premium Plus quattro S tronic,1275,71635.67843137255
2026-02-01,Mid Luxury Car,audi,a6_s6,Premium quattro S tronic,72,67186.04225352113
2026-02-01,Mid Luxury Car,audi,a6_s6,Prestige TFSI quattro Tiptronic,6,91521.66666666667
2026-02-01,Mid Luxury Car,audi,a6_s6,Prestige quattro S tronic,87,75721.79310344828
2026-02-01,Mid Luxury Car,audi,a6_s6,Technik,282,77402.31205673759
2026-02-01,Mid Luxury Car,audi,a6_s6,performance,4,142227.5
2026-02-01,Mid Luxury Car,audi,a6_s6,quattro Premium 45 TFSI,9,55897.77777777778
2026-02-01,Mid Luxury Car,audi,a6_s6,quattro Premium 55 TFSI,5,63364.0
2026-02-01,Mid Luxury Car,audi,a6_s6,quattro Premium Plus 45 TFSI,27,59556.96153846154
2026-02-01,Mid Luxury Car,audi,a6_s6,quattro Premium Plus 55 TFSI,55,72996.58181818182
2026-02-01,Mid Luxury Car,audi,a6_s6,quattro Prestige 55 TFSI,17,72823.94117647059
2026-02-01,Mid Luxury Car,audi,a6_s6,quattro tiptronic,127,149970.03937007874
2026-02-01,Mid Luxury Car,audi,a7_s7,2.9T quattro Premium Plus,2,92519.5
2026-02-01,Mid Luxury Car,audi,a7_s7,2.9T quattro Prestige,4,104411.0
2026-02-01,Mid Luxury Car,audi,a7_s7,quattro Premium Plus 55 TFSI,4,76861.5
2026-02-01,Mid Luxury Car,audi,a7_s7,quattro Prestige 55 TFSI,1,88535.0
2026-02-01,Mid Luxury Car,audi,a7_s7_rs_7,4.0T quattro performance,64,144396.921875
2026-02-01,Mid Luxury Car,audi,a7_s7_rs_7,performance,2,146595.0
2026-02-01,Mid Luxury Car,audi,a7_s7_rs_7,quattro tiptronic,137,150855.2481751825
2026-02-01,Mid Luxury Car,bmw,5_series,530i,1395,68670.49032258065
2026-02-01,Mid Luxury Car,bmw,5_series,530i xDrive,924,70091.79004329005
2026-02-01,Mid Luxury Car,bmw,5_series,540i xDrive,168,79815.67261904762
2026-02-01,Mid Luxury Car,bmw,5_series,550e xDrive,315,85156.64444444445
2026-02-01,Mid Luxury Car,bmw,5_series,xDrive,690,74084.39676811596
2026-02-01,Mid Luxury Car,bmw,m5,Base,466,133421.4871244635
2026-02-01,Mid Luxury Car,bmw,m5,Base (A8),159,135985.28301886792
2026-02-01,Mid Luxury Car,bmw,m5,Touring,25,137789.78260869565
2026-02-01,Mid Luxury Car,genesis,g80,2.5T,240,66489.12083333333
2026-02-01,Mid Luxury Car,genesis,g80,2.5T Advanced,214,66223.58411214953
2026-02-01,Mid Luxury Car,genesis,g80,2.5T Sport Prestige,204,72440.76960784313
2026-02-01,Mid Luxury Car,genesis,g80,3.5T Prestige Black,204,81479.39705882352
2026-02-01,Mid Luxury Car,genesis,g80,3.5T Prestige Black AWD,2,81595.0
2026-02-01,Mid Luxury Car,genesis,g80,3.5T Sport,67,72479.02985074627
2026-02-01,Mid Luxury Car,genesis,g80,3.5T Sport Advanced,25,68222.08
2026-02-01,Mid Luxury Car,genesis,g80,3.5T Sport Prestige,290,80655.60344827586
2026-02-01,Mid Luxury Car,genesis,g80,Advanced,6,62504.2
2026-02-01,Mid Luxury Car,jaguar,xf,P250 R-Dynamic SE,3,52924.666666666664
2026-02-01,Mid Luxury Car,jaguar,xf,P300 R-Dynamic SE,68,56794.30882352941
2026-02-01,Mid Luxury Car,maserati,ghibli,Modena Q4,10,86660.9
2026-02-01,Mid Luxury Car,maserati,ghibli,Modena Ultima Q4,16,104460.0
2026-02-01,Mid Luxury Car,mercedes_benz,cle,AMG CLE 53,888,94483.64440315319
2026-02-01,Mid Luxury Car,mercedes_benz,cle,CLE 300,3,77916.33333333333
2026-02-01,Mid Luxury Car,mercedes_benz,cle,CLE 300 4MATIC,1610,72390.35316345557
2026-02-01,Mid Luxury Car,mercedes_benz,cle,CLE 450 4MATIC,13,76135.15384615384
2026-02-01,Mid Luxury Car,mercedes_benz,e_class,AMG E 53,645,107793.47970496895
2026-02-01,Mid Luxury Car,mercedes_benz,e_class,E 350,1199,72705.65554628857
2026-02-01,Mid Luxury Car,mercedes_benz,e_class,E 350 4MATIC,813,75130.17712177122
2026-02-01,Mid Luxury Car,mercedes_benz,e_class,E 450 4MATIC,393,83593.26208651399
2026-02-01,Mid Luxury Car,mercedes_benz,e_class,E 450 4MATIC All-Terrain,243,87298.53086419753
2026-02-01,Mid Luxury Car,volvo,s90,B6 Plus,16,53183.125
2026-02-01,Mid Luxury Car,volvo,s90,B6 Ultra,2,57882.5
2026-02-01,Mid Luxury Car,volvo,s90,T8 Ultimate,1,74124.0
2026-02-01,Mid Luxury Car,volvo,s90,T8 Ultra,2,66987.5
2026-02-01,Mid Luxury Car,volvo,v90,B6 Plus,2,58935.0
2026-02-01,Mid Luxury Car,volvo,v90,B6 Ultra,6,68549.33333333333
2026-02-01,Mid Luxury SUV,acura,mdx,Base,221,53529.85520361991
2026-02-01,Mid Luxury SUV,acura,mdx,SH-AWD,724,55749.79143646409
2026-02-01,Mid Luxury SUV,acura,mdx,SH-AWD Type S w/Advance Package,1007,77693.03574975174
2026-02-01,Mid Luxury SUV,acura,mdx,SH-AWD w/A-SPEC,289,64233.24567474049
2026-02-01,Mid Luxury SUV,acura,mdx,SH-AWD w/Advance,58,68243.75862068965
2026-02-01,Mid Luxury SUV,acura,mdx,SH-AWD w/Platinum Elite w/A-Spec,63,70368.22222222222
2026-02-01,Mid Luxury SUV,acura,mdx,SH-AWD w/Tech,1298,61045.083975346686
2026-02-01,Mid Luxury SUV,acura,mdx,Type S Advance Package,5,77564.4
2026-02-01,Mid Luxury SUV,acura,mdx,w/A-Spec Advance Package,1537,70633.58620689655
2026-02-01,Mid Luxury SUV,acura,mdx,w/A-Spec Package,1902,64167.125657202945
2026-02-01,Mid Luxury SUV,acura,mdx,w/Advance Package,54,68478.29629629629
2026-02-01,Mid Luxury SUV,acura,mdx,w/Tech,29,57813.96296296296
2026-02-01,Mid Luxury SUV,acura,mdx,w/Technology Package,1500,58891.13133333333
2026-02-01,Mid Luxury SUV,audi,q7,Premium,66,64847.907692307694
2026-02-01,Mid Luxury SUV,audi,q7,Prestige,21,78709.04761904762
2026-02-01,Mid Luxury SUV,audi,q7,Prestige 55 TFSI quattro tiptronic,85,80880.4705882353
2026-02-01,Mid Luxury SUV,audi,q7,quattro Premium 45 TFSI,418,63841.08393285372
2026-02-01,Mid Luxury SUV,audi,q7,quattro Premium 55 TFSI,90,65957.01111111112
2026-02-01,Mid Luxury SUV,audi,q7,quattro Premium Plus 45 TFSI,393,67531.74045801527
2026-02-01,Mid Luxury SUV,audi,q7,quattro Premium Plus 55 TFSI,2213,71190.89697243561
2026-02-01,Mid Luxury SUV,audi,q7,quattro Prestige 55 TFSI,106,78262.90566037736
2026-02-01,Mid Luxury SUV,audi,q7_sq7,4.0T quattro Premium Plus,17,100514.23529411765
2026-02-01,Mid Luxury SUV,audi,q7_sq7,4.0T quattro Prestige,39,114353.97435897436
2026-02-01,Mid Luxury SUV,audi,q7_sq7,Prestige,92,103834.72826086957
2026-02-01,Mid Luxury SUV,bmw,x5,Competition,335,142346.8537313433
2026-02-01,Mid Luxury SUV,bmw,x5,M60i,1319,104427.71721000758
2026-02-01,Mid Luxury SUV,bmw,x5,sDrive40i,2267,78373.55869373344
2026-02-01,Mid Luxury SUV,bmw,x5,xDrive40i,6934,80998.95947505048
2026-02-01,Mid Luxury SUV,bmw,x5,xDrive50e,3500,85631.08114285715
2026-02-01,Mid Luxury SUV,bmw,x5_xdrive45e,Competition,112,146912.26126126127
2026-02-01,Mid Luxury SUV,bmw,x6,M60i,340,108645.81470588235
2026-02-01,Mid Luxury SUV,bmw,x6,xDrive40i,922,87900.66160520607
2026-02-01,Mid Luxury SUV,cadillac,xt5,Luxury,260,44719.403846153844
2026-02-01,Mid Luxury SUV,cadillac,xt5,Luxury AWD,169,47513.36094674556
2026-02-01,Mid Luxury SUV,cadillac,xt5,Luxury FWD,243,45868.02880658436
2026-02-01,Mid Luxury SUV,cadillac,xt5,Premium Luxury,1078,53811.360853432285
2026-02-01,Mid Luxury SUV,cadillac,xt5,Premium Luxury AWD,690,59334.54347826087
2026-02-01,Mid Luxury SUV,cadillac,xt5,Premium Luxury FWD,469,58033.34328358209
2026-02-01,Mid Luxury SUV,cadillac,xt5,Sport,159,60745.522012578615
2026-02-01,Mid Luxury SUV,cadillac,xt5,Sport AWD,121,65568.13223140496
2026-02-01,Mid Luxury SUV,cadillac,xt6,Luxury,331,48729.45921450151
2026-02-01,Mid Luxury SUV,cadillac,xt6,Premium Luxury,608,58671.89802631579
2026-02-01,Mid Luxury SUV,cadillac,xt6,Sport,165,64701.757575757576
2026-02-01,Mid Luxury SUV,genesis,gv80,2.5T,7,59512.57142857143
2026-02-01,Mid Luxury SUV,genesis,gv80,2.5T AWD,143,62654.91608391608
2026-02-01,Mid Luxury SUV,genesis,gv80,2.5T Advanced,788,71202.75634517767
2026-02-01,Mid Luxury SUV,genesis,gv80,2.5T Prestige,674,75886.4881305638
2026-02-01,Mid Luxury SUV,genesis,gv80,2.5T Select,407,66252.69041769042
2026-02-01,Mid Luxury SUV,genesis,gv80,2.5T Standard,26,58142.92307692308
2026-02-01,Mid Luxury SUV,genesis,gv80,2.5T Standard AWD,109,60275.98165137615
2026-02-01,Mid Luxury SUV,genesis,gv80,3.5T,7,72888.57142857143
2026-02-01,Mid Luxury SUV,genesis,gv80,3.5T Advanced,579,78301.597582038
2026-02-01,Mid Luxury SUV,genesis,gv80,3.5T Prestige Black AWD,643,86033.38724727838
2026-02-01,Mid Luxury SUV,genesis,gv80,3.5T Prestige Signature,1774,84388.83370913191
2026-02-01,Mid Luxury SUV,genesis,gv80_coupe,3.5T,62,84290.75806451614
2026-02-01,Mid Luxury SUV,genesis,gv80_coupe,3.5T AWD,1,84465.0
2026-02-01,Mid Luxury SUV,genesis,gv80_coupe,3.5T E-SC,644,89641.3105590062
2026-02-01,Mid Luxury SUV,genesis,gv80_coupe,3.5T E-SC MHEV AWD,204,90296.63235294117
2026-02-01,Mid Luxury SUV,genesis,gv80_coupe,3.5T E-SC Prestige Black AWD,1,91979.0
2026-02-01,Mid Luxury SUV,genesis,gv80_coupe,3.5T V6 AWD,7,78474.33333333333
2026-02-01,Mid Luxury SUV,genesis,gv80_coupe,3.5T e-SC,4,89631.0
2026-02-01,Mid Luxury SUV,genesis,gv80_coupe,3.5T e-SC Prestige Black,239,91931.40585774058
2026-02-01,Mid Luxury SUV,ineos,grenadier,1924 Limited Edition,470,87632.15957446808
2026-02-01,Mid Luxury SUV,ineos,grenadier,Base,114,83894.51754385965
2026-02-01,Mid Luxury SUV,ineos,grenadier,Fieldmaster,19,73751.36842105263
2026-02-01,Mid Luxury SUV,ineos,grenadier,Fieldmaster Edition,143,87872.74125874125
2026-02-01,Mid Luxury SUV,ineos,grenadier,Trialmaster,7,72497.71428571429
2026-02-01,Mid Luxury SUV,infiniti,qx60,Autograph,981,66502.11824668705
2026-02-01,Mid Luxury SUV,infiniti,qx60,Luxe,2368,56611.33234797297
2026-02-01,Mid Luxury SUV,infiniti,qx60,Pure,108,50066.22222222222
2026-02-01,Mid Luxury SUV,infiniti,qx60,SPORT,992,60759.67137096774
2026-02-01,Mid Luxury SUV,infiniti,qx60,SPORT AWD,3,58004.333333333336
2026-02-01,Mid Luxury SUV,infiniti,qx60,Sensory,11,56153.9
2026-02-01,Mid Luxury SUV,jaguar,f_pace,P250 R-Dynamic S,1158,65322.49480069324
2026-02-01,Mid Luxury SUV,jaguar,f_pace,P400 R-Dynamic S,334,76190.61077844311
2026-02-01,Mid Luxury SUV,jaguar,f_pace,SVR 575 EDITION,39,99327.69230769231
2026-02-01,Mid Luxury SUV,land_rover,defender,110 P300 S,655,75103.58167938932
2026-02-01,Mid Luxury SUV,land_rover,defender,110 P400 S,47,79570.91489361702
2026-02-01,Mid Luxury SUV,land_rover,defender,110 P400 X,2,97014.5
2026-02-01,Mid Luxury SUV,land_rover,defender,110 P400 X-Dynamic SE,1413,88805.9313517339
2026-02-01,Mid Luxury SUV,land_rover,defender,110 P500 X-Dynamic SE,136,111735.39259259259
2026-02-01,Mid Luxury SUV,land_rover,defender,110 V8 P500 SE,7,98360.71428571429
2026-02-01,Mid Luxury SUV,land_rover,defender,110 V8 P525,158,123689.45569620254
2026-02-01,Mid Luxury SUV,land_rover,defender,130 P300 S,305,85414.52459016393
2026-02-01,Mid Luxury SUV,land_rover,defender,130 P400 Outbound,6,88237.33333333333
2026-02-01,Mid Luxury SUV,land_rover,defender,130 P400 S,31,89903.6129032258
2026-02-01,Mid Luxury SUV,land_rover,defender,130 P400 X,9,103295.11111111111
2026-02-01,Mid Luxury SUV,land_rover,defender,130 P400 X-Dynamic SE,395,97788.55189873418
2026-02-01,Mid Luxury SUV,land_rover,defender,130 P500 V8,48,122813.5
2026-02-01,Mid Luxury SUV,land_rover,defender,130 V8 P500,103,132461.52427184465
2026-02-01,Mid Luxury SUV,land_rover,defender,90 P300 S,10,68994.3
2026-02-01,Mid Luxury SUV,land_rover,defender,90 P400 X-Dynamic SE,15,76739.6
2026-02-01,Mid Luxury SUV,land_rover,defender,90 P525 V8,11,112251.54545454546
2026-02-01,Mid Luxury SUV,land_rover,defender,90 V8 Carpathian Edition,2,114464.0
2026-02-01,Mid Luxury SUV,land_rover,defender,OCTA,220,176254.55
2026-02-01,Mid Luxury SUV,land_rover,defender,P300 S,4,80356.75
2026-02-01,Mid Luxury SUV,land_rover,defender,P400 Trophy Edition Keswick,9,96266.11111111111
2026-02-01,Mid Luxury SUV,land_rover,defender,P400 X,64,104508.09375
2026-02-01,Mid Luxury SUV,land_rover,defender,P400 X-Dynamic SE,3,94968.33333333333
2026-02-01,Mid Luxury SUV,land_rover,defender,P500 V8,1,131546.0
2026-02-01,Mid Luxury SUV,land_rover,defender,P635 OCTA,2,176327.0
2026-02-01,Mid Luxury SUV,land_rover,defender,P635 OCTA Black,31,183597.5806451613
2026-02-01,Mid Luxury SUV,land_rover,defender,P635 OCTA Edition One,6,169012.33333333334
2026-02-01,Mid Luxury SUV,land_rover,defender,S,40,79232.3
2026-02-01,Mid Luxury SUV,land_rover,defender,X,11,107993.81818181818
2026-02-01,Mid Luxury SUV,land_rover,defender,X-Dynamic SE,120,91598.75
2026-02-01,Mid Luxury SUV,land_rover,discovery,Gemini Edition,336,79418.01190476191
2026-02-01,Mid Luxury SUV,land_rover,discovery,P300 Dynamic SE,172,72427.93604651163
2026-02-01,Mid Luxury SUV,land_rover,discovery,P300 S,228,67545.4649122807
2026-02-01,Mid Luxury SUV,land_rover,discovery,P360 Dynamic SE,118,78372.46610169491
2026-02-01,Mid Luxury SUV,land_rover,discovery,P360 Metropolitan,28,83827.57142857143
2026-02-01,Mid Luxury SUV,land_rover,discovery,Tempest Edition,30,88392.5
2026-02-01,Mid Luxury SUV,land_rover,range_rover_velar,Autobiography,23,87757.26086956522
2026-02-01,Mid Luxury SUV,land_rover,range_rover_velar,Dynamic SE,433,75570.88221709007
2026-02-01,Mid Luxury SUV,land_rover,range_rover_velar,P250 Dynamic SE,221,72799.54751131222
2026-02-01,Mid Luxury SUV,land_rover,range_rover_velar,P250 S,129,67665.02325581395
2026-02-01,Mid Luxury SUV,land_rover,range_rover_velar,P400 Autobiography,7,88747.85714285714
2026-02-01,Mid Luxury SUV,land_rover,range_rover_velar,P400 Dynamic HSE,7,84670.71428571429
2026-02-01,Mid Luxury SUV,land_rover,range_rover_velar,P400 Dynamic SE,106,78941.41509433962
2026-02-01,Mid Luxury SUV,land_rover,range_rover_velar,S,191,68487.87958115184
2026-02-01,Mid Luxury SUV,lexus,gx_series,Luxury+,273,86799.47619047618
2026-02-01,Mid Luxury SUV,lexus,gx_series,Overtrail,10,76776.2
2026-02-01,Mid Luxury SUV,lexus,gx_series,Overtrail+,116,84213.08620689655
2026-02-01,Mid Luxury SUV,lexus,gx_series,Premium+,276,74662.60869565218
2026-02-01,Mid Luxury SUV,lexus,rx_series,Base,83,60067.44578313253
2026-02-01,Mid Luxury SUV,lexus,rx_series,F SPORT Design,214,63224.18741784037
2026-02-01,Mid Luxury SUV,lexus,rx_series,F SPORT Handling,51,64703.64705882353
2026-02-01,Mid Luxury SUV,lexus,rx_series,F SPORT Performance,94,76705.12765957447
2026-02-01,Mid Luxury SUV,lexus,rx_series,Luxury,1416,72246.27464689263
2026-02-01,Mid Luxury SUV,lexus,rx_series,Premium,1003,61525.84356929213
2026-02-01,Mid Luxury SUV,lexus,rx_series,Premium+,2949,61517.850261105465
2026-02-01,Mid Luxury SUV,lexus,tx,Base,8,65781.125
2026-02-01,Mid Luxury SUV,lexus,tx,F SPORT Handling,178,72552.92696629213
2026-02-01,Mid Luxury SUV,lexus,tx,F SPORT Performance Luxury,103,78965.49514563107
2026-02-01,Mid Luxury SUV,lexus,tx,F SPORT Performance Premium,800,75307.9925
2026-02-01,Mid Luxury SUV,lexus,tx,F SPORT Premium,2,76195.0
2026-02-01,Mid Luxury SUV,lexus,tx,Luxury,656,73506.84989329267
2026-02-01,Mid Luxury SUV,lexus,tx,Premium,1436,66048.41016713092
2026-02-01,Mid Luxury SUV,lincoln,aviator,Black Label,539,87593.14285714286
2026-02-01,Mid Luxury SUV,lincoln,aviator,Livery,15,60831.933333333334
2026-02-01,Mid Luxury SUV,lincoln,aviator,Premiere,2260,60444.488053097346
2026-02-01,Mid Luxury SUV,lincoln,aviator,Reserve,3310,73082.31540785499
2026-02-01,Mid Luxury SUV,lincoln,nautilus,Black Label,633,79405.29857819906
2026-02-01,Mid Luxury SUV,lincoln,nautilus,Premiere,4992,57423.697716346156
2026-02-01,Mid Luxury SUV,lincoln,nautilus,Reserve,4366,66452.95945945945
2026-02-01,Mid Luxury SUV,mercedes_benz,benz_amg_gle,4MATIC+,1585,101496.17058675078
2026-02-01,Mid Luxury SUV,mercedes_benz,benz_amg_gle,S 4MATIC+,383,143599.2637075718
2026-02-01,Mid Luxury SUV,mercedes_benz,gle_class,4MATIC,367,84607.55467213115
2026-02-01,Mid Luxury SUV,mercedes_benz,gle_class,AMG GLE 53,1131,101039.50044208665
2026-02-01,Mid Luxury SUV,mercedes_benz,gle_class,AMG GLE 63 S,443,141943.86004514672
2026-02-01,Mid Luxury SUV,mercedes_benz,gle_class,GLE 350,1463,72373.17840054682
2026-02-01,Mid Luxury SUV,mercedes_benz,gle_class,GLE 350 4MATIC,5313,74411.80651232826
2026-02-01,Mid Luxury SUV,mercedes_benz,gle_class,GLE 450 4MATIC,4048,83736.72381422925
2026-02-01,Mid Luxury SUV,mercedes_benz,gle_class,GLE 450e 4MATIC,6,78169.33333333333
2026-02-01,Mid Luxury SUV,mercedes_benz,gle_class,GLE 580 4MATIC,339,100115.33333333333
2026-02-01,Mid Luxury SUV,volvo,xc90,B5 Core,467,61140.173447537476
2026-02-01,Mid Luxury SUV,volvo,xc90,B5 Plus,4,52611.666666666664
2026-02-01,Mid Luxury SUV,volvo,xc90,B5 Plus 6-Seater,52,66451.42307692308
2026-02-01,Mid Luxury SUV,volvo,xc90,B5 Plus 7-Seater,667,66080.74212893553
2026-02-01,Mid Luxury SUV,volvo,xc90,B5 Plus Bright Theme,3,56922.5
2026-02-01,Mid Luxury SUV,volvo,xc90,B5 Ultra,1,75020.0
2026-02-01,Mid Luxury SUV,volvo,xc90,B5 Ultra 6-Seater,51,70721.78
2026-02-01,Mid Luxury SUV,volvo,xc90,B5 Ultra 7-Seater,28,69544.53571428571
2026-02-01,Mid Luxury SUV,volvo,xc90,B6 Core,234,64928.88034188034
2026-02-01,Mid Luxury SUV,volvo,xc90,B6 Plus 6-Seater,549,71032.30418943534
2026-02-01,Mid Luxury SUV,volvo,xc90,B6 Plus 6P,5,61077.8
2026-02-01,Mid Luxury SUV,volvo,xc90,B6 Plus 7-Seater,4327,69755.04414143748
2026-02-01,Mid Luxury SUV,volvo,xc90,B6 Plus 7P,39,60752.46153846154
2026-02-01,Mid Luxury SUV,volvo,xc90,B6 Plus Bright Theme 7P,1,53996.0
2026-02-01,Mid Luxury SUV,volvo,xc90,B6 Ultimate Bright Theme 7P,2,60243.0
2026-02-01,Mid Luxury SUV,volvo,xc90,B6 Ultra,43,70973.67441860466
2026-02-01,Mid Luxury SUV,volvo,xc90,B6 Ultra 6-Seater,259,75789.54440154441
2026-02-01,Mid Luxury SUV,volvo,xc90,B6 Ultra 6P,3,71009.33333333333
2026-02-01,Mid Luxury SUV,volvo,xc90,B6 Ultra 7-Seater,2528,73536.25474683545
2026-02-01,Mid Luxury SUV,volvo,xc90,B6 Ultra 7P,12,67256.33333333333
2026-02-01,Mid Luxury SUV,volvo,xc90,B6 Ultra Dark Theme 6-Seater,318,75807.75471698113
2026-02-01,Mid Luxury SUV,volvo,xc90,B6 Ultra Dark Theme 7-Seater,988,75395.48886639676
2026-02-01,Mid Luxury SUV,volvo,xc90,"Core, B5 AWD Gas (mild hybrid), Gasoline, Bright",7,60866.57142857143
2026-02-01,Mid Luxury SUV,volvo,xc90,"Core, B6 AWD Gas (mild hybrid), Gasoline, Bright",2,67080.0
2026-02-01,Mid Luxury SUV,volvo,xc90,"Plus, B5 AWD Gas (mild hybrid), Gasoline, Bright",6,66286.5
2026-02-01,Mid Luxury SUV,volvo,xc90,"Plus, B6 AWD Gas (mild hybrid), Gasoline, Bright",31,70100.19354838709
2026-02-01,Mid Luxury SUV,volvo,xc90,"Plus, T8 AWD, Electric/Gasoline, Bright, 6 Seats",2,82185.0
2026-02-01,Mid Luxury SUV,volvo,xc90,"Plus, T8 AWD, Electric/Gasoline, Bright, 7 Seats",15,80727.8
2026-02-01,Mid Luxury SUV,volvo,xc90,T8 Core,63,74579.28571428571
2026-02-01,Mid Luxury SUV,volvo,xc90,T8 Core 7-Seater,33,68540.30303030302
2026-02-01,Mid Luxury SUV,volvo,xc90,T8 Plus 6-Seater,97,79401.24742268042
2026-02-01,Mid Luxury SUV,volvo,xc90,T8 Plus 6P,12,71607.91666666667
2026-02-01,Mid Luxury SUV,volvo,xc90,T8 Plus 7-Seater,1326,78087.8257918552
2026-02-01,Mid Luxury SUV,volvo,xc90,T8 Plus 7P,3,64603.666666666664
2026-02-01,Mid Luxury SUV,volvo,xc90,T8 Plus Bright Theme 7P,6,70631.66666666667
2026-02-01,Mid Luxury SUV,volvo,xc90,T8 Ultimate Bright Theme 6P,1,69990.0
2026-02-01,Mid Luxury SUV,volvo,xc90,T8 Ultimate Bright Theme 7P,1,69990.0
2026-02-01,Mid Luxury SUV,volvo,xc90,T8 Ultra 6-Seater,119,86244.83193277312
2026-02-01,Mid Luxury SUV,volvo,xc90,T8 Ultra 6P,6,77615.66666666667
2026-02-01,Mid Luxury SUV,volvo,xc90,T8 Ultra 7-Seater,1039,82876.79499518768
2026-02-01,Mid Luxury SUV,volvo,xc90,T8 Ultra 7P,7,72401.85714285714
2026-02-01,Mid Luxury SUV,volvo,xc90,T8 Ultra Dark Theme 6-Seater,61,85809.90163934426
2026-02-01,Mid Luxury SUV,volvo,xc90,T8 Ultra Dark Theme 7-Seater,167,85363.73053892216
2026-02-01,Mid Luxury SUV,volvo,xc90,"Ultra Dark Theme, B6 AWD Gas (mild hybrid), Gaso",1,72700.0
2026-02-01,Mid Luxury SUV,volvo,xc90,"Ultra Dark Theme, T8 AWD, Electric/Gasoline, 6 S",1,92055.0
2026-02-01,Mid Luxury SUV,volvo,xc90,"Ultra Dark Theme, T8 AWD, Electric/Gasoline, 7 S",2,90792.0
2026-02-01,Mid Luxury SUV,volvo,xc90,"Ultra, B6 AWD Gas (mild hybrid), Gasoline, Brigh",1,75155.0
2026-02-01,Mid Luxury SUV,volvo,xc90,"Ultra, T8 AWD, Electric/Gasoline, Bright, 6 Seat",4,85821.25
2026-02-01,Mid Luxury SUV,volvo,xc90,"Ultra, T8 AWD, Electric/Gasoline, Bright, 7 Seat",19,85580.73684210527
2026-02-01,Near Luxury Car,acura,tlx,SH-AWD w/A-SPEC,383,51365.42036553525
2026-02-01,Near Luxury Car,acura,tlx,w/Tech,276,46535.56934306569
2026-02-01,Near Luxury Car,alfa_romeo,giulia,Base,248,52349.653225806454
2026-02-01,Near Luxury Car,alfa_romeo,giulia,Quadrifoglio,10,83913.6
2026-02-01,Near Luxury Car,alfa_romeo,giulia,Quadrifoglio Carbon,1,76825.0
2026-02-01,Near Luxury Car,alfa_romeo,giulia,Special Edition AWD,1,48800.0
2026-02-01,Near Luxury Car,alfa_romeo,giulia,Special Edition RWD,1,54240.0
2026-02-01,Near Luxury Car,alfa_romeo,giulia,Sprint,162,48481.20987654321
2026-02-01,Near Luxury Car,alfa_romeo,giulia,Ti,11,45781.72727272727
2026-02-01,Near Luxury Car,alfa_romeo,giulia,Veloce,6,48541.833333333336
2026-02-01,Near Luxury Car,audi,a5,Premium,154,49443.15032679738
2026-02-01,Near Luxury Car,audi,a5,Premium Plus,1181,52188.732430143944
2026-02-01,Near Luxury Car,audi,a5,Premium Plus TFSI quattro S tronic,946,52366.514799154334
2026-02-01,Near Luxury Car,audi,a5,Premium TFSI quattro S tronic,443,49344.144469525956
2026-02-01,Near Luxury Car,audi,a5,Prestige,77,54460.23376623377
2026-02-01,Near Luxury Car,audi,a5,Prestige TFSI quattro S tronic,201,54233.12437810945
2026-02-01,Near Luxury Car,audi,a5,quattro S line Prem Plus 45 TFSI,3,55398.666666666664
2026-02-01,Near Luxury Car,audi,a5,quattro S line Premium 45 TFSI,3,50863.666666666664
2026-02-01,Near Luxury Car,audi,s5,3.0 TFSI quattro Progressiv,1,61885.0
2026-02-01,Near Luxury Car,audi,s5,3.0T quattro Premium Plus,2,61366.5
2026-02-01,Near Luxury Car,audi,s5,Premium,12,64522.75
2026-02-01,Near Luxury Car,audi,s5,Premium Plus,146,69934.10273972603
2026-02-01,Near Luxury Car,audi,s5,Premium Plus TFSI quattro S tronic,456,69844.53728070176
2026-02-01,Near Luxury Car,audi,s5,Prestige,34,74982.94117647059
2026-02-01,Near Luxury Car,audi,s5,Prestige TFSI quattro S tronic,85,75602.23529411765
2026-02-01,Near Luxury Car,bmw,3_series,330i,740,53733.69189189189
2026-02-01,Near Luxury Car,bmw,3_series,330i NA,904,54156.37610619469
2026-02-01,Near Luxury Car,bmw,3_series,330i NA xDrive,928,56243.8662351672
2026-02-01,Near Luxury Car,bmw,3_series,330i xDrive,362,55239.016574585636
2026-02-01,Near Luxury Car,bmw,3_series,M340i,2,65115.0
2026-02-01,Near Luxury Car,bmw,3_series,M340i NA,155,68895.27741935484
2026-02-01,Near Luxury Car,bmw,3_series,M340i NA xDrive,176,71106.95454545454
2026-02-01,Near Luxury Car,bmw,3_series,M340i xDrive,119,73252.06722689075
2026-02-01,Near Luxury Car,bmw,3_series,NA,566,54453.494699646646
2026-02-01,Near Luxury Car,bmw,3_series,xDrive,204,55374.23383084577
2026-02-01,Near Luxury Car,bmw,3_series,xDrive NA,795,55997.729559748426
2026-02-01,Near Luxury Car,bmw,4_series,430i,1028,62689.67679961088
2026-02-01,Near Luxury Car,bmw,4_series,430i Gran Coupe,2,55145.0
2026-02-01,Near Luxury Car,bmw,4_series,430i xDrive,526,65589.24153992395
2026-02-01,Near Luxury Car,bmw,4_series,430i xDrive Gran Coupe,4,58290.0
2026-02-01,Near Luxury Car,bmw,4_series,M440i,350,74417.12962857143
2026-02-01,Near Luxury Car,bmw,4_series,M440i Gran Coupe,15,71885.93333333333
2026-02-01,Near Luxury Car,bmw,4_series,M440i xDrive,350,78464.88188571429
2026-02-01,Near Luxury Car,bmw,4_series,xDrive,231,67648.53333333333
2026-02-01,Near Luxury Car,bmw,4_series_gran_coupe,xDrive,424,65189.95827830188
2026-02-01,Near Luxury Car,bmw,m3,Base (M6),38,90402.47368421052
2026-02-01,Near Luxury Car,bmw,m3,Competition,28,93396.35714285714
2026-02-01,Near Luxury Car,bmw,m3,Competition xDrive,188,102480.30319148937
2026-02-01,Near Luxury Car,bmw,m3,NA,28,68395.5
2026-02-01,Near Luxury Car,bmw,m3,xDrive,10,72661.33333333333
2026-02-01,Near Luxury Car,bmw,m3,xDrive NA,16,70846.25
2026-02-01,Near Luxury Car,bmw,m4,Base,41,90833.875
2026-02-01,Near Luxury Car,bmw,m4,Competition,332,102789.40181268883
2026-02-01,Near Luxury Car,bmw,m4,Competition xDrive,230,101886.93478260869
2026-02-01,Near Luxury Car,cadillac,ct5,Base,10,66180.1
2026-02-01,Near Luxury Car,cadillac,ct5,Blackwing,3,116146.66666666667
2026-02-01,Near Luxury Car,cadillac,ct5,Premium Luxury,152,51673.23684210526
2026-02-01,Near Luxury Car,cadillac,ct5,Premium Luxury RWD,669,54639.94618834081
2026-02-01,Near Luxury Car,cadillac,ct5,Sport,88,54049.52272727273
2026-02-01,Near Luxury Car,cadillac,ct5,Sport RWD,478,56847.89539748954
2026-02-01,Near Luxury Car,cadillac,ct5,V-Series Blackwing RWD,80,128552.8
2026-02-01,Near Luxury Car,cadillac,ct5,V-Series RWD,307,67593.71009771987
2026-02-01,Near Luxury Car,genesis,g70,2.5T,7,44609.0
2026-02-01,Near Luxury Car,genesis,g70,2.5T AWD,307,47432.19934640523
2026-02-01,Near Luxury Car,genesis,g70,2.5T Prestige,22,44128.181818181816
2026-02-01,Near Luxury Car,genesis,g70,2.5T RWD,230,45410.034782608695
2026-02-01,Near Luxury Car,genesis,g70,2.5T RWD Prestige,356,50449.5393258427
2026-02-01,Near Luxury Car,genesis,g70,2.5T Standard,103,44306.93203883495
2026-02-01,Near Luxury Car,genesis,g70,3.3T AWD Sport Prestige,833,54348.4081632653
2026-02-01,Near Luxury Car,genesis,g70,3.3T Prestige Graphite,106,60161.22641509434
2026-02-01,Near Luxury Car,genesis,g70,3.3T RWD Sport Prestige,234,55623.68669527897
2026-02-01,Near Luxury Car,genesis,g70,3.3T Sport Advanced,88,53248.54022988506
2026-02-01,Near Luxury Car,infiniti,q50,Luxe,1,45585.0
2026-02-01,Near Luxury Car,infiniti,q50,Red Sport 400,2,57000.0
2026-02-01,Near Luxury Car,infiniti,q50,Sensory,1,55160.0
2026-02-01,Near Luxury Car,lexus,es_series,Base,971,49272.35565396499
2026-02-01,Near Luxury Car,lexus,es_series,F SPORT 2,1,48394.0
2026-02-01,Near Luxury Car,lexus,es_series,F SPORT Handling,21,54370.57142857143
2026-02-01,Near Luxury Car,lexus,es_series,Luxury,55,53279.46339622642
2026-02-01,Near Luxury Car,lexus,es_series,Ultra Luxury,63,55829.333333333336
2026-02-01,Near Luxury Car,lexus,is_series,Base,12,47151.833333333336
2026-02-01,Near Luxury Car,lexus,is_series,F SPORT,547,53414.4844606947
2026-02-01,Near Luxury Car,lexus,is_series,F SPORT Design,261,47534.85777777778
2026-02-01,Near Luxury Car,lexus,is_series,F SPORT Performance,13,69017.92307692308
2026-02-01,Near Luxury Car,lexus,is_series,F SPORT Performance Ultimate Edition,4,74538.5
2026-02-01,Near Luxury Car,lexus,rc_series,F SPORT,51,61385.470588235294
2026-02-01,Near Luxury Car,lexus,rc_series,Final Edition,15,95051.93333333333
2026-02-01,Near Luxury Car,mercedes_benz,c_class,AMG C 43,591,74160.93908629441
2026-02-01,Near Luxury Car,mercedes_benz,c_class,AMG C 63 S E Performance,86,100875.31395348837
2026-02-01,Near Luxury Car,mercedes_benz,c_class,C 300,2374,54799.45956192081
2026-02-01,Near Luxury Car,mercedes_benz,c_class,C 300 4MATIC,1880,57025.323936170214
2026-02-01,Near Luxury Car,volvo,s60_v60,B5 Core,9,45675.666666666664
2026-02-01,Near Luxury Car,volvo,s60_v60,B5 Core Dark Theme,4,44945.0
2026-02-01,Near Luxury Car,volvo,s60_v60,B5 Plus,289,54556.947993079586
2026-02-01,Near Luxury Car,volvo,s60_v60,B5 Plus Dark Theme,6,43583.833333333336
2026-02-01,Near Luxury Car,volvo,s60_v60,B5 Ultra,167,60593.77844311377
2026-02-01,Near Luxury Car,volvo,s60_v60,T8 Plus Dark Theme,2,49760.0
2026-02-01,Near Luxury Car,volvo,s60_v60,T8 Polestar Engineered,1,72645.0
2026-02-01,Near Luxury EV SUV,audi,q4_e_tron,Premium,22,56863.181818181816
2026-02-01,Near Luxury EV SUV,audi,q4_e_tron,Premium 45 quattro,1,48000.0
2026-02-01,Near Luxury EV SUV,audi,q4_e_tron,Premium Plus,2,62142.5
2026-02-01,Near Luxury EV SUV,audi,q4_e_tron,quattro Premium 55 TFSI,4,54095.75
2026-02-01,Near Luxury EV SUV,audi,q4_e_tron,quattro Premium Plus 50 TFSI,1,65390.0
2026-02-01,Near Luxury EV SUV,audi,q4_e_tron,quattro Premium Plus 55,1,60320.0
2026-02-01,Near Luxury EV SUV,audi,q4_e_tron,quattro Premium Plus 55 TFSI,51,59776.0
2026-02-01,Near Luxury EV SUV,audi,q4_e_tron,quattro Prestige 55 TFSI,4,58862.5
2026-02-01,Near Luxury EV SUV,cadillac,optiq,Luxury,765,54480.32156862745
2026-02-01,Near Luxury EV SUV,cadillac,optiq,Luxury 1 AWD,99,54628.42424242424
2026-02-01,Near Luxury EV SUV,cadillac,optiq,Luxury 2 AWD,53,56320.490196078434
2026-02-01,Near Luxury EV SUV,cadillac,optiq,Premium Luxury,335,57964.10746268657
2026-02-01,Near Luxury EV SUV,cadillac,optiq,Premium Sport,469,58432.92094017094
2026-02-01,Near Luxury EV SUV,cadillac,optiq,Sport,950,55551.92842105263
2026-02-01,Near Luxury EV SUV,cadillac,optiq,Sport 1 AWD,125,55225.144
2026-02-01,Near Luxury EV SUV,cadillac,optiq,Sport 2 AWD,116,58128.830357142855
2026-02-01,Near Luxury EV SUV,cadillac,optiq,V-Series,5,71174.4
2026-02-01,Near Luxury EV SUV,genesis,gv70_ev,Advanced,29,69712.44827586207
2026-02-01,Near Luxury EV SUV,genesis,gv70_ev,Advanced AWD,2,70700.0
2026-02-01,Near Luxury EV SUV,genesis,gv70_ev,Base,16,72041.375
2026-02-01,Near Luxury EV SUV,genesis,gv70_ev,Prestige,1,76240.0
2026-02-01,Near Luxury EV SUV,genesis,gv70_ev,Standard,62,62804.54838709677
2026-02-01,Near Luxury EV SUV,lexus,rz_series,F SPORT,43,60666.37232558139
2026-02-01,Near Luxury EV SUV,lexus,rz_series,Luxury,43,56780.65860465117
2026-02-01,Near Luxury EV SUV,lexus,rz_series,Premium,1667,49870.80889622076
2026-02-01,Near Luxury EV SUV,mercedes_benz,eqb,EQB 250+,5,58672.0
2026-02-01,Near Luxury EV SUV,mercedes_benz,eqb,EQB 300 4MATIC,19,62712.57894736842
2026-02-01,Near Luxury EV SUV,mercedes_benz,eqb,EQB 350 4MATIC,3,65896.66666666667
2026-02-01,Near Luxury EV SUV,porsche,macan_electric,4S,222,107315.23873873874
2026-02-01,Near Luxury SUV,acura,rdx,A-Spec,1,52650.0
2026-02-01,Near Luxury SUV,acura,rdx,SH-AWD,108,46403.26851851852
2026-02-01,Near Luxury SUV,acura,rdx,SH-AWD w/A-SPEC,161,51958.78881987578
2026-02-01,Near Luxury SUV,acura,rdx,SH-AWD w/Advance,46,53566.69565217391
2026-02-01,Near Luxury SUV,acura,rdx,SH-AWD w/Advance w/A-SPEC,68,56170.64179104478
2026-02-01,Near Luxury SUV,acura,rdx,SH-AWD w/Platinum Elite w/A-SPEC,12,56355.166666666664
2026-02-01,Near Luxury SUV,acura,rdx,SH-AWD w/Tech,145,48957.15862068965
2026-02-01,Near Luxury SUV,acura,rdx,w/A-Spec Advance Package,1051,56709.95623215985
2026-02-01,Near Luxury SUV,acura,rdx,w/A-Spec Package,1260,52594.95
2026-02-01,Near Luxury SUV,acura,rdx,w/Advance Package,1105,54624.230769230766
2026-02-01,Near Luxury SUV,acura,rdx,w/Technology Package,1487,49491.66106254203
2026-02-01,Near Luxury SUV,alfa_romeo,stelvio,Base,111,54810.7027027027
2026-02-01,Near Luxury SUV,alfa_romeo,stelvio,Quadrifoglio,31,86908.25806451614
2026-02-01,Near Luxury SUV,alfa_romeo,stelvio,Quadrifoglio Carbon,3,88710.0
2026-02-01,Near Luxury SUV,alfa_romeo,stelvio,Special Edition Tributo Italiano AWD,14,55988.857142857145
2026-02-01,Near Luxury SUV,alfa_romeo,stelvio,Sprint,365,53951.84657534247
2026-02-01,Near Luxury SUV,alfa_romeo,stelvio,Ti,4,40352.75
2026-02-01,Near Luxury SUV,alfa_romeo,stelvio,Veloce,2,51720.0
2026-02-01,Near Luxury SUV,audi,q5_sq5,Premium,321,52779.40498442367
2026-02-01,Near Luxury SUV,audi,q5_sq5,Premium Plus,1655,57205.96555891239
2026-02-01,Near Luxury SUV,audi,q5_sq5,Premium Plus 45 TFSI S line quattro S tronic,1,54340.0
2026-02-01,Near Luxury SUV,audi,q5_sq5,Premium Plus TFSI quattro S tronic,3302,55862.0
2026-02-01,Near Luxury SUV,audi,q5_sq5,Premium TFSI quattro S tronic,835,52399.31736526946
2026-02-01,Near Luxury SUV,audi,q5_sq5,Prestige,287,60151.965156794424
2026-02-01,Near Luxury SUV,audi,q5_sq5,Prestige TFSI quattro S tronic,452,58991.734513274336
2026-02-01,Near Luxury SUV,audi,q5_sq5,e quattro S line Prem Pl 55 TFSI,11,64115.454545454544
2026-02-01,Near Luxury SUV,audi,q5_sq5,e quattro S line Premium 55 TFSI,3,60350.0
2026-02-01,Near Luxury SUV,audi,q5_sq5,e quattro S line Prestg 55 TFSI,1,72685.0
2026-02-01,Near Luxury SUV,audi,q5_sq5,quattro Premium Plus 40 TFSI,1,53665.0
2026-02-01,Near Luxury SUV,audi,q5_sq5,quattro S line Prem Plus 45 TFSI,30,56518.0
2026-02-01,Near Luxury SUV,audi,q5_sq5,quattro S line Premium 45 TFSI,3,53481.333333333336
2026-02-01,Near Luxury SUV,audi,sq5,3.0 TFSI quattro Technik,1,74094.0
2026-02-01,Near Luxury SUV,audi,sq5,3.0T quattro Premium Plus,6,66418.33333333333
2026-02-01,Near Luxury SUV,audi,sq5,3.0T quattro Prestige,1,65755.0
2026-02-01,Near Luxury SUV,audi,sq5,Premium,5,67337.4
2026-02-01,Near Luxury SUV,audi,sq5,Premium Plus,184,72607.40760869565
2026-02-01,Near Luxury SUV,audi,sq5,Premium Plus TFSI quattro S tronic,230,71800.8
2026-02-01,Near Luxury SUV,audi,sq5,Prestige,10,73520.7
2026-02-01,Near Luxury SUV,audi,sq5,Prestige TFSI quattro S tronic,20,74005.05
2026-02-01,Near Luxury SUV,bmw,x3,30 xDrive,10194,58311.050519913675
2026-02-01,Near Luxury SUV,bmw,x3,M50 xDrive,675,73975.12296296297
2026-02-01,Near Luxury SUV,bmw,x3,sDrive30i,6,51063.8
2026-02-01,Near Luxury SUV,bmw,x3,xDrive30i,1,54665.0
2026-02-01,Near Luxury SUV,bmw,x4,Base,28,92529.57142857143
2026-02-01,Near Luxury SUV,bmw,x4,xDrive30i,10,62166.1
2026-02-01,Near Luxury SUV,cadillac,xt4,Premium Luxury,37,45720.13513513513
2026-02-01,Near Luxury SUV,cadillac,xt4,Sport,7,46278.71428571428
2026-02-01,Near Luxury SUV,genesis,gv70,2.5T,574,51497.371080139375
2026-02-01,Near Luxury SUV,genesis,gv70,2.5T Advanced,1686,59042.774614472124
2026-02-01,Near Luxury SUV,genesis,gv70,2.5T Advanced Plus,2,48904.0
2026-02-01,Near Luxury SUV,genesis,gv70,2.5T Prestige,3,59469.666666666664
2026-02-01,Near Luxury SUV,genesis,gv70,2.5T Select,987,54383.33434650456
2026-02-01,Near Luxury SUV,genesis,gv70,2.5T Sport Prestige,1341,62433.79716629381
2026-02-01,Near Luxury SUV,genesis,gv70,2.5T Standard,27,52800.22222222222
2026-02-01,Near Luxury SUV,genesis,gv70,3.5T Sport,121,62635.95867768595
2026-02-01,Near Luxury SUV,genesis,gv70,3.5T Sport Advanced,511,66676.9060665362
2026-02-01,Near Luxury SUV,genesis,gv70,3.5T Sport Prestige,1876,73343.03091684435
2026-02-01,Near Luxury SUV,infiniti,qx50,Luxe,70,43581.91428571429
2026-02-01,Near Luxury SUV,infiniti,qx50,Pure,8,39231.625
2026-02-01,Near Luxury SUV,infiniti,qx50,Sport,80,47449.8375
2026-02-01,Near Luxury SUV,infiniti,qx55,Essential,16,52354.0
2026-02-01,Near Luxury SUV,infiniti,qx55,Luxe,30,47022.03333333333
2026-02-01,Near Luxury SUV,infiniti,qx55,Sensory,8,55059.625
2026-02-01,Near Luxury SUV,jaguar,e_pace,P250 R-Dynamic SE,29,53678.31034482759
2026-02-01,Near Luxury SUV,land_rover,discovery_sport,Landmark,152,54213.34437086093
2026-02-01,Near Luxury SUV,land_rover,discovery_sport,P250 Dynamic SE,83,58072.20481927711
2026-02-01,Near Luxury SUV,land_rover,discovery_sport,P250 S,229,52826.45614035088
2026-02-01,Near Luxury SUV,land_rover,range_rover_evoque,P250 Dynamic SE,248,62144.18548387097
2026-02-01,Near Luxury SUV,land_rover,range_rover_evoque,P250 S,545,55928.62385321101
2026-02-01,Near Luxury SUV,lexus,nx_series,Base,1051,61820.18633682206
2026-02-01,Near Luxury SUV,lexus,nx_series,F SPORT Handling,383,63225.59728459531
2026-02-01,Near Luxury SUV,lexus,nx_series,Luxury,360,58979.382222222215
2026-02-01,Near Luxury SUV,lexus,nx_series,Premium,1238,55761.3472374798
2026-02-01,Near Luxury SUV,maserati,grecale,Base,183,83165.30054644808
2026-02-01,Near Luxury SUV,maserati,grecale,Folgore,19,112574.21052631579
2026-02-01,Near Luxury SUV,maserati,grecale,GT,43,69307.02325581395
2026-02-01,Near Luxury SUV,maserati,grecale,Modena,224,86433.77678571429
2026-02-01,Near Luxury SUV,maserati,grecale,Trofeo,24,125890.95833333333
2026-02-01,Near Luxury SUV,mercedes_benz,benz_amg_glc,4MATIC,655,88659.46925190839
2026-02-01,Near Luxury SUV,mercedes_benz,glb,AMG GLB 35,247,65992.36437246963
2026-02-01,Near Luxury SUV,mercedes_benz,glb,GLB 250,1666,50029.41056422569
2026-02-01,Near Luxury SUV,mercedes_benz,glb,GLB 250 4MATIC,1356,52599.741887905606
2026-02-01,Near Luxury SUV,mercedes_benz,glc_class,4MATIC,300,67448.31
2026-02-01,Near Luxury SUV,mercedes_benz,glc_class,4MATIC SUV,44,57070.51162790698
2026-02-01,Near Luxury SUV,mercedes_benz,glc_class,AMG GLC 43,1261,76899.6716891356
2026-02-01,Near Luxury SUV,mercedes_benz,glc_class,GLC 300,7749,57601.52058330107
2026-02-01,Near Luxury SUV,mercedes_benz,glc_class,GLC 300 4MATIC,6604,60100.24878861296
2026-02-01,Near Luxury SUV,mercedes_benz,glc_class,GLC 350e 4MATIC,48,66029.6875
2026-02-01,Near Luxury SUV,porsche,macan,4 Electric,317,100404.8643533123
2026-02-01,Near Luxury SUV,porsche,macan,Base,2531,80233.42828921376
2026-02-01,Near Luxury SUV,porsche,macan,Electric,219,94736.43378995433
2026-02-01,Near Luxury SUV,porsche,macan,Electric 4S,1,113580.0
2026-02-01,Near Luxury SUV,porsche,macan,Electric Turbo,42,134415.64285714287
2026-02-01,Near Luxury SUV,porsche,macan,GTS,297,114037.4377104377
2026-02-01,Near Luxury SUV,porsche,macan,S,933,97443.98499464094
2026-02-01,Near Luxury SUV,porsche,macan,T,352,83522.23579545454
2026-02-01,Near Luxury SUV,porsche,macan,Turbo Electric,113,128541.70796460177
2026-02-01,Near Luxury SUV,volvo,xc60,B5 Core,744,50022.478494623654
2026-02-01,Near Luxury SUV,volvo,xc60,B5 Plus,3747,56237.35121430478
2026-02-01,Near Luxury SUV,volvo,xc60,B5 Plus Dark Theme,2,48338.0
2026-02-01,Near Luxury SUV,volvo,xc60,B5 Ultra,1905,62568.03884514436
2026-02-01,Near Luxury SUV,volvo,xc60,B5 Ultra Black Edition,280,64054.61785714285
2026-02-01,Near Luxury SUV,volvo,xc60,Plus Dark Theme,969,57633.013415892674
2026-02-01,Near Luxury SUV,volvo,xc60,T8 Core,112,59002.663636363635
2026-02-01,Near Luxury SUV,volvo,xc60,T8 Plus,657,65590.04420731707
2026-02-01,Near Luxury SUV,volvo,xc60,T8 Polestar Engineered,61,81601.86885245901
2026-02-01,Near Luxury SUV,volvo,xc60,T8 Ultra,696,73612.47701149425
2026-02-01,Near Luxury SUV,volvo,xc60,T8 Ultra Black Edition,92,74535.01086956522
2026-02-01,Near Luxury SUV,volvo,xc60,Ultra Dark Theme,588,65757.05782312925
2026-02-01,Near Luxury SUV,volvo,xc60,"Ultra, T8 AWD Electric/Gasoline, Dark",1,75235.0
2026-02-01,Near Luxury SUV,volvo,xc60_recharge,T8 Core Dark Theme,2,49808.5
2026-02-01,Near Luxury SUV,volvo,xc60_recharge,T8 Plus Dark Theme,21,52132.35
2026-02-01,Near Luxury SUV,volvo,xc60_recharge,T8 Polestar Engineered,1,68990.0
2026-02-01,Premium Luxury Car,audi,a8_s8,4.0T quattro,66,126650.60606060606
2026-02-01,Premium Luxury Car,audi,a8_s8,55 TFSI quattro Tiptronic,19,99087.47368421052
2026-02-01,Premium Luxury Car,audi,a8_s8,quattro 55 TFSI,36,87410.11111111111
2026-02-01,Premium Luxury Car,bentley,flying_spur,Black Edition,17,314704.9411764706
2026-02-01,Premium Luxury Car,bentley,flying_spur,Speed,16,334201.26666666666
2026-02-01,Premium Luxury Car,bentley,flying_spur,Speed First Edition,31,335692.70967741933
2026-02-01,Premium Luxury Car,bmw,7_series,740i,316,108697.19303797468
2026-02-01,Premium Luxury Car,bmw,7_series,740i xDrive,202,110552.400990099
2026-02-01,Premium Luxury Car,bmw,7_series,750e xDrive,423,120686.65011820331
2026-02-01,Premium Luxury Car,bmw,7_series,760i xDrive,340,137272.4674556213
2026-02-01,Premium Luxury Car,bmw,7_series,xDrive,235,122822.84089361702
2026-02-01,Premium Luxury Car,genesis,g90,3.5T,13,90836.30769230769
2026-02-01,Premium Luxury Car,genesis,g90,3.5T E-SC MHEV AWD,156,102100.3717948718
2026-02-01,Premium Luxury Car,genesis,g90,3.5T E-SC Prestige Black AWD,1,104466.0
2026-02-01,Premium Luxury Car,genesis,g90,3.5T e-Supercharger,81,100091.3950617284
2026-02-01,Premium Luxury Car,genesis,g90,e-SC Prestige Black,138,104700.05072463768
2026-02-01,Premium Luxury Car,lexus,ls_series,Base,1,84235.0
2026-02-01,Premium Luxury Car,lexus,ls_series,Heritage Edition,5,99946.4
2026-02-01,Premium Luxury Car,maserati,quattroporte,Modena Q4,6,103962.5
2026-02-01,Premium Luxury Car,maserati,quattroporte,Modena Ultima Q4,6,119745.5
2026-02-01,Premium Luxury Car,mercedes_benz,s_class,AMG S 63 E Performance,313,211096.17891373803
2026-02-01,Premium Luxury Car,mercedes_benz,s_class,Maybach S 680,24,272311.75
2026-02-01,Premium Luxury Car,mercedes_benz,s_class,Mercedes-Maybach S 580 4MATIC,41,220681.31707317074
2026-02-01,Premium Luxury Car,mercedes_benz,s_class,Mercedes-Maybach S 680 4MATIC,7,295298.14285714284
2026-02-01,Premium Luxury Car,mercedes_benz,s_class,S 500 4MATIC,175,131684.2
2026-02-01,Premium Luxury Car,mercedes_benz,s_class,S 580 4MATIC,1033,145104.28654404648
2026-02-01,Premium Luxury Car,mercedes_benz,s_class,S 580e 4MATIC,56,139746.44642857142
2026-02-01,Premium Luxury Car,porsche,panamera,4,657,141574.54794520547
2026-02-01,Premium Luxury Car,porsche,panamera,4 E-Hybrid,66,149676.69696969696
2026-02-01,Premium Luxury Car,porsche,panamera,4S,12,165853.08333333334
2026-02-01,Premium Luxury Car,porsche,panamera,4S E-Hybrid,6,166902.83333333334
2026-02-01,Premium Luxury Car,porsche,panamera,Base,255,133642.03529411764
2026-02-01,Premium Luxury Car,porsche,panamera,GTS,46,193557.89130434784
2026-02-01,Premium Luxury Car,porsche,panamera,Turbo,13,236771.92307692306
2026-02-01,Premium Luxury Car,porsche,panamera,Turbo E-Hybrid,10,238965.4
2026-02-01,Premium Luxury Car,porsche,panamera,Turbo S,1,272744.0
2026-02-01,Premium Luxury Car,porsche,panamera,Turbo S E-Hybrid,3,275146.6666666667
2026-02-01,Premium Luxury Car,rolls_royce,ghost,Base,7,434082.85714285716
2026-02-01,Premium Luxury Car,rolls_royce,ghost,Black Badge,6,491075.0
2026-03-01,Entry Luxury EV SUV,genesis,gv60,"19""""",11,57221.454545454544
2026-03-01,Entry Luxury EV SUV,genesis,gv60,Advanced,5,57913.2
2026-03-01,Entry Luxury EV SUV,genesis,gv60,"Advanced 20""""",69,58895.82608695652
2026-03-01,Entry Luxury EV SUV,genesis,gv60,Performance,21,70625.09523809524
2026-03-01,Entry Luxury EV SUV,genesis,gv60,Standard,21,51494.47619047619
2026-03-01,Entry Luxury EV SUV,volvo,c40_recharge,Core,1,31437.0
2026-03-01,Entry Luxury EV SUV,volvo,c40_recharge,Twin Plus,1,39885.0
2026-03-01,Entry Luxury EV SUV,volvo,ex30,Cross Country Ultra,537,49864.19366852887
2026-03-01,Entry Luxury EV SUV,volvo,ex30,"Cross Country Ultra, Twin Motor Performance, Ful",26,50877.807692307695
2026-03-01,Entry Luxury EV SUV,volvo,ex30,Plus,30,38865.63333333333
2026-03-01,Entry Luxury EV SUV,volvo,ex30,"Plus Twin Motor Performance, Fully electric",376,45842.755319148935
2026-03-01,Entry Luxury EV SUV,volvo,ex30,"Plus, Single Motor, Fuly electric",83,40291.56626506024
2026-03-01,Entry Luxury EV SUV,volvo,ex30,Twin Motor Plus,97,45348.50515463918
2026-03-01,Entry Luxury EV SUV,volvo,ex30,Twin Motor Ultra,56,47009.16071428572
2026-03-01,Entry Luxury EV SUV,volvo,ex30,Ultra,239,47464.9539748954
2026-03-01,Entry Luxury EV SUV,volvo,ex30,"Ultra Twin Motor Performance, Fully electric",195,47776.83076923077
2026-03-01,Entry Luxury EV SUV,volvo,ex40,"Plus, Twin Motor, Fully electric",1,60645.0
2026-03-01,Entry Luxury EV SUV,volvo,ex40,Single Motor Extended Range Core,1,39795.0
2026-03-01,Entry Luxury EV SUV,volvo,ex40,Single Motor Extended Range Plus,35,58322.34285714286
2026-03-01,Entry Luxury EV SUV,volvo,ex40,Twin Motor Core,8,53242.625
2026-03-01,Entry Luxury EV SUV,volvo,ex40,Twin Motor Plus,48,59230.3125
2026-03-01,Entry Luxury EV SUV,volvo,ex40,Twin Motor Ultra Black Edition,8,61398.125
2026-03-01,Mid Luxury Car,audi,a6_e_tron,Premium,36,59883.63888888889
2026-03-01,Mid Luxury Car,audi,a6_e_tron,Premium Plus,43,63785.27906976744
2026-03-01,Mid Luxury Car,audi,a6_e_tron,Prestige,10,68500.8
2026-03-01,Mid Luxury Car,audi,a6_s6,2.9T quattro Premium Plus,1,68945.0
2026-03-01,Mid Luxury Car,audi,a6_s6,2.9T quattro Prestige,1,92100.0
2026-03-01,Mid Luxury Car,audi,a6_s6,4.0T quattro Avant performance,11,146209.45454545456
2026-03-01,Mid Luxury Car,audi,a6_s6,Premium Plus,1,73758.0
2026-03-01,Mid Luxury Car,audi,a6_s6,Premium Plus quattro S tronic,1579,68664.65864471185
2026-03-01,Mid Luxury Car,audi,a6_s6,Premium quattro S tronic,118,64116.017094017094
2026-03-01,Mid Luxury Car,audi,a6_s6,Prestige TFSI quattro Tiptronic,3,91210.33333333333
2026-03-01,Mid Luxury Car,audi,a6_s6,Prestige quattro S tronic,113,73972.41592920353
2026-03-01,Mid Luxury Car,audi,a6_s6,Technik,406,74407.46305418719
2026-03-01,Mid Luxury Car,audi,a6_s6,performance,1,141215.0
2026-03-01,Mid Luxury Car,audi,a6_s6,quattro Premium 45 TFSI,8,55722.75
2026-03-01,Mid Luxury Car,audi,a6_s6,quattro Premium 55 TFSI,4,65972.5
2026-03-01,Mid Luxury Car,audi,a6_s6,quattro Premium Plus 45 TFSI,16,57084.26666666667
2026-03-01,Mid Luxury Car,audi,a6_s6,quattro Premium Plus 55 TFSI,20,73508.117
2026-03-01,Mid Luxury Car,audi,a6_s6,quattro Prestige 55 TFSI,11,71594.54545454546
2026-03-01,Mid Luxury Car,audi,a6_s6,quattro tiptronic,75,148919.10666666666
2026-03-01,Mid Luxury Car,audi,a7_s7,2.9T quattro Premium Plus,1,94500.0
2026-03-01,Mid Luxury Car,audi,a7_s7,2.9T quattro Prestige,2,103993.5
2026-03-01,Mid Luxury Car,audi,a7_s7,quattro Premium Plus 55 TFSI,4,74549.0
2026-03-01,Mid Luxury Car,audi,a7_s7_rs_7,4.0T quattro performance,46,142287.86956521738
2026-03-01,Mid Luxury Car,audi,a7_s7_rs_7,performance,2,146595.0
2026-03-01,Mid Luxury Car,audi,a7_s7_rs_7,quattro tiptronic,105,150009.18095238096
2026-03-01,Mid Luxury Car,bmw,5_series,530i,1459,68829.75736806031
2026-03-01,Mid Luxury Car,bmw,5_series,530i xDrive,899,70380.55617352614
2026-03-01,Mid Luxury Car,bmw,5_series,540i xDrive,149,79809.29530201343
2026-03-01,Mid Luxury Car,bmw,5_series,550e xDrive,379,85514.2691292876
2026-03-01,Mid Luxury Car,bmw,5_series,xDrive,838,73148.10854415275
2026-03-01,Mid Luxury Car,bmw,m5,Base,420,133725.34761904762
2026-03-01,Mid Luxury Car,bmw,m5,Base (A8),148,137001.7027027027
2026-03-01,Mid Luxury Car,bmw,m5,Touring,24,139532.25
2026-03-01,Mid Luxury Car,genesis,g80,2.5T,157,64019.52866242038
2026-03-01,Mid Luxury Car,genesis,g80,2.5T Advanced,232,66198.09051724138
2026-03-01,Mid Luxury Car,genesis,g80,2.5T Sport Prestige,327,72454.67889908257
2026-03-01,Mid Luxury Car,genesis,g80,3.5T Prestige Black,204,81737.13725490196
2026-03-01,Mid Luxury Car,genesis,g80,3.5T Sport,47,71376.46808510639
2026-03-01,Mid Luxury Car,genesis,g80,3.5T Sport Advanced,20,68720.1
2026-03-01,Mid Luxury Car,genesis,g80,3.5T Sport Prestige,314,80804.21974522293
2026-03-01,Mid Luxury Car,genesis,g80,Advanced,4,58381.5
2026-03-01,Mid Luxury Car,jaguar,xf,P250 R-Dynamic SE,1,52618.0
2026-03-01,Mid Luxury Car,jaguar,xf,P300 R-Dynamic SE,175,53829.794285714284
2026-03-01,Mid Luxury Car,maserati,ghibli,334 Ultima,1,96348.0
2026-03-01,Mid Luxury Car,maserati,ghibli,Modena Q4,8,89071.25
2026-03-01,Mid Luxury Car,maserati,ghibli,Modena Ultima Q4,15,104048.6
2026-03-01,Mid Luxury Car,mercedes_benz,cle,AMG CLE 53,868,94284.2871856978
2026-03-01,Mid Luxury Car,mercedes_benz,cle,CLE 300,2,77298.0
2026-03-01,Mid Luxury Car,mercedes_benz,cle,CLE 300 4MATIC,1407,72700.36991465151
2026-03-01,Mid Luxury Car,mercedes_benz,cle,CLE 450 4MATIC,10,75621.31700000001
2026-03-01,Mid Luxury Car,mercedes_benz,e_class,AMG E 53,669,107605.76251874062
2026-03-01,Mid Luxury Car,mercedes_benz,e_class,E 350,1090,72754.22660550459
2026-03-01,Mid Luxury Car,mercedes_benz,e_class,E 350 4MATIC,851,74974.92361927145
2026-03-01,Mid Luxury Car,mercedes_benz,e_class,E 450 4MATIC,442,83573.0520361991
2026-03-01,Mid Luxury Car,mercedes_benz,e_class,E 450 4MATIC All-Terrain,215,87191.12093023256
2026-03-01,Mid Luxury Car,volvo,s90,B6 Plus,12,51142.833333333336
2026-03-01,Mid Luxury Car,volvo,s90,B6 Ultra,1,57595.0
2026-03-01,Mid Luxury Car,volvo,s90,T8 Ultimate,3,61846.666666666664
2026-03-01,Mid Luxury Car,volvo,s90,T8 Ultra,1,72944.0
2026-03-01,Mid Luxury Car,volvo,v90,B6 Plus,1,58285.0
2026-03-01,Mid Luxury Car,volvo,v90,B6 Ultra,2,70177.5
2026-03-01,Mid Luxury SUV,acura,mdx,Base,197,53617.40609137056
2026-03-01,Mid Luxury SUV,acura,mdx,SH-AWD,771,55764.73411154345
2026-03-01,Mid Luxury SUV,acura,mdx,SH-AWD Type S w/Advance Package,1235,77700.85101214575
2026-03-01,Mid Luxury SUV,acura,mdx,SH-AWD w/A-SPEC,281,64269.978494623654
2026-03-01,Mid Luxury SUV,acura,mdx,SH-AWD w/Advance,57,68168.07142857143
2026-03-01,Mid Luxury SUV,acura,mdx,SH-AWD w/Platinum Elite w/A-Spec,65,70434.2923076923
2026-03-01,Mid Luxury SUV,acura,mdx,SH-AWD w/Tech,1565,61081.748721227625
2026-03-01,Mid Luxury SUV,acura,mdx,Type S Advance Package,4,77850.0
2026-03-01,Mid Luxury SUV,acura,mdx,w/A-Spec Advance Package,1809,70599.7949143173
2026-03-01,Mid Luxury SUV,acura,mdx,w/A-Spec Package,1908,64170.765199161426
2026-03-01,Mid Luxury SUV,acura,mdx,w/Advance Package,62,68446.06451612903
2026-03-01,Mid Luxury SUV,acura,mdx,w/Tech,22,57780.25
2026-03-01,Mid Luxury SUV,acura,mdx,w/Technology Package,1679,58965.368076235856
2026-03-01,Mid Luxury SUV,audi,q7,Premium,63,63110.11111111111
2026-03-01,Mid Luxury SUV,audi,q7,Prestige,20,77056.65
2026-03-01,Mid Luxury SUV,audi,q7,Prestige 55 TFSI quattro tiptronic,81,79626.5375
2026-03-01,Mid Luxury SUV,audi,q7,quattro Premium 45 TFSI,484,61850.157024793385
2026-03-01,Mid Luxury SUV,audi,q7,quattro Premium 55 TFSI,86,65224.01162790698
2026-03-01,Mid Luxury SUV,audi,q7,quattro Premium Plus 45 TFSI,420,65840.07142857143
2026-03-01,Mid Luxury SUV,audi,q7,quattro Premium Plus 55 TFSI,2096,70628.63311068702
2026-03-01,Mid Luxury SUV,audi,q7,quattro Prestige 55 TFSI,91,77187.06593406593
2026-03-01,Mid Luxury SUV,audi,q7_sq7,4.0T quattro Premium Plus,25,100577.68
2026-03-01,Mid Luxury SUV,audi,q7_sq7,4.0T quattro Prestige,43,112828.20930232559
2026-03-01,Mid Luxury SUV,audi,q7_sq7,Prestige,101,102835.51485148515
2026-03-01,Mid Luxury SUV,bmw,x5,Competition,407,142754.07371007372
2026-03-01,Mid Luxury SUV,bmw,x5,M60i,1599,105118.41838649155
2026-03-01,Mid Luxury SUV,bmw,x5,sDrive40i,2627,78818.60753711459
2026-03-01,Mid Luxury SUV,bmw,x5,xDrive40i,8110,81584.1875462392
2026-03-01,Mid Luxury SUV,bmw,x5,xDrive50e,4560,86447.43552631579
2026-03-01,Mid Luxury SUV,bmw,x5_xdrive45e,Competition,108,147412.12264150943
2026-03-01,Mid Luxury SUV,bmw,x6,M60i,314,109024.33757961783
2026-03-01,Mid Luxury SUV,bmw,x6,xDrive40i,962,88532.86070686071
2026-03-01,Mid Luxury SUV,cadillac,xt5,Luxury,159,45122.96226415094
2026-03-01,Mid Luxury SUV,cadillac,xt5,Luxury AWD,322,47885.48447204969
2026-03-01,Mid Luxury SUV,cadillac,xt5,Luxury FWD,357,45900.837535014005
2026-03-01,Mid Luxury SUV,cadillac,xt5,Premium Luxury,684,53608.34502923977
2026-03-01,Mid Luxury SUV,cadillac,xt5,Premium Luxury AWD,1351,59409.243523316065
2026-03-01,Mid Luxury SUV,cadillac,xt5,Premium Luxury FWD,992,58372.17943548387
2026-03-01,Mid Luxury SUV,cadillac,xt5,Sport,115,60303.617391304346
2026-03-01,Mid Luxury SUV,cadillac,xt5,Sport AWD,245,65779.97959183673
2026-03-01,Mid Luxury SUV,cadillac,xt6,Luxury,219,48394.488584474886
2026-03-01,Mid Luxury SUV,cadillac,xt6,Premium Luxury,382,58320.23560209424
2026-03-01,Mid Luxury SUV,cadillac,xt6,Sport,101,64606.47524752475
2026-03-01,Mid Luxury SUV,genesis,gv80,2.5T,6,60134.333333333336
2026-03-01,Mid Luxury SUV,genesis,gv80,2.5T AWD,153,62331.41176470588
2026-03-01,Mid Luxury SUV,genesis,gv80,2.5T Advanced,978,71029.2055214724
2026-03-01,Mid Luxury SUV,genesis,gv80,2.5T Prestige,689,75815.7053701016
2026-03-01,Mid Luxury SUV,genesis,gv80,2.5T Select,529,66144.54631379963
2026-03-01,Mid Luxury SUV,genesis,gv80,2.5T Standard,19,58171.73684210526
2026-03-01,Mid Luxury SUV,genesis,gv80,2.5T Standard AWD,178,59973.4606741573
2026-03-01,Mid Luxury SUV,genesis,gv80,3.5T,7,73314.71428571429
2026-03-01,Mid Luxury SUV,genesis,gv80,3.5T Advanced,559,78223.72450805009
2026-03-01,Mid Luxury SUV,genesis,gv80,3.5T Prestige Black AWD,743,85878.31628532974
2026-03-01,Mid Luxury SUV,genesis,gv80,3.5T Prestige Signature,2022,84488.0984174085
2026-03-01,Mid Luxury SUV,genesis,gv80_coupe,3.5T,64,84407.0625
2026-03-01,Mid Luxury SUV,genesis,gv80_coupe,3.5T AWD,1,86102.0
2026-03-01,Mid Luxury SUV,genesis,gv80_coupe,3.5T E-SC,401,89569.28179551123
2026-03-01,Mid Luxury SUV,genesis,gv80_coupe,3.5T E-SC MHEV AWD,505,90350.44356435644
2026-03-01,Mid Luxury SUV,genesis,gv80_coupe,3.5T E-SC Prestige Black AWD,1,91930.0
2026-03-01,Mid Luxury SUV,genesis,gv80_coupe,3.5T V6 AWD,5,78113.75
2026-03-01,Mid Luxury SUV,genesis,gv80_coupe,3.5T e-SC Prestige Black,249,91990.86746987952
2026-03-01,Mid Luxury SUV,ineos,grenadier,1924 Limited Edition,389,87301.28791773779
2026-03-01,Mid Luxury SUV,ineos,grenadier,Base,106,84711.09433962264
2026-03-01,Mid Luxury SUV,ineos,grenadier,Fieldmaster,13,75230.83333333333
2026-03-01,Mid Luxury SUV,ineos,grenadier,Fieldmaster Edition,225,87576.08444444444
2026-03-01,Mid Luxury SUV,ineos,grenadier,Trialmaster,6,75662.0
2026-03-01,Mid Luxury SUV,infiniti,qx60,Autograph,1132,66573.80565371025
2026-03-01,Mid Luxury SUV,infiniti,qx60,Luxe,2654,56661.907686510924
2026-03-01,Mid Luxury SUV,infiniti,qx60,Pure,125,50657.168
2026-03-01,Mid Luxury SUV,infiniti,qx60,SPORT,1207,61351.47473073736
2026-03-01,Mid Luxury SUV,infiniti,qx60,SPORT AWD,3,60935.333333333336
2026-03-01,Mid Luxury SUV,infiniti,qx60,Sensory,5,55050.8
2026-03-01,Mid Luxury SUV,jaguar,f_pace,P250 R-Dynamic S,986,65262.5971515768
2026-03-01,Mid Luxury SUV,jaguar,f_pace,P400 R-Dynamic S,281,76618.65480427047
2026-03-01,Mid Luxury SUV,jaguar,f_pace,SVR 575 EDITION,73,98206.95890410959
2026-03-01,Mid Luxury SUV,land_rover,defender,110 P300 S,705,75284.61276595744
2026-03-01,Mid Luxury SUV,land_rover,defender,110 P400 S,27,78374.77777777778
2026-03-01,Mid Luxury SUV,land_rover,defender,110 P400 X,2,96314.5
2026-03-01,Mid Luxury SUV,land_rover,defender,110 P400 X-Dynamic SE,1453,89340.1851342051
2026-03-01,Mid Luxury SUV,land_rover,defender,110 P500 X-Dynamic SE,139,112687.80575539569
2026-03-01,Mid Luxury SUV,land_rover,defender,110 V8 P500 SE,4,98989.25
2026-03-01,Mid Luxury SUV,land_rover,defender,110 V8 P525,152,124579.17763157895
2026-03-01,Mid Luxury SUV,land_rover,defender,130 P300 S,339,85833.2772861357
2026-03-01,Mid Luxury SUV,land_rover,defender,130 P400 Outbound,2,81196.0
2026-03-01,Mid Luxury SUV,land_rover,defender,130 P400 S,21,88521.85714285714
2026-03-01,Mid Luxury SUV,land_rover,defender,130 P400 X,5,106326.6
2026-03-01,Mid Luxury SUV,land_rover,defender,130 P400 X-Dynamic SE,474,98397.8270042194
2026-03-01,Mid Luxury SUV,land_rover,defender,130 P500 V8,36,121605.94444444444
2026-03-01,Mid Luxury SUV,land_rover,defender,130 V8 P500,106,132537.03773584907
2026-03-01,Mid Luxury SUV,land_rover,defender,90 P300 S,7,67736.0
2026-03-01,Mid Luxury SUV,land_rover,defender,90 P400 X-Dynamic SE,8,75746.25
2026-03-01,Mid Luxury SUV,land_rover,defender,90 P525 V8,3,111409.33333333333
2026-03-01,Mid Luxury SUV,land_rover,defender,90 V8 Carpathian Edition,2,118948.0
2026-03-01,Mid Luxury SUV,land_rover,defender,OCTA,283,175365.65017667843
2026-03-01,Mid Luxury SUV,land_rover,defender,P300 S,6,74182.66666666667
2026-03-01,Mid Luxury SUV,land_rover,defender,P400 Trophy Edition Keswick,10,96877.33333333333
2026-03-01,Mid Luxury SUV,land_rover,defender,P400 X,157,107567.71974522293
2026-03-01,Mid Luxury SUV,land_rover,defender,P400 X-Dynamic SE,5,97406.2
2026-03-01,Mid Luxury SUV,land_rover,defender,P500 V8,1,131546.0
2026-03-01,Mid Luxury SUV,land_rover,defender,P635 OCTA,3,167761.0
2026-03-01,Mid Luxury SUV,land_rover,defender,P635 OCTA Black,38,181311.1052631579
2026-03-01,Mid Luxury SUV,land_rover,defender,P635 OCTA Edition One,3,170897.0
2026-03-01,Mid Luxury SUV,land_rover,defender,S,36,79018.16666666667
2026-03-01,Mid Luxury SUV,land_rover,defender,X,14,107829.07142857143
2026-03-01,Mid Luxury SUV,land_rover,defender,X-Dynamic SE,124,91731.89516129032
2026-03-01,Mid Luxury SUV,land_rover,discovery,Gemini Edition,273,79562.81684981685
2026-03-01,Mid Luxury SUV,land_rover,discovery,P300 Dynamic SE,160,72956.30817610063
2026-03-01,Mid Luxury SUV,land_rover,discovery,P300 S,205,67322.86274509804
2026-03-01,Mid Luxury SUV,land_rover,discovery,P360 Dynamic SE,64,76881.109375
2026-03-01,Mid Luxury SUV,land_rover,discovery,P360 Metropolitan,20,81706.0
2026-03-01,Mid Luxury SUV,land_rover,discovery,Tempest Edition,34,90768.88235294117
2026-03-01,Mid Luxury SUV,land_rover,range_rover_velar,Autobiography,23,87607.78260869565
2026-03-01,Mid Luxury SUV,land_rover,range_rover_velar,Dynamic SE,540,75421.21296296296
2026-03-01,Mid Luxury SUV,land_rover,range_rover_velar,P250 Dynamic SE,265,72737.5396226415
2026-03-01,Mid Luxury SUV,land_rover,range_rover_velar,P250 S,150,67600.4
2026-03-01,Mid Luxury SUV,land_rover,range_rover_velar,P400 Autobiography,9,88740.0
2026-03-01,Mid Luxury SUV,land_rover,range_rover_velar,P400 Dynamic HSE,4,82985.0
2026-03-01,Mid Luxury SUV,land_rover,range_rover_velar,P400 Dynamic SE,103,79406.07766990291
2026-03-01,Mid Luxury SUV,land_rover,range_rover_velar,S,239,68516.10041841005
2026-03-01,Mid Luxury SUV,lexus,gx_series,GX 550,9,79696.22222222222
2026-03-01,Mid Luxury SUV,lexus,gx_series,GX 550 Luxury+,10,86304.6
2026-03-01,Mid Luxury SUV,lexus,gx_series,Luxury+,244,87512.6106557377
2026-03-01,Mid Luxury SUV,lexus,gx_series,Overtrail,4,76340.25
2026-03-01,Mid Luxury SUV,lexus,gx_series,Overtrail+,133,84239.77443609023
2026-03-01,Mid Luxury SUV,lexus,gx_series,Premium,1,69427.0
2026-03-01,Mid Luxury SUV,lexus,gx_series,Premium+,243,75156.30452674897
2026-03-01,Mid Luxury SUV,lexus,rx_series,Base,101,61368.80524752475
2026-03-01,Mid Luxury SUV,lexus,rx_series,F SPORT Design,168,62317.610297619045
2026-03-01,Mid Luxury SUV,lexus,rx_series,F SPORT Handling,65,65964.26153846153
2026-03-01,Mid Luxury SUV,lexus,rx_series,F SPORT Performance,197,76372.29441624366
2026-03-01,Mid Luxury SUV,lexus,rx_series,Luxury,1612,71610.92865384613
2026-03-01,Mid Luxury SUV,lexus,rx_series,Premium,1100,61358.82285454547
2026-03-01,Mid Luxury SUV,lexus,rx_series,Premium Plus,2,59537.5
2026-03-01,Mid Luxury SUV,lexus,rx_series,Premium+,2709,62817.60423034331
2026-03-01,Mid Luxury SUV,lexus,rx_series,RX 350 F SPORT Design,4,62682.75
2026-03-01,Mid Luxury SUV,lexus,rx_series,RX 350 Luxury,51,65776.58823529411
2026-03-01,Mid Luxury SUV,lexus,rx_series,RX 350 Premium,79,58029.40506329114
2026-03-01,Mid Luxury SUV,lexus,rx_series,RX 350 Premium+,79,59762.962025316454
2026-03-01,Mid Luxury SUV,lexus,rx_series,RX 350h F SPORT Design,4,69249.0
2026-03-01,Mid Luxury SUV,lexus,rx_series,RX 350h Luxury,5,70244.0
2026-03-01,Mid Luxury SUV,lexus,rx_series,RX 350h Premium,651,61788.18978494623
2026-03-01,Mid Luxury SUV,lexus,rx_series,RX 350h Premium+,11,65190.818181818184
2026-03-01,Mid Luxury SUV,lexus,rx_series,RX 450h+ Luxury,82,77528.32926829268
2026-03-01,Mid Luxury SUV,lexus,rx_series,RX 450h+ Premium,33,69727.48484848485
2026-03-01,Mid Luxury SUV,lexus,rx_series,RX 500h F SPORT Performance,11,75544.54545454546
2026-03-01,Mid Luxury SUV,lexus,tx,Base,6,84384.0
2026-03-01,Mid Luxury SUV,lexus,tx,F SPORT Handling,70,75319.55714285714
2026-03-01,Mid Luxury SUV,lexus,tx,F SPORT Performance Luxury,71,79755.0985915493
2026-03-01,Mid Luxury SUV,lexus,tx,F SPORT Performance Premium,674,75711.21513353115
2026-03-01,Mid Luxury SUV,lexus,tx,Luxury,931,73960.28132116003
2026-03-01,Mid Luxury SUV,lexus,tx,Premium,2226,65998.45822102425
2026-03-01,Mid Luxury SUV,lexus,tx,TX 350 F SPORT Handling,15,70780.28571428571
2026-03-01,Mid Luxury SUV,lexus,tx,TX 350 Luxury,28,71917.71428571429
2026-03-01,Mid Luxury SUV,lexus,tx,TX 350 Premium,88,65977.52272727272
2026-03-01,Mid Luxury SUV,lexus,tx,TX 500h F SPORT Performance Luxury,4,79588.0
2026-03-01,Mid Luxury SUV,lexus,tx,TX 500h F SPORT Performance Premium,98,74686.79591836735
2026-03-01,Mid Luxury SUV,lincoln,aviator,Black Label,522,87319.88888888889
2026-03-01,Mid Luxury SUV,lincoln,aviator,Livery,23,61521.52173913043
2026-03-01,Mid Luxury SUV,lincoln,aviator,Premiere,2289,60363.15465268676
2026-03-01,Mid Luxury SUV,lincoln,aviator,Reserve,3129,73178.54713966123
2026-03-01,Mid Luxury SUV,lincoln,nautilus,Black Label,625,79126.4512
2026-03-01,Mid Luxury SUV,lincoln,nautilus,Premiere,5035,57342.815094339625
2026-03-01,Mid Luxury SUV,lincoln,nautilus,Reserve,4252,66367.29374412041
2026-03-01,Mid Luxury SUV,mercedes_benz,benz_amg_gle,4MATIC+,1748,101867.71443935928
2026-03-01,Mid Luxury SUV,mercedes_benz,benz_amg_gle,S 4MATIC+,510,143680.6294117647
2026-03-01,Mid Luxury SUV,mercedes_benz,gle_class,4MATIC,493,84269.9749796748
2026-03-01,Mid Luxury SUV,mercedes_benz,gle_class,AMG GLE 53,1072,101231.14925373135
2026-03-01,Mid Luxury SUV,mercedes_benz,gle_class,AMG GLE 63 S,430,142098.36046511628
2026-03-01,Mid Luxury SUV,mercedes_benz,gle_class,GLE 350,1778,72187.71709786277
2026-03-01,Mid Luxury SUV,mercedes_benz,gle_class,GLE 350 4MATIC,5688,74636.90049226442
2026-03-01,Mid Luxury SUV,mercedes_benz,gle_class,GLE 450 4MATIC,4925,83751.08527918781
2026-03-01,Mid Luxury SUV,mercedes_benz,gle_class,GLE 450e 4MATIC,7,77783.57142857143
2026-03-01,Mid Luxury SUV,mercedes_benz,gle_class,GLE 580 4MATIC,364,100646.51923076923
2026-03-01,Mid Luxury SUV,volvo,xc90,B5 Core,521,60907.435700575814
2026-03-01,Mid Luxury SUV,volvo,xc90,B5 Plus,3,51546.333333333336
2026-03-01,Mid Luxury SUV,volvo,xc90,B5 Plus 6-Seater,48,67358.1875
2026-03-01,Mid Luxury SUV,volvo,xc90,B5 Plus 7-Seater,694,66038.91642651297
2026-03-01,Mid Luxury SUV,volvo,xc90,B5 Plus Bright Theme,1,49990.0
2026-03-01,Mid Luxury SUV,volvo,xc90,B5 Ultra 6-Seater,50,71689.08
2026-03-01,Mid Luxury SUV,volvo,xc90,B5 Ultra 7-Seater,34,70204.0294117647
2026-03-01,Mid Luxury SUV,volvo,xc90,B6 Core,201,65085.23880597015
2026-03-01,Mid Luxury SUV,volvo,xc90,B6 Plus 6-Seater,523,71064.5430210325
2026-03-01,Mid Luxury SUV,volvo,xc90,B6 Plus 6P,3,57617.333333333336
2026-03-01,Mid Luxury SUV,volvo,xc90,B6 Plus 7-Seater,4295,69806.88335273573
2026-03-01,Mid Luxury SUV,volvo,xc90,B6 Plus 7P,31,60874.645161290326
2026-03-01,Mid Luxury SUV,volvo,xc90,B6 Ultimate Bright Theme 7P,1,59990.0
2026-03-01,Mid Luxury SUV,volvo,xc90,B6 Ultra,22,70930.31818181818
2026-03-01,Mid Luxury SUV,volvo,xc90,B6 Ultra 6-Seater,214,76144.53738317757
2026-03-01,Mid Luxury SUV,volvo,xc90,B6 Ultra 6P,2,69755.0
2026-03-01,Mid Luxury SUV,volvo,xc90,B6 Ultra 7-Seater,2562,73605.9906323185
2026-03-01,Mid Luxury SUV,volvo,xc90,B6 Ultra 7P,6,70362.16666666667
2026-03-01,Mid Luxury SUV,volvo,xc90,B6 Ultra Dark Theme 6-Seater,324,76085.03086419753
2026-03-01,Mid Luxury SUV,volvo,xc90,B6 Ultra Dark Theme 7-Seater,944,75474.11016949153
2026-03-01,Mid Luxury SUV,volvo,xc90,"Core, B5 AWD Gas (mild hybrid), Gasoline, Bright",4,60611.25
2026-03-01,Mid Luxury SUV,volvo,xc90,"Plus, B5 AWD Gas (mild hybrid), Gasoline, Bright",2,65002.5
2026-03-01,Mid Luxury SUV,volvo,xc90,"Plus, B6 AWD Gas (mild hybrid), Gasoline, Bright",18,70110.88888888889
2026-03-01,Mid Luxury SUV,volvo,xc90,"Plus, T8 AWD, Electric/Gasoline, Bright, 6 Seats",3,81878.66666666667
2026-03-01,Mid Luxury SUV,volvo,xc90,"Plus, T8 AWD, Electric/Gasoline, Bright, 7 Seats",17,81317.58823529411
2026-03-01,Mid Luxury SUV,volvo,xc90,T8 Core,65,75248.92307692308
2026-03-01,Mid Luxury SUV,volvo,xc90,T8 Core 7-Seater,24,67719.54166666667
2026-03-01,Mid Luxury SUV,volvo,xc90,T8 Plus 6-Seater,150,79774.6
2026-03-01,Mid Luxury SUV,volvo,xc90,T8 Plus 6P,11,70133.0
2026-03-01,Mid Luxury SUV,volvo,xc90,T8 Plus 7-Seater,1467,78746.3176550784
2026-03-01,Mid Luxury SUV,volvo,xc90,T8 Plus 7P,1,59500.0
2026-03-01,Mid Luxury SUV,volvo,xc90,T8 Plus Bright Theme 7P,7,70885.0
2026-03-01,Mid Luxury SUV,volvo,xc90,T8 Ultimate Bright Theme 6P,1,69990.0
2026-03-01,Mid Luxury SUV,volvo,xc90,T8 Ultimate Bright Theme 7P,1,69990.0
2026-03-01,Mid Luxury SUV,volvo,xc90,T8 Ultra 6-Seater,151,86381.77483443709
2026-03-01,Mid Luxury SUV,volvo,xc90,T8 Ultra 6P,3,83331.66666666667
2026-03-01,Mid Luxury SUV,volvo,xc90,T8 Ultra 7-Seater,1128,83564.45656028368
2026-03-01,Mid Luxury SUV,volvo,xc90,T8 Ultra 7P,7,75404.57142857143
2026-03-01,Mid Luxury SUV,volvo,xc90,T8 Ultra Dark Theme 6-Seater,138,85944.6884057971
2026-03-01,Mid Luxury SUV,volvo,xc90,T8 Ultra Dark Theme 7-Seater,243,85921.60905349794
2026-03-01,Mid Luxury SUV,volvo,xc90,"Ultra Dark Theme, T8 AWD, Electric/Gasoline, 6 S",1,92055.0
2026-03-01,Mid Luxury SUV,volvo,xc90,"Ultra Dark Theme, T8 AWD, Electric/Gasoline, 7 S",2,92163.5
2026-03-01,Mid Luxury SUV,volvo,xc90,"Ultra, B6 AWD Gas (mild hybrid), Gasoline, Brigh",5,74107.0
2026-03-01,Mid Luxury SUV,volvo,xc90,"Ultra, T8 AWD, Electric/Gasoline, Bright, 6 Seat",2,87572.5
2026-03-01,Mid Luxury SUV,volvo,xc90,"Ultra, T8 AWD, Electric/Gasoline, Bright, 7 Seat",7,86259.28571428571
2026-03-01,Near Luxury Car,acura,tlx,SH-AWD w/A-SPEC,192,51331.520833333336
2026-03-01,Near Luxury Car,acura,tlx,w/Tech,160,46322.76582278481
2026-03-01,Near Luxury Car,alfa_romeo,giulia,Base,233,52263.690987124464
2026-03-01,Near Luxury Car,alfa_romeo,giulia,Quadrifoglio,6,85525.5
2026-03-01,Near Luxury Car,alfa_romeo,giulia,Sprint,141,47787.14893617021
2026-03-01,Near Luxury Car,alfa_romeo,giulia,Ti,9,45920.555555555555
2026-03-01,Near Luxury Car,alfa_romeo,giulia,Veloce,5,50356.6
2026-03-01,Near Luxury Car,audi,a5,Premium,90,49130.78888888889
2026-03-01,Near Luxury Car,audi,a5,Premium Plus,840,52039.752380952385
2026-03-01,Near Luxury Car,audi,a5,Premium Plus TFSI quattro S tronic,665,50806.572932330826
2026-03-01,Near Luxury Car,audi,a5,Premium TFSI quattro S tronic,291,48082.815120274914
2026-03-01,Near Luxury Car,audi,a5,Prestige,44,53148.84090909091
2026-03-01,Near Luxury Car,audi,a5,Prestige TFSI quattro S tronic,127,52794.83464566929
2026-03-01,Near Luxury Car,audi,a5,quattro S line Prem Plus 45 TFSI,3,52500.666666666664
2026-03-01,Near Luxury Car,audi,a5,quattro S line Premium 45 TFSI,1,52575.0
2026-03-01,Near Luxury Car,audi,s5,Premium,8,60823.0
2026-03-01,Near Luxury Car,audi,s5,Premium Plus,141,69403.74468085106
2026-03-01,Near Luxury Car,audi,s5,Premium Plus TFSI quattro S tronic,386,66916.9896373057
2026-03-01,Near Luxury Car,audi,s5,Prestige,23,73381.86956521739
2026-03-01,Near Luxury Car,audi,s5,Prestige TFSI quattro S tronic,63,72751.79365079365
2026-03-01,Near Luxury Car,bmw,3_series,330i,826,54180.46610169492
2026-03-01,Near Luxury Car,bmw,3_series,330i NA,725,54269.51448275862
2026-03-01,Near Luxury Car,bmw,3_series,330i NA xDrive,822,56303.334957369065
2026-03-01,Near Luxury Car,bmw,3_series,330i xDrive,537,55903.824953445066
2026-03-01,Near Luxury Car,bmw,3_series,M340i NA,119,69215.71428571429
2026-03-01,Near Luxury Car,bmw,3_series,M340i NA xDrive,101,71439.9504950495
2026-03-01,Near Luxury Car,bmw,3_series,M340i xDrive,121,74298.09917355372
2026-03-01,Near Luxury Car,bmw,3_series,NA,531,54419.95291902072
2026-03-01,Near Luxury Car,bmw,3_series,xDrive,339,56079.90207715134
2026-03-01,Near Luxury Car,bmw,3_series,xDrive NA,682,56053.51319648094
2026-03-01,Near Luxury Car,bmw,4_series,430i,916,62819.30210065646
2026-03-01,Near Luxury Car,bmw,4_series,430i xDrive,492,65721.19461382114
2026-03-01,Near Luxury Car,bmw,4_series,430i xDrive Gran Coupe,3,58445.0
2026-03-01,Near Luxury Car,bmw,4_series,M440i,302,75069.27394039735
2026-03-01,Near Luxury Car,bmw,4_series,M440i Gran Coupe,18,71615.94444444444
2026-03-01,Near Luxury Car,bmw,4_series,M440i xDrive,330,78211.12492401217
2026-03-01,Near Luxury Car,bmw,4_series,xDrive,253,66991.8384920635
2026-03-01,Near Luxury Car,bmw,4_series_gran_coupe,xDrive,388,65192.724458762896
2026-03-01,Near Luxury Car,bmw,m3,Base (M6),23,89774.26086956522
2026-03-01,Near Luxury Car,bmw,m3,Competition,21,93270.85714285714
2026-03-01,Near Luxury Car,bmw,m3,Competition xDrive,184,103147.71739130435
2026-03-01,Near Luxury Car,bmw,m3,NA,21,68723.80952380953
2026-03-01,Near Luxury Car,bmw,m3,xDrive,15,74908.86666666667
2026-03-01,Near Luxury Car,bmw,m3,xDrive NA,8,71066.25
2026-03-01,Near Luxury Car,bmw,m4,Base,49,91108.3469387755
2026-03-01,Near Luxury Car,bmw,m4,Competition,334,103125.56156156157
2026-03-01,Near Luxury Car,bmw,m4,Competition xDrive,236,102136.82203389831
2026-03-01,Near Luxury Car,cadillac,ct5,Base,15,66559.73333333334
2026-03-01,Near Luxury Car,cadillac,ct5,Blackwing,1,122395.0
2026-03-01,Near Luxury Car,cadillac,ct5,Premium Luxury,92,51618.108695652176
2026-03-01,Near Luxury Car,cadillac,ct5,Premium Luxury RWD,832,54705.182692307695
2026-03-01,Near Luxury Car,cadillac,ct5,Sport,63,53230.84126984127
2026-03-01,Near Luxury Car,cadillac,ct5,Sport RWD,544,56902.930147058825
2026-03-01,Near Luxury Car,cadillac,ct5,V-Series Blackwing RWD,115,126824.26956521739
2026-03-01,Near Luxury Car,cadillac,ct5,V-Series RWD,504,67476.19841269842
2026-03-01,Near Luxury Car,genesis,g70,2.5T,6,44094.5
2026-03-01,Near Luxury Car,genesis,g70,2.5T AWD,274,47287.26277372263
2026-03-01,Near Luxury Car,genesis,g70,2.5T Prestige,15,43457.86666666667
2026-03-01,Near Luxury Car,genesis,g70,2.5T RWD,220,45240.67727272727
2026-03-01,Near Luxury Car,genesis,g70,2.5T RWD Prestige,352,50331.62215909091
2026-03-01,Near Luxury Car,genesis,g70,2.5T Standard,66,45092.242424242424
2026-03-01,Near Luxury Car,genesis,g70,3.3T AWD Sport Prestige,872,54544.68692660551
2026-03-01,Near Luxury Car,genesis,g70,3.3T Prestige Graphite,151,59706.05960264901
2026-03-01,Near Luxury Car,genesis,g70,3.3T RWD Sport Prestige,298,55497.17845117845
2026-03-01,Near Luxury Car,genesis,g70,3.3T Sport Advanced,65,53423.140625
2026-03-01,Near Luxury Car,lexus,es_series,Base,426,49494.555962441314
2026-03-01,Near Luxury Car,lexus,es_series,F SPORT Handling,5,54009.4
2026-03-01,Near Luxury Car,lexus,es_series,Luxury,12,53259.10916666667
2026-03-01,Near Luxury Car,lexus,es_series,Ultra Luxury,9,56084.27777777778
2026-03-01,Near Luxury Car,lexus,is_series,Base,7,47052.57142857143
2026-03-01,Near Luxury Car,lexus,is_series,F SPORT,387,54887.79328165374
2026-03-01,Near Luxury Car,lexus,is_series,F SPORT Design,186,48182.0120967742
2026-03-01,Near Luxury Car,lexus,is_series,F SPORT Performance,1,68913.0
2026-03-01,Near Luxury Car,lexus,is_series,IS 350 F SPORT,288,56169.48611111111
2026-03-01,Near Luxury Car,lexus,is_series,IS 350 F SPORT Design,257,50563.34241245136
2026-03-01,Near Luxury Car,lexus,is_series,IS 500 F SPORT Performance Ultimate Edition,1,82990.0
2026-03-01,Near Luxury Car,lexus,rc_series,F SPORT,31,60982.3870967742
2026-03-01,Near Luxury Car,lexus,rc_series,Final Edition,5,94665.4
2026-03-01,Near Luxury Car,mercedes_benz,c_class,AMG C 43,597,74085.07202680067
2026-03-01,Near Luxury Car,mercedes_benz,c_class,AMG C 63 S E Performance,76,100808.63157894737
2026-03-01,Near Luxury Car,mercedes_benz,c_class,C 300,2124,54943.56779661017
2026-03-01,Near Luxury Car,mercedes_benz,c_class,C 300 4MATIC,1888,57092.05296610169
2026-03-01,Near Luxury Car,volvo,s60_v60,B5 Core,5,45605.0
2026-03-01,Near Luxury Car,volvo,s60_v60,B5 Core Dark Theme,3,40878.333333333336
2026-03-01,Near Luxury Car,volvo,s60_v60,B5 Plus,283,54923.40282685513
2026-03-01,Near Luxury Car,volvo,s60_v60,B5 Plus Dark Theme,3,44812.0
2026-03-01,Near Luxury Car,volvo,s60_v60,B5 Ultra,165,60784.70909090909
2026-03-01,Near Luxury Car,volvo,s60_v60,T8 Plus Dark Theme,2,48079.0
2026-03-01,Near Luxury Car,volvo,s60_v60,T8 Polestar Engineered,1,72645.0
2026-03-01,Near Luxury EV SUV,audi,q4_e_tron,Premium,17,56396.35294117647
2026-03-01,Near Luxury EV SUV,audi,q4_e_tron,Premium 45 RWD,2,51145.0
2026-03-01,Near Luxury EV SUV,audi,q4_e_tron,Premium 45 quattro,2,54219.5
2026-03-01,Near Luxury EV SUV,audi,q4_e_tron,Premium Plus,1,59940.0
2026-03-01,Near Luxury EV SUV,audi,q4_e_tron,quattro Premium 55 TFSI,4,54095.75
2026-03-01,Near Luxury EV SUV,audi,q4_e_tron,quattro Premium Plus 50 TFSI,1,58851.0
2026-03-01,Near Luxury EV SUV,audi,q4_e_tron,quattro Premium Plus 55,1,68780.0
2026-03-01,Near Luxury EV SUV,audi,q4_e_tron,quattro Premium Plus 55 TFSI,39,60022.153846153844
2026-03-01,Near Luxury EV SUV,cadillac,optiq,Luxury,604,54367.67715231788
2026-03-01,Near Luxury EV SUV,cadillac,optiq,Luxury 1 AWD,63,54435.71428571428
2026-03-01,Near Luxury EV SUV,cadillac,optiq,Luxury 2 AWD,38,55888.694444444445
2026-03-01,Near Luxury EV SUV,cadillac,optiq,Premium Luxury,271,57844.83763837638
2026-03-01,Near Luxury EV SUV,cadillac,optiq,Premium Sport,369,58200.00543478261
2026-03-01,Near Luxury EV SUV,cadillac,optiq,Sport,731,55377.13269493844
2026-03-01,Near Luxury EV SUV,cadillac,optiq,Sport 1 AWD,84,55360.02380952381
2026-03-01,Near Luxury EV SUV,cadillac,optiq,Sport 2 AWD,85,58170.84705882353
2026-03-01,Near Luxury EV SUV,cadillac,optiq,V-Series,32,72638.15625
2026-03-01,Near Luxury EV SUV,genesis,gv70_ev,Advanced,25,69942.16
2026-03-01,Near Luxury EV SUV,genesis,gv70_ev,Advanced AWD,1,70700.0
2026-03-01,Near Luxury EV SUV,genesis,gv70_ev,Base,12,76268.66666666667
2026-03-01,Near Luxury EV SUV,genesis,gv70_ev,Prestige,1,76240.0
2026-03-01,Near Luxury EV SUV,genesis,gv70_ev,Standard,38,62912.39473684211
2026-03-01,Near Luxury EV SUV,lexus,rz_series,F SPORT,5,55837.2
2026-03-01,Near Luxury EV SUV,lexus,rz_series,Luxury,28,55928.32142857143
2026-03-01,Near Luxury EV SUV,lexus,rz_series,Premium,994,50409.059466800805
2026-03-01,Near Luxury EV SUV,lexus,rz_series,RZ 350e Premium,188,46451.48936170213
2026-03-01,Near Luxury EV SUV,lexus,rz_series,RZ 450e Premium,97,55441.17525773196
2026-03-01,Near Luxury EV SUV,mercedes_benz,eqb,EQB 250+,1,57795.0
2026-03-01,Near Luxury EV SUV,mercedes_benz,eqb,EQB 300 4MATIC,13,60486.61538461538
2026-03-01,Near Luxury EV SUV,mercedes_benz,eqb,EQB 350 4MATIC,2,64782.5
2026-03-01,Near Luxury EV SUV,porsche,macan_electric,4S,188,107963.82978723405
2026-03-01,Near Luxury EV SUV,porsche,macan_electric,GTS,22,122509.40909090909
2026-03-01,Near Luxury SUV,acura,rdx,SH-AWD,49,46295.204081632655
2026-03-01,Near Luxury SUV,acura,rdx,SH-AWD w/A-SPEC,104,51793.192307692305
2026-03-01,Near Luxury SUV,acura,rdx,SH-AWD w/Advance,34,53711.35294117647
2026-03-01,Near Luxury SUV,acura,rdx,SH-AWD w/Advance w/A-SPEC,40,56149.07692307692
2026-03-01,Near Luxury SUV,acura,rdx,SH-AWD w/Platinum Elite w/A-SPEC,4,56403.0
2026-03-01,Near Luxury SUV,acura,rdx,SH-AWD w/Tech,76,48803.13157894737
2026-03-01,Near Luxury SUV,acura,rdx,w/A-Spec Advance Package,1428,56663.401960784315
2026-03-01,Near Luxury SUV,acura,rdx,w/A-Spec Package,1521,52556.6449704142
2026-03-01,Near Luxury SUV,acura,rdx,w/Advance Package,1536,54650.35546875
2026-03-01,Near Luxury SUV,acura,rdx,w/Technology Package,1920,49469.72708333333
2026-03-01,Near Luxury SUV,alfa_romeo,stelvio,Base,27,56809.11111111111
2026-03-01,Near Luxury SUV,alfa_romeo,stelvio,Quadrifoglio,23,88393.26086956522
2026-03-01,Near Luxury SUV,alfa_romeo,stelvio,Quadrifoglio Carbon,3,94679.0
2026-03-01,Near Luxury SUV,alfa_romeo,stelvio,Special Edition Tributo Italiano AWD,11,56404.454545454544
2026-03-01,Near Luxury SUV,alfa_romeo,stelvio,Sprint,357,53644.577030812325
2026-03-01,Near Luxury SUV,alfa_romeo,stelvio,Ti,3,39462.666666666664
2026-03-01,Near Luxury SUV,alfa_romeo,stelvio,Veloce,1,45995.0
2026-03-01,Near Luxury SUV,audi,q5_sq5,2.0T Progressiv,16,63273.0625
2026-03-01,Near Luxury SUV,audi,q5_sq5,2.0T Technik,8,66121.125
2026-03-01,Near Luxury SUV,audi,q5_sq5,Premium,273,52766.78754578755
2026-03-01,Near Luxury SUV,audi,q5_sq5,Premium Plus,1509,56703.37972166998
2026-03-01,Near Luxury SUV,audi,q5_sq5,Premium Plus TFSI quattro S tronic,2675,54310.99289719626
2026-03-01,Near Luxury SUV,audi,q5_sq5,Premium TFSI quattro S tronic,565,51001.391150442476
2026-03-01,Near Luxury SUV,audi,q5_sq5,Prestige,187,58258.673796791445
2026-03-01,Near Luxury SUV,audi,q5_sq5,Prestige 45 TFSI S line quattro S tronic,1,48795.0
2026-03-01,Near Luxury SUV,audi,q5_sq5,Prestige TFSI quattro S tronic,335,57370.91641791045
2026-03-01,Near Luxury SUV,audi,q5_sq5,e quattro S line Prem Pl 55 TFSI,7,63902.28571428572
2026-03-01,Near Luxury SUV,audi,q5_sq5,e quattro S line Premium 55 TFSI,3,58350.0
2026-03-01,Near Luxury SUV,audi,q5_sq5,quattro Premium Plus 40 TFSI,1,55665.0
2026-03-01,Near Luxury SUV,audi,q5_sq5,quattro S line Prem Plus 45 TFSI,21,54915.90476190476
2026-03-01,Near Luxury SUV,audi,q5_sq5,quattro S line Premium 45 TFSI,2,53435.0
2026-03-01,Near Luxury SUV,audi,sq5,3.0 TFSI quattro Technik,1,74094.0
2026-03-01,Near Luxury SUV,audi,sq5,3.0T quattro Premium Plus,3,70717.66666666667
2026-03-01,Near Luxury SUV,audi,sq5,Premium,4,65177.5
2026-03-01,Near Luxury SUV,audi,sq5,Premium Plus,274,73246.55839416059
2026-03-01,Near Luxury SUV,audi,sq5,Premium Plus TFSI quattro S tronic,233,70737.95708154507
2026-03-01,Near Luxury SUV,audi,sq5,Prestige,16,74356.8125
2026-03-01,Near Luxury SUV,audi,sq5,Prestige TFSI quattro S tronic,18,73565.33333333333
2026-03-01,Near Luxury SUV,bmw,x3,30 xDrive,10188,58925.8158617982
2026-03-01,Near Luxury SUV,bmw,x3,M50 xDrive,541,74323.01663585952
2026-03-01,Near Luxury SUV,bmw,x3,sDrive30i,3,48250.0
2026-03-01,Near Luxury SUV,bmw,x4,Base,16,93016.875
2026-03-01,Near Luxury SUV,bmw,x4,xDrive30i,1,57930.0
2026-03-01,Near Luxury SUV,cadillac,xt4,Premium Luxury,22,45134.36363636364
2026-03-01,Near Luxury SUV,cadillac,xt4,Sport,3,47377.333333333336
2026-03-01,Near Luxury SUV,genesis,gv70,2.5T,556,51397.56216216216
2026-03-01,Near Luxury SUV,genesis,gv70,2.5T Advanced,2079,59176.617604617604
2026-03-01,Near Luxury SUV,genesis,gv70,2.5T Select,1093,54457.22689844465
2026-03-01,Near Luxury SUV,genesis,gv70,2.5T Sport Prestige,1713,62563.046117921775
2026-03-01,Near Luxury SUV,genesis,gv70,2.5T Standard,18,52816.166666666664
2026-03-01,Near Luxury SUV,genesis,gv70,3.5T Sport,99,61846.0
2026-03-01,Near Luxury SUV,genesis,gv70,3.5T Sport Advanced,457,64893.407002188185
2026-03-01,Near Luxury SUV,genesis,gv70,3.5T Sport Prestige,2064,71700.4554263566
2026-03-01,Near Luxury SUV,infiniti,qx50,Luxe,39,42852.51282051282
2026-03-01,Near Luxury SUV,infiniti,qx50,Pure,3,40251.666666666664
2026-03-01,Near Luxury SUV,infiniti,qx50,Sport,33,46857.93939393939
2026-03-01,Near Luxury SUV,infiniti,qx55,Essential,8,51022.375
2026-03-01,Near Luxury SUV,infiniti,qx55,Luxe,15,45694.13333333333
2026-03-01,Near Luxury SUV,infiniti,qx55,Sensory,5,56891.8
2026-03-01,Near Luxury SUV,jaguar,e_pace,P250 R-Dynamic SE,13,52724.307692307695
2026-03-01,Near Luxury SUV,land_rover,discovery_sport,Landmark,261,54655.50387596899
2026-03-01,Near Luxury SUV,land_rover,discovery_sport,P250 Dynamic SE,58,56605.775862068964
2026-03-01,Near Luxury SUV,land_rover,discovery_sport,P250 S,138,51416.442028985504
2026-03-01,Near Luxury SUV,land_rover,range_rover_evoque,P250 Dynamic SE,246,61799.723577235774
2026-03-01,Near Luxury SUV,land_rover,range_rover_evoque,P250 S,478,56025.836820083685
2026-03-01,Near Luxury SUV,lexus,nx_series,Base,612,62939.86482815055
2026-03-01,Near Luxury SUV,lexus,nx_series,F SPORT Handling,167,65905.45155688623
2026-03-01,Near Luxury SUV,lexus,nx_series,Luxury,341,59579.112404692074
2026-03-01,Near Luxury SUV,lexus,nx_series,NX 350,53,59135.52830188679
2026-03-01,Near Luxury SUV,lexus,nx_series,NX 350 F SPORT Handling,11,58325.09090909091
2026-03-01,Near Luxury SUV,lexus,nx_series,NX 350 Luxury,32,58678.34375
2026-03-01,Near Luxury SUV,lexus,nx_series,NX 350 Premium,45,55490.37777777778
2026-03-01,Near Luxury SUV,lexus,nx_series,NX 350h,17,49764.882352941175
2026-03-01,Near Luxury SUV,lexus,nx_series,NX 350h F SPORT Handling,28,61875.96428571428
2026-03-01,Near Luxury SUV,lexus,nx_series,NX 350h Luxury,11,61047.72727272727
2026-03-01,Near Luxury SUV,lexus,nx_series,NX 350h Premium,34,56981.67647058824
2026-03-01,Near Luxury SUV,lexus,nx_series,NX 450h+,28,62275.42857142857
2026-03-01,Near Luxury SUV,lexus,nx_series,NX 450h+ F SPORT Handling,31,67491.74193548386
2026-03-01,Near Luxury SUV,lexus,nx_series,NX 450h+ Luxury,195,67609.99487179487
2026-03-01,Near Luxury SUV,lexus,nx_series,NX 450h+ Premium,11,61797.454545454544
2026-03-01,Near Luxury SUV,lexus,nx_series,Premium,1056,55043.626701520916
2026-03-01,Near Luxury SUV,maserati,grecale,Base,167,82717.01796407186
2026-03-01,Near Luxury SUV,maserati,grecale,Folgore,16,114123.5
2026-03-01,Near Luxury SUV,maserati,grecale,GT,34,66709.55882352941
2026-03-01,Near Luxury SUV,maserati,grecale,Modena,366,90073.73224043715
2026-03-01,Near Luxury SUV,maserati,grecale,Trofeo,20,124531.7
2026-03-01,Near Luxury SUV,mercedes_benz,benz_amg_glc,4MATIC,537,87809.52655493481
2026-03-01,Near Luxury SUV,mercedes_benz,glb,AMG GLB 35,308,66078.03246753247
2026-03-01,Near Luxury SUV,mercedes_benz,glb,GLB 250,1961,49871.016318204995
2026-03-01,Near Luxury SUV,mercedes_benz,glb,GLB 250 4MATIC,1586,52720.12547288777
2026-03-01,Near Luxury SUV,mercedes_benz,glc_class,4MATIC,333,67689.73273273274
2026-03-01,Near Luxury SUV,mercedes_benz,glc_class,4MATIC SUV,28,57558.25925925926
2026-03-01,Near Luxury SUV,mercedes_benz,glc_class,AMG GLC 43,1204,76936.62292358805
2026-03-01,Near Luxury SUV,mercedes_benz,glc_class,GLC 300,7470,57792.81459170013
2026-03-01,Near Luxury SUV,mercedes_benz,glc_class,GLC 300 4MATIC,7201,60008.91653936953
2026-03-01,Near Luxury SUV,mercedes_benz,glc_class,GLC 350e 4MATIC,42,66055.0
2026-03-01,Near Luxury SUV,porsche,macan,4 Electric,413,100424.84261501211
2026-03-01,Near Luxury SUV,porsche,macan,Base,2613,80499.13968618446
2026-03-01,Near Luxury SUV,porsche,macan,Electric,278,94821.55395683453
2026-03-01,Near Luxury SUV,porsche,macan,Electric 4S,3,109419.66666666667
2026-03-01,Near Luxury SUV,porsche,macan,Electric Turbo,66,134463.18181818182
2026-03-01,Near Luxury SUV,porsche,macan,GTS,295,114499.79661016949
2026-03-01,Near Luxury SUV,porsche,macan,S,954,97674.79035639414
2026-03-01,Near Luxury SUV,porsche,macan,T,329,83667.17629179331
2026-03-01,Near Luxury SUV,porsche,macan,Turbo Electric,83,130164.2048192771
2026-03-01,Near Luxury SUV,volvo,xc60,B5 Core,796,49986.17085427135
2026-03-01,Near Luxury SUV,volvo,xc60,B5 Plus,3801,56264.67955801105
2026-03-01,Near Luxury SUV,volvo,xc60,B5 Plus Dark Theme,1,48338.0
2026-03-01,Near Luxury SUV,volvo,xc60,B5 Ultra,1813,62544.55763927192
2026-03-01,Near Luxury SUV,volvo,xc60,B5 Ultra Black Edition,282,63811.52127659575
2026-03-01,Near Luxury SUV,volvo,xc60,Plus Dark Theme,1020,57997.41176470588
2026-03-01,Near Luxury SUV,volvo,xc60,"Plus, T8 AWD Electric/Gasoline, Dark",2,69707.5
2026-03-01,Near Luxury SUV,volvo,xc60,T8 Core,95,59822.37234042553
2026-03-01,Near Luxury SUV,volvo,xc60,T8 Plus,748,66731.12299465241
2026-03-01,Near Luxury SUV,volvo,xc60,T8 Polestar Engineered,53,82121.09433962264
2026-03-01,Near Luxury SUV,volvo,xc60,T8 Ultra,715,74032.26713286713
2026-03-01,Near Luxury SUV,volvo,xc60,T8 Ultra Black Edition,151,75341.4238410596
2026-03-01,Near Luxury SUV,volvo,xc60,Ultra Dark Theme,585,65971.97435897436
2026-03-01,Near Luxury SUV,volvo,xc60,"Ultra, T8 AWD Electric/Gasoline, Dark",2,77312.5
2026-03-01,Near Luxury SUV,volvo,xc60_recharge,T8 Core Dark Theme,2,49808.5
2026-03-01,Near Luxury SUV,volvo,xc60_recharge,T8 Plus Dark Theme,17,49783.0
2026-03-01,Near Luxury SUV,volvo,xc60_recharge,T8 Polestar Engineered,1,68990.0
2026-03-01,Premium Luxury Car,audi,a8_s8,4.0T quattro,62,126600.54838709677
2026-03-01,Premium Luxury Car,audi,a8_s8,55 TFSI quattro Tiptronic,66,95939.60606060606
2026-03-01,Premium Luxury Car,audi,a8_s8,quattro 55 TFSI,22,87573.63636363637
2026-03-01,Premium Luxury Car,bentley,flying_spur,Black Edition,13,315806.3076923077
2026-03-01,Premium Luxury Car,bentley,flying_spur,Speed,14,327576.6153846154
2026-03-01,Premium Luxury Car,bentley,flying_spur,Speed First Edition,20,340694.0
2026-03-01,Premium Luxury Car,bmw,7_series,740i,317,108635.8454258675
2026-03-01,Premium Luxury Car,bmw,7_series,740i xDrive,232,110672.10344827586
2026-03-01,Premium Luxury Car,bmw,7_series,750e xDrive,392,120964.05357142857
2026-03-01,Premium Luxury Car,bmw,7_series,760i xDrive,353,137348.6345609065
2026-03-01,Premium Luxury Car,bmw,7_series,xDrive,333,124994.36828828829
2026-03-01,Premium Luxury Car,genesis,g90,3.5T,20,91050.85
2026-03-01,Premium Luxury Car,genesis,g90,3.5T E-SC MHEV AWD,241,102254.13278008299
2026-03-01,Premium Luxury Car,genesis,g90,3.5T E-SC Prestige Black AWD,1,107895.0
2026-03-01,Premium Luxury Car,genesis,g90,3.5T e-Supercharger,73,100308.79452054795
2026-03-01,Premium Luxury Car,genesis,g90,e-SC Prestige Black,133,104547.65413533835
2026-03-01,Premium Luxury Car,lexus,ls_series,Heritage Edition,2,101257.0
2026-03-01,Premium Luxury Car,maserati,quattroporte,Modena Q4,2,97997.5
2026-03-01,Premium Luxury Car,maserati,quattroporte,Modena Ultima Q4,7,115342.57142857143
2026-03-01,Premium Luxury Car,mercedes_benz,s_class,AMG S 63 E Performance,319,210752.02194357367
2026-03-01,Premium Luxury Car,mercedes_benz,s_class,Maybach S 680,19,268384.36842105264
2026-03-01,Premium Luxury Car,mercedes_benz,s_class,Mercedes-Maybach S 580 4MATIC,39,221468.66666666666
2026-03-01,Premium Luxury Car,mercedes_benz,s_class,Mercedes-Maybach S 680 4MATIC,6,288951.0
2026-03-01,Premium Luxury Car,mercedes_benz,s_class,S 500 4MATIC,190,131156.82105263157
2026-03-01,Premium Luxury Car,mercedes_benz,s_class,S 580 4MATIC,1021,145058.51714005877
2026-03-01,Premium Luxury Car,mercedes_benz,s_class,S 580e 4MATIC,60,138768.35
2026-03-01,Premium Luxury Car,porsche,panamera,4,556,141941.21762589927
2026-03-01,Premium Luxury Car,porsche,panamera,4 E-Hybrid,59,150132.33898305084
2026-03-01,Premium Luxury Car,porsche,panamera,4S,4,168525.0
2026-03-01,Premium Luxury Car,porsche,panamera,4S E-Hybrid,5,168960.8
2026-03-01,Premium Luxury Car,porsche,panamera,Base,200,134390.705
2026-03-01,Premium Luxury Car,porsche,panamera,GTS,42,192362.7380952381
2026-03-01,Premium Luxury Car,porsche,panamera,Turbo,9,234572.44444444444
2026-03-01,Premium Luxury Car,porsche,panamera,Turbo E-Hybrid,8,233615.0
2026-03-01,Premium Luxury Car,porsche,panamera,Turbo S,1,259991.0
2026-03-01,Premium Luxury Car,porsche,panamera,Turbo S E-Hybrid,4,276959.75
2026-03-01,Premium Luxury Car,rolls_royce,ghost,Base,5,431333.6
2026-03-01,Premium Luxury Car,rolls_royce,ghost,Black Badge,9,482782.22222222225
2026-04-01,Entry Luxury EV SUV,genesis,gv60,"19""""",21,58087.857142857145
2026-04-01,Entry Luxury EV SUV,genesis,gv60,Advanced,3,59808.333333333336
2026-04-01,Entry Luxury EV SUV,genesis,gv60,"Advanced 20""""",44,60701.40909090909
2026-04-01,Entry Luxury EV SUV,genesis,gv60,Performance,48,73104.75
2026-04-01,Entry Luxury EV SUV,genesis,gv60,RWD,15,54991.4
2026-04-01,Entry Luxury EV SUV,genesis,gv60,Standard,19,54243.68421052631
2026-04-01,Entry Luxury EV SUV,volvo,ex30,Cross Country Ultra,455,50484.94065934066
2026-04-01,Entry Luxury EV SUV,volvo,ex30,"Cross Country Ultra, Twin Motor Performance, Ful",32,51693.59375
2026-04-01,Entry Luxury EV SUV,volvo,ex30,Plus,30,39345.5
2026-04-01,Entry Luxury EV SUV,volvo,ex30,"Plus Twin Motor Performance, Fully electric",438,46864.68493150685
2026-04-01,Entry Luxury EV SUV,volvo,ex30,"Plus, Single Motor, Fuly electric",74,40873.31081081081
2026-04-01,Entry Luxury EV SUV,volvo,ex30,Twin Motor Plus,73,45941.54794520548
2026-04-01,Entry Luxury EV SUV,volvo,ex30,Twin Motor Ultra,37,47741.21621621621
2026-04-01,Entry Luxury EV SUV,volvo,ex30,Ultra,183,47889.79234972678
2026-04-01,Entry Luxury EV SUV,volvo,ex30,"Ultra Twin Motor Performance, Fully electric",323,48574.02786377709
2026-04-01,Entry Luxury EV SUV,volvo,ex40,"Plus, Twin Motor, Fully electric",1,60995.0
2026-04-01,Entry Luxury EV SUV,volvo,ex40,Single Motor Extended Range Core,1,39795.0
2026-04-01,Entry Luxury EV SUV,volvo,ex40,Single Motor Extended Range Plus,33,59375.42424242424
2026-04-01,Entry Luxury EV SUV,volvo,ex40,Twin Motor Core,3,51446.333333333336
2026-04-01,Entry Luxury EV SUV,volvo,ex40,Twin Motor Plus,50,59819.92
2026-04-01,Entry Luxury EV SUV,volvo,ex40,Twin Motor Ultra Black Edition,11,62773.63636363636
2026-04-01,Mid Luxury Car,audi,a6_e_tron,Premium,28,63157.607142857145
2026-04-01,Mid Luxury Car,audi,a6_e_tron,Premium Plus,38,67930.76315789473
2026-04-01,Mid Luxury Car,audi,a6_e_tron,Prestige,7,75832.57142857143
2026-04-01,Mid Luxury Car,audi,a6_s6,2.9T quattro Prestige,1,84756.0
2026-04-01,Mid Luxury Car,audi,a6_s6,4.0T quattro Avant performance,3,146404.33333333334
2026-04-01,Mid Luxury Car,audi,a6_s6,Premium Plus quattro S tronic,1529,69018.76193590582
2026-04-01,Mid Luxury Car,audi,a6_s6,Premium quattro S tronic,108,64372.42990654206
2026-04-01,Mid Luxury Car,audi,a6_s6,Prestige TFSI quattro Tiptronic,2,88064.0
2026-04-01,Mid Luxury Car,audi,a6_s6,Prestige quattro S tronic,109,75266.38532110091
2026-04-01,Mid Luxury Car,audi,a6_s6,Technik,364,74829.36263736263
2026-04-01,Mid Luxury Car,audi,a6_s6,performance,1,141628.0
2026-04-01,Mid Luxury Car,audi,a6_s6,quattro Premium 45 TFSI,5,62970.8
2026-04-01,Mid Luxury Car,audi,a6_s6,quattro Premium 55 TFSI,3,65795.0
2026-04-01,Mid Luxury Car,audi,a6_s6,quattro Premium Plus 45 TFSI,7,60548.71428571428
2026-04-01,Mid Luxury Car,audi,a6_s6,quattro Premium Plus 55 TFSI,7,68623.71428571429
2026-04-01,Mid Luxury Car,audi,a6_s6,quattro Prestige 55 TFSI,9,75857.88888888889
2026-04-01,Mid Luxury Car,audi,a6_s6,quattro tiptronic,46,148517.15217391305
2026-04-01,Mid Luxury Car,audi,a7_s7,2.9T quattro Prestige,2,99445.5
2026-04-01,Mid Luxury Car,audi,a7_s7,quattro Premium Plus 55 TFSI,1,71435.0
2026-04-01,Mid Luxury Car,audi,a7_s7_rs_7,4.0T quattro performance,30,141506.1
2026-04-01,Mid Luxury Car,audi,a7_s7_rs_7,quattro tiptronic,84,149677.69047619047
2026-04-01,Mid Luxury Car,bmw,5_series,530i,1306,68628.1056661562
2026-04-01,Mid Luxury Car,bmw,5_series,530i xDrive,736,70712.0
2026-04-01,Mid Luxury Car,bmw,5_series,540i xDrive,120,80137.31666666667
2026-04-01,Mid Luxury Car,bmw,5_series,550e xDrive,322,85756.93788819876
2026-04-01,Mid Luxury Car,bmw,5_series,xDrive,734,72364.06351092896
2026-04-01,Mid Luxury Car,bmw,m5,Base,367,134015.85013623978
2026-04-01,Mid Luxury Car,bmw,m5,Base (A8),145,137748.0827586207
2026-04-01,Mid Luxury Car,bmw,m5,Touring,17,139655.4375
2026-04-01,Mid Luxury Car,genesis,g80,2.5T,255,68221.18431372549
2026-04-01,Mid Luxury Car,genesis,g80,2.5T Advanced,202,66495.27860696518
2026-04-01,Mid Luxury Car,genesis,g80,2.5T Sport Prestige,176,72645.51136363637
2026-04-01,Mid Luxury Car,genesis,g80,3.5T Prestige Black,195,81761.82474226804
2026-04-01,Mid Luxury Car,genesis,g80,3.5T Sport,44,72307.15909090909
2026-04-01,Mid Luxury Car,genesis,g80,3.5T Sport Advanced,14,68579.35714285714
2026-04-01,Mid Luxury Car,genesis,g80,3.5T Sport Prestige,294,80835.72789115646
2026-04-01,Mid Luxury Car,genesis,g80,Advanced,1,59336.0
2026-04-01,Mid Luxury Car,jaguar,xf,P250 R-Dynamic SE,2,48893.5
2026-04-01,Mid Luxury Car,jaguar,xf,P300 R-Dynamic SE,155,53577.01298701299
2026-04-01,Mid Luxury Car,maserati,ghibli,Modena Q4,6,85729.83333333333
2026-04-01,Mid Luxury Car,maserati,ghibli,Modena Ultima Q4,15,103750.6
2026-04-01,Mid Luxury Car,mercedes_benz,cle,AMG CLE 53,931,93731.57075268817
2026-04-01,Mid Luxury Car,mercedes_benz,cle,CLE 300,2,76061.0
2026-04-01,Mid Luxury Car,mercedes_benz,cle,CLE 300 4MATIC,1245,73079.5528192771
2026-04-01,Mid Luxury Car,mercedes_benz,cle,CLE 450 4MATIC,6,75255.16666666667
2026-04-01,Mid Luxury Car,mercedes_benz,e_class,AMG E 53,649,107047.72332817336
2026-04-01,Mid Luxury Car,mercedes_benz,e_class,E 350,1104,72466.75724637682
2026-04-01,Mid Luxury Car,mercedes_benz,e_class,E 350 4MATIC,932,75139.81223175966
2026-04-01,Mid Luxury Car,mercedes_benz,e_class,E 450 4MATIC,530,83681.51320754716
2026-04-01,Mid Luxury Car,mercedes_benz,e_class,E 450 4MATIC All-Terrain,178,87105.31460674158
2026-04-01,Mid Luxury Car,volvo,s90,B6 Plus,8,51531.625
2026-04-01,Mid Luxury Car,volvo,s90,B6 Ultra,1,51595.0
2026-04-01,Mid Luxury Car,volvo,s90,T8 Ultimate,3,61177.333333333336
2026-04-01,Mid Luxury Car,volvo,s90,T8 Ultra,1,58944.0
2026-04-01,Mid Luxury Car,volvo,v90,B6 Ultra,1,68265.0
2026-04-01,Mid Luxury SUV,acura,mdx,Base,176,53586.857142857145
2026-04-01,Mid Luxury SUV,acura,mdx,SH-AWD,809,55781.11372064277
2026-04-01,Mid Luxury SUV,acura,mdx,SH-AWD Type S w/Advance Package,1421,77693.58844256519
2026-04-01,Mid Luxury SUV,acura,mdx,SH-AWD w/A-SPEC,288,64331.24738675958
2026-04-01,Mid Luxury SUV,acura,mdx,SH-AWD w/Advance,63,67786.7258064516
2026-04-01,Mid Luxury SUV,acura,mdx,SH-AWD w/Platinum Elite w/A-Spec,72,70746.34848484848
2026-04-01,Mid Luxury SUV,acura,mdx,SH-AWD w/Tech,1823,61007.2155787164
2026-04-01,Mid Luxury SUV,acura,mdx,Type S Advance Package,7,77973.0
2026-04-01,Mid Luxury SUV,acura,mdx,w/A-Spec Advance Package,1863,70663.00858829844
2026-04-01,Mid Luxury SUV,acura,mdx,w/A-Spec Package,1754,64040.42474344356
2026-04-01,Mid Luxury SUV,acura,mdx,w/Advance Package,70,68733.64285714286
2026-04-01,Mid Luxury SUV,acura,mdx,w/Tech,21,57792.31578947369
2026-04-01,Mid Luxury SUV,acura,mdx,w/Technology Package,1720,58894.35523255814
2026-04-01,Mid Luxury SUV,audi,q7,Premium,65,65289.92307692308
2026-04-01,Mid Luxury SUV,audi,q7,Premium Plus TFSI quattro tiptronic,13,74021.84615384616
2026-04-01,Mid Luxury SUV,audi,q7,Premium TFSI quattro tiptronic,1,64408.0
2026-04-01,Mid Luxury SUV,audi,q7,Prestige,31,82414.25
2026-04-01,Mid Luxury SUV,audi,q7,Prestige 55 TFSI quattro tiptronic,177,81073.2768361582
2026-04-01,Mid Luxury SUV,audi,q7,quattro 55 TFSI,10,68859.88888888889
2026-04-01,Mid Luxury SUV,audi,q7,quattro Premium 45 TFSI,525,62107.90857142857
2026-04-01,Mid Luxury SUV,audi,q7,quattro Premium 55 TFSI,92,67867.18478260869
2026-04-01,Mid Luxury SUV,audi,q7,quattro Premium Plus 45 TFSI,428,66271.46495327103
2026-04-01,Mid Luxury SUV,audi,q7,quattro Premium Plus 55 TFSI,1833,72785.75177304965
2026-04-01,Mid Luxury SUV,audi,q7,quattro Prestige 55 TFSI,68,79319.9705882353
2026-04-01,Mid Luxury SUV,audi,q7,quattro Progressiv 55 TFSI,123,73055.80991735538
2026-04-01,Mid Luxury SUV,audi,q7_sq7,4.0T quattro Premium Plus,53,100901.43396226416
2026-04-01,Mid Luxury SUV,audi,q7_sq7,4.0T quattro Prestige,53,114361.84905660378
2026-04-01,Mid Luxury SUV,audi,q7_sq7,Prestige,99,102873.87878787878
2026-04-01,Mid Luxury SUV,bmw,x5,Competition,408,142895.10073710073
2026-04-01,Mid Luxury SUV,bmw,x5,M60i,1375,105059.13672727272
2026-04-01,Mid Luxury SUV,bmw,x5,sDrive40i,2285,78640.11422319475
2026-04-01,Mid Luxury SUV,bmw,x5,xDrive40i,7203,81820.76648618632
2026-04-01,Mid Luxury SUV,bmw,x5,xDrive50e,4487,86442.01381769557
2026-04-01,Mid Luxury SUV,bmw,x5_xdrive45e,Competition,94,147577.58241758242
2026-04-01,Mid Luxury SUV,bmw,x6,M60i,235,109247.91489361702
2026-04-01,Mid Luxury SUV,bmw,x6,xDrive40i,841,88906.95243757432
2026-04-01,Mid Luxury SUV,cadillac,xt5,Luxury,109,45083.33027522936
2026-04-01,Mid Luxury SUV,cadillac,xt5,Luxury AWD,385,48133.57922077922
2026-04-01,Mid Luxury SUV,cadillac,xt5,Luxury FWD,397,46123.8362720403
2026-04-01,Mid Luxury SUV,cadillac,xt5,Premium Luxury,470,53639.7697228145
2026-04-01,Mid Luxury SUV,cadillac,xt5,Premium Luxury AWD,1748,59775.12128146453
2026-04-01,Mid Luxury SUV,cadillac,xt5,Premium Luxury FWD,1503,58629.377245508986
2026-04-01,Mid Luxury SUV,cadillac,xt5,Sport,81,60516.333333333336
2026-04-01,Mid Luxury SUV,cadillac,xt5,Sport AWD,372,65997.83333333333
2026-04-01,Mid Luxury SUV,cadillac,xt6,Luxury,152,48512.82236842105
2026-04-01,Mid Luxury SUV,cadillac,xt6,Premium Luxury,242,58847.28512396694
2026-04-01,Mid Luxury SUV,cadillac,xt6,Sport,70,64019.4
2026-04-01,Mid Luxury SUV,genesis,gv80,2.5T,6,59900.2
2026-04-01,Mid Luxury SUV,genesis,gv80,2.5T AWD,128,62886.921875
2026-04-01,Mid Luxury SUV,genesis,gv80,2.5T Advanced,856,71520.625
2026-04-01,Mid Luxury SUV,genesis,gv80,2.5T Prestige,769,76366.4499349805
2026-04-01,Mid Luxury SUV,genesis,gv80,2.5T Select,420,66757.76904761905
2026-04-01,Mid Luxury SUV,genesis,gv80,2.5T Standard,12,59166.083333333336
2026-04-01,Mid Luxury SUV,genesis,gv80,2.5T Standard AWD,132,61065.92424242424
2026-04-01,Mid Luxury SUV,genesis,gv80,3.5T,8,74460.0
2026-04-01,Mid Luxury SUV,genesis,gv80,3.5T Advanced,525,78702.75954198473
2026-04-01,Mid Luxury SUV,genesis,gv80,3.5T Prestige Black AWD,635,86332.68503937007
2026-04-01,Mid Luxury SUV,genesis,gv80,3.5T Prestige Signature,2013,85057.58519622454
2026-04-01,Mid Luxury SUV,genesis,gv80_coupe,3.5T,64,84503.125
2026-04-01,Mid Luxury SUV,genesis,gv80_coupe,3.5T E-SC,722,90230.46952908587
2026-04-01,Mid Luxury SUV,genesis,gv80_coupe,3.5T E-SC MHEV AWD,124,90411.63414634146
2026-04-01,Mid Luxury SUV,genesis,gv80_coupe,3.5T V6 AWD,4,77575.66666666667
2026-04-01,Mid Luxury SUV,genesis,gv80_coupe,3.5T e-SC Prestige Black,284,92134.98239436619
2026-04-01,Mid Luxury SUV,ineos,grenadier,1924 Limited Edition,312,86921.38782051283
2026-04-01,Mid Luxury SUV,ineos,grenadier,Base,89,84754.24719101124
2026-04-01,Mid Luxury SUV,ineos,grenadier,Fieldmaster,7,79006.16666666667
2026-04-01,Mid Luxury SUV,ineos,grenadier,Fieldmaster Edition,403,87754.48635235731
2026-04-01,Mid Luxury SUV,ineos,grenadier,Trialmaster,1,74305.0
2026-04-01,Mid Luxury SUV,infiniti,qx60,Autograph,1162,66640.26419965576
2026-04-01,Mid Luxury SUV,infiniti,qx60,Luxe,2056,56909.620622568094
2026-04-01,Mid Luxury SUV,infiniti,qx60,Pure,102,50798.56862745098
2026-04-01,Mid Luxury SUV,infiniti,qx60,SPORT,1243,61557.302493966214
2026-04-01,Mid Luxury SUV,infiniti,qx60,SPORT AWD,6,59534.333333333336
2026-04-01,Mid Luxury SUV,infiniti,qx60,Sensory,4,54917.25
2026-04-01,Mid Luxury SUV,infiniti,qx65,AUTOGRAPH,6,66583.16666666667
2026-04-01,Mid Luxury SUV,jaguar,f_pace,P250 R-Dynamic S,867,65426.09953703704
2026-04-01,Mid Luxury SUV,jaguar,f_pace,P400 R-Dynamic S,267,76689.66666666667
2026-04-01,Mid Luxury SUV,jaguar,f_pace,SVR 575 EDITION,62,98419.5737704918
2026-04-01,Mid Luxury SUV,land_rover,defender,110 P300 S,793,75392.32534678436
2026-04-01,Mid Luxury SUV,land_rover,defender,110 P400 S,19,79175.78947368421
2026-04-01,Mid Luxury SUV,land_rover,defender,110 P400 X,2,98950.5
2026-04-01,Mid Luxury SUV,land_rover,defender,110 P400 X-Dynamic SE,1316,89380.23556231003
2026-04-01,Mid Luxury SUV,land_rover,defender,110 P500 X-Dynamic SE,152,113459.7697368421
2026-04-01,Mid Luxury SUV,land_rover,defender,110 V8 P500 SE,4,98246.0
2026-04-01,Mid Luxury SUV,land_rover,defender,110 V8 P525,156,125377.81410256411
2026-04-01,Mid Luxury SUV,land_rover,defender,130 P300 S,329,85993.02127659574
2026-04-01,Mid Luxury SUV,land_rover,defender,130 P400 Outbound,3,81196.0
2026-04-01,Mid Luxury SUV,land_rover,defender,130 P400 S,17,87119.41176470589
2026-04-01,Mid Luxury SUV,land_rover,defender,130 P400 X,4,103869.5
2026-04-01,Mid Luxury SUV,land_rover,defender,130 P400 X-Dynamic SE,528,98918.24810606061
2026-04-01,Mid Luxury SUV,land_rover,defender,130 P500 V8,27,121146.29629629629
2026-04-01,Mid Luxury SUV,land_rover,defender,130 V8 P500,123,133085.8130081301
2026-04-01,Mid Luxury SUV,land_rover,defender,90 P300 S,7,66923.14285714286
2026-04-01,Mid Luxury SUV,land_rover,defender,90 P400 X-Dynamic SE,4,72068.0
2026-04-01,Mid Luxury SUV,land_rover,defender,90 P525 V8,1,117968.0
2026-04-01,Mid Luxury SUV,land_rover,defender,90 V8 Carpathian Edition,1,118948.0
2026-04-01,Mid Luxury SUV,land_rover,defender,OCTA,282,174060.804964539
2026-04-01,Mid Luxury SUV,land_rover,defender,P300 S,4,80724.5
2026-04-01,Mid Luxury SUV,land_rover,defender,P400 Outbound,6,100362.16666666667
2026-04-01,Mid Luxury SUV,land_rover,defender,P400 Trophy Edition Keswick,23,98406.45454545454
2026-04-01,Mid Luxury SUV,land_rover,defender,P400 X,173,108415.8612716763
2026-04-01,Mid Luxury SUV,land_rover,defender,P400 X-Dynamic SE,10,92176.1
2026-04-01,Mid Luxury SUV,land_rover,defender,P500 X-Dynamic SE,1,111121.0
2026-04-01,Mid Luxury SUV,land_rover,defender,P525 V8,16,121286.375
2026-04-01,Mid Luxury SUV,land_rover,defender,P635 OCTA,2,165076.0
2026-04-01,Mid Luxury SUV,land_rover,defender,P635 OCTA Black,94,180569.39361702127
2026-04-01,Mid Luxury SUV,land_rover,defender,S,35,78735.37142857142
2026-04-01,Mid Luxury SUV,land_rover,defender,X,16,108439.875
2026-04-01,Mid Luxury SUV,land_rover,defender,X-Dynamic SE,121,91599.90909090909
2026-04-01,Mid Luxury SUV,land_rover,discovery,Gemini Edition,240,79704.3625
2026-04-01,Mid Luxury SUV,land_rover,discovery,P300 Dynamic SE,149,73743.75838926174
2026-04-01,Mid Luxury SUV,land_rover,discovery,P300 S,182,67373.48618784531
2026-04-01,Mid Luxury SUV,land_rover,discovery,P360 Dynamic SE,45,76502.31818181818
2026-04-01,Mid Luxury SUV,land_rover,discovery,P360 Metropolitan,18,81121.55555555556
2026-04-01,Mid Luxury SUV,land_rover,discovery,Tempest Edition,39,89996.05128205128
2026-04-01,Mid Luxury SUV,land_rover,range_rover_velar,Autobiography,13,88008.30769230769
2026-04-01,Mid Luxury SUV,land_rover,range_rover_velar,Belgravia Edition,13,73268.61538461539
2026-04-01,Mid Luxury SUV,land_rover,range_rover_velar,Dynamic SE,557,75408.60861759426
2026-04-01,Mid Luxury SUV,land_rover,range_rover_velar,P250 Dynamic SE,283,73182.31448763251
2026-04-01,Mid Luxury SUV,land_rover,range_rover_velar,P250 S,167,67876.70059880239
2026-04-01,Mid Luxury SUV,land_rover,range_rover_velar,P400 Autobiography,11,88431.0
2026-04-01,Mid Luxury SUV,land_rover,range_rover_velar,P400 Dynamic HSE,4,82985.0
2026-04-01,Mid Luxury SUV,land_rover,range_rover_velar,P400 Dynamic SE,92,79230.76086956522
2026-04-01,Mid Luxury SUV,land_rover,range_rover_velar,S,267,68621.58052434456
2026-04-01,Mid Luxury SUV,lexus,gx_series,Luxury+,239,87951.28151260504
2026-04-01,Mid Luxury SUV,lexus,gx_series,Overtrail,2,78215.0
2026-04-01,Mid Luxury SUV,lexus,gx_series,Overtrail+,120,84230.78333333334
2026-04-01,Mid Luxury SUV,lexus,gx_series,Premium,1,69427.0
2026-04-01,Mid Luxury SUV,lexus,gx_series,Premium+,201,75909.23880597015
2026-04-01,Mid Luxury SUV,lexus,rx_series,Base,56,62570.32142857143
2026-04-01,Mid Luxury SUV,lexus,rx_series,F SPORT Design,249,62906.89445783133
2026-04-01,Mid Luxury SUV,lexus,rx_series,F SPORT Handling,76,66779.78947368421
2026-04-01,Mid Luxury SUV,lexus,rx_series,F SPORT Performance,251,76375.35856573706
2026-04-01,Mid Luxury SUV,lexus,rx_series,Luxury,1490,72356.94491275169
2026-04-01,Mid Luxury SUV,lexus,rx_series,Premium,1124,60988.029430604984
2026-04-01,Mid Luxury SUV,lexus,rx_series,Premium+,3262,63191.86963825875
2026-04-01,Mid Luxury SUV,lexus,tx,Base,3,61038.333333333336
2026-04-01,Mid Luxury SUV,lexus,tx,F SPORT Handling,56,77161.55357142857
2026-04-01,Mid Luxury SUV,lexus,tx,F SPORT Performance Luxury,54,80439.5925925926
2026-04-01,Mid Luxury SUV,lexus,tx,F SPORT Performance Premium,624,75805.1185897436
2026-04-01,Mid Luxury SUV,lexus,tx,Luxury,1061,74490.32811498584
2026-04-01,Mid Luxury SUV,lexus,tx,Premium,2632,66021.52545592705
2026-04-01,Mid Luxury SUV,lincoln,aviator,Black Label,459,88967.11546840958
2026-04-01,Mid Luxury SUV,lincoln,aviator,Livery,20,61514.0
2026-04-01,Mid Luxury SUV,lincoln,aviator,Premiere,2149,61597.94834806887
2026-04-01,Mid Luxury SUV,lincoln,aviator,Reserve,2805,74440.28092691622
2026-04-01,Mid Luxury SUV,lincoln,nautilus,Black Label,593,80869.92074198989
2026-04-01,Mid Luxury SUV,lincoln,nautilus,Premiere,4522,58766.61654135338
2026-04-01,Mid Luxury SUV,lincoln,nautilus,Reserve,3717,67618.18724778047
2026-04-01,Mid Luxury SUV,mercedes_benz,benz_amg_gle,4MATIC+,1796,101854.66968262807
2026-04-01,Mid Luxury SUV,mercedes_benz,benz_amg_gle,S 4MATIC+,574,143817.8693379791
2026-04-01,Mid Luxury SUV,mercedes_benz,gle_class,4MATIC,449,84581.64589285714
2026-04-01,Mid Luxury SUV,mercedes_benz,gle_class,AMG GLE 53,926,101303.92656587473
2026-04-01,Mid Luxury SUV,mercedes_benz,gle_class,AMG GLE 63 S,386,142241.3134715026
2026-04-01,Mid Luxury SUV,mercedes_benz,gle_class,GLE 350,1967,72145.13218098627
2026-04-01,Mid Luxury SUV,mercedes_benz,gle_class,GLE 350 4MATIC,6882,75223.52630049404
2026-04-01,Mid Luxury SUV,mercedes_benz,gle_class,GLE 450 4MATIC,5409,83697.15806988353
2026-04-01,Mid Luxury SUV,mercedes_benz,gle_class,GLE 450e 4MATIC,7,77596.42857142857
2026-04-01,Mid Luxury SUV,mercedes_benz,gle_class,GLE 580 4MATIC,420,101020.07142857143
2026-04-01,Mid Luxury SUV,volvo,xc90,B5 Core,577,62252.50606585789
2026-04-01,Mid Luxury SUV,volvo,xc90,B5 Plus,1,54055.0
2026-04-01,Mid Luxury SUV,volvo,xc90,B5 Plus 6-Seater,63,67863.42857142857
2026-04-01,Mid Luxury SUV,volvo,xc90,B5 Plus 7-Seater,700,67271.96428571429
2026-04-01,Mid Luxury SUV,volvo,xc90,B5 Plus Bright Theme,1,48965.0
2026-04-01,Mid Luxury SUV,volvo,xc90,B5 Ultra 6-Seater,42,73017.0
2026-04-01,Mid Luxury SUV,volvo,xc90,B5 Ultra 7-Seater,34,71818.73529411765
2026-04-01,Mid Luxury SUV,volvo,xc90,B6 Core,175,66496.05747126437
2026-04-01,Mid Luxury SUV,volvo,xc90,B6 Plus 6-Seater,482,72330.40663900416
2026-04-01,Mid Luxury SUV,volvo,xc90,B6 Plus 6P,1,68955.0
2026-04-01,Mid Luxury SUV,volvo,xc90,B6 Plus 7-Seater,4061,71146.1521792662
2026-04-01,Mid Luxury SUV,volvo,xc90,B6 Plus 7P,20,61248.05
2026-04-01,Mid Luxury SUV,volvo,xc90,B6 Ultimate Bright Theme 7P,1,59075.0
2026-04-01,Mid Luxury SUV,volvo,xc90,B6 Ultra,12,71955.66666666667
2026-04-01,Mid Luxury SUV,volvo,xc90,B6 Ultra 6-Seater,186,77540.30107526881
2026-04-01,Mid Luxury SUV,volvo,xc90,B6 Ultra 6P,1,63240.0
2026-04-01,Mid Luxury SUV,volvo,xc90,B6 Ultra 7-Seater,2409,74951.09589041096
2026-04-01,Mid Luxury SUV,volvo,xc90,B6 Ultra 7P,4,74422.25
2026-04-01,Mid Luxury SUV,volvo,xc90,B6 Ultra Dark Theme 6-Seater,319,77197.16614420063
2026-04-01,Mid Luxury SUV,volvo,xc90,B6 Ultra Dark Theme 7-Seater,886,76567.94808126411
2026-04-01,Mid Luxury SUV,volvo,xc90,"Core, B5 AWD Gas (mild hybrid), Gasoline, Bright",5,61559.6
2026-04-01,Mid Luxury SUV,volvo,xc90,"Plus, B5 AWD Gas (mild hybrid), Gasoline, Bright",3,67284.33333333333
2026-04-01,Mid Luxury SUV,volvo,xc90,"Plus, B6 AWD Gas (mild hybrid), Gasoline, Bright",30,71298.5
2026-04-01,Mid Luxury SUV,volvo,xc90,"Plus, T8 AWD, Electric/Gasoline, Bright, 6 Seats",4,82079.25
2026-04-01,Mid Luxury SUV,volvo,xc90,"Plus, T8 AWD, Electric/Gasoline, Bright, 7 Seats",27,81726.4074074074
2026-04-01,Mid Luxury SUV,volvo,xc90,T8 Core,76,75826.23684210527
2026-04-01,Mid Luxury SUV,volvo,xc90,T8 Core 7-Seater,14,69950.21428571429
2026-04-01,Mid Luxury SUV,volvo,xc90,T8 Plus 6-Seater,196,81981.38265306123
2026-04-01,Mid Luxury SUV,volvo,xc90,T8 Plus 6P,8,67503.375
2026-04-01,Mid Luxury SUV,volvo,xc90,T8 Plus 7-Seater,1523,80858.84372948129
2026-04-01,Mid Luxury SUV,volvo,xc90,T8 Plus 7P,1,60299.0
2026-04-01,Mid Luxury SUV,volvo,xc90,T8 Plus Bright Theme 7P,7,71555.0
2026-04-01,Mid Luxury SUV,volvo,xc90,T8 Ultimate Bright Theme 6P,1,69075.0
2026-04-01,Mid Luxury SUV,volvo,xc90,T8 Ultimate Bright Theme 7P,1,69675.0
2026-04-01,Mid Luxury SUV,volvo,xc90,T8 Ultra 6-Seater,182,87644.85714285714
2026-04-01,Mid Luxury SUV,volvo,xc90,T8 Ultra 6P,2,82177.5
2026-04-01,Mid Luxury SUV,volvo,xc90,T8 Ultra 7-Seater,1162,85517.12908777969
2026-04-01,Mid Luxury SUV,volvo,xc90,T8 Ultra 7P,5,73263.6
2026-04-01,Mid Luxury SUV,volvo,xc90,T8 Ultra Dark Theme 6-Seater,191,87558.11518324607
2026-04-01,Mid Luxury SUV,volvo,xc90,T8 Ultra Dark Theme 7-Seater,323,87424.40866873066
2026-04-01,Mid Luxury SUV,volvo,xc90,"Ultra Dark Theme, T8 AWD, Electric/Gasoline, 6 S",4,89345.0
2026-04-01,Mid Luxury SUV,volvo,xc90,"Ultra Dark Theme, T8 AWD, Electric/Gasoline, 7 S",8,88963.875
2026-04-01,Mid Luxury SUV,volvo,xc90,"Ultra, B6 AWD Gas (mild hybrid), Gasoline, Brigh",4,75560.75
2026-04-01,Mid Luxury SUV,volvo,xc90,"Ultra, T8 AWD, Electric/Gasoline, Bright, 6 Seat",5,88472.0
2026-04-01,Mid Luxury SUV,volvo,xc90,"Ultra, T8 AWD, Electric/Gasoline, Bright, 7 Seat",20,85901.05
2026-04-01,Near Luxury Car,acura,tlx,SH-AWD w/A-SPEC,76,51733.78947368421
2026-04-01,Near Luxury Car,acura,tlx,w/Tech,84,46124.03658536585
2026-04-01,Near Luxury Car,alfa_romeo,giulia,Base,228,52522.21929824561
2026-04-01,Near Luxury Car,alfa_romeo,giulia,Quadrifoglio,4,86036.75
2026-04-01,Near Luxury Car,alfa_romeo,giulia,Sprint,118,47454.32203389831
2026-04-01,Near Luxury Car,alfa_romeo,giulia,Ti,6,43067.333333333336
2026-04-01,Near Luxury Car,alfa_romeo,giulia,Veloce,3,55434.0
2026-04-01,Near Luxury Car,audi,a5,Premium,185,52590.751351351355
2026-04-01,Near Luxury Car,audi,a5,Premium Plus,959,55350.99895724713
2026-04-01,Near Luxury Car,audi,a5,Premium Plus TFSI quattro S tronic,452,51416.036327433634
2026-04-01,Near Luxury Car,audi,a5,Premium TFSI quattro S tronic,178,48410.50623595505
2026-04-01,Near Luxury Car,audi,a5,Prestige,122,58338.07377049181
2026-04-01,Near Luxury Car,audi,a5,Prestige TFSI quattro S tronic,50,52943.095
2026-04-01,Near Luxury Car,audi,a5,quattro S line Prem Plus 45 TFSI,2,53422.5
2026-04-01,Near Luxury Car,audi,a5,quattro S line Premium 45 TFSI,2,52820.0
2026-04-01,Near Luxury Car,audi,s5,Premium,14,63446.07142857143
2026-04-01,Near Luxury Car,audi,s5,Premium Plus,362,72300.77348066299
2026-04-01,Near Luxury Car,audi,s5,Premium Plus TFSI quattro S tronic,279,66866.0788530466
2026-04-01,Near Luxury Car,audi,s5,Prestige,65,75212.32307692307
2026-04-01,Near Luxury Car,audi,s5,Prestige TFSI quattro S tronic,44,72451.20454545454
2026-04-01,Near Luxury Car,bmw,3_series,330i,877,54529.229190421895
2026-04-01,Near Luxury Car,bmw,3_series,330i NA,554,54673.379061371845
2026-04-01,Near Luxury Car,bmw,3_series,330i NA xDrive,567,56642.81305114638
2026-04-01,Near Luxury Car,bmw,3_series,330i xDrive,585,56824.53675213675
2026-04-01,Near Luxury Car,bmw,3_series,M340i NA,84,69748.15476190476
2026-04-01,Near Luxury Car,bmw,3_series,M340i NA xDrive,54,71929.46296296296
2026-04-01,Near Luxury Car,bmw,3_series,M340i xDrive,106,74580.06603773584
2026-04-01,Near Luxury Car,bmw,3_series,NA,324,54014.27777777778
2026-04-01,Near Luxury Car,bmw,3_series,xDrive,366,56160.83516483517
2026-04-01,Near Luxury Car,bmw,3_series,xDrive NA,473,55694.17124735729
2026-04-01,Near Luxury Car,bmw,4_series,430i,768,63131.975546875
2026-04-01,Near Luxury Car,bmw,4_series,430i xDrive,360,67093.25335195531
2026-04-01,Near Luxury Car,bmw,4_series,430i xDrive Gran Coupe,3,53725.0
2026-04-01,Near Luxury Car,bmw,4_series,M440i,243,74582.7653526971
2026-04-01,Near Luxury Car,bmw,4_series,M440i Gran Coupe,17,73173.88235294117
2026-04-01,Near Luxury Car,bmw,4_series,M440i xDrive,250,79622.67967611337
2026-04-01,Near Luxury Car,bmw,4_series,xDrive,231,66640.10930735932
2026-04-01,Near Luxury Car,bmw,4_series_gran_coupe,xDrive,305,65693.53803278689
2026-04-01,Near Luxury Car,bmw,m3,Base (M6),14,93176.07142857143
2026-04-01,Near Luxury Car,bmw,m3,Competition,18,94112.83333333333
2026-04-01,Near Luxury Car,bmw,m3,Competition xDrive,93,104471.97849462366
2026-04-01,Near Luxury Car,bmw,m3,NA,15,69464.13333333333
2026-04-01,Near Luxury Car,bmw,m3,xDrive,10,76172.9
2026-04-01,Near Luxury Car,bmw,m3,xDrive NA,1,69990.0
2026-04-01,Near Luxury Car,bmw,m4,Base,57,91003.43859649122
2026-04-01,Near Luxury Car,bmw,m4,Competition,277,103320.05054151625
2026-04-01,Near Luxury Car,bmw,m4,Competition xDrive,173,102749.61046511628
2026-04-01,Near Luxury Car,cadillac,ct5,Base,14,68460.92857142857
2026-04-01,Near Luxury Car,cadillac,ct5,Blackwing,1,124035.0
2026-04-01,Near Luxury Car,cadillac,ct5,Premium Luxury,67,52052.119402985074
2026-04-01,Near Luxury Car,cadillac,ct5,Premium Luxury RWD,1055,54917.41706161138
2026-04-01,Near Luxury Car,cadillac,ct5,Sport,45,53294.26666666667
2026-04-01,Near Luxury Car,cadillac,ct5,Sport RWD,709,56979.31029619182
2026-04-01,Near Luxury Car,cadillac,ct5,V-Series Blackwing RWD,125,128673.344
2026-04-01,Near Luxury Car,cadillac,ct5,V-Series RWD,657,67971.16742770167
2026-04-01,Near Luxury Car,genesis,g70,2.5T,5,43577.666666666664
2026-04-01,Near Luxury Car,genesis,g70,2.5T AWD,232,47671.57327586207
2026-04-01,Near Luxury Car,genesis,g70,2.5T Prestige,7,44391.71428571428
2026-04-01,Near Luxury Car,genesis,g70,2.5T RWD,255,45937.64705882353
2026-04-01,Near Luxury Car,genesis,g70,2.5T RWD Prestige,330,50886.36391437309
2026-04-01,Near Luxury Car,genesis,g70,2.5T Standard,52,44961.230769230766
2026-04-01,Near Luxury Car,genesis,g70,3.3T AWD Sport Prestige,820,54972.831501831504
2026-04-01,Near Luxury Car,genesis,g70,3.3T Prestige Graphite,155,60077.10322580645
2026-04-01,Near Luxury Car,genesis,g70,3.3T RWD Sport Prestige,315,55997.65714285714
2026-04-01,Near Luxury Car,genesis,g70,3.3T Sport Advanced,55,54125.8
2026-04-01,Near Luxury Car,lexus,es_series,Base,143,50021.73629370629
2026-04-01,Near Luxury Car,lexus,es_series,F SPORT Handling,7,54698.57142857143
2026-04-01,Near Luxury Car,lexus,es_series,Luxury,4,54242.7525
2026-04-01,Near Luxury Car,lexus,es_series,Premium,1,56916.0
2026-04-01,Near Luxury Car,lexus,es_series,Ultra Luxury,4,57466.25
2026-04-01,Near Luxury Car,lexus,is_series,Base,5,47379.4
2026-04-01,Near Luxury Car,lexus,is_series,F SPORT,1314,55747.75570776256
2026-04-01,Near Luxury Car,lexus,is_series,F SPORT Design,878,50116.96359908885
2026-04-01,Near Luxury Car,lexus,is_series,F SPORT Performance Ultimate Edition,1,82990.0
2026-04-01,Near Luxury Car,lexus,rc_series,F SPORT,12,61283.75
2026-04-01,Near Luxury Car,lexus,rc_series,Final Edition,3,94577.33333333333
2026-04-01,Near Luxury Car,mercedes_benz,c_class,AMG C 43,543,74199.23756906077
2026-04-01,Near Luxury Car,mercedes_benz,c_class,AMG C 63 S E Performance,41,101168.90243902439
2026-04-01,Near Luxury Car,mercedes_benz,c_class,C 300,1652,55133.86138014528
2026-04-01,Near Luxury Car,mercedes_benz,c_class,C 300 4MATIC,1848,57145.59686147186
2026-04-01,Near Luxury Car,volvo,s60_v60,B5 Core,4,45740.0
2026-04-01,Near Luxury Car,volvo,s60_v60,B5 Core Dark Theme,2,43787.0
2026-04-01,Near Luxury Car,volvo,s60_v60,B5 Plus,237,55862.56540084388
2026-04-01,Near Luxury Car,volvo,s60_v60,B5 Plus Dark Theme,2,42702.5
2026-04-01,Near Luxury Car,volvo,s60_v60,B5 Ultra,132,61417.583333333336
2026-04-01,Near Luxury Car,volvo,s60_v60,T8 Plus Dark Theme,1,54243.0
2026-04-01,Near Luxury Car,volvo,s60_v60,T8 Polestar Engineered,1,72645.0
2026-04-01,Near Luxury EV SUV,audi,q4_e_tron,Premium,12,57262.916666666664
2026-04-01,Near Luxury EV SUV,audi,q4_e_tron,Premium 45 RWD,1,52475.0
2026-04-01,Near Luxury EV SUV,audi,q4_e_tron,Premium 45 quattro,1,55215.0
2026-04-01,Near Luxury EV SUV,audi,q4_e_tron,quattro Premium 55 TFSI,2,59942.5
2026-04-01,Near Luxury EV SUV,audi,q4_e_tron,quattro Premium Plus 55,1,68780.0
2026-04-01,Near Luxury EV SUV,audi,q4_e_tron,quattro Premium Plus 55 TFSI,22,61356.27272727273
2026-04-01,Near Luxury EV SUV,audi,q4_e_tron,quattro Prestige 55 TFSI,1,66180.0
2026-04-01,Near Luxury EV SUV,cadillac,optiq,Luxury,420,54536.42857142857
2026-04-01,Near Luxury EV SUV,cadillac,optiq,Luxury 1 AWD,41,54561.34146341463
2026-04-01,Near Luxury EV SUV,cadillac,optiq,Luxury 2 AWD,29,56117.444444444445
2026-04-01,Near Luxury EV SUV,cadillac,optiq,Premium Luxury,217,58050.76958525346
2026-04-01,Near Luxury EV SUV,cadillac,optiq,Premium Sport,326,58651.79076923077
2026-04-01,Near Luxury EV SUV,cadillac,optiq,Sport,632,55950.22310126582
2026-04-01,Near Luxury EV SUV,cadillac,optiq,Sport 1 AWD,59,55425.27118644068
2026-04-01,Near Luxury EV SUV,cadillac,optiq,Sport 2 AWD,65,58254.63076923077
2026-04-01,Near Luxury EV SUV,cadillac,optiq,V-Series,78,75846.71794871795
2026-04-01,Near Luxury EV SUV,genesis,gv70_ev,Advanced,21,72025.19047619047
2026-04-01,Near Luxury EV SUV,genesis,gv70_ev,Advanced AWD,1,72747.0
2026-04-01,Near Luxury EV SUV,genesis,gv70_ev,Base,12,76237.33333333333
2026-04-01,Near Luxury EV SUV,genesis,gv70_ev,Prestige,1,76240.0
2026-04-01,Near Luxury EV SUV,genesis,gv70_ev,Standard,27,66418.74074074074
2026-04-01,Near Luxury EV SUV,lexus,rz_series,F SPORT,17,59551.23588235294
2026-04-01,Near Luxury EV SUV,lexus,rz_series,Luxury,22,55150.59090909091
2026-04-01,Near Luxury EV SUV,lexus,rz_series,Premium,680,51635.16098529412
2026-04-01,Near Luxury EV SUV,mercedes_benz,eqb,EQB 250+,1,58430.0
2026-04-01,Near Luxury EV SUV,mercedes_benz,eqb,EQB 300 4MATIC,8,57283.5
2026-04-01,Near Luxury EV SUV,mercedes_benz,eqb,EQB 350 4MATIC,2,64782.5
2026-04-01,Near Luxury EV SUV,porsche,macan_electric,4S,133,108761.65413533835
2026-04-01,Near Luxury EV SUV,porsche,macan_electric,GTS,58,123752.6551724138
2026-04-01,Near Luxury SUV,acura,rdx,A-Spec Advance,1,57499.0
2026-04-01,Near Luxury SUV,acura,rdx,Advance,2,55299.0
2026-04-01,Near Luxury SUV,acura,rdx,SH-AWD,34,46304.44117647059
2026-04-01,Near Luxury SUV,acura,rdx,SH-AWD w/A-SPEC,78,51802.653846153844
2026-04-01,Near Luxury SUV,acura,rdx,SH-AWD w/Advance,22,53944.90476190476
2026-04-01,Near Luxury SUV,acura,rdx,SH-AWD w/Advance w/A-SPEC,25,56081.125
2026-04-01,Near Luxury SUV,acura,rdx,SH-AWD w/Platinum Elite w/A-SPEC,2,56400.0
2026-04-01,Near Luxury SUV,acura,rdx,SH-AWD w/Tech,44,48718.53488372093
2026-04-01,Near Luxury SUV,acura,rdx,Technology,2,49749.5
2026-04-01,Near Luxury SUV,acura,rdx,w/A-Spec Advance Package,1583,56726.12128869235
2026-04-01,Near Luxury SUV,acura,rdx,w/A-Spec Package,1766,52626.86523216308
2026-04-01,Near Luxury SUV,acura,rdx,w/Advance Package,1753,54716.07644038791
2026-04-01,Near Luxury SUV,acura,rdx,w/Technology Package,2504,49551.42702918832
2026-04-01,Near Luxury SUV,alfa_romeo,stelvio,AWD,71,56608.19718309859
2026-04-01,Near Luxury SUV,alfa_romeo,stelvio,Base,92,54183.88043478261
2026-04-01,Near Luxury SUV,alfa_romeo,stelvio,Quadrifoglio,23,87460.34782608696
2026-04-01,Near Luxury SUV,alfa_romeo,stelvio,Special Edition Tributo Italiano AWD,8,56034.0
2026-04-01,Near Luxury SUV,alfa_romeo,stelvio,Sprint,199,53699.994974874375
2026-04-01,Near Luxury SUV,alfa_romeo,stelvio,Ti,2,40498.0
2026-04-01,Near Luxury SUV,alfa_romeo,stelvio,Veloce,1,45995.0
2026-04-01,Near Luxury SUV,audi,q5_sq5,2.0T Progressiv,170,61192.77647058824
2026-04-01,Near Luxury SUV,audi,q5_sq5,2.0T Technik,55,64921.43636363636
2026-04-01,Near Luxury SUV,audi,q5_sq5,Premium,424,55237.40566037736
2026-04-01,Near Luxury SUV,audi,q5_sq5,Premium Plus,1782,58772.629068462404
2026-04-01,Near Luxury SUV,audi,q5_sq5,Premium Plus TFSI quattro S tronic,1975,55659.87797468354
2026-04-01,Near Luxury SUV,audi,q5_sq5,Premium TFSI quattro S tronic,498,53172.98995983936
2026-04-01,Near Luxury SUV,audi,q5_sq5,Prestige,177,61148.5988700565
2026-04-01,Near Luxury SUV,audi,q5_sq5,Prestige 45 TFSI S line quattro S tronic,1,50967.0
2026-04-01,Near Luxury SUV,audi,q5_sq5,Prestige TFSI quattro S tronic,209,58515.17703349282
2026-04-01,Near Luxury SUV,audi,q5_sq5,e quattro S line Prem Pl 55 TFSI,4,60205.75
2026-04-01,Near Luxury SUV,audi,q5_sq5,e quattro S line Premium 55 TFSI,2,55625.0
2026-04-01,Near Luxury SUV,audi,q5_sq5,quattro Premium Plus 40 TFSI,1,55665.0
2026-04-01,Near Luxury SUV,audi,q5_sq5,quattro S line Prem Plus 45 TFSI,13,54575.692307692305
2026-04-01,Near Luxury SUV,audi,q5_sq5,quattro S line Premium 45 TFSI,1,54270.0
2026-04-01,Near Luxury SUV,audi,sq5,3.0 TFSI quattro Technik,1,68303.0
2026-04-01,Near Luxury SUV,audi,sq5,3.0T quattro Premium Plus,3,68373.33333333333
2026-04-01,Near Luxury SUV,audi,sq5,Premium,2,64383.5
2026-04-01,Near Luxury SUV,audi,sq5,Premium Plus,642,74835.79439252337
2026-04-01,Near Luxury SUV,audi,sq5,Premium Plus TFSI quattro S tronic,343,72907.57725947522
2026-04-01,Near Luxury SUV,audi,sq5,Presige TFSI quattro S tronic,19,79248.73684210527
2026-04-01,Near Luxury SUV,audi,sq5,Prestige,42,76433.11904761905
2026-04-01,Near Luxury SUV,audi,sq5,Prestige TFSI quattro S tronic,8,69135.0
2026-04-01,Near Luxury SUV,bmw,x3,30 xDrive,9514,59236.29104477612
2026-04-01,Near Luxury SUV,bmw,x3,M50 xDrive,457,74601.57111597374
2026-04-01,Near Luxury SUV,bmw,x3,sDrive30i,3,51270.0
2026-04-01,Near Luxury SUV,bmw,x4,Base,10,92347.6
2026-04-01,Near Luxury SUV,bmw,x4,xDrive30i,1,55613.0
2026-04-01,Near Luxury SUV,cadillac,xt4,Premium Luxury,8,45158.375
2026-04-01,Near Luxury SUV,cadillac,xt4,Sport,2,49465.0
2026-04-01,Near Luxury SUV,genesis,gv70,2.5T,574,52135.87390542907
2026-04-01,Near Luxury SUV,genesis,gv70,2.5T Advanced,2213,59386.48531405332
2026-04-01,Near Luxury SUV,genesis,gv70,2.5T Advanced Plus,2,48904.0
2026-04-01,Near Luxury SUV,genesis,gv70,2.5T Prestige,1,60634.0
2026-04-01,Near Luxury SUV,genesis,gv70,2.5T Select,954,54725.28571428572
2026-04-01,Near Luxury SUV,genesis,gv70,2.5T Sport Prestige,1813,62837.08108108108
2026-04-01,Near Luxury SUV,genesis,gv70,2.5T Standard,11,54277.181818181816
2026-04-01,Near Luxury SUV,genesis,gv70,3.5T Sport,88,62631.275862068964
2026-04-01,Near Luxury SUV,genesis,gv70,3.5T Sport Advanced,378,66931.97089947089
2026-04-01,Near Luxury SUV,genesis,gv70,3.5T Sport Prestige,1884,73626.63428874734
2026-04-01,Near Luxury SUV,infiniti,qx50,Luxe,21,44389.52380952381
2026-04-01,Near Luxury SUV,infiniti,qx50,Pure,1,44585.0
2026-04-01,Near Luxury SUV,infiniti,qx50,Sport,18,47622.35294117647
2026-04-01,Near Luxury SUV,infiniti,qx55,Essential,4,51753.75
2026-04-01,Near Luxury SUV,infiniti,qx55,Luxe,9,48132.444444444445
2026-04-01,Near Luxury SUV,infiniti,qx55,Sensory,1,57125.0
2026-04-01,Near Luxury SUV,jaguar,e_pace,P250 R-Dynamic SE,12,54105.27272727273
2026-04-01,Near Luxury SUV,land_rover,discovery_sport,Landmark,316,54721.49363057325
2026-04-01,Near Luxury SUV,land_rover,discovery_sport,P250 Dynamic SE,42,54077.357142857145
2026-04-01,Near Luxury SUV,land_rover,discovery_sport,P250 S,105,50947.52380952381
2026-04-01,Near Luxury SUV,land_rover,range_rover_evoque,Hoxton Edition,8,60857.25
2026-04-01,Near Luxury SUV,land_rover,range_rover_evoque,P250 Dynamic SE,218,62025.40366972477
2026-04-01,Near Luxury SUV,land_rover,range_rover_evoque,P250 S,401,56233.98
2026-04-01,Near Luxury SUV,lexus,nx_series,Base,700,60239.04191428572
2026-04-01,Near Luxury SUV,lexus,nx_series,F SPORT Handling,268,64282.6227238806
2026-04-01,Near Luxury SUV,lexus,nx_series,Luxury,490,59557.78930470348
2026-04-01,Near Luxury SUV,lexus,nx_series,Premium,1386,55181.367839595376
2026-04-01,Near Luxury SUV,maserati,grecale,Base,146,80207.67808219178
2026-04-01,Near Luxury SUV,maserati,grecale,Folgore,16,112998.4375
2026-04-01,Near Luxury SUV,maserati,grecale,GT,34,64640.55882352941
2026-04-01,Near Luxury SUV,maserati,grecale,Modena,382,90888.13612565445
2026-04-01,Near Luxury SUV,maserati,grecale,Trofeo,19,124176.15789473684
2026-04-01,Near Luxury SUV,mercedes_benz,benz_amg_glc,4MATIC,491,87555.18904081632
2026-04-01,Near Luxury SUV,mercedes_benz,glb,AMG GLB 35,359,66224.37604456824
2026-04-01,Near Luxury SUV,mercedes_benz,glb,GLB 250,2042,49728.115572967676
2026-04-01,Near Luxury SUV,mercedes_benz,glb,GLB 250 4MATIC,1867,53163.97857525442
2026-04-01,Near Luxury SUV,mercedes_benz,glc_class,4MATIC,377,67764.19363395225
2026-04-01,Near Luxury SUV,mercedes_benz,glc_class,4MATIC SUV,22,57698.28571428572
2026-04-01,Near Luxury SUV,mercedes_benz,glc_class,AMG GLC 43,1176,77052.92602040817
2026-04-01,Near Luxury SUV,mercedes_benz,glc_class,GLC 300,7742,58070.105140790496
2026-04-01,Near Luxury SUV,mercedes_benz,glc_class,GLC 300 4MATIC,7581,60287.897506925205
2026-04-01,Near Luxury SUV,mercedes_benz,glc_class,GLC 350e 4MATIC,32,66479.59375
2026-04-01,Near Luxury SUV,porsche,macan,4 Electric,488,101183.76229508196
2026-04-01,Near Luxury SUV,porsche,macan,Base,2978,81280.51914036265
2026-04-01,Near Luxury SUV,porsche,macan,Electric,297,95376.91245791246
2026-04-01,Near Luxury SUV,porsche,macan,Electric Turbo,95,134930.90526315788
2026-04-01,Near Luxury SUV,porsche,macan,GTS,320,114751.653125
2026-04-01,Near Luxury SUV,porsche,macan,S,1095,98207.50684931508
2026-04-01,Near Luxury SUV,porsche,macan,T,365,84076.23561643835
2026-04-01,Near Luxury SUV,porsche,macan,Turbo Electric,55,130590.74545454545
2026-04-01,Near Luxury SUV,volvo,xc60,B5 Core,849,51341.526501766784
2026-04-01,Near Luxury SUV,volvo,xc60,B5 Plus,3871,57558.06277447688
2026-04-01,Near Luxury SUV,volvo,xc60,B5 Ultra,1816,63985.40363436123
2026-04-01,Near Luxury SUV,volvo,xc60,B5 Ultra Black Edition,330,64916.393939393936
2026-04-01,Near Luxury SUV,volvo,xc60,"Black Edition Ultra, T8 AWD Electric/Gasoline, D",2,76230.0
2026-04-01,Near Luxury SUV,volvo,xc60,Plus Dark Theme,1080,59069.85648148148
2026-04-01,Near Luxury SUV,volvo,xc60,"Plus, T8 AWD Electric/Gasoline, Dark",8,69481.5
2026-04-01,Near Luxury SUV,volvo,xc60,"Polestar Engineered, T8 AWD Electric/Gasoline",1,84545.0
2026-04-01,Near Luxury SUV,volvo,xc60,T8 Core,93,61540.8064516129
2026-04-01,Near Luxury SUV,volvo,xc60,T8 Plus,721,68351.88072122053
2026-04-01,Near Luxury SUV,volvo,xc60,T8 Polestar Engineered,51,82473.3137254902
2026-04-01,Near Luxury SUV,volvo,xc60,T8 Ultra,719,75211.30180806675
2026-04-01,Near Luxury SUV,volvo,xc60,T8 Ultra Black Edition,197,76202.55329949239
2026-04-01,Near Luxury SUV,volvo,xc60,Ultra Dark Theme,623,66856.11717495987
2026-04-01,Near Luxury SUV,volvo,xc60,"Ultra, T8 AWD Electric/Gasoline, Dark",8,75828.625
2026-04-01,Near Luxury SUV,volvo,xc60_recharge,T8 Core Dark Theme,1,50280.0
2026-04-01,Near Luxury SUV,volvo,xc60_recharge,T8 Plus Dark Theme,14,47888.5
2026-04-01,Near Luxury SUV,volvo,xc60_recharge,T8 Polestar Engineered,1,68635.0
2026-04-01,Premium Luxury Car,audi,a8_s8,4.0T quattro,79,133298.13924050634
2026-04-01,Premium Luxury Car,audi,a8_s8,55 TFSI quattro Tiptronic,109,97712.95412844037
2026-04-01,Premium Luxury Car,audi,a8_s8,quattro 55 TFSI,12,95239.0
2026-04-01,Premium Luxury Car,bentley,flying_spur,Azure Hybrid,1,293964.0
2026-04-01,Premium Luxury Car,bentley,flying_spur,Black Edition,9,311943.8888888889
2026-04-01,Premium Luxury Car,bentley,flying_spur,Speed,11,326757.6
2026-04-01,Premium Luxury Car,bentley,flying_spur,Speed First Edition,17,339345.1176470588
2026-04-01,Premium Luxury Car,bmw,7_series,740i,275,108995.24727272727
2026-04-01,Premium Luxury Car,bmw,7_series,740i xDrive,194,111793.01030927835
2026-04-01,Premium Luxury Car,bmw,7_series,750e xDrive,317,120966.11041009464
2026-04-01,Premium Luxury Car,bmw,7_series,760i xDrive,388,138547.48453608248
2026-04-01,Premium Luxury Car,bmw,7_series,xDrive,360,125607.78847222222
2026-04-01,Premium Luxury Car,genesis,g90,3.5T,23,93184.26086956522
2026-04-01,Premium Luxury Car,genesis,g90,3.5T E-SC MHEV AWD,308,103496.59090909091
2026-04-01,Premium Luxury Car,genesis,g90,3.5T E-SC Prestige Black AWD,1,107895.0
2026-04-01,Premium Luxury Car,genesis,g90,3.5T e-Supercharger,88,102608.57954545454
2026-04-01,Premium Luxury Car,genesis,g90,e-SC Prestige Black,140,106153.2357142857
2026-04-01,Premium Luxury Car,lexus,ls_series,Base,1,95556.0
2026-04-01,Premium Luxury Car,maserati,quattroporte,Modena Q4,2,97997.5
2026-04-01,Premium Luxury Car,maserati,quattroporte,Modena Ultima Q4,7,103758.14285714286
2026-04-01,Premium Luxury Car,mercedes_benz,s_class,AMG S 63 E Performance,341,211164.58944281525
2026-04-01,Premium Luxury Car,mercedes_benz,s_class,Maybach S 680,23,267923.04347826086
2026-04-01,Premium Luxury Car,mercedes_benz,s_class,Mercedes-Maybach S 580 4MATIC,69,222698.14492753622
2026-04-01,Premium Luxury Car,mercedes_benz,s_class,Mercedes-Maybach S 680 4MATIC,5,293475.4
2026-04-01,Premium Luxury Car,mercedes_benz,s_class,S 500 4MATIC,272,131150.01102941178
2026-04-01,Premium Luxury Car,mercedes_benz,s_class,S 580 4MATIC,1064,145538.20864661655
2026-04-01,Premium Luxury Car,mercedes_benz,s_class,S 580e 4MATIC,80,140321.6125
2026-04-01,Premium Luxury Car,porsche,panamera,4,512,143842.603515625
2026-04-01,Premium Luxury Car,porsche,panamera,4 E-Hybrid,41,149952.48780487804
2026-04-01,Premium Luxury Car,porsche,panamera,4S,6,172489.16666666666
2026-04-01,Premium Luxury Car,porsche,panamera,4S E-Hybrid,1,171459.0
2026-04-01,Premium Luxury Car,porsche,panamera,Base,204,135386.1568627451
2026-04-01,Premium Luxury Car,porsche,panamera,GTS,50,192196.44
2026-04-01,Premium Luxury Car,porsche,panamera,Turbo,10,239694.8
2026-04-01,Premium Luxury Car,porsche,panamera,Turbo E-Hybrid,6,236636.5
2026-04-01,Premium Luxury Car,porsche,panamera,Turbo S E-Hybrid,2,278080.0
2026-04-01,Premium Luxury Car,rolls_royce,ghost,Base,4,431473.0
2026-04-01,Premium Luxury Car,rolls_royce,ghost,Black Badge,8,501218.5
2026-04-01,Premium Luxury Car,rolls_royce,phantom,Base,4,708761.0
2026-05-01,Entry Luxury EV SUV,genesis,gv60,"19""""",33,56558.21875
2026-05-01,Entry Luxury EV SUV,genesis,gv60,Advanced,3,58340.0
2026-05-01,Entry Luxury EV SUV,genesis,gv60,"Advanced 20""""",71,60049.23943661972
2026-05-01,Entry Luxury EV SUV,genesis,gv60,Performance,60,71634.1
2026-05-01,Entry Luxury EV SUV,genesis,gv60,RWD,70,52671.75714285715
2026-05-01,Entry Luxury EV SUV,genesis,gv60,Standard,15,48776.46666666667
2026-05-01,Entry Luxury EV SUV,volvo,ex30,Cross Country Ultra,437,50100.60640732265
2026-05-01,Entry Luxury EV SUV,volvo,ex30,"Cross Country Ultra, Twin Motor Performance, Ful",31,50632.7
2026-05-01,Entry Luxury EV SUV,volvo,ex30,Plus,21,40756.28571428572
2026-05-01,Entry Luxury EV SUV,volvo,ex30,"Plus Twin Motor Performance, Fully electric",425,46130.809411764705
2026-05-01,Entry Luxury EV SUV,volvo,ex30,"Plus, Single Motor, Fuly electric",61,40083.72131147541
2026-05-01,Entry Luxury EV SUV,volvo,ex30,Twin Motor Plus,52,45754.53846153846
2026-05-01,Entry Luxury EV SUV,volvo,ex30,Twin Motor Ultra,22,47237.27272727273
2026-05-01,Entry Luxury EV SUV,volvo,ex30,Ultra,175,48236.78857142857
2026-05-01,Entry Luxury EV SUV,volvo,ex30,"Ultra Twin Motor Performance, Fully electric",315,47962.32698412699
2026-05-01,Entry Luxury EV SUV,volvo,ex40,"Plus, Twin Motor, Fully electric",1,53495.0
2026-05-01,Entry Luxury EV SUV,volvo,ex40,Single Motor Extended Range Plus,33,58242.48484848485
2026-05-01,Entry Luxury EV SUV,volvo,ex40,Twin Motor Core,2,44840.5
2026-05-01,Entry Luxury EV SUV,volvo,ex40,Twin Motor Plus,35,58772.26470588235
2026-05-01,Entry Luxury EV SUV,volvo,ex40,Twin Motor Ultra Black Edition,16,62479.875
2026-05-01,Mid Luxury Car,audi,a6_e_tron,Premium,26,65801.69230769231
2026-05-01,Mid Luxury Car,audi,a6_e_tron,Premium Plus,64,73386.3125
2026-05-01,Mid Luxury Car,audi,a6_e_tron,Prestige,7,76897.14285714286
2026-05-01,Mid Luxury Car,audi,a6_s6,2.9T quattro Prestige,1,84725.0
2026-05-01,Mid Luxury Car,audi,a6_s6,4.0T quattro Avant performance,1,148312.0
2026-05-01,Mid Luxury Car,audi,a6_s6,Premium Plus quattro S tronic,1597,69098.78835316218
2026-05-01,Mid Luxury Car,audi,a6_s6,Premium quattro S tronic,113,64423.94690265487
2026-05-01,Mid Luxury Car,audi,a6_s6,Prestige TFSI quattro Tiptronic,1,76974.0
2026-05-01,Mid Luxury Car,audi,a6_s6,Prestige quattro S tronic,103,75799.32038834952
2026-05-01,Mid Luxury Car,audi,a6_s6,Technik,386,74898.8031088083
2026-05-01,Mid Luxury Car,audi,a6_s6,quattro Premium 45 TFSI,2,54155.5
2026-05-01,Mid Luxury Car,audi,a6_s6,quattro Premium Plus 45 TFSI,5,59301.0
2026-05-01,Mid Luxury Car,audi,a6_s6,quattro Prestige 55 TFSI,7,73512.0
2026-05-01,Mid Luxury Car,audi,a6_s6,quattro tiptronic,15,147329.33333333334
2026-05-01,Mid Luxury Car,audi,a7_s7,2.9T quattro Prestige,1,99810.0
2026-05-01,Mid Luxury Car,audi,a7_s7,quattro Premium 55 TFSI,1,70773.0
2026-05-01,Mid Luxury Car,audi,a7_s7,quattro Premium Plus 55 TFSI,2,79283.5
2026-05-01,Mid Luxury Car,audi,a7_s7_rs_7,4.0T quattro performance,18,139713.27777777778
2026-05-01,Mid Luxury Car,audi,a7_s7_rs_7,quattro tiptronic,47,148819.29787234042
2026-05-01,Mid Luxury Car,bmw,5_series,530i,1285,69759.67782101168
2026-05-01,Mid Luxury Car,bmw,5_series,530i xDrive,883,71361.26840317101
2026-05-01,Mid Luxury Car,bmw,5_series,540i xDrive,186,81042.30645161291
2026-05-01,Mid Luxury Car,bmw,5_series,550e xDrive,365,86606.48219178081
2026-05-01,Mid Luxury Car,bmw,5_series,xDrive,530,72015.77571698114
2026-05-01,Mid Luxury Car,bmw,m5,Base,304,134818.80592105264
2026-05-01,Mid Luxury Car,bmw,m5,Base (A8),99,138203.77777777778
2026-05-01,Mid Luxury Car,bmw,m5,Touring,12,142841.0909090909
2026-05-01,Mid Luxury Car,genesis,g80,2.5T,197,68241.2538071066
2026-05-01,Mid Luxury Car,genesis,g80,2.5T Advanced,194,66650.10824742269
2026-05-01,Mid Luxury Car,genesis,g80,2.5T Sport Prestige,156,72814.67948717948
2026-05-01,Mid Luxury Car,genesis,g80,3.5T Prestige Black,172,81980.53488372093
2026-05-01,Mid Luxury Car,genesis,g80,3.5T Sport,30,72439.36666666667
2026-05-01,Mid Luxury Car,genesis,g80,3.5T Sport Advanced,11,66145.54545454546
2026-05-01,Mid Luxury Car,genesis,g80,3.5T Sport Prestige,233,80991.55364806867
2026-05-01,Mid Luxury Car,genesis,g80,Advanced,1,59336.0
2026-05-01,Mid Luxury Car,jaguar,xf,P250 R-Dynamic SE,1,52618.0
2026-05-01,Mid Luxury Car,jaguar,xf,P300 R-Dynamic SE,118,53133.38983050847
2026-05-01,Mid Luxury Car,maserati,ghibli,Modena Q4,4,89276.25
2026-05-01,Mid Luxury Car,maserati,ghibli,Modena Ultima Q4,15,103750.6
2026-05-01,Mid Luxury Car,mercedes_benz,cle,AMG CLE 53,744,93966.575
2026-05-01,Mid Luxury Car,mercedes_benz,cle,CLE 300,2,75896.0
2026-05-01,Mid Luxury Car,mercedes_benz,cle,CLE 300 4MATIC,1069,72742.9715434986
2026-05-01,Mid Luxury Car,mercedes_benz,cle,CLE 450 4MATIC,4,74078.75
2026-05-01,Mid Luxury Car,mercedes_benz,e_class,AMG E 53,618,108244.29045307444
2026-05-01,Mid Luxury Car,mercedes_benz,e_class,E 350,1142,72487.24518388792
2026-05-01,Mid Luxury Car,mercedes_benz,e_class,E 350 4MATIC,911,75333.34028540066
2026-05-01,Mid Luxury Car,mercedes_benz,e_class,E 450 4MATIC,524,83811.22328244275
2026-05-01,Mid Luxury Car,mercedes_benz,e_class,E 450 4MATIC All-Terrain,122,87216.04098360655
2026-05-01,Mid Luxury Car,volvo,s90,B6 Plus,5,52930.0
2026-05-01,Mid Luxury Car,volvo,s90,T8 Ultimate,2,68506.0
2026-05-01,Mid Luxury Car,volvo,s90,T8 Ultra,1,58944.0
2026-05-01,Mid Luxury Car,volvo,v90,B6 Ultra,1,76229.0
2026-05-01,Mid Luxury SUV,acura,mdx,Base,193,53925.635416666664
2026-05-01,Mid Luxury SUV,acura,mdx,SH-AWD,907,56074.77839029769
2026-05-01,Mid Luxury SUV,acura,mdx,SH-AWD Type S w/Advance Package,1551,77987.65183752417
2026-05-01,Mid Luxury SUV,acura,mdx,SH-AWD w/A-SPEC,299,64401.9932885906
2026-05-01,Mid Luxury SUV,acura,mdx,SH-AWD w/Advance,60,69472.15254237287
2026-05-01,Mid Luxury SUV,acura,mdx,SH-AWD w/Platinum Elite w/A-Spec,66,70790.11666666667
2026-05-01,Mid Luxury SUV,acura,mdx,SH-AWD w/Tech,2197,61317.65953573054
2026-05-01,Mid Luxury SUV,acura,mdx,Type S Advance Package,5,77653.4
2026-05-01,Mid Luxury SUV,acura,mdx,w/A-Spec Advance Package,1914,70992.16823406478
2026-05-01,Mid Luxury SUV,acura,mdx,w/A-Spec Package,1741,64440.01435956347
2026-05-01,Mid Luxury SUV,acura,mdx,w/Advance Package,81,68944.29629629629
2026-05-01,Mid Luxury SUV,acura,mdx,w/Tech,16,57853.86666666667
2026-05-01,Mid Luxury SUV,acura,mdx,w/Technology Package,1589,59374.86910006293
2026-05-01,Mid Luxury SUV,audi,q7,Premium,39,65819.97435897436
2026-05-01,Mid Luxury SUV,audi,q7,Premium Plus S line TFSI quattro tiptronic,1,72225.0
2026-05-01,Mid Luxury SUV,audi,q7,Premium Plus TFSI quattro tiptronic,25,72312.16
2026-05-01,Mid Luxury SUV,audi,q7,Prestige,34,82201.5
2026-05-01,Mid Luxury SUV,audi,q7,Prestige 55 TFSI quattro tiptronic,201,80957.96517412935
2026-05-01,Mid Luxury SUV,audi,q7,quattro 55 TFSI,31,68401.12903225806
2026-05-01,Mid Luxury SUV,audi,q7,quattro Premium 45 TFSI,453,62048.09933774835
2026-05-01,Mid Luxury SUV,audi,q7,quattro Premium 55 TFSI,69,66442.15942028986
2026-05-01,Mid Luxury SUV,audi,q7,quattro Premium Plus 45 TFSI,374,66057.03475935828
2026-05-01,Mid Luxury SUV,audi,q7,quattro Premium Plus 55 TFSI,1348,72205.3590504451
2026-05-01,Mid Luxury SUV,audi,q7,quattro Prestige 55 TFSI,27,77863.5925925926
2026-05-01,Mid Luxury SUV,audi,q7,quattro Progressiv 55 TFSI,167,72896.67065868263
2026-05-01,Mid Luxury SUV,audi,q7_sq7,4.0T quattro Premium Plus,71,98654.1690140845
2026-05-01,Mid Luxury SUV,audi,q7_sq7,4.0T quattro Prestige,58,110587.87931034483
2026-05-01,Mid Luxury SUV,audi,q7_sq7,Prestige,71,98942.95774647887
2026-05-01,Mid Luxury SUV,bmw,x5,Competition,371,143433.72237196765
2026-05-01,Mid Luxury SUV,bmw,x5,M60i,1346,106126.38112927192
2026-05-01,Mid Luxury SUV,bmw,x5,sDrive40i,2497,79848.3420104125
2026-05-01,Mid Luxury SUV,bmw,x5,xDrive40i,7624,82697.71799580273
2026-05-01,Mid Luxury SUV,bmw,x5,xDrive50e,4547,87266.66593358258
2026-05-01,Mid Luxury SUV,bmw,x5_xdrive45e,Competition,104,148049.25961538462
2026-05-01,Mid Luxury SUV,bmw,x6,M60i,261,109983.9846743295
2026-05-01,Mid Luxury SUV,bmw,x6,xDrive40i,1172,89826.7866894198
2026-05-01,Mid Luxury SUV,cadillac,xt5,Luxury,79,44960.645569620254
2026-05-01,Mid Luxury SUV,cadillac,xt5,Luxury AWD,337,48519.373887240356
2026-05-01,Mid Luxury SUV,cadillac,xt5,Luxury FWD,302,46250.01655629139
2026-05-01,Mid Luxury SUV,cadillac,xt5,Premium Luxury,354,53713.61538461538
2026-05-01,Mid Luxury SUV,cadillac,xt5,Premium Luxury AWD,1347,59909.430586488495
2026-05-01,Mid Luxury SUV,cadillac,xt5,Premium Luxury FWD,1298,58622.854391371344
2026-05-01,Mid Luxury SUV,cadillac,xt5,Sport,58,61083.6724137931
2026-05-01,Mid Luxury SUV,cadillac,xt5,Sport AWD,363,66453.61707988981
2026-05-01,Mid Luxury SUV,cadillac,xt6,Luxury,106,48906.75471698113
2026-05-01,Mid Luxury SUV,cadillac,xt6,Premium Luxury,161,60485.913043478264
2026-05-01,Mid Luxury SUV,cadillac,xt6,Sport,39,65178.743589743586
2026-05-01,Mid Luxury SUV,genesis,gv80,2.5T,4,63697.0
2026-05-01,Mid Luxury SUV,genesis,gv80,2.5T AWD,114,62986.38596491228
2026-05-01,Mid Luxury SUV,genesis,gv80,2.5T Advanced,883,71557.93431483579
2026-05-01,Mid Luxury SUV,genesis,gv80,2.5T Prestige,837,76348.8947368421
2026-05-01,Mid Luxury SUV,genesis,gv80,2.5T Select,434,66795.42725173211
2026-05-01,Mid Luxury SUV,genesis,gv80,2.5T Standard,7,60119.28571428572
2026-05-01,Mid Luxury SUV,genesis,gv80,2.5T Standard AWD,113,60867.71681415929
2026-05-01,Mid Luxury SUV,genesis,gv80,3.5T,6,75429.66666666667
2026-05-01,Mid Luxury SUV,genesis,gv80,3.5T Advanced,558,77718.76353790614
2026-05-01,Mid Luxury SUV,genesis,gv80,3.5T Prestige Black AWD,681,85047.4610866373
2026-05-01,Mid Luxury SUV,genesis,gv80,3.5T Prestige Signature,2010,84015.65671641791
2026-05-01,Mid Luxury SUV,genesis,gv80_coupe,3.5T,57,84554.29824561403
2026-05-01,Mid Luxury SUV,genesis,gv80_coupe,3.5T E-SC,721,90304.93897364772
2026-05-01,Mid Luxury SUV,genesis,gv80_coupe,3.5T E-SC MHEV AWD,88,90646.84090909091
2026-05-01,Mid Luxury SUV,genesis,gv80_coupe,3.5T V6 AWD,2,82035.0
2026-05-01,Mid Luxury SUV,genesis,gv80_coupe,3.5T e-SC Prestige Black,255,92255.81568627451
2026-05-01,Mid Luxury SUV,ineos,grenadier,1924 Limited Edition,244,86489.39344262295
2026-05-01,Mid Luxury SUV,ineos,grenadier,Base,63,84381.06349206349
2026-05-01,Mid Luxury SUV,ineos,grenadier,Fieldmaster,4,71604.66666666667
2026-05-01,Mid Luxury SUV,ineos,grenadier,Fieldmaster Edition,526,87741.4144486692
2026-05-01,Mid Luxury SUV,ineos,grenadier,Grenadier,5,81735.4
2026-05-01,Mid Luxury SUV,ineos,grenadier,Trialmaster,1,74999.0
2026-05-01,Mid Luxury SUV,infiniti,qx60,Autograph,1306,68409.8897396631
2026-05-01,Mid Luxury SUV,infiniti,qx60,Luxe,2869,59749.345416521435
2026-05-01,Mid Luxury SUV,infiniti,qx60,Pure,128,51604.328125
2026-05-01,Mid Luxury SUV,infiniti,qx60,SPORT,984,62331.40548780488
2026-05-01,Mid Luxury SUV,infiniti,qx60,SPORT AWD,2,61774.5
2026-05-01,Mid Luxury SUV,infiniti,qx60,Sensory,1,52995.0
2026-05-01,Mid Luxury SUV,infiniti,qx65,AUTOGRAPH,161,67016.32919254659
2026-05-01,Mid Luxury SUV,infiniti,qx65,LUXE,29,56648.68965517241
2026-05-01,Mid Luxury SUV,infiniti,qx65,SPORT,63,60061.93650793651
2026-05-01,Mid Luxury SUV,jaguar,f_pace,P250 R-Dynamic S,742,65446.66846361186
2026-05-01,Mid Luxury SUV,jaguar,f_pace,P400 R-Dynamic S,233,76648.35193133047
2026-05-01,Mid Luxury SUV,jaguar,f_pace,SVR 575 EDITION,57,98509.58928571429
2026-05-01,Mid Luxury SUV,land_rover,defender,110 P300 S,927,75833.98921251348
2026-05-01,Mid Luxury SUV,land_rover,defender,110 P400 S,13,79287.15384615384
2026-05-01,Mid Luxury SUV,land_rover,defender,110 P400 X,2,95139.0
2026-05-01,Mid Luxury SUV,land_rover,defender,110 P400 X-Dynamic SE,1557,89692.6782273603
2026-05-01,Mid Luxury SUV,land_rover,defender,110 P500 X-Dynamic SE,140,114811.10714285714
2026-05-01,Mid Luxury SUV,land_rover,defender,110 V8 P500 SE,3,101521.33333333333
2026-05-01,Mid Luxury SUV,land_rover,defender,110 V8 P525,153,126249.0197368421
2026-05-01,Mid Luxury SUV,land_rover,defender,130 P300 S,380,86849.23421052631
2026-05-01,Mid Luxury SUV,land_rover,defender,130 P400 Outbound,1,82987.0
2026-05-01,Mid Luxury SUV,land_rover,defender,130 P400 S,14,87735.64285714286
2026-05-01,Mid Luxury SUV,land_rover,defender,130 P400 X,1,109628.0
2026-05-01,Mid Luxury SUV,land_rover,defender,130 P400 X-Dynamic SE,659,99495.46433990895
2026-05-01,Mid Luxury SUV,land_rover,defender,130 P500 V8,18,121077.5
2026-05-01,Mid Luxury SUV,land_rover,defender,130 V8 P500,138,132907.36956521738
2026-05-01,Mid Luxury SUV,land_rover,defender,90 P300 S,5,67161.2
2026-05-01,Mid Luxury SUV,land_rover,defender,90 P400 X-Dynamic SE,11,80709.27272727272
2026-05-01,Mid Luxury SUV,land_rover,defender,90 P525 V8,1,115036.0
2026-05-01,Mid Luxury SUV,land_rover,defender,90 V8 Carpathian Edition,1,118948.0
2026-05-01,Mid Luxury SUV,land_rover,defender,OCTA,295,174175.60204081633
2026-05-01,Mid Luxury SUV,land_rover,defender,P300 S,3,83229.0
2026-05-01,Mid Luxury SUV,land_rover,defender,P400 Outbound,9,103636.66666666667
2026-05-01,Mid Luxury SUV,land_rover,defender,P400 Trophy Edition Keswick,40,99008.65
2026-05-01,Mid Luxury SUV,land_rover,defender,P400 X,181,109159.86187845304
2026-05-01,Mid Luxury SUV,land_rover,defender,P400 X-Dynamic SE,13,94159.46153846153
2026-05-01,Mid Luxury SUV,land_rover,defender,P525 V8,37,121942.24324324324
2026-05-01,Mid Luxury SUV,land_rover,defender,P635 OCTA,7,172555.0
2026-05-01,Mid Luxury SUV,land_rover,defender,P635 OCTA Black,132,180271.36363636365
2026-05-01,Mid Luxury SUV,land_rover,defender,S,47,79311.0
2026-05-01,Mid Luxury SUV,land_rover,defender,X,18,108080.5
2026-05-01,Mid Luxury SUV,land_rover,defender,X-Dynamic SE,148,91945.5472972973
2026-05-01,Mid Luxury SUV,land_rover,discovery,Gemini Edition,225,80163.78222222222
2026-05-01,Mid Luxury SUV,land_rover,discovery,P300 Dynamic SE,180,74094.4
2026-05-01,Mid Luxury SUV,land_rover,discovery,P300 S,171,67456.38823529411
2026-05-01,Mid Luxury SUV,land_rover,discovery,P360 Dynamic SE,34,75156.32352941176
2026-05-01,Mid Luxury SUV,land_rover,discovery,P360 Metropolitan,12,79611.5
2026-05-01,Mid Luxury SUV,land_rover,discovery,Tempest Edition,38,91196.26315789473
2026-05-01,Mid Luxury SUV,land_rover,range_rover_velar,Autobiography,11,89489.45454545454
2026-05-01,Mid Luxury SUV,land_rover,range_rover_velar,Belgravia Edition,231,74158.48051948052
2026-05-01,Mid Luxury SUV,land_rover,range_rover_velar,Dynamic SE,446,75409.91704035875
2026-05-01,Mid Luxury SUV,land_rover,range_rover_velar,P250 Dynamic SE,258,73998.33333333333
2026-05-01,Mid Luxury SUV,land_rover,range_rover_velar,P250 S,254,68489.3346456693
2026-05-01,Mid Luxury SUV,land_rover,range_rover_velar,P400 Autobiography,12,89699.33333333333
2026-05-01,Mid Luxury SUV,land_rover,range_rover_velar,P400 Dynamic HSE,4,82985.0
2026-05-01,Mid Luxury SUV,land_rover,range_rover_velar,P400 Dynamic SE,80,79899.95
2026-05-01,Mid Luxury SUV,land_rover,range_rover_velar,S,214,69091.54205607477
2026-05-01,Mid Luxury SUV,lexus,gx_series,Luxury+,250,88450.412
2026-05-01,Mid Luxury SUV,lexus,gx_series,Overtrail,2,78123.0
2026-05-01,Mid Luxury SUV,lexus,gx_series,Overtrail+,122,86056.15573770492
2026-05-01,Mid Luxury SUV,lexus,gx_series,Premium+,195,76507.35384615384
2026-05-01,Mid Luxury SUV,lexus,rx_series,Base,82,61452.670853658536
2026-05-01,Mid Luxury SUV,lexus,rx_series,F SPORT Design,245,63324.034408163265
2026-05-01,Mid Luxury SUV,lexus,rx_series,F SPORT Handling,65,67386.32307692307
2026-05-01,Mid Luxury SUV,lexus,rx_series,F SPORT Performance,279,76699.34050179212
2026-05-01,Mid Luxury SUV,lexus,rx_series,Luxury,1480,72414.91299324327
2026-05-01,Mid Luxury SUV,lexus,rx_series,Premium,1133,61237.48694616063
2026-05-01,Mid Luxury SUV,lexus,rx_series,Premium+,3559,63361.58493677998
2026-05-01,Mid Luxury SUV,lexus,tx,Base,8,61335.5
2026-05-01,Mid Luxury SUV,lexus,tx,F SPORT Handling,51,76615.05882352941
2026-05-01,Mid Luxury SUV,lexus,tx,F SPORT Performance Luxury,92,80974.77173913043
2026-05-01,Mid Luxury SUV,lexus,tx,F SPORT Performance Premium,634,76175.28391167193
2026-05-01,Mid Luxury SUV,lexus,tx,Luxury,1019,75124.09888125613
2026-05-01,Mid Luxury SUV,lexus,tx,Premium,2695,66571.48756957328
2026-05-01,Mid Luxury SUV,lincoln,aviator,Black Label,430,86385.9023255814
2026-05-01,Mid Luxury SUV,lincoln,aviator,Livery,19,61006.26315789474
2026-05-01,Mid Luxury SUV,lincoln,aviator,Premiere,2202,61152.234786557674
2026-05-01,Mid Luxury SUV,lincoln,aviator,Reserve,2724,72914.33566176471
2026-05-01,Mid Luxury SUV,lincoln,nautilus,Black Label,528,77416.30871212122
2026-05-01,Mid Luxury SUV,lincoln,nautilus,Premiere,4082,58256.14086232239
2026-05-01,Mid Luxury SUV,lincoln,nautilus,Reserve,3120,66125.20224358974
2026-05-01,Mid Luxury SUV,mercedes_benz,benz_amg_gle,4MATIC+,1691,102149.34108811355
2026-05-01,Mid Luxury SUV,mercedes_benz,benz_amg_gle,S 4MATIC+,550,143817.3127272727
2026-05-01,Mid Luxury SUV,mercedes_benz,gle_class,4MATIC,469,84243.04126609443
2026-05-01,Mid Luxury SUV,mercedes_benz,gle_class,AMG GLE 53,869,101861.73417721518
2026-05-01,Mid Luxury SUV,mercedes_benz,gle_class,AMG GLE 63 S,342,142872.40643274854
2026-05-01,Mid Luxury SUV,mercedes_benz,gle_class,GLE 350,2209,72617.59755545495
2026-05-01,Mid Luxury SUV,mercedes_benz,gle_class,GLE 350 4MATIC,6690,75541.23572496264
2026-05-01,Mid Luxury SUV,mercedes_benz,gle_class,GLE 450 4MATIC,6382,83831.40269507992
2026-05-01,Mid Luxury SUV,mercedes_benz,gle_class,GLE 450e 4MATIC,7,76022.42857142857
2026-05-01,Mid Luxury SUV,mercedes_benz,gle_class,GLE 580 4MATIC,401,101346.65835411471
2026-05-01,Mid Luxury SUV,volvo,xc90,B5 Core,554,62328.25631768953
2026-05-01,Mid Luxury SUV,volvo,xc90,B5 Plus 6-Seater,54,67823.46296296296
2026-05-01,Mid Luxury SUV,volvo,xc90,B5 Plus 7-Seater,657,67112.03196347032
2026-05-01,Mid Luxury SUV,volvo,xc90,B5 Plus Bright Theme,1,48965.0
2026-05-01,Mid Luxury SUV,volvo,xc90,B5 Ultra 6-Seater,40,73290.625
2026-05-01,Mid Luxury SUV,volvo,xc90,B5 Ultra 7-Seater,26,72287.23076923077
2026-05-01,Mid Luxury SUV,volvo,xc90,B6 Core,153,66811.36842105263
2026-05-01,Mid Luxury SUV,volvo,xc90,B6 Plus 6-Seater,471,72262.69002123142
2026-05-01,Mid Luxury SUV,volvo,xc90,B6 Plus 6P,1,57995.0
2026-05-01,Mid Luxury SUV,volvo,xc90,B6 Plus 7-Seater,3926,70995.94931227712
2026-05-01,Mid Luxury SUV,volvo,xc90,B6 Plus 7P,15,63695.4
2026-05-01,Mid Luxury SUV,volvo,xc90,B6 Ultimate Bright Theme 7P,1,59075.0
2026-05-01,Mid Luxury SUV,volvo,xc90,B6 Ultra,11,71835.63636363637
2026-05-01,Mid Luxury SUV,volvo,xc90,B6 Ultra 6-Seater,178,77789.15168539326
2026-05-01,Mid Luxury SUV,volvo,xc90,B6 Ultra 6P,1,63240.0
2026-05-01,Mid Luxury SUV,volvo,xc90,B6 Ultra 7-Seater,2255,74653.04922394679
2026-05-01,Mid Luxury SUV,volvo,xc90,B6 Ultra 7P,3,72591.66666666667
2026-05-01,Mid Luxury SUV,volvo,xc90,B6 Ultra Dark Theme 6-Seater,339,77428.76627218934
2026-05-01,Mid Luxury SUV,volvo,xc90,B6 Ultra Dark Theme 7-Seater,801,76424.25218476904
2026-05-01,Mid Luxury SUV,volvo,xc90,"Core, B5 AWD Gas (mild hybrid), Gasoline, Bright",5,62799.6
2026-05-01,Mid Luxury SUV,volvo,xc90,"Plus, B5 AWD Gas (mild hybrid), Gasoline, Bright",5,67486.2
2026-05-01,Mid Luxury SUV,volvo,xc90,"Plus, B6 AWD Gas (mild hybrid), Gasoline, Bright",32,71452.03125
2026-05-01,Mid Luxury SUV,volvo,xc90,"Plus, T8 AWD, Electric/Gasoline, Bright, 6 Seats",1,83438.0
2026-05-01,Mid Luxury SUV,volvo,xc90,"Plus, T8 AWD, Electric/Gasoline, Bright, 7 Seats",21,82096.33333333333
2026-05-01,Mid Luxury SUV,volvo,xc90,T8 Core,83,76275.6626506024
2026-05-01,Mid Luxury SUV,volvo,xc90,T8 Core 7-Seater,11,70275.36363636363
2026-05-01,Mid Luxury SUV,volvo,xc90,T8 Plus 6-Seater,247,81779.7085020243
2026-05-01,Mid Luxury SUV,volvo,xc90,T8 Plus 6P,2,71970.0
2026-05-01,Mid Luxury SUV,volvo,xc90,T8 Plus 7-Seater,1610,80742.54596273293
2026-05-01,Mid Luxury SUV,volvo,xc90,T8 Plus Bright Theme 7P,7,71587.14285714286
2026-05-01,Mid Luxury SUV,volvo,xc90,T8 Ultimate Bright Theme 7P,1,69675.0
2026-05-01,Mid Luxury SUV,volvo,xc90,T8 Ultra 6-Seater,211,87366.1327014218
2026-05-01,Mid Luxury SUV,volvo,xc90,T8 Ultra 6P,2,80977.0
2026-05-01,Mid Luxury SUV,volvo,xc90,T8 Ultra 7-Seater,1230,85300.22195121952
2026-05-01,Mid Luxury SUV,volvo,xc90,T8 Ultra 7P,4,75529.0
2026-05-01,Mid Luxury SUV,volvo,xc90,T8 Ultra Dark Theme 6-Seater,239,87400.15481171547
2026-05-01,Mid Luxury SUV,volvo,xc90,T8 Ultra Dark Theme 7-Seater,365,87043.2904109589
2026-05-01,Mid Luxury SUV,volvo,xc90,"Ultra Dark Theme, B6 AWD Gas (mild hybrid), Gaso",1,76589.0
2026-05-01,Mid Luxury SUV,volvo,xc90,"Ultra Dark Theme, T8 AWD, Electric/Gasoline, 6 S",2,86985.0
2026-05-01,Mid Luxury SUV,volvo,xc90,"Ultra Dark Theme, T8 AWD, Electric/Gasoline, 7 S",5,87658.8
2026-05-01,Mid Luxury SUV,volvo,xc90,"Ultra, B6 AWD Gas (mild hybrid), Gasoline, Brigh",2,74912.5
2026-05-01,Mid Luxury SUV,volvo,xc90,"Ultra, T8 AWD, Electric/Gasoline, Bright, 6 Seat",4,89011.25
2026-05-01,Mid Luxury SUV,volvo,xc90,"Ultra, T8 AWD, Electric/Gasoline, Bright, 7 Seat",22,86715.5
2026-05-01,Near Luxury Car,acura,tlx,SH-AWD w/A-SPEC,34,52184.382352941175
2026-05-01,Near Luxury Car,acura,tlx,w/Tech,47,46102.617021276594
2026-05-01,Near Luxury Car,alfa_romeo,giulia,Base,164,51963.420731707316
2026-05-01,Near Luxury Car,alfa_romeo,giulia,Quadrifoglio,1,81954.0
2026-05-01,Near Luxury Car,alfa_romeo,giulia,Sprint,94,45510.18085106383
2026-05-01,Near Luxury Car,alfa_romeo,giulia,Ti,5,47260.6
2026-05-01,Near Luxury Car,alfa_romeo,giulia,Veloce,3,61744.666666666664
2026-05-01,Near Luxury Car,audi,a5,Premium,222,53214.71171171171
2026-05-01,Near Luxury Car,audi,a5,Premium Plus,992,56270.91330645161
2026-05-01,Near Luxury Car,audi,a5,Premium Plus TFSI quattro S tronic,789,54352.945678073505
2026-05-01,Near Luxury Car,audi,a5,Premium TFSI quattro S tronic,230,51286.022695652166
2026-05-01,Near Luxury Car,audi,a5,Prestige,224,59090.986607142855
2026-05-01,Near Luxury Car,audi,a5,Prestige TFSI quattro S tronic,25,55482.6132
2026-05-01,Near Luxury Car,audi,a5,quattro S line Prem Plus 45 TFSI,1,58454.0
2026-05-01,Near Luxury Car,audi,a5,quattro S line Premium 45 TFSI,2,51651.0
2026-05-01,Near Luxury Car,audi,s5,Premium,7,64711.71428571428
2026-05-01,Near Luxury Car,audi,s5,Premium Plus,561,71333.02495543672
2026-05-01,Near Luxury Car,audi,s5,Premium Plus TFSI quattro S tronic,316,69177.71202531646
2026-05-01,Near Luxury Car,audi,s5,Premium TFSI quattro S tronic,1,65865.0
2026-05-01,Near Luxury Car,audi,s5,Prestige,125,74972.136
2026-05-01,Near Luxury Car,audi,s5,Prestige TFSI quattro S tronic,73,74226.50684931508
2026-05-01,Near Luxury Car,bmw,3_series,330i,1096,55384.24817518248
2026-05-01,Near Luxury Car,bmw,3_series,330i NA,621,55226.333333333336
2026-05-01,Near Luxury Car,bmw,3_series,330i NA xDrive,545,57172.1871559633
2026-05-01,Near Luxury Car,bmw,3_series,330i xDrive,660,57295.00303030303
2026-05-01,Near Luxury Car,bmw,3_series,M340i NA,166,69797.00602409638
2026-05-01,Near Luxury Car,bmw,3_series,M340i NA xDrive,85,72521.4
2026-05-01,Near Luxury Car,bmw,3_series,M340i xDrive,97,75389.9175257732
2026-05-01,Near Luxury Car,bmw,3_series,NA,353,55330.35410764872
2026-05-01,Near Luxury Car,bmw,3_series,xDrive,413,57132.7215496368
2026-05-01,Near Luxury Car,bmw,3_series,xDrive NA,472,56487.05508474576
2026-05-01,Near Luxury Car,bmw,4_series,430i,593,63875.821218274104
2026-05-01,Near Luxury Car,bmw,4_series,430i xDrive,333,68675.45168168168
2026-05-01,Near Luxury Car,bmw,4_series,430i xDrive Gran Coupe,1,58025.0
2026-05-01,Near Luxury Car,bmw,4_series,M440i,195,75179.83902564103
2026-05-01,Near Luxury Car,bmw,4_series,M440i Gran Coupe,14,73343.35714285714
2026-05-01,Near Luxury Car,bmw,4_series,M440i xDrive,162,79747.83234567901
2026-05-01,Near Luxury Car,bmw,4_series,i xDrive,2,78641.0
2026-05-01,Near Luxury Car,bmw,4_series,xDrive,179,66430.12810055866
2026-05-01,Near Luxury Car,bmw,4_series_gran_coupe,xDrive,253,67671.0784063745
2026-05-01,Near Luxury Car,bmw,m3,Base (M6),10,92815.0
2026-05-01,Near Luxury Car,bmw,m3,Competition,21,95053.85714285714
2026-05-01,Near Luxury Car,bmw,m3,Competition xDrive,122,102887.22950819672
2026-05-01,Near Luxury Car,bmw,m3,NA,11,69817.09090909091
2026-05-01,Near Luxury Car,bmw,m3,xDrive,7,77190.42857142857
2026-05-01,Near Luxury Car,bmw,m3,xDrive NA,3,71506.0
2026-05-01,Near Luxury Car,bmw,m4,Base,57,92535.17543859649
2026-05-01,Near Luxury Car,bmw,m4,Competition,191,104587.21465968587
2026-05-01,Near Luxury Car,bmw,m4,Competition xDrive,149,102377.18791946309
2026-05-01,Near Luxury Car,cadillac,ct5,Base,15,68749.66666666667
2026-05-01,Near Luxury Car,cadillac,ct5,Blackwing,1,124035.0
2026-05-01,Near Luxury Car,cadillac,ct5,Premium Luxury,50,52512.96
2026-05-01,Near Luxury Car,cadillac,ct5,Premium Luxury RWD,1288,55305.183229813665
2026-05-01,Near Luxury Car,cadillac,ct5,Sport,40,53799.25
2026-05-01,Near Luxury Car,cadillac,ct5,Sport RWD,881,57374.10896708286
2026-05-01,Near Luxury Car,cadillac,ct5,V-Series Blackwing RWD,87,131418.55172413794
2026-05-01,Near Luxury Car,cadillac,ct5,V-Series RWD,489,67963.33333333333
2026-05-01,Near Luxury Car,genesis,g70,2.5T,6,43652.333333333336
2026-05-01,Near Luxury Car,genesis,g70,2.5T AWD,201,47860.32338308458
2026-05-01,Near Luxury Car,genesis,g70,2.5T Prestige,4,44980.75
2026-05-01,Near Luxury Car,genesis,g70,2.5T RWD,219,46206.913242009134
2026-05-01,Near Luxury Car,genesis,g70,2.5T RWD Prestige,288,51065.39236111111
2026-05-01,Near Luxury Car,genesis,g70,2.5T Standard,33,45083.06060606061
2026-05-01,Near Luxury Car,genesis,g70,3.3T AWD Sport Prestige,852,55540.99765258216
2026-05-01,Near Luxury Car,genesis,g70,3.3T Prestige Graphite,157,60299.828025477706
2026-05-01,Near Luxury Car,genesis,g70,3.3T RWD Sport Prestige,386,56190.526041666664
2026-05-01,Near Luxury Car,genesis,g70,3.3T Sport Advanced,41,54228.80487804878
2026-05-01,Near Luxury Car,lexus,es_series,Base,42,49749.37904761905
2026-05-01,Near Luxury Car,lexus,es_series,F SPORT Handling,6,55091.166666666664
2026-05-01,Near Luxury Car,lexus,es_series,Luxury,3,53950.333333333336
2026-05-01,Near Luxury Car,lexus,es_series,Premium,78,54393.34807692308
2026-05-01,Near Luxury Car,lexus,es_series,Ultra Luxury,3,58386.666666666664
2026-05-01,Near Luxury Car,lexus,is_series,Base,2,47420.5
2026-05-01,Near Luxury Car,lexus,is_series,F SPORT,1417,56038.290755116446
2026-05-01,Near Luxury Car,lexus,is_series,F SPORT Design,878,50752.66268792711
2026-05-01,Near Luxury Car,lexus,is_series,F SPORT Performance Ultimate Edition,1,82990.0
2026-05-01,Near Luxury Car,lexus,rc_series,F SPORT,2,59679.0
2026-05-01,Near Luxury Car,lexus,rc_series,Final Edition,1,94523.0
2026-05-01,Near Luxury Car,mercedes_benz,c_class,AMG C 43,497,74752.55443548386
2026-05-01,Near Luxury Car,mercedes_benz,c_class,AMG C 63 S E Performance,22,101716.09090909091
2026-05-01,Near Luxury Car,mercedes_benz,c_class,C 300,1714,55402.47607934656
2026-05-01,Near Luxury Car,mercedes_benz,c_class,C 300 4MATIC,1761,57405.005681818184
2026-05-01,Near Luxury Car,volvo,s60_v60,B5 Core,2,46322.0
2026-05-01,Near Luxury Car,volvo,s60_v60,B5 Core Dark Theme,2,45317.5
2026-05-01,Near Luxury Car,volvo,s60_v60,B5 Plus,241,55843.79253112033
2026-05-01,Near Luxury Car,volvo,s60_v60,B5 Plus Dark Theme,1,51925.0
2026-05-01,Near Luxury Car,volvo,s60_v60,B5 Ultra,110,61251.01818181818
2026-05-01,Near Luxury Car,volvo,s60_v60,T8 Plus Dark Theme,1,58520.0
2026-05-01,Near Luxury Car,volvo,s60_v60,T8 Polestar Engineered,1,72645.0
2026-05-01,Near Luxury Car,volvo,s60_v60,T8 Ultra,1,154145.0
2026-05-01,Near Luxury EV SUV,audi,q4_e_tron,Premium,6,59864.666666666664
2026-05-01,Near Luxury EV SUV,audi,q4_e_tron,quattro Premium 55 TFSI,1,59375.0
2026-05-01,Near Luxury EV SUV,audi,q4_e_tron,quattro Premium Plus 55,1,68780.0
2026-05-01,Near Luxury EV SUV,audi,q4_e_tron,quattro Premium Plus 55 TFSI,10,61122.4
2026-05-01,Near Luxury EV SUV,cadillac,optiq,Luxury,515,54822.41747572816
2026-05-01,Near Luxury EV SUV,cadillac,optiq,Luxury 1 AWD,22,54357.13636363636
2026-05-01,Near Luxury EV SUV,cadillac,optiq,Luxury 2 AWD,21,55561.15789473684
2026-05-01,Near Luxury EV SUV,cadillac,optiq,Premium Luxury,195,57944.46666666667
2026-05-01,Near Luxury EV SUV,cadillac,optiq,Premium Sport,324,58831.2962962963
2026-05-01,Near Luxury EV SUV,cadillac,optiq,Sport,810,55961.07777777778
2026-05-01,Near Luxury EV SUV,cadillac,optiq,Sport 1 AWD,46,55130.782608695656
2026-05-01,Near Luxury EV SUV,cadillac,optiq,Sport 2 AWD,52,58361.76470588235
2026-05-01,Near Luxury EV SUV,cadillac,optiq,V-Series,130,76015.06153846154
2026-05-01,Near Luxury EV SUV,genesis,gv70_ev,Advanced,18,71895.83333333333
2026-05-01,Near Luxury EV SUV,genesis,gv70_ev,Base,9,74081.44444444444
2026-05-01,Near Luxury EV SUV,genesis,gv70_ev,Prestige,1,76240.0
2026-05-01,Near Luxury EV SUV,genesis,gv70_ev,Standard,22,65605.95454545454
2026-05-01,Near Luxury EV SUV,lexus,rz_series,F SPORT,14,60191.40499999999
2026-05-01,Near Luxury EV SUV,lexus,rz_series,Luxury,13,57125.61538461538
2026-05-01,Near Luxury EV SUV,lexus,rz_series,Premium,480,52088.00077083332
2026-05-01,Near Luxury EV SUV,mercedes_benz,eqb,EQB 250+,1,58430.0
2026-05-01,Near Luxury EV SUV,mercedes_benz,eqb,EQB 300 4MATIC,3,56322.666666666664
2026-05-01,Near Luxury EV SUV,mercedes_benz,eqb,EQB 350 4MATIC,1,63245.0
2026-05-01,Near Luxury EV SUV,porsche,macan_electric,4S,107,108782.82242990655
2026-05-01,Near Luxury EV SUV,porsche,macan_electric,GTS,64,123721.375
2026-05-01,Near Luxury SUV,acura,rdx,SH-AWD,25,46412.8
2026-05-01,Near Luxury SUV,acura,rdx,SH-AWD w/A-SPEC,72,51907.98611111111
2026-05-01,Near Luxury SUV,acura,rdx,SH-AWD w/Advance,14,54022.92307692308
2026-05-01,Near Luxury SUV,acura,rdx,SH-AWD w/Advance w/A-SPEC,15,56182.0
2026-05-01,Near Luxury SUV,acura,rdx,SH-AWD w/Tech,30,48841.566666666666
2026-05-01,Near Luxury SUV,acura,rdx,w/A-Spec Advance Package,1584,57107.379987333756
2026-05-01,Near Luxury SUV,acura,rdx,w/A-Spec Package,1832,52952.67049808429
2026-05-01,Near Luxury SUV,acura,rdx,w/Advance Package,1708,55024.82601054481
2026-05-01,Near Luxury SUV,acura,rdx,w/Technology Package,2656,49870.63027108434
2026-05-01,Near Luxury SUV,alfa_romeo,stelvio,AWD,163,57484.122699386506
2026-05-01,Near Luxury SUV,alfa_romeo,stelvio,Base,82,52473.70731707317
2026-05-01,Near Luxury SUV,alfa_romeo,stelvio,Quadrifoglio,20,87880.8
2026-05-01,Near Luxury SUV,alfa_romeo,stelvio,Special Edition Tributo Italiano AWD,4,54088.5
2026-05-01,Near Luxury SUV,alfa_romeo,stelvio,Sprint,141,51085.914893617024
2026-05-01,Near Luxury SUV,alfa_romeo,stelvio,Ti,2,40498.0
2026-05-01,Near Luxury SUV,alfa_romeo,stelvio,Veloce,1,46485.0
2026-05-01,Near Luxury SUV,audi,q5_sq5,2.0T Progressiv,108,60775.444444444445
2026-05-01,Near Luxury SUV,audi,q5_sq5,2.0T Technik,39,64633.36842105263
2026-05-01,Near Luxury SUV,audi,q5_sq5,Premium,375,55525.325333333334
2026-05-01,Near Luxury SUV,audi,q5_sq5,Premium Plus,1383,58287.830802603035
2026-05-01,Near Luxury SUV,audi,q5_sq5,Premium Plus TFSI quattro S tronic,2456,58876.47760586319
2026-05-01,Near Luxury SUV,audi,q5_sq5,Premium TFSI quattro S tronic,681,55163.93832599119
2026-05-01,Near Luxury SUV,audi,q5_sq5,Prestige,104,61349.653846153844
2026-05-01,Near Luxury SUV,audi,q5_sq5,Prestige 45 TFSI S line quattro S tronic,1,50967.0
2026-05-01,Near Luxury SUV,audi,q5_sq5,Prestige TFSI quattro S tronic,226,62517.88495575221
2026-05-01,Near Luxury SUV,audi,q5_sq5,e quattro S line Prem Pl 55 TFSI,3,60276.333333333336
2026-05-01,Near Luxury SUV,audi,q5_sq5,e quattro S line Premium 55 TFSI,1,60885.0
2026-05-01,Near Luxury SUV,audi,q5_sq5,quattro S line Prem Plus 45 TFSI,11,52346.545454545456
2026-05-01,Near Luxury SUV,audi,sq5,3.0 TFSI quattro Technik,1,68303.0
2026-05-01,Near Luxury SUV,audi,sq5,3.0T quattro Premium Plus,3,68431.66666666667
2026-05-01,Near Luxury SUV,audi,sq5,Premium,1,63617.0
2026-05-01,Near Luxury SUV,audi,sq5,Premium Plus,611,73524.96072013093
2026-05-01,Near Luxury SUV,audi,sq5,Premium Plus TFSI quattro S tronic,874,73279.01945080092
2026-05-01,Near Luxury SUV,audi,sq5,Premium TFSI quattro S tronic,1,68772.0
2026-05-01,Near Luxury SUV,audi,sq5,Presige TFSI quattro S tronic,73,77302.39726027397
2026-05-01,Near Luxury SUV,audi,sq5,Prestige,38,76561.52631578948
2026-05-01,Near Luxury SUV,audi,sq5,Prestige TFSI quattro S tronic,3,69670.0
2026-05-01,Near Luxury SUV,bmw,x3,30 xDrive,10325,59751.354866828086
2026-05-01,Near Luxury SUV,bmw,x3,M50 xDrive,549,75315.50182481752
2026-05-01,Near Luxury SUV,bmw,x4,Base,3,91560.0
2026-05-01,Near Luxury SUV,bmw,x4,M40i,1,77850.0
2026-05-01,Near Luxury SUV,cadillac,xt4,Premium Luxury,6,46911.5
2026-05-01,Near Luxury SUV,cadillac,xt4,Sport,2,49677.5
2026-05-01,Near Luxury SUV,genesis,gv70,2.5T,727,52307.077134986226
2026-05-01,Near Luxury SUV,genesis,gv70,2.5T Advanced,2416,59426.28311258278
2026-05-01,Near Luxury SUV,genesis,gv70,2.5T Prestige,1,53717.0
2026-05-01,Near Luxury SUV,genesis,gv70,2.5T Select,907,54842.70562293274
2026-05-01,Near Luxury SUV,genesis,gv70,2.5T Sport Prestige,2031,62874.87986213688
2026-05-01,Near Luxury SUV,genesis,gv70,2.5T Standard,12,54110.916666666664
2026-05-01,Near Luxury SUV,genesis,gv70,3.5T Sport,51,63443.16
2026-05-01,Near Luxury SUV,genesis,gv70,3.5T Sport Advanced,366,65778.9781420765
2026-05-01,Near Luxury SUV,genesis,gv70,3.5T Sport Prestige,1759,72558.50938032973
2026-05-01,Near Luxury SUV,infiniti,qx50,Luxe,14,43910.92857142857
2026-05-01,Near Luxury SUV,infiniti,qx50,Pure,1,44585.0
2026-05-01,Near Luxury SUV,infiniti,qx50,Sport,13,48441.692307692305
2026-05-01,Near Luxury SUV,infiniti,qx55,Essential,3,53709.333333333336
2026-05-01,Near Luxury SUV,infiniti,qx55,Luxe,5,47494.0
2026-05-01,Near Luxury SUV,infiniti,qx55,Sensory,1,57924.0
2026-05-01,Near Luxury SUV,jaguar,e_pace,P250 R-Dynamic SE,11,53322.2
2026-05-01,Near Luxury SUV,land_rover,discovery_sport,Landmark,382,55209.22427440633
2026-05-01,Near Luxury SUV,land_rover,discovery_sport,P250 Dynamic SE,33,54369.84848484849
2026-05-01,Near Luxury SUV,land_rover,discovery_sport,P250 S,78,50488.269230769234
2026-05-01,Near Luxury SUV,land_rover,range_rover_evoque,Hoxton Edition,64,61518.0
2026-05-01,Near Luxury SUV,land_rover,range_rover_evoque,P250 Dynamic SE,166,61736.72289156626
2026-05-01,Near Luxury SUV,land_rover,range_rover_evoque,P250 S,352,56647.39488636364
2026-05-01,Near Luxury SUV,lexus,nx_series,Base,679,58038.013078055956
2026-05-01,Near Luxury SUV,lexus,nx_series,F SPORT Handling,319,63700.172946708466
2026-05-01,Near Luxury SUV,lexus,nx_series,Luxury,643,60007.89423017108
2026-05-01,Near Luxury SUV,lexus,nx_series,Premium,1551,55018.98132817534
2026-05-01,Near Luxury SUV,maserati,grecale,Base,140,80763.66428571429
2026-05-01,Near Luxury SUV,maserati,grecale,Folgore,11,113425.0
2026-05-01,Near Luxury SUV,maserati,grecale,GT,30,65830.4
2026-05-01,Near Luxury SUV,maserati,grecale,Modena,383,91572.98955613577
2026-05-01,Near Luxury SUV,maserati,grecale,Trofeo,20,124326.55
2026-05-01,Near Luxury SUV,mercedes_benz,benz_amg_glc,4MATIC,418,86225.98159420288
2026-05-01,Near Luxury SUV,mercedes_benz,glb,AMG GLB 35,351,66611.80056980057
2026-05-01,Near Luxury SUV,mercedes_benz,glb,GLB 250,1928,50207.32053941909
2026-05-01,Near Luxury SUV,mercedes_benz,glb,GLB 250 4MATIC,1903,53460.879138202836
2026-05-01,Near Luxury SUV,mercedes_benz,glc_class,4MATIC,229,67904.79475982532
2026-05-01,Near Luxury SUV,mercedes_benz,glc_class,4MATIC SUV,11,57307.7
2026-05-01,Near Luxury SUV,mercedes_benz,glc_class,AMG GLC 43,1025,77096.76292682927
2026-05-01,Near Luxury SUV,mercedes_benz,glc_class,GLC 300,7441,58709.98494825964
2026-05-01,Near Luxury SUV,mercedes_benz,glc_class,GLC 300 4MATIC,7029,60607.990041257646
2026-05-01,Near Luxury SUV,mercedes_benz,glc_class,GLC 350e 4MATIC,20,66107.65
2026-05-01,Near Luxury SUV,porsche,macan,4 Electric,419,101149.99761336515
2026-05-01,Near Luxury SUV,porsche,macan,Base,3139,81530.96909843899
2026-05-01,Near Luxury SUV,porsche,macan,Electric,263,95657.55133079848
2026-05-01,Near Luxury SUV,porsche,macan,Electric 4S,1,107870.0
2026-05-01,Near Luxury SUV,porsche,macan,Electric Turbo,79,135131.83544303797
2026-05-01,Near Luxury SUV,porsche,macan,GTS,331,115262.01812688822
2026-05-01,Near Luxury SUV,porsche,macan,S,1100,98410.6909090909
2026-05-01,Near Luxury SUV,porsche,macan,T,398,84350.25125628141
2026-05-01,Near Luxury SUV,porsche,macan,Turbo Electric,42,130471.71428571429
2026-05-01,Near Luxury SUV,volvo,xc60,B5 Core,892,51273.76457399103
2026-05-01,Near Luxury SUV,volvo,xc60,B5 Plus,3763,57521.57507307999
2026-05-01,Near Luxury SUV,volvo,xc60,B5 Ultra,1762,63905.03972758229
2026-05-01,Near Luxury SUV,volvo,xc60,B5 Ultra Black Edition,388,64711.27577319588
2026-05-01,Near Luxury SUV,volvo,xc60,"Black Edition Ultra, T8 AWD Electric/Gasoline, D",3,76555.0
2026-05-01,Near Luxury SUV,volvo,xc60,Plus Dark Theme,1163,59548.286328460876
2026-05-01,Near Luxury SUV,volvo,xc60,"Plus, T8 AWD Electric/Gasoline, Dark",11,68618.27272727272
2026-05-01,Near Luxury SUV,volvo,xc60,T8 Core,91,61109.38461538462
2026-05-01,Near Luxury SUV,volvo,xc60,T8 Plus,840,67889.50833333333
2026-05-01,Near Luxury SUV,volvo,xc60,T8 Polestar Engineered,55,81988.3090909091
2026-05-01,Near Luxury SUV,volvo,xc60,T8 Ultra,792,74620.79671717172
2026-05-01,Near Luxury SUV,volvo,xc60,T8 Ultra Black Edition,264,75906.11742424243
2026-05-01,Near Luxury SUV,volvo,xc60,Ultra Dark Theme,626,67353.65814696485
2026-05-01,Near Luxury SUV,volvo,xc60,"Ultra, T8 AWD Electric/Gasoline, Dark",11,75106.09090909091
2026-05-01,Near Luxury SUV,volvo,xc60_recharge,T8 Core Dark Theme,1,50280.0
2026-05-01,Near Luxury SUV,volvo,xc60_recharge,T8 Plus Dark Theme,1,64720.0
2026-05-01,Near Luxury SUV,volvo,xc60_recharge,T8 Polestar Engineered,1,68635.0
2026-05-01,Premium Luxury Car,audi,a8_s8,4.0T quattro,72,132188.875
2026-05-01,Premium Luxury Car,audi,a8_s8,55 TFSI quattro Tiptronic,147,96697.02040816327
2026-05-01,Premium Luxury Car,audi,a8_s8,quattro 55 TFSI,6,92995.0
2026-05-01,Premium Luxury Car,bentley,flying_spur,Azure Hybrid,108,315922.0291262136
2026-05-01,Premium Luxury Car,bentley,flying_spur,Black Edition,8,315023.75
2026-05-01,Premium Luxury Car,bentley,flying_spur,Speed,10,333246.7
2026-05-01,Premium Luxury Car,bentley,flying_spur,Speed First Edition,11,328379.63636363635
2026-05-01,Premium Luxury Car,bmw,7_series,740i,336,110024.51488095238
2026-05-01,Premium Luxury Car,bmw,7_series,740i xDrive,179,112347.41340782122
2026-05-01,Premium Luxury Car,bmw,7_series,750e xDrive,333,121645.993993994
2026-05-01,Premium Luxury Car,bmw,7_series,760i xDrive,402,138733.6766169154
2026-05-01,Premium Luxury Car,bmw,7_series,xDrive,414,127304.65838164251
2026-05-01,Premium Luxury Car,genesis,g90,3.5T,23,91016.60869565218
2026-05-01,Premium Luxury Car,genesis,g90,3.5T E-SC MHEV AWD,322,102992.03105590062
2026-05-01,Premium Luxury Car,genesis,g90,3.5T E-SC Prestige Black AWD,1,108095.0
2026-05-01,Premium Luxury Car,genesis,g90,3.5T e-Supercharger,79,103017.3164556962
2026-05-01,Premium Luxury Car,genesis,g90,e-SC Prestige Black,137,106370.700729927
2026-05-01,Premium Luxury Car,lexus,ls_series,Base,1,95656.0
2026-05-01,Premium Luxury Car,maserati,quattroporte,Modena Q4,1,91995.0
2026-05-01,Premium Luxury Car,maserati,quattroporte,Modena Ultima Q4,6,102413.5
2026-05-01,Premium Luxury Car,mercedes_benz,s_class,AMG S 63 E Performance,327,211670.4006116208
2026-05-01,Premium Luxury Car,mercedes_benz,s_class,Maybach S 680,23,269189.04347826086
2026-05-01,Premium Luxury Car,mercedes_benz,s_class,Mercedes-Maybach S 580 4MATIC,84,222474.41666666666
2026-05-01,Premium Luxury Car,mercedes_benz,s_class,Mercedes-Maybach S 680 4MATIC,4,338623.5
2026-05-01,Premium Luxury Car,mercedes_benz,s_class,S 500 4MATIC,253,131690.99209486166
2026-05-01,Premium Luxury Car,mercedes_benz,s_class,S 580 4MATIC,985,146008.58680203045
2026-05-01,Premium Luxury Car,mercedes_benz,s_class,S 580e 4MATIC,77,141762.63636363635
2026-05-01,Premium Luxury Car,porsche,panamera,4,493,144229.05070993915
2026-05-01,Premium Luxury Car,porsche,panamera,4 E-Hybrid,31,150079.90322580645
2026-05-01,Premium Luxury Car,porsche,panamera,4S,4,172795.5
2026-05-01,Premium Luxury Car,porsche,panamera,Base,205,135935.66829268294
2026-05-01,Premium Luxury Car,porsche,panamera,GTS,77,192182.2987012987
2026-05-01,Premium Luxury Car,porsche,panamera,Turbo,9,239266.77777777778
2026-05-01,Premium Luxury Car,porsche,panamera,Turbo E-Hybrid,2,240991.5
2026-05-01,Premium Luxury Car,porsche,panamera,Turbo S E-Hybrid,1,277718.0
2026-05-01,Premium Luxury Car,rolls_royce,ghost,Base,3,426475.0
2026-05-01,Premium Luxury Car,rolls_royce,ghost,Black Badge,11,496369.1818181818
2026-05-01,Premium Luxury Car,rolls_royce,phantom,Base,3,725721.3333333334
2026-06-01,Entry Luxury EV SUV,genesis,gv60,"19""""",33,55783.21875
2026-06-01,Entry Luxury EV SUV,genesis,gv60,AWD,2,54820.0
2026-06-01,Entry Luxury EV SUV,genesis,gv60,"Advanced 20""""",48,59859.229166666664
2026-06-01,Entry Luxury EV SUV,genesis,gv60,Performance,42,71594.40476190476
2026-06-01,Entry Luxury EV SUV,genesis,gv60,RWD,70,52666.95714285714
2026-06-01,Entry Luxury EV SUV,genesis,gv60,Standard,12,48037.0
2026-06-01,Entry Luxury EV SUV,volvo,ex30,Cross Country Ultra,369,49023.31436314363
2026-06-01,Entry Luxury EV SUV,volvo,ex30,"Cross Country Ultra, Twin Motor Performance, Ful",30,50573.13333333333
2026-06-01,Entry Luxury EV SUV,volvo,ex30,Plus,13,39941.53846153846
2026-06-01,Entry Luxury EV SUV,volvo,ex30,"Plus Twin Motor Performance, Fully electric",519,45196.05973025048
2026-06-01,Entry Luxury EV SUV,volvo,ex30,"Plus, Single Motor, Fuly electric",46,39761.086956521736
2026-06-01,Entry Luxury EV SUV,volvo,ex30,Twin Motor Plus,41,44404.365853658535
2026-06-01,Entry Luxury EV SUV,volvo,ex30,Twin Motor Ultra,15,46482.26666666667
2026-06-01,Entry Luxury EV SUV,volvo,ex30,Ultra,141,47603.45390070922
2026-06-01,Entry Luxury EV SUV,volvo,ex30,"Ultra Twin Motor Performance, Fully electric",278,46698.76258992806
2026-06-01,Entry Luxury EV SUV,volvo,ex40,Single Motor Extended Range Plus,36,57438.666666666664
2026-06-01,Entry Luxury EV SUV,volvo,ex40,Twin Motor Plus,31,56715.833333333336
2026-06-01,Entry Luxury EV SUV,volvo,ex40,Twin Motor Ultra Black Edition,21,60580.42857142857
2026-06-01,Mid Luxury Car,audi,a6_e_tron,Premium,25,65703.76
2026-06-01,Mid Luxury Car,audi,a6_e_tron,Premium Plus,63,76207.55555555556
2026-06-01,Mid Luxury Car,audi,a6_e_tron,Prestige,10,80036.2
2026-06-01,Mid Luxury Car,audi,a6_s6,Premium Plus quattro S tronic,1464,69138.32240437159
2026-06-01,Mid Luxury Car,audi,a6_s6,Premium quattro S tronic,107,64344.766355140186
2026-06-01,Mid Luxury Car,audi,a6_s6,Prestige quattro S tronic,99,75722.44444444444
2026-06-01,Mid Luxury Car,audi,a6_s6,Technik,305,74992.8262295082
2026-06-01,Mid Luxury Car,audi,a6_s6,quattro Premium Plus 45 TFSI,3,57850.0
2026-06-01,Mid Luxury Car,audi,a6_s6,quattro Prestige 55 TFSI,4,63418.0
2026-06-01,Mid Luxury Car,audi,a6_s6,quattro tiptronic,5,145808.6
2026-06-01,Mid Luxury Car,audi,a7_s7,quattro Premium 55 TFSI,1,70773.0
2026-06-01,Mid Luxury Car,audi,a7_s7_rs_7,4.0T quattro performance,6,140124.33333333334
2026-06-01,Mid Luxury Car,audi,a7_s7_rs_7,quattro tiptronic,26,148944.07692307694
2026-06-01,Mid Luxury Car,bmw,5_series,530i,1207,70018.64954432477
2026-06-01,Mid Luxury Car,bmw,5_series,530i xDrive,938,71728.32550693704
2026-06-01,Mid Luxury Car,bmw,5_series,540i xDrive,219,81466.84474885845
2026-06-01,Mid Luxury Car,bmw,5_series,550e xDrive,434,86828.08755760369
2026-06-01,Mid Luxury Car,bmw,5_series,xDrive,366,71485.61234972678
2026-06-01,Mid Luxury Car,bmw,m5,Base,247,135688.008097166
2026-06-01,Mid Luxury Car,bmw,m5,Base (A8),57,138522.47368421053
2026-06-01,Mid Luxury Car,bmw,m5,Touring,12,142807.18181818182
2026-06-01,Mid Luxury Car,genesis,g80,2.5T,101,65802.0
2026-06-01,Mid Luxury Car,genesis,g80,2.5T Advanced,162,66663.03086419753
2026-06-01,Mid Luxury Car,genesis,g80,2.5T Sport Prestige,190,72971.38421052632
2026-06-01,Mid Luxury Car,genesis,g80,3.5T Prestige Black,136,82040.89705882352
2026-06-01,Mid Luxury Car,genesis,g80,3.5T Prestige Black AWD,3,82267.66666666667
2026-06-01,Mid Luxury Car,genesis,g80,3.5T Sport,21,72634.61904761905
2026-06-01,Mid Luxury Car,genesis,g80,3.5T Sport Advanced,8,65593.875
2026-06-01,Mid Luxury Car,genesis,g80,3.5T Sport Prestige,189,81084.25925925926
2026-06-01,Mid Luxury Car,jaguar,xf,P300 R-Dynamic SE,69,50499.07246376811
2026-06-01,Mid Luxury Car,maserati,ghibli,Modena Q4,4,84084.0
2026-06-01,Mid Luxury Car,maserati,ghibli,Modena Ultima Q4,14,105618.42857142857
2026-06-01,Mid Luxury Car,mercedes_benz,cle,AMG CLE 53,590,93758.9962881356
2026-06-01,Mid Luxury Car,mercedes_benz,cle,CLE 300 4MATIC,949,72151.14007391763
2026-06-01,Mid Luxury Car,mercedes_benz,cle,CLE 450 4MATIC,4,75957.25
2026-06-01,Mid Luxury Car,mercedes_benz,e_class,AMG E 53,661,108056.48996974282
2026-06-01,Mid Luxury Car,mercedes_benz,e_class,AMG E 53 E,4,108530.75
2026-06-01,Mid Luxury Car,mercedes_benz,e_class,E 350,1238,72337.7140549273
2026-06-01,Mid Luxury Car,mercedes_benz,e_class,E 350 4MATIC,897,75497.11259754738
2026-06-01,Mid Luxury Car,mercedes_benz,e_class,E 450 4MATIC,517,83862.5164410058
2026-06-01,Mid Luxury Car,mercedes_benz,e_class,E 450 4MATIC All-Terrain,96,88027.26041666667
2026-06-01,Mid Luxury Car,volvo,s90,B6 Plus,2,51613.5
2026-06-01,Mid Luxury Car,volvo,s90,T8 Ultimate,2,68506.0
2026-06-01,Mid Luxury Car,volvo,s90,T8 Ultra,1,58944.0
2026-06-01,Mid Luxury Car,volvo,v90,B6 Ultra,1,77580.0
2026-06-01,Mid Luxury SUV,acura,mdx,Base,227,54139.17621145374
2026-06-01,Mid Luxury SUV,acura,mdx,SH-AWD,917,56193.0534351145
2026-06-01,Mid Luxury SUV,acura,mdx,SH-AWD Type S w/Advance Package,1515,78131.62244224422
2026-06-01,Mid Luxury SUV,acura,mdx,SH-AWD w/A-SPEC,292,64408.079584775085
2026-06-01,Mid Luxury SUV,acura,mdx,SH-AWD w/Advance,63,69198.22222222222
2026-06-01,Mid Luxury SUV,acura,mdx,SH-AWD w/Platinum Elite w/A-Spec,54,70829.64814814815
2026-06-01,Mid Luxury SUV,acura,mdx,SH-AWD w/Tech,2529,61522.47963621985
2026-06-01,Mid Luxury SUV,acura,mdx,Type S Advance Package,10,77888.2
2026-06-01,Mid Luxury SUV,acura,mdx,w/A-Spec Advance Package,1861,71152.33960236431
2026-06-01,Mid Luxury SUV,acura,mdx,w/A-Spec Package,1632,64615.25857843137
2026-06-01,Mid Luxury SUV,acura,mdx,w/Advance Package,3134,69122.18921506063
2026-06-01,Mid Luxury SUV,acura,mdx,w/Tech,17,57869.25
2026-06-01,Mid Luxury SUV,acura,mdx,w/Technology Package,1508,59655.941644562336
2026-06-01,Mid Luxury SUV,audi,q7,Premium,21,66843.47619047618
2026-06-01,Mid Luxury SUV,audi,q7,Premium Plus S line TFSI quattro tiptronic,17,73756.82352941176
2026-06-01,Mid Luxury SUV,audi,q7,Premium Plus TFSI quattro tiptronic,86,73526.95348837209
2026-06-01,Mid Luxury SUV,audi,q7,Premium S line TFSI quattro tiptronic,9,68858.11111111111
2026-06-01,Mid Luxury SUV,audi,q7,Prestige,27,82969.03703703704
2026-06-01,Mid Luxury SUV,audi,q7,Prestige 55 TFSI quattro tiptronic,157,81235.31210191082
2026-06-01,Mid Luxury SUV,audi,q7,quattro 55 TFSI,16,68506.5625
2026-06-01,Mid Luxury SUV,audi,q7,quattro Premium 45 TFSI,300,62361.79666666667
2026-06-01,Mid Luxury SUV,audi,q7,quattro Premium 55 TFSI,39,66119.07692307692
2026-06-01,Mid Luxury SUV,audi,q7,quattro Premium Plus 45 TFSI,269,66021.35687732341
2026-06-01,Mid Luxury SUV,audi,q7,quattro Premium Plus 55 TFSI,824,72261.70388349515
2026-06-01,Mid Luxury SUV,audi,q7,quattro Prestige 55 TFSI,11,78305.0
2026-06-01,Mid Luxury SUV,audi,q7,quattro Progressiv 55 TFSI,74,72571.4054054054
2026-06-01,Mid Luxury SUV,audi,q7_sq7,4.0T quattro Premium Plus,71,98596.76056338029
2026-06-01,Mid Luxury SUV,audi,q7_sq7,4.0T quattro Prestige,52,111164.94230769231
2026-06-01,Mid Luxury SUV,audi,q7_sq7,Prestige,44,100970.53488372093
2026-06-01,Mid Luxury SUV,bmw,x5,Competition,386,143811.16321243523
2026-06-01,Mid Luxury SUV,bmw,x5,M60i,1348,106461.34421364985
2026-06-01,Mid Luxury SUV,bmw,x5,sDrive40i,2577,80046.1986806364
2026-06-01,Mid Luxury SUV,bmw,x5,xDrive40i,8177,83034.09771309771
2026-06-01,Mid Luxury SUV,bmw,x5,xDrive50e,4394,87554.43286299499
2026-06-01,Mid Luxury SUV,bmw,x5_xdrive45e,Competition,129,148383.38888888888
2026-06-01,Mid Luxury SUV,bmw,x6,M60i,335,110426.31343283581
2026-06-01,Mid Luxury SUV,bmw,x6,xDrive40i,1033,89987.13746369796
2026-06-01,Mid Luxury SUV,cadillac,xt5,Luxury,39,45723.35897435898
2026-06-01,Mid Luxury SUV,cadillac,xt5,Luxury AWD,290,48604.84137931035
2026-06-01,Mid Luxury SUV,cadillac,xt5,Luxury FWD,269,46108.54646840149
2026-06-01,Mid Luxury SUV,cadillac,xt5,Premium Luxury,207,53504.3932038835
2026-06-01,Mid Luxury SUV,cadillac,xt5,Premium Luxury AWD,1134,59996.62345679013
2026-06-01,Mid Luxury SUV,cadillac,xt5,Premium Luxury FWD,1201,58559.5570358035
2026-06-01,Mid Luxury SUV,cadillac,xt5,Sport,34,61221.617647058825
2026-06-01,Mid Luxury SUV,cadillac,xt5,Sport AWD,313,66909.41214057508
2026-06-01,Mid Luxury SUV,cadillac,xt6,Luxury,54,48836.98148148148
2026-06-01,Mid Luxury SUV,cadillac,xt6,Premium Luxury,87,60587.48275862069
2026-06-01,Mid Luxury SUV,cadillac,xt6,Sport,23,65542.65217391304
2026-06-01,Mid Luxury SUV,genesis,gv80,2.5T,2,59225.5
2026-06-01,Mid Luxury SUV,genesis,gv80,2.5T AWD,105,62095.39047619048
2026-06-01,Mid Luxury SUV,genesis,gv80,2.5T Advanced,805,70684.39130434782
2026-06-01,Mid Luxury SUV,genesis,gv80,2.5T Prestige,746,75451.94235924933
2026-06-01,Mid Luxury SUV,genesis,gv80,2.5T RWD,1,60710.0
2026-06-01,Mid Luxury SUV,genesis,gv80,2.5T Select,423,66089.63120567377
2026-06-01,Mid Luxury SUV,genesis,gv80,2.5T Standard,6,59361.166666666664
2026-06-01,Mid Luxury SUV,genesis,gv80,2.5T Standard AWD,91,60111.64835164835
2026-06-01,Mid Luxury SUV,genesis,gv80,3.5T Advanced,543,77622.20994475138
2026-06-01,Mid Luxury SUV,genesis,gv80,3.5T Prestige Black AWD,676,84904.82396449705
2026-06-01,Mid Luxury SUV,genesis,gv80,3.5T Prestige Signature,1901,83781.71225670699
2026-06-01,Mid Luxury SUV,genesis,gv80_coupe,3.5T,48,83863.29166666667
2026-06-01,Mid Luxury SUV,genesis,gv80_coupe,3.5T AWD,1,85673.0
2026-06-01,Mid Luxury SUV,genesis,gv80_coupe,3.5T E-SC,340,89520.39705882352
2026-06-01,Mid Luxury SUV,genesis,gv80_coupe,3.5T E-SC MHEV AWD,377,89920.84084880637
2026-06-01,Mid Luxury SUV,genesis,gv80_coupe,3.5T E-SC Prestige Black AWD,1,90938.0
2026-06-01,Mid Luxury SUV,genesis,gv80_coupe,3.5T V6 AWD,1,82360.0
2026-06-01,Mid Luxury SUV,genesis,gv80_coupe,3.5T e-SC Prestige Black,218,91694.15596330275
2026-06-01,Mid Luxury SUV,ineos,grenadier,1924 Limited Edition,195,87019.44102564102
2026-06-01,Mid Luxury SUV,ineos,grenadier,Base,31,81645.63333333333
2026-06-01,Mid Luxury SUV,ineos,grenadier,Fieldmaster,12,79479.45454545454
2026-06-01,Mid Luxury SUV,ineos,grenadier,Fieldmaster Edition,582,87295.60309278351
2026-06-01,Mid Luxury SUV,ineos,grenadier,Trialmaster,1,74999.0
2026-06-01,Mid Luxury SUV,ineos,grenadier,Trialmaster Edition,177,91870.61197740113
2026-06-01,Mid Luxury SUV,infiniti,qx60,AUTOGRAPH AWD,10,69905.2
2026-06-01,Mid Luxury SUV,infiniti,qx60,Autograph,1286,68586.95412130638
2026-06-01,Mid Luxury SUV,infiniti,qx60,Luxe,3359,59557.55582018458
2026-06-01,Mid Luxury SUV,infiniti,qx60,Pure,160,52072.625
2026-06-01,Mid Luxury SUV,infiniti,qx60,SPORT,956,63252.69246861924
2026-06-01,Mid Luxury SUV,infiniti,qx60,SPORT AWD,73,64768.150684931505
2026-06-01,Mid Luxury SUV,infiniti,qx60,Sensory,1,53783.0
2026-06-01,Mid Luxury SUV,infiniti,qx65,AUTOGRAPH,618,66818.14886731391
2026-06-01,Mid Luxury SUV,infiniti,qx65,LUXE,104,56927.5
2026-06-01,Mid Luxury SUV,infiniti,qx65,SPORT,371,60038.301886792455
2026-06-01,Mid Luxury SUV,jaguar,f_pace,P250 R-Dynamic S,638,65371.03605015674
2026-06-01,Mid Luxury SUV,jaguar,f_pace,P400 R-Dynamic S,234,76528.73076923077
2026-06-01,Mid Luxury SUV,jaguar,f_pace,SVR 575 EDITION,44,98790.58139534884
2026-06-01,Mid Luxury SUV,land_rover,defender,110 P300 S,825,75977.4109090909
2026-06-01,Mid Luxury SUV,land_rover,defender,110 P400 S,8,80272.5
2026-06-01,Mid Luxury SUV,land_rover,defender,110 P400 X,2,94185.0
2026-06-01,Mid Luxury SUV,land_rover,defender,110 P400 X-Dynamic SE,1548,89708.90310077519
2026-06-01,Mid Luxury SUV,land_rover,defender,110 P500 X-Dynamic SE,129,114375.38759689922
2026-06-01,Mid Luxury SUV,land_rover,defender,110 V8 P500 SE,2,98583.0
2026-06-01,Mid Luxury SUV,land_rover,defender,110 V8 P525,136,126459.28676470589
2026-06-01,Mid Luxury SUV,land_rover,defender,130 P300 S,360,87251.13055555556
2026-06-01,Mid Luxury SUV,land_rover,defender,130 P400 Outbound,1,82987.0
2026-06-01,Mid Luxury SUV,land_rover,defender,130 P400 S,10,86105.6
2026-06-01,Mid Luxury SUV,land_rover,defender,130 P400 X,1,109687.0
2026-06-01,Mid Luxury SUV,land_rover,defender,130 P400 X-Dynamic SE,622,99527.23633440514
2026-06-01,Mid Luxury SUV,land_rover,defender,130 P500 V8,9,120060.55555555556
2026-06-01,Mid Luxury SUV,land_rover,defender,130 V8 P500,133,132800.6090225564
2026-06-01,Mid Luxury SUV,land_rover,defender,90 P300 S,4,67080.75
2026-06-01,Mid Luxury SUV,land_rover,defender,90 P400 X-Dynamic SE,22,82359.68181818182
2026-06-01,Mid Luxury SUV,land_rover,defender,OCTA,260,173773.11923076923
2026-06-01,Mid Luxury SUV,land_rover,defender,P300 S,8,80746.0
2026-06-01,Mid Luxury SUV,land_rover,defender,P400 Outbound,6,102030.33333333333
2026-06-01,Mid Luxury SUV,land_rover,defender,P400 Trophy Edition Deep Sandglow,7,98500.28571428571
2026-06-01,Mid Luxury SUV,land_rover,defender,P400 Trophy Edition Keswick,46,99043.71739130435
2026-06-01,Mid Luxury SUV,land_rover,defender,P400 X,184,108999.24456521739
2026-06-01,Mid Luxury SUV,land_rover,defender,P400 X-Dynamic SE,13,95064.84615384616
2026-06-01,Mid Luxury SUV,land_rover,defender,P500 V8,1,135446.0
2026-06-01,Mid Luxury SUV,land_rover,defender,P500 X-Dynamic SE,1,117911.0
2026-06-01,Mid Luxury SUV,land_rover,defender,P525 V8,46,122064.89130434782
2026-06-01,Mid Luxury SUV,land_rover,defender,P635 OCTA,9,176390.88888888888
2026-06-01,Mid Luxury SUV,land_rover,defender,P635 OCTA Black,137,180177.43795620438
2026-06-01,Mid Luxury SUV,land_rover,defender,S,28,80861.03571428571
2026-06-01,Mid Luxury SUV,land_rover,defender,X,18,107486.88888888889
2026-06-01,Mid Luxury SUV,land_rover,defender,X-Dynamic SE,108,91813.07476635514
2026-06-01,Mid Luxury SUV,land_rover,discovery,Gemini Edition,211,80153.48341232227
2026-06-01,Mid Luxury SUV,land_rover,discovery,P300 Dynamic SE,191,74127.78534031413
2026-06-01,Mid Luxury SUV,land_rover,discovery,P300 S,184,67826.40760869565
2026-06-01,Mid Luxury SUV,land_rover,discovery,P360 Dynamic SE,21,76444.19047619047
2026-06-01,Mid Luxury SUV,land_rover,discovery,P360 Metropolitan,8,77726.125
2026-06-01,Mid Luxury SUV,land_rover,discovery,Tempest Edition,36,92064.47222222222
2026-06-01,Mid Luxury SUV,land_rover,range_rover_velar,Autobiography,11,89180.90909090909
2026-06-01,Mid Luxury SUV,land_rover,range_rover_velar,Belgravia Edition,376,74601.61170212766
2026-06-01,Mid Luxury SUV,land_rover,range_rover_velar,Belgravia Edition Satin,7,85710.71428571429
2026-06-01,Mid Luxury SUV,land_rover,range_rover_velar,Dynamic SE,329,75712.96960486322
2026-06-01,Mid Luxury SUV,land_rover,range_rover_velar,P250 Dynamic SE,203,74257.28571428571
2026-06-01,Mid Luxury SUV,land_rover,range_rover_velar,P250 S,269,68715.02973977695
2026-06-01,Mid Luxury SUV,land_rover,range_rover_velar,P400 Autobiography,13,89524.92307692308
2026-06-01,Mid Luxury SUV,land_rover,range_rover_velar,P400 Dynamic HSE,3,84695.0
2026-06-01,Mid Luxury SUV,land_rover,range_rover_velar,P400 Dynamic SE,58,79699.18965517242
2026-06-01,Mid Luxury SUV,land_rover,range_rover_velar,S,230,69200.0347826087
2026-06-01,Mid Luxury SUV,lexus,gx_series,Luxury,1,85714.0
2026-06-01,Mid Luxury SUV,lexus,gx_series,Luxury+,188,88666.06914893616
2026-06-01,Mid Luxury SUV,lexus,gx_series,Overtrail,3,78834.66666666667
2026-06-01,Mid Luxury SUV,lexus,gx_series,Overtrail+,91,84748.65934065935
2026-06-01,Mid Luxury SUV,lexus,gx_series,Premium+,142,76289.01408450704
2026-06-01,Mid Luxury SUV,lexus,rx_series,Base,76,61877.18421052631
2026-06-01,Mid Luxury SUV,lexus,rx_series,F SPORT Design,159,63871.00578616351
2026-06-01,Mid Luxury SUV,lexus,rx_series,F SPORT Handling,50,68086.22
2026-06-01,Mid Luxury SUV,lexus,rx_series,F SPORT Performance,124,77142.70967741935
2026-06-01,Mid Luxury SUV,lexus,rx_series,Luxury,960,72677.1829375
2026-06-01,Mid Luxury SUV,lexus,rx_series,Premium,686,62288.01252186589
2026-06-01,Mid Luxury SUV,lexus,rx_series,Premium+,2709,63517.7388409007
2026-06-01,Mid Luxury SUV,lexus,tx,Base,7,62160.57142857143
2026-06-01,Mid Luxury SUV,lexus,tx,F SPORT Handling,59,75672.18644067796
2026-06-01,Mid Luxury SUV,lexus,tx,F SPORT Performance Luxury,71,80795.9014084507
2026-06-01,Mid Luxury SUV,lexus,tx,F SPORT Performance Premium,620,76529.7064516129
2026-06-01,Mid Luxury SUV,lexus,tx,Luxury,749,75431.39967957276
2026-06-01,Mid Luxury SUV,lexus,tx,Premium,2251,66793.1968014216
2026-06-01,Mid Luxury SUV,lincoln,aviator,Black Label,351,86096.96857142857
2026-06-01,Mid Luxury SUV,lincoln,aviator,Livery,17,61484.17647058824
2026-06-01,Mid Luxury SUV,lincoln,aviator,Premiere,1998,60804.05905905906
2026-06-01,Mid Luxury SUV,lincoln,aviator,Reserve,2258,72398.46589902569
2026-06-01,Mid Luxury SUV,lincoln,nautilus,Black Label,388,76847.11340206186
2026-06-01,Mid Luxury SUV,lincoln,nautilus,Premiere,3444,57759.18031358885
2026-06-01,Mid Luxury SUV,lincoln,nautilus,Reserve,2329,65464.722627737225
2026-06-01,Mid Luxury SUV,mercedes_benz,benz_amg_gle,4MATIC+,1697,102009.72350029464
2026-06-01,Mid Luxury SUV,mercedes_benz,benz_amg_gle,S 4MATIC+,540,143878.46851851852
2026-06-01,Mid Luxury SUV,mercedes_benz,gle_class,4MATIC,489,84175.7396919918
2026-06-01,Mid Luxury SUV,mercedes_benz,gle_class,AMG GLE 53,778,101877.6208226221
2026-06-01,Mid Luxury SUV,mercedes_benz,gle_class,AMG GLE 63 S,307,143137.88273615635
2026-06-01,Mid Luxury SUV,mercedes_benz,gle_class,GLE 350,2260,72763.35265486725
2026-06-01,Mid Luxury SUV,mercedes_benz,gle_class,GLE 350 4MATIC,7843,75686.586000255
2026-06-01,Mid Luxury SUV,mercedes_benz,gle_class,GLE 450 4MATIC,7025,83862.70590747331
2026-06-01,Mid Luxury SUV,mercedes_benz,gle_class,GLE 450e 4MATIC,3,73530.33333333333
2026-06-01,Mid Luxury SUV,mercedes_benz,gle_class,GLE 580 4MATIC,402,101208.94029850746
2026-06-01,Mid Luxury SUV,volvo,xc90,B5 Core,484,61948.169421487604
2026-06-01,Mid Luxury SUV,volvo,xc90,B5 Plus 6-Seater,37,67806.8918918919
2026-06-01,Mid Luxury SUV,volvo,xc90,B5 Plus 7-Seater,602,66678.35880398672
2026-06-01,Mid Luxury SUV,volvo,xc90,B5 Plus Bright Theme,1,48965.0
2026-06-01,Mid Luxury SUV,volvo,xc90,B5 Ultra 6-Seater,33,73025.28125
2026-06-01,Mid Luxury SUV,volvo,xc90,B5 Ultra 7-Seater,22,71622.45454545454
2026-06-01,Mid Luxury SUV,volvo,xc90,B6 Core,133,66365.69172932331
2026-06-01,Mid Luxury SUV,volvo,xc90,B6 Plus 6-Seater,367,71983.53133514986
2026-06-01,Mid Luxury SUV,volvo,xc90,B6 Plus 6P,1,66923.0
2026-06-01,Mid Luxury SUV,volvo,xc90,B6 Plus 7-Seater,3729,70751.52051488335
2026-06-01,Mid Luxury SUV,volvo,xc90,B6 Plus 7P,9,65221.555555555555
2026-06-01,Mid Luxury SUV,volvo,xc90,B6 Ultimate Bright Theme 7P,1,59075.0
2026-06-01,Mid Luxury SUV,volvo,xc90,B6 Ultra,8,71197.375
2026-06-01,Mid Luxury SUV,volvo,xc90,B6 Ultra 6-Seater,138,77449.81884057971
2026-06-01,Mid Luxury SUV,volvo,xc90,B6 Ultra 6P,1,63027.0
2026-06-01,Mid Luxury SUV,volvo,xc90,B6 Ultra 7-Seater,1962,74380.87614678899
2026-06-01,Mid Luxury SUV,volvo,xc90,B6 Ultra 7P,2,66487.5
2026-06-01,Mid Luxury SUV,volvo,xc90,B6 Ultra Dark Theme 6-Seater,272,77152.07352941176
2026-06-01,Mid Luxury SUV,volvo,xc90,B6 Ultra Dark Theme 7-Seater,676,76119.13461538461
2026-06-01,Mid Luxury SUV,volvo,xc90,"Core, B5 AWD Gas (mild hybrid), Gasoline, Bright",7,62948.28571428572
2026-06-01,Mid Luxury SUV,volvo,xc90,"Plus, B5 AWD Gas (mild hybrid), Gasoline, Bright",7,67191.85714285714
2026-06-01,Mid Luxury SUV,volvo,xc90,"Plus, B6 AWD Gas (mild hybrid), Gasoline, Bright",30,71180.1
2026-06-01,Mid Luxury SUV,volvo,xc90,"Plus, T8 AWD, Electric/Gasoline, Bright, 7 Seats",18,81140.83333333333
2026-06-01,Mid Luxury SUV,volvo,xc90,T8 Core,97,76295.14432989691
2026-06-01,Mid Luxury SUV,volvo,xc90,T8 Core 7-Seater,8,71806.0
2026-06-01,Mid Luxury SUV,volvo,xc90,T8 Plus 6-Seater,231,81283.39826839826
2026-06-01,Mid Luxury SUV,volvo,xc90,T8 Plus 6P,2,69519.0
2026-06-01,Mid Luxury SUV,volvo,xc90,T8 Plus 7-Seater,1564,80438.55562659846
2026-06-01,Mid Luxury SUV,volvo,xc90,T8 Plus Bright Theme 7P,6,70719.16666666667
2026-06-01,Mid Luxury SUV,volvo,xc90,T8 Ultimate Bright Theme 7P,1,69675.0
2026-06-01,Mid Luxury SUV,volvo,xc90,T8 Ultra 6-Seater,208,86937.96153846153
2026-06-01,Mid Luxury SUV,volvo,xc90,T8 Ultra 6P,1,89355.0
2026-06-01,Mid Luxury SUV,volvo,xc90,T8 Ultra 7-Seater,1111,85045.1494149415
2026-06-01,Mid Luxury SUV,volvo,xc90,T8 Ultra 7P,4,75462.25
2026-06-01,Mid Luxury SUV,volvo,xc90,T8 Ultra Dark Theme 6-Seater,218,86812.41743119266
2026-06-01,Mid Luxury SUV,volvo,xc90,T8 Ultra Dark Theme 7-Seater,313,86555.03514376997
2026-06-01,Mid Luxury SUV,volvo,xc90,"Ultra Dark Theme, T8 AWD, Electric/Gasoline, 6 S",3,85938.33333333333
2026-06-01,Mid Luxury SUV,volvo,xc90,"Ultra Dark Theme, T8 AWD, Electric/Gasoline, 7 S",2,88282.0
2026-06-01,Mid Luxury SUV,volvo,xc90,"Ultra, B6 AWD Gas (mild hybrid), Gasoline, Brigh",10,74428.8
2026-06-01,Mid Luxury SUV,volvo,xc90,"Ultra, T8 AWD, Electric/Gasoline, Bright, 6 Seat",2,90154.5
2026-06-01,Mid Luxury SUV,volvo,xc90,"Ultra, T8 AWD, Electric/Gasoline, Bright, 7 Seat",17,86771.82352941176
2026-06-01,Near Luxury Car,acura,tlx,SH-AWD w/A-SPEC,17,52322.58823529412
2026-06-01,Near Luxury Car,acura,tlx,w/Tech,26,46847.88461538462
2026-06-01,Near Luxury Car,alfa_romeo,giulia,Base,125,52216.192
2026-06-01,Near Luxury Car,alfa_romeo,giulia,Quadrifoglio,1,81338.0
2026-06-01,Near Luxury Car,alfa_romeo,giulia,Special Edition AWD,3,47439.333333333336
2026-06-01,Near Luxury Car,alfa_romeo,giulia,Special Edition RWD,1,53733.0
2026-06-01,Near Luxury Car,alfa_romeo,giulia,Sprint,70,45353.9
2026-06-01,Near Luxury Car,alfa_romeo,giulia,Ti,4,51004.0
2026-06-01,Near Luxury Car,alfa_romeo,giulia,Veloce,1,52465.0
2026-06-01,Near Luxury Car,audi,a5,Premium,174,53130.8908045977
2026-06-01,Near Luxury Car,audi,a5,Premium Plus,734,56404.15667574932
2026-06-01,Near Luxury Car,audi,a5,Premium Plus TFSI quattro S tronic,1069,56641.928979400756
2026-06-01,Near Luxury Car,audi,a5,Premium TFSI quattro S tronic,282,52426.368226950355
2026-06-01,Near Luxury Car,audi,a5,Prestige,143,59243.43356643357
2026-06-01,Near Luxury Car,audi,a5,Prestige TFSI quattro S tronic,73,59475.68493150685
2026-06-01,Near Luxury Car,audi,a5,quattro S line Prem Plus 45 TFSI,1,58454.0
2026-06-01,Near Luxury Car,audi,a5,quattro S line Premium 45 TFSI,2,51026.0
2026-06-01,Near Luxury Car,audi,s5,Premium,5,64658.0
2026-06-01,Near Luxury Car,audi,s5,Premium Plus,453,70824.01986754966
2026-06-01,Near Luxury Car,audi,s5,Premium Plus TFSI quattro S tronic,473,70530.51797040169
2026-06-01,Near Luxury Car,audi,s5,Premium TFSI quattro S tronic,3,65062.0
2026-06-01,Near Luxury Car,audi,s5,Prestige,93,74603.83870967742
2026-06-01,Near Luxury Car,audi,s5,Prestige TFSI quattro S tronic,92,74051.01086956522
2026-06-01,Near Luxury Car,bmw,3_series,330i,1105,55472.0742081448
2026-06-01,Near Luxury Car,bmw,3_series,330i NA,756,55462.96560846561
2026-06-01,Near Luxury Car,bmw,3_series,330i NA xDrive,560,57249.482142857145
2026-06-01,Near Luxury Car,bmw,3_series,330i xDrive,610,57301.30655737705
2026-06-01,Near Luxury Car,bmw,3_series,M340i NA,146,69733.2602739726
2026-06-01,Near Luxury Car,bmw,3_series,M340i NA xDrive,96,73191.51041666667
2026-06-01,Near Luxury Car,bmw,3_series,M340i xDrive,64,74563.9375
2026-06-01,Near Luxury Car,bmw,3_series,NA,325,55779.24923076923
2026-06-01,Near Luxury Car,bmw,3_series,xDrive,436,57639.355504587154
2026-06-01,Near Luxury Car,bmw,3_series,xDrive NA,439,57095.74981776766
2026-06-01,Near Luxury Car,bmw,4_series,430i,487,62946.00047227925
2026-06-01,Near Luxury Car,bmw,4_series,430i xDrive,319,68206.13586206897
2026-06-01,Near Luxury Car,bmw,4_series,430i xDrive Gran Coupe,1,58025.0
2026-06-01,Near Luxury Car,bmw,4_series,M440i,182,77233.41397790055
2026-06-01,Near Luxury Car,bmw,4_series,M440i Gran Coupe,28,73125.17857142857
2026-06-01,Near Luxury Car,bmw,4_series,M440i xDrive,131,82167.05390625
2026-06-01,Near Luxury Car,bmw,4_series,i,2,73580.0
2026-06-01,Near Luxury Car,bmw,4_series,i xDrive,28,77021.64285714286
2026-06-01,Near Luxury Car,bmw,4_series,xDrive,139,65399.4492086331
2026-06-01,Near Luxury Car,bmw,4_series_gran_coupe,xDrive,321,68919.74040498443
2026-06-01,Near Luxury Car,bmw,m3,Base,29,91329.13793103448
2026-06-01,Near Luxury Car,bmw,m3,Base (M6),5,92866.8
2026-06-01,Near Luxury Car,bmw,m3,Competition,36,93408.38888888889
2026-06-01,Near Luxury Car,bmw,m3,Competition xDrive,150,102579.19333333333
2026-06-01,Near Luxury Car,bmw,m3,NA,17,70149.05882352941
2026-06-01,Near Luxury Car,bmw,m3,xDrive,7,77564.28571428571
2026-06-01,Near Luxury Car,bmw,m3,xDrive NA,13,72963.69230769231
2026-06-01,Near Luxury Car,bmw,m4,Base,57,93525.01754385965
2026-06-01,Near Luxury Car,bmw,m4,Competition,168,105420.58928571429
2026-06-01,Near Luxury Car,bmw,m4,Competition xDrive,143,102577.75352112677
2026-06-01,Near Luxury Car,cadillac,ct5,Base,2,68397.0
2026-06-01,Near Luxury Car,cadillac,ct5,Premium Luxury,34,52945.91176470588
2026-06-01,Near Luxury Car,cadillac,ct5,Premium Luxury RWD,1231,55406.30625507717
2026-06-01,Near Luxury Car,cadillac,ct5,Sport,27,53743.18518518518
2026-06-01,Near Luxury Car,cadillac,ct5,Sport RWD,852,57634.130281690144
2026-06-01,Near Luxury Car,cadillac,ct5,V-Series Blackwing RWD,61,134411.31147540984
2026-06-01,Near Luxury Car,cadillac,ct5,V-Series RWD,298,68210.18791946309
2026-06-01,Near Luxury Car,genesis,g70,2.5T,5,43652.333333333336
2026-06-01,Near Luxury Car,genesis,g70,2.5T AWD,172,47793.26162790698
2026-06-01,Near Luxury Car,genesis,g70,2.5T AWD Prestige,10,52631.6
2026-06-01,Near Luxury Car,genesis,g70,2.5T Prestige,2,44775.0
2026-06-01,Near Luxury Car,genesis,g70,2.5T RWD,184,46138.010869565216
2026-06-01,Near Luxury Car,genesis,g70,2.5T RWD Prestige,221,50927.0407239819
2026-06-01,Near Luxury Car,genesis,g70,2.5T Standard,26,44340.846153846156
2026-06-01,Near Luxury Car,genesis,g70,3.3T AWD Sport Prestige,813,55873.79089790898
2026-06-01,Near Luxury Car,genesis,g70,3.3T Prestige Graphite,145,60301.47586206897
2026-06-01,Near Luxury Car,genesis,g70,3.3T RWD Sport Prestige,400,56221.6575
2026-06-01,Near Luxury Car,genesis,g70,3.3T Sport Advanced,29,53887.41379310345
2026-06-01,Near Luxury Car,lexus,es_series,Base,9,49600.031111111115
2026-06-01,Near Luxury Car,lexus,es_series,F SPORT Handling,2,53682.0
2026-06-01,Near Luxury Car,lexus,es_series,Premium,251,55642.66717131474
2026-06-01,Near Luxury Car,lexus,es_series,Premium+,7,58949.0
2026-06-01,Near Luxury Car,lexus,is_series,F SPORT,1095,56257.68493150685
2026-06-01,Near Luxury Car,lexus,is_series,F SPORT Design,608,51425.04440789474
2026-06-01,Near Luxury Car,lexus,rc_series,F SPORT,1,60064.0
2026-06-01,Near Luxury Car,mercedes_benz,c_class,AMG C 43,522,74926.3735632184
2026-06-01,Near Luxury Car,mercedes_benz,c_class,AMG C 63 S E Performance,16,102568.5
2026-06-01,Near Luxury Car,mercedes_benz,c_class,C 300,2428,55806.98805601318
2026-06-01,Near Luxury Car,mercedes_benz,c_class,C 300 4MATIC,2206,57665.83816863101
2026-06-01,Near Luxury Car,volvo,s60_v60,B5 Core Dark Theme,2,45317.5
2026-06-01,Near Luxury Car,volvo,s60_v60,B5 Plus,249,55724.128514056225
2026-06-01,Near Luxury Car,volvo,s60_v60,B5 Ultra,82,60817.68292682927
2026-06-01,Near Luxury Car,volvo,s60_v60,T8 Plus Dark Theme,1,58520.0
2026-06-01,Near Luxury Car,volvo,s60_v60,T8 Ultra,1,154145.0
2026-06-01,Near Luxury EV SUV,audi,q4_e_tron,Premium,4,59477.5
2026-06-01,Near Luxury EV SUV,audi,q4_e_tron,quattro Premium 55 TFSI,1,55375.0
2026-06-01,Near Luxury EV SUV,audi,q4_e_tron,quattro Premium Plus 55,1,69479.0
2026-06-01,Near Luxury EV SUV,audi,q4_e_tron,quattro Premium Plus 55 TFSI,3,63998.333333333336
2026-06-01,Near Luxury EV SUV,audi,q4_e_tron,quattro Prestige 55 TFSI,1,66180.0
2026-06-01,Near Luxury EV SUV,cadillac,optiq,Luxury,422,55100.87203791469
2026-06-01,Near Luxury EV SUV,cadillac,optiq,Luxury 1 AWD,10,55105.7
2026-06-01,Near Luxury EV SUV,cadillac,optiq,Luxury 2 AWD,8,54839.875
2026-06-01,Near Luxury EV SUV,cadillac,optiq,Premium Luxury,123,58347.82113821138
2026-06-01,Near Luxury EV SUV,cadillac,optiq,Premium Sport,207,59047.36714975845
2026-06-01,Near Luxury EV SUV,cadillac,optiq,Sport,703,56140.84495021337
2026-06-01,Near Luxury EV SUV,cadillac,optiq,Sport 1 AWD,21,55235.380952380954
2026-06-01,Near Luxury EV SUV,cadillac,optiq,Sport 2 AWD,30,58525.833333333336
2026-06-01,Near Luxury EV SUV,cadillac,optiq,V-Series,114,75792.23684210527
2026-06-01,Near Luxury EV SUV,genesis,gv70_ev,Advanced,7,73456.57142857143
2026-06-01,Near Luxury EV SUV,genesis,gv70_ev,Base,9,75427.44444444444
2026-06-01,Near Luxury EV SUV,genesis,gv70_ev,Prestige,1,76240.0
2026-06-01,Near Luxury EV SUV,genesis,gv70_ev,Standard,11,66640.18181818182
2026-06-01,Near Luxury EV SUV,lexus,rz_series,F SPORT,9,61925.666666666664
2026-06-01,Near Luxury EV SUV,lexus,rz_series,Luxury,6,56208.5
2026-06-01,Near Luxury EV SUV,lexus,rz_series,Premium,322,52227.38571428572
2026-06-01,Near Luxury EV SUV,mercedes_benz,eqb,EQB 300 4MATIC,2,61940.0
2026-06-01,Near Luxury EV SUV,mercedes_benz,eqb,EQB 350 4MATIC,1,63245.0
2026-06-01,Near Luxury EV SUV,porsche,macan_electric,4S,74,109122.66216216216
2026-06-01,Near Luxury EV SUV,porsche,macan_electric,GTS,78,124141.91025641025
2026-06-01,Near Luxury SUV,acura,rdx,A-Spec,2,53549.0
2026-06-01,Near Luxury SUV,acura,rdx,A-Spec Advance,1,56900.0
2026-06-01,Near Luxury SUV,acura,rdx,Advance,4,55911.5
2026-06-01,Near Luxury SUV,acura,rdx,SH-AWD,17,46366.294117647056
2026-06-01,Near Luxury SUV,acura,rdx,SH-AWD w/A-SPEC,55,51958.72727272727
2026-06-01,Near Luxury SUV,acura,rdx,SH-AWD w/Advance,12,53206.181818181816
2026-06-01,Near Luxury SUV,acura,rdx,SH-AWD w/Advance w/A-SPEC,8,56460.28571428572
2026-06-01,Near Luxury SUV,acura,rdx,SH-AWD w/Tech,23,48933.04347826087
2026-06-01,Near Luxury SUV,acura,rdx,Technology,1,50549.0
2026-06-01,Near Luxury SUV,acura,rdx,w/A-Spec Advance Package,1293,57234.72924747867
2026-06-01,Near Luxury SUV,acura,rdx,w/A-Spec Package,1542,53037.88715953307
2026-06-01,Near Luxury SUV,acura,rdx,w/Advance Package,1346,55163.37295690936
2026-06-01,Near Luxury SUV,acura,rdx,w/Technology Package,2185,49955.714416475974
2026-06-01,Near Luxury SUV,alfa_romeo,stelvio,AWD,171,57474.85380116959
2026-06-01,Near Luxury SUV,alfa_romeo,stelvio,Base,74,52710.06756756757
2026-06-01,Near Luxury SUV,alfa_romeo,stelvio,Quadrifoglio,19,87255.63157894737
2026-06-01,Near Luxury SUV,alfa_romeo,stelvio,Special Edition Tributo Italiano AWD,1,56277.0
2026-06-01,Near Luxury SUV,alfa_romeo,stelvio,Sprint,100,50774.43
2026-06-01,Near Luxury SUV,alfa_romeo,stelvio,Ti,2,40043.0
2026-06-01,Near Luxury SUV,alfa_romeo,stelvio,Veloce,1,46458.0
2026-06-01,Near Luxury SUV,audi,q5_sq5,2.0T Progressiv,43,60699.651162790695
2026-06-01,Near Luxury SUV,audi,q5_sq5,2.0T Technik,14,65036.61538461538
2026-06-01,Near Luxury SUV,audi,q5_sq5,Premium,289,55529.833910034606
2026-06-01,Near Luxury SUV,audi,q5_sq5,Premium Plus,975,58272.79794871795
2026-06-01,Near Luxury SUV,audi,q5_sq5,Premium Plus TFSI quattro S tronic,2520,59279.915873015874
2026-06-01,Near Luxury SUV,audi,q5_sq5,Premium TFSI quattro S tronic,706,55421.24645892351
2026-06-01,Near Luxury SUV,audi,q5_sq5,Prestige,62,60826.032258064515
2026-06-01,Near Luxury SUV,audi,q5_sq5,Prestige TFSI quattro S tronic,179,63148.13966480447
2026-06-01,Near Luxury SUV,audi,q5_sq5,e quattro S line Prem Pl 55 TFSI,3,56945.0
2026-06-01,Near Luxury SUV,audi,q5_sq5,quattro S line Prem Plus 45 TFSI,9,52611.88888888889
2026-06-01,Near Luxury SUV,audi,sq5,3.0T quattro Premium Plus,2,69488.5
2026-06-01,Near Luxury SUV,audi,sq5,Premium Plus,454,73038.84801762115
2026-06-01,Near Luxury SUV,audi,sq5,Premium Plus TFSI quattro S tronic,1112,73019.96133093526
2026-06-01,Near Luxury SUV,audi,sq5,Premium TFSI quattro S tronic,1,68822.0
2026-06-01,Near Luxury SUV,audi,sq5,Presige TFSI quattro S tronic,79,76494.12658227848
2026-06-01,Near Luxury SUV,audi,sq5,Prestige,25,76780.96
2026-06-01,Near Luxury SUV,audi,sq5,Prestige TFSI quattro S tronic,1,69917.0
2026-06-01,Near Luxury SUV,bmw,x3,30 xDrive,9290,59843.71539289559
2026-06-01,Near Luxury SUV,bmw,x3,M50 xDrive,505,75413.37623762376
2026-06-01,Near Luxury SUV,bmw,x4,Base,1,89025.0
2026-06-01,Near Luxury SUV,bmw,x4,M40i,1,77850.0
2026-06-01,Near Luxury SUV,cadillac,xt4,Premium Luxury,3,46951.666666666664
2026-06-01,Near Luxury SUV,cadillac,xt4,Sport,2,49677.5
2026-06-01,Near Luxury SUV,genesis,gv70,2.5T,698,51933.93553008596
2026-06-01,Near Luxury SUV,genesis,gv70,2.5T Advanced,2381,59548.84712305754
2026-06-01,Near Luxury SUV,genesis,gv70,2.5T Prestige,1,59273.0
2026-06-01,Near Luxury SUV,genesis,gv70,2.5T Select,907,54781.587651598675
2026-06-01,Near Luxury SUV,genesis,gv70,2.5T Sport Prestige,2018,62938.893954410305
2026-06-01,Near Luxury SUV,genesis,gv70,2.5T Standard,7,53281.0
2026-06-01,Near Luxury SUV,genesis,gv70,3.5T Sport,37,64231.86486486487
2026-06-01,Near Luxury SUV,genesis,gv70,3.5T Sport Advanced,337,65885.89317507419
2026-06-01,Near Luxury SUV,genesis,gv70,3.5T Sport Prestige,1622,72534.83538840937
2026-06-01,Near Luxury SUV,infiniti,qx50,Luxe,10,46067.1
2026-06-01,Near Luxury SUV,infiniti,qx50,Pure,1,42468.0
2026-06-01,Near Luxury SUV,infiniti,qx50,Sport,13,49924.230769230766
2026-06-01,Near Luxury SUV,infiniti,qx55,Essential,1,56749.0
2026-06-01,Near Luxury SUV,infiniti,qx55,Luxe,5,46553.6
2026-06-01,Near Luxury SUV,infiniti,qx55,Sensory,2,57453.0
2026-06-01,Near Luxury SUV,jaguar,e_pace,P250 R-Dynamic SE,9,52412.375
2026-06-01,Near Luxury SUV,land_rover,discovery_sport,Landmark,410,55231.64373464374
2026-06-01,Near Luxury SUV,land_rover,discovery_sport,P250 Dynamic SE,20,56722.45
2026-06-01,Near Luxury SUV,land_rover,discovery_sport,P250 S,67,51336.79104477612
2026-06-01,Near Luxury SUV,land_rover,range_rover_evoque,Hoxton Edition,113,61715.69911504425
2026-06-01,Near Luxury SUV,land_rover,range_rover_evoque,P250 Dynamic SE,112,62171.5
2026-06-01,Near Luxury SUV,land_rover,range_rover_evoque,P250 S,336,56770.755952380954
2026-06-01,Near Luxury SUV,lexus,nx_series,Base,424,57599.36099056603
2026-06-01,Near Luxury SUV,lexus,nx_series,F SPORT Handling,262,63092.2775862069
2026-06-01,Near Luxury SUV,lexus,nx_series,Luxury,543,59950.47445672192
2026-06-01,Near Luxury SUV,lexus,nx_series,Premium,1208,55381.3231125828
2026-06-01,Near Luxury SUV,maserati,grecale,Base,123,80179.1138211382
2026-06-01,Near Luxury SUV,maserati,grecale,Folgore,9,109422.11111111111
2026-06-01,Near Luxury SUV,maserati,grecale,GT,24,65534.666666666664
2026-06-01,Near Luxury SUV,maserati,grecale,Modena,333,91916.44444444444
2026-06-01,Near Luxury SUV,maserati,grecale,Trofeo,17,124338.4705882353
2026-06-01,Near Luxury SUV,mercedes_benz,benz_amg_glc,4MATIC,314,85367.68894904459
2026-06-01,Near Luxury SUV,mercedes_benz,glb,AMG GLB 35,326,66753.31288343559
2026-06-01,Near Luxury SUV,mercedes_benz,glb,GLB 250,1858,50387.647470398275
2026-06-01,Near Luxury SUV,mercedes_benz,glb,GLB 250 4MATIC,2054,53498.67721518988
2026-06-01,Near Luxury SUV,mercedes_benz,glc_class,4MATIC,159,67617.25157232705
2026-06-01,Near Luxury SUV,mercedes_benz,glc_class,4MATIC SUV,7,56592.5
2026-06-01,Near Luxury SUV,mercedes_benz,glc_class,xDrive,46,57627.97777777778
2026-06-01,Near Luxury SUV,porsche,macan,4 Electric,396,101386.31565656565
2026-06-01,Near Luxury SUV,porsche,macan,Base,3309,81602.3907524932
2026-06-01,Near Luxury SUV,porsche,macan,Electric,237,95855.19831223629
2026-06-01,Near Luxury SUV,porsche,macan,Electric 4S,1,107870.0
2026-06-01,Near Luxury SUV,porsche,macan,Electric Turbo,68,135535.35294117648
2026-06-01,Near Luxury SUV,porsche,macan,GTS,319,115031.60815047022
2026-06-01,Near Luxury SUV,porsche,macan,S,1087,98477.14259429622
2026-06-01,Near Luxury SUV,porsche,macan,T,456,84115.81140350878
2026-06-01,Near Luxury SUV,porsche,macan,Turbo Electric,31,130338.03225806452
2026-06-01,Near Luxury SUV,volvo,xc60,B5 Core,768,51174.236979166664
2026-06-01,Near Luxury SUV,volvo,xc60,B5 Core Dark Theme,1,51125.0
2026-06-01,Near Luxury SUV,volvo,xc60,B5 Plus,3334,57381.31433713257
2026-06-01,Near Luxury SUV,volvo,xc60,B5 Ultra,1534,63775.676010430245
2026-06-01,Near Luxury SUV,volvo,xc60,B5 Ultra Black Edition,349,64739.04871060172
2026-06-01,Near Luxury SUV,volvo,xc60,"Black Edition Ultra, T8 AWD Electric/Gasoline, D",2,75706.5
2026-06-01,Near Luxury SUV,volvo,xc60,Plus Dark Theme,1123,59909.55743544079
2026-06-01,Near Luxury SUV,volvo,xc60,"Plus, T8 AWD Electric/Gasoline, Dark",14,66573.85714285714
2026-06-01,Near Luxury SUV,volvo,xc60,T8 Core,89,60861.89887640449
2026-06-01,Near Luxury SUV,volvo,xc60,T8 Plus,842,67333.95724465558
2026-06-01,Near Luxury SUV,volvo,xc60,T8 Polestar Engineered,51,81483.11764705883
2026-06-01,Near Luxury SUV,volvo,xc60,T8 Ultra,787,73854.62642947903
2026-06-01,Near Luxury SUV,volvo,xc60,T8 Ultra Black Edition,273,74961.80586080586
2026-06-01,Near Luxury SUV,volvo,xc60,Ultra Dark Theme,604,67792.16556291391
2026-06-01,Near Luxury SUV,volvo,xc60,"Ultra, T8 AWD Electric/Gasoline, Dark",4,72721.0
2026-06-01,Near Luxury SUV,volvo,xc60_recharge,T8 Core Dark Theme,1,50280.0
2026-06-01,Near Luxury SUV,volvo,xc60_recharge,T8 Plus Dark Theme,1,64720.0
2026-06-01,Near Luxury SUV,volvo,xc60_recharge,T8 Polestar Engineered,1,68635.0
2026-06-01,Premium Luxury Car,audi,a8_s8,4.0T quattro,69,132917.115942029
2026-06-01,Premium Luxury Car,audi,a8_s8,55 TFSI quattro Tiptronic,157,96971.79617834395
2026-06-01,Premium Luxury Car,audi,a8_s8,quattro 55 TFSI,5,88916.4
2026-06-01,Premium Luxury Car,bentley,flying_spur,Azure Hybrid,125,317088.25641025644
2026-06-01,Premium Luxury Car,bentley,flying_spur,Black Edition,7,309227.14285714284
2026-06-01,Premium Luxury Car,bentley,flying_spur,Speed,12,338015.8333333333
2026-06-01,Premium Luxury Car,bentley,flying_spur,Speed First Edition,7,320424.28571428574
2026-06-01,Premium Luxury Car,bmw,7_series,740i,293,110093.36177474403
2026-06-01,Premium Luxury Car,bmw,7_series,740i xDrive,165,112623.93333333333
2026-06-01,Premium Luxury Car,bmw,7_series,750e xDrive,318,121988.72327044026
2026-06-01,Premium Luxury Car,bmw,7_series,760i xDrive,303,139462.3795379538
2026-06-01,Premium Luxury Car,bmw,7_series,xDrive,387,128986.71875968992
2026-06-01,Premium Luxury Car,genesis,g90,3.5T,22,91835.27272727272
2026-06-01,Premium Luxury Car,genesis,g90,3.5T E-SC MHEV AWD,309,102582.78964401294
2026-06-01,Premium Luxury Car,genesis,g90,3.5T E-SC Prestige Black AWD,1,108200.0
2026-06-01,Premium Luxury Car,genesis,g90,3.5T e-Supercharger,54,103129.38888888889
2026-06-01,Premium Luxury Car,genesis,g90,e-SC Prestige Black,128,105784.2109375
2026-06-01,Premium Luxury Car,maserati,quattroporte,Modena Q4,1,91995.0
2026-06-01,Premium Luxury Car,maserati,quattroporte,Modena Ultima Q4,4,105758.0
2026-06-01,Premium Luxury Car,mercedes_benz,s_class,AMG S 63 E Performance,294,211907.57142857142
2026-06-01,Premium Luxury Car,mercedes_benz,s_class,Maybach S 680,22,267313.0909090909
2026-06-01,Premium Luxury Car,mercedes_benz,s_class,Mercedes-Maybach S 580 4MATIC,76,220924.01315789475
2026-06-01,Premium Luxury Car,mercedes_benz,s_class,Mercedes-Maybach S 680 4MATIC,2,342997.0
2026-06-01,Premium Luxury Car,mercedes_benz,s_class,S 500 4MATIC,212,132050.50943396226
2026-06-01,Premium Luxury Car,mercedes_benz,s_class,S 580 4MATIC,876,145974.50228310502
2026-06-01,Premium Luxury Car,mercedes_benz,s_class,S 580e 4MATIC,86,141701.46511627908
2026-06-01,Premium Luxury Car,porsche,panamera,4,487,144205.68172484598
2026-06-01,Premium Luxury Car,porsche,panamera,4 E-Hybrid,18,151923.38888888888
2026-06-01,Premium Luxury Car,porsche,panamera,4S,5,165891.0
2026-06-01,Premium Luxury Car,porsche,panamera,Base,188,135799.94680851063
2026-06-01,Premium Luxury Car,porsche,panamera,GTS,88,191777.125
2026-06-01,Premium Luxury Car,porsche,panamera,Turbo,6,231053.66666666666
2026-06-01,Premium Luxury Car,porsche,panamera,Turbo E-Hybrid,1,242605.0
2026-06-01,Premium Luxury Car,rolls_royce,ghost,Base,23,425533.36363636365
2026-06-01,Premium Luxury Car,rolls_royce,ghost,Black Badge,12,489979.0
2026-06-01,Premium Luxury Car,rolls_royce,phantom,Base,3,718275.3333333334
2026-07-01,Entry Luxury EV SUV,genesis,gv60,"19""""",28,55745.333333333336
2026-07-01,Entry Luxury EV SUV,genesis,gv60,AWD,2,53674.5
2026-07-01,Entry Luxury EV SUV,genesis,gv60,"Advanced 20""""",26,59757.61538461538
2026-07-01,Entry Luxury EV SUV,genesis,gv60,Performance,23,70563.69565217392
2026-07-01,Entry Luxury EV SUV,genesis,gv60,RWD,62,52480.58064516129
2026-07-01,Entry Luxury EV SUV,genesis,gv60,Standard,9,47012.22222222222
2026-07-01,Entry Luxury EV SUV,volvo,ex30,Cross Country Ultra,336,48501.0
2026-07-01,Entry Luxury EV SUV,volvo,ex30,"Cross Country Ultra, Twin Motor Performance, Ful",28,50819.53571428572
2026-07-01,Entry Luxury EV SUV,volvo,ex30,Plus,13,39092.846153846156
2026-07-01,Entry Luxury EV SUV,volvo,ex30,"Plus Twin Motor Performance, Fully electric",472,44697.28177966102
2026-07-01,Entry Luxury EV SUV,volvo,ex30,"Plus, Single Motor, Fuly electric",36,39525.27777777778
2026-07-01,Entry Luxury EV SUV,volvo,ex30,Twin Motor Plus,26,44395.53846153846
2026-07-01,Entry Luxury EV SUV,volvo,ex30,Twin Motor Ultra,10,43945.2
2026-07-01,Entry Luxury EV SUV,volvo,ex30,Ultra,132,47234.46212121212
2026-07-01,Entry Luxury EV SUV,volvo,ex30,"Ultra Twin Motor Performance, Fully electric",280,45988.35357142857
2026-07-01,Entry Luxury EV SUV,volvo,ex40,"Black Edition Ultra, Twin Motor, Fully electric",1,55543.0
2026-07-01,Entry Luxury EV SUV,volvo,ex40,Single Motor Extended Range Plus,33,57129.06060606061
2026-07-01,Entry Luxury EV SUV,volvo,ex40,Twin Motor Plus,19,56875.94736842105
2026-07-01,Entry Luxury EV SUV,volvo,ex40,Twin Motor Ultra Black Edition,26,60180.53846153846
2026-07-01,Mid Luxury Car,audi,a6_e_tron,Premium,21,67668.66666666667
2026-07-01,Mid Luxury Car,audi,a6_e_tron,Premium Plus,71,76207.18309859154
2026-07-01,Mid Luxury Car,audi,a6_e_tron,Prestige,10,79766.5
2026-07-01,Mid Luxury Car,audi,a6_s6,Premium Plus quattro S tronic,1442,68120.57420249653
2026-07-01,Mid Luxury Car,audi,a6_s6,Premium quattro S tronic,115,63469.12173913044
2026-07-01,Mid Luxury Car,audi,a6_s6,Prestige quattro S tronic,80,75376.95
2026-07-01,Mid Luxury Car,audi,a6_s6,Technik,334,74140.81736526947
2026-07-01,Mid Luxury Car,audi,a6_s6,quattro tiptronic,2,145693.0
2026-07-01,Mid Luxury Car,audi,a7_s7_rs_7,4.0T quattro performance,3,139111.0
2026-07-01,Mid Luxury Car,audi,a7_s7_rs_7,quattro tiptronic,16,148848.3125
2026-07-01,Mid Luxury Car,bmw,5_series,530i,1102,70129.45281306715
2026-07-01,Mid Luxury Car,bmw,5_series,530i xDrive,910,71963.36563876653
2026-07-01,Mid Luxury Car,bmw,5_series,540i xDrive,247,81506.1902834008
2026-07-01,Mid Luxury Car,bmw,5_series,550e xDrive,507,86965.62327416174
2026-07-01,Mid Luxury Car,bmw,5_series,xDrive,247,71524.44089795918
2026-07-01,Mid Luxury Car,bmw,m5,Base,238,136489.79831932773
2026-07-01,Mid Luxury Car,bmw,m5,Base (A8),31,138022.5
2026-07-01,Mid Luxury Car,bmw,m5,Touring,10,141539.66666666666
2026-07-01,Mid Luxury Car,genesis,g80,2.5T,90,64194.64444444444
2026-07-01,Mid Luxury Car,genesis,g80,2.5T Advanced,166,66273.45180722892
2026-07-01,Mid Luxury Car,genesis,g80,2.5T Sport Prestige,199,72494.97989949748
2026-07-01,Mid Luxury Car,genesis,g80,3.5T Prestige Black,153,81649.0522875817
2026-07-01,Mid Luxury Car,genesis,g80,3.5T Prestige Black AWD,1,81790.0
2026-07-01,Mid Luxury Car,genesis,g80,3.5T Sport,22,72324.90909090909
2026-07-01,Mid Luxury Car,genesis,g80,3.5T Sport Advanced,5,66030.6
2026-07-01,Mid Luxury Car,genesis,g80,3.5T Sport Prestige,210,80843.64285714286
2026-07-01,Mid Luxury Car,jaguar,xf,P300 R-Dynamic SE,41,47830.90243902439
2026-07-01,Mid Luxury Car,maserati,ghibli,Modena Q4,3,93458.66666666667
2026-07-01,Mid Luxury Car,maserati,ghibli,Modena Ultima Q4,14,104673.35714285714
2026-07-01,Mid Luxury Car,mercedes_benz,cle,AMG CLE 53,472,93689.17707627118
2026-07-01,Mid Luxury Car,mercedes_benz,cle,CLE 300 4MATIC,882,71677.34450113379
2026-07-01,Mid Luxury Car,mercedes_benz,cle,CLE 450 4MATIC,3,73991.83333333333
2026-07-01,Mid Luxury Car,mercedes_benz,e_class,AMG E 53,696,108160.24097701149
2026-07-01,Mid Luxury Car,mercedes_benz,e_class,AMG E 53 E,6,106349.5
2026-07-01,Mid Luxury Car,mercedes_benz,e_class,E 350,1307,72544.17444529457
2026-07-01,Mid Luxury Car,mercedes_benz,e_class,E 350 4MATIC,859,75682.6717112922
2026-07-01,Mid Luxury Car,mercedes_benz,e_class,E 450 4MATIC,543,83965.31123388582
2026-07-01,Mid Luxury Car,mercedes_benz,e_class,E 450 4MATIC All-Terrain,72,88603.51388888889
2026-07-01,Mid Luxury Car,volvo,s90,T8 Ultimate,2,68506.0
2026-07-01,Mid Luxury Car,volvo,s90,T8 Ultra,1,59315.0
2026-07-01,Mid Luxury Car,volvo,v90,B6 Ultra,1,77580.0
2026-07-01,Mid Luxury SUV,acura,mdx,Advance Package,2,61963.0
2026-07-01,Mid Luxury SUV,acura,mdx,Base,211,54192.654028436016
2026-07-01,Mid Luxury SUV,acura,mdx,SH-AWD,1032,56165.500968992244
2026-07-01,Mid Luxury SUV,acura,mdx,SH-AWD Type S w/Advance Package,1721,78248.06624055782
2026-07-01,Mid Luxury SUV,acura,mdx,SH-AWD w/A-SPEC,278,64513.56317689531
2026-07-01,Mid Luxury SUV,acura,mdx,SH-AWD w/Advance,78,68791.05128205128
2026-07-01,Mid Luxury SUV,acura,mdx,SH-AWD w/Platinum Elite w/A-Spec,68,70869.13235294117
2026-07-01,Mid Luxury SUV,acura,mdx,SH-AWD w/Tech,2987,61475.1359223301
2026-07-01,Mid Luxury SUV,acura,mdx,Type S Advance Package,6,78116.16666666667
2026-07-01,Mid Luxury SUV,acura,mdx,w/A-Spec Advance Package,1768,71100.94400452489
2026-07-01,Mid Luxury SUV,acura,mdx,w/A-Spec Package,1695,64595.68318584071
2026-07-01,Mid Luxury SUV,acura,mdx,w/Advance Package,3100,69057.63161290322
2026-07-01,Mid Luxury SUV,acura,mdx,w/Tech,18,58174.94117647059
2026-07-01,Mid Luxury SUV,acura,mdx,w/Technology Package,1418,59591.29689703808
2026-07-01,Mid Luxury SUV,audi,q7,Premium,21,64706.380952380954
2026-07-01,Mid Luxury SUV,audi,q7,Premium Plus S line TFSI quattro tiptronic,49,73585.55102040817
2026-07-01,Mid Luxury SUV,audi,q7,Premium Plus TFSI quattro tiptronic,512,71931.970703125
2026-07-01,Mid Luxury SUV,audi,q7,Premium S line TFSI quattro tiptronic,80,67629.3125
2026-07-01,Mid Luxury SUV,audi,q7,Prestige,41,79939.46341463414
2026-07-01,Mid Luxury SUV,audi,q7,Prestige 55 TFSI quattro tiptronic,301,79732.30897009966
2026-07-01,Mid Luxury SUV,audi,q7,quattro 55 TFSI,4,70096.75
2026-07-01,Mid Luxury SUV,audi,q7,quattro Premium 45 TFSI,355,61664.8647887324
2026-07-01,Mid Luxury SUV,audi,q7,quattro Premium 55 TFSI,21,66359.57142857143
2026-07-01,Mid Luxury SUV,audi,q7,quattro Premium Plus 45 TFSI,344,65107.75
2026-07-01,Mid Luxury SUV,audi,q7,quattro Premium Plus 55 TFSI,484,71241.77066115703
2026-07-01,Mid Luxury SUV,audi,q7,quattro Prestige 55 TFSI,3,78788.66666666667
2026-07-01,Mid Luxury SUV,audi,q7,quattro Progressiv 55 TFSI,15,73048.73333333334
2026-07-01,Mid Luxury SUV,audi,q7_sq7,4.0T quattro Premium Plus,98,97518.33673469388
2026-07-01,Mid Luxury SUV,audi,q7_sq7,4.0T quattro Prestige,64,108690.125
2026-07-01,Mid Luxury SUV,audi,q7_sq7,Prestige,11,109605.54545454546
2026-07-01,Mid Luxury SUV,bmw,x5,Competition,489,144101.73415132923
2026-07-01,Mid Luxury SUV,bmw,x5,M60i,1431,106628.71139063592
2026-07-01,Mid Luxury SUV,bmw,x5,sDrive40i,2866,80075.49511514306
2026-07-01,Mid Luxury SUV,bmw,x5,xDrive40i,8886,83046.88419986496
2026-07-01,Mid Luxury SUV,bmw,x5,xDrive50e,4818,87799.96616853467
2026-07-01,Mid Luxury SUV,bmw,x5_xdrive45e,Competition,150,148431.57333333333
2026-07-01,Mid Luxury SUV,bmw,x6,M60i,371,110736.99191374663
2026-07-01,Mid Luxury SUV,bmw,x6,xDrive40i,814,89900.02825552826
2026-07-01,Mid Luxury SUV,cadillac,xt5,Luxury,30,45542.433333333334
2026-07-01,Mid Luxury SUV,cadillac,xt5,Luxury AWD,373,48557.20643431635
2026-07-01,Mid Luxury SUV,cadillac,xt5,Luxury FWD,238,45996.15966386555
2026-07-01,Mid Luxury SUV,cadillac,xt5,Premium Luxury,117,53069.94827586207
2026-07-01,Mid Luxury SUV,cadillac,xt5,Premium Luxury AWD,1403,60186.100498930864
2026-07-01,Mid Luxury SUV,cadillac,xt5,Premium Luxury FWD,1413,58725.95966029724
2026-07-01,Mid Luxury SUV,cadillac,xt5,Sport,21,61352.42857142857
2026-07-01,Mid Luxury SUV,cadillac,xt5,Sport AWD,361,66909.65096952909
2026-07-01,Mid Luxury SUV,cadillac,xt6,Luxury,31,49081.709677419356
2026-07-01,Mid Luxury SUV,cadillac,xt6,Premium Luxury,44,60746.25
2026-07-01,Mid Luxury SUV,cadillac,xt6,Sport,11,67059.63636363637
2026-07-01,Mid Luxury SUV,genesis,gv80,2.5T,12,64073.166666666664
2026-07-01,Mid Luxury SUV,genesis,gv80,2.5T AWD,108,62240.5
2026-07-01,Mid Luxury SUV,genesis,gv80,2.5T Advanced,769,70653.16384915475
2026-07-01,Mid Luxury SUV,genesis,gv80,2.5T Prestige,739,75345.13802435723
2026-07-01,Mid Luxury SUV,genesis,gv80,2.5T Select,451,66028.80044345898
2026-07-01,Mid Luxury SUV,genesis,gv80,2.5T Standard,6,58842.0
2026-07-01,Mid Luxury SUV,genesis,gv80,2.5T Standard AWD,113,60325.69026548672
2026-07-01,Mid Luxury SUV,genesis,gv80,3.5T Advanced,578,77825.92906574394
2026-07-01,Mid Luxury SUV,genesis,gv80,3.5T Prestige,1,86240.0
2026-07-01,Mid Luxury SUV,genesis,gv80,3.5T Prestige Black AWD,743,84913.30551816958
2026-07-01,Mid Luxury SUV,genesis,gv80,3.5T Prestige Signature,1982,83788.2618567104
2026-07-01,Mid Luxury SUV,genesis,gv80_coupe,3.5T,39,83464.58974358975
2026-07-01,Mid Luxury SUV,genesis,gv80_coupe,3.5T AWD,1,84688.0
2026-07-01,Mid Luxury SUV,genesis,gv80_coupe,3.5T E-SC,286,88454.30769230769
2026-07-01,Mid Luxury SUV,genesis,gv80_coupe,3.5T E-SC MHEV AWD,370,89373.07837837838
2026-07-01,Mid Luxury SUV,genesis,gv80_coupe,3.5T V6 AWD,1,82360.0
2026-07-01,Mid Luxury SUV,genesis,gv80_coupe,3.5T e-SC Prestige Black,181,90958.03867403315
2026-07-01,Mid Luxury SUV,ineos,grenadier,1924 Limited Edition,152,86054.26315789473
2026-07-01,Mid Luxury SUV,ineos,grenadier,Base,24,81450.45833333333
2026-07-01,Mid Luxury SUV,ineos,grenadier,Fieldmaster,9,74738.33333333333
2026-07-01,Mid Luxury SUV,ineos,grenadier,Fieldmaster Edition,609,87645.29556650246
2026-07-01,Mid Luxury SUV,ineos,grenadier,Trialmaster,1,79565.0
2026-07-01,Mid Luxury SUV,ineos,grenadier,Trialmaster Edition,180,92149.77777777778
2026-07-01,Mid Luxury SUV,infiniti,qx60,AUTOGRAPH AWD,10,69493.1
2026-07-01,Mid Luxury SUV,infiniti,qx60,Autograph,1319,68768.27899924185
2026-07-01,Mid Luxury SUV,infiniti,qx60,LUXE AWD,5,60642.0
2026-07-01,Mid Luxury SUV,infiniti,qx60,Luxe,3837,59049.82668751629
2026-07-01,Mid Luxury SUV,infiniti,qx60,Pure,147,51898.204081632655
2026-07-01,Mid Luxury SUV,infiniti,qx60,SPORT,1293,63466.501160092805
2026-07-01,Mid Luxury SUV,infiniti,qx60,SPORT AWD,35,63506.828571428574
2026-07-01,Mid Luxury SUV,infiniti,qx60,Sensory,1,54283.0
2026-07-01,Mid Luxury SUV,infiniti,qx65,AUTOGRAPH,864,66544.91087962964
2026-07-01,Mid Luxury SUV,infiniti,qx65,LUXE,169,56997.887573964494
2026-07-01,Mid Luxury SUV,infiniti,qx65,SPORT,673,60084.921248142644
2026-07-01,Mid Luxury SUV,jaguar,f_pace,P250 R-Dynamic S,565,65306.929203539825
2026-07-01,Mid Luxury SUV,jaguar,f_pace,P400 R-Dynamic S,208,76680.88942307692
2026-07-01,Mid Luxury SUV,jaguar,f_pace,SVR 575 EDITION,31,98169.03225806452
2026-07-01,Mid Luxury SUV,land_rover,defender,110 P300 S,682,76412.07184750734
2026-07-01,Mid Luxury SUV,land_rover,defender,110 P400 S,3,79944.66666666667
2026-07-01,Mid Luxury SUV,land_rover,defender,110 P400 X,2,93667.5
2026-07-01,Mid Luxury SUV,land_rover,defender,110 P400 X-Dynamic SE,1394,90035.38163558106
2026-07-01,Mid Luxury SUV,land_rover,defender,110 P500 X-Dynamic SE,119,115142.20168067227
2026-07-01,Mid Luxury SUV,land_rover,defender,110 V8 P500 SE,1,106113.0
2026-07-01,Mid Luxury SUV,land_rover,defender,110 V8 P525,106,127416.72641509434
2026-07-01,Mid Luxury SUV,land_rover,defender,130 P300 S,301,87783.87707641195
2026-07-01,Mid Luxury SUV,land_rover,defender,130 P400 Outbound,1,82987.0
2026-07-01,Mid Luxury SUV,land_rover,defender,130 P400 S,10,86443.8
2026-07-01,Mid Luxury SUV,land_rover,defender,130 P400 X,1,109713.0
2026-07-01,Mid Luxury SUV,land_rover,defender,130 P400 X-Dynamic SE,537,99956.78398510242
2026-07-01,Mid Luxury SUV,land_rover,defender,130 P500 V8,8,121854.5
2026-07-01,Mid Luxury SUV,land_rover,defender,130 V8 P500,126,132625.84126984127
2026-07-01,Mid Luxury SUV,land_rover,defender,90 P300 S,3,66412.0
2026-07-01,Mid Luxury SUV,land_rover,defender,90 P400 X-Dynamic SE,28,83205.96428571429
2026-07-01,Mid Luxury SUV,land_rover,defender,OCTA,222,173953.52702702704
2026-07-01,Mid Luxury SUV,land_rover,defender,P300 S,7,80301.71428571429
2026-07-01,Mid Luxury SUV,land_rover,defender,P400 Outbound,5,103096.6
2026-07-01,Mid Luxury SUV,land_rover,defender,P400 Trophy Edition Deep Sandglow,11,100065.90909090909
2026-07-01,Mid Luxury SUV,land_rover,defender,P400 Trophy Edition Keswick,37,98201.48648648648
2026-07-01,Mid Luxury SUV,land_rover,defender,P400 X,181,109090.14364640883
2026-07-01,Mid Luxury SUV,land_rover,defender,P400 X-Dynamic SE,13,93241.38461538461
2026-07-01,Mid Luxury SUV,land_rover,defender,P500 V8,1,135446.0
2026-07-01,Mid Luxury SUV,land_rover,defender,P500 X-Dynamic SE,1,118114.0
2026-07-01,Mid Luxury SUV,land_rover,defender,P525 V8,51,122298.33333333333
2026-07-01,Mid Luxury SUV,land_rover,defender,P635 OCTA,11,177739.72727272726
2026-07-01,Mid Luxury SUV,land_rover,defender,P635 OCTA Black,131,180251.96183206106
2026-07-01,Mid Luxury SUV,land_rover,defender,S,30,79879.16666666667
2026-07-01,Mid Luxury SUV,land_rover,defender,X,21,107691.57142857143
2026-07-01,Mid Luxury SUV,land_rover,defender,X-Dynamic SE,85,92379.69411764706
2026-07-01,Mid Luxury SUV,land_rover,discovery,Gemini Edition,206,80472.91262135922
2026-07-01,Mid Luxury SUV,land_rover,discovery,P300 Dynamic SE,202,74542.10396039604
2026-07-01,Mid Luxury SUV,land_rover,discovery,P300 S,182,67868.62087912088
2026-07-01,Mid Luxury SUV,land_rover,discovery,P360 Dynamic SE,15,76285.13333333333
2026-07-01,Mid Luxury SUV,land_rover,discovery,P360 Metropolitan,6,78707.0
2026-07-01,Mid Luxury SUV,land_rover,discovery,Tempest Edition,32,91442.65625
2026-07-01,Mid Luxury SUV,land_rover,range_rover_velar,Autobiography,9,89917.66666666667
2026-07-01,Mid Luxury SUV,land_rover,range_rover_velar,Belgravia Edition,395,74825.62025316455
2026-07-01,Mid Luxury SUV,land_rover,range_rover_velar,Belgravia Edition Satin,18,85593.44444444444
2026-07-01,Mid Luxury SUV,land_rover,range_rover_velar,Dynamic SE,278,75836.02158273381
2026-07-01,Mid Luxury SUV,land_rover,range_rover_velar,P250 Dynamic SE,148,74402.0945945946
2026-07-01,Mid Luxury SUV,land_rover,range_rover_velar,P250 S,222,69091.81531531531
2026-07-01,Mid Luxury SUV,land_rover,range_rover_velar,P400 Autobiography,11,89133.81818181818
2026-07-01,Mid Luxury SUV,land_rover,range_rover_velar,P400 Dynamic HSE,3,84695.0
2026-07-01,Mid Luxury SUV,land_rover,range_rover_velar,P400 Dynamic SE,42,78604.61904761905
2026-07-01,Mid Luxury SUV,land_rover,range_rover_velar,S,264,69063.9696969697
2026-07-01,Mid Luxury SUV,lexus,gx_series,Luxury,1,88972.0
2026-07-01,Mid Luxury SUV,lexus,gx_series,Luxury+,267,89174.86891385767
2026-07-01,Mid Luxury SUV,lexus,gx_series,Overtrail,2,77804.0
2026-07-01,Mid Luxury SUV,lexus,gx_series,Overtrail+,149,84927.34228187919
2026-07-01,Mid Luxury SUV,lexus,gx_series,Premium+,206,76790.79126213593
2026-07-01,Mid Luxury SUV,lexus,rx_series,Base,65,61968.06153846154
2026-07-01,Mid Luxury SUV,lexus,rx_series,F SPORT Design,219,63876.06835616439
2026-07-01,Mid Luxury SUV,lexus,rx_series,F SPORT Handling,112,66500.47321428571
2026-07-01,Mid Luxury SUV,lexus,rx_series,F SPORT Performance,91,78364.5054945055
2026-07-01,Mid Luxury SUV,lexus,rx_series,Luxury,1071,72131.00704948646
2026-07-01,Mid Luxury SUV,lexus,rx_series,Premium,760,62421.004842105256
2026-07-01,Mid Luxury SUV,lexus,rx_series,Premium+,3090,63423.58727184466
2026-07-01,Mid Luxury SUV,lexus,tx,Base,6,62741.0
2026-07-01,Mid Luxury SUV,lexus,tx,F SPORT Handling,141,73258.1134751773
2026-07-01,Mid Luxury SUV,lexus,tx,F SPORT Performance Luxury,91,80924.61538461539
2026-07-01,Mid Luxury SUV,lexus,tx,F SPORT Performance Premium,791,76348.76864728192
2026-07-01,Mid Luxury SUV,lexus,tx,Luxury,775,75381.66678709678
2026-07-01,Mid Luxury SUV,lexus,tx,Premium,2316,66879.34671848014
2026-07-01,Mid Luxury SUV,lincoln,aviator,Black Label,280,87793.28571428571
2026-07-01,Mid Luxury SUV,lincoln,aviator,Livery,13,61483.846153846156
2026-07-01,Mid Luxury SUV,lincoln,aviator,Premiere,1762,60451.30703745744
2026-07-01,Mid Luxury SUV,lincoln,aviator,Reserve,1861,72444.22031166039
2026-07-01,Mid Luxury SUV,lincoln,nautilus,Black Label,332,78841.40963855422
2026-07-01,Mid Luxury SUV,lincoln,nautilus,Premiere,3167,57941.337859172716
2026-07-01,Mid Luxury SUV,lincoln,nautilus,Reserve,2139,66190.76811594203
2026-07-01,Mid Luxury SUV,mercedes_benz,benz_amg_gle,4MATIC+,1456,101807.78901098901
2026-07-01,Mid Luxury SUV,mercedes_benz,benz_amg_gle,S 4MATIC+,517,143713.3249516441
2026-07-01,Mid Luxury SUV,mercedes_benz,gle_class,4MATIC,441,84154.54827664401
2026-07-01,Mid Luxury SUV,mercedes_benz,gle_class,AMG GLE 53,653,101927.52526799387
2026-07-01,Mid Luxury SUV,mercedes_benz,gle_class,AMG GLE 63 S,278,143105.43165467627
2026-07-01,Mid Luxury SUV,mercedes_benz,gle_class,GLE 350,1932,73022.19720496895
2026-07-01,Mid Luxury SUV,mercedes_benz,gle_class,GLE 350 4MATIC,8708,75890.41467615985
2026-07-01,Mid Luxury SUV,mercedes_benz,gle_class,GLE 450 4MATIC,6625,83852.97177358491
2026-07-01,Mid Luxury SUV,mercedes_benz,gle_class,GLE 450e 4MATIC,2,74456.0
2026-07-01,Mid Luxury SUV,mercedes_benz,gle_class,GLE 580 4MATIC,400,100746.3
2026-07-01,Mid Luxury SUV,volvo,xc90,B5 Core,417,61228.585131894484
2026-07-01,Mid Luxury SUV,volvo,xc90,B5 Plus 6-Seater,24,66123.5
2026-07-01,Mid Luxury SUV,volvo,xc90,B5 Plus 7-Seater,513,65925.16764132553
2026-07-01,Mid Luxury SUV,volvo,xc90,B5 Plus Bright Theme,1,48965.0
2026-07-01,Mid Luxury SUV,volvo,xc90,B5 Ultra 6-Seater,25,71915.72
2026-07-01,Mid Luxury SUV,volvo,xc90,B5 Ultra 7-Seater,27,70696.74074074074
2026-07-01,Mid Luxury SUV,volvo,xc90,B6 Core,117,65918.4188034188
2026-07-01,Mid Luxury SUV,volvo,xc90,B6 Plus 6-Seater,293,71080.48805460751
2026-07-01,Mid Luxury SUV,volvo,xc90,B6 Plus 6P,1,69155.0
2026-07-01,Mid Luxury SUV,volvo,xc90,B6 Plus 7-Seater,3674,69843.45835601524
2026-07-01,Mid Luxury SUV,volvo,xc90,B6 Plus 7P,8,65921.125
2026-07-01,Mid Luxury SUV,volvo,xc90,B6 Ultimate Bright Theme 7P,1,59075.0
2026-07-01,Mid Luxury SUV,volvo,xc90,B6 Ultra,6,69451.5
2026-07-01,Mid Luxury SUV,volvo,xc90,B6 Ultra 6-Seater,106,76531.1603773585
2026-07-01,Mid Luxury SUV,volvo,xc90,B6 Ultra 6P,1,63240.0
2026-07-01,Mid Luxury SUV,volvo,xc90,B6 Ultra 7-Seater,1752,73273.57248858447
2026-07-01,Mid Luxury SUV,volvo,xc90,B6 Ultra 7P,2,66170.0
2026-07-01,Mid Luxury SUV,volvo,xc90,B6 Ultra Dark Theme 6-Seater,211,76358.79146919432
2026-07-01,Mid Luxury SUV,volvo,xc90,B6 Ultra Dark Theme 7-Seater,605,75175.43305785125
2026-07-01,Mid Luxury SUV,volvo,xc90,"Core, B5 AWD Gas (mild hybrid), Gasoline, Bright",9,61159.555555555555
2026-07-01,Mid Luxury SUV,volvo,xc90,"Plus, B5 AWD Gas (mild hybrid), Gasoline, Bright",3,65629.66666666667
2026-07-01,Mid Luxury SUV,volvo,xc90,"Plus, B6 AWD Gas (mild hybrid), Gasoline, Bright",15,71231.0
2026-07-01,Mid Luxury SUV,volvo,xc90,"Plus, T8 AWD, Electric/Gasoline, Bright, 7 Seats",28,80173.89285714286
2026-07-01,Mid Luxury SUV,volvo,xc90,T8 Core,110,75286.5090909091
2026-07-01,Mid Luxury SUV,volvo,xc90,T8 Core 7-Seater,6,72014.16666666667
2026-07-01,Mid Luxury SUV,volvo,xc90,T8 Plus 6-Seater,231,80801.86147186147
2026-07-01,Mid Luxury SUV,volvo,xc90,T8 Plus 6P,1,62926.0
2026-07-01,Mid Luxury SUV,volvo,xc90,T8 Plus 7-Seater,1699,79727.85697469099
2026-07-01,Mid Luxury SUV,volvo,xc90,T8 Plus Bright Theme 7P,6,70719.16666666667
2026-07-01,Mid Luxury SUV,volvo,xc90,T8 Ultimate Bright Theme 7P,1,69675.0
2026-07-01,Mid Luxury SUV,volvo,xc90,T8 Ultra 6-Seater,206,86269.19417475729
2026-07-01,Mid Luxury SUV,volvo,xc90,T8 Ultra 6P,1,89355.0
2026-07-01,Mid Luxury SUV,volvo,xc90,T8 Ultra 7-Seater,1247,84306.21892542101
2026-07-01,Mid Luxury SUV,volvo,xc90,T8 Ultra 7P,2,70838.5
2026-07-01,Mid Luxury SUV,volvo,xc90,T8 Ultra Dark Theme 6-Seater,215,85963.60930232558
2026-07-01,Mid Luxury SUV,volvo,xc90,T8 Ultra Dark Theme 7-Seater,321,85940.00934579439
2026-07-01,Mid Luxury SUV,volvo,xc90,"Ultra Dark Theme, B6 AWD Gas (mild hybrid), Gaso",1,73847.0
2026-07-01,Mid Luxury SUV,volvo,xc90,"Ultra Dark Theme, T8 AWD, Electric/Gasoline, 6 S",5,85815.0
2026-07-01,Mid Luxury SUV,volvo,xc90,"Ultra Dark Theme, T8 AWD, Electric/Gasoline, 7 S",2,88239.5
2026-07-01,Mid Luxury SUV,volvo,xc90,"Ultra, B6 AWD Gas (mild hybrid), Gasoline, Brigh",8,74057.125
2026-07-01,Mid Luxury SUV,volvo,xc90,"Ultra, T8 AWD, Electric/Gasoline, Bright, 6 Seat",4,90009.5
2026-07-01,Mid Luxury SUV,volvo,xc90,"Ultra, T8 AWD, Electric/Gasoline, Bright, 7 Seat",22,85559.0
2026-07-01,Near Luxury Car,acura,tlx,SH-AWD w/A-SPEC,7,52205.857142857145
2026-07-01,Near Luxury Car,acura,tlx,w/Tech,8,46824.0
2026-07-01,Near Luxury Car,alfa_romeo,giulia,Base,99,52785.09090909091
2026-07-01,Near Luxury Car,alfa_romeo,giulia,Quadrifoglio,1,81338.0
2026-07-01,Near Luxury Car,alfa_romeo,giulia,Special Edition AWD,2,47587.0
2026-07-01,Near Luxury Car,alfa_romeo,giulia,Special Edition RWD,1,53733.0
2026-07-01,Near Luxury Car,alfa_romeo,giulia,Sprint,50,43934.94
2026-07-01,Near Luxury Car,alfa_romeo,giulia,Ti,3,47882.666666666664
2026-07-01,Near Luxury Car,audi,a5,Premium,93,52897.784946236556
2026-07-01,Near Luxury Car,audi,a5,Premium Plus,439,56458.69020501139
2026-07-01,Near Luxury Car,audi,a5,Premium Plus TFSI quattro S tronic,1730,55847.035815028896
2026-07-01,Near Luxury Car,audi,a5,Premium TFSI quattro S tronic,470,52354.19680851064
2026-07-01,Near Luxury Car,audi,a5,Prestige,59,58638.20338983051
2026-07-01,Near Luxury Car,audi,a5,Prestige TFSI quattro S tronic,208,58268.182692307695
2026-07-01,Near Luxury Car,audi,s5,Premium Plus,194,70995.30927835051
2026-07-01,Near Luxury Car,audi,s5,Premium Plus TFSI quattro S tronic,951,70157.2134595163
2026-07-01,Near Luxury Car,audi,s5,Premium TFSI quattro S tronic,11,64109.454545454544
2026-07-01,Near Luxury Car,audi,s5,Prestige,38,75223.8947368421
2026-07-01,Near Luxury Car,audi,s5,Prestige TFSI quattro S tronic,187,73760.92513368985
2026-07-01,Near Luxury Car,bmw,3_series,330i,1212,55697.60726072607
2026-07-01,Near Luxury Car,bmw,3_series,330i NA,970,55712.201030927834
2026-07-01,Near Luxury Car,bmw,3_series,330i NA xDrive,862,57708.86774941995
2026-07-01,Near Luxury Car,bmw,3_series,330i xDrive,503,57416.695825049705
2026-07-01,Near Luxury Car,bmw,3_series,M340i NA,114,70185.32456140351
2026-07-01,Near Luxury Car,bmw,3_series,M340i NA xDrive,173,72896.38150289017
2026-07-01,Near Luxury Car,bmw,3_series,M340i xDrive,37,74514.32432432432
2026-07-01,Near Luxury Car,bmw,3_series,NA,409,55555.18337408313
2026-07-01,Near Luxury Car,bmw,3_series,xDrive,387,57683.28940568476
2026-07-01,Near Luxury Car,bmw,3_series,xDrive NA,605,57535.75261157024
2026-07-01,Near Luxury Car,bmw,4_series,430i,592,64990.53766891893
2026-07-01,Near Luxury Car,bmw,4_series,430i xDrive,252,68500.20924603175
2026-07-01,Near Luxury Car,bmw,4_series,M440i,172,76287.77412790697
2026-07-01,Near Luxury Car,bmw,4_series,M440i Gran Coupe,63,73113.88888888889
2026-07-01,Near Luxury Car,bmw,4_series,M440i xDrive,106,80566.11679245283
2026-07-01,Near Luxury Car,bmw,4_series,i,45,73653.33333333333
2026-07-01,Near Luxury Car,bmw,4_series,i xDrive,41,77133.9756097561
2026-07-01,Near Luxury Car,bmw,4_series,xDrive,181,63877.784640883976
2026-07-01,Near Luxury Car,bmw,4_series_gran_coupe,xDrive,416,68294.62947115385
2026-07-01,Near Luxury Car,bmw,m3,Base,52,94500.32692307692
2026-07-01,Near Luxury Car,bmw,m3,Base (M6),2,97460.0
2026-07-01,Near Luxury Car,bmw,m3,Competition,48,93570.91666666667
2026-07-01,Near Luxury Car,bmw,m3,Competition xDrive,188,102340.17021276595
2026-07-01,Near Luxury Car,bmw,m3,NA,12,70075.66666666667
2026-07-01,Near Luxury Car,bmw,m3,xDrive,6,74372.5
2026-07-01,Near Luxury Car,bmw,m3,xDrive NA,20,72292.55
2026-07-01,Near Luxury Car,bmw,m4,Base,64,93422.109375
2026-07-01,Near Luxury Car,bmw,m4,Competition,205,105840.0487804878
2026-07-01,Near Luxury Car,bmw,m4,Competition xDrive,155,103254.55194805194
2026-07-01,Near Luxury Car,cadillac,ct5,Base,4,70057.75
2026-07-01,Near Luxury Car,cadillac,ct5,Premium Luxury,34,53813.85294117647
2026-07-01,Near Luxury Car,cadillac,ct5,Premium Luxury RWD,1474,55613.75237449118
2026-07-01,Near Luxury Car,cadillac,ct5,Sport,27,53583.48148148148
2026-07-01,Near Luxury Car,cadillac,ct5,Sport RWD,1032,57900.89631782946
2026-07-01,Near Luxury Car,cadillac,ct5,V-Series Blackwing RWD,67,133469.53731343284
2026-07-01,Near Luxury Car,cadillac,ct5,V-Series RWD,202,68632.70792079208
2026-07-01,Near Luxury Car,genesis,g70,2.5T,1,40220.0
2026-07-01,Near Luxury Car,genesis,g70,2.5T AWD,157,47923.97452229299
2026-07-01,Near Luxury Car,genesis,g70,2.5T AWD Prestige,6,53431.0
2026-07-01,Near Luxury Car,genesis,g70,2.5T Prestige,2,44775.0
2026-07-01,Near Luxury Car,genesis,g70,2.5T RWD,230,46258.46956521739
2026-07-01,Near Luxury Car,genesis,g70,2.5T RWD Prestige,219,50938.09132420091
2026-07-01,Near Luxury Car,genesis,g70,2.5T Standard,21,44666.0
2026-07-01,Near Luxury Car,genesis,g70,3.3T AWD Sport Prestige,851,56341.89189189189
2026-07-01,Near Luxury Car,genesis,g70,3.3T Prestige Graphite,185,60296.51351351351
2026-07-01,Near Luxury Car,genesis,g70,3.3T RWD Sport Prestige,530,56396.44716981132
2026-07-01,Near Luxury Car,genesis,g70,3.3T Sport Advanced,28,54380.53571428572
2026-07-01,Near Luxury Car,lexus,es_series,Base,8,48463.96875
2026-07-01,Near Luxury Car,lexus,es_series,F SPORT Handling,2,54326.0
2026-07-01,Near Luxury Car,lexus,es_series,Luxury,27,59258.22222222222
2026-07-01,Near Luxury Car,lexus,es_series,Luxury AWD,8,64364.125
2026-07-01,Near Luxury Car,lexus,es_series,Premium,809,55515.15148331274
2026-07-01,Near Luxury Car,lexus,es_series,Premium AWD,2,61094.5
2026-07-01,Near Luxury Car,lexus,es_series,Premium+,221,58596.10407239819
2026-07-01,Near Luxury Car,lexus,es_series,Ultra Luxury,1,55324.0
2026-07-01,Near Luxury Car,lexus,is_series,F SPORT,1546,56579.00323415265
2026-07-01,Near Luxury Car,lexus,is_series,F SPORT Design,667,51366.41979010495
2026-07-01,Near Luxury Car,mercedes_benz,c_class,AMG C 43,551,75194.27404718693
2026-07-01,Near Luxury Car,mercedes_benz,c_class,AMG C 63 S E Performance,17,103626.29411764706
2026-07-01,Near Luxury Car,mercedes_benz,c_class,C 300,3354,55799.701550387595
2026-07-01,Near Luxury Car,mercedes_benz,c_class,C 300 4MATIC,2851,57798.48193616275
2026-07-01,Near Luxury Car,volvo,s60_v60,B5 Core Dark Theme,2,45317.5
2026-07-01,Near Luxury Car,volvo,s60_v60,B5 Plus,335,55121.12835820895
2026-07-01,Near Luxury Car,volvo,s60_v60,B5 Ultra,127,59765.30708661417
2026-07-01,Near Luxury Car,volvo,s60_v60,"Plus, B5 AWD Gas (mild hybrid)",6,56228.666666666664
2026-07-01,Near Luxury Car,volvo,s60_v60,T8 Plus Dark Theme,1,58520.0
2026-07-01,Near Luxury Car,volvo,s60_v60,T8 Ultra,1,154145.0
2026-07-01,Near Luxury EV SUV,audi,q4_e_tron,Premium,2,58630.0
2026-07-01,Near Luxury EV SUV,audi,q4_e_tron,quattro Premium 55 TFSI,1,58729.0
2026-07-01,Near Luxury EV SUV,audi,q4_e_tron,quattro Premium Plus 55,1,69862.0
2026-07-01,Near Luxury EV SUV,audi,q4_e_tron,quattro Premium Plus 55 TFSI,2,64188.5
2026-07-01,Near Luxury EV SUV,audi,q4_e_tron,quattro Prestige 55 TFSI,1,66180.0
2026-07-01,Near Luxury EV SUV,cadillac,optiq,Luxury,465,55302.45161290323
2026-07-01,Near Luxury EV SUV,cadillac,optiq,Luxury 1 AWD,5,54390.8
2026-07-01,Near Luxury EV SUV,cadillac,optiq,Luxury 2 AWD,6,54669.5
2026-07-01,Near Luxury EV SUV,cadillac,optiq,Premium Luxury,134,58768.62686567164
2026-07-01,Near Luxury EV SUV,cadillac,optiq,Premium Sport,197,59659.47208121827
2026-07-01,Near Luxury EV SUV,cadillac,optiq,Sport,679,56362.78350515464
2026-07-01,Near Luxury EV SUV,cadillac,optiq,Sport 1 AWD,13,54748.61538461538
2026-07-01,Near Luxury EV SUV,cadillac,optiq,Sport 2 AWD,18,58179.944444444445
2026-07-01,Near Luxury EV SUV,cadillac,optiq,V-Series,98,75343.94897959183
2026-07-01,Near Luxury EV SUV,genesis,gv70_ev,Advanced,4,71646.0
2026-07-01,Near Luxury EV SUV,genesis,gv70_ev,Base,7,76010.42857142857
2026-07-01,Near Luxury EV SUV,genesis,gv70_ev,Standard,7,66297.42857142857
2026-07-01,Near Luxury EV SUV,lexus,rz_series,F SPORT,27,62502.22222222222
2026-07-01,Near Luxury EV SUV,lexus,rz_series,Luxury,10,57649.0
2026-07-01,Near Luxury EV SUV,lexus,rz_series,Premium,379,51636.07464379947
2026-07-01,Near Luxury EV SUV,mercedes_benz,eqb,EQB 300 4MATIC,3,56439.333333333336
2026-07-01,Near Luxury EV SUV,mercedes_benz,eqb,EQB 350 4MATIC,1,63245.0
2026-07-01,Near Luxury EV SUV,porsche,macan_electric,4S,57,109729.78947368421
2026-07-01,Near Luxury EV SUV,porsche,macan_electric,GTS,101,124088.66336633664
2026-07-01,Near Luxury SUV,acura,rdx,A-Spec,2,53549.0
2026-07-01,Near Luxury SUV,acura,rdx,Advance,4,54396.75
2026-07-01,Near Luxury SUV,acura,rdx,SH-AWD,13,46262.92307692308
2026-07-01,Near Luxury SUV,acura,rdx,SH-AWD w/A-SPEC,39,51784.41025641026
2026-07-01,Near Luxury SUV,acura,rdx,SH-AWD w/Advance,9,53919.875
2026-07-01,Near Luxury SUV,acura,rdx,SH-AWD w/Advance w/A-SPEC,9,56550.25
2026-07-01,Near Luxury SUV,acura,rdx,SH-AWD w/Tech,17,48864.17647058824
2026-07-01,Near Luxury SUV,acura,rdx,Technology,1,50240.0
2026-07-01,Near Luxury SUV,acura,rdx,w/A-Spec Advance Package,1062,57283.744339622644
2026-07-01,Near Luxury SUV,acura,rdx,w/A-Spec Package,1287,53072.843822843824
2026-07-01,Near Luxury SUV,acura,rdx,w/Advance Package,981,55209.84403669725
2026-07-01,Near Luxury SUV,acura,rdx,w/Technology Package,1732,49988.6662817552
2026-07-01,Near Luxury SUV,alfa_romeo,stelvio,AWD,191,57911.80104712042
2026-07-01,Near Luxury SUV,alfa_romeo,stelvio,Base,55,52476.56363636364
2026-07-01,Near Luxury SUV,alfa_romeo,stelvio,Quadrifoglio,16,85643.1875
2026-07-01,Near Luxury SUV,alfa_romeo,stelvio,Sprint,69,50585.637681159424
2026-07-01,Near Luxury SUV,alfa_romeo,stelvio,Ti,1,39048.0
2026-07-01,Near Luxury SUV,alfa_romeo,stelvio,Veloce,1,45381.0
2026-07-01,Near Luxury SUV,audi,q5_sq5,2.0T,59,57026.52542372881
2026-07-01,Near Luxury SUV,audi,q5_sq5,2.0T Progressiv,5,58790.4
2026-07-01,Near Luxury SUV,audi,q5_sq5,2.0T Technik,2,64858.0
2026-07-01,Near Luxury SUV,audi,q5_sq5,Premium,151,55583.45695364238
2026-07-01,Near Luxury SUV,audi,q5_sq5,Premium Plus,510,58797.839215686276
2026-07-01,Near Luxury SUV,audi,q5_sq5,Premium Plus TFSI quattro S tronic,2594,58387.74132613724
2026-07-01,Near Luxury SUV,audi,q5_sq5,Premium TFSI quattro S tronic,659,54785.55386949924
2026-07-01,Near Luxury SUV,audi,q5_sq5,Prestige,19,63323.57894736842
2026-07-01,Near Luxury SUV,audi,q5_sq5,Prestige TFSI quattro S tronic,167,63132.34730538922
2026-07-01,Near Luxury SUV,audi,q5_sq5,e quattro S line Prem Pl 55 TFSI,1,55311.0
2026-07-01,Near Luxury SUV,audi,q5_sq5,quattro S line Prem Plus 45 TFSI,7,52806.857142857145
2026-07-01,Near Luxury SUV,audi,sq5,Premium Plus,240,72412.25
2026-07-01,Near Luxury SUV,audi,sq5,Premium Plus TFSI quattro S tronic,1432,71803.71508379889
2026-07-01,Near Luxury SUV,audi,sq5,Premium TFSI quattro S tronic,1,67226.0
2026-07-01,Near Luxury SUV,audi,sq5,Presige TFSI quattro S tronic,128,75760.046875
2026-07-01,Near Luxury SUV,audi,sq5,Prestige,17,75951.76470588235
2026-07-01,Near Luxury SUV,bmw,ix3,50 xDrive,15,72177.86666666667
2026-07-01,Near Luxury SUV,bmw,x3,30 xDrive,10355,59867.0796716562
2026-07-01,Near Luxury SUV,bmw,x3,M50 xDrive,638,75412.5407523511
2026-07-01,Near Luxury SUV,bmw,x4,Base,2,92680.0
2026-07-01,Near Luxury SUV,cadillac,xt4,Premium Luxury,3,46693.333333333336
2026-07-01,Near Luxury SUV,cadillac,xt4,Sport,1,47890.0
2026-07-01,Near Luxury SUV,genesis,gv70,2.5T,760,51941.423684210524
2026-07-01,Near Luxury SUV,genesis,gv70,2.5T Advanced,2380,59652.86092436975
2026-07-01,Near Luxury SUV,genesis,gv70,2.5T Select,878,54813.93963553531
2026-07-01,Near Luxury SUV,genesis,gv70,2.5T Sport Prestige,1838,62916.4162132753
2026-07-01,Near Luxury SUV,genesis,gv70,2.5T Standard,7,54878.857142857145
2026-07-01,Near Luxury SUV,genesis,gv70,3.5T Prestige Graphite,44,74926.11363636363
2026-07-01,Near Luxury SUV,genesis,gv70,3.5T Sport,31,63893.45161290323
2026-07-01,Near Luxury SUV,genesis,gv70,3.5T Sport Advanced,296,65809.56418918919
2026-07-01,Near Luxury SUV,genesis,gv70,3.5T Sport Plus,1,61750.0
2026-07-01,Near Luxury SUV,genesis,gv70,3.5T Sport Prestige,1494,72395.90696117804
2026-07-01,Near Luxury SUV,infiniti,qx50,Luxe,9,46374.0
2026-07-01,Near Luxury SUV,infiniti,qx50,Pure,1,42468.0
2026-07-01,Near Luxury SUV,infiniti,qx50,Sport,11,50890.454545454544
2026-07-01,Near Luxury SUV,infiniti,qx55,Essential,1,56749.0
2026-07-01,Near Luxury SUV,infiniti,qx55,Luxe,3,48607.333333333336
2026-07-01,Near Luxury SUV,infiniti,qx55,Sensory,1,57924.0
2026-07-01,Near Luxury SUV,jaguar,e_pace,P250 R-Dynamic SE,9,52192.125
2026-07-01,Near Luxury SUV,land_rover,discovery_sport,Landmark,425,55349.88705882353
2026-07-01,Near Luxury SUV,land_rover,discovery_sport,P250 Dynamic SE,16,58367.25
2026-07-01,Near Luxury SUV,land_rover,discovery_sport,P250 S,61,51560.852459016394
2026-07-01,Near Luxury SUV,land_rover,range_rover_evoque,Hoxton Edition,135,62028.281481481485
2026-07-01,Near Luxury SUV,land_rover,range_rover_evoque,P250 Dynamic SE,90,62446.5
2026-07-01,Near Luxury SUV,land_rover,range_rover_evoque,P250 S,333,57105.45945945946
2026-07-01,Near Luxury SUV,lexus,nx_series,Base,511,55939.82117416829
2026-07-01,Near Luxury SUV,lexus,nx_series,F SPORT Handling,337,62196.47842729969
2026-07-01,Near Luxury SUV,lexus,nx_series,Luxury,813,60079.27008610088
2026-07-01,Near Luxury SUV,lexus,nx_series,Premium,1771,54984.69368153588
2026-07-01,Near Luxury SUV,maserati,grecale,Base,110,76916.82727272727
2026-07-01,Near Luxury SUV,maserati,grecale,Folgore,6,118033.33333333333
2026-07-01,Near Luxury SUV,maserati,grecale,GT,15,63439.4
2026-07-01,Near Luxury SUV,maserati,grecale,Modena,340,91778.8794117647
2026-07-01,Near Luxury SUV,maserati,grecale,Trofeo,20,124761.45
2026-07-01,Near Luxury SUV,mercedes_benz,benz_amg_glc,4MATIC,230,84936.09939130435
2026-07-01,Near Luxury SUV,mercedes_benz,glb,AMG GLB 35,310,66633.88064516129
2026-07-01,Near Luxury SUV,mercedes_benz,glb,GLB 250,1861,50663.246641590544
2026-07-01,Near Luxury SUV,mercedes_benz,glb,GLB 250 4MATIC,1987,53589.57976849522
2026-07-01,Near Luxury SUV,mercedes_benz,glc_class,4MATIC,349,67791.09464183381
2026-07-01,Near Luxury SUV,mercedes_benz,glc_class,4MATIC SUV,754,60196.51458885942
2026-07-01,Near Luxury SUV,mercedes_benz,glc_class,AMG GLC 43,700,76752.34
2026-07-01,Near Luxury SUV,mercedes_benz,glc_class,GLC 300,6442,58906.265135051224
2026-07-01,Near Luxury SUV,mercedes_benz,glc_class,GLC 300 4MATIC,7181,60774.465534048184
2026-07-01,Near Luxury SUV,mercedes_benz,glc_class,GLC 350e 4MATIC,8,66249.25
2026-07-01,Near Luxury SUV,porsche,macan,4 Electric,380,101424.10789473684
2026-07-01,Near Luxury SUV,porsche,macan,Base,3389,81568.91856004721
2026-07-01,Near Luxury SUV,porsche,macan,Electric,235,96377.4510638298
2026-07-01,Near Luxury SUV,porsche,macan,Electric Turbo,76,135640.65789473685
2026-07-01,Near Luxury SUV,porsche,macan,GTS,301,114936.78073089701
2026-07-01,Near Luxury SUV,porsche,macan,S,1070,98485.75514018691
2026-07-01,Near Luxury SUV,porsche,macan,T,474,83646.75316455697
2026-07-01,Near Luxury SUV,porsche,macan,Turbo Electric,28,130429.0
2026-07-01,Near Luxury SUV,volvo,xc60,B5 Core,610,50533.52950819672
2026-07-01,Near Luxury SUV,volvo,xc60,B5 Core Dark Theme,1,51125.0
2026-07-01,Near Luxury SUV,volvo,xc60,B5 Plus,3226,56874.070055796656
2026-07-01,Near Luxury SUV,volvo,xc60,B5 Ultra,1429,63108.49965010497
2026-07-01,Near Luxury SUV,volvo,xc60,B5 Ultra Black Edition,326,64284.32208588957
2026-07-01,Near Luxury SUV,volvo,xc60,"Black Edition Ultra, T8 AWD Electric/Gasoline, D",2,72843.0
2026-07-01,Near Luxury SUV,volvo,xc60,Plus Dark Theme,1214,60063.03377265239
2026-07-01,Near Luxury SUV,volvo,xc60,"Plus, T8 AWD Electric/Gasoline, Dark",21,66799.42857142857
2026-07-01,Near Luxury SUV,volvo,xc60,T8 Core,102,60337.83
2026-07-01,Near Luxury SUV,volvo,xc60,T8 Plus,980,66978.44489795918
2026-07-01,Near Luxury SUV,volvo,xc60,T8 Polestar Engineered,72,80832.34722222222
2026-07-01,Near Luxury SUV,volvo,xc60,T8 Ultra,859,73162.075669383
2026-07-01,Near Luxury SUV,volvo,xc60,T8 Ultra Black Edition,264,74303.28787878787
2026-07-01,Near Luxury SUV,volvo,xc60,Ultra Dark Theme,626,67977.61821086262
2026-07-01,Near Luxury SUV,volvo,xc60,"Ultra, T8 AWD Electric/Gasoline, Dark",11,73505.09090909091
2026-07-01,Near Luxury SUV,volvo,xc60_recharge,T8 Polestar Engineered,1,68635.0
2026-07-01,Premium Luxury Car,audi,a8_s8,4.0T quattro,89,133823.4606741573
2026-07-01,Premium Luxury Car,audi,a8_s8,55 TFSI quattro Tiptronic,240,96213.19166666667
2026-07-01,Premium Luxury Car,bentley,flying_spur,Azure Hybrid,134,315770.0787401575
2026-07-01,Premium Luxury Car,bentley,flying_spur,Black Edition,6,289915.3333333333
2026-07-01,Premium Luxury Car,bentley,flying_spur,Speed,7,328865.14285714284
2026-07-01,Premium Luxury Car,bentley,flying_spur,Speed First Edition,8,325171.375
2026-07-01,Premium Luxury Car,bmw,7_series,740i,333,110259.56756756757
2026-07-01,Premium Luxury Car,bmw,7_series,740i xDrive,190,115404.45789473684
2026-07-01,Premium Luxury Car,bmw,7_series,750e xDrive,338,121877.13905325443
2026-07-01,Premium Luxury Car,bmw,7_series,760i xDrive,247,139752.92712550607
2026-07-01,Premium Luxury Car,bmw,7_series,xDrive,396,127550.98949494949
2026-07-01,Premium Luxury Car,genesis,g90,3.5T,19,92351.84210526316
2026-07-01,Premium Luxury Car,genesis,g90,3.5T E-SC MHEV AWD,319,102159.7868338558
2026-07-01,Premium Luxury Car,genesis,g90,3.5T E-SC Prestige Black AWD,1,108200.0
2026-07-01,Premium Luxury Car,genesis,g90,3.5T e-Supercharger,54,103314.81481481482
2026-07-01,Premium Luxury Car,genesis,g90,e-SC Prestige Black,129,105598.42635658915
2026-07-01,Premium Luxury Car,maserati,quattroporte,Modena Q4,1,91995.0
2026-07-01,Premium Luxury Car,maserati,quattroporte,Modena Ultima Q4,2,120293.0
2026-07-01,Premium Luxury Car,mercedes_benz,s_class,AMG S 63 E Performance,260,211550.2423076923
2026-07-01,Premium Luxury Car,mercedes_benz,s_class,Maybach S 680,25,258787.08
2026-07-01,Premium Luxury Car,mercedes_benz,s_class,Mercedes-Maybach S 580 4MATIC,76,219715.38157894736
2026-07-01,Premium Luxury Car,mercedes_benz,s_class,Mercedes-Maybach S 680 4MATIC,3,290315.3333333333
2026-07-01,Premium Luxury Car,mercedes_benz,s_class,S 500 4MATIC,112,132992.6875
2026-07-01,Premium Luxury Car,mercedes_benz,s_class,S 580 4MATIC,620,146215.07096774192
2026-07-01,Premium Luxury Car,mercedes_benz,s_class,S 580e 4MATIC,56,141290.60714285713
2026-07-01,Premium Luxury Car,porsche,panamera,4,555,144315.67387387386
2026-07-01,Premium Luxury Car,porsche,panamera,4 E-Hybrid,9,149685.88888888888
2026-07-01,Premium Luxury Car,porsche,panamera,4S,7,174282.83333333334
2026-07-01,Premium Luxury Car,porsche,panamera,Base,207,136326.01449275363
2026-07-01,Premium Luxury Car,porsche,panamera,GTS,95,193125.91578947369
2026-07-01,Premium Luxury Car,porsche,panamera,Turbo,9,237640.22222222222
2026-07-01,Premium Luxury Car,rolls_royce,ghost,Base,14,425267.3846153846
2026-07-01,Premium Luxury Car,rolls_royce,ghost,Black Badge,10,487806.2
2026-07-01,Premium Luxury Car,rolls_royce,phantom,Base,3,703937.3333333334
2026-08-01,Entry Luxury EV SUV,genesis,gv60,"19""""",26,54219.72
2026-08-01,Entry Luxury EV SUV,genesis,gv60,AWD,2,54239.0
2026-08-01,Entry Luxury EV SUV,genesis,gv60,"Advanced 20""""",8,58960.875
2026-08-01,Entry Luxury EV SUV,genesis,gv60,Magma,3,73674.66666666667
2026-08-01,Entry Luxury EV SUV,genesis,gv60,Performance,11,71096.63636363637
2026-08-01,Entry Luxury EV SUV,genesis,gv60,"Prestige 20""""",25,60471.68
2026-08-01,Entry Luxury EV SUV,genesis,gv60,RWD,38,53202.76315789474
2026-08-01,Entry Luxury EV SUV,genesis,gv60,Standard,6,45315.0
2026-08-01,Entry Luxury EV SUV,volvo,ec40,Core,1,162000.0
2026-08-01,Entry Luxury EV SUV,volvo,ex30,Cross Country Ultra,312,47919.179487179485
2026-08-01,Entry Luxury EV SUV,volvo,ex30,"Cross Country Ultra, Twin Motor Performance, Ful",26,50574.92307692308
2026-08-01,Entry Luxury EV SUV,volvo,ex30,Plus,13,38728.0
2026-08-01,Entry Luxury EV SUV,volvo,ex30,"Plus Twin Motor Performance, Fully electric",452,44346.50442477876
2026-08-01,Entry Luxury EV SUV,volvo,ex30,"Plus, Single Motor, Fuly electric",36,38465.666666666664
2026-08-01,Entry Luxury EV SUV,volvo,ex30,Twin Motor Plus,17,44114.117647058825
2026-08-01,Entry Luxury EV SUV,volvo,ex30,Twin Motor Ultra,6,43683.666666666664
2026-08-01,Entry Luxury EV SUV,volvo,ex30,Ultra,128,47135.3828125
2026-08-01,Entry Luxury EV SUV,volvo,ex30,"Ultra Twin Motor Performance, Fully electric",352,45446.380681818184
2026-08-01,Entry Luxury EV SUV,volvo,ex40,Single Motor Extended Range Plus,22,57435.72727272727
2026-08-01,Entry Luxury EV SUV,volvo,ex40,Twin Motor Plus,7,56587.0
2026-08-01,Entry Luxury EV SUV,volvo,ex40,Twin Motor Ultra Black Edition,12,58537.333333333336
2026-08-01,Mid Luxury Car,audi,a6_e_tron,Premium,18,66533.0
2026-08-01,Mid Luxury Car,audi,a6_e_tron,Premium Plus,51,75615.98039215687
2026-08-01,Mid Luxury Car,audi,a6_e_tron,Prestige,5,77773.8
2026-08-01,Mid Luxury Car,audi,a6_s6,Premium Plus quattro S tronic,1463,67812.35133287765
2026-08-01,Mid Luxury Car,audi,a6_s6,Premium quattro S tronic,118,63169.00847457627
2026-08-01,Mid Luxury Car,audi,a6_s6,Prestige quattro S tronic,84,73973.52380952382
2026-08-01,Mid Luxury Car,audi,a6_s6,Technik,371,73914.07277628033
2026-08-01,Mid Luxury Car,audi,a7_s7_rs_7,4.0T quattro performance,3,134222.33333333334
2026-08-01,Mid Luxury Car,audi,a7_s7_rs_7,quattro tiptronic,5,151288.2
2026-08-01,Mid Luxury Car,bmw,5_series,530i,1099,70080.50591446769
2026-08-01,Mid Luxury Car,bmw,5_series,530i xDrive,1134,72095.40211640211
2026-08-01,Mid Luxury Car,bmw,5_series,540i xDrive,284,81743.21126760563
2026-08-01,Mid Luxury Car,bmw,5_series,550e xDrive,545,86900.77981651376
2026-08-01,Mid Luxury Car,bmw,5_series,xDrive,150,71586.66066666666
2026-08-01,Mid Luxury Car,bmw,m5,Base,233,136752.09012875537
2026-08-01,Mid Luxury Car,bmw,m5,Base (A8),19,138397.57894736843
2026-08-01,Mid Luxury Car,bmw,m5,Touring,8,144389.2857142857
2026-08-01,Mid Luxury Car,genesis,g80,2.5T,126,63611.80952380953
2026-08-01,Mid Luxury Car,genesis,g80,2.5T Advanced,211,66626.35545023697
2026-08-01,Mid Luxury Car,genesis,g80,2.5T Sport Prestige,243,72660.80658436214
2026-08-01,Mid Luxury Car,genesis,g80,3.5T Prestige Black,225,82293.48888888888
2026-08-01,Mid Luxury Car,genesis,g80,3.5T Prestige Black AWD,1,81790.0
2026-08-01,Mid Luxury Car,genesis,g80,3.5T Sport,19,72406.63157894737
2026-08-01,Mid Luxury Car,genesis,g80,3.5T Sport Advanced,3,61085.0
2026-08-01,Mid Luxury Car,genesis,g80,3.5T Sport Prestige,309,81247.67313915858
2026-08-01,Mid Luxury Car,jaguar,xf,P300 R-Dynamic SE,29,49141.75862068965
2026-08-01,Mid Luxury Car,maserati,ghibli,334 Ultima,1,95810.0
2026-08-01,Mid Luxury Car,maserati,ghibli,Modena Q4,3,94568.66666666667
2026-08-01,Mid Luxury Car,maserati,ghibli,Modena Ultima Q4,14,105622.57142857143
2026-08-01,Mid Luxury Car,mercedes_benz,cle,AMG CLE 53,385,93682.51885714286
2026-08-01,Mid Luxury Car,mercedes_benz,cle,CLE 300,195,75955.41246153846
2026-08-01,Mid Luxury Car,mercedes_benz,cle,CLE 300 4MATIC,700,70888.79841428573
2026-08-01,Mid Luxury Car,mercedes_benz,cle,CLE 450,43,80576.1046511628
2026-08-01,Mid Luxury Car,mercedes_benz,cle,CLE 450 4MATIC,4,76279.75
2026-08-01,Mid Luxury Car,mercedes_benz,e_class,AMG E 53,565,108133.00555752212
2026-08-01,Mid Luxury Car,mercedes_benz,e_class,AMG E 53 E,50,109144.32
2026-08-01,Mid Luxury Car,mercedes_benz,e_class,E 350,1319,72939.34344200151
2026-08-01,Mid Luxury Car,mercedes_benz,e_class,E 350 4MATIC,780,75729.30128205128
2026-08-01,Mid Luxury Car,mercedes_benz,e_class,E 450 4MATIC,716,84963.07832167832
2026-08-01,Mid Luxury Car,mercedes_benz,e_class,E 450 4MATIC All-Terrain,96,89093.84375
2026-08-01,Mid Luxury Car,volvo,s90,T8 Ultimate,2,68506.0
2026-08-01,Mid Luxury Car,volvo,s90,T8 Ultra,1,59493.0
2026-08-01,Mid Luxury Car,volvo,v90,B6 Ultra,1,77580.0
2026-08-01,Mid Luxury SUV,acura,mdx,Base,188,54341.80319148936
2026-08-01,Mid Luxury SUV,acura,mdx,SH-AWD,1021,56220.70177165354
2026-08-01,Mid Luxury SUV,acura,mdx,SH-AWD Type S w/Advance Package,1943,78303.90758047768
2026-08-01,Mid Luxury SUV,acura,mdx,SH-AWD w/A-SPEC,356,64859.895774647885
2026-08-01,Mid Luxury SUV,acura,mdx,SH-AWD w/Advance,115,69183.12173913044
2026-08-01,Mid Luxury SUV,acura,mdx,SH-AWD w/Platinum Elite w/A-Spec,76,71432.58490566038
2026-08-01,Mid Luxury SUV,acura,mdx,SH-AWD w/Tech,3014,61569.07796947578
2026-08-01,Mid Luxury SUV,acura,mdx,Type S Advance Package,14,78408.21428571429
2026-08-01,Mid Luxury SUV,acura,mdx,w/A-Spec Advance Package,1748,71166.98854524628
2026-08-01,Mid Luxury SUV,acura,mdx,w/A-Spec Package,1793,64664.12527964206
2026-08-01,Mid Luxury SUV,acura,mdx,w/Advance Package,3039,69112.44356696281
2026-08-01,Mid Luxury SUV,acura,mdx,w/Tech,14,58128.53846153846
2026-08-01,Mid Luxury SUV,acura,mdx,w/Technology Package,1525,59765.39304461942
2026-08-01,Mid Luxury SUV,audi,q7,Premium,36,65095.555555555555
2026-08-01,Mid Luxury SUV,audi,q7,Premium Plus S line TFSI quattro tiptronic,73,72633.52054794521
2026-08-01,Mid Luxury SUV,audi,q7,Premium Plus TFSI quattro tiptronic,983,71365.67650050865
2026-08-01,Mid Luxury SUV,audi,q7,Premium S line TFSI quattro tiptronic,144,66516.0625
2026-08-01,Mid Luxury SUV,audi,q7,Prestige,53,79227.22641509434
2026-08-01,Mid Luxury SUV,audi,q7,Prestige 55 TFSI quattro tiptronic,499,78762.79559118237
2026-08-01,Mid Luxury SUV,audi,q7,quattro 55 TFSI,1,67381.0
2026-08-01,Mid Luxury SUV,audi,q7,quattro Premium 45 TFSI,519,60978.72832369942
2026-08-01,Mid Luxury SUV,audi,q7,quattro Premium 55 TFSI,13,65868.61538461539
2026-08-01,Mid Luxury SUV,audi,q7,quattro Premium Plus 45 TFSI,552,64428.440217391304
2026-08-01,Mid Luxury SUV,audi,q7,quattro Premium Plus 55 TFSI,290,70740.1
2026-08-01,Mid Luxury SUV,audi,q7,quattro Prestige 55 TFSI,1,70197.0
2026-08-01,Mid Luxury SUV,audi,q7,quattro Progressiv 55 TFSI,16,73860.6875
2026-08-01,Mid Luxury SUV,audi,q7_sq7,4.0T quattro Premium Plus,125,97698.408
2026-08-01,Mid Luxury SUV,audi,q7_sq7,4.0T quattro Prestige,94,108269.96808510639
2026-08-01,Mid Luxury SUV,audi,q7_sq7,Prestige,10,112056.0
2026-08-01,Mid Luxury SUV,bmw,x5,Competition,498,144173.4939759036
2026-08-01,Mid Luxury SUV,bmw,x5,M60i,1290,106419.86976744187
2026-08-01,Mid Luxury SUV,bmw,x5,sDrive40i,2561,80037.68527918782
2026-08-01,Mid Luxury SUV,bmw,x5,xDrive40i,7818,82846.11115374776
2026-08-01,Mid Luxury SUV,bmw,x5,xDrive50e,4405,87592.1448354143
2026-08-01,Mid Luxury SUV,bmw,x5_xdrive45e,Competition,160,149019.81875
2026-08-01,Mid Luxury SUV,bmw,x6,M60i,409,110953.38875305624
2026-08-01,Mid Luxury SUV,bmw,x6,xDrive40i,822,90061.11678832117
2026-08-01,Mid Luxury SUV,cadillac,xt5,Luxury,14,45106.0
2026-08-01,Mid Luxury SUV,cadillac,xt5,Luxury AWD,391,48558.726342711
2026-08-01,Mid Luxury SUV,cadillac,xt5,Luxury FWD,221,46158.97737556561
2026-08-01,Mid Luxury SUV,cadillac,xt5,Premium Luxury,73,53344.5
2026-08-01,Mid Luxury SUV,cadillac,xt5,Premium Luxury AWD,1452,60023.23760330579
2026-08-01,Mid Luxury SUV,cadillac,xt5,Premium Luxury FWD,1389,58647.54859611231
2026-08-01,Mid Luxury SUV,cadillac,xt5,Sport,13,62274.307692307695
2026-08-01,Mid Luxury SUV,cadillac,xt5,Sport AWD,344,66432.58430232559
2026-08-01,Mid Luxury SUV,cadillac,xt6,Luxury,23,48989.565217391304
2026-08-01,Mid Luxury SUV,cadillac,xt6,Premium Luxury,19,60778.73684210526
2026-08-01,Mid Luxury SUV,cadillac,xt6,Sport,4,67843.75
2026-08-01,Mid Luxury SUV,genesis,gv80,2.5T,160,64422.6875
2026-08-01,Mid Luxury SUV,genesis,gv80,2.5T AWD,100,62097.32
2026-08-01,Mid Luxury SUV,genesis,gv80,2.5T Advanced,862,70878.79234338747
2026-08-01,Mid Luxury SUV,genesis,gv80,2.5T Prestige,823,75718.1397326853
2026-08-01,Mid Luxury SUV,genesis,gv80,2.5T RWD,1,58961.0
2026-08-01,Mid Luxury SUV,genesis,gv80,2.5T Select,512,66376.318359375
2026-08-01,Mid Luxury SUV,genesis,gv80,2.5T Standard,7,60252.142857142855
2026-08-01,Mid Luxury SUV,genesis,gv80,2.5T Standard AWD,131,60373.48854961832
2026-08-01,Mid Luxury SUV,genesis,gv80,3.5T,4,75343.0
2026-08-01,Mid Luxury SUV,genesis,gv80,3.5T Advanced,607,78011.27182866557
2026-08-01,Mid Luxury SUV,genesis,gv80,3.5T Prestige,282,86733.56737588653
2026-08-01,Mid Luxury SUV,genesis,gv80,3.5T Prestige Black,31,87649.3870967742
2026-08-01,Mid Luxury SUV,genesis,gv80,3.5T Prestige Black AWD,654,84732.08409785933
2026-08-01,Mid Luxury SUV,genesis,gv80,3.5T Prestige Signature,1748,83773.5
2026-08-01,Mid Luxury SUV,genesis,gv80_coupe,3.5T,28,82804.96428571429
2026-08-01,Mid Luxury SUV,genesis,gv80_coupe,3.5T E-SC,228,88370.88157894737
2026-08-01,Mid Luxury SUV,genesis,gv80_coupe,3.5T E-SC MHEV AWD,291,89032.90034364261
2026-08-01,Mid Luxury SUV,genesis,gv80_coupe,3.5T E-SC Prestige Black AWD,1,91515.0
2026-08-01,Mid Luxury SUV,genesis,gv80_coupe,3.5T V6 AWD,2,82904.0
2026-08-01,Mid Luxury SUV,genesis,gv80_coupe,3.5T e-SC Prestige,2,92182.5
2026-08-01,Mid Luxury SUV,genesis,gv80_coupe,3.5T e-SC Prestige Black,167,91324.38323353294
2026-08-01,Mid Luxury SUV,ineos,grenadier,1924 Limited Edition,113,85759.10185185185
2026-08-01,Mid Luxury SUV,ineos,grenadier,Base,15,81173.06666666667
2026-08-01,Mid Luxury SUV,ineos,grenadier,Fieldmaster,5,74383.4
2026-08-01,Mid Luxury SUV,ineos,grenadier,Fieldmaster Edition,599,88261.95959595959
2026-08-01,Mid Luxury SUV,ineos,grenadier,Trialmaster,1,79565.0
2026-08-01,Mid Luxury SUV,ineos,grenadier,Trialmaster Edition,192,91943.96774193548
2026-08-01,Mid Luxury SUV,infiniti,qx60,AUTOGRAPH AWD,9,68144.22222222222
2026-08-01,Mid Luxury SUV,infiniti,qx60,Autograph,1253,68584.18196328811
2026-08-01,Mid Luxury SUV,infiniti,qx60,LUXE AWD,4,57631.0
2026-08-01,Mid Luxury SUV,infiniti,qx60,Luxe,3404,58482.25558166862
2026-08-01,Mid Luxury SUV,infiniti,qx60,Pure,110,51461.48181818182
2026-08-01,Mid Luxury SUV,infiniti,qx60,SPORT,1300,62833.43692307692
2026-08-01,Mid Luxury SUV,infiniti,qx60,SPORT AWD,34,62668.76470588235
2026-08-01,Mid Luxury SUV,infiniti,qx60,Sensory,1,54325.0
2026-08-01,Mid Luxury SUV,infiniti,qx65,AUTOGRAPH,1034,66246.3742746615
2026-08-01,Mid Luxury SUV,infiniti,qx65,LUXE,204,56719.55882352941
2026-08-01,Mid Luxury SUV,infiniti,qx65,SPORT,897,59717.938684503904
2026-08-01,Mid Luxury SUV,jaguar,f_pace,P250 R-Dynamic S,560,66089.73035714286
2026-08-01,Mid Luxury SUV,jaguar,f_pace,P400 R-Dynamic S,209,77088.14354066986
2026-08-01,Mid Luxury SUV,jaguar,f_pace,SVR 575 EDITION,29,98805.93103448275
2026-08-01,Mid Luxury SUV,land_rover,defender,110 P300 S,863,76554.74159907301
2026-08-01,Mid Luxury SUV,land_rover,defender,110 P400 S,1,80945.0
2026-08-01,Mid Luxury SUV,land_rover,defender,110 P400 X,2,93119.0
2026-08-01,Mid Luxury SUV,land_rover,defender,110 P400 X-Dynamic SE,1383,89953.78581765557
2026-08-01,Mid Luxury SUV,land_rover,defender,110 P500 X-Dynamic SE,104,114396.38461538461
2026-08-01,Mid Luxury SUV,land_rover,defender,110 V8 P500 SE,1,106113.0
2026-08-01,Mid Luxury SUV,land_rover,defender,110 V8 P525,91,127447.82417582418
2026-08-01,Mid Luxury SUV,land_rover,defender,130 P300 S,258,88077.48837209302
2026-08-01,Mid Luxury SUV,land_rover,defender,130 P400 S,7,86391.28571428571
2026-08-01,Mid Luxury SUV,land_rover,defender,130 P400 X,1,109713.0
2026-08-01,Mid Luxury SUV,land_rover,defender,130 P400 X-Dynamic SE,493,99862.3995943205
2026-08-01,Mid Luxury SUV,land_rover,defender,130 P500 V8,5,122092.6
2026-08-01,Mid Luxury SUV,land_rover,defender,130 V8 P500,131,132535.6030534351
2026-08-01,Mid Luxury SUV,land_rover,defender,90 P300 S,2,65452.5
2026-08-01,Mid Luxury SUV,land_rover,defender,90 P400 X-Dynamic SE,45,83662.02272727272
2026-08-01,Mid Luxury SUV,land_rover,defender,OCTA,192,173681.0
2026-08-01,Mid Luxury SUV,land_rover,defender,P300 S,10,77413.6
2026-08-01,Mid Luxury SUV,land_rover,defender,P400 Outbound,5,99365.8
2026-08-01,Mid Luxury SUV,land_rover,defender,P400 Trophy Edition Deep Sandglow,32,99383.65625
2026-08-01,Mid Luxury SUV,land_rover,defender,P400 Trophy Edition Keswick,63,97232.12903225806
2026-08-01,Mid Luxury SUV,land_rover,defender,P400 X,173,108768.57803468208
2026-08-01,Mid Luxury SUV,land_rover,defender,P400 X-Dynamic SE,15,92831.0
2026-08-01,Mid Luxury SUV,land_rover,defender,P500 V8,1,135042.0
2026-08-01,Mid Luxury SUV,land_rover,defender,P500 X-Dynamic SE,1,117507.0
2026-08-01,Mid Luxury SUV,land_rover,defender,P525 V8,63,122019.74603174604
2026-08-01,Mid Luxury SUV,land_rover,defender,P635 OCTA,10,176930.3
2026-08-01,Mid Luxury SUV,land_rover,defender,P635 OCTA Black,126,180050.42857142858
2026-08-01,Mid Luxury SUV,land_rover,defender,S,32,79280.3125
2026-08-01,Mid Luxury SUV,land_rover,defender,X,22,108235.40909090909
2026-08-01,Mid Luxury SUV,land_rover,defender,X-Dynamic SE,79,92398.25316455697
2026-08-01,Mid Luxury SUV,land_rover,discovery,Gemini Edition,214,80808.24299065421
2026-08-01,Mid Luxury SUV,land_rover,discovery,P300 Dynamic SE,262,74618.13740458015
2026-08-01,Mid Luxury SUV,land_rover,discovery,P300 S,215,68248.3488372093
2026-08-01,Mid Luxury SUV,land_rover,discovery,P360 Dynamic SE,12,74008.5
2026-08-01,Mid Luxury SUV,land_rover,discovery,P360 Metropolitan,8,82480.125
2026-08-01,Mid Luxury SUV,land_rover,discovery,Tempest Edition,33,90266.27272727272
2026-08-01,Mid Luxury SUV,land_rover,range_rover_velar,Autobiography,12,92039.83333333333
2026-08-01,Mid Luxury SUV,land_rover,range_rover_velar,Belgravia Edition,488,74529.29713114754
2026-08-01,Mid Luxury SUV,land_rover,range_rover_velar,Belgravia Edition Satin,18,86210.11111111111
2026-08-01,Mid Luxury SUV,land_rover,range_rover_velar,Dynamic SE,234,75798.61111111111
2026-08-01,Mid Luxury SUV,land_rover,range_rover_velar,P250 Dynamic SE,117,74573.94017094017
2026-08-01,Mid Luxury SUV,land_rover,range_rover_velar,P250 S,240,68897.3125
2026-08-01,Mid Luxury SUV,land_rover,range_rover_velar,P400 Autobiography,9,88567.11111111111
2026-08-01,Mid Luxury SUV,land_rover,range_rover_velar,P400 Dynamic HSE,3,84719.66666666667
2026-08-01,Mid Luxury SUV,land_rover,range_rover_velar,P400 Dynamic SE,26,78588.53846153847
2026-08-01,Mid Luxury SUV,land_rover,range_rover_velar,S,296,68810.59121621621
2026-08-01,Mid Luxury SUV,lexus,gx_series,Luxury+,208,89539.27403846153
2026-08-01,Mid Luxury SUV,lexus,gx_series,Overtrail+,108,86104.00925925926
2026-08-01,Mid Luxury SUV,lexus,gx_series,Premium+,174,77346.77586206897
2026-08-01,Mid Luxury SUV,lexus,rx_series,Base,35,63046.28571428572
2026-08-01,Mid Luxury SUV,lexus,rx_series,F SPORT Design,196,63377.449132653055
2026-08-01,Mid Luxury SUV,lexus,rx_series,F SPORT Handling,131,65894.79389312977
2026-08-01,Mid Luxury SUV,lexus,rx_series,F SPORT Performance,85,78027.23529411765
2026-08-01,Mid Luxury SUV,lexus,rx_series,Luxury,971,71764.31316168899
2026-08-01,Mid Luxury SUV,lexus,rx_series,Premium,682,62454.94272727271
2026-08-01,Mid Luxury SUV,lexus,rx_series,Premium+,2564,63502.5582332293
2026-08-01,Mid Luxury SUV,lexus,tx,Base,2,62174.0
2026-08-01,Mid Luxury SUV,lexus,tx,F SPORT Handling,159,73035.72327044026
2026-08-01,Mid Luxury SUV,lexus,tx,F SPORT Performance Luxury,73,81273.67123287672
2026-08-01,Mid Luxury SUV,lexus,tx,F SPORT Performance Premium,784,76474.35586734694
2026-08-01,Mid Luxury SUV,lexus,tx,Luxury,641,74219.64413416536
2026-08-01,Mid Luxury SUV,lexus,tx,Premium,2004,66907.97205588823
2026-08-01,Mid Luxury SUV,lincoln,aviator,Black Label,284,88796.38732394367
2026-08-01,Mid Luxury SUV,lincoln,aviator,Livery,9,61507.11111111111
2026-08-01,Mid Luxury SUV,lincoln,aviator,Premiere,1872,60207.346153846156
2026-08-01,Mid Luxury SUV,lincoln,aviator,Reserve,2038,72745.7088856161
2026-08-01,Mid Luxury SUV,lincoln,nautilus,Black Label,433,80220.57967667436
2026-08-01,Mid Luxury SUV,lincoln,nautilus,Premiere,3359,57796.195891634416
2026-08-01,Mid Luxury SUV,lincoln,nautilus,Reserve,2603,66593.71110257396
2026-08-01,Mid Luxury SUV,mercedes_benz,benz_amg_gle,4MATIC+,1061,101304.63393025447
2026-08-01,Mid Luxury SUV,mercedes_benz,benz_amg_gle,S 4MATIC+,446,143418.51569506727
2026-08-01,Mid Luxury SUV,mercedes_benz,gle_class,4MATIC,356,84177.11612359551
2026-08-01,Mid Luxury SUV,mercedes_benz,gle_class,AMG GLE 53,519,102192.4238921002
2026-08-01,Mid Luxury SUV,mercedes_benz,gle_class,AMG GLE 63 S,223,143148.26457399104
2026-08-01,Mid Luxury SUV,mercedes_benz,gle_class,GLE 350,1438,73396.00208623087
2026-08-01,Mid Luxury SUV,mercedes_benz,gle_class,GLE 350 4MATIC,7478,75928.15926718374
2026-08-01,Mid Luxury SUV,mercedes_benz,gle_class,GLE 450 4MATIC,5591,83754.18261491683
2026-08-01,Mid Luxury SUV,mercedes_benz,gle_class,GLE 450e 4MATIC,2,89345.0
2026-08-01,Mid Luxury SUV,mercedes_benz,gle_class,GLE 580 4MATIC,380,100608.29210526316
2026-08-01,Mid Luxury SUV,volvo,xc90,B5 Core,346,60601.38150289017
2026-08-01,Mid Luxury SUV,volvo,xc90,B5 Plus 6-Seater,18,66052.11111111111
2026-08-01,Mid Luxury SUV,volvo,xc90,B5 Plus 7-Seater,438,65159.760273972606
2026-08-01,Mid Luxury SUV,volvo,xc90,B5 Ultra 6-Seater,20,70597.2
2026-08-01,Mid Luxury SUV,volvo,xc90,B5 Ultra 7-Seater,24,69474.25
2026-08-01,Mid Luxury SUV,volvo,xc90,B6 Core,102,65379.75490196078
2026-08-01,Mid Luxury SUV,volvo,xc90,B6 Plus 6-Seater,228,70360.40789473684
2026-08-01,Mid Luxury SUV,volvo,xc90,B6 Plus 6P,26,72423.11538461539
2026-08-01,Mid Luxury SUV,volvo,xc90,B6 Plus 7-Seater,3418,69006.74283206553
2026-08-01,Mid Luxury SUV,volvo,xc90,B6 Plus 7P,10,66186.5
2026-08-01,Mid Luxury SUV,volvo,xc90,B6 Plus Bright Theme 7P,118,72414.33050847458
2026-08-01,Mid Luxury SUV,volvo,xc90,B6 Ultimate Bright Theme 7P,1,58907.0
2026-08-01,Mid Luxury SUV,volvo,xc90,B6 Ultra,5,70182.2
2026-08-01,Mid Luxury SUV,volvo,xc90,B6 Ultra 6-Seater,62,76075.0
2026-08-01,Mid Luxury SUV,volvo,xc90,B6 Ultra 6P,1,63051.0
2026-08-01,Mid Luxury SUV,volvo,xc90,B6 Ultra 7-Seater,1532,72277.2317232376
2026-08-01,Mid Luxury SUV,volvo,xc90,B6 Ultra 7P,2,67504.5
2026-08-01,Mid Luxury SUV,volvo,xc90,B6 Ultra Bright Theme 7P,20,78870.2
2026-08-01,Mid Luxury SUV,volvo,xc90,B6 Ultra Dark Theme 6-Seater,149,75601.74496644296
2026-08-01,Mid Luxury SUV,volvo,xc90,B6 Ultra Dark Theme 7-Seater,508,74288.36023622047
2026-08-01,Mid Luxury SUV,volvo,xc90,Core,8,64330.0
2026-08-01,Mid Luxury SUV,volvo,xc90,"Core, B5 AWD Gas (mild hybrid), Gasoline, Bright",5,61278.2
2026-08-01,Mid Luxury SUV,volvo,xc90,Plus,1,69413.0
2026-08-01,Mid Luxury SUV,volvo,xc90,"Plus, B5 AWD Gas (mild hybrid), Gasoline, Bright",3,64783.0
2026-08-01,Mid Luxury SUV,volvo,xc90,"Plus, B6 AWD Gas (mild hybrid), Gasoline, Bright",20,70690.4
2026-08-01,Mid Luxury SUV,volvo,xc90,"Plus, T8 AWD, Electric/Gasoline, Bright, 7 Seats",33,79953.06060606061
2026-08-01,Mid Luxury SUV,volvo,xc90,T8 Core,100,74779.74
2026-08-01,Mid Luxury SUV,volvo,xc90,T8 Core 7-Seater,7,70077.42857142857
2026-08-01,Mid Luxury SUV,volvo,xc90,T8 Plus 6-Seater,180,80267.79444444444
2026-08-01,Mid Luxury SUV,volvo,xc90,T8 Plus 7-Seater,1703,79205.09864944217
2026-08-01,Mid Luxury SUV,volvo,xc90,T8 Plus Bright Theme 7P,5,71841.0
2026-08-01,Mid Luxury SUV,volvo,xc90,T8 Ultimate Bright Theme 7P,1,69633.0
2026-08-01,Mid Luxury SUV,volvo,xc90,T8 Ultra 6-Seater,160,85853.90625
2026-08-01,Mid Luxury SUV,volvo,xc90,T8 Ultra 6P,1,89355.0
2026-08-01,Mid Luxury SUV,volvo,xc90,T8 Ultra 7-Seater,1164,83773.9175257732
2026-08-01,Mid Luxury SUV,volvo,xc90,T8 Ultra 7P,3,74207.66666666667
2026-08-01,Mid Luxury SUV,volvo,xc90,T8 Ultra Dark Theme 6-Seater,155,84809.50967741935
2026-08-01,Mid Luxury SUV,volvo,xc90,T8 Ultra Dark Theme 7-Seater,302,85548.58609271524
2026-08-01,Mid Luxury SUV,volvo,xc90,Ultra Dark Theme,33,77631.78787878787
2026-08-01,Mid Luxury SUV,volvo,xc90,"Ultra Dark Theme, B6 AWD Gas (mild hybrid), Gaso",1,74170.0
2026-08-01,Mid Luxury SUV,volvo,xc90,"Ultra, B6 AWD Gas (mild hybrid), Gasoline, Brigh",6,73538.83333333333
2026-08-01,Mid Luxury SUV,volvo,xc90,"Ultra, T8 AWD, Electric/Gasoline, Bright, 6 Seat",1,96690.0
2026-08-01,Mid Luxury SUV,volvo,xc90,"Ultra, T8 AWD, Electric/Gasoline, Bright, 7 Seat",25,84591.12
2026-08-01,Near Luxury Car,acura,tlx,SH-AWD w/A-SPEC,4,52195.0
2026-08-01,Near Luxury Car,acura,tlx,w/Tech,3,46568.0
2026-08-01,Near Luxury Car,alfa_romeo,giulia,Base,91,53195.494505494506
2026-08-01,Near Luxury Car,alfa_romeo,giulia,Quadrifoglio,1,81848.0
2026-08-01,Near Luxury Car,alfa_romeo,giulia,Special Edition AWD,1,44684.0
2026-08-01,Near Luxury Car,alfa_romeo,giulia,Sprint,43,44219.93023255814
2026-08-01,Near Luxury Car,alfa_romeo,giulia,Ti,3,47702.666666666664
2026-08-01,Near Luxury Car,audi,a5,Premium,67,52554.31343283582
2026-08-01,Near Luxury Car,audi,a5,Premium Plus,360,56668.322222222225
2026-08-01,Near Luxury Car,audi,a5,Premium Plus TFSI quattro S tronic,2124,55669.77538606403
2026-08-01,Near Luxury Car,audi,a5,Premium TFSI quattro S tronic,608,52317.15625
2026-08-01,Near Luxury Car,audi,a5,Prestige,51,58786.882352941175
2026-08-01,Near Luxury Car,audi,a5,Prestige TFSI quattro S tronic,282,57779.56028368794
2026-08-01,Near Luxury Car,audi,a5,quattro S line Prem Plus 45 TFSI,1,58384.0
2026-08-01,Near Luxury Car,audi,s5,Premium,1,64077.0
2026-08-01,Near Luxury Car,audi,s5,Premium Plus,179,70979.23463687151
2026-08-01,Near Luxury Car,audi,s5,Premium Plus TFSI quattro S tronic,1108,69784.20487364622
2026-08-01,Near Luxury Car,audi,s5,Premium TFSI quattro S tronic,18,64300.0
2026-08-01,Near Luxury Car,audi,s5,Prestige,33,75816.81818181818
2026-08-01,Near Luxury Car,audi,s5,Prestige TFSI quattro S tronic,223,73385.39910313902
2026-08-01,Near Luxury Car,bmw,3_series,330i,983,55682.20244150559
2026-08-01,Near Luxury Car,bmw,3_series,330i NA,1141,55669.43733567047
2026-08-01,Near Luxury Car,bmw,3_series,330i NA xDrive,1015,57751.66009852217
2026-08-01,Near Luxury Car,bmw,3_series,330i xDrive,303,57326.544554455446
2026-08-01,Near Luxury Car,bmw,3_series,M340i NA,135,70287.85185185185
2026-08-01,Near Luxury Car,bmw,3_series,M340i NA xDrive,143,73218.26573426573
2026-08-01,Near Luxury Car,bmw,3_series,M340i xDrive,15,75989.8
2026-08-01,Near Luxury Car,bmw,3_series,NA,603,55686.41791044776
2026-08-01,Near Luxury Car,bmw,3_series,xDrive,272,57904.283088235294
2026-08-01,Near Luxury Car,bmw,3_series,xDrive NA,725,57670.96137931034
2026-08-01,Near Luxury Car,bmw,4_series,430i,595,64523.52112605041
2026-08-01,Near Luxury Car,bmw,4_series,430i xDrive,205,67710.14591133005
2026-08-01,Near Luxury Car,bmw,4_series,M440i,154,77166.21675324676
2026-08-01,Near Luxury Car,bmw,4_series,M440i Gran Coupe,81,73014.27160493827
2026-08-01,Near Luxury Car,bmw,4_series,M440i xDrive,84,80193.4930952381
2026-08-01,Near Luxury Car,bmw,4_series,i,63,73585.48412698413
2026-08-01,Near Luxury Car,bmw,4_series,i xDrive,67,77110.0895522388
2026-08-01,Near Luxury Car,bmw,4_series,xDrive,218,64692.1823853211
2026-08-01,Near Luxury Car,bmw,4_series_gran_coupe,xDrive,467,67830.71383297644
2026-08-01,Near Luxury Car,bmw,m3,Base,55,96910.85454545454
2026-08-01,Near Luxury Car,bmw,m3,Base (M6),2,97502.5
2026-08-01,Near Luxury Car,bmw,m3,Competition,39,94601.05128205128
2026-08-01,Near Luxury Car,bmw,m3,Competition xDrive,171,103378.18713450292
2026-08-01,Near Luxury Car,bmw,m3,NA,27,71030.14814814815
2026-08-01,Near Luxury Car,bmw,m3,xDrive,3,74270.0
2026-08-01,Near Luxury Car,bmw,m3,xDrive NA,24,72791.95833333333
2026-08-01,Near Luxury Car,bmw,m4,Base,71,94904.21126760563
2026-08-01,Near Luxury Car,bmw,m4,Competition,228,106261.11403508772
2026-08-01,Near Luxury Car,bmw,m4,Competition xDrive,135,104993.94074074074
2026-08-01,Near Luxury Car,cadillac,ct5,Base,4,68512.25
2026-08-01,Near Luxury Car,cadillac,ct5,Premium Luxury,34,54481.55882352941
2026-08-01,Near Luxury Car,cadillac,ct5,Premium Luxury RWD,1752,55670.602739726026
2026-08-01,Near Luxury Car,cadillac,ct5,Sport,23,54517.30434782609
2026-08-01,Near Luxury Car,cadillac,ct5,Sport RWD,1297,57964.299151888976
2026-08-01,Near Luxury Car,cadillac,ct5,V-Series Blackwing RWD,73,132615.301369863
2026-08-01,Near Luxury Car,cadillac,ct5,V-Series RWD,153,68720.62091503268
2026-08-01,Near Luxury Car,genesis,g70,2.5T,3,45518.666666666664
2026-08-01,Near Luxury Car,genesis,g70,2.5T AWD,178,48077.151685393255
2026-08-01,Near Luxury Car,genesis,g70,2.5T AWD Prestige,4,53213.75
2026-08-01,Near Luxury Car,genesis,g70,2.5T Prestige,2,51031.5
2026-08-01,Near Luxury Car,genesis,g70,2.5T RWD,279,46320.77777777778
2026-08-01,Near Luxury Car,genesis,g70,2.5T RWD Prestige,221,51124.86877828054
2026-08-01,Near Luxury Car,genesis,g70,2.5T Standard,22,44664.13636363636
2026-08-01,Near Luxury Car,genesis,g70,3.3T AWD Sport Prestige,874,56331.4771167048
2026-08-01,Near Luxury Car,genesis,g70,3.3T Prestige Graphite,218,60380.85321100918
2026-08-01,Near Luxury Car,genesis,g70,3.3T RWD Sport Prestige,618,56463.62621359223
2026-08-01,Near Luxury Car,genesis,g70,3.3T Sport Advanced,21,53938.52380952381
2026-08-01,Near Luxury Car,lexus,es_series,Base,2,50074.5
2026-08-01,Near Luxury Car,lexus,es_series,Luxury,97,62113.0824742268
2026-08-01,Near Luxury Car,lexus,es_series,Luxury AWD,34,63323.73529411765
2026-08-01,Near Luxury Car,lexus,es_series,Premium,1216,55327.01430921053
2026-08-01,Near Luxury Car,lexus,es_series,Premium AWD,1,54166.0
2026-08-01,Near Luxury Car,lexus,es_series,Premium+,462,58954.357142857145
2026-08-01,Near Luxury Car,lexus,is_series,F SPORT,1681,56641.913741820346
2026-08-01,Near Luxury Car,lexus,is_series,F SPORT Design,624,51199.85852564102
2026-08-01,Near Luxury Car,mercedes_benz,c_class,AMG C 43,445,75299.85168539325
2026-08-01,Near Luxury Car,mercedes_benz,c_class,AMG C 63 S E Performance,12,104295.66666666667
2026-08-01,Near Luxury Car,mercedes_benz,c_class,C 300,3468,55956.6291810842
2026-08-01,Near Luxury Car,mercedes_benz,c_class,C 300 4MATIC,3017,57821.851839575735
2026-08-01,Near Luxury Car,volvo,s60_v60,B5 Core Dark Theme,2,45317.5
2026-08-01,Near Luxury Car,volvo,s60_v60,B5 Plus,281,54897.434163701066
2026-08-01,Near Luxury Car,volvo,s60_v60,B5 Ultra,85,59409.50588235294
2026-08-01,Near Luxury Car,volvo,s60_v60,"Plus, B5 AWD Gas (mild hybrid)",6,55198.333333333336
2026-08-01,Near Luxury Car,volvo,s60_v60,T8 Plus Dark Theme,1,58520.0
2026-08-01,Near Luxury Car,volvo,s60_v60,T8 Ultra,1,145356.0
2026-08-01,Near Luxury EV SUV,audi,q4_e_tron,Premium,2,58901.0
2026-08-01,Near Luxury EV SUV,audi,q4_e_tron,quattro Premium 55 TFSI,1,59375.0
2026-08-01,Near Luxury EV SUV,audi,q4_e_tron,quattro Premium Plus 55,1,62848.0
2026-08-01,Near Luxury EV SUV,audi,q4_e_tron,quattro Premium Plus 55 TFSI,2,63596.0
2026-08-01,Near Luxury EV SUV,cadillac,optiq,Luxury,612,55214.37091503268
2026-08-01,Near Luxury EV SUV,cadillac,optiq,Luxury 1 AWD,3,55409.333333333336
2026-08-01,Near Luxury EV SUV,cadillac,optiq,Luxury 2 AWD,2,57259.5
2026-08-01,Near Luxury EV SUV,cadillac,optiq,OPTIQ-V,10,77680.6
2026-08-01,Near Luxury EV SUV,cadillac,optiq,Premium Luxury,142,59107.00704225352
2026-08-01,Near Luxury EV SUV,cadillac,optiq,Premium Sport,275,60071.73454545454
2026-08-01,Near Luxury EV SUV,cadillac,optiq,Sport,805,56409.57142857143
2026-08-01,Near Luxury EV SUV,cadillac,optiq,Sport 1 AWD,4,55508.75
2026-08-01,Near Luxury EV SUV,cadillac,optiq,Sport 2 AWD,11,57967.27272727273
2026-08-01,Near Luxury EV SUV,cadillac,optiq,V-Series,76,75458.48684210527
2026-08-01,Near Luxury EV SUV,genesis,gv70_ev,"19""""",10,61243.3
2026-08-01,Near Luxury EV SUV,genesis,gv70_ev,Advanced,3,72410.33333333333
2026-08-01,Near Luxury EV SUV,genesis,gv70_ev,"Advanced 20""""",7,69589.28571428571
2026-08-01,Near Luxury EV SUV,genesis,gv70_ev,Base,3,70923.33333333333
2026-08-01,Near Luxury EV SUV,genesis,gv70_ev,"Prestige 20""""",28,73701.71428571429
2026-08-01,Near Luxury EV SUV,genesis,gv70_ev,Standard,7,67556.14285714286
2026-08-01,Near Luxury EV SUV,lexus,rz_series,F SPORT,32,60184.7915625
2026-08-01,Near Luxury EV SUV,lexus,rz_series,Luxury,6,57256.5
2026-08-01,Near Luxury EV SUV,lexus,rz_series,Premium,318,51343.27421383647
2026-08-01,Near Luxury EV SUV,mercedes_benz,eqb,EQB 300 4MATIC,2,53971.5
2026-08-01,Near Luxury EV SUV,mercedes_benz,eqb,EQB 350 4MATIC,1,63245.0
2026-08-01,Near Luxury EV SUV,porsche,macan_electric,4S,41,110262.14634146342
2026-08-01,Near Luxury EV SUV,porsche,macan_electric,GTS,108,124311.70370370371
2026-08-01,Near Luxury SUV,acura,rdx,A-Spec,4,53459.75
2026-08-01,Near Luxury SUV,acura,rdx,Advance,1,55555.0
2026-08-01,Near Luxury SUV,acura,rdx,SH-AWD,10,46537.3
2026-08-01,Near Luxury SUV,acura,rdx,SH-AWD w/A-SPEC,31,51793.10344827586
2026-08-01,Near Luxury SUV,acura,rdx,SH-AWD w/Advance,6,54428.6
2026-08-01,Near Luxury SUV,acura,rdx,SH-AWD w/Advance w/A-SPEC,4,56525.5
2026-08-01,Near Luxury SUV,acura,rdx,SH-AWD w/Tech,11,49328.9
2026-08-01,Near Luxury SUV,acura,rdx,Technology,3,50463.0
2026-08-01,Near Luxury SUV,acura,rdx,w/A-Spec Advance Package,777,56885.78451612903
2026-08-01,Near Luxury SUV,acura,rdx,w/A-Spec Package,994,52707.46068548387
2026-08-01,Near Luxury SUV,acura,rdx,w/Advance Package,632,54748.84810126582
2026-08-01,Near Luxury SUV,acura,rdx,w/Technology Package,1207,49688.82850041425
2026-08-01,Near Luxury SUV,alfa_romeo,stelvio,AWD,217,58034.5668202765
2026-08-01,Near Luxury SUV,alfa_romeo,stelvio,Base,25,49221.76
2026-08-01,Near Luxury SUV,alfa_romeo,stelvio,Quadrifoglio,13,84518.46153846153
2026-08-01,Near Luxury SUV,alfa_romeo,stelvio,Sprint,52,50776.096153846156
2026-08-01,Near Luxury SUV,alfa_romeo,stelvio,Ti,1,37298.0
2026-08-01,Near Luxury SUV,audi,q5_sq5,2.0T,338,56323.7100591716
2026-08-01,Near Luxury SUV,audi,q5_sq5,2.0T Progressiv,9,59538.11111111111
2026-08-01,Near Luxury SUV,audi,q5_sq5,2.0T Technik,1,68028.0
2026-08-01,Near Luxury SUV,audi,q5_sq5,Premium,138,55339.760869565216
2026-08-01,Near Luxury SUV,audi,q5_sq5,Premium Plus,378,59135.497354497355
2026-08-01,Near Luxury SUV,audi,q5_sq5,Premium Plus TFSI quattro S tronic,2827,58449.46727980191
2026-08-01,Near Luxury SUV,audi,q5_sq5,Premium TFSI quattro S tronic,902,55032.031042128605
2026-08-01,Near Luxury SUV,audi,q5_sq5,Prestige,30,64065.4
2026-08-01,Near Luxury SUV,audi,q5_sq5,Prestige TFSI quattro S tronic,320,63111.225
2026-08-01,Near Luxury SUV,audi,q5_sq5,quattro S line Prem Plus 45 TFSI,7,52863.857142857145
2026-08-01,Near Luxury SUV,audi,sq5,3.0T quattro Premium Plus,1,68794.0
2026-08-01,Near Luxury SUV,audi,sq5,Premium Plus,240,72633.41666666667
2026-08-01,Near Luxury SUV,audi,sq5,Premium Plus TFSI quattro S tronic,1630,71595.46319018405
2026-08-01,Near Luxury SUV,audi,sq5,Premium TFSI quattro S tronic,8,67350.875
2026-08-01,Near Luxury SUV,audi,sq5,Presige TFSI quattro S tronic,211,75666.85308056872
2026-08-01,Near Luxury SUV,audi,sq5,Prestige,29,76691.75862068965
2026-08-01,Near Luxury SUV,bmw,ix3,50 xDrive,213,73805.72300469484
2026-08-01,Near Luxury SUV,bmw,x3,30 xDrive,11411,59997.13671019192
2026-08-01,Near Luxury SUV,bmw,x3,M40i,1,69683.0
2026-08-01,Near Luxury SUV,bmw,x3,M50 xDrive,894,75398.07270693513
2026-08-01,Near Luxury SUV,cadillac,xt4,Premium Luxury,2,43789.0
2026-08-01,Near Luxury SUV,cadillac,xt4,Sport,1,47890.0
2026-08-01,Near Luxury SUV,genesis,gv70,2.5T,764,51600.153141361254
2026-08-01,Near Luxury SUV,genesis,gv70,2.5T Advanced,2082,59281.48991354467
2026-08-01,Near Luxury SUV,genesis,gv70,2.5T Prestige,2,61646.5
2026-08-01,Near Luxury SUV,genesis,gv70,2.5T Select,868,54607.20506912442
2026-08-01,Near Luxury SUV,genesis,gv70,2.5T Sport Prestige,1597,62420.55792110207
2026-08-01,Near Luxury SUV,genesis,gv70,2.5T Standard,16,54220.375
2026-08-01,Near Luxury SUV,genesis,gv70,3.5T Prestige Graphite,297,75202.04377104377
2026-08-01,Near Luxury SUV,genesis,gv70,3.5T Sport,30,64568.46666666667
2026-08-01,Near Luxury SUV,genesis,gv70,3.5T Sport Advanced,237,65621.37130801688
2026-08-01,Near Luxury SUV,genesis,gv70,3.5T Sport Prestige,1255,72244.66215139443
2026-08-01,Near Luxury SUV,infiniti,qx50,Sport,1,55324.0
2026-08-01,Near Luxury SUV,infiniti,qx55,Essential,1,56749.0
2026-08-01,Near Luxury SUV,infiniti,qx55,Luxe,1,47036.0
2026-08-01,Near Luxury SUV,infiniti,qx55,Sensory,1,57924.0
2026-08-01,Near Luxury SUV,jaguar,e_pace,P250 R-Dynamic SE,6,52726.0
2026-08-01,Near Luxury SUV,land_rover,discovery_sport,Landmark,576,55417.42534722222
2026-08-01,Near Luxury SUV,land_rover,discovery_sport,P250 Dynamic SE,14,57872.357142857145
2026-08-01,Near Luxury SUV,land_rover,discovery_sport,P250 S,52,51641.61538461538
2026-08-01,Near Luxury SUV,land_rover,range_rover_evoque,Hoxton Edition,202,62149.16336633663
2026-08-01,Near Luxury SUV,land_rover,range_rover_evoque,P250 Dynamic SE,69,62150.72463768116
2026-08-01,Near Luxury SUV,land_rover,range_rover_evoque,P250 S,452,57231.94911504425
2026-08-01,Near Luxury SUV,lexus,nx_series,Base,448,55740.213147321425
2026-08-01,Near Luxury SUV,lexus,nx_series,F SPORT Handling,358,62657.3609117647
2026-08-01,Near Luxury SUV,lexus,nx_series,Luxury,837,59919.04821983273
2026-08-01,Near Luxury SUV,lexus,nx_series,Premium,1664,54762.90739783652
2026-08-01,Near Luxury SUV,maserati,grecale,Base,103,74399.7281553398
2026-08-01,Near Luxury SUV,maserati,grecale,Folgore,3,120769.33333333333
2026-08-01,Near Luxury SUV,maserati,grecale,GT,13,63887.153846153844
2026-08-01,Near Luxury SUV,maserati,grecale,Modena,379,91772.27704485488
2026-08-01,Near Luxury SUV,maserati,grecale,Trofeo,22,123396.22727272728
2026-08-01,Near Luxury SUV,mercedes_benz,benz_amg_glc,4MATIC,149,84298.11422818791
2026-08-01,Near Luxury SUV,mercedes_benz,glb,AMG GLB 35,255,66487.50980392157
2026-08-01,Near Luxury SUV,mercedes_benz,glb,GLB 250,1657,50942.25226312613
2026-08-01,Near Luxury SUV,mercedes_benz,glb,GLB 250 4MATIC,1623,53592.927911275416
2026-08-01,Near Luxury SUV,mercedes_benz,glc_class,4MATIC,314,68309.68766773163
2026-08-01,Near Luxury SUV,mercedes_benz,glc_class,4MATIC SUV,753,60306.0
2026-08-01,Near Luxury SUV,mercedes_benz,glc_class,AMG GLC 43,524,76517.9713740458
2026-08-01,Near Luxury SUV,mercedes_benz,glc_class,GLC 300,6510,60222.14362519201
2026-08-01,Near Luxury SUV,mercedes_benz,glc_class,GLC 300 4MATIC,5596,60589.36579699785
2026-08-01,Near Luxury SUV,mercedes_benz,glc_class,GLC 350e 4MATIC,30,69440.83333333333
2026-08-01,Near Luxury SUV,porsche,macan,4 Electric,303,101644.20792079208
2026-08-01,Near Luxury SUV,porsche,macan,Base,3052,81794.26933158585
2026-08-01,Near Luxury SUV,porsche,macan,Electric,206,96874.1213592233
2026-08-01,Near Luxury SUV,porsche,macan,Electric Turbo,76,135201.84210526315
2026-08-01,Near Luxury SUV,porsche,macan,GTS,216,114339.07943925234
2026-08-01,Near Luxury SUV,porsche,macan,S,947,98646.92291446673
2026-08-01,Near Luxury SUV,porsche,macan,T,407,83750.91133004926
2026-08-01,Near Luxury SUV,porsche,macan,Turbo Electric,19,131644.36842105264
2026-08-01,Near Luxury SUV,volvo,xc60,B5 Core,481,50059.96465696466
2026-08-01,Near Luxury SUV,volvo,xc60,B5 Core Dark Theme,1,51125.0
2026-08-01,Near Luxury SUV,volvo,xc60,B5 Plus,2630,56373.142205323195
2026-08-01,Near Luxury SUV,volvo,xc60,B5 Ultra,1169,62547.39863130881
2026-08-01,Near Luxury SUV,volvo,xc60,B5 Ultra Black Edition,287,64035.871080139375
2026-08-01,Near Luxury SUV,volvo,xc60,"Black Edition Ultra, T8 AWD Electric/Gasoline, D",1,75685.0
2026-08-01,Near Luxury SUV,volvo,xc60,Core,25,54182.16
2026-08-01,Near Luxury SUV,volvo,xc60,Plus,56,59740.517857142855
2026-08-01,Near Luxury SUV,volvo,xc60,Plus Dark Theme,1076,59752.630111524166
2026-08-01,Near Luxury SUV,volvo,xc60,"Plus, T8 AWD Electric/Gasoline, Dark",20,66113.65
2026-08-01,Near Luxury SUV,volvo,xc60,T8 Core,96,60629.60638297872
2026-08-01,Near Luxury SUV,volvo,xc60,T8 Plus,876,66491.61415525114
2026-08-01,Near Luxury SUV,volvo,xc60,T8 Polestar Engineered,82,80366.65853658537
2026-08-01,Near Luxury SUV,volvo,xc60,T8 Ultra,745,72519.44429530202
2026-08-01,Near Luxury SUV,volvo,xc60,T8 Ultra Black Edition,217,73918.2534562212
2026-08-01,Near Luxury SUV,volvo,xc60,Ultra,48,65276.104166666664
2026-08-01,Near Luxury SUV,volvo,xc60,Ultra Dark Theme,526,67572.30988593157
2026-08-01,Near Luxury SUV,volvo,xc60,"Ultra, T8 AWD Electric/Gasoline, Dark",10,73919.0
2026-08-01,Near Luxury SUV,volvo,xc60_recharge,T8 Polestar Engineered,1,68451.0
2026-08-01,Premium Luxury Car,audi,a8_s8,4.0T quattro,122,133388.94262295082
2026-08-01,Premium Luxury Car,audi,a8_s8,55 TFSI quattro Tiptronic,301,96080.11627906977
2026-08-01,Premium Luxury Car,bentley,flying_spur,Azure Hybrid,141,313774.00746268657
2026-08-01,Premium Luxury Car,bentley,flying_spur,Black Edition,5,302512.6
2026-08-01,Premium Luxury Car,bentley,flying_spur,Speed,7,340525.85714285716
2026-08-01,Premium Luxury Car,bentley,flying_spur,Speed First Edition,5,330862.0
2026-08-01,Premium Luxury Car,bmw,7_series,740i,347,110024.77233429394
2026-08-01,Premium Luxury Car,bmw,7_series,740i xDrive,241,116991.69709543568
2026-08-01,Premium Luxury Car,bmw,7_series,750e xDrive,350,121808.94
2026-08-01,Premium Luxury Car,bmw,7_series,760i xDrive,167,138515.39520958083
2026-08-01,Premium Luxury Car,bmw,7_series,xDrive,317,126838.73432176656
2026-08-01,Premium Luxury Car,genesis,g90,3.5T,14,91209.57142857143
2026-08-01,Premium Luxury Car,genesis,g90,3.5T E-SC MHEV AWD,348,102171.18103448275
2026-08-01,Premium Luxury Car,genesis,g90,3.5T e-Supercharger,58,103151.36206896552
2026-08-01,Premium Luxury Car,genesis,g90,e-SC Prestige Black,122,105295.95901639345
2026-08-01,Premium Luxury Car,maserati,quattroporte,Modena Ultima Q4,2,120949.0
2026-08-01,Premium Luxury Car,mercedes_benz,s_class,AMG S 63 E Performance,210,210956.46666666667
2026-08-01,Premium Luxury Car,mercedes_benz,s_class,Maybach S 680,30,260721.66666666666
2026-08-01,Premium Luxury Car,mercedes_benz,s_class,Mercedes-Maybach S 580 4MATIC,65,220276.9076923077
2026-08-01,Premium Luxury Car,mercedes_benz,s_class,Mercedes-Maybach S 680 4MATIC,3,274724.6666666667
2026-08-01,Premium Luxury Car,mercedes_benz,s_class,S 500,13,121931.30769230769
2026-08-01,Premium Luxury Car,mercedes_benz,s_class,S 500 4MATIC,27,133999.25925925927
2026-08-01,Premium Luxury Car,mercedes_benz,s_class,S 580,98,147626.8469387755
2026-08-01,Premium Luxury Car,mercedes_benz,s_class,S 580 4MATIC,263,146618.46007604562
2026-08-01,Premium Luxury Car,mercedes_benz,s_class,S 580e 4MATIC,24,140188.75
2026-08-01,Premium Luxury Car,porsche,panamera,4,503,144489.5347912525
2026-08-01,Premium Luxury Car,porsche,panamera,4 E-Hybrid,6,153140.0
2026-08-01,Premium Luxury Car,porsche,panamera,4S,7,175171.14285714287
2026-08-01,Premium Luxury Car,porsche,panamera,Base,193,136588.9378238342
2026-08-01,Premium Luxury Car,porsche,panamera,GTS,77,193819.80263157896
2026-08-01,Premium Luxury Car,porsche,panamera,Turbo,5,243083.2
2026-08-01,Premium Luxury Car,porsche,panamera,Turbo S E-Hybrid,1,289385.0
2026-08-01,Premium Luxury Car,rolls_royce,ghost,Base,14,427001.76923076925
2026-08-01,Premium Luxury Car,rolls_royce,ghost,Black Badge,11,488106.8181818182
2026-08-01,Premium Luxury Car,rolls_royce,phantom,Base,2,703231.0
2026-09-01,Entry Luxury EV SUV,genesis,gv60,"19""""",39,52574.89473684211
2026-09-01,Entry Luxury EV SUV,genesis,gv60,AWD,2,53674.5
2026-09-01,Entry Luxury EV SUV,genesis,gv60,"Advanced 20""""",5,59101.8
2026-09-01,Entry Luxury EV SUV,genesis,gv60,Magma,3,72799.0
2026-09-01,Entry Luxury EV SUV,genesis,gv60,Performance,9,70904.11111111111
2026-09-01,Entry Luxury EV SUV,genesis,gv60,"Prestige 20""""",36,60518.583333333336
2026-09-01,Entry Luxury EV SUV,genesis,gv60,RWD,30,53148.53333333333
2026-09-01,Entry Luxury EV SUV,genesis,gv60,Standard,6,45312.0
2026-09-01,Entry Luxury EV SUV,volvo,ec40,Core,1,162000.0
2026-09-01,Entry Luxury EV SUV,volvo,ex30,Cross Country Ultra,292,48109.66095890411
2026-09-01,Entry Luxury EV SUV,volvo,ex30,"Cross Country Ultra, Twin Motor Performance, Ful",25,49955.4
2026-09-01,Entry Luxury EV SUV,volvo,ex30,Plus,10,39346.7
2026-09-01,Entry Luxury EV SUV,volvo,ex30,"Plus Twin Motor Performance, Fully electric",430,44562.820930232556
2026-09-01,Entry Luxury EV SUV,volvo,ex30,"Plus, Single Motor, Fuly electric",23,38602.47826086957
2026-09-01,Entry Luxury EV SUV,volvo,ex30,Twin Motor Plus,12,46775.833333333336
2026-09-01,Entry Luxury EV SUV,volvo,ex30,Twin Motor Ultra,5,45075.0
2026-09-01,Entry Luxury EV SUV,volvo,ex30,Ultra,122,47299.89344262295
2026-09-01,Entry Luxury EV SUV,volvo,ex30,"Ultra Twin Motor Performance, Fully electric",323,45606.461300309595
2026-09-01,Entry Luxury EV SUV,volvo,ex40,Single Motor Extended Range Plus,15,58048.26666666667
2026-09-01,Entry Luxury EV SUV,volvo,ex40,Twin Motor Plus,4,57840.5
2026-09-01,Entry Luxury EV SUV,volvo,ex40,Twin Motor Ultra Black Edition,4,59206.25
2026-09-01,Mid Luxury Car,audi,a6_e_tron,Premium,13,68266.76923076923
2026-09-01,Mid Luxury Car,audi,a6_e_tron,Premium Plus,45,75906.24444444444
2026-09-01,Mid Luxury Car,audi,a6_e_tron,Prestige,9,78954.77777777778
2026-09-01,Mid Luxury Car,audi,a6_s6,Premium Plus quattro S tronic,1395,68613.84444444445
2026-09-01,Mid Luxury Car,audi,a6_s6,Premium quattro S tronic,119,63885.01680672269
2026-09-01,Mid Luxury Car,audi,a6_s6,Prestige quattro S tronic,78,74479.41025641025
2026-09-01,Mid Luxury Car,audi,a6_s6,Technik,388,74893.95103092784
2026-09-01,Mid Luxury Car,audi,a7_s7_rs_7,4.0T quattro performance,2,136822.5
2026-09-01,Mid Luxury Car,audi,a7_s7_rs_7,quattro tiptronic,3,150313.33333333334
2026-09-01,Mid Luxury Car,bmw,5_series,530i,1138,70005.61423550088
2026-09-01,Mid Luxury Car,bmw,5_series,530i xDrive,1238,72279.32794830372
2026-09-01,Mid Luxury Car,bmw,5_series,540i xDrive,276,81820.23550724638
2026-09-01,Mid Luxury Car,bmw,5_series,550e xDrive,562,86897.58362989324
2026-09-01,Mid Luxury Car,bmw,5_series,xDrive,128,70971.8046875
2026-09-01,Mid Luxury Car,bmw,m5,Base,243,136654.31275720164
2026-09-01,Mid Luxury Car,bmw,m5,Base (A8),14,138495.85714285713
2026-09-01,Mid Luxury Car,bmw,m5,Touring,8,145666.0
2026-09-01,Mid Luxury Car,genesis,g80,2.5T,136,63451.529411764706
2026-09-01,Mid Luxury Car,genesis,g80,2.5T Advanced,213,66791.67605633802
2026-09-01,Mid Luxury Car,genesis,g80,2.5T Sport Prestige,247,72944.25910931174
2026-09-01,Mid Luxury Car,genesis,g80,3.5T Prestige Black,253,82437.33201581027
2026-09-01,Mid Luxury Car,genesis,g80,3.5T Prestige Black AWD,1,81790.0
2026-09-01,Mid Luxury Car,genesis,g80,3.5T Sport,18,69702.61111111111
2026-09-01,Mid Luxury Car,genesis,g80,3.5T Sport Advanced,3,60902.333333333336
2026-09-01,Mid Luxury Car,genesis,g80,3.5T Sport Prestige,315,81517.94285714286
2026-09-01,Mid Luxury Car,jaguar,xf,P300 R-Dynamic SE,33,52855.93939393939
2026-09-01,Mid Luxury Car,maserati,ghibli,334 Ultima,1,95698.0
2026-09-01,Mid Luxury Car,maserati,ghibli,Modena Q4,3,92313.66666666667
2026-09-01,Mid Luxury Car,maserati,ghibli,Modena Ultima Q4,13,107926.69230769231
2026-09-01,Mid Luxury Car,mercedes_benz,cle,AMG CLE 53,591,95321.68465195246
2026-09-01,Mid Luxury Car,mercedes_benz,cle,CLE 300,665,73983.40639097744
2026-09-01,Mid Luxury Car,mercedes_benz,cle,CLE 300 4MATIC,588,69702.19680272108
2026-09-01,Mid Luxury Car,mercedes_benz,cle,CLE 450,383,84346.25963350786
2026-09-01,Mid Luxury Car,mercedes_benz,cle,CLE 450 4MATIC,3,77938.0
2026-09-01,Mid Luxury Car,mercedes_benz,e_class,AMG E 53,501,108339.6315230461
2026-09-01,Mid Luxury Car,mercedes_benz,e_class,AMG E 53 E,296,111716.40118243243
2026-09-01,Mid Luxury Car,mercedes_benz,e_class,E 350,1605,73560.57881619938
2026-09-01,Mid Luxury Car,mercedes_benz,e_class,E 350 4MATIC,883,75924.47225368064
2026-09-01,Mid Luxury Car,mercedes_benz,e_class,E 450 4MATIC,898,85336.00895856663
2026-09-01,Mid Luxury Car,mercedes_benz,e_class,E 450 4MATIC All-Terrain,152,89945.17218543046
2026-09-01,Mid Luxury Car,volvo,s90,T8 Ultimate,2,68506.0
2026-09-01,Mid Luxury Car,volvo,s90,T8 Ultra,1,59493.0
2026-09-01,Mid Luxury Car,volvo,v90,B6 Ultra,1,77580.0
2026-09-01,Mid Luxury SUV,acura,mdx,Base,186,54327.05913978495
2026-09-01,Mid Luxury SUV,acura,mdx,SH-AWD,1024,56250.44281524927
2026-09-01,Mid Luxury SUV,acura,mdx,SH-AWD Type S w/Advance Package,2008,78284.25516893595
2026-09-01,Mid Luxury SUV,acura,mdx,SH-AWD w/A-SPEC,352,64814.89458689459
2026-09-01,Mid Luxury SUV,acura,mdx,SH-AWD w/Advance,96,68989.66292134831
2026-09-01,Mid Luxury SUV,acura,mdx,SH-AWD w/Platinum Elite w/A-Spec,73,71286.875
2026-09-01,Mid Luxury SUV,acura,mdx,SH-AWD w/Tech,2923,61590.304109589044
2026-09-01,Mid Luxury SUV,acura,mdx,Type S Advance Package,17,78386.25
2026-09-01,Mid Luxury SUV,acura,mdx,w/A-Spec Advance Package,1664,71209.25195901145
2026-09-01,Mid Luxury SUV,acura,mdx,w/A-Spec Package,1770,64727.73144475921
2026-09-01,Mid Luxury SUV,acura,mdx,w/Advance Package,2861,69118.48074229692
2026-09-01,Mid Luxury SUV,acura,mdx,w/Tech,8,57731.875
2026-09-01,Mid Luxury SUV,acura,mdx,w/Technology Package,1572,59736.91123882503
2026-09-01,Mid Luxury SUV,audi,q7,Premium,43,63433.604651162794
2026-09-01,Mid Luxury SUV,audi,q7,Premium Plus S line TFSI quattro tiptronic,65,72865.33846153846
2026-09-01,Mid Luxury SUV,audi,q7,Premium Plus TFSI quattro tiptronic,988,71726.59210526316
2026-09-01,Mid Luxury SUV,audi,q7,Premium S line TFSI quattro tiptronic,127,66665.14173228346
2026-09-01,Mid Luxury SUV,audi,q7,Prestige,51,78986.11764705883
2026-09-01,Mid Luxury SUV,audi,q7,Prestige 55 TFSI quattro tiptronic,460,79308.33695652174
2026-09-01,Mid Luxury SUV,audi,q7,quattro 55 TFSI,1,67999.0
2026-09-01,Mid Luxury SUV,audi,q7,quattro Premium 45 TFSI,690,61320.99275362319
2026-09-01,Mid Luxury SUV,audi,q7,quattro Premium 55 TFSI,8,65666.875
2026-09-01,Mid Luxury SUV,audi,q7,quattro Premium Plus 45 TFSI,785,64833.5949044586
2026-09-01,Mid Luxury SUV,audi,q7,quattro Premium Plus 55 TFSI,203,71116.79802955665
2026-09-01,Mid Luxury SUV,audi,q7,quattro Prestige 55 TFSI,3,74828.33333333333
2026-09-01,Mid Luxury SUV,audi,q7,quattro Progressiv 55 TFSI,13,75142.46153846153
2026-09-01,Mid Luxury SUV,audi,q7_sq7,4.0T quattro Premium Plus,135,98223.97037037037
2026-09-01,Mid Luxury SUV,audi,q7_sq7,4.0T quattro Prestige,119,108243.83193277312
2026-09-01,Mid Luxury SUV,audi,q7_sq7,Prestige,10,113121.0
2026-09-01,Mid Luxury SUV,bmw,x5,Competition,452,144008.3982300885
2026-09-01,Mid Luxury SUV,bmw,x5,M60i,1031,106174.68477206596
2026-09-01,Mid Luxury SUV,bmw,x5,sDrive40i,1967,79979.01576004067
2026-09-01,Mid Luxury SUV,bmw,x5,xDrive40i,5497,82662.93250864108
2026-09-01,Mid Luxury SUV,bmw,x5,xDrive50e,3426,87267.50175131348
2026-09-01,Mid Luxury SUV,bmw,x5_xdrive45e,Competition,168,149403.52976190476
2026-09-01,Mid Luxury SUV,bmw,x6,M60i,421,111023.32304038004
2026-09-01,Mid Luxury SUV,bmw,x6,xDrive40i,945,90237.97142857143
2026-09-01,Mid Luxury SUV,cadillac,xt5,Luxury,13,44693.07692307692
2026-09-01,Mid Luxury SUV,cadillac,xt5,Luxury AWD,426,48659.657276995305
2026-09-01,Mid Luxury SUV,cadillac,xt5,Luxury FWD,268,46450.34328358209
2026-09-01,Mid Luxury SUV,cadillac,xt5,Premium Luxury,63,53623.08064516129
2026-09-01,Mid Luxury SUV,cadillac,xt5,Premium Luxury AWD,1592,60109.21796482412
2026-09-01,Mid Luxury SUV,cadillac,xt5,Premium Luxury FWD,1549,58530.551323434476
2026-09-01,Mid Luxury SUV,cadillac,xt5,Sport,15,62838.666666666664
2026-09-01,Mid Luxury SUV,cadillac,xt5,Sport AWD,372,66277.58602150538
2026-09-01,Mid Luxury SUV,cadillac,xt6,Luxury,23,48821.217391304344
2026-09-01,Mid Luxury SUV,cadillac,xt6,Premium Luxury,15,61977.73333333333
2026-09-01,Mid Luxury SUV,cadillac,xt6,Sport,4,65360.5
2026-09-01,Mid Luxury SUV,genesis,gv80,2.5T,287,64256.770034843204
2026-09-01,Mid Luxury SUV,genesis,gv80,2.5T AWD,81,62201.79012345679
2026-09-01,Mid Luxury SUV,genesis,gv80,2.5T Advanced,850,71280.22941176471
2026-09-01,Mid Luxury SUV,genesis,gv80,2.5T Prestige,843,76145.87900355872
2026-09-01,Mid Luxury SUV,genesis,gv80,2.5T RWD,2,58423.0
2026-09-01,Mid Luxury SUV,genesis,gv80,2.5T Select,531,66783.18079096045
2026-09-01,Mid Luxury SUV,genesis,gv80,2.5T Standard,5,60124.6
2026-09-01,Mid Luxury SUV,genesis,gv80,2.5T Standard AWD,120,60245.816666666666
2026-09-01,Mid Luxury SUV,genesis,gv80,3.5T Advanced,569,78285.21089630932
2026-09-01,Mid Luxury SUV,genesis,gv80,3.5T Prestige,518,86835.62355212355
2026-09-01,Mid Luxury SUV,genesis,gv80,3.5T Prestige Black,80,87620.2375
2026-09-01,Mid Luxury SUV,genesis,gv80,3.5T Prestige Black AWD,560,84733.02321428571
2026-09-01,Mid Luxury SUV,genesis,gv80,3.5T Prestige Signature,1406,83790.61522048364
2026-09-01,Mid Luxury SUV,genesis,gv80_coupe,3.5T,23,82641.60869565218
2026-09-01,Mid Luxury SUV,genesis,gv80_coupe,3.5T E-SC,171,88400.01754385965
2026-09-01,Mid Luxury SUV,genesis,gv80_coupe,3.5T E-SC MHEV AWD,225,89111.53333333334
2026-09-01,Mid Luxury SUV,genesis,gv80_coupe,3.5T V6 AWD,2,82904.0
2026-09-01,Mid Luxury SUV,genesis,gv80_coupe,3.5T e-SC Prestige,230,92457.85217391304
2026-09-01,Mid Luxury SUV,genesis,gv80_coupe,3.5T e-SC Prestige Black,177,91900.62146892655
2026-09-01,Mid Luxury SUV,ineos,grenadier,1924 Limited Edition,94,86176.10112359551
2026-09-01,Mid Luxury SUV,ineos,grenadier,Base,12,82349.33333333333
2026-09-01,Mid Luxury SUV,ineos,grenadier,Fieldmaster,3,73765.0
2026-09-01,Mid Luxury SUV,ineos,grenadier,Fieldmaster Edition,654,88235.63580246913
2026-09-01,Mid Luxury SUV,ineos,grenadier,Trialmaster,1,79565.0
2026-09-01,Mid Luxury SUV,ineos,grenadier,Trialmaster Edition,219,91491.82547169812
2026-09-01,Mid Luxury SUV,infiniti,qx60,AUTOGRAPH AWD,16,65995.5
2026-09-01,Mid Luxury SUV,infiniti,qx60,Autograph,1290,68189.87131782946
2026-09-01,Mid Luxury SUV,infiniti,qx60,LUXE AWD,13,57617.769230769234
2026-09-01,Mid Luxury SUV,infiniti,qx60,Luxe,3177,57975.378029587664
2026-09-01,Mid Luxury SUV,infiniti,qx60,Pure,88,50977.65909090909
2026-09-01,Mid Luxury SUV,infiniti,qx60,SPORT,1405,62425.062633451955
2026-09-01,Mid Luxury SUV,infiniti,qx60,SPORT AWD,36,61898.416666666664
2026-09-01,Mid Luxury SUV,infiniti,qx60,Sensory,1,54325.0
2026-09-01,Mid Luxury SUV,infiniti,qx65,AUTOGRAPH,1239,66159.53672316384
2026-09-01,Mid Luxury SUV,infiniti,qx65,LUXE,243,56453.7037037037
2026-09-01,Mid Luxury SUV,infiniti,qx65,SPORT,1083,59457.46168051708
2026-09-01,Mid Luxury SUV,jaguar,f_pace,P250 R-Dynamic S,531,65975.77777777778
2026-09-01,Mid Luxury SUV,jaguar,f_pace,P400 R-Dynamic S,211,76947.61611374408
2026-09-01,Mid Luxury SUV,jaguar,f_pace,SVR 575 EDITION,24,99287.25
2026-09-01,Mid Luxury SUV,land_rover,defender,110 P300 S,1048,77003.63896848138
2026-09-01,Mid Luxury SUV,land_rover,defender,110 P400 S,1,80945.0
2026-09-01,Mid Luxury SUV,land_rover,defender,110 P400 X,2,92667.5
2026-09-01,Mid Luxury SUV,land_rover,defender,110 P400 X-Dynamic SE,1368,89741.30842490842
2026-09-01,Mid Luxury SUV,land_rover,defender,110 P500 X-Dynamic SE,103,114225.85436893204
2026-09-01,Mid Luxury SUV,land_rover,defender,110 V8 P500 SE,1,106113.0
2026-09-01,Mid Luxury SUV,land_rover,defender,110 V8 P525,97,127739.42268041238
2026-09-01,Mid Luxury SUV,land_rover,defender,130 P300 S,225,88017.11111111111
2026-09-01,Mid Luxury SUV,land_rover,defender,130 P400 S,3,86494.66666666667
2026-09-01,Mid Luxury SUV,land_rover,defender,130 P400 X,1,107716.0
2026-09-01,Mid Luxury SUV,land_rover,defender,130 P400 X-Dynamic SE,440,99821.77676537585
2026-09-01,Mid Luxury SUV,land_rover,defender,130 P500 V8,6,117003.66666666667
2026-09-01,Mid Luxury SUV,land_rover,defender,130 V8 P500,147,132709.7006802721
2026-09-01,Mid Luxury SUV,land_rover,defender,90 P400 X-Dynamic SE,48,83775.6170212766
2026-09-01,Mid Luxury SUV,land_rover,defender,OCTA,200,173449.15577889446
2026-09-01,Mid Luxury SUV,land_rover,defender,P300 S,10,77153.3
2026-09-01,Mid Luxury SUV,land_rover,defender,P400 Outbound,9,99476.11111111111
2026-09-01,Mid Luxury SUV,land_rover,defender,P400 Trophy Edition Deep Sandglow,38,97411.0
2026-09-01,Mid Luxury SUV,land_rover,defender,P400 Trophy Edition Keswick,79,97188.05128205128
2026-09-01,Mid Luxury SUV,land_rover,defender,P400 X,172,108357.62790697675
2026-09-01,Mid Luxury SUV,land_rover,defender,P400 X-Dynamic SE,13,92274.76923076923
2026-09-01,Mid Luxury SUV,land_rover,defender,P500 V8,1,133361.0
2026-09-01,Mid Luxury SUV,land_rover,defender,P500 X-Dynamic SE,1,115826.0
2026-09-01,Mid Luxury SUV,land_rover,defender,P525 V8,88,122304.07954545454
2026-09-01,Mid Luxury SUV,land_rover,defender,P635 OCTA,12,174361.91666666666
2026-09-01,Mid Luxury SUV,land_rover,defender,P635 OCTA Black,130,180041.83846153846
2026-09-01,Mid Luxury SUV,land_rover,defender,S,39,80010.1282051282
2026-09-01,Mid Luxury SUV,land_rover,defender,X,27,108064.14814814815
2026-09-01,Mid Luxury SUV,land_rover,defender,X-Dynamic SE,93,92396.09677419355
2026-09-01,Mid Luxury SUV,land_rover,discovery,Gemini Edition,219,80975.27397260274
2026-09-01,Mid Luxury SUV,land_rover,discovery,P300 Dynamic SE,278,74498.6582733813
2026-09-01,Mid Luxury SUV,land_rover,discovery,P300 S,243,68221.78189300411
2026-09-01,Mid Luxury SUV,land_rover,discovery,P360 Dynamic SE,14,72381.42857142857
2026-09-01,Mid Luxury SUV,land_rover,discovery,P360 Metropolitan,7,80439.57142857143
2026-09-01,Mid Luxury SUV,land_rover,discovery,Tempest Edition,32,89803.1875
2026-09-01,Mid Luxury SUV,land_rover,range_rover_velar,Autobiography,14,94348.0
2026-09-01,Mid Luxury SUV,land_rover,range_rover_velar,Belgravia Edition,553,74703.82640144665
2026-09-01,Mid Luxury SUV,land_rover,range_rover_velar,Belgravia Edition Satin,20,86546.95
2026-09-01,Mid Luxury SUV,land_rover,range_rover_velar,Dynamic SE,213,75718.50943396226
2026-09-01,Mid Luxury SUV,land_rover,range_rover_velar,P250 Dynamic SE,103,74651.40776699029
2026-09-01,Mid Luxury SUV,land_rover,range_rover_velar,P250 S,253,68903.8023715415
2026-09-01,Mid Luxury SUV,land_rover,range_rover_velar,P400 Autobiography,12,88055.5
2026-09-01,Mid Luxury SUV,land_rover,range_rover_velar,P400 Dynamic HSE,3,84888.0
2026-09-01,Mid Luxury SUV,land_rover,range_rover_velar,P400 Dynamic SE,25,78861.76
2026-09-01,Mid Luxury SUV,land_rover,range_rover_velar,S,308,68812.332247557
2026-09-01,Mid Luxury SUV,lexus,gx_series,Luxury+,191,89476.58115183246
2026-09-01,Mid Luxury SUV,lexus,gx_series,Overtrail+,73,85836.91780821918
2026-09-01,Mid Luxury SUV,lexus,gx_series,Premium+,142,77262.61971830986
2026-09-01,Mid Luxury SUV,lexus,rx_series,Base,36,60597.97222222222
2026-09-01,Mid Luxury SUV,lexus,rx_series,F SPORT Design,210,63686.80014285714
2026-09-01,Mid Luxury SUV,lexus,rx_series,F SPORT Handling,136,66130.44117647059
2026-09-01,Mid Luxury SUV,lexus,rx_series,F SPORT Performance,107,78623.3831775701
2026-09-01,Mid Luxury SUV,lexus,rx_series,Luxury,887,71752.67492655368
2026-09-01,Mid Luxury SUV,lexus,rx_series,Premium,628,63834.70724522294
2026-09-01,Mid Luxury SUV,lexus,rx_series,Premium+,2376,63667.04017255892
2026-09-01,Mid Luxury SUV,lexus,tx,F SPORT Handling,173,72828.24277456648
2026-09-01,Mid Luxury SUV,lexus,tx,F SPORT Performance Luxury,77,81259.35064935064
2026-09-01,Mid Luxury SUV,lexus,tx,F SPORT Performance Premium,771,76548.72762645915
2026-09-01,Mid Luxury SUV,lexus,tx,Luxury,581,74245.39676419964
2026-09-01,Mid Luxury SUV,lexus,tx,Premium,1796,66992.08296213808
2026-09-01,Mid Luxury SUV,lincoln,aviator,Black Label,283,89747.97173144876
2026-09-01,Mid Luxury SUV,lincoln,aviator,Livery,6,61222.5
2026-09-01,Mid Luxury SUV,lincoln,aviator,Premiere,1757,60775.17871371656
2026-09-01,Mid Luxury SUV,lincoln,aviator,Reserve,1906,73280.09129066108
2026-09-01,Mid Luxury SUV,lincoln,nautilus,Black Label,457,80573.70240700219
2026-09-01,Mid Luxury SUV,lincoln,nautilus,Premiere,3242,58278.29148673658
2026-09-01,Mid Luxury SUV,lincoln,nautilus,Reserve,2766,66902.51012292119
2026-09-01,Mid Luxury SUV,mercedes_benz,benz_amg_gle,4MATIC+,799,101437.93974968711
2026-09-01,Mid Luxury SUV,mercedes_benz,benz_amg_gle,S 4MATIC+,408,143148.8480392157
2026-09-01,Mid Luxury SUV,mercedes_benz,gle_class,4MATIC,292,83842.79948453608
2026-09-01,Mid Luxury SUV,mercedes_benz,gle_class,AMG GLE 53,423,102194.39007092199
2026-09-01,Mid Luxury SUV,mercedes_benz,gle_class,AMG GLE 63 S,196,142732.42857142858
2026-09-01,Mid Luxury SUV,mercedes_benz,gle_class,GLE 350,1086,73582.14640883978
2026-09-01,Mid Luxury SUV,mercedes_benz,gle_class,GLE 350 4MATIC,6152,75950.38751625488
2026-09-01,Mid Luxury SUV,mercedes_benz,gle_class,GLE 450 4MATIC,4356,83558.30546623794
2026-09-01,Mid Luxury SUV,mercedes_benz,gle_class,GLE 580 4MATIC,356,100188.80898876404
2026-09-01,Mid Luxury SUV,volvo,xc90,B5 Core,316,60502.42721518988
2026-09-01,Mid Luxury SUV,volvo,xc90,B5 Plus 6-Seater,19,66481.52631578948
2026-09-01,Mid Luxury SUV,volvo,xc90,B5 Plus 7-Seater,402,65170.73134328358
2026-09-01,Mid Luxury SUV,volvo,xc90,B5 Ultra 6-Seater,17,70631.76470588235
2026-09-01,Mid Luxury SUV,volvo,xc90,B5 Ultra 7-Seater,26,69247.76923076923
2026-09-01,Mid Luxury SUV,volvo,xc90,B6 Core,98,65220.336734693876
2026-09-01,Mid Luxury SUV,volvo,xc90,B6 Plus 6-Seater,198,70511.57070707071
2026-09-01,Mid Luxury SUV,volvo,xc90,B6 Plus 6P,210,72550.37619047619
2026-09-01,Mid Luxury SUV,volvo,xc90,B6 Plus 7-Seater,3163,68851.10970597534
2026-09-01,Mid Luxury SUV,volvo,xc90,B6 Plus 7P,10,66151.8
2026-09-01,Mid Luxury SUV,volvo,xc90,B6 Plus Bright Theme 7P,776,72397.82087628866
2026-09-01,Mid Luxury SUV,volvo,xc90,B6 Ultimate Bright Theme 7P,1,58814.0
2026-09-01,Mid Luxury SUV,volvo,xc90,B6 Ultra,5,70182.2
2026-09-01,Mid Luxury SUV,volvo,xc90,B6 Ultra 6-Seater,55,76157.21818181819
2026-09-01,Mid Luxury SUV,volvo,xc90,B6 Ultra 6P,34,77046.35294117648
2026-09-01,Mid Luxury SUV,volvo,xc90,B6 Ultra 7-Seater,1336,72082.59356287424
2026-09-01,Mid Luxury SUV,volvo,xc90,B6 Ultra 7P,2,72224.0
2026-09-01,Mid Luxury SUV,volvo,xc90,B6 Ultra Bright Theme 7P,175,78488.74857142857
2026-09-01,Mid Luxury SUV,volvo,xc90,B6 Ultra Dark Theme 6-Seater,110,75222.45454545454
2026-09-01,Mid Luxury SUV,volvo,xc90,B6 Ultra Dark Theme 7-Seater,464,74067.36637931035
2026-09-01,Mid Luxury SUV,volvo,xc90,Core,75,64168.52
2026-09-01,Mid Luxury SUV,volvo,xc90,"Core, B5 AWD Gas (mild hybrid), Gasoline, Bright",2,61863.5
2026-09-01,Mid Luxury SUV,volvo,xc90,Plus,27,68295.81481481482
2026-09-01,Mid Luxury SUV,volvo,xc90,"Plus, B5 AWD Gas (mild hybrid), Gasoline, Bright",4,64049.0
2026-09-01,Mid Luxury SUV,volvo,xc90,"Plus, B6 AWD Gas (mild hybrid), Gasoline, Bright",16,70546.5625
2026-09-01,Mid Luxury SUV,volvo,xc90,"Plus, T8 AWD, Electric/Gasoline, Bright, 7 Seats",26,79722.5
2026-09-01,Mid Luxury SUV,volvo,xc90,T8 Core,96,74970.0
2026-09-01,Mid Luxury SUV,volvo,xc90,T8 Core 7-Seater,6,67808.0
2026-09-01,Mid Luxury SUV,volvo,xc90,T8 Plus 6-Seater,148,80274.87837837837
2026-09-01,Mid Luxury SUV,volvo,xc90,T8 Plus 7-Seater,1572,79285.01526717558
2026-09-01,Mid Luxury SUV,volvo,xc90,T8 Plus Bright Theme 7P,4,68775.25
2026-09-01,Mid Luxury SUV,volvo,xc90,T8 Ultimate Bright Theme 7P,1,69575.0
2026-09-01,Mid Luxury SUV,volvo,xc90,T8 Ultra 6-Seater,133,85861.67669172933
2026-09-01,Mid Luxury SUV,volvo,xc90,T8 Ultra 7-Seater,1014,83821.17455621302
2026-09-01,Mid Luxury SUV,volvo,xc90,T8 Ultra 7P,3,74078.66666666667
2026-09-01,Mid Luxury SUV,volvo,xc90,T8 Ultra Dark Theme 6-Seater,126,85023.07142857143
2026-09-01,Mid Luxury SUV,volvo,xc90,T8 Ultra Dark Theme 7-Seater,268,85545.24253731343
2026-09-01,Mid Luxury SUV,volvo,xc90,Ultra Dark Theme,243,77726.11934156378
2026-09-01,Mid Luxury SUV,volvo,xc90,"Ultra Dark Theme, B6 AWD Gas (mild hybrid), Gaso",1,74170.0
2026-09-01,Mid Luxury SUV,volvo,xc90,"Ultra Dark Theme, T8 AWD, Electric/Gasoline, 7 S",5,87232.0
2026-09-01,Mid Luxury SUV,volvo,xc90,"Ultra, B6 AWD Gas (mild hybrid), Gasoline, Brigh",7,74466.14285714286
2026-09-01,Mid Luxury SUV,volvo,xc90,"Ultra, T8 AWD, Electric/Gasoline, Bright, 6 Seat",2,95444.5
2026-09-01,Mid Luxury SUV,volvo,xc90,"Ultra, T8 AWD, Electric/Gasoline, Bright, 7 Seat",14,84456.14285714286
2026-09-01,Near Luxury Car,acura,tlx,SH-AWD w/A-SPEC,3,52186.666666666664
2026-09-01,Near Luxury Car,acura,tlx,w/Tech,2,46075.0
2026-09-01,Near Luxury Car,alfa_romeo,giulia,Base,88,53498.34090909091
2026-09-01,Near Luxury Car,alfa_romeo,giulia,Quadrifoglio,1,89323.0
2026-09-01,Near Luxury Car,alfa_romeo,giulia,Special Edition AWD,1,48017.0
2026-09-01,Near Luxury Car,alfa_romeo,giulia,Sprint,30,44118.566666666666
2026-09-01,Near Luxury Car,alfa_romeo,giulia,Ti,3,47702.666666666664
2026-09-01,Near Luxury Car,audi,a5,Premium,61,53434.639344262294
2026-09-01,Near Luxury Car,audi,a5,Premium Plus,335,56626.3223880597
2026-09-01,Near Luxury Car,audi,a5,Premium Plus TFSI quattro S tronic,2307,55756.886432596446
2026-09-01,Near Luxury Car,audi,a5,Premium TFSI quattro S tronic,613,52441.32789559543
2026-09-01,Near Luxury Car,audi,a5,Prestige,60,59148.26666666667
2026-09-01,Near Luxury Car,audi,a5,Prestige TFSI quattro S tronic,330,57767.472727272725
2026-09-01,Near Luxury Car,audi,s5,Premium,1,64375.0
2026-09-01,Near Luxury Car,audi,s5,Premium Plus,176,70991.97159090909
2026-09-01,Near Luxury Car,audi,s5,Premium Plus TFSI quattro S tronic,1114,69773.93895870737
2026-09-01,Near Luxury Car,audi,s5,Premium TFSI quattro S tronic,19,64346.78947368421
2026-09-01,Near Luxury Car,audi,s5,Prestige,36,75361.22222222222
2026-09-01,Near Luxury Car,audi,s5,Prestige TFSI quattro S tronic,220,73382.03181818181
2026-09-01,Near Luxury Car,bmw,3_series,330i,749,55640.157543391186
2026-09-01,Near Luxury Car,bmw,3_series,330i NA,1285,55541.67626459144
2026-09-01,Near Luxury Car,bmw,3_series,330i NA xDrive,1450,57795.39172413793
2026-09-01,Near Luxury Car,bmw,3_series,330i xDrive,203,57182.45812807882
2026-09-01,Near Luxury Car,bmw,3_series,M340i NA,192,70147.82291666667
2026-09-01,Near Luxury Car,bmw,3_series,M340i NA xDrive,193,73070.86528497409
2026-09-01,Near Luxury Car,bmw,3_series,M340i xDrive,13,75977.76923076923
2026-09-01,Near Luxury Car,bmw,3_series,NA,755,55691.93907284768
2026-09-01,Near Luxury Car,bmw,3_series,xDrive,204,57827.50490196078
2026-09-01,Near Luxury Car,bmw,3_series,xDrive NA,1077,57815.32497678737
2026-09-01,Near Luxury Car,bmw,4_series,430i,570,63873.847561403505
2026-09-01,Near Luxury Car,bmw,4_series,430i xDrive,187,67812.70554347827
2026-09-01,Near Luxury Car,bmw,4_series,M440i,152,75536.10618421053
2026-09-01,Near Luxury Car,bmw,4_series,M440i Gran Coupe,76,72917.76315789473
2026-09-01,Near Luxury Car,bmw,4_series,M440i xDrive,84,79182.84071428572
2026-09-01,Near Luxury Car,bmw,4_series,i,75,73020.31333333334
2026-09-01,Near Luxury Car,bmw,4_series,i xDrive,88,76516.14204545454
2026-09-01,Near Luxury Car,bmw,4_series,xDrive,235,64043.63829787234
2026-09-01,Near Luxury Car,bmw,4_series_gran_coupe,xDrive,411,67605.40773722628
2026-09-01,Near Luxury Car,bmw,m3,Base,58,100024.4827586207
2026-09-01,Near Luxury Car,bmw,m3,Base (M6),3,97502.5
2026-09-01,Near Luxury Car,bmw,m3,Competition,32,95003.875
2026-09-01,Near Luxury Car,bmw,m3,Competition xDrive,140,104629.74285714286
2026-09-01,Near Luxury Car,bmw,m3,NA,39,70513.8717948718
2026-09-01,Near Luxury Car,bmw,m3,xDrive,3,74270.0
2026-09-01,Near Luxury Car,bmw,m3,xDrive NA,39,72574.2564102564
2026-09-01,Near Luxury Car,bmw,m4,Base,70,94725.65714285715
2026-09-01,Near Luxury Car,bmw,m4,Competition,217,106514.73732718894
2026-09-01,Near Luxury Car,bmw,m4,Competition xDrive,109,105740.2752293578
2026-09-01,Near Luxury Car,cadillac,ct5,Base,1,69578.0
2026-09-01,Near Luxury Car,cadillac,ct5,Premium Luxury,29,54372.206896551725
2026-09-01,Near Luxury Car,cadillac,ct5,Premium Luxury RWD,2039,55698.06669936243
2026-09-01,Near Luxury Car,cadillac,ct5,Sport,19,54319.36842105263
2026-09-01,Near Luxury Car,cadillac,ct5,Sport RWD,1635,57961.61957186544
2026-09-01,Near Luxury Car,cadillac,ct5,V-Series Blackwing RWD,80,131913.9875
2026-09-01,Near Luxury Car,cadillac,ct5,V-Series RWD,81,68409.98765432098
2026-09-01,Near Luxury Car,genesis,g70,2.5T,1,40220.0
2026-09-01,Near Luxury Car,genesis,g70,2.5T AWD,178,48027.59550561798
2026-09-01,Near Luxury Car,genesis,g70,2.5T AWD Prestige,4,52960.0
2026-09-01,Near Luxury Car,genesis,g70,2.5T Prestige,3,48985.333333333336
2026-09-01,Near Luxury Car,genesis,g70,2.5T RWD,279,46281.66308243728
2026-09-01,Near Luxury Car,genesis,g70,2.5T RWD Prestige,222,51090.27927927928
2026-09-01,Near Luxury Car,genesis,g70,2.5T Standard,19,43797.73684210526
2026-09-01,Near Luxury Car,genesis,g70,3.3T AWD Sport Prestige,796,56226.34296482412
2026-09-01,Near Luxury Car,genesis,g70,3.3T Prestige Graphite,221,60323.10859728507
2026-09-01,Near Luxury Car,genesis,g70,3.3T RWD Sport Prestige,574,56415.66898954704
2026-09-01,Near Luxury Car,genesis,g70,3.3T Sport Advanced,17,55093.35294117647
2026-09-01,Near Luxury Car,lexus,es_series,Base,2,50074.5
2026-09-01,Near Luxury Car,lexus,es_series,Luxury,140,62352.74285714285
2026-09-01,Near Luxury Car,lexus,es_series,Luxury AWD,49,63383.73469387755
2026-09-01,Near Luxury Car,lexus,es_series,Premium,1367,55212.10040965619
2026-09-01,Near Luxury Car,lexus,es_series,Premium AWD,1,54166.0
2026-09-01,Near Luxury Car,lexus,es_series,Premium+,542,58782.48339483395
2026-09-01,Near Luxury Car,lexus,is_series,F SPORT,1376,56712.00290697674
2026-09-01,Near Luxury Car,lexus,is_series,F SPORT Design,483,51309.78881987578
2026-09-01,Near Luxury Car,mercedes_benz,c_class,AMG C 43,372,75466.00810810812
2026-09-01,Near Luxury Car,mercedes_benz,c_class,AMG C 63 S E Performance,12,101748.91666666667
2026-09-01,Near Luxury Car,mercedes_benz,c_class,C 300,3289,56068.609911827305
2026-09-01,Near Luxury Car,mercedes_benz,c_class,C 300 4MATIC,3050,57911.173770491805
2026-09-01,Near Luxury Car,volvo,s60_v60,B5 Core Dark Theme,2,45317.5
2026-09-01,Near Luxury Car,volvo,s60_v60,B5 Plus,240,54801.066666666666
2026-09-01,Near Luxury Car,volvo,s60_v60,B5 Ultra,71,59103.605633802814
2026-09-01,Near Luxury Car,volvo,s60_v60,"Plus, B5 AWD Gas (mild hybrid)",6,54982.0
2026-09-01,Near Luxury Car,volvo,s60_v60,T8 Plus Dark Theme,1,58520.0
2026-09-01,Near Luxury Car,volvo,s60_v60,T8 Ultra,1,126900.0
2026-09-01,Near Luxury EV SUV,audi,q4_e_tron,Premium,1,61027.0
2026-09-01,Near Luxury EV SUV,audi,q4_e_tron,quattro Premium 55 TFSI,1,59375.0
2026-09-01,Near Luxury EV SUV,audi,q4_e_tron,quattro Premium Plus 55,1,55021.0
2026-09-01,Near Luxury EV SUV,audi,q4_e_tron,quattro Premium Plus 55 TFSI,1,55284.0
2026-09-01,Near Luxury EV SUV,cadillac,optiq,Luxury,688,55045.50290697674
2026-09-01,Near Luxury EV SUV,cadillac,optiq,Luxury 1 AWD,2,55435.0
2026-09-01,Near Luxury EV SUV,cadillac,optiq,Luxury 2 AWD,2,54874.5
2026-09-01,Near Luxury EV SUV,cadillac,optiq,OPTIQ-V,26,77394.73076923077
2026-09-01,Near Luxury EV SUV,cadillac,optiq,Premium Luxury,180,59562.25
2026-09-01,Near Luxury EV SUV,cadillac,optiq,Premium Sport,339,60381.83185840708
2026-09-01,Near Luxury EV SUV,cadillac,optiq,Sport,923,56249.61430119177
2026-09-01,Near Luxury EV SUV,cadillac,optiq,Sport 1 AWD,3,55950.333333333336
2026-09-01,Near Luxury EV SUV,cadillac,optiq,Sport 2 AWD,10,58708.2
2026-09-01,Near Luxury EV SUV,cadillac,optiq,V-Series,70,75943.97142857143
2026-09-01,Near Luxury EV SUV,genesis,gv70_ev,"19""""",32,61561.75
2026-09-01,Near Luxury EV SUV,genesis,gv70_ev,Advanced,3,72413.0
2026-09-01,Near Luxury EV SUV,genesis,gv70_ev,"Advanced 20""""",16,69463.5625
2026-09-01,Near Luxury EV SUV,genesis,gv70_ev,Base,3,70926.66666666667
2026-09-01,Near Luxury EV SUV,genesis,gv70_ev,"Prestige 20""""",33,74168.51515151515
2026-09-01,Near Luxury EV SUV,genesis,gv70_ev,Standard,6,68092.83333333333
2026-09-01,Near Luxury EV SUV,lexus,rz_series,F SPORT,36,61443.083333333336
2026-09-01,Near Luxury EV SUV,lexus,rz_series,Luxury,4,57587.25
2026-09-01,Near Luxury EV SUV,lexus,rz_series,Premium,235,52091.69158119658
2026-09-01,Near Luxury EV SUV,mercedes_benz,eqb,EQB 300 4MATIC,2,53971.5
2026-09-01,Near Luxury EV SUV,mercedes_benz,eqb,EQB 350 4MATIC,1,63245.0
2026-09-01,Near Luxury EV SUV,porsche,macan_electric,4S,42,110866.33333333333
2026-09-01,Near Luxury EV SUV,porsche,macan_electric,GTS,110,124396.79816513762
2026-09-01,Near Luxury SUV,acura,rdx,A-Spec,4,53459.666666666664
2026-09-01,Near Luxury SUV,acura,rdx,SH-AWD,10,46643.8
2026-09-01,Near Luxury SUV,acura,rdx,SH-AWD w/A-SPEC,19,51275.58823529412
2026-09-01,Near Luxury SUV,acura,rdx,SH-AWD w/Advance,5,54696.4
2026-09-01,Near Luxury SUV,acura,rdx,SH-AWD w/Advance w/A-SPEC,2,56693.5
2026-09-01,Near Luxury SUV,acura,rdx,SH-AWD w/Tech,9,50034.0
2026-09-01,Near Luxury SUV,acura,rdx,Technology,2,50463.0
2026-09-01,Near Luxury SUV,acura,rdx,w/A-Spec Advance Package,594,56935.89491525424
2026-09-01,Near Luxury SUV,acura,rdx,w/A-Spec Package,839,52633.6129032258
2026-09-01,Near Luxury SUV,acura,rdx,w/Advance Package,463,54706.40043763676
2026-09-01,Near Luxury SUV,acura,rdx,w/Technology Package,867,49665.463048498845
2026-09-01,Near Luxury SUV,alfa_romeo,stelvio,AWD,230,57820.01304347826
2026-09-01,Near Luxury SUV,alfa_romeo,stelvio,Base,25,48711.88
2026-09-01,Near Luxury SUV,alfa_romeo,stelvio,Quadrifoglio,10,83761.2
2026-09-01,Near Luxury SUV,alfa_romeo,stelvio,Quadrifoglio Carbon,1,91496.0
2026-09-01,Near Luxury SUV,alfa_romeo,stelvio,Sprint,37,50951.13513513513
2026-09-01,Near Luxury SUV,alfa_romeo,stelvio,Ti,1,37031.0
2026-09-01,Near Luxury SUV,audi,q5_sq5,2.0T,469,56392.609808102345
2026-09-01,Near Luxury SUV,audi,q5_sq5,2.0T Progressiv,8,63304.0
2026-09-01,Near Luxury SUV,audi,q5_sq5,2.0T Technik,4,65305.0
2026-09-01,Near Luxury SUV,audi,q5_sq5,Premium,160,55477.2875
2026-09-01,Near Luxury SUV,audi,q5_sq5,Premium Plus,342,59494.6783625731
2026-09-01,Near Luxury SUV,audi,q5_sq5,Premium Plus TFSI quattro S tronic,3151,58839.69089178039
2026-09-01,Near Luxury SUV,audi,q5_sq5,Premium TFSI quattro S tronic,1236,55436.63673139158
2026-09-01,Near Luxury SUV,audi,q5_sq5,Prestige,40,64567.675
2026-09-01,Near Luxury SUV,audi,q5_sq5,Prestige TFSI quattro S tronic,491,63302.51120162933
2026-09-01,Near Luxury SUV,audi,q5_sq5,quattro S line Prem Plus 45 TFSI,5,54342.8
2026-09-01,Near Luxury SUV,audi,sq5,3.0T quattro Premium Plus,1,68794.0
2026-09-01,Near Luxury SUV,audi,sq5,Premium Plus,264,72649.74621212122
2026-09-01,Near Luxury SUV,audi,sq5,Premium Plus TFSI quattro S tronic,1882,71718.76673751329
2026-09-01,Near Luxury SUV,audi,sq5,Premium TFSI quattro S tronic,15,67733.8
2026-09-01,Near Luxury SUV,audi,sq5,Presige TFSI quattro S tronic,302,75369.48344370861
2026-09-01,Near Luxury SUV,audi,sq5,Prestige,42,75868.73809523809
2026-09-01,Near Luxury SUV,bmw,ix3,50 xDrive,346,73650.15942028986
2026-09-01,Near Luxury SUV,bmw,x3,30 xDrive,11600,59991.136120689654
2026-09-01,Near Luxury SUV,bmw,x3,M40i,1,69683.0
2026-09-01,Near Luxury SUV,bmw,x3,M50 xDrive,993,75319.94964753273
2026-09-01,Near Luxury SUV,cadillac,xt4,Premium Luxury,2,43547.5
2026-09-01,Near Luxury SUV,cadillac,xt4,Sport,1,47890.0
2026-09-01,Near Luxury SUV,genesis,gv70,2.5T,728,51687.03708791209
2026-09-01,Near Luxury SUV,genesis,gv70,2.5T Advanced,2065,59471.5602905569
2026-09-01,Near Luxury SUV,genesis,gv70,2.5T Prestige,2,61930.0
2026-09-01,Near Luxury SUV,genesis,gv70,2.5T Select,956,54961.38284518829
2026-09-01,Near Luxury SUV,genesis,gv70,2.5T Sport Prestige,1459,62737.58944482522
2026-09-01,Near Luxury SUV,genesis,gv70,2.5T Standard,10,55107.1
2026-09-01,Near Luxury SUV,genesis,gv70,3.5T Prestige Graphite,439,75328.98405466971
2026-09-01,Near Luxury SUV,genesis,gv70,3.5T Sport,22,65915.5
2026-09-01,Near Luxury SUV,genesis,gv70,3.5T Sport Advanced,219,65505.47488584475
2026-09-01,Near Luxury SUV,genesis,gv70,3.5T Sport Prestige,1084,72251.13745387454
2026-09-01,Near Luxury SUV,infiniti,qx55,Essential,1,56749.0
2026-09-01,Near Luxury SUV,infiniti,qx55,Luxe,1,46626.0
2026-09-01,Near Luxury SUV,infiniti,qx55,Sensory,1,57924.0
2026-09-01,Near Luxury SUV,jaguar,e_pace,P250 R-Dynamic SE,6,52826.5
2026-09-01,Near Luxury SUV,land_rover,discovery_sport,Landmark,768,55353.950520833336
2026-09-01,Near Luxury SUV,land_rover,discovery_sport,P250 Dynamic SE,14,57815.5
2026-09-01,Near Luxury SUV,land_rover,discovery_sport,P250 S,41,50619.19512195122
2026-09-01,Near Luxury SUV,land_rover,range_rover_evoque,Hoxton Edition,286,62165.41608391608
2026-09-01,Near Luxury SUV,land_rover,range_rover_evoque,P250 Dynamic SE,63,61776.4126984127
2026-09-01,Near Luxury SUV,land_rover,range_rover_evoque,P250 S,641,57170.0828125
2026-09-01,Near Luxury SUV,lexus,nx_series,Base,456,55286.72350877193
2026-09-01,Near Luxury SUV,lexus,nx_series,F SPORT Handling,369,62877.96268292682
2026-09-01,Near Luxury SUV,lexus,nx_series,Luxury,852,60271.63002347419
2026-09-01,Near Luxury SUV,lexus,nx_series,Premium,1663,54816.019464822624
2026-09-01,Near Luxury SUV,maserati,grecale,Base,103,73178.93203883494
2026-09-01,Near Luxury SUV,maserati,grecale,Folgore,3,123983.66666666667
2026-09-01,Near Luxury SUV,maserati,grecale,GT,16,63245.0625
2026-09-01,Near Luxury SUV,maserati,grecale,Modena,388,91737.36082474227
2026-09-01,Near Luxury SUV,maserati,grecale,Trofeo,23,123018.0
2026-09-01,Near Luxury SUV,mercedes_benz,benz_amg_glc,4MATIC,126,87429.9512195122
2026-09-01,Near Luxury SUV,mercedes_benz,glb,AMG GLB 35,245,66579.51836734694
2026-09-01,Near Luxury SUV,mercedes_benz,glb,GLB 250,1604,51021.461970074815
2026-09-01,Near Luxury SUV,mercedes_benz,glb,GLB 250 4MATIC,1513,53571.40449438202
2026-09-01,Near Luxury SUV,mercedes_benz,glc_class,4MATIC,216,68160.68139534883
2026-09-01,Near Luxury SUV,mercedes_benz,glc_class,4MATIC SUV,626,60245.591054313096
2026-09-01,Near Luxury SUV,mercedes_benz,glc_class,AMG GLC 43,410,76365.85609756097
2026-09-01,Near Luxury SUV,mercedes_benz,glc_class,AMG GLC 53,161,88557.40372670807
2026-09-01,Near Luxury SUV,mercedes_benz,glc_class,GLC 300,9201,61270.4338371208
2026-09-01,Near Luxury SUV,mercedes_benz,glc_class,GLC 300 4MATIC,4287,60600.631443900165
2026-09-01,Near Luxury SUV,mercedes_benz,glc_class,GLC 350e,13,71191.0
2026-09-01,Near Luxury SUV,mercedes_benz,glc_class,GLC 350e 4MATIC,71,70129.66197183098
2026-09-01,Near Luxury SUV,porsche,macan,4 Electric,307,101922.79153094463
2026-09-01,Near Luxury SUV,porsche,macan,Base,2726,81933.21643433602
2026-09-01,Near Luxury SUV,porsche,macan,Electric,221,96700.95475113123
2026-09-01,Near Luxury SUV,porsche,macan,Electric Turbo,95,135186.82105263157
2026-09-01,Near Luxury SUV,porsche,macan,GTS,176,114793.77840909091
2026-09-01,Near Luxury SUV,porsche,macan,S,857,98759.79463243874
2026-09-01,Near Luxury SUV,porsche,macan,T,372,83848.58870967742
2026-09-01,Near Luxury SUV,porsche,macan,Turbo Electric,12,132041.58333333334
2026-09-01,Near Luxury SUV,volvo,xc60,B5 Core,403,50029.59801488834
2026-09-01,Near Luxury SUV,volvo,xc60,B5 Core Dark Theme,1,51125.0
2026-09-01,Near Luxury SUV,volvo,xc60,B5 Plus,2229,56271.72902646927
2026-09-01,Near Luxury SUV,volvo,xc60,B5 Ultra,942,62391.795116772824
2026-09-01,Near Luxury SUV,volvo,xc60,B5 Ultra Black Edition,258,64044.348837209305
2026-09-01,Near Luxury SUV,volvo,xc60,"Black Edition Ultra, T8 AWD Electric/Gasoline, D",1,75685.0
2026-09-01,Near Luxury SUV,volvo,xc60,Core,205,54151.70243902439
2026-09-01,Near Luxury SUV,volvo,xc60,Plus,426,59593.873239436616
2026-09-01,Near Luxury SUV,volvo,xc60,Plus Dark Theme,897,59550.02898550725
2026-09-01,Near Luxury SUV,volvo,xc60,"Plus, T8 AWD Electric/Gasoline, Dark",19,66439.31578947368
2026-09-01,Near Luxury SUV,volvo,xc60,T8 Core,91,60493.752808988764
2026-09-01,Near Luxury SUV,volvo,xc60,T8 Plus,710,66436.99014084507
2026-09-01,Near Luxury SUV,volvo,xc60,T8 Polestar Engineered,78,80663.82051282052
2026-09-01,Near Luxury SUV,volvo,xc60,T8 Ultra,571,72513.46935201401
2026-09-01,Near Luxury SUV,volvo,xc60,T8 Ultra Black Edition,185,74024.33513513513
2026-09-01,Near Luxury SUV,volvo,xc60,Ultra,388,65358.363402061856
2026-09-01,Near Luxury SUV,volvo,xc60,Ultra Dark Theme,430,67400.35813953489
2026-09-01,Near Luxury SUV,volvo,xc60,"Ultra, T8 AWD Electric/Gasoline, Dark",9,73207.66666666667
2026-09-01,Near Luxury SUV,volvo,xc60_recharge,T8 Polestar Engineered,1,68335.0
2026-09-01,Premium Luxury Car,audi,a8_s8,4.0T quattro,127,131444.42519685038
2026-09-01,Premium Luxury Car,audi,a8_s8,55 TFSI quattro Tiptronic,332,95237.28614457832
2026-09-01,Premium Luxury Car,bentley,flying_spur,Azure Hybrid,152,312981.82517482515
2026-09-01,Premium Luxury Car,bentley,flying_spur,Black Edition,5,292166.25
2026-09-01,Premium Luxury Car,bentley,flying_spur,Speed,7,336968.6666666667
2026-09-01,Premium Luxury Car,bentley,flying_spur,Speed First Edition,5,328411.25
2026-09-01,Premium Luxury Car,bmw,7_series,740i,297,110694.82154882155
2026-09-01,Premium Luxury Car,bmw,7_series,740i xDrive,257,118743.12840466926
2026-09-01,Premium Luxury Car,bmw,7_series,750e xDrive,361,121689.18282548476
2026-09-01,Premium Luxury Car,bmw,7_series,760i xDrive,127,138449.38582677164
2026-09-01,Premium Luxury Car,bmw,7_series,xDrive,229,125984.12458515284
2026-09-01,Premium Luxury Car,genesis,g90,3.5T,19,91874.21052631579
2026-09-01,Premium Luxury Car,genesis,g90,3.5T E-SC MHEV AWD,355,102120.18873239437
2026-09-01,Premium Luxury Car,genesis,g90,3.5T e-Supercharger,58,103281.3448275862
2026-09-01,Premium Luxury Car,genesis,g90,e-SC Prestige Black,121,105121.27272727272
2026-09-01,Premium Luxury Car,maserati,quattroporte,Modena Ultima Q4,2,120949.0
2026-09-01,Premium Luxury Car,mercedes_benz,s_class,AMG S 63 E Performance,195,210393.4358974359
2026-09-01,Premium Luxury Car,mercedes_benz,s_class,Maybach S 680,27,260099.59259259258
2026-09-01,Premium Luxury Car,mercedes_benz,s_class,Mercedes-Maybach S 580 4MATIC,46,220780.3260869565
2026-09-01,Premium Luxury Car,mercedes_benz,s_class,Mercedes-Maybach S 680 4MATIC,4,270565.25
2026-09-01,Premium Luxury Car,mercedes_benz,s_class,S 500,90,121920.7
2026-09-01,Premium Luxury Car,mercedes_benz,s_class,S 500 4MATIC,14,135682.35714285713
2026-09-01,Premium Luxury Car,mercedes_benz,s_class,S 580,399,147512.84848484848
2026-09-01,Premium Luxury Car,mercedes_benz,s_class,S 580 4MATIC,157,146664.63694267516
2026-09-01,Premium Luxury Car,mercedes_benz,s_class,S 580e 4MATIC,12,141089.75
2026-09-01,Premium Luxury Car,porsche,panamera,4,502,144702.69920318725
2026-09-01,Premium Luxury Car,porsche,panamera,4 E-Hybrid,5,153310.6
2026-09-01,Premium Luxury Car,porsche,panamera,4S,7,174357.2857142857
2026-09-01,Premium Luxury Car,porsche,panamera,Base,194,136878.27835051547
2026-09-01,Premium Luxury Car,porsche,panamera,GTS,63,193617.09523809524
2026-09-01,Premium Luxury Car,porsche,panamera,Turbo,4,245720.25
2026-09-01,Premium Luxury Car,rolls_royce,ghost,Base,13,430873.3
2026-09-01,Premium Luxury Car,rolls_royce,ghost,Black Badge,10,481186.7
2026-09-01,Premium Luxury Car,rolls_royce,phantom,Base,2,703911.5
